v_net_count,success_count,inservice_count,total_revenue,total_cost,total_time_revenue,total_time_cost,long_term_r2c_ratio,long_term_time_r2c_ratio,num_running_p_net_nodes,event_id,event_type,event_time,p_net_available_resource,p_net_node_available_resource,p_net_link_available_resource,p_net_node_resource_utilization,p_net_link_resource_utilization,v_net_id,v_net_lifetime,v_net_arrival_time,v_net_num_nodes,v_net_num_egdes,result,node_slots,link_paths,node_slots_info,link_paths_info,v_net_cost,v_net_revenue,v_net_demand,v_net_node_demand,v_net_link_demand,v_net_node_revenue,v_net_link_revenue,v_net_node_cost,v_net_link_cost,v_net_path_cost,v_net_r2c_ratio,v_net_time_cost,v_net_time_revenue,v_net_time_rc_ratio,description,v_net_total_hard_constraint_violation,v_net_single_step_constraint_offset,v_net_constraint_offsets,v_net_constraint_violations,v_net_single_step_violation_list,v_net_single_step_hard_constraint_offset,v_net_max_single_step_hard_constraint_violation,place_result,route_result,early_rejection,revoke_times,selected_actions,num_interactions,v_net_reward,solving_time,num_placed_nodes,num_routed_links
1,0,0,0.0,0.0,0.0,0.0,0.0,0.0,0,0,1,25.0,5305,727,4578,0.0,0.0,0,331.2160171223706,25.0,9,18,False,"{8: np.int64(28), 0: np.int64(20), 6: np.int64(29), 3: np.int64(21), 5: np.int64(30), 4: np.int64(22), 7: np.int64(25), 2: np.int64(23), 1: np.int64(15)}","{(0, 1): [(np.int64(20), 12), (12, 5), (5, 2), (2, 0), (0, 1), (1, 3), (3, 7), (7, np.int64(15))], (0, 2): [(np.int64(20), 12), (12, 5), (5, 2), (2, 0), (0, 1), (1, 3), (3, 7), (7, np.int64(23))], (0, 3): [(np.int64(20), 12), (12, 5), (5, 2), (2, 6), (6, 13), (13, np.int64(21))], (0, 4): [(np.int64(20), 12), (12, 5), (5, 2), (2, 6), (6, 14), (14, np.int64(22))], (0, 5): [(np.int64(20), 12), (12, 5), (5, 2), (2, 6), (6, 14), (14, np.int64(30))], (0, 6): [(np.int64(20), 12), (12, 5), (5, 2), (2, 6), (6, 13), (13, np.int64(29))], (1, 3): [(np.int64(15), 7), (7, 3), (3, 1), (1, 0), (0, 2), (2, 6), (6, 13), (13, np.int64(21))], (1, 5): [(np.int64(15), 7), (7, 3), (3, 1), (1, 0), (0, 2), (2, 6), (6, 14), (14, np.int64(30))], (1, 6): [(np.int64(15), 7), (7, 3), (3, 1), (1, 0), (0, 2), (2, 6), (6, 13), (13, np.int64(29))], (1, 7): [(np.int64(15), 7), (7, 3), (3, 1), (1, 4), (4, 9), (9, np.int64(25))], (1, 8): [(np.int64(15), 7), (7, 3), (3, 1), (1, 0), (0, 2), (2, 5), (5, 12), (12, np.int64(28))], (2, 7): []}","{(8, np.int64(28)): {'cpu': 13}, (0, np.int64(20)): {'cpu': 13}, (6, np.int64(29)): {'cpu': 16}, (3, np.int64(21)): {'cpu': 11}, (5, np.int64(30)): {'cpu': 14}, (4, np.int64(22)): {'cpu': 10}, (7, np.int64(25)): {'cpu': 4}, (2, np.int64(23)): {'cpu': 4}, (1, np.int64(15)): {'cpu': 0}}","{((0, 1), (np.int64(20), 12)): {'bw': 4}, ((0, 1), (12, 5)): {'bw': 4}, ((0, 1), (5, 2)): {'bw': 4}, ((0, 1), (2, 0)): {'bw': 4}, ((0, 1), (0, 1)): {'bw': 4}, ((0, 1), (1, 3)): {'bw': 4}, ((0, 1), (3, 7)): {'bw': 4}, ((0, 1), (7, np.int64(15))): {'bw': 4}, ((0, 2), (np.int64(20), 12)): {'bw': 29}, ((0, 2), (12, 5)): {'bw': 29}, ((0, 2), (5, 2)): {'bw': 29}, ((0, 2), (2, 0)): {'bw': 29}, ((0, 2), (0, 1)): {'bw': 29}, ((0, 2), (1, 3)): {'bw': 29}, ((0, 2), (3, 7)): {'bw': 29}, ((0, 2), (7, np.int64(23))): {'bw': 29}, ((0, 3), (np.int64(20), 12)): {'bw': 12}, ((0, 3), (12, 5)): {'bw': 12}, ((0, 3), (5, 2)): {'bw': 12}, ((0, 3), (2, 6)): {'bw': 12}, ((0, 3), (6, 13)): {'bw': 12}, ((0, 3), (13, np.int64(21))): {'bw': 12}, ((0, 4), (np.int64(20), 12)): {'bw': 18}, ((0, 4), (12, 5)): {'bw': 18}, ((0, 4), (5, 2)): {'bw': 18}, ((0, 4), (2, 6)): {'bw': 18}, ((0, 4), (6, 14)): {'bw': 18}, ((0, 4), (14, np.int64(22))): {'bw': 18}, ((0, 5), (np.int64(20), 12)): {'bw': 2}, ((0, 5), (12, 5)): {'bw': 2}, ((0, 5), (5, 2)): {'bw': 2}, ((0, 5), (2, 6)): {'bw': 2}, ((0, 5), (6, 14)): {'bw': 2}, ((0, 5), (14, np.int64(30))): {'bw': 2}, ((0, 6), (np.int64(20), 12)): {'bw': 24}, ((0, 6), (12, 5)): {'bw': 24}, ((0, 6), (5, 2)): {'bw': 24}, ((0, 6), (2, 6)): {'bw': 24}, ((0, 6), (6, 13)): {'bw': 24}, ((0, 6), (13, np.int64(29))): {'bw': 24}, ((1, 3), (np.int64(15), 7)): {'bw': 36}, ((1, 3), (7, 3)): {'bw': 36}, ((1, 3), (3, 1)): {'bw': 36}, ((1, 3), (1, 0)): {'bw': 36}, ((1, 3), (0, 2)): {'bw': 36}, ((1, 3), (2, 6)): {'bw': 36}, ((1, 3), (6, 13)): {'bw': 36}, ((1, 3), (13, np.int64(21))): {'bw': 36}, ((1, 5), (np.int64(15), 7)): {'bw': 24}, ((1, 5), (7, 3)): {'bw': 24}, ((1, 5), (3, 1)): {'bw': 24}, ((1, 5), (1, 0)): {'bw': 24}, ((1, 5), (0, 2)): {'bw': 24}, ((1, 5), (2, 6)): {'bw': 24}, ((1, 5), (6, 14)): {'bw': 24}, ((1, 5), (14, np.int64(30))): {'bw': 24}, ((1, 6), (np.int64(15), 7)): {'bw': 2}, ((1, 6), (7, 3)): {'bw': 2}, ((1, 6), (3, 1)): {'bw': 2}, ((1, 6), (1, 0)): {'bw': 2}, ((1, 6), (0, 2)): {'bw': 2}, ((1, 6), (2, 6)): {'bw': 2}, ((1, 6), (6, 13)): {'bw': 2}, ((1, 6), (13, np.int64(29))): {'bw': 2}, ((1, 7), (np.int64(15), 7)): {'bw': 2}, ((1, 7), (7, 3)): {'bw': 2}, ((1, 7), (3, 1)): {'bw': 2}, ((1, 7), (1, 4)): {'bw': 2}, ((1, 7), (4, 9)): {'bw': 2}, ((1, 7), (9, np.int64(25))): {'bw': 2}, ((1, 8), (np.int64(15), 7)): {'bw': 8}, ((1, 8), (7, 3)): {'bw': 8}, ((1, 8), (3, 1)): {'bw': 8}, ((1, 8), (1, 0)): {'bw': 8}, ((1, 8), (0, 2)): {'bw': 8}, ((1, 8), (2, 5)): {'bw': 8}, ((1, 8), (5, 12)): {'bw': 8}, ((1, 8), (12, np.int64(28))): {'bw': 8}}",0.0,0.0,170.0,85.0,350.0,0.0,0.0,0.0,0.0,0.0,0.0,0.0,0.0,0.0,Route Failure,12.0,"{'node_level': {}, 'link_level': {}, 'path_level': {}}","{'node_level': {8: {'cpu': -40}, 0: {'cpu': -35}, 6: {'cpu': -35}, 3: {'cpu': -31}, 5: {'cpu': -37}, 4: {'cpu': -26}, 7: {'cpu': -46}, 2: {'cpu': -56}, 1: {'cpu': -53}}, 'link_level': {(0, 1): {'bw': -104}, (0, 2): {'bw': -75}, (0, 3): {'bw': -72}, (0, 4): {'bw': -54}, (0, 5): {'bw': -52}, (0, 6): {'bw': -28}, (1, 3): {'bw': -38}, (1, 5): {'bw': -14}, (1, 6): {'bw': -12}, (1, 7): {'bw': -11}, (1, 8): {'bw': -3}, (2, 7): {'bw': 12}}, 'path_level': {(0, 1): {}, (0, 2): {}, (0, 3): {}, (0, 4): {}, (0, 5): {}, (0, 6): {}, (1, 3): {}, (1, 5): {}, (1, 6): {}, (1, 7): {}, (1, 8): {}, (2, 7): {}}}","{'node_level': {8: {'cpu': 0}, 0: {'cpu': 0}, 6: {'cpu': 0}, 3: {'cpu': 0}, 5: {'cpu': 0}, 4: {'cpu': 0}, 7: {'cpu': 0}, 2: {'cpu': 0}, 1: {'cpu': 0}}, 'link_level': {(0, 1): {'bw': 0}, (0, 2): {'bw': 0}, (0, 3): {'bw': 0}, (0, 4): {'bw': 0}, (0, 5): {'bw': 0}, (0, 6): {'bw': 0}, (1, 3): {'bw': 0}, (1, 5): {'bw': 0}, (1, 6): {'bw': 0}, (1, 7): {'bw': 0}, (1, 8): {'bw': 0}, (2, 7): {'bw': 12}}, 'path_level': {(0, 1): {}, (0, 2): {}, (0, 3): {}, (0, 4): {}, (0, 5): {}, (0, 6): {}, (1, 3): {}, (1, 5): {}, (1, 6): {}, (1, 7): {}, (1, 8): {}, (2, 7): {}}}",[],-inf,-inf,True,False,False,0,[],0,0.0,0.006417274475097656,9.0,12.0
2,0,0,0.0,0.0,0.0,0.0,0.0,0.0,0,1,1,49.0,5305,727,4578,0.0,0.0,1,259.7764327387954,49.0,7,11,False,"{6: np.int64(28), 5: np.int64(20), 1: np.int64(29), 4: np.int64(21), 0: np.int64(30), 3: np.int64(22), 2: np.int64(25)}","{(0, 6): [(np.int64(30), 14), (14, 6), (6, 2), (2, 5), (5, 12), (12, np.int64(28))], (1, 3): [(np.int64(29), 13), (13, 6), (6, 14), (14, np.int64(22))], (1, 4): [(np.int64(29), 13), (13, 21)], (1, 5): [(np.int64(29), 13), (13, 6), (6, 2), (2, 5), (5, 12), (12, np.int64(20))], (2, 3): [(np.int64(25), 9), (9, 4), (4, 1), (1, 0), (0, 2), (2, 6), (6, 14), (14, np.int64(22))], (2, 4): [(np.int64(25), 9), (9, 4), (4, 1), (1, 0), (0, 2), (2, 6), (6, 13), (13, np.int64(21))], (2, 6): [(np.int64(25), 9), (9, 4), (4, 1), (1, 0), (0, 2), (2, 5), (5, 12), (12, np.int64(28))], (3, 5): [(np.int64(22), 14), (14, 6), (6, 2), (2, 5), (5, 12), (12, np.int64(20))], (3, 6): [(np.int64(22), 14), (14, 6), (6, 2), (2, 5), (5, 12), (12, np.int64(28))], (4, 6): []}","{(6, np.int64(28)): {'cpu': 14}, (5, np.int64(20)): {'cpu': 14}, (1, np.int64(29)): {'cpu': 17}, (4, np.int64(21)): {'cpu': 14}, (0, np.int64(30)): {'cpu': 9}, (3, np.int64(22)): {'cpu': 1}, (2, np.int64(25)): {'cpu': 1}}","{((0, 6), (np.int64(30), 14)): {'bw': 15}, ((0, 6), (14, 6)): {'bw': 15}, ((0, 6), (6, 2)): {'bw': 15}, ((0, 6), (2, 5)): {'bw': 15}, ((0, 6), (5, 12)): {'bw': 15}, ((0, 6), (12, np.int64(28))): {'bw': 15}, ((1, 3), (np.int64(29), 13)): {'bw': 20}, ((1, 3), (13, 6)): {'bw': 20}, ((1, 3), (6, 14)): {'bw': 20}, ((1, 3), (14, np.int64(22))): {'bw': 20}, ((1, 4), (np.int64(29), 13)): {'bw': 14}, ((1, 4), (13, 21)): {'bw': 14}, ((1, 5), (np.int64(29), 13)): {'bw': 17}, ((1, 5), (13, 6)): {'bw': 17}, ((1, 5), (6, 2)): {'bw': 17}, ((1, 5), (2, 5)): {'bw': 17}, ((1, 5), (5, 12)): {'bw': 17}, ((1, 5), (12, np.int64(20))): {'bw': 17}, ((2, 3), (np.int64(25), 9)): {'bw': 9}, ((2, 3), (9, 4)): {'bw': 9}, ((2, 3), (4, 1)): {'bw': 9}, ((2, 3), (1, 0)): {'bw': 9}, ((2, 3), (0, 2)): {'bw': 9}, ((2, 3), (2, 6)): {'bw': 9}, ((2, 3), (6, 14)): {'bw': 9}, ((2, 3), (14, np.int64(22))): {'bw': 9}, ((2, 4), (np.int64(25), 9)): {'bw': 19}, ((2, 4), (9, 4)): {'bw': 19}, ((2, 4), (4, 1)): {'bw': 19}, ((2, 4), (1, 0)): {'bw': 19}, ((2, 4), (0, 2)): {'bw': 19}, ((2, 4), (2, 6)): {'bw': 19}, ((2, 4), (6, 13)): {'bw': 19}, ((2, 4), (13, np.int64(21))): {'bw': 19}, ((2, 6), (np.int64(25), 9)): {'bw': 36}, ((2, 6), (9, 4)): {'bw': 36}, ((2, 6), (4, 1)): {'bw': 36}, ((2, 6), (1, 0)): {'bw': 36}, ((2, 6), (0, 2)): {'bw': 36}, ((2, 6), (2, 5)): {'bw': 36}, ((2, 6), (5, 12)): {'bw': 36}, ((2, 6), (12, np.int64(28))): {'bw': 36}, ((3, 5), (np.int64(22), 14)): {'bw': 28}, ((3, 5), (14, 6)): {'bw': 28}, ((3, 5), (6, 2)): {'bw': 28}, ((3, 5), (2, 5)): {'bw': 28}, ((3, 5), (5, 12)): {'bw': 28}, ((3, 5), (12, np.int64(20))): {'bw': 28}, ((3, 6), (np.int64(22), 14)): {'bw': 34}, ((3, 6), (14, 6)): {'bw': 34}, ((3, 6), (6, 2)): {'bw': 34}, ((3, 6), (2, 5)): {'bw': 34}, ((3, 6), (5, 12)): {'bw': 34}, ((3, 6), (12, np.int64(28))): {'bw': 34}}",0.0,0.0,140.0,70.0,247.0,0.0,0.0,0.0,0.0,0.0,0.0,0.0,0.0,0.0,Route Failure,10.0,"{'node_level': {}, 'link_level': {}, 'path_level': {}}","{'node_level': {6: {'cpu': -39}, 5: {'cpu': -34}, 1: {'cpu': -34}, 4: {'cpu': -28}, 0: {'cpu': -42}, 3: {'cpu': -35}, 2: {'cpu': -49}}, 'link_level': {(0, 6): {'bw': -115}, (1, 3): {'bw': -107}, (1, 4): {'bw': -139}, (1, 5): {'bw': -98}, (2, 3): {'bw': -89}, (2, 4): {'bw': -70}, (2, 6): {'bw': -64}, (3, 5): {'bw': -36}, (3, 6): {'bw': -2}, (4, 6): {'bw': 8}}, 'path_level': {(0, 6): {}, (1, 3): {}, (1, 4): {}, (1, 5): {}, (2, 3): {}, (2, 4): {}, (2, 6): {}, (3, 5): {}, (3, 6): {}, (4, 6): {}}}","{'node_level': {6: {'cpu': 0}, 5: {'cpu': 0}, 1: {'cpu': 0}, 4: {'cpu': 0}, 0: {'cpu': 0}, 3: {'cpu': 0}, 2: {'cpu': 0}}, 'link_level': {(0, 6): {'bw': 0}, (1, 3): {'bw': 0}, (1, 4): {'bw': 0}, (1, 5): {'bw': 0}, (2, 3): {'bw': 0}, (2, 4): {'bw': 0}, (2, 6): {'bw': 0}, (3, 5): {'bw': 0}, (3, 6): {'bw': 0}, (4, 6): {'bw': 10}}, 'path_level': {(0, 6): {}, (1, 3): {}, (1, 4): {}, (1, 5): {}, (2, 3): {}, (2, 4): {}, (2, 6): {}, (3, 5): {}, (3, 6): {}, (4, 6): {}}}",[],-inf,-inf,True,False,False,0,[],0,0.0,0.0037887096405029297,7.0,10.0
3,1,1,108.0,394.0,163940.66372969837,598079.8287916774,0.27411167512690354,0.27411167512690354,3,2,1,70.0,4911,709,4202,0.024759284731774467,0.0821319353429445,2,1517.9691086083183,70.0,3,2,True,"{1: np.int64(28), 2: np.int64(20), 0: np.int64(29)}","{(0, 1): [(np.int64(29), 13), (13, 6), (6, 2), (2, 5), (5, 12), (12, np.int64(28))], (1, 2): [(np.int64(28), 12), (12, 20)]}","{(1, np.int64(28)): {'cpu': 15}, (2, np.int64(20)): {'cpu': 3}, (0, np.int64(29)): {'cpu': 0}}","{((0, 1), (np.int64(29), 13)): {'bw': 49}, ((0, 1), (13, 6)): {'bw': 49}, ((0, 1), (6, 2)): {'bw': 49}, ((0, 1), (2, 5)): {'bw': 49}, ((0, 1), (5, 12)): {'bw': 49}, ((0, 1), (12, np.int64(28))): {'bw': 49}, ((1, 2), (np.int64(28), 12)): {'bw': 41}, ((1, 2), (12, 20)): {'bw': 41}}",394.0,108.0,36.0,18.0,90.0,18.0,90.0,18.0,376.0,286.0,0.27411167512690354,598079.8287916774,163940.66372969837,416.0930551515187,Success,0.0,"{'node_level': {}, 'link_level': {}, 'path_level': {}}","{'node_level': {1: {'cpu': -38}, 2: {'cpu': -45}, 0: {'cpu': -51}}, 'link_level': {(0, 1): {'bw': -81}, (1, 2): {'bw': -76}}, 'path_level': {(0, 1): {}, (1, 2): {}}}","{'node_level': {1: {'cpu': 0}, 2: {'cpu': 0}, 0: {'cpu': 0}}, 'link_level': {(0, 1): {'bw': 0}, (1, 2): {'bw': 0}}, 'path_level': {(0, 1): {}, (1, 2): {}}}",[],-inf,-inf,True,True,False,0,[],0,0.0,0.001338958740234375,3.0,2.0
4,1,1,108.0,394.0,163940.66372969837,598079.8287916774,0.27411167512690354,0.27411167512690354,3,3,1,102.0,4911,709,4202,0.024759284731774467,0.0821319353429445,3,8.310489934272583,102.0,10,27,False,"{6: np.int64(25), 3: np.int64(17), 1: np.int64(18), 8: np.int64(26), 2: np.int64(23), 7: np.int64(15), 0: np.int64(16), 9: np.int64(24), 4: np.int64(21), 5: np.int64(30)}","{(0, 1): [(np.int64(16), 8), (8, 3), (3, 1), (1, 4), (4, 10), (10, np.int64(18))], (0, 3): [(np.int64(16), 8), (8, 3), (3, 1), (1, 4), (4, 9), (9, np.int64(17))], (0, 6): [(np.int64(16), 8), (8, 3), (3, 1), (1, 4), (4, 9), (9, np.int64(25))], (0, 7): [(np.int64(16), 8), (8, 3), (3, 7), (7, np.int64(15))], (0, 8): []}","{(6, np.int64(25)): {'cpu': 19}, (3, np.int64(17)): {'cpu': 18}, (1, np.int64(18)): {'cpu': 13}, (8, np.int64(26)): {'cpu': 15}, (2, np.int64(23)): {'cpu': 20}, (7, np.int64(15)): {'cpu': 4}, (0, np.int64(16)): {'cpu': 5}, (9, np.int64(24)): {'cpu': 6}, (4, np.int64(21)): {'cpu': 2}, (5, np.int64(30)): {'cpu': 2}}","{((0, 1), (np.int64(16), 8)): {'bw': 18}, ((0, 1), (8, 3)): {'bw': 18}, ((0, 1), (3, 1)): {'bw': 18}, ((0, 1), (1, 4)): {'bw': 18}, ((0, 1), (4, 10)): {'bw': 18}, ((0, 1), (10, np.int64(18))): {'bw': 18}, ((0, 3), (np.int64(16), 8)): {'bw': 48}, ((0, 3), (8, 3)): {'bw': 48}, ((0, 3), (3, 1)): {'bw': 48}, ((0, 3), (1, 4)): {'bw': 48}, ((0, 3), (4, 9)): {'bw': 48}, ((0, 3), (9, np.int64(17))): {'bw': 48}, ((0, 6), (np.int64(16), 8)): {'bw': 10}, ((0, 6), (8, 3)): {'bw': 10}, ((0, 6), (3, 1)): {'bw': 10}, ((0, 6), (1, 4)): {'bw': 10}, ((0, 6), (4, 9)): {'bw': 10}, ((0, 6), (9, np.int64(25))): {'bw': 10}, ((0, 7), (np.int64(16), 8)): {'bw': 40}, ((0, 7), (8, 3)): {'bw': 40}, ((0, 7), (3, 7)): {'bw': 40}, ((0, 7), (7, np.int64(15))): {'bw': 40}}",0.0,0.0,208.0,104.0,724.0,0.0,0.0,0.0,0.0,0.0,0.0,0.0,0.0,0.0,Route Failure,15.0,"{'node_level': {}, 'link_level': {}, 'path_level': {}}","{'node_level': {6: {'cpu': -31}, 3: {'cpu': -37}, 1: {'cpu': -25}, 8: {'cpu': -18}, 2: {'cpu': -40}, 7: {'cpu': -49}, 0: {'cpu': -48}, 9: {'cpu': -34}, 4: {'cpu': -40}, 5: {'cpu': -49}}, 'link_level': {(0, 1): {'bw': -114}, (0, 3): {'bw': -55}, (0, 6): {'bw': -56}, (0, 7): {'bw': -16}, (0, 8): {'bw': 15}}, 'path_level': {(0, 1): {}, (0, 3): {}, (0, 6): {}, (0, 7): {}, (0, 8): {}}}","{'node_level': {6: {'cpu': 0}, 3: {'cpu': 0}, 1: {'cpu': 0}, 8: {'cpu': 0}, 2: {'cpu': 0}, 7: {'cpu': 0}, 0: {'cpu': 0}, 9: {'cpu': 0}, 4: {'cpu': 0}, 5: {'cpu': 0}}, 'link_level': {(0, 1): {'bw': 0}, (0, 3): {'bw': 0}, (0, 6): {'bw': 0}, (0, 7): {'bw': 0}, (0, 8): {'bw': 15}}, 'path_level': {(0, 1): {}, (0, 3): {}, (0, 6): {}, (0, 7): {}, (0, 8): {}}}",[],-inf,-inf,True,False,False,0,[],0,0.0,0.003492116928100586,10.0,5.0
4,1,1,108.0,394.0,163940.66372969837,598079.8287916774,0.27411167512690354,0.27411167512690354,3,4,0,110.31048993427258,4911,709,4202,0.024759284731774467,0.0821319353429445,3,8.310489934272583,102.0,10,27,False,{},{},{},{},0.0,0.0,0.0,0.0,0.0,0.0,0.0,0.0,0.0,0.0,0.0,0.0,0.0,0.0,Leave Event,0.0,"{'node_level': {}, 'link_level': {}, 'path_level': {}}","{'node_level': {}, 'link_level': {}, 'path_level': {}}","{'node_level': {}, 'link_level': {}, 'path_level': {}}",[],-inf,-inf,True,True,False,0,[],0,0.0,,,
5,1,1,108.0,394.0,163940.66372969837,598079.8287916774,0.27411167512690354,0.27411167512690354,3,5,1,122.0,4911,709,4202,0.024759284731774467,0.0821319353429445,4,187.9773938487999,122.0,9,24,False,"{5: np.int64(25), 8: np.int64(17), 2: np.int64(18), 0: np.int64(26), 4: np.int64(23), 7: np.int64(15), 3: np.int64(16), 6: np.int64(24), 1: np.int64(21)}","{(0, 1): [(np.int64(26), 10), (10, 4), (4, 1), (1, 0), (0, 2), (2, 6), (6, 13), (13, np.int64(21))], (0, 2): [(np.int64(26), 10), (10, 18)], (0, 3): [(np.int64(26), 10), (10, 4), (4, 1), (1, 3), (3, 8), (8, np.int64(16))], (0, 5): [(np.int64(26), 10), (10, 4), (4, 9), (9, np.int64(25))], (0, 6): [(np.int64(26), 10), (10, 4), (4, 1), (1, 3), (3, 8), (8, np.int64(24))], (0, 7): [(np.int64(26), 10), (10, 4), (4, 1), (1, 3), (3, 7), (7, np.int64(15))], (0, 8): [(np.int64(26), 10), (10, 4), (4, 9), (9, np.int64(17))], (1, 3): [(np.int64(21), 13), (13, 6), (6, 2), (2, 0), (0, 1), (1, 3), (3, 8), (8, np.int64(16))], (1, 6): [(np.int64(21), 13), (13, 6), (6, 2), (2, 0), (0, 1), (1, 3), (3, 8), (8, np.int64(24))], (1, 8): [(np.int64(21), 13), (13, 6), (6, 2), (2, 0), (0, 1), (1, 4), (4, 9), (9, np.int64(17))], (2, 3): [(np.int64(18), 10), (10, 4), (4, 1), (1, 3), (3, 8), (8, np.int64(16))], (2, 4): [(np.int64(18), 10), (10, 4), (4, 1), (1, 3), (3, 7), (7, np.int64(23))], (2, 5): []}","{(5, np.int64(25)): {'cpu': 14}, (8, np.int64(17)): {'cpu': 16}, (2, np.int64(18)): {'cpu': 7}, (0, np.int64(26)): {'cpu': 5}, (4, np.int64(23)): {'cpu': 10}, (7, np.int64(15)): {'cpu': 5}, (3, np.int64(16)): {'cpu': 3}, (6, np.int64(24)): {'cpu': 3}, (1, np.int64(21)): {'cpu': 3}}","{((0, 1), (np.int64(26), 10)): {'bw': 3}, ((0, 1), (10, 4)): {'bw': 3}, ((0, 1), (4, 1)): {'bw': 3}, ((0, 1), (1, 0)): {'bw': 3}, ((0, 1), (0, 2)): {'bw': 3}, ((0, 1), (2, 6)): {'bw': 3}, ((0, 1), (6, 13)): {'bw': 3}, ((0, 1), (13, np.int64(21))): {'bw': 3}, ((0, 2), (np.int64(26), 10)): {'bw': 31}, ((0, 2), (10, 18)): {'bw': 31}, ((0, 3), (np.int64(26), 10)): {'bw': 7}, ((0, 3), (10, 4)): {'bw': 7}, ((0, 3), (4, 1)): {'bw': 7}, ((0, 3), (1, 3)): {'bw': 7}, ((0, 3), (3, 8)): {'bw': 7}, ((0, 3), (8, np.int64(16))): {'bw': 7}, ((0, 5), (np.int64(26), 10)): {'bw': 31}, ((0, 5), (10, 4)): {'bw': 31}, ((0, 5), (4, 9)): {'bw': 31}, ((0, 5), (9, np.int64(25))): {'bw': 31}, ((0, 6), (np.int64(26), 10)): {'bw': 22}, ((0, 6), (10, 4)): {'bw': 22}, ((0, 6), (4, 1)): {'bw': 22}, ((0, 6), (1, 3)): {'bw': 22}, ((0, 6), (3, 8)): {'bw': 22}, ((0, 6), (8, np.int64(24))): {'bw': 22}, ((0, 7), (np.int64(26), 10)): {'bw': 45}, ((0, 7), (10, 4)): {'bw': 45}, ((0, 7), (4, 1)): {'bw': 45}, ((0, 7), (1, 3)): {'bw': 45}, ((0, 7), (3, 7)): {'bw': 45}, ((0, 7), (7, np.int64(15))): {'bw': 45}, ((0, 8), (np.int64(26), 10)): {'bw': 19}, ((0, 8), (10, 4)): {'bw': 19}, ((0, 8), (4, 9)): {'bw': 19}, ((0, 8), (9, np.int64(17))): {'bw': 19}, ((1, 3), (np.int64(21), 13)): {'bw': 48}, ((1, 3), (13, 6)): {'bw': 48}, ((1, 3), (6, 2)): {'bw': 48}, ((1, 3), (2, 0)): {'bw': 48}, ((1, 3), (0, 1)): {'bw': 48}, ((1, 3), (1, 3)): {'bw': 48}, ((1, 3), (3, 8)): {'bw': 48}, ((1, 3), (8, np.int64(16))): {'bw': 48}, ((1, 6), (np.int64(21), 13)): {'bw': 6}, ((1, 6), (13, 6)): {'bw': 6}, ((1, 6), (6, 2)): {'bw': 6}, ((1, 6), (2, 0)): {'bw': 6}, ((1, 6), (0, 1)): {'bw': 6}, ((1, 6), (1, 3)): {'bw': 6}, ((1, 6), (3, 8)): {'bw': 6}, ((1, 6), (8, np.int64(24))): {'bw': 6}, ((1, 8), (np.int64(21), 13)): {'bw': 7}, ((1, 8), (13, 6)): {'bw': 7}, ((1, 8), (6, 2)): {'bw': 7}, ((1, 8), (2, 0)): {'bw': 7}, ((1, 8), (0, 1)): {'bw': 7}, ((1, 8), (1, 4)): {'bw': 7}, ((1, 8), (4, 9)): {'bw': 7}, ((1, 8), (9, np.int64(17))): {'bw': 7}, ((2, 3), (np.int64(18), 10)): {'bw': 10}, ((2, 3), (10, 4)): {'bw': 10}, ((2, 3), (4, 1)): {'bw': 10}, ((2, 3), (1, 3)): {'bw': 10}, ((2, 3), (3, 8)): {'bw': 10}, ((2, 3), (8, np.int64(16))): {'bw': 10}, ((2, 4), (np.int64(18), 10)): {'bw': 15}, ((2, 4), (10, 4)): {'bw': 15}, ((2, 4), (4, 1)): {'bw': 15}, ((2, 4), (1, 3)): {'bw': 15}, ((2, 4), (3, 7)): {'bw': 15}, ((2, 4), (7, np.int64(23))): {'bw': 15}}",0.0,0.0,132.0,66.0,498.0,0.0,0.0,0.0,0.0,0.0,0.0,0.0,0.0,0.0,Route Failure,18.0,"{'node_level': {}, 'link_level': {}, 'path_level': {}}","{'node_level': {5: {'cpu': -36}, 8: {'cpu': -39}, 2: {'cpu': -31}, 0: {'cpu': -28}, 4: {'cpu': -50}, 7: {'cpu': -48}, 3: {'cpu': -50}, 6: {'cpu': -37}, 1: {'cpu': -39}}, 'link_level': {(0, 1): {'bw': -78}, (0, 2): {'bw': -161}, (0, 3): {'bw': -125}, (0, 5): {'bw': -117}, (0, 6): {'bw': -95}, (0, 7): {'bw': -50}, (0, 8): {'bw': -31}, (1, 3): {'bw': -30}, (1, 6): {'bw': -24}, (1, 8): {'bw': -17}, (2, 3): {'bw': -18}, (2, 4): {'bw': -3}, (2, 5): {'bw': 18}}, 'path_level': {(0, 1): {}, (0, 2): {}, (0, 3): {}, (0, 5): {}, (0, 6): {}, (0, 7): {}, (0, 8): {}, (1, 3): {}, (1, 6): {}, (1, 8): {}, (2, 3): {}, (2, 4): {}, (2, 5): {}}}","{'node_level': {5: {'cpu': 0}, 8: {'cpu': 0}, 2: {'cpu': 0}, 0: {'cpu': 0}, 4: {'cpu': 0}, 7: {'cpu': 0}, 3: {'cpu': 0}, 6: {'cpu': 0}, 1: {'cpu': 0}}, 'link_level': {(0, 1): {'bw': 0}, (0, 2): {'bw': 0}, (0, 3): {'bw': 0}, (0, 5): {'bw': 0}, (0, 6): {'bw': 0}, (0, 7): {'bw': 0}, (0, 8): {'bw': 0}, (1, 3): {'bw': 0}, (1, 6): {'bw': 0}, (1, 8): {'bw': 0}, (2, 3): {'bw': 0}, (2, 4): {'bw': 0}, (2, 5): {'bw': 18}}, 'path_level': {(0, 1): {}, (0, 2): {}, (0, 3): {}, (0, 5): {}, (0, 6): {}, (0, 7): {}, (0, 8): {}, (1, 3): {}, (1, 6): {}, (1, 8): {}, (2, 3): {}, (2, 4): {}, (2, 5): {}}}",[],-inf,-inf,True,False,False,0,[],0,0.0,0.003504037857055664,9.0,13.0
6,1,1,108.0,394.0,163940.66372969837,598079.8287916774,0.27411167512690354,0.27411167512690354,3,6,1,144.0,4911,709,4202,0.024759284731774467,0.0821319353429445,5,2308.465490617315,144.0,10,14,False,"{3: np.int64(25), 7: np.int64(17), 2: np.int64(18), 4: np.int64(26), 5: np.int64(23), 0: np.int64(15), 1: np.int64(16), 9: np.int64(24), 6: np.int64(21), 8: np.int64(30)}","{(0, 4): [(np.int64(15), 7), (7, 3), (3, 1), (1, 4), (4, 10), (10, np.int64(26))], (0, 5): [(np.int64(15), 7), (7, 23)], (0, 6): [(np.int64(15), 7), (7, 3), (3, 1), (1, 0), (0, 2), (2, 6), (6, 13), (13, np.int64(21))], (1, 2): [(np.int64(16), 8), (8, 3), (3, 1), (1, 4), (4, 10), (10, np.int64(18))], (2, 3): [(np.int64(18), 10), (10, 4), (4, 9), (9, np.int64(25))], (2, 6): [(np.int64(18), 10), (10, 4), (4, 1), (1, 0), (0, 2), (2, 6), (6, 13), (13, np.int64(21))], (3, 4): [(np.int64(25), 9), (9, 4), (4, 10), (10, np.int64(26))], (3, 6): [(np.int64(25), 9), (9, 4), (4, 1), (1, 0), (0, 2), (2, 6), (6, 13), (13, np.int64(21))], (3, 9): [(np.int64(25), 9), (9, 4), (4, 1), (1, 3), (3, 8), (8, np.int64(24))], (4, 5): [(np.int64(26), 10), (10, 4), (4, 1), (1, 3), (3, 7), (7, np.int64(23))], (5, 6): [(np.int64(23), 7), (7, 3), (3, 1), (1, 0), (0, 2), (2, 6), (6, 13), (13, np.int64(21))], (5, 7): []}","{(3, np.int64(25)): {'cpu': 10}, (7, np.int64(17)): {'cpu': 16}, (2, np.int64(18)): {'cpu': 11}, (4, np.int64(26)): {'cpu': 8}, (5, np.int64(23)): {'cpu': 4}, (0, np.int64(15)): {'cpu': 5}, (1, np.int64(16)): {'cpu': 12}, (9, np.int64(24)): {'cpu': 3}, (6, np.int64(21)): {'cpu': 1}, (8, np.int64(30)): {'cpu': 18}}","{((0, 4), (np.int64(15), 7)): {'bw': 29}, ((0, 4), (7, 3)): {'bw': 29}, ((0, 4), (3, 1)): {'bw': 29}, ((0, 4), (1, 4)): {'bw': 29}, ((0, 4), (4, 10)): {'bw': 29}, ((0, 4), (10, np.int64(26))): {'bw': 29}, ((0, 5), (np.int64(15), 7)): {'bw': 36}, ((0, 5), (7, 23)): {'bw': 36}, ((0, 6), (np.int64(15), 7)): {'bw': 20}, ((0, 6), (7, 3)): {'bw': 20}, ((0, 6), (3, 1)): {'bw': 20}, ((0, 6), (1, 0)): {'bw': 20}, ((0, 6), (0, 2)): {'bw': 20}, ((0, 6), (2, 6)): {'bw': 20}, ((0, 6), (6, 13)): {'bw': 20}, ((0, 6), (13, np.int64(21))): {'bw': 20}, ((1, 2), (np.int64(16), 8)): {'bw': 12}, ((1, 2), (8, 3)): {'bw': 12}, ((1, 2), (3, 1)): {'bw': 12}, ((1, 2), (1, 4)): {'bw': 12}, ((1, 2), (4, 10)): {'bw': 12}, ((1, 2), (10, np.int64(18))): {'bw': 12}, ((2, 3), (np.int64(18), 10)): {'bw': 48}, ((2, 3), (10, 4)): {'bw': 48}, ((2, 3), (4, 9)): {'bw': 48}, ((2, 3), (9, np.int64(25))): {'bw': 48}, ((2, 6), (np.int64(18), 10)): {'bw': 5}, ((2, 6), (10, 4)): {'bw': 5}, ((2, 6), (4, 1)): {'bw': 5}, ((2, 6), (1, 0)): {'bw': 5}, ((2, 6), (0, 2)): {'bw': 5}, ((2, 6), (2, 6)): {'bw': 5}, ((2, 6), (6, 13)): {'bw': 5}, ((2, 6), (13, np.int64(21))): {'bw': 5}, ((3, 4), (np.int64(25), 9)): {'bw': 37}, ((3, 4), (9, 4)): {'bw': 37}, ((3, 4), (4, 10)): {'bw': 37}, ((3, 4), (10, np.int64(26))): {'bw': 37}, ((3, 6), (np.int64(25), 9)): {'bw': 33}, ((3, 6), (9, 4)): {'bw': 33}, ((3, 6), (4, 1)): {'bw': 33}, ((3, 6), (1, 0)): {'bw': 33}, ((3, 6), (0, 2)): {'bw': 33}, ((3, 6), (2, 6)): {'bw': 33}, ((3, 6), (6, 13)): {'bw': 33}, ((3, 6), (13, np.int64(21))): {'bw': 33}, ((3, 9), (np.int64(25), 9)): {'bw': 30}, ((3, 9), (9, 4)): {'bw': 30}, ((3, 9), (4, 1)): {'bw': 30}, ((3, 9), (1, 3)): {'bw': 30}, ((3, 9), (3, 8)): {'bw': 30}, ((3, 9), (8, np.int64(24))): {'bw': 30}, ((4, 5), (np.int64(26), 10)): {'bw': 23}, ((4, 5), (10, 4)): {'bw': 23}, ((4, 5), (4, 1)): {'bw': 23}, ((4, 5), (1, 3)): {'bw': 23}, ((4, 5), (3, 7)): {'bw': 23}, ((4, 5), (7, np.int64(23))): {'bw': 23}, ((5, 6), (np.int64(23), 7)): {'bw': 21}, ((5, 6), (7, 3)): {'bw': 21}, ((5, 6), (3, 1)): {'bw': 21}, ((5, 6), (1, 0)): {'bw': 21}, ((5, 6), (0, 2)): {'bw': 21}, ((5, 6), (2, 6)): {'bw': 21}, ((5, 6), (6, 13)): {'bw': 21}, ((5, 6), (13, np.int64(21))): {'bw': 21}}",0.0,0.0,176.0,88.0,348.0,0.0,0.0,0.0,0.0,0.0,0.0,0.0,0.0,0.0,Route Failure,92.0,"{'node_level': {}, 'link_level': {}, 'path_level': {}}","{'node_level': {3: {'cpu': -40}, 7: {'cpu': -39}, 2: {'cpu': -27}, 4: {'cpu': -25}, 5: {'cpu': -56}, 0: {'cpu': -48}, 1: {'cpu': -41}, 9: {'cpu': -37}, 6: {'cpu': -41}, 8: {'cpu': -33}}, 'link_level': {(0, 4): {'bw': -79}, (0, 5): {'bw': -80}, (0, 6): {'bw': -59}, (1, 2): {'bw': -95}, (2, 3): {'bw': -69}, (2, 6): {'bw': -56}, (3, 4): {'bw': -27}, (3, 6): {'bw': -23}, (3, 9): {'bw': -18}, (4, 5): {'bw': -4}, (5, 6): {'bw': -2}, (5, 7): {'bw': 30}}, 'path_level': {(0, 4): {}, (0, 5): {}, (0, 6): {}, (1, 2): {}, (2, 3): {}, (2, 6): {}, (3, 4): {}, (3, 6): {}, (3, 9): {}, (4, 5): {}, (5, 6): {}, (5, 7): {}}}","{'node_level': {3: {'cpu': 0}, 7: {'cpu': 0}, 2: {'cpu': 0}, 4: {'cpu': 0}, 5: {'cpu': 0}, 0: {'cpu': 0}, 1: {'cpu': 0}, 9: {'cpu': 0}, 6: {'cpu': 0}, 8: {'cpu': 0}}, 'link_level': {(0, 4): {'bw': 0}, (0, 5): {'bw': 0}, (0, 6): {'bw': 0}, (1, 2): {'bw': 0}, (2, 3): {'bw': 0}, (2, 6): {'bw': 0}, (3, 4): {'bw': 0}, (3, 6): {'bw': 0}, (3, 9): {'bw': 0}, (4, 5): {'bw': 0}, (5, 6): {'bw': 0}, (5, 7): {'bw': 92}}, 'path_level': {(0, 4): {}, (0, 5): {}, (0, 6): {}, (1, 2): {}, (2, 3): {}, (2, 6): {}, (3, 4): {}, (3, 6): {}, (3, 9): {}, (4, 5): {}, (5, 6): {}, (5, 7): {}}}",[],-inf,-inf,True,False,False,0,[],0,0.0,0.003729104995727539,10.0,12.0
7,2,2,213.0,595.0,277053.5168318132,814610.1475871543,0.35798319327731093,0.34010565379333374,7,7,1,172.0,4710,666,4044,0.08390646492434661,0.11664482306684143,6,1077.265267639189,172.0,4,4,True,"{0: np.int64(25), 3: np.int64(17), 1: np.int64(18), 2: np.int64(26)}","{(0, 1): [(np.int64(25), 9), (9, 4), (4, 10), (10, np.int64(18))], (0, 3): [(np.int64(25), 9), (9, 17)], (1, 2): [(np.int64(18), 10), (10, 26)], (2, 3): [(np.int64(26), 10), (10, 4), (4, 9), (9, np.int64(17))]}","{(0, np.int64(25)): {'cpu': 20}, (3, np.int64(17)): {'cpu': 14}, (1, np.int64(18)): {'cpu': 9}, (2, np.int64(26)): {'cpu': 0}}","{((0, 1), (np.int64(25), 9)): {'bw': 6}, ((0, 1), (9, 4)): {'bw': 6}, ((0, 1), (4, 10)): {'bw': 6}, ((0, 1), (10, np.int64(18))): {'bw': 6}, ((0, 3), (np.int64(25), 9)): {'bw': 20}, ((0, 3), (9, 17)): {'bw': 20}, ((1, 2), (np.int64(18), 10)): {'bw': 25}, ((1, 2), (10, 26)): {'bw': 25}, ((2, 3), (np.int64(26), 10)): {'bw': 11}, ((2, 3), (10, 4)): {'bw': 11}, ((2, 3), (4, 9)): {'bw': 11}, ((2, 3), (9, np.int64(17))): {'bw': 11}}",201.0,105.0,86.0,43.0,62.0,43.0,62.0,43.0,158.0,96.0,0.5223880597014925,216530.31879547698,113112.85310211485,562.750512945845,Success,0.0,"{'node_level': {}, 'link_level': {}, 'path_level': {}}","{'node_level': {0: {'cpu': -30}, 3: {'cpu': -41}, 1: {'cpu': -29}, 2: {'cpu': -33}}, 'link_level': {(0, 1): {'bw': -152}, (0, 3): {'bw': -83}, (1, 2): {'bw': -167}, (2, 3): {'bw': -72}}, 'path_level': {(0, 1): {}, (0, 3): {}, (1, 2): {}, (2, 3): {}}}","{'node_level': {0: {'cpu': 0}, 3: {'cpu': 0}, 1: {'cpu': 0}, 2: {'cpu': 0}}, 'link_level': {(0, 1): {'bw': 0}, (0, 3): {'bw': 0}, (1, 2): {'bw': 0}, (2, 3): {'bw': 0}}, 'path_level': {(0, 1): {}, (0, 3): {}, (1, 2): {}, (2, 3): {}}}",[],-inf,-inf,True,True,False,0,[],0,0.0,0.0016660690307617188,4.0,4.0
8,2,2,213.0,595.0,277053.5168318132,814610.1475871543,0.35798319327731093,0.34010565379333374,7,8,1,204.0,4710,666,4044,0.08390646492434661,0.11664482306684143,7,10.071946596146812,204.0,9,18,False,"{3: np.int64(23), 6: np.int64(15), 4: np.int64(16), 8: np.int64(24), 2: np.int64(21), 0: np.int64(30), 1: np.int64(29), 7: np.int64(22), 5: np.int64(19)}","{(0, 3): [(np.int64(30), 14), (14, 6), (6, 2), (2, 0), (0, 1), (1, 3), (3, 7), (7, np.int64(23))], (0, 4): [(np.int64(30), 14), (14, 6), (6, 2), (2, 0), (0, 1), (1, 3), (3, 8), (8, np.int64(16))], (0, 7): [(np.int64(30), 14), (14, 22)], (1, 3): []}","{(3, np.int64(23)): {'cpu': 10}, (6, np.int64(15)): {'cpu': 10}, (4, np.int64(16)): {'cpu': 12}, (8, np.int64(24)): {'cpu': 6}, (2, np.int64(21)): {'cpu': 12}, (0, np.int64(30)): {'cpu': 19}, (1, np.int64(29)): {'cpu': 2}, (7, np.int64(22)): {'cpu': 1}, (5, np.int64(19)): {'cpu': 0}}","{((0, 3), (np.int64(30), 14)): {'bw': 12}, ((0, 3), (14, 6)): {'bw': 12}, ((0, 3), (6, 2)): {'bw': 12}, ((0, 3), (2, 0)): {'bw': 12}, ((0, 3), (0, 1)): {'bw': 12}, ((0, 3), (1, 3)): {'bw': 12}, ((0, 3), (3, 7)): {'bw': 12}, ((0, 3), (7, np.int64(23))): {'bw': 12}, ((0, 4), (np.int64(30), 14)): {'bw': 34}, ((0, 4), (14, 6)): {'bw': 34}, ((0, 4), (6, 2)): {'bw': 34}, ((0, 4), (2, 0)): {'bw': 34}, ((0, 4), (0, 1)): {'bw': 34}, ((0, 4), (1, 3)): {'bw': 34}, ((0, 4), (3, 8)): {'bw': 34}, ((0, 4), (8, np.int64(16))): {'bw': 34}, ((0, 7), (np.int64(30), 14)): {'bw': 0}, ((0, 7), (14, 22)): {'bw': 0}}",0.0,0.0,144.0,72.0,546.0,0.0,0.0,0.0,0.0,0.0,0.0,0.0,0.0,0.0,Route Failure,12.0,"{'node_level': {}, 'link_level': {}, 'path_level': {}}","{'node_level': {3: {'cpu': -50}, 6: {'cpu': -43}, 4: {'cpu': -41}, 8: {'cpu': -34}, 2: {'cpu': -30}, 0: {'cpu': -32}, 1: {'cpu': -49}, 7: {'cpu': -35}, 5: {'cpu': -34}}, 'link_level': {(0, 3): {'bw': -69}, (0, 4): {'bw': -35}, (0, 7): {'bw': -102}, (1, 3): {'bw': 12}}, 'path_level': {(0, 3): {}, (0, 4): {}, (0, 7): {}, (1, 3): {}}}","{'node_level': {3: {'cpu': 0}, 6: {'cpu': 0}, 4: {'cpu': 0}, 8: {'cpu': 0}, 2: {'cpu': 0}, 0: {'cpu': 0}, 1: {'cpu': 0}, 7: {'cpu': 0}, 5: {'cpu': 0}}, 'link_level': {(0, 3): {'bw': 0}, (0, 4): {'bw': 0}, (0, 7): {'bw': 0}, (1, 3): {'bw': 12}}, 'path_level': {(0, 3): {}, (0, 4): {}, (0, 7): {}, (1, 3): {}}}",[],-inf,-inf,True,False,False,0,[],0,0.0,0.0033369064331054688,9.0,4.0
8,2,2,213.0,595.0,277053.5168318132,814610.1475871543,0.35798319327731093,0.34010565379333374,7,9,0,214.0719465961468,4710,666,4044,0.08390646492434661,0.11664482306684143,7,10.071946596146812,204.0,9,18,False,{},{},{},{},0.0,0.0,0.0,0.0,0.0,0.0,0.0,0.0,0.0,0.0,0.0,0.0,0.0,0.0,Leave Event,0.0,"{'node_level': {}, 'link_level': {}, 'path_level': {}}","{'node_level': {}, 'link_level': {}, 'path_level': {}}","{'node_level': {}, 'link_level': {}, 'path_level': {}}",[],-inf,-inf,True,True,False,0,[],0,0.0,,,
9,2,2,213.0,595.0,277053.5168318132,814610.1475871543,0.35798319327731093,0.34010565379333374,7,10,1,225.0,4710,666,4044,0.08390646492434661,0.11664482306684143,8,54.23558363605139,225.0,9,18,False,"{5: np.int64(23), 7: np.int64(15), 0: np.int64(16), 6: np.int64(24), 1: np.int64(21), 4: np.int64(30), 8: np.int64(29), 3: np.int64(22), 2: np.int64(19)}","{(0, 1): [(np.int64(16), 8), (8, 3), (3, 1), (1, 0), (0, 2), (2, 6), (6, 13), (13, np.int64(21))], (0, 2): [(np.int64(16), 8), (8, 3), (3, 1), (1, 0), (0, 2), (2, 5), (5, 11), (11, np.int64(19))], (0, 6): [(np.int64(16), 8), (8, 24)], (0, 7): [(np.int64(16), 8), (8, 3), (3, 7), (7, np.int64(15))], (1, 2): [(np.int64(21), 13), (13, 6), (6, 2), (2, 5), (5, 11), (11, np.int64(19))], (1, 4): [(np.int64(21), 13), (13, 6), (6, 14), (14, np.int64(30))], (1, 5): []}","{(5, np.int64(23)): {'cpu': 19}, (7, np.int64(15)): {'cpu': 20}, (0, np.int64(16)): {'cpu': 17}, (6, np.int64(24)): {'cpu': 16}, (1, np.int64(21)): {'cpu': 11}, (4, np.int64(30)): {'cpu': 12}, (8, np.int64(29)): {'cpu': 1}, (3, np.int64(22)): {'cpu': 1}, (2, np.int64(19)): {'cpu': 0}}","{((0, 1), (np.int64(16), 8)): {'bw': 45}, ((0, 1), (8, 3)): {'bw': 45}, ((0, 1), (3, 1)): {'bw': 45}, ((0, 1), (1, 0)): {'bw': 45}, ((0, 1), (0, 2)): {'bw': 45}, ((0, 1), (2, 6)): {'bw': 45}, ((0, 1), (6, 13)): {'bw': 45}, ((0, 1), (13, np.int64(21))): {'bw': 45}, ((0, 2), (np.int64(16), 8)): {'bw': 32}, ((0, 2), (8, 3)): {'bw': 32}, ((0, 2), (3, 1)): {'bw': 32}, ((0, 2), (1, 0)): {'bw': 32}, ((0, 2), (0, 2)): {'bw': 32}, ((0, 2), (2, 5)): {'bw': 32}, ((0, 2), (5, 11)): {'bw': 32}, ((0, 2), (11, np.int64(19))): {'bw': 32}, ((0, 6), (np.int64(16), 8)): {'bw': 7}, ((0, 6), (8, 24)): {'bw': 7}, ((0, 7), (np.int64(16), 8)): {'bw': 7}, ((0, 7), (8, 3)): {'bw': 7}, ((0, 7), (3, 7)): {'bw': 7}, ((0, 7), (7, np.int64(15))): {'bw': 7}, ((1, 2), (np.int64(21), 13)): {'bw': 9}, ((1, 2), (13, 6)): {'bw': 9}, ((1, 2), (6, 2)): {'bw': 9}, ((1, 2), (2, 5)): {'bw': 9}, ((1, 2), (5, 11)): {'bw': 9}, ((1, 2), (11, np.int64(19))): {'bw': 9}, ((1, 4), (np.int64(21), 13)): {'bw': 3}, ((1, 4), (13, 6)): {'bw': 3}, ((1, 4), (6, 14)): {'bw': 3}, ((1, 4), (14, np.int64(30))): {'bw': 3}}",0.0,0.0,194.0,97.0,398.0,0.0,0.0,0.0,0.0,0.0,0.0,0.0,0.0,0.0,Route Failure,33.0,"{'node_level': {}, 'link_level': {}, 'path_level': {}}","{'node_level': {5: {'cpu': -41}, 7: {'cpu': -33}, 0: {'cpu': -36}, 6: {'cpu': -24}, 1: {'cpu': -31}, 4: {'cpu': -39}, 8: {'cpu': -50}, 3: {'cpu': -35}, 2: {'cpu': -34}}, 'link_level': {(0, 1): {'bw': -36}, (0, 2): {'bw': -55}, (0, 6): {'bw': -48}, (0, 7): {'bw': -41}, (1, 2): {'bw': -27}, (1, 4): {'bw': -34}, (1, 5): {'bw': 20}}, 'path_level': {(0, 1): {}, (0, 2): {}, (0, 6): {}, (0, 7): {}, (1, 2): {}, (1, 4): {}, (1, 5): {}}}","{'node_level': {5: {'cpu': 0}, 7: {'cpu': 0}, 0: {'cpu': 0}, 6: {'cpu': 0}, 1: {'cpu': 0}, 4: {'cpu': 0}, 8: {'cpu': 0}, 3: {'cpu': 0}, 2: {'cpu': 0}}, 'link_level': {(0, 1): {'bw': 0}, (0, 2): {'bw': 0}, (0, 6): {'bw': 0}, (0, 7): {'bw': 0}, (1, 2): {'bw': 0}, (1, 4): {'bw': 0}, (1, 5): {'bw': 33}}, 'path_level': {(0, 1): {}, (0, 2): {}, (0, 6): {}, (0, 7): {}, (1, 2): {}, (1, 4): {}, (1, 5): {}}}",[],-inf,-inf,True,False,False,0,[],0,0.0,0.003432750701904297,9.0,7.0
10,2,2,213.0,595.0,277053.5168318132,814610.1475871543,0.35798319327731093,0.34010565379333374,7,11,1,256.0,4710,666,4044,0.08390646492434661,0.11664482306684143,9,49.40249433470425,256.0,9,17,False,"{7: np.int64(23), 1: np.int64(15), 3: np.int64(16), 0: np.int64(24), 5: np.int64(21), 2: np.int64(30), 6: np.int64(29), 4: np.int64(22), 8: np.int64(19)}","{(0, 1): [(np.int64(24), 8), (8, 3), (3, 7), (7, np.int64(15))], (0, 5): [(np.int64(24), 8), (8, 3), (3, 1), (1, 0), (0, 2), (2, 6), (6, 13), (13, np.int64(21))], (0, 6): [(np.int64(24), 8), (8, 3), (3, 1), (1, 0), (0, 2), (2, 6), (6, 13), (13, np.int64(29))], (0, 7): [(np.int64(24), 8), (8, 3), (3, 7), (7, np.int64(23))], (1, 4): [(np.int64(15), 7), (7, 3), (3, 1), (1, 0), (0, 2), (2, 6), (6, 14), (14, np.int64(22))], (1, 5): [(np.int64(15), 7), (7, 3), (3, 1), (1, 0), (0, 2), (2, 6), (6, 13), (13, np.int64(21))], (1, 7): [(np.int64(15), 7), (7, 23)], (1, 8): [(np.int64(15), 7), (7, 3), (3, 1), (1, 0), (0, 2), (2, 5), (5, 11), (11, np.int64(19))], (2, 3): []}","{(7, np.int64(23)): {'cpu': 14}, (1, np.int64(15)): {'cpu': 16}, (3, np.int64(16)): {'cpu': 10}, (0, np.int64(24)): {'cpu': 16}, (5, np.int64(21)): {'cpu': 14}, (2, np.int64(30)): {'cpu': 10}, (6, np.int64(29)): {'cpu': 10}, (4, np.int64(22)): {'cpu': 5}, (8, np.int64(19)): {'cpu': 6}}","{((0, 1), (np.int64(24), 8)): {'bw': 2}, ((0, 1), (8, 3)): {'bw': 2}, ((0, 1), (3, 7)): {'bw': 2}, ((0, 1), (7, np.int64(15))): {'bw': 2}, ((0, 5), (np.int64(24), 8)): {'bw': 33}, ((0, 5), (8, 3)): {'bw': 33}, ((0, 5), (3, 1)): {'bw': 33}, ((0, 5), (1, 0)): {'bw': 33}, ((0, 5), (0, 2)): {'bw': 33}, ((0, 5), (2, 6)): {'bw': 33}, ((0, 5), (6, 13)): {'bw': 33}, ((0, 5), (13, np.int64(21))): {'bw': 33}, ((0, 6), (np.int64(24), 8)): {'bw': 0}, ((0, 6), (8, 3)): {'bw': 0}, ((0, 6), (3, 1)): {'bw': 0}, ((0, 6), (1, 0)): {'bw': 0}, ((0, 6), (0, 2)): {'bw': 0}, ((0, 6), (2, 6)): {'bw': 0}, ((0, 6), (6, 13)): {'bw': 0}, ((0, 6), (13, np.int64(29))): {'bw': 0}, ((0, 7), (np.int64(24), 8)): {'bw': 40}, ((0, 7), (8, 3)): {'bw': 40}, ((0, 7), (3, 7)): {'bw': 40}, ((0, 7), (7, np.int64(23))): {'bw': 40}, ((1, 4), (np.int64(15), 7)): {'bw': 38}, ((1, 4), (7, 3)): {'bw': 38}, ((1, 4), (3, 1)): {'bw': 38}, ((1, 4), (1, 0)): {'bw': 38}, ((1, 4), (0, 2)): {'bw': 38}, ((1, 4), (2, 6)): {'bw': 38}, ((1, 4), (6, 14)): {'bw': 38}, ((1, 4), (14, np.int64(22))): {'bw': 38}, ((1, 5), (np.int64(15), 7)): {'bw': 4}, ((1, 5), (7, 3)): {'bw': 4}, ((1, 5), (3, 1)): {'bw': 4}, ((1, 5), (1, 0)): {'bw': 4}, ((1, 5), (0, 2)): {'bw': 4}, ((1, 5), (2, 6)): {'bw': 4}, ((1, 5), (6, 13)): {'bw': 4}, ((1, 5), (13, np.int64(21))): {'bw': 4}, ((1, 7), (np.int64(15), 7)): {'bw': 24}, ((1, 7), (7, 23)): {'bw': 24}, ((1, 8), (np.int64(15), 7)): {'bw': 15}, ((1, 8), (7, 3)): {'bw': 15}, ((1, 8), (3, 1)): {'bw': 15}, ((1, 8), (1, 0)): {'bw': 15}, ((1, 8), (0, 2)): {'bw': 15}, ((1, 8), (2, 5)): {'bw': 15}, ((1, 8), (5, 11)): {'bw': 15}, ((1, 8), (11, np.int64(19))): {'bw': 15}}",0.0,0.0,202.0,101.0,401.0,0.0,0.0,0.0,0.0,0.0,0.0,0.0,0.0,0.0,Route Failure,42.0,"{'node_level': {}, 'link_level': {}, 'path_level': {}}","{'node_level': {7: {'cpu': -46}, 1: {'cpu': -37}, 3: {'cpu': -43}, 0: {'cpu': -24}, 5: {'cpu': -28}, 2: {'cpu': -41}, 6: {'cpu': -41}, 4: {'cpu': -31}, 8: {'cpu': -28}}, 'link_level': {(0, 1): {'bw': -106}, (0, 5): {'bw': -48}, (0, 6): {'bw': -48}, (0, 7): {'bw': -53}, (1, 4): {'bw': -10}, (1, 5): {'bw': -6}, (1, 7): {'bw': -69}, (1, 8): {'bw': -9}, (2, 3): {'bw': 42}}, 'path_level': {(0, 1): {}, (0, 5): {}, (0, 6): {}, (0, 7): {}, (1, 4): {}, (1, 5): {}, (1, 7): {}, (1, 8): {}, (2, 3): {}}}","{'node_level': {7: {'cpu': 0}, 1: {'cpu': 0}, 3: {'cpu': 0}, 0: {'cpu': 0}, 5: {'cpu': 0}, 2: {'cpu': 0}, 6: {'cpu': 0}, 4: {'cpu': 0}, 8: {'cpu': 0}}, 'link_level': {(0, 1): {'bw': 0}, (0, 5): {'bw': 0}, (0, 6): {'bw': 0}, (0, 7): {'bw': 0}, (1, 4): {'bw': 0}, (1, 5): {'bw': 0}, (1, 7): {'bw': 0}, (1, 8): {'bw': 0}, (2, 3): {'bw': 42}}, 'path_level': {(0, 1): {}, (0, 5): {}, (0, 6): {}, (0, 7): {}, (1, 4): {}, (1, 5): {}, (1, 7): {}, (1, 8): {}, (2, 3): {}}}",[],-inf,-inf,True,False,False,0,[],0,0.0,0.0033159255981445312,9.0,9.0
10,2,2,213.0,595.0,277053.5168318132,814610.1475871543,0.35798319327731093,0.34010565379333374,7,12,0,279.2355836360514,4710,666,4044,0.08390646492434661,0.11664482306684143,8,54.23558363605139,225.0,9,18,False,{},{},{},{},0.0,0.0,0.0,0.0,0.0,0.0,0.0,0.0,0.0,0.0,0.0,0.0,0.0,0.0,Leave Event,0.0,"{'node_level': {}, 'link_level': {}, 'path_level': {}}","{'node_level': {}, 'link_level': {}, 'path_level': {}}","{'node_level': {}, 'link_level': {}, 'path_level': {}}",[],-inf,-inf,True,True,False,0,[],0,0.0,,,
11,2,2,213.0,595.0,277053.5168318132,814610.1475871543,0.35798319327731093,0.34010565379333374,7,13,1,286.0,4710,666,4044,0.08390646492434661,0.11664482306684143,10,154.48508204832453,286.0,10,22,False,"{1: np.int64(23), 4: np.int64(15), 8: np.int64(16), 7: np.int64(24), 6: np.int64(21), 5: np.int64(30), 0: np.int64(29), 3: np.int64(22), 9: np.int64(19), 2: np.int64(26)}","{(0, 1): [(np.int64(29), 13), (13, 6), (6, 2), (2, 0), (0, 1), (1, 3), (3, 7), (7, np.int64(23))], (0, 2): [(np.int64(29), 13), (13, 6), (6, 2), (2, 0), (0, 1), (1, 4), (4, 10), (10, np.int64(26))], (0, 3): []}","{(1, np.int64(23)): {'cpu': 13}, (4, np.int64(15)): {'cpu': 12}, (8, np.int64(16)): {'cpu': 12}, (7, np.int64(24)): {'cpu': 15}, (6, np.int64(21)): {'cpu': 9}, (5, np.int64(30)): {'cpu': 7}, (0, np.int64(29)): {'cpu': 5}, (3, np.int64(22)): {'cpu': 11}, (9, np.int64(19)): {'cpu': 1}, (2, np.int64(26)): {'cpu': 1}}","{((0, 1), (np.int64(29), 13)): {'bw': 49}, ((0, 1), (13, 6)): {'bw': 49}, ((0, 1), (6, 2)): {'bw': 49}, ((0, 1), (2, 0)): {'bw': 49}, ((0, 1), (0, 1)): {'bw': 49}, ((0, 1), (1, 3)): {'bw': 49}, ((0, 1), (3, 7)): {'bw': 49}, ((0, 1), (7, np.int64(23))): {'bw': 49}, ((0, 2), (np.int64(29), 13)): {'bw': 21}, ((0, 2), (13, 6)): {'bw': 21}, ((0, 2), (6, 2)): {'bw': 21}, ((0, 2), (2, 0)): {'bw': 21}, ((0, 2), (0, 1)): {'bw': 21}, ((0, 2), (1, 4)): {'bw': 21}, ((0, 2), (4, 10)): {'bw': 21}, ((0, 2), (10, np.int64(26))): {'bw': 21}}",0.0,0.0,172.0,86.0,630.0,0.0,0.0,0.0,0.0,0.0,0.0,0.0,0.0,0.0,Route Failure,9.0,"{'node_level': {}, 'link_level': {}, 'path_level': {}}","{'node_level': {1: {'cpu': -47}, 4: {'cpu': -41}, 8: {'cpu': -41}, 7: {'cpu': -25}, 6: {'cpu': -33}, 5: {'cpu': -44}, 0: {'cpu': -46}, 3: {'cpu': -25}, 9: {'cpu': -33}, 2: {'cpu': -32}}, 'link_level': {(0, 1): {'bw': -32}, (0, 2): {'bw': -11}, (0, 3): {'bw': 9}}, 'path_level': {(0, 1): {}, (0, 2): {}, (0, 3): {}}}","{'node_level': {1: {'cpu': 0}, 4: {'cpu': 0}, 8: {'cpu': 0}, 7: {'cpu': 0}, 6: {'cpu': 0}, 5: {'cpu': 0}, 0: {'cpu': 0}, 3: {'cpu': 0}, 9: {'cpu': 0}, 2: {'cpu': 0}}, 'link_level': {(0, 1): {'bw': 0}, (0, 2): {'bw': 0}, (0, 3): {'bw': 9}}, 'path_level': {(0, 1): {}, (0, 2): {}, (0, 3): {}}}",[],-inf,-inf,True,False,False,0,[],0,0.0,0.0033211708068847656,10.0,3.0
11,2,2,213.0,595.0,277053.5168318132,814610.1475871543,0.35798319327731093,0.34010565379333374,7,14,0,305.4024943347043,4710,666,4044,0.08390646492434661,0.11664482306684143,9,49.40249433470425,256.0,9,17,False,{},{},{},{},0.0,0.0,0.0,0.0,0.0,0.0,0.0,0.0,0.0,0.0,0.0,0.0,0.0,0.0,Leave Event,0.0,"{'node_level': {}, 'link_level': {}, 'path_level': {}}","{'node_level': {}, 'link_level': {}, 'path_level': {}}","{'node_level': {}, 'link_level': {}, 'path_level': {}}",[],-inf,-inf,True,True,False,0,[],0,0.0,,,
11,2,2,213.0,595.0,277053.5168318132,814610.1475871543,0.35798319327731093,0.34010565379333374,7,15,0,308.7764327387954,4710,666,4044,0.08390646492434661,0.11664482306684143,1,259.7764327387954,49.0,7,11,False,{},{},{},{},0.0,0.0,0.0,0.0,0.0,0.0,0.0,0.0,0.0,0.0,0.0,0.0,0.0,0.0,Leave Event,0.0,"{'node_level': {}, 'link_level': {}, 'path_level': {}}","{'node_level': {}, 'link_level': {}, 'path_level': {}}","{'node_level': {}, 'link_level': {}, 'path_level': {}}",[],-inf,-inf,True,True,False,0,[],0,0.0,,,
11,2,2,213.0,595.0,277053.5168318132,814610.1475871543,0.35798319327731093,0.34010565379333374,7,16,0,309.9773938487999,4710,666,4044,0.08390646492434661,0.11664482306684143,4,187.9773938487999,122.0,9,24,False,{},{},{},{},0.0,0.0,0.0,0.0,0.0,0.0,0.0,0.0,0.0,0.0,0.0,0.0,0.0,0.0,Leave Event,0.0,"{'node_level': {}, 'link_level': {}, 'path_level': {}}","{'node_level': {}, 'link_level': {}, 'path_level': {}}","{'node_level': {}, 'link_level': {}, 'path_level': {}}",[],-inf,-inf,True,True,False,0,[],0,0.0,,,
12,2,2,213.0,595.0,277053.5168318132,814610.1475871543,0.35798319327731093,0.34010565379333374,7,17,1,312.0,4710,666,4044,0.08390646492434661,0.11664482306684143,11,108.42400887346996,312.0,6,6,False,"{0: np.int64(23), 1: np.int64(15), 2: np.int64(16), 3: np.int64(24), 4: np.int64(21), 5: np.int64(30)}","{(0, 2): [(np.int64(23), 7), (7, 3), (3, 8), (8, np.int64(16))], (0, 4): [(np.int64(23), 7), (7, 3), (3, 1), (1, 0), (0, 2), (2, 6), (6, 13), (13, np.int64(21))], (0, 5): [(np.int64(23), 7), (7, 3), (3, 1), (1, 0), (0, 2), (2, 6), (6, 14), (14, np.int64(30))], (1, 4): [(np.int64(15), 7), (7, 3), (3, 1), (1, 0), (0, 2), (2, 6), (6, 13), (13, np.int64(21))], (2, 3): [(np.int64(16), 8), (8, 24)], (2, 5): []}","{(0, np.int64(23)): {'cpu': 18}, (1, np.int64(15)): {'cpu': 10}, (2, np.int64(16)): {'cpu': 4}, (3, np.int64(24)): {'cpu': 13}, (4, np.int64(21)): {'cpu': 2}, (5, np.int64(30)): {'cpu': 0}}","{((0, 2), (np.int64(23), 7)): {'bw': 25}, ((0, 2), (7, 3)): {'bw': 25}, ((0, 2), (3, 8)): {'bw': 25}, ((0, 2), (8, np.int64(16))): {'bw': 25}, ((0, 4), (np.int64(23), 7)): {'bw': 22}, ((0, 4), (7, 3)): {'bw': 22}, ((0, 4), (3, 1)): {'bw': 22}, ((0, 4), (1, 0)): {'bw': 22}, ((0, 4), (0, 2)): {'bw': 22}, ((0, 4), (2, 6)): {'bw': 22}, ((0, 4), (6, 13)): {'bw': 22}, ((0, 4), (13, np.int64(21))): {'bw': 22}, ((0, 5), (np.int64(23), 7)): {'bw': 1}, ((0, 5), (7, 3)): {'bw': 1}, ((0, 5), (3, 1)): {'bw': 1}, ((0, 5), (1, 0)): {'bw': 1}, ((0, 5), (0, 2)): {'bw': 1}, ((0, 5), (2, 6)): {'bw': 1}, ((0, 5), (6, 14)): {'bw': 1}, ((0, 5), (14, np.int64(30))): {'bw': 1}, ((1, 4), (np.int64(15), 7)): {'bw': 40}, ((1, 4), (7, 3)): {'bw': 40}, ((1, 4), (3, 1)): {'bw': 40}, ((1, 4), (1, 0)): {'bw': 40}, ((1, 4), (0, 2)): {'bw': 40}, ((1, 4), (2, 6)): {'bw': 40}, ((1, 4), (6, 13)): {'bw': 40}, ((1, 4), (13, np.int64(21))): {'bw': 40}, ((2, 3), (np.int64(16), 8)): {'bw': 27}, ((2, 3), (8, 24)): {'bw': 27}}",0.0,0.0,94.0,47.0,163.0,0.0,0.0,0.0,0.0,0.0,0.0,0.0,0.0,0.0,Route Failure,30.0,"{'node_level': {}, 'link_level': {}, 'path_level': {}}","{'node_level': {0: {'cpu': -42}, 1: {'cpu': -43}, 2: {'cpu': -49}, 3: {'cpu': -27}, 4: {'cpu': -40}, 5: {'cpu': -51}}, 'link_level': {(0, 2): {'bw': -83}, (0, 4): {'bw': -59}, (0, 5): {'bw': -58}, (1, 4): {'bw': -18}, (2, 3): {'bw': -80}, (2, 5): {'bw': 30}}, 'path_level': {(0, 2): {}, (0, 4): {}, (0, 5): {}, (1, 4): {}, (2, 3): {}, (2, 5): {}}}","{'node_level': {0: {'cpu': 0}, 1: {'cpu': 0}, 2: {'cpu': 0}, 3: {'cpu': 0}, 4: {'cpu': 0}, 5: {'cpu': 0}}, 'link_level': {(0, 2): {'bw': 0}, (0, 4): {'bw': 0}, (0, 5): {'bw': 0}, (1, 4): {'bw': 0}, (2, 3): {'bw': 0}, (2, 5): {'bw': 30}}, 'path_level': {(0, 2): {}, (0, 4): {}, (0, 5): {}, (1, 4): {}, (2, 3): {}, (2, 5): {}}}",[],-inf,-inf,True,False,False,0,[],0,0.0,0.0025081634521484375,6.0,6.0
13,3,3,321.0,912.0,304112.93303776626,894034.5451546275,0.3519736842105263,0.3401579219572198,11,18,1,329.0,4393,631,3762,0.13204951856946356,0.17824377457404983,12,250.55015005512072,329.0,4,3,True,"{3: np.int64(23), 0: np.int64(15), 1: np.int64(16), 2: np.int64(24)}","{(0, 2): [(np.int64(15), 7), (7, 3), (3, 8), (8, np.int64(24))], (0, 3): [(np.int64(15), 7), (7, 23)], (1, 3): [(np.int64(16), 8), (8, 3), (3, 7), (7, np.int64(23))]}","{(3, np.int64(23)): {'cpu': 13}, (0, np.int64(15)): {'cpu': 10}, (1, np.int64(16)): {'cpu': 12}, (2, np.int64(24)): {'cpu': 0}}","{((0, 2), (np.int64(15), 7)): {'bw': 36}, ((0, 2), (7, 3)): {'bw': 36}, ((0, 2), (3, 8)): {'bw': 36}, ((0, 2), (8, np.int64(24))): {'bw': 36}, ((0, 3), (np.int64(15), 7)): {'bw': 5}, ((0, 3), (7, 23)): {'bw': 5}, ((1, 3), (np.int64(16), 8)): {'bw': 32}, ((1, 3), (8, 3)): {'bw': 32}, ((1, 3), (3, 7)): {'bw': 32}, ((1, 3), (7, np.int64(23))): {'bw': 32}}",317.0,108.0,70.0,35.0,73.0,35.0,73.0,35.0,282.0,209.0,0.34069400630914826,79424.39756747326,27059.41620595304,85.36093440363734,Success,0.0,"{'node_level': {}, 'link_level': {}, 'path_level': {}}","{'node_level': {3: {'cpu': -47}, 0: {'cpu': -43}, 1: {'cpu': -41}, 2: {'cpu': -40}}, 'link_level': {(0, 2): {'bw': -72}, (0, 3): {'bw': -104}, (1, 3): {'bw': -40}}, 'path_level': {(0, 2): {}, (0, 3): {}, (1, 3): {}}}","{'node_level': {3: {'cpu': 0}, 0: {'cpu': 0}, 1: {'cpu': 0}, 2: {'cpu': 0}}, 'link_level': {(0, 2): {'bw': 0}, (0, 3): {'bw': 0}, (1, 3): {'bw': 0}}, 'path_level': {(0, 2): {}, (0, 3): {}, (1, 3): {}}}",[],-inf,-inf,True,True,False,0,[],0,0.0,0.0016300678253173828,4.0,3.0
14,3,3,321.0,912.0,304112.93303776626,894034.5451546275,0.3519736842105263,0.3401579219572198,11,19,1,355.0,4393,631,3762,0.13204951856946356,0.17824377457404983,13,779.0220261466006,355.0,8,13,False,"{2: np.int64(21), 7: np.int64(29), 6: np.int64(30), 3: np.int64(22), 0: np.int64(19), 1: np.int64(27), 5: np.int64(26), 4: np.int64(18)}","{(0, 2): [(np.int64(19), 11), (11, 5), (5, 2), (2, 6), (6, 13), (13, np.int64(21))], (0, 3): [(np.int64(19), 11), (11, 5), (5, 2), (2, 6), (6, 14), (14, np.int64(22))], (0, 4): [(np.int64(19), 11), (11, 5), (5, 2), (2, 0), (0, 1), (1, 4), (4, 10), (10, np.int64(18))], (1, 2): []}","{(2, np.int64(21)): {'cpu': 15}, (7, np.int64(29)): {'cpu': 8}, (6, np.int64(30)): {'cpu': 7}, (3, np.int64(22)): {'cpu': 6}, (0, np.int64(19)): {'cpu': 5}, (1, np.int64(27)): {'cpu': 13}, (5, np.int64(26)): {'cpu': 10}, (4, np.int64(18)): {'cpu': 1}}","{((0, 2), (np.int64(19), 11)): {'bw': 19}, ((0, 2), (11, 5)): {'bw': 19}, ((0, 2), (5, 2)): {'bw': 19}, ((0, 2), (2, 6)): {'bw': 19}, ((0, 2), (6, 13)): {'bw': 19}, ((0, 2), (13, np.int64(21))): {'bw': 19}, ((0, 3), (np.int64(19), 11)): {'bw': 33}, ((0, 3), (11, 5)): {'bw': 33}, ((0, 3), (5, 2)): {'bw': 33}, ((0, 3), (2, 6)): {'bw': 33}, ((0, 3), (6, 14)): {'bw': 33}, ((0, 3), (14, np.int64(22))): {'bw': 33}, ((0, 4), (np.int64(19), 11)): {'bw': 44}, ((0, 4), (11, 5)): {'bw': 44}, ((0, 4), (5, 2)): {'bw': 44}, ((0, 4), (2, 0)): {'bw': 44}, ((0, 4), (0, 1)): {'bw': 44}, ((0, 4), (1, 4)): {'bw': 44}, ((0, 4), (4, 10)): {'bw': 44}, ((0, 4), (10, np.int64(18))): {'bw': 44}}",0.0,0.0,130.0,65.0,273.0,0.0,0.0,0.0,0.0,0.0,0.0,0.0,0.0,0.0,Route Failure,15.0,"{'node_level': {}, 'link_level': {}, 'path_level': {}}","{'node_level': {2: {'cpu': -27}, 7: {'cpu': -43}, 6: {'cpu': -44}, 3: {'cpu': -30}, 0: {'cpu': -29}, 1: {'cpu': -17}, 5: {'cpu': -23}, 4: {'cpu': -28}}, 'link_level': {(0, 2): {'bw': -62}, (0, 3): {'bw': -29}, (0, 4): {'bw': -1}, (1, 2): {'bw': 15}}, 'path_level': {(0, 2): {}, (0, 3): {}, (0, 4): {}, (1, 2): {}}}","{'node_level': {2: {'cpu': 0}, 7: {'cpu': 0}, 6: {'cpu': 0}, 3: {'cpu': 0}, 0: {'cpu': 0}, 1: {'cpu': 0}, 5: {'cpu': 0}, 4: {'cpu': 0}}, 'link_level': {(0, 2): {'bw': 0}, (0, 3): {'bw': 0}, (0, 4): {'bw': 0}, (1, 2): {'bw': 15}}, 'path_level': {(0, 2): {}, (0, 3): {}, (0, 4): {}, (1, 2): {}}}",[],-inf,-inf,True,False,False,0,[],0,0.0,0.0028159618377685547,8.0,4.0
14,3,3,321.0,912.0,304112.93303776626,894034.5451546275,0.3519736842105263,0.3401579219572198,11,20,0,356.2160171223706,4393,631,3762,0.13204951856946356,0.17824377457404983,0,331.2160171223706,25.0,9,18,False,{},{},{},{},0.0,0.0,0.0,0.0,0.0,0.0,0.0,0.0,0.0,0.0,0.0,0.0,0.0,0.0,Leave Event,0.0,"{'node_level': {}, 'link_level': {}, 'path_level': {}}","{'node_level': {}, 'link_level': {}, 'path_level': {}}","{'node_level': {}, 'link_level': {}, 'path_level': {}}",[],-inf,-inf,True,True,False,0,[],0,0.0,,,
15,3,3,321.0,912.0,304112.93303776626,894034.5451546275,0.3519736842105263,0.3401579219572198,11,21,1,381.0,4393,631,3762,0.13204951856946356,0.17824377457404983,14,46.11826399413245,381.0,6,6,False,"{2: np.int64(21), 3: np.int64(29), 0: np.int64(30), 1: np.int64(22), 4: np.int64(19), 5: np.int64(27)}","{(0, 1): [(np.int64(30), 14), (14, 22)], (0, 5): [(np.int64(30), 14), (14, 6), (6, 2), (2, 5), (5, 11), (11, np.int64(27))], (1, 5): [(np.int64(22), 14), (14, 6), (6, 2), (2, 5), (5, 11), (11, np.int64(27))], (2, 3): [(np.int64(21), 13), (13, 29)], (2, 4): []}","{(2, np.int64(21)): {'cpu': 20}, (3, np.int64(29)): {'cpu': 14}, (0, np.int64(30)): {'cpu': 10}, (1, np.int64(22)): {'cpu': 7}, (4, np.int64(19)): {'cpu': 9}, (5, np.int64(27)): {'cpu': 2}}","{((0, 1), (np.int64(30), 14)): {'bw': 40}, ((0, 1), (14, 22)): {'bw': 40}, ((0, 5), (np.int64(30), 14)): {'bw': 35}, ((0, 5), (14, 6)): {'bw': 35}, ((0, 5), (6, 2)): {'bw': 35}, ((0, 5), (2, 5)): {'bw': 35}, ((0, 5), (5, 11)): {'bw': 35}, ((0, 5), (11, np.int64(27))): {'bw': 35}, ((1, 5), (np.int64(22), 14)): {'bw': 20}, ((1, 5), (14, 6)): {'bw': 20}, ((1, 5), (6, 2)): {'bw': 20}, ((1, 5), (2, 5)): {'bw': 20}, ((1, 5), (5, 11)): {'bw': 20}, ((1, 5), (11, np.int64(27))): {'bw': 20}, ((2, 3), (np.int64(21), 13)): {'bw': 43}, ((2, 3), (13, 29)): {'bw': 43}}",0.0,0.0,124.0,62.0,220.0,0.0,0.0,0.0,0.0,0.0,0.0,0.0,0.0,0.0,Route Failure,14.0,"{'node_level': {}, 'link_level': {}, 'path_level': {}}","{'node_level': {2: {'cpu': -22}, 3: {'cpu': -37}, 0: {'cpu': -41}, 1: {'cpu': -29}, 4: {'cpu': -25}, 5: {'cpu': -28}}, 'link_level': {(0, 1): {'bw': -108}, (0, 5): {'bw': -46}, (1, 5): {'bw': -26}, (2, 3): {'bw': -81}, (2, 4): {'bw': 14}}, 'path_level': {(0, 1): {}, (0, 5): {}, (1, 5): {}, (2, 3): {}, (2, 4): {}}}","{'node_level': {2: {'cpu': 0}, 3: {'cpu': 0}, 0: {'cpu': 0}, 1: {'cpu': 0}, 4: {'cpu': 0}, 5: {'cpu': 0}}, 'link_level': {(0, 1): {'bw': 0}, (0, 5): {'bw': 0}, (1, 5): {'bw': 0}, (2, 3): {'bw': 0}, (2, 4): {'bw': 14}}, 'path_level': {(0, 1): {}, (0, 5): {}, (1, 5): {}, (2, 3): {}, (2, 4): {}}}",[],-inf,-inf,True,False,False,0,[],0,0.0,0.0021660327911376953,6.0,5.0
16,4,4,478.0,1357.0,341366.3677429723,999625.4906566446,0.3522476050110538,0.3414942605342446,15,22,1,396.0,3948,588,3360,0.1911966987620357,0.2660550458715596,15,237.28302360003832,396.0,5,6,True,"{4: np.int64(21), 0: np.int64(29), 1: np.int64(30), 3: np.int64(22), 2: np.int64(19)}","{(0, 1): [(np.int64(29), 13), (13, 6), (6, 14), (14, np.int64(30))], (0, 4): [(np.int64(29), 13), (13, 21)], (1, 3): [(np.int64(30), 14), (14, 22)], (2, 3): [(np.int64(19), 11), (11, 5), (5, 2), (2, 6), (6, 14), (14, np.int64(22))], (2, 4): [(np.int64(19), 11), (11, 5), (5, 2), (2, 6), (6, 13), (13, np.int64(21))], (3, 4): [(np.int64(22), 14), (14, 6), (6, 13), (13, np.int64(21))]}","{(4, np.int64(21)): {'cpu': 16}, (0, np.int64(29)): {'cpu': 10}, (1, np.int64(30)): {'cpu': 7}, (3, np.int64(22)): {'cpu': 9}, (2, np.int64(19)): {'cpu': 1}}","{((0, 1), (np.int64(29), 13)): {'bw': 19}, ((0, 1), (13, 6)): {'bw': 19}, ((0, 1), (6, 14)): {'bw': 19}, ((0, 1), (14, np.int64(30))): {'bw': 19}, ((0, 4), (np.int64(29), 13)): {'bw': 49}, ((0, 4), (13, 21)): {'bw': 49}, ((1, 3), (np.int64(30), 14)): {'bw': 7}, ((1, 3), (14, 22)): {'bw': 7}, ((2, 3), (np.int64(19), 11)): {'bw': 1}, ((2, 3), (11, 5)): {'bw': 1}, ((2, 3), (5, 2)): {'bw': 1}, ((2, 3), (2, 6)): {'bw': 1}, ((2, 3), (6, 14)): {'bw': 1}, ((2, 3), (14, np.int64(22))): {'bw': 1}, ((2, 4), (np.int64(19), 11)): {'bw': 28}, ((2, 4), (11, 5)): {'bw': 28}, ((2, 4), (5, 2)): {'bw': 28}, ((2, 4), (2, 6)): {'bw': 28}, ((2, 4), (6, 13)): {'bw': 28}, ((2, 4), (13, np.int64(21))): {'bw': 28}, ((3, 4), (np.int64(22), 14)): {'bw': 10}, ((3, 4), (14, 6)): {'bw': 10}, ((3, 4), (6, 13)): {'bw': 10}, ((3, 4), (13, np.int64(21))): {'bw': 10}}",445.0,157.0,86.0,43.0,114.0,43.0,114.0,43.0,402.0,288.0,0.35280898876404493,105590.94550201706,37253.43470520602,83.71558360720452,Success,0.0,"{'node_level': {}, 'link_level': {}, 'path_level': {}}","{'node_level': {4: {'cpu': -26}, 0: {'cpu': -41}, 1: {'cpu': -44}, 3: {'cpu': -27}, 2: {'cpu': -33}}, 'link_level': {(0, 1): {'bw': -72}, (0, 4): {'bw': -56}, (1, 3): {'bw': -122}, (2, 3): {'bw': -80}, (2, 4): {'bw': -44}, (3, 4): {'bw': -34}}, 'path_level': {(0, 1): {}, (0, 4): {}, (1, 3): {}, (2, 3): {}, (2, 4): {}, (3, 4): {}}}","{'node_level': {4: {'cpu': 0}, 0: {'cpu': 0}, 1: {'cpu': 0}, 3: {'cpu': 0}, 2: {'cpu': 0}}, 'link_level': {(0, 1): {'bw': 0}, (0, 4): {'bw': 0}, (1, 3): {'bw': 0}, (2, 3): {'bw': 0}, (2, 4): {'bw': 0}, (3, 4): {'bw': 0}}, 'path_level': {(0, 1): {}, (0, 4): {}, (1, 3): {}, (2, 3): {}, (2, 4): {}, (3, 4): {}}}",[],-inf,-inf,True,True,False,0,[],0,0.0,0.0018739700317382812,5.0,6.0
17,5,5,521.0,1415.0,352052.61141669314,1014039.4937514309,0.36819787985865726,0.34717840240548953,15,23,1,417.0,3890,560,3330,0.22971114167812934,0.27260812581913496,16,248.5172947376951,417.0,2,1,True,"{1: np.int64(30), 0: np.int64(22)}","{(0, 1): [(np.int64(22), 14), (14, 30)]}","{(1, np.int64(30)): {'cpu': 18}, (0, np.int64(22)): {'cpu': 10}}","{((0, 1), (np.int64(22), 14)): {'bw': 15}, ((0, 1), (14, 30)): {'bw': 15}}",58.0,43.0,56.0,28.0,15.0,28.0,15.0,28.0,30.0,15.0,0.7413793103448276,14414.003094786316,10686.24367372089,184.24558058139465,Success,0.0,"{'node_level': {}, 'link_level': {}, 'path_level': {}}","{'node_level': {1: {'cpu': -26}, 0: {'cpu': -17}}, 'link_level': {(0, 1): {'bw': -107}}, 'path_level': {(0, 1): {}}}","{'node_level': {1: {'cpu': 0}, 0: {'cpu': 0}}, 'link_level': {(0, 1): {'bw': 0}}, 'path_level': {(0, 1): {}}}",[],-inf,-inf,True,True,False,0,[],0,0.0,0.0006251335144042969,2.0,1.0
17,5,5,521.0,1415.0,352052.61141669314,1014039.4937514309,0.36819787985865726,0.34717840240548953,15,24,0,420.42400887347,3890,560,3330,0.22971114167812934,0.27260812581913496,11,108.42400887346996,312.0,6,6,False,{},{},{},{},0.0,0.0,0.0,0.0,0.0,0.0,0.0,0.0,0.0,0.0,0.0,0.0,0.0,0.0,Leave Event,0.0,"{'node_level': {}, 'link_level': {}, 'path_level': {}}","{'node_level': {}, 'link_level': {}, 'path_level': {}}","{'node_level': {}, 'link_level': {}, 'path_level': {}}",[],-inf,-inf,True,True,False,0,[],0,0.0,,,
17,5,5,521.0,1415.0,352052.61141669314,1014039.4937514309,0.36819787985865726,0.34717840240548953,15,25,0,427.11826399413246,3890,560,3330,0.22971114167812934,0.27260812581913496,14,46.11826399413245,381.0,6,6,False,{},{},{},{},0.0,0.0,0.0,0.0,0.0,0.0,0.0,0.0,0.0,0.0,0.0,0.0,0.0,0.0,Leave Event,0.0,"{'node_level': {}, 'link_level': {}, 'path_level': {}}","{'node_level': {}, 'link_level': {}, 'path_level': {}}","{'node_level': {}, 'link_level': {}, 'path_level': {}}",[],-inf,-inf,True,True,False,0,[],0,0.0,,,
18,5,5,521.0,1415.0,352052.61141669314,1014039.4937514309,0.36819787985865726,0.34717840240548953,15,26,1,432.0,3890,560,3330,0.22971114167812934,0.27260812581913496,17,180.03130205783893,432.0,9,20,False,"{0: np.int64(26), 6: np.int64(18), 4: np.int64(25), 2: np.int64(17), 3: np.int64(23), 7: np.int64(15), 8: np.int64(16), 5: np.int64(24), 1: np.int64(27)}","{(0, 2): [(np.int64(26), 10), (10, 4), (4, 9), (9, np.int64(17))], (0, 4): [(np.int64(26), 10), (10, 4), (4, 9), (9, np.int64(25))], (0, 5): [(np.int64(26), 10), (10, 4), (4, 1), (1, 3), (3, 8), (8, np.int64(24))], (0, 6): [(np.int64(26), 10), (10, 18)], (1, 3): [(np.int64(27), 11), (11, 5), (5, 2), (2, 0), (0, 1), (1, 3), (3, 7), (7, np.int64(23))], (1, 4): []}","{(0, np.int64(26)): {'cpu': 20}, (6, np.int64(18)): {'cpu': 13}, (4, np.int64(25)): {'cpu': 12}, (2, np.int64(17)): {'cpu': 12}, (3, np.int64(23)): {'cpu': 12}, (7, np.int64(15)): {'cpu': 11}, (8, np.int64(16)): {'cpu': 8}, (5, np.int64(24)): {'cpu': 4}, (1, np.int64(27)): {'cpu': 3}}","{((0, 2), (np.int64(26), 10)): {'bw': 40}, ((0, 2), (10, 4)): {'bw': 40}, ((0, 2), (4, 9)): {'bw': 40}, ((0, 2), (9, np.int64(17))): {'bw': 40}, ((0, 4), (np.int64(26), 10)): {'bw': 48}, ((0, 4), (10, 4)): {'bw': 48}, ((0, 4), (4, 9)): {'bw': 48}, ((0, 4), (9, np.int64(25))): {'bw': 48}, ((0, 5), (np.int64(26), 10)): {'bw': 50}, ((0, 5), (10, 4)): {'bw': 50}, ((0, 5), (4, 1)): {'bw': 50}, ((0, 5), (1, 3)): {'bw': 50}, ((0, 5), (3, 8)): {'bw': 50}, ((0, 5), (8, np.int64(24))): {'bw': 50}, ((0, 6), (np.int64(26), 10)): {'bw': 18}, ((0, 6), (10, 18)): {'bw': 18}, ((1, 3), (np.int64(27), 11)): {'bw': 27}, ((1, 3), (11, 5)): {'bw': 27}, ((1, 3), (5, 2)): {'bw': 27}, ((1, 3), (2, 0)): {'bw': 27}, ((1, 3), (0, 1)): {'bw': 27}, ((1, 3), (1, 3)): {'bw': 27}, ((1, 3), (3, 7)): {'bw': 27}, ((1, 3), (7, np.int64(23))): {'bw': 27}}",0.0,0.0,190.0,95.0,548.0,0.0,0.0,0.0,0.0,0.0,0.0,0.0,0.0,0.0,Route Failure,4.0,"{'node_level': {}, 'link_level': {}, 'path_level': {}}","{'node_level': {0: {'cpu': -13}, 6: {'cpu': -16}, 4: {'cpu': -18}, 2: {'cpu': -29}, 3: {'cpu': -35}, 7: {'cpu': -32}, 8: {'cpu': -33}, 5: {'cpu': -36}, 1: {'cpu': -27}}, 'link_level': {(0, 2): {'bw': -32}, (0, 4): {'bw': -53}, (0, 5): {'bw': -3}, (0, 6): {'bw': -3}, (1, 3): {'bw': -13}, (1, 4): {'bw': 4}}, 'path_level': {(0, 2): {}, (0, 4): {}, (0, 5): {}, (0, 6): {}, (1, 3): {}, (1, 4): {}}}","{'node_level': {0: {'cpu': 0}, 6: {'cpu': 0}, 4: {'cpu': 0}, 2: {'cpu': 0}, 3: {'cpu': 0}, 7: {'cpu': 0}, 8: {'cpu': 0}, 5: {'cpu': 0}, 1: {'cpu': 0}}, 'link_level': {(0, 2): {'bw': 0}, (0, 4): {'bw': 0}, (0, 5): {'bw': 0}, (0, 6): {'bw': 0}, (1, 3): {'bw': 0}, (1, 4): {'bw': 4}}, 'path_level': {(0, 2): {}, (0, 4): {}, (0, 5): {}, (0, 6): {}, (1, 3): {}, (1, 4): {}}}",[],-inf,-inf,True,False,False,0,[],0,0.0,0.0031380653381347656,9.0,6.0
18,5,5,521.0,1415.0,352052.61141669314,1014039.4937514309,0.36819787985865726,0.34717840240548953,15,27,0,440.48508204832456,3890,560,3330,0.22971114167812934,0.27260812581913496,10,154.48508204832453,286.0,10,22,False,{},{},{},{},0.0,0.0,0.0,0.0,0.0,0.0,0.0,0.0,0.0,0.0,0.0,0.0,0.0,0.0,Leave Event,0.0,"{'node_level': {}, 'link_level': {}, 'path_level': {}}","{'node_level': {}, 'link_level': {}, 'path_level': {}}","{'node_level': {}, 'link_level': {}, 'path_level': {}}",[],-inf,-inf,True,True,False,0,[],0,0.0,,,
19,5,5,521.0,1415.0,352052.61141669314,1014039.4937514309,0.36819787985865726,0.34717840240548953,15,28,1,463.0,3890,560,3330,0.22971114167812934,0.27260812581913496,18,315.1166864346288,463.0,7,9,False,"{4: np.int64(26), 0: np.int64(18), 3: np.int64(25), 5: np.int64(17), 1: np.int64(23), 2: np.int64(15), 6: np.int64(16)}","{(0, 1): [(np.int64(18), 10), (10, 4), (4, 1), (1, 3), (3, 7), (7, np.int64(23))], (0, 3): [(np.int64(18), 10), (10, 4), (4, 9), (9, np.int64(25))], (0, 4): [(np.int64(18), 10), (10, 26)], (1, 4): []}","{(4, np.int64(26)): {'cpu': 15}, (0, np.int64(18)): {'cpu': 14}, (3, np.int64(25)): {'cpu': 12}, (5, np.int64(17)): {'cpu': 20}, (1, np.int64(23)): {'cpu': 6}, (2, np.int64(15)): {'cpu': 7}, (6, np.int64(16)): {'cpu': 3}}","{((0, 1), (np.int64(18), 10)): {'bw': 24}, ((0, 1), (10, 4)): {'bw': 24}, ((0, 1), (4, 1)): {'bw': 24}, ((0, 1), (1, 3)): {'bw': 24}, ((0, 1), (3, 7)): {'bw': 24}, ((0, 1), (7, np.int64(23))): {'bw': 24}, ((0, 3), (np.int64(18), 10)): {'bw': 13}, ((0, 3), (10, 4)): {'bw': 13}, ((0, 3), (4, 9)): {'bw': 13}, ((0, 3), (9, np.int64(25))): {'bw': 13}, ((0, 4), (np.int64(18), 10)): {'bw': 25}, ((0, 4), (10, 26)): {'bw': 25}}",0.0,0.0,154.0,77.0,233.0,0.0,0.0,0.0,0.0,0.0,0.0,0.0,0.0,0.0,Route Failure,33.0,"{'node_level': {}, 'link_level': {}, 'path_level': {}}","{'node_level': {4: {'cpu': -18}, 0: {'cpu': -15}, 3: {'cpu': -18}, 5: {'cpu': -21}, 1: {'cpu': -41}, 2: {'cpu': -36}, 6: {'cpu': -38}}, 'link_level': {(0, 1): {'bw': -16}, (0, 3): {'bw': -104}, (0, 4): {'bw': -105}, (1, 4): {'bw': 33}}, 'path_level': {(0, 1): {}, (0, 3): {}, (0, 4): {}, (1, 4): {}}}","{'node_level': {4: {'cpu': 0}, 0: {'cpu': 0}, 3: {'cpu': 0}, 5: {'cpu': 0}, 1: {'cpu': 0}, 2: {'cpu': 0}, 6: {'cpu': 0}}, 'link_level': {(0, 1): {'bw': 0}, (0, 3): {'bw': 0}, (0, 4): {'bw': 0}, (1, 4): {'bw': 33}}, 'path_level': {(0, 1): {}, (0, 3): {}, (0, 4): {}, (1, 4): {}}}",[],-inf,-inf,True,False,False,0,[],0,0.0,0.0024199485778808594,7.0,4.0
20,5,5,521.0,1415.0,352052.61141669314,1014039.4937514309,0.36819787985865726,0.34717840240548953,15,29,1,493.0,3890,560,3330,0.22971114167812934,0.27260812581913496,19,2336.923148034806,493.0,7,12,False,"{3: np.int64(26), 6: np.int64(18), 5: np.int64(25), 0: np.int64(17), 1: np.int64(23), 2: np.int64(15), 4: np.int64(16)}","{(0, 3): [(np.int64(17), 9), (9, 4), (4, 10), (10, np.int64(26))], (0, 4): [(np.int64(17), 9), (9, 4), (4, 1), (1, 3), (3, 8), (8, np.int64(16))], (0, 5): [(np.int64(17), 9), (9, 25)], (0, 6): []}","{(3, np.int64(26)): {'cpu': 13}, (6, np.int64(18)): {'cpu': 12}, (5, np.int64(25)): {'cpu': 9}, (0, np.int64(17)): {'cpu': 8}, (1, np.int64(23)): {'cpu': 16}, (2, np.int64(15)): {'cpu': 19}, (4, np.int64(16)): {'cpu': 2}}","{((0, 3), (np.int64(17), 9)): {'bw': 33}, ((0, 3), (9, 4)): {'bw': 33}, ((0, 3), (4, 10)): {'bw': 33}, ((0, 3), (10, np.int64(26))): {'bw': 33}, ((0, 4), (np.int64(17), 9)): {'bw': 7}, ((0, 4), (9, 4)): {'bw': 7}, ((0, 4), (4, 1)): {'bw': 7}, ((0, 4), (1, 3)): {'bw': 7}, ((0, 4), (3, 8)): {'bw': 7}, ((0, 4), (8, np.int64(16))): {'bw': 7}, ((0, 5), (np.int64(17), 9)): {'bw': 17}, ((0, 5), (9, 25)): {'bw': 17}}",0.0,0.0,158.0,79.0,225.0,0.0,0.0,0.0,0.0,0.0,0.0,0.0,0.0,0.0,Route Failure,19.0,"{'node_level': {}, 'link_level': {}, 'path_level': {}}","{'node_level': {3: {'cpu': -20}, 6: {'cpu': -17}, 5: {'cpu': -21}, 0: {'cpu': -33}, 1: {'cpu': -31}, 2: {'cpu': -24}, 4: {'cpu': -39}}, 'link_level': {(0, 3): {'bw': -39}, (0, 4): {'bw': -32}, (0, 5): {'bw': -15}, (0, 6): {'bw': 19}}, 'path_level': {(0, 3): {}, (0, 4): {}, (0, 5): {}, (0, 6): {}}}","{'node_level': {3: {'cpu': 0}, 6: {'cpu': 0}, 5: {'cpu': 0}, 0: {'cpu': 0}, 1: {'cpu': 0}, 2: {'cpu': 0}, 4: {'cpu': 0}}, 'link_level': {(0, 3): {'bw': 0}, (0, 4): {'bw': 0}, (0, 5): {'bw': 0}, (0, 6): {'bw': 19}}, 'path_level': {(0, 3): {}, (0, 4): {}, (0, 5): {}, (0, 6): {}}}",[],-inf,-inf,True,False,False,0,[],0,0.0,0.002412080764770508,7.0,4.0
21,5,5,521.0,1415.0,352052.61141669314,1014039.4937514309,0.36819787985865726,0.34717840240548953,15,30,1,524.0,3890,560,3330,0.22971114167812934,0.27260812581913496,20,687.6741398124225,524.0,8,16,False,"{4: np.int64(26), 0: np.int64(18), 1: np.int64(25), 3: np.int64(17), 5: np.int64(23), 6: np.int64(15), 7: np.int64(16), 2: np.int64(24)}","{(0, 2): [(np.int64(18), 10), (10, 4), (4, 1), (1, 3), (3, 8), (8, np.int64(24))], (0, 3): [(np.int64(18), 10), (10, 4), (4, 9), (9, np.int64(17))], (0, 4): [(np.int64(18), 10), (10, 26)], (0, 6): [(np.int64(18), 10), (10, 4), (4, 1), (1, 3), (3, 7), (7, np.int64(15))], (0, 7): [(np.int64(18), 10), (10, 4), (4, 1), (1, 3), (3, 8), (8, np.int64(16))], (1, 2): [(np.int64(25), 9), (9, 4), (4, 1), (1, 3), (3, 8), (8, np.int64(24))], (1, 3): [(np.int64(25), 9), (9, 17)], (1, 4): []}","{(4, np.int64(26)): {'cpu': 18}, (0, np.int64(18)): {'cpu': 12}, (1, np.int64(25)): {'cpu': 9}, (3, np.int64(17)): {'cpu': 9}, (5, np.int64(23)): {'cpu': 7}, (6, np.int64(15)): {'cpu': 4}, (7, np.int64(16)): {'cpu': 2}, (2, np.int64(24)): {'cpu': 0}}","{((0, 2), (np.int64(18), 10)): {'bw': 23}, ((0, 2), (10, 4)): {'bw': 23}, ((0, 2), (4, 1)): {'bw': 23}, ((0, 2), (1, 3)): {'bw': 23}, ((0, 2), (3, 8)): {'bw': 23}, ((0, 2), (8, np.int64(24))): {'bw': 23}, ((0, 3), (np.int64(18), 10)): {'bw': 32}, ((0, 3), (10, 4)): {'bw': 32}, ((0, 3), (4, 9)): {'bw': 32}, ((0, 3), (9, np.int64(17))): {'bw': 32}, ((0, 4), (np.int64(18), 10)): {'bw': 44}, ((0, 4), (10, 26)): {'bw': 44}, ((0, 6), (np.int64(18), 10)): {'bw': 2}, ((0, 6), (10, 4)): {'bw': 2}, ((0, 6), (4, 1)): {'bw': 2}, ((0, 6), (1, 3)): {'bw': 2}, ((0, 6), (3, 7)): {'bw': 2}, ((0, 6), (7, np.int64(15))): {'bw': 2}, ((0, 7), (np.int64(18), 10)): {'bw': 48}, ((0, 7), (10, 4)): {'bw': 48}, ((0, 7), (4, 1)): {'bw': 48}, ((0, 7), (1, 3)): {'bw': 48}, ((0, 7), (3, 8)): {'bw': 48}, ((0, 7), (8, np.int64(16))): {'bw': 48}, ((1, 2), (np.int64(25), 9)): {'bw': 3}, ((1, 2), (9, 4)): {'bw': 3}, ((1, 2), (4, 1)): {'bw': 3}, ((1, 2), (1, 3)): {'bw': 3}, ((1, 2), (3, 8)): {'bw': 3}, ((1, 2), (8, np.int64(24))): {'bw': 3}, ((1, 3), (np.int64(25), 9)): {'bw': 14}, ((1, 3), (9, 17)): {'bw': 14}}",0.0,0.0,122.0,61.0,475.0,0.0,0.0,0.0,0.0,0.0,0.0,0.0,0.0,0.0,Route Failure,7.0,"{'node_level': {}, 'link_level': {}, 'path_level': {}}","{'node_level': {4: {'cpu': -15}, 0: {'cpu': -17}, 1: {'cpu': -21}, 3: {'cpu': -32}, 5: {'cpu': -40}, 6: {'cpu': -39}, 7: {'cpu': -39}, 2: {'cpu': -40}}, 'link_level': {(0, 2): {'bw': -58}, (0, 3): {'bw': -40}, (0, 4): {'bw': -68}, (0, 6): {'bw': -38}, (0, 7): {'bw': -10}, (1, 2): {'bw': -7}, (1, 3): {'bw': -26}, (1, 4): {'bw': 7}}, 'path_level': {(0, 2): {}, (0, 3): {}, (0, 4): {}, (0, 6): {}, (0, 7): {}, (1, 2): {}, (1, 3): {}, (1, 4): {}}}","{'node_level': {4: {'cpu': 0}, 0: {'cpu': 0}, 1: {'cpu': 0}, 3: {'cpu': 0}, 5: {'cpu': 0}, 6: {'cpu': 0}, 7: {'cpu': 0}, 2: {'cpu': 0}}, 'link_level': {(0, 2): {'bw': 0}, (0, 3): {'bw': 0}, (0, 4): {'bw': 0}, (0, 6): {'bw': 0}, (0, 7): {'bw': 0}, (1, 2): {'bw': 0}, (1, 3): {'bw': 0}, (1, 4): {'bw': 7}}, 'path_level': {(0, 2): {}, (0, 3): {}, (0, 4): {}, (0, 6): {}, (0, 7): {}, (1, 2): {}, (1, 3): {}, (1, 4): {}}}",[],-inf,-inf,True,False,False,0,[],0,0.0,0.003114938735961914,8.0,8.0
22,5,5,521.0,1415.0,352052.61141669314,1014039.4937514309,0.36819787985865726,0.34717840240548953,15,31,1,555.0,3890,560,3330,0.22971114167812934,0.27260812581913496,21,43.81508158148299,555.0,8,16,False,"{1: np.int64(26), 2: np.int64(18), 5: np.int64(25), 7: np.int64(17), 6: np.int64(23), 4: np.int64(15), 0: np.int64(16), 3: np.int64(24)}","{(0, 1): [(np.int64(16), 8), (8, 3), (3, 1), (1, 4), (4, 10), (10, np.int64(26))], (0, 2): [(np.int64(16), 8), (8, 3), (3, 1), (1, 4), (4, 10), (10, np.int64(18))], (0, 4): []}","{(1, np.int64(26)): {'cpu': 17}, (2, np.int64(18)): {'cpu': 11}, (5, np.int64(25)): {'cpu': 10}, (7, np.int64(17)): {'cpu': 7}, (6, np.int64(23)): {'cpu': 7}, (4, np.int64(15)): {'cpu': 4}, (0, np.int64(16)): {'cpu': 2}, (3, np.int64(24)): {'cpu': 8}}","{((0, 1), (np.int64(16), 8)): {'bw': 33}, ((0, 1), (8, 3)): {'bw': 33}, ((0, 1), (3, 1)): {'bw': 33}, ((0, 1), (1, 4)): {'bw': 33}, ((0, 1), (4, 10)): {'bw': 33}, ((0, 1), (10, np.int64(26))): {'bw': 33}, ((0, 2), (np.int64(16), 8)): {'bw': 36}, ((0, 2), (8, 3)): {'bw': 36}, ((0, 2), (3, 1)): {'bw': 36}, ((0, 2), (1, 4)): {'bw': 36}, ((0, 2), (4, 10)): {'bw': 36}, ((0, 2), (10, np.int64(18))): {'bw': 36}}",0.0,0.0,132.0,66.0,411.0,0.0,0.0,0.0,0.0,0.0,0.0,0.0,0.0,0.0,Route Failure,29.0,"{'node_level': {}, 'link_level': {}, 'path_level': {}}","{'node_level': {1: {'cpu': -16}, 2: {'cpu': -18}, 5: {'cpu': -20}, 7: {'cpu': -34}, 6: {'cpu': -40}, 4: {'cpu': -39}, 0: {'cpu': -39}, 3: {'cpu': -32}}, 'link_level': {(0, 1): {'bw': -48}, (0, 2): {'bw': -12}, (0, 4): {'bw': 24}}, 'path_level': {(0, 1): {}, (0, 2): {}, (0, 4): {}}}","{'node_level': {1: {'cpu': 0}, 2: {'cpu': 0}, 5: {'cpu': 0}, 7: {'cpu': 0}, 6: {'cpu': 0}, 4: {'cpu': 0}, 0: {'cpu': 0}, 3: {'cpu': 0}}, 'link_level': {(0, 1): {'bw': 0}, (0, 2): {'bw': 0}, (0, 4): {'bw': 29}}, 'path_level': {(0, 1): {}, (0, 2): {}, (0, 4): {}}}",[],-inf,-inf,True,False,False,0,[],0,0.0,0.002704143524169922,8.0,3.0
23,5,5,521.0,1415.0,352052.61141669314,1014039.4937514309,0.36819787985865726,0.34717840240548953,15,32,1,575.0,3890,560,3330,0.22971114167812934,0.27260812581913496,22,477.7263414936632,575.0,10,22,False,"{5: np.int64(26), 4: np.int64(18), 2: np.int64(25), 7: np.int64(17), 3: np.int64(23), 8: np.int64(15), 1: np.int64(16), 9: np.int64(24), 0: np.int64(27), 6: np.int64(19)}","{(0, 1): [(np.int64(27), 11), (11, 5), (5, 2), (2, 0), (0, 1), (1, 3), (3, 8), (8, np.int64(16))], (0, 4): [(np.int64(27), 11), (11, 5), (5, 2), (2, 0), (0, 1), (1, 4), (4, 10), (10, np.int64(18))], (0, 7): [(np.int64(27), 11), (11, 5), (5, 2), (2, 0), (0, 1), (1, 4), (4, 9), (9, np.int64(17))], (1, 4): [(np.int64(16), 8), (8, 3), (3, 1), (1, 4), (4, 10), (10, np.int64(18))], (1, 5): []}","{(5, np.int64(26)): {'cpu': 19}, (4, np.int64(18)): {'cpu': 15}, (2, np.int64(25)): {'cpu': 11}, (7, np.int64(17)): {'cpu': 12}, (3, np.int64(23)): {'cpu': 11}, (8, np.int64(15)): {'cpu': 6}, (1, np.int64(16)): {'cpu': 4}, (9, np.int64(24)): {'cpu': 4}, (0, np.int64(27)): {'cpu': 5}, (6, np.int64(19)): {'cpu': 1}}","{((0, 1), (np.int64(27), 11)): {'bw': 22}, ((0, 1), (11, 5)): {'bw': 22}, ((0, 1), (5, 2)): {'bw': 22}, ((0, 1), (2, 0)): {'bw': 22}, ((0, 1), (0, 1)): {'bw': 22}, ((0, 1), (1, 3)): {'bw': 22}, ((0, 1), (3, 8)): {'bw': 22}, ((0, 1), (8, np.int64(16))): {'bw': 22}, ((0, 4), (np.int64(27), 11)): {'bw': 2}, ((0, 4), (11, 5)): {'bw': 2}, ((0, 4), (5, 2)): {'bw': 2}, ((0, 4), (2, 0)): {'bw': 2}, ((0, 4), (0, 1)): {'bw': 2}, ((0, 4), (1, 4)): {'bw': 2}, ((0, 4), (4, 10)): {'bw': 2}, ((0, 4), (10, np.int64(18))): {'bw': 2}, ((0, 7), (np.int64(27), 11)): {'bw': 6}, ((0, 7), (11, 5)): {'bw': 6}, ((0, 7), (5, 2)): {'bw': 6}, ((0, 7), (2, 0)): {'bw': 6}, ((0, 7), (0, 1)): {'bw': 6}, ((0, 7), (1, 4)): {'bw': 6}, ((0, 7), (4, 9)): {'bw': 6}, ((0, 7), (9, np.int64(17))): {'bw': 6}, ((1, 4), (np.int64(16), 8)): {'bw': 44}, ((1, 4), (8, 3)): {'bw': 44}, ((1, 4), (3, 1)): {'bw': 44}, ((1, 4), (1, 4)): {'bw': 44}, ((1, 4), (4, 10)): {'bw': 44}, ((1, 4), (10, np.int64(18))): {'bw': 44}}",0.0,0.0,176.0,88.0,497.0,0.0,0.0,0.0,0.0,0.0,0.0,0.0,0.0,0.0,Route Failure,23.0,"{'node_level': {}, 'link_level': {}, 'path_level': {}}","{'node_level': {5: {'cpu': -14}, 4: {'cpu': -14}, 2: {'cpu': -19}, 7: {'cpu': -29}, 3: {'cpu': -36}, 8: {'cpu': -37}, 1: {'cpu': -37}, 9: {'cpu': -36}, 0: {'cpu': -25}, 6: {'cpu': -32}}, 'link_level': {(0, 1): {'bw': -46}, (0, 4): {'bw': -44}, (0, 7): {'bw': -38}, (1, 4): {'bw': -15}, (1, 5): {'bw': 21}}, 'path_level': {(0, 1): {}, (0, 4): {}, (0, 7): {}, (1, 4): {}, (1, 5): {}}}","{'node_level': {5: {'cpu': 0}, 4: {'cpu': 0}, 2: {'cpu': 0}, 7: {'cpu': 0}, 3: {'cpu': 0}, 8: {'cpu': 0}, 1: {'cpu': 0}, 9: {'cpu': 0}, 0: {'cpu': 0}, 6: {'cpu': 0}}, 'link_level': {(0, 1): {'bw': 0}, (0, 4): {'bw': 0}, (0, 7): {'bw': 0}, (1, 4): {'bw': 0}, (1, 5): {'bw': 23}}, 'path_level': {(0, 1): {}, (0, 4): {}, (0, 7): {}, (1, 4): {}, (1, 5): {}}}",[],-inf,-inf,True,False,False,0,[],0,0.0,0.0034198760986328125,10.0,5.0
23,5,4,521.0,1415.0,352052.61141669314,1014039.4937514309,0.36819787985865726,0.34717840240548953,15,33,0,579.5501500551208,4207,595,3612,0.1815680880330124,0.21100917431192656,12,250.55015005512072,329.0,4,3,False,{},{},{},{},0.0,0.0,0.0,0.0,0.0,0.0,0.0,0.0,0.0,0.0,0.0,0.0,0.0,0.0,Leave Event,0.0,"{'node_level': {}, 'link_level': {}, 'path_level': {}}","{'node_level': {}, 'link_level': {}, 'path_level': {}}","{'node_level': {}, 'link_level': {}, 'path_level': {}}",[],-inf,-inf,True,True,False,0,[],0,0.0,,,
24,6,5,668.0,1832.0,368016.82598064444,1059325.735065497,0.3646288209606987,0.34740666992092883,15,34,1,592.0,3790,572,3218,0.21320495185694632,0.29707295762341634,23,108.60009907449884,592.0,4,4,True,"{0: np.int64(23), 2: np.int64(15), 1: np.int64(16), 3: np.int64(24)}","{(0, 2): [(np.int64(23), 7), (7, 15)], (0, 3): [(np.int64(23), 7), (7, 3), (3, 8), (8, np.int64(24))], (1, 2): [(np.int64(16), 8), (8, 3), (3, 7), (7, np.int64(15))], (1, 3): [(np.int64(16), 8), (8, 24)]}","{(0, np.int64(23)): {'cpu': 11}, (2, np.int64(15)): {'cpu': 7}, (1, np.int64(16)): {'cpu': 5}, (3, np.int64(24)): {'cpu': 0}}","{((0, 2), (np.int64(23), 7)): {'bw': 48}, ((0, 2), (7, 15)): {'bw': 48}, ((0, 3), (np.int64(23), 7)): {'bw': 28}, ((0, 3), (7, 3)): {'bw': 28}, ((0, 3), (3, 8)): {'bw': 28}, ((0, 3), (8, np.int64(24))): {'bw': 28}, ((1, 2), (np.int64(16), 8)): {'bw': 45}, ((1, 2), (8, 3)): {'bw': 45}, ((1, 2), (3, 7)): {'bw': 45}, ((1, 2), (7, np.int64(15))): {'bw': 45}, ((1, 3), (np.int64(16), 8)): {'bw': 3}, ((1, 3), (8, 24)): {'bw': 3}}",417.0,147.0,46.0,23.0,124.0,23.0,124.0,23.0,394.0,270.0,0.35251798561151076,45286.24131406602,15964.21456395133,38.28348816295283,Success,0.0,"{'node_level': {}, 'link_level': {}, 'path_level': {}}","{'node_level': {0: {'cpu': -49}, 2: {'cpu': -46}, 1: {'cpu': -48}, 3: {'cpu': -40}}, 'link_level': {(0, 2): {'bw': -85}, (0, 3): {'bw': -57}, (1, 2): {'bw': -35}, (1, 3): {'bw': -84}}, 'path_level': {(0, 2): {}, (0, 3): {}, (1, 2): {}, (1, 3): {}}}","{'node_level': {0: {'cpu': 0}, 2: {'cpu': 0}, 1: {'cpu': 0}, 3: {'cpu': 0}}, 'link_level': {(0, 2): {'bw': 0}, (0, 3): {'bw': 0}, (1, 2): {'bw': 0}, (1, 3): {'bw': 0}}, 'path_level': {(0, 2): {}, (0, 3): {}, (1, 2): {}, (1, 3): {}}}",[],-inf,-inf,True,True,False,0,[],0,0.0,0.0016522407531738281,4.0,4.0
24,6,5,668.0,1832.0,368016.82598064444,1059325.735065497,0.3646288209606987,0.34740666992092883,15,35,0,598.815081581483,3790,572,3218,0.21320495185694632,0.29707295762341634,21,43.81508158148299,555.0,8,16,False,{},{},{},{},0.0,0.0,0.0,0.0,0.0,0.0,0.0,0.0,0.0,0.0,0.0,0.0,0.0,0.0,Leave Event,0.0,"{'node_level': {}, 'link_level': {}, 'path_level': {}}","{'node_level': {}, 'link_level': {}, 'path_level': {}}","{'node_level': {}, 'link_level': {}, 'path_level': {}}",[],-inf,-inf,True,True,False,0,[],0,0.0,,,
24,6,5,668.0,1832.0,368016.82598064444,1059325.735065497,0.3646288209606987,0.34740666992092883,15,36,0,612.031302057839,3790,572,3218,0.21320495185694632,0.29707295762341634,17,180.03130205783893,432.0,9,20,False,{},{},{},{},0.0,0.0,0.0,0.0,0.0,0.0,0.0,0.0,0.0,0.0,0.0,0.0,0.0,0.0,Leave Event,0.0,"{'node_level': {}, 'link_level': {}, 'path_level': {}}","{'node_level': {}, 'link_level': {}, 'path_level': {}}","{'node_level': {}, 'link_level': {}, 'path_level': {}}",[],-inf,-inf,True,True,False,0,[],0,0.0,,,
25,6,5,668.0,1832.0,368016.82598064444,1059325.735065497,0.3646288209606987,0.34740666992092883,15,37,1,615.0,3790,572,3218,0.21320495185694632,0.29707295762341634,24,239.69114512104818,615.0,7,12,False,"{5: np.int64(26), 2: np.int64(18), 1: np.int64(25), 6: np.int64(17), 3: np.int64(16), 4: np.int64(24), 0: np.int64(27)}","{(0, 1): [(np.int64(27), 11), (11, 5), (5, 2), (2, 0), (0, 1), (1, 4), (4, 9), (9, np.int64(25))], (0, 2): [(np.int64(27), 11), (11, 5), (5, 2), (2, 0), (0, 1), (1, 4), (4, 10), (10, np.int64(18))], (0, 3): []}","{(5, np.int64(26)): {'cpu': 20}, (2, np.int64(18)): {'cpu': 6}, (1, np.int64(25)): {'cpu': 14}, (6, np.int64(17)): {'cpu': 13}, (3, np.int64(16)): {'cpu': 5}, (4, np.int64(24)): {'cpu': 5}, (0, np.int64(27)): {'cpu': 1}}","{((0, 1), (np.int64(27), 11)): {'bw': 19}, ((0, 1), (11, 5)): {'bw': 19}, ((0, 1), (5, 2)): {'bw': 19}, ((0, 1), (2, 0)): {'bw': 19}, ((0, 1), (0, 1)): {'bw': 19}, ((0, 1), (1, 4)): {'bw': 19}, ((0, 1), (4, 9)): {'bw': 19}, ((0, 1), (9, np.int64(25))): {'bw': 19}, ((0, 2), (np.int64(27), 11)): {'bw': 39}, ((0, 2), (11, 5)): {'bw': 39}, ((0, 2), (5, 2)): {'bw': 39}, ((0, 2), (2, 0)): {'bw': 39}, ((0, 2), (0, 1)): {'bw': 39}, ((0, 2), (1, 4)): {'bw': 39}, ((0, 2), (4, 10)): {'bw': 39}, ((0, 2), (10, np.int64(18))): {'bw': 39}}",0.0,0.0,128.0,64.0,360.0,0.0,0.0,0.0,0.0,0.0,0.0,0.0,0.0,0.0,Route Failure,23.0,"{'node_level': {}, 'link_level': {}, 'path_level': {}}","{'node_level': {5: {'cpu': -13}, 2: {'cpu': -23}, 1: {'cpu': -16}, 6: {'cpu': -28}, 3: {'cpu': -43}, 4: {'cpu': -35}, 0: {'cpu': -29}}, 'link_level': {(0, 1): {'bw': -49}, (0, 2): {'bw': -10}, (0, 3): {'bw': 23}}, 'path_level': {(0, 1): {}, (0, 2): {}, (0, 3): {}}}","{'node_level': {5: {'cpu': 0}, 2: {'cpu': 0}, 1: {'cpu': 0}, 6: {'cpu': 0}, 3: {'cpu': 0}, 4: {'cpu': 0}, 0: {'cpu': 0}}, 'link_level': {(0, 1): {'bw': 0}, (0, 2): {'bw': 0}, (0, 3): {'bw': 23}}, 'path_level': {(0, 1): {}, (0, 2): {}, (0, 3): {}}}",[],-inf,-inf,True,False,False,0,[],0,0.0,0.0024690628051757812,7.0,3.0
25,6,4,668.0,1832.0,368016.82598064444,1059325.735065497,0.3646288209606987,0.34740666992092883,15,38,0,633.2830236000383,4235,615,3620,0.15405777166437418,0.20926168632590647,15,237.28302360003832,396.0,5,6,False,{},{},{},{},0.0,0.0,0.0,0.0,0.0,0.0,0.0,0.0,0.0,0.0,0.0,0.0,0.0,0.0,Leave Event,0.0,"{'node_level': {}, 'link_level': {}, 'path_level': {}}","{'node_level': {}, 'link_level': {}, 'path_level': {}}","{'node_level': {}, 'link_level': {}, 'path_level': {}}",[],-inf,-inf,True,True,False,0,[],0,0.0,,,
26,6,4,668.0,1832.0,368016.82598064444,1059325.735065497,0.3646288209606987,0.34740666992092883,15,39,1,642.0,4235,615,3620,0.15405777166437418,0.20926168632590647,25,1472.8727130095679,642.0,10,26,False,"{2: np.int64(21), 1: np.int64(29), 6: np.int64(30), 9: np.int64(22), 3: np.int64(19), 8: np.int64(27), 7: np.int64(26), 5: np.int64(18), 4: np.int64(25), 0: np.int64(28)}","{(0, 5): [(np.int64(28), 12), (12, 5), (5, 2), (2, 0), (0, 1), (1, 4), (4, 10), (10, np.int64(18))], (1, 2): [(np.int64(29), 13), (13, 21)], (1, 3): [(np.int64(29), 13), (13, 6), (6, 2), (2, 5), (5, 11), (11, np.int64(19))], (1, 4): [(np.int64(29), 13), (13, 6), (6, 2), (2, 0), (0, 1), (1, 4), (4, 9), (9, np.int64(25))], (1, 5): [(np.int64(29), 13), (13, 6), (6, 2), (2, 0), (0, 1), (1, 4), (4, 10), (10, np.int64(18))], (1, 6): [(np.int64(29), 13), (13, 6), (6, 14), (14, np.int64(30))], (1, 7): []}","{(2, np.int64(21)): {'cpu': 19}, (1, np.int64(29)): {'cpu': 13}, (6, np.int64(30)): {'cpu': 9}, (9, np.int64(22)): {'cpu': 10}, (3, np.int64(19)): {'cpu': 15}, (8, np.int64(27)): {'cpu': 8}, (7, np.int64(26)): {'cpu': 10}, (5, np.int64(18)): {'cpu': 9}, (4, np.int64(25)): {'cpu': 3}, (0, np.int64(28)): {'cpu': 14}}","{((0, 5), (np.int64(28), 12)): {'bw': 1}, ((0, 5), (12, 5)): {'bw': 1}, ((0, 5), (5, 2)): {'bw': 1}, ((0, 5), (2, 0)): {'bw': 1}, ((0, 5), (0, 1)): {'bw': 1}, ((0, 5), (1, 4)): {'bw': 1}, ((0, 5), (4, 10)): {'bw': 1}, ((0, 5), (10, np.int64(18))): {'bw': 1}, ((1, 2), (np.int64(29), 13)): {'bw': 46}, ((1, 2), (13, 21)): {'bw': 46}, ((1, 3), (np.int64(29), 13)): {'bw': 6}, ((1, 3), (13, 6)): {'bw': 6}, ((1, 3), (6, 2)): {'bw': 6}, ((1, 3), (2, 5)): {'bw': 6}, ((1, 3), (5, 11)): {'bw': 6}, ((1, 3), (11, np.int64(19))): {'bw': 6}, ((1, 4), (np.int64(29), 13)): {'bw': 23}, ((1, 4), (13, 6)): {'bw': 23}, ((1, 4), (6, 2)): {'bw': 23}, ((1, 4), (2, 0)): {'bw': 23}, ((1, 4), (0, 1)): {'bw': 23}, ((1, 4), (1, 4)): {'bw': 23}, ((1, 4), (4, 9)): {'bw': 23}, ((1, 4), (9, np.int64(25))): {'bw': 23}, ((1, 5), (np.int64(29), 13)): {'bw': 0}, ((1, 5), (13, 6)): {'bw': 0}, ((1, 5), (6, 2)): {'bw': 0}, ((1, 5), (2, 0)): {'bw': 0}, ((1, 5), (0, 1)): {'bw': 0}, ((1, 5), (1, 4)): {'bw': 0}, ((1, 5), (4, 10)): {'bw': 0}, ((1, 5), (10, np.int64(18))): {'bw': 0}, ((1, 6), (np.int64(29), 13)): {'bw': 49}, ((1, 6), (13, 6)): {'bw': 49}, ((1, 6), (6, 14)): {'bw': 49}, ((1, 6), (14, np.int64(30))): {'bw': 49}}",0.0,0.0,220.0,110.0,575.0,0.0,0.0,0.0,0.0,0.0,0.0,0.0,0.0,0.0,Route Failure,25.0,"{'node_level': {}, 'link_level': {}, 'path_level': {}}","{'node_level': {2: {'cpu': -23}, 1: {'cpu': -38}, 6: {'cpu': -24}, 9: {'cpu': -16}, 3: {'cpu': -19}, 8: {'cpu': -22}, 7: {'cpu': -23}, 5: {'cpu': -20}, 4: {'cpu': -27}, 0: {'cpu': -24}}, 'link_level': {(0, 5): {'bw': -82}, (1, 2): {'bw': -78}, (1, 3): {'bw': -72}, (1, 4): {'bw': -49}, (1, 5): {'bw': -49}, (1, 6): {'bw': 0}, (1, 7): {'bw': 19}}, 'path_level': {(0, 5): {}, (1, 2): {}, (1, 3): {}, (1, 4): {}, (1, 5): {}, (1, 6): {}, (1, 7): {}}}","{'node_level': {2: {'cpu': 0}, 1: {'cpu': 0}, 6: {'cpu': 0}, 9: {'cpu': 0}, 3: {'cpu': 0}, 8: {'cpu': 0}, 7: {'cpu': 0}, 5: {'cpu': 0}, 4: {'cpu': 0}, 0: {'cpu': 0}}, 'link_level': {(0, 5): {'bw': 0}, (1, 2): {'bw': 0}, (1, 3): {'bw': 0}, (1, 4): {'bw': 0}, (1, 5): {'bw': 0}, (1, 6): {'bw': 0}, (1, 7): {'bw': 25}}, 'path_level': {(0, 5): {}, (1, 2): {}, (1, 3): {}, (1, 4): {}, (1, 5): {}, (1, 6): {}, (1, 7): {}}}",[],-inf,-inf,True,False,False,0,[],0,0.0,0.0035147666931152344,10.0,7.0
27,7,5,771.0,2052.0,381838.07551099075,1088846.8505672077,0.3757309941520468,0.35068115898216695,15,40,1,653.0,4015,579,3436,0.203576341127923,0.24945391000436867,26,134.18688864413906,653.0,3,2,True,"{2: np.int64(21), 0: np.int64(29), 1: np.int64(30)}","{(0, 1): [(np.int64(29), 13), (13, 6), (6, 14), (14, np.int64(30))], (0, 2): [(np.int64(29), 13), (13, 21)]}","{(2, np.int64(21)): {'cpu': 18}, (0, np.int64(29)): {'cpu': 10}, (1, np.int64(30)): {'cpu': 8}}","{((0, 1), (np.int64(29), 13)): {'bw': 25}, ((0, 1), (13, 6)): {'bw': 25}, ((0, 1), (6, 14)): {'bw': 25}, ((0, 1), (14, np.int64(30))): {'bw': 25}, ((0, 2), (np.int64(29), 13)): {'bw': 42}, ((0, 2), (13, 21)): {'bw': 42}}",220.0,103.0,72.0,36.0,67.0,36.0,67.0,36.0,184.0,117.0,0.4681818181818182,29521.115501710592,13821.249530346324,62.8238615015742,Success,0.0,"{'node_level': {}, 'link_level': {}, 'path_level': {}}","{'node_level': {2: {'cpu': -24}, 0: {'cpu': -41}, 1: {'cpu': -25}}, 'link_level': {(0, 1): {'bw': -66}, (0, 2): {'bw': -57}}, 'path_level': {(0, 1): {}, (0, 2): {}}}","{'node_level': {2: {'cpu': 0}, 0: {'cpu': 0}, 1: {'cpu': 0}}, 'link_level': {(0, 1): {'bw': 0}, (0, 2): {'bw': 0}}, 'path_level': {(0, 1): {}, (0, 2): {}}}",[],-inf,-inf,True,True,False,0,[],0,0.0,0.0010161399841308594,3.0,2.0
27,7,4,771.0,2052.0,381838.07551099075,1088846.8505672077,0.3757309941520468,0.35068115898216695,15,41,0,665.5172947376951,4073,607,3466,0.16506189821182948,0.2429008300567933,16,248.5172947376951,417.0,2,1,False,{},{},{},{},0.0,0.0,0.0,0.0,0.0,0.0,0.0,0.0,0.0,0.0,0.0,0.0,0.0,0.0,Leave Event,0.0,"{'node_level': {}, 'link_level': {}, 'path_level': {}}","{'node_level': {}, 'link_level': {}, 'path_level': {}}","{'node_level': {}, 'link_level': {}, 'path_level': {}}",[],-inf,-inf,True,True,False,0,[],0,0.0,,,
28,7,4,771.0,2052.0,381838.07551099075,1088846.8505672077,0.3757309941520468,0.35068115898216695,15,42,1,674.0,4073,607,3466,0.16506189821182948,0.2429008300567933,27,260.2353349665607,674.0,4,3,False,"{3: np.int64(22), 0: np.int64(30), 1: np.int64(19), 2: np.int64(27)}","{(0, 1): [(np.int64(30), 14), (14, 6), (6, 2), (2, 5), (5, 11), (11, np.int64(19))], (1, 3): [(np.int64(19), 11), (11, 5), (5, 2), (2, 6), (6, 14), (14, np.int64(22))], (2, 3): []}","{(3, np.int64(22)): {'cpu': 13}, (0, np.int64(30)): {'cpu': 18}, (1, np.int64(19)): {'cpu': 3}, (2, np.int64(27)): {'cpu': 6}}","{((0, 1), (np.int64(30), 14)): {'bw': 40}, ((0, 1), (14, 6)): {'bw': 40}, ((0, 1), (6, 2)): {'bw': 40}, ((0, 1), (2, 5)): {'bw': 40}, ((0, 1), (5, 11)): {'bw': 40}, ((0, 1), (11, np.int64(19))): {'bw': 40}, ((1, 3), (np.int64(19), 11)): {'bw': 41}, ((1, 3), (11, 5)): {'bw': 41}, ((1, 3), (5, 2)): {'bw': 41}, ((1, 3), (2, 6)): {'bw': 41}, ((1, 3), (6, 14)): {'bw': 41}, ((1, 3), (14, np.int64(22))): {'bw': 41}}",0.0,0.0,80.0,40.0,119.0,0.0,0.0,0.0,0.0,0.0,0.0,0.0,0.0,0.0,Route Failure,62.0,"{'node_level': {}, 'link_level': {}, 'path_level': {}}","{'node_level': {3: {'cpu': -23}, 0: {'cpu': -25}, 1: {'cpu': -31}, 2: {'cpu': -24}}, 'link_level': {(0, 1): {'bw': -41}, (1, 3): {'bw': 0}, (2, 3): {'bw': 38}}, 'path_level': {(0, 1): {}, (1, 3): {}, (2, 3): {}}}","{'node_level': {3: {'cpu': 0}, 0: {'cpu': 0}, 1: {'cpu': 0}, 2: {'cpu': 0}}, 'link_level': {(0, 1): {'bw': 0}, (1, 3): {'bw': 0}, (2, 3): {'bw': 62}}, 'path_level': {(0, 1): {}, (1, 3): {}, (2, 3): {}}}",[],-inf,-inf,True,False,False,0,[],0,0.0,0.001461029052734375,4.0,3.0
29,7,4,771.0,2052.0,381838.07551099075,1088846.8505672077,0.3757309941520468,0.35068115898216695,15,43,1,692.0,4073,607,3466,0.16506189821182948,0.2429008300567933,28,1782.5054413341543,692.0,9,16,False,"{1: np.int64(22), 2: np.int64(30), 4: np.int64(19), 6: np.int64(27), 8: np.int64(21), 5: np.int64(28), 0: np.int64(20), 7: np.int64(26), 3: np.int64(18)}","{(0, 2): [(np.int64(20), 12), (12, 5), (5, 2), (2, 6), (6, 14), (14, np.int64(30))], (0, 3): [(np.int64(20), 12), (12, 5), (5, 2), (2, 0), (0, 1), (1, 4), (4, 10), (10, np.int64(18))], (0, 6): [(np.int64(20), 12), (12, 5), (5, 11), (11, np.int64(27))], (0, 8): [(np.int64(20), 12), (12, 5), (5, 2), (2, 6), (6, 13), (13, np.int64(21))], (1, 3): [(np.int64(22), 14), (14, 6), (6, 2), (2, 0), (0, 1), (1, 4), (4, 10), (10, np.int64(18))], (1, 4): []}","{(1, np.int64(22)): {'cpu': 16}, (2, np.int64(30)): {'cpu': 11}, (4, np.int64(19)): {'cpu': 13}, (6, np.int64(27)): {'cpu': 11}, (8, np.int64(21)): {'cpu': 2}, (5, np.int64(28)): {'cpu': 3}, (0, np.int64(20)): {'cpu': 2}, (7, np.int64(26)): {'cpu': 3}, (3, np.int64(18)): {'cpu': 0}}","{((0, 2), (np.int64(20), 12)): {'bw': 2}, ((0, 2), (12, 5)): {'bw': 2}, ((0, 2), (5, 2)): {'bw': 2}, ((0, 2), (2, 6)): {'bw': 2}, ((0, 2), (6, 14)): {'bw': 2}, ((0, 2), (14, np.int64(30))): {'bw': 2}, ((0, 3), (np.int64(20), 12)): {'bw': 2}, ((0, 3), (12, 5)): {'bw': 2}, ((0, 3), (5, 2)): {'bw': 2}, ((0, 3), (2, 0)): {'bw': 2}, ((0, 3), (0, 1)): {'bw': 2}, ((0, 3), (1, 4)): {'bw': 2}, ((0, 3), (4, 10)): {'bw': 2}, ((0, 3), (10, np.int64(18))): {'bw': 2}, ((0, 6), (np.int64(20), 12)): {'bw': 17}, ((0, 6), (12, 5)): {'bw': 17}, ((0, 6), (5, 11)): {'bw': 17}, ((0, 6), (11, np.int64(27))): {'bw': 17}, ((0, 8), (np.int64(20), 12)): {'bw': 39}, ((0, 8), (12, 5)): {'bw': 39}, ((0, 8), (5, 2)): {'bw': 39}, ((0, 8), (2, 6)): {'bw': 39}, ((0, 8), (6, 13)): {'bw': 39}, ((0, 8), (13, np.int64(21))): {'bw': 39}, ((1, 3), (np.int64(22), 14)): {'bw': 21}, ((1, 3), (14, 6)): {'bw': 21}, ((1, 3), (6, 2)): {'bw': 21}, ((1, 3), (2, 0)): {'bw': 21}, ((1, 3), (0, 1)): {'bw': 21}, ((1, 3), (1, 4)): {'bw': 21}, ((1, 3), (4, 10)): {'bw': 21}, ((1, 3), (10, np.int64(18))): {'bw': 21}}",0.0,0.0,122.0,61.0,303.0,0.0,0.0,0.0,0.0,0.0,0.0,0.0,0.0,0.0,Route Failure,4.0,"{'node_level': {}, 'link_level': {}, 'path_level': {}}","{'node_level': {1: {'cpu': -20}, 2: {'cpu': -32}, 4: {'cpu': -21}, 6: {'cpu': -19}, 8: {'cpu': -22}, 5: {'cpu': -35}, 0: {'cpu': -43}, 7: {'cpu': -30}, 3: {'cpu': -29}}, 'link_level': {(0, 2): {'bw': -74}, (0, 3): {'bw': -72}, (0, 6): {'bw': -55}, (0, 8): {'bw': -16}, (1, 3): {'bw': -19}, (1, 4): {'bw': 4}}, 'path_level': {(0, 2): {}, (0, 3): {}, (0, 6): {}, (0, 8): {}, (1, 3): {}, (1, 4): {}}}","{'node_level': {1: {'cpu': 0}, 2: {'cpu': 0}, 4: {'cpu': 0}, 6: {'cpu': 0}, 8: {'cpu': 0}, 5: {'cpu': 0}, 0: {'cpu': 0}, 7: {'cpu': 0}, 3: {'cpu': 0}}, 'link_level': {(0, 2): {'bw': 0}, (0, 3): {'bw': 0}, (0, 6): {'bw': 0}, (0, 8): {'bw': 0}, (1, 3): {'bw': 0}, (1, 4): {'bw': 4}}, 'path_level': {(0, 2): {}, (0, 3): {}, (0, 6): {}, (0, 8): {}, (1, 3): {}, (1, 4): {}}}",[],-inf,-inf,True,False,False,0,[],0,0.0,0.0033898353576660156,9.0,6.0
29,7,3,771.0,2052.0,381838.07551099075,1088846.8505672077,0.3757309941520468,0.35068115898216695,15,44,0,700.6000990744989,4490,630,3860,0.13342503438789544,0.15683704674530363,23,108.60009907449884,592.0,4,4,False,{},{},{},{},0.0,0.0,0.0,0.0,0.0,0.0,0.0,0.0,0.0,0.0,0.0,0.0,0.0,0.0,Leave Event,0.0,"{'node_level': {}, 'link_level': {}, 'path_level': {}}","{'node_level': {}, 'link_level': {}, 'path_level': {}}","{'node_level': {}, 'link_level': {}, 'path_level': {}}",[],-inf,-inf,True,True,False,0,[],0,0.0,,,
30,8,4,810.0,2108.0,382713.94354117976,1090104.5072259405,0.38425047438330173,0.3510800487515612,15,45,1,720.0,4434,608,3826,0.1636863823933975,0.164263870685889,29,22.458154620230513,720.0,2,1,True,"{1: np.int64(23), 0: np.int64(15)}","{(0, 1): [(np.int64(15), 7), (7, 23)]}","{(1, np.int64(23)): {'cpu': 18}, (0, np.int64(15)): {'cpu': 4}}","{((0, 1), (np.int64(15), 7)): {'bw': 17}, ((0, 1), (7, 23)): {'bw': 17}}",56.0,39.0,44.0,22.0,17.0,22.0,17.0,22.0,34.0,17.0,0.6964285714285714,1257.6566587329087,875.86803018899,15.640500539089107,Success,0.0,"{'node_level': {}, 'link_level': {}, 'path_level': {}}","{'node_level': {1: {'cpu': -42}, 0: {'cpu': -49}}, 'link_level': {(0, 1): {'bw': -116}}, 'path_level': {(0, 1): {}}}","{'node_level': {1: {'cpu': 0}, 0: {'cpu': 0}}, 'link_level': {(0, 1): {'bw': 0}}, 'path_level': {(0, 1): {}}}",[],-inf,-inf,True,True,False,0,[],0,0.0,0.0006120204925537109,2.0,1.0
30,8,3,810.0,2108.0,382713.94354117976,1090104.5072259405,0.38425047438330173,0.3510800487515612,15,46,0,742.4581546202305,4490,630,3860,0.13342503438789544,0.15683704674530363,29,22.458154620230513,720.0,2,1,False,{},{},{},{},0.0,0.0,0.0,0.0,0.0,0.0,0.0,0.0,0.0,0.0,0.0,0.0,0.0,0.0,Leave Event,0.0,"{'node_level': {}, 'link_level': {}, 'path_level': {}}","{'node_level': {}, 'link_level': {}, 'path_level': {}}","{'node_level': {}, 'link_level': {}, 'path_level': {}}",[],-inf,-inf,True,True,False,0,[],0,0.0,,,
31,8,3,810.0,2108.0,382713.94354117976,1090104.5072259405,0.38425047438330173,0.3510800487515612,15,47,1,749.0,4490,630,3860,0.13342503438789544,0.15683704674530363,30,167.9074449129575,749.0,10,25,False,"{1: np.int64(23), 7: np.int64(15), 9: np.int64(16), 6: np.int64(24), 2: np.int64(26), 0: np.int64(18), 3: np.int64(25), 8: np.int64(22), 4: np.int64(30), 5: np.int64(19)}","{(0, 1): [(np.int64(18), 10), (10, 4), (4, 1), (1, 3), (3, 7), (7, np.int64(23))], (0, 4): [(np.int64(18), 10), (10, 4), (4, 1), (1, 0), (0, 2), (2, 6), (6, 14), (14, np.int64(30))], (0, 5): [(np.int64(18), 10), (10, 4), (4, 1), (1, 0), (0, 2), (2, 5), (5, 11), (11, np.int64(19))], (0, 8): [(np.int64(18), 10), (10, 4), (4, 1), (1, 0), (0, 2), (2, 6), (6, 14), (14, np.int64(22))], (1, 4): [(np.int64(23), 7), (7, 3), (3, 1), (1, 0), (0, 2), (2, 6), (6, 14), (14, np.int64(30))], (1, 5): [(np.int64(23), 7), (7, 3), (3, 1), (1, 0), (0, 2), (2, 5), (5, 11), (11, np.int64(19))], (1, 6): [(np.int64(23), 7), (7, 3), (3, 8), (8, np.int64(24))], (1, 7): []}","{(1, np.int64(23)): {'cpu': 17}, (7, np.int64(15)): {'cpu': 13}, (9, np.int64(16)): {'cpu': 11}, (6, np.int64(24)): {'cpu': 20}, (2, np.int64(26)): {'cpu': 9}, (0, np.int64(18)): {'cpu': 5}, (3, np.int64(25)): {'cpu': 5}, (8, np.int64(22)): {'cpu': 4}, (4, np.int64(30)): {'cpu': 11}, (5, np.int64(19)): {'cpu': 1}}","{((0, 1), (np.int64(18), 10)): {'bw': 39}, ((0, 1), (10, 4)): {'bw': 39}, ((0, 1), (4, 1)): {'bw': 39}, ((0, 1), (1, 3)): {'bw': 39}, ((0, 1), (3, 7)): {'bw': 39}, ((0, 1), (7, np.int64(23))): {'bw': 39}, ((0, 4), (np.int64(18), 10)): {'bw': 34}, ((0, 4), (10, 4)): {'bw': 34}, ((0, 4), (4, 1)): {'bw': 34}, ((0, 4), (1, 0)): {'bw': 34}, ((0, 4), (0, 2)): {'bw': 34}, ((0, 4), (2, 6)): {'bw': 34}, ((0, 4), (6, 14)): {'bw': 34}, ((0, 4), (14, np.int64(30))): {'bw': 34}, ((0, 5), (np.int64(18), 10)): {'bw': 31}, ((0, 5), (10, 4)): {'bw': 31}, ((0, 5), (4, 1)): {'bw': 31}, ((0, 5), (1, 0)): {'bw': 31}, ((0, 5), (0, 2)): {'bw': 31}, ((0, 5), (2, 5)): {'bw': 31}, ((0, 5), (5, 11)): {'bw': 31}, ((0, 5), (11, np.int64(19))): {'bw': 31}, ((0, 8), (np.int64(18), 10)): {'bw': 4}, ((0, 8), (10, 4)): {'bw': 4}, ((0, 8), (4, 1)): {'bw': 4}, ((0, 8), (1, 0)): {'bw': 4}, ((0, 8), (0, 2)): {'bw': 4}, ((0, 8), (2, 6)): {'bw': 4}, ((0, 8), (6, 14)): {'bw': 4}, ((0, 8), (14, np.int64(22))): {'bw': 4}, ((1, 4), (np.int64(23), 7)): {'bw': 1}, ((1, 4), (7, 3)): {'bw': 1}, ((1, 4), (3, 1)): {'bw': 1}, ((1, 4), (1, 0)): {'bw': 1}, ((1, 4), (0, 2)): {'bw': 1}, ((1, 4), (2, 6)): {'bw': 1}, ((1, 4), (6, 14)): {'bw': 1}, ((1, 4), (14, np.int64(30))): {'bw': 1}, ((1, 5), (np.int64(23), 7)): {'bw': 48}, ((1, 5), (7, 3)): {'bw': 48}, ((1, 5), (3, 1)): {'bw': 48}, ((1, 5), (1, 0)): {'bw': 48}, ((1, 5), (0, 2)): {'bw': 48}, ((1, 5), (2, 5)): {'bw': 48}, ((1, 5), (5, 11)): {'bw': 48}, ((1, 5), (11, np.int64(19))): {'bw': 48}, ((1, 6), (np.int64(23), 7)): {'bw': 16}, ((1, 6), (7, 3)): {'bw': 16}, ((1, 6), (3, 8)): {'bw': 16}, ((1, 6), (8, np.int64(24))): {'bw': 16}}",0.0,0.0,192.0,96.0,500.0,0.0,0.0,0.0,0.0,0.0,0.0,0.0,0.0,0.0,Route Failure,2.0,"{'node_level': {}, 'link_level': {}, 'path_level': {}}","{'node_level': {1: {'cpu': -43}, 7: {'cpu': -40}, 9: {'cpu': -42}, 6: {'cpu': -20}, 2: {'cpu': -24}, 0: {'cpu': -24}, 3: {'cpu': -25}, 8: {'cpu': -32}, 4: {'cpu': -32}, 5: {'cpu': -33}}, 'link_level': {(0, 1): {'bw': -69}, (0, 4): {'bw': -47}, (0, 5): {'bw': -37}, (0, 8): {'bw': -33}, (1, 4): {'bw': -42}, (1, 5): {'bw': -18}, (1, 6): {'bw': -4}, (1, 7): {'bw': 2}}, 'path_level': {(0, 1): {}, (0, 4): {}, (0, 5): {}, (0, 8): {}, (1, 4): {}, (1, 5): {}, (1, 6): {}, (1, 7): {}}}","{'node_level': {1: {'cpu': 0}, 7: {'cpu': 0}, 9: {'cpu': 0}, 6: {'cpu': 0}, 2: {'cpu': 0}, 0: {'cpu': 0}, 3: {'cpu': 0}, 8: {'cpu': 0}, 4: {'cpu': 0}, 5: {'cpu': 0}}, 'link_level': {(0, 1): {'bw': 0}, (0, 4): {'bw': 0}, (0, 5): {'bw': 0}, (0, 8): {'bw': 0}, (1, 4): {'bw': 0}, (1, 5): {'bw': 0}, (1, 6): {'bw': 0}, (1, 7): {'bw': 2}}, 'path_level': {(0, 1): {}, (0, 4): {}, (0, 5): {}, (0, 8): {}, (1, 4): {}, (1, 5): {}, (1, 6): {}, (1, 7): {}}}",[],-inf,-inf,True,False,False,0,[],0,0.0,0.0035402774810791016,10.0,8.0
32,9,4,973.0,2468.0,408414.69657383446,1146866.906561865,0.3942463533225284,0.3561134201685185,15,48,1,770.0,4130,582,3548,0.19944979367262727,0.2249890782000874,31,157.67333148867922,770.0,5,5,True,"{3: np.int64(23), 1: np.int64(15), 4: np.int64(16), 0: np.int64(24), 2: np.int64(26)}","{(0, 1): [(np.int64(24), 8), (8, 3), (3, 7), (7, np.int64(15))], (0, 4): [(np.int64(24), 8), (8, 16)], (1, 2): [(np.int64(15), 7), (7, 3), (3, 1), (1, 4), (4, 10), (10, np.int64(26))], (1, 3): [(np.int64(15), 7), (7, 23)], (1, 4): [(np.int64(15), 7), (7, 3), (3, 8), (8, np.int64(16))]}","{(3, np.int64(23)): {'cpu': 20}, (1, np.int64(15)): {'cpu': 9}, (4, np.int64(16)): {'cpu': 14}, (0, np.int64(24)): {'cpu': 0}, (2, np.int64(26)): {'cpu': 5}}","{((0, 1), (np.int64(24), 8)): {'bw': 36}, ((0, 1), (8, 3)): {'bw': 36}, ((0, 1), (3, 7)): {'bw': 36}, ((0, 1), (7, np.int64(15))): {'bw': 36}, ((0, 4), (np.int64(24), 8)): {'bw': 25}, ((0, 4), (8, 16)): {'bw': 25}, ((1, 2), (np.int64(15), 7)): {'bw': 0}, ((1, 2), (7, 3)): {'bw': 0}, ((1, 2), (3, 1)): {'bw': 0}, ((1, 2), (1, 4)): {'bw': 0}, ((1, 2), (4, 10)): {'bw': 0}, ((1, 2), (10, np.int64(26))): {'bw': 0}, ((1, 3), (np.int64(15), 7)): {'bw': 49}, ((1, 3), (7, 23)): {'bw': 49}, ((1, 4), (np.int64(15), 7)): {'bw': 5}, ((1, 4), (7, 3)): {'bw': 5}, ((1, 4), (3, 8)): {'bw': 5}, ((1, 4), (8, np.int64(16))): {'bw': 5}}",360.0,163.0,96.0,48.0,115.0,48.0,115.0,48.0,312.0,197.0,0.4527777777777778,56762.39933592452,25700.753032654713,71.39098064626309,Success,0.0,"{'node_level': {}, 'link_level': {}, 'path_level': {}}","{'node_level': {3: {'cpu': -40}, 1: {'cpu': -44}, 4: {'cpu': -39}, 0: {'cpu': -40}, 2: {'cpu': -28}}, 'link_level': {(0, 1): {'bw': -72}, (0, 4): {'bw': -67}, (1, 2): {'bw': -72}, (1, 3): {'bw': -60}, (1, 4): {'bw': -55}}, 'path_level': {(0, 1): {}, (0, 4): {}, (1, 2): {}, (1, 3): {}, (1, 4): {}}}","{'node_level': {3: {'cpu': 0}, 1: {'cpu': 0}, 4: {'cpu': 0}, 0: {'cpu': 0}, 2: {'cpu': 0}}, 'link_level': {(0, 1): {'bw': 0}, (0, 4): {'bw': 0}, (1, 2): {'bw': 0}, (1, 3): {'bw': 0}, (1, 4): {'bw': 0}}, 'path_level': {(0, 1): {}, (0, 4): {}, (1, 2): {}, (1, 3): {}, (1, 4): {}}}",[],-inf,-inf,True,True,False,0,[],0,0.0,0.002028942108154297,5.0,5.0
32,9,4,973.0,2468.0,408414.69657383446,1146866.906561865,0.3942463533225284,0.3561134201685185,15,49,0,778.1166864346287,4130,582,3548,0.19944979367262727,0.2249890782000874,18,315.1166864346288,463.0,7,9,False,{},{},{},{},0.0,0.0,0.0,0.0,0.0,0.0,0.0,0.0,0.0,0.0,0.0,0.0,0.0,0.0,Leave Event,0.0,"{'node_level': {}, 'link_level': {}, 'path_level': {}}","{'node_level': {}, 'link_level': {}, 'path_level': {}}","{'node_level': {}, 'link_level': {}, 'path_level': {}}",[],-inf,-inf,True,True,False,0,[],0,0.0,,,
32,9,3,973.0,2468.0,408414.69657383446,1146866.906561865,0.3942463533225284,0.3561134201685185,15,50,0,787.1868886441391,4350,618,3732,0.14993122420907845,0.1847968545216252,26,134.18688864413906,653.0,3,2,False,{},{},{},{},0.0,0.0,0.0,0.0,0.0,0.0,0.0,0.0,0.0,0.0,0.0,0.0,0.0,0.0,Leave Event,0.0,"{'node_level': {}, 'link_level': {}, 'path_level': {}}","{'node_level': {}, 'link_level': {}, 'path_level': {}}","{'node_level': {}, 'link_level': {}, 'path_level': {}}",[],-inf,-inf,True,True,False,0,[],0,0.0,,,
33,10,4,1042.0,2601.0,429855.66811515787,1188195.1560545608,0.4006151480199923,0.3617719411872601,15,51,1,796.0,4217,601,3616,0.17331499312242094,0.21013543031891657,32,310.73871799019446,796.0,3,2,True,"{0: np.int64(21), 1: np.int64(29), 2: np.int64(30)}","{(0, 1): [(np.int64(21), 13), (13, 29)], (1, 2): [(np.int64(29), 13), (13, 6), (6, 14), (14, np.int64(30))]}","{(0, np.int64(21)): {'cpu': 6}, (1, np.int64(29)): {'cpu': 5}, (2, np.int64(30)): {'cpu': 6}}","{((0, 1), (np.int64(21), 13)): {'bw': 46}, ((0, 1), (13, 29)): {'bw': 46}, ((1, 2), (np.int64(29), 13)): {'bw': 6}, ((1, 2), (13, 6)): {'bw': 6}, ((1, 2), (6, 14)): {'bw': 6}, ((1, 2), (14, np.int64(30))): {'bw': 6}}",133.0,69.0,34.0,17.0,52.0,17.0,52.0,17.0,116.0,64.0,0.518796992481203,41328.24949269586,21440.97154132342,161.2103123407776,Success,0.0,"{'node_level': {}, 'link_level': {}, 'path_level': {}}","{'node_level': {0: {'cpu': -36}, 1: {'cpu': -46}, 2: {'cpu': -45}}, 'link_level': {(0, 1): {'bw': -78}, (1, 2): {'bw': -72}}, 'path_level': {(0, 1): {}, (1, 2): {}}}","{'node_level': {0: {'cpu': 0}, 1: {'cpu': 0}, 2: {'cpu': 0}}, 'link_level': {(0, 1): {'bw': 0}, (1, 2): {'bw': 0}}, 'path_level': {(0, 1): {}, (1, 2): {}}}",[],-inf,-inf,True,True,False,0,[],0,0.0,0.001010894775390625,3.0,2.0
34,11,5,1067.0,2631.0,436768.4682014936,1196490.5161581638,0.4055492208285823,0.36504131232391424,15,52,1,824.0,4187,581,3606,0.20082530949105915,0.21231979030144166,33,276.51200345342943,824.0,2,1,True,"{1: np.int64(30), 0: np.int64(22)}","{(0, 1): [(np.int64(22), 14), (14, 30)]}","{(1, np.int64(30)): {'cpu': 15}, (0, np.int64(22)): {'cpu': 5}}","{((0, 1), (np.int64(22), 14)): {'bw': 5}, ((0, 1), (14, 30)): {'bw': 5}}",30.0,25.0,40.0,20.0,5.0,20.0,5.0,20.0,10.0,5.0,0.8333333333333334,8295.360103602883,6912.800086335736,230.42666954452454,Success,0.0,"{'node_level': {}, 'link_level': {}, 'path_level': {}}","{'node_level': {1: {'cpu': -30}, 0: {'cpu': -31}}, 'link_level': {(0, 1): {'bw': -137}}, 'path_level': {(0, 1): {}}}","{'node_level': {1: {'cpu': 0}, 0: {'cpu': 0}}, 'link_level': {(0, 1): {'bw': 0}}, 'path_level': {(0, 1): {}}}",[],-inf,-inf,True,True,False,0,[],0,0.0,0.00061798095703125,2.0,1.0
35,11,5,1067.0,2631.0,436768.4682014936,1196490.5161581638,0.4055492208285823,0.36504131232391424,15,53,1,853.0,4187,581,3606,0.20082530949105915,0.21231979030144166,34,704.5753634371506,853.0,5,6,False,"{4: np.int64(19), 1: np.int64(27), 0: np.int64(28), 2: np.int64(20), 3: np.int64(21)}","{(0, 1): [(np.int64(28), 12), (12, 5), (5, 11), (11, np.int64(27))], (0, 2): [(np.int64(28), 12), (12, 20)], (0, 3): [(np.int64(28), 12), (12, 5), (5, 2), (2, 6), (6, 13), (13, np.int64(21))], (0, 4): [(np.int64(28), 12), (12, 5), (5, 11), (11, np.int64(19))], (1, 3): [(np.int64(27), 11), (11, 5), (5, 2), (2, 6), (6, 13), (13, np.int64(21))], (2, 4): []}","{(4, np.int64(19)): {'cpu': 15}, (1, np.int64(27)): {'cpu': 8}, (0, np.int64(28)): {'cpu': 3}, (2, np.int64(20)): {'cpu': 4}, (3, np.int64(21)): {'cpu': 2}}","{((0, 1), (np.int64(28), 12)): {'bw': 29}, ((0, 1), (12, 5)): {'bw': 29}, ((0, 1), (5, 11)): {'bw': 29}, ((0, 1), (11, np.int64(27))): {'bw': 29}, ((0, 2), (np.int64(28), 12)): {'bw': 9}, ((0, 2), (12, 20)): {'bw': 9}, ((0, 3), (np.int64(28), 12)): {'bw': 9}, ((0, 3), (12, 5)): {'bw': 9}, ((0, 3), (5, 2)): {'bw': 9}, ((0, 3), (2, 6)): {'bw': 9}, ((0, 3), (6, 13)): {'bw': 9}, ((0, 3), (13, np.int64(21))): {'bw': 9}, ((0, 4), (np.int64(28), 12)): {'bw': 35}, ((0, 4), (12, 5)): {'bw': 35}, ((0, 4), (5, 11)): {'bw': 35}, ((0, 4), (11, np.int64(19))): {'bw': 35}, ((1, 3), (np.int64(27), 11)): {'bw': 9}, ((1, 3), (11, 5)): {'bw': 9}, ((1, 3), (5, 2)): {'bw': 9}, ((1, 3), (2, 6)): {'bw': 9}, ((1, 3), (6, 13)): {'bw': 9}, ((1, 3), (13, np.int64(21))): {'bw': 9}}",0.0,0.0,64.0,32.0,109.0,0.0,0.0,0.0,0.0,0.0,0.0,0.0,0.0,0.0,Route Failure,8.0,"{'node_level': {}, 'link_level': {}, 'path_level': {}}","{'node_level': {4: {'cpu': -19}, 1: {'cpu': -22}, 0: {'cpu': -35}, 2: {'cpu': -41}, 3: {'cpu': -34}}, 'link_level': {(0, 1): {'bw': -54}, (0, 2): {'bw': -53}, (0, 3): {'bw': -44}, (0, 4): {'bw': -9}, (1, 3): {'bw': -63}, (2, 4): {'bw': 8}}, 'path_level': {(0, 1): {}, (0, 2): {}, (0, 3): {}, (0, 4): {}, (1, 3): {}, (2, 4): {}}}","{'node_level': {4: {'cpu': 0}, 1: {'cpu': 0}, 0: {'cpu': 0}, 2: {'cpu': 0}, 3: {'cpu': 0}}, 'link_level': {(0, 1): {'bw': 0}, (0, 2): {'bw': 0}, (0, 3): {'bw': 0}, (0, 4): {'bw': 0}, (1, 3): {'bw': 0}, (2, 4): {'bw': 8}}, 'path_level': {(0, 1): {}, (0, 2): {}, (0, 3): {}, (0, 4): {}, (1, 3): {}, (2, 4): {}}}",[],-inf,-inf,True,False,False,0,[],0,0.0,0.00185394287109375,5.0,6.0
35,11,5,1067.0,2631.0,436768.4682014936,1196490.5161581638,0.4055492208285823,0.36504131232391424,15,54,0,854.6911451210482,4187,581,3606,0.20082530949105915,0.21231979030144166,24,239.69114512104818,615.0,7,12,False,{},{},{},{},0.0,0.0,0.0,0.0,0.0,0.0,0.0,0.0,0.0,0.0,0.0,0.0,0.0,0.0,Leave Event,0.0,"{'node_level': {}, 'link_level': {}, 'path_level': {}}","{'node_level': {}, 'link_level': {}, 'path_level': {}}","{'node_level': {}, 'link_level': {}, 'path_level': {}}",[],-inf,-inf,True,True,False,0,[],0,0.0,,,
36,11,5,1067.0,2631.0,436768.4682014936,1196490.5161581638,0.4055492208285823,0.36504131232391424,15,55,1,891.0,4187,581,3606,0.20082530949105915,0.21231979030144166,35,144.84101162648525,891.0,4,3,False,"{2: np.int64(19), 1: np.int64(27), 3: np.int64(28), 0: np.int64(20)}","{(0, 2): [(np.int64(20), 12), (12, 5), (5, 11), (11, np.int64(19))], (1, 2): [(np.int64(27), 11), (11, 19)], (1, 3): []}","{(2, np.int64(19)): {'cpu': 6}, (1, np.int64(27)): {'cpu': 4}, (3, np.int64(28)): {'cpu': 6}, (0, np.int64(20)): {'cpu': 6}}","{((0, 2), (np.int64(20), 12)): {'bw': 47}, ((0, 2), (12, 5)): {'bw': 47}, ((0, 2), (5, 11)): {'bw': 47}, ((0, 2), (11, np.int64(19))): {'bw': 47}, ((1, 2), (np.int64(27), 11)): {'bw': 40}, ((1, 2), (11, 19)): {'bw': 40}}",0.0,0.0,44.0,22.0,136.0,0.0,0.0,0.0,0.0,0.0,0.0,0.0,0.0,0.0,Route Failure,13.0,"{'node_level': {}, 'link_level': {}, 'path_level': {}}","{'node_level': {2: {'cpu': -28}, 1: {'cpu': -26}, 3: {'cpu': -32}, 0: {'cpu': -39}}, 'link_level': {(0, 2): {'bw': -29}, (1, 2): {'bw': -70}, (1, 3): {'bw': 13}}, 'path_level': {(0, 2): {}, (1, 2): {}, (1, 3): {}}}","{'node_level': {2: {'cpu': 0}, 1: {'cpu': 0}, 3: {'cpu': 0}, 0: {'cpu': 0}}, 'link_level': {(0, 2): {'bw': 0}, (1, 2): {'bw': 0}, (1, 3): {'bw': 13}}, 'path_level': {(0, 2): {}, (1, 2): {}, (1, 3): {}}}",[],-inf,-inf,True,False,False,0,[],0,0.0,0.0014052391052246094,4.0,3.0
37,12,6,1233.0,3279.0,601964.3067782042,1841351.379999781,0.37602927721866425,0.3269144136836478,16,56,1,912.0,3539,537,3002,0.2613480055020633,0.3442551332459589,36,995.1556540765699,912.0,5,5,True,"{0: np.int64(19), 2: np.int64(27), 4: np.int64(28), 3: np.int64(20), 1: np.int64(21)}","{(0, 1): [(np.int64(19), 11), (11, 5), (5, 2), (2, 6), (6, 13), (13, np.int64(21))], (0, 2): [(np.int64(19), 11), (11, 27)], (0, 4): [(np.int64(19), 11), (11, 5), (5, 12), (12, np.int64(28))], (1, 3): [(np.int64(21), 13), (13, 6), (6, 2), (2, 5), (5, 12), (12, np.int64(20))], (2, 4): [(np.int64(27), 11), (11, 5), (5, 12), (12, np.int64(28))]}","{(0, np.int64(19)): {'cpu': 6}, (2, np.int64(27)): {'cpu': 13}, (4, np.int64(28)): {'cpu': 11}, (3, np.int64(20)): {'cpu': 13}, (1, np.int64(21)): {'cpu': 1}}","{((0, 1), (np.int64(19), 11)): {'bw': 49}, ((0, 1), (11, 5)): {'bw': 49}, ((0, 1), (5, 2)): {'bw': 49}, ((0, 1), (2, 6)): {'bw': 49}, ((0, 1), (6, 13)): {'bw': 49}, ((0, 1), (13, np.int64(21))): {'bw': 49}, ((0, 2), (np.int64(19), 11)): {'bw': 16}, ((0, 2), (11, 27)): {'bw': 16}, ((0, 4), (np.int64(19), 11)): {'bw': 16}, ((0, 4), (11, 5)): {'bw': 16}, ((0, 4), (5, 12)): {'bw': 16}, ((0, 4), (12, np.int64(28))): {'bw': 16}, ((1, 3), (np.int64(21), 13)): {'bw': 25}, ((1, 3), (13, 6)): {'bw': 25}, ((1, 3), (6, 2)): {'bw': 25}, ((1, 3), (2, 5)): {'bw': 25}, ((1, 3), (5, 12)): {'bw': 25}, ((1, 3), (12, np.int64(20))): {'bw': 25}, ((2, 4), (np.int64(27), 11)): {'bw': 16}, ((2, 4), (11, 5)): {'bw': 16}, ((2, 4), (5, 12)): {'bw': 16}, ((2, 4), (12, np.int64(28))): {'bw': 16}}",648.0,166.0,88.0,44.0,122.0,44.0,122.0,44.0,604.0,482.0,0.25617283950617287,644860.8638416174,165195.8385767106,254.93184965541764,Success,0.0,"{'node_level': {}, 'link_level': {}, 'path_level': {}}","{'node_level': {0: {'cpu': -28}, 2: {'cpu': -17}, 4: {'cpu': -27}, 3: {'cpu': -32}, 1: {'cpu': -35}}, 'link_level': {(0, 1): {'bw': -32}, (0, 2): {'bw': -92}, (0, 4): {'bw': -67}, (1, 3): {'bw': -7}, (2, 4): {'bw': -26}}, 'path_level': {(0, 1): {}, (0, 2): {}, (0, 4): {}, (1, 3): {}, (2, 4): {}}}","{'node_level': {0: {'cpu': 0}, 2: {'cpu': 0}, 4: {'cpu': 0}, 3: {'cpu': 0}, 1: {'cpu': 0}}, 'link_level': {(0, 1): {'bw': 0}, (0, 2): {'bw': 0}, (0, 4): {'bw': 0}, (1, 3): {'bw': 0}, (2, 4): {'bw': 0}}, 'path_level': {(0, 1): {}, (0, 2): {}, (0, 4): {}, (1, 3): {}, (2, 4): {}}}",[],-inf,-inf,True,True,False,0,[],0,0.0,0.0018191337585449219,5.0,5.0
37,12,6,1233.0,3279.0,601964.3067782042,1841351.379999781,0.37602927721866425,0.3269144136836478,16,57,0,916.9074449129575,3539,537,3002,0.2613480055020633,0.3442551332459589,30,167.9074449129575,749.0,10,25,False,{},{},{},{},0.0,0.0,0.0,0.0,0.0,0.0,0.0,0.0,0.0,0.0,0.0,0.0,0.0,0.0,Leave Event,0.0,"{'node_level': {}, 'link_level': {}, 'path_level': {}}","{'node_level': {}, 'link_level': {}, 'path_level': {}}","{'node_level': {}, 'link_level': {}, 'path_level': {}}",[],-inf,-inf,True,True,False,0,[],0,0.0,,,
37,12,5,1233.0,3279.0,601964.3067782042,1841351.379999781,0.37602927721866425,0.3269144136836478,16,58,0,927.6733314886792,3899,585,3314,0.19532324621733155,0.27610310179117514,31,157.67333148867922,770.0,5,5,False,{},{},{},{},0.0,0.0,0.0,0.0,0.0,0.0,0.0,0.0,0.0,0.0,0.0,0.0,0.0,0.0,Leave Event,0.0,"{'node_level': {}, 'link_level': {}, 'path_level': {}}","{'node_level': {}, 'link_level': {}, 'path_level': {}}","{'node_level': {}, 'link_level': {}, 'path_level': {}}",[],-inf,-inf,True,True,False,0,[],0,0.0,,,
38,13,6,1320.0,3535.0,640498.5622564399,1954739.5340506816,0.3734087694483734,0.32766440290342713,16,59,1,932.0,3643,555,3088,0.2365887207702888,0.3254696373962429,37,442.9224767613304,932.0,4,4,True,"{2: np.int64(23), 3: np.int64(15), 1: np.int64(16), 0: np.int64(24)}","{(0, 1): [(np.int64(24), 8), (8, 16)], (0, 2): [(np.int64(24), 8), (8, 3), (3, 7), (7, np.int64(23))], (0, 3): [(np.int64(24), 8), (8, 3), (3, 7), (7, np.int64(15))], (1, 3): [(np.int64(16), 8), (8, 3), (3, 7), (7, np.int64(15))]}","{(2, np.int64(23)): {'cpu': 16}, (3, np.int64(15)): {'cpu': 5}, (1, np.int64(16)): {'cpu': 8}, (0, np.int64(24)): {'cpu': 1}}","{((0, 1), (np.int64(24), 8)): {'bw': 1}, ((0, 1), (8, 16)): {'bw': 1}, ((0, 2), (np.int64(24), 8)): {'bw': 16}, ((0, 2), (8, 3)): {'bw': 16}, ((0, 2), (3, 7)): {'bw': 16}, ((0, 2), (7, np.int64(23))): {'bw': 16}, ((0, 3), (np.int64(24), 8)): {'bw': 26}, ((0, 3), (8, 3)): {'bw': 26}, ((0, 3), (3, 7)): {'bw': 26}, ((0, 3), (7, np.int64(15))): {'bw': 26}, ((1, 3), (np.int64(16), 8)): {'bw': 14}, ((1, 3), (8, 3)): {'bw': 14}, ((1, 3), (3, 7)): {'bw': 14}, ((1, 3), (7, np.int64(15))): {'bw': 14}}",256.0,87.0,60.0,30.0,57.0,30.0,57.0,30.0,226.0,169.0,0.33984375,113388.15405090059,38534.25547823575,150.5244354618584,Success,0.0,"{'node_level': {}, 'link_level': {}, 'path_level': {}}","{'node_level': {2: {'cpu': -44}, 3: {'cpu': -48}, 1: {'cpu': -45}, 0: {'cpu': -39}}, 'link_level': {(0, 1): {'bw': -127}, (0, 2): {'bw': -92}, (0, 3): {'bw': -66}, (1, 3): {'bw': -52}}, 'path_level': {(0, 1): {}, (0, 2): {}, (0, 3): {}, (1, 3): {}}}","{'node_level': {2: {'cpu': 0}, 3: {'cpu': 0}, 1: {'cpu': 0}, 0: {'cpu': 0}}, 'link_level': {(0, 1): {'bw': 0}, (0, 2): {'bw': 0}, (0, 3): {'bw': 0}, (1, 3): {'bw': 0}}, 'path_level': {(0, 1): {}, (0, 2): {}, (0, 3): {}, (1, 3): {}}}",[],-inf,-inf,True,True,False,0,[],0,0.0,0.001979827880859375,4.0,4.0
38,13,6,1320.0,3535.0,640498.5622564399,1954739.5340506816,0.3734087694483734,0.32766440290342713,16,60,0,934.2353349665607,3643,555,3088,0.2365887207702888,0.3254696373962429,27,260.2353349665607,674.0,4,3,False,{},{},{},{},0.0,0.0,0.0,0.0,0.0,0.0,0.0,0.0,0.0,0.0,0.0,0.0,0.0,0.0,Leave Event,0.0,"{'node_level': {}, 'link_level': {}, 'path_level': {}}","{'node_level': {}, 'link_level': {}, 'path_level': {}}","{'node_level': {}, 'link_level': {}, 'path_level': {}}",[],-inf,-inf,True,True,False,0,[],0,0.0,,,
39,13,6,1320.0,3535.0,640498.5622564399,1954739.5340506816,0.3734087694483734,0.32766440290342713,16,61,1,956.0,3643,555,3088,0.2365887207702888,0.3254696373962429,38,615.7488733618653,956.0,4,4,False,"{1: np.int64(16), 3: np.int64(24), 2: np.int64(23), 0: np.int64(15)}","{(0, 1): [(np.int64(15), 7), (7, 3), (3, 8), (8, np.int64(16))], (0, 2): [(np.int64(15), 7), (7, 23)], (0, 3): []}","{(1, np.int64(16)): {'cpu': 12}, (3, np.int64(24)): {'cpu': 12}, (2, np.int64(23)): {'cpu': 5}, (0, np.int64(15)): {'cpu': 0}}","{((0, 1), (np.int64(15), 7)): {'bw': 49}, ((0, 1), (7, 3)): {'bw': 49}, ((0, 1), (3, 8)): {'bw': 49}, ((0, 1), (8, np.int64(16))): {'bw': 49}, ((0, 2), (np.int64(15), 7)): {'bw': 3}, ((0, 2), (7, 23)): {'bw': 3}}",0.0,0.0,58.0,29.0,80.0,0.0,0.0,0.0,0.0,0.0,0.0,0.0,0.0,0.0,Route Failure,20.0,"{'node_level': {}, 'link_level': {}, 'path_level': {}}","{'node_level': {1: {'cpu': -33}, 3: {'cpu': -27}, 2: {'cpu': -39}, 0: {'cpu': -48}}, 'link_level': {(0, 1): {'bw': -3}, (0, 2): {'bw': -53}, (0, 3): {'bw': 20}}, 'path_level': {(0, 1): {}, (0, 2): {}, (0, 3): {}}}","{'node_level': {1: {'cpu': 0}, 3: {'cpu': 0}, 2: {'cpu': 0}, 0: {'cpu': 0}}, 'link_level': {(0, 1): {'bw': 0}, (0, 2): {'bw': 0}, (0, 3): {'bw': 20}}, 'path_level': {(0, 1): {}, (0, 2): {}, (0, 3): {}}}",[],-inf,-inf,True,False,False,0,[],0,0.0,0.0016360282897949219,4.0,3.0
40,14,7,1377.0,3620.0,641231.8642144135,1955833.0545143262,0.3803867403314917,0.3278561341083606,16,62,1,978.0,3558,524,3034,0.27922971114167816,0.33726518130187855,39,12.864946631113437,978.0,3,2,True,"{1: np.int64(16), 0: np.int64(24), 2: np.int64(23)}","{(0, 1): [(np.int64(24), 8), (8, 16)], (0, 2): [(np.int64(24), 8), (8, 3), (3, 7), (7, np.int64(23))]}","{(1, np.int64(16)): {'cpu': 8}, (0, np.int64(24)): {'cpu': 7}, (2, np.int64(23)): {'cpu': 16}}","{((0, 1), (np.int64(24), 8)): {'bw': 25}, ((0, 1), (8, 16)): {'bw': 25}, ((0, 2), (np.int64(24), 8)): {'bw': 1}, ((0, 2), (8, 3)): {'bw': 1}, ((0, 2), (3, 7)): {'bw': 1}, ((0, 2), (7, np.int64(23))): {'bw': 1}}",85.0,57.0,62.0,31.0,26.0,31.0,26.0,31.0,54.0,28.0,0.6705882352941176,1093.5204636446422,733.3019579734658,8.627081858511362,Success,0.0,"{'node_level': {}, 'link_level': {}, 'path_level': {}}","{'node_level': {1: {'cpu': -37}, 0: {'cpu': -32}, 2: {'cpu': -28}}, 'link_level': {(0, 1): {'bw': -60}, (0, 2): {'bw': -51}}, 'path_level': {(0, 1): {}, (0, 2): {}}}","{'node_level': {1: {'cpu': 0}, 0: {'cpu': 0}, 2: {'cpu': 0}}, 'link_level': {(0, 1): {'bw': 0}, (0, 2): {'bw': 0}}, 'path_level': {(0, 1): {}, (0, 2): {}}}",[],-inf,-inf,True,True,False,0,[],0,0.0,0.0010311603546142578,3.0,2.0
40,14,6,1377.0,3620.0,641231.8642144135,1955833.0545143262,0.3803867403314917,0.3278561341083606,16,63,0,990.8649466311134,3643,555,3088,0.2365887207702888,0.3254696373962429,39,12.864946631113437,978.0,3,2,False,{},{},{},{},0.0,0.0,0.0,0.0,0.0,0.0,0.0,0.0,0.0,0.0,0.0,0.0,0.0,0.0,Leave Event,0.0,"{'node_level': {}, 'link_level': {}, 'path_level': {}}","{'node_level': {}, 'link_level': {}, 'path_level': {}}","{'node_level': {}, 'link_level': {}, 'path_level': {}}",[],-inf,-inf,True,True,False,0,[],0,0.0,,,
41,15,7,1420.0,3696.0,644383.6286675574,1961403.6149431386,0.3841991341991342,0.3285318859199911,16,64,1,1005.0,3567,545,3022,0.25034387895460797,0.33988641328090874,40,73.2968477475326,1005.0,2,1,True,"{1: np.int64(16), 0: np.int64(24)}","{(0, 1): [(np.int64(24), 8), (8, 16)]}","{(1, np.int64(16)): {'cpu': 9}, (0, np.int64(24)): {'cpu': 1}}","{((0, 1), (np.int64(24), 8)): {'bw': 33}, ((0, 1), (8, 16)): {'bw': 33}}",76.0,43.0,20.0,10.0,33.0,10.0,33.0,10.0,66.0,33.0,0.5657894736842105,5570.560428812477,3151.7644531439014,41.47058490978818,Success,0.0,"{'node_level': {}, 'link_level': {}, 'path_level': {}}","{'node_level': {1: {'cpu': -36}, 0: {'cpu': -38}}, 'link_level': {(0, 1): {'bw': -52}}, 'path_level': {(0, 1): {}}}","{'node_level': {1: {'cpu': 0}, 0: {'cpu': 0}}, 'link_level': {(0, 1): {'bw': 0}}, 'path_level': {(0, 1): {}}}",[],-inf,-inf,True,True,False,0,[],0,0.0,0.000614166259765625,2.0,1.0
42,16,8,1477.0,3879.0,666914.3716220009,2033739.158112668,0.3807682392369167,0.32792522529826523,16,65,1,1033.0,3384,530,2854,0.2709766162310867,0.37658366098733076,41,395.2761921832206,1033.0,3,2,True,"{1: np.int64(26), 0: np.int64(18), 2: np.int64(25)}","{(0, 2): [(np.int64(18), 10), (10, 4), (4, 9), (9, np.int64(25))], (1, 2): [(np.int64(26), 10), (10, 4), (4, 9), (9, np.int64(25))]}","{(1, np.int64(26)): {'cpu': 5}, (0, np.int64(18)): {'cpu': 10}, (2, np.int64(25)): {'cpu': 0}}","{((0, 2), (np.int64(18), 10)): {'bw': 1}, ((0, 2), (10, 4)): {'bw': 1}, ((0, 2), (4, 9)): {'bw': 1}, ((0, 2), (9, np.int64(25))): {'bw': 1}, ((1, 2), (np.int64(26), 10)): {'bw': 41}, ((1, 2), (10, 4)): {'bw': 41}, ((1, 2), (4, 9)): {'bw': 41}, ((1, 2), (9, np.int64(25))): {'bw': 41}}",183.0,57.0,30.0,15.0,42.0,15.0,42.0,15.0,168.0,126.0,0.3114754098360656,72335.54316952937,22530.742954443573,123.11881395870806,Success,0.0,"{'node_level': {}, 'link_level': {}, 'path_level': {}}","{'node_level': {1: {'cpu': -28}, 0: {'cpu': -19}, 2: {'cpu': -30}}, 'link_level': {(0, 2): {'bw': -140}, (1, 2): {'bw': -99}}, 'path_level': {(0, 2): {}, (1, 2): {}}}","{'node_level': {1: {'cpu': 0}, 0: {'cpu': 0}, 2: {'cpu': 0}}, 'link_level': {(0, 2): {'bw': 0}, (1, 2): {'bw': 0}}, 'path_level': {(0, 2): {}, (1, 2): {}}}",[],-inf,-inf,True,True,False,0,[],0,0.0,0.0012478828430175781,3.0,2.0
42,16,8,1477.0,3879.0,666914.3716220009,2033739.158112668,0.3807682392369167,0.32792522529826523,16,66,0,1035.8410116264852,3384,530,2854,0.2709766162310867,0.37658366098733076,35,144.84101162648525,891.0,4,3,False,{},{},{},{},0.0,0.0,0.0,0.0,0.0,0.0,0.0,0.0,0.0,0.0,0.0,0.0,0.0,0.0,Leave Event,0.0,"{'node_level': {}, 'link_level': {}, 'path_level': {}}","{'node_level': {}, 'link_level': {}, 'path_level': {}}","{'node_level': {}, 'link_level': {}, 'path_level': {}}",[],-inf,-inf,True,True,False,0,[],0,0.0,,,
42,16,8,1477.0,3879.0,666914.3716220009,2033739.158112668,0.3807682392369167,0.32792522529826523,16,67,0,1052.7263414936633,3384,530,2854,0.2709766162310867,0.37658366098733076,22,477.7263414936632,575.0,10,22,False,{},{},{},{},0.0,0.0,0.0,0.0,0.0,0.0,0.0,0.0,0.0,0.0,0.0,0.0,0.0,0.0,Leave Event,0.0,"{'node_level': {}, 'link_level': {}, 'path_level': {}}","{'node_level': {}, 'link_level': {}, 'path_level': {}}","{'node_level': {}, 'link_level': {}, 'path_level': {}}",[],-inf,-inf,True,True,False,0,[],0,0.0,,,
43,17,9,1536.0,3969.0,675870.5036011918,2047401.0543521116,0.3869992441421013,0.330111436723406,16,68,1,1074.0,3294,502,2792,0.3094910591471802,0.3901266928789865,42,151.79884710493022,1074.0,2,1,True,"{1: np.int64(23), 0: np.int64(15)}","{(0, 1): [(np.int64(15), 7), (7, 23)]}","{(1, np.int64(23)): {'cpu': 20}, (0, np.int64(15)): {'cpu': 8}}","{((0, 1), (np.int64(15), 7)): {'bw': 31}, ((0, 1), (7, 23)): {'bw': 31}}",90.0,59.0,56.0,28.0,31.0,28.0,31.0,28.0,62.0,31.0,0.6555555555555556,13661.89623944372,8956.131979190883,99.51257754656537,Success,0.0,"{'node_level': {}, 'link_level': {}, 'path_level': {}}","{'node_level': {1: {'cpu': -24}, 0: {'cpu': -40}}, 'link_level': {(0, 1): {'bw': -74}}, 'path_level': {(0, 1): {}}}","{'node_level': {1: {'cpu': 0}, 0: {'cpu': 0}}, 'link_level': {(0, 1): {'bw': 0}}, 'path_level': {(0, 1): {}}}",[],-inf,-inf,True,True,False,0,[],0,0.0,0.0006158351898193359,2.0,1.0
43,17,8,1536.0,3969.0,675870.5036011918,2047401.0543521116,0.3869992441421013,0.330111436723406,16,69,0,1078.2968477475326,3370,512,2858,0.29573590096286106,0.37570991699432066,40,73.2968477475326,1005.0,2,1,False,{},{},{},{},0.0,0.0,0.0,0.0,0.0,0.0,0.0,0.0,0.0,0.0,0.0,0.0,0.0,0.0,Leave Event,0.0,"{'node_level': {}, 'link_level': {}, 'path_level': {}}","{'node_level': {}, 'link_level': {}, 'path_level': {}}","{'node_level': {}, 'link_level': {}, 'path_level': {}}",[],-inf,-inf,True,True,False,0,[],0,0.0,,,
44,17,8,1536.0,3969.0,675870.5036011918,2047401.0543521116,0.3869992441421013,0.330111436723406,16,70,1,1094.0,3370,512,2858,0.29573590096286106,0.37570991699432066,43,101.95324449463646,1094.0,9,25,False,"{4: np.int64(16), 8: np.int64(24), 5: np.int64(15), 6: np.int64(23), 0: np.int64(22), 3: np.int64(30), 1: np.int64(25), 2: np.int64(26), 7: np.int64(18)}","{(0, 2): []}","{(4, np.int64(16)): {'cpu': 16}, (8, np.int64(24)): {'cpu': 15}, (5, np.int64(15)): {'cpu': 17}, (6, np.int64(23)): {'cpu': 14}, (0, np.int64(22)): {'cpu': 8}, (3, np.int64(30)): {'cpu': 9}, (1, np.int64(25)): {'cpu': 8}, (2, np.int64(26)): {'cpu': 2}, (7, np.int64(18)): {'cpu': 2}}",{},0.0,0.0,182.0,91.0,585.0,0.0,0.0,0.0,0.0,0.0,0.0,0.0,0.0,0.0,Route Failure,42.0,"{'node_level': {}, 'link_level': {}, 'path_level': {}}","{'node_level': {4: {'cpu': -29}, 8: {'cpu': -24}, 5: {'cpu': -23}, 6: {'cpu': -10}, 0: {'cpu': -23}, 3: {'cpu': -21}, 1: {'cpu': -22}, 2: {'cpu': -26}, 7: {'cpu': -17}}, 'link_level': {(0, 2): {'bw': 42}}, 'path_level': {(0, 2): {}}}","{'node_level': {4: {'cpu': 0}, 8: {'cpu': 0}, 5: {'cpu': 0}, 6: {'cpu': 0}, 0: {'cpu': 0}, 3: {'cpu': 0}, 1: {'cpu': 0}, 2: {'cpu': 0}, 7: {'cpu': 0}}, 'link_level': {(0, 2): {'bw': 42}}, 'path_level': {(0, 2): {}}}",[],-inf,-inf,True,False,False,0,[],0,0.0,0.002953052520751953,9.0,1.0
44,17,7,1536.0,3969.0,675870.5036011918,2047401.0543521116,0.3869992441421013,0.330111436723406,16,71,0,1100.5120034534293,3400,532,2868,0.26822558459422285,0.3735255570117956,33,276.51200345342943,824.0,2,1,False,{},{},{},{},0.0,0.0,0.0,0.0,0.0,0.0,0.0,0.0,0.0,0.0,0.0,0.0,0.0,0.0,Leave Event,0.0,"{'node_level': {}, 'link_level': {}, 'path_level': {}}","{'node_level': {}, 'link_level': {}, 'path_level': {}}","{'node_level': {}, 'link_level': {}, 'path_level': {}}",[],-inf,-inf,True,True,False,0,[],0,0.0,,,
44,17,6,1536.0,3969.0,675870.5036011918,2047401.0543521116,0.3869992441421013,0.330111436723406,16,72,0,1106.7387179901943,3533,549,2984,0.24484181568088037,0.3481869812145042,32,310.73871799019446,796.0,3,2,False,{},{},{},{},0.0,0.0,0.0,0.0,0.0,0.0,0.0,0.0,0.0,0.0,0.0,0.0,0.0,0.0,Leave Event,0.0,"{'node_level': {}, 'link_level': {}, 'path_level': {}}","{'node_level': {}, 'link_level': {}, 'path_level': {}}","{'node_level': {}, 'link_level': {}, 'path_level': {}}",[],-inf,-inf,True,True,False,0,[],0,0.0,,,
45,17,6,1536.0,3969.0,675870.5036011918,2047401.0543521116,0.3869992441421013,0.330111436723406,16,73,1,1120.0,3533,549,2984,0.24484181568088037,0.3481869812145042,44,57.13963648411721,1120.0,4,4,False,"{3: np.int64(30), 1: np.int64(22), 2: np.int64(29), 0: np.int64(21)}","{(0, 1): [(np.int64(21), 13), (13, 6), (6, 14), (14, np.int64(22))], (1, 2): []}","{(3, np.int64(30)): {'cpu': 17}, (1, np.int64(22)): {'cpu': 16}, (2, np.int64(29)): {'cpu': 10}, (0, np.int64(21)): {'cpu': 9}}","{((0, 1), (np.int64(21), 13)): {'bw': 15}, ((0, 1), (13, 6)): {'bw': 15}, ((0, 1), (6, 14)): {'bw': 15}, ((0, 1), (14, np.int64(22))): {'bw': 15}}",0.0,0.0,104.0,52.0,115.0,0.0,0.0,0.0,0.0,0.0,0.0,0.0,0.0,0.0,Route Failure,2.0,"{'node_level': {}, 'link_level': {}, 'path_level': {}}","{'node_level': {3: {'cpu': -34}, 1: {'cpu': -20}, 2: {'cpu': -41}, 0: {'cpu': -32}}, 'link_level': {(0, 1): {'bw': -2}, (1, 2): {'bw': 2}}, 'path_level': {(0, 1): {}, (1, 2): {}}}","{'node_level': {3: {'cpu': 0}, 1: {'cpu': 0}, 2: {'cpu': 0}, 0: {'cpu': 0}}, 'link_level': {(0, 1): {'bw': 0}, (1, 2): {'bw': 2}}, 'path_level': {(0, 1): {}, (1, 2): {}}}",[],-inf,-inf,True,False,False,0,[],0,0.0,0.0013871192932128906,4.0,2.0
45,17,6,1536.0,3969.0,675870.5036011918,2047401.0543521116,0.3869992441421013,0.330111436723406,16,74,0,1134.0220261466006,3533,549,2984,0.24484181568088037,0.3481869812145042,13,779.0220261466006,355.0,8,13,False,{},{},{},{},0.0,0.0,0.0,0.0,0.0,0.0,0.0,0.0,0.0,0.0,0.0,0.0,0.0,0.0,Leave Event,0.0,"{'node_level': {}, 'link_level': {}, 'path_level': {}}","{'node_level': {}, 'link_level': {}, 'path_level': {}}","{'node_level': {}, 'link_level': {}, 'path_level': {}}",[],-inf,-inf,True,True,False,0,[],0,0.0,,,
46,17,6,1536.0,3969.0,675870.5036011918,2047401.0543521116,0.3869992441421013,0.330111436723406,16,75,1,1143.0,3533,549,2984,0.24484181568088037,0.3481869812145042,45,47.480917694335986,1143.0,8,14,False,"{0: np.int64(30), 7: np.int64(22), 4: np.int64(29), 2: np.int64(21), 5: np.int64(16), 6: np.int64(24), 1: np.int64(25), 3: np.int64(26)}","{(0, 3): []}","{(0, np.int64(30)): {'cpu': 18}, (7, np.int64(22)): {'cpu': 16}, (4, np.int64(29)): {'cpu': 11}, (2, np.int64(21)): {'cpu': 16}, (5, np.int64(16)): {'cpu': 8}, (6, np.int64(24)): {'cpu': 5}, (1, np.int64(25)): {'cpu': 7}, (3, np.int64(26)): {'cpu': 1}}",{},0.0,0.0,164.0,82.0,439.0,0.0,0.0,0.0,0.0,0.0,0.0,0.0,0.0,0.0,Route Failure,43.0,"{'node_level': {}, 'link_level': {}, 'path_level': {}}","{'node_level': {0: {'cpu': -33}, 7: {'cpu': -20}, 4: {'cpu': -40}, 2: {'cpu': -25}, 5: {'cpu': -37}, 6: {'cpu': -34}, 1: {'cpu': -23}, 3: {'cpu': -27}}, 'link_level': {(0, 3): {'bw': 43}}, 'path_level': {(0, 3): {}}}","{'node_level': {0: {'cpu': 0}, 7: {'cpu': 0}, 4: {'cpu': 0}, 2: {'cpu': 0}, 5: {'cpu': 0}, 6: {'cpu': 0}, 1: {'cpu': 0}, 3: {'cpu': 0}}, 'link_level': {(0, 3): {'bw': 43}}, 'path_level': {(0, 3): {}}}",[],-inf,-inf,True,False,False,0,[],0,0.0,0.002679109573364258,8.0,1.0
47,17,6,1536.0,3969.0,675870.5036011918,2047401.0543521116,0.3869992441421013,0.330111436723406,16,76,1,1166.0,3533,549,2984,0.24484181568088037,0.3481869812145042,46,374.87400992174224,1166.0,5,5,False,"{2: np.int64(30), 3: np.int64(22), 0: np.int64(29), 4: np.int64(21), 1: np.int64(16)}","{(0, 2): [(np.int64(29), 13), (13, 6), (6, 14), (14, np.int64(30))], (0, 4): [(np.int64(29), 13), (13, 21)], (1, 2): []}","{(2, np.int64(30)): {'cpu': 19}, (3, np.int64(22)): {'cpu': 17}, (0, np.int64(29)): {'cpu': 8}, (4, np.int64(21)): {'cpu': 4}, (1, np.int64(16)): {'cpu': 4}}","{((0, 2), (np.int64(29), 13)): {'bw': 14}, ((0, 2), (13, 6)): {'bw': 14}, ((0, 2), (6, 14)): {'bw': 14}, ((0, 2), (14, np.int64(30))): {'bw': 14}, ((0, 4), (np.int64(29), 13)): {'bw': 49}, ((0, 4), (13, 21)): {'bw': 49}}",0.0,0.0,104.0,52.0,134.0,0.0,0.0,0.0,0.0,0.0,0.0,0.0,0.0,0.0,Route Failure,16.0,"{'node_level': {}, 'link_level': {}, 'path_level': {}}","{'node_level': {2: {'cpu': -32}, 3: {'cpu': -19}, 0: {'cpu': -43}, 4: {'cpu': -37}, 1: {'cpu': -41}}, 'link_level': {(0, 2): {'bw': -3}, (0, 4): {'bw': -61}, (1, 2): {'bw': 16}}, 'path_level': {(0, 2): {}, (0, 4): {}, (1, 2): {}}}","{'node_level': {2: {'cpu': 0}, 3: {'cpu': 0}, 0: {'cpu': 0}, 4: {'cpu': 0}, 1: {'cpu': 0}}, 'link_level': {(0, 2): {'bw': 0}, (0, 4): {'bw': 0}, (1, 2): {'bw': 16}}, 'path_level': {(0, 2): {}, (0, 4): {}, (1, 2): {}}}",[],-inf,-inf,True,False,False,0,[],0,0.0,0.0017478466033935547,5.0,3.0
47,17,6,1536.0,3969.0,675870.5036011918,2047401.0543521116,0.3869992441421013,0.330111436723406,16,77,0,1177.1396364841173,3533,549,2984,0.24484181568088037,0.3481869812145042,44,57.13963648411721,1120.0,4,4,False,{},{},{},{},0.0,0.0,0.0,0.0,0.0,0.0,0.0,0.0,0.0,0.0,0.0,0.0,0.0,0.0,Leave Event,0.0,"{'node_level': {}, 'link_level': {}, 'path_level': {}}","{'node_level': {}, 'link_level': {}, 'path_level': {}}","{'node_level': {}, 'link_level': {}, 'path_level': {}}",[],-inf,-inf,True,True,False,0,[],0,0.0,,,
47,17,6,1536.0,3969.0,675870.5036011918,2047401.0543521116,0.3869992441421013,0.330111436723406,16,78,0,1190.480917694336,3533,549,2984,0.24484181568088037,0.3481869812145042,45,47.480917694335986,1143.0,8,14,False,{},{},{},{},0.0,0.0,0.0,0.0,0.0,0.0,0.0,0.0,0.0,0.0,0.0,0.0,0.0,0.0,Leave Event,0.0,"{'node_level': {}, 'link_level': {}, 'path_level': {}}","{'node_level': {}, 'link_level': {}, 'path_level': {}}","{'node_level': {}, 'link_level': {}, 'path_level': {}}",[],-inf,-inf,True,True,False,0,[],0,0.0,,,
47,17,6,1536.0,3969.0,675870.5036011918,2047401.0543521116,0.3869992441421013,0.330111436723406,16,79,0,1195.9532444946365,3533,549,2984,0.24484181568088037,0.3481869812145042,43,101.95324449463646,1094.0,9,25,False,{},{},{},{},0.0,0.0,0.0,0.0,0.0,0.0,0.0,0.0,0.0,0.0,0.0,0.0,0.0,0.0,Leave Event,0.0,"{'node_level': {}, 'link_level': {}, 'path_level': {}}","{'node_level': {}, 'link_level': {}, 'path_level': {}}","{'node_level': {}, 'link_level': {}, 'path_level': {}}",[],-inf,-inf,True,True,False,0,[],0,0.0,,,
48,17,6,1536.0,3969.0,675870.5036011918,2047401.0543521116,0.3869992441421013,0.330111436723406,16,80,1,1200.0,3533,549,2984,0.24484181568088037,0.3481869812145042,47,114.27367386833356,1200.0,9,14,False,"{3: np.int64(30), 6: np.int64(22), 4: np.int64(29), 8: np.int64(21), 2: np.int64(16), 0: np.int64(24), 5: np.int64(25), 1: np.int64(26), 7: np.int64(18)}","{(0, 3): []}","{(3, np.int64(30)): {'cpu': 16}, (6, np.int64(22)): {'cpu': 18}, (4, np.int64(29)): {'cpu': 20}, (8, np.int64(21)): {'cpu': 11}, (2, np.int64(16)): {'cpu': 8}, (0, np.int64(24)): {'cpu': 4}, (5, np.int64(25)): {'cpu': 4}, (1, np.int64(26)): {'cpu': 17}, (7, np.int64(18)): {'cpu': 1}}",{},0.0,0.0,198.0,99.0,406.0,0.0,0.0,0.0,0.0,0.0,0.0,0.0,0.0,0.0,Route Failure,43.0,"{'node_level': {}, 'link_level': {}, 'path_level': {}}","{'node_level': {3: {'cpu': -35}, 6: {'cpu': -18}, 4: {'cpu': -31}, 8: {'cpu': -30}, 2: {'cpu': -37}, 0: {'cpu': -35}, 5: {'cpu': -26}, 1: {'cpu': -11}, 7: {'cpu': -18}}, 'link_level': {(0, 3): {'bw': 43}}, 'path_level': {(0, 3): {}}}","{'node_level': {3: {'cpu': 0}, 6: {'cpu': 0}, 4: {'cpu': 0}, 8: {'cpu': 0}, 2: {'cpu': 0}, 0: {'cpu': 0}, 5: {'cpu': 0}, 1: {'cpu': 0}, 7: {'cpu': 0}}, 'link_level': {(0, 3): {'bw': 43}}, 'path_level': {(0, 3): {}}}",[],-inf,-inf,True,False,False,0,[],0,0.0,0.002899169921875,9.0,1.0
48,17,6,1536.0,3969.0,675870.5036011918,2047401.0543521116,0.3869992441421013,0.330111436723406,16,81,0,1211.6741398124225,3533,549,2984,0.24484181568088037,0.3481869812145042,20,687.6741398124225,524.0,8,16,False,{},{},{},{},0.0,0.0,0.0,0.0,0.0,0.0,0.0,0.0,0.0,0.0,0.0,0.0,0.0,0.0,Leave Event,0.0,"{'node_level': {}, 'link_level': {}, 'path_level': {}}","{'node_level': {}, 'link_level': {}, 'path_level': {}}","{'node_level': {}, 'link_level': {}, 'path_level': {}}",[],-inf,-inf,True,True,False,0,[],0,0.0,,,
48,17,5,1536.0,3969.0,675870.5036011918,2047401.0543521116,0.3869992441421013,0.330111436723406,16,82,0,1225.7988471049302,3623,577,3046,0.20632737276478674,0.33464394932284836,42,151.79884710493022,1074.0,2,1,False,{},{},{},{},0.0,0.0,0.0,0.0,0.0,0.0,0.0,0.0,0.0,0.0,0.0,0.0,0.0,0.0,Leave Event,0.0,"{'node_level': {}, 'link_level': {}, 'path_level': {}}","{'node_level': {}, 'link_level': {}, 'path_level': {}}","{'node_level': {}, 'link_level': {}, 'path_level': {}}",[],-inf,-inf,True,True,False,0,[],0,0.0,,,
49,17,5,1536.0,3969.0,675870.5036011918,2047401.0543521116,0.3869992441421013,0.330111436723406,16,83,1,1230.0,3623,577,3046,0.20632737276478674,0.33464394932284836,48,173.26384215152254,1230.0,10,24,False,"{9: np.int64(30), 1: np.int64(22), 3: np.int64(29), 8: np.int64(21), 6: np.int64(16), 7: np.int64(23), 2: np.int64(15), 5: np.int64(24), 0: np.int64(25), 4: np.int64(26)}","{(0, 5): [(np.int64(25), 9), (9, 4), (4, 1), (1, 3), (3, 8), (8, np.int64(24))], (0, 7): [(np.int64(25), 9), (9, 4), (4, 1), (1, 3), (3, 7), (7, np.int64(23))], (0, 8): []}","{(9, np.int64(30)): {'cpu': 20}, (1, np.int64(22)): {'cpu': 11}, (3, np.int64(29)): {'cpu': 15}, (8, np.int64(21)): {'cpu': 11}, (6, np.int64(16)): {'cpu': 5}, (7, np.int64(23)): {'cpu': 4}, (2, np.int64(15)): {'cpu': 2}, (5, np.int64(24)): {'cpu': 1}, (0, np.int64(25)): {'cpu': 0}, (4, np.int64(26)): {'cpu': 0}}","{((0, 5), (np.int64(25), 9)): {'bw': 21}, ((0, 5), (9, 4)): {'bw': 21}, ((0, 5), (4, 1)): {'bw': 21}, ((0, 5), (1, 3)): {'bw': 21}, ((0, 5), (3, 8)): {'bw': 21}, ((0, 5), (8, np.int64(24))): {'bw': 21}, ((0, 7), (np.int64(25), 9)): {'bw': 12}, ((0, 7), (9, 4)): {'bw': 12}, ((0, 7), (4, 1)): {'bw': 12}, ((0, 7), (1, 3)): {'bw': 12}, ((0, 7), (3, 7)): {'bw': 12}, ((0, 7), (7, np.int64(23))): {'bw': 12}}",0.0,0.0,138.0,69.0,684.0,0.0,0.0,0.0,0.0,0.0,0.0,0.0,0.0,0.0,Route Failure,3.0,"{'node_level': {}, 'link_level': {}, 'path_level': {}}","{'node_level': {9: {'cpu': -31}, 1: {'cpu': -25}, 3: {'cpu': -36}, 8: {'cpu': -30}, 6: {'cpu': -40}, 7: {'cpu': -40}, 2: {'cpu': -46}, 5: {'cpu': -38}, 0: {'cpu': -30}, 4: {'cpu': -28}}, 'link_level': {(0, 5): {'bw': -64}, (0, 7): {'bw': -40}, (0, 8): {'bw': 3}}, 'path_level': {(0, 5): {}, (0, 7): {}, (0, 8): {}}}","{'node_level': {9: {'cpu': 0}, 1: {'cpu': 0}, 3: {'cpu': 0}, 8: {'cpu': 0}, 6: {'cpu': 0}, 7: {'cpu': 0}, 2: {'cpu': 0}, 5: {'cpu': 0}, 0: {'cpu': 0}, 4: {'cpu': 0}}, 'link_level': {(0, 5): {'bw': 0}, (0, 7): {'bw': 0}, (0, 8): {'bw': 3}}, 'path_level': {(0, 5): {}, (0, 7): {}, (0, 8): {}}}",[],-inf,-inf,True,False,False,0,[],0,0.0,0.0037581920623779297,10.0,3.0
49,17,4,1536.0,3969.0,675870.5036011918,2047401.0543521116,0.3869992441421013,0.330111436723406,16,84,0,1249.265267639189,3824,620,3204,0.1471801925722146,0.30013106159895153,6,1077.265267639189,172.0,4,4,False,{},{},{},{},0.0,0.0,0.0,0.0,0.0,0.0,0.0,0.0,0.0,0.0,0.0,0.0,0.0,0.0,Leave Event,0.0,"{'node_level': {}, 'link_level': {}, 'path_level': {}}","{'node_level': {}, 'link_level': {}, 'path_level': {}}","{'node_level': {}, 'link_level': {}, 'path_level': {}}",[],-inf,-inf,True,True,False,0,[],0,0.0,,,
50,17,4,1536.0,3969.0,675870.5036011918,2047401.0543521116,0.3869992441421013,0.330111436723406,16,85,1,1252.0,3824,620,3204,0.1471801925722146,0.30013106159895153,49,1296.3825851617921,1252.0,4,4,False,"{1: np.int64(30), 0: np.int64(22), 3: np.int64(29), 2: np.int64(21)}","{(0, 1): [(np.int64(22), 14), (14, 30)], (0, 2): [(np.int64(22), 14), (14, 6), (6, 13), (13, np.int64(21))], (0, 3): [(np.int64(22), 14), (14, 6), (6, 13), (13, np.int64(29))], (1, 3): []}","{(1, np.int64(30)): {'cpu': 13}, (0, np.int64(22)): {'cpu': 18}, (3, np.int64(29)): {'cpu': 10}, (2, np.int64(21)): {'cpu': 14}}","{((0, 1), (np.int64(22), 14)): {'bw': 11}, ((0, 1), (14, 30)): {'bw': 11}, ((0, 2), (np.int64(22), 14)): {'bw': 0}, ((0, 2), (14, 6)): {'bw': 0}, ((0, 2), (6, 13)): {'bw': 0}, ((0, 2), (13, np.int64(21))): {'bw': 0}, ((0, 3), (np.int64(22), 14)): {'bw': 3}, ((0, 3), (14, 6)): {'bw': 3}, ((0, 3), (6, 13)): {'bw': 3}, ((0, 3), (13, np.int64(29))): {'bw': 3}}",0.0,0.0,110.0,55.0,34.0,0.0,0.0,0.0,0.0,0.0,0.0,0.0,0.0,0.0,Route Failure,6.0,"{'node_level': {}, 'link_level': {}, 'path_level': {}}","{'node_level': {1: {'cpu': -38}, 0: {'cpu': -18}, 3: {'cpu': -41}, 2: {'cpu': -27}}, 'link_level': {(0, 1): {'bw': -137}, (0, 2): {'bw': -17}, (0, 3): {'bw': -14}, (1, 3): {'bw': 6}}, 'path_level': {(0, 1): {}, (0, 2): {}, (0, 3): {}, (1, 3): {}}}","{'node_level': {1: {'cpu': 0}, 0: {'cpu': 0}, 3: {'cpu': 0}, 2: {'cpu': 0}}, 'link_level': {(0, 1): {'bw': 0}, (0, 2): {'bw': 0}, (0, 3): {'bw': 0}, (1, 3): {'bw': 6}}, 'path_level': {(0, 1): {}, (0, 2): {}, (0, 3): {}, (1, 3): {}}}",[],-inf,-inf,True,False,False,0,[],0,0.0,0.0015358924865722656,4.0,4.0
51,17,4,1536.0,3969.0,675870.5036011918,2047401.0543521116,0.3869992441421013,0.330111436723406,16,86,1,1277.0,3824,620,3204,0.1471801925722146,0.30013106159895153,50,99.51430336521751,1277.0,8,13,False,"{4: np.int64(30), 6: np.int64(22), 1: np.int64(29), 5: np.int64(21), 3: np.int64(25), 7: np.int64(17), 2: np.int64(18), 0: np.int64(16)}","{(0, 1): []}","{(4, np.int64(30)): {'cpu': 19}, (6, np.int64(22)): {'cpu': 18}, (1, np.int64(29)): {'cpu': 18}, (5, np.int64(21)): {'cpu': 7}, (3, np.int64(25)): {'cpu': 9}, (7, np.int64(17)): {'cpu': 20}, (2, np.int64(18)): {'cpu': 6}, (0, np.int64(16)): {'cpu': 14}}",{},0.0,0.0,222.0,111.0,378.0,0.0,0.0,0.0,0.0,0.0,0.0,0.0,0.0,0.0,Route Failure,38.0,"{'node_level': {}, 'link_level': {}, 'path_level': {}}","{'node_level': {4: {'cpu': -32}, 6: {'cpu': -18}, 1: {'cpu': -33}, 5: {'cpu': -34}, 3: {'cpu': -41}, 7: {'cpu': -35}, 2: {'cpu': -22}, 0: {'cpu': -31}}, 'link_level': {(0, 1): {'bw': 24}}, 'path_level': {(0, 1): {}}}","{'node_level': {4: {'cpu': 0}, 6: {'cpu': 0}, 1: {'cpu': 0}, 5: {'cpu': 0}, 3: {'cpu': 0}, 7: {'cpu': 0}, 2: {'cpu': 0}, 0: {'cpu': 0}}, 'link_level': {(0, 1): {'bw': 38}}, 'path_level': {(0, 1): {}}}",[],-inf,-inf,True,False,False,0,[],0,0.0,0.002790212631225586,8.0,1.0
52,17,4,1536.0,3969.0,675870.5036011918,2047401.0543521116,0.3869992441421013,0.330111436723406,16,87,1,1302.0,3824,620,3204,0.1471801925722146,0.30013106159895153,51,511.6052911141581,1302.0,9,20,False,"{3: np.int64(30), 7: np.int64(22), 1: np.int64(29), 8: np.int64(21), 6: np.int64(25), 0: np.int64(17), 5: np.int64(18), 2: np.int64(16), 4: np.int64(23)}","{(0, 1): [(np.int64(17), 9), (9, 4), (4, 1), (1, 0), (0, 2), (2, 6), (6, 13), (13, np.int64(29))], (0, 3): []}","{(3, np.int64(30)): {'cpu': 20}, (7, np.int64(22)): {'cpu': 20}, (1, np.int64(29)): {'cpu': 15}, (8, np.int64(21)): {'cpu': 14}, (6, np.int64(25)): {'cpu': 5}, (0, np.int64(17)): {'cpu': 4}, (5, np.int64(18)): {'cpu': 3}, (2, np.int64(16)): {'cpu': 1}, (4, np.int64(23)): {'cpu': 0}}","{((0, 1), (np.int64(17), 9)): {'bw': 7}, ((0, 1), (9, 4)): {'bw': 7}, ((0, 1), (4, 1)): {'bw': 7}, ((0, 1), (1, 0)): {'bw': 7}, ((0, 1), (0, 2)): {'bw': 7}, ((0, 1), (2, 6)): {'bw': 7}, ((0, 1), (6, 13)): {'bw': 7}, ((0, 1), (13, np.int64(29))): {'bw': 7}}",0.0,0.0,164.0,82.0,543.0,0.0,0.0,0.0,0.0,0.0,0.0,0.0,0.0,0.0,Route Failure,36.0,"{'node_level': {}, 'link_level': {}, 'path_level': {}}","{'node_level': {3: {'cpu': -31}, 7: {'cpu': -16}, 1: {'cpu': -36}, 8: {'cpu': -27}, 6: {'cpu': -45}, 0: {'cpu': -51}, 5: {'cpu': -25}, 2: {'cpu': -44}, 4: {'cpu': -44}}, 'link_level': {(0, 1): {'bw': 0}, (0, 3): {'bw': 36}}, 'path_level': {(0, 1): {}, (0, 3): {}}}","{'node_level': {3: {'cpu': 0}, 7: {'cpu': 0}, 1: {'cpu': 0}, 8: {'cpu': 0}, 6: {'cpu': 0}, 0: {'cpu': 0}, 5: {'cpu': 0}, 2: {'cpu': 0}, 4: {'cpu': 0}}, 'link_level': {(0, 1): {'bw': 0}, (0, 3): {'bw': 36}}, 'path_level': {(0, 1): {}, (0, 3): {}}}",[],-inf,-inf,True,False,False,0,[],0,0.0,0.003278017044067383,9.0,2.0
52,17,4,1536.0,3969.0,675870.5036011918,2047401.0543521116,0.3869992441421013,0.330111436723406,16,88,0,1314.2736738683336,3824,620,3204,0.1471801925722146,0.30013106159895153,47,114.27367386833356,1200.0,9,14,False,{},{},{},{},0.0,0.0,0.0,0.0,0.0,0.0,0.0,0.0,0.0,0.0,0.0,0.0,0.0,0.0,Leave Event,0.0,"{'node_level': {}, 'link_level': {}, 'path_level': {}}","{'node_level': {}, 'link_level': {}, 'path_level': {}}","{'node_level': {}, 'link_level': {}, 'path_level': {}}",[],-inf,-inf,True,True,False,0,[],0,0.0,,,
53,17,4,1536.0,3969.0,675870.5036011918,2047401.0543521116,0.3869992441421013,0.330111436723406,16,89,1,1323.0,3824,620,3204,0.1471801925722146,0.30013106159895153,52,52.98603685218048,1323.0,9,21,False,"{2: np.int64(30), 0: np.int64(22), 7: np.int64(29), 1: np.int64(21), 8: np.int64(25), 3: np.int64(17), 6: np.int64(18), 4: np.int64(16), 5: np.int64(23)}","{(0, 2): [(np.int64(22), 14), (14, 30)], (0, 3): []}","{(2, np.int64(30)): {'cpu': 17}, (0, np.int64(22)): {'cpu': 18}, (7, np.int64(29)): {'cpu': 14}, (1, np.int64(21)): {'cpu': 11}, (8, np.int64(25)): {'cpu': 12}, (3, np.int64(17)): {'cpu': 5}, (6, np.int64(18)): {'cpu': 9}, (4, np.int64(16)): {'cpu': 6}, (5, np.int64(23)): {'cpu': 12}}","{((0, 2), (np.int64(22), 14)): {'bw': 12}, ((0, 2), (14, 30)): {'bw': 12}}",0.0,0.0,208.0,104.0,435.0,0.0,0.0,0.0,0.0,0.0,0.0,0.0,0.0,0.0,Route Failure,19.0,"{'node_level': {}, 'link_level': {}, 'path_level': {}}","{'node_level': {2: {'cpu': -34}, 0: {'cpu': -18}, 7: {'cpu': -37}, 1: {'cpu': -30}, 8: {'cpu': -38}, 3: {'cpu': -50}, 6: {'cpu': -19}, 4: {'cpu': -39}, 5: {'cpu': -32}}, 'link_level': {(0, 2): {'bw': -136}, (0, 3): {'bw': 19}}, 'path_level': {(0, 2): {}, (0, 3): {}}}","{'node_level': {2: {'cpu': 0}, 0: {'cpu': 0}, 7: {'cpu': 0}, 1: {'cpu': 0}, 8: {'cpu': 0}, 3: {'cpu': 0}, 6: {'cpu': 0}, 4: {'cpu': 0}, 5: {'cpu': 0}}, 'link_level': {(0, 2): {'bw': 0}, (0, 3): {'bw': 19}}, 'path_level': {(0, 2): {}, (0, 3): {}}}",[],-inf,-inf,True,False,False,0,[],0,0.0,0.0029458999633789062,9.0,2.0
54,17,4,1536.0,3969.0,675870.5036011918,2047401.0543521116,0.3869992441421013,0.330111436723406,16,90,1,1347.0,3824,620,3204,0.1471801925722146,0.30013106159895153,53,286.50214105797744,1347.0,4,5,False,"{3: np.int64(30), 2: np.int64(22), 1: np.int64(29), 0: np.int64(21)}","{(0, 2): []}","{(3, np.int64(30)): {'cpu': 17}, (2, np.int64(22)): {'cpu': 11}, (1, np.int64(29)): {'cpu': 11}, (0, np.int64(21)): {'cpu': 1}}",{},0.0,0.0,80.0,40.0,132.0,0.0,0.0,0.0,0.0,0.0,0.0,0.0,0.0,0.0,Route Failure,29.0,"{'node_level': {}, 'link_level': {}, 'path_level': {}}","{'node_level': {3: {'cpu': -34}, 2: {'cpu': -25}, 1: {'cpu': -40}, 0: {'cpu': -40}}, 'link_level': {(0, 2): {'bw': 29}}, 'path_level': {(0, 2): {}}}","{'node_level': {3: {'cpu': 0}, 2: {'cpu': 0}, 1: {'cpu': 0}, 0: {'cpu': 0}}, 'link_level': {(0, 2): {'bw': 29}}, 'path_level': {(0, 2): {}}}",[],-inf,-inf,True,False,False,0,[],0,0.0,0.0013499259948730469,4.0,1.0
54,17,3,1536.0,3969.0,675870.5036011918,2047401.0543521116,0.3869992441421013,0.330111436723406,16,91,0,1374.9224767613305,4080,650,3430,0.10591471801925723,0.25076452599388377,37,442.9224767613304,932.0,4,4,False,{},{},{},{},0.0,0.0,0.0,0.0,0.0,0.0,0.0,0.0,0.0,0.0,0.0,0.0,0.0,0.0,Leave Event,0.0,"{'node_level': {}, 'link_level': {}, 'path_level': {}}","{'node_level': {}, 'link_level': {}, 'path_level': {}}","{'node_level': {}, 'link_level': {}, 'path_level': {}}",[],-inf,-inf,True,True,False,0,[],0,0.0,,,
54,17,3,1536.0,3969.0,675870.5036011918,2047401.0543521116,0.3869992441421013,0.330111436723406,16,92,0,1375.9860368521804,4080,650,3430,0.10591471801925723,0.25076452599388377,52,52.98603685218048,1323.0,9,21,False,{},{},{},{},0.0,0.0,0.0,0.0,0.0,0.0,0.0,0.0,0.0,0.0,0.0,0.0,0.0,0.0,Leave Event,0.0,"{'node_level': {}, 'link_level': {}, 'path_level': {}}","{'node_level': {}, 'link_level': {}, 'path_level': {}}","{'node_level': {}, 'link_level': {}, 'path_level': {}}",[],-inf,-inf,True,True,False,0,[],0,0.0,,,
54,17,3,1536.0,3969.0,675870.5036011918,2047401.0543521116,0.3869992441421013,0.330111436723406,16,93,0,1376.5143033652175,4080,650,3430,0.10591471801925723,0.25076452599388377,50,99.51430336521751,1277.0,8,13,False,{},{},{},{},0.0,0.0,0.0,0.0,0.0,0.0,0.0,0.0,0.0,0.0,0.0,0.0,0.0,0.0,Leave Event,0.0,"{'node_level': {}, 'link_level': {}, 'path_level': {}}","{'node_level': {}, 'link_level': {}, 'path_level': {}}","{'node_level': {}, 'link_level': {}, 'path_level': {}}",[],-inf,-inf,True,True,False,0,[],0,0.0,,,
55,17,3,1536.0,3969.0,675870.5036011918,2047401.0543521116,0.3869992441421013,0.330111436723406,16,94,1,1377.0,4080,650,3430,0.10591471801925723,0.25076452599388377,54,668.0114646872048,1377.0,9,18,False,"{8: np.int64(23), 5: np.int64(15), 3: np.int64(16), 4: np.int64(24), 0: np.int64(25), 6: np.int64(17), 7: np.int64(18), 1: np.int64(30), 2: np.int64(29)}","{(0, 2): []}","{(8, np.int64(23)): {'cpu': 17}, (5, np.int64(15)): {'cpu': 10}, (3, np.int64(16)): {'cpu': 9}, (4, np.int64(24)): {'cpu': 13}, (0, np.int64(25)): {'cpu': 18}, (6, np.int64(17)): {'cpu': 9}, (7, np.int64(18)): {'cpu': 4}, (1, np.int64(30)): {'cpu': 0}, (2, np.int64(29)): {'cpu': 0}}",{},0.0,0.0,160.0,80.0,384.0,0.0,0.0,0.0,0.0,0.0,0.0,0.0,0.0,0.0,Route Failure,4.0,"{'node_level': {}, 'link_level': {}, 'path_level': {}}","{'node_level': {8: {'cpu': -43}, 5: {'cpu': -43}, 3: {'cpu': -44}, 4: {'cpu': -27}, 0: {'cpu': -32}, 6: {'cpu': -46}, 7: {'cpu': -24}, 1: {'cpu': -51}, 2: {'cpu': -51}}, 'link_level': {(0, 2): {'bw': 4}}, 'path_level': {(0, 2): {}}}","{'node_level': {8: {'cpu': 0}, 5: {'cpu': 0}, 3: {'cpu': 0}, 4: {'cpu': 0}, 0: {'cpu': 0}, 6: {'cpu': 0}, 7: {'cpu': 0}, 1: {'cpu': 0}, 2: {'cpu': 0}}, 'link_level': {(0, 2): {'bw': 4}}, 'path_level': {(0, 2): {}}}",[],-inf,-inf,True,False,False,0,[],0,0.0,0.003407716751098633,9.0,1.0
55,17,3,1536.0,3969.0,675870.5036011918,2047401.0543521116,0.3869992441421013,0.330111436723406,16,95,0,1403.2638421515226,4080,650,3430,0.10591471801925723,0.25076452599388377,48,173.26384215152254,1230.0,10,24,False,{},{},{},{},0.0,0.0,0.0,0.0,0.0,0.0,0.0,0.0,0.0,0.0,0.0,0.0,0.0,0.0,Leave Event,0.0,"{'node_level': {}, 'link_level': {}, 'path_level': {}}","{'node_level': {}, 'link_level': {}, 'path_level': {}}","{'node_level': {}, 'link_level': {}, 'path_level': {}}",[],-inf,-inf,True,True,False,0,[],0,0.0,,,
56,18,4,1732.0,4524.0,848437.6476935804,2536047.8144096406,0.3828470380194518,0.33455112434111806,16,96,1,1410.0,3525,571,2954,0.2145804676753783,0.35474006116207946,55,880.4446127162681,1410.0,7,7,True,"{4: np.int64(23), 1: np.int64(15), 3: np.int64(16), 6: np.int64(24), 5: np.int64(25), 2: np.int64(17), 0: np.int64(18)}","{(0, 2): [(np.int64(18), 10), (10, 4), (4, 9), (9, np.int64(17))], (1, 2): [(np.int64(15), 7), (7, 3), (3, 1), (1, 4), (4, 9), (9, np.int64(17))], (1, 3): [(np.int64(15), 7), (7, 3), (3, 8), (8, np.int64(16))], (1, 4): [(np.int64(15), 7), (7, 23)], (3, 4): [(np.int64(16), 8), (8, 3), (3, 7), (7, np.int64(23))], (4, 5): [(np.int64(23), 7), (7, 3), (3, 1), (1, 4), (4, 9), (9, np.int64(25))], (4, 6): [(np.int64(23), 7), (7, 3), (3, 8), (8, np.int64(24))]}","{(4, np.int64(23)): {'cpu': 20}, (1, np.int64(15)): {'cpu': 17}, (3, np.int64(16)): {'cpu': 18}, (6, np.int64(24)): {'cpu': 17}, (5, np.int64(25)): {'cpu': 3}, (2, np.int64(17)): {'cpu': 3}, (0, np.int64(18)): {'cpu': 1}}","{((0, 2), (np.int64(18), 10)): {'bw': 19}, ((0, 2), (10, 4)): {'bw': 19}, ((0, 2), (4, 9)): {'bw': 19}, ((0, 2), (9, np.int64(17))): {'bw': 19}, ((1, 2), (np.int64(15), 7)): {'bw': 2}, ((1, 2), (7, 3)): {'bw': 2}, ((1, 2), (3, 1)): {'bw': 2}, ((1, 2), (1, 4)): {'bw': 2}, ((1, 2), (4, 9)): {'bw': 2}, ((1, 2), (9, np.int64(17))): {'bw': 2}, ((1, 3), (np.int64(15), 7)): {'bw': 4}, ((1, 3), (7, 3)): {'bw': 4}, ((1, 3), (3, 8)): {'bw': 4}, ((1, 3), (8, np.int64(16))): {'bw': 4}, ((1, 4), (np.int64(15), 7)): {'bw': 39}, ((1, 4), (7, 23)): {'bw': 39}, ((3, 4), (np.int64(16), 8)): {'bw': 4}, ((3, 4), (8, 3)): {'bw': 4}, ((3, 4), (3, 7)): {'bw': 4}, ((3, 4), (7, np.int64(23))): {'bw': 4}, ((4, 5), (np.int64(23), 7)): {'bw': 41}, ((4, 5), (7, 3)): {'bw': 41}, ((4, 5), (3, 1)): {'bw': 41}, ((4, 5), (1, 4)): {'bw': 41}, ((4, 5), (4, 9)): {'bw': 41}, ((4, 5), (9, np.int64(25))): {'bw': 41}, ((4, 6), (np.int64(23), 7)): {'bw': 8}, ((4, 6), (7, 3)): {'bw': 8}, ((4, 6), (3, 8)): {'bw': 8}, ((4, 6), (8, np.int64(24))): {'bw': 8}}",555.0,196.0,158.0,79.0,117.0,79.0,117.0,79.0,476.0,359.0,0.35315315315315315,488646.7600575288,172567.14409238854,310.93179115745687,Success,0.0,"{'node_level': {}, 'link_level': {}, 'path_level': {}}","{'node_level': {4: {'cpu': -40}, 1: {'cpu': -36}, 3: {'cpu': -35}, 6: {'cpu': -23}, 5: {'cpu': -47}, 2: {'cpu': -52}, 0: {'cpu': -27}}, 'link_level': {(0, 2): {'bw': -84}, (1, 2): {'bw': -82}, (1, 3): {'bw': -102}, (1, 4): {'bw': -94}, (3, 4): {'bw': -90}, (4, 5): {'bw': -49}, (4, 6): {'bw': -41}}, 'path_level': {(0, 2): {}, (1, 2): {}, (1, 3): {}, (1, 4): {}, (3, 4): {}, (4, 5): {}, (4, 6): {}}}","{'node_level': {4: {'cpu': 0}, 1: {'cpu': 0}, 3: {'cpu': 0}, 6: {'cpu': 0}, 5: {'cpu': 0}, 2: {'cpu': 0}, 0: {'cpu': 0}}, 'link_level': {(0, 2): {'bw': 0}, (1, 2): {'bw': 0}, (1, 3): {'bw': 0}, (1, 4): {'bw': 0}, (3, 4): {'bw': 0}, (4, 5): {'bw': 0}, (4, 6): {'bw': 0}}, 'path_level': {(0, 2): {}, (1, 2): {}, (1, 3): {}, (1, 4): {}, (3, 4): {}, (4, 5): {}, (4, 6): {}}}",[],-inf,-inf,True,True,False,0,[],0,0.0,0.0024938583374023438,7.0,7.0
56,18,3,1732.0,4524.0,848437.6476935804,2536047.8144096406,0.3828470380194518,0.33455112434111806,16,97,0,1428.2761921832207,3708,586,3122,0.19394773039889956,0.31804281345565755,41,395.2761921832206,1033.0,3,2,False,{},{},{},{},0.0,0.0,0.0,0.0,0.0,0.0,0.0,0.0,0.0,0.0,0.0,0.0,0.0,0.0,Leave Event,0.0,"{'node_level': {}, 'link_level': {}, 'path_level': {}}","{'node_level': {}, 'link_level': {}, 'path_level': {}}","{'node_level': {}, 'link_level': {}, 'path_level': {}}",[],-inf,-inf,True,True,False,0,[],0,0.0,,,
57,18,3,1732.0,4524.0,848437.6476935804,2536047.8144096406,0.3828470380194518,0.33455112434111806,16,98,1,1439.0,3708,586,3122,0.19394773039889956,0.31804281345565755,56,246.37034702010098,1439.0,5,8,False,"{2: np.int64(30), 4: np.int64(22), 1: np.int64(29), 0: np.int64(21), 3: np.int64(18)}","{(0, 1): [(np.int64(21), 13), (13, 29)], (0, 2): []}","{(2, np.int64(30)): {'cpu': 15}, (4, np.int64(22)): {'cpu': 11}, (1, np.int64(29)): {'cpu': 9}, (0, np.int64(21)): {'cpu': 2}, (3, np.int64(18)): {'cpu': 1}}","{((0, 1), (np.int64(21), 13)): {'bw': 16}, ((0, 1), (13, 29)): {'bw': 16}}",0.0,0.0,76.0,38.0,218.0,0.0,0.0,0.0,0.0,0.0,0.0,0.0,0.0,0.0,Route Failure,12.0,"{'node_level': {}, 'link_level': {}, 'path_level': {}}","{'node_level': {2: {'cpu': -36}, 4: {'cpu': -25}, 1: {'cpu': -42}, 0: {'cpu': -39}, 3: {'cpu': -36}}, 'link_level': {(0, 1): {'bw': -99}, (0, 2): {'bw': 12}}, 'path_level': {(0, 1): {}, (0, 2): {}}}","{'node_level': {2: {'cpu': 0}, 4: {'cpu': 0}, 1: {'cpu': 0}, 0: {'cpu': 0}, 3: {'cpu': 0}}, 'link_level': {(0, 1): {'bw': 0}, (0, 2): {'bw': 12}}, 'path_level': {(0, 1): {}, (0, 2): {}}}",[],-inf,-inf,True,False,False,0,[],0,0.0,0.001856088638305664,5.0,2.0
58,19,4,1758.0,4565.0,849979.993814668,2538479.9756005867,0.3851040525739321,0.33483817165568486,16,99,1,1469.0,3667,575,3092,0.2090784044016506,0.3245958934032328,57,59.32100465721802,1469.0,2,1,True,"{1: np.int64(30), 0: np.int64(22)}","{(0, 1): [(np.int64(22), 14), (14, 30)]}","{(1, np.int64(30)): {'cpu': 7}, (0, np.int64(22)): {'cpu': 4}}","{((0, 1), (np.int64(22), 14)): {'bw': 15}, ((0, 1), (14, 30)): {'bw': 15}}",41.0,26.0,22.0,11.0,15.0,11.0,15.0,11.0,30.0,15.0,0.6341463414634146,2432.161190945939,1542.3461210876685,37.61819807530899,Success,0.0,"{'node_level': {}, 'link_level': {}, 'path_level': {}}","{'node_level': {1: {'cpu': -44}, 0: {'cpu': -32}}, 'link_level': {(0, 1): {'bw': -133}}, 'path_level': {(0, 1): {}}}","{'node_level': {1: {'cpu': 0}, 0: {'cpu': 0}}, 'link_level': {(0, 1): {'bw': 0}}, 'path_level': {(0, 1): {}}}",[],-inf,-inf,True,True,False,0,[],0,0.0,0.0006759166717529297,2.0,1.0
59,19,4,1758.0,4565.0,849979.993814668,2538479.9756005867,0.3851040525739321,0.33483817165568486,16,100,1,1490.0,3667,575,3092,0.2090784044016506,0.3245958934032328,58,399.5597504662199,1490.0,7,10,False,"{4: np.int64(18), 1: np.int64(26), 3: np.int64(25), 6: np.int64(17), 5: np.int64(29), 0: np.int64(30), 2: np.int64(21)}","{(0, 3): []}","{(4, np.int64(18)): {'cpu': 14}, (1, np.int64(26)): {'cpu': 8}, (3, np.int64(25)): {'cpu': 19}, (6, np.int64(17)): {'cpu': 6}, (5, np.int64(29)): {'cpu': 15}, (0, np.int64(30)): {'cpu': 2}, (2, np.int64(21)): {'cpu': 0}}",{},0.0,0.0,128.0,64.0,331.0,0.0,0.0,0.0,0.0,0.0,0.0,0.0,0.0,0.0,Route Failure,32.0,"{'node_level': {}, 'link_level': {}, 'path_level': {}}","{'node_level': {4: {'cpu': -23}, 1: {'cpu': -25}, 3: {'cpu': -28}, 6: {'cpu': -46}, 5: {'cpu': -36}, 0: {'cpu': -42}, 2: {'cpu': -41}}, 'link_level': {(0, 3): {'bw': 32}}, 'path_level': {(0, 3): {}}}","{'node_level': {4: {'cpu': 0}, 1: {'cpu': 0}, 3: {'cpu': 0}, 6: {'cpu': 0}, 5: {'cpu': 0}, 0: {'cpu': 0}, 2: {'cpu': 0}}, 'link_level': {(0, 3): {'bw': 32}}, 'path_level': {(0, 3): {}}}",[],-inf,-inf,True,False,False,0,[],0,0.0,0.002568960189819336,7.0,1.0
60,19,4,1758.0,4565.0,849979.993814668,2538479.9756005867,0.3851040525739321,0.33483817165568486,16,101,1,1511.0,3667,575,3092,0.2090784044016506,0.3245958934032328,59,785.1099966482894,1511.0,6,9,False,"{4: np.int64(18), 5: np.int64(26), 3: np.int64(25), 1: np.int64(17), 2: np.int64(29), 0: np.int64(30)}","{(0, 2): []}","{(4, np.int64(18)): {'cpu': 14}, (5, np.int64(26)): {'cpu': 14}, (3, np.int64(25)): {'cpu': 9}, (1, np.int64(17)): {'cpu': 10}, (2, np.int64(29)): {'cpu': 9}, (0, np.int64(30)): {'cpu': 0}}",{},0.0,0.0,112.0,56.0,234.0,0.0,0.0,0.0,0.0,0.0,0.0,0.0,0.0,0.0,Route Failure,10.0,"{'node_level': {}, 'link_level': {}, 'path_level': {}}","{'node_level': {4: {'cpu': -23}, 5: {'cpu': -19}, 3: {'cpu': -38}, 1: {'cpu': -42}, 2: {'cpu': -42}, 0: {'cpu': -44}}, 'link_level': {(0, 2): {'bw': 10}}, 'path_level': {(0, 2): {}}}","{'node_level': {4: {'cpu': 0}, 5: {'cpu': 0}, 3: {'cpu': 0}, 1: {'cpu': 0}, 2: {'cpu': 0}, 0: {'cpu': 0}}, 'link_level': {(0, 2): {'bw': 10}}, 'path_level': {(0, 2): {}}}",[],-inf,-inf,True,False,False,0,[],0,0.0,0.002267122268676758,6.0,1.0
60,19,3,1758.0,4565.0,849979.993814668,2538479.9756005867,0.3851040525739321,0.33483817165568486,16,102,0,1528.321004657218,3708,586,3122,0.19394773039889956,0.31804281345565755,57,59.32100465721802,1469.0,2,1,False,{},{},{},{},0.0,0.0,0.0,0.0,0.0,0.0,0.0,0.0,0.0,0.0,0.0,0.0,0.0,0.0,Leave Event,0.0,"{'node_level': {}, 'link_level': {}, 'path_level': {}}","{'node_level': {}, 'link_level': {}, 'path_level': {}}","{'node_level': {}, 'link_level': {}, 'path_level': {}}",[],-inf,-inf,True,True,False,0,[],0,0.0,,,
61,19,3,1758.0,4565.0,849979.993814668,2538479.9756005867,0.3851040525739321,0.33483817165568486,16,103,1,1535.0,3708,586,3122,0.19394773039889956,0.31804281345565755,60,3111.948142699852,1535.0,5,4,False,"{3: np.int64(30), 0: np.int64(22), 2: np.int64(29), 1: np.int64(21), 4: np.int64(18)}","{(0, 1): [(np.int64(22), 14), (14, 6), (6, 13), (13, np.int64(21))], (0, 3): [(np.int64(22), 14), (14, 30)], (1, 4): [(np.int64(21), 13), (13, 6), (6, 2), (2, 0), (0, 1), (1, 4), (4, 10), (10, np.int64(18))], (2, 3): []}","{(3, np.int64(30)): {'cpu': 19}, (0, np.int64(22)): {'cpu': 13}, (2, np.int64(29)): {'cpu': 14}, (1, np.int64(21)): {'cpu': 18}, (4, np.int64(18)): {'cpu': 0}}","{((0, 1), (np.int64(22), 14)): {'bw': 13}, ((0, 1), (14, 6)): {'bw': 13}, ((0, 1), (6, 13)): {'bw': 13}, ((0, 1), (13, np.int64(21))): {'bw': 13}, ((0, 3), (np.int64(22), 14)): {'bw': 44}, ((0, 3), (14, 30)): {'bw': 44}, ((1, 4), (np.int64(21), 13)): {'bw': 4}, ((1, 4), (13, 6)): {'bw': 4}, ((1, 4), (6, 2)): {'bw': 4}, ((1, 4), (2, 0)): {'bw': 4}, ((1, 4), (0, 1)): {'bw': 4}, ((1, 4), (1, 4)): {'bw': 4}, ((1, 4), (4, 10)): {'bw': 4}, ((1, 4), (10, np.int64(18))): {'bw': 4}}",0.0,0.0,128.0,64.0,86.0,0.0,0.0,0.0,0.0,0.0,0.0,0.0,0.0,0.0,Route Failure,25.0,"{'node_level': {}, 'link_level': {}, 'path_level': {}}","{'node_level': {3: {'cpu': -32}, 0: {'cpu': -23}, 2: {'cpu': -37}, 1: {'cpu': -23}, 4: {'cpu': -37}}, 'link_level': {(0, 1): {'bw': -4}, (0, 3): {'bw': -102}, (1, 4): {'bw': 0}, (2, 3): {'bw': 25}}, 'path_level': {(0, 1): {}, (0, 3): {}, (1, 4): {}, (2, 3): {}}}","{'node_level': {3: {'cpu': 0}, 0: {'cpu': 0}, 2: {'cpu': 0}, 1: {'cpu': 0}, 4: {'cpu': 0}}, 'link_level': {(0, 1): {'bw': 0}, (0, 3): {'bw': 0}, (1, 4): {'bw': 0}, (2, 3): {'bw': 25}}, 'path_level': {(0, 1): {}, (0, 3): {}, (1, 4): {}, (2, 3): {}}}",[],-inf,-inf,True,False,False,0,[],0,0.0,0.002051115036010742,5.0,4.0
61,19,3,1758.0,4565.0,849979.993814668,2538479.9756005867,0.3851040525739321,0.33483817165568486,16,104,0,1540.8740099217423,3708,586,3122,0.19394773039889956,0.31804281345565755,46,374.87400992174224,1166.0,5,5,False,{},{},{},{},0.0,0.0,0.0,0.0,0.0,0.0,0.0,0.0,0.0,0.0,0.0,0.0,0.0,0.0,Leave Event,0.0,"{'node_level': {}, 'link_level': {}, 'path_level': {}}","{'node_level': {}, 'link_level': {}, 'path_level': {}}","{'node_level': {}, 'link_level': {}, 'path_level': {}}",[],-inf,-inf,True,True,False,0,[],0,0.0,,,
61,19,3,1758.0,4565.0,849979.993814668,2538479.9756005867,0.3851040525739321,0.33483817165568486,16,105,0,1557.5753634371506,3708,586,3122,0.19394773039889956,0.31804281345565755,34,704.5753634371506,853.0,5,6,False,{},{},{},{},0.0,0.0,0.0,0.0,0.0,0.0,0.0,0.0,0.0,0.0,0.0,0.0,0.0,0.0,Leave Event,0.0,"{'node_level': {}, 'link_level': {}, 'path_level': {}}","{'node_level': {}, 'link_level': {}, 'path_level': {}}","{'node_level': {}, 'link_level': {}, 'path_level': {}}",[],-inf,-inf,True,True,False,0,[],0,0.0,,,
62,19,3,1758.0,4565.0,849979.993814668,2538479.9756005867,0.3851040525739321,0.33483817165568486,16,106,1,1565.0,3708,586,3122,0.19394773039889956,0.31804281345565755,61,903.5620598022306,1565.0,10,17,False,"{6: np.int64(30), 9: np.int64(22), 2: np.int64(29), 1: np.int64(21), 7: np.int64(18), 0: np.int64(26), 8: np.int64(25), 4: np.int64(17), 3: np.int64(16), 5: np.int64(15)}","{(0, 1): []}","{(6, np.int64(30)): {'cpu': 17}, (9, np.int64(22)): {'cpu': 20}, (2, np.int64(29)): {'cpu': 11}, (1, np.int64(21)): {'cpu': 18}, (7, np.int64(18)): {'cpu': 20}, (0, np.int64(26)): {'cpu': 16}, (8, np.int64(25)): {'cpu': 11}, (4, np.int64(17)): {'cpu': 18}, (3, np.int64(16)): {'cpu': 1}, (5, np.int64(15)): {'cpu': 2}}",{},0.0,0.0,268.0,134.0,365.0,0.0,0.0,0.0,0.0,0.0,0.0,0.0,0.0,0.0,Route Failure,9.0,"{'node_level': {}, 'link_level': {}, 'path_level': {}}","{'node_level': {6: {'cpu': -34}, 9: {'cpu': -16}, 2: {'cpu': -40}, 1: {'cpu': -23}, 7: {'cpu': -17}, 0: {'cpu': -17}, 8: {'cpu': -36}, 4: {'cpu': -34}, 3: {'cpu': -34}, 5: {'cpu': -34}}, 'link_level': {(0, 1): {'bw': 9}}, 'path_level': {(0, 1): {}}}","{'node_level': {6: {'cpu': 0}, 9: {'cpu': 0}, 2: {'cpu': 0}, 1: {'cpu': 0}, 7: {'cpu': 0}, 0: {'cpu': 0}, 8: {'cpu': 0}, 4: {'cpu': 0}, 3: {'cpu': 0}, 5: {'cpu': 0}}, 'link_level': {(0, 1): {'bw': 9}}, 'path_level': {(0, 1): {}}}",[],-inf,-inf,True,False,False,0,[],0,0.0,0.003155946731567383,10.0,1.0
62,19,3,1758.0,4565.0,849979.993814668,2538479.9756005867,0.3851040525739321,0.33483817165568486,16,107,0,1571.7488733618652,3708,586,3122,0.19394773039889956,0.31804281345565755,38,615.7488733618653,956.0,4,4,False,{},{},{},{},0.0,0.0,0.0,0.0,0.0,0.0,0.0,0.0,0.0,0.0,0.0,0.0,0.0,0.0,Leave Event,0.0,"{'node_level': {}, 'link_level': {}, 'path_level': {}}","{'node_level': {}, 'link_level': {}, 'path_level': {}}","{'node_level': {}, 'link_level': {}, 'path_level': {}}",[],-inf,-inf,True,True,False,0,[],0,0.0,,,
62,19,2,1758.0,4565.0,849979.993814668,2538479.9756005867,0.3851040525739321,0.33483817165568486,16,108,0,1587.9691086083183,4102,604,3498,0.1691884456671252,0.23591087811271294,2,1517.9691086083183,70.0,3,2,False,{},{},{},{},0.0,0.0,0.0,0.0,0.0,0.0,0.0,0.0,0.0,0.0,0.0,0.0,0.0,0.0,Leave Event,0.0,"{'node_level': {}, 'link_level': {}, 'path_level': {}}","{'node_level': {}, 'link_level': {}, 'path_level': {}}","{'node_level': {}, 'link_level': {}, 'path_level': {}}",[],-inf,-inf,True,True,False,0,[],0,0.0,,,
63,19,2,1758.0,4565.0,849979.993814668,2538479.9756005867,0.3851040525739321,0.33483817165568486,16,109,1,1593.0,4102,604,3498,0.1691884456671252,0.23591087811271294,62,376.5254383915556,1593.0,7,9,False,"{4: np.int64(29), 2: np.int64(21), 0: np.int64(30), 6: np.int64(22), 5: np.int64(28), 3: np.int64(18), 1: np.int64(26)}","{(0, 5): [(np.int64(30), 14), (14, 6), (6, 2), (2, 5), (5, 12), (12, np.int64(28))], (1, 2): []}","{(4, np.int64(29)): {'cpu': 9}, (2, np.int64(21)): {'cpu': 6}, (0, np.int64(30)): {'cpu': 11}, (6, np.int64(22)): {'cpu': 2}, (5, np.int64(28)): {'cpu': 1}, (3, np.int64(18)): {'cpu': 20}, (1, np.int64(26)): {'cpu': 4}}","{((0, 5), (np.int64(30), 14)): {'bw': 42}, ((0, 5), (14, 6)): {'bw': 42}, ((0, 5), (6, 2)): {'bw': 42}, ((0, 5), (2, 5)): {'bw': 42}, ((0, 5), (5, 12)): {'bw': 42}, ((0, 5), (12, np.int64(28))): {'bw': 42}}",0.0,0.0,106.0,53.0,222.0,0.0,0.0,0.0,0.0,0.0,0.0,0.0,0.0,0.0,Route Failure,7.0,"{'node_level': {}, 'link_level': {}, 'path_level': {}}","{'node_level': {4: {'cpu': -42}, 2: {'cpu': -35}, 0: {'cpu': -40}, 6: {'cpu': -34}, 5: {'cpu': -41}, 3: {'cpu': -17}, 1: {'cpu': -29}}, 'link_level': {(0, 5): {'bw': -14}, (1, 2): {'bw': 7}}, 'path_level': {(0, 5): {}, (1, 2): {}}}","{'node_level': {4: {'cpu': 0}, 2: {'cpu': 0}, 0: {'cpu': 0}, 6: {'cpu': 0}, 5: {'cpu': 0}, 3: {'cpu': 0}, 1: {'cpu': 0}}, 'link_level': {(0, 5): {'bw': 0}, (1, 2): {'bw': 7}}, 'path_level': {(0, 5): {}, (1, 2): {}}}",[],-inf,-inf,True,False,False,0,[],0,0.0,0.0023970603942871094,7.0,2.0
64,19,2,1758.0,4565.0,849979.993814668,2538479.9756005867,0.3851040525739321,0.33483817165568486,16,110,1,1621.0,4102,604,3498,0.1691884456671252,0.23591087811271294,63,266.40018925963983,1621.0,10,21,False,"{5: np.int64(29), 8: np.int64(21), 1: np.int64(30), 9: np.int64(22), 0: np.int64(28), 4: np.int64(18), 7: np.int64(26), 2: np.int64(25), 6: np.int64(17), 3: np.int64(16)}","{(0, 2): [(np.int64(28), 12), (12, 5), (5, 2), (2, 0), (0, 1), (1, 4), (4, 9), (9, np.int64(25))], (0, 5): [(np.int64(28), 12), (12, 5), (5, 2), (2, 6), (6, 13), (13, np.int64(29))], (0, 6): [(np.int64(28), 12), (12, 5), (5, 2), (2, 0), (0, 1), (1, 4), (4, 9), (9, np.int64(17))], (0, 7): [(np.int64(28), 12), (12, 5), (5, 2), (2, 0), (0, 1), (1, 4), (4, 10), (10, np.int64(26))], (0, 8): []}","{(5, np.int64(29)): {'cpu': 20}, (8, np.int64(21)): {'cpu': 10}, (1, np.int64(30)): {'cpu': 16}, (9, np.int64(22)): {'cpu': 17}, (0, np.int64(28)): {'cpu': 5}, (4, np.int64(18)): {'cpu': 5}, (7, np.int64(26)): {'cpu': 2}, (2, np.int64(25)): {'cpu': 3}, (6, np.int64(17)): {'cpu': 18}, (3, np.int64(16)): {'cpu': 0}}","{((0, 2), (np.int64(28), 12)): {'bw': 3}, ((0, 2), (12, 5)): {'bw': 3}, ((0, 2), (5, 2)): {'bw': 3}, ((0, 2), (2, 0)): {'bw': 3}, ((0, 2), (0, 1)): {'bw': 3}, ((0, 2), (1, 4)): {'bw': 3}, ((0, 2), (4, 9)): {'bw': 3}, ((0, 2), (9, np.int64(25))): {'bw': 3}, ((0, 5), (np.int64(28), 12)): {'bw': 20}, ((0, 5), (12, 5)): {'bw': 20}, ((0, 5), (5, 2)): {'bw': 20}, ((0, 5), (2, 6)): {'bw': 20}, ((0, 5), (6, 13)): {'bw': 20}, ((0, 5), (13, np.int64(29))): {'bw': 20}, ((0, 6), (np.int64(28), 12)): {'bw': 8}, ((0, 6), (12, 5)): {'bw': 8}, ((0, 6), (5, 2)): {'bw': 8}, ((0, 6), (2, 0)): {'bw': 8}, ((0, 6), (0, 1)): {'bw': 8}, ((0, 6), (1, 4)): {'bw': 8}, ((0, 6), (4, 9)): {'bw': 8}, ((0, 6), (9, np.int64(17))): {'bw': 8}, ((0, 7), (np.int64(28), 12)): {'bw': 25}, ((0, 7), (12, 5)): {'bw': 25}, ((0, 7), (5, 2)): {'bw': 25}, ((0, 7), (2, 0)): {'bw': 25}, ((0, 7), (0, 1)): {'bw': 25}, ((0, 7), (1, 4)): {'bw': 25}, ((0, 7), (4, 10)): {'bw': 25}, ((0, 7), (10, np.int64(26))): {'bw': 25}}",0.0,0.0,192.0,96.0,494.0,0.0,0.0,0.0,0.0,0.0,0.0,0.0,0.0,0.0,Route Failure,9.0,"{'node_level': {}, 'link_level': {}, 'path_level': {}}","{'node_level': {5: {'cpu': -31}, 8: {'cpu': -31}, 1: {'cpu': -35}, 9: {'cpu': -19}, 0: {'cpu': -37}, 4: {'cpu': -32}, 7: {'cpu': -31}, 2: {'cpu': -44}, 6: {'cpu': -34}, 3: {'cpu': -35}}, 'link_level': {(0, 2): {'bw': -69}, (0, 5): {'bw': -36}, (0, 6): {'bw': -41}, (0, 7): {'bw': -16}, (0, 8): {'bw': 6}}, 'path_level': {(0, 2): {}, (0, 5): {}, (0, 6): {}, (0, 7): {}, (0, 8): {}}}","{'node_level': {5: {'cpu': 0}, 8: {'cpu': 0}, 1: {'cpu': 0}, 9: {'cpu': 0}, 0: {'cpu': 0}, 4: {'cpu': 0}, 7: {'cpu': 0}, 2: {'cpu': 0}, 6: {'cpu': 0}, 3: {'cpu': 0}}, 'link_level': {(0, 2): {'bw': 0}, (0, 5): {'bw': 0}, (0, 6): {'bw': 0}, (0, 7): {'bw': 0}, (0, 8): {'bw': 9}}, 'path_level': {(0, 2): {}, (0, 5): {}, (0, 6): {}, (0, 7): {}, (0, 8): {}}}",[],-inf,-inf,True,False,False,0,[],0,0.0,0.003683805465698242,10.0,5.0
64,19,2,1758.0,4565.0,849979.993814668,2538479.9756005867,0.3851040525739321,0.33483817165568486,16,111,0,1633.5021410579775,4102,604,3498,0.1691884456671252,0.23591087811271294,53,286.50214105797744,1347.0,4,5,False,{},{},{},{},0.0,0.0,0.0,0.0,0.0,0.0,0.0,0.0,0.0,0.0,0.0,0.0,0.0,0.0,Leave Event,0.0,"{'node_level': {}, 'link_level': {}, 'path_level': {}}","{'node_level': {}, 'link_level': {}, 'path_level': {}}","{'node_level': {}, 'link_level': {}, 'path_level': {}}",[],-inf,-inf,True,True,False,0,[],0,0.0,,,
65,19,2,1758.0,4565.0,849979.993814668,2538479.9756005867,0.3851040525739321,0.33483817165568486,16,112,1,1649.0,4102,604,3498,0.1691884456671252,0.23591087811271294,64,32.304942111250284,1649.0,8,10,False,"{4: np.int64(29), 7: np.int64(21), 1: np.int64(30), 2: np.int64(22), 6: np.int64(28), 5: np.int64(18), 3: np.int64(26), 0: np.int64(25)}","{(0, 4): [(np.int64(25), 9), (9, 4), (4, 1), (1, 0), (0, 2), (2, 6), (6, 13), (13, np.int64(29))], (0, 5): [(np.int64(25), 9), (9, 4), (4, 10), (10, np.int64(18))], (1, 5): [(np.int64(30), 14), (14, 6), (6, 2), (2, 0), (0, 1), (1, 4), (4, 10), (10, np.int64(18))], (1, 6): []}","{(4, np.int64(29)): {'cpu': 19}, (7, np.int64(21)): {'cpu': 12}, (1, np.int64(30)): {'cpu': 20}, (2, np.int64(22)): {'cpu': 10}, (6, np.int64(28)): {'cpu': 6}, (5, np.int64(18)): {'cpu': 4}, (3, np.int64(26)): {'cpu': 3}, (0, np.int64(25)): {'cpu': 0}}","{((0, 4), (np.int64(25), 9)): {'bw': 24}, ((0, 4), (9, 4)): {'bw': 24}, ((0, 4), (4, 1)): {'bw': 24}, ((0, 4), (1, 0)): {'bw': 24}, ((0, 4), (0, 2)): {'bw': 24}, ((0, 4), (2, 6)): {'bw': 24}, ((0, 4), (6, 13)): {'bw': 24}, ((0, 4), (13, np.int64(29))): {'bw': 24}, ((0, 5), (np.int64(25), 9)): {'bw': 47}, ((0, 5), (9, 4)): {'bw': 47}, ((0, 5), (4, 10)): {'bw': 47}, ((0, 5), (10, np.int64(18))): {'bw': 47}, ((1, 5), (np.int64(30), 14)): {'bw': 24}, ((1, 5), (14, 6)): {'bw': 24}, ((1, 5), (6, 2)): {'bw': 24}, ((1, 5), (2, 0)): {'bw': 24}, ((1, 5), (0, 1)): {'bw': 24}, ((1, 5), (1, 4)): {'bw': 24}, ((1, 5), (4, 10)): {'bw': 24}, ((1, 5), (10, np.int64(18))): {'bw': 24}}",0.0,0.0,148.0,74.0,284.0,0.0,0.0,0.0,0.0,0.0,0.0,0.0,0.0,0.0,Route Failure,25.0,"{'node_level': {}, 'link_level': {}, 'path_level': {}}","{'node_level': {4: {'cpu': -32}, 7: {'cpu': -29}, 1: {'cpu': -31}, 2: {'cpu': -26}, 6: {'cpu': -36}, 5: {'cpu': -33}, 3: {'cpu': -30}, 0: {'cpu': -47}}, 'link_level': {(0, 4): {'bw': -32}, (0, 5): {'bw': -33}, (1, 5): {'bw': -8}, (1, 6): {'bw': 25}}, 'path_level': {(0, 4): {}, (0, 5): {}, (1, 5): {}, (1, 6): {}}}","{'node_level': {4: {'cpu': 0}, 7: {'cpu': 0}, 1: {'cpu': 0}, 2: {'cpu': 0}, 6: {'cpu': 0}, 5: {'cpu': 0}, 3: {'cpu': 0}, 0: {'cpu': 0}}, 'link_level': {(0, 4): {'bw': 0}, (0, 5): {'bw': 0}, (1, 5): {'bw': 0}, (1, 6): {'bw': 25}}, 'path_level': {(0, 4): {}, (0, 5): {}, (1, 5): {}, (1, 6): {}}}",[],-inf,-inf,True,False,False,0,[],0,0.0,0.003010988235473633,8.0,4.0
66,19,2,1758.0,4565.0,849979.993814668,2538479.9756005867,0.3851040525739321,0.33483817165568486,16,113,1,1676.0,4102,604,3498,0.1691884456671252,0.23591087811271294,65,109.09317362220082,1676.0,9,22,False,"{5: np.int64(29), 0: np.int64(21), 7: np.int64(30), 2: np.int64(22), 1: np.int64(28), 8: np.int64(18), 4: np.int64(26), 6: np.int64(25), 3: np.int64(17)}","{(0, 1): [(np.int64(21), 13), (13, 6), (6, 2), (2, 5), (5, 12), (12, np.int64(28))], (0, 3): []}","{(5, np.int64(29)): {'cpu': 20}, (0, np.int64(21)): {'cpu': 12}, (7, np.int64(30)): {'cpu': 19}, (2, np.int64(22)): {'cpu': 5}, (1, np.int64(28)): {'cpu': 4}, (8, np.int64(18)): {'cpu': 4}, (4, np.int64(26)): {'cpu': 3}, (6, np.int64(25)): {'cpu': 2}, (3, np.int64(17)): {'cpu': 0}}","{((0, 1), (np.int64(21), 13)): {'bw': 43}, ((0, 1), (13, 6)): {'bw': 43}, ((0, 1), (6, 2)): {'bw': 43}, ((0, 1), (2, 5)): {'bw': 43}, ((0, 1), (5, 12)): {'bw': 43}, ((0, 1), (12, np.int64(28))): {'bw': 43}}",0.0,0.0,138.0,69.0,641.0,0.0,0.0,0.0,0.0,0.0,0.0,0.0,0.0,0.0,Route Failure,58.0,"{'node_level': {}, 'link_level': {}, 'path_level': {}}","{'node_level': {5: {'cpu': -31}, 0: {'cpu': -29}, 7: {'cpu': -32}, 2: {'cpu': -31}, 1: {'cpu': -38}, 8: {'cpu': -33}, 4: {'cpu': -30}, 6: {'cpu': -45}, 3: {'cpu': -52}}, 'link_level': {(0, 1): {'bw': -13}, (0, 3): {'bw': 34}}, 'path_level': {(0, 1): {}, (0, 3): {}}}","{'node_level': {5: {'cpu': 0}, 0: {'cpu': 0}, 7: {'cpu': 0}, 2: {'cpu': 0}, 1: {'cpu': 0}, 8: {'cpu': 0}, 4: {'cpu': 0}, 6: {'cpu': 0}, 3: {'cpu': 0}}, 'link_level': {(0, 1): {'bw': 0}, (0, 3): {'bw': 58}}, 'path_level': {(0, 1): {}, (0, 3): {}}}",[],-inf,-inf,True,False,False,0,[],0,0.0,0.003963947296142578,9.0,2.0
66,19,2,1758.0,4565.0,849979.993814668,2538479.9756005867,0.3851040525739321,0.33483817165568486,16,114,0,1681.3049421112503,4102,604,3498,0.1691884456671252,0.23591087811271294,64,32.304942111250284,1649.0,8,10,False,{},{},{},{},0.0,0.0,0.0,0.0,0.0,0.0,0.0,0.0,0.0,0.0,0.0,0.0,0.0,0.0,Leave Event,0.0,"{'node_level': {}, 'link_level': {}, 'path_level': {}}","{'node_level': {}, 'link_level': {}, 'path_level': {}}","{'node_level': {}, 'link_level': {}, 'path_level': {}}",[],-inf,-inf,True,True,False,0,[],0,0.0,,,
66,19,2,1758.0,4565.0,849979.993814668,2538479.9756005867,0.3851040525739321,0.33483817165568486,16,115,0,1685.370347020101,4102,604,3498,0.1691884456671252,0.23591087811271294,56,246.37034702010098,1439.0,5,8,False,{},{},{},{},0.0,0.0,0.0,0.0,0.0,0.0,0.0,0.0,0.0,0.0,0.0,0.0,0.0,0.0,Leave Event,0.0,"{'node_level': {}, 'link_level': {}, 'path_level': {}}","{'node_level': {}, 'link_level': {}, 'path_level': {}}","{'node_level': {}, 'link_level': {}, 'path_level': {}}",[],-inf,-inf,True,True,False,0,[],0,0.0,,,
67,20,3,1824.0,4667.0,869939.1725731818,2569325.9791364716,0.39082922648382257,0.3385865318909673,16,116,1,1696.0,4000,574,3426,0.21045392022008258,0.25163826998689387,66,302.411799371421,1696.0,2,1,True,"{0: np.int64(29), 1: np.int64(21)}","{(0, 1): [(np.int64(29), 13), (13, 21)]}","{(0, np.int64(29)): {'cpu': 15}, (1, np.int64(21)): {'cpu': 15}}","{((0, 1), (np.int64(29), 13)): {'bw': 36}, ((0, 1), (13, 21)): {'bw': 36}}",102.0,66.0,60.0,30.0,36.0,30.0,36.0,30.0,72.0,36.0,0.6470588235294118,30846.00353588494,19959.178758513786,195.6782231226842,Success,0.0,"{'node_level': {}, 'link_level': {}, 'path_level': {}}","{'node_level': {0: {'cpu': -36}, 1: {'cpu': -26}}, 'link_level': {(0, 1): {'bw': -79}}, 'path_level': {(0, 1): {}}}","{'node_level': {0: {'cpu': 0}, 1: {'cpu': 0}}, 'link_level': {(0, 1): {'bw': 0}}, 'path_level': {(0, 1): {}}}",[],-inf,-inf,True,True,False,0,[],0,0.0,0.0006248950958251953,2.0,1.0
68,21,4,1965.0,5026.0,900280.2090311348,2646577.2705436004,0.390966971746916,0.3401677400661041,16,117,1,1727.0,3641,509,3132,0.2998624484181568,0.31585845347313235,67,215.18465573016312,1727.0,6,5,True,"{3: np.int64(30), 2: np.int64(22), 5: np.int64(29), 0: np.int64(28), 1: np.int64(18), 4: np.int64(26)}","{(0, 2): [(np.int64(28), 12), (12, 5), (5, 2), (2, 6), (6, 14), (14, np.int64(22))], (1, 4): [(np.int64(18), 10), (10, 26)], (1, 5): [(np.int64(18), 10), (10, 4), (4, 1), (1, 0), (0, 2), (2, 6), (6, 13), (13, np.int64(29))], (2, 3): [(np.int64(22), 14), (14, 30)], (3, 5): [(np.int64(30), 14), (14, 6), (6, 13), (13, np.int64(29))]}","{(3, np.int64(30)): {'cpu': 14}, (2, np.int64(22)): {'cpu': 8}, (5, np.int64(29)): {'cpu': 20}, (0, np.int64(28)): {'cpu': 9}, (1, np.int64(18)): {'cpu': 6}, (4, np.int64(26)): {'cpu': 8}}","{((0, 2), (np.int64(28), 12)): {'bw': 21}, ((0, 2), (12, 5)): {'bw': 21}, ((0, 2), (5, 2)): {'bw': 21}, ((0, 2), (2, 6)): {'bw': 21}, ((0, 2), (6, 14)): {'bw': 21}, ((0, 2), (14, np.int64(22))): {'bw': 21}, ((1, 4), (np.int64(18), 10)): {'bw': 6}, ((1, 4), (10, 26)): {'bw': 6}, ((1, 5), (np.int64(18), 10)): {'bw': 5}, ((1, 5), (10, 4)): {'bw': 5}, ((1, 5), (4, 1)): {'bw': 5}, ((1, 5), (1, 0)): {'bw': 5}, ((1, 5), (0, 2)): {'bw': 5}, ((1, 5), (2, 6)): {'bw': 5}, ((1, 5), (6, 13)): {'bw': 5}, ((1, 5), (13, np.int64(29))): {'bw': 5}, ((2, 3), (np.int64(22), 14)): {'bw': 30}, ((2, 3), (14, 30)): {'bw': 30}, ((3, 5), (np.int64(30), 14)): {'bw': 14}, ((3, 5), (14, 6)): {'bw': 14}, ((3, 5), (6, 13)): {'bw': 14}, ((3, 5), (13, np.int64(29))): {'bw': 14}}",359.0,141.0,130.0,65.0,76.0,65.0,76.0,65.0,294.0,218.0,0.39275766016713093,77251.29140712856,30341.036457953,84.51542188844847,Success,0.0,"{'node_level': {}, 'link_level': {}, 'path_level': {}}","{'node_level': {3: {'cpu': -37}, 2: {'cpu': -28}, 5: {'cpu': -16}, 0: {'cpu': -33}, 1: {'cpu': -31}, 4: {'cpu': -25}}, 'link_level': {(0, 2): {'bw': -35}, (1, 4): {'bw': -173}, (1, 5): {'bw': -30}, (2, 3): {'bw': -108}, (3, 5): {'bw': -47}}, 'path_level': {(0, 2): {}, (1, 4): {}, (1, 5): {}, (2, 3): {}, (3, 5): {}}}","{'node_level': {3: {'cpu': 0}, 2: {'cpu': 0}, 5: {'cpu': 0}, 0: {'cpu': 0}, 1: {'cpu': 0}, 4: {'cpu': 0}}, 'link_level': {(0, 2): {'bw': 0}, (1, 4): {'bw': 0}, (1, 5): {'bw': 0}, (2, 3): {'bw': 0}, (3, 5): {'bw': 0}}, 'path_level': {(0, 2): {}, (1, 4): {}, (1, 5): {}, (2, 3): {}, (3, 5): {}}}",[],-inf,-inf,True,True,False,0,[],0,0.0,0.002132892608642578,6.0,5.0
69,21,4,1965.0,5026.0,900280.2090311348,2646577.2705436004,0.390966971746916,0.3401677400661041,16,118,1,1749.0,3641,509,3132,0.2998624484181568,0.31585845347313235,68,101.37642153119177,1749.0,8,16,False,"{3: np.int64(25), 1: np.int64(17), 7: np.int64(18), 6: np.int64(26), 5: np.int64(16), 4: np.int64(15), 0: np.int64(24), 2: np.int64(28)}","{(0, 1): [(np.int64(24), 8), (8, 3), (3, 1), (1, 4), (4, 9), (9, np.int64(17))], (0, 3): [(np.int64(24), 8), (8, 3), (3, 1), (1, 4), (4, 9), (9, np.int64(25))], (0, 6): [(np.int64(24), 8), (8, 3), (3, 1), (1, 4), (4, 10), (10, np.int64(26))], (1, 3): [(np.int64(17), 9), (9, 25)], (1, 4): [(np.int64(17), 9), (9, 4), (4, 1), (1, 3), (3, 7), (7, np.int64(15))], (1, 6): [(np.int64(17), 9), (9, 4), (4, 10), (10, np.int64(26))], (1, 7): []}","{(3, np.int64(25)): {'cpu': 18}, (1, np.int64(17)): {'cpu': 14}, (7, np.int64(18)): {'cpu': 16}, (6, np.int64(26)): {'cpu': 10}, (5, np.int64(16)): {'cpu': 17}, (4, np.int64(15)): {'cpu': 11}, (0, np.int64(24)): {'cpu': 0}, (2, np.int64(28)): {'cpu': 0}}","{((0, 1), (np.int64(24), 8)): {'bw': 40}, ((0, 1), (8, 3)): {'bw': 40}, ((0, 1), (3, 1)): {'bw': 40}, ((0, 1), (1, 4)): {'bw': 40}, ((0, 1), (4, 9)): {'bw': 40}, ((0, 1), (9, np.int64(17))): {'bw': 40}, ((0, 3), (np.int64(24), 8)): {'bw': 18}, ((0, 3), (8, 3)): {'bw': 18}, ((0, 3), (3, 1)): {'bw': 18}, ((0, 3), (1, 4)): {'bw': 18}, ((0, 3), (4, 9)): {'bw': 18}, ((0, 3), (9, np.int64(25))): {'bw': 18}, ((0, 6), (np.int64(24), 8)): {'bw': 22}, ((0, 6), (8, 3)): {'bw': 22}, ((0, 6), (3, 1)): {'bw': 22}, ((0, 6), (1, 4)): {'bw': 22}, ((0, 6), (4, 10)): {'bw': 22}, ((0, 6), (10, np.int64(26))): {'bw': 22}, ((1, 3), (np.int64(17), 9)): {'bw': 10}, ((1, 3), (9, 25)): {'bw': 10}, ((1, 4), (np.int64(17), 9)): {'bw': 10}, ((1, 4), (9, 4)): {'bw': 10}, ((1, 4), (4, 1)): {'bw': 10}, ((1, 4), (1, 3)): {'bw': 10}, ((1, 4), (3, 7)): {'bw': 10}, ((1, 4), (7, np.int64(15))): {'bw': 10}, ((1, 6), (np.int64(17), 9)): {'bw': 12}, ((1, 6), (9, 4)): {'bw': 12}, ((1, 6), (4, 10)): {'bw': 12}, ((1, 6), (10, np.int64(26))): {'bw': 12}}",0.0,0.0,172.0,86.0,317.0,0.0,0.0,0.0,0.0,0.0,0.0,0.0,0.0,0.0,Route Failure,1.0,"{'node_level': {}, 'link_level': {}, 'path_level': {}}","{'node_level': {3: {'cpu': -29}, 1: {'cpu': -38}, 7: {'cpu': -15}, 6: {'cpu': -15}, 5: {'cpu': -18}, 4: {'cpu': -25}, 0: {'cpu': -23}, 2: {'cpu': -33}}, 'link_level': {(0, 1): {'bw': -42}, (0, 3): {'bw': -46}, (0, 6): {'bw': -33}, (1, 3): {'bw': -32}, (1, 4): {'bw': -22}, (1, 6): {'bw': -10}, (1, 7): {'bw': 1}}, 'path_level': {(0, 1): {}, (0, 3): {}, (0, 6): {}, (1, 3): {}, (1, 4): {}, (1, 6): {}, (1, 7): {}}}","{'node_level': {3: {'cpu': 0}, 1: {'cpu': 0}, 7: {'cpu': 0}, 6: {'cpu': 0}, 5: {'cpu': 0}, 4: {'cpu': 0}, 0: {'cpu': 0}, 2: {'cpu': 0}}, 'link_level': {(0, 1): {'bw': 0}, (0, 3): {'bw': 0}, (0, 6): {'bw': 0}, (1, 3): {'bw': 0}, (1, 4): {'bw': 0}, (1, 6): {'bw': 0}, (1, 7): {'bw': 1}}, 'path_level': {(0, 1): {}, (0, 3): {}, (0, 6): {}, (1, 3): {}, (1, 4): {}, (1, 6): {}, (1, 7): {}}}",[],-inf,-inf,True,False,False,0,[],0,0.0,0.0033037662506103516,8.0,7.0
70,21,4,1965.0,5026.0,900280.2090311348,2646577.2705436004,0.390966971746916,0.3401677400661041,16,119,1,1773.0,3641,509,3132,0.2998624484181568,0.31585845347313235,69,1017.9072729582688,1773.0,10,17,False,"{6: np.int64(25), 2: np.int64(17), 0: np.int64(18), 4: np.int64(26), 7: np.int64(16), 5: np.int64(15), 1: np.int64(24), 8: np.int64(28), 3: np.int64(30), 9: np.int64(20)}","{(0, 1): [(np.int64(18), 10), (10, 4), (4, 1), (1, 3), (3, 8), (8, np.int64(24))], (0, 2): [(np.int64(18), 10), (10, 4), (4, 9), (9, np.int64(17))], (0, 5): [(np.int64(18), 10), (10, 4), (4, 1), (1, 3), (3, 7), (7, np.int64(15))], (0, 6): [(np.int64(18), 10), (10, 4), (4, 9), (9, np.int64(25))], (0, 9): [(np.int64(18), 10), (10, 4), (4, 1), (1, 0), (0, 2), (2, 5), (5, 12), (12, np.int64(20))], (1, 2): [(np.int64(24), 8), (8, 3), (3, 1), (1, 4), (4, 9), (9, np.int64(17))], (1, 3): [(np.int64(24), 8), (8, 3), (3, 1), (1, 0), (0, 2), (2, 6), (6, 14), (14, np.int64(30))], (1, 4): []}","{(6, np.int64(25)): {'cpu': 15}, (2, np.int64(17)): {'cpu': 17}, (0, np.int64(18)): {'cpu': 8}, (4, np.int64(26)): {'cpu': 7}, (7, np.int64(16)): {'cpu': 14}, (5, np.int64(15)): {'cpu': 13}, (1, np.int64(24)): {'cpu': 4}, (8, np.int64(28)): {'cpu': 6}, (3, np.int64(30)): {'cpu': 6}, (9, np.int64(20)): {'cpu': 2}}","{((0, 1), (np.int64(18), 10)): {'bw': 33}, ((0, 1), (10, 4)): {'bw': 33}, ((0, 1), (4, 1)): {'bw': 33}, ((0, 1), (1, 3)): {'bw': 33}, ((0, 1), (3, 8)): {'bw': 33}, ((0, 1), (8, np.int64(24))): {'bw': 33}, ((0, 2), (np.int64(18), 10)): {'bw': 16}, ((0, 2), (10, 4)): {'bw': 16}, ((0, 2), (4, 9)): {'bw': 16}, ((0, 2), (9, np.int64(17))): {'bw': 16}, ((0, 5), (np.int64(18), 10)): {'bw': 26}, ((0, 5), (10, 4)): {'bw': 26}, ((0, 5), (4, 1)): {'bw': 26}, ((0, 5), (1, 3)): {'bw': 26}, ((0, 5), (3, 7)): {'bw': 26}, ((0, 5), (7, np.int64(15))): {'bw': 26}, ((0, 6), (np.int64(18), 10)): {'bw': 2}, ((0, 6), (10, 4)): {'bw': 2}, ((0, 6), (4, 9)): {'bw': 2}, ((0, 6), (9, np.int64(25))): {'bw': 2}, ((0, 9), (np.int64(18), 10)): {'bw': 19}, ((0, 9), (10, 4)): {'bw': 19}, ((0, 9), (4, 1)): {'bw': 19}, ((0, 9), (1, 0)): {'bw': 19}, ((0, 9), (0, 2)): {'bw': 19}, ((0, 9), (2, 5)): {'bw': 19}, ((0, 9), (5, 12)): {'bw': 19}, ((0, 9), (12, np.int64(20))): {'bw': 19}, ((1, 2), (np.int64(24), 8)): {'bw': 16}, ((1, 2), (8, 3)): {'bw': 16}, ((1, 2), (3, 1)): {'bw': 16}, ((1, 2), (1, 4)): {'bw': 16}, ((1, 2), (4, 9)): {'bw': 16}, ((1, 2), (9, np.int64(17))): {'bw': 16}, ((1, 3), (np.int64(24), 8)): {'bw': 10}, ((1, 3), (8, 3)): {'bw': 10}, ((1, 3), (3, 1)): {'bw': 10}, ((1, 3), (1, 0)): {'bw': 10}, ((1, 3), (0, 2)): {'bw': 10}, ((1, 3), (2, 6)): {'bw': 10}, ((1, 3), (6, 14)): {'bw': 10}, ((1, 3), (14, np.int64(30))): {'bw': 10}}",0.0,0.0,184.0,92.0,359.0,0.0,0.0,0.0,0.0,0.0,0.0,0.0,0.0,0.0,Route Failure,12.0,"{'node_level': {}, 'link_level': {}, 'path_level': {}}","{'node_level': {6: {'cpu': -32}, 2: {'cpu': -35}, 0: {'cpu': -23}, 4: {'cpu': -18}, 7: {'cpu': -21}, 5: {'cpu': -23}, 1: {'cpu': -19}, 8: {'cpu': -27}, 3: {'cpu': -31}, 9: {'cpu': -33}}, 'link_level': {(0, 1): {'bw': -80}, (0, 2): {'bw': -66}, (0, 5): {'bw': -23}, (0, 6): {'bw': -57}, (0, 9): {'bw': -32}, (1, 2): {'bw': -24}, (1, 3): {'bw': -20}, (1, 4): {'bw': 8}}, 'path_level': {(0, 1): {}, (0, 2): {}, (0, 5): {}, (0, 6): {}, (0, 9): {}, (1, 2): {}, (1, 3): {}, (1, 4): {}}}","{'node_level': {6: {'cpu': 0}, 2: {'cpu': 0}, 0: {'cpu': 0}, 4: {'cpu': 0}, 7: {'cpu': 0}, 5: {'cpu': 0}, 1: {'cpu': 0}, 8: {'cpu': 0}, 3: {'cpu': 0}, 9: {'cpu': 0}}, 'link_level': {(0, 1): {'bw': 0}, (0, 2): {'bw': 0}, (0, 5): {'bw': 0}, (0, 6): {'bw': 0}, (0, 9): {'bw': 0}, (1, 2): {'bw': 0}, (1, 3): {'bw': 0}, (1, 4): {'bw': 12}}, 'path_level': {(0, 1): {}, (0, 2): {}, (0, 5): {}, (0, 6): {}, (0, 9): {}, (1, 2): {}, (1, 3): {}, (1, 4): {}}}",[],-inf,-inf,True,False,False,0,[],0,0.0,0.003448009490966797,10.0,8.0
70,21,4,1965.0,5026.0,900280.2090311348,2646577.2705436004,0.390966971746916,0.3401677400661041,16,120,0,1785.0931736222008,3641,509,3132,0.2998624484181568,0.31585845347313235,65,109.09317362220082,1676.0,9,22,False,{},{},{},{},0.0,0.0,0.0,0.0,0.0,0.0,0.0,0.0,0.0,0.0,0.0,0.0,0.0,0.0,Leave Event,0.0,"{'node_level': {}, 'link_level': {}, 'path_level': {}}","{'node_level': {}, 'link_level': {}, 'path_level': {}}","{'node_level': {}, 'link_level': {}, 'path_level': {}}",[],-inf,-inf,True,True,False,0,[],0,0.0,,,
71,21,4,1965.0,5026.0,900280.2090311348,2646577.2705436004,0.390966971746916,0.3401677400661041,16,121,1,1804.0,3641,509,3132,0.2998624484181568,0.31585845347313235,70,217.2471393966827,1804.0,6,10,False,"{2: np.int64(25), 3: np.int64(17), 0: np.int64(18), 4: np.int64(26), 1: np.int64(16), 5: np.int64(15)}","{(0, 1): [(np.int64(18), 10), (10, 4), (4, 1), (1, 3), (3, 8), (8, np.int64(16))], (0, 2): [(np.int64(18), 10), (10, 4), (4, 9), (9, np.int64(25))], (0, 3): [(np.int64(18), 10), (10, 4), (4, 9), (9, np.int64(17))], (0, 5): [(np.int64(18), 10), (10, 4), (4, 1), (1, 3), (3, 7), (7, np.int64(15))], (1, 4): [(np.int64(16), 8), (8, 3), (3, 1), (1, 4), (4, 10), (10, np.int64(26))], (2, 3): [(np.int64(25), 9), (9, 17)], (2, 4): [(np.int64(25), 9), (9, 4), (4, 10), (10, np.int64(26))], (2, 5): []}","{(2, np.int64(25)): {'cpu': 19}, (3, np.int64(17)): {'cpu': 16}, (0, np.int64(18)): {'cpu': 18}, (4, np.int64(26)): {'cpu': 12}, (1, np.int64(16)): {'cpu': 5}, (5, np.int64(15)): {'cpu': 2}}","{((0, 1), (np.int64(18), 10)): {'bw': 1}, ((0, 1), (10, 4)): {'bw': 1}, ((0, 1), (4, 1)): {'bw': 1}, ((0, 1), (1, 3)): {'bw': 1}, ((0, 1), (3, 8)): {'bw': 1}, ((0, 1), (8, np.int64(16))): {'bw': 1}, ((0, 2), (np.int64(18), 10)): {'bw': 43}, ((0, 2), (10, 4)): {'bw': 43}, ((0, 2), (4, 9)): {'bw': 43}, ((0, 2), (9, np.int64(25))): {'bw': 43}, ((0, 3), (np.int64(18), 10)): {'bw': 32}, ((0, 3), (10, 4)): {'bw': 32}, ((0, 3), (4, 9)): {'bw': 32}, ((0, 3), (9, np.int64(17))): {'bw': 32}, ((0, 5), (np.int64(18), 10)): {'bw': 3}, ((0, 5), (10, 4)): {'bw': 3}, ((0, 5), (4, 1)): {'bw': 3}, ((0, 5), (1, 3)): {'bw': 3}, ((0, 5), (3, 7)): {'bw': 3}, ((0, 5), (7, np.int64(15))): {'bw': 3}, ((1, 4), (np.int64(16), 8)): {'bw': 37}, ((1, 4), (8, 3)): {'bw': 37}, ((1, 4), (3, 1)): {'bw': 37}, ((1, 4), (1, 4)): {'bw': 37}, ((1, 4), (4, 10)): {'bw': 37}, ((1, 4), (10, np.int64(26))): {'bw': 37}, ((2, 3), (np.int64(25), 9)): {'bw': 9}, ((2, 3), (9, 17)): {'bw': 9}, ((2, 4), (np.int64(25), 9)): {'bw': 16}, ((2, 4), (9, 4)): {'bw': 16}, ((2, 4), (4, 10)): {'bw': 16}, ((2, 4), (10, np.int64(26))): {'bw': 16}}",0.0,0.0,144.0,72.0,262.0,0.0,0.0,0.0,0.0,0.0,0.0,0.0,0.0,0.0,Route Failure,28.0,"{'node_level': {}, 'link_level': {}, 'path_level': {}}","{'node_level': {2: {'cpu': -28}, 3: {'cpu': -36}, 0: {'cpu': -13}, 4: {'cpu': -13}, 1: {'cpu': -30}, 5: {'cpu': -34}}, 'link_level': {(0, 1): {'bw': -112}, (0, 2): {'bw': -61}, (0, 3): {'bw': -29}, (0, 5): {'bw': -46}, (1, 4): {'bw': -18}, (2, 3): {'bw': -41}, (2, 4): {'bw': -2}, (2, 5): {'bw': 28}}, 'path_level': {(0, 1): {}, (0, 2): {}, (0, 3): {}, (0, 5): {}, (1, 4): {}, (2, 3): {}, (2, 4): {}, (2, 5): {}}}","{'node_level': {2: {'cpu': 0}, 3: {'cpu': 0}, 0: {'cpu': 0}, 4: {'cpu': 0}, 1: {'cpu': 0}, 5: {'cpu': 0}}, 'link_level': {(0, 1): {'bw': 0}, (0, 2): {'bw': 0}, (0, 3): {'bw': 0}, (0, 5): {'bw': 0}, (1, 4): {'bw': 0}, (2, 3): {'bw': 0}, (2, 4): {'bw': 0}, (2, 5): {'bw': 28}}, 'path_level': {(0, 1): {}, (0, 2): {}, (0, 3): {}, (0, 5): {}, (1, 4): {}, (2, 3): {}, (2, 4): {}, (2, 5): {}}}",[],-inf,-inf,True,False,False,0,[],0,0.0,0.0022399425506591797,6.0,8.0
71,21,4,1965.0,5026.0,900280.2090311348,2646577.2705436004,0.390966971746916,0.3401677400661041,16,122,0,1813.605291114158,3641,509,3132,0.2998624484181568,0.31585845347313235,51,511.6052911141581,1302.0,9,20,False,{},{},{},{},0.0,0.0,0.0,0.0,0.0,0.0,0.0,0.0,0.0,0.0,0.0,0.0,0.0,0.0,Leave Event,0.0,"{'node_level': {}, 'link_level': {}, 'path_level': {}}","{'node_level': {}, 'link_level': {}, 'path_level': {}}","{'node_level': {}, 'link_level': {}, 'path_level': {}}",[],-inf,-inf,True,True,False,0,[],0,0.0,,,
72,21,4,1965.0,5026.0,900280.2090311348,2646577.2705436004,0.390966971746916,0.3401677400661041,16,123,1,1822.0,3641,509,3132,0.2998624484181568,0.31585845347313235,71,90.25865744017176,1822.0,10,31,False,"{9: np.int64(25), 0: np.int64(17), 8: np.int64(18), 2: np.int64(26), 3: np.int64(16), 5: np.int64(15), 4: np.int64(24), 1: np.int64(28), 7: np.int64(30), 6: np.int64(20)}","{(0, 2): [(np.int64(17), 9), (9, 4), (4, 10), (10, np.int64(26))], (0, 3): [(np.int64(17), 9), (9, 4), (4, 1), (1, 3), (3, 8), (8, np.int64(16))], (0, 4): [(np.int64(17), 9), (9, 4), (4, 1), (1, 3), (3, 8), (8, np.int64(24))], (0, 5): []}","{(9, np.int64(25)): {'cpu': 16}, (0, np.int64(17)): {'cpu': 18}, (8, np.int64(18)): {'cpu': 13}, (2, np.int64(26)): {'cpu': 14}, (3, np.int64(16)): {'cpu': 9}, (5, np.int64(15)): {'cpu': 8}, (4, np.int64(24)): {'cpu': 8}, (1, np.int64(28)): {'cpu': 10}, (7, np.int64(30)): {'cpu': 4}, (6, np.int64(20)): {'cpu': 12}}","{((0, 2), (np.int64(17), 9)): {'bw': 19}, ((0, 2), (9, 4)): {'bw': 19}, ((0, 2), (4, 10)): {'bw': 19}, ((0, 2), (10, np.int64(26))): {'bw': 19}, ((0, 3), (np.int64(17), 9)): {'bw': 36}, ((0, 3), (9, 4)): {'bw': 36}, ((0, 3), (4, 1)): {'bw': 36}, ((0, 3), (1, 3)): {'bw': 36}, ((0, 3), (3, 8)): {'bw': 36}, ((0, 3), (8, np.int64(16))): {'bw': 36}, ((0, 4), (np.int64(17), 9)): {'bw': 2}, ((0, 4), (9, 4)): {'bw': 2}, ((0, 4), (4, 1)): {'bw': 2}, ((0, 4), (1, 3)): {'bw': 2}, ((0, 4), (3, 8)): {'bw': 2}, ((0, 4), (8, np.int64(24))): {'bw': 2}}",0.0,0.0,224.0,112.0,723.0,0.0,0.0,0.0,0.0,0.0,0.0,0.0,0.0,0.0,Route Failure,1.0,"{'node_level': {}, 'link_level': {}, 'path_level': {}}","{'node_level': {9: {'cpu': -31}, 0: {'cpu': -34}, 8: {'cpu': -18}, 2: {'cpu': -11}, 3: {'cpu': -26}, 5: {'cpu': -28}, 4: {'cpu': -15}, 1: {'cpu': -23}, 7: {'cpu': -33}, 6: {'cpu': -23}}, 'link_level': {(0, 2): {'bw': -63}, (0, 3): {'bw': -27}, (0, 4): {'bw': -25}, (0, 5): {'bw': 1}}, 'path_level': {(0, 2): {}, (0, 3): {}, (0, 4): {}, (0, 5): {}}}","{'node_level': {9: {'cpu': 0}, 0: {'cpu': 0}, 8: {'cpu': 0}, 2: {'cpu': 0}, 3: {'cpu': 0}, 5: {'cpu': 0}, 4: {'cpu': 0}, 1: {'cpu': 0}, 7: {'cpu': 0}, 6: {'cpu': 0}}, 'link_level': {(0, 2): {'bw': 0}, (0, 3): {'bw': 0}, (0, 4): {'bw': 0}, (0, 5): {'bw': 1}}, 'path_level': {(0, 2): {}, (0, 3): {}, (0, 4): {}, (0, 5): {}}}",[],-inf,-inf,True,False,False,0,[],0,0.0,0.0033431053161621094,10.0,4.0
73,22,5,2062.0,5211.0,916948.3931120604,2678367.1061618603,0.395701400882748,0.3423535149466725,16,124,1,1845.0,3456,458,2998,0.37001375515818435,0.345128877238969,72,171.83694928789174,1845.0,3,2,True,"{2: np.int64(25), 1: np.int64(17), 0: np.int64(18)}","{(0, 2): [(np.int64(18), 10), (10, 4), (4, 9), (9, np.int64(25))], (1, 2): [(np.int64(17), 9), (9, 25)]}","{(2, np.int64(25)): {'cpu': 14}, (1, np.int64(17)): {'cpu': 18}, (0, np.int64(18)): {'cpu': 19}}","{((0, 2), (np.int64(18), 10)): {'bw': 21}, ((0, 2), (10, 4)): {'bw': 21}, ((0, 2), (4, 9)): {'bw': 21}, ((0, 2), (9, np.int64(25))): {'bw': 21}, ((1, 2), (np.int64(17), 9)): {'bw': 25}, ((1, 2), (9, 25)): {'bw': 25}}",185.0,97.0,102.0,51.0,46.0,51.0,46.0,51.0,134.0,88.0,0.5243243243243243,31789.83561825997,16668.184080925497,90.09829232932702,Success,0.0,"{'node_level': {}, 'link_level': {}, 'path_level': {}}","{'node_level': {2: {'cpu': -33}, 1: {'cpu': -34}, 0: {'cpu': -12}}, 'link_level': {(0, 2): {'bw': -83}, (1, 2): {'bw': -57}}, 'path_level': {(0, 2): {}, (1, 2): {}}}","{'node_level': {2: {'cpu': 0}, 1: {'cpu': 0}, 0: {'cpu': 0}}, 'link_level': {(0, 2): {'bw': 0}, (1, 2): {'bw': 0}}, 'path_level': {(0, 2): {}, (1, 2): {}}}",[],-inf,-inf,True,True,False,0,[],0,0.0,0.0009849071502685547,3.0,2.0
73,22,5,2062.0,5211.0,916948.3931120604,2678367.1061618603,0.395701400882748,0.3423535149466725,16,125,0,1850.3764215311917,3456,458,2998,0.37001375515818435,0.345128877238969,68,101.37642153119177,1749.0,8,16,False,{},{},{},{},0.0,0.0,0.0,0.0,0.0,0.0,0.0,0.0,0.0,0.0,0.0,0.0,0.0,0.0,Leave Event,0.0,"{'node_level': {}, 'link_level': {}, 'path_level': {}}","{'node_level': {}, 'link_level': {}, 'path_level': {}}","{'node_level': {}, 'link_level': {}, 'path_level': {}}",[],-inf,-inf,True,True,False,0,[],0,0.0,,,
74,22,5,2062.0,5211.0,916948.3931120604,2678367.1061618603,0.395701400882748,0.3423535149466725,16,126,1,1870.0,3456,458,2998,0.37001375515818435,0.345128877238969,73,684.8711807425198,1870.0,7,14,False,"{2: np.int64(26), 4: np.int64(25), 3: np.int64(16), 1: np.int64(15), 0: np.int64(24), 5: np.int64(28), 6: np.int64(30)}","{(0, 1): [(np.int64(24), 8), (8, 3), (3, 7), (7, np.int64(15))], (0, 2): [(np.int64(24), 8), (8, 3), (3, 1), (1, 4), (4, 10), (10, np.int64(26))], (0, 4): [(np.int64(24), 8), (8, 3), (3, 1), (1, 4), (4, 9), (9, np.int64(25))], (0, 5): [(np.int64(24), 8), (8, 3), (3, 1), (1, 0), (0, 2), (2, 5), (5, 12), (12, np.int64(28))], (1, 3): [(np.int64(15), 7), (7, 3), (3, 8), (8, np.int64(16))], (1, 5): []}","{(2, np.int64(26)): {'cpu': 13}, (4, np.int64(25)): {'cpu': 14}, (3, np.int64(16)): {'cpu': 7}, (1, np.int64(15)): {'cpu': 8}, (0, np.int64(24)): {'cpu': 2}, (5, np.int64(28)): {'cpu': 1}, (6, np.int64(30)): {'cpu': 1}}","{((0, 1), (np.int64(24), 8)): {'bw': 7}, ((0, 1), (8, 3)): {'bw': 7}, ((0, 1), (3, 7)): {'bw': 7}, ((0, 1), (7, np.int64(15))): {'bw': 7}, ((0, 2), (np.int64(24), 8)): {'bw': 26}, ((0, 2), (8, 3)): {'bw': 26}, ((0, 2), (3, 1)): {'bw': 26}, ((0, 2), (1, 4)): {'bw': 26}, ((0, 2), (4, 10)): {'bw': 26}, ((0, 2), (10, np.int64(26))): {'bw': 26}, ((0, 4), (np.int64(24), 8)): {'bw': 50}, ((0, 4), (8, 3)): {'bw': 50}, ((0, 4), (3, 1)): {'bw': 50}, ((0, 4), (1, 4)): {'bw': 50}, ((0, 4), (4, 9)): {'bw': 50}, ((0, 4), (9, np.int64(25))): {'bw': 50}, ((0, 5), (np.int64(24), 8)): {'bw': 15}, ((0, 5), (8, 3)): {'bw': 15}, ((0, 5), (3, 1)): {'bw': 15}, ((0, 5), (1, 0)): {'bw': 15}, ((0, 5), (0, 2)): {'bw': 15}, ((0, 5), (2, 5)): {'bw': 15}, ((0, 5), (5, 12)): {'bw': 15}, ((0, 5), (12, np.int64(28))): {'bw': 15}, ((1, 3), (np.int64(15), 7)): {'bw': 26}, ((1, 3), (7, 3)): {'bw': 26}, ((1, 3), (3, 8)): {'bw': 26}, ((1, 3), (8, np.int64(16))): {'bw': 26}}",0.0,0.0,92.0,46.0,268.0,0.0,0.0,0.0,0.0,0.0,0.0,0.0,0.0,0.0,Route Failure,5.0,"{'node_level': {}, 'link_level': {}, 'path_level': {}}","{'node_level': {2: {'cpu': -12}, 4: {'cpu': -19}, 3: {'cpu': -28}, 1: {'cpu': -28}, 0: {'cpu': -21}, 5: {'cpu': -32}, 6: {'cpu': -36}}, 'link_level': {(0, 1): {'bw': -42}, (0, 2): {'bw': -87}, (0, 4): {'bw': -33}, (0, 5): {'bw': -22}, (1, 3): {'bw': -9}, (1, 5): {'bw': 5}}, 'path_level': {(0, 1): {}, (0, 2): {}, (0, 4): {}, (0, 5): {}, (1, 3): {}, (1, 5): {}}}","{'node_level': {2: {'cpu': 0}, 4: {'cpu': 0}, 3: {'cpu': 0}, 1: {'cpu': 0}, 0: {'cpu': 0}, 5: {'cpu': 0}, 6: {'cpu': 0}}, 'link_level': {(0, 1): {'bw': 0}, (0, 2): {'bw': 0}, (0, 4): {'bw': 0}, (0, 5): {'bw': 0}, (1, 3): {'bw': 0}, (1, 5): {'bw': 5}}, 'path_level': {(0, 1): {}, (0, 2): {}, (0, 4): {}, (0, 5): {}, (1, 3): {}, (1, 5): {}}}",[],-inf,-inf,True,False,False,0,[],0,0.0,0.002552032470703125,7.0,6.0
74,22,5,2062.0,5211.0,916948.3931120604,2678367.1061618603,0.395701400882748,0.3423535149466725,16,127,0,1887.4001892596398,3456,458,2998,0.37001375515818435,0.345128877238969,63,266.40018925963983,1621.0,10,21,False,{},{},{},{},0.0,0.0,0.0,0.0,0.0,0.0,0.0,0.0,0.0,0.0,0.0,0.0,0.0,0.0,Leave Event,0.0,"{'node_level': {}, 'link_level': {}, 'path_level': {}}","{'node_level': {}, 'link_level': {}, 'path_level': {}}","{'node_level': {}, 'link_level': {}, 'path_level': {}}",[],-inf,-inf,True,True,False,0,[],0,0.0,,,
74,22,5,2062.0,5211.0,916948.3931120604,2678367.1061618603,0.395701400882748,0.3423535149466725,16,128,0,1889.5597504662198,3456,458,2998,0.37001375515818435,0.345128877238969,58,399.5597504662199,1490.0,7,10,False,{},{},{},{},0.0,0.0,0.0,0.0,0.0,0.0,0.0,0.0,0.0,0.0,0.0,0.0,0.0,0.0,Leave Event,0.0,"{'node_level': {}, 'link_level': {}, 'path_level': {}}","{'node_level': {}, 'link_level': {}, 'path_level': {}}","{'node_level': {}, 'link_level': {}, 'path_level': {}}",[],-inf,-inf,True,True,False,0,[],0,0.0,,,
75,22,5,2062.0,5211.0,916948.3931120604,2678367.1061618603,0.395701400882748,0.3423535149466725,16,129,1,1893.0,3456,458,2998,0.37001375515818435,0.345128877238969,74,1514.8368887571435,1893.0,6,7,False,"{3: np.int64(26), 0: np.int64(18), 4: np.int64(25), 1: np.int64(16), 2: np.int64(15), 5: np.int64(24)}","{(0, 3): [(np.int64(18), 10), (10, 26)], (0, 4): [(np.int64(18), 10), (10, 4), (4, 9), (9, np.int64(25))], (1, 2): [(np.int64(16), 8), (8, 3), (3, 7), (7, np.int64(15))], (1, 4): [(np.int64(16), 8), (8, 3), (3, 1), (1, 4), (4, 9), (9, np.int64(25))], (2, 4): [(np.int64(15), 7), (7, 3), (3, 1), (1, 4), (4, 9), (9, np.int64(25))], (2, 5): []}","{(3, np.int64(26)): {'cpu': 11}, (0, np.int64(18)): {'cpu': 9}, (4, np.int64(25)): {'cpu': 4}, (1, np.int64(16)): {'cpu': 5}, (2, np.int64(15)): {'cpu': 1}, (5, np.int64(24)): {'cpu': 1}}","{((0, 3), (np.int64(18), 10)): {'bw': 50}, ((0, 3), (10, 26)): {'bw': 50}, ((0, 4), (np.int64(18), 10)): {'bw': 15}, ((0, 4), (10, 4)): {'bw': 15}, ((0, 4), (4, 9)): {'bw': 15}, ((0, 4), (9, np.int64(25))): {'bw': 15}, ((1, 2), (np.int64(16), 8)): {'bw': 26}, ((1, 2), (8, 3)): {'bw': 26}, ((1, 2), (3, 7)): {'bw': 26}, ((1, 2), (7, np.int64(15))): {'bw': 26}, ((1, 4), (np.int64(16), 8)): {'bw': 31}, ((1, 4), (8, 3)): {'bw': 31}, ((1, 4), (3, 1)): {'bw': 31}, ((1, 4), (1, 4)): {'bw': 31}, ((1, 4), (4, 9)): {'bw': 31}, ((1, 4), (9, np.int64(25))): {'bw': 31}, ((2, 4), (np.int64(15), 7)): {'bw': 19}, ((2, 4), (7, 3)): {'bw': 19}, ((2, 4), (3, 1)): {'bw': 19}, ((2, 4), (1, 4)): {'bw': 19}, ((2, 4), (4, 9)): {'bw': 19}, ((2, 4), (9, np.int64(25))): {'bw': 19}}",0.0,0.0,62.0,31.0,188.0,0.0,0.0,0.0,0.0,0.0,0.0,0.0,0.0,0.0,Route Failure,14.0,"{'node_level': {}, 'link_level': {}, 'path_level': {}}","{'node_level': {3: {'cpu': -14}, 0: {'cpu': -3}, 4: {'cpu': -29}, 1: {'cpu': -30}, 2: {'cpu': -35}, 5: {'cpu': -22}}, 'link_level': {(0, 3): {'bw': -97}, (0, 4): {'bw': -68}, (1, 2): {'bw': -23}, (1, 4): {'bw': -37}, (2, 4): {'bw': -4}, (2, 5): {'bw': 14}}, 'path_level': {(0, 3): {}, (0, 4): {}, (1, 2): {}, (1, 4): {}, (2, 4): {}, (2, 5): {}}}","{'node_level': {3: {'cpu': 0}, 0: {'cpu': 0}, 4: {'cpu': 0}, 1: {'cpu': 0}, 2: {'cpu': 0}, 5: {'cpu': 0}}, 'link_level': {(0, 3): {'bw': 0}, (0, 4): {'bw': 0}, (1, 2): {'bw': 0}, (1, 4): {'bw': 0}, (2, 4): {'bw': 0}, (2, 5): {'bw': 14}}, 'path_level': {(0, 3): {}, (0, 4): {}, (1, 2): {}, (1, 4): {}, (2, 4): {}, (2, 5): {}}}",[],-inf,-inf,True,False,False,0,[],0,0.0,0.002218008041381836,6.0,6.0
76,23,6,2226.0,5802.0,1006086.021845223,2999588.6828770987,0.38366080661840746,0.335407993632054,16,130,1,1906.0,2865,397,2468,0.45392022008253097,0.46089995631280034,75,543.5221264217232,1906.0,4,3,True,"{0: np.int64(26), 3: np.int64(25), 1: np.int64(16), 2: np.int64(15)}","{(0, 1): [(np.int64(26), 10), (10, 4), (4, 1), (1, 3), (3, 8), (8, np.int64(16))], (0, 3): [(np.int64(26), 10), (10, 4), (4, 9), (9, np.int64(25))], (2, 3): [(np.int64(15), 7), (7, 3), (3, 1), (1, 4), (4, 9), (9, np.int64(25))]}","{(0, np.int64(26)): {'cpu': 20}, (3, np.int64(25)): {'cpu': 19}, (1, np.int64(16)): {'cpu': 4}, (2, np.int64(15)): {'cpu': 18}}","{((0, 1), (np.int64(26), 10)): {'bw': 49}, ((0, 1), (10, 4)): {'bw': 49}, ((0, 1), (4, 1)): {'bw': 49}, ((0, 1), (1, 3)): {'bw': 49}, ((0, 1), (3, 8)): {'bw': 49}, ((0, 1), (8, np.int64(16))): {'bw': 49}, ((0, 3), (np.int64(26), 10)): {'bw': 44}, ((0, 3), (10, 4)): {'bw': 44}, ((0, 3), (4, 9)): {'bw': 44}, ((0, 3), (9, np.int64(25))): {'bw': 44}, ((2, 3), (np.int64(15), 7)): {'bw': 10}, ((2, 3), (7, 3)): {'bw': 10}, ((2, 3), (3, 1)): {'bw': 10}, ((2, 3), (1, 4)): {'bw': 10}, ((2, 3), (4, 9)): {'bw': 10}, ((2, 3), (9, np.int64(25))): {'bw': 10}}",591.0,164.0,122.0,61.0,103.0,61.0,103.0,61.0,530.0,427.0,0.27749576988155666,321221.5767152384,89137.62873316261,150.82509091905686,Success,0.0,"{'node_level': {}, 'link_level': {}, 'path_level': {}}","{'node_level': {0: {'cpu': -5}, 3: {'cpu': -14}, 1: {'cpu': -31}, 2: {'cpu': -18}}, 'link_level': {(0, 1): {'bw': -64}, (0, 3): {'bw': -20}, (2, 3): {'bw': -29}}, 'path_level': {(0, 1): {}, (0, 3): {}, (2, 3): {}}}","{'node_level': {0: {'cpu': 0}, 3: {'cpu': 0}, 1: {'cpu': 0}, 2: {'cpu': 0}}, 'link_level': {(0, 1): {'bw': 0}, (0, 3): {'bw': 0}, (2, 3): {'bw': 0}}, 'path_level': {(0, 1): {}, (0, 3): {}, (2, 3): {}}}",[],-inf,-inf,True,True,False,0,[],0,0.0,0.0013468265533447266,4.0,3.0
76,23,5,2226.0,5802.0,1006086.021845223,2999588.6828770987,0.38366080661840746,0.335407993632054,16,131,0,1907.15565407657,3513,441,3072,0.39339752407152684,0.3289646133682831,36,995.1556540765699,912.0,5,5,False,{},{},{},{},0.0,0.0,0.0,0.0,0.0,0.0,0.0,0.0,0.0,0.0,0.0,0.0,0.0,0.0,Leave Event,0.0,"{'node_level': {}, 'link_level': {}, 'path_level': {}}","{'node_level': {}, 'link_level': {}, 'path_level': {}}","{'node_level': {}, 'link_level': {}, 'path_level': {}}",[],-inf,-inf,True,True,False,0,[],0,0.0,,,
76,23,5,2226.0,5802.0,1006086.021845223,2999588.6828770987,0.38366080661840746,0.335407993632054,16,132,0,1912.2586574401716,3513,441,3072,0.39339752407152684,0.3289646133682831,71,90.25865744017176,1822.0,10,31,False,{},{},{},{},0.0,0.0,0.0,0.0,0.0,0.0,0.0,0.0,0.0,0.0,0.0,0.0,0.0,0.0,Leave Event,0.0,"{'node_level': {}, 'link_level': {}, 'path_level': {}}","{'node_level': {}, 'link_level': {}, 'path_level': {}}","{'node_level': {}, 'link_level': {}, 'path_level': {}}",[],-inf,-inf,True,True,False,0,[],0,0.0,,,
77,24,6,2378.0,6267.0,1035437.1362917325,3089379.92115096,0.379447901707356,0.3351601818872366,16,133,1,1927.0,3048,408,2640,0.43878954607977994,0.42332896461336833,76,193.09943714808878,1927.0,5,4,True,"{1: np.int64(28), 2: np.int64(20), 3: np.int64(19), 4: np.int64(27), 0: np.int64(21)}","{(0, 1): [(np.int64(21), 13), (13, 6), (6, 2), (2, 5), (5, 12), (12, np.int64(28))], (1, 2): [(np.int64(28), 12), (12, 20)], (1, 3): [(np.int64(28), 12), (12, 5), (5, 11), (11, np.int64(19))], (3, 4): [(np.int64(19), 11), (11, 27)]}","{(1, np.int64(28)): {'cpu': 6}, (2, np.int64(20)): {'cpu': 17}, (3, np.int64(19)): {'cpu': 6}, (4, np.int64(27)): {'cpu': 3}, (0, np.int64(21)): {'cpu': 1}}","{((0, 1), (np.int64(21), 13)): {'bw': 47}, ((0, 1), (13, 6)): {'bw': 47}, ((0, 1), (6, 2)): {'bw': 47}, ((0, 1), (2, 5)): {'bw': 47}, ((0, 1), (5, 12)): {'bw': 47}, ((0, 1), (12, np.int64(28))): {'bw': 47}, ((1, 2), (np.int64(28), 12)): {'bw': 23}, ((1, 2), (12, 20)): {'bw': 23}, ((1, 3), (np.int64(28), 12)): {'bw': 3}, ((1, 3), (12, 5)): {'bw': 3}, ((1, 3), (5, 11)): {'bw': 3}, ((1, 3), (11, np.int64(19))): {'bw': 3}, ((3, 4), (np.int64(19), 11)): {'bw': 46}, ((3, 4), (11, 27)): {'bw': 46}}",465.0,152.0,66.0,33.0,119.0,33.0,119.0,33.0,432.0,313.0,0.32688172043010755,89791.23827386128,29351.114446509495,63.120676229052684,Success,0.0,"{'node_level': {}, 'link_level': {}, 'path_level': {}}","{'node_level': {1: {'cpu': -38}, 2: {'cpu': -31}, 3: {'cpu': -28}, 4: {'cpu': -27}, 0: {'cpu': -26}}, 'link_level': {(0, 1): {'bw': -57}, (1, 2): {'bw': -90}, (1, 3): {'bw': -61}, (3, 4): {'bw': -104}}, 'path_level': {(0, 1): {}, (1, 2): {}, (1, 3): {}, (3, 4): {}}}","{'node_level': {1: {'cpu': 0}, 2: {'cpu': 0}, 3: {'cpu': 0}, 4: {'cpu': 0}, 0: {'cpu': 0}}, 'link_level': {(0, 1): {'bw': 0}, (1, 2): {'bw': 0}, (1, 3): {'bw': 0}, (3, 4): {'bw': 0}}, 'path_level': {(0, 1): {}, (1, 2): {}, (1, 3): {}, (3, 4): {}}}",[],-inf,-inf,True,True,False,0,[],0,0.0,0.0016918182373046875,5.0,4.0
77,24,5,2378.0,6267.0,1035437.1362917325,3089379.92115096,0.379447901707356,0.3351601818872366,16,134,0,1942.184655730163,3407,473,2934,0.3493810178817056,0.35910878112712974,67,215.18465573016312,1727.0,6,5,False,{},{},{},{},0.0,0.0,0.0,0.0,0.0,0.0,0.0,0.0,0.0,0.0,0.0,0.0,0.0,0.0,Leave Event,0.0,"{'node_level': {}, 'link_level': {}, 'path_level': {}}","{'node_level': {}, 'link_level': {}, 'path_level': {}}","{'node_level': {}, 'link_level': {}, 'path_level': {}}",[],-inf,-inf,True,True,False,0,[],0,0.0,,,
78,24,5,2378.0,6267.0,1035437.1362917325,3089379.92115096,0.379447901707356,0.3351601818872366,16,135,1,1949.0,3407,473,2934,0.3493810178817056,0.35910878112712974,77,351.4572189796665,1949.0,6,8,False,"{4: np.int64(30), 1: np.int64(22), 5: np.int64(29), 0: np.int64(28), 2: np.int64(21), 3: np.int64(20)}","{(0, 1): [(np.int64(28), 12), (12, 5), (5, 2), (2, 6), (6, 14), (14, np.int64(22))], (0, 4): [(np.int64(28), 12), (12, 5), (5, 2), (2, 6), (6, 14), (14, np.int64(30))], (0, 5): [(np.int64(28), 12), (12, 5), (5, 2), (2, 6), (6, 13), (13, np.int64(29))], (1, 5): [(np.int64(22), 14), (14, 6), (6, 13), (13, np.int64(29))], (2, 3): [(np.int64(21), 13), (13, 6), (6, 2), (2, 5), (5, 12), (12, np.int64(20))], (2, 4): []}","{(4, np.int64(30)): {'cpu': 17}, (1, np.int64(22)): {'cpu': 19}, (5, np.int64(29)): {'cpu': 7}, (0, np.int64(28)): {'cpu': 9}, (2, np.int64(21)): {'cpu': 2}, (3, np.int64(20)): {'cpu': 1}}","{((0, 1), (np.int64(28), 12)): {'bw': 16}, ((0, 1), (12, 5)): {'bw': 16}, ((0, 1), (5, 2)): {'bw': 16}, ((0, 1), (2, 6)): {'bw': 16}, ((0, 1), (6, 14)): {'bw': 16}, ((0, 1), (14, np.int64(22))): {'bw': 16}, ((0, 4), (np.int64(28), 12)): {'bw': 1}, ((0, 4), (12, 5)): {'bw': 1}, ((0, 4), (5, 2)): {'bw': 1}, ((0, 4), (2, 6)): {'bw': 1}, ((0, 4), (6, 14)): {'bw': 1}, ((0, 4), (14, np.int64(30))): {'bw': 1}, ((0, 5), (np.int64(28), 12)): {'bw': 4}, ((0, 5), (12, 5)): {'bw': 4}, ((0, 5), (5, 2)): {'bw': 4}, ((0, 5), (2, 6)): {'bw': 4}, ((0, 5), (6, 13)): {'bw': 4}, ((0, 5), (13, np.int64(29))): {'bw': 4}, ((1, 5), (np.int64(22), 14)): {'bw': 17}, ((1, 5), (14, 6)): {'bw': 17}, ((1, 5), (6, 13)): {'bw': 17}, ((1, 5), (13, np.int64(29))): {'bw': 17}, ((2, 3), (np.int64(21), 13)): {'bw': 47}, ((2, 3), (13, 6)): {'bw': 47}, ((2, 3), (6, 2)): {'bw': 47}, ((2, 3), (2, 5)): {'bw': 47}, ((2, 3), (5, 12)): {'bw': 47}, ((2, 3), (12, np.int64(20))): {'bw': 47}}",0.0,0.0,110.0,55.0,160.0,0.0,0.0,0.0,0.0,0.0,0.0,0.0,0.0,0.0,Route Failure,1.0,"{'node_level': {}, 'link_level': {}, 'path_level': {}}","{'node_level': {4: {'cpu': -34}, 1: {'cpu': -17}, 5: {'cpu': -29}, 0: {'cpu': -38}, 2: {'cpu': -24}, 3: {'cpu': -30}}, 'link_level': {(0, 1): {'bw': -66}, (0, 4): {'bw': -65}, (0, 5): {'bw': -61}, (1, 5): {'bw': -72}, (2, 3): {'bw': -14}, (2, 4): {'bw': 1}}, 'path_level': {(0, 1): {}, (0, 4): {}, (0, 5): {}, (1, 5): {}, (2, 3): {}, (2, 4): {}}}","{'node_level': {4: {'cpu': 0}, 1: {'cpu': 0}, 5: {'cpu': 0}, 0: {'cpu': 0}, 2: {'cpu': 0}, 3: {'cpu': 0}}, 'link_level': {(0, 1): {'bw': 0}, (0, 4): {'bw': 0}, (0, 5): {'bw': 0}, (1, 5): {'bw': 0}, (2, 3): {'bw': 0}, (2, 4): {'bw': 1}}, 'path_level': {(0, 1): {}, (0, 4): {}, (0, 5): {}, (1, 5): {}, (2, 3): {}, (2, 4): {}}}",[],-inf,-inf,True,False,False,0,[],0,0.0,0.002168893814086914,6.0,6.0
78,24,5,2378.0,6267.0,1035437.1362917325,3089379.92115096,0.379447901707356,0.3351601818872366,16,136,0,1969.5254383915556,3407,473,2934,0.3493810178817056,0.35910878112712974,62,376.5254383915556,1593.0,7,9,False,{},{},{},{},0.0,0.0,0.0,0.0,0.0,0.0,0.0,0.0,0.0,0.0,0.0,0.0,0.0,0.0,Leave Event,0.0,"{'node_level': {}, 'link_level': {}, 'path_level': {}}","{'node_level': {}, 'link_level': {}, 'path_level': {}}","{'node_level': {}, 'link_level': {}, 'path_level': {}}",[],-inf,-inf,True,True,False,0,[],0,0.0,,,
79,24,5,2378.0,6267.0,1035437.1362917325,3089379.92115096,0.379447901707356,0.3351601818872366,16,137,1,1975.0,3407,473,2934,0.3493810178817056,0.35910878112712974,78,47.526115167811255,1975.0,9,17,False,"{1: np.int64(30), 0: np.int64(22), 4: np.int64(29), 3: np.int64(28), 8: np.int64(21), 5: np.int64(20), 7: np.int64(19), 6: np.int64(27), 2: np.int64(18)}","{(0, 1): [(np.int64(22), 14), (14, 30)], (0, 2): []}","{(1, np.int64(30)): {'cpu': 20}, (0, np.int64(22)): {'cpu': 10}, (4, np.int64(29)): {'cpu': 12}, (3, np.int64(28)): {'cpu': 9}, (8, np.int64(21)): {'cpu': 6}, (5, np.int64(20)): {'cpu': 4}, (7, np.int64(19)): {'cpu': 4}, (6, np.int64(27)): {'cpu': 1}, (2, np.int64(18)): {'cpu': 0}}","{((0, 1), (np.int64(22), 14)): {'bw': 42}, ((0, 1), (14, 30)): {'bw': 42}}",0.0,0.0,132.0,66.0,440.0,0.0,0.0,0.0,0.0,0.0,0.0,0.0,0.0,0.0,Route Failure,18.0,"{'node_level': {}, 'link_level': {}, 'path_level': {}}","{'node_level': {1: {'cpu': -31}, 0: {'cpu': -26}, 4: {'cpu': -24}, 3: {'cpu': -38}, 8: {'cpu': -20}, 5: {'cpu': -27}, 7: {'cpu': -24}, 6: {'cpu': -26}, 2: {'cpu': -18}}, 'link_level': {(0, 1): {'bw': -106}, (0, 2): {'bw': 18}}, 'path_level': {(0, 1): {}, (0, 2): {}}}","{'node_level': {1: {'cpu': 0}, 0: {'cpu': 0}, 4: {'cpu': 0}, 3: {'cpu': 0}, 8: {'cpu': 0}, 5: {'cpu': 0}, 7: {'cpu': 0}, 6: {'cpu': 0}, 2: {'cpu': 0}}, 'link_level': {(0, 1): {'bw': 0}, (0, 2): {'bw': 18}}, 'path_level': {(0, 1): {}, (0, 2): {}}}",[],-inf,-inf,True,False,False,0,[],0,0.0,0.0031838417053222656,9.0,2.0
79,24,4,2378.0,6267.0,1035437.1362917325,3089379.92115096,0.379447901707356,0.3351601818872366,16,138,0,1998.411799371421,3509,503,3006,0.30811554332874824,0.3433813892529489,66,302.411799371421,1696.0,2,1,False,{},{},{},{},0.0,0.0,0.0,0.0,0.0,0.0,0.0,0.0,0.0,0.0,0.0,0.0,0.0,0.0,Leave Event,0.0,"{'node_level': {}, 'link_level': {}, 'path_level': {}}","{'node_level': {}, 'link_level': {}, 'path_level': {}}","{'node_level': {}, 'link_level': {}, 'path_level': {}}",[],-inf,-inf,True,True,False,0,[],0,0.0,,,
80,24,4,2378.0,6267.0,1035437.1362917325,3089379.92115096,0.379447901707356,0.3351601818872366,16,139,1,2003.0,3509,503,3006,0.30811554332874824,0.3433813892529489,79,500.23107469233696,2003.0,8,12,False,"{5: np.int64(29), 2: np.int64(21), 6: np.int64(30), 7: np.int64(22), 0: np.int64(28), 1: np.int64(20), 3: np.int64(19), 4: np.int64(27)}","{(0, 2): [(np.int64(28), 12), (12, 5), (5, 2), (2, 6), (6, 13), (13, np.int64(21))], (0, 4): [(np.int64(28), 12), (12, 5), (5, 11), (11, np.int64(27))], (0, 5): [(np.int64(28), 12), (12, 5), (5, 2), (2, 6), (6, 13), (13, np.int64(29))], (1, 2): []}","{(5, np.int64(29)): {'cpu': 18}, (2, np.int64(21)): {'cpu': 13}, (6, np.int64(30)): {'cpu': 17}, (7, np.int64(22)): {'cpu': 7}, (0, np.int64(28)): {'cpu': 5}, (1, np.int64(20)): {'cpu': 2}, (3, np.int64(19)): {'cpu': 20}, (4, np.int64(27)): {'cpu': 4}}","{((0, 2), (np.int64(28), 12)): {'bw': 37}, ((0, 2), (12, 5)): {'bw': 37}, ((0, 2), (5, 2)): {'bw': 37}, ((0, 2), (2, 6)): {'bw': 37}, ((0, 2), (6, 13)): {'bw': 37}, ((0, 2), (13, np.int64(21))): {'bw': 37}, ((0, 4), (np.int64(28), 12)): {'bw': 2}, ((0, 4), (12, 5)): {'bw': 2}, ((0, 4), (5, 11)): {'bw': 2}, ((0, 4), (11, np.int64(27))): {'bw': 2}, ((0, 5), (np.int64(28), 12)): {'bw': 36}, ((0, 5), (12, 5)): {'bw': 36}, ((0, 5), (5, 2)): {'bw': 36}, ((0, 5), (2, 6)): {'bw': 36}, ((0, 5), (6, 13)): {'bw': 36}, ((0, 5), (13, np.int64(29))): {'bw': 36}}",0.0,0.0,172.0,86.0,215.0,0.0,0.0,0.0,0.0,0.0,0.0,0.0,0.0,0.0,Route Failure,7.0,"{'node_level': {}, 'link_level': {}, 'path_level': {}}","{'node_level': {5: {'cpu': -33}, 2: {'cpu': -28}, 6: {'cpu': -34}, 7: {'cpu': -29}, 0: {'cpu': -42}, 1: {'cpu': -29}, 3: {'cpu': -8}, 4: {'cpu': -23}}, 'link_level': {(0, 2): {'bw': -45}, (0, 4): {'bw': -43}, (0, 5): {'bw': -7}, (1, 2): {'bw': 5}}, 'path_level': {(0, 2): {}, (0, 4): {}, (0, 5): {}, (1, 2): {}}}","{'node_level': {5: {'cpu': 0}, 2: {'cpu': 0}, 6: {'cpu': 0}, 7: {'cpu': 0}, 0: {'cpu': 0}, 1: {'cpu': 0}, 3: {'cpu': 0}, 4: {'cpu': 0}}, 'link_level': {(0, 2): {'bw': 0}, (0, 4): {'bw': 0}, (0, 5): {'bw': 0}, (1, 2): {'bw': 7}}, 'path_level': {(0, 2): {}, (0, 4): {}, (0, 5): {}, (1, 2): {}}}",[],-inf,-inf,True,False,False,0,[],0,0.0,0.0026361942291259766,8.0,4.0
80,24,3,2378.0,6267.0,1035437.1362917325,3089379.92115096,0.379447901707356,0.3351601818872366,16,140,0,2016.8369492878917,3694,554,3140,0.2379642365887208,0.31411096548711226,72,171.83694928789174,1845.0,3,2,False,{},{},{},{},0.0,0.0,0.0,0.0,0.0,0.0,0.0,0.0,0.0,0.0,0.0,0.0,0.0,0.0,Leave Event,0.0,"{'node_level': {}, 'link_level': {}, 'path_level': {}}","{'node_level': {}, 'link_level': {}, 'path_level': {}}","{'node_level': {}, 'link_level': {}, 'path_level': {}}",[],-inf,-inf,True,True,False,0,[],0,0.0,,,
80,24,3,2378.0,6267.0,1035437.1362917325,3089379.92115096,0.379447901707356,0.3351601818872366,16,141,0,2021.2471393966828,3694,554,3140,0.2379642365887208,0.31411096548711226,70,217.2471393966827,1804.0,6,10,False,{},{},{},{},0.0,0.0,0.0,0.0,0.0,0.0,0.0,0.0,0.0,0.0,0.0,0.0,0.0,0.0,Leave Event,0.0,"{'node_level': {}, 'link_level': {}, 'path_level': {}}","{'node_level': {}, 'link_level': {}, 'path_level': {}}","{'node_level': {}, 'link_level': {}, 'path_level': {}}",[],-inf,-inf,True,True,False,0,[],0,0.0,,,
80,24,3,2378.0,6267.0,1035437.1362917325,3089379.92115096,0.379447901707356,0.3351601818872366,16,142,0,2022.5261151678112,3694,554,3140,0.2379642365887208,0.31411096548711226,78,47.526115167811255,1975.0,9,17,False,{},{},{},{},0.0,0.0,0.0,0.0,0.0,0.0,0.0,0.0,0.0,0.0,0.0,0.0,0.0,0.0,Leave Event,0.0,"{'node_level': {}, 'link_level': {}, 'path_level': {}}","{'node_level': {}, 'link_level': {}, 'path_level': {}}","{'node_level': {}, 'link_level': {}, 'path_level': {}}",[],-inf,-inf,True,True,False,0,[],0,0.0,,,
81,24,3,2378.0,6267.0,1035437.1362917325,3089379.92115096,0.379447901707356,0.3351601818872366,16,143,1,2028.0,3694,554,3140,0.2379642365887208,0.31411096548711226,80,382.8806272396345,2028.0,8,12,False,"{7: np.int64(29), 1: np.int64(21), 4: np.int64(30), 2: np.int64(22), 0: np.int64(28), 6: np.int64(18), 3: np.int64(17), 5: np.int64(20)}","{(0, 2): [(np.int64(28), 12), (12, 5), (5, 2), (2, 6), (6, 14), (14, np.int64(22))], (0, 4): [(np.int64(28), 12), (12, 5), (5, 2), (2, 6), (6, 14), (14, np.int64(30))], (1, 2): [(np.int64(21), 13), (13, 6), (6, 14), (14, np.int64(22))], (1, 4): []}","{(7, np.int64(29)): {'cpu': 19}, (1, np.int64(21)): {'cpu': 20}, (4, np.int64(30)): {'cpu': 19}, (2, np.int64(22)): {'cpu': 13}, (0, np.int64(28)): {'cpu': 8}, (6, np.int64(18)): {'cpu': 8}, (3, np.int64(17)): {'cpu': 10}, (5, np.int64(20)): {'cpu': 2}}","{((0, 2), (np.int64(28), 12)): {'bw': 25}, ((0, 2), (12, 5)): {'bw': 25}, ((0, 2), (5, 2)): {'bw': 25}, ((0, 2), (2, 6)): {'bw': 25}, ((0, 2), (6, 14)): {'bw': 25}, ((0, 2), (14, np.int64(22))): {'bw': 25}, ((0, 4), (np.int64(28), 12)): {'bw': 48}, ((0, 4), (12, 5)): {'bw': 48}, ((0, 4), (5, 2)): {'bw': 48}, ((0, 4), (2, 6)): {'bw': 48}, ((0, 4), (6, 14)): {'bw': 48}, ((0, 4), (14, np.int64(30))): {'bw': 48}, ((1, 2), (np.int64(21), 13)): {'bw': 34}, ((1, 2), (13, 6)): {'bw': 34}, ((1, 2), (6, 14)): {'bw': 34}, ((1, 2), (14, np.int64(22))): {'bw': 34}}",0.0,0.0,198.0,99.0,350.0,0.0,0.0,0.0,0.0,0.0,0.0,0.0,0.0,0.0,Route Failure,2.0,"{'node_level': {}, 'link_level': {}, 'path_level': {}}","{'node_level': {7: {'cpu': -32}, 1: {'cpu': -21}, 4: {'cpu': -32}, 2: {'cpu': -23}, 0: {'cpu': -39}, 6: {'cpu': -29}, 3: {'cpu': -42}, 5: {'cpu': -29}}, 'link_level': {(0, 2): {'bw': -57}, (0, 4): {'bw': -9}, (1, 2): {'bw': -35}, (1, 4): {'bw': 2}}, 'path_level': {(0, 2): {}, (0, 4): {}, (1, 2): {}, (1, 4): {}}}","{'node_level': {7: {'cpu': 0}, 1: {'cpu': 0}, 4: {'cpu': 0}, 2: {'cpu': 0}, 0: {'cpu': 0}, 6: {'cpu': 0}, 3: {'cpu': 0}, 5: {'cpu': 0}}, 'link_level': {(0, 2): {'bw': 0}, (0, 4): {'bw': 0}, (1, 2): {'bw': 0}, (1, 4): {'bw': 2}}, 'path_level': {(0, 2): {}, (0, 4): {}, (1, 2): {}, (1, 4): {}}}",[],-inf,-inf,True,False,False,0,[],0,0.0,0.0027048587799072266,8.0,4.0
81,24,3,2378.0,6267.0,1035437.1362917325,3089379.92115096,0.379447901707356,0.3351601818872366,16,144,0,2045.0114646872048,3694,554,3140,0.2379642365887208,0.31411096548711226,54,668.0114646872048,1377.0,9,18,False,{},{},{},{},0.0,0.0,0.0,0.0,0.0,0.0,0.0,0.0,0.0,0.0,0.0,0.0,0.0,0.0,Leave Event,0.0,"{'node_level': {}, 'link_level': {}, 'path_level': {}}","{'node_level': {}, 'link_level': {}, 'path_level': {}}","{'node_level': {}, 'link_level': {}, 'path_level': {}}",[],-inf,-inf,True,True,False,0,[],0,0.0,,,
82,24,3,2378.0,6267.0,1035437.1362917325,3089379.92115096,0.379447901707356,0.3351601818872366,16,145,1,2052.0,3694,554,3140,0.2379642365887208,0.31411096548711226,81,174.38391613886938,2052.0,10,21,False,"{6: np.int64(29), 5: np.int64(21), 4: np.int64(30), 3: np.int64(22), 1: np.int64(28), 0: np.int64(18), 7: np.int64(17), 2: np.int64(20), 8: np.int64(19), 9: np.int64(27)}","{(0, 1): [(np.int64(18), 10), (10, 4), (4, 1), (1, 0), (0, 2), (2, 5), (5, 12), (12, np.int64(28))], (0, 3): []}","{(6, np.int64(29)): {'cpu': 20}, (5, np.int64(21)): {'cpu': 18}, (4, np.int64(30)): {'cpu': 15}, (3, np.int64(22)): {'cpu': 15}, (1, np.int64(28)): {'cpu': 7}, (0, np.int64(18)): {'cpu': 8}, (7, np.int64(17)): {'cpu': 6}, (2, np.int64(20)): {'cpu': 7}, (8, np.int64(19)): {'cpu': 6}, (9, np.int64(27)): {'cpu': 11}}","{((0, 1), (np.int64(18), 10)): {'bw': 42}, ((0, 1), (10, 4)): {'bw': 42}, ((0, 1), (4, 1)): {'bw': 42}, ((0, 1), (1, 0)): {'bw': 42}, ((0, 1), (0, 2)): {'bw': 42}, ((0, 1), (2, 5)): {'bw': 42}, ((0, 1), (5, 12)): {'bw': 42}, ((0, 1), (12, np.int64(28))): {'bw': 42}}",0.0,0.0,226.0,113.0,596.0,0.0,0.0,0.0,0.0,0.0,0.0,0.0,0.0,0.0,Route Failure,22.0,"{'node_level': {}, 'link_level': {}, 'path_level': {}}","{'node_level': {6: {'cpu': -31}, 5: {'cpu': -23}, 4: {'cpu': -36}, 3: {'cpu': -21}, 1: {'cpu': -40}, 0: {'cpu': -29}, 7: {'cpu': -46}, 2: {'cpu': -24}, 8: {'cpu': -22}, 9: {'cpu': -16}}, 'link_level': {(0, 1): {'bw': -4}, (0, 3): {'bw': 20}}, 'path_level': {(0, 1): {}, (0, 3): {}}}","{'node_level': {6: {'cpu': 0}, 5: {'cpu': 0}, 4: {'cpu': 0}, 3: {'cpu': 0}, 1: {'cpu': 0}, 0: {'cpu': 0}, 7: {'cpu': 0}, 2: {'cpu': 0}, 8: {'cpu': 0}, 9: {'cpu': 0}}, 'link_level': {(0, 1): {'bw': 0}, (0, 3): {'bw': 22}}, 'path_level': {(0, 1): {}, (0, 3): {}}}",[],-inf,-inf,True,False,False,0,[],0,0.0,0.003228902816772461,10.0,2.0
83,25,4,2418.0,6329.0,1052469.8493490447,3115780.6263897936,0.3820508769157845,0.3377868905258985,16,146,1,2076.0,3632,536,3096,0.26272352132049515,0.3237221494102228,82,425.81782643280167,2076.0,2,1,True,"{0: np.int64(29), 1: np.int64(21)}","{(0, 1): [(np.int64(29), 13), (13, 21)]}","{(0, np.int64(29)): {'cpu': 15}, (1, np.int64(21)): {'cpu': 3}}","{((0, 1), (np.int64(29), 13)): {'bw': 22}, ((0, 1), (13, 21)): {'bw': 22}}",62.0,40.0,36.0,18.0,22.0,18.0,22.0,18.0,44.0,22.0,0.6451612903225806,26400.705238833703,17032.713057312067,274.721178343743,Success,0.0,"{'node_level': {}, 'link_level': {}, 'path_level': {}}","{'node_level': {0: {'cpu': -36}, 1: {'cpu': -38}}, 'link_level': {(0, 1): {'bw': -120}}, 'path_level': {(0, 1): {}}}","{'node_level': {0: {'cpu': 0}, 1: {'cpu': 0}}, 'link_level': {(0, 1): {'bw': 0}}, 'path_level': {(0, 1): {}}}",[],-inf,-inf,True,True,False,0,[],0,0.0,0.0006198883056640625,2.0,1.0
84,25,4,2418.0,6329.0,1052469.8493490447,3115780.6263897936,0.3820508769157845,0.3377868905258985,16,147,1,2105.0,3632,536,3096,0.26272352132049515,0.3237221494102228,83,256.83072966306304,2105.0,5,5,False,"{2: np.int64(30), 0: np.int64(22), 3: np.int64(29), 4: np.int64(21), 1: np.int64(28)}","{(0, 2): [(np.int64(22), 14), (14, 30)], (0, 4): [(np.int64(22), 14), (14, 6), (6, 13), (13, np.int64(21))], (1, 2): [(np.int64(28), 12), (12, 5), (5, 2), (2, 6), (6, 14), (14, np.int64(30))], (1, 4): [(np.int64(28), 12), (12, 5), (5, 2), (2, 6), (6, 13), (13, np.int64(21))], (2, 3): []}","{(2, np.int64(30)): {'cpu': 19}, (0, np.int64(22)): {'cpu': 17}, (3, np.int64(29)): {'cpu': 15}, (4, np.int64(21)): {'cpu': 8}, (1, np.int64(28)): {'cpu': 6}}","{((0, 2), (np.int64(22), 14)): {'bw': 45}, ((0, 2), (14, 30)): {'bw': 45}, ((0, 4), (np.int64(22), 14)): {'bw': 14}, ((0, 4), (14, 6)): {'bw': 14}, ((0, 4), (6, 13)): {'bw': 14}, ((0, 4), (13, np.int64(21))): {'bw': 14}, ((1, 2), (np.int64(28), 12)): {'bw': 28}, ((1, 2), (12, 5)): {'bw': 28}, ((1, 2), (5, 2)): {'bw': 28}, ((1, 2), (2, 6)): {'bw': 28}, ((1, 2), (6, 14)): {'bw': 28}, ((1, 2), (14, np.int64(30))): {'bw': 28}, ((1, 4), (np.int64(28), 12)): {'bw': 48}, ((1, 4), (12, 5)): {'bw': 48}, ((1, 4), (5, 2)): {'bw': 48}, ((1, 4), (2, 6)): {'bw': 48}, ((1, 4), (6, 13)): {'bw': 48}, ((1, 4), (13, np.int64(21))): {'bw': 48}}",0.0,0.0,130.0,65.0,182.0,0.0,0.0,0.0,0.0,0.0,0.0,0.0,0.0,0.0,Route Failure,16.0,"{'node_level': {}, 'link_level': {}, 'path_level': {}}","{'node_level': {2: {'cpu': -32}, 0: {'cpu': -19}, 3: {'cpu': -21}, 4: {'cpu': -30}, 1: {'cpu': -41}}, 'link_level': {(0, 2): {'bw': -103}, (0, 4): {'bw': -79}, (1, 2): {'bw': -54}, (1, 4): {'bw': -6}, (2, 3): {'bw': 16}}, 'path_level': {(0, 2): {}, (0, 4): {}, (1, 2): {}, (1, 4): {}, (2, 3): {}}}","{'node_level': {2: {'cpu': 0}, 0: {'cpu': 0}, 3: {'cpu': 0}, 4: {'cpu': 0}, 1: {'cpu': 0}}, 'link_level': {(0, 2): {'bw': 0}, (0, 4): {'bw': 0}, (1, 2): {'bw': 0}, (1, 4): {'bw': 0}, (2, 3): {'bw': 16}}, 'path_level': {(0, 2): {}, (0, 4): {}, (1, 2): {}, (1, 4): {}, (2, 3): {}}}",[],-inf,-inf,True,False,False,0,[],0,0.0,0.0017902851104736328,5.0,5.0
84,25,4,2418.0,6329.0,1052469.8493490447,3115780.6263897936,0.3820508769157845,0.3377868905258985,16,148,0,2114.8727130095676,3632,536,3096,0.26272352132049515,0.3237221494102228,25,1472.8727130095679,642.0,10,26,False,{},{},{},{},0.0,0.0,0.0,0.0,0.0,0.0,0.0,0.0,0.0,0.0,0.0,0.0,0.0,0.0,Leave Event,0.0,"{'node_level': {}, 'link_level': {}, 'path_level': {}}","{'node_level': {}, 'link_level': {}, 'path_level': {}}","{'node_level': {}, 'link_level': {}, 'path_level': {}}",[],-inf,-inf,True,True,False,0,[],0,0.0,,,
84,25,3,2418.0,6329.0,1052469.8493490447,3115780.6263897936,0.3820508769157845,0.3377868905258985,16,149,0,2120.099437148089,4097,569,3528,0.21733149931224205,0.22935779816513757,76,193.09943714808878,1927.0,5,4,False,{},{},{},{},0.0,0.0,0.0,0.0,0.0,0.0,0.0,0.0,0.0,0.0,0.0,0.0,0.0,0.0,Leave Event,0.0,"{'node_level': {}, 'link_level': {}, 'path_level': {}}","{'node_level': {}, 'link_level': {}, 'path_level': {}}","{'node_level': {}, 'link_level': {}, 'path_level': {}}",[],-inf,-inf,True,True,False,0,[],0,0.0,,,
85,25,3,2418.0,6329.0,1052469.8493490447,3115780.6263897936,0.3820508769157845,0.3377868905258985,16,150,1,2124.0,4097,569,3528,0.21733149931224205,0.22935779816513757,84,799.9766323048347,2124.0,7,10,False,"{1: np.int64(28), 5: np.int64(20), 6: np.int64(19), 4: np.int64(27), 0: np.int64(30), 2: np.int64(21), 3: np.int64(22)}","{(0, 3): [(np.int64(30), 14), (14, 22)], (1, 2): [(np.int64(28), 12), (12, 5), (5, 2), (2, 6), (6, 13), (13, np.int64(21))], (1, 3): [(np.int64(28), 12), (12, 5), (5, 2), (2, 6), (6, 14), (14, np.int64(22))], (1, 5): [(np.int64(28), 12), (12, 20)], (1, 6): [(np.int64(28), 12), (12, 5), (5, 11), (11, np.int64(19))], (2, 6): [(np.int64(21), 13), (13, 6), (6, 2), (2, 5), (5, 11), (11, np.int64(19))], (3, 5): [(np.int64(22), 14), (14, 6), (6, 2), (2, 5), (5, 12), (12, np.int64(20))], (3, 6): []}","{(1, np.int64(28)): {'cpu': 15}, (5, np.int64(20)): {'cpu': 8}, (6, np.int64(19)): {'cpu': 3}, (4, np.int64(27)): {'cpu': 20}, (0, np.int64(30)): {'cpu': 7}, (2, np.int64(21)): {'cpu': 2}, (3, np.int64(22)): {'cpu': 0}}","{((0, 3), (np.int64(30), 14)): {'bw': 19}, ((0, 3), (14, 22)): {'bw': 19}, ((1, 2), (np.int64(28), 12)): {'bw': 22}, ((1, 2), (12, 5)): {'bw': 22}, ((1, 2), (5, 2)): {'bw': 22}, ((1, 2), (2, 6)): {'bw': 22}, ((1, 2), (6, 13)): {'bw': 22}, ((1, 2), (13, np.int64(21))): {'bw': 22}, ((1, 3), (np.int64(28), 12)): {'bw': 36}, ((1, 3), (12, 5)): {'bw': 36}, ((1, 3), (5, 2)): {'bw': 36}, ((1, 3), (2, 6)): {'bw': 36}, ((1, 3), (6, 14)): {'bw': 36}, ((1, 3), (14, np.int64(22))): {'bw': 36}, ((1, 5), (np.int64(28), 12)): {'bw': 47}, ((1, 5), (12, 20)): {'bw': 47}, ((1, 6), (np.int64(28), 12)): {'bw': 24}, ((1, 6), (12, 5)): {'bw': 24}, ((1, 6), (5, 11)): {'bw': 24}, ((1, 6), (11, np.int64(19))): {'bw': 24}, ((2, 6), (np.int64(21), 13)): {'bw': 26}, ((2, 6), (13, 6)): {'bw': 26}, ((2, 6), (6, 2)): {'bw': 26}, ((2, 6), (2, 5)): {'bw': 26}, ((2, 6), (5, 11)): {'bw': 26}, ((2, 6), (11, np.int64(19))): {'bw': 26}, ((3, 5), (np.int64(22), 14)): {'bw': 42}, ((3, 5), (14, 6)): {'bw': 42}, ((3, 5), (6, 2)): {'bw': 42}, ((3, 5), (2, 5)): {'bw': 42}, ((3, 5), (5, 12)): {'bw': 42}, ((3, 5), (12, np.int64(20))): {'bw': 42}}",0.0,0.0,110.0,55.0,300.0,0.0,0.0,0.0,0.0,0.0,0.0,0.0,0.0,0.0,Route Failure,24.0,"{'node_level': {}, 'link_level': {}, 'path_level': {}}","{'node_level': {1: {'cpu': -38}, 5: {'cpu': -40}, 6: {'cpu': -31}, 4: {'cpu': -10}, 0: {'cpu': -44}, 2: {'cpu': -37}, 3: {'cpu': -36}}, 'link_level': {(0, 3): {'bw': -129}, (1, 2): {'bw': -108}, (1, 3): {'bw': -72}, (1, 5): {'bw': -70}, (1, 6): {'bw': -50}, (2, 6): {'bw': -46}, (3, 5): {'bw': -4}, (3, 6): {'bw': 20}}, 'path_level': {(0, 3): {}, (1, 2): {}, (1, 3): {}, (1, 5): {}, (1, 6): {}, (2, 6): {}, (3, 5): {}, (3, 6): {}}}","{'node_level': {1: {'cpu': 0}, 5: {'cpu': 0}, 6: {'cpu': 0}, 4: {'cpu': 0}, 0: {'cpu': 0}, 2: {'cpu': 0}, 3: {'cpu': 0}}, 'link_level': {(0, 3): {'bw': 0}, (1, 2): {'bw': 0}, (1, 3): {'bw': 0}, (1, 5): {'bw': 0}, (1, 6): {'bw': 0}, (2, 6): {'bw': 0}, (3, 5): {'bw': 0}, (3, 6): {'bw': 24}}, 'path_level': {(0, 3): {}, (1, 2): {}, (1, 3): {}, (1, 5): {}, (1, 6): {}, (2, 6): {}, (3, 5): {}, (3, 6): {}}}",[],-inf,-inf,True,False,False,0,[],0,0.0,0.0027658939361572266,7.0,8.0
86,25,3,2418.0,6329.0,1052469.8493490447,3115780.6263897936,0.3820508769157845,0.3377868905258985,16,151,1,2157.0,4097,569,3528,0.21733149931224205,0.22935779816513757,85,219.73461354478582,2157.0,8,12,False,"{0: np.int64(28), 7: np.int64(20), 6: np.int64(19), 5: np.int64(27), 2: np.int64(30), 4: np.int64(21), 3: np.int64(22), 1: np.int64(29)}","{(0, 1): [(np.int64(28), 12), (12, 5), (5, 2), (2, 6), (6, 13), (13, np.int64(29))], (0, 2): [(np.int64(28), 12), (12, 5), (5, 2), (2, 6), (6, 14), (14, np.int64(30))], (0, 4): [(np.int64(28), 12), (12, 5), (5, 2), (2, 6), (6, 13), (13, np.int64(21))], (0, 5): [(np.int64(28), 12), (12, 5), (5, 11), (11, np.int64(27))], (0, 6): [(np.int64(28), 12), (12, 5), (5, 11), (11, np.int64(19))], (1, 2): [(np.int64(29), 13), (13, 6), (6, 14), (14, np.int64(30))], (1, 5): [(np.int64(29), 13), (13, 6), (6, 2), (2, 5), (5, 11), (11, np.int64(27))], (2, 3): [(np.int64(30), 14), (14, 22)], (2, 5): [(np.int64(30), 14), (14, 6), (6, 2), (2, 5), (5, 11), (11, np.int64(27))], (2, 6): []}","{(0, np.int64(28)): {'cpu': 10}, (7, np.int64(20)): {'cpu': 18}, (6, np.int64(19)): {'cpu': 7}, (5, np.int64(27)): {'cpu': 8}, (2, np.int64(30)): {'cpu': 6}, (4, np.int64(21)): {'cpu': 11}, (3, np.int64(22)): {'cpu': 11}, (1, np.int64(29)): {'cpu': 0}}","{((0, 1), (np.int64(28), 12)): {'bw': 46}, ((0, 1), (12, 5)): {'bw': 46}, ((0, 1), (5, 2)): {'bw': 46}, ((0, 1), (2, 6)): {'bw': 46}, ((0, 1), (6, 13)): {'bw': 46}, ((0, 1), (13, np.int64(29))): {'bw': 46}, ((0, 2), (np.int64(28), 12)): {'bw': 18}, ((0, 2), (12, 5)): {'bw': 18}, ((0, 2), (5, 2)): {'bw': 18}, ((0, 2), (2, 6)): {'bw': 18}, ((0, 2), (6, 14)): {'bw': 18}, ((0, 2), (14, np.int64(30))): {'bw': 18}, ((0, 4), (np.int64(28), 12)): {'bw': 11}, ((0, 4), (12, 5)): {'bw': 11}, ((0, 4), (5, 2)): {'bw': 11}, ((0, 4), (2, 6)): {'bw': 11}, ((0, 4), (6, 13)): {'bw': 11}, ((0, 4), (13, np.int64(21))): {'bw': 11}, ((0, 5), (np.int64(28), 12)): {'bw': 3}, ((0, 5), (12, 5)): {'bw': 3}, ((0, 5), (5, 11)): {'bw': 3}, ((0, 5), (11, np.int64(27))): {'bw': 3}, ((0, 6), (np.int64(28), 12)): {'bw': 37}, ((0, 6), (12, 5)): {'bw': 37}, ((0, 6), (5, 11)): {'bw': 37}, ((0, 6), (11, np.int64(19))): {'bw': 37}, ((1, 2), (np.int64(29), 13)): {'bw': 3}, ((1, 2), (13, 6)): {'bw': 3}, ((1, 2), (6, 14)): {'bw': 3}, ((1, 2), (14, np.int64(30))): {'bw': 3}, ((1, 5), (np.int64(29), 13)): {'bw': 28}, ((1, 5), (13, 6)): {'bw': 28}, ((1, 5), (6, 2)): {'bw': 28}, ((1, 5), (2, 5)): {'bw': 28}, ((1, 5), (5, 11)): {'bw': 28}, ((1, 5), (11, np.int64(27))): {'bw': 28}, ((2, 3), (np.int64(30), 14)): {'bw': 34}, ((2, 3), (14, 22)): {'bw': 34}, ((2, 5), (np.int64(30), 14)): {'bw': 17}, ((2, 5), (14, 6)): {'bw': 17}, ((2, 5), (6, 2)): {'bw': 17}, ((2, 5), (2, 5)): {'bw': 17}, ((2, 5), (5, 11)): {'bw': 17}, ((2, 5), (11, np.int64(27))): {'bw': 17}}",0.0,0.0,142.0,71.0,305.0,0.0,0.0,0.0,0.0,0.0,0.0,0.0,0.0,0.0,Route Failure,18.0,"{'node_level': {}, 'link_level': {}, 'path_level': {}}","{'node_level': {0: {'cpu': -43}, 7: {'cpu': -30}, 6: {'cpu': -27}, 5: {'cpu': -22}, 2: {'cpu': -45}, 4: {'cpu': -28}, 3: {'cpu': -25}, 1: {'cpu': -36}}, 'link_level': {(0, 1): {'bw': -84}, (0, 2): {'bw': -66}, (0, 4): {'bw': -55}, (0, 5): {'bw': -54}, (0, 6): {'bw': -17}, (1, 2): {'bw': -80}, (1, 5): {'bw': -27}, (2, 3): {'bw': -93}, (2, 5): {'bw': -10}, (2, 6): {'bw': 17}}, 'path_level': {(0, 1): {}, (0, 2): {}, (0, 4): {}, (0, 5): {}, (0, 6): {}, (1, 2): {}, (1, 5): {}, (2, 3): {}, (2, 5): {}, (2, 6): {}}}","{'node_level': {0: {'cpu': 0}, 7: {'cpu': 0}, 6: {'cpu': 0}, 5: {'cpu': 0}, 2: {'cpu': 0}, 4: {'cpu': 0}, 3: {'cpu': 0}, 1: {'cpu': 0}}, 'link_level': {(0, 1): {'bw': 0}, (0, 2): {'bw': 0}, (0, 4): {'bw': 0}, (0, 5): {'bw': 0}, (0, 6): {'bw': 0}, (1, 2): {'bw': 0}, (1, 5): {'bw': 0}, (2, 3): {'bw': 0}, (2, 5): {'bw': 0}, (2, 6): {'bw': 18}}, 'path_level': {(0, 1): {}, (0, 2): {}, (0, 4): {}, (0, 5): {}, (0, 6): {}, (1, 2): {}, (1, 5): {}, (2, 3): {}, (2, 5): {}, (2, 6): {}}}",[],-inf,-inf,True,False,False,0,[],0,0.0,0.003161907196044922,8.0,10.0
87,26,4,2471.0,6473.0,1062203.5565183419,3142226.9251139215,0.3817395334466244,0.3380416442965308,16,152,1,2177.0,3953,551,3402,0.24209078404401652,0.25688073394495414,86,183.65485225088776,2177.0,3,2,True,"{1: np.int64(28), 0: np.int64(20), 2: np.int64(19)}","{(0, 1): [(np.int64(20), 12), (12, 28)], (1, 2): [(np.int64(28), 12), (12, 5), (5, 11), (11, np.int64(19))]}","{(1, np.int64(28)): {'cpu': 7}, (0, np.int64(20)): {'cpu': 9}, (2, np.int64(19)): {'cpu': 2}}","{((0, 1), (np.int64(20), 12)): {'bw': 7}, ((0, 1), (12, 28)): {'bw': 7}, ((1, 2), (np.int64(28), 12)): {'bw': 28}, ((1, 2), (12, 5)): {'bw': 28}, ((1, 2), (5, 11)): {'bw': 28}, ((1, 2), (11, np.int64(19))): {'bw': 28}}",144.0,53.0,36.0,18.0,35.0,18.0,35.0,18.0,126.0,91.0,0.3680555555555556,26446.29872412784,9733.707169297051,67.59518867567397,Success,0.0,"{'node_level': {}, 'link_level': {}, 'path_level': {}}","{'node_level': {1: {'cpu': -46}, 0: {'cpu': -39}, 2: {'cpu': -32}}, 'link_level': {(0, 1): {'bw': -110}, (1, 2): {'bw': -104}}, 'path_level': {(0, 1): {}, (1, 2): {}}}","{'node_level': {1: {'cpu': 0}, 0: {'cpu': 0}, 2: {'cpu': 0}}, 'link_level': {(0, 1): {'bw': 0}, (1, 2): {'bw': 0}}, 'path_level': {(0, 1): {}, (1, 2): {}}}",[],-inf,-inf,True,True,False,0,[],0,0.0,0.0010449886322021484,3.0,2.0
88,27,5,2593.0,6727.0,1070970.6414467513,3160479.7084894627,0.3854615727664635,0.33886331830259303,16,153,1,2207.0,3699,499,3200,0.31361760660247595,0.3010048055919615,87,71.86135187220862,2207.0,3,3,True,"{2: np.int64(30), 1: np.int64(22), 0: np.int64(21)}","{(0, 1): [(np.int64(21), 13), (13, 6), (6, 14), (14, np.int64(22))], (0, 2): [(np.int64(21), 13), (13, 6), (6, 14), (14, np.int64(30))], (1, 2): [(np.int64(22), 14), (14, 30)]}","{(2, np.int64(30)): {'cpu': 18}, (1, np.int64(22)): {'cpu': 18}, (0, np.int64(21)): {'cpu': 16}}","{((0, 1), (np.int64(21), 13)): {'bw': 8}, ((0, 1), (13, 6)): {'bw': 8}, ((0, 1), (6, 14)): {'bw': 8}, ((0, 1), (14, np.int64(22))): {'bw': 8}, ((0, 2), (np.int64(21), 13)): {'bw': 23}, ((0, 2), (13, 6)): {'bw': 23}, ((0, 2), (6, 14)): {'bw': 23}, ((0, 2), (14, np.int64(30))): {'bw': 23}, ((1, 2), (np.int64(22), 14)): {'bw': 39}, ((1, 2), (14, 30)): {'bw': 39}}",254.0,122.0,104.0,52.0,70.0,52.0,70.0,52.0,202.0,132.0,0.48031496062992124,18252.78337554099,8767.084928409451,34.5160823953128,Success,0.0,"{'node_level': {}, 'link_level': {}, 'path_level': {}}","{'node_level': {2: {'cpu': -33}, 1: {'cpu': -18}, 0: {'cpu': -23}}, 'link_level': {(0, 1): {'bw': -132}, (0, 2): {'bw': -109}, (1, 2): {'bw': -86}}, 'path_level': {(0, 1): {}, (0, 2): {}, (1, 2): {}}}","{'node_level': {2: {'cpu': 0}, 1: {'cpu': 0}, 0: {'cpu': 0}}, 'link_level': {(0, 1): {'bw': 0}, (0, 2): {'bw': 0}, (1, 2): {'bw': 0}}, 'path_level': {(0, 1): {}, (0, 2): {}, (1, 2): {}}}",[],-inf,-inf,True,True,False,0,[],0,0.0,0.0010199546813964844,3.0,3.0
88,27,5,2593.0,6727.0,1070970.6414467513,3160479.7084894627,0.3854615727664635,0.33886331830259303,16,154,0,2226.3839161388696,3699,499,3200,0.31361760660247595,0.3010048055919615,81,174.38391613886938,2052.0,10,21,False,{},{},{},{},0.0,0.0,0.0,0.0,0.0,0.0,0.0,0.0,0.0,0.0,0.0,0.0,0.0,0.0,Leave Event,0.0,"{'node_level': {}, 'link_level': {}, 'path_level': {}}","{'node_level': {}, 'link_level': {}, 'path_level': {}}","{'node_level': {}, 'link_level': {}, 'path_level': {}}",[],-inf,-inf,True,True,False,0,[],0,0.0,,,
89,27,5,2593.0,6727.0,1070970.6414467513,3160479.7084894627,0.3854615727664635,0.33886331830259303,16,155,1,2227.0,3699,499,3200,0.31361760660247595,0.3010048055919615,88,1099.159796435754,2227.0,8,14,False,"{7: np.int64(28), 2: np.int64(20), 4: np.int64(27), 0: np.int64(19), 6: np.int64(29), 1: np.int64(18), 3: np.int64(17), 5: np.int64(21)}","{(0, 2): [(np.int64(19), 11), (11, 5), (5, 12), (12, np.int64(20))], (0, 3): [(np.int64(19), 11), (11, 5), (5, 2), (2, 0), (0, 1), (1, 4), (4, 9), (9, np.int64(17))], (0, 5): [(np.int64(19), 11), (11, 5), (5, 2), (2, 6), (6, 13), (13, np.int64(21))], (0, 7): [(np.int64(19), 11), (11, 5), (5, 12), (12, np.int64(28))], (1, 2): [(np.int64(18), 10), (10, 4), (4, 1), (1, 0), (0, 2), (2, 5), (5, 12), (12, np.int64(20))], (1, 5): [(np.int64(18), 10), (10, 4), (4, 1), (1, 0), (0, 2), (2, 6), (6, 13), (13, np.int64(21))], (2, 4): [(np.int64(20), 12), (12, 5), (5, 11), (11, np.int64(27))], (2, 5): [(np.int64(20), 12), (12, 5), (5, 2), (2, 6), (6, 13), (13, np.int64(21))], (2, 7): [(np.int64(20), 12), (12, 28)], (3, 4): []}","{(7, np.int64(28)): {'cpu': 16}, (2, np.int64(20)): {'cpu': 16}, (4, np.int64(27)): {'cpu': 11}, (0, np.int64(19)): {'cpu': 8}, (6, np.int64(29)): {'cpu': 20}, (1, np.int64(18)): {'cpu': 7}, (3, np.int64(17)): {'cpu': 3}, (5, np.int64(21)): {'cpu': 0}}","{((0, 2), (np.int64(19), 11)): {'bw': 25}, ((0, 2), (11, 5)): {'bw': 25}, ((0, 2), (5, 12)): {'bw': 25}, ((0, 2), (12, np.int64(20))): {'bw': 25}, ((0, 3), (np.int64(19), 11)): {'bw': 28}, ((0, 3), (11, 5)): {'bw': 28}, ((0, 3), (5, 2)): {'bw': 28}, ((0, 3), (2, 0)): {'bw': 28}, ((0, 3), (0, 1)): {'bw': 28}, ((0, 3), (1, 4)): {'bw': 28}, ((0, 3), (4, 9)): {'bw': 28}, ((0, 3), (9, np.int64(17))): {'bw': 28}, ((0, 5), (np.int64(19), 11)): {'bw': 7}, ((0, 5), (11, 5)): {'bw': 7}, ((0, 5), (5, 2)): {'bw': 7}, ((0, 5), (2, 6)): {'bw': 7}, ((0, 5), (6, 13)): {'bw': 7}, ((0, 5), (13, np.int64(21))): {'bw': 7}, ((0, 7), (np.int64(19), 11)): {'bw': 17}, ((0, 7), (11, 5)): {'bw': 17}, ((0, 7), (5, 12)): {'bw': 17}, ((0, 7), (12, np.int64(28))): {'bw': 17}, ((1, 2), (np.int64(18), 10)): {'bw': 12}, ((1, 2), (10, 4)): {'bw': 12}, ((1, 2), (4, 1)): {'bw': 12}, ((1, 2), (1, 0)): {'bw': 12}, ((1, 2), (0, 2)): {'bw': 12}, ((1, 2), (2, 5)): {'bw': 12}, ((1, 2), (5, 12)): {'bw': 12}, ((1, 2), (12, np.int64(20))): {'bw': 12}, ((1, 5), (np.int64(18), 10)): {'bw': 23}, ((1, 5), (10, 4)): {'bw': 23}, ((1, 5), (4, 1)): {'bw': 23}, ((1, 5), (1, 0)): {'bw': 23}, ((1, 5), (0, 2)): {'bw': 23}, ((1, 5), (2, 6)): {'bw': 23}, ((1, 5), (6, 13)): {'bw': 23}, ((1, 5), (13, np.int64(21))): {'bw': 23}, ((2, 4), (np.int64(20), 12)): {'bw': 25}, ((2, 4), (12, 5)): {'bw': 25}, ((2, 4), (5, 11)): {'bw': 25}, ((2, 4), (11, np.int64(27))): {'bw': 25}, ((2, 5), (np.int64(20), 12)): {'bw': 9}, ((2, 5), (12, 5)): {'bw': 9}, ((2, 5), (5, 2)): {'bw': 9}, ((2, 5), (2, 6)): {'bw': 9}, ((2, 5), (6, 13)): {'bw': 9}, ((2, 5), (13, np.int64(21))): {'bw': 9}, ((2, 7), (np.int64(20), 12)): {'bw': 23}, ((2, 7), (12, 28)): {'bw': 23}}",0.0,0.0,162.0,81.0,283.0,0.0,0.0,0.0,0.0,0.0,0.0,0.0,0.0,0.0,Route Failure,49.0,"{'node_level': {}, 'link_level': {}, 'path_level': {}}","{'node_level': {7: {'cpu': -30}, 2: {'cpu': -23}, 4: {'cpu': -19}, 0: {'cpu': -24}, 6: {'cpu': -16}, 1: {'cpu': -30}, 3: {'cpu': -49}, 5: {'cpu': -23}}, 'link_level': {(0, 2): {'bw': -79}, (0, 3): {'bw': -22}, (0, 5): {'bw': -69}, (0, 7): {'bw': -52}, (1, 2): {'bw': -24}, (1, 5): {'bw': -1}, (2, 4): {'bw': -25}, (2, 5): {'bw': -16}, (2, 7): {'bw': -16}, (3, 4): {'bw': 35}}, 'path_level': {(0, 2): {}, (0, 3): {}, (0, 5): {}, (0, 7): {}, (1, 2): {}, (1, 5): {}, (2, 4): {}, (2, 5): {}, (2, 7): {}, (3, 4): {}}}","{'node_level': {7: {'cpu': 0}, 2: {'cpu': 0}, 4: {'cpu': 0}, 0: {'cpu': 0}, 6: {'cpu': 0}, 1: {'cpu': 0}, 3: {'cpu': 0}, 5: {'cpu': 0}}, 'link_level': {(0, 2): {'bw': 0}, (0, 3): {'bw': 0}, (0, 5): {'bw': 0}, (0, 7): {'bw': 0}, (1, 2): {'bw': 0}, (1, 5): {'bw': 0}, (2, 4): {'bw': 0}, (2, 5): {'bw': 0}, (2, 7): {'bw': 0}, (3, 4): {'bw': 49}}, 'path_level': {(0, 2): {}, (0, 3): {}, (0, 5): {}, (0, 7): {}, (1, 2): {}, (1, 5): {}, (2, 4): {}, (2, 5): {}, (2, 7): {}, (3, 4): {}}}",[],-inf,-inf,True,False,False,0,[],0,0.0,0.003172159194946289,8.0,10.0
90,28,6,2644.0,6811.0,1084285.4460286722,3182409.974859685,0.38819556599618266,0.34071205614433103,16,156,1,2260.0,3615,481,3134,0.3383768913342503,0.31542158147662736,89,261.0745996455074,2260.0,2,1,True,"{0: np.int64(28), 1: np.int64(20)}","{(0, 1): [(np.int64(28), 12), (12, 20)]}","{(0, np.int64(28)): {'cpu': 12}, (1, np.int64(20)): {'cpu': 6}}","{((0, 1), (np.int64(28), 12)): {'bw': 33}, ((0, 1), (12, 20)): {'bw': 33}}",84.0,51.0,36.0,18.0,33.0,18.0,33.0,18.0,66.0,33.0,0.6071428571428571,21930.266370222624,13314.804581920878,158.50957835620093,Success,0.0,"{'node_level': {}, 'link_level': {}, 'path_level': {}}","{'node_level': {0: {'cpu': -34}, 1: {'cpu': -33}}, 'link_level': {(0, 1): {'bw': -77}}, 'path_level': {(0, 1): {}}}","{'node_level': {0: {'cpu': 0}, 1: {'cpu': 0}}, 'link_level': {(0, 1): {'bw': 0}}, 'path_level': {(0, 1): {}}}",[],-inf,-inf,True,True,False,0,[],0,0.0,0.0006160736083984375,2.0,1.0
90,28,5,2644.0,6811.0,1084285.4460286722,3182409.974859685,0.38819556599618266,0.34071205614433103,16,157,0,2278.8613518722086,3869,533,3336,0.26685006877579087,0.27129750982962,87,71.86135187220862,2207.0,3,3,False,{},{},{},{},0.0,0.0,0.0,0.0,0.0,0.0,0.0,0.0,0.0,0.0,0.0,0.0,0.0,0.0,Leave Event,0.0,"{'node_level': {}, 'link_level': {}, 'path_level': {}}","{'node_level': {}, 'link_level': {}, 'path_level': {}}","{'node_level': {}, 'link_level': {}, 'path_level': {}}",[],-inf,-inf,True,True,False,0,[],0,0.0,,,
91,28,5,2644.0,6811.0,1084285.4460286722,3182409.974859685,0.38819556599618266,0.34071205614433103,16,158,1,2290.0,3869,533,3336,0.26685006877579087,0.27129750982962,90,1001.5902043340529,2290.0,10,24,False,"{0: np.int64(30), 5: np.int64(22), 6: np.int64(21), 1: np.int64(29), 7: np.int64(18), 2: np.int64(27), 4: np.int64(19), 8: np.int64(28), 9: np.int64(17), 3: np.int64(20)}","{(0, 1): [(np.int64(30), 14), (14, 6), (6, 13), (13, np.int64(29))], (0, 2): [(np.int64(30), 14), (14, 6), (6, 2), (2, 5), (5, 11), (11, np.int64(27))], (0, 3): [(np.int64(30), 14), (14, 6), (6, 2), (2, 5), (5, 12), (12, np.int64(20))], (0, 5): [(np.int64(30), 14), (14, 22)], (0, 6): [(np.int64(30), 14), (14, 6), (6, 13), (13, np.int64(21))], (0, 7): [(np.int64(30), 14), (14, 6), (6, 2), (2, 0), (0, 1), (1, 4), (4, 10), (10, np.int64(18))], (0, 8): [(np.int64(30), 14), (14, 6), (6, 2), (2, 5), (5, 12), (12, np.int64(28))], (1, 5): [(np.int64(29), 13), (13, 6), (6, 14), (14, np.int64(22))], (1, 6): [(np.int64(29), 13), (13, 21)], (1, 8): []}","{(0, np.int64(30)): {'cpu': 20}, (5, np.int64(22)): {'cpu': 16}, (6, np.int64(21)): {'cpu': 10}, (1, np.int64(29)): {'cpu': 10}, (7, np.int64(18)): {'cpu': 9}, (2, np.int64(27)): {'cpu': 6}, (4, np.int64(19)): {'cpu': 3}, (8, np.int64(28)): {'cpu': 1}, (9, np.int64(17)): {'cpu': 1}, (3, np.int64(20)): {'cpu': 0}}","{((0, 1), (np.int64(30), 14)): {'bw': 16}, ((0, 1), (14, 6)): {'bw': 16}, ((0, 1), (6, 13)): {'bw': 16}, ((0, 1), (13, np.int64(29))): {'bw': 16}, ((0, 2), (np.int64(30), 14)): {'bw': 38}, ((0, 2), (14, 6)): {'bw': 38}, ((0, 2), (6, 2)): {'bw': 38}, ((0, 2), (2, 5)): {'bw': 38}, ((0, 2), (5, 11)): {'bw': 38}, ((0, 2), (11, np.int64(27))): {'bw': 38}, ((0, 3), (np.int64(30), 14)): {'bw': 34}, ((0, 3), (14, 6)): {'bw': 34}, ((0, 3), (6, 2)): {'bw': 34}, ((0, 3), (2, 5)): {'bw': 34}, ((0, 3), (5, 12)): {'bw': 34}, ((0, 3), (12, np.int64(20))): {'bw': 34}, ((0, 5), (np.int64(30), 14)): {'bw': 9}, ((0, 5), (14, 22)): {'bw': 9}, ((0, 6), (np.int64(30), 14)): {'bw': 2}, ((0, 6), (14, 6)): {'bw': 2}, ((0, 6), (6, 13)): {'bw': 2}, ((0, 6), (13, np.int64(21))): {'bw': 2}, ((0, 7), (np.int64(30), 14)): {'bw': 26}, ((0, 7), (14, 6)): {'bw': 26}, ((0, 7), (6, 2)): {'bw': 26}, ((0, 7), (2, 0)): {'bw': 26}, ((0, 7), (0, 1)): {'bw': 26}, ((0, 7), (1, 4)): {'bw': 26}, ((0, 7), (4, 10)): {'bw': 26}, ((0, 7), (10, np.int64(18))): {'bw': 26}, ((0, 8), (np.int64(30), 14)): {'bw': 6}, ((0, 8), (14, 6)): {'bw': 6}, ((0, 8), (6, 2)): {'bw': 6}, ((0, 8), (2, 5)): {'bw': 6}, ((0, 8), (5, 12)): {'bw': 6}, ((0, 8), (12, np.int64(28))): {'bw': 6}, ((1, 5), (np.int64(29), 13)): {'bw': 5}, ((1, 5), (13, 6)): {'bw': 5}, ((1, 5), (6, 14)): {'bw': 5}, ((1, 5), (14, np.int64(22))): {'bw': 5}, ((1, 6), (np.int64(29), 13)): {'bw': 28}, ((1, 6), (13, 21)): {'bw': 28}}",0.0,0.0,152.0,76.0,448.0,0.0,0.0,0.0,0.0,0.0,0.0,0.0,0.0,0.0,Route Failure,7.0,"{'node_level': {}, 'link_level': {}, 'path_level': {}}","{'node_level': {0: {'cpu': -31}, 5: {'cpu': -20}, 6: {'cpu': -29}, 1: {'cpu': -26}, 7: {'cpu': -28}, 2: {'cpu': -24}, 4: {'cpu': -29}, 8: {'cpu': -33}, 9: {'cpu': -51}, 3: {'cpu': -33}}, 'link_level': {(0, 1): {'bw': -124}, (0, 2): {'bw': -88}, (0, 3): {'bw': -43}, (0, 5): {'bw': -51}, (0, 6): {'bw': -49}, (0, 7): {'bw': -20}, (0, 8): {'bw': -17}, (1, 5): {'bw': -15}, (1, 6): {'bw': -102}, (1, 8): {'bw': 7}}, 'path_level': {(0, 1): {}, (0, 2): {}, (0, 3): {}, (0, 5): {}, (0, 6): {}, (0, 7): {}, (0, 8): {}, (1, 5): {}, (1, 6): {}, (1, 8): {}}}","{'node_level': {0: {'cpu': 0}, 5: {'cpu': 0}, 6: {'cpu': 0}, 1: {'cpu': 0}, 7: {'cpu': 0}, 2: {'cpu': 0}, 4: {'cpu': 0}, 8: {'cpu': 0}, 9: {'cpu': 0}, 3: {'cpu': 0}}, 'link_level': {(0, 1): {'bw': 0}, (0, 2): {'bw': 0}, (0, 3): {'bw': 0}, (0, 5): {'bw': 0}, (0, 6): {'bw': 0}, (0, 7): {'bw': 0}, (0, 8): {'bw': 0}, (1, 5): {'bw': 0}, (1, 6): {'bw': 0}, (1, 8): {'bw': 7}}, 'path_level': {(0, 1): {}, (0, 2): {}, (0, 3): {}, (0, 5): {}, (0, 6): {}, (0, 7): {}, (0, 8): {}, (1, 5): {}, (1, 6): {}, (1, 8): {}}}",[],-inf,-inf,True,False,False,0,[],0,0.0,0.003699779510498047,10.0,10.0
91,28,4,2644.0,6811.0,1084285.4460286722,3182409.974859685,0.38819556599618266,0.34071205614433103,16,159,0,2290.4446127162682,4424,612,3812,0.1581843191196699,0.16732197466142418,55,880.4446127162681,1410.0,7,7,False,{},{},{},{},0.0,0.0,0.0,0.0,0.0,0.0,0.0,0.0,0.0,0.0,0.0,0.0,0.0,0.0,Leave Event,0.0,"{'node_level': {}, 'link_level': {}, 'path_level': {}}","{'node_level': {}, 'link_level': {}, 'path_level': {}}","{'node_level': {}, 'link_level': {}, 'path_level': {}}",[],-inf,-inf,True,True,False,0,[],0,0.0,,,
91,28,4,2644.0,6811.0,1084285.4460286722,3182409.974859685,0.38819556599618266,0.34071205614433103,16,160,0,2296.1099966482893,4424,612,3812,0.1581843191196699,0.16732197466142418,59,785.1099966482894,1511.0,6,9,False,{},{},{},{},0.0,0.0,0.0,0.0,0.0,0.0,0.0,0.0,0.0,0.0,0.0,0.0,0.0,0.0,Leave Event,0.0,"{'node_level': {}, 'link_level': {}, 'path_level': {}}","{'node_level': {}, 'link_level': {}, 'path_level': {}}","{'node_level': {}, 'link_level': {}, 'path_level': {}}",[],-inf,-inf,True,True,False,0,[],0,0.0,,,
91,28,4,2644.0,6811.0,1084285.4460286722,3182409.974859685,0.38819556599618266,0.34071205614433103,16,161,0,2300.4572189796663,4424,612,3812,0.1581843191196699,0.16732197466142418,77,351.4572189796665,1949.0,6,8,False,{},{},{},{},0.0,0.0,0.0,0.0,0.0,0.0,0.0,0.0,0.0,0.0,0.0,0.0,0.0,0.0,Leave Event,0.0,"{'node_level': {}, 'link_level': {}, 'path_level': {}}","{'node_level': {}, 'link_level': {}, 'path_level': {}}","{'node_level': {}, 'link_level': {}, 'path_level': {}}",[],-inf,-inf,True,True,False,0,[],0,0.0,,,
92,28,4,2644.0,6811.0,1084285.4460286722,3182409.974859685,0.38819556599618266,0.34071205614433103,16,162,1,2308.0,4424,612,3812,0.1581843191196699,0.16732197466142418,91,655.0655711361453,2308.0,9,22,False,"{4: np.int64(23), 3: np.int64(15), 0: np.int64(24), 5: np.int64(18), 1: np.int64(17), 6: np.int64(30), 2: np.int64(21), 7: np.int64(22), 8: np.int64(29)}","{(0, 1): [(np.int64(24), 8), (8, 3), (3, 1), (1, 4), (4, 9), (9, np.int64(17))], (0, 3): [(np.int64(24), 8), (8, 3), (3, 7), (7, np.int64(15))], (0, 4): [(np.int64(24), 8), (8, 3), (3, 7), (7, np.int64(23))], (0, 5): []}","{(4, np.int64(23)): {'cpu': 18}, (3, np.int64(15)): {'cpu': 13}, (0, np.int64(24)): {'cpu': 15}, (5, np.int64(18)): {'cpu': 13}, (1, np.int64(17)): {'cpu': 8}, (6, np.int64(30)): {'cpu': 9}, (2, np.int64(21)): {'cpu': 16}, (7, np.int64(22)): {'cpu': 9}, (8, np.int64(29)): {'cpu': 0}}","{((0, 1), (np.int64(24), 8)): {'bw': 24}, ((0, 1), (8, 3)): {'bw': 24}, ((0, 1), (3, 1)): {'bw': 24}, ((0, 1), (1, 4)): {'bw': 24}, ((0, 1), (4, 9)): {'bw': 24}, ((0, 1), (9, np.int64(17))): {'bw': 24}, ((0, 3), (np.int64(24), 8)): {'bw': 20}, ((0, 3), (8, 3)): {'bw': 20}, ((0, 3), (3, 7)): {'bw': 20}, ((0, 3), (7, np.int64(15))): {'bw': 20}, ((0, 4), (np.int64(24), 8)): {'bw': 29}, ((0, 4), (8, 3)): {'bw': 29}, ((0, 4), (3, 7)): {'bw': 29}, ((0, 4), (7, np.int64(23))): {'bw': 29}}",0.0,0.0,202.0,101.0,679.0,0.0,0.0,0.0,0.0,0.0,0.0,0.0,0.0,0.0,Route Failure,8.0,"{'node_level': {}, 'link_level': {}, 'path_level': {}}","{'node_level': {4: {'cpu': -42}, 3: {'cpu': -22}, 0: {'cpu': -25}, 5: {'cpu': -25}, 1: {'cpu': -47}, 6: {'cpu': -42}, 2: {'cpu': -23}, 7: {'cpu': -27}, 8: {'cpu': -36}}, 'link_level': {(0, 1): {'bw': -73}, (0, 3): {'bw': -56}, (0, 4): {'bw': -27}, (0, 5): {'bw': 8}}, 'path_level': {(0, 1): {}, (0, 3): {}, (0, 4): {}, (0, 5): {}}}","{'node_level': {4: {'cpu': 0}, 3: {'cpu': 0}, 0: {'cpu': 0}, 5: {'cpu': 0}, 1: {'cpu': 0}, 6: {'cpu': 0}, 2: {'cpu': 0}, 7: {'cpu': 0}, 8: {'cpu': 0}}, 'link_level': {(0, 1): {'bw': 0}, (0, 3): {'bw': 0}, (0, 4): {'bw': 0}, (0, 5): {'bw': 8}}, 'path_level': {(0, 1): {}, (0, 3): {}, (0, 4): {}, (0, 5): {}}}",[],-inf,-inf,True,False,False,0,[],0,0.0,0.0032291412353515625,9.0,4.0
93,28,4,2644.0,6811.0,1084285.4460286722,3182409.974859685,0.38819556599618266,0.34071205614433103,16,163,1,2322.0,4424,612,3812,0.1581843191196699,0.16732197466142418,92,453.7934563751934,2322.0,7,12,False,"{6: np.int64(23), 1: np.int64(15), 5: np.int64(24), 0: np.int64(18), 3: np.int64(17), 4: np.int64(30), 2: np.int64(21)}","{(0, 2): [(np.int64(18), 10), (10, 4), (4, 1), (1, 0), (0, 2), (2, 6), (6, 13), (13, np.int64(21))], (0, 3): []}","{(6, np.int64(23)): {'cpu': 16}, (1, np.int64(15)): {'cpu': 17}, (5, np.int64(24)): {'cpu': 16}, (0, np.int64(18)): {'cpu': 5}, (3, np.int64(17)): {'cpu': 8}, (4, np.int64(30)): {'cpu': 2}, (2, np.int64(21)): {'cpu': 1}}","{((0, 2), (np.int64(18), 10)): {'bw': 41}, ((0, 2), (10, 4)): {'bw': 41}, ((0, 2), (4, 1)): {'bw': 41}, ((0, 2), (1, 0)): {'bw': 41}, ((0, 2), (0, 2)): {'bw': 41}, ((0, 2), (2, 6)): {'bw': 41}, ((0, 2), (6, 13)): {'bw': 41}, ((0, 2), (13, np.int64(21))): {'bw': 41}}",0.0,0.0,130.0,65.0,353.0,0.0,0.0,0.0,0.0,0.0,0.0,0.0,0.0,0.0,Route Failure,22.0,"{'node_level': {}, 'link_level': {}, 'path_level': {}}","{'node_level': {6: {'cpu': -44}, 1: {'cpu': -18}, 5: {'cpu': -24}, 0: {'cpu': -33}, 3: {'cpu': -47}, 4: {'cpu': -49}, 2: {'cpu': -38}}, 'link_level': {(0, 2): {'bw': -24}, (0, 3): {'bw': 22}}, 'path_level': {(0, 2): {}, (0, 3): {}}}","{'node_level': {6: {'cpu': 0}, 1: {'cpu': 0}, 5: {'cpu': 0}, 0: {'cpu': 0}, 3: {'cpu': 0}, 4: {'cpu': 0}, 2: {'cpu': 0}}, 'link_level': {(0, 2): {'bw': 0}, (0, 3): {'bw': 22}}, 'path_level': {(0, 2): {}, (0, 3): {}}}",[],-inf,-inf,True,False,False,0,[],0,0.0,0.002351999282836914,7.0,2.0
94,28,4,2644.0,6811.0,1084285.4460286722,3182409.974859685,0.38819556599618266,0.34071205614433103,16,164,1,2352.0,4424,612,3812,0.1581843191196699,0.16732197466142418,93,844.1496247042616,2352.0,9,15,False,"{6: np.int64(23), 1: np.int64(15), 7: np.int64(24), 5: np.int64(18), 8: np.int64(17), 3: np.int64(30), 2: np.int64(21), 4: np.int64(22), 0: np.int64(29)}","{(0, 3): [(np.int64(29), 13), (13, 6), (6, 14), (14, np.int64(30))], (0, 4): [(np.int64(29), 13), (13, 6), (6, 14), (14, np.int64(22))], (0, 7): [(np.int64(29), 13), (13, 6), (6, 2), (2, 0), (0, 1), (1, 3), (3, 8), (8, np.int64(24))], (1, 2): [(np.int64(15), 7), (7, 3), (3, 1), (1, 0), (0, 2), (2, 6), (6, 13), (13, np.int64(21))], (1, 3): [(np.int64(15), 7), (7, 3), (3, 1), (1, 0), (0, 2), (2, 6), (6, 14), (14, np.int64(30))], (1, 4): []}","{(6, np.int64(23)): {'cpu': 16}, (1, np.int64(15)): {'cpu': 17}, (7, np.int64(24)): {'cpu': 10}, (5, np.int64(18)): {'cpu': 11}, (8, np.int64(17)): {'cpu': 17}, (3, np.int64(30)): {'cpu': 6}, (2, np.int64(21)): {'cpu': 13}, (4, np.int64(22)): {'cpu': 4}, (0, np.int64(29)): {'cpu': 4}}","{((0, 3), (np.int64(29), 13)): {'bw': 28}, ((0, 3), (13, 6)): {'bw': 28}, ((0, 3), (6, 14)): {'bw': 28}, ((0, 3), (14, np.int64(30))): {'bw': 28}, ((0, 4), (np.int64(29), 13)): {'bw': 37}, ((0, 4), (13, 6)): {'bw': 37}, ((0, 4), (6, 14)): {'bw': 37}, ((0, 4), (14, np.int64(22))): {'bw': 37}, ((0, 7), (np.int64(29), 13)): {'bw': 3}, ((0, 7), (13, 6)): {'bw': 3}, ((0, 7), (6, 2)): {'bw': 3}, ((0, 7), (2, 0)): {'bw': 3}, ((0, 7), (0, 1)): {'bw': 3}, ((0, 7), (1, 3)): {'bw': 3}, ((0, 7), (3, 8)): {'bw': 3}, ((0, 7), (8, np.int64(24))): {'bw': 3}, ((1, 2), (np.int64(15), 7)): {'bw': 9}, ((1, 2), (7, 3)): {'bw': 9}, ((1, 2), (3, 1)): {'bw': 9}, ((1, 2), (1, 0)): {'bw': 9}, ((1, 2), (0, 2)): {'bw': 9}, ((1, 2), (2, 6)): {'bw': 9}, ((1, 2), (6, 13)): {'bw': 9}, ((1, 2), (13, np.int64(21))): {'bw': 9}, ((1, 3), (np.int64(15), 7)): {'bw': 48}, ((1, 3), (7, 3)): {'bw': 48}, ((1, 3), (3, 1)): {'bw': 48}, ((1, 3), (1, 0)): {'bw': 48}, ((1, 3), (0, 2)): {'bw': 48}, ((1, 3), (2, 6)): {'bw': 48}, ((1, 3), (6, 14)): {'bw': 48}, ((1, 3), (14, np.int64(30))): {'bw': 48}}",0.0,0.0,196.0,98.0,460.0,0.0,0.0,0.0,0.0,0.0,0.0,0.0,0.0,0.0,Route Failure,16.0,"{'node_level': {}, 'link_level': {}, 'path_level': {}}","{'node_level': {6: {'cpu': -44}, 1: {'cpu': -18}, 7: {'cpu': -30}, 5: {'cpu': -27}, 8: {'cpu': -38}, 3: {'cpu': -45}, 2: {'cpu': -26}, 4: {'cpu': -32}, 0: {'cpu': -32}}, 'link_level': {(0, 3): {'bw': -112}, (0, 4): {'bw': -75}, (0, 7): {'bw': -72}, (1, 2): {'bw': -63}, (1, 3): {'bw': -29}, (1, 4): {'bw': 12}}, 'path_level': {(0, 3): {}, (0, 4): {}, (0, 7): {}, (1, 2): {}, (1, 3): {}, (1, 4): {}}}","{'node_level': {6: {'cpu': 0}, 1: {'cpu': 0}, 7: {'cpu': 0}, 5: {'cpu': 0}, 8: {'cpu': 0}, 3: {'cpu': 0}, 2: {'cpu': 0}, 4: {'cpu': 0}, 0: {'cpu': 0}}, 'link_level': {(0, 3): {'bw': 0}, (0, 4): {'bw': 0}, (0, 7): {'bw': 0}, (1, 2): {'bw': 0}, (1, 3): {'bw': 0}, (1, 4): {'bw': 16}}, 'path_level': {(0, 3): {}, (0, 4): {}, (0, 7): {}, (1, 2): {}, (1, 3): {}, (1, 4): {}}}",[],-inf,-inf,True,False,False,0,[],0,0.0,0.003139019012451172,9.0,6.0
94,28,3,2644.0,6811.0,1084285.4460286722,3182409.974859685,0.38819556599618266,0.34071205614433103,16,165,0,2360.654852250888,4568,630,3938,0.13342503438789544,0.13979903888160772,86,183.65485225088776,2177.0,3,2,False,{},{},{},{},0.0,0.0,0.0,0.0,0.0,0.0,0.0,0.0,0.0,0.0,0.0,0.0,0.0,0.0,Leave Event,0.0,"{'node_level': {}, 'link_level': {}, 'path_level': {}}","{'node_level': {}, 'link_level': {}, 'path_level': {}}","{'node_level': {}, 'link_level': {}, 'path_level': {}}",[],-inf,-inf,True,True,False,0,[],0,0.0,,,
94,28,3,2644.0,6811.0,1084285.4460286722,3182409.974859685,0.38819556599618266,0.34071205614433103,16,166,0,2361.830729663063,4568,630,3938,0.13342503438789544,0.13979903888160772,83,256.83072966306304,2105.0,5,5,False,{},{},{},{},0.0,0.0,0.0,0.0,0.0,0.0,0.0,0.0,0.0,0.0,0.0,0.0,0.0,0.0,Leave Event,0.0,"{'node_level': {}, 'link_level': {}, 'path_level': {}}","{'node_level': {}, 'link_level': {}, 'path_level': {}}","{'node_level': {}, 'link_level': {}, 'path_level': {}}",[],-inf,-inf,True,True,False,0,[],0,0.0,,,
95,28,3,2644.0,6811.0,1084285.4460286722,3182409.974859685,0.38819556599618266,0.34071205614433103,16,167,1,2373.0,4568,630,3938,0.13342503438789544,0.13979903888160772,94,547.1957664099208,2373.0,8,14,False,"{4: np.int64(23), 7: np.int64(15), 1: np.int64(24), 2: np.int64(18), 5: np.int64(17), 0: np.int64(30), 6: np.int64(21), 3: np.int64(22)}","{(0, 1): [(np.int64(30), 14), (14, 6), (6, 2), (2, 0), (0, 1), (1, 3), (3, 8), (8, np.int64(24))], (0, 4): [(np.int64(30), 14), (14, 6), (6, 2), (2, 0), (0, 1), (1, 3), (3, 7), (7, np.int64(23))], (0, 7): [(np.int64(30), 14), (14, 6), (6, 2), (2, 0), (0, 1), (1, 3), (3, 7), (7, np.int64(15))], (1, 2): []}","{(4, np.int64(23)): {'cpu': 20}, (7, np.int64(15)): {'cpu': 16}, (1, np.int64(24)): {'cpu': 6}, (2, np.int64(18)): {'cpu': 6}, (5, np.int64(17)): {'cpu': 12}, (0, np.int64(30)): {'cpu': 4}, (6, np.int64(21)): {'cpu': 3}, (3, np.int64(22)): {'cpu': 5}}","{((0, 1), (np.int64(30), 14)): {'bw': 37}, ((0, 1), (14, 6)): {'bw': 37}, ((0, 1), (6, 2)): {'bw': 37}, ((0, 1), (2, 0)): {'bw': 37}, ((0, 1), (0, 1)): {'bw': 37}, ((0, 1), (1, 3)): {'bw': 37}, ((0, 1), (3, 8)): {'bw': 37}, ((0, 1), (8, np.int64(24))): {'bw': 37}, ((0, 4), (np.int64(30), 14)): {'bw': 21}, ((0, 4), (14, 6)): {'bw': 21}, ((0, 4), (6, 2)): {'bw': 21}, ((0, 4), (2, 0)): {'bw': 21}, ((0, 4), (0, 1)): {'bw': 21}, ((0, 4), (1, 3)): {'bw': 21}, ((0, 4), (3, 7)): {'bw': 21}, ((0, 4), (7, np.int64(23))): {'bw': 21}, ((0, 7), (np.int64(30), 14)): {'bw': 35}, ((0, 7), (14, 6)): {'bw': 35}, ((0, 7), (6, 2)): {'bw': 35}, ((0, 7), (2, 0)): {'bw': 35}, ((0, 7), (0, 1)): {'bw': 35}, ((0, 7), (1, 3)): {'bw': 35}, ((0, 7), (3, 7)): {'bw': 35}, ((0, 7), (7, np.int64(15))): {'bw': 35}}",0.0,0.0,144.0,72.0,335.0,0.0,0.0,0.0,0.0,0.0,0.0,0.0,0.0,0.0,Route Failure,18.0,"{'node_level': {}, 'link_level': {}, 'path_level': {}}","{'node_level': {4: {'cpu': -40}, 7: {'cpu': -19}, 1: {'cpu': -34}, 2: {'cpu': -32}, 5: {'cpu': -43}, 0: {'cpu': -47}, 6: {'cpu': -36}, 3: {'cpu': -31}}, 'link_level': {(0, 1): {'bw': -60}, (0, 4): {'bw': -39}, (0, 7): {'bw': -4}, (1, 2): {'bw': 18}}, 'path_level': {(0, 1): {}, (0, 4): {}, (0, 7): {}, (1, 2): {}}}","{'node_level': {4: {'cpu': 0}, 7: {'cpu': 0}, 1: {'cpu': 0}, 2: {'cpu': 0}, 5: {'cpu': 0}, 0: {'cpu': 0}, 6: {'cpu': 0}, 3: {'cpu': 0}}, 'link_level': {(0, 1): {'bw': 0}, (0, 4): {'bw': 0}, (0, 7): {'bw': 0}, (1, 2): {'bw': 18}}, 'path_level': {(0, 1): {}, (0, 4): {}, (0, 7): {}, (1, 2): {}}}",[],-inf,-inf,True,False,False,0,[],0,0.0,0.002794981002807617,8.0,4.0
95,28,3,2644.0,6811.0,1084285.4460286722,3182409.974859685,0.38819556599618266,0.34071205614433103,16,168,0,2376.734613544786,4568,630,3938,0.13342503438789544,0.13979903888160772,85,219.73461354478582,2157.0,8,12,False,{},{},{},{},0.0,0.0,0.0,0.0,0.0,0.0,0.0,0.0,0.0,0.0,0.0,0.0,0.0,0.0,Leave Event,0.0,"{'node_level': {}, 'link_level': {}, 'path_level': {}}","{'node_level': {}, 'link_level': {}, 'path_level': {}}","{'node_level': {}, 'link_level': {}, 'path_level': {}}",[],-inf,-inf,True,True,False,0,[],0,0.0,,,
96,28,3,2644.0,6811.0,1084285.4460286722,3182409.974859685,0.38819556599618266,0.34071205614433103,16,169,1,2401.0,4568,630,3938,0.13342503438789544,0.13979903888160772,95,79.78844062704222,2401.0,10,18,False,"{9: np.int64(23), 0: np.int64(15), 6: np.int64(24), 8: np.int64(18), 3: np.int64(17), 7: np.int64(30), 5: np.int64(21), 2: np.int64(22), 4: np.int64(29), 1: np.int64(28)}","{(0, 3): [(np.int64(15), 7), (7, 3), (3, 1), (1, 4), (4, 9), (9, np.int64(17))], (0, 5): [(np.int64(15), 7), (7, 3), (3, 1), (1, 0), (0, 2), (2, 6), (6, 13), (13, np.int64(21))], (0, 8): []}","{(9, np.int64(23)): {'cpu': 17}, (0, np.int64(15)): {'cpu': 12}, (6, np.int64(24)): {'cpu': 17}, (8, np.int64(18)): {'cpu': 10}, (3, np.int64(17)): {'cpu': 11}, (7, np.int64(30)): {'cpu': 9}, (5, np.int64(21)): {'cpu': 15}, (2, np.int64(22)): {'cpu': 13}, (4, np.int64(29)): {'cpu': 1}, (1, np.int64(28)): {'cpu': 0}}","{((0, 3), (np.int64(15), 7)): {'bw': 39}, ((0, 3), (7, 3)): {'bw': 39}, ((0, 3), (3, 1)): {'bw': 39}, ((0, 3), (1, 4)): {'bw': 39}, ((0, 3), (4, 9)): {'bw': 39}, ((0, 3), (9, np.int64(17))): {'bw': 39}, ((0, 5), (np.int64(15), 7)): {'bw': 35}, ((0, 5), (7, 3)): {'bw': 35}, ((0, 5), (3, 1)): {'bw': 35}, ((0, 5), (1, 0)): {'bw': 35}, ((0, 5), (0, 2)): {'bw': 35}, ((0, 5), (2, 6)): {'bw': 35}, ((0, 5), (6, 13)): {'bw': 35}, ((0, 5), (13, np.int64(21))): {'bw': 35}}",0.0,0.0,210.0,105.0,534.0,0.0,0.0,0.0,0.0,0.0,0.0,0.0,0.0,0.0,Route Failure,13.0,"{'node_level': {}, 'link_level': {}, 'path_level': {}}","{'node_level': {9: {'cpu': -43}, 0: {'cpu': -23}, 6: {'cpu': -23}, 8: {'cpu': -28}, 3: {'cpu': -44}, 7: {'cpu': -42}, 5: {'cpu': -24}, 2: {'cpu': -23}, 4: {'cpu': -35}, 1: {'cpu': -41}}, 'link_level': {(0, 3): {'bw': -58}, (0, 5): {'bw': -23}, (0, 8): {'bw': 7}}, 'path_level': {(0, 3): {}, (0, 5): {}, (0, 8): {}}}","{'node_level': {9: {'cpu': 0}, 0: {'cpu': 0}, 6: {'cpu': 0}, 8: {'cpu': 0}, 3: {'cpu': 0}, 7: {'cpu': 0}, 5: {'cpu': 0}, 2: {'cpu': 0}, 4: {'cpu': 0}, 1: {'cpu': 0}}, 'link_level': {(0, 3): {'bw': 0}, (0, 5): {'bw': 0}, (0, 8): {'bw': 13}}, 'path_level': {(0, 3): {}, (0, 5): {}, (0, 8): {}}}",[],-inf,-inf,True,False,False,0,[],0,0.0,0.0035021305084228516,10.0,3.0
96,28,3,2644.0,6811.0,1084285.4460286722,3182409.974859685,0.38819556599618266,0.34071205614433103,16,170,0,2410.8806272396346,4568,630,3938,0.13342503438789544,0.13979903888160772,80,382.8806272396345,2028.0,8,12,False,{},{},{},{},0.0,0.0,0.0,0.0,0.0,0.0,0.0,0.0,0.0,0.0,0.0,0.0,0.0,0.0,Leave Event,0.0,"{'node_level': {}, 'link_level': {}, 'path_level': {}}","{'node_level': {}, 'link_level': {}, 'path_level': {}}","{'node_level': {}, 'link_level': {}, 'path_level': {}}",[],-inf,-inf,True,True,False,0,[],0,0.0,,,
97,28,3,2644.0,6811.0,1084285.4460286722,3182409.974859685,0.38819556599618266,0.34071205614433103,16,171,1,2429.0,4568,630,3938,0.13342503438789544,0.13979903888160772,96,484.54158432539793,2429.0,6,9,False,"{5: np.int64(23), 2: np.int64(15), 0: np.int64(24), 4: np.int64(18), 3: np.int64(17), 1: np.int64(30)}","{(0, 1): [(np.int64(24), 8), (8, 3), (3, 1), (1, 0), (0, 2), (2, 6), (6, 14), (14, np.int64(30))], (0, 2): [(np.int64(24), 8), (8, 3), (3, 7), (7, np.int64(15))], (0, 5): [(np.int64(24), 8), (8, 3), (3, 7), (7, np.int64(23))], (1, 5): []}","{(5, np.int64(23)): {'cpu': 11}, (2, np.int64(15)): {'cpu': 13}, (0, np.int64(24)): {'cpu': 13}, (4, np.int64(18)): {'cpu': 11}, (3, np.int64(17)): {'cpu': 7}, (1, np.int64(30)): {'cpu': 6}}","{((0, 1), (np.int64(24), 8)): {'bw': 25}, ((0, 1), (8, 3)): {'bw': 25}, ((0, 1), (3, 1)): {'bw': 25}, ((0, 1), (1, 0)): {'bw': 25}, ((0, 1), (0, 2)): {'bw': 25}, ((0, 1), (2, 6)): {'bw': 25}, ((0, 1), (6, 14)): {'bw': 25}, ((0, 1), (14, np.int64(30))): {'bw': 25}, ((0, 2), (np.int64(24), 8)): {'bw': 48}, ((0, 2), (8, 3)): {'bw': 48}, ((0, 2), (3, 7)): {'bw': 48}, ((0, 2), (7, np.int64(15))): {'bw': 48}, ((0, 5), (np.int64(24), 8)): {'bw': 10}, ((0, 5), (8, 3)): {'bw': 10}, ((0, 5), (3, 7)): {'bw': 10}, ((0, 5), (7, np.int64(23))): {'bw': 10}}",0.0,0.0,122.0,61.0,254.0,0.0,0.0,0.0,0.0,0.0,0.0,0.0,0.0,0.0,Route Failure,1.0,"{'node_level': {}, 'link_level': {}, 'path_level': {}}","{'node_level': {5: {'cpu': -49}, 2: {'cpu': -22}, 0: {'cpu': -27}, 4: {'cpu': -27}, 3: {'cpu': -48}, 1: {'cpu': -45}}, 'link_level': {(0, 1): {'bw': -72}, (0, 2): {'bw': -27}, (0, 5): {'bw': -17}, (1, 5): {'bw': 1}}, 'path_level': {(0, 1): {}, (0, 2): {}, (0, 5): {}, (1, 5): {}}}","{'node_level': {5: {'cpu': 0}, 2: {'cpu': 0}, 0: {'cpu': 0}, 4: {'cpu': 0}, 3: {'cpu': 0}, 1: {'cpu': 0}}, 'link_level': {(0, 1): {'bw': 0}, (0, 2): {'bw': 0}, (0, 5): {'bw': 0}, (1, 5): {'bw': 1}}, 'path_level': {(0, 1): {}, (0, 2): {}, (0, 5): {}, (1, 5): {}}}",[],-inf,-inf,True,False,False,0,[],0,0.0,0.002160787582397461,6.0,4.0
97,28,2,2644.0,6811.0,1084285.4460286722,3182409.974859685,0.38819556599618266,0.34071205614433103,16,172,0,2449.5221264217234,5159,691,4468,0.04951856946354882,0.024027959807776278,75,543.5221264217232,1906.0,4,3,False,{},{},{},{},0.0,0.0,0.0,0.0,0.0,0.0,0.0,0.0,0.0,0.0,0.0,0.0,0.0,0.0,Leave Event,0.0,"{'node_level': {}, 'link_level': {}, 'path_level': {}}","{'node_level': {}, 'link_level': {}, 'path_level': {}}","{'node_level': {}, 'link_level': {}, 'path_level': {}}",[],-inf,-inf,True,True,False,0,[],0,0.0,,,
97,28,2,2644.0,6811.0,1084285.4460286722,3182409.974859685,0.38819556599618266,0.34071205614433103,16,173,0,2452.465490617315,5159,691,4468,0.04951856946354882,0.024027959807776278,5,2308.465490617315,144.0,10,14,False,{},{},{},{},0.0,0.0,0.0,0.0,0.0,0.0,0.0,0.0,0.0,0.0,0.0,0.0,0.0,0.0,Leave Event,0.0,"{'node_level': {}, 'link_level': {}, 'path_level': {}}","{'node_level': {}, 'link_level': {}, 'path_level': {}}","{'node_level': {}, 'link_level': {}, 'path_level': {}}",[],-inf,-inf,True,True,False,0,[],0,0.0,,,
98,28,2,2644.0,6811.0,1084285.4460286722,3182409.974859685,0.38819556599618266,0.34071205614433103,16,174,1,2456.0,5159,691,4468,0.04951856946354882,0.024027959807776278,97,35.73158517797357,2456.0,6,8,False,"{3: np.int64(25), 0: np.int64(17), 1: np.int64(18), 5: np.int64(26), 4: np.int64(23), 2: np.int64(15)}","{(0, 1): [(np.int64(17), 9), (9, 4), (4, 10), (10, np.int64(18))], (0, 2): [(np.int64(17), 9), (9, 4), (4, 1), (1, 3), (3, 7), (7, np.int64(15))], (0, 3): []}","{(3, np.int64(25)): {'cpu': 17}, (0, np.int64(17)): {'cpu': 8}, (1, np.int64(18)): {'cpu': 10}, (5, np.int64(26)): {'cpu': 5}, (4, np.int64(23)): {'cpu': 4}, (2, np.int64(15)): {'cpu': 1}}","{((0, 1), (np.int64(17), 9)): {'bw': 48}, ((0, 1), (9, 4)): {'bw': 48}, ((0, 1), (4, 10)): {'bw': 48}, ((0, 1), (10, np.int64(18))): {'bw': 48}, ((0, 2), (np.int64(17), 9)): {'bw': 42}, ((0, 2), (9, 4)): {'bw': 42}, ((0, 2), (4, 1)): {'bw': 42}, ((0, 2), (1, 3)): {'bw': 42}, ((0, 2), (3, 7)): {'bw': 42}, ((0, 2), (7, np.int64(15))): {'bw': 42}}",0.0,0.0,90.0,45.0,268.0,0.0,0.0,0.0,0.0,0.0,0.0,0.0,0.0,0.0,Route Failure,34.0,"{'node_level': {}, 'link_level': {}, 'path_level': {}}","{'node_level': {3: {'cpu': -33}, 0: {'cpu': -47}, 1: {'cpu': -28}, 5: {'cpu': -28}, 4: {'cpu': -56}, 2: {'cpu': -52}}, 'link_level': {(0, 1): {'bw': -55}, (0, 2): {'bw': -13}, (0, 3): {'bw': 34}}, 'path_level': {(0, 1): {}, (0, 2): {}, (0, 3): {}}}","{'node_level': {3: {'cpu': 0}, 0: {'cpu': 0}, 1: {'cpu': 0}, 5: {'cpu': 0}, 4: {'cpu': 0}, 2: {'cpu': 0}}, 'link_level': {(0, 1): {'bw': 0}, (0, 2): {'bw': 0}, (0, 3): {'bw': 34}}, 'path_level': {(0, 1): {}, (0, 2): {}, (0, 3): {}}}",[],-inf,-inf,True,False,False,0,[],0,0.0,0.002077817916870117,6.0,3.0
98,28,2,2644.0,6811.0,1084285.4460286722,3182409.974859685,0.38819556599618266,0.34071205614433103,16,175,0,2468.5620598022306,5159,691,4468,0.04951856946354882,0.024027959807776278,61,903.5620598022306,1565.0,10,17,False,{},{},{},{},0.0,0.0,0.0,0.0,0.0,0.0,0.0,0.0,0.0,0.0,0.0,0.0,0.0,0.0,Leave Event,0.0,"{'node_level': {}, 'link_level': {}, 'path_level': {}}","{'node_level': {}, 'link_level': {}, 'path_level': {}}","{'node_level': {}, 'link_level': {}, 'path_level': {}}",[],-inf,-inf,True,True,False,0,[],0,0.0,,,
98,28,2,2644.0,6811.0,1084285.4460286722,3182409.974859685,0.38819556599618266,0.34071205614433103,16,176,0,2474.505441334154,5159,691,4468,0.04951856946354882,0.024027959807776278,28,1782.5054413341543,692.0,9,16,False,{},{},{},{},0.0,0.0,0.0,0.0,0.0,0.0,0.0,0.0,0.0,0.0,0.0,0.0,0.0,0.0,Leave Event,0.0,"{'node_level': {}, 'link_level': {}, 'path_level': {}}","{'node_level': {}, 'link_level': {}, 'path_level': {}}","{'node_level': {}, 'link_level': {}, 'path_level': {}}",[],-inf,-inf,True,True,False,0,[],0,0.0,,,
99,29,3,2684.0,6872.0,1130182.6206411696,3252403.166143744,0.39057043073341097,0.3474915509878765,16,177,1,2475.0,5098,672,4426,0.07565337001375516,0.03320227173438184,98,1147.4293653124332,2475.0,2,1,True,"{1: np.int64(25), 0: np.int64(17)}","{(0, 1): [(np.int64(17), 9), (9, 25)]}","{(1, np.int64(25)): {'cpu': 19}, (0, np.int64(17)): {'cpu': 0}}","{((0, 1), (np.int64(17), 9)): {'bw': 21}, ((0, 1), (9, 25)): {'bw': 21}}",61.0,40.0,38.0,19.0,21.0,19.0,21.0,19.0,42.0,21.0,0.6557377049180327,69993.19128405843,45897.17461249733,752.4126985655299,Success,0.0,"{'node_level': {}, 'link_level': {}, 'path_level': {}}","{'node_level': {1: {'cpu': -31}, 0: {'cpu': -55}}, 'link_level': {(0, 1): {'bw': -82}}, 'path_level': {(0, 1): {}}}","{'node_level': {1: {'cpu': 0}, 0: {'cpu': 0}}, 'link_level': {(0, 1): {'bw': 0}}, 'path_level': {(0, 1): {}}}",[],-inf,-inf,True,True,False,0,[],0,0.0,0.0008451938629150391,2.0,1.0
99,29,3,2684.0,6872.0,1130182.6206411696,3252403.166143744,0.39057043073341097,0.3474915509878765,16,178,0,2480.7884406270423,5098,672,4426,0.07565337001375516,0.03320227173438184,95,79.78844062704222,2401.0,10,18,False,{},{},{},{},0.0,0.0,0.0,0.0,0.0,0.0,0.0,0.0,0.0,0.0,0.0,0.0,0.0,0.0,Leave Event,0.0,"{'node_level': {}, 'link_level': {}, 'path_level': {}}","{'node_level': {}, 'link_level': {}, 'path_level': {}}","{'node_level': {}, 'link_level': {}, 'path_level': {}}",[],-inf,-inf,True,True,False,0,[],0,0.0,,,
99,29,3,2684.0,6872.0,1130182.6206411696,3252403.166143744,0.39057043073341097,0.3474915509878765,16,179,0,2491.7315851779736,5098,672,4426,0.07565337001375516,0.03320227173438184,97,35.73158517797357,2456.0,6,8,False,{},{},{},{},0.0,0.0,0.0,0.0,0.0,0.0,0.0,0.0,0.0,0.0,0.0,0.0,0.0,0.0,Leave Event,0.0,"{'node_level': {}, 'link_level': {}, 'path_level': {}}","{'node_level': {}, 'link_level': {}, 'path_level': {}}","{'node_level': {}, 'link_level': {}, 'path_level': {}}",[],-inf,-inf,True,True,False,0,[],0,0.0,,,
100,29,3,2684.0,6872.0,1130182.6206411696,3252403.166143744,0.39057043073341097,0.3474915509878765,16,180,1,2500.0,5098,672,4426,0.07565337001375516,0.03320227173438184,99,767.6541789147016,2500.0,9,20,False,"{1: np.int64(23), 8: np.int64(15), 6: np.int64(16), 5: np.int64(24), 7: np.int64(18), 0: np.int64(26), 2: np.int64(30), 4: np.int64(21), 3: np.int64(22)}","{(0, 1): [(np.int64(26), 10), (10, 4), (4, 1), (1, 3), (3, 7), (7, np.int64(23))], (0, 4): [(np.int64(26), 10), (10, 4), (4, 1), (1, 0), (0, 2), (2, 6), (6, 13), (13, np.int64(21))], (0, 6): [(np.int64(26), 10), (10, 4), (4, 1), (1, 3), (3, 8), (8, np.int64(16))], (0, 7): [(np.int64(26), 10), (10, 18)], (0, 8): [(np.int64(26), 10), (10, 4), (4, 1), (1, 3), (3, 7), (7, np.int64(15))], (1, 2): [(np.int64(23), 7), (7, 3), (3, 1), (1, 0), (0, 2), (2, 6), (6, 14), (14, np.int64(30))], (1, 3): [(np.int64(23), 7), (7, 3), (3, 1), (1, 0), (0, 2), (2, 6), (6, 14), (14, np.int64(22))], (1, 4): []}","{(1, np.int64(23)): {'cpu': 15}, (8, np.int64(15)): {'cpu': 19}, (6, np.int64(16)): {'cpu': 14}, (5, np.int64(24)): {'cpu': 14}, (7, np.int64(18)): {'cpu': 8}, (0, np.int64(26)): {'cpu': 2}, (2, np.int64(30)): {'cpu': 3}, (4, np.int64(21)): {'cpu': 2}, (3, np.int64(22)): {'cpu': 5}}","{((0, 1), (np.int64(26), 10)): {'bw': 0}, ((0, 1), (10, 4)): {'bw': 0}, ((0, 1), (4, 1)): {'bw': 0}, ((0, 1), (1, 3)): {'bw': 0}, ((0, 1), (3, 7)): {'bw': 0}, ((0, 1), (7, np.int64(23))): {'bw': 0}, ((0, 4), (np.int64(26), 10)): {'bw': 17}, ((0, 4), (10, 4)): {'bw': 17}, ((0, 4), (4, 1)): {'bw': 17}, ((0, 4), (1, 0)): {'bw': 17}, ((0, 4), (0, 2)): {'bw': 17}, ((0, 4), (2, 6)): {'bw': 17}, ((0, 4), (6, 13)): {'bw': 17}, ((0, 4), (13, np.int64(21))): {'bw': 17}, ((0, 6), (np.int64(26), 10)): {'bw': 40}, ((0, 6), (10, 4)): {'bw': 40}, ((0, 6), (4, 1)): {'bw': 40}, ((0, 6), (1, 3)): {'bw': 40}, ((0, 6), (3, 8)): {'bw': 40}, ((0, 6), (8, np.int64(16))): {'bw': 40}, ((0, 7), (np.int64(26), 10)): {'bw': 26}, ((0, 7), (10, 18)): {'bw': 26}, ((0, 8), (np.int64(26), 10)): {'bw': 28}, ((0, 8), (10, 4)): {'bw': 28}, ((0, 8), (4, 1)): {'bw': 28}, ((0, 8), (1, 3)): {'bw': 28}, ((0, 8), (3, 7)): {'bw': 28}, ((0, 8), (7, np.int64(15))): {'bw': 28}, ((1, 2), (np.int64(23), 7)): {'bw': 37}, ((1, 2), (7, 3)): {'bw': 37}, ((1, 2), (3, 1)): {'bw': 37}, ((1, 2), (1, 0)): {'bw': 37}, ((1, 2), (0, 2)): {'bw': 37}, ((1, 2), (2, 6)): {'bw': 37}, ((1, 2), (6, 14)): {'bw': 37}, ((1, 2), (14, np.int64(30))): {'bw': 37}, ((1, 3), (np.int64(23), 7)): {'bw': 29}, ((1, 3), (7, 3)): {'bw': 29}, ((1, 3), (3, 1)): {'bw': 29}, ((1, 3), (1, 0)): {'bw': 29}, ((1, 3), (0, 2)): {'bw': 29}, ((1, 3), (2, 6)): {'bw': 29}, ((1, 3), (6, 14)): {'bw': 29}, ((1, 3), (14, np.int64(22))): {'bw': 29}}",0.0,0.0,164.0,82.0,406.0,0.0,0.0,0.0,0.0,0.0,0.0,0.0,0.0,0.0,Route Failure,34.0,"{'node_level': {}, 'link_level': {}, 'path_level': {}}","{'node_level': {1: {'cpu': -45}, 8: {'cpu': -34}, 6: {'cpu': -39}, 5: {'cpu': -26}, 7: {'cpu': -30}, 0: {'cpu': -31}, 2: {'cpu': -48}, 4: {'cpu': -37}, 3: {'cpu': -31}}, 'link_level': {(0, 1): {'bw': -108}, (0, 4): {'bw': -113}, (0, 6): {'bw': -92}, (0, 7): {'bw': -112}, (0, 8): {'bw': -73}, (1, 2): {'bw': -43}, (1, 3): {'bw': -14}, (1, 4): {'bw': 21}}, 'path_level': {(0, 1): {}, (0, 4): {}, (0, 6): {}, (0, 7): {}, (0, 8): {}, (1, 2): {}, (1, 3): {}, (1, 4): {}}}","{'node_level': {1: {'cpu': 0}, 8: {'cpu': 0}, 6: {'cpu': 0}, 5: {'cpu': 0}, 7: {'cpu': 0}, 0: {'cpu': 0}, 2: {'cpu': 0}, 4: {'cpu': 0}, 3: {'cpu': 0}}, 'link_level': {(0, 1): {'bw': 0}, (0, 4): {'bw': 0}, (0, 6): {'bw': 0}, (0, 7): {'bw': 0}, (0, 8): {'bw': 0}, (1, 2): {'bw': 0}, (1, 3): {'bw': 0}, (1, 4): {'bw': 34}}, 'path_level': {(0, 1): {}, (0, 4): {}, (0, 6): {}, (0, 7): {}, (0, 8): {}, (1, 2): {}, (1, 3): {}, (1, 4): {}}}",[],-inf,-inf,True,False,False,0,[],0,0.0,0.003281831741333008,9.0,8.0
100,29,2,2684.0,6872.0,1130182.6206411696,3252403.166143744,0.39057043073341097,0.3474915509878765,16,181,0,2501.8178264328017,5160,690,4470,0.050894085281980694,0.023591087811271283,82,425.81782643280167,2076.0,2,1,False,{},{},{},{},0.0,0.0,0.0,0.0,0.0,0.0,0.0,0.0,0.0,0.0,0.0,0.0,0.0,0.0,Leave Event,0.0,"{'node_level': {}, 'link_level': {}, 'path_level': {}}","{'node_level': {}, 'link_level': {}, 'path_level': {}}","{'node_level': {}, 'link_level': {}, 'path_level': {}}",[],-inf,-inf,True,True,False,0,[],0,0.0,,,
100,29,2,2684.0,6872.0,1130182.6206411696,3252403.166143744,0.39057043073341097,0.3474915509878765,16,182,0,2503.2310746923367,5160,690,4470,0.050894085281980694,0.023591087811271283,79,500.23107469233696,2003.0,8,12,False,{},{},{},{},0.0,0.0,0.0,0.0,0.0,0.0,0.0,0.0,0.0,0.0,0.0,0.0,0.0,0.0,Leave Event,0.0,"{'node_level': {}, 'link_level': {}, 'path_level': {}}","{'node_level': {}, 'link_level': {}, 'path_level': {}}","{'node_level': {}, 'link_level': {}, 'path_level': {}}",[],-inf,-inf,True,True,False,0,[],0,0.0,,,
100,29,1,2684.0,6872.0,1130182.6206411696,3252403.166143744,0.39057043073341097,0.3474915509878765,16,183,0,2521.0745996455075,5244,708,4536,0.02613480055020634,0.00917431192660545,89,261.0745996455074,2260.0,2,1,False,{},{},{},{},0.0,0.0,0.0,0.0,0.0,0.0,0.0,0.0,0.0,0.0,0.0,0.0,0.0,0.0,Leave Event,0.0,"{'node_level': {}, 'link_level': {}, 'path_level': {}}","{'node_level': {}, 'link_level': {}, 'path_level': {}}","{'node_level': {}, 'link_level': {}, 'path_level': {}}",[],-inf,-inf,True,True,False,0,[],0,0.0,,,
101,30,2,2749.0,7065.0,1130308.7257167192,3252777.6012142217,0.389101203113942,0.34749031882622067,16,184,1,2527.0,5051,695,4356,0.044016506189821225,0.04849279161205766,100,1.9400780853765673,2527.0,4,3,True,"{2: np.int64(28), 0: np.int64(20), 1: np.int64(29), 3: np.int64(21)}","{(0, 1): [(np.int64(20), 12), (12, 5), (5, 2), (2, 6), (6, 13), (13, np.int64(29))], (0, 2): [(np.int64(20), 12), (12, 28)], (2, 3): [(np.int64(28), 12), (12, 5), (5, 2), (2, 6), (6, 13), (13, np.int64(21))]}","{(2, np.int64(28)): {'cpu': 3}, (0, np.int64(20)): {'cpu': 2}, (1, np.int64(29)): {'cpu': 7}, (3, np.int64(21)): {'cpu': 1}}","{((0, 1), (np.int64(20), 12)): {'bw': 7}, ((0, 1), (12, 5)): {'bw': 7}, ((0, 1), (5, 2)): {'bw': 7}, ((0, 1), (2, 6)): {'bw': 7}, ((0, 1), (6, 13)): {'bw': 7}, ((0, 1), (13, np.int64(29))): {'bw': 7}, ((0, 2), (np.int64(20), 12)): {'bw': 33}, ((0, 2), (12, 28)): {'bw': 33}, ((2, 3), (np.int64(28), 12)): {'bw': 12}, ((2, 3), (12, 5)): {'bw': 12}, ((2, 3), (5, 2)): {'bw': 12}, ((2, 3), (2, 6)): {'bw': 12}, ((2, 3), (6, 13)): {'bw': 12}, ((2, 3), (13, np.int64(21))): {'bw': 12}}",193.0,65.0,26.0,13.0,52.0,13.0,52.0,13.0,180.0,128.0,0.33678756476683935,374.43507047767747,126.10507554947688,0.6533941738314863,Success,0.0,"{'node_level': {}, 'link_level': {}, 'path_level': {}}","{'node_level': {2: {'cpu': -50}, 0: {'cpu': -46}, 1: {'cpu': -44}, 3: {'cpu': -41}}, 'link_level': {(0, 1): {'bw': -110}, (0, 2): {'bw': -77}, (2, 3): {'bw': -111}}, 'path_level': {(0, 1): {}, (0, 2): {}, (2, 3): {}}}","{'node_level': {2: {'cpu': 0}, 0: {'cpu': 0}, 1: {'cpu': 0}, 3: {'cpu': 0}}, 'link_level': {(0, 1): {'bw': 0}, (0, 2): {'bw': 0}, (2, 3): {'bw': 0}}, 'path_level': {(0, 1): {}, (0, 2): {}, (2, 3): {}}}",[],-inf,-inf,True,True,False,0,[],0,0.0,0.0014281272888183594,4.0,3.0
101,30,1,2749.0,7065.0,1130308.7257167192,3252777.6012142217,0.389101203113942,0.34749031882622067,16,185,0,2528.9400780853766,5244,708,4536,0.02613480055020634,0.00917431192660545,100,1.9400780853765673,2527.0,4,3,False,{},{},{},{},0.0,0.0,0.0,0.0,0.0,0.0,0.0,0.0,0.0,0.0,0.0,0.0,0.0,0.0,Leave Event,0.0,"{'node_level': {}, 'link_level': {}, 'path_level': {}}","{'node_level': {}, 'link_level': {}, 'path_level': {}}","{'node_level': {}, 'link_level': {}, 'path_level': {}}",[],-inf,-inf,True,True,False,0,[],0,0.0,,,
101,30,1,2749.0,7065.0,1130308.7257167192,3252777.6012142217,0.389101203113942,0.34749031882622067,16,186,0,2548.382585161792,5244,708,4536,0.02613480055020634,0.00917431192660545,49,1296.3825851617921,1252.0,4,4,False,{},{},{},{},0.0,0.0,0.0,0.0,0.0,0.0,0.0,0.0,0.0,0.0,0.0,0.0,0.0,0.0,Leave Event,0.0,"{'node_level': {}, 'link_level': {}, 'path_level': {}}","{'node_level': {}, 'link_level': {}, 'path_level': {}}","{'node_level': {}, 'link_level': {}, 'path_level': {}}",[],-inf,-inf,True,True,False,0,[],0,0.0,,,
102,31,2,2894.0,7621.0,1326870.3290293713,4006489.6801234256,0.37974019157590866,0.3311802687554895,16,187,1,2554.0,4688,666,4022,0.08390646492434661,0.12145041502839671,101,1355.5972642251866,2554.0,3,3,True,"{1: np.int64(28), 0: np.int64(20), 2: np.int64(29)}","{(0, 1): [(np.int64(20), 12), (12, 28)], (0, 2): [(np.int64(20), 12), (12, 5), (5, 2), (2, 6), (6, 13), (13, np.int64(29))], (1, 2): [(np.int64(28), 12), (12, 5), (5, 2), (2, 6), (6, 13), (13, np.int64(29))]}","{(1, np.int64(28)): {'cpu': 19}, (0, np.int64(20)): {'cpu': 16}, (2, np.int64(29)): {'cpu': 7}}","{((0, 1), (np.int64(20), 12)): {'bw': 26}, ((0, 1), (12, 28)): {'bw': 26}, ((0, 2), (np.int64(20), 12)): {'bw': 30}, ((0, 2), (12, 5)): {'bw': 30}, ((0, 2), (5, 2)): {'bw': 30}, ((0, 2), (2, 6)): {'bw': 30}, ((0, 2), (6, 13)): {'bw': 30}, ((0, 2), (13, np.int64(29))): {'bw': 30}, ((1, 2), (np.int64(28), 12)): {'bw': 47}, ((1, 2), (12, 5)): {'bw': 47}, ((1, 2), (5, 2)): {'bw': 47}, ((1, 2), (2, 6)): {'bw': 47}, ((1, 2), (6, 13)): {'bw': 47}, ((1, 2), (13, np.int64(29))): {'bw': 47}}",556.0,145.0,84.0,42.0,103.0,42.0,103.0,42.0,514.0,411.0,0.2607913669064748,753712.0789092038,196561.60331265206,353.5280635119641,Success,0.0,"{'node_level': {}, 'link_level': {}, 'path_level': {}}","{'node_level': {1: {'cpu': -34}, 0: {'cpu': -32}, 2: {'cpu': -44}}, 'link_level': {(0, 1): {'bw': -91}, (0, 2): {'bw': -61}, (1, 2): {'bw': -53}}, 'path_level': {(0, 1): {}, (0, 2): {}, (1, 2): {}}}","{'node_level': {1: {'cpu': 0}, 0: {'cpu': 0}, 2: {'cpu': 0}}, 'link_level': {(0, 1): {'bw': 0}, (0, 2): {'bw': 0}, (1, 2): {'bw': 0}}, 'path_level': {(0, 1): {}, (0, 2): {}, (1, 2): {}}}",[],-inf,-inf,True,True,False,0,[],0,0.0,0.001081228256225586,3.0,3.0
102,31,2,2894.0,7621.0,1326870.3290293713,4006489.6801234256,0.37974019157590866,0.3311802687554895,16,188,0,2554.8711807425198,4688,666,4022,0.08390646492434661,0.12145041502839671,73,684.8711807425198,1870.0,7,14,False,{},{},{},{},0.0,0.0,0.0,0.0,0.0,0.0,0.0,0.0,0.0,0.0,0.0,0.0,0.0,0.0,Leave Event,0.0,"{'node_level': {}, 'link_level': {}, 'path_level': {}}","{'node_level': {}, 'link_level': {}, 'path_level': {}}","{'node_level': {}, 'link_level': {}, 'path_level': {}}",[],-inf,-inf,True,True,False,0,[],0,0.0,,,
103,31,2,2894.0,7621.0,1326870.3290293713,4006489.6801234256,0.37974019157590866,0.3311802687554895,16,189,1,2575.0,4688,666,4022,0.08390646492434661,0.12145041502839671,102,122.8966491597611,2575.0,10,24,False,"{7: np.int64(23), 9: np.int64(15), 6: np.int64(16), 2: np.int64(24), 5: np.int64(18), 3: np.int64(26), 1: np.int64(21), 0: np.int64(30), 8: np.int64(22), 4: np.int64(25)}","{(0, 1): [(np.int64(30), 14), (14, 6), (6, 13), (13, np.int64(21))], (0, 2): [(np.int64(30), 14), (14, 6), (6, 2), (2, 0), (0, 1), (1, 3), (3, 8), (8, np.int64(24))], (0, 4): [(np.int64(30), 14), (14, 6), (6, 2), (2, 0), (0, 1), (1, 4), (4, 9), (9, np.int64(25))], (0, 5): []}","{(7, np.int64(23)): {'cpu': 17}, (9, np.int64(15)): {'cpu': 13}, (6, np.int64(16)): {'cpu': 11}, (2, np.int64(24)): {'cpu': 13}, (5, np.int64(18)): {'cpu': 9}, (3, np.int64(26)): {'cpu': 11}, (1, np.int64(21)): {'cpu': 3}, (0, np.int64(30)): {'cpu': 1}, (8, np.int64(22)): {'cpu': 3}, (4, np.int64(25)): {'cpu': 1}}","{((0, 1), (np.int64(30), 14)): {'bw': 41}, ((0, 1), (14, 6)): {'bw': 41}, ((0, 1), (6, 13)): {'bw': 41}, ((0, 1), (13, np.int64(21))): {'bw': 41}, ((0, 2), (np.int64(30), 14)): {'bw': 22}, ((0, 2), (14, 6)): {'bw': 22}, ((0, 2), (6, 2)): {'bw': 22}, ((0, 2), (2, 0)): {'bw': 22}, ((0, 2), (0, 1)): {'bw': 22}, ((0, 2), (1, 3)): {'bw': 22}, ((0, 2), (3, 8)): {'bw': 22}, ((0, 2), (8, np.int64(24))): {'bw': 22}, ((0, 4), (np.int64(30), 14)): {'bw': 30}, ((0, 4), (14, 6)): {'bw': 30}, ((0, 4), (6, 2)): {'bw': 30}, ((0, 4), (2, 0)): {'bw': 30}, ((0, 4), (0, 1)): {'bw': 30}, ((0, 4), (1, 4)): {'bw': 30}, ((0, 4), (4, 9)): {'bw': 30}, ((0, 4), (9, np.int64(25))): {'bw': 30}}",0.0,0.0,164.0,82.0,624.0,0.0,0.0,0.0,0.0,0.0,0.0,0.0,0.0,0.0,Route Failure,30.0,"{'node_level': {}, 'link_level': {}, 'path_level': {}}","{'node_level': {7: {'cpu': -43}, 9: {'cpu': -40}, 6: {'cpu': -42}, 2: {'cpu': -27}, 5: {'cpu': -29}, 3: {'cpu': -22}, 1: {'cpu': -39}, 0: {'cpu': -50}, 8: {'cpu': -33}, 4: {'cpu': -30}}, 'link_level': {(0, 1): {'bw': -22}, (0, 2): {'bw': -31}, (0, 4): {'bw': -1}, (0, 5): {'bw': 30}}, 'path_level': {(0, 1): {}, (0, 2): {}, (0, 4): {}, (0, 5): {}}}","{'node_level': {7: {'cpu': 0}, 9: {'cpu': 0}, 6: {'cpu': 0}, 2: {'cpu': 0}, 5: {'cpu': 0}, 3: {'cpu': 0}, 1: {'cpu': 0}, 0: {'cpu': 0}, 8: {'cpu': 0}, 4: {'cpu': 0}}, 'link_level': {(0, 1): {'bw': 0}, (0, 2): {'bw': 0}, (0, 4): {'bw': 0}, (0, 5): {'bw': 30}}, 'path_level': {(0, 1): {}, (0, 2): {}, (0, 4): {}, (0, 5): {}}}",[],-inf,-inf,True,False,False,0,[],0,0.0,0.003359079360961914,10.0,4.0
104,31,2,2894.0,7621.0,1326870.3290293713,4006489.6801234256,0.37974019157590866,0.3311802687554895,16,190,1,2602.0,4688,666,4022,0.08390646492434661,0.12145041502839671,103,153.8850625113591,2602.0,10,21,False,"{9: np.int64(23), 1: np.int64(15), 5: np.int64(16), 3: np.int64(24), 8: np.int64(18), 2: np.int64(26), 4: np.int64(21), 7: np.int64(30), 0: np.int64(22), 6: np.int64(25)}","{(0, 1): [(np.int64(22), 14), (14, 6), (6, 2), (2, 0), (0, 1), (1, 3), (3, 7), (7, np.int64(15))], (0, 2): []}","{(9, np.int64(23)): {'cpu': 19}, (1, np.int64(15)): {'cpu': 14}, (5, np.int64(16)): {'cpu': 11}, (3, np.int64(24)): {'cpu': 9}, (8, np.int64(18)): {'cpu': 4}, (2, np.int64(26)): {'cpu': 8}, (4, np.int64(21)): {'cpu': 7}, (7, np.int64(30)): {'cpu': 10}, (0, np.int64(22)): {'cpu': 2}, (6, np.int64(25)): {'cpu': 1}}","{((0, 1), (np.int64(22), 14)): {'bw': 45}, ((0, 1), (14, 6)): {'bw': 45}, ((0, 1), (6, 2)): {'bw': 45}, ((0, 1), (2, 0)): {'bw': 45}, ((0, 1), (0, 1)): {'bw': 45}, ((0, 1), (1, 3)): {'bw': 45}, ((0, 1), (3, 7)): {'bw': 45}, ((0, 1), (7, np.int64(15))): {'bw': 45}}",0.0,0.0,170.0,85.0,461.0,0.0,0.0,0.0,0.0,0.0,0.0,0.0,0.0,0.0,Route Failure,8.0,"{'node_level': {}, 'link_level': {}, 'path_level': {}}","{'node_level': {9: {'cpu': -41}, 1: {'cpu': -39}, 5: {'cpu': -42}, 3: {'cpu': -31}, 8: {'cpu': -34}, 2: {'cpu': -25}, 4: {'cpu': -35}, 7: {'cpu': -41}, 0: {'cpu': -34}, 6: {'cpu': -30}}, 'link_level': {(0, 1): {'bw': -8}, (0, 2): {'bw': 8}}, 'path_level': {(0, 1): {}, (0, 2): {}}}","{'node_level': {9: {'cpu': 0}, 1: {'cpu': 0}, 5: {'cpu': 0}, 3: {'cpu': 0}, 8: {'cpu': 0}, 2: {'cpu': 0}, 4: {'cpu': 0}, 7: {'cpu': 0}, 0: {'cpu': 0}, 6: {'cpu': 0}}, 'link_level': {(0, 1): {'bw': 0}, (0, 2): {'bw': 8}}, 'path_level': {(0, 1): {}, (0, 2): {}}}",[],-inf,-inf,True,False,False,0,[],0,0.0,0.003262042999267578,10.0,2.0
105,32,3,3008.0,7834.0,1448395.0263157648,4233548.982948002,0.3839673219300485,0.34212312935309064,16,191,1,2629.0,4475,617,3858,0.15130674002751032,0.15727391874180863,104,1066.0061165473107,2629.0,3,2,True,"{2: np.int64(23), 1: np.int64(15), 0: np.int64(16)}","{(0, 2): [(np.int64(16), 8), (8, 3), (3, 7), (7, np.int64(23))], (1, 2): [(np.int64(15), 7), (7, 23)]}","{(2, np.int64(23)): {'cpu': 19}, (1, np.int64(15)): {'cpu': 12}, (0, np.int64(16)): {'cpu': 18}}","{((0, 2), (np.int64(16), 8)): {'bw': 17}, ((0, 2), (8, 3)): {'bw': 17}, ((0, 2), (3, 7)): {'bw': 17}, ((0, 2), (7, np.int64(23))): {'bw': 17}, ((1, 2), (np.int64(15), 7)): {'bw': 48}, ((1, 2), (7, 23)): {'bw': 48}}",213.0,114.0,98.0,49.0,65.0,49.0,65.0,49.0,164.0,99.0,0.5352112676056338,227059.3028245772,121524.69728639342,570.5384849126451,Success,0.0,"{'node_level': {}, 'link_level': {}, 'path_level': {}}","{'node_level': {2: {'cpu': -41}, 1: {'cpu': -41}, 0: {'cpu': -35}}, 'link_level': {(0, 2): {'bw': -91}, (1, 2): {'bw': -68}}, 'path_level': {(0, 2): {}, (1, 2): {}}}","{'node_level': {2: {'cpu': 0}, 1: {'cpu': 0}, 0: {'cpu': 0}}, 'link_level': {(0, 2): {'bw': 0}, (1, 2): {'bw': 0}}, 'path_level': {(0, 2): {}, (1, 2): {}}}",[],-inf,-inf,True,True,False,0,[],0,0.0,0.0010700225830078125,3.0,2.0
106,32,3,3008.0,7834.0,1448395.0263157648,4233548.982948002,0.3839673219300485,0.34212312935309064,16,192,1,2649.0,4475,617,3858,0.15130674002751032,0.15727391874180863,105,1582.1908836211958,2649.0,5,7,False,"{0: np.int64(21), 1: np.int64(29), 2: np.int64(30), 4: np.int64(22), 3: np.int64(18)}","{(0, 1): [(np.int64(21), 13), (13, 29)], (0, 2): [(np.int64(21), 13), (13, 6), (6, 14), (14, np.int64(30))], (0, 3): []}","{(0, np.int64(21)): {'cpu': 9}, (1, np.int64(29)): {'cpu': 7}, (2, np.int64(30)): {'cpu': 5}, (4, np.int64(22)): {'cpu': 19}, (3, np.int64(18)): {'cpu': 7}}","{((0, 1), (np.int64(21), 13)): {'bw': 28}, ((0, 1), (13, 29)): {'bw': 28}, ((0, 2), (np.int64(21), 13)): {'bw': 44}, ((0, 2), (13, 6)): {'bw': 44}, ((0, 2), (6, 14)): {'bw': 44}, ((0, 2), (14, np.int64(30))): {'bw': 44}}",0.0,0.0,94.0,47.0,192.0,0.0,0.0,0.0,0.0,0.0,0.0,0.0,0.0,0.0,Route Failure,26.0,"{'node_level': {}, 'link_level': {}, 'path_level': {}}","{'node_level': {0: {'cpu': -33}, 1: {'cpu': -37}, 2: {'cpu': -46}, 4: {'cpu': -17}, 3: {'cpu': -31}}, 'link_level': {(0, 1): {'bw': -68}, (0, 2): {'bw': -19}, (0, 3): {'bw': 26}}, 'path_level': {(0, 1): {}, (0, 2): {}, (0, 3): {}}}","{'node_level': {0: {'cpu': 0}, 1: {'cpu': 0}, 2: {'cpu': 0}, 4: {'cpu': 0}, 3: {'cpu': 0}}, 'link_level': {(0, 1): {'bw': 0}, (0, 2): {'bw': 0}, (0, 3): {'bw': 26}}, 'path_level': {(0, 1): {}, (0, 2): {}, (0, 3): {}}}",[],-inf,-inf,True,False,False,0,[],0,0.0,0.0017788410186767578,5.0,3.0
107,33,4,3111.0,8094.0,1462598.2883328707,4269401.877360115,0.3843587842846553,0.3425768597912442,16,193,1,2677.0,4215,589,3626,0.18982118294360384,0.20795107033639149,106,137.89574773889225,2677.0,3,3,True,"{1: np.int64(21), 0: np.int64(29), 2: np.int64(30)}","{(0, 1): [(np.int64(29), 13), (13, 21)], (0, 2): [(np.int64(29), 13), (13, 6), (6, 14), (14, np.int64(30))], (1, 2): [(np.int64(21), 13), (13, 6), (6, 14), (14, np.int64(30))]}","{(1, np.int64(21)): {'cpu': 10}, (0, np.int64(29)): {'cpu': 15}, (2, np.int64(30)): {'cpu': 3}}","{((0, 1), (np.int64(29), 13)): {'bw': 34}, ((0, 1), (13, 21)): {'bw': 34}, ((0, 2), (np.int64(29), 13)): {'bw': 6}, ((0, 2), (13, 6)): {'bw': 6}, ((0, 2), (6, 14)): {'bw': 6}, ((0, 2), (14, np.int64(30))): {'bw': 6}, ((1, 2), (np.int64(21), 13)): {'bw': 35}, ((1, 2), (13, 6)): {'bw': 35}, ((1, 2), (6, 14)): {'bw': 35}, ((1, 2), (14, np.int64(30))): {'bw': 35}}",260.0,103.0,56.0,28.0,75.0,28.0,75.0,28.0,232.0,157.0,0.39615384615384613,35852.894412111986,14203.262017105902,54.627930835022696,Success,0.0,"{'node_level': {}, 'link_level': {}, 'path_level': {}}","{'node_level': {1: {'cpu': -32}, 0: {'cpu': -29}, 2: {'cpu': -48}}, 'link_level': {(0, 1): {'bw': -62}, (0, 2): {'bw': -56}, (1, 2): {'bw': -22}}, 'path_level': {(0, 1): {}, (0, 2): {}, (1, 2): {}}}","{'node_level': {1: {'cpu': 0}, 0: {'cpu': 0}, 2: {'cpu': 0}}, 'link_level': {(0, 1): {'bw': 0}, (0, 2): {'bw': 0}, (1, 2): {'bw': 0}}, 'path_level': {(0, 1): {}, (0, 2): {}, (1, 2): {}}}",[],-inf,-inf,True,True,False,0,[],0,0.0,0.001050710678100586,3.0,3.0
107,33,4,3111.0,8094.0,1462598.2883328707,4269401.877360115,0.3843587842846553,0.3425768597912442,16,194,0,2697.896649159761,4215,589,3626,0.18982118294360384,0.20795107033639149,102,122.8966491597611,2575.0,10,24,False,{},{},{},{},0.0,0.0,0.0,0.0,0.0,0.0,0.0,0.0,0.0,0.0,0.0,0.0,0.0,0.0,Leave Event,0.0,"{'node_level': {}, 'link_level': {}, 'path_level': {}}","{'node_level': {}, 'link_level': {}, 'path_level': {}}","{'node_level': {}, 'link_level': {}, 'path_level': {}}",[],-inf,-inf,True,True,False,0,[],0,0.0,,,
108,33,4,3111.0,8094.0,1462598.2883328707,4269401.877360115,0.3843587842846553,0.3425768597912442,16,195,1,2702.0,4215,589,3626,0.18982118294360384,0.20795107033639149,107,337.5909301387496,2702.0,5,7,False,"{4: np.int64(18), 1: np.int64(26), 2: np.int64(25), 3: np.int64(17), 0: np.int64(24)}","{(0, 1): [(np.int64(24), 8), (8, 3), (3, 1), (1, 4), (4, 10), (10, np.int64(26))], (0, 2): [(np.int64(24), 8), (8, 3), (3, 1), (1, 4), (4, 9), (9, np.int64(25))], (1, 3): [(np.int64(26), 10), (10, 4), (4, 9), (9, np.int64(17))], (1, 4): [(np.int64(26), 10), (10, 18)], (2, 3): [(np.int64(25), 9), (9, 17)], (2, 4): [(np.int64(25), 9), (9, 4), (4, 10), (10, np.int64(18))], (3, 4): []}","{(4, np.int64(18)): {'cpu': 18}, (1, np.int64(26)): {'cpu': 15}, (2, np.int64(25)): {'cpu': 12}, (3, np.int64(17)): {'cpu': 6}, (0, np.int64(24)): {'cpu': 6}}","{((0, 1), (np.int64(24), 8)): {'bw': 46}, ((0, 1), (8, 3)): {'bw': 46}, ((0, 1), (3, 1)): {'bw': 46}, ((0, 1), (1, 4)): {'bw': 46}, ((0, 1), (4, 10)): {'bw': 46}, ((0, 1), (10, np.int64(26))): {'bw': 46}, ((0, 2), (np.int64(24), 8)): {'bw': 23}, ((0, 2), (8, 3)): {'bw': 23}, ((0, 2), (3, 1)): {'bw': 23}, ((0, 2), (1, 4)): {'bw': 23}, ((0, 2), (4, 9)): {'bw': 23}, ((0, 2), (9, np.int64(25))): {'bw': 23}, ((1, 3), (np.int64(26), 10)): {'bw': 38}, ((1, 3), (10, 4)): {'bw': 38}, ((1, 3), (4, 9)): {'bw': 38}, ((1, 3), (9, np.int64(17))): {'bw': 38}, ((1, 4), (np.int64(26), 10)): {'bw': 1}, ((1, 4), (10, 18)): {'bw': 1}, ((2, 3), (np.int64(25), 9)): {'bw': 21}, ((2, 3), (9, 17)): {'bw': 21}, ((2, 4), (np.int64(25), 9)): {'bw': 46}, ((2, 4), (9, 4)): {'bw': 46}, ((2, 4), (4, 10)): {'bw': 46}, ((2, 4), (10, np.int64(18))): {'bw': 46}}",0.0,0.0,114.0,57.0,206.0,0.0,0.0,0.0,0.0,0.0,0.0,0.0,0.0,0.0,Route Failure,11.0,"{'node_level': {}, 'link_level': {}, 'path_level': {}}","{'node_level': {4: {'cpu': -20}, 1: {'cpu': -18}, 2: {'cpu': -19}, 3: {'cpu': -49}, 0: {'cpu': -34}}, 'link_level': {(0, 1): {'bw': -82}, (0, 2): {'bw': -59}, (1, 3): {'bw': -44}, (1, 4): {'bw': -110}, (2, 3): {'bw': -23}, (2, 4): {'bw': -28}, (3, 4): {'bw': 8}}, 'path_level': {(0, 1): {}, (0, 2): {}, (1, 3): {}, (1, 4): {}, (2, 3): {}, (2, 4): {}, (3, 4): {}}}","{'node_level': {4: {'cpu': 0}, 1: {'cpu': 0}, 2: {'cpu': 0}, 3: {'cpu': 0}, 0: {'cpu': 0}}, 'link_level': {(0, 1): {'bw': 0}, (0, 2): {'bw': 0}, (1, 3): {'bw': 0}, (1, 4): {'bw': 0}, (2, 3): {'bw': 0}, (2, 4): {'bw': 0}, (3, 4): {'bw': 11}}, 'path_level': {(0, 1): {}, (0, 2): {}, (1, 3): {}, (1, 4): {}, (2, 3): {}, (2, 4): {}, (3, 4): {}}}",[],-inf,-inf,True,False,False,0,[],0,0.0,0.001895904541015625,5.0,7.0
109,33,4,3111.0,8094.0,1462598.2883328707,4269401.877360115,0.3843587842846553,0.3425768597912442,16,196,1,2728.0,4215,589,3626,0.18982118294360384,0.20795107033639149,108,674.7693311242354,2728.0,8,13,False,"{6: np.int64(18), 3: np.int64(26), 2: np.int64(25), 4: np.int64(17), 1: np.int64(24), 0: np.int64(16), 7: np.int64(15), 5: np.int64(22)}","{(0, 2): [(np.int64(16), 8), (8, 3), (3, 1), (1, 4), (4, 9), (9, np.int64(25))], (0, 3): [(np.int64(16), 8), (8, 3), (3, 1), (1, 4), (4, 10), (10, np.int64(26))], (0, 4): [(np.int64(16), 8), (8, 3), (3, 1), (1, 4), (4, 9), (9, np.int64(17))], (0, 6): [(np.int64(16), 8), (8, 3), (3, 1), (1, 4), (4, 10), (10, np.int64(18))], (1, 5): [(np.int64(24), 8), (8, 3), (3, 1), (1, 0), (0, 2), (2, 6), (6, 14), (14, np.int64(22))], (1, 6): []}","{(6, np.int64(18)): {'cpu': 14}, (3, np.int64(26)): {'cpu': 10}, (2, np.int64(25)): {'cpu': 11}, (4, np.int64(17)): {'cpu': 5}, (1, np.int64(24)): {'cpu': 8}, (0, np.int64(16)): {'cpu': 2}, (7, np.int64(15)): {'cpu': 2}, (5, np.int64(22)): {'cpu': 1}}","{((0, 2), (np.int64(16), 8)): {'bw': 19}, ((0, 2), (8, 3)): {'bw': 19}, ((0, 2), (3, 1)): {'bw': 19}, ((0, 2), (1, 4)): {'bw': 19}, ((0, 2), (4, 9)): {'bw': 19}, ((0, 2), (9, np.int64(25))): {'bw': 19}, ((0, 3), (np.int64(16), 8)): {'bw': 1}, ((0, 3), (8, 3)): {'bw': 1}, ((0, 3), (3, 1)): {'bw': 1}, ((0, 3), (1, 4)): {'bw': 1}, ((0, 3), (4, 10)): {'bw': 1}, ((0, 3), (10, np.int64(26))): {'bw': 1}, ((0, 4), (np.int64(16), 8)): {'bw': 44}, ((0, 4), (8, 3)): {'bw': 44}, ((0, 4), (3, 1)): {'bw': 44}, ((0, 4), (1, 4)): {'bw': 44}, ((0, 4), (4, 9)): {'bw': 44}, ((0, 4), (9, np.int64(17))): {'bw': 44}, ((0, 6), (np.int64(16), 8)): {'bw': 38}, ((0, 6), (8, 3)): {'bw': 38}, ((0, 6), (3, 1)): {'bw': 38}, ((0, 6), (1, 4)): {'bw': 38}, ((0, 6), (4, 10)): {'bw': 38}, ((0, 6), (10, np.int64(18))): {'bw': 38}, ((1, 5), (np.int64(24), 8)): {'bw': 30}, ((1, 5), (8, 3)): {'bw': 30}, ((1, 5), (3, 1)): {'bw': 30}, ((1, 5), (1, 0)): {'bw': 30}, ((1, 5), (0, 2)): {'bw': 30}, ((1, 5), (2, 6)): {'bw': 30}, ((1, 5), (6, 14)): {'bw': 30}, ((1, 5), (14, np.int64(22))): {'bw': 30}}",0.0,0.0,106.0,53.0,337.0,0.0,0.0,0.0,0.0,0.0,0.0,0.0,0.0,0.0,Route Failure,42.0,"{'node_level': {}, 'link_level': {}, 'path_level': {}}","{'node_level': {6: {'cpu': -24}, 3: {'cpu': -23}, 2: {'cpu': -20}, 4: {'cpu': -50}, 1: {'cpu': -32}, 0: {'cpu': -33}, 7: {'cpu': -39}, 5: {'cpu': -35}}, 'link_level': {(0, 2): {'bw': -96}, (0, 3): {'bw': -95}, (0, 4): {'bw': -38}, (0, 6): {'bw': -13}, (1, 5): {'bw': 0}, (1, 6): {'bw': 33}}, 'path_level': {(0, 2): {}, (0, 3): {}, (0, 4): {}, (0, 6): {}, (1, 5): {}, (1, 6): {}}}","{'node_level': {6: {'cpu': 0}, 3: {'cpu': 0}, 2: {'cpu': 0}, 4: {'cpu': 0}, 1: {'cpu': 0}, 0: {'cpu': 0}, 7: {'cpu': 0}, 5: {'cpu': 0}}, 'link_level': {(0, 2): {'bw': 0}, (0, 3): {'bw': 0}, (0, 4): {'bw': 0}, (0, 6): {'bw': 0}, (1, 5): {'bw': 0}, (1, 6): {'bw': 42}}, 'path_level': {(0, 2): {}, (0, 3): {}, (0, 4): {}, (0, 6): {}, (1, 5): {}, (1, 6): {}}}",[],-inf,-inf,True,False,False,0,[],0,0.0,0.0028760433197021484,8.0,6.0
110,33,4,3111.0,8094.0,1462598.2883328707,4269401.877360115,0.3843587842846553,0.3425768597912442,16,197,1,2749.0,4215,589,3626,0.18982118294360384,0.20795107033639149,109,351.59916874238695,2749.0,9,22,False,"{3: np.int64(18), 4: np.int64(26), 0: np.int64(25), 7: np.int64(17), 5: np.int64(24), 8: np.int64(16), 2: np.int64(15), 1: np.int64(22), 6: np.int64(30)}","{(0, 1): [(np.int64(25), 9), (9, 4), (4, 1), (1, 0), (0, 2), (2, 6), (6, 14), (14, np.int64(22))], (0, 2): [(np.int64(25), 9), (9, 4), (4, 1), (1, 3), (3, 7), (7, np.int64(15))], (0, 3): [(np.int64(25), 9), (9, 4), (4, 10), (10, np.int64(18))], (0, 4): [(np.int64(25), 9), (9, 4), (4, 10), (10, np.int64(26))], (0, 7): [(np.int64(25), 9), (9, 17)], (0, 8): [(np.int64(25), 9), (9, 4), (4, 1), (1, 3), (3, 8), (8, np.int64(16))], (1, 2): [(np.int64(22), 14), (14, 6), (6, 2), (2, 0), (0, 1), (1, 3), (3, 7), (7, np.int64(15))], (1, 4): [(np.int64(22), 14), (14, 6), (6, 2), (2, 0), (0, 1), (1, 4), (4, 10), (10, np.int64(26))], (1, 6): [(np.int64(22), 14), (14, 30)], (1, 7): [(np.int64(22), 14), (14, 6), (6, 2), (2, 0), (0, 1), (1, 4), (4, 9), (9, np.int64(17))], (2, 3): [(np.int64(15), 7), (7, 3), (3, 1), (1, 4), (4, 10), (10, np.int64(18))], (2, 4): [(np.int64(15), 7), (7, 3), (3, 1), (1, 4), (4, 10), (10, np.int64(26))], (3, 4): [(np.int64(18), 10), (10, 26)], (3, 5): []}","{(3, np.int64(18)): {'cpu': 14}, (4, np.int64(26)): {'cpu': 12}, (0, np.int64(25)): {'cpu': 11}, (7, np.int64(17)): {'cpu': 14}, (5, np.int64(24)): {'cpu': 12}, (8, np.int64(16)): {'cpu': 16}, (2, np.int64(15)): {'cpu': 10}, (1, np.int64(22)): {'cpu': 7}, (6, np.int64(30)): {'cpu': 0}}","{((0, 1), (np.int64(25), 9)): {'bw': 4}, ((0, 1), (9, 4)): {'bw': 4}, ((0, 1), (4, 1)): {'bw': 4}, ((0, 1), (1, 0)): {'bw': 4}, ((0, 1), (0, 2)): {'bw': 4}, ((0, 1), (2, 6)): {'bw': 4}, ((0, 1), (6, 14)): {'bw': 4}, ((0, 1), (14, np.int64(22))): {'bw': 4}, ((0, 2), (np.int64(25), 9)): {'bw': 3}, ((0, 2), (9, 4)): {'bw': 3}, ((0, 2), (4, 1)): {'bw': 3}, ((0, 2), (1, 3)): {'bw': 3}, ((0, 2), (3, 7)): {'bw': 3}, ((0, 2), (7, np.int64(15))): {'bw': 3}, ((0, 3), (np.int64(25), 9)): {'bw': 49}, ((0, 3), (9, 4)): {'bw': 49}, ((0, 3), (4, 10)): {'bw': 49}, ((0, 3), (10, np.int64(18))): {'bw': 49}, ((0, 4), (np.int64(25), 9)): {'bw': 38}, ((0, 4), (9, 4)): {'bw': 38}, ((0, 4), (4, 10)): {'bw': 38}, ((0, 4), (10, np.int64(26))): {'bw': 38}, ((0, 7), (np.int64(25), 9)): {'bw': 1}, ((0, 7), (9, 17)): {'bw': 1}, ((0, 8), (np.int64(25), 9)): {'bw': 40}, ((0, 8), (9, 4)): {'bw': 40}, ((0, 8), (4, 1)): {'bw': 40}, ((0, 8), (1, 3)): {'bw': 40}, ((0, 8), (3, 8)): {'bw': 40}, ((0, 8), (8, np.int64(16))): {'bw': 40}, ((1, 2), (np.int64(22), 14)): {'bw': 19}, ((1, 2), (14, 6)): {'bw': 19}, ((1, 2), (6, 2)): {'bw': 19}, ((1, 2), (2, 0)): {'bw': 19}, ((1, 2), (0, 1)): {'bw': 19}, ((1, 2), (1, 3)): {'bw': 19}, ((1, 2), (3, 7)): {'bw': 19}, ((1, 2), (7, np.int64(15))): {'bw': 19}, ((1, 4), (np.int64(22), 14)): {'bw': 1}, ((1, 4), (14, 6)): {'bw': 1}, ((1, 4), (6, 2)): {'bw': 1}, ((1, 4), (2, 0)): {'bw': 1}, ((1, 4), (0, 1)): {'bw': 1}, ((1, 4), (1, 4)): {'bw': 1}, ((1, 4), (4, 10)): {'bw': 1}, ((1, 4), (10, np.int64(26))): {'bw': 1}, ((1, 6), (np.int64(22), 14)): {'bw': 10}, ((1, 6), (14, 30)): {'bw': 10}, ((1, 7), (np.int64(22), 14)): {'bw': 19}, ((1, 7), (14, 6)): {'bw': 19}, ((1, 7), (6, 2)): {'bw': 19}, ((1, 7), (2, 0)): {'bw': 19}, ((1, 7), (0, 1)): {'bw': 19}, ((1, 7), (1, 4)): {'bw': 19}, ((1, 7), (4, 9)): {'bw': 19}, ((1, 7), (9, np.int64(17))): {'bw': 19}, ((2, 3), (np.int64(15), 7)): {'bw': 24}, ((2, 3), (7, 3)): {'bw': 24}, ((2, 3), (3, 1)): {'bw': 24}, ((2, 3), (1, 4)): {'bw': 24}, ((2, 3), (4, 10)): {'bw': 24}, ((2, 3), (10, np.int64(18))): {'bw': 24}, ((2, 4), (np.int64(15), 7)): {'bw': 44}, ((2, 4), (7, 3)): {'bw': 44}, ((2, 4), (3, 1)): {'bw': 44}, ((2, 4), (1, 4)): {'bw': 44}, ((2, 4), (4, 10)): {'bw': 44}, ((2, 4), (10, np.int64(26))): {'bw': 44}, ((3, 4), (np.int64(18), 10)): {'bw': 38}, ((3, 4), (10, 26)): {'bw': 38}}",0.0,0.0,192.0,96.0,467.0,0.0,0.0,0.0,0.0,0.0,0.0,0.0,0.0,0.0,Route Failure,52.0,"{'node_level': {}, 'link_level': {}, 'path_level': {}}","{'node_level': {3: {'cpu': -24}, 4: {'cpu': -21}, 0: {'cpu': -20}, 7: {'cpu': -41}, 5: {'cpu': -28}, 8: {'cpu': -19}, 2: {'cpu': -31}, 1: {'cpu': -29}, 6: {'cpu': -48}}, 'link_level': {(0, 1): {'bw': -49}, (0, 2): {'bw': -88}, (0, 3): {'bw': -102}, (0, 4): {'bw': -64}, (0, 7): {'bw': -63}, (0, 8): {'bw': -23}, (1, 2): {'bw': -30}, (1, 4): {'bw': -29}, (1, 6): {'bw': -97}, (1, 7): {'bw': -10}, (2, 3): {'bw': -45}, (2, 4): {'bw': -1}, (3, 4): {'bw': -74}, (3, 5): {'bw': 35}}, 'path_level': {(0, 1): {}, (0, 2): {}, (0, 3): {}, (0, 4): {}, (0, 7): {}, (0, 8): {}, (1, 2): {}, (1, 4): {}, (1, 6): {}, (1, 7): {}, (2, 3): {}, (2, 4): {}, (3, 4): {}, (3, 5): {}}}","{'node_level': {3: {'cpu': 0}, 4: {'cpu': 0}, 0: {'cpu': 0}, 7: {'cpu': 0}, 5: {'cpu': 0}, 8: {'cpu': 0}, 2: {'cpu': 0}, 1: {'cpu': 0}, 6: {'cpu': 0}}, 'link_level': {(0, 1): {'bw': 0}, (0, 2): {'bw': 0}, (0, 3): {'bw': 0}, (0, 4): {'bw': 0}, (0, 7): {'bw': 0}, (0, 8): {'bw': 0}, (1, 2): {'bw': 0}, (1, 4): {'bw': 0}, (1, 6): {'bw': 0}, (1, 7): {'bw': 0}, (2, 3): {'bw': 0}, (2, 4): {'bw': 0}, (3, 4): {'bw': 0}, (3, 5): {'bw': 52}}, 'path_level': {(0, 1): {}, (0, 2): {}, (0, 3): {}, (0, 4): {}, (0, 7): {}, (0, 8): {}, (1, 2): {}, (1, 4): {}, (1, 6): {}, (1, 7): {}, (2, 3): {}, (2, 4): {}, (3, 4): {}, (3, 5): {}}}",[],-inf,-inf,True,False,False,0,[],0,0.0,0.0036749839782714844,9.0,14.0
110,33,4,3111.0,8094.0,1462598.2883328707,4269401.877360115,0.3843587842846553,0.3425768597912442,16,198,0,2755.885062511359,4215,589,3626,0.18982118294360384,0.20795107033639149,103,153.8850625113591,2602.0,10,21,False,{},{},{},{},0.0,0.0,0.0,0.0,0.0,0.0,0.0,0.0,0.0,0.0,0.0,0.0,0.0,0.0,Leave Event,0.0,"{'node_level': {}, 'link_level': {}, 'path_level': {}}","{'node_level': {}, 'link_level': {}, 'path_level': {}}","{'node_level': {}, 'link_level': {}, 'path_level': {}}",[],-inf,-inf,True,True,False,0,[],0,0.0,,,
110,33,4,3111.0,8094.0,1462598.2883328707,4269401.877360115,0.3843587842846553,0.3425768597912442,16,199,0,2775.7934563751933,4215,589,3626,0.18982118294360384,0.20795107033639149,92,453.7934563751934,2322.0,7,12,False,{},{},{},{},0.0,0.0,0.0,0.0,0.0,0.0,0.0,0.0,0.0,0.0,0.0,0.0,0.0,0.0,Leave Event,0.0,"{'node_level': {}, 'link_level': {}, 'path_level': {}}","{'node_level': {}, 'link_level': {}, 'path_level': {}}","{'node_level': {}, 'link_level': {}, 'path_level': {}}",[],-inf,-inf,True,True,False,0,[],0,0.0,,,
111,34,5,3418.0,9222.0,1467758.6946947698,4288362.588683315,0.3706354369984819,0.342265530104213,16,200,1,2777.0,3087,517,2570,0.2888583218707015,0.43861948449104415,110,16.809141243971325,2777.0,6,8,True,"{3: np.int64(18), 1: np.int64(26), 2: np.int64(25), 4: np.int64(17), 5: np.int64(24), 0: np.int64(16)}","{(0, 2): [(np.int64(16), 8), (8, 3), (3, 1), (1, 4), (4, 9), (9, np.int64(25))], (0, 3): [(np.int64(16), 8), (8, 3), (3, 1), (1, 4), (4, 10), (10, np.int64(18))], (0, 5): [(np.int64(16), 8), (8, 24)], (1, 2): [(np.int64(26), 10), (10, 4), (4, 9), (9, np.int64(25))], (1, 3): [(np.int64(26), 10), (10, 18)], (3, 4): [(np.int64(18), 10), (10, 4), (4, 9), (9, np.int64(17))], (3, 5): [(np.int64(18), 10), (10, 4), (4, 1), (1, 3), (3, 8), (8, np.int64(24))], (4, 5): [(np.int64(17), 9), (9, 4), (4, 1), (1, 3), (3, 8), (8, np.int64(24))]}","{(3, np.int64(18)): {'cpu': 14}, (1, np.int64(26)): {'cpu': 20}, (2, np.int64(25)): {'cpu': 16}, (4, np.int64(17)): {'cpu': 18}, (5, np.int64(24)): {'cpu': 3}, (0, np.int64(16)): {'cpu': 1}}","{((0, 2), (np.int64(16), 8)): {'bw': 18}, ((0, 2), (8, 3)): {'bw': 18}, ((0, 2), (3, 1)): {'bw': 18}, ((0, 2), (1, 4)): {'bw': 18}, ((0, 2), (4, 9)): {'bw': 18}, ((0, 2), (9, np.int64(25))): {'bw': 18}, ((0, 3), (np.int64(16), 8)): {'bw': 41}, ((0, 3), (8, 3)): {'bw': 41}, ((0, 3), (3, 1)): {'bw': 41}, ((0, 3), (1, 4)): {'bw': 41}, ((0, 3), (4, 10)): {'bw': 41}, ((0, 3), (10, np.int64(18))): {'bw': 41}, ((0, 5), (np.int64(16), 8)): {'bw': 35}, ((0, 5), (8, 24)): {'bw': 35}, ((1, 2), (np.int64(26), 10)): {'bw': 31}, ((1, 2), (10, 4)): {'bw': 31}, ((1, 2), (4, 9)): {'bw': 31}, ((1, 2), (9, np.int64(25))): {'bw': 31}, ((1, 3), (np.int64(26), 10)): {'bw': 26}, ((1, 3), (10, 18)): {'bw': 26}, ((3, 4), (np.int64(18), 10)): {'bw': 24}, ((3, 4), (10, 4)): {'bw': 24}, ((3, 4), (4, 9)): {'bw': 24}, ((3, 4), (9, np.int64(17))): {'bw': 24}, ((3, 5), (np.int64(18), 10)): {'bw': 41}, ((3, 5), (10, 4)): {'bw': 41}, ((3, 5), (4, 1)): {'bw': 41}, ((3, 5), (1, 3)): {'bw': 41}, ((3, 5), (3, 8)): {'bw': 41}, ((3, 5), (8, np.int64(24))): {'bw': 41}, ((4, 5), (np.int64(17), 9)): {'bw': 19}, ((4, 5), (9, 4)): {'bw': 19}, ((4, 5), (4, 1)): {'bw': 19}, ((4, 5), (1, 3)): {'bw': 19}, ((4, 5), (3, 8)): {'bw': 19}, ((4, 5), (8, np.int64(24))): {'bw': 19}}",1128.0,307.0,144.0,72.0,235.0,72.0,235.0,72.0,1056.0,821.0,0.2721631205673759,18960.711323199655,5160.406361899197,4.574828335017019,Success,0.0,"{'node_level': {}, 'link_level': {}, 'path_level': {}}","{'node_level': {3: {'cpu': -24}, 1: {'cpu': -13}, 2: {'cpu': -15}, 4: {'cpu': -37}, 5: {'cpu': -37}, 0: {'cpu': -34}}, 'link_level': {(0, 2): {'bw': -97}, (0, 3): {'bw': -56}, (0, 5): {'bw': -21}, (1, 2): {'bw': -86}, (1, 3): {'bw': -131}, (3, 4): {'bw': -58}, (3, 5): {'bw': -21}, (4, 5): {'bw': -13}}, 'path_level': {(0, 2): {}, (0, 3): {}, (0, 5): {}, (1, 2): {}, (1, 3): {}, (3, 4): {}, (3, 5): {}, (4, 5): {}}}","{'node_level': {3: {'cpu': 0}, 1: {'cpu': 0}, 2: {'cpu': 0}, 4: {'cpu': 0}, 5: {'cpu': 0}, 0: {'cpu': 0}}, 'link_level': {(0, 2): {'bw': 0}, (0, 3): {'bw': 0}, (0, 5): {'bw': 0}, (1, 2): {'bw': 0}, (1, 3): {'bw': 0}, (3, 4): {'bw': 0}, (3, 5): {'bw': 0}, (4, 5): {'bw': 0}}, 'path_level': {(0, 2): {}, (0, 3): {}, (0, 5): {}, (1, 2): {}, (1, 3): {}, (3, 4): {}, (3, 5): {}, (4, 5): {}}}",[],-inf,-inf,True,True,False,0,[],0,0.0,0.002257823944091797,6.0,8.0
111,34,5,3418.0,9222.0,1467758.6946947698,4288362.588683315,0.3706354369984819,0.342265530104213,16,201,0,2790.9072729582685,3087,517,2570,0.2888583218707015,0.43861948449104415,69,1017.9072729582688,1773.0,10,17,False,{},{},{},{},0.0,0.0,0.0,0.0,0.0,0.0,0.0,0.0,0.0,0.0,0.0,0.0,0.0,0.0,Leave Event,0.0,"{'node_level': {}, 'link_level': {}, 'path_level': {}}","{'node_level': {}, 'link_level': {}, 'path_level': {}}","{'node_level': {}, 'link_level': {}, 'path_level': {}}",[],-inf,-inf,True,True,False,0,[],0,0.0,,,
111,34,4,3418.0,9222.0,1467758.6946947698,4288362.588683315,0.3706354369984819,0.342265530104213,16,202,0,2793.809141243971,4215,589,3626,0.18982118294360384,0.20795107033639149,110,16.809141243971325,2777.0,6,8,False,{},{},{},{},0.0,0.0,0.0,0.0,0.0,0.0,0.0,0.0,0.0,0.0,0.0,0.0,0.0,0.0,Leave Event,0.0,"{'node_level': {}, 'link_level': {}, 'path_level': {}}","{'node_level': {}, 'link_level': {}, 'path_level': {}}","{'node_level': {}, 'link_level': {}, 'path_level': {}}",[],-inf,-inf,True,True,False,0,[],0,0.0,,,
112,35,5,3456.0,9277.0,1472164.5177958014,4294739.437908492,0.37253422442599976,0.34278319769562904,16,203,1,2812.0,4160,568,3592,0.21870701513067403,0.21537789427697684,111,115.94271318504339,2812.0,2,1,True,"{1: np.int64(18), 0: np.int64(26)}","{(0, 1): [(np.int64(26), 10), (10, 18)]}","{(1, np.int64(18)): {'cpu': 12}, (0, np.int64(26)): {'cpu': 9}}","{((0, 1), (np.int64(26), 10)): {'bw': 17}, ((0, 1), (10, 18)): {'bw': 17}}",55.0,38.0,42.0,21.0,17.0,21.0,17.0,21.0,34.0,17.0,0.6909090909090909,6376.849225177386,4405.823101031649,80.1058745642118,Success,0.0,"{'node_level': {}, 'link_level': {}, 'path_level': {}}","{'node_level': {1: {'cpu': -26}, 0: {'cpu': -24}}, 'link_level': {(0, 1): {'bw': -178}}, 'path_level': {(0, 1): {}}}","{'node_level': {1: {'cpu': 0}, 0: {'cpu': 0}}, 'link_level': {(0, 1): {'bw': 0}}, 'path_level': {(0, 1): {}}}",[],-inf,-inf,True,True,False,0,[],0,0.0,0.0006411075592041016,2.0,1.0
112,35,4,3456.0,9277.0,1472164.5177958014,4294739.437908492,0.37253422442599976,0.34278319769562904,16,204,0,2814.895747738892,4420,596,3824,0.18019257221458052,0.1647007426823941,106,137.89574773889225,2677.0,3,3,False,{},{},{},{},0.0,0.0,0.0,0.0,0.0,0.0,0.0,0.0,0.0,0.0,0.0,0.0,0.0,0.0,Leave Event,0.0,"{'node_level': {}, 'link_level': {}, 'path_level': {}}","{'node_level': {}, 'link_level': {}, 'path_level': {}}","{'node_level': {}, 'link_level': {}, 'path_level': {}}",[],-inf,-inf,True,True,False,0,[],0,0.0,,,
113,35,4,3456.0,9277.0,1472164.5177958014,4294739.437908492,0.37253422442599976,0.34278319769562904,16,205,1,2827.0,4420,596,3824,0.18019257221458052,0.1647007426823941,112,919.5963277737009,2827.0,9,19,False,"{5: np.int64(21), 1: np.int64(29), 2: np.int64(30), 4: np.int64(22), 0: np.int64(19), 3: np.int64(27), 6: np.int64(28), 8: np.int64(24), 7: np.int64(25)}","{(0, 2): [(np.int64(19), 11), (11, 5), (5, 2), (2, 6), (6, 14), (14, np.int64(30))], (0, 5): [(np.int64(19), 11), (11, 5), (5, 2), (2, 6), (6, 13), (13, np.int64(21))], (0, 6): [(np.int64(19), 11), (11, 5), (5, 12), (12, np.int64(28))], (0, 7): [(np.int64(19), 11), (11, 5), (5, 2), (2, 0), (0, 1), (1, 4), (4, 9), (9, np.int64(25))], (1, 3): []}","{(5, np.int64(21)): {'cpu': 16}, (1, np.int64(29)): {'cpu': 17}, (2, np.int64(30)): {'cpu': 20}, (4, np.int64(22)): {'cpu': 19}, (0, np.int64(19)): {'cpu': 13}, (3, np.int64(27)): {'cpu': 11}, (6, np.int64(28)): {'cpu': 2}, (8, np.int64(24)): {'cpu': 2}, (7, np.int64(25)): {'cpu': 0}}","{((0, 2), (np.int64(19), 11)): {'bw': 16}, ((0, 2), (11, 5)): {'bw': 16}, ((0, 2), (5, 2)): {'bw': 16}, ((0, 2), (2, 6)): {'bw': 16}, ((0, 2), (6, 14)): {'bw': 16}, ((0, 2), (14, np.int64(30))): {'bw': 16}, ((0, 5), (np.int64(19), 11)): {'bw': 36}, ((0, 5), (11, 5)): {'bw': 36}, ((0, 5), (5, 2)): {'bw': 36}, ((0, 5), (2, 6)): {'bw': 36}, ((0, 5), (6, 13)): {'bw': 36}, ((0, 5), (13, np.int64(21))): {'bw': 36}, ((0, 6), (np.int64(19), 11)): {'bw': 10}, ((0, 6), (11, 5)): {'bw': 10}, ((0, 6), (5, 12)): {'bw': 10}, ((0, 6), (12, np.int64(28))): {'bw': 10}, ((0, 7), (np.int64(19), 11)): {'bw': 15}, ((0, 7), (11, 5)): {'bw': 15}, ((0, 7), (5, 2)): {'bw': 15}, ((0, 7), (2, 0)): {'bw': 15}, ((0, 7), (0, 1)): {'bw': 15}, ((0, 7), (1, 4)): {'bw': 15}, ((0, 7), (4, 9)): {'bw': 15}, ((0, 7), (9, np.int64(25))): {'bw': 15}}",0.0,0.0,200.0,100.0,479.0,0.0,0.0,0.0,0.0,0.0,0.0,0.0,0.0,0.0,Route Failure,49.0,"{'node_level': {}, 'link_level': {}, 'path_level': {}}","{'node_level': {5: {'cpu': -26}, 1: {'cpu': -27}, 2: {'cpu': -31}, 4: {'cpu': -17}, 0: {'cpu': -21}, 3: {'cpu': -19}, 6: {'cpu': -32}, 8: {'cpu': -38}, 7: {'cpu': -31}}, 'link_level': {(0, 2): {'bw': -37}, (0, 5): {'bw': -1}, (0, 6): {'bw': -45}, (0, 7): {'bw': -2}, (1, 3): {'bw': 25}}, 'path_level': {(0, 2): {}, (0, 5): {}, (0, 6): {}, (0, 7): {}, (1, 3): {}}}","{'node_level': {5: {'cpu': 0}, 1: {'cpu': 0}, 2: {'cpu': 0}, 4: {'cpu': 0}, 0: {'cpu': 0}, 3: {'cpu': 0}, 6: {'cpu': 0}, 8: {'cpu': 0}, 7: {'cpu': 0}}, 'link_level': {(0, 2): {'bw': 0}, (0, 5): {'bw': 0}, (0, 6): {'bw': 0}, (0, 7): {'bw': 0}, (1, 3): {'bw': 49}}, 'path_level': {(0, 2): {}, (0, 5): {}, (0, 6): {}, (0, 7): {}, (1, 3): {}}}",[],-inf,-inf,True,False,False,0,[],0,0.0,0.003351926803588867,9.0,5.0
113,35,4,3456.0,9277.0,1472164.5177958014,4294739.437908492,0.37253422442599976,0.34278319769562904,16,206,0,2829.923148034806,4420,596,3824,0.18019257221458052,0.1647007426823941,19,2336.923148034806,493.0,7,12,False,{},{},{},{},0.0,0.0,0.0,0.0,0.0,0.0,0.0,0.0,0.0,0.0,0.0,0.0,0.0,0.0,Leave Event,0.0,"{'node_level': {}, 'link_level': {}, 'path_level': {}}","{'node_level': {}, 'link_level': {}, 'path_level': {}}","{'node_level': {}, 'link_level': {}, 'path_level': {}}",[],-inf,-inf,True,True,False,0,[],0,0.0,,,
114,35,4,3456.0,9277.0,1472164.5177958014,4294739.437908492,0.37253422442599976,0.34278319769562904,16,207,1,2846.0,4420,596,3824,0.18019257221458052,0.1647007426823941,113,936.0280335191845,2846.0,5,7,False,"{2: np.int64(21), 0: np.int64(29), 4: np.int64(30), 1: np.int64(22), 3: np.int64(19)}","{(0, 1): [(np.int64(29), 13), (13, 6), (6, 14), (14, np.int64(22))], (0, 2): [(np.int64(29), 13), (13, 21)], (0, 3): [(np.int64(29), 13), (13, 6), (6, 2), (2, 5), (5, 11), (11, np.int64(19))], (1, 2): [(np.int64(22), 14), (14, 6), (6, 13), (13, np.int64(21))], (1, 4): [(np.int64(22), 14), (14, 30)], (2, 3): []}","{(2, np.int64(21)): {'cpu': 14}, (0, np.int64(29)): {'cpu': 14}, (4, np.int64(30)): {'cpu': 10}, (1, np.int64(22)): {'cpu': 9}, (3, np.int64(19)): {'cpu': 5}}","{((0, 1), (np.int64(29), 13)): {'bw': 3}, ((0, 1), (13, 6)): {'bw': 3}, ((0, 1), (6, 14)): {'bw': 3}, ((0, 1), (14, np.int64(22))): {'bw': 3}, ((0, 2), (np.int64(29), 13)): {'bw': 23}, ((0, 2), (13, 21)): {'bw': 23}, ((0, 3), (np.int64(29), 13)): {'bw': 38}, ((0, 3), (13, 6)): {'bw': 38}, ((0, 3), (6, 2)): {'bw': 38}, ((0, 3), (2, 5)): {'bw': 38}, ((0, 3), (5, 11)): {'bw': 38}, ((0, 3), (11, np.int64(19))): {'bw': 38}, ((1, 2), (np.int64(22), 14)): {'bw': 5}, ((1, 2), (14, 6)): {'bw': 5}, ((1, 2), (6, 13)): {'bw': 5}, ((1, 2), (13, np.int64(21))): {'bw': 5}, ((1, 4), (np.int64(22), 14)): {'bw': 40}, ((1, 4), (14, 30)): {'bw': 40}}",0.0,0.0,104.0,52.0,164.0,0.0,0.0,0.0,0.0,0.0,0.0,0.0,0.0,0.0,Route Failure,22.0,"{'node_level': {}, 'link_level': {}, 'path_level': {}}","{'node_level': {2: {'cpu': -28}, 0: {'cpu': -30}, 4: {'cpu': -41}, 1: {'cpu': -27}, 3: {'cpu': -29}}, 'link_level': {(0, 1): {'bw': -60}, (0, 2): {'bw': -70}, (0, 3): {'bw': -15}, (1, 2): {'bw': -17}, (1, 4): {'bw': -108}, (2, 3): {'bw': 12}}, 'path_level': {(0, 1): {}, (0, 2): {}, (0, 3): {}, (1, 2): {}, (1, 4): {}, (2, 3): {}}}","{'node_level': {2: {'cpu': 0}, 0: {'cpu': 0}, 4: {'cpu': 0}, 1: {'cpu': 0}, 3: {'cpu': 0}}, 'link_level': {(0, 1): {'bw': 0}, (0, 2): {'bw': 0}, (0, 3): {'bw': 0}, (1, 2): {'bw': 0}, (1, 4): {'bw': 0}, (2, 3): {'bw': 22}}, 'path_level': {(0, 1): {}, (0, 2): {}, (0, 3): {}, (1, 2): {}, (1, 4): {}, (2, 3): {}}}",[],-inf,-inf,True,False,False,0,[],0,0.0,0.001850128173828125,5.0,6.0
115,35,4,3456.0,9277.0,1472164.5177958014,4294739.437908492,0.37253422442599976,0.34278319769562904,16,208,1,2879.0,4420,596,3824,0.18019257221458052,0.1647007426823941,114,1844.0390672449375,2879.0,9,14,False,"{7: np.int64(21), 3: np.int64(29), 6: np.int64(30), 8: np.int64(22), 4: np.int64(19), 0: np.int64(27), 5: np.int64(28), 1: np.int64(24), 2: np.int64(25)}","{(0, 6): [(np.int64(27), 11), (11, 5), (5, 2), (2, 6), (6, 14), (14, np.int64(30))], (1, 5): [(np.int64(24), 8), (8, 3), (3, 1), (1, 0), (0, 2), (2, 5), (5, 12), (12, np.int64(28))], (1, 8): [(np.int64(24), 8), (8, 3), (3, 1), (1, 0), (0, 2), (2, 6), (6, 14), (14, np.int64(22))], (2, 3): [(np.int64(25), 9), (9, 4), (4, 1), (1, 0), (0, 2), (2, 6), (6, 13), (13, np.int64(29))], (2, 4): []}","{(7, np.int64(21)): {'cpu': 20}, (3, np.int64(29)): {'cpu': 16}, (6, np.int64(30)): {'cpu': 14}, (8, np.int64(22)): {'cpu': 12}, (4, np.int64(19)): {'cpu': 7}, (0, np.int64(27)): {'cpu': 7}, (5, np.int64(28)): {'cpu': 1}, (1, np.int64(24)): {'cpu': 5}, (2, np.int64(25)): {'cpu': 2}}","{((0, 6), (np.int64(27), 11)): {'bw': 32}, ((0, 6), (11, 5)): {'bw': 32}, ((0, 6), (5, 2)): {'bw': 32}, ((0, 6), (2, 6)): {'bw': 32}, ((0, 6), (6, 14)): {'bw': 32}, ((0, 6), (14, np.int64(30))): {'bw': 32}, ((1, 5), (np.int64(24), 8)): {'bw': 29}, ((1, 5), (8, 3)): {'bw': 29}, ((1, 5), (3, 1)): {'bw': 29}, ((1, 5), (1, 0)): {'bw': 29}, ((1, 5), (0, 2)): {'bw': 29}, ((1, 5), (2, 5)): {'bw': 29}, ((1, 5), (5, 12)): {'bw': 29}, ((1, 5), (12, np.int64(28))): {'bw': 29}, ((1, 8), (np.int64(24), 8)): {'bw': 1}, ((1, 8), (8, 3)): {'bw': 1}, ((1, 8), (3, 1)): {'bw': 1}, ((1, 8), (1, 0)): {'bw': 1}, ((1, 8), (0, 2)): {'bw': 1}, ((1, 8), (2, 6)): {'bw': 1}, ((1, 8), (6, 14)): {'bw': 1}, ((1, 8), (14, np.int64(22))): {'bw': 1}, ((2, 3), (np.int64(25), 9)): {'bw': 10}, ((2, 3), (9, 4)): {'bw': 10}, ((2, 3), (4, 1)): {'bw': 10}, ((2, 3), (1, 0)): {'bw': 10}, ((2, 3), (0, 2)): {'bw': 10}, ((2, 3), (2, 6)): {'bw': 10}, ((2, 3), (6, 13)): {'bw': 10}, ((2, 3), (13, np.int64(29))): {'bw': 10}}",0.0,0.0,168.0,84.0,381.0,0.0,0.0,0.0,0.0,0.0,0.0,0.0,0.0,0.0,Route Failure,31.0,"{'node_level': {}, 'link_level': {}, 'path_level': {}}","{'node_level': {7: {'cpu': -22}, 3: {'cpu': -28}, 6: {'cpu': -37}, 8: {'cpu': -24}, 4: {'cpu': -27}, 0: {'cpu': -23}, 5: {'cpu': -33}, 1: {'cpu': -35}, 2: {'cpu': -29}}, 'link_level': {(0, 6): {'bw': -21}, (1, 5): {'bw': -8}, (1, 8): {'bw': -20}, (2, 3): {'bw': -10}, (2, 4): {'bw': 31}}, 'path_level': {(0, 6): {}, (1, 5): {}, (1, 8): {}, (2, 3): {}, (2, 4): {}}}","{'node_level': {7: {'cpu': 0}, 3: {'cpu': 0}, 6: {'cpu': 0}, 8: {'cpu': 0}, 4: {'cpu': 0}, 0: {'cpu': 0}, 5: {'cpu': 0}, 1: {'cpu': 0}, 2: {'cpu': 0}}, 'link_level': {(0, 6): {'bw': 0}, (1, 5): {'bw': 0}, (1, 8): {'bw': 0}, (2, 3): {'bw': 0}, (2, 4): {'bw': 31}}, 'path_level': {(0, 6): {}, (1, 5): {}, (1, 8): {}, (2, 3): {}, (2, 4): {}}}",[],-inf,-inf,True,False,False,0,[],0,0.0,0.003136873245239258,9.0,5.0
116,35,4,3456.0,9277.0,1472164.5177958014,4294739.437908492,0.37253422442599976,0.34278319769562904,16,209,1,2908.0,4420,596,3824,0.18019257221458052,0.1647007426823941,115,123.05620875722191,2908.0,8,15,False,"{6: np.int64(21), 1: np.int64(29), 4: np.int64(30), 3: np.int64(22), 5: np.int64(19), 2: np.int64(27), 7: np.int64(28), 0: np.int64(24)}","{(0, 2): [(np.int64(24), 8), (8, 3), (3, 1), (1, 0), (0, 2), (2, 5), (5, 11), (11, np.int64(27))], (0, 5): [(np.int64(24), 8), (8, 3), (3, 1), (1, 0), (0, 2), (2, 5), (5, 11), (11, np.int64(19))], (0, 6): [(np.int64(24), 8), (8, 3), (3, 1), (1, 0), (0, 2), (2, 6), (6, 13), (13, np.int64(21))], (1, 3): []}","{(6, np.int64(21)): {'cpu': 20}, (1, np.int64(29)): {'cpu': 19}, (4, np.int64(30)): {'cpu': 19}, (3, np.int64(22)): {'cpu': 17}, (5, np.int64(19)): {'cpu': 16}, (2, np.int64(27)): {'cpu': 14}, (7, np.int64(28)): {'cpu': 10}, (0, np.int64(24)): {'cpu': 0}}","{((0, 2), (np.int64(24), 8)): {'bw': 32}, ((0, 2), (8, 3)): {'bw': 32}, ((0, 2), (3, 1)): {'bw': 32}, ((0, 2), (1, 0)): {'bw': 32}, ((0, 2), (0, 2)): {'bw': 32}, ((0, 2), (2, 5)): {'bw': 32}, ((0, 2), (5, 11)): {'bw': 32}, ((0, 2), (11, np.int64(27))): {'bw': 32}, ((0, 5), (np.int64(24), 8)): {'bw': 27}, ((0, 5), (8, 3)): {'bw': 27}, ((0, 5), (3, 1)): {'bw': 27}, ((0, 5), (1, 0)): {'bw': 27}, ((0, 5), (0, 2)): {'bw': 27}, ((0, 5), (2, 5)): {'bw': 27}, ((0, 5), (5, 11)): {'bw': 27}, ((0, 5), (11, np.int64(19))): {'bw': 27}, ((0, 6), (np.int64(24), 8)): {'bw': 39}, ((0, 6), (8, 3)): {'bw': 39}, ((0, 6), (3, 1)): {'bw': 39}, ((0, 6), (1, 0)): {'bw': 39}, ((0, 6), (0, 2)): {'bw': 39}, ((0, 6), (2, 6)): {'bw': 39}, ((0, 6), (6, 13)): {'bw': 39}, ((0, 6), (13, np.int64(21))): {'bw': 39}}",0.0,0.0,230.0,115.0,438.0,0.0,0.0,0.0,0.0,0.0,0.0,0.0,0.0,0.0,Route Failure,22.0,"{'node_level': {}, 'link_level': {}, 'path_level': {}}","{'node_level': {6: {'cpu': -22}, 1: {'cpu': -25}, 4: {'cpu': -32}, 3: {'cpu': -19}, 5: {'cpu': -18}, 2: {'cpu': -16}, 7: {'cpu': -24}, 0: {'cpu': -40}}, 'link_level': {(0, 2): {'bw': -37}, (0, 5): {'bw': -10}, (0, 6): {'bw': -14}, (1, 3): {'bw': 22}}, 'path_level': {(0, 2): {}, (0, 5): {}, (0, 6): {}, (1, 3): {}}}","{'node_level': {6: {'cpu': 0}, 1: {'cpu': 0}, 4: {'cpu': 0}, 3: {'cpu': 0}, 5: {'cpu': 0}, 2: {'cpu': 0}, 7: {'cpu': 0}, 0: {'cpu': 0}}, 'link_level': {(0, 2): {'bw': 0}, (0, 5): {'bw': 0}, (0, 6): {'bw': 0}, (1, 3): {'bw': 22}}, 'path_level': {(0, 2): {}, (0, 5): {}, (0, 6): {}, (1, 3): {}}}",[],-inf,-inf,True,False,False,0,[],0,0.0,0.0030138492584228516,8.0,4.0
116,35,4,3456.0,9277.0,1472164.5177958014,4294739.437908492,0.37253422442599976,0.34278319769562904,16,210,0,2913.5415843253977,4420,596,3824,0.18019257221458052,0.1647007426823941,96,484.54158432539793,2429.0,6,9,False,{},{},{},{},0.0,0.0,0.0,0.0,0.0,0.0,0.0,0.0,0.0,0.0,0.0,0.0,0.0,0.0,Leave Event,0.0,"{'node_level': {}, 'link_level': {}, 'path_level': {}}","{'node_level': {}, 'link_level': {}, 'path_level': {}}","{'node_level': {}, 'link_level': {}, 'path_level': {}}",[],-inf,-inf,True,True,False,0,[],0,0.0,,,
116,35,4,3456.0,9277.0,1472164.5177958014,4294739.437908492,0.37253422442599976,0.34278319769562904,16,211,0,2920.195766409921,4420,596,3824,0.18019257221458052,0.1647007426823941,94,547.1957664099208,2373.0,8,14,False,{},{},{},{},0.0,0.0,0.0,0.0,0.0,0.0,0.0,0.0,0.0,0.0,0.0,0.0,0.0,0.0,Leave Event,0.0,"{'node_level': {}, 'link_level': {}, 'path_level': {}}","{'node_level': {}, 'link_level': {}, 'path_level': {}}","{'node_level': {}, 'link_level': {}, 'path_level': {}}",[],-inf,-inf,True,True,False,0,[],0,0.0,,,
116,35,4,3456.0,9277.0,1472164.5177958014,4294739.437908492,0.37253422442599976,0.34278319769562904,16,212,0,2923.9766323048348,4420,596,3824,0.18019257221458052,0.1647007426823941,84,799.9766323048347,2124.0,7,10,False,{},{},{},{},0.0,0.0,0.0,0.0,0.0,0.0,0.0,0.0,0.0,0.0,0.0,0.0,0.0,0.0,Leave Event,0.0,"{'node_level': {}, 'link_level': {}, 'path_level': {}}","{'node_level': {}, 'link_level': {}, 'path_level': {}}","{'node_level': {}, 'link_level': {}, 'path_level': {}}",[],-inf,-inf,True,True,False,0,[],0,0.0,,,
116,35,3,3456.0,9277.0,1472164.5177958014,4294739.437908492,0.37253422442599976,0.34278319769562904,16,213,0,2927.9427131850434,4475,617,3858,0.15130674002751032,0.15727391874180863,111,115.94271318504339,2812.0,2,1,False,{},{},{},{},0.0,0.0,0.0,0.0,0.0,0.0,0.0,0.0,0.0,0.0,0.0,0.0,0.0,0.0,Leave Event,0.0,"{'node_level': {}, 'link_level': {}, 'path_level': {}}","{'node_level': {}, 'link_level': {}, 'path_level': {}}","{'node_level': {}, 'link_level': {}, 'path_level': {}}",[],-inf,-inf,True,True,False,0,[],0,0.0,,,
117,35,3,3456.0,9277.0,1472164.5177958014,4294739.437908492,0.37253422442599976,0.34278319769562904,16,214,1,2928.0,4475,617,3858,0.15130674002751032,0.15727391874180863,116,1682.3641440148501,2928.0,8,12,False,"{0: np.int64(21), 3: np.int64(29), 6: np.int64(30), 4: np.int64(22), 1: np.int64(18), 5: np.int64(26), 7: np.int64(19), 2: np.int64(27)}","{(0, 3): [(np.int64(21), 13), (13, 29)], (0, 5): [(np.int64(21), 13), (13, 6), (6, 2), (2, 0), (0, 1), (1, 4), (4, 10), (10, np.int64(26))], (0, 6): []}","{(0, np.int64(21)): {'cpu': 13}, (3, np.int64(29)): {'cpu': 13}, (6, np.int64(30)): {'cpu': 14}, (4, np.int64(22)): {'cpu': 20}, (1, np.int64(18)): {'cpu': 20}, (5, np.int64(26)): {'cpu': 16}, (7, np.int64(19)): {'cpu': 8}, (2, np.int64(27)): {'cpu': 0}}","{((0, 3), (np.int64(21), 13)): {'bw': 25}, ((0, 3), (13, 29)): {'bw': 25}, ((0, 5), (np.int64(21), 13)): {'bw': 39}, ((0, 5), (13, 6)): {'bw': 39}, ((0, 5), (6, 2)): {'bw': 39}, ((0, 5), (2, 0)): {'bw': 39}, ((0, 5), (0, 1)): {'bw': 39}, ((0, 5), (1, 4)): {'bw': 39}, ((0, 5), (4, 10)): {'bw': 39}, ((0, 5), (10, np.int64(26))): {'bw': 39}}",0.0,0.0,208.0,104.0,271.0,0.0,0.0,0.0,0.0,0.0,0.0,0.0,0.0,0.0,Route Failure,22.0,"{'node_level': {}, 'link_level': {}, 'path_level': {}}","{'node_level': {0: {'cpu': -29}, 3: {'cpu': -31}, 6: {'cpu': -37}, 4: {'cpu': -16}, 1: {'cpu': -18}, 5: {'cpu': -17}, 7: {'cpu': -26}, 2: {'cpu': -30}}, 'link_level': {(0, 3): {'bw': -71}, (0, 5): {'bw': -14}, (0, 6): {'bw': 22}}, 'path_level': {(0, 3): {}, (0, 5): {}, (0, 6): {}}}","{'node_level': {0: {'cpu': 0}, 3: {'cpu': 0}, 6: {'cpu': 0}, 4: {'cpu': 0}, 1: {'cpu': 0}, 5: {'cpu': 0}, 7: {'cpu': 0}, 2: {'cpu': 0}}, 'link_level': {(0, 3): {'bw': 0}, (0, 5): {'bw': 0}, (0, 6): {'bw': 22}}, 'path_level': {(0, 3): {}, (0, 5): {}, (0, 6): {}}}",[],-inf,-inf,True,False,False,0,[],0,0.0,0.002937793731689453,8.0,3.0
118,35,3,3456.0,9277.0,1472164.5177958014,4294739.437908492,0.37253422442599976,0.34278319769562904,16,215,1,2956.0,4475,617,3858,0.15130674002751032,0.15727391874180863,117,417.9087198355353,2956.0,5,10,False,"{2: np.int64(21), 1: np.int64(29), 0: np.int64(30), 3: np.int64(22), 4: np.int64(18)}","{(0, 1): [(np.int64(30), 14), (14, 6), (6, 13), (13, np.int64(29))], (0, 2): [(np.int64(30), 14), (14, 6), (6, 13), (13, np.int64(21))], (0, 3): [(np.int64(30), 14), (14, 22)], (0, 4): [(np.int64(30), 14), (14, 6), (6, 2), (2, 0), (0, 1), (1, 4), (4, 10), (10, np.int64(18))], (1, 2): [(np.int64(29), 13), (13, 21)], (1, 3): [(np.int64(29), 13), (13, 6), (6, 14), (14, np.int64(22))], (1, 4): []}","{(2, np.int64(21)): {'cpu': 19}, (1, np.int64(29)): {'cpu': 14}, (0, np.int64(30)): {'cpu': 5}, (3, np.int64(22)): {'cpu': 7}, (4, np.int64(18)): {'cpu': 2}}","{((0, 1), (np.int64(30), 14)): {'bw': 19}, ((0, 1), (14, 6)): {'bw': 19}, ((0, 1), (6, 13)): {'bw': 19}, ((0, 1), (13, np.int64(29))): {'bw': 19}, ((0, 2), (np.int64(30), 14)): {'bw': 31}, ((0, 2), (14, 6)): {'bw': 31}, ((0, 2), (6, 13)): {'bw': 31}, ((0, 2), (13, np.int64(21))): {'bw': 31}, ((0, 3), (np.int64(30), 14)): {'bw': 21}, ((0, 3), (14, 22)): {'bw': 21}, ((0, 4), (np.int64(30), 14)): {'bw': 28}, ((0, 4), (14, 6)): {'bw': 28}, ((0, 4), (6, 2)): {'bw': 28}, ((0, 4), (2, 0)): {'bw': 28}, ((0, 4), (0, 1)): {'bw': 28}, ((0, 4), (1, 4)): {'bw': 28}, ((0, 4), (4, 10)): {'bw': 28}, ((0, 4), (10, np.int64(18))): {'bw': 28}, ((1, 2), (np.int64(29), 13)): {'bw': 0}, ((1, 2), (13, 21)): {'bw': 0}, ((1, 3), (np.int64(29), 13)): {'bw': 11}, ((1, 3), (13, 6)): {'bw': 11}, ((1, 3), (6, 14)): {'bw': 11}, ((1, 3), (14, np.int64(22))): {'bw': 11}}",0.0,0.0,94.0,47.0,203.0,0.0,0.0,0.0,0.0,0.0,0.0,0.0,0.0,0.0,Route Failure,65.0,"{'node_level': {}, 'link_level': {}, 'path_level': {}}","{'node_level': {2: {'cpu': -23}, 1: {'cpu': -30}, 0: {'cpu': -46}, 3: {'cpu': -29}, 4: {'cpu': -36}}, 'link_level': {(0, 1): {'bw': -44}, (0, 2): {'bw': -13}, (0, 3): {'bw': -77}, (0, 4): {'bw': -25}, (1, 2): {'bw': -77}, (1, 3): {'bw': -2}, (1, 4): {'bw': 44}}, 'path_level': {(0, 1): {}, (0, 2): {}, (0, 3): {}, (0, 4): {}, (1, 2): {}, (1, 3): {}, (1, 4): {}}}","{'node_level': {2: {'cpu': 0}, 1: {'cpu': 0}, 0: {'cpu': 0}, 3: {'cpu': 0}, 4: {'cpu': 0}}, 'link_level': {(0, 1): {'bw': 0}, (0, 2): {'bw': 0}, (0, 3): {'bw': 0}, (0, 4): {'bw': 0}, (1, 2): {'bw': 0}, (1, 3): {'bw': 0}, (1, 4): {'bw': 65}}, 'path_level': {(0, 1): {}, (0, 2): {}, (0, 3): {}, (0, 4): {}, (1, 2): {}, (1, 3): {}, (1, 4): {}}}",[],-inf,-inf,True,False,False,0,[],0,0.0,0.0019011497497558594,5.0,7.0
118,35,3,3456.0,9277.0,1472164.5177958014,4294739.437908492,0.37253422442599976,0.34278319769562904,16,216,0,2963.065571136145,4475,617,3858,0.15130674002751032,0.15727391874180863,91,655.0655711361453,2308.0,9,22,False,{},{},{},{},0.0,0.0,0.0,0.0,0.0,0.0,0.0,0.0,0.0,0.0,0.0,0.0,0.0,0.0,Leave Event,0.0,"{'node_level': {}, 'link_level': {}, 'path_level': {}}","{'node_level': {}, 'link_level': {}, 'path_level': {}}","{'node_level': {}, 'link_level': {}, 'path_level': {}}",[],-inf,-inf,True,True,False,0,[],0,0.0,,,
119,35,3,3456.0,9277.0,1472164.5177958014,4294739.437908492,0.37253422442599976,0.34278319769562904,16,217,1,2983.0,4475,617,3858,0.15130674002751032,0.15727391874180863,118,1410.741400943662,2983.0,4,4,False,"{3: np.int64(21), 0: np.int64(29), 1: np.int64(30), 2: np.int64(22)}","{(0, 1): [(np.int64(29), 13), (13, 6), (6, 14), (14, np.int64(30))], (0, 2): [(np.int64(29), 13), (13, 6), (6, 14), (14, np.int64(22))], (0, 3): [(np.int64(29), 13), (13, 21)], (2, 3): []}","{(3, np.int64(21)): {'cpu': 20}, (0, np.int64(29)): {'cpu': 7}, (1, np.int64(30)): {'cpu': 10}, (2, np.int64(22)): {'cpu': 4}}","{((0, 1), (np.int64(29), 13)): {'bw': 41}, ((0, 1), (13, 6)): {'bw': 41}, ((0, 1), (6, 14)): {'bw': 41}, ((0, 1), (14, np.int64(30))): {'bw': 41}, ((0, 2), (np.int64(29), 13)): {'bw': 3}, ((0, 2), (13, 6)): {'bw': 3}, ((0, 2), (6, 14)): {'bw': 3}, ((0, 2), (14, np.int64(22))): {'bw': 3}, ((0, 3), (np.int64(29), 13)): {'bw': 20}, ((0, 3), (13, 21)): {'bw': 20}}",0.0,0.0,82.0,41.0,102.0,0.0,0.0,0.0,0.0,0.0,0.0,0.0,0.0,0.0,Route Failure,19.0,"{'node_level': {}, 'link_level': {}, 'path_level': {}}","{'node_level': {3: {'cpu': -22}, 0: {'cpu': -37}, 1: {'cpu': -41}, 2: {'cpu': -32}}, 'link_level': {(0, 1): {'bw': -22}, (0, 2): {'bw': -19}, (0, 3): {'bw': -32}, (2, 3): {'bw': 19}}, 'path_level': {(0, 1): {}, (0, 2): {}, (0, 3): {}, (2, 3): {}}}","{'node_level': {3: {'cpu': 0}, 0: {'cpu': 0}, 1: {'cpu': 0}, 2: {'cpu': 0}}, 'link_level': {(0, 1): {'bw': 0}, (0, 2): {'bw': 0}, (0, 3): {'bw': 0}, (2, 3): {'bw': 19}}, 'path_level': {(0, 1): {}, (0, 2): {}, (0, 3): {}, (2, 3): {}}}",[],-inf,-inf,True,False,False,0,[],0,0.0,0.0014200210571289062,4.0,4.0
120,35,3,3456.0,9277.0,1472164.5177958014,4294739.437908492,0.37253422442599976,0.34278319769562904,16,218,1,3008.0,4475,617,3858,0.15130674002751032,0.15727391874180863,119,52.235620825066455,3008.0,9,15,False,"{5: np.int64(21), 2: np.int64(29), 3: np.int64(30), 4: np.int64(22), 8: np.int64(18), 1: np.int64(26), 6: np.int64(19), 7: np.int64(27), 0: np.int64(25)}","{(0, 4): [(np.int64(25), 9), (9, 4), (4, 1), (1, 0), (0, 2), (2, 6), (6, 14), (14, np.int64(22))], (0, 5): [(np.int64(25), 9), (9, 4), (4, 1), (1, 0), (0, 2), (2, 6), (6, 13), (13, np.int64(21))], (1, 3): []}","{(5, np.int64(21)): {'cpu': 14}, (2, np.int64(29)): {'cpu': 18}, (3, np.int64(30)): {'cpu': 5}, (4, np.int64(22)): {'cpu': 10}, (8, np.int64(18)): {'cpu': 6}, (1, np.int64(26)): {'cpu': 4}, (6, np.int64(19)): {'cpu': 8}, (7, np.int64(27)): {'cpu': 2}, (0, np.int64(25)): {'cpu': 2}}","{((0, 4), (np.int64(25), 9)): {'bw': 4}, ((0, 4), (9, 4)): {'bw': 4}, ((0, 4), (4, 1)): {'bw': 4}, ((0, 4), (1, 0)): {'bw': 4}, ((0, 4), (0, 2)): {'bw': 4}, ((0, 4), (2, 6)): {'bw': 4}, ((0, 4), (6, 14)): {'bw': 4}, ((0, 4), (14, np.int64(22))): {'bw': 4}, ((0, 5), (np.int64(25), 9)): {'bw': 33}, ((0, 5), (9, 4)): {'bw': 33}, ((0, 5), (4, 1)): {'bw': 33}, ((0, 5), (1, 0)): {'bw': 33}, ((0, 5), (0, 2)): {'bw': 33}, ((0, 5), (2, 6)): {'bw': 33}, ((0, 5), (6, 13)): {'bw': 33}, ((0, 5), (13, np.int64(21))): {'bw': 33}}",0.0,0.0,138.0,69.0,322.0,0.0,0.0,0.0,0.0,0.0,0.0,0.0,0.0,0.0,Route Failure,26.0,"{'node_level': {}, 'link_level': {}, 'path_level': {}}","{'node_level': {5: {'cpu': -28}, 2: {'cpu': -26}, 3: {'cpu': -46}, 4: {'cpu': -26}, 8: {'cpu': -32}, 1: {'cpu': -29}, 6: {'cpu': -26}, 7: {'cpu': -28}, 0: {'cpu': -29}}, 'link_level': {(0, 4): {'bw': -49}, (0, 5): {'bw': -16}, (1, 3): {'bw': 26}}, 'path_level': {(0, 4): {}, (0, 5): {}, (1, 3): {}}}","{'node_level': {5: {'cpu': 0}, 2: {'cpu': 0}, 3: {'cpu': 0}, 4: {'cpu': 0}, 8: {'cpu': 0}, 1: {'cpu': 0}, 6: {'cpu': 0}, 7: {'cpu': 0}, 0: {'cpu': 0}}, 'link_level': {(0, 4): {'bw': 0}, (0, 5): {'bw': 0}, (1, 3): {'bw': 26}}, 'path_level': {(0, 4): {}, (0, 5): {}, (1, 3): {}}}",[],-inf,-inf,True,False,False,0,[],0,0.0,0.0030357837677001953,9.0,3.0
120,35,3,3456.0,9277.0,1472164.5177958014,4294739.437908492,0.37253422442599976,0.34278319769562904,16,219,0,3031.056208757222,4475,617,3858,0.15130674002751032,0.15727391874180863,115,123.05620875722191,2908.0,8,15,False,{},{},{},{},0.0,0.0,0.0,0.0,0.0,0.0,0.0,0.0,0.0,0.0,0.0,0.0,0.0,0.0,Leave Event,0.0,"{'node_level': {}, 'link_level': {}, 'path_level': {}}","{'node_level': {}, 'link_level': {}, 'path_level': {}}","{'node_level': {}, 'link_level': {}, 'path_level': {}}",[],-inf,-inf,True,True,False,0,[],0,0.0,,,
121,35,3,3456.0,9277.0,1472164.5177958014,4294739.437908492,0.37253422442599976,0.34278319769562904,16,220,1,3034.0,4475,617,3858,0.15130674002751032,0.15727391874180863,120,1629.8903829361416,3034.0,8,15,False,"{7: np.int64(21), 6: np.int64(29), 2: np.int64(30), 1: np.int64(22), 0: np.int64(18), 4: np.int64(26), 3: np.int64(19), 5: np.int64(27)}","{(0, 1): [(np.int64(18), 10), (10, 4), (4, 1), (1, 0), (0, 2), (2, 6), (6, 14), (14, np.int64(22))], (0, 2): []}","{(7, np.int64(21)): {'cpu': 20}, (6, np.int64(29)): {'cpu': 13}, (2, np.int64(30)): {'cpu': 13}, (1, np.int64(22)): {'cpu': 15}, (0, np.int64(18)): {'cpu': 10}, (4, np.int64(26)): {'cpu': 9}, (3, np.int64(19)): {'cpu': 8}, (5, np.int64(27)): {'cpu': 5}}","{((0, 1), (np.int64(18), 10)): {'bw': 33}, ((0, 1), (10, 4)): {'bw': 33}, ((0, 1), (4, 1)): {'bw': 33}, ((0, 1), (1, 0)): {'bw': 33}, ((0, 1), (0, 2)): {'bw': 33}, ((0, 1), (2, 6)): {'bw': 33}, ((0, 1), (6, 14)): {'bw': 33}, ((0, 1), (14, np.int64(22))): {'bw': 33}}",0.0,0.0,186.0,93.0,404.0,0.0,0.0,0.0,0.0,0.0,0.0,0.0,0.0,0.0,Route Failure,30.0,"{'node_level': {}, 'link_level': {}, 'path_level': {}}","{'node_level': {7: {'cpu': -22}, 6: {'cpu': -31}, 2: {'cpu': -38}, 1: {'cpu': -21}, 0: {'cpu': -28}, 4: {'cpu': -24}, 3: {'cpu': -26}, 5: {'cpu': -25}}, 'link_level': {(0, 1): {'bw': -20}, (0, 2): {'bw': 30}}, 'path_level': {(0, 1): {}, (0, 2): {}}}","{'node_level': {7: {'cpu': 0}, 6: {'cpu': 0}, 2: {'cpu': 0}, 1: {'cpu': 0}, 0: {'cpu': 0}, 4: {'cpu': 0}, 3: {'cpu': 0}, 5: {'cpu': 0}}, 'link_level': {(0, 1): {'bw': 0}, (0, 2): {'bw': 30}}, 'path_level': {(0, 1): {}, (0, 2): {}}}",[],-inf,-inf,True,False,False,0,[],0,0.0,0.002723217010498047,8.0,2.0
121,35,3,3456.0,9277.0,1472164.5177958014,4294739.437908492,0.37253422442599976,0.34278319769562904,16,221,0,3039.5909301387496,4475,617,3858,0.15130674002751032,0.15727391874180863,107,337.5909301387496,2702.0,5,7,False,{},{},{},{},0.0,0.0,0.0,0.0,0.0,0.0,0.0,0.0,0.0,0.0,0.0,0.0,0.0,0.0,Leave Event,0.0,"{'node_level': {}, 'link_level': {}, 'path_level': {}}","{'node_level': {}, 'link_level': {}, 'path_level': {}}","{'node_level': {}, 'link_level': {}, 'path_level': {}}",[],-inf,-inf,True,True,False,0,[],0,0.0,,,
121,35,3,3456.0,9277.0,1472164.5177958014,4294739.437908492,0.37253422442599976,0.34278319769562904,16,222,0,3060.2356208250662,4475,617,3858,0.15130674002751032,0.15727391874180863,119,52.235620825066455,3008.0,9,15,False,{},{},{},{},0.0,0.0,0.0,0.0,0.0,0.0,0.0,0.0,0.0,0.0,0.0,0.0,0.0,0.0,Leave Event,0.0,"{'node_level': {}, 'link_level': {}, 'path_level': {}}","{'node_level': {}, 'link_level': {}, 'path_level': {}}","{'node_level': {}, 'link_level': {}, 'path_level': {}}",[],-inf,-inf,True,True,False,0,[],0,0.0,,,
122,35,3,3456.0,9277.0,1472164.5177958014,4294739.437908492,0.37253422442599976,0.34278319769562904,16,223,1,3061.0,4475,617,3858,0.15130674002751032,0.15727391874180863,121,238.43655752454168,3061.0,9,15,False,"{7: np.int64(21), 2: np.int64(29), 8: np.int64(30), 1: np.int64(22), 5: np.int64(18), 0: np.int64(26), 4: np.int64(19), 3: np.int64(27), 6: np.int64(25)}","{(0, 2): [(np.int64(26), 10), (10, 4), (4, 1), (1, 0), (0, 2), (2, 6), (6, 13), (13, np.int64(29))], (0, 4): [(np.int64(26), 10), (10, 4), (4, 1), (1, 0), (0, 2), (2, 5), (5, 11), (11, np.int64(19))], (0, 5): [(np.int64(26), 10), (10, 18)], (1, 2): [(np.int64(22), 14), (14, 6), (6, 13), (13, np.int64(29))], (1, 4): []}","{(7, np.int64(21)): {'cpu': 13}, (2, np.int64(29)): {'cpu': 6}, (8, np.int64(30)): {'cpu': 8}, (1, np.int64(22)): {'cpu': 11}, (5, np.int64(18)): {'cpu': 11}, (0, np.int64(26)): {'cpu': 6}, (4, np.int64(19)): {'cpu': 8}, (3, np.int64(27)): {'cpu': 9}, (6, np.int64(25)): {'cpu': 0}}","{((0, 2), (np.int64(26), 10)): {'bw': 45}, ((0, 2), (10, 4)): {'bw': 45}, ((0, 2), (4, 1)): {'bw': 45}, ((0, 2), (1, 0)): {'bw': 45}, ((0, 2), (0, 2)): {'bw': 45}, ((0, 2), (2, 6)): {'bw': 45}, ((0, 2), (6, 13)): {'bw': 45}, ((0, 2), (13, np.int64(29))): {'bw': 45}, ((0, 4), (np.int64(26), 10)): {'bw': 1}, ((0, 4), (10, 4)): {'bw': 1}, ((0, 4), (4, 1)): {'bw': 1}, ((0, 4), (1, 0)): {'bw': 1}, ((0, 4), (0, 2)): {'bw': 1}, ((0, 4), (2, 5)): {'bw': 1}, ((0, 4), (5, 11)): {'bw': 1}, ((0, 4), (11, np.int64(19))): {'bw': 1}, ((0, 5), (np.int64(26), 10)): {'bw': 8}, ((0, 5), (10, 18)): {'bw': 8}, ((1, 2), (np.int64(22), 14)): {'bw': 6}, ((1, 2), (14, 6)): {'bw': 6}, ((1, 2), (6, 13)): {'bw': 6}, ((1, 2), (13, np.int64(29))): {'bw': 6}}",0.0,0.0,144.0,72.0,296.0,0.0,0.0,0.0,0.0,0.0,0.0,0.0,0.0,0.0,Route Failure,21.0,"{'node_level': {}, 'link_level': {}, 'path_level': {}}","{'node_level': {7: {'cpu': -29}, 2: {'cpu': -38}, 8: {'cpu': -43}, 1: {'cpu': -25}, 5: {'cpu': -27}, 0: {'cpu': -27}, 4: {'cpu': -26}, 3: {'cpu': -21}, 6: {'cpu': -31}}, 'link_level': {(0, 2): {'bw': -8}, (0, 4): {'bw': -68}, (0, 5): {'bw': -141}, (1, 2): {'bw': -12}, (1, 4): {'bw': 21}}, 'path_level': {(0, 2): {}, (0, 4): {}, (0, 5): {}, (1, 2): {}, (1, 4): {}}}","{'node_level': {7: {'cpu': 0}, 2: {'cpu': 0}, 8: {'cpu': 0}, 1: {'cpu': 0}, 5: {'cpu': 0}, 0: {'cpu': 0}, 4: {'cpu': 0}, 3: {'cpu': 0}, 6: {'cpu': 0}}, 'link_level': {(0, 2): {'bw': 0}, (0, 4): {'bw': 0}, (0, 5): {'bw': 0}, (1, 2): {'bw': 0}, (1, 4): {'bw': 21}}, 'path_level': {(0, 2): {}, (0, 4): {}, (0, 5): {}, (1, 2): {}, (1, 4): {}}}",[],-inf,-inf,True,False,False,0,[],0,0.0,0.0033168792724609375,9.0,5.0
123,35,3,3456.0,9277.0,1472164.5177958014,4294739.437908492,0.37253422442599976,0.34278319769562904,16,224,1,3086.0,4475,617,3858,0.15130674002751032,0.15727391874180863,122,60.15637674671887,3086.0,6,12,False,"{5: np.int64(21), 3: np.int64(29), 4: np.int64(30), 0: np.int64(22), 2: np.int64(18), 1: np.int64(26)}","{(0, 1): [(np.int64(22), 14), (14, 6), (6, 2), (2, 0), (0, 1), (1, 4), (4, 10), (10, np.int64(26))], (0, 2): []}","{(5, np.int64(21)): {'cpu': 18}, (3, np.int64(29)): {'cpu': 8}, (4, np.int64(30)): {'cpu': 6}, (0, np.int64(22)): {'cpu': 4}, (2, np.int64(18)): {'cpu': 13}, (1, np.int64(26)): {'cpu': 0}}","{((0, 1), (np.int64(22), 14)): {'bw': 41}, ((0, 1), (14, 6)): {'bw': 41}, ((0, 1), (6, 2)): {'bw': 41}, ((0, 1), (2, 0)): {'bw': 41}, ((0, 1), (0, 1)): {'bw': 41}, ((0, 1), (1, 4)): {'bw': 41}, ((0, 1), (4, 10)): {'bw': 41}, ((0, 1), (10, np.int64(26))): {'bw': 41}}",0.0,0.0,98.0,49.0,320.0,0.0,0.0,0.0,0.0,0.0,0.0,0.0,0.0,0.0,Route Failure,12.0,"{'node_level': {}, 'link_level': {}, 'path_level': {}}","{'node_level': {5: {'cpu': -24}, 3: {'cpu': -36}, 4: {'cpu': -45}, 0: {'cpu': -32}, 2: {'cpu': -25}, 1: {'cpu': -33}}, 'link_level': {(0, 1): {'bw': -12}, (0, 2): {'bw': 12}}, 'path_level': {(0, 1): {}, (0, 2): {}}}","{'node_level': {5: {'cpu': 0}, 3: {'cpu': 0}, 4: {'cpu': 0}, 0: {'cpu': 0}, 2: {'cpu': 0}, 1: {'cpu': 0}}, 'link_level': {(0, 1): {'bw': 0}, (0, 2): {'bw': 12}}, 'path_level': {(0, 1): {}, (0, 2): {}}}",[],-inf,-inf,True,False,False,0,[],0,0.0,0.00234222412109375,6.0,2.0
123,35,3,3456.0,9277.0,1472164.5177958014,4294739.437908492,0.37253422442599976,0.34278319769562904,16,225,0,3100.599168742387,4475,617,3858,0.15130674002751032,0.15727391874180863,109,351.59916874238695,2749.0,9,22,False,{},{},{},{},0.0,0.0,0.0,0.0,0.0,0.0,0.0,0.0,0.0,0.0,0.0,0.0,0.0,0.0,Leave Event,0.0,"{'node_level': {}, 'link_level': {}, 'path_level': {}}","{'node_level': {}, 'link_level': {}, 'path_level': {}}","{'node_level': {}, 'link_level': {}, 'path_level': {}}",[],-inf,-inf,True,True,False,0,[],0,0.0,,,
124,36,4,3608.0,9780.0,1476008.809558018,4307461.008674248,0.3689161554192229,0.34266330132430023,16,226,1,3114.0,3972,584,3388,0.19669876203576342,0.25993883792048933,123,25.29139317247771,3114.0,5,4,True,"{1: np.int64(21), 3: np.int64(29), 2: np.int64(30), 4: np.int64(22), 0: np.int64(18)}","{(0, 2): [(np.int64(18), 10), (10, 4), (4, 1), (1, 0), (0, 2), (2, 6), (6, 14), (14, np.int64(30))], (1, 3): [(np.int64(21), 13), (13, 29)], (1, 4): [(np.int64(21), 13), (13, 6), (6, 14), (14, np.int64(22))], (2, 4): [(np.int64(30), 14), (14, 22)]}","{(1, np.int64(21)): {'cpu': 14}, (3, np.int64(29)): {'cpu': 12}, (2, np.int64(30)): {'cpu': 4}, (4, np.int64(22)): {'cpu': 2}, (0, np.int64(18)): {'cpu': 1}}","{((0, 2), (np.int64(18), 10)): {'bw': 23}, ((0, 2), (10, 4)): {'bw': 23}, ((0, 2), (4, 1)): {'bw': 23}, ((0, 2), (1, 0)): {'bw': 23}, ((0, 2), (0, 2)): {'bw': 23}, ((0, 2), (2, 6)): {'bw': 23}, ((0, 2), (6, 14)): {'bw': 23}, ((0, 2), (14, np.int64(30))): {'bw': 23}, ((1, 3), (np.int64(21), 13)): {'bw': 29}, ((1, 3), (13, 29)): {'bw': 29}, ((1, 4), (np.int64(21), 13)): {'bw': 47}, ((1, 4), (13, 6)): {'bw': 47}, ((1, 4), (6, 14)): {'bw': 47}, ((1, 4), (14, np.int64(22))): {'bw': 47}, ((2, 4), (np.int64(30), 14)): {'bw': 20}, ((2, 4), (14, 22)): {'bw': 20}}",503.0,152.0,66.0,33.0,119.0,33.0,119.0,33.0,470.0,351.0,0.30218687872763417,12721.570765756289,3844.2917622166124,7.642727161464437,Success,0.0,"{'node_level': {}, 'link_level': {}, 'path_level': {}}","{'node_level': {1: {'cpu': -28}, 3: {'cpu': -32}, 2: {'cpu': -47}, 4: {'cpu': -34}, 0: {'cpu': -37}}, 'link_level': {(0, 2): {'bw': -30}, (1, 3): {'bw': -67}, (1, 4): {'bw': -16}, (2, 4): {'bw': -92}}, 'path_level': {(0, 2): {}, (1, 3): {}, (1, 4): {}, (2, 4): {}}}","{'node_level': {1: {'cpu': 0}, 3: {'cpu': 0}, 2: {'cpu': 0}, 4: {'cpu': 0}, 0: {'cpu': 0}}, 'link_level': {(0, 2): {'bw': 0}, (1, 3): {'bw': 0}, (1, 4): {'bw': 0}, (2, 4): {'bw': 0}}, 'path_level': {(0, 2): {}, (1, 3): {}, (1, 4): {}, (2, 4): {}}}",[],-inf,-inf,True,True,False,0,[],0,0.0,0.00177001953125,5.0,4.0
125,37,5,3638.0,9825.0,1479264.5759661999,4312344.658286521,0.3702798982188295,0.3430302290712484,16,227,1,3136.0,3927,569,3358,0.21733149931224205,0.2664919178680647,124,108.52554693939366,3136.0,2,1,True,"{1: np.int64(18), 0: np.int64(26)}","{(0, 1): [(np.int64(26), 10), (10, 18)]}","{(1, np.int64(18)): {'cpu': 14}, (0, np.int64(26)): {'cpu': 1}}","{((0, 1), (np.int64(26), 10)): {'bw': 15}, ((0, 1), (10, 18)): {'bw': 15}}",45.0,30.0,30.0,15.0,15.0,15.0,15.0,15.0,30.0,15.0,0.6666666666666666,4883.649612272715,3255.7664081818098,72.35036462626243,Success,0.0,"{'node_level': {}, 'link_level': {}, 'path_level': {}}","{'node_level': {1: {'cpu': -23}, 0: {'cpu': -32}}, 'link_level': {(0, 1): {'bw': -160}}, 'path_level': {(0, 1): {}}}","{'node_level': {1: {'cpu': 0}, 0: {'cpu': 0}}, 'link_level': {(0, 1): {'bw': 0}}, 'path_level': {(0, 1): {}}}",[],-inf,-inf,True,True,False,0,[],0,0.0,0.0006189346313476562,2.0,1.0
125,37,4,3638.0,9825.0,1479264.5759661999,4312344.658286521,0.3702798982188295,0.3430302290712484,16,228,0,3139.291393172478,4430,602,3828,0.17193947730398895,0.163826998689384,123,25.29139317247771,3114.0,5,4,False,{},{},{},{},0.0,0.0,0.0,0.0,0.0,0.0,0.0,0.0,0.0,0.0,0.0,0.0,0.0,0.0,Leave Event,0.0,"{'node_level': {}, 'link_level': {}, 'path_level': {}}","{'node_level': {}, 'link_level': {}, 'path_level': {}}","{'node_level': {}, 'link_level': {}, 'path_level': {}}",[],-inf,-inf,True,True,False,0,[],0,0.0,,,
125,37,4,3638.0,9825.0,1479264.5759661999,4312344.658286521,0.3702798982188295,0.3430302290712484,16,229,0,3146.1563767467187,4430,602,3828,0.17193947730398895,0.163826998689384,122,60.15637674671887,3086.0,6,12,False,{},{},{},{},0.0,0.0,0.0,0.0,0.0,0.0,0.0,0.0,0.0,0.0,0.0,0.0,0.0,0.0,Leave Event,0.0,"{'node_level': {}, 'link_level': {}, 'path_level': {}}","{'node_level': {}, 'link_level': {}, 'path_level': {}}","{'node_level': {}, 'link_level': {}, 'path_level': {}}",[],-inf,-inf,True,True,False,0,[],0,0.0,,,
126,37,4,3638.0,9825.0,1479264.5759661999,4312344.658286521,0.3702798982188295,0.3430302290712484,16,230,1,3165.0,4430,602,3828,0.17193947730398895,0.163826998689384,125,948.7771634749412,3165.0,7,14,False,"{6: np.int64(21), 0: np.int64(29), 4: np.int64(30), 3: np.int64(22), 1: np.int64(19), 2: np.int64(27), 5: np.int64(26)}","{(0, 2): [(np.int64(29), 13), (13, 6), (6, 2), (2, 5), (5, 11), (11, np.int64(27))], (0, 3): []}","{(6, np.int64(21)): {'cpu': 17}, (0, np.int64(29)): {'cpu': 12}, (4, np.int64(30)): {'cpu': 5}, (3, np.int64(22)): {'cpu': 4}, (1, np.int64(19)): {'cpu': 17}, (2, np.int64(27)): {'cpu': 2}, (5, np.int64(26)): {'cpu': 0}}","{((0, 2), (np.int64(29), 13)): {'bw': 50}, ((0, 2), (13, 6)): {'bw': 50}, ((0, 2), (6, 2)): {'bw': 50}, ((0, 2), (2, 5)): {'bw': 50}, ((0, 2), (5, 11)): {'bw': 50}, ((0, 2), (11, np.int64(27))): {'bw': 50}}",0.0,0.0,114.0,57.0,405.0,0.0,0.0,0.0,0.0,0.0,0.0,0.0,0.0,0.0,Route Failure,1.0,"{'node_level': {}, 'link_level': {}, 'path_level': {}}","{'node_level': {6: {'cpu': -25}, 0: {'cpu': -32}, 4: {'cpu': -46}, 3: {'cpu': -32}, 1: {'cpu': -17}, 2: {'cpu': -28}, 5: {'cpu': -32}}, 'link_level': {(0, 2): {'bw': -3}, (0, 3): {'bw': 1}}, 'path_level': {(0, 2): {}, (0, 3): {}}}","{'node_level': {6: {'cpu': 0}, 0: {'cpu': 0}, 4: {'cpu': 0}, 3: {'cpu': 0}, 1: {'cpu': 0}, 2: {'cpu': 0}, 5: {'cpu': 0}}, 'link_level': {(0, 2): {'bw': 0}, (0, 3): {'bw': 1}}, 'path_level': {(0, 2): {}, (0, 3): {}}}",[],-inf,-inf,True,False,False,0,[],0,0.0,0.002645254135131836,7.0,2.0
127,38,5,3665.0,9853.0,1488416.1710503597,4321835.201336761,0.3719679285496803,0.3443944763534682,16,231,1,3191.0,4402,576,3826,0.20770288858321873,0.164263870685889,126,338.9479660799969,3191.0,2,1,True,"{0: np.int64(21), 1: np.int64(29)}","{(0, 1): [(np.int64(21), 13), (13, 29)]}","{(0, np.int64(21)): {'cpu': 13}, (1, np.int64(29)): {'cpu': 13}}","{((0, 1), (np.int64(21), 13)): {'bw': 1}, ((0, 1), (13, 29)): {'bw': 1}}",28.0,27.0,52.0,26.0,1.0,26.0,1.0,26.0,2.0,1.0,0.9642857142857143,9490.543050239912,9151.595084159915,326.84268157713984,Success,0.0,"{'node_level': {}, 'link_level': {}, 'path_level': {}}","{'node_level': {0: {'cpu': -29}, 1: {'cpu': -31}}, 'link_level': {(0, 1): {'bw': -95}}, 'path_level': {(0, 1): {}}}","{'node_level': {0: {'cpu': 0}, 1: {'cpu': 0}}, 'link_level': {(0, 1): {'bw': 0}}, 'path_level': {(0, 1): {}}}",[],-inf,-inf,True,True,False,0,[],0,0.0,0.0006427764892578125,2.0,1.0
127,38,5,3665.0,9853.0,1488416.1710503597,4321835.201336761,0.3719679285496803,0.3443944763534682,16,232,0,3196.1496247042614,4402,576,3826,0.20770288858321873,0.164263870685889,93,844.1496247042616,2352.0,9,15,False,{},{},{},{},0.0,0.0,0.0,0.0,0.0,0.0,0.0,0.0,0.0,0.0,0.0,0.0,0.0,0.0,Leave Event,0.0,"{'node_level': {}, 'link_level': {}, 'path_level': {}}","{'node_level': {}, 'link_level': {}, 'path_level': {}}","{'node_level': {}, 'link_level': {}, 'path_level': {}}",[],-inf,-inf,True,True,False,0,[],0,0.0,,,
128,38,5,3665.0,9853.0,1488416.1710503597,4321835.201336761,0.3719679285496803,0.3443944763534682,16,233,1,3215.0,4402,576,3826,0.20770288858321873,0.164263870685889,127,1967.0712359456438,3215.0,7,9,False,"{0: np.int64(30), 3: np.int64(22), 5: np.int64(21), 4: np.int64(19), 6: np.int64(27), 2: np.int64(26), 1: np.int64(25)}","{(0, 1): [(np.int64(30), 14), (14, 6), (6, 2), (2, 0), (0, 1), (1, 4), (4, 9), (9, np.int64(25))], (0, 2): [(np.int64(30), 14), (14, 6), (6, 2), (2, 0), (0, 1), (1, 4), (4, 10), (10, np.int64(26))], (0, 3): [(np.int64(30), 14), (14, 22)], (0, 6): [(np.int64(30), 14), (14, 6), (6, 2), (2, 5), (5, 11), (11, np.int64(27))], (1, 5): [(np.int64(25), 9), (9, 4), (4, 1), (1, 0), (0, 2), (2, 6), (6, 13), (13, np.int64(21))], (2, 3): [(np.int64(26), 10), (10, 4), (4, 1), (1, 0), (0, 2), (2, 6), (6, 14), (14, np.int64(22))], (3, 4): []}","{(0, np.int64(30)): {'cpu': 18}, (3, np.int64(22)): {'cpu': 10}, (5, np.int64(21)): {'cpu': 9}, (4, np.int64(19)): {'cpu': 14}, (6, np.int64(27)): {'cpu': 5}, (2, np.int64(26)): {'cpu': 10}, (1, np.int64(25)): {'cpu': 18}}","{((0, 1), (np.int64(30), 14)): {'bw': 2}, ((0, 1), (14, 6)): {'bw': 2}, ((0, 1), (6, 2)): {'bw': 2}, ((0, 1), (2, 0)): {'bw': 2}, ((0, 1), (0, 1)): {'bw': 2}, ((0, 1), (1, 4)): {'bw': 2}, ((0, 1), (4, 9)): {'bw': 2}, ((0, 1), (9, np.int64(25))): {'bw': 2}, ((0, 2), (np.int64(30), 14)): {'bw': 20}, ((0, 2), (14, 6)): {'bw': 20}, ((0, 2), (6, 2)): {'bw': 20}, ((0, 2), (2, 0)): {'bw': 20}, ((0, 2), (0, 1)): {'bw': 20}, ((0, 2), (1, 4)): {'bw': 20}, ((0, 2), (4, 10)): {'bw': 20}, ((0, 2), (10, np.int64(26))): {'bw': 20}, ((0, 3), (np.int64(30), 14)): {'bw': 30}, ((0, 3), (14, 22)): {'bw': 30}, ((0, 6), (np.int64(30), 14)): {'bw': 17}, ((0, 6), (14, 6)): {'bw': 17}, ((0, 6), (6, 2)): {'bw': 17}, ((0, 6), (2, 5)): {'bw': 17}, ((0, 6), (5, 11)): {'bw': 17}, ((0, 6), (11, np.int64(27))): {'bw': 17}, ((1, 5), (np.int64(25), 9)): {'bw': 8}, ((1, 5), (9, 4)): {'bw': 8}, ((1, 5), (4, 1)): {'bw': 8}, ((1, 5), (1, 0)): {'bw': 8}, ((1, 5), (0, 2)): {'bw': 8}, ((1, 5), (2, 6)): {'bw': 8}, ((1, 5), (6, 13)): {'bw': 8}, ((1, 5), (13, np.int64(21))): {'bw': 8}, ((2, 3), (np.int64(26), 10)): {'bw': 3}, ((2, 3), (10, 4)): {'bw': 3}, ((2, 3), (4, 1)): {'bw': 3}, ((2, 3), (1, 0)): {'bw': 3}, ((2, 3), (0, 2)): {'bw': 3}, ((2, 3), (2, 6)): {'bw': 3}, ((2, 3), (6, 14)): {'bw': 3}, ((2, 3), (14, np.int64(22))): {'bw': 3}}",0.0,0.0,168.0,84.0,139.0,0.0,0.0,0.0,0.0,0.0,0.0,0.0,0.0,0.0,Route Failure,17.0,"{'node_level': {}, 'link_level': {}, 'path_level': {}}","{'node_level': {0: {'cpu': -33}, 3: {'cpu': -26}, 5: {'cpu': -20}, 4: {'cpu': -20}, 6: {'cpu': -25}, 2: {'cpu': -22}, 1: {'cpu': -13}}, 'link_level': {(0, 1): {'bw': -51}, (0, 2): {'bw': -31}, (0, 3): {'bw': -96}, (0, 6): {'bw': -14}, (1, 5): {'bw': -6}, (2, 3): {'bw': -3}, (3, 4): {'bw': 17}}, 'path_level': {(0, 1): {}, (0, 2): {}, (0, 3): {}, (0, 6): {}, (1, 5): {}, (2, 3): {}, (3, 4): {}}}","{'node_level': {0: {'cpu': 0}, 3: {'cpu': 0}, 5: {'cpu': 0}, 4: {'cpu': 0}, 6: {'cpu': 0}, 2: {'cpu': 0}, 1: {'cpu': 0}}, 'link_level': {(0, 1): {'bw': 0}, (0, 2): {'bw': 0}, (0, 3): {'bw': 0}, (0, 6): {'bw': 0}, (1, 5): {'bw': 0}, (2, 3): {'bw': 0}, (3, 4): {'bw': 17}}, 'path_level': {(0, 1): {}, (0, 2): {}, (0, 3): {}, (0, 6): {}, (1, 5): {}, (2, 3): {}, (3, 4): {}}}",[],-inf,-inf,True,False,False,0,[],0,0.0,0.002635955810546875,7.0,7.0
129,38,5,3665.0,9853.0,1488416.1710503597,4321835.201336761,0.3719679285496803,0.3443944763534682,16,234,1,3234.0,4402,576,3826,0.20770288858321873,0.164263870685889,128,537.9885026961606,3234.0,9,18,False,"{7: np.int64(30), 8: np.int64(22), 1: np.int64(21), 6: np.int64(19), 2: np.int64(27), 0: np.int64(26), 5: np.int64(25), 3: np.int64(24), 4: np.int64(17)}","{(0, 6): [(np.int64(26), 10), (10, 4), (4, 1), (1, 0), (0, 2), (2, 5), (5, 11), (11, np.int64(19))], (0, 7): [(np.int64(26), 10), (10, 4), (4, 1), (1, 0), (0, 2), (2, 6), (6, 14), (14, np.int64(30))], (1, 2): [(np.int64(21), 13), (13, 6), (6, 2), (2, 5), (5, 11), (11, np.int64(27))], (1, 3): [(np.int64(21), 13), (13, 6), (6, 2), (2, 0), (0, 1), (1, 3), (3, 8), (8, np.int64(24))], (1, 6): []}","{(7, np.int64(30)): {'cpu': 16}, (8, np.int64(22)): {'cpu': 8}, (1, np.int64(21)): {'cpu': 9}, (6, np.int64(19)): {'cpu': 7}, (2, np.int64(27)): {'cpu': 15}, (0, np.int64(26)): {'cpu': 4}, (5, np.int64(25)): {'cpu': 1}, (3, np.int64(24)): {'cpu': 1}, (4, np.int64(17)): {'cpu': 0}}","{((0, 6), (np.int64(26), 10)): {'bw': 22}, ((0, 6), (10, 4)): {'bw': 22}, ((0, 6), (4, 1)): {'bw': 22}, ((0, 6), (1, 0)): {'bw': 22}, ((0, 6), (0, 2)): {'bw': 22}, ((0, 6), (2, 5)): {'bw': 22}, ((0, 6), (5, 11)): {'bw': 22}, ((0, 6), (11, np.int64(19))): {'bw': 22}, ((0, 7), (np.int64(26), 10)): {'bw': 16}, ((0, 7), (10, 4)): {'bw': 16}, ((0, 7), (4, 1)): {'bw': 16}, ((0, 7), (1, 0)): {'bw': 16}, ((0, 7), (0, 2)): {'bw': 16}, ((0, 7), (2, 6)): {'bw': 16}, ((0, 7), (6, 14)): {'bw': 16}, ((0, 7), (14, np.int64(30))): {'bw': 16}, ((1, 2), (np.int64(21), 13)): {'bw': 6}, ((1, 2), (13, 6)): {'bw': 6}, ((1, 2), (6, 2)): {'bw': 6}, ((1, 2), (2, 5)): {'bw': 6}, ((1, 2), (5, 11)): {'bw': 6}, ((1, 2), (11, np.int64(27))): {'bw': 6}, ((1, 3), (np.int64(21), 13)): {'bw': 18}, ((1, 3), (13, 6)): {'bw': 18}, ((1, 3), (6, 2)): {'bw': 18}, ((1, 3), (2, 0)): {'bw': 18}, ((1, 3), (0, 1)): {'bw': 18}, ((1, 3), (1, 3)): {'bw': 18}, ((1, 3), (3, 8)): {'bw': 18}, ((1, 3), (8, np.int64(24))): {'bw': 18}}",0.0,0.0,122.0,61.0,450.0,0.0,0.0,0.0,0.0,0.0,0.0,0.0,0.0,0.0,Route Failure,24.0,"{'node_level': {}, 'link_level': {}, 'path_level': {}}","{'node_level': {7: {'cpu': -35}, 8: {'cpu': -28}, 1: {'cpu': -20}, 6: {'cpu': -27}, 2: {'cpu': -15}, 0: {'cpu': -28}, 5: {'cpu': -30}, 3: {'cpu': -39}, 4: {'cpu': -55}}, 'link_level': {(0, 6): {'bw': -47}, (0, 7): {'bw': -37}, (1, 2): {'bw': -31}, (1, 3): {'bw': -13}, (1, 6): {'bw': 24}}, 'path_level': {(0, 6): {}, (0, 7): {}, (1, 2): {}, (1, 3): {}, (1, 6): {}}}","{'node_level': {7: {'cpu': 0}, 8: {'cpu': 0}, 1: {'cpu': 0}, 6: {'cpu': 0}, 2: {'cpu': 0}, 0: {'cpu': 0}, 5: {'cpu': 0}, 3: {'cpu': 0}, 4: {'cpu': 0}}, 'link_level': {(0, 6): {'bw': 0}, (0, 7): {'bw': 0}, (1, 2): {'bw': 0}, (1, 3): {'bw': 0}, (1, 6): {'bw': 24}}, 'path_level': {(0, 6): {}, (0, 7): {}, (1, 2): {}, (1, 3): {}, (1, 6): {}}}",[],-inf,-inf,True,False,False,0,[],0,0.0,0.0034177303314208984,9.0,5.0
129,38,4,3665.0,9853.0,1488416.1710503597,4321835.201336761,0.3719679285496803,0.3443944763534682,16,235,0,3244.5255469393937,4447,591,3856,0.18707015130673998,0.15771079073831362,124,108.52554693939366,3136.0,2,1,False,{},{},{},{},0.0,0.0,0.0,0.0,0.0,0.0,0.0,0.0,0.0,0.0,0.0,0.0,0.0,0.0,Leave Event,0.0,"{'node_level': {}, 'link_level': {}, 'path_level': {}}","{'node_level': {}, 'link_level': {}, 'path_level': {}}","{'node_level': {}, 'link_level': {}, 'path_level': {}}",[],-inf,-inf,True,True,False,0,[],0,0.0,,,
130,38,4,3665.0,9853.0,1488416.1710503597,4321835.201336761,0.3719679285496803,0.3443944763534682,16,236,1,3264.0,4447,591,3856,0.18707015130673998,0.15771079073831362,129,159.03251005120978,3264.0,7,13,False,"{4: np.int64(30), 6: np.int64(22), 2: np.int64(21), 5: np.int64(18), 0: np.int64(26), 3: np.int64(19), 1: np.int64(27)}","{(0, 3): [(np.int64(26), 10), (10, 4), (4, 1), (1, 0), (0, 2), (2, 5), (5, 11), (11, np.int64(19))], (0, 4): [(np.int64(26), 10), (10, 4), (4, 1), (1, 0), (0, 2), (2, 6), (6, 14), (14, np.int64(30))], (0, 5): [(np.int64(26), 10), (10, 18)], (0, 6): []}","{(4, np.int64(30)): {'cpu': 20}, (6, np.int64(22)): {'cpu': 19}, (2, np.int64(21)): {'cpu': 19}, (5, np.int64(18)): {'cpu': 20}, (0, np.int64(26)): {'cpu': 13}, (3, np.int64(19)): {'cpu': 7}, (1, np.int64(27)): {'cpu': 9}}","{((0, 3), (np.int64(26), 10)): {'bw': 0}, ((0, 3), (10, 4)): {'bw': 0}, ((0, 3), (4, 1)): {'bw': 0}, ((0, 3), (1, 0)): {'bw': 0}, ((0, 3), (0, 2)): {'bw': 0}, ((0, 3), (2, 5)): {'bw': 0}, ((0, 3), (5, 11)): {'bw': 0}, ((0, 3), (11, np.int64(19))): {'bw': 0}, ((0, 4), (np.int64(26), 10)): {'bw': 23}, ((0, 4), (10, 4)): {'bw': 23}, ((0, 4), (4, 1)): {'bw': 23}, ((0, 4), (1, 0)): {'bw': 23}, ((0, 4), (0, 2)): {'bw': 23}, ((0, 4), (2, 6)): {'bw': 23}, ((0, 4), (6, 14)): {'bw': 23}, ((0, 4), (14, np.int64(30))): {'bw': 23}, ((0, 5), (np.int64(26), 10)): {'bw': 24}, ((0, 5), (10, 18)): {'bw': 24}}",0.0,0.0,214.0,107.0,351.0,0.0,0.0,0.0,0.0,0.0,0.0,0.0,0.0,0.0,Route Failure,12.0,"{'node_level': {}, 'link_level': {}, 'path_level': {}}","{'node_level': {4: {'cpu': -31}, 6: {'cpu': -17}, 2: {'cpu': -10}, 5: {'cpu': -18}, 0: {'cpu': -20}, 3: {'cpu': -27}, 1: {'cpu': -21}}, 'link_level': {(0, 3): {'bw': -69}, (0, 4): {'bw': -30}, (0, 5): {'bw': -148}, (0, 6): {'bw': 12}}, 'path_level': {(0, 3): {}, (0, 4): {}, (0, 5): {}, (0, 6): {}}}","{'node_level': {4: {'cpu': 0}, 6: {'cpu': 0}, 2: {'cpu': 0}, 5: {'cpu': 0}, 0: {'cpu': 0}, 3: {'cpu': 0}, 1: {'cpu': 0}}, 'link_level': {(0, 3): {'bw': 0}, (0, 4): {'bw': 0}, (0, 5): {'bw': 0}, (0, 6): {'bw': 12}}, 'path_level': {(0, 3): {}, (0, 4): {}, (0, 5): {}, (0, 6): {}}}",[],-inf,-inf,True,False,False,0,[],0,0.0,0.002515077590942383,7.0,4.0
130,38,4,3665.0,9853.0,1488416.1710503597,4321835.201336761,0.3719679285496803,0.3443944763534682,16,237,0,3267.6541789147013,4447,591,3856,0.18707015130673998,0.15771079073831362,99,767.6541789147016,2500.0,9,20,False,{},{},{},{},0.0,0.0,0.0,0.0,0.0,0.0,0.0,0.0,0.0,0.0,0.0,0.0,0.0,0.0,Leave Event,0.0,"{'node_level': {}, 'link_level': {}, 'path_level': {}}","{'node_level': {}, 'link_level': {}, 'path_level': {}}","{'node_level': {}, 'link_level': {}, 'path_level': {}}",[],-inf,-inf,True,True,False,0,[],0,0.0,,,
131,38,4,3665.0,9853.0,1488416.1710503597,4321835.201336761,0.3719679285496803,0.3443944763534682,16,238,1,3290.0,4447,591,3856,0.18707015130673998,0.15771079073831362,130,518.45061640829,3290.0,10,24,False,"{5: np.int64(30), 8: np.int64(22), 3: np.int64(21), 1: np.int64(18), 7: np.int64(26), 6: np.int64(19), 0: np.int64(27), 2: np.int64(25), 4: np.int64(17), 9: np.int64(24)}","{(0, 2): [(np.int64(27), 11), (11, 5), (5, 2), (2, 0), (0, 1), (1, 4), (4, 9), (9, np.int64(25))], (0, 4): [(np.int64(27), 11), (11, 5), (5, 2), (2, 0), (0, 1), (1, 4), (4, 9), (9, np.int64(17))], (0, 6): [(np.int64(27), 11), (11, 19)], (0, 8): [(np.int64(27), 11), (11, 5), (5, 2), (2, 6), (6, 14), (14, np.int64(22))], (0, 9): []}","{(5, np.int64(30)): {'cpu': 19}, (8, np.int64(22)): {'cpu': 16}, (3, np.int64(21)): {'cpu': 13}, (1, np.int64(18)): {'cpu': 14}, (7, np.int64(26)): {'cpu': 10}, (6, np.int64(19)): {'cpu': 7}, (0, np.int64(27)): {'cpu': 8}, (2, np.int64(25)): {'cpu': 12}, (4, np.int64(17)): {'cpu': 4}, (9, np.int64(24)): {'cpu': 6}}","{((0, 2), (np.int64(27), 11)): {'bw': 14}, ((0, 2), (11, 5)): {'bw': 14}, ((0, 2), (5, 2)): {'bw': 14}, ((0, 2), (2, 0)): {'bw': 14}, ((0, 2), (0, 1)): {'bw': 14}, ((0, 2), (1, 4)): {'bw': 14}, ((0, 2), (4, 9)): {'bw': 14}, ((0, 2), (9, np.int64(25))): {'bw': 14}, ((0, 4), (np.int64(27), 11)): {'bw': 47}, ((0, 4), (11, 5)): {'bw': 47}, ((0, 4), (5, 2)): {'bw': 47}, ((0, 4), (2, 0)): {'bw': 47}, ((0, 4), (0, 1)): {'bw': 47}, ((0, 4), (1, 4)): {'bw': 47}, ((0, 4), (4, 9)): {'bw': 47}, ((0, 4), (9, np.int64(17))): {'bw': 47}, ((0, 6), (np.int64(27), 11)): {'bw': 38}, ((0, 6), (11, 19)): {'bw': 38}, ((0, 8), (np.int64(27), 11)): {'bw': 5}, ((0, 8), (11, 5)): {'bw': 5}, ((0, 8), (5, 2)): {'bw': 5}, ((0, 8), (2, 6)): {'bw': 5}, ((0, 8), (6, 14)): {'bw': 5}, ((0, 8), (14, np.int64(22))): {'bw': 5}}",0.0,0.0,218.0,109.0,576.0,0.0,0.0,0.0,0.0,0.0,0.0,0.0,0.0,0.0,Route Failure,7.0,"{'node_level': {}, 'link_level': {}, 'path_level': {}}","{'node_level': {5: {'cpu': -32}, 8: {'cpu': -20}, 3: {'cpu': -16}, 1: {'cpu': -24}, 7: {'cpu': -23}, 6: {'cpu': -27}, 0: {'cpu': -22}, 2: {'cpu': -19}, 4: {'cpu': -51}, 9: {'cpu': -34}}, 'link_level': {(0, 2): {'bw': -55}, (0, 4): {'bw': -8}, (0, 6): {'bw': -51}, (0, 8): {'bw': -3}, (0, 9): {'bw': 7}}, 'path_level': {(0, 2): {}, (0, 4): {}, (0, 6): {}, (0, 8): {}, (0, 9): {}}}","{'node_level': {5: {'cpu': 0}, 8: {'cpu': 0}, 3: {'cpu': 0}, 1: {'cpu': 0}, 7: {'cpu': 0}, 6: {'cpu': 0}, 0: {'cpu': 0}, 2: {'cpu': 0}, 4: {'cpu': 0}, 9: {'cpu': 0}}, 'link_level': {(0, 2): {'bw': 0}, (0, 4): {'bw': 0}, (0, 6): {'bw': 0}, (0, 8): {'bw': 0}, (0, 9): {'bw': 7}}, 'path_level': {(0, 2): {}, (0, 4): {}, (0, 6): {}, (0, 8): {}, (0, 9): {}}}",[],-inf,-inf,True,False,False,0,[],0,0.0,0.003625154495239258,10.0,5.0
131,38,4,3665.0,9853.0,1488416.1710503597,4321835.201336761,0.3719679285496803,0.3443944763534682,16,239,0,3291.590204334053,4447,591,3856,0.18707015130673998,0.15771079073831362,90,1001.5902043340529,2290.0,10,24,False,{},{},{},{},0.0,0.0,0.0,0.0,0.0,0.0,0.0,0.0,0.0,0.0,0.0,0.0,0.0,0.0,Leave Event,0.0,"{'node_level': {}, 'link_level': {}, 'path_level': {}}","{'node_level': {}, 'link_level': {}, 'path_level': {}}","{'node_level': {}, 'link_level': {}, 'path_level': {}}",[],-inf,-inf,True,True,False,0,[],0,0.0,,,
131,38,4,3665.0,9853.0,1488416.1710503597,4321835.201336761,0.3719679285496803,0.3443944763534682,16,240,0,3299.4365575245415,4447,591,3856,0.18707015130673998,0.15771079073831362,121,238.43655752454168,3061.0,9,15,False,{},{},{},{},0.0,0.0,0.0,0.0,0.0,0.0,0.0,0.0,0.0,0.0,0.0,0.0,0.0,0.0,Leave Event,0.0,"{'node_level': {}, 'link_level': {}, 'path_level': {}}","{'node_level': {}, 'link_level': {}, 'path_level': {}}","{'node_level': {}, 'link_level': {}, 'path_level': {}}",[],-inf,-inf,True,True,False,0,[],0,0.0,,,
132,39,5,3781.0,10287.0,1504497.4866350673,4382001.502748511,0.36755127831243317,0.3433356847758736,16,241,1,3315.0,4013,567,3446,0.2200825309491059,0.2472695500218436,131,138.63203090265026,3315.0,4,4,True,"{0: np.int64(30), 3: np.int64(22), 2: np.int64(21), 1: np.int64(18)}","{(0, 2): [(np.int64(30), 14), (14, 6), (6, 13), (13, np.int64(21))], (0, 3): [(np.int64(30), 14), (14, 22)], (1, 3): [(np.int64(18), 10), (10, 4), (4, 1), (1, 0), (0, 2), (2, 6), (6, 14), (14, np.int64(22))], (2, 3): [(np.int64(21), 13), (13, 6), (6, 14), (14, np.int64(22))]}","{(0, np.int64(30)): {'cpu': 12}, (3, np.int64(22)): {'cpu': 6}, (2, np.int64(21)): {'cpu': 5}, (1, np.int64(18)): {'cpu': 1}}","{((0, 2), (np.int64(30), 14)): {'bw': 37}, ((0, 2), (14, 6)): {'bw': 37}, ((0, 2), (6, 13)): {'bw': 37}, ((0, 2), (13, np.int64(21))): {'bw': 37}, ((0, 3), (np.int64(30), 14)): {'bw': 23}, ((0, 3), (14, 22)): {'bw': 23}, ((1, 3), (np.int64(18), 10)): {'bw': 22}, ((1, 3), (10, 4)): {'bw': 22}, ((1, 3), (4, 1)): {'bw': 22}, ((1, 3), (1, 0)): {'bw': 22}, ((1, 3), (0, 2)): {'bw': 22}, ((1, 3), (2, 6)): {'bw': 22}, ((1, 3), (6, 14)): {'bw': 22}, ((1, 3), (14, np.int64(22))): {'bw': 22}, ((2, 3), (np.int64(21), 13)): {'bw': 10}, ((2, 3), (13, 6)): {'bw': 10}, ((2, 3), (6, 14)): {'bw': 10}, ((2, 3), (14, np.int64(22))): {'bw': 10}}",434.0,116.0,48.0,24.0,92.0,24.0,92.0,24.0,410.0,318.0,0.2672811059907834,60166.30141175021,16081.31558470743,37.053722545408824,Success,0.0,"{'node_level': {}, 'link_level': {}, 'path_level': {}}","{'node_level': {0: {'cpu': -39}, 3: {'cpu': -30}, 2: {'cpu': -24}, 1: {'cpu': -37}}, 'link_level': {(0, 2): {'bw': -26}, (0, 3): {'bw': -88}, (1, 3): {'bw': -31}, (2, 3): {'bw': -16}}, 'path_level': {(0, 2): {}, (0, 3): {}, (1, 3): {}, (2, 3): {}}}","{'node_level': {0: {'cpu': 0}, 3: {'cpu': 0}, 2: {'cpu': 0}, 1: {'cpu': 0}}, 'link_level': {(0, 2): {'bw': 0}, (0, 3): {'bw': 0}, (1, 3): {'bw': 0}, (2, 3): {'bw': 0}}, 'path_level': {(0, 2): {}, (0, 3): {}, (1, 3): {}, (2, 3): {}}}",[],-inf,-inf,True,True,False,0,[],0,0.0,0.0015292167663574219,4.0,4.0
132,39,5,3781.0,10287.0,1504497.4866350673,4382001.502748511,0.36755127831243317,0.3433356847758736,16,242,0,3326.1597964357543,4013,567,3446,0.2200825309491059,0.2472695500218436,88,1099.159796435754,2227.0,8,14,False,{},{},{},{},0.0,0.0,0.0,0.0,0.0,0.0,0.0,0.0,0.0,0.0,0.0,0.0,0.0,0.0,Leave Event,0.0,"{'node_level': {}, 'link_level': {}, 'path_level': {}}","{'node_level': {}, 'link_level': {}, 'path_level': {}}","{'node_level': {}, 'link_level': {}, 'path_level': {}}",[],-inf,-inf,True,True,False,0,[],0,0.0,,,
133,40,6,4027.0,11190.0,1631169.0084908241,4846978.674438545,0.35987488829311887,0.3365331514852956,16,243,1,3343.0,3110,486,2624,0.33149931224209084,0.4268239405854085,132,514.9248855925074,3343.0,6,7,True,"{2: np.int64(18), 3: np.int64(26), 1: np.int64(25), 5: np.int64(17), 4: np.int64(24), 0: np.int64(16)}","{(0, 1): [(np.int64(16), 8), (8, 3), (3, 1), (1, 4), (4, 9), (9, np.int64(25))], (0, 5): [(np.int64(16), 8), (8, 3), (3, 1), (1, 4), (4, 9), (9, np.int64(17))], (1, 2): [(np.int64(25), 9), (9, 4), (4, 10), (10, np.int64(18))], (1, 3): [(np.int64(25), 9), (9, 4), (4, 10), (10, np.int64(26))], (2, 3): [(np.int64(18), 10), (10, 26)], (2, 4): [(np.int64(18), 10), (10, 4), (4, 1), (1, 3), (3, 8), (8, np.int64(24))], (3, 4): [(np.int64(26), 10), (10, 4), (4, 1), (1, 3), (3, 8), (8, np.int64(24))]}","{(2, np.int64(18)): {'cpu': 19}, (3, np.int64(26)): {'cpu': 15}, (1, np.int64(25)): {'cpu': 18}, (5, np.int64(17)): {'cpu': 15}, (4, np.int64(24)): {'cpu': 8}, (0, np.int64(16)): {'cpu': 6}}","{((0, 1), (np.int64(16), 8)): {'bw': 17}, ((0, 1), (8, 3)): {'bw': 17}, ((0, 1), (3, 1)): {'bw': 17}, ((0, 1), (1, 4)): {'bw': 17}, ((0, 1), (4, 9)): {'bw': 17}, ((0, 1), (9, np.int64(25))): {'bw': 17}, ((0, 5), (np.int64(16), 8)): {'bw': 35}, ((0, 5), (8, 3)): {'bw': 35}, ((0, 5), (3, 1)): {'bw': 35}, ((0, 5), (1, 4)): {'bw': 35}, ((0, 5), (4, 9)): {'bw': 35}, ((0, 5), (9, np.int64(17))): {'bw': 35}, ((1, 2), (np.int64(25), 9)): {'bw': 7}, ((1, 2), (9, 4)): {'bw': 7}, ((1, 2), (4, 10)): {'bw': 7}, ((1, 2), (10, np.int64(18))): {'bw': 7}, ((1, 3), (np.int64(25), 9)): {'bw': 17}, ((1, 3), (9, 4)): {'bw': 17}, ((1, 3), (4, 10)): {'bw': 17}, ((1, 3), (10, np.int64(26))): {'bw': 17}, ((2, 3), (np.int64(18), 10)): {'bw': 30}, ((2, 3), (10, 26)): {'bw': 30}, ((2, 4), (np.int64(18), 10)): {'bw': 48}, ((2, 4), (10, 4)): {'bw': 48}, ((2, 4), (4, 1)): {'bw': 48}, ((2, 4), (1, 3)): {'bw': 48}, ((2, 4), (3, 8)): {'bw': 48}, ((2, 4), (8, np.int64(24))): {'bw': 48}, ((3, 4), (np.int64(26), 10)): {'bw': 11}, ((3, 4), (10, 4)): {'bw': 11}, ((3, 4), (4, 1)): {'bw': 11}, ((3, 4), (1, 3)): {'bw': 11}, ((3, 4), (3, 8)): {'bw': 11}, ((3, 4), (8, np.int64(24))): {'bw': 11}}",903.0,246.0,162.0,81.0,165.0,81.0,165.0,81.0,822.0,657.0,0.2724252491694352,464977.17169003416,126671.52185575682,140.27854026108176,Success,0.0,"{'node_level': {}, 'link_level': {}, 'path_level': {}}","{'node_level': {2: {'cpu': -18}, 3: {'cpu': -18}, 1: {'cpu': -13}, 5: {'cpu': -40}, 4: {'cpu': -32}, 0: {'cpu': -29}}, 'link_level': {(0, 1): {'bw': -98}, (0, 5): {'bw': -47}, (1, 2): {'bw': -107}, (1, 3): {'bw': -90}, (2, 3): {'bw': -139}, (2, 4): {'bw': -32}, (3, 4): {'bw': -21}}, 'path_level': {(0, 1): {}, (0, 5): {}, (1, 2): {}, (1, 3): {}, (2, 3): {}, (2, 4): {}, (3, 4): {}}}","{'node_level': {2: {'cpu': 0}, 3: {'cpu': 0}, 1: {'cpu': 0}, 5: {'cpu': 0}, 4: {'cpu': 0}, 0: {'cpu': 0}}, 'link_level': {(0, 1): {'bw': 0}, (0, 5): {'bw': 0}, (1, 2): {'bw': 0}, (1, 3): {'bw': 0}, (2, 3): {'bw': 0}, (2, 4): {'bw': 0}, (3, 4): {'bw': 0}}, 'path_level': {(0, 1): {}, (0, 5): {}, (1, 2): {}, (1, 3): {}, (2, 3): {}, (2, 4): {}, (3, 4): {}}}",[],-inf,-inf,True,True,False,0,[],0,0.0,0.002255678176879883,6.0,7.0
134,40,6,4027.0,11190.0,1631169.0084908241,4846978.674438545,0.35987488829311887,0.3365331514852956,16,244,1,3365.0,3110,486,2624,0.33149931224209084,0.4268239405854085,133,59.15021835706949,3365.0,4,3,False,"{3: np.int64(19), 0: np.int64(27), 1: np.int64(28), 2: np.int64(20)}","{(0, 3): [(np.int64(27), 11), (11, 19)], (1, 2): [(np.int64(28), 12), (12, 20)], (2, 3): []}","{(3, np.int64(19)): {'cpu': 18}, (0, np.int64(27)): {'cpu': 11}, (1, np.int64(28)): {'cpu': 5}, (2, np.int64(20)): {'cpu': 2}}","{((0, 3), (np.int64(27), 11)): {'bw': 30}, ((0, 3), (11, 19)): {'bw': 30}, ((1, 2), (np.int64(28), 12)): {'bw': 31}, ((1, 2), (12, 20)): {'bw': 31}}",0.0,0.0,72.0,36.0,101.0,0.0,0.0,0.0,0.0,0.0,0.0,0.0,0.0,0.0,Route Failure,10.0,"{'node_level': {}, 'link_level': {}, 'path_level': {}}","{'node_level': {3: {'cpu': -16}, 0: {'cpu': -19}, 1: {'cpu': -29}, 2: {'cpu': -30}}, 'link_level': {(0, 3): {'bw': -120}, (1, 2): {'bw': -30}, (2, 3): {'bw': 10}}, 'path_level': {(0, 3): {}, (1, 2): {}, (2, 3): {}}}","{'node_level': {3: {'cpu': 0}, 0: {'cpu': 0}, 1: {'cpu': 0}, 2: {'cpu': 0}}, 'link_level': {(0, 3): {'bw': 0}, (1, 2): {'bw': 0}, (2, 3): {'bw': 10}}, 'path_level': {(0, 3): {}, (1, 2): {}, (2, 3): {}}}",[],-inf,-inf,True,False,False,0,[],0,0.0,0.0013887882232666016,4.0,3.0
134,40,6,4027.0,11190.0,1631169.0084908241,4846978.674438545,0.35987488829311887,0.3365331514852956,16,245,0,3373.9087198355355,3110,486,2624,0.33149931224209084,0.4268239405854085,117,417.9087198355353,2956.0,5,10,False,{},{},{},{},0.0,0.0,0.0,0.0,0.0,0.0,0.0,0.0,0.0,0.0,0.0,0.0,0.0,0.0,Leave Event,0.0,"{'node_level': {}, 'link_level': {}, 'path_level': {}}","{'node_level': {}, 'link_level': {}, 'path_level': {}}","{'node_level': {}, 'link_level': {}, 'path_level': {}}",[],-inf,-inf,True,True,False,0,[],0,0.0,,,
135,40,6,4027.0,11190.0,1631169.0084908241,4846978.674438545,0.35987488829311887,0.3365331514852956,16,246,1,3391.0,3110,486,2624,0.33149931224209084,0.4268239405854085,134,218.36340101730417,3391.0,5,8,False,"{1: np.int64(19), 4: np.int64(27), 2: np.int64(28), 0: np.int64(20), 3: np.int64(30)}","{(0, 1): [(np.int64(20), 12), (12, 5), (5, 11), (11, np.int64(19))], (0, 3): [(np.int64(20), 12), (12, 5), (5, 2), (2, 6), (6, 14), (14, np.int64(30))], (1, 2): []}","{(1, np.int64(19)): {'cpu': 19}, (4, np.int64(27)): {'cpu': 13}, (2, np.int64(28)): {'cpu': 8}, (0, np.int64(20)): {'cpu': 20}, (3, np.int64(30)): {'cpu': 3}}","{((0, 1), (np.int64(20), 12)): {'bw': 3}, ((0, 1), (12, 5)): {'bw': 3}, ((0, 1), (5, 11)): {'bw': 3}, ((0, 1), (11, np.int64(19))): {'bw': 3}, ((0, 3), (np.int64(20), 12)): {'bw': 28}, ((0, 3), (12, 5)): {'bw': 28}, ((0, 3), (5, 2)): {'bw': 28}, ((0, 3), (2, 6)): {'bw': 28}, ((0, 3), (6, 14)): {'bw': 28}, ((0, 3), (14, np.int64(30))): {'bw': 28}}",0.0,0.0,126.0,63.0,234.0,0.0,0.0,0.0,0.0,0.0,0.0,0.0,0.0,0.0,Route Failure,20.0,"{'node_level': {}, 'link_level': {}, 'path_level': {}}","{'node_level': {1: {'cpu': -15}, 4: {'cpu': -17}, 2: {'cpu': -26}, 0: {'cpu': -12}, 3: {'cpu': -36}}, 'link_level': {(0, 1): {'bw': -52}, (0, 3): {'bw': -3}, (1, 2): {'bw': 20}}, 'path_level': {(0, 1): {}, (0, 3): {}, (1, 2): {}}}","{'node_level': {1: {'cpu': 0}, 4: {'cpu': 0}, 2: {'cpu': 0}, 0: {'cpu': 0}, 3: {'cpu': 0}}, 'link_level': {(0, 1): {'bw': 0}, (0, 3): {'bw': 0}, (1, 2): {'bw': 20}}, 'path_level': {(0, 1): {}, (0, 3): {}, (1, 2): {}}}",[],-inf,-inf,True,False,False,0,[],0,0.0,0.0017361640930175781,5.0,3.0
135,40,6,4027.0,11190.0,1631169.0084908241,4846978.674438545,0.35987488829311887,0.3365331514852956,16,247,0,3402.7693311242356,3110,486,2624,0.33149931224209084,0.4268239405854085,108,674.7693311242354,2728.0,8,13,False,{},{},{},{},0.0,0.0,0.0,0.0,0.0,0.0,0.0,0.0,0.0,0.0,0.0,0.0,0.0,0.0,Leave Event,0.0,"{'node_level': {}, 'link_level': {}, 'path_level': {}}","{'node_level': {}, 'link_level': {}, 'path_level': {}}","{'node_level': {}, 'link_level': {}, 'path_level': {}}",[],-inf,-inf,True,True,False,0,[],0,0.0,,,
135,40,6,4027.0,11190.0,1631169.0084908241,4846978.674438545,0.35987488829311887,0.3365331514852956,16,248,0,3407.8368887571432,3110,486,2624,0.33149931224209084,0.4268239405854085,74,1514.8368887571435,1893.0,6,7,False,{},{},{},{},0.0,0.0,0.0,0.0,0.0,0.0,0.0,0.0,0.0,0.0,0.0,0.0,0.0,0.0,Leave Event,0.0,"{'node_level': {}, 'link_level': {}, 'path_level': {}}","{'node_level': {}, 'link_level': {}, 'path_level': {}}","{'node_level': {}, 'link_level': {}, 'path_level': {}}",[],-inf,-inf,True,True,False,0,[],0,0.0,,,
136,41,7,4066.0,11242.0,1645930.4418942882,4866660.585643163,0.36167941647393703,0.3382053079168592,16,249,1,3421.0,3058,460,2598,0.3672627235213205,0.4325032765399738,135,378.4982923965151,3421.0,2,1,True,"{0: np.int64(19), 1: np.int64(27)}","{(0, 1): [(np.int64(19), 11), (11, 27)]}","{(0, np.int64(19)): {'cpu': 18}, (1, np.int64(27)): {'cpu': 8}}","{((0, 1), (np.int64(19), 11)): {'bw': 13}, ((0, 1), (11, 27)): {'bw': 13}}",52.0,39.0,52.0,26.0,13.0,26.0,13.0,26.0,26.0,13.0,0.75,19681.911204618787,14761.43340346409,283.87371929738634,Success,0.0,"{'node_level': {}, 'link_level': {}, 'path_level': {}}","{'node_level': {0: {'cpu': -16}, 1: {'cpu': -22}}, 'link_level': {(0, 1): {'bw': -137}}, 'path_level': {(0, 1): {}}}","{'node_level': {0: {'cpu': 0}, 1: {'cpu': 0}}, 'link_level': {(0, 1): {'bw': 0}}, 'path_level': {(0, 1): {}}}",[],-inf,-inf,True,True,False,0,[],0,0.0,0.0006210803985595703,2.0,1.0
136,41,7,4066.0,11242.0,1645930.4418942882,4866660.585643163,0.36167941647393703,0.3382053079168592,16,250,0,3423.03251005121,3058,460,2598,0.3672627235213205,0.4325032765399738,129,159.03251005120978,3264.0,7,13,False,{},{},{},{},0.0,0.0,0.0,0.0,0.0,0.0,0.0,0.0,0.0,0.0,0.0,0.0,0.0,0.0,Leave Event,0.0,"{'node_level': {}, 'link_level': {}, 'path_level': {}}","{'node_level': {}, 'link_level': {}, 'path_level': {}}","{'node_level': {}, 'link_level': {}, 'path_level': {}}",[],-inf,-inf,True,True,False,0,[],0,0.0,,,
136,41,7,4066.0,11242.0,1645930.4418942882,4866660.585643163,0.36167941647393703,0.3382053079168592,16,251,0,3424.1502183570697,3058,460,2598,0.3672627235213205,0.4325032765399738,133,59.15021835706949,3365.0,4,3,False,{},{},{},{},0.0,0.0,0.0,0.0,0.0,0.0,0.0,0.0,0.0,0.0,0.0,0.0,0.0,0.0,Leave Event,0.0,"{'node_level': {}, 'link_level': {}, 'path_level': {}}","{'node_level': {}, 'link_level': {}, 'path_level': {}}","{'node_level': {}, 'link_level': {}, 'path_level': {}}",[],-inf,-inf,True,True,False,0,[],0,0.0,,,
137,41,7,4066.0,11242.0,1645930.4418942882,4866660.585643163,0.36167941647393703,0.3382053079168592,16,252,1,3451.0,3058,460,2598,0.3672627235213205,0.4325032765399738,136,0.6783925072354021,3451.0,5,4,False,"{2: np.int64(15), 3: np.int64(23), 4: np.int64(24), 0: np.int64(16), 1: np.int64(28)}","{(0, 2): []}","{(2, np.int64(15)): {'cpu': 18}, (3, np.int64(23)): {'cpu': 15}, (4, np.int64(24)): {'cpu': 11}, (0, np.int64(16)): {'cpu': 3}, (1, np.int64(28)): {'cpu': 3}}",{},0.0,0.0,100.0,50.0,134.0,0.0,0.0,0.0,0.0,0.0,0.0,0.0,0.0,0.0,Route Failure,28.0,"{'node_level': {}, 'link_level': {}, 'path_level': {}}","{'node_level': {2: {'cpu': -23}, 3: {'cpu': -26}, 4: {'cpu': -21}, 0: {'cpu': -26}, 1: {'cpu': -31}}, 'link_level': {(0, 2): {'bw': 28}}, 'path_level': {(0, 2): {}}}","{'node_level': {2: {'cpu': 0}, 3: {'cpu': 0}, 4: {'cpu': 0}, 0: {'cpu': 0}, 1: {'cpu': 0}}, 'link_level': {(0, 2): {'bw': 28}}, 'path_level': {(0, 2): {}}}",[],-inf,-inf,True,False,False,0,[],0,0.0,0.001661062240600586,5.0,1.0
137,41,7,4066.0,11242.0,1645930.4418942882,4866660.585643163,0.36167941647393703,0.3382053079168592,16,253,0,3451.6783925072355,3058,460,2598,0.3672627235213205,0.4325032765399738,136,0.6783925072354021,3451.0,5,4,False,{},{},{},{},0.0,0.0,0.0,0.0,0.0,0.0,0.0,0.0,0.0,0.0,0.0,0.0,0.0,0.0,Leave Event,0.0,"{'node_level': {}, 'link_level': {}, 'path_level': {}}","{'node_level': {}, 'link_level': {}, 'path_level': {}}","{'node_level': {}, 'link_level': {}, 'path_level': {}}",[],-inf,-inf,True,True,False,0,[],0,0.0,,,
137,41,6,4066.0,11242.0,1645930.4418942882,4866660.585643163,0.36167941647393703,0.3382053079168592,16,254,0,3453.63203090265,3492,484,3008,0.3342503438789546,0.3429445172564438,131,138.63203090265026,3315.0,4,4,False,{},{},{},{},0.0,0.0,0.0,0.0,0.0,0.0,0.0,0.0,0.0,0.0,0.0,0.0,0.0,0.0,Leave Event,0.0,"{'node_level': {}, 'link_level': {}, 'path_level': {}}","{'node_level': {}, 'link_level': {}, 'path_level': {}}","{'node_level': {}, 'link_level': {}, 'path_level': {}}",[],-inf,-inf,True,True,False,0,[],0,0.0,,,
138,41,6,4066.0,11242.0,1645930.4418942882,4866660.585643163,0.36167941647393703,0.3382053079168592,16,255,1,3476.0,3492,484,3008,0.3342503438789546,0.3429445172564438,137,387.6649636533973,3476.0,8,11,False,"{2: np.int64(30), 4: np.int64(22), 5: np.int64(21), 0: np.int64(29), 7: np.int64(28), 1: np.int64(27), 6: np.int64(15), 3: np.int64(19)}","{(0, 4): [(np.int64(29), 13), (13, 6), (6, 14), (14, np.int64(22))], (0, 6): [(np.int64(29), 13), (13, 6), (6, 2), (2, 0), (0, 1), (1, 3), (3, 7), (7, np.int64(15))], (1, 5): []}","{(2, np.int64(30)): {'cpu': 19}, (4, np.int64(22)): {'cpu': 16}, (5, np.int64(21)): {'cpu': 4}, (0, np.int64(29)): {'cpu': 9}, (7, np.int64(28)): {'cpu': 7}, (1, np.int64(27)): {'cpu': 6}, (6, np.int64(15)): {'cpu': 4}, (3, np.int64(19)): {'cpu': 0}}","{((0, 4), (np.int64(29), 13)): {'bw': 7}, ((0, 4), (13, 6)): {'bw': 7}, ((0, 4), (6, 14)): {'bw': 7}, ((0, 4), (14, np.int64(22))): {'bw': 7}, ((0, 6), (np.int64(29), 13)): {'bw': 36}, ((0, 6), (13, 6)): {'bw': 36}, ((0, 6), (6, 2)): {'bw': 36}, ((0, 6), (2, 0)): {'bw': 36}, ((0, 6), (0, 1)): {'bw': 36}, ((0, 6), (1, 3)): {'bw': 36}, ((0, 6), (3, 7)): {'bw': 36}, ((0, 6), (7, np.int64(15))): {'bw': 36}}",0.0,0.0,130.0,65.0,329.0,0.0,0.0,0.0,0.0,0.0,0.0,0.0,0.0,0.0,Route Failure,45.0,"{'node_level': {}, 'link_level': {}, 'path_level': {}}","{'node_level': {2: {'cpu': -32}, 4: {'cpu': -20}, 5: {'cpu': -25}, 0: {'cpu': -22}, 7: {'cpu': -27}, 1: {'cpu': -16}, 6: {'cpu': -37}, 3: {'cpu': -16}}, 'link_level': {(0, 4): {'bw': -56}, (0, 6): {'bw': -9}, (1, 5): {'bw': 24}}, 'path_level': {(0, 4): {}, (0, 6): {}, (1, 5): {}}}","{'node_level': {2: {'cpu': 0}, 4: {'cpu': 0}, 5: {'cpu': 0}, 0: {'cpu': 0}, 7: {'cpu': 0}, 1: {'cpu': 0}, 6: {'cpu': 0}, 3: {'cpu': 0}}, 'link_level': {(0, 4): {'bw': 0}, (0, 6): {'bw': 0}, (1, 5): {'bw': 45}}, 'path_level': {(0, 4): {}, (0, 6): {}, (1, 5): {}}}",[],-inf,-inf,True,False,False,0,[],0,0.0,0.0029120445251464844,8.0,3.0
139,42,7,4104.0,11295.0,1654357.507558412,4878414.124595757,0.3633466135458167,0.3391178906312096,16,256,1,3494.0,3439,461,2978,0.36588720770288863,0.3494975972040192,138,221.76488589799177,3494.0,2,1,True,"{1: np.int64(30), 0: np.int64(22)}","{(0, 1): [(np.int64(22), 14), (14, 30)]}","{(1, np.int64(30)): {'cpu': 19}, (0, np.int64(22)): {'cpu': 4}}","{((0, 1), (np.int64(22), 14)): {'bw': 15}, ((0, 1), (14, 30)): {'bw': 15}}",53.0,38.0,46.0,23.0,15.0,23.0,15.0,23.0,30.0,15.0,0.7169811320754716,11753.538952593564,8427.065664123687,159.00123894572994,Success,0.0,"{'node_level': {}, 'link_level': {}, 'path_level': {}}","{'node_level': {1: {'cpu': -32}, 0: {'cpu': -32}}, 'link_level': {(0, 1): {'bw': -133}}, 'path_level': {(0, 1): {}}}","{'node_level': {1: {'cpu': 0}, 0: {'cpu': 0}}, 'link_level': {(0, 1): {'bw': 0}}, 'path_level': {(0, 1): {}}}",[],-inf,-inf,True,True,False,0,[],0,0.0,0.0006170272827148438,2.0,1.0
140,42,7,4104.0,11295.0,1654357.507558412,4878414.124595757,0.3633466135458167,0.3391178906312096,16,257,1,3511.0,3439,461,2978,0.36588720770288863,0.3494975972040192,139,364.7065587337378,3511.0,5,7,False,"{4: np.int64(21), 3: np.int64(29), 1: np.int64(22), 2: np.int64(30), 0: np.int64(28)}","{(0, 2): [(np.int64(28), 12), (12, 5), (5, 2), (2, 6), (6, 14), (14, np.int64(30))], (0, 3): []}","{(4, np.int64(21)): {'cpu': 18}, (3, np.int64(29)): {'cpu': 15}, (1, np.int64(22)): {'cpu': 14}, (2, np.int64(30)): {'cpu': 6}, (0, np.int64(28)): {'cpu': 0}}","{((0, 2), (np.int64(28), 12)): {'bw': 31}, ((0, 2), (12, 5)): {'bw': 31}, ((0, 2), (5, 2)): {'bw': 31}, ((0, 2), (2, 6)): {'bw': 31}, ((0, 2), (6, 14)): {'bw': 31}, ((0, 2), (14, np.int64(30))): {'bw': 31}}",0.0,0.0,106.0,53.0,222.0,0.0,0.0,0.0,0.0,0.0,0.0,0.0,0.0,0.0,Route Failure,42.0,"{'node_level': {}, 'link_level': {}, 'path_level': {}}","{'node_level': {4: {'cpu': -11}, 3: {'cpu': -16}, 1: {'cpu': -18}, 2: {'cpu': -26}, 0: {'cpu': -34}}, 'link_level': {(0, 2): {'bw': -22}, (0, 3): {'bw': 20}}, 'path_level': {(0, 2): {}, (0, 3): {}}}","{'node_level': {4: {'cpu': 0}, 3: {'cpu': 0}, 1: {'cpu': 0}, 2: {'cpu': 0}, 0: {'cpu': 0}}, 'link_level': {(0, 2): {'bw': 0}, (0, 3): {'bw': 42}}, 'path_level': {(0, 2): {}, (0, 3): {}}}",[],-inf,-inf,True,False,False,0,[],0,0.0,0.0019712448120117188,5.0,2.0
140,42,6,4104.0,11295.0,1654357.507558412,4878414.124595757,0.3633466135458167,0.3391178906312096,16,258,0,3529.947966079997,3467,487,2980,0.33012379642365886,0.3490607252075142,126,338.9479660799969,3191.0,2,1,False,{},{},{},{},0.0,0.0,0.0,0.0,0.0,0.0,0.0,0.0,0.0,0.0,0.0,0.0,0.0,0.0,Leave Event,0.0,"{'node_level': {}, 'link_level': {}, 'path_level': {}}","{'node_level': {}, 'link_level': {}, 'path_level': {}}","{'node_level': {}, 'link_level': {}, 'path_level': {}}",[],-inf,-inf,True,True,False,0,[],0,0.0,,,
141,42,6,4104.0,11295.0,1654357.507558412,4878414.124595757,0.3633466135458167,0.3391178906312096,16,259,1,3536.0,3467,487,2980,0.33012379642365886,0.3490607252075142,140,120.21674643818417,3536.0,6,8,False,"{0: np.int64(21), 3: np.int64(29), 2: np.int64(22), 4: np.int64(30), 1: np.int64(28), 5: np.int64(27)}","{(0, 3): [(np.int64(21), 13), (13, 29)], (0, 4): [(np.int64(21), 13), (13, 6), (6, 14), (14, np.int64(30))], (0, 5): [(np.int64(21), 13), (13, 6), (6, 2), (2, 5), (5, 11), (11, np.int64(27))], (1, 3): []}","{(0, np.int64(21)): {'cpu': 19}, (3, np.int64(29)): {'cpu': 19}, (2, np.int64(22)): {'cpu': 16}, (4, np.int64(30)): {'cpu': 12}, (1, np.int64(28)): {'cpu': 11}, (5, np.int64(27)): {'cpu': 11}}","{((0, 3), (np.int64(21), 13)): {'bw': 50}, ((0, 3), (13, 29)): {'bw': 50}, ((0, 4), (np.int64(21), 13)): {'bw': 24}, ((0, 4), (13, 6)): {'bw': 24}, ((0, 4), (6, 14)): {'bw': 24}, ((0, 4), (14, np.int64(30))): {'bw': 24}, ((0, 5), (np.int64(21), 13)): {'bw': 39}, ((0, 5), (13, 6)): {'bw': 39}, ((0, 5), (6, 2)): {'bw': 39}, ((0, 5), (2, 5)): {'bw': 39}, ((0, 5), (5, 11)): {'bw': 39}, ((0, 5), (11, np.int64(27))): {'bw': 39}}",0.0,0.0,176.0,88.0,216.0,0.0,0.0,0.0,0.0,0.0,0.0,0.0,0.0,0.0,Route Failure,30.0,"{'node_level': {}, 'link_level': {}, 'path_level': {}}","{'node_level': {0: {'cpu': -23}, 3: {'cpu': -25}, 2: {'cpu': -16}, 4: {'cpu': -20}, 1: {'cpu': -23}, 5: {'cpu': -11}}, 'link_level': {(0, 3): {'bw': -46}, (0, 4): {'bw': -39}, (0, 5): {'bw': 0}, (1, 3): {'bw': 22}}, 'path_level': {(0, 3): {}, (0, 4): {}, (0, 5): {}, (1, 3): {}}}","{'node_level': {0: {'cpu': 0}, 3: {'cpu': 0}, 2: {'cpu': 0}, 4: {'cpu': 0}, 1: {'cpu': 0}, 5: {'cpu': 0}}, 'link_level': {(0, 3): {'bw': 0}, (0, 4): {'bw': 0}, (0, 5): {'bw': 0}, (1, 3): {'bw': 30}}, 'path_level': {(0, 3): {}, (0, 4): {}, (0, 5): {}, (1, 3): {}}}",[],-inf,-inf,True,False,False,0,[],0,0.0,0.002165079116821289,6.0,4.0
142,42,6,4104.0,11295.0,1654357.507558412,4878414.124595757,0.3633466135458167,0.3391178906312096,16,260,1,3558.0,3467,487,2980,0.33012379642365886,0.3490607252075142,141,1197.4734964543995,3558.0,10,26,False,"{2: np.int64(21), 6: np.int64(29), 3: np.int64(22), 4: np.int64(30), 1: np.int64(28), 0: np.int64(27), 5: np.int64(15), 8: np.int64(19), 9: np.int64(23), 7: np.int64(20)}","{(0, 1): [(np.int64(27), 11), (11, 5), (5, 12), (12, np.int64(28))], (0, 2): [(np.int64(27), 11), (11, 5), (5, 2), (2, 6), (6, 13), (13, np.int64(21))], (0, 3): []}","{(2, np.int64(21)): {'cpu': 15}, (6, np.int64(29)): {'cpu': 14}, (3, np.int64(22)): {'cpu': 10}, (4, np.int64(30)): {'cpu': 15}, (1, np.int64(28)): {'cpu': 7}, (0, np.int64(27)): {'cpu': 11}, (5, np.int64(15)): {'cpu': 5}, (8, np.int64(19)): {'cpu': 4}, (9, np.int64(23)): {'cpu': 5}, (7, np.int64(20)): {'cpu': 3}}","{((0, 1), (np.int64(27), 11)): {'bw': 13}, ((0, 1), (11, 5)): {'bw': 13}, ((0, 1), (5, 12)): {'bw': 13}, ((0, 1), (12, np.int64(28))): {'bw': 13}, ((0, 2), (np.int64(27), 11)): {'bw': 7}, ((0, 2), (11, 5)): {'bw': 7}, ((0, 2), (5, 2)): {'bw': 7}, ((0, 2), (2, 6)): {'bw': 7}, ((0, 2), (6, 13)): {'bw': 7}, ((0, 2), (13, np.int64(21))): {'bw': 7}}",0.0,0.0,178.0,89.0,610.0,0.0,0.0,0.0,0.0,0.0,0.0,0.0,0.0,0.0,Route Failure,4.0,"{'node_level': {}, 'link_level': {}, 'path_level': {}}","{'node_level': {2: {'cpu': -27}, 6: {'cpu': -30}, 3: {'cpu': -22}, 4: {'cpu': -17}, 1: {'cpu': -27}, 0: {'cpu': -11}, 5: {'cpu': -36}, 8: {'cpu': -12}, 9: {'cpu': -36}, 7: {'cpu': -29}}, 'link_level': {(0, 1): {'bw': -42}, (0, 2): {'bw': -46}, (0, 3): {'bw': 4}}, 'path_level': {(0, 1): {}, (0, 2): {}, (0, 3): {}}}","{'node_level': {2: {'cpu': 0}, 6: {'cpu': 0}, 3: {'cpu': 0}, 4: {'cpu': 0}, 1: {'cpu': 0}, 0: {'cpu': 0}, 5: {'cpu': 0}, 8: {'cpu': 0}, 9: {'cpu': 0}, 7: {'cpu': 0}}, 'link_level': {(0, 1): {'bw': 0}, (0, 2): {'bw': 0}, (0, 3): {'bw': 4}}, 'path_level': {(0, 1): {}, (0, 2): {}, (0, 3): {}}}",[],-inf,-inf,True,False,False,0,[],0,0.0,0.003244161605834961,10.0,3.0
143,42,6,4104.0,11295.0,1654357.507558412,4878414.124595757,0.3633466135458167,0.3391178906312096,16,261,1,3576.0,3467,487,2980,0.33012379642365886,0.3490607252075142,142,929.6840235673449,3576.0,8,15,False,"{1: np.int64(21), 0: np.int64(29), 3: np.int64(22), 5: np.int64(30), 4: np.int64(28), 6: np.int64(27), 7: np.int64(15), 2: np.int64(19)}","{(0, 1): [(np.int64(29), 13), (13, 21)], (0, 4): [(np.int64(29), 13), (13, 6), (6, 2), (2, 5), (5, 12), (12, np.int64(28))], (0, 5): []}","{(1, np.int64(21)): {'cpu': 20}, (0, np.int64(29)): {'cpu': 8}, (3, np.int64(22)): {'cpu': 20}, (5, np.int64(30)): {'cpu': 5}, (4, np.int64(28)): {'cpu': 12}, (6, np.int64(27)): {'cpu': 7}, (7, np.int64(15)): {'cpu': 6}, (2, np.int64(19)): {'cpu': 0}}","{((0, 1), (np.int64(29), 13)): {'bw': 41}, ((0, 1), (13, 21)): {'bw': 41}, ((0, 4), (np.int64(29), 13)): {'bw': 20}, ((0, 4), (13, 6)): {'bw': 20}, ((0, 4), (6, 2)): {'bw': 20}, ((0, 4), (2, 5)): {'bw': 20}, ((0, 4), (5, 12)): {'bw': 20}, ((0, 4), (12, np.int64(28))): {'bw': 20}}",0.0,0.0,156.0,78.0,320.0,0.0,0.0,0.0,0.0,0.0,0.0,0.0,0.0,0.0,Route Failure,14.0,"{'node_level': {}, 'link_level': {}, 'path_level': {}}","{'node_level': {1: {'cpu': -22}, 0: {'cpu': -36}, 3: {'cpu': -12}, 5: {'cpu': -27}, 4: {'cpu': -22}, 6: {'cpu': -15}, 7: {'cpu': -35}, 2: {'cpu': -16}}, 'link_level': {(0, 1): {'bw': -55}, (0, 4): {'bw': -33}, (0, 5): {'bw': 11}}, 'path_level': {(0, 1): {}, (0, 4): {}, (0, 5): {}}}","{'node_level': {1: {'cpu': 0}, 0: {'cpu': 0}, 3: {'cpu': 0}, 5: {'cpu': 0}, 4: {'cpu': 0}, 6: {'cpu': 0}, 7: {'cpu': 0}, 2: {'cpu': 0}}, 'link_level': {(0, 1): {'bw': 0}, (0, 4): {'bw': 0}, (0, 5): {'bw': 14}}, 'path_level': {(0, 1): {}, (0, 4): {}, (0, 5): {}}}",[],-inf,-inf,True,False,False,0,[],0,0.0,0.0028600692749023438,8.0,3.0
143,42,6,4104.0,11295.0,1654357.507558412,4878414.124595757,0.3633466135458167,0.3391178906312096,16,262,0,3609.363401017304,3467,487,2980,0.33012379642365886,0.3490607252075142,134,218.36340101730417,3391.0,5,8,False,{},{},{},{},0.0,0.0,0.0,0.0,0.0,0.0,0.0,0.0,0.0,0.0,0.0,0.0,0.0,0.0,Leave Event,0.0,"{'node_level': {}, 'link_level': {}, 'path_level': {}}","{'node_level': {}, 'link_level': {}, 'path_level': {}}","{'node_level': {}, 'link_level': {}, 'path_level': {}}",[],-inf,-inf,True,True,False,0,[],0,0.0,,,
144,42,6,4104.0,11295.0,1654357.507558412,4878414.124595757,0.3633466135458167,0.3391178906312096,16,263,1,3611.0,3467,487,2980,0.33012379642365886,0.3490607252075142,143,140.38585234776247,3611.0,5,7,False,"{2: np.int64(21), 4: np.int64(29), 1: np.int64(22), 0: np.int64(30), 3: np.int64(28)}","{(0, 1): [(np.int64(30), 14), (14, 22)], (0, 2): [(np.int64(30), 14), (14, 6), (6, 13), (13, np.int64(21))], (1, 2): [(np.int64(22), 14), (14, 6), (6, 13), (13, np.int64(21))], (1, 3): [(np.int64(22), 14), (14, 6), (6, 2), (2, 5), (5, 12), (12, np.int64(28))], (2, 3): []}","{(2, np.int64(21)): {'cpu': 9}, (4, np.int64(29)): {'cpu': 19}, (1, np.int64(22)): {'cpu': 9}, (0, np.int64(30)): {'cpu': 19}, (3, np.int64(28)): {'cpu': 0}}","{((0, 1), (np.int64(30), 14)): {'bw': 12}, ((0, 1), (14, 22)): {'bw': 12}, ((0, 2), (np.int64(30), 14)): {'bw': 14}, ((0, 2), (14, 6)): {'bw': 14}, ((0, 2), (6, 13)): {'bw': 14}, ((0, 2), (13, np.int64(21))): {'bw': 14}, ((1, 2), (np.int64(22), 14)): {'bw': 30}, ((1, 2), (14, 6)): {'bw': 30}, ((1, 2), (6, 13)): {'bw': 30}, ((1, 2), (13, np.int64(21))): {'bw': 30}, ((1, 3), (np.int64(22), 14)): {'bw': 14}, ((1, 3), (14, 6)): {'bw': 14}, ((1, 3), (6, 2)): {'bw': 14}, ((1, 3), (2, 5)): {'bw': 14}, ((1, 3), (5, 12)): {'bw': 14}, ((1, 3), (12, np.int64(28))): {'bw': 14}}",0.0,0.0,112.0,56.0,142.0,0.0,0.0,0.0,0.0,0.0,0.0,0.0,0.0,0.0,Route Failure,33.0,"{'node_level': {}, 'link_level': {}, 'path_level': {}}","{'node_level': {2: {'cpu': -33}, 4: {'cpu': -25}, 1: {'cpu': -23}, 0: {'cpu': -13}, 3: {'cpu': -34}}, 'link_level': {(0, 1): {'bw': -121}, (0, 2): {'bw': -49}, (1, 2): {'bw': -19}, (1, 3): {'bw': -39}, (2, 3): {'bw': 25}}, 'path_level': {(0, 1): {}, (0, 2): {}, (1, 2): {}, (1, 3): {}, (2, 3): {}}}","{'node_level': {2: {'cpu': 0}, 4: {'cpu': 0}, 1: {'cpu': 0}, 0: {'cpu': 0}, 3: {'cpu': 0}}, 'link_level': {(0, 1): {'bw': 0}, (0, 2): {'bw': 0}, (1, 2): {'bw': 0}, (1, 3): {'bw': 0}, (2, 3): {'bw': 33}}, 'path_level': {(0, 1): {}, (0, 2): {}, (1, 2): {}, (1, 3): {}, (2, 3): {}}}",[],-inf,-inf,True,False,False,0,[],0,0.0,0.0019931793212890625,5.0,5.0
144,42,5,4104.0,11295.0,1654357.507558412,4878414.124595757,0.3633466135458167,0.3391178906312096,16,264,0,3622.429365312433,3528,506,3022,0.3039889958734525,0.33988641328090874,98,1147.4293653124332,2475.0,2,1,False,{},{},{},{},0.0,0.0,0.0,0.0,0.0,0.0,0.0,0.0,0.0,0.0,0.0,0.0,0.0,0.0,Leave Event,0.0,"{'node_level': {}, 'link_level': {}, 'path_level': {}}","{'node_level': {}, 'link_level': {}, 'path_level': {}}","{'node_level': {}, 'link_level': {}, 'path_level': {}}",[],-inf,-inf,True,True,False,0,[],0,0.0,,,
145,42,5,4104.0,11295.0,1654357.507558412,4878414.124595757,0.3633466135458167,0.3391178906312096,16,265,1,3632.0,3528,506,3022,0.3039889958734525,0.33988641328090874,144,1208.1922001685334,3632.0,9,18,False,"{6: np.int64(21), 4: np.int64(29), 3: np.int64(22), 0: np.int64(30), 8: np.int64(28), 1: np.int64(25), 7: np.int64(15), 2: np.int64(27), 5: np.int64(19)}","{(0, 1): [(np.int64(30), 14), (14, 6), (6, 2), (2, 0), (0, 1), (1, 4), (4, 9), (9, np.int64(25))], (0, 3): [(np.int64(30), 14), (14, 22)], (0, 7): []}","{(6, np.int64(21)): {'cpu': 17}, (4, np.int64(29)): {'cpu': 12}, (3, np.int64(22)): {'cpu': 6}, (0, np.int64(30)): {'cpu': 4}, (8, np.int64(28)): {'cpu': 11}, (1, np.int64(25)): {'cpu': 6}, (7, np.int64(15)): {'cpu': 2}, (2, np.int64(27)): {'cpu': 0}, (5, np.int64(19)): {'cpu': 0}}","{((0, 1), (np.int64(30), 14)): {'bw': 44}, ((0, 1), (14, 6)): {'bw': 44}, ((0, 1), (6, 2)): {'bw': 44}, ((0, 1), (2, 0)): {'bw': 44}, ((0, 1), (0, 1)): {'bw': 44}, ((0, 1), (1, 4)): {'bw': 44}, ((0, 1), (4, 9)): {'bw': 44}, ((0, 1), (9, np.int64(25))): {'bw': 44}, ((0, 3), (np.int64(30), 14)): {'bw': 47}, ((0, 3), (14, 22)): {'bw': 47}}",0.0,0.0,116.0,58.0,441.0,0.0,0.0,0.0,0.0,0.0,0.0,0.0,0.0,0.0,Route Failure,30.0,"{'node_level': {}, 'link_level': {}, 'path_level': {}}","{'node_level': {6: {'cpu': -25}, 4: {'cpu': -32}, 3: {'cpu': -26}, 0: {'cpu': -28}, 8: {'cpu': -23}, 1: {'cpu': -26}, 7: {'cpu': -39}, 2: {'cpu': -22}, 5: {'cpu': -16}}, 'link_level': {(0, 1): {'bw': -9}, (0, 3): {'bw': -42}, (0, 7): {'bw': 30}}, 'path_level': {(0, 1): {}, (0, 3): {}, (0, 7): {}}}","{'node_level': {6: {'cpu': 0}, 4: {'cpu': 0}, 3: {'cpu': 0}, 0: {'cpu': 0}, 8: {'cpu': 0}, 1: {'cpu': 0}, 7: {'cpu': 0}, 2: {'cpu': 0}, 5: {'cpu': 0}}, 'link_level': {(0, 1): {'bw': 0}, (0, 3): {'bw': 0}, (0, 7): {'bw': 30}}, 'path_level': {(0, 1): {}, (0, 3): {}, (0, 7): {}}}",[],-inf,-inf,True,False,False,0,[],0,0.0,0.003470897674560547,9.0,3.0
146,42,5,4104.0,11295.0,1654357.507558412,4878414.124595757,0.3633466135458167,0.3391178906312096,16,266,1,3655.0,3528,506,3022,0.3039889958734525,0.33988641328090874,145,855.3535443110845,3655.0,5,7,False,"{2: np.int64(21), 0: np.int64(29), 3: np.int64(22), 1: np.int64(30), 4: np.int64(28)}","{(0, 1): [(np.int64(29), 13), (13, 6), (6, 14), (14, np.int64(30))], (0, 2): [(np.int64(29), 13), (13, 21)], (0, 4): [(np.int64(29), 13), (13, 6), (6, 2), (2, 5), (5, 12), (12, np.int64(28))], (1, 2): [(np.int64(30), 14), (14, 6), (6, 13), (13, np.int64(21))], (1, 3): [(np.int64(30), 14), (14, 22)], (1, 4): [(np.int64(30), 14), (14, 6), (6, 2), (2, 5), (5, 12), (12, np.int64(28))], (2, 3): []}","{(2, np.int64(21)): {'cpu': 17}, (0, np.int64(29)): {'cpu': 14}, (3, np.int64(22)): {'cpu': 14}, (1, np.int64(30)): {'cpu': 6}, (4, np.int64(28)): {'cpu': 6}}","{((0, 1), (np.int64(29), 13)): {'bw': 20}, ((0, 1), (13, 6)): {'bw': 20}, ((0, 1), (6, 14)): {'bw': 20}, ((0, 1), (14, np.int64(30))): {'bw': 20}, ((0, 2), (np.int64(29), 13)): {'bw': 47}, ((0, 2), (13, 21)): {'bw': 47}, ((0, 4), (np.int64(29), 13)): {'bw': 14}, ((0, 4), (13, 6)): {'bw': 14}, ((0, 4), (6, 2)): {'bw': 14}, ((0, 4), (2, 5)): {'bw': 14}, ((0, 4), (5, 12)): {'bw': 14}, ((0, 4), (12, np.int64(28))): {'bw': 14}, ((1, 2), (np.int64(30), 14)): {'bw': 19}, ((1, 2), (14, 6)): {'bw': 19}, ((1, 2), (6, 13)): {'bw': 19}, ((1, 2), (13, np.int64(21))): {'bw': 19}, ((1, 3), (np.int64(30), 14)): {'bw': 22}, ((1, 3), (14, 22)): {'bw': 22}, ((1, 4), (np.int64(30), 14)): {'bw': 14}, ((1, 4), (14, 6)): {'bw': 14}, ((1, 4), (6, 2)): {'bw': 14}, ((1, 4), (2, 5)): {'bw': 14}, ((1, 4), (5, 12)): {'bw': 14}, ((1, 4), (12, np.int64(28))): {'bw': 14}}",0.0,0.0,114.0,57.0,154.0,0.0,0.0,0.0,0.0,0.0,0.0,0.0,0.0,0.0,Route Failure,8.0,"{'node_level': {}, 'link_level': {}, 'path_level': {}}","{'node_level': {2: {'cpu': -25}, 0: {'cpu': -30}, 3: {'cpu': -18}, 1: {'cpu': -26}, 4: {'cpu': -28}}, 'link_level': {(0, 1): {'bw': -43}, (0, 2): {'bw': -29}, (0, 4): {'bw': -15}, (1, 2): {'bw': -10}, (1, 3): {'bw': -72}, (1, 4): {'bw': -25}, (2, 3): {'bw': 8}}, 'path_level': {(0, 1): {}, (0, 2): {}, (0, 4): {}, (1, 2): {}, (1, 3): {}, (1, 4): {}, (2, 3): {}}}","{'node_level': {2: {'cpu': 0}, 0: {'cpu': 0}, 3: {'cpu': 0}, 1: {'cpu': 0}, 4: {'cpu': 0}}, 'link_level': {(0, 1): {'bw': 0}, (0, 2): {'bw': 0}, (0, 4): {'bw': 0}, (1, 2): {'bw': 0}, (1, 3): {'bw': 0}, (1, 4): {'bw': 0}, (2, 3): {'bw': 8}}, 'path_level': {(0, 1): {}, (0, 2): {}, (0, 4): {}, (1, 2): {}, (1, 3): {}, (1, 4): {}, (2, 3): {}}}",[],-inf,-inf,True,False,False,0,[],0,0.0,0.0018696784973144531,5.0,7.0
146,42,5,4104.0,11295.0,1654357.507558412,4878414.124595757,0.3633466135458167,0.3391178906312096,16,267,0,3656.216746438184,3528,506,3022,0.3039889958734525,0.33988641328090874,140,120.21674643818417,3536.0,6,8,False,{},{},{},{},0.0,0.0,0.0,0.0,0.0,0.0,0.0,0.0,0.0,0.0,0.0,0.0,0.0,0.0,Leave Event,0.0,"{'node_level': {}, 'link_level': {}, 'path_level': {}}","{'node_level': {}, 'link_level': {}, 'path_level': {}}","{'node_level': {}, 'link_level': {}, 'path_level': {}}",[],-inf,-inf,True,True,False,0,[],0,0.0,,,
147,43,6,4214.0,11517.0,1679790.1780350904,4929741.877739599,0.3658938959798559,0.34074607143636354,16,268,1,3685.0,3306,464,2842,0.3617606602475929,0.37920489296636084,146,231.2060952425329,3685.0,3,2,True,"{1: np.int64(21), 2: np.int64(29), 0: np.int64(22)}","{(0, 2): [(np.int64(22), 14), (14, 6), (6, 13), (13, np.int64(29))], (1, 2): [(np.int64(21), 13), (13, 29)]}","{(1, np.int64(21)): {'cpu': 20}, (2, np.int64(29)): {'cpu': 9}, (0, np.int64(22)): {'cpu': 13}}","{((0, 2), (np.int64(22), 14)): {'bw': 22}, ((0, 2), (14, 6)): {'bw': 22}, ((0, 2), (6, 13)): {'bw': 22}, ((0, 2), (13, np.int64(29))): {'bw': 22}, ((1, 2), (np.int64(21), 13)): {'bw': 46}, ((1, 2), (13, 29)): {'bw': 46}}",222.0,110.0,84.0,42.0,68.0,42.0,68.0,42.0,180.0,112.0,0.4954954954954955,51327.7531438423,25432.67047667862,114.56157872377757,Success,0.0,"{'node_level': {}, 'link_level': {}, 'path_level': {}}","{'node_level': {1: {'cpu': -22}, 2: {'cpu': -35}, 0: {'cpu': -19}}, 'link_level': {(0, 2): {'bw': -41}, (1, 2): {'bw': -28}}, 'path_level': {(0, 2): {}, (1, 2): {}}}","{'node_level': {1: {'cpu': 0}, 2: {'cpu': 0}, 0: {'cpu': 0}}, 'link_level': {(0, 2): {'bw': 0}, (1, 2): {'bw': 0}}, 'path_level': {(0, 2): {}, (1, 2): {}}}",[],-inf,-inf,True,True,False,0,[],0,0.0,0.0010061264038085938,3.0,2.0
147,43,5,4214.0,11517.0,1679790.1780350904,4929741.877739599,0.3658938959798559,0.34074607143636354,16,269,0,3695.0061165473107,3519,513,3006,0.2943603851444292,0.3433813892529489,104,1066.0061165473107,2629.0,3,2,False,{},{},{},{},0.0,0.0,0.0,0.0,0.0,0.0,0.0,0.0,0.0,0.0,0.0,0.0,0.0,0.0,Leave Event,0.0,"{'node_level': {}, 'link_level': {}, 'path_level': {}}","{'node_level': {}, 'link_level': {}, 'path_level': {}}","{'node_level': {}, 'link_level': {}, 'path_level': {}}",[],-inf,-inf,True,True,False,0,[],0,0.0,,,
147,43,4,4214.0,11517.0,1679790.1780350904,4929741.877739599,0.3658938959798559,0.34074607143636354,16,270,0,3715.764885897992,3572,536,3036,0.26272352132049515,0.33682830930537355,138,221.76488589799177,3494.0,2,1,False,{},{},{},{},0.0,0.0,0.0,0.0,0.0,0.0,0.0,0.0,0.0,0.0,0.0,0.0,0.0,0.0,Leave Event,0.0,"{'node_level': {}, 'link_level': {}, 'path_level': {}}","{'node_level': {}, 'link_level': {}, 'path_level': {}}","{'node_level': {}, 'link_level': {}, 'path_level': {}}",[],-inf,-inf,True,True,False,0,[],0,0.0,,,
148,43,4,4214.0,11517.0,1679790.1780350904,4929741.877739599,0.3658938959798559,0.34074607143636354,16,271,1,3716.0,3572,536,3036,0.26272352132049515,0.33682830930537355,147,265.4430246170026,3716.0,6,8,False,"{0: np.int64(23), 5: np.int64(15), 1: np.int64(30), 4: np.int64(16), 3: np.int64(25), 2: np.int64(17)}","{(0, 1): [(np.int64(23), 7), (7, 3), (3, 1), (1, 0), (0, 2), (2, 6), (6, 14), (14, np.int64(30))], (0, 3): []}","{(0, np.int64(23)): {'cpu': 9}, (5, np.int64(15)): {'cpu': 15}, (1, np.int64(30)): {'cpu': 11}, (4, np.int64(16)): {'cpu': 13}, (3, np.int64(25)): {'cpu': 1}, (2, np.int64(17)): {'cpu': 2}}","{((0, 1), (np.int64(23), 7)): {'bw': 31}, ((0, 1), (7, 3)): {'bw': 31}, ((0, 1), (3, 1)): {'bw': 31}, ((0, 1), (1, 0)): {'bw': 31}, ((0, 1), (0, 2)): {'bw': 31}, ((0, 1), (2, 6)): {'bw': 31}, ((0, 1), (6, 14)): {'bw': 31}, ((0, 1), (14, np.int64(30))): {'bw': 31}}",0.0,0.0,102.0,51.0,209.0,0.0,0.0,0.0,0.0,0.0,0.0,0.0,0.0,0.0,Route Failure,32.0,"{'node_level': {}, 'link_level': {}, 'path_level': {}}","{'node_level': {0: {'cpu': -51}, 5: {'cpu': -38}, 1: {'cpu': -40}, 4: {'cpu': -34}, 3: {'cpu': -31}, 2: {'cpu': -38}}, 'link_level': {(0, 1): {'bw': -14}, (0, 3): {'bw': 32}}, 'path_level': {(0, 1): {}, (0, 3): {}}}","{'node_level': {0: {'cpu': 0}, 5: {'cpu': 0}, 1: {'cpu': 0}, 4: {'cpu': 0}, 3: {'cpu': 0}, 2: {'cpu': 0}}, 'link_level': {(0, 1): {'bw': 0}, (0, 3): {'bw': 32}}, 'path_level': {(0, 1): {}, (0, 3): {}}}",[],-inf,-inf,True,False,False,0,[],0,0.0,0.0021047592163085938,6.0,2.0
149,43,4,4214.0,11517.0,1679790.1780350904,4929741.877739599,0.3658938959798559,0.34074607143636354,16,272,1,3735.0,3572,536,3036,0.26272352132049515,0.33682830930537355,148,2324.5085243038257,3735.0,10,24,False,"{8: np.int64(23), 1: np.int64(15), 5: np.int64(30), 4: np.int64(16), 0: np.int64(25), 7: np.int64(17), 9: np.int64(28), 3: np.int64(22), 2: np.int64(21), 6: np.int64(27)}","{(0, 2): [(np.int64(25), 9), (9, 4), (4, 1), (1, 0), (0, 2), (2, 6), (6, 13), (13, np.int64(21))], (0, 5): [(np.int64(25), 9), (9, 4), (4, 1), (1, 0), (0, 2), (2, 6), (6, 14), (14, np.int64(30))], (0, 8): [(np.int64(25), 9), (9, 4), (4, 1), (1, 3), (3, 7), (7, np.int64(23))], (0, 9): [(np.int64(25), 9), (9, 4), (4, 1), (1, 0), (0, 2), (2, 5), (5, 12), (12, np.int64(28))], (1, 2): []}","{(8, np.int64(23)): {'cpu': 17}, (1, np.int64(15)): {'cpu': 13}, (5, np.int64(30)): {'cpu': 6}, (4, np.int64(16)): {'cpu': 17}, (0, np.int64(25)): {'cpu': 9}, (7, np.int64(17)): {'cpu': 4}, (9, np.int64(28)): {'cpu': 4}, (3, np.int64(22)): {'cpu': 1}, (2, np.int64(21)): {'cpu': 0}, (6, np.int64(27)): {'cpu': 0}}","{((0, 2), (np.int64(25), 9)): {'bw': 29}, ((0, 2), (9, 4)): {'bw': 29}, ((0, 2), (4, 1)): {'bw': 29}, ((0, 2), (1, 0)): {'bw': 29}, ((0, 2), (0, 2)): {'bw': 29}, ((0, 2), (2, 6)): {'bw': 29}, ((0, 2), (6, 13)): {'bw': 29}, ((0, 2), (13, np.int64(21))): {'bw': 29}, ((0, 5), (np.int64(25), 9)): {'bw': 14}, ((0, 5), (9, 4)): {'bw': 14}, ((0, 5), (4, 1)): {'bw': 14}, ((0, 5), (1, 0)): {'bw': 14}, ((0, 5), (0, 2)): {'bw': 14}, ((0, 5), (2, 6)): {'bw': 14}, ((0, 5), (6, 14)): {'bw': 14}, ((0, 5), (14, np.int64(30))): {'bw': 14}, ((0, 8), (np.int64(25), 9)): {'bw': 7}, ((0, 8), (9, 4)): {'bw': 7}, ((0, 8), (4, 1)): {'bw': 7}, ((0, 8), (1, 3)): {'bw': 7}, ((0, 8), (3, 7)): {'bw': 7}, ((0, 8), (7, np.int64(23))): {'bw': 7}, ((0, 9), (np.int64(25), 9)): {'bw': 1}, ((0, 9), (9, 4)): {'bw': 1}, ((0, 9), (4, 1)): {'bw': 1}, ((0, 9), (1, 0)): {'bw': 1}, ((0, 9), (0, 2)): {'bw': 1}, ((0, 9), (2, 5)): {'bw': 1}, ((0, 9), (5, 12)): {'bw': 1}, ((0, 9), (12, np.int64(28))): {'bw': 1}}",0.0,0.0,142.0,71.0,443.0,0.0,0.0,0.0,0.0,0.0,0.0,0.0,0.0,0.0,Route Failure,14.0,"{'node_level': {}, 'link_level': {}, 'path_level': {}}","{'node_level': {8: {'cpu': -43}, 1: {'cpu': -40}, 5: {'cpu': -45}, 4: {'cpu': -30}, 0: {'cpu': -23}, 7: {'cpu': -36}, 9: {'cpu': -30}, 3: {'cpu': -22}, 2: {'cpu': -22}, 6: {'cpu': -22}}, 'link_level': {(0, 2): {'bw': -12}, (0, 5): {'bw': -10}, (0, 8): {'bw': -5}, (0, 9): {'bw': -4}, (1, 2): {'bw': 8}}, 'path_level': {(0, 2): {}, (0, 5): {}, (0, 8): {}, (0, 9): {}, (1, 2): {}}}","{'node_level': {8: {'cpu': 0}, 1: {'cpu': 0}, 5: {'cpu': 0}, 4: {'cpu': 0}, 0: {'cpu': 0}, 7: {'cpu': 0}, 9: {'cpu': 0}, 3: {'cpu': 0}, 2: {'cpu': 0}, 6: {'cpu': 0}}, 'link_level': {(0, 2): {'bw': 0}, (0, 5): {'bw': 0}, (0, 8): {'bw': 0}, (0, 9): {'bw': 0}, (1, 2): {'bw': 14}}, 'path_level': {(0, 2): {}, (0, 5): {}, (0, 8): {}, (0, 9): {}, (1, 2): {}}}",[],-inf,-inf,True,False,False,0,[],0,0.0,0.0037980079650878906,10.0,5.0
149,43,4,4214.0,11517.0,1679790.1780350904,4929741.877739599,0.3658938959798559,0.34074607143636354,16,273,0,3746.596327773701,3572,536,3036,0.26272352132049515,0.33682830930537355,112,919.5963277737009,2827.0,9,19,False,{},{},{},{},0.0,0.0,0.0,0.0,0.0,0.0,0.0,0.0,0.0,0.0,0.0,0.0,0.0,0.0,Leave Event,0.0,"{'node_level': {}, 'link_level': {}, 'path_level': {}}","{'node_level': {}, 'link_level': {}, 'path_level': {}}","{'node_level': {}, 'link_level': {}, 'path_level': {}}",[],-inf,-inf,True,True,False,0,[],0,0.0,,,
149,43,4,4214.0,11517.0,1679790.1780350904,4929741.877739599,0.3658938959798559,0.34074607143636354,16,274,0,3751.3858523477625,3572,536,3036,0.26272352132049515,0.33682830930537355,143,140.38585234776247,3611.0,5,7,False,{},{},{},{},0.0,0.0,0.0,0.0,0.0,0.0,0.0,0.0,0.0,0.0,0.0,0.0,0.0,0.0,Leave Event,0.0,"{'node_level': {}, 'link_level': {}, 'path_level': {}}","{'node_level': {}, 'link_level': {}, 'path_level': {}}","{'node_level': {}, 'link_level': {}, 'path_level': {}}",[],-inf,-inf,True,True,False,0,[],0,0.0,,,
150,43,4,4214.0,11517.0,1679790.1780350904,4929741.877739599,0.3658938959798559,0.34074607143636354,16,275,1,3759.0,3572,536,3036,0.26272352132049515,0.33682830930537355,149,73.97620810331965,3759.0,5,6,False,"{3: np.int64(23), 1: np.int64(15), 4: np.int64(30), 0: np.int64(16), 2: np.int64(25)}","{(0, 1): [(np.int64(16), 8), (8, 3), (3, 7), (7, np.int64(15))], (0, 3): []}","{(3, np.int64(23)): {'cpu': 20}, (1, np.int64(15)): {'cpu': 8}, (4, np.int64(30)): {'cpu': 6}, (0, np.int64(16)): {'cpu': 1}, (2, np.int64(25)): {'cpu': 0}}","{((0, 1), (np.int64(16), 8)): {'bw': 16}, ((0, 1), (8, 3)): {'bw': 16}, ((0, 1), (3, 7)): {'bw': 16}, ((0, 1), (7, np.int64(15))): {'bw': 16}}",0.0,0.0,70.0,35.0,145.0,0.0,0.0,0.0,0.0,0.0,0.0,0.0,0.0,0.0,Route Failure,15.0,"{'node_level': {}, 'link_level': {}, 'path_level': {}}","{'node_level': {3: {'cpu': -40}, 1: {'cpu': -45}, 4: {'cpu': -45}, 0: {'cpu': -46}, 2: {'cpu': -32}}, 'link_level': {(0, 1): {'bw': -22}, (0, 3): {'bw': 15}}, 'path_level': {(0, 1): {}, (0, 3): {}}}","{'node_level': {3: {'cpu': 0}, 1: {'cpu': 0}, 4: {'cpu': 0}, 0: {'cpu': 0}, 2: {'cpu': 0}}, 'link_level': {(0, 1): {'bw': 0}, (0, 3): {'bw': 15}}, 'path_level': {(0, 1): {}, (0, 3): {}}}",[],-inf,-inf,True,False,False,0,[],0,0.0,0.001950979232788086,5.0,2.0
150,43,4,4214.0,11517.0,1679790.1780350904,4929741.877739599,0.3658938959798559,0.34074607143636354,16,276,0,3771.9885026961606,3572,536,3036,0.26272352132049515,0.33682830930537355,128,537.9885026961606,3234.0,9,18,False,{},{},{},{},0.0,0.0,0.0,0.0,0.0,0.0,0.0,0.0,0.0,0.0,0.0,0.0,0.0,0.0,Leave Event,0.0,"{'node_level': {}, 'link_level': {}, 'path_level': {}}","{'node_level': {}, 'link_level': {}, 'path_level': {}}","{'node_level': {}, 'link_level': {}, 'path_level': {}}",[],-inf,-inf,True,True,False,0,[],0,0.0,,,
150,43,4,4214.0,11517.0,1679790.1780350904,4929741.877739599,0.3658938959798559,0.34074607143636354,16,277,0,3782.0280335191846,3572,536,3036,0.26272352132049515,0.33682830930537355,113,936.0280335191845,2846.0,5,7,False,{},{},{},{},0.0,0.0,0.0,0.0,0.0,0.0,0.0,0.0,0.0,0.0,0.0,0.0,0.0,0.0,Leave Event,0.0,"{'node_level': {}, 'link_level': {}, 'path_level': {}}","{'node_level': {}, 'link_level': {}, 'path_level': {}}","{'node_level': {}, 'link_level': {}, 'path_level': {}}",[],-inf,-inf,True,True,False,0,[],0,0.0,,,
151,44,5,4243.0,11551.0,1682268.2164946417,4932647.164209418,0.36732750411219806,0.34104774991832765,16,278,1,3789.0,3538,512,3026,0.29573590096286106,0.33901266928789864,150,85.44960205349047,3789.0,2,1,True,"{1: np.int64(23), 0: np.int64(15)}","{(0, 1): [(np.int64(15), 7), (7, 23)]}","{(1, np.int64(23)): {'cpu': 20}, (0, np.int64(15)): {'cpu': 4}}","{((0, 1), (np.int64(15), 7)): {'bw': 5}, ((0, 1), (7, 23)): {'bw': 5}}",34.0,29.0,48.0,24.0,5.0,24.0,5.0,24.0,10.0,5.0,0.8529411764705882,2905.286469818676,2478.0384595512237,72.88348410444775,Success,0.0,"{'node_level': {}, 'link_level': {}, 'path_level': {}}","{'node_level': {1: {'cpu': -40}, 0: {'cpu': -49}}, 'link_level': {(0, 1): {'bw': -128}}, 'path_level': {(0, 1): {}}}","{'node_level': {1: {'cpu': 0}, 0: {'cpu': 0}}, 'link_level': {(0, 1): {'bw': 0}}, 'path_level': {(0, 1): {}}}",[],-inf,-inf,True,True,False,0,[],0,0.0,0.0006098747253417969,2.0,1.0
151,44,4,4243.0,11551.0,1682268.2164946417,4932647.164209418,0.36732750411219806,0.34104774991832765,16,279,0,3799.4982923965154,3590,538,3052,0.2599724896836314,0.33333333333333337,135,378.4982923965151,3421.0,2,1,False,{},{},{},{},0.0,0.0,0.0,0.0,0.0,0.0,0.0,0.0,0.0,0.0,0.0,0.0,0.0,0.0,Leave Event,0.0,"{'node_level': {}, 'link_level': {}, 'path_level': {}}","{'node_level': {}, 'link_level': {}, 'path_level': {}}","{'node_level': {}, 'link_level': {}, 'path_level': {}}",[],-inf,-inf,True,True,False,0,[],0,0.0,,,
151,44,4,4243.0,11551.0,1682268.2164946417,4932647.164209418,0.36732750411219806,0.34104774991832765,16,280,0,3808.45061640829,3590,538,3052,0.2599724896836314,0.33333333333333337,130,518.45061640829,3290.0,10,24,False,{},{},{},{},0.0,0.0,0.0,0.0,0.0,0.0,0.0,0.0,0.0,0.0,0.0,0.0,0.0,0.0,Leave Event,0.0,"{'node_level': {}, 'link_level': {}, 'path_level': {}}","{'node_level': {}, 'link_level': {}, 'path_level': {}}","{'node_level': {}, 'link_level': {}, 'path_level': {}}",[],-inf,-inf,True,True,False,0,[],0,0.0,,,
152,44,4,4243.0,11551.0,1682268.2164946417,4932647.164209418,0.36732750411219806,0.34104774991832765,16,281,1,3813.0,3590,538,3052,0.2599724896836314,0.33333333333333337,151,65.31064350500918,3813.0,4,3,False,"{2: np.int64(30), 3: np.int64(22), 1: np.int64(19), 0: np.int64(27)}","{(0, 3): [(np.int64(27), 11), (11, 5), (5, 2), (2, 6), (6, 14), (14, np.int64(22))], (1, 2): []}","{(2, np.int64(30)): {'cpu': 20}, (3, np.int64(22)): {'cpu': 10}, (1, np.int64(19)): {'cpu': 7}, (0, np.int64(27)): {'cpu': 7}}","{((0, 3), (np.int64(27), 11)): {'bw': 14}, ((0, 3), (11, 5)): {'bw': 14}, ((0, 3), (5, 2)): {'bw': 14}, ((0, 3), (2, 6)): {'bw': 14}, ((0, 3), (6, 14)): {'bw': 14}, ((0, 3), (14, np.int64(22))): {'bw': 14}}",0.0,0.0,88.0,44.0,94.0,0.0,0.0,0.0,0.0,0.0,0.0,0.0,0.0,0.0,Route Failure,3.0,"{'node_level': {}, 'link_level': {}, 'path_level': {}}","{'node_level': {2: {'cpu': -31}, 3: {'cpu': -13}, 1: {'cpu': -27}, 0: {'cpu': -23}}, 'link_level': {(0, 3): {'bw': -39}, (1, 2): {'bw': 3}}, 'path_level': {(0, 3): {}, (1, 2): {}}}","{'node_level': {2: {'cpu': 0}, 3: {'cpu': 0}, 1: {'cpu': 0}, 0: {'cpu': 0}}, 'link_level': {(0, 3): {'bw': 0}, (1, 2): {'bw': 3}}, 'path_level': {(0, 3): {}, (1, 2): {}}}",[],-inf,-inf,True,False,False,0,[],0,0.0,0.001435995101928711,4.0,2.0
152,44,4,4243.0,11551.0,1682268.2164946417,4932647.164209418,0.36732750411219806,0.34104774991832765,16,282,0,3832.9762081033195,3590,538,3052,0.2599724896836314,0.33333333333333337,149,73.97620810331965,3759.0,5,6,False,{},{},{},{},0.0,0.0,0.0,0.0,0.0,0.0,0.0,0.0,0.0,0.0,0.0,0.0,0.0,0.0,Leave Event,0.0,"{'node_level': {}, 'link_level': {}, 'path_level': {}}","{'node_level': {}, 'link_level': {}, 'path_level': {}}","{'node_level': {}, 'link_level': {}, 'path_level': {}}",[],-inf,-inf,True,True,False,0,[],0,0.0,,,
153,44,4,4243.0,11551.0,1682268.2164946417,4932647.164209418,0.36732750411219806,0.34104774991832765,16,283,1,3841.0,3590,538,3052,0.2599724896836314,0.33333333333333337,152,52.94557096631462,3841.0,6,8,False,"{1: np.int64(30), 3: np.int64(22), 4: np.int64(19), 5: np.int64(27), 2: np.int64(15), 0: np.int64(23)}","{(0, 4): [(np.int64(23), 7), (7, 3), (3, 1), (1, 0), (0, 2), (2, 5), (5, 11), (11, np.int64(19))], (1, 2): [(np.int64(30), 14), (14, 6), (6, 2), (2, 0), (0, 1), (1, 3), (3, 7), (7, np.int64(15))], (1, 3): [(np.int64(30), 14), (14, 22)], (1, 4): [(np.int64(30), 14), (14, 6), (6, 2), (2, 5), (5, 11), (11, np.int64(19))], (1, 5): []}","{(1, np.int64(30)): {'cpu': 11}, (3, np.int64(22)): {'cpu': 8}, (4, np.int64(19)): {'cpu': 4}, (5, np.int64(27)): {'cpu': 5}, (2, np.int64(15)): {'cpu': 2}, (0, np.int64(23)): {'cpu': 3}}","{((0, 4), (np.int64(23), 7)): {'bw': 18}, ((0, 4), (7, 3)): {'bw': 18}, ((0, 4), (3, 1)): {'bw': 18}, ((0, 4), (1, 0)): {'bw': 18}, ((0, 4), (0, 2)): {'bw': 18}, ((0, 4), (2, 5)): {'bw': 18}, ((0, 4), (5, 11)): {'bw': 18}, ((0, 4), (11, np.int64(19))): {'bw': 18}, ((1, 2), (np.int64(30), 14)): {'bw': 21}, ((1, 2), (14, 6)): {'bw': 21}, ((1, 2), (6, 2)): {'bw': 21}, ((1, 2), (2, 0)): {'bw': 21}, ((1, 2), (0, 1)): {'bw': 21}, ((1, 2), (1, 3)): {'bw': 21}, ((1, 2), (3, 7)): {'bw': 21}, ((1, 2), (7, np.int64(15))): {'bw': 21}, ((1, 3), (np.int64(30), 14)): {'bw': 14}, ((1, 3), (14, 22)): {'bw': 14}, ((1, 4), (np.int64(30), 14)): {'bw': 22}, ((1, 4), (14, 6)): {'bw': 22}, ((1, 4), (6, 2)): {'bw': 22}, ((1, 4), (2, 5)): {'bw': 22}, ((1, 4), (5, 11)): {'bw': 22}, ((1, 4), (11, np.int64(19))): {'bw': 22}}",0.0,0.0,66.0,33.0,144.0,0.0,0.0,0.0,0.0,0.0,0.0,0.0,0.0,0.0,Route Failure,7.0,"{'node_level': {}, 'link_level': {}, 'path_level': {}}","{'node_level': {1: {'cpu': -40}, 3: {'cpu': -15}, 4: {'cpu': -30}, 5: {'cpu': -25}, 2: {'cpu': -47}, 0: {'cpu': -37}}, 'link_level': {(0, 4): {'bw': -27}, (1, 2): {'bw': -6}, (1, 3): {'bw': -113}, (1, 4): {'bw': -10}, (1, 5): {'bw': 7}}, 'path_level': {(0, 4): {}, (1, 2): {}, (1, 3): {}, (1, 4): {}, (1, 5): {}}}","{'node_level': {1: {'cpu': 0}, 3: {'cpu': 0}, 4: {'cpu': 0}, 5: {'cpu': 0}, 2: {'cpu': 0}, 0: {'cpu': 0}}, 'link_level': {(0, 4): {'bw': 0}, (1, 2): {'bw': 0}, (1, 3): {'bw': 0}, (1, 4): {'bw': 0}, (1, 5): {'bw': 7}}, 'path_level': {(0, 4): {}, (1, 2): {}, (1, 3): {}, (1, 4): {}, (1, 5): {}}}",[],-inf,-inf,True,False,False,0,[],0,0.0,0.0022132396697998047,6.0,5.0
153,44,3,4243.0,11551.0,1682268.2164946417,4932647.164209418,0.36732750411219806,0.34104774991832765,16,284,0,3857.9248855925075,4493,619,3874,0.14855570839064647,0.15377894276976845,132,514.9248855925074,3343.0,6,7,False,{},{},{},{},0.0,0.0,0.0,0.0,0.0,0.0,0.0,0.0,0.0,0.0,0.0,0.0,0.0,0.0,Leave Event,0.0,"{'node_level': {}, 'link_level': {}, 'path_level': {}}","{'node_level': {}, 'link_level': {}, 'path_level': {}}","{'node_level': {}, 'link_level': {}, 'path_level': {}}",[],-inf,-inf,True,True,False,0,[],0,0.0,,,
154,44,3,4243.0,11551.0,1682268.2164946417,4932647.164209418,0.36732750411219806,0.34104774991832765,16,285,1,3862.0,4493,619,3874,0.14855570839064647,0.15377894276976845,153,683.8328891316802,3862.0,8,16,False,"{1: np.int64(25), 7: np.int64(17), 0: np.int64(18), 6: np.int64(26), 4: np.int64(16), 5: np.int64(15), 2: np.int64(23), 3: np.int64(24)}","{(0, 1): [(np.int64(18), 10), (10, 4), (4, 9), (9, np.int64(25))], (0, 3): [(np.int64(18), 10), (10, 4), (4, 1), (1, 3), (3, 8), (8, np.int64(24))], (0, 4): [(np.int64(18), 10), (10, 4), (4, 1), (1, 3), (3, 8), (8, np.int64(16))], (0, 5): []}","{(1, np.int64(25)): {'cpu': 16}, (7, np.int64(17)): {'cpu': 12}, (0, np.int64(18)): {'cpu': 5}, (6, np.int64(26)): {'cpu': 9}, (4, np.int64(16)): {'cpu': 4}, (5, np.int64(15)): {'cpu': 3}, (2, np.int64(23)): {'cpu': 3}, (3, np.int64(24)): {'cpu': 1}}","{((0, 1), (np.int64(18), 10)): {'bw': 48}, ((0, 1), (10, 4)): {'bw': 48}, ((0, 1), (4, 9)): {'bw': 48}, ((0, 1), (9, np.int64(25))): {'bw': 48}, ((0, 3), (np.int64(18), 10)): {'bw': 31}, ((0, 3), (10, 4)): {'bw': 31}, ((0, 3), (4, 1)): {'bw': 31}, ((0, 3), (1, 3)): {'bw': 31}, ((0, 3), (3, 8)): {'bw': 31}, ((0, 3), (8, np.int64(24))): {'bw': 31}, ((0, 4), (np.int64(18), 10)): {'bw': 48}, ((0, 4), (10, 4)): {'bw': 48}, ((0, 4), (4, 1)): {'bw': 48}, ((0, 4), (1, 3)): {'bw': 48}, ((0, 4), (3, 8)): {'bw': 48}, ((0, 4), (8, np.int64(16))): {'bw': 48}}",0.0,0.0,106.0,53.0,454.0,0.0,0.0,0.0,0.0,0.0,0.0,0.0,0.0,0.0,Route Failure,16.0,"{'node_level': {}, 'link_level': {}, 'path_level': {}}","{'node_level': {1: {'cpu': -34}, 7: {'cpu': -43}, 0: {'cpu': -33}, 6: {'cpu': -24}, 4: {'cpu': -49}, 5: {'cpu': -46}, 2: {'cpu': -37}, 3: {'cpu': -39}}, 'link_level': {(0, 1): {'bw': -110}, (0, 3): {'bw': -79}, (0, 4): {'bw': -31}, (0, 5): {'bw': 16}}, 'path_level': {(0, 1): {}, (0, 3): {}, (0, 4): {}, (0, 5): {}}}","{'node_level': {1: {'cpu': 0}, 7: {'cpu': 0}, 0: {'cpu': 0}, 6: {'cpu': 0}, 4: {'cpu': 0}, 5: {'cpu': 0}, 2: {'cpu': 0}, 3: {'cpu': 0}}, 'link_level': {(0, 1): {'bw': 0}, (0, 3): {'bw': 0}, (0, 4): {'bw': 0}, (0, 5): {'bw': 16}}, 'path_level': {(0, 1): {}, (0, 3): {}, (0, 4): {}, (0, 5): {}}}",[],-inf,-inf,True,False,False,0,[],0,0.0,0.0027337074279785156,8.0,4.0
154,44,3,4243.0,11551.0,1682268.2164946417,4932647.164209418,0.36732750411219806,0.34104774991832765,16,286,0,3863.6649636533975,4493,619,3874,0.14855570839064647,0.15377894276976845,137,387.6649636533973,3476.0,8,11,False,{},{},{},{},0.0,0.0,0.0,0.0,0.0,0.0,0.0,0.0,0.0,0.0,0.0,0.0,0.0,0.0,Leave Event,0.0,"{'node_level': {}, 'link_level': {}, 'path_level': {}}","{'node_level': {}, 'link_level': {}, 'path_level': {}}","{'node_level': {}, 'link_level': {}, 'path_level': {}}",[],-inf,-inf,True,True,False,0,[],0,0.0,,,
154,44,2,4243.0,11551.0,1682268.2164946417,4932647.164209418,0.36732750411219806,0.34104774991832765,16,287,0,3874.4496020534903,4527,643,3884,0.11554332874828066,0.15159458278724336,150,85.44960205349047,3789.0,2,1,False,{},{},{},{},0.0,0.0,0.0,0.0,0.0,0.0,0.0,0.0,0.0,0.0,0.0,0.0,0.0,0.0,Leave Event,0.0,"{'node_level': {}, 'link_level': {}, 'path_level': {}}","{'node_level': {}, 'link_level': {}, 'path_level': {}}","{'node_level': {}, 'link_level': {}, 'path_level': {}}",[],-inf,-inf,True,True,False,0,[],0,0.0,,,
154,44,2,4243.0,11551.0,1682268.2164946417,4932647.164209418,0.36732750411219806,0.34104774991832765,16,288,0,3875.706558733738,4527,643,3884,0.11554332874828066,0.15159458278724336,139,364.7065587337378,3511.0,5,7,False,{},{},{},{},0.0,0.0,0.0,0.0,0.0,0.0,0.0,0.0,0.0,0.0,0.0,0.0,0.0,0.0,Leave Event,0.0,"{'node_level': {}, 'link_level': {}, 'path_level': {}}","{'node_level': {}, 'link_level': {}, 'path_level': {}}","{'node_level': {}, 'link_level': {}, 'path_level': {}}",[],-inf,-inf,True,True,False,0,[],0,0.0,,,
154,44,2,4243.0,11551.0,1682268.2164946417,4932647.164209418,0.36732750411219806,0.34104774991832765,16,289,0,3878.310643505009,4527,643,3884,0.11554332874828066,0.15159458278724336,151,65.31064350500918,3813.0,4,3,False,{},{},{},{},0.0,0.0,0.0,0.0,0.0,0.0,0.0,0.0,0.0,0.0,0.0,0.0,0.0,0.0,Leave Event,0.0,"{'node_level': {}, 'link_level': {}, 'path_level': {}}","{'node_level': {}, 'link_level': {}, 'path_level': {}}","{'node_level': {}, 'link_level': {}, 'path_level': {}}",[],-inf,-inf,True,True,False,0,[],0,0.0,,,
155,45,3,4327.0,11729.0,1727341.3097372402,5028159.195128257,0.36891465598090206,0.3435335363706955,16,290,1,3883.0,4349,601,3748,0.17331499312242094,0.18130187854958502,154,536.5844433642666,3883.0,3,3,True,"{0: np.int64(25), 2: np.int64(17), 1: np.int64(18)}","{(0, 1): [(np.int64(25), 9), (9, 4), (4, 10), (10, np.int64(18))], (0, 2): [(np.int64(25), 9), (9, 17)], (1, 2): [(np.int64(18), 10), (10, 4), (4, 9), (9, np.int64(17))]}","{(0, np.int64(25)): {'cpu': 18}, (2, np.int64(17)): {'cpu': 19}, (1, np.int64(18)): {'cpu': 5}}","{((0, 1), (np.int64(25), 9)): {'bw': 15}, ((0, 1), (9, 4)): {'bw': 15}, ((0, 1), (4, 10)): {'bw': 15}, ((0, 1), (10, np.int64(18))): {'bw': 15}, ((0, 2), (np.int64(25), 9)): {'bw': 16}, ((0, 2), (9, 17)): {'bw': 16}, ((1, 2), (np.int64(18), 10)): {'bw': 11}, ((1, 2), (10, 4)): {'bw': 11}, ((1, 2), (4, 9)): {'bw': 11}, ((1, 2), (9, np.int64(17))): {'bw': 11}}",178.0,84.0,84.0,42.0,42.0,42.0,42.0,42.0,136.0,94.0,0.47191011235955055,95512.03091883945,45073.09324259839,253.21962495841794,Success,0.0,"{'node_level': {}, 'link_level': {}, 'path_level': {}}","{'node_level': {0: {'cpu': -32}, 2: {'cpu': -36}, 1: {'cpu': -33}}, 'link_level': {(0, 1): {'bw': -143}, (0, 2): {'bw': -87}, (1, 2): {'bw': -76}}, 'path_level': {(0, 1): {}, (0, 2): {}, (1, 2): {}}}","{'node_level': {0: {'cpu': 0}, 2: {'cpu': 0}, 1: {'cpu': 0}}, 'link_level': {(0, 1): {'bw': 0}, (0, 2): {'bw': 0}, (1, 2): {'bw': 0}}, 'path_level': {(0, 1): {}, (0, 2): {}, (1, 2): {}}}",[],-inf,-inf,True,True,False,0,[],0,0.0,0.0010533332824707031,3.0,3.0
155,45,3,4327.0,11729.0,1727341.3097372402,5028159.195128257,0.36891465598090206,0.3435335363706955,16,291,0,3893.945570966315,4349,601,3748,0.17331499312242094,0.18130187854958502,152,52.94557096631462,3841.0,6,8,False,{},{},{},{},0.0,0.0,0.0,0.0,0.0,0.0,0.0,0.0,0.0,0.0,0.0,0.0,0.0,0.0,Leave Event,0.0,"{'node_level': {}, 'link_level': {}, 'path_level': {}}","{'node_level': {}, 'link_level': {}, 'path_level': {}}","{'node_level': {}, 'link_level': {}, 'path_level': {}}",[],-inf,-inf,True,True,False,0,[],0,0.0,,,
155,45,2,4327.0,11729.0,1727341.3097372402,5028159.195128257,0.36891465598090206,0.3435335363706955,16,292,0,3909.5972642251863,4905,643,4262,0.11554332874828066,0.06902577544779376,101,1355.5972642251866,2554.0,3,3,False,{},{},{},{},0.0,0.0,0.0,0.0,0.0,0.0,0.0,0.0,0.0,0.0,0.0,0.0,0.0,0.0,Leave Event,0.0,"{'node_level': {}, 'link_level': {}, 'path_level': {}}","{'node_level': {}, 'link_level': {}, 'path_level': {}}","{'node_level': {}, 'link_level': {}, 'path_level': {}}",[],-inf,-inf,True,True,False,0,[],0,0.0,,,
156,46,3,4358.0,11777.0,1737613.5378689056,5044064.5806224495,0.37004330474653985,0.34448677452390586,16,293,1,3910.0,4857,629,4228,0.13480055020632742,0.07645259938837923,155,331.362197795661,3910.0,2,1,True,"{0: np.int64(28), 1: np.int64(20)}","{(0, 1): [(np.int64(28), 12), (12, 20)]}","{(0, np.int64(28)): {'cpu': 12}, (1, np.int64(20)): {'cpu': 2}}","{((0, 1), (np.int64(28), 12)): {'bw': 17}, ((0, 1), (12, 20)): {'bw': 17}}",48.0,31.0,28.0,14.0,17.0,14.0,17.0,14.0,34.0,17.0,0.6458333333333334,15905.385494191729,10272.228131665492,214.00475274303108,Success,0.0,"{'node_level': {}, 'link_level': {}, 'path_level': {}}","{'node_level': {0: {'cpu': -41}, 1: {'cpu': -46}}, 'link_level': {(0, 1): {'bw': -100}}, 'path_level': {(0, 1): {}}}","{'node_level': {0: {'cpu': 0}, 1: {'cpu': 0}}, 'link_level': {(0, 1): {'bw': 0}}, 'path_level': {(0, 1): {}}}",[],-inf,-inf,True,True,False,0,[],0,0.0,0.00061798095703125,2.0,1.0
156,46,2,4358.0,11777.0,1737613.5378689056,5044064.5806224495,0.37004330474653985,0.34448677452390586,16,294,0,3916.2060952425327,5079,671,4408,0.07702888583218703,0.037134119702927015,146,231.2060952425329,3685.0,3,2,False,{},{},{},{},0.0,0.0,0.0,0.0,0.0,0.0,0.0,0.0,0.0,0.0,0.0,0.0,0.0,0.0,Leave Event,0.0,"{'node_level': {}, 'link_level': {}, 'path_level': {}}","{'node_level': {}, 'link_level': {}, 'path_level': {}}","{'node_level': {}, 'link_level': {}, 'path_level': {}}",[],-inf,-inf,True,True,False,0,[],0,0.0,,,
157,47,3,4542.0,12412.0,1784280.088177776,5205114.903699257,0.3659361907831131,0.3427936022910261,16,295,1,3933.0,4444,634,3810,0.12792297111416784,0.16775884665792917,156,253.62255602646934,3933.0,5,6,True,"{2: np.int64(29), 0: np.int64(21), 1: np.int64(30), 3: np.int64(22), 4: np.int64(28)}","{(0, 1): [(np.int64(21), 13), (13, 6), (6, 14), (14, np.int64(30))], (0, 2): [(np.int64(21), 13), (13, 29)], (0, 3): [(np.int64(21), 13), (13, 6), (6, 14), (14, np.int64(22))], (0, 4): [(np.int64(21), 13), (13, 6), (6, 2), (2, 5), (5, 12), (12, np.int64(28))], (1, 4): [(np.int64(30), 14), (14, 6), (6, 2), (2, 5), (5, 12), (12, np.int64(28))], (3, 4): [(np.int64(22), 14), (14, 6), (6, 2), (2, 5), (5, 12), (12, np.int64(28))]}","{(2, np.int64(29)): {'cpu': 17}, (0, np.int64(21)): {'cpu': 4}, (1, np.int64(30)): {'cpu': 8}, (3, np.int64(22)): {'cpu': 7}, (4, np.int64(28)): {'cpu': 1}}","{((0, 1), (np.int64(21), 13)): {'bw': 16}, ((0, 1), (13, 6)): {'bw': 16}, ((0, 1), (6, 14)): {'bw': 16}, ((0, 1), (14, np.int64(30))): {'bw': 16}, ((0, 2), (np.int64(21), 13)): {'bw': 47}, ((0, 2), (13, 29)): {'bw': 47}, ((0, 3), (np.int64(21), 13)): {'bw': 32}, ((0, 3), (13, 6)): {'bw': 32}, ((0, 3), (6, 14)): {'bw': 32}, ((0, 3), (14, np.int64(22))): {'bw': 32}, ((0, 4), (np.int64(21), 13)): {'bw': 8}, ((0, 4), (13, 6)): {'bw': 8}, ((0, 4), (6, 2)): {'bw': 8}, ((0, 4), (2, 5)): {'bw': 8}, ((0, 4), (5, 12)): {'bw': 8}, ((0, 4), (12, np.int64(28))): {'bw': 8}, ((1, 4), (np.int64(30), 14)): {'bw': 31}, ((1, 4), (14, 6)): {'bw': 31}, ((1, 4), (6, 2)): {'bw': 31}, ((1, 4), (2, 5)): {'bw': 31}, ((1, 4), (5, 12)): {'bw': 31}, ((1, 4), (12, np.int64(28))): {'bw': 31}, ((3, 4), (np.int64(22), 14)): {'bw': 13}, ((3, 4), (14, 6)): {'bw': 13}, ((3, 4), (6, 2)): {'bw': 13}, ((3, 4), (2, 5)): {'bw': 13}, ((3, 4), (5, 12)): {'bw': 13}, ((3, 4), (12, np.int64(28))): {'bw': 13}}",635.0,184.0,74.0,37.0,147.0,37.0,147.0,37.0,598.0,451.0,0.28976377952755905,161050.32307680804,46666.550308870355,73.49063040766985,Success,0.0,"{'node_level': {}, 'link_level': {}, 'path_level': {}}","{'node_level': {2: {'cpu': -34}, 0: {'cpu': -38}, 1: {'cpu': -43}, 3: {'cpu': -29}, 4: {'cpu': -40}}, 'link_level': {(0, 1): {'bw': -124}, (0, 2): {'bw': -126}, (0, 3): {'bw': -92}, (0, 4): {'bw': -84}, (1, 4): {'bw': -63}, (3, 4): {'bw': -50}}, 'path_level': {(0, 1): {}, (0, 2): {}, (0, 3): {}, (0, 4): {}, (1, 4): {}, (3, 4): {}}}","{'node_level': {2: {'cpu': 0}, 0: {'cpu': 0}, 1: {'cpu': 0}, 3: {'cpu': 0}, 4: {'cpu': 0}}, 'link_level': {(0, 1): {'bw': 0}, (0, 2): {'bw': 0}, (0, 3): {'bw': 0}, (0, 4): {'bw': 0}, (1, 4): {'bw': 0}, (3, 4): {'bw': 0}}, 'path_level': {(0, 1): {}, (0, 2): {}, (0, 3): {}, (0, 4): {}, (1, 4): {}, (3, 4): {}}}",[],-inf,-inf,True,True,False,0,[],0,0.0,0.0019259452819824219,5.0,6.0
158,48,4,4672.0,12711.0,1821018.396876983,5289613.013707434,0.3675556604515774,0.3442630665339827,16,296,1,3953.0,4145,591,3554,0.18707015130673998,0.2236784622105723,157,282.6023746092864,3953.0,3,3,True,"{1: np.int64(23), 0: np.int64(15), 2: np.int64(16)}","{(0, 1): [(np.int64(15), 7), (7, 23)], (0, 2): [(np.int64(15), 7), (7, 3), (3, 8), (8, np.int64(16))], (1, 2): [(np.int64(23), 7), (7, 3), (3, 8), (8, np.int64(16))]}","{(1, np.int64(23)): {'cpu': 19}, (0, np.int64(15)): {'cpu': 11}, (2, np.int64(16)): {'cpu': 13}}","{((0, 1), (np.int64(15), 7)): {'bw': 46}, ((0, 1), (7, 23)): {'bw': 46}, ((0, 2), (np.int64(15), 7)): {'bw': 23}, ((0, 2), (7, 3)): {'bw': 23}, ((0, 2), (3, 8)): {'bw': 23}, ((0, 2), (8, np.int64(16))): {'bw': 23}, ((1, 2), (np.int64(23), 7)): {'bw': 18}, ((1, 2), (7, 3)): {'bw': 18}, ((1, 2), (3, 8)): {'bw': 18}, ((1, 2), (8, np.int64(16))): {'bw': 18}}",299.0,130.0,86.0,43.0,87.0,43.0,87.0,43.0,256.0,169.0,0.43478260869565216,84498.11000817663,36738.308699207235,122.87059765621149,Success,0.0,"{'node_level': {}, 'link_level': {}, 'path_level': {}}","{'node_level': {1: {'cpu': -41}, 0: {'cpu': -42}, 2: {'cpu': -40}}, 'link_level': {(0, 1): {'bw': -87}, (0, 2): {'bw': -76}, (1, 2): {'bw': -67}}, 'path_level': {(0, 1): {}, (0, 2): {}, (1, 2): {}}}","{'node_level': {1: {'cpu': 0}, 0: {'cpu': 0}, 2: {'cpu': 0}}, 'link_level': {(0, 1): {'bw': 0}, (0, 2): {'bw': 0}, (1, 2): {'bw': 0}}, 'path_level': {(0, 1): {}, (0, 2): {}, (1, 2): {}}}",[],-inf,-inf,True,True,False,0,[],0,0.0,0.0010249614715576172,3.0,3.0
159,49,5,4788.0,13186.0,1938573.2583097594,5770979.903195096,0.3631123919308357,0.3359175202180951,16,297,1,3975.0,3670,554,3116,0.2379642365887208,0.31935342944517253,158,1013.4039778687622,3975.0,4,3,True,"{2: np.int64(26), 3: np.int64(18), 0: np.int64(25), 1: np.int64(24)}","{(0, 1): [(np.int64(25), 9), (9, 4), (4, 1), (1, 3), (3, 8), (8, np.int64(24))], (0, 3): [(np.int64(25), 9), (9, 4), (4, 10), (10, np.int64(18))], (1, 2): [(np.int64(24), 8), (8, 3), (3, 1), (1, 4), (4, 10), (10, np.int64(26))]}","{(2, np.int64(26)): {'cpu': 16}, (3, np.int64(18)): {'cpu': 15}, (0, np.int64(25)): {'cpu': 4}, (1, np.int64(24)): {'cpu': 2}}","{((0, 1), (np.int64(25), 9)): {'bw': 18}, ((0, 1), (9, 4)): {'bw': 18}, ((0, 1), (4, 1)): {'bw': 18}, ((0, 1), (1, 3)): {'bw': 18}, ((0, 1), (3, 8)): {'bw': 18}, ((0, 1), (8, np.int64(24))): {'bw': 18}, ((0, 3), (np.int64(25), 9)): {'bw': 18}, ((0, 3), (9, 4)): {'bw': 18}, ((0, 3), (4, 10)): {'bw': 18}, ((0, 3), (10, np.int64(18))): {'bw': 18}, ((1, 2), (np.int64(24), 8)): {'bw': 43}, ((1, 2), (8, 3)): {'bw': 43}, ((1, 2), (3, 1)): {'bw': 43}, ((1, 2), (1, 4)): {'bw': 43}, ((1, 2), (4, 10)): {'bw': 43}, ((1, 2), (10, np.int64(26))): {'bw': 43}}",475.0,116.0,74.0,37.0,79.0,37.0,79.0,37.0,438.0,359.0,0.24421052631578946,481366.88948766206,117554.86143277642,247.4839188058451,Success,0.0,"{'node_level': {}, 'link_level': {}, 'path_level': {}}","{'node_level': {2: {'cpu': -17}, 3: {'cpu': -18}, 0: {'cpu': -28}, 1: {'cpu': -38}}, 'link_level': {(0, 1): {'bw': -90}, (0, 3): {'bw': -104}, (1, 2): {'bw': -47}}, 'path_level': {(0, 1): {}, (0, 3): {}, (1, 2): {}}}","{'node_level': {2: {'cpu': 0}, 3: {'cpu': 0}, 0: {'cpu': 0}, 1: {'cpu': 0}}, 'link_level': {(0, 1): {'bw': 0}, (0, 3): {'bw': 0}, (1, 2): {'bw': 0}}, 'path_level': {(0, 1): {}, (0, 3): {}, (1, 2): {}}}",[],-inf,-inf,True,True,False,0,[],0,0.0,0.0014541149139404297,4.0,3.0
159,49,5,4788.0,13186.0,1938573.2583097594,5770979.903195096,0.3631123919308357,0.3359175202180951,16,298,0,3981.4430246170027,3670,554,3116,0.2379642365887208,0.31935342944517253,147,265.4430246170026,3716.0,6,8,False,{},{},{},{},0.0,0.0,0.0,0.0,0.0,0.0,0.0,0.0,0.0,0.0,0.0,0.0,0.0,0.0,Leave Event,0.0,"{'node_level': {}, 'link_level': {}, 'path_level': {}}","{'node_level': {}, 'link_level': {}, 'path_level': {}}","{'node_level': {}, 'link_level': {}, 'path_level': {}}",[],-inf,-inf,True,True,False,0,[],0,0.0,,,
160,50,6,4934.0,13664.0,2038032.7408110758,6096607.523987077,0.36109484777517564,0.3342896410491317,16,299,1,3994.0,3192,518,2674,0.2874828060522696,0.41590214067278286,159,681.2293322007966,3994.0,5,4,True,"{4: np.int64(19), 1: np.int64(27), 2: np.int64(20), 0: np.int64(28), 3: np.int64(30)}","{(0, 1): [(np.int64(28), 12), (12, 5), (5, 11), (11, np.int64(27))], (0, 3): [(np.int64(28), 12), (12, 5), (5, 2), (2, 6), (6, 14), (14, np.int64(30))], (1, 2): [(np.int64(27), 11), (11, 5), (5, 12), (12, np.int64(20))], (1, 4): [(np.int64(27), 11), (11, 19)]}","{(4, np.int64(19)): {'cpu': 19}, (1, np.int64(27)): {'cpu': 2}, (2, np.int64(20)): {'cpu': 13}, (0, np.int64(28)): {'cpu': 2}, (3, np.int64(30)): {'cpu': 0}}","{((0, 1), (np.int64(28), 12)): {'bw': 4}, ((0, 1), (12, 5)): {'bw': 4}, ((0, 1), (5, 11)): {'bw': 4}, ((0, 1), (11, np.int64(27))): {'bw': 4}, ((0, 3), (np.int64(28), 12)): {'bw': 49}, ((0, 3), (12, 5)): {'bw': 49}, ((0, 3), (5, 2)): {'bw': 49}, ((0, 3), (2, 6)): {'bw': 49}, ((0, 3), (6, 14)): {'bw': 49}, ((0, 3), (14, np.int64(30))): {'bw': 49}, ((1, 2), (np.int64(27), 11)): {'bw': 9}, ((1, 2), (11, 5)): {'bw': 9}, ((1, 2), (5, 12)): {'bw': 9}, ((1, 2), (12, np.int64(20))): {'bw': 9}, ((1, 4), (np.int64(27), 11)): {'bw': 48}, ((1, 4), (11, 19)): {'bw': 48}}",478.0,146.0,72.0,36.0,110.0,36.0,110.0,36.0,442.0,332.0,0.3054393305439331,325627.6207919808,99459.4825013163,208.07423117430193,Success,0.0,"{'node_level': {}, 'link_level': {}, 'path_level': {}}","{'node_level': {4: {'cpu': -15}, 1: {'cpu': -28}, 2: {'cpu': -33}, 0: {'cpu': -38}, 3: {'cpu': -43}}, 'link_level': {(0, 1): {'bw': -76}, (0, 3): {'bw': -1}, (1, 2): {'bw': -18}, (1, 4): {'bw': -89}}, 'path_level': {(0, 1): {}, (0, 3): {}, (1, 2): {}, (1, 4): {}}}","{'node_level': {4: {'cpu': 0}, 1: {'cpu': 0}, 2: {'cpu': 0}, 0: {'cpu': 0}, 3: {'cpu': 0}}, 'link_level': {(0, 1): {'bw': 0}, (0, 3): {'bw': 0}, (1, 2): {'bw': 0}, (1, 4): {'bw': 0}}, 'path_level': {(0, 1): {}, (0, 3): {}, (1, 2): {}, (1, 4): {}}}",[],-inf,-inf,True,True,False,0,[],0,0.0,0.001993894577026367,5.0,4.0
161,50,6,4934.0,13664.0,2038032.7408110758,6096607.523987077,0.36109484777517564,0.3342896410491317,16,300,1,4020.0,3192,518,2674,0.2874828060522696,0.41590214067278286,160,358.20422773155315,4020.0,4,4,False,"{2: np.int64(29), 1: np.int64(21), 0: np.int64(22), 3: np.int64(30)}","{(0, 1): []}","{(2, np.int64(29)): {'cpu': 15}, (1, np.int64(21)): {'cpu': 11}, (0, np.int64(22)): {'cpu': 2}, (3, np.int64(30)): {'cpu': 7}}",{},0.0,0.0,70.0,35.0,64.0,0.0,0.0,0.0,0.0,0.0,0.0,0.0,0.0,0.0,Route Failure,18.0,"{'node_level': {}, 'link_level': {}, 'path_level': {}}","{'node_level': {2: {'cpu': -19}, 1: {'cpu': -27}, 0: {'cpu': -27}, 3: {'cpu': -36}}, 'link_level': {(0, 1): {'bw': 18}}, 'path_level': {(0, 1): {}}}","{'node_level': {2: {'cpu': 0}, 1: {'cpu': 0}, 0: {'cpu': 0}, 3: {'cpu': 0}}, 'link_level': {(0, 1): {'bw': 18}}, 'path_level': {(0, 1): {}}}",[],-inf,-inf,True,False,False,0,[],0,0.0,0.0013380050659179688,4.0,1.0
162,50,6,4934.0,13664.0,2038032.7408110758,6096607.523987077,0.36109484777517564,0.3342896410491317,16,301,1,4041.0,3192,518,2674,0.2874828060522696,0.41590214067278286,161,684.3612758195914,4041.0,7,11,False,"{1: np.int64(29), 4: np.int64(21), 6: np.int64(22), 5: np.int64(30), 0: np.int64(20), 3: np.int64(16), 2: np.int64(15)}","{(0, 4): []}","{(1, np.int64(29)): {'cpu': 12}, (4, np.int64(21)): {'cpu': 13}, (6, np.int64(22)): {'cpu': 13}, (5, np.int64(30)): {'cpu': 15}, (0, np.int64(20)): {'cpu': 6}, (3, np.int64(16)): {'cpu': 1}, (2, np.int64(15)): {'cpu': 1}}",{},0.0,0.0,122.0,61.0,339.0,0.0,0.0,0.0,0.0,0.0,0.0,0.0,0.0,0.0,Route Failure,46.0,"{'node_level': {}, 'link_level': {}, 'path_level': {}}","{'node_level': {1: {'cpu': -22}, 4: {'cpu': -25}, 6: {'cpu': -16}, 5: {'cpu': -28}, 0: {'cpu': -27}, 3: {'cpu': -39}, 2: {'cpu': -41}}, 'link_level': {(0, 4): {'bw': 28}}, 'path_level': {(0, 4): {}}}","{'node_level': {1: {'cpu': 0}, 4: {'cpu': 0}, 6: {'cpu': 0}, 5: {'cpu': 0}, 0: {'cpu': 0}, 3: {'cpu': 0}, 2: {'cpu': 0}}, 'link_level': {(0, 4): {'bw': 46}}, 'path_level': {(0, 4): {}}}",[],-inf,-inf,True,False,False,0,[],0,0.0,0.0027589797973632812,7.0,1.0
163,50,6,4934.0,13664.0,2038032.7408110758,6096607.523987077,0.36109484777517564,0.3342896410491317,16,302,1,4063.0,3192,518,2674,0.2874828060522696,0.41590214067278286,162,112.18609584629425,4063.0,4,3,False,"{2: np.int64(29), 3: np.int64(21), 1: np.int64(22), 0: np.int64(30)}","{(0, 3): []}","{(2, np.int64(29)): {'cpu': 13}, (3, np.int64(21)): {'cpu': 12}, (1, np.int64(22)): {'cpu': 2}, (0, np.int64(30)): {'cpu': 1}}",{},0.0,0.0,56.0,28.0,94.0,0.0,0.0,0.0,0.0,0.0,0.0,0.0,0.0,0.0,Route Failure,43.0,"{'node_level': {}, 'link_level': {}, 'path_level': {}}","{'node_level': {2: {'cpu': -21}, 3: {'cpu': -26}, 1: {'cpu': -27}, 0: {'cpu': -42}}, 'link_level': {(0, 3): {'bw': 43}}, 'path_level': {(0, 3): {}}}","{'node_level': {2: {'cpu': 0}, 3: {'cpu': 0}, 1: {'cpu': 0}, 0: {'cpu': 0}}, 'link_level': {(0, 3): {'bw': 43}}, 'path_level': {(0, 3): {}}}",[],-inf,-inf,True,False,False,0,[],0,0.0,0.0013508796691894531,4.0,1.0
164,50,6,4934.0,13664.0,2038032.7408110758,6096607.523987077,0.36109484777517564,0.3342896410491317,16,303,1,4093.0,3192,518,2674,0.2874828060522696,0.41590214067278286,163,2480.294721911595,4093.0,9,21,False,"{0: np.int64(29), 7: np.int64(21), 2: np.int64(22), 4: np.int64(30), 6: np.int64(20), 3: np.int64(16), 8: np.int64(15), 1: np.int64(23), 5: np.int64(25)}","{(0, 1): []}","{(0, np.int64(29)): {'cpu': 18}, (7, np.int64(21)): {'cpu': 15}, (2, np.int64(22)): {'cpu': 17}, (4, np.int64(30)): {'cpu': 10}, (6, np.int64(20)): {'cpu': 6}, (3, np.int64(16)): {'cpu': 5}, (8, np.int64(15)): {'cpu': 6}, (1, np.int64(23)): {'cpu': 1}, (5, np.int64(25)): {'cpu': 1}}",{},0.0,0.0,158.0,79.0,560.0,0.0,0.0,0.0,0.0,0.0,0.0,0.0,0.0,0.0,Route Failure,12.0,"{'node_level': {}, 'link_level': {}, 'path_level': {}}","{'node_level': {0: {'cpu': -16}, 7: {'cpu': -23}, 2: {'cpu': -12}, 4: {'cpu': -33}, 6: {'cpu': -27}, 3: {'cpu': -35}, 8: {'cpu': -36}, 1: {'cpu': -40}, 5: {'cpu': -27}}, 'link_level': {(0, 1): {'bw': 12}}, 'path_level': {(0, 1): {}}}","{'node_level': {0: {'cpu': 0}, 7: {'cpu': 0}, 2: {'cpu': 0}, 4: {'cpu': 0}, 6: {'cpu': 0}, 3: {'cpu': 0}, 8: {'cpu': 0}, 1: {'cpu': 0}, 5: {'cpu': 0}}, 'link_level': {(0, 1): {'bw': 12}}, 'path_level': {(0, 1): {}}}",[],-inf,-inf,True,False,False,0,[],0,0.0,0.002917766571044922,9.0,1.0
164,50,6,4934.0,13664.0,2038032.7408110758,6096607.523987077,0.36109484777517564,0.3342896410491317,16,304,0,4113.7771634749415,3192,518,2674,0.2874828060522696,0.41590214067278286,125,948.7771634749412,3165.0,7,14,False,{},{},{},{},0.0,0.0,0.0,0.0,0.0,0.0,0.0,0.0,0.0,0.0,0.0,0.0,0.0,0.0,Leave Event,0.0,"{'node_level': {}, 'link_level': {}, 'path_level': {}}","{'node_level': {}, 'link_level': {}, 'path_level': {}}","{'node_level': {}, 'link_level': {}, 'path_level': {}}",[],-inf,-inf,True,True,False,0,[],0,0.0,,,
165,50,6,4934.0,13664.0,2038032.7408110758,6096607.523987077,0.36109484777517564,0.3342896410491317,16,305,1,4118.0,3192,518,2674,0.2874828060522696,0.41590214067278286,164,263.0382195028958,4118.0,7,11,False,"{3: np.int64(29), 6: np.int64(21), 4: np.int64(22), 0: np.int64(30), 5: np.int64(20), 2: np.int64(16), 1: np.int64(15)}","{(0, 4): [(np.int64(30), 14), (14, 22)], (0, 5): []}","{(3, np.int64(29)): {'cpu': 20}, (6, np.int64(21)): {'cpu': 13}, (4, np.int64(22)): {'cpu': 13}, (0, np.int64(30)): {'cpu': 16}, (5, np.int64(20)): {'cpu': 12}, (2, np.int64(16)): {'cpu': 11}, (1, np.int64(15)): {'cpu': 3}}","{((0, 4), (np.int64(30), 14)): {'bw': 37}, ((0, 4), (14, 22)): {'bw': 37}}",0.0,0.0,176.0,88.0,274.0,0.0,0.0,0.0,0.0,0.0,0.0,0.0,0.0,0.0,Route Failure,13.0,"{'node_level': {}, 'link_level': {}, 'path_level': {}}","{'node_level': {3: {'cpu': -14}, 6: {'cpu': -25}, 4: {'cpu': -16}, 0: {'cpu': -27}, 5: {'cpu': -21}, 2: {'cpu': -29}, 1: {'cpu': -39}}, 'link_level': {(0, 4): {'bw': -15}, (0, 5): {'bw': 13}}, 'path_level': {(0, 4): {}, (0, 5): {}}}","{'node_level': {3: {'cpu': 0}, 6: {'cpu': 0}, 4: {'cpu': 0}, 0: {'cpu': 0}, 5: {'cpu': 0}, 2: {'cpu': 0}, 1: {'cpu': 0}}, 'link_level': {(0, 4): {'bw': 0}, (0, 5): {'bw': 13}}, 'path_level': {(0, 4): {}, (0, 5): {}}}",[],-inf,-inf,True,False,False,0,[],0,0.0,0.0023250579833984375,7.0,2.0
166,50,6,4934.0,13664.0,2038032.7408110758,6096607.523987077,0.36109484777517564,0.3342896410491317,16,306,1,4137.0,3192,518,2674,0.2874828060522696,0.41590214067278286,165,556.732700058624,4137.0,8,9,False,"{3: np.int64(29), 0: np.int64(21), 6: np.int64(22), 5: np.int64(30), 4: np.int64(20), 2: np.int64(16), 1: np.int64(15), 7: np.int64(23)}","{(0, 2): []}","{(3, np.int64(29)): {'cpu': 12}, (0, np.int64(21)): {'cpu': 10}, (6, np.int64(22)): {'cpu': 11}, (5, np.int64(30)): {'cpu': 18}, (4, np.int64(20)): {'cpu': 8}, (2, np.int64(16)): {'cpu': 3}, (1, np.int64(15)): {'cpu': 6}, (7, np.int64(23)): {'cpu': 2}}",{},0.0,0.0,140.0,70.0,260.0,0.0,0.0,0.0,0.0,0.0,0.0,0.0,0.0,0.0,Route Failure,13.0,"{'node_level': {}, 'link_level': {}, 'path_level': {}}","{'node_level': {3: {'cpu': -22}, 0: {'cpu': -28}, 6: {'cpu': -18}, 5: {'cpu': -25}, 4: {'cpu': -25}, 2: {'cpu': -37}, 1: {'cpu': -36}, 7: {'cpu': -39}}, 'link_level': {(0, 2): {'bw': 13}}, 'path_level': {(0, 2): {}}}","{'node_level': {3: {'cpu': 0}, 0: {'cpu': 0}, 6: {'cpu': 0}, 5: {'cpu': 0}, 4: {'cpu': 0}, 2: {'cpu': 0}, 1: {'cpu': 0}, 7: {'cpu': 0}}, 'link_level': {(0, 2): {'bw': 13}}, 'path_level': {(0, 2): {}}}",[],-inf,-inf,True,False,False,0,[],0,0.0,0.002588987350463867,8.0,1.0
167,50,6,4934.0,13664.0,2038032.7408110758,6096607.523987077,0.36109484777517564,0.3342896410491317,16,307,1,4168.0,3192,518,2674,0.2874828060522696,0.41590214067278286,166,170.1321113306077,4168.0,7,13,False,"{2: np.int64(29), 1: np.int64(21), 6: np.int64(22), 0: np.int64(30), 3: np.int64(20), 4: np.int64(16), 5: np.int64(15)}","{(0, 1): []}","{(2, np.int64(29)): {'cpu': 19}, (1, np.int64(21)): {'cpu': 20}, (6, np.int64(22)): {'cpu': 19}, (0, np.int64(30)): {'cpu': 11}, (3, np.int64(20)): {'cpu': 15}, (4, np.int64(16)): {'cpu': 4}, (5, np.int64(15)): {'cpu': 1}}",{},0.0,0.0,178.0,89.0,290.0,0.0,0.0,0.0,0.0,0.0,0.0,0.0,0.0,0.0,Route Failure,35.0,"{'node_level': {}, 'link_level': {}, 'path_level': {}}","{'node_level': {2: {'cpu': -15}, 1: {'cpu': -18}, 6: {'cpu': -10}, 0: {'cpu': -32}, 3: {'cpu': -18}, 4: {'cpu': -36}, 5: {'cpu': -41}}, 'link_level': {(0, 1): {'bw': 35}}, 'path_level': {(0, 1): {}}}","{'node_level': {2: {'cpu': 0}, 1: {'cpu': 0}, 6: {'cpu': 0}, 0: {'cpu': 0}, 3: {'cpu': 0}, 4: {'cpu': 0}, 5: {'cpu': 0}}, 'link_level': {(0, 1): {'bw': 35}}, 'path_level': {(0, 1): {}}}",[],-inf,-inf,True,False,False,0,[],0,0.0,0.0022499561309814453,7.0,1.0
167,50,6,4934.0,13664.0,2038032.7408110758,6096607.523987077,0.36109484777517564,0.3342896410491317,16,308,0,4175.186095846294,3192,518,2674,0.2874828060522696,0.41590214067278286,162,112.18609584629425,4063.0,4,3,False,{},{},{},{},0.0,0.0,0.0,0.0,0.0,0.0,0.0,0.0,0.0,0.0,0.0,0.0,0.0,0.0,Leave Event,0.0,"{'node_level': {}, 'link_level': {}, 'path_level': {}}","{'node_level': {}, 'link_level': {}, 'path_level': {}}","{'node_level': {}, 'link_level': {}, 'path_level': {}}",[],-inf,-inf,True,True,False,0,[],0,0.0,,,
167,50,5,4934.0,13664.0,2038032.7408110758,6096607.523987077,0.36109484777517564,0.3342896410491317,16,309,0,4186.622556026469,3827,555,3272,0.2365887207702888,0.2852774137177807,156,253.62255602646934,3933.0,5,6,False,{},{},{},{},0.0,0.0,0.0,0.0,0.0,0.0,0.0,0.0,0.0,0.0,0.0,0.0,0.0,0.0,Leave Event,0.0,"{'node_level': {}, 'link_level': {}, 'path_level': {}}","{'node_level': {}, 'link_level': {}, 'path_level': {}}","{'node_level': {}, 'link_level': {}, 'path_level': {}}",[],-inf,-inf,True,True,False,0,[],0,0.0,,,
168,50,5,4934.0,13664.0,2038032.7408110758,6096607.523987077,0.36109484777517564,0.3342896410491317,16,310,1,4189.0,3827,555,3272,0.2365887207702888,0.2852774137177807,167,699.971730922661,4189.0,8,14,False,"{4: np.int64(29), 1: np.int64(21), 7: np.int64(22), 0: np.int64(30), 3: np.int64(28), 5: np.int64(20), 6: np.int64(27), 2: np.int64(16)}","{(0, 1): [(np.int64(30), 14), (14, 6), (6, 13), (13, np.int64(21))], (0, 4): [(np.int64(30), 14), (14, 6), (6, 13), (13, np.int64(29))], (0, 5): [(np.int64(30), 14), (14, 6), (6, 2), (2, 5), (5, 12), (12, np.int64(20))], (1, 4): [(np.int64(21), 13), (13, 29)], (1, 5): []}","{(4, np.int64(29)): {'cpu': 16}, (1, np.int64(21)): {'cpu': 17}, (7, np.int64(22)): {'cpu': 12}, (0, np.int64(30)): {'cpu': 15}, (3, np.int64(28)): {'cpu': 18}, (5, np.int64(20)): {'cpu': 10}, (6, np.int64(27)): {'cpu': 13}, (2, np.int64(16)): {'cpu': 8}}","{((0, 1), (np.int64(30), 14)): {'bw': 14}, ((0, 1), (14, 6)): {'bw': 14}, ((0, 1), (6, 13)): {'bw': 14}, ((0, 1), (13, np.int64(21))): {'bw': 14}, ((0, 4), (np.int64(30), 14)): {'bw': 22}, ((0, 4), (14, 6)): {'bw': 22}, ((0, 4), (6, 13)): {'bw': 22}, ((0, 4), (13, np.int64(29))): {'bw': 22}, ((0, 5), (np.int64(30), 14)): {'bw': 35}, ((0, 5), (14, 6)): {'bw': 35}, ((0, 5), (6, 2)): {'bw': 35}, ((0, 5), (2, 5)): {'bw': 35}, ((0, 5), (5, 12)): {'bw': 35}, ((0, 5), (12, np.int64(20))): {'bw': 35}, ((1, 4), (np.int64(21), 13)): {'bw': 50}, ((1, 4), (13, 29)): {'bw': 50}}",0.0,0.0,218.0,109.0,383.0,0.0,0.0,0.0,0.0,0.0,0.0,0.0,0.0,0.0,Route Failure,3.0,"{'node_level': {}, 'link_level': {}, 'path_level': {}}","{'node_level': {4: {'cpu': -35}, 1: {'cpu': -25}, 7: {'cpu': -24}, 0: {'cpu': -36}, 3: {'cpu': -21}, 5: {'cpu': -23}, 6: {'cpu': -15}, 2: {'cpu': -32}}, 'link_level': {(0, 1): {'bw': -79}, (0, 4): {'bw': -57}, (0, 5): {'bw': -22}, (1, 4): {'bw': -101}, (1, 5): {'bw': 3}}, 'path_level': {(0, 1): {}, (0, 4): {}, (0, 5): {}, (1, 4): {}, (1, 5): {}}}","{'node_level': {4: {'cpu': 0}, 1: {'cpu': 0}, 7: {'cpu': 0}, 0: {'cpu': 0}, 3: {'cpu': 0}, 5: {'cpu': 0}, 6: {'cpu': 0}, 2: {'cpu': 0}}, 'link_level': {(0, 1): {'bw': 0}, (0, 4): {'bw': 0}, (0, 5): {'bw': 0}, (1, 4): {'bw': 0}, (1, 5): {'bw': 3}}, 'path_level': {(0, 1): {}, (0, 4): {}, (0, 5): {}, (1, 4): {}, (1, 5): {}}}",[],-inf,-inf,True,False,False,0,[],0,0.0,0.0026853084564208984,8.0,5.0
169,50,5,4934.0,13664.0,2038032.7408110758,6096607.523987077,0.36109484777517564,0.3342896410491317,16,311,1,4211.0,3827,555,3272,0.2365887207702888,0.2852774137177807,168,404.885740026539,4211.0,10,16,False,"{5: np.int64(29), 0: np.int64(21), 8: np.int64(22), 7: np.int64(30), 6: np.int64(28), 1: np.int64(20), 4: np.int64(27), 2: np.int64(16), 9: np.int64(15), 3: np.int64(25)}","{(0, 2): [(np.int64(21), 13), (13, 6), (6, 2), (2, 0), (0, 1), (1, 3), (3, 8), (8, np.int64(16))], (0, 4): [(np.int64(21), 13), (13, 6), (6, 2), (2, 5), (5, 11), (11, np.int64(27))], (0, 5): [(np.int64(21), 13), (13, 29)], (0, 8): [(np.int64(21), 13), (13, 6), (6, 14), (14, np.int64(22))], (0, 9): [(np.int64(21), 13), (13, 6), (6, 2), (2, 0), (0, 1), (1, 3), (3, 7), (7, np.int64(15))], (1, 5): [(np.int64(20), 12), (12, 5), (5, 2), (2, 6), (6, 13), (13, np.int64(29))], (1, 6): [(np.int64(20), 12), (12, 28)], (1, 7): [(np.int64(20), 12), (12, 5), (5, 2), (2, 6), (6, 14), (14, np.int64(30))], (2, 5): [(np.int64(16), 8), (8, 3), (3, 1), (1, 0), (0, 2), (2, 6), (6, 13), (13, np.int64(29))], (3, 4): [(np.int64(25), 9), (9, 4), (4, 1), (1, 0), (0, 2), (2, 5), (5, 11), (11, np.int64(27))], (3, 8): []}","{(5, np.int64(29)): {'cpu': 9}, (0, np.int64(21)): {'cpu': 12}, (8, np.int64(22)): {'cpu': 8}, (7, np.int64(30)): {'cpu': 18}, (6, np.int64(28)): {'cpu': 3}, (1, np.int64(20)): {'cpu': 4}, (4, np.int64(27)): {'cpu': 13}, (2, np.int64(16)): {'cpu': 10}, (9, np.int64(15)): {'cpu': 6}, (3, np.int64(25)): {'cpu': 7}}","{((0, 2), (np.int64(21), 13)): {'bw': 9}, ((0, 2), (13, 6)): {'bw': 9}, ((0, 2), (6, 2)): {'bw': 9}, ((0, 2), (2, 0)): {'bw': 9}, ((0, 2), (0, 1)): {'bw': 9}, ((0, 2), (1, 3)): {'bw': 9}, ((0, 2), (3, 8)): {'bw': 9}, ((0, 2), (8, np.int64(16))): {'bw': 9}, ((0, 4), (np.int64(21), 13)): {'bw': 0}, ((0, 4), (13, 6)): {'bw': 0}, ((0, 4), (6, 2)): {'bw': 0}, ((0, 4), (2, 5)): {'bw': 0}, ((0, 4), (5, 11)): {'bw': 0}, ((0, 4), (11, np.int64(27))): {'bw': 0}, ((0, 5), (np.int64(21), 13)): {'bw': 40}, ((0, 5), (13, 29)): {'bw': 40}, ((0, 8), (np.int64(21), 13)): {'bw': 47}, ((0, 8), (13, 6)): {'bw': 47}, ((0, 8), (6, 14)): {'bw': 47}, ((0, 8), (14, np.int64(22))): {'bw': 47}, ((0, 9), (np.int64(21), 13)): {'bw': 8}, ((0, 9), (13, 6)): {'bw': 8}, ((0, 9), (6, 2)): {'bw': 8}, ((0, 9), (2, 0)): {'bw': 8}, ((0, 9), (0, 1)): {'bw': 8}, ((0, 9), (1, 3)): {'bw': 8}, ((0, 9), (3, 7)): {'bw': 8}, ((0, 9), (7, np.int64(15))): {'bw': 8}, ((1, 5), (np.int64(20), 12)): {'bw': 39}, ((1, 5), (12, 5)): {'bw': 39}, ((1, 5), (5, 2)): {'bw': 39}, ((1, 5), (2, 6)): {'bw': 39}, ((1, 5), (6, 13)): {'bw': 39}, ((1, 5), (13, np.int64(29))): {'bw': 39}, ((1, 6), (np.int64(20), 12)): {'bw': 48}, ((1, 6), (12, 28)): {'bw': 48}, ((1, 7), (np.int64(20), 12)): {'bw': 4}, ((1, 7), (12, 5)): {'bw': 4}, ((1, 7), (5, 2)): {'bw': 4}, ((1, 7), (2, 6)): {'bw': 4}, ((1, 7), (6, 14)): {'bw': 4}, ((1, 7), (14, np.int64(30))): {'bw': 4}, ((2, 5), (np.int64(16), 8)): {'bw': 17}, ((2, 5), (8, 3)): {'bw': 17}, ((2, 5), (3, 1)): {'bw': 17}, ((2, 5), (1, 0)): {'bw': 17}, ((2, 5), (0, 2)): {'bw': 17}, ((2, 5), (2, 6)): {'bw': 17}, ((2, 5), (6, 13)): {'bw': 17}, ((2, 5), (13, np.int64(29))): {'bw': 17}, ((3, 4), (np.int64(25), 9)): {'bw': 16}, ((3, 4), (9, 4)): {'bw': 16}, ((3, 4), (4, 1)): {'bw': 16}, ((3, 4), (1, 0)): {'bw': 16}, ((3, 4), (0, 2)): {'bw': 16}, ((3, 4), (2, 5)): {'bw': 16}, ((3, 4), (5, 11)): {'bw': 16}, ((3, 4), (11, np.int64(27))): {'bw': 16}}",0.0,0.0,180.0,90.0,408.0,0.0,0.0,0.0,0.0,0.0,0.0,0.0,0.0,0.0,Route Failure,9.0,"{'node_level': {}, 'link_level': {}, 'path_level': {}}","{'node_level': {5: {'cpu': -42}, 0: {'cpu': -30}, 8: {'cpu': -28}, 7: {'cpu': -33}, 6: {'cpu': -36}, 1: {'cpu': -29}, 4: {'cpu': -15}, 2: {'cpu': -30}, 9: {'cpu': -36}, 3: {'cpu': -21}}, 'link_level': {(0, 2): {'bw': -38}, (0, 4): {'bw': -72}, (0, 5): {'bw': -133}, (0, 8): {'bw': -46}, (0, 9): {'bw': -59}, (1, 5): {'bw': -25}, (1, 6): {'bw': -4}, (1, 7): {'bw': 0}, (2, 5): {'bw': -4}, (3, 4): {'bw': -38}, (3, 8): {'bw': 9}}, 'path_level': {(0, 2): {}, (0, 4): {}, (0, 5): {}, (0, 8): {}, (0, 9): {}, (1, 5): {}, (1, 6): {}, (1, 7): {}, (2, 5): {}, (3, 4): {}, (3, 8): {}}}","{'node_level': {5: {'cpu': 0}, 0: {'cpu': 0}, 8: {'cpu': 0}, 7: {'cpu': 0}, 6: {'cpu': 0}, 1: {'cpu': 0}, 4: {'cpu': 0}, 2: {'cpu': 0}, 9: {'cpu': 0}, 3: {'cpu': 0}}, 'link_level': {(0, 2): {'bw': 0}, (0, 4): {'bw': 0}, (0, 5): {'bw': 0}, (0, 8): {'bw': 0}, (0, 9): {'bw': 0}, (1, 5): {'bw': 0}, (1, 6): {'bw': 0}, (1, 7): {'bw': 0}, (2, 5): {'bw': 0}, (3, 4): {'bw': 0}, (3, 8): {'bw': 9}}, 'path_level': {(0, 2): {}, (0, 4): {}, (0, 5): {}, (0, 8): {}, (0, 9): {}, (1, 5): {}, (1, 6): {}, (1, 7): {}, (2, 5): {}, (3, 4): {}, (3, 8): {}}}",[],-inf,-inf,True,False,False,0,[],0,0.0,0.0035567283630371094,10.0,11.0
170,50,5,4934.0,13664.0,2038032.7408110758,6096607.523987077,0.36109484777517564,0.3342896410491317,16,312,1,4229.0,3827,555,3272,0.2365887207702888,0.2852774137177807,169,208.03519065964605,4229.0,7,11,False,"{5: np.int64(29), 1: np.int64(21), 3: np.int64(22), 2: np.int64(30), 4: np.int64(28), 0: np.int64(20), 6: np.int64(27)}","{(0, 1): [(np.int64(20), 12), (12, 5), (5, 2), (2, 6), (6, 13), (13, np.int64(21))], (0, 2): [(np.int64(20), 12), (12, 5), (5, 2), (2, 6), (6, 14), (14, np.int64(30))], (0, 3): [(np.int64(20), 12), (12, 5), (5, 2), (2, 6), (6, 14), (14, np.int64(22))], (0, 5): [(np.int64(20), 12), (12, 5), (5, 2), (2, 6), (6, 13), (13, np.int64(29))], (1, 4): []}","{(5, np.int64(29)): {'cpu': 15}, (1, np.int64(21)): {'cpu': 14}, (3, np.int64(22)): {'cpu': 10}, (2, np.int64(30)): {'cpu': 2}, (4, np.int64(28)): {'cpu': 3}, (0, np.int64(20)): {'cpu': 4}, (6, np.int64(27)): {'cpu': 1}}","{((0, 1), (np.int64(20), 12)): {'bw': 2}, ((0, 1), (12, 5)): {'bw': 2}, ((0, 1), (5, 2)): {'bw': 2}, ((0, 1), (2, 6)): {'bw': 2}, ((0, 1), (6, 13)): {'bw': 2}, ((0, 1), (13, np.int64(21))): {'bw': 2}, ((0, 2), (np.int64(20), 12)): {'bw': 37}, ((0, 2), (12, 5)): {'bw': 37}, ((0, 2), (5, 2)): {'bw': 37}, ((0, 2), (2, 6)): {'bw': 37}, ((0, 2), (6, 14)): {'bw': 37}, ((0, 2), (14, np.int64(30))): {'bw': 37}, ((0, 3), (np.int64(20), 12)): {'bw': 1}, ((0, 3), (12, 5)): {'bw': 1}, ((0, 3), (5, 2)): {'bw': 1}, ((0, 3), (2, 6)): {'bw': 1}, ((0, 3), (6, 14)): {'bw': 1}, ((0, 3), (14, np.int64(22))): {'bw': 1}, ((0, 5), (np.int64(20), 12)): {'bw': 25}, ((0, 5), (12, 5)): {'bw': 25}, ((0, 5), (5, 2)): {'bw': 25}, ((0, 5), (2, 6)): {'bw': 25}, ((0, 5), (6, 13)): {'bw': 25}, ((0, 5), (13, np.int64(29))): {'bw': 25}}",0.0,0.0,98.0,49.0,289.0,0.0,0.0,0.0,0.0,0.0,0.0,0.0,0.0,0.0,Route Failure,46.0,"{'node_level': {}, 'link_level': {}, 'path_level': {}}","{'node_level': {5: {'cpu': -36}, 1: {'cpu': -28}, 3: {'cpu': -26}, 2: {'cpu': -49}, 4: {'cpu': -36}, 0: {'cpu': -29}, 6: {'cpu': -27}}, 'link_level': {(0, 1): {'bw': -68}, (0, 2): {'bw': -31}, (0, 3): {'bw': -30}, (0, 5): {'bw': -5}, (1, 4): {'bw': 28}}, 'path_level': {(0, 1): {}, (0, 2): {}, (0, 3): {}, (0, 5): {}, (1, 4): {}}}","{'node_level': {5: {'cpu': 0}, 1: {'cpu': 0}, 3: {'cpu': 0}, 2: {'cpu': 0}, 4: {'cpu': 0}, 0: {'cpu': 0}, 6: {'cpu': 0}}, 'link_level': {(0, 1): {'bw': 0}, (0, 2): {'bw': 0}, (0, 3): {'bw': 0}, (0, 5): {'bw': 0}, (1, 4): {'bw': 46}}, 'path_level': {(0, 1): {}, (0, 2): {}, (0, 3): {}, (0, 5): {}, (1, 4): {}}}",[],-inf,-inf,True,False,False,0,[],0,0.0,0.0025000572204589844,7.0,5.0
170,50,5,4934.0,13664.0,2038032.7408110758,6096607.523987077,0.36109484777517564,0.3342896410491317,16,313,0,4231.190883621196,3827,555,3272,0.2365887207702888,0.2852774137177807,105,1582.1908836211958,2649.0,5,7,False,{},{},{},{},0.0,0.0,0.0,0.0,0.0,0.0,0.0,0.0,0.0,0.0,0.0,0.0,0.0,0.0,Leave Event,0.0,"{'node_level': {}, 'link_level': {}, 'path_level': {}}","{'node_level': {}, 'link_level': {}, 'path_level': {}}","{'node_level': {}, 'link_level': {}, 'path_level': {}}",[],-inf,-inf,True,True,False,0,[],0,0.0,,,
170,50,4,4934.0,13664.0,2038032.7408110758,6096607.523987077,0.36109484777517564,0.3342896410491317,16,314,0,4235.602374609286,4126,598,3528,0.17744154057771666,0.22935779816513757,157,282.6023746092864,3953.0,3,3,False,{},{},{},{},0.0,0.0,0.0,0.0,0.0,0.0,0.0,0.0,0.0,0.0,0.0,0.0,0.0,0.0,Leave Event,0.0,"{'node_level': {}, 'link_level': {}, 'path_level': {}}","{'node_level': {}, 'link_level': {}, 'path_level': {}}","{'node_level': {}, 'link_level': {}, 'path_level': {}}",[],-inf,-inf,True,True,False,0,[],0,0.0,,,
170,50,3,4934.0,13664.0,2038032.7408110758,6096607.523987077,0.36109484777517564,0.3342896410491317,16,315,0,4241.362197795661,4174,612,3562,0.1581843191196699,0.2219309742245522,155,331.362197795661,3910.0,2,1,False,{},{},{},{},0.0,0.0,0.0,0.0,0.0,0.0,0.0,0.0,0.0,0.0,0.0,0.0,0.0,0.0,Leave Event,0.0,"{'node_level': {}, 'link_level': {}, 'path_level': {}}","{'node_level': {}, 'link_level': {}, 'path_level': {}}","{'node_level': {}, 'link_level': {}, 'path_level': {}}",[],-inf,-inf,True,True,False,0,[],0,0.0,,,
171,50,3,4934.0,13664.0,2038032.7408110758,6096607.523987077,0.36109484777517564,0.3342896410491317,16,316,1,4257.0,4174,612,3562,0.1581843191196699,0.2219309742245522,170,40.53518744330753,4257.0,6,10,False,"{3: np.int64(29), 2: np.int64(21), 4: np.int64(22), 1: np.int64(30), 5: np.int64(28), 0: np.int64(23)}","{(0, 3): [(np.int64(23), 7), (7, 3), (3, 1), (1, 0), (0, 2), (2, 6), (6, 13), (13, np.int64(29))], (0, 4): [(np.int64(23), 7), (7, 3), (3, 1), (1, 0), (0, 2), (2, 6), (6, 14), (14, np.int64(22))], (1, 2): [(np.int64(30), 14), (14, 6), (6, 13), (13, np.int64(21))], (1, 3): [(np.int64(30), 14), (14, 6), (6, 13), (13, np.int64(29))], (1, 4): [(np.int64(30), 14), (14, 22)], (1, 5): []}","{(3, np.int64(29)): {'cpu': 18}, (2, np.int64(21)): {'cpu': 17}, (4, np.int64(22)): {'cpu': 9}, (1, np.int64(30)): {'cpu': 16}, (5, np.int64(28)): {'cpu': 16}, (0, np.int64(23)): {'cpu': 7}}","{((0, 3), (np.int64(23), 7)): {'bw': 12}, ((0, 3), (7, 3)): {'bw': 12}, ((0, 3), (3, 1)): {'bw': 12}, ((0, 3), (1, 0)): {'bw': 12}, ((0, 3), (0, 2)): {'bw': 12}, ((0, 3), (2, 6)): {'bw': 12}, ((0, 3), (6, 13)): {'bw': 12}, ((0, 3), (13, np.int64(29))): {'bw': 12}, ((0, 4), (np.int64(23), 7)): {'bw': 43}, ((0, 4), (7, 3)): {'bw': 43}, ((0, 4), (3, 1)): {'bw': 43}, ((0, 4), (1, 0)): {'bw': 43}, ((0, 4), (0, 2)): {'bw': 43}, ((0, 4), (2, 6)): {'bw': 43}, ((0, 4), (6, 14)): {'bw': 43}, ((0, 4), (14, np.int64(22))): {'bw': 43}, ((1, 2), (np.int64(30), 14)): {'bw': 6}, ((1, 2), (14, 6)): {'bw': 6}, ((1, 2), (6, 13)): {'bw': 6}, ((1, 2), (13, np.int64(21))): {'bw': 6}, ((1, 3), (np.int64(30), 14)): {'bw': 7}, ((1, 3), (14, 6)): {'bw': 7}, ((1, 3), (6, 13)): {'bw': 7}, ((1, 3), (13, np.int64(29))): {'bw': 7}, ((1, 4), (np.int64(30), 14)): {'bw': 17}, ((1, 4), (14, 22)): {'bw': 17}}",0.0,0.0,166.0,83.0,249.0,0.0,0.0,0.0,0.0,0.0,0.0,0.0,0.0,0.0,Route Failure,2.0,"{'node_level': {}, 'link_level': {}, 'path_level': {}}","{'node_level': {3: {'cpu': -33}, 2: {'cpu': -25}, 4: {'cpu': -27}, 1: {'cpu': -35}, 5: {'cpu': -35}, 0: {'cpu': -53}}, 'link_level': {(0, 3): {'bw': -69}, (0, 4): {'bw': -26}, (1, 2): {'bw': -44}, (1, 3): {'bw': -37}, (1, 4): {'bw': -69}, (1, 5): {'bw': 2}}, 'path_level': {(0, 3): {}, (0, 4): {}, (1, 2): {}, (1, 3): {}, (1, 4): {}, (1, 5): {}}}","{'node_level': {3: {'cpu': 0}, 2: {'cpu': 0}, 4: {'cpu': 0}, 1: {'cpu': 0}, 5: {'cpu': 0}, 0: {'cpu': 0}}, 'link_level': {(0, 3): {'bw': 0}, (0, 4): {'bw': 0}, (1, 2): {'bw': 0}, (1, 3): {'bw': 0}, (1, 4): {'bw': 0}, (1, 5): {'bw': 2}}, 'path_level': {(0, 3): {}, (0, 4): {}, (1, 2): {}, (1, 3): {}, (1, 4): {}, (1, 5): {}}}",[],-inf,-inf,True,False,False,0,[],0,0.0,0.0021791458129882812,6.0,6.0
172,50,3,4934.0,13664.0,2038032.7408110758,6096607.523987077,0.36109484777517564,0.3342896410491317,16,317,1,4280.0,4174,612,3562,0.1581843191196699,0.2219309742245522,171,29.6528331508178,4280.0,6,8,False,"{1: np.int64(29), 5: np.int64(21), 3: np.int64(22), 0: np.int64(30), 4: np.int64(28), 2: np.int64(23)}","{(0, 1): [(np.int64(30), 14), (14, 6), (6, 13), (13, np.int64(29))], (1, 2): [(np.int64(29), 13), (13, 6), (6, 2), (2, 0), (0, 1), (1, 3), (3, 7), (7, np.int64(23))], (1, 3): [(np.int64(29), 13), (13, 6), (6, 14), (14, np.int64(22))], (1, 4): [(np.int64(29), 13), (13, 6), (6, 2), (2, 5), (5, 12), (12, np.int64(28))], (1, 5): [(np.int64(29), 13), (13, 21)], (2, 5): [(np.int64(23), 7), (7, 3), (3, 1), (1, 0), (0, 2), (2, 6), (6, 13), (13, np.int64(21))], (3, 4): []}","{(1, np.int64(29)): {'cpu': 14}, (5, np.int64(21)): {'cpu': 11}, (3, np.int64(22)): {'cpu': 4}, (0, np.int64(30)): {'cpu': 12}, (4, np.int64(28)): {'cpu': 2}, (2, np.int64(23)): {'cpu': 11}}","{((0, 1), (np.int64(30), 14)): {'bw': 38}, ((0, 1), (14, 6)): {'bw': 38}, ((0, 1), (6, 13)): {'bw': 38}, ((0, 1), (13, np.int64(29))): {'bw': 38}, ((1, 2), (np.int64(29), 13)): {'bw': 8}, ((1, 2), (13, 6)): {'bw': 8}, ((1, 2), (6, 2)): {'bw': 8}, ((1, 2), (2, 0)): {'bw': 8}, ((1, 2), (0, 1)): {'bw': 8}, ((1, 2), (1, 3)): {'bw': 8}, ((1, 2), (3, 7)): {'bw': 8}, ((1, 2), (7, np.int64(23))): {'bw': 8}, ((1, 3), (np.int64(29), 13)): {'bw': 45}, ((1, 3), (13, 6)): {'bw': 45}, ((1, 3), (6, 14)): {'bw': 45}, ((1, 3), (14, np.int64(22))): {'bw': 45}, ((1, 4), (np.int64(29), 13)): {'bw': 10}, ((1, 4), (13, 6)): {'bw': 10}, ((1, 4), (6, 2)): {'bw': 10}, ((1, 4), (2, 5)): {'bw': 10}, ((1, 4), (5, 12)): {'bw': 10}, ((1, 4), (12, np.int64(28))): {'bw': 10}, ((1, 5), (np.int64(29), 13)): {'bw': 41}, ((1, 5), (13, 21)): {'bw': 41}, ((2, 5), (np.int64(23), 7)): {'bw': 0}, ((2, 5), (7, 3)): {'bw': 0}, ((2, 5), (3, 1)): {'bw': 0}, ((2, 5), (1, 0)): {'bw': 0}, ((2, 5), (0, 2)): {'bw': 0}, ((2, 5), (2, 6)): {'bw': 0}, ((2, 5), (6, 13)): {'bw': 0}, ((2, 5), (13, np.int64(21))): {'bw': 0}}",0.0,0.0,108.0,54.0,227.0,0.0,0.0,0.0,0.0,0.0,0.0,0.0,0.0,0.0,Route Failure,39.0,"{'node_level': {}, 'link_level': {}, 'path_level': {}}","{'node_level': {1: {'cpu': -37}, 5: {'cpu': -31}, 3: {'cpu': -32}, 0: {'cpu': -39}, 4: {'cpu': -49}, 2: {'cpu': -49}}, 'link_level': {(0, 1): {'bw': -55}, (1, 2): {'bw': -73}, (1, 3): {'bw': -10}, (1, 4): {'bw': -39}, (1, 5): {'bw': -31}, (2, 5): {'bw': -39}, (3, 4): {'bw': 39}}, 'path_level': {(0, 1): {}, (1, 2): {}, (1, 3): {}, (1, 4): {}, (1, 5): {}, (2, 5): {}, (3, 4): {}}}","{'node_level': {1: {'cpu': 0}, 5: {'cpu': 0}, 3: {'cpu': 0}, 0: {'cpu': 0}, 4: {'cpu': 0}, 2: {'cpu': 0}}, 'link_level': {(0, 1): {'bw': 0}, (1, 2): {'bw': 0}, (1, 3): {'bw': 0}, (1, 4): {'bw': 0}, (1, 5): {'bw': 0}, (2, 5): {'bw': 0}, (3, 4): {'bw': 39}}, 'path_level': {(0, 1): {}, (1, 2): {}, (1, 3): {}, (1, 4): {}, (1, 5): {}, (2, 5): {}, (3, 4): {}}}",[],-inf,-inf,True,False,False,0,[],0,0.0,0.0022840499877929688,6.0,7.0
172,50,3,4934.0,13664.0,2038032.7408110758,6096607.523987077,0.36109484777517564,0.3342896410491317,16,318,0,4297.535187443307,4174,612,3562,0.1581843191196699,0.2219309742245522,170,40.53518744330753,4257.0,6,10,False,{},{},{},{},0.0,0.0,0.0,0.0,0.0,0.0,0.0,0.0,0.0,0.0,0.0,0.0,0.0,0.0,Leave Event,0.0,"{'node_level': {}, 'link_level': {}, 'path_level': {}}","{'node_level': {}, 'link_level': {}, 'path_level': {}}","{'node_level': {}, 'link_level': {}, 'path_level': {}}",[],-inf,-inf,True,True,False,0,[],0,0.0,,,
173,50,3,4934.0,13664.0,2038032.7408110758,6096607.523987077,0.36109484777517564,0.3342896410491317,16,319,1,4300.0,4174,612,3562,0.1581843191196699,0.2219309742245522,172,172.38329640719158,4300.0,8,17,False,"{3: np.int64(29), 5: np.int64(21), 6: np.int64(22), 2: np.int64(30), 0: np.int64(28), 7: np.int64(23), 1: np.int64(15), 4: np.int64(16)}","{(0, 2): [(np.int64(28), 12), (12, 5), (5, 2), (2, 6), (6, 14), (14, np.int64(30))], (0, 3): [(np.int64(28), 12), (12, 5), (5, 2), (2, 6), (6, 13), (13, np.int64(29))], (0, 4): []}","{(3, np.int64(29)): {'cpu': 12}, (5, np.int64(21)): {'cpu': 11}, (6, np.int64(22)): {'cpu': 9}, (2, np.int64(30)): {'cpu': 3}, (0, np.int64(28)): {'cpu': 3}, (7, np.int64(23)): {'cpu': 3}, (1, np.int64(15)): {'cpu': 7}, (4, np.int64(16)): {'cpu': 2}}","{((0, 2), (np.int64(28), 12)): {'bw': 44}, ((0, 2), (12, 5)): {'bw': 44}, ((0, 2), (5, 2)): {'bw': 44}, ((0, 2), (2, 6)): {'bw': 44}, ((0, 2), (6, 14)): {'bw': 44}, ((0, 2), (14, np.int64(30))): {'bw': 44}, ((0, 3), (np.int64(28), 12)): {'bw': 16}, ((0, 3), (12, 5)): {'bw': 16}, ((0, 3), (5, 2)): {'bw': 16}, ((0, 3), (2, 6)): {'bw': 16}, ((0, 3), (6, 13)): {'bw': 16}, ((0, 3), (13, np.int64(29))): {'bw': 16}}",0.0,0.0,100.0,50.0,381.0,0.0,0.0,0.0,0.0,0.0,0.0,0.0,0.0,0.0,Route Failure,13.0,"{'node_level': {}, 'link_level': {}, 'path_level': {}}","{'node_level': {3: {'cpu': -39}, 5: {'cpu': -31}, 6: {'cpu': -27}, 2: {'cpu': -48}, 0: {'cpu': -48}, 7: {'cpu': -57}, 1: {'cpu': -46}, 4: {'cpu': -51}}, 'link_level': {(0, 2): {'bw': -26}, (0, 3): {'bw': -10}, (0, 4): {'bw': 13}}, 'path_level': {(0, 2): {}, (0, 3): {}, (0, 4): {}}}","{'node_level': {3: {'cpu': 0}, 5: {'cpu': 0}, 6: {'cpu': 0}, 2: {'cpu': 0}, 0: {'cpu': 0}, 7: {'cpu': 0}, 1: {'cpu': 0}, 4: {'cpu': 0}}, 'link_level': {(0, 2): {'bw': 0}, (0, 3): {'bw': 0}, (0, 4): {'bw': 13}}, 'path_level': {(0, 2): {}, (0, 3): {}, (0, 4): {}}}",[],-inf,-inf,True,False,False,0,[],0,0.0,0.0027108192443847656,8.0,3.0
173,50,3,4934.0,13664.0,2038032.7408110758,6096607.523987077,0.36109484777517564,0.3342896410491317,16,320,0,4309.652833150818,4174,612,3562,0.1581843191196699,0.2219309742245522,171,29.6528331508178,4280.0,6,8,False,{},{},{},{},0.0,0.0,0.0,0.0,0.0,0.0,0.0,0.0,0.0,0.0,0.0,0.0,0.0,0.0,Leave Event,0.0,"{'node_level': {}, 'link_level': {}, 'path_level': {}}","{'node_level': {}, 'link_level': {}, 'path_level': {}}","{'node_level': {}, 'link_level': {}, 'path_level': {}}",[],-inf,-inf,True,True,False,0,[],0,0.0,,,
174,50,3,4934.0,13664.0,2038032.7408110758,6096607.523987077,0.36109484777517564,0.3342896410491317,16,321,1,4322.0,4174,612,3562,0.1581843191196699,0.2219309742245522,173,140.3081659666972,4322.0,4,5,False,"{0: np.int64(29), 3: np.int64(21), 2: np.int64(22), 1: np.int64(30)}","{(0, 1): [(np.int64(29), 13), (13, 6), (6, 14), (14, np.int64(30))], (0, 2): [(np.int64(29), 13), (13, 6), (6, 14), (14, np.int64(22))], (0, 3): [(np.int64(29), 13), (13, 21)], (1, 3): [(np.int64(30), 14), (14, 6), (6, 13), (13, np.int64(21))], (2, 3): []}","{(0, np.int64(29)): {'cpu': 16}, (3, np.int64(21)): {'cpu': 15}, (2, np.int64(22)): {'cpu': 2}, (1, np.int64(30)): {'cpu': 0}}","{((0, 1), (np.int64(29), 13)): {'bw': 21}, ((0, 1), (13, 6)): {'bw': 21}, ((0, 1), (6, 14)): {'bw': 21}, ((0, 1), (14, np.int64(30))): {'bw': 21}, ((0, 2), (np.int64(29), 13)): {'bw': 24}, ((0, 2), (13, 6)): {'bw': 24}, ((0, 2), (6, 14)): {'bw': 24}, ((0, 2), (14, np.int64(22))): {'bw': 24}, ((0, 3), (np.int64(29), 13)): {'bw': 17}, ((0, 3), (13, 21)): {'bw': 17}, ((1, 3), (np.int64(30), 14)): {'bw': 19}, ((1, 3), (14, 6)): {'bw': 19}, ((1, 3), (6, 13)): {'bw': 19}, ((1, 3), (13, np.int64(21))): {'bw': 19}}",0.0,0.0,66.0,33.0,111.0,0.0,0.0,0.0,0.0,0.0,0.0,0.0,0.0,0.0,Route Failure,1.0,"{'node_level': {}, 'link_level': {}, 'path_level': {}}","{'node_level': {0: {'cpu': -35}, 3: {'cpu': -27}, 2: {'cpu': -34}, 1: {'cpu': -51}}, 'link_level': {(0, 1): {'bw': -72}, (0, 2): {'bw': -48}, (0, 3): {'bw': -111}, (1, 3): {'bw': -29}, (2, 3): {'bw': 1}}, 'path_level': {(0, 1): {}, (0, 2): {}, (0, 3): {}, (1, 3): {}, (2, 3): {}}}","{'node_level': {0: {'cpu': 0}, 3: {'cpu': 0}, 2: {'cpu': 0}, 1: {'cpu': 0}}, 'link_level': {(0, 1): {'bw': 0}, (0, 2): {'bw': 0}, (0, 3): {'bw': 0}, (1, 3): {'bw': 0}, (2, 3): {'bw': 1}}, 'path_level': {(0, 1): {}, (0, 2): {}, (0, 3): {}, (1, 3): {}, (2, 3): {}}}",[],-inf,-inf,True,False,False,0,[],0,0.0,0.0016541481018066406,4.0,5.0
174,50,3,4934.0,13664.0,2038032.7408110758,6096607.523987077,0.36109484777517564,0.3342896410491317,16,322,0,4338.132111330608,4174,612,3562,0.1581843191196699,0.2219309742245522,166,170.1321113306077,4168.0,7,13,False,{},{},{},{},0.0,0.0,0.0,0.0,0.0,0.0,0.0,0.0,0.0,0.0,0.0,0.0,0.0,0.0,Leave Event,0.0,"{'node_level': {}, 'link_level': {}, 'path_level': {}}","{'node_level': {}, 'link_level': {}, 'path_level': {}}","{'node_level': {}, 'link_level': {}, 'path_level': {}}",[],-inf,-inf,True,True,False,0,[],0,0.0,,,
175,51,4,5048.0,14003.0,2128617.593711529,6365978.270770004,0.3604941798186103,0.3343739961358774,16,323,1,4350.0,3835,581,3254,0.20082530949105915,0.2892092616863259,174,794.603972810993,4350.0,4,4,True,"{3: np.int64(29), 1: np.int64(21), 0: np.int64(22), 2: np.int64(30)}","{(0, 1): [(np.int64(22), 14), (14, 6), (6, 13), (13, np.int64(21))], (0, 2): [(np.int64(22), 14), (14, 30)], (0, 3): [(np.int64(22), 14), (14, 6), (6, 13), (13, np.int64(29))], (1, 2): [(np.int64(21), 13), (13, 6), (6, 14), (14, np.int64(30))]}","{(3, np.int64(29)): {'cpu': 16}, (1, np.int64(21)): {'cpu': 9}, (0, np.int64(22)): {'cpu': 2}, (2, np.int64(30)): {'cpu': 4}}","{((0, 1), (np.int64(22), 14)): {'bw': 18}, ((0, 1), (14, 6)): {'bw': 18}, ((0, 1), (6, 13)): {'bw': 18}, ((0, 1), (13, np.int64(21))): {'bw': 18}, ((0, 2), (np.int64(22), 14)): {'bw': 12}, ((0, 2), (14, 30)): {'bw': 12}, ((0, 3), (np.int64(22), 14)): {'bw': 48}, ((0, 3), (14, 6)): {'bw': 48}, ((0, 3), (6, 13)): {'bw': 48}, ((0, 3), (13, np.int64(29))): {'bw': 48}, ((1, 2), (np.int64(21), 13)): {'bw': 5}, ((1, 2), (13, 6)): {'bw': 5}, ((1, 2), (6, 14)): {'bw': 5}, ((1, 2), (14, np.int64(30))): {'bw': 5}}",339.0,114.0,62.0,31.0,83.0,31.0,83.0,31.0,308.0,225.0,0.336283185840708,269370.7467829266,90584.8529004532,267.21195545856403,Success,0.0,"{'node_level': {}, 'link_level': {}, 'path_level': {}}","{'node_level': {3: {'cpu': -35}, 1: {'cpu': -33}, 0: {'cpu': -34}, 2: {'cpu': -47}}, 'link_level': {(0, 1): {'bw': -75}, (0, 2): {'bw': -87}, (0, 3): {'bw': -27}, (1, 2): {'bw': -22}}, 'path_level': {(0, 1): {}, (0, 2): {}, (0, 3): {}, (1, 2): {}}}","{'node_level': {3: {'cpu': 0}, 1: {'cpu': 0}, 0: {'cpu': 0}, 2: {'cpu': 0}}, 'link_level': {(0, 1): {'bw': 0}, (0, 2): {'bw': 0}, (0, 3): {'bw': 0}, (1, 2): {'bw': 0}}, 'path_level': {(0, 1): {}, (0, 2): {}, (0, 3): {}, (1, 2): {}}}",[],-inf,-inf,True,True,False,0,[],0,0.0,0.0014338493347167969,4.0,4.0
175,51,4,5048.0,14003.0,2128617.593711529,6365978.270770004,0.3604941798186103,0.3343739961358774,16,324,0,4378.204227731553,3835,581,3254,0.20082530949105915,0.2892092616863259,160,358.20422773155315,4020.0,4,4,False,{},{},{},{},0.0,0.0,0.0,0.0,0.0,0.0,0.0,0.0,0.0,0.0,0.0,0.0,0.0,0.0,Leave Event,0.0,"{'node_level': {}, 'link_level': {}, 'path_level': {}}","{'node_level': {}, 'link_level': {}, 'path_level': {}}","{'node_level': {}, 'link_level': {}, 'path_level': {}}",[],-inf,-inf,True,True,False,0,[],0,0.0,,,
176,52,5,5076.0,14046.0,2128628.5304862782,6365995.066531226,0.3613840239214011,0.3343748319374914,16,325,1,4380.0,3792,560,3232,0.22971114167812934,0.29401485364788116,175,0.39059909818912614,4380.0,3,2,True,"{2: np.int64(23), 0: np.int64(15), 1: np.int64(16)}","{(0, 2): [(np.int64(15), 7), (7, 23)], (1, 2): [(np.int64(16), 8), (8, 3), (3, 7), (7, np.int64(23))]}","{(2, np.int64(23)): {'cpu': 10}, (0, np.int64(15)): {'cpu': 9}, (1, np.int64(16)): {'cpu': 2}}","{((0, 2), (np.int64(15), 7)): {'bw': 3}, ((0, 2), (7, 23)): {'bw': 3}, ((1, 2), (np.int64(16), 8)): {'bw': 4}, ((1, 2), (8, 3)): {'bw': 4}, ((1, 2), (3, 7)): {'bw': 4}, ((1, 2), (7, np.int64(23))): {'bw': 4}}",43.0,28.0,42.0,21.0,7.0,21.0,7.0,21.0,22.0,15.0,0.6511627906976745,16.795761222132423,10.936774749295532,0.25434359882082636,Success,0.0,"{'node_level': {}, 'link_level': {}, 'path_level': {}}","{'node_level': {2: {'cpu': -50}, 0: {'cpu': -44}, 1: {'cpu': -51}}, 'link_level': {(0, 2): {'bw': -130}, (1, 2): {'bw': -84}}, 'path_level': {(0, 2): {}, (1, 2): {}}}","{'node_level': {2: {'cpu': 0}, 0: {'cpu': 0}, 1: {'cpu': 0}}, 'link_level': {(0, 2): {'bw': 0}, (1, 2): {'bw': 0}}, 'path_level': {(0, 2): {}, (1, 2): {}}}",[],-inf,-inf,True,True,False,0,[],0,0.0,0.0010111331939697266,3.0,2.0
176,52,4,5076.0,14046.0,2128628.5304862782,6365995.066531226,0.3613840239214011,0.3343748319374914,16,326,0,4380.390599098189,3835,581,3254,0.20082530949105915,0.2892092616863259,175,0.39059909818912614,4380.0,3,2,False,{},{},{},{},0.0,0.0,0.0,0.0,0.0,0.0,0.0,0.0,0.0,0.0,0.0,0.0,0.0,0.0,Leave Event,0.0,"{'node_level': {}, 'link_level': {}, 'path_level': {}}","{'node_level': {}, 'link_level': {}, 'path_level': {}}","{'node_level': {}, 'link_level': {}, 'path_level': {}}",[],-inf,-inf,True,True,False,0,[],0,0.0,,,
176,52,4,5076.0,14046.0,2128628.5304862782,6365995.066531226,0.3613840239214011,0.3343748319374914,16,327,0,4381.038219502896,3835,581,3254,0.20082530949105915,0.2892092616863259,164,263.0382195028958,4118.0,7,11,False,{},{},{},{},0.0,0.0,0.0,0.0,0.0,0.0,0.0,0.0,0.0,0.0,0.0,0.0,0.0,0.0,Leave Event,0.0,"{'node_level': {}, 'link_level': {}, 'path_level': {}}","{'node_level': {}, 'link_level': {}, 'path_level': {}}","{'node_level': {}, 'link_level': {}, 'path_level': {}}",[],-inf,-inf,True,True,False,0,[],0,0.0,,,
176,52,4,5076.0,14046.0,2128628.5304862782,6365995.066531226,0.3613840239214011,0.3343748319374914,16,328,0,4393.741400943662,3835,581,3254,0.20082530949105915,0.2892092616863259,118,1410.741400943662,2983.0,4,4,False,{},{},{},{},0.0,0.0,0.0,0.0,0.0,0.0,0.0,0.0,0.0,0.0,0.0,0.0,0.0,0.0,Leave Event,0.0,"{'node_level': {}, 'link_level': {}, 'path_level': {}}","{'node_level': {}, 'link_level': {}, 'path_level': {}}","{'node_level': {}, 'link_level': {}, 'path_level': {}}",[],-inf,-inf,True,True,False,0,[],0,0.0,,,
177,53,5,5277.0,14692.0,2586090.0852167374,7836244.64044106,0.3591750612578274,0.3300165071251758,16,329,1,4403.0,3189,499,2690,0.31361760660247595,0.4124071647007427,176,2275.928132987359,4403.0,5,6,True,"{4: np.int64(23), 3: np.int64(15), 2: np.int64(16), 0: np.int64(28), 1: np.int64(21)}","{(0, 2): [(np.int64(28), 12), (12, 5), (5, 2), (2, 0), (0, 1), (1, 3), (3, 8), (8, np.int64(16))], (0, 3): [(np.int64(28), 12), (12, 5), (5, 2), (2, 0), (0, 1), (1, 3), (3, 7), (7, np.int64(15))], (1, 2): [(np.int64(21), 13), (13, 6), (6, 2), (2, 0), (0, 1), (1, 3), (3, 8), (8, np.int64(16))], (2, 3): [(np.int64(16), 8), (8, 3), (3, 7), (7, np.int64(15))], (2, 4): [(np.int64(16), 8), (8, 3), (3, 7), (7, np.int64(23))], (3, 4): [(np.int64(15), 7), (7, 23)]}","{(4, np.int64(23)): {'cpu': 19}, (3, np.int64(15)): {'cpu': 14}, (2, np.int64(16)): {'cpu': 13}, (0, np.int64(28)): {'cpu': 20}, (1, np.int64(21)): {'cpu': 16}}","{((0, 2), (np.int64(28), 12)): {'bw': 3}, ((0, 2), (12, 5)): {'bw': 3}, ((0, 2), (5, 2)): {'bw': 3}, ((0, 2), (2, 0)): {'bw': 3}, ((0, 2), (0, 1)): {'bw': 3}, ((0, 2), (1, 3)): {'bw': 3}, ((0, 2), (3, 8)): {'bw': 3}, ((0, 2), (8, np.int64(16))): {'bw': 3}, ((0, 3), (np.int64(28), 12)): {'bw': 24}, ((0, 3), (12, 5)): {'bw': 24}, ((0, 3), (5, 2)): {'bw': 24}, ((0, 3), (2, 0)): {'bw': 24}, ((0, 3), (0, 1)): {'bw': 24}, ((0, 3), (1, 3)): {'bw': 24}, ((0, 3), (3, 7)): {'bw': 24}, ((0, 3), (7, np.int64(15))): {'bw': 24}, ((1, 2), (np.int64(21), 13)): {'bw': 19}, ((1, 2), (13, 6)): {'bw': 19}, ((1, 2), (6, 2)): {'bw': 19}, ((1, 2), (2, 0)): {'bw': 19}, ((1, 2), (0, 1)): {'bw': 19}, ((1, 2), (1, 3)): {'bw': 19}, ((1, 2), (3, 8)): {'bw': 19}, ((1, 2), (8, np.int64(16))): {'bw': 19}, ((2, 3), (np.int64(16), 8)): {'bw': 1}, ((2, 3), (8, 3)): {'bw': 1}, ((2, 3), (3, 7)): {'bw': 1}, ((2, 3), (7, np.int64(15))): {'bw': 1}, ((2, 4), (np.int64(16), 8)): {'bw': 24}, ((2, 4), (8, 3)): {'bw': 24}, ((2, 4), (3, 7)): {'bw': 24}, ((2, 4), (7, np.int64(23))): {'bw': 24}, ((3, 4), (np.int64(15), 7)): {'bw': 48}, ((3, 4), (7, 23)): {'bw': 48}}",646.0,201.0,164.0,82.0,119.0,82.0,119.0,82.0,564.0,445.0,0.3111455108359133,1470249.5739098338,457461.5547304591,708.1448215641782,Success,0.0,"{'node_level': {}, 'link_level': {}, 'path_level': {}}","{'node_level': {4: {'cpu': -41}, 3: {'cpu': -39}, 2: {'cpu': -40}, 0: {'cpu': -31}, 1: {'cpu': -17}}, 'link_level': {(0, 2): {'bw': -67}, (0, 3): {'bw': -43}, (1, 2): {'bw': -49}, (2, 3): {'bw': -65}, (2, 4): {'bw': -41}, (3, 4): {'bw': -61}}, 'path_level': {(0, 2): {}, (0, 3): {}, (1, 2): {}, (2, 3): {}, (2, 4): {}, (3, 4): {}}}","{'node_level': {4: {'cpu': 0}, 3: {'cpu': 0}, 2: {'cpu': 0}, 0: {'cpu': 0}, 1: {'cpu': 0}}, 'link_level': {(0, 2): {'bw': 0}, (0, 3): {'bw': 0}, (1, 2): {'bw': 0}, (2, 3): {'bw': 0}, (2, 4): {'bw': 0}, (3, 4): {'bw': 0}}, 'path_level': {(0, 2): {}, (0, 3): {}, (1, 2): {}, (2, 3): {}, (2, 4): {}, (3, 4): {}}}",[],-inf,-inf,True,True,False,0,[],0,0.0,0.001867055892944336,5.0,6.0
177,53,4,5277.0,14692.0,2586090.0852167374,7836244.64044106,0.3591750612578274,0.3300165071251758,16,330,0,4419.584443364267,3367,541,2826,0.2558459422283357,0.382699868938401,154,536.5844433642666,3883.0,3,3,False,{},{},{},{},0.0,0.0,0.0,0.0,0.0,0.0,0.0,0.0,0.0,0.0,0.0,0.0,0.0,0.0,Leave Event,0.0,"{'node_level': {}, 'link_level': {}, 'path_level': {}}","{'node_level': {}, 'link_level': {}, 'path_level': {}}","{'node_level': {}, 'link_level': {}, 'path_level': {}}",[],-inf,-inf,True,True,False,0,[],0,0.0,,,
178,53,4,5277.0,14692.0,2586090.0852167374,7836244.64044106,0.3591750612578274,0.3300165071251758,16,331,1,4434.0,3367,541,2826,0.2558459422283357,0.382699868938401,177,1023.7778455704247,4434.0,9,15,False,"{3: np.int64(25), 2: np.int64(17), 4: np.int64(18), 7: np.int64(26), 8: np.int64(16), 1: np.int64(29), 6: np.int64(30), 0: np.int64(20), 5: np.int64(28)}","{(0, 1): [(np.int64(20), 12), (12, 5), (5, 2), (2, 6), (6, 13), (13, np.int64(29))], (0, 3): [(np.int64(20), 12), (12, 5), (5, 2), (2, 0), (0, 1), (1, 4), (4, 9), (9, np.int64(25))], (0, 7): [(np.int64(20), 12), (12, 5), (5, 2), (2, 0), (0, 1), (1, 4), (4, 10), (10, np.int64(26))], (1, 3): []}","{(3, np.int64(25)): {'cpu': 13}, (2, np.int64(17)): {'cpu': 11}, (4, np.int64(18)): {'cpu': 9}, (7, np.int64(26)): {'cpu': 14}, (8, np.int64(16)): {'cpu': 13}, (1, np.int64(29)): {'cpu': 5}, (6, np.int64(30)): {'cpu': 13}, (0, np.int64(20)): {'cpu': 2}, (5, np.int64(28)): {'cpu': 0}}","{((0, 1), (np.int64(20), 12)): {'bw': 15}, ((0, 1), (12, 5)): {'bw': 15}, ((0, 1), (5, 2)): {'bw': 15}, ((0, 1), (2, 6)): {'bw': 15}, ((0, 1), (6, 13)): {'bw': 15}, ((0, 1), (13, np.int64(29))): {'bw': 15}, ((0, 3), (np.int64(20), 12)): {'bw': 1}, ((0, 3), (12, 5)): {'bw': 1}, ((0, 3), (5, 2)): {'bw': 1}, ((0, 3), (2, 0)): {'bw': 1}, ((0, 3), (0, 1)): {'bw': 1}, ((0, 3), (1, 4)): {'bw': 1}, ((0, 3), (4, 9)): {'bw': 1}, ((0, 3), (9, np.int64(25))): {'bw': 1}, ((0, 7), (np.int64(20), 12)): {'bw': 6}, ((0, 7), (12, 5)): {'bw': 6}, ((0, 7), (5, 2)): {'bw': 6}, ((0, 7), (2, 0)): {'bw': 6}, ((0, 7), (0, 1)): {'bw': 6}, ((0, 7), (1, 4)): {'bw': 6}, ((0, 7), (4, 10)): {'bw': 6}, ((0, 7), (10, np.int64(26))): {'bw': 6}}",0.0,0.0,160.0,80.0,397.0,0.0,0.0,0.0,0.0,0.0,0.0,0.0,0.0,0.0,Route Failure,8.0,"{'node_level': {}, 'link_level': {}, 'path_level': {}}","{'node_level': {3: {'cpu': -33}, 2: {'cpu': -44}, 4: {'cpu': -14}, 7: {'cpu': -3}, 8: {'cpu': -27}, 1: {'cpu': -30}, 6: {'cpu': -34}, 0: {'cpu': -33}, 5: {'cpu': -31}}, 'link_level': {(0, 1): {'bw': -28}, (0, 3): {'bw': -27}, (0, 7): {'bw': -21}, (1, 3): {'bw': 8}}, 'path_level': {(0, 1): {}, (0, 3): {}, (0, 7): {}, (1, 3): {}}}","{'node_level': {3: {'cpu': 0}, 2: {'cpu': 0}, 4: {'cpu': 0}, 7: {'cpu': 0}, 8: {'cpu': 0}, 1: {'cpu': 0}, 6: {'cpu': 0}, 0: {'cpu': 0}, 5: {'cpu': 0}}, 'link_level': {(0, 1): {'bw': 0}, (0, 3): {'bw': 0}, (0, 7): {'bw': 0}, (1, 3): {'bw': 8}}, 'path_level': {(0, 1): {}, (0, 3): {}, (0, 7): {}, (1, 3): {}}}",[],-inf,-inf,True,False,False,0,[],0,0.0,0.003287792205810547,9.0,4.0
178,53,4,5277.0,14692.0,2586090.0852167374,7836244.64044106,0.3591750612578274,0.3300165071251758,16,332,0,4437.035190659646,3367,541,2826,0.2558459422283357,0.382699868938401,169,208.03519065964605,4229.0,7,11,False,{},{},{},{},0.0,0.0,0.0,0.0,0.0,0.0,0.0,0.0,0.0,0.0,0.0,0.0,0.0,0.0,Leave Event,0.0,"{'node_level': {}, 'link_level': {}, 'path_level': {}}","{'node_level': {}, 'link_level': {}, 'path_level': {}}","{'node_level': {}, 'link_level': {}, 'path_level': {}}",[],-inf,-inf,True,True,False,0,[],0,0.0,,,
179,53,4,5277.0,14692.0,2586090.0852167374,7836244.64044106,0.3591750612578274,0.3300165071251758,16,333,1,4461.0,3367,541,2826,0.2558459422283357,0.382699868938401,178,1683.822977735305,4461.0,6,9,False,"{4: np.int64(25), 3: np.int64(17), 1: np.int64(18), 0: np.int64(26), 5: np.int64(16), 2: np.int64(29)}","{(0, 2): [(np.int64(26), 10), (10, 4), (4, 1), (1, 0), (0, 2), (2, 6), (6, 13), (13, np.int64(29))], (0, 4): [(np.int64(26), 10), (10, 4), (4, 9), (9, np.int64(25))], (0, 5): [(np.int64(26), 10), (10, 4), (4, 1), (1, 3), (3, 8), (8, np.int64(16))], (1, 3): [(np.int64(18), 10), (10, 4), (4, 9), (9, np.int64(17))], (2, 3): [(np.int64(29), 13), (13, 6), (6, 2), (2, 0), (0, 1), (1, 4), (4, 9), (9, np.int64(17))], (2, 5): []}","{(4, np.int64(25)): {'cpu': 10}, (3, np.int64(17)): {'cpu': 4}, (1, np.int64(18)): {'cpu': 10}, (0, np.int64(26)): {'cpu': 6}, (5, np.int64(16)): {'cpu': 2}, (2, np.int64(29)): {'cpu': 0}}","{((0, 2), (np.int64(26), 10)): {'bw': 5}, ((0, 2), (10, 4)): {'bw': 5}, ((0, 2), (4, 1)): {'bw': 5}, ((0, 2), (1, 0)): {'bw': 5}, ((0, 2), (0, 2)): {'bw': 5}, ((0, 2), (2, 6)): {'bw': 5}, ((0, 2), (6, 13)): {'bw': 5}, ((0, 2), (13, np.int64(29))): {'bw': 5}, ((0, 4), (np.int64(26), 10)): {'bw': 15}, ((0, 4), (10, 4)): {'bw': 15}, ((0, 4), (4, 9)): {'bw': 15}, ((0, 4), (9, np.int64(25))): {'bw': 15}, ((0, 5), (np.int64(26), 10)): {'bw': 18}, ((0, 5), (10, 4)): {'bw': 18}, ((0, 5), (4, 1)): {'bw': 18}, ((0, 5), (1, 3)): {'bw': 18}, ((0, 5), (3, 8)): {'bw': 18}, ((0, 5), (8, np.int64(16))): {'bw': 18}, ((1, 3), (np.int64(18), 10)): {'bw': 25}, ((1, 3), (10, 4)): {'bw': 25}, ((1, 3), (4, 9)): {'bw': 25}, ((1, 3), (9, np.int64(17))): {'bw': 25}, ((2, 3), (np.int64(29), 13)): {'bw': 3}, ((2, 3), (13, 6)): {'bw': 3}, ((2, 3), (6, 2)): {'bw': 3}, ((2, 3), (2, 0)): {'bw': 3}, ((2, 3), (0, 1)): {'bw': 3}, ((2, 3), (1, 4)): {'bw': 3}, ((2, 3), (4, 9)): {'bw': 3}, ((2, 3), (9, np.int64(17))): {'bw': 3}}",0.0,0.0,64.0,32.0,155.0,0.0,0.0,0.0,0.0,0.0,0.0,0.0,0.0,0.0,Route Failure,28.0,"{'node_level': {}, 'link_level': {}, 'path_level': {}}","{'node_level': {4: {'cpu': -36}, 3: {'cpu': -51}, 1: {'cpu': -13}, 0: {'cpu': -11}, 5: {'cpu': -38}, 2: {'cpu': -35}}, 'link_level': {(0, 2): {'bw': -45}, (0, 4): {'bw': -77}, (0, 5): {'bw': -23}, (1, 3): {'bw': -34}, (2, 3): {'bw': -42}, (2, 5): {'bw': 18}}, 'path_level': {(0, 2): {}, (0, 4): {}, (0, 5): {}, (1, 3): {}, (2, 3): {}, (2, 5): {}}}","{'node_level': {4: {'cpu': 0}, 3: {'cpu': 0}, 1: {'cpu': 0}, 0: {'cpu': 0}, 5: {'cpu': 0}, 2: {'cpu': 0}}, 'link_level': {(0, 2): {'bw': 0}, (0, 4): {'bw': 0}, (0, 5): {'bw': 0}, (1, 3): {'bw': 0}, (2, 3): {'bw': 0}, (2, 5): {'bw': 28}}, 'path_level': {(0, 2): {}, (0, 4): {}, (0, 5): {}, (1, 3): {}, (2, 3): {}, (2, 5): {}}}",[],-inf,-inf,True,False,False,0,[],0,0.0,0.0024671554565429688,6.0,6.0
179,53,4,5277.0,14692.0,2586090.0852167374,7836244.64044106,0.3591750612578274,0.3300165071251758,16,334,0,4462.308165966697,3367,541,2826,0.2558459422283357,0.382699868938401,173,140.3081659666972,4322.0,4,5,False,{},{},{},{},0.0,0.0,0.0,0.0,0.0,0.0,0.0,0.0,0.0,0.0,0.0,0.0,0.0,0.0,Leave Event,0.0,"{'node_level': {}, 'link_level': {}, 'path_level': {}}","{'node_level': {}, 'link_level': {}, 'path_level': {}}","{'node_level': {}, 'link_level': {}, 'path_level': {}}",[],-inf,-inf,True,True,False,0,[],0,0.0,,,
179,53,4,5277.0,14692.0,2586090.0852167374,7836244.64044106,0.3591750612578274,0.3300165071251758,16,335,0,4472.383296407192,3367,541,2826,0.2558459422283357,0.382699868938401,172,172.38329640719158,4300.0,8,17,False,{},{},{},{},0.0,0.0,0.0,0.0,0.0,0.0,0.0,0.0,0.0,0.0,0.0,0.0,0.0,0.0,Leave Event,0.0,"{'node_level': {}, 'link_level': {}, 'path_level': {}}","{'node_level': {}, 'link_level': {}, 'path_level': {}}","{'node_level': {}, 'link_level': {}, 'path_level': {}}",[],-inf,-inf,True,True,False,0,[],0,0.0,,,
180,54,5,5336.0,14776.0,2607770.5632411717,7867111.761696187,0.3611261505143476,0.33147750308290064,16,336,1,4494.0,3283,507,2776,0.30261348005502064,0.3936216688510267,179,367.4657292277031,4494.0,2,1,True,"{0: np.int64(25), 1: np.int64(17)}","{(0, 1): [(np.int64(25), 9), (9, 17)]}","{(0, np.int64(25)): {'cpu': 20}, (1, np.int64(17)): {'cpu': 14}}","{((0, 1), (np.int64(25), 9)): {'bw': 25}, ((0, 1), (9, 17)): {'bw': 25}}",84.0,59.0,68.0,34.0,25.0,34.0,25.0,34.0,50.0,25.0,0.7023809523809523,30867.12125512706,21680.478024434484,258.10092886231524,Success,0.0,"{'node_level': {}, 'link_level': {}, 'path_level': {}}","{'node_level': {0: {'cpu': -26}, 1: {'cpu': -41}}, 'link_level': {(0, 1): {'bw': -78}}, 'path_level': {(0, 1): {}}}","{'node_level': {0: {'cpu': 0}, 1: {'cpu': 0}}, 'link_level': {(0, 1): {'bw': 0}}, 'path_level': {(0, 1): {}}}",[],-inf,-inf,True,True,False,0,[],0,0.0,0.0006058216094970703,2.0,1.0
180,54,5,5336.0,14776.0,2607770.5632411717,7867111.761696187,0.3611261505143476,0.33147750308290064,16,337,0,4505.684023567344,3283,507,2776,0.30261348005502064,0.3936216688510267,142,929.6840235673449,3576.0,8,15,False,{},{},{},{},0.0,0.0,0.0,0.0,0.0,0.0,0.0,0.0,0.0,0.0,0.0,0.0,0.0,0.0,Leave Event,0.0,"{'node_level': {}, 'link_level': {}, 'path_level': {}}","{'node_level': {}, 'link_level': {}, 'path_level': {}}","{'node_level': {}, 'link_level': {}, 'path_level': {}}",[],-inf,-inf,True,True,False,0,[],0,0.0,,,
180,54,5,5336.0,14776.0,2607770.5632411717,7867111.761696187,0.3611261505143476,0.33147750308290064,16,338,0,4510.353544311085,3283,507,2776,0.30261348005502064,0.3936216688510267,145,855.3535443110845,3655.0,5,7,False,{},{},{},{},0.0,0.0,0.0,0.0,0.0,0.0,0.0,0.0,0.0,0.0,0.0,0.0,0.0,0.0,Leave Event,0.0,"{'node_level': {}, 'link_level': {}, 'path_level': {}}","{'node_level': {}, 'link_level': {}, 'path_level': {}}","{'node_level': {}, 'link_level': {}, 'path_level': {}}",[],-inf,-inf,True,True,False,0,[],0,0.0,,,
181,54,5,5336.0,14776.0,2607770.5632411717,7867111.761696187,0.3611261505143476,0.33147750308290064,16,339,1,4515.0,3283,507,2776,0.30261348005502064,0.3936216688510267,180,695.0175433544052,4515.0,7,13,False,"{5: np.int64(29), 0: np.int64(21), 6: np.int64(30), 2: np.int64(22), 3: np.int64(20), 4: np.int64(28), 1: np.int64(18)}","{(0, 1): [(np.int64(21), 13), (13, 6), (6, 2), (2, 0), (0, 1), (1, 4), (4, 10), (10, np.int64(18))], (0, 4): []}","{(5, np.int64(29)): {'cpu': 13}, (0, np.int64(21)): {'cpu': 9}, (6, np.int64(30)): {'cpu': 6}, (2, np.int64(22)): {'cpu': 11}, (3, np.int64(20)): {'cpu': 4}, (4, np.int64(28)): {'cpu': 8}, (1, np.int64(18)): {'cpu': 1}}","{((0, 1), (np.int64(21), 13)): {'bw': 22}, ((0, 1), (13, 6)): {'bw': 22}, ((0, 1), (6, 2)): {'bw': 22}, ((0, 1), (2, 0)): {'bw': 22}, ((0, 1), (0, 1)): {'bw': 22}, ((0, 1), (1, 4)): {'bw': 22}, ((0, 1), (4, 10)): {'bw': 22}, ((0, 1), (10, np.int64(18))): {'bw': 22}}",0.0,0.0,104.0,52.0,355.0,0.0,0.0,0.0,0.0,0.0,0.0,0.0,0.0,0.0,Route Failure,11.0,"{'node_level': {}, 'link_level': {}, 'path_level': {}}","{'node_level': {5: {'cpu': -22}, 0: {'cpu': -8}, 6: {'cpu': -41}, 2: {'cpu': -23}, 3: {'cpu': -31}, 4: {'cpu': -23}, 1: {'cpu': -22}}, 'link_level': {(0, 1): {'bw': -28}, (0, 4): {'bw': 11}}, 'path_level': {(0, 1): {}, (0, 4): {}}}","{'node_level': {5: {'cpu': 0}, 0: {'cpu': 0}, 6: {'cpu': 0}, 2: {'cpu': 0}, 3: {'cpu': 0}, 4: {'cpu': 0}, 1: {'cpu': 0}}, 'link_level': {(0, 1): {'bw': 0}, (0, 4): {'bw': 11}}, 'path_level': {(0, 1): {}, (0, 4): {}}}",[],-inf,-inf,True,False,False,0,[],0,0.0,0.0024700164794921875,7.0,2.0
182,54,5,5336.0,14776.0,2607770.5632411717,7867111.761696187,0.3611261505143476,0.33147750308290064,16,340,1,4540.0,3283,507,2776,0.30261348005502064,0.3936216688510267,181,68.88991401198173,4540.0,9,20,False,"{0: np.int64(29), 1: np.int64(21), 5: np.int64(30), 2: np.int64(22), 3: np.int64(20), 6: np.int64(28), 8: np.int64(18), 4: np.int64(16), 7: np.int64(17)}","{(0, 3): [(np.int64(29), 13), (13, 6), (6, 2), (2, 5), (5, 12), (12, np.int64(20))], (0, 4): [(np.int64(29), 13), (13, 6), (6, 2), (2, 0), (0, 1), (1, 3), (3, 8), (8, np.int64(16))], (0, 7): []}","{(0, np.int64(29)): {'cpu': 20}, (1, np.int64(21)): {'cpu': 17}, (5, np.int64(30)): {'cpu': 10}, (2, np.int64(22)): {'cpu': 7}, (3, np.int64(20)): {'cpu': 6}, (6, np.int64(28)): {'cpu': 3}, (8, np.int64(18)): {'cpu': 2}, (4, np.int64(16)): {'cpu': 5}, (7, np.int64(17)): {'cpu': 1}}","{((0, 3), (np.int64(29), 13)): {'bw': 25}, ((0, 3), (13, 6)): {'bw': 25}, ((0, 3), (6, 2)): {'bw': 25}, ((0, 3), (2, 5)): {'bw': 25}, ((0, 3), (5, 12)): {'bw': 25}, ((0, 3), (12, np.int64(20))): {'bw': 25}, ((0, 4), (np.int64(29), 13)): {'bw': 19}, ((0, 4), (13, 6)): {'bw': 19}, ((0, 4), (6, 2)): {'bw': 19}, ((0, 4), (2, 0)): {'bw': 19}, ((0, 4), (0, 1)): {'bw': 19}, ((0, 4), (1, 3)): {'bw': 19}, ((0, 4), (3, 8)): {'bw': 19}, ((0, 4), (8, np.int64(16))): {'bw': 19}}",0.0,0.0,142.0,71.0,478.0,0.0,0.0,0.0,0.0,0.0,0.0,0.0,0.0,0.0,Route Failure,1.0,"{'node_level': {}, 'link_level': {}, 'path_level': {}}","{'node_level': {0: {'cpu': -15}, 1: {'cpu': 0}, 5: {'cpu': -37}, 2: {'cpu': -27}, 3: {'cpu': -29}, 6: {'cpu': -28}, 8: {'cpu': -21}, 4: {'cpu': -35}, 7: {'cpu': -40}}, 'link_level': {(0, 3): {'bw': -18}, (0, 4): {'bw': -6}, (0, 7): {'bw': 1}}, 'path_level': {(0, 3): {}, (0, 4): {}, (0, 7): {}}}","{'node_level': {0: {'cpu': 0}, 1: {'cpu': 0}, 5: {'cpu': 0}, 2: {'cpu': 0}, 3: {'cpu': 0}, 6: {'cpu': 0}, 8: {'cpu': 0}, 4: {'cpu': 0}, 7: {'cpu': 0}}, 'link_level': {(0, 3): {'bw': 0}, (0, 4): {'bw': 0}, (0, 7): {'bw': 1}}, 'path_level': {(0, 3): {}, (0, 4): {}, (0, 7): {}}}",[],-inf,-inf,True,False,False,0,[],0,0.0,0.003087759017944336,9.0,3.0
182,54,5,5336.0,14776.0,2607770.5632411717,7867111.761696187,0.3611261505143476,0.33147750308290064,16,341,0,4545.8328891316805,3283,507,2776,0.30261348005502064,0.3936216688510267,153,683.8328891316802,3862.0,8,16,False,{},{},{},{},0.0,0.0,0.0,0.0,0.0,0.0,0.0,0.0,0.0,0.0,0.0,0.0,0.0,0.0,Leave Event,0.0,"{'node_level': {}, 'link_level': {}, 'path_level': {}}","{'node_level': {}, 'link_level': {}, 'path_level': {}}","{'node_level': {}, 'link_level': {}, 'path_level': {}}",[],-inf,-inf,True,True,False,0,[],0,0.0,,,
183,54,5,5336.0,14776.0,2607770.5632411717,7867111.761696187,0.3611261505143476,0.33147750308290064,16,342,1,4565.0,3283,507,2776,0.30261348005502064,0.3936216688510267,182,1251.6369528774007,4565.0,5,5,False,"{2: np.int64(29), 3: np.int64(21), 1: np.int64(30), 4: np.int64(22), 0: np.int64(20)}","{(0, 2): [(np.int64(20), 12), (12, 5), (5, 2), (2, 6), (6, 13), (13, np.int64(29))], (1, 2): [(np.int64(30), 14), (14, 6), (6, 13), (13, np.int64(29))], (2, 3): [(np.int64(29), 13), (13, 21)], (2, 4): []}","{(2, np.int64(29)): {'cpu': 11}, (3, np.int64(21)): {'cpu': 8}, (1, np.int64(30)): {'cpu': 15}, (4, np.int64(22)): {'cpu': 2}, (0, np.int64(20)): {'cpu': 6}}","{((0, 2), (np.int64(20), 12)): {'bw': 3}, ((0, 2), (12, 5)): {'bw': 3}, ((0, 2), (5, 2)): {'bw': 3}, ((0, 2), (2, 6)): {'bw': 3}, ((0, 2), (6, 13)): {'bw': 3}, ((0, 2), (13, np.int64(29))): {'bw': 3}, ((1, 2), (np.int64(30), 14)): {'bw': 22}, ((1, 2), (14, 6)): {'bw': 22}, ((1, 2), (6, 13)): {'bw': 22}, ((1, 2), (13, np.int64(29))): {'bw': 22}, ((2, 3), (np.int64(29), 13)): {'bw': 50}, ((2, 3), (13, 21)): {'bw': 50}}",0.0,0.0,84.0,42.0,118.0,0.0,0.0,0.0,0.0,0.0,0.0,0.0,0.0,0.0,Route Failure,31.0,"{'node_level': {}, 'link_level': {}, 'path_level': {}}","{'node_level': {2: {'cpu': -24}, 3: {'cpu': -9}, 1: {'cpu': -32}, 4: {'cpu': -32}, 0: {'cpu': -29}}, 'link_level': {(0, 2): {'bw': -40}, (1, 2): {'bw': 0}, (2, 3): {'bw': -50}, (2, 4): {'bw': 28}}, 'path_level': {(0, 2): {}, (1, 2): {}, (2, 3): {}, (2, 4): {}}}","{'node_level': {2: {'cpu': 0}, 3: {'cpu': 0}, 1: {'cpu': 0}, 4: {'cpu': 0}, 0: {'cpu': 0}}, 'link_level': {(0, 2): {'bw': 0}, (1, 2): {'bw': 0}, (2, 3): {'bw': 0}, (2, 4): {'bw': 31}}, 'path_level': {(0, 2): {}, (1, 2): {}, (2, 3): {}, (2, 4): {}}}",[],-inf,-inf,True,False,False,0,[],0,0.0,0.0017752647399902344,5.0,4.0
184,54,5,5336.0,14776.0,2607770.5632411717,7867111.761696187,0.3611261505143476,0.33147750308290064,16,343,1,4583.0,3283,507,2776,0.30261348005502064,0.3936216688510267,183,172.33349053430996,4583.0,10,25,False,"{3: np.int64(29), 6: np.int64(21), 8: np.int64(30), 0: np.int64(22), 5: np.int64(20), 9: np.int64(28), 2: np.int64(18), 4: np.int64(16), 1: np.int64(17), 7: np.int64(25)}","{(0, 2): [(np.int64(22), 14), (14, 6), (6, 2), (2, 0), (0, 1), (1, 4), (4, 10), (10, np.int64(18))], (0, 3): []}","{(3, np.int64(29)): {'cpu': 18}, (6, np.int64(21)): {'cpu': 14}, (8, np.int64(30)): {'cpu': 11}, (0, np.int64(22)): {'cpu': 15}, (5, np.int64(20)): {'cpu': 9}, (9, np.int64(28)): {'cpu': 3}, (2, np.int64(18)): {'cpu': 7}, (4, np.int64(16)): {'cpu': 2}, (1, np.int64(17)): {'cpu': 0}, (7, np.int64(25)): {'cpu': 0}}","{((0, 2), (np.int64(22), 14)): {'bw': 2}, ((0, 2), (14, 6)): {'bw': 2}, ((0, 2), (6, 2)): {'bw': 2}, ((0, 2), (2, 0)): {'bw': 2}, ((0, 2), (0, 1)): {'bw': 2}, ((0, 2), (1, 4)): {'bw': 2}, ((0, 2), (4, 10)): {'bw': 2}, ((0, 2), (10, np.int64(18))): {'bw': 2}}",0.0,0.0,158.0,79.0,638.0,0.0,0.0,0.0,0.0,0.0,0.0,0.0,0.0,0.0,Route Failure,20.0,"{'node_level': {}, 'link_level': {}, 'path_level': {}}","{'node_level': {3: {'cpu': -17}, 6: {'cpu': -3}, 8: {'cpu': -36}, 0: {'cpu': -19}, 5: {'cpu': -26}, 9: {'cpu': -28}, 2: {'cpu': -16}, 4: {'cpu': -38}, 1: {'cpu': -41}, 7: {'cpu': -26}}, 'link_level': {(0, 2): {'bw': -20}, (0, 3): {'bw': 20}}, 'path_level': {(0, 2): {}, (0, 3): {}}}","{'node_level': {3: {'cpu': 0}, 6: {'cpu': 0}, 8: {'cpu': 0}, 0: {'cpu': 0}, 5: {'cpu': 0}, 9: {'cpu': 0}, 2: {'cpu': 0}, 4: {'cpu': 0}, 1: {'cpu': 0}, 7: {'cpu': 0}}, 'link_level': {(0, 2): {'bw': 0}, (0, 3): {'bw': 20}}, 'path_level': {(0, 2): {}, (0, 3): {}}}",[],-inf,-inf,True,False,False,0,[],0,0.0,0.0036699771881103516,10.0,2.0
184,54,5,5336.0,14776.0,2607770.5632411717,7867111.761696187,0.3611261505143476,0.33147750308290064,16,344,0,4608.889914011982,3283,507,2776,0.30261348005502064,0.3936216688510267,181,68.88991401198173,4540.0,9,20,False,{},{},{},{},0.0,0.0,0.0,0.0,0.0,0.0,0.0,0.0,0.0,0.0,0.0,0.0,0.0,0.0,Leave Event,0.0,"{'node_level': {}, 'link_level': {}, 'path_level': {}}","{'node_level': {}, 'link_level': {}, 'path_level': {}}","{'node_level': {}, 'link_level': {}, 'path_level': {}}",[],-inf,-inf,True,True,False,0,[],0,0.0,,,
184,54,5,5336.0,14776.0,2607770.5632411717,7867111.761696187,0.3611261505143476,0.33147750308290064,16,345,0,4610.36414401485,3283,507,2776,0.30261348005502064,0.3936216688510267,116,1682.3641440148501,2928.0,8,12,False,{},{},{},{},0.0,0.0,0.0,0.0,0.0,0.0,0.0,0.0,0.0,0.0,0.0,0.0,0.0,0.0,Leave Event,0.0,"{'node_level': {}, 'link_level': {}, 'path_level': {}}","{'node_level': {}, 'link_level': {}, 'path_level': {}}","{'node_level': {}, 'link_level': {}, 'path_level': {}}",[],-inf,-inf,True,True,False,0,[],0,0.0,,,
184,54,5,5336.0,14776.0,2607770.5632411717,7867111.761696187,0.3611261505143476,0.33147750308290064,16,346,0,4615.885740026539,3283,507,2776,0.30261348005502064,0.3936216688510267,168,404.885740026539,4211.0,10,16,False,{},{},{},{},0.0,0.0,0.0,0.0,0.0,0.0,0.0,0.0,0.0,0.0,0.0,0.0,0.0,0.0,Leave Event,0.0,"{'node_level': {}, 'link_level': {}, 'path_level': {}}","{'node_level': {}, 'link_level': {}, 'path_level': {}}","{'node_level': {}, 'link_level': {}, 'path_level': {}}",[],-inf,-inf,True,True,False,0,[],0,0.0,,,
185,54,5,5336.0,14776.0,2607770.5632411717,7867111.761696187,0.3611261505143476,0.33147750308290064,16,347,1,4617.0,3283,507,2776,0.30261348005502064,0.3936216688510267,184,60.70743186439061,4617.0,7,10,False,"{6: np.int64(29), 5: np.int64(21), 4: np.int64(30), 0: np.int64(22), 1: np.int64(20), 2: np.int64(28), 3: np.int64(18)}","{(0, 4): [(np.int64(22), 14), (14, 30)], (1, 2): [(np.int64(20), 12), (12, 28)], (1, 4): [(np.int64(20), 12), (12, 5), (5, 2), (2, 6), (6, 14), (14, np.int64(30))], (1, 5): [(np.int64(20), 12), (12, 5), (5, 2), (2, 6), (6, 13), (13, np.int64(21))], (2, 3): []}","{(6, np.int64(29)): {'cpu': 19}, (5, np.int64(21)): {'cpu': 13}, (4, np.int64(30)): {'cpu': 10}, (0, np.int64(22)): {'cpu': 17}, (1, np.int64(20)): {'cpu': 7}, (2, np.int64(28)): {'cpu': 4}, (3, np.int64(18)): {'cpu': 0}}","{((0, 4), (np.int64(22), 14)): {'bw': 39}, ((0, 4), (14, 30)): {'bw': 39}, ((1, 2), (np.int64(20), 12)): {'bw': 31}, ((1, 2), (12, 28)): {'bw': 31}, ((1, 4), (np.int64(20), 12)): {'bw': 13}, ((1, 4), (12, 5)): {'bw': 13}, ((1, 4), (5, 2)): {'bw': 13}, ((1, 4), (2, 6)): {'bw': 13}, ((1, 4), (6, 14)): {'bw': 13}, ((1, 4), (14, np.int64(30))): {'bw': 13}, ((1, 5), (np.int64(20), 12)): {'bw': 16}, ((1, 5), (12, 5)): {'bw': 16}, ((1, 5), (5, 2)): {'bw': 16}, ((1, 5), (2, 6)): {'bw': 16}, ((1, 5), (6, 13)): {'bw': 16}, ((1, 5), (13, np.int64(21))): {'bw': 16}}",0.0,0.0,140.0,70.0,312.0,0.0,0.0,0.0,0.0,0.0,0.0,0.0,0.0,0.0,Route Failure,4.0,"{'node_level': {}, 'link_level': {}, 'path_level': {}}","{'node_level': {6: {'cpu': -16}, 5: {'cpu': -4}, 4: {'cpu': -37}, 0: {'cpu': -17}, 1: {'cpu': -28}, 2: {'cpu': -27}, 3: {'cpu': -23}}, 'link_level': {(0, 4): {'bw': -42}, (1, 2): {'bw': -70}, (1, 4): {'bw': -9}, (1, 5): {'bw': -14}, (2, 3): {'bw': 4}}, 'path_level': {(0, 4): {}, (1, 2): {}, (1, 4): {}, (1, 5): {}, (2, 3): {}}}","{'node_level': {6: {'cpu': 0}, 5: {'cpu': 0}, 4: {'cpu': 0}, 0: {'cpu': 0}, 1: {'cpu': 0}, 2: {'cpu': 0}, 3: {'cpu': 0}}, 'link_level': {(0, 4): {'bw': 0}, (1, 2): {'bw': 0}, (1, 4): {'bw': 0}, (1, 5): {'bw': 0}, (2, 3): {'bw': 4}}, 'path_level': {(0, 4): {}, (1, 2): {}, (1, 4): {}, (1, 5): {}, (2, 3): {}}}",[],-inf,-inf,True,False,False,0,[],0,0.0,0.002689838409423828,7.0,5.0
186,54,5,5336.0,14776.0,2607770.5632411717,7867111.761696187,0.3611261505143476,0.33147750308290064,16,348,1,4644.0,3283,507,2776,0.30261348005502064,0.3936216688510267,185,523.9099920006806,4644.0,3,3,False,"{1: np.int64(29), 0: np.int64(21), 2: np.int64(30)}","{(0, 1): [(np.int64(21), 13), (13, 29)], (0, 2): []}","{(1, np.int64(29)): {'cpu': 19}, (0, np.int64(21)): {'cpu': 13}, (2, np.int64(30)): {'cpu': 12}}","{((0, 1), (np.int64(21), 13)): {'bw': 28}, ((0, 1), (13, 29)): {'bw': 28}}",0.0,0.0,88.0,44.0,84.0,0.0,0.0,0.0,0.0,0.0,0.0,0.0,0.0,0.0,Route Failure,3.0,"{'node_level': {}, 'link_level': {}, 'path_level': {}}","{'node_level': {1: {'cpu': -16}, 0: {'cpu': -4}, 2: {'cpu': -35}}, 'link_level': {(0, 1): {'bw': -97}, (0, 2): {'bw': 3}}, 'path_level': {(0, 1): {}, (0, 2): {}}}","{'node_level': {1: {'cpu': 0}, 0: {'cpu': 0}, 2: {'cpu': 0}}, 'link_level': {(0, 1): {'bw': 0}, (0, 2): {'bw': 3}}, 'path_level': {(0, 1): {}, (0, 2): {}}}",[],-inf,-inf,True,False,False,0,[],0,0.0,0.001062154769897461,3.0,2.0
186,54,5,5336.0,14776.0,2607770.5632411717,7867111.761696187,0.3611261505143476,0.33147750308290064,16,349,0,4646.948142699852,3283,507,2776,0.30261348005502064,0.3936216688510267,60,3111.948142699852,1535.0,5,4,False,{},{},{},{},0.0,0.0,0.0,0.0,0.0,0.0,0.0,0.0,0.0,0.0,0.0,0.0,0.0,0.0,Leave Event,0.0,"{'node_level': {}, 'link_level': {}, 'path_level': {}}","{'node_level': {}, 'link_level': {}, 'path_level': {}}","{'node_level': {}, 'link_level': {}, 'path_level': {}}",[],-inf,-inf,True,True,False,0,[],0,0.0,,,
186,54,5,5336.0,14776.0,2607770.5632411717,7867111.761696187,0.3611261505143476,0.33147750308290064,16,350,0,4663.890382936142,3283,507,2776,0.30261348005502064,0.3936216688510267,120,1629.8903829361416,3034.0,8,15,False,{},{},{},{},0.0,0.0,0.0,0.0,0.0,0.0,0.0,0.0,0.0,0.0,0.0,0.0,0.0,0.0,Leave Event,0.0,"{'node_level': {}, 'link_level': {}, 'path_level': {}}","{'node_level': {}, 'link_level': {}, 'path_level': {}}","{'node_level': {}, 'link_level': {}, 'path_level': {}}",[],-inf,-inf,True,True,False,0,[],0,0.0,,,
187,54,5,5336.0,14776.0,2607770.5632411717,7867111.761696187,0.3611261505143476,0.33147750308290064,16,351,1,4671.0,3283,507,2776,0.30261348005502064,0.3936216688510267,186,699.3161714502039,4671.0,7,13,False,"{0: np.int64(29), 5: np.int64(21), 4: np.int64(30), 6: np.int64(22), 2: np.int64(20), 3: np.int64(28), 1: np.int64(18)}","{(0, 2): [(np.int64(29), 13), (13, 6), (6, 2), (2, 5), (5, 12), (12, np.int64(20))], (0, 5): [(np.int64(29), 13), (13, 21)], (0, 6): []}","{(0, np.int64(29)): {'cpu': 16}, (5, np.int64(21)): {'cpu': 5}, (4, np.int64(30)): {'cpu': 7}, (6, np.int64(22)): {'cpu': 9}, (2, np.int64(20)): {'cpu': 5}, (3, np.int64(28)): {'cpu': 13}, (1, np.int64(18)): {'cpu': 3}}","{((0, 2), (np.int64(29), 13)): {'bw': 40}, ((0, 2), (13, 6)): {'bw': 40}, ((0, 2), (6, 2)): {'bw': 40}, ((0, 2), (2, 5)): {'bw': 40}, ((0, 2), (5, 12)): {'bw': 40}, ((0, 2), (12, np.int64(20))): {'bw': 40}, ((0, 5), (np.int64(29), 13)): {'bw': 44}, ((0, 5), (13, 21)): {'bw': 44}}",0.0,0.0,116.0,58.0,304.0,0.0,0.0,0.0,0.0,0.0,0.0,0.0,0.0,0.0,Route Failure,6.0,"{'node_level': {}, 'link_level': {}, 'path_level': {}}","{'node_level': {0: {'cpu': -19}, 5: {'cpu': -12}, 4: {'cpu': -40}, 6: {'cpu': -25}, 2: {'cpu': -30}, 3: {'cpu': -18}, 1: {'cpu': -20}}, 'link_level': {(0, 2): {'bw': -3}, (0, 5): {'bw': -41}, (0, 6): {'bw': 6}}, 'path_level': {(0, 2): {}, (0, 5): {}, (0, 6): {}}}","{'node_level': {0: {'cpu': 0}, 5: {'cpu': 0}, 4: {'cpu': 0}, 6: {'cpu': 0}, 2: {'cpu': 0}, 3: {'cpu': 0}, 1: {'cpu': 0}}, 'link_level': {(0, 2): {'bw': 0}, (0, 5): {'bw': 0}, (0, 6): {'bw': 6}}, 'path_level': {(0, 2): {}, (0, 5): {}, (0, 6): {}}}",[],-inf,-inf,True,False,False,0,[],0,0.0,0.0023610591888427734,7.0,3.0
187,54,4,5336.0,14776.0,2607770.5632411717,7867111.761696187,0.3611261505143476,0.33147750308290064,16,352,0,4675.229332200796,3761,543,3218,0.2530949105914718,0.29707295762341634,159,681.2293322007966,3994.0,5,4,False,{},{},{},{},0.0,0.0,0.0,0.0,0.0,0.0,0.0,0.0,0.0,0.0,0.0,0.0,0.0,0.0,Leave Event,0.0,"{'node_level': {}, 'link_level': {}, 'path_level': {}}","{'node_level': {}, 'link_level': {}, 'path_level': {}}","{'node_level': {}, 'link_level': {}, 'path_level': {}}",[],-inf,-inf,True,True,False,0,[],0,0.0,,,
187,54,4,5336.0,14776.0,2607770.5632411717,7867111.761696187,0.3611261505143476,0.33147750308290064,16,353,0,4677.707431864391,3761,543,3218,0.2530949105914718,0.29707295762341634,184,60.70743186439061,4617.0,7,10,False,{},{},{},{},0.0,0.0,0.0,0.0,0.0,0.0,0.0,0.0,0.0,0.0,0.0,0.0,0.0,0.0,Leave Event,0.0,"{'node_level': {}, 'link_level': {}, 'path_level': {}}","{'node_level': {}, 'link_level': {}, 'path_level': {}}","{'node_level': {}, 'link_level': {}, 'path_level': {}}",[],-inf,-inf,True,True,False,0,[],0,0.0,,,
187,54,4,5336.0,14776.0,2607770.5632411717,7867111.761696187,0.3611261505143476,0.33147750308290064,16,354,0,4693.732700058624,3761,543,3218,0.2530949105914718,0.29707295762341634,165,556.732700058624,4137.0,8,9,False,{},{},{},{},0.0,0.0,0.0,0.0,0.0,0.0,0.0,0.0,0.0,0.0,0.0,0.0,0.0,0.0,Leave Event,0.0,"{'node_level': {}, 'link_level': {}, 'path_level': {}}","{'node_level': {}, 'link_level': {}, 'path_level': {}}","{'node_level': {}, 'link_level': {}, 'path_level': {}}",[],-inf,-inf,True,True,False,0,[],0,0.0,,,
188,54,4,5336.0,14776.0,2607770.5632411717,7867111.761696187,0.3611261505143476,0.33147750308290064,16,355,1,4699.0,3761,543,3218,0.2530949105914718,0.29707295762341634,187,457.56098309101776,4699.0,6,9,False,"{3: np.int64(30), 0: np.int64(22), 2: np.int64(29), 4: np.int64(20), 1: np.int64(28), 5: np.int64(19)}","{(0, 2): [(np.int64(22), 14), (14, 6), (6, 13), (13, np.int64(29))], (0, 3): [(np.int64(22), 14), (14, 30)], (0, 5): []}","{(3, np.int64(30)): {'cpu': 20}, (0, np.int64(22)): {'cpu': 13}, (2, np.int64(29)): {'cpu': 20}, (4, np.int64(20)): {'cpu': 18}, (1, np.int64(28)): {'cpu': 4}, (5, np.int64(19)): {'cpu': 2}}","{((0, 2), (np.int64(22), 14)): {'bw': 33}, ((0, 2), (14, 6)): {'bw': 33}, ((0, 2), (6, 13)): {'bw': 33}, ((0, 2), (13, np.int64(29))): {'bw': 33}, ((0, 3), (np.int64(22), 14)): {'bw': 43}, ((0, 3), (14, 30)): {'bw': 43}}",0.0,0.0,154.0,77.0,229.0,0.0,0.0,0.0,0.0,0.0,0.0,0.0,0.0,0.0,Route Failure,25.0,"{'node_level': {}, 'link_level': {}, 'path_level': {}}","{'node_level': {3: {'cpu': -27}, 0: {'cpu': -21}, 2: {'cpu': -15}, 4: {'cpu': -30}, 1: {'cpu': -29}, 5: {'cpu': -32}}, 'link_level': {(0, 2): {'bw': -17}, (0, 3): {'bw': -5}, (0, 5): {'bw': 25}}, 'path_level': {(0, 2): {}, (0, 3): {}, (0, 5): {}}}","{'node_level': {3: {'cpu': 0}, 0: {'cpu': 0}, 2: {'cpu': 0}, 4: {'cpu': 0}, 1: {'cpu': 0}, 5: {'cpu': 0}}, 'link_level': {(0, 2): {'bw': 0}, (0, 3): {'bw': 0}, (0, 5): {'bw': 25}}, 'path_level': {(0, 2): {}, (0, 3): {}, (0, 5): {}}}",[],-inf,-inf,True,False,False,0,[],0,0.0,0.0020139217376708984,6.0,3.0
188,54,4,5336.0,14776.0,2607770.5632411717,7867111.761696187,0.3611261505143476,0.33147750308290064,16,356,0,4723.0390672449375,3761,543,3218,0.2530949105914718,0.29707295762341634,114,1844.0390672449375,2879.0,9,14,False,{},{},{},{},0.0,0.0,0.0,0.0,0.0,0.0,0.0,0.0,0.0,0.0,0.0,0.0,0.0,0.0,Leave Event,0.0,"{'node_level': {}, 'link_level': {}, 'path_level': {}}","{'node_level': {}, 'link_level': {}, 'path_level': {}}","{'node_level': {}, 'link_level': {}, 'path_level': {}}",[],-inf,-inf,True,True,False,0,[],0,0.0,,,
188,54,4,5336.0,14776.0,2607770.5632411717,7867111.761696187,0.3611261505143476,0.33147750308290064,16,357,0,4725.361275819591,3761,543,3218,0.2530949105914718,0.29707295762341634,161,684.3612758195914,4041.0,7,11,False,{},{},{},{},0.0,0.0,0.0,0.0,0.0,0.0,0.0,0.0,0.0,0.0,0.0,0.0,0.0,0.0,Leave Event,0.0,"{'node_level': {}, 'link_level': {}, 'path_level': {}}","{'node_level': {}, 'link_level': {}, 'path_level': {}}","{'node_level': {}, 'link_level': {}, 'path_level': {}}",[],-inf,-inf,True,True,False,0,[],0,0.0,,,
189,54,4,5336.0,14776.0,2607770.5632411717,7867111.761696187,0.3611261505143476,0.33147750308290064,16,358,1,4726.0,3761,543,3218,0.2530949105914718,0.29707295762341634,188,22.122510150070475,4726.0,5,5,False,"{2: np.int64(30), 4: np.int64(22), 3: np.int64(29), 1: np.int64(20), 0: np.int64(28)}","{(0, 3): [(np.int64(28), 12), (12, 5), (5, 2), (2, 6), (6, 13), (13, np.int64(29))], (0, 4): [(np.int64(28), 12), (12, 5), (5, 2), (2, 6), (6, 14), (14, np.int64(22))], (1, 4): [(np.int64(20), 12), (12, 5), (5, 2), (2, 6), (6, 14), (14, np.int64(22))], (2, 3): []}","{(2, np.int64(30)): {'cpu': 16}, (4, np.int64(22)): {'cpu': 16}, (3, np.int64(29)): {'cpu': 6}, (1, np.int64(20)): {'cpu': 18}, (0, np.int64(28)): {'cpu': 0}}","{((0, 3), (np.int64(28), 12)): {'bw': 17}, ((0, 3), (12, 5)): {'bw': 17}, ((0, 3), (5, 2)): {'bw': 17}, ((0, 3), (2, 6)): {'bw': 17}, ((0, 3), (6, 13)): {'bw': 17}, ((0, 3), (13, np.int64(29))): {'bw': 17}, ((0, 4), (np.int64(28), 12)): {'bw': 23}, ((0, 4), (12, 5)): {'bw': 23}, ((0, 4), (5, 2)): {'bw': 23}, ((0, 4), (2, 6)): {'bw': 23}, ((0, 4), (6, 14)): {'bw': 23}, ((0, 4), (14, np.int64(22))): {'bw': 23}, ((1, 4), (np.int64(20), 12)): {'bw': 15}, ((1, 4), (12, 5)): {'bw': 15}, ((1, 4), (5, 2)): {'bw': 15}, ((1, 4), (2, 6)): {'bw': 15}, ((1, 4), (6, 14)): {'bw': 15}, ((1, 4), (14, np.int64(22))): {'bw': 15}}",0.0,0.0,112.0,56.0,129.0,0.0,0.0,0.0,0.0,0.0,0.0,0.0,0.0,0.0,Route Failure,12.0,"{'node_level': {}, 'link_level': {}, 'path_level': {}}","{'node_level': {2: {'cpu': -31}, 4: {'cpu': -18}, 3: {'cpu': -29}, 1: {'cpu': -30}, 0: {'cpu': -33}}, 'link_level': {(0, 3): {'bw': -33}, (0, 4): {'bw': -48}, (1, 4): {'bw': -33}, (2, 3): {'bw': 6}}, 'path_level': {(0, 3): {}, (0, 4): {}, (1, 4): {}, (2, 3): {}}}","{'node_level': {2: {'cpu': 0}, 4: {'cpu': 0}, 3: {'cpu': 0}, 1: {'cpu': 0}, 0: {'cpu': 0}}, 'link_level': {(0, 3): {'bw': 0}, (0, 4): {'bw': 0}, (1, 4): {'bw': 0}, (2, 3): {'bw': 12}}, 'path_level': {(0, 3): {}, (0, 4): {}, (1, 4): {}, (2, 3): {}}}",[],-inf,-inf,True,False,False,0,[],0,0.0,0.0020608901977539062,5.0,4.0
189,54,4,5336.0,14776.0,2607770.5632411717,7867111.761696187,0.3611261505143476,0.33147750308290064,16,359,0,4748.12251015007,3761,543,3218,0.2530949105914718,0.29707295762341634,188,22.122510150070475,4726.0,5,5,False,{},{},{},{},0.0,0.0,0.0,0.0,0.0,0.0,0.0,0.0,0.0,0.0,0.0,0.0,0.0,0.0,Leave Event,0.0,"{'node_level': {}, 'link_level': {}, 'path_level': {}}","{'node_level': {}, 'link_level': {}, 'path_level': {}}","{'node_level': {}, 'link_level': {}, 'path_level': {}}",[],-inf,-inf,True,True,False,0,[],0,0.0,,,
190,54,4,5336.0,14776.0,2607770.5632411717,7867111.761696187,0.3611261505143476,0.33147750308290064,16,360,1,4751.0,3761,543,3218,0.2530949105914718,0.29707295762341634,189,924.5094827226017,4751.0,7,9,False,"{5: np.int64(30), 6: np.int64(22), 1: np.int64(29), 4: np.int64(20), 3: np.int64(28), 0: np.int64(19), 2: np.int64(27)}","{(0, 2): [(np.int64(19), 11), (11, 27)], (0, 4): [(np.int64(19), 11), (11, 5), (5, 12), (12, np.int64(20))], (0, 5): [(np.int64(19), 11), (11, 5), (5, 2), (2, 6), (6, 14), (14, np.int64(30))], (1, 2): [(np.int64(29), 13), (13, 6), (6, 2), (2, 5), (5, 11), (11, np.int64(27))], (1, 5): [(np.int64(29), 13), (13, 6), (6, 14), (14, np.int64(30))], (2, 3): [(np.int64(27), 11), (11, 5), (5, 12), (12, np.int64(28))], (4, 5): []}","{(5, np.int64(30)): {'cpu': 17}, (6, np.int64(22)): {'cpu': 19}, (1, np.int64(29)): {'cpu': 15}, (4, np.int64(20)): {'cpu': 19}, (3, np.int64(28)): {'cpu': 19}, (0, np.int64(19)): {'cpu': 10}, (2, np.int64(27)): {'cpu': 8}}","{((0, 2), (np.int64(19), 11)): {'bw': 2}, ((0, 2), (11, 27)): {'bw': 2}, ((0, 4), (np.int64(19), 11)): {'bw': 6}, ((0, 4), (11, 5)): {'bw': 6}, ((0, 4), (5, 12)): {'bw': 6}, ((0, 4), (12, np.int64(20))): {'bw': 6}, ((0, 5), (np.int64(19), 11)): {'bw': 38}, ((0, 5), (11, 5)): {'bw': 38}, ((0, 5), (5, 2)): {'bw': 38}, ((0, 5), (2, 6)): {'bw': 38}, ((0, 5), (6, 14)): {'bw': 38}, ((0, 5), (14, np.int64(30))): {'bw': 38}, ((1, 2), (np.int64(29), 13)): {'bw': 20}, ((1, 2), (13, 6)): {'bw': 20}, ((1, 2), (6, 2)): {'bw': 20}, ((1, 2), (2, 5)): {'bw': 20}, ((1, 2), (5, 11)): {'bw': 20}, ((1, 2), (11, np.int64(27))): {'bw': 20}, ((1, 5), (np.int64(29), 13)): {'bw': 27}, ((1, 5), (13, 6)): {'bw': 27}, ((1, 5), (6, 14)): {'bw': 27}, ((1, 5), (14, np.int64(30))): {'bw': 27}, ((2, 3), (np.int64(27), 11)): {'bw': 25}, ((2, 3), (11, 5)): {'bw': 25}, ((2, 3), (5, 12)): {'bw': 25}, ((2, 3), (12, np.int64(28))): {'bw': 25}}",0.0,0.0,214.0,107.0,181.0,0.0,0.0,0.0,0.0,0.0,0.0,0.0,0.0,0.0,Route Failure,19.0,"{'node_level': {}, 'link_level': {}, 'path_level': {}}","{'node_level': {5: {'cpu': -30}, 6: {'cpu': -15}, 1: {'cpu': -20}, 4: {'cpu': -29}, 3: {'cpu': -14}, 0: {'cpu': -24}, 2: {'cpu': -22}}, 'link_level': {(0, 2): {'bw': -148}, (0, 4): {'bw': -99}, (0, 5): {'bw': -33}, (1, 2): {'bw': -30}, (1, 5): {'bw': -3}, (2, 3): {'bw': -74}, (4, 5): {'bw': 19}}, 'path_level': {(0, 2): {}, (0, 4): {}, (0, 5): {}, (1, 2): {}, (1, 5): {}, (2, 3): {}, (4, 5): {}}}","{'node_level': {5: {'cpu': 0}, 6: {'cpu': 0}, 1: {'cpu': 0}, 4: {'cpu': 0}, 3: {'cpu': 0}, 0: {'cpu': 0}, 2: {'cpu': 0}}, 'link_level': {(0, 2): {'bw': 0}, (0, 4): {'bw': 0}, (0, 5): {'bw': 0}, (1, 2): {'bw': 0}, (1, 5): {'bw': 0}, (2, 3): {'bw': 0}, (4, 5): {'bw': 19}}, 'path_level': {(0, 2): {}, (0, 4): {}, (0, 5): {}, (1, 2): {}, (1, 5): {}, (2, 3): {}, (4, 5): {}}}",[],-inf,-inf,True,False,False,0,[],0,0.0,0.002412080764770508,7.0,7.0
190,54,4,5336.0,14776.0,2607770.5632411717,7867111.761696187,0.3611261505143476,0.33147750308290064,16,361,0,4755.33349053431,3761,543,3218,0.2530949105914718,0.29707295762341634,183,172.33349053430996,4583.0,10,25,False,{},{},{},{},0.0,0.0,0.0,0.0,0.0,0.0,0.0,0.0,0.0,0.0,0.0,0.0,0.0,0.0,Leave Event,0.0,"{'node_level': {}, 'link_level': {}, 'path_level': {}}","{'node_level': {}, 'link_level': {}, 'path_level': {}}","{'node_level': {}, 'link_level': {}, 'path_level': {}}",[],-inf,-inf,True,True,False,0,[],0,0.0,,,
190,54,4,5336.0,14776.0,2607770.5632411717,7867111.761696187,0.3611261505143476,0.33147750308290064,16,362,0,4755.4734964543995,3761,543,3218,0.2530949105914718,0.29707295762341634,141,1197.4734964543995,3558.0,10,26,False,{},{},{},{},0.0,0.0,0.0,0.0,0.0,0.0,0.0,0.0,0.0,0.0,0.0,0.0,0.0,0.0,Leave Event,0.0,"{'node_level': {}, 'link_level': {}, 'path_level': {}}","{'node_level': {}, 'link_level': {}, 'path_level': {}}","{'node_level': {}, 'link_level': {}, 'path_level': {}}",[],-inf,-inf,True,True,False,0,[],0,0.0,,,
191,54,4,5336.0,14776.0,2607770.5632411717,7867111.761696187,0.3611261505143476,0.33147750308290064,16,363,1,4768.0,3761,543,3218,0.2530949105914718,0.29707295762341634,190,765.2530288468683,4768.0,8,14,False,"{1: np.int64(30), 0: np.int64(22), 6: np.int64(29), 7: np.int64(20), 2: np.int64(28), 3: np.int64(19), 5: np.int64(27), 4: np.int64(18)}","{(0, 1): [(np.int64(22), 14), (14, 30)], (0, 3): [(np.int64(22), 14), (14, 6), (6, 2), (2, 5), (5, 11), (11, np.int64(19))], (1, 2): [(np.int64(30), 14), (14, 6), (6, 2), (2, 5), (5, 12), (12, np.int64(28))], (1, 3): [(np.int64(30), 14), (14, 6), (6, 2), (2, 5), (5, 11), (11, np.int64(19))], (1, 7): []}","{(1, np.int64(30)): {'cpu': 20}, (0, np.int64(22)): {'cpu': 18}, (6, np.int64(29)): {'cpu': 17}, (7, np.int64(20)): {'cpu': 9}, (2, np.int64(28)): {'cpu': 17}, (3, np.int64(19)): {'cpu': 5}, (5, np.int64(27)): {'cpu': 8}, (4, np.int64(18)): {'cpu': 2}}","{((0, 1), (np.int64(22), 14)): {'bw': 42}, ((0, 1), (14, 30)): {'bw': 42}, ((0, 3), (np.int64(22), 14)): {'bw': 28}, ((0, 3), (14, 6)): {'bw': 28}, ((0, 3), (6, 2)): {'bw': 28}, ((0, 3), (2, 5)): {'bw': 28}, ((0, 3), (5, 11)): {'bw': 28}, ((0, 3), (11, np.int64(19))): {'bw': 28}, ((1, 2), (np.int64(30), 14)): {'bw': 4}, ((1, 2), (14, 6)): {'bw': 4}, ((1, 2), (6, 2)): {'bw': 4}, ((1, 2), (2, 5)): {'bw': 4}, ((1, 2), (5, 12)): {'bw': 4}, ((1, 2), (12, np.int64(28))): {'bw': 4}, ((1, 3), (np.int64(30), 14)): {'bw': 30}, ((1, 3), (14, 6)): {'bw': 30}, ((1, 3), (6, 2)): {'bw': 30}, ((1, 3), (2, 5)): {'bw': 30}, ((1, 3), (5, 11)): {'bw': 30}, ((1, 3), (11, np.int64(19))): {'bw': 30}}",0.0,0.0,192.0,96.0,321.0,0.0,0.0,0.0,0.0,0.0,0.0,0.0,0.0,0.0,Route Failure,34.0,"{'node_level': {}, 'link_level': {}, 'path_level': {}}","{'node_level': {1: {'cpu': -27}, 0: {'cpu': -16}, 6: {'cpu': -18}, 7: {'cpu': -39}, 2: {'cpu': -16}, 3: {'cpu': -29}, 5: {'cpu': -22}, 4: {'cpu': -21}}, 'link_level': {(0, 1): {'bw': -39}, (0, 3): {'bw': -11}, (1, 2): {'bw': -39}, (1, 3): {'bw': -9}, (1, 7): {'bw': 34}}, 'path_level': {(0, 1): {}, (0, 3): {}, (1, 2): {}, (1, 3): {}, (1, 7): {}}}","{'node_level': {1: {'cpu': 0}, 0: {'cpu': 0}, 6: {'cpu': 0}, 7: {'cpu': 0}, 2: {'cpu': 0}, 3: {'cpu': 0}, 5: {'cpu': 0}, 4: {'cpu': 0}}, 'link_level': {(0, 1): {'bw': 0}, (0, 3): {'bw': 0}, (1, 2): {'bw': 0}, (1, 3): {'bw': 0}, (1, 7): {'bw': 34}}, 'path_level': {(0, 1): {}, (0, 3): {}, (1, 2): {}, (1, 3): {}, (1, 7): {}}}",[],-inf,-inf,True,False,False,0,[],0,0.0,0.002741098403930664,8.0,5.0
192,54,4,5336.0,14776.0,2607770.5632411717,7867111.761696187,0.3611261505143476,0.33147750308290064,16,364,1,4785.0,3761,543,3218,0.2530949105914718,0.29707295762341634,191,377.86653939553275,4785.0,8,13,False,"{2: np.int64(30), 3: np.int64(22), 0: np.int64(29), 7: np.int64(20), 5: np.int64(28), 6: np.int64(19), 1: np.int64(27), 4: np.int64(18)}","{(0, 2): [(np.int64(29), 13), (13, 6), (6, 14), (14, np.int64(30))], (0, 3): [(np.int64(29), 13), (13, 6), (6, 14), (14, np.int64(22))], (0, 7): []}","{(2, np.int64(30)): {'cpu': 16}, (3, np.int64(22)): {'cpu': 14}, (0, np.int64(29)): {'cpu': 12}, (7, np.int64(20)): {'cpu': 7}, (5, np.int64(28)): {'cpu': 11}, (6, np.int64(19)): {'cpu': 7}, (1, np.int64(27)): {'cpu': 15}, (4, np.int64(18)): {'cpu': 7}}","{((0, 2), (np.int64(29), 13)): {'bw': 38}, ((0, 2), (13, 6)): {'bw': 38}, ((0, 2), (6, 14)): {'bw': 38}, ((0, 2), (14, np.int64(30))): {'bw': 38}, ((0, 3), (np.int64(29), 13)): {'bw': 8}, ((0, 3), (13, 6)): {'bw': 8}, ((0, 3), (6, 14)): {'bw': 8}, ((0, 3), (14, np.int64(22))): {'bw': 8}}",0.0,0.0,178.0,89.0,309.0,0.0,0.0,0.0,0.0,0.0,0.0,0.0,0.0,0.0,Route Failure,40.0,"{'node_level': {}, 'link_level': {}, 'path_level': {}}","{'node_level': {2: {'cpu': -31}, 3: {'cpu': -20}, 0: {'cpu': -23}, 7: {'cpu': -41}, 5: {'cpu': -22}, 6: {'cpu': -27}, 1: {'cpu': -15}, 4: {'cpu': -16}}, 'link_level': {(0, 2): {'bw': -12}, (0, 3): {'bw': -4}, (0, 7): {'bw': 40}}, 'path_level': {(0, 2): {}, (0, 3): {}, (0, 7): {}}}","{'node_level': {2: {'cpu': 0}, 3: {'cpu': 0}, 0: {'cpu': 0}, 7: {'cpu': 0}, 5: {'cpu': 0}, 6: {'cpu': 0}, 1: {'cpu': 0}, 4: {'cpu': 0}}, 'link_level': {(0, 2): {'bw': 0}, (0, 3): {'bw': 0}, (0, 7): {'bw': 40}}, 'path_level': {(0, 2): {}, (0, 3): {}, (0, 7): {}}}",[],-inf,-inf,True,False,False,0,[],0,0.0,0.0026769638061523438,8.0,3.0
193,54,4,5336.0,14776.0,2607770.5632411717,7867111.761696187,0.3611261505143476,0.33147750308290064,16,365,1,4811.0,3761,543,3218,0.2530949105914718,0.29707295762341634,192,244.9330375400855,4811.0,3,2,False,"{1: np.int64(30), 2: np.int64(22), 0: np.int64(29)}","{(0, 1): [(np.int64(29), 13), (13, 6), (6, 14), (14, np.int64(30))], (0, 2): []}","{(1, np.int64(30)): {'cpu': 9}, (2, np.int64(22)): {'cpu': 10}, (0, np.int64(29)): {'cpu': 1}}","{((0, 1), (np.int64(29), 13)): {'bw': 41}, ((0, 1), (13, 6)): {'bw': 41}, ((0, 1), (6, 14)): {'bw': 41}, ((0, 1), (14, np.int64(30))): {'bw': 41}}",0.0,0.0,40.0,20.0,54.0,0.0,0.0,0.0,0.0,0.0,0.0,0.0,0.0,0.0,Route Failure,4.0,"{'node_level': {}, 'link_level': {}, 'path_level': {}}","{'node_level': {1: {'cpu': -38}, 2: {'cpu': -24}, 0: {'cpu': -34}}, 'link_level': {(0, 1): {'bw': -9}, (0, 2): {'bw': 4}}, 'path_level': {(0, 1): {}, (0, 2): {}}}","{'node_level': {1: {'cpu': 0}, 2: {'cpu': 0}, 0: {'cpu': 0}}, 'link_level': {(0, 1): {'bw': 0}, (0, 2): {'bw': 4}}, 'path_level': {(0, 1): {}, (0, 2): {}}}",[],-inf,-inf,True,False,False,0,[],0,0.0,0.001027822494506836,3.0,2.0
193,54,4,5336.0,14776.0,2607770.5632411717,7867111.761696187,0.3611261505143476,0.33147750308290064,16,366,0,4840.192200168533,3761,543,3218,0.2530949105914718,0.29707295762341634,144,1208.1922001685334,3632.0,9,18,False,{},{},{},{},0.0,0.0,0.0,0.0,0.0,0.0,0.0,0.0,0.0,0.0,0.0,0.0,0.0,0.0,Leave Event,0.0,"{'node_level': {}, 'link_level': {}, 'path_level': {}}","{'node_level': {}, 'link_level': {}, 'path_level': {}}","{'node_level': {}, 'link_level': {}, 'path_level': {}}",[],-inf,-inf,True,True,False,0,[],0,0.0,,,
194,55,5,5366.0,14806.0,2620533.951780669,7879875.150235684,0.36242064028096715,0.33256033906860694,16,367,1,4842.0,3731,513,3218,0.2943603851444292,0.29707295762341634,193,425.44628464990325,4842.0,2,1,True,"{0: np.int64(30), 1: np.int64(22)}","{(0, 1): [(np.int64(30), 14), (14, 22)]}","{(0, np.int64(30)): {'cpu': 14}, (1, np.int64(22)): {'cpu': 16}}","{((0, 1), (np.int64(30), 14)): {'bw': 0}, ((0, 1), (14, 22)): {'bw': 0}}",30.0,30.0,60.0,30.0,0.0,30.0,0.0,30.0,0.0,0.0,1.0,12763.388539497097,12763.388539497097,425.44628464990325,Success,0.0,"{'node_level': {}, 'link_level': {}, 'path_level': {}}","{'node_level': {0: {'cpu': -33}, 1: {'cpu': -18}}, 'link_level': {(0, 1): {'bw': -81}}, 'path_level': {(0, 1): {}}}","{'node_level': {0: {'cpu': 0}, 1: {'cpu': 0}}, 'link_level': {(0, 1): {'bw': 0}}, 'path_level': {(0, 1): {}}}",[],-inf,-inf,True,True,False,0,[],0,0.0,0.0006232261657714844,2.0,1.0
194,55,4,5366.0,14806.0,2620533.951780669,7879875.150235684,0.36242064028096715,0.33256033906860694,16,368,0,4861.465729227703,3815,547,3268,0.2475928473177441,0.2861511577107907,179,367.4657292277031,4494.0,2,1,False,{},{},{},{},0.0,0.0,0.0,0.0,0.0,0.0,0.0,0.0,0.0,0.0,0.0,0.0,0.0,0.0,Leave Event,0.0,"{'node_level': {}, 'link_level': {}, 'path_level': {}}","{'node_level': {}, 'link_level': {}, 'path_level': {}}","{'node_level': {}, 'link_level': {}, 'path_level': {}}",[],-inf,-inf,True,True,False,0,[],0,0.0,,,
195,55,4,5366.0,14806.0,2620533.951780669,7879875.150235684,0.36242064028096715,0.33256033906860694,16,369,1,4863.0,3815,547,3268,0.2475928473177441,0.2861511577107907,194,164.66179736123195,4863.0,7,8,False,"{4: np.int64(25), 6: np.int64(17), 2: np.int64(18), 0: np.int64(26), 3: np.int64(20), 5: np.int64(28), 1: np.int64(19)}","{(0, 1): [(np.int64(26), 10), (10, 4), (4, 1), (1, 0), (0, 2), (2, 5), (5, 11), (11, np.int64(19))], (0, 6): [(np.int64(26), 10), (10, 4), (4, 9), (9, np.int64(17))], (1, 4): [(np.int64(19), 11), (11, 5), (5, 2), (2, 0), (0, 1), (1, 4), (4, 9), (9, np.int64(25))], (2, 4): []}","{(4, np.int64(25)): {'cpu': 13}, (6, np.int64(17)): {'cpu': 20}, (2, np.int64(18)): {'cpu': 11}, (0, np.int64(26)): {'cpu': 11}, (3, np.int64(20)): {'cpu': 18}, (5, np.int64(28)): {'cpu': 7}, (1, np.int64(19)): {'cpu': 0}}","{((0, 1), (np.int64(26), 10)): {'bw': 18}, ((0, 1), (10, 4)): {'bw': 18}, ((0, 1), (4, 1)): {'bw': 18}, ((0, 1), (1, 0)): {'bw': 18}, ((0, 1), (0, 2)): {'bw': 18}, ((0, 1), (2, 5)): {'bw': 18}, ((0, 1), (5, 11)): {'bw': 18}, ((0, 1), (11, np.int64(19))): {'bw': 18}, ((0, 6), (np.int64(26), 10)): {'bw': 38}, ((0, 6), (10, 4)): {'bw': 38}, ((0, 6), (4, 9)): {'bw': 38}, ((0, 6), (9, np.int64(17))): {'bw': 38}, ((1, 4), (np.int64(19), 11)): {'bw': 3}, ((1, 4), (11, 5)): {'bw': 3}, ((1, 4), (5, 2)): {'bw': 3}, ((1, 4), (2, 0)): {'bw': 3}, ((1, 4), (0, 1)): {'bw': 3}, ((1, 4), (1, 4)): {'bw': 3}, ((1, 4), (4, 9)): {'bw': 3}, ((1, 4), (9, np.int64(25))): {'bw': 3}}",0.0,0.0,160.0,80.0,193.0,0.0,0.0,0.0,0.0,0.0,0.0,0.0,0.0,0.0,Route Failure,9.0,"{'node_level': {}, 'link_level': {}, 'path_level': {}}","{'node_level': {4: {'cpu': -33}, 6: {'cpu': -35}, 2: {'cpu': -12}, 0: {'cpu': -6}, 3: {'cpu': -30}, 5: {'cpu': -26}, 1: {'cpu': -34}}, 'link_level': {(0, 1): {'bw': -74}, (0, 6): {'bw': -41}, (1, 4): {'bw': -71}, (2, 4): {'bw': 9}}, 'path_level': {(0, 1): {}, (0, 6): {}, (1, 4): {}, (2, 4): {}}}","{'node_level': {4: {'cpu': 0}, 6: {'cpu': 0}, 2: {'cpu': 0}, 0: {'cpu': 0}, 3: {'cpu': 0}, 5: {'cpu': 0}, 1: {'cpu': 0}}, 'link_level': {(0, 1): {'bw': 0}, (0, 6): {'bw': 0}, (1, 4): {'bw': 0}, (2, 4): {'bw': 9}}, 'path_level': {(0, 1): {}, (0, 6): {}, (1, 4): {}, (2, 4): {}}}",[],-inf,-inf,True,False,False,0,[],0,0.0,0.0026013851165771484,7.0,4.0
196,56,5,5477.0,15037.0,2653804.225390869,7949113.287208263,0.3642348872780475,0.33384908850920253,16,370,1,4887.0,3584,514,3070,0.2929848693259972,0.3294014853647881,195,299.73219468648944,4887.0,4,4,True,"{2: np.int64(25), 3: np.int64(17), 1: np.int64(18), 0: np.int64(26)}","{(0, 1): [(np.int64(26), 10), (10, 18)], (0, 2): [(np.int64(26), 10), (10, 4), (4, 9), (9, np.int64(25))], (1, 2): [(np.int64(18), 10), (10, 4), (4, 9), (9, np.int64(25))], (2, 3): [(np.int64(25), 9), (9, 17)]}","{(2, np.int64(25)): {'cpu': 15}, (3, np.int64(17)): {'cpu': 7}, (1, np.int64(18)): {'cpu': 7}, (0, np.int64(26)): {'cpu': 4}}","{((0, 1), (np.int64(26), 10)): {'bw': 22}, ((0, 1), (10, 18)): {'bw': 22}, ((0, 2), (np.int64(26), 10)): {'bw': 19}, ((0, 2), (10, 4)): {'bw': 19}, ((0, 2), (4, 9)): {'bw': 19}, ((0, 2), (9, np.int64(25))): {'bw': 19}, ((1, 2), (np.int64(18), 10)): {'bw': 2}, ((1, 2), (10, 4)): {'bw': 2}, ((1, 2), (4, 9)): {'bw': 2}, ((1, 2), (9, np.int64(25))): {'bw': 2}, ((2, 3), (np.int64(25), 9)): {'bw': 35}, ((2, 3), (9, 17)): {'bw': 35}}",231.0,111.0,66.0,33.0,78.0,33.0,78.0,33.0,198.0,120.0,0.4805194805194805,69238.13697257906,33270.273610200325,144.0271584857157,Success,0.0,"{'node_level': {}, 'link_level': {}, 'path_level': {}}","{'node_level': {2: {'cpu': -31}, 3: {'cpu': -48}, 1: {'cpu': -16}, 0: {'cpu': -13}}, 'link_level': {(0, 1): {'bw': -130}, (0, 2): {'bw': -78}, (1, 2): {'bw': -76}, (2, 3): {'bw': -68}}, 'path_level': {(0, 1): {}, (0, 2): {}, (1, 2): {}, (2, 3): {}}}","{'node_level': {2: {'cpu': 0}, 3: {'cpu': 0}, 1: {'cpu': 0}, 0: {'cpu': 0}}, 'link_level': {(0, 1): {'bw': 0}, (0, 2): {'bw': 0}, (1, 2): {'bw': 0}, (2, 3): {'bw': 0}}, 'path_level': {(0, 1): {}, (0, 2): {}, (1, 2): {}, (2, 3): {}}}",[],-inf,-inf,True,True,False,0,[],0,0.0,0.001422882080078125,4.0,4.0
196,56,5,5477.0,15037.0,2653804.225390869,7949113.287208263,0.3642348872780475,0.33384908850920253,16,371,0,4888.971730922661,3584,514,3070,0.2929848693259972,0.3294014853647881,167,699.971730922661,4189.0,8,14,False,{},{},{},{},0.0,0.0,0.0,0.0,0.0,0.0,0.0,0.0,0.0,0.0,0.0,0.0,0.0,0.0,Leave Event,0.0,"{'node_level': {}, 'link_level': {}, 'path_level': {}}","{'node_level': {}, 'link_level': {}, 'path_level': {}}","{'node_level': {}, 'link_level': {}, 'path_level': {}}",[],-inf,-inf,True,True,False,0,[],0,0.0,,,
197,57,6,5510.0,15080.0,2656871.0678172726,7953109.4758244855,0.36538461538461536,0.33406695530767094,16,372,1,4908.0,3541,491,3050,0.32462173314993126,0.33377020532983837,196,92.93461898191637,4908.0,2,1,True,"{0: np.int64(20), 1: np.int64(28)}","{(0, 1): [(np.int64(20), 12), (12, 28)]}","{(0, np.int64(20)): {'cpu': 16}, (1, np.int64(28)): {'cpu': 7}}","{((0, 1), (np.int64(20), 12)): {'bw': 10}, ((0, 1), (12, 28)): {'bw': 10}}",43.0,33.0,46.0,23.0,10.0,23.0,10.0,23.0,20.0,10.0,0.7674418604651163,3996.188616222404,3066.84242640324,71.32191689309862,Success,0.0,"{'node_level': {}, 'link_level': {}, 'path_level': {}}","{'node_level': {0: {'cpu': -32}, 1: {'cpu': -26}}, 'link_level': {(0, 1): {'bw': -107}}, 'path_level': {(0, 1): {}}}","{'node_level': {0: {'cpu': 0}, 1: {'cpu': 0}}, 'link_level': {(0, 1): {'bw': 0}}, 'path_level': {(0, 1): {}}}",[],-inf,-inf,True,True,False,0,[],0,0.0,0.0006051063537597656,2.0,1.0
198,57,6,5510.0,15080.0,2656871.0678172726,7953109.4758244855,0.36538461538461536,0.33406695530767094,16,373,1,4933.0,3541,491,3050,0.32462173314993126,0.33377020532983837,197,183.32311553026338,4933.0,7,9,False,"{4: np.int64(19), 5: np.int64(27), 3: np.int64(28), 6: np.int64(20), 2: np.int64(29), 1: np.int64(30), 0: np.int64(21)}","{(0, 2): [(np.int64(21), 13), (13, 29)], (0, 6): [(np.int64(21), 13), (13, 6), (6, 2), (2, 5), (5, 12), (12, np.int64(20))], (1, 4): [(np.int64(30), 14), (14, 6), (6, 2), (2, 5), (5, 11), (11, np.int64(19))], (1, 5): [(np.int64(30), 14), (14, 6), (6, 2), (2, 5), (5, 11), (11, np.int64(27))], (2, 3): [(np.int64(29), 13), (13, 6), (6, 2), (2, 5), (5, 12), (12, np.int64(28))], (2, 4): [(np.int64(29), 13), (13, 6), (6, 2), (2, 5), (5, 11), (11, np.int64(19))], (3, 4): [(np.int64(28), 12), (12, 5), (5, 11), (11, np.int64(19))], (3, 5): [(np.int64(28), 12), (12, 5), (5, 11), (11, np.int64(27))], (4, 6): []}","{(4, np.int64(19)): {'cpu': 12}, (5, np.int64(27)): {'cpu': 13}, (3, np.int64(28)): {'cpu': 8}, (6, np.int64(20)): {'cpu': 12}, (2, np.int64(29)): {'cpu': 12}, (1, np.int64(30)): {'cpu': 4}, (0, np.int64(21)): {'cpu': 3}}","{((0, 2), (np.int64(21), 13)): {'bw': 11}, ((0, 2), (13, 29)): {'bw': 11}, ((0, 6), (np.int64(21), 13)): {'bw': 3}, ((0, 6), (13, 6)): {'bw': 3}, ((0, 6), (6, 2)): {'bw': 3}, ((0, 6), (2, 5)): {'bw': 3}, ((0, 6), (5, 12)): {'bw': 3}, ((0, 6), (12, np.int64(20))): {'bw': 3}, ((1, 4), (np.int64(30), 14)): {'bw': 37}, ((1, 4), (14, 6)): {'bw': 37}, ((1, 4), (6, 2)): {'bw': 37}, ((1, 4), (2, 5)): {'bw': 37}, ((1, 4), (5, 11)): {'bw': 37}, ((1, 4), (11, np.int64(19))): {'bw': 37}, ((1, 5), (np.int64(30), 14)): {'bw': 26}, ((1, 5), (14, 6)): {'bw': 26}, ((1, 5), (6, 2)): {'bw': 26}, ((1, 5), (2, 5)): {'bw': 26}, ((1, 5), (5, 11)): {'bw': 26}, ((1, 5), (11, np.int64(27))): {'bw': 26}, ((2, 3), (np.int64(29), 13)): {'bw': 14}, ((2, 3), (13, 6)): {'bw': 14}, ((2, 3), (6, 2)): {'bw': 14}, ((2, 3), (2, 5)): {'bw': 14}, ((2, 3), (5, 12)): {'bw': 14}, ((2, 3), (12, np.int64(28))): {'bw': 14}, ((2, 4), (np.int64(29), 13)): {'bw': 5}, ((2, 4), (13, 6)): {'bw': 5}, ((2, 4), (6, 2)): {'bw': 5}, ((2, 4), (2, 5)): {'bw': 5}, ((2, 4), (5, 11)): {'bw': 5}, ((2, 4), (11, np.int64(19))): {'bw': 5}, ((3, 4), (np.int64(28), 12)): {'bw': 32}, ((3, 4), (12, 5)): {'bw': 32}, ((3, 4), (5, 11)): {'bw': 32}, ((3, 4), (11, np.int64(19))): {'bw': 32}, ((3, 5), (np.int64(28), 12)): {'bw': 42}, ((3, 5), (12, 5)): {'bw': 42}, ((3, 5), (5, 11)): {'bw': 42}, ((3, 5), (11, np.int64(27))): {'bw': 42}}",0.0,0.0,128.0,64.0,203.0,0.0,0.0,0.0,0.0,0.0,0.0,0.0,0.0,0.0,Route Failure,19.0,"{'node_level': {}, 'link_level': {}, 'path_level': {}}","{'node_level': {4: {'cpu': -22}, 5: {'cpu': -17}, 3: {'cpu': -18}, 6: {'cpu': -20}, 2: {'cpu': -23}, 1: {'cpu': -29}, 0: {'cpu': -14}}, 'link_level': {(0, 2): {'bw': -114}, (0, 6): {'bw': -47}, (1, 4): {'bw': -34}, (1, 5): {'bw': -8}, (2, 3): {'bw': -31}, (2, 4): {'bw': -26}, (3, 4): {'bw': -56}, (3, 5): {'bw': -14}, (4, 6): {'bw': 19}}, 'path_level': {(0, 2): {}, (0, 6): {}, (1, 4): {}, (1, 5): {}, (2, 3): {}, (2, 4): {}, (3, 4): {}, (3, 5): {}, (4, 6): {}}}","{'node_level': {4: {'cpu': 0}, 5: {'cpu': 0}, 3: {'cpu': 0}, 6: {'cpu': 0}, 2: {'cpu': 0}, 1: {'cpu': 0}, 0: {'cpu': 0}}, 'link_level': {(0, 2): {'bw': 0}, (0, 6): {'bw': 0}, (1, 4): {'bw': 0}, (1, 5): {'bw': 0}, (2, 3): {'bw': 0}, (2, 4): {'bw': 0}, (3, 4): {'bw': 0}, (3, 5): {'bw': 0}, (4, 6): {'bw': 19}}, 'path_level': {(0, 2): {}, (0, 6): {}, (1, 4): {}, (1, 5): {}, (2, 3): {}, (2, 4): {}, (3, 4): {}, (3, 5): {}, (4, 6): {}}}",[],-inf,-inf,True,False,False,0,[],0,0.0,0.0026578903198242188,7.0,9.0
199,57,6,5510.0,15080.0,2656871.0678172726,7953109.4758244855,0.36538461538461536,0.33406695530767094,16,374,1,4965.0,3541,491,3050,0.32462173314993126,0.33377020532983837,198,781.526125855949,4965.0,10,25,False,"{4: np.int64(19), 6: np.int64(27), 2: np.int64(28), 7: np.int64(20), 8: np.int64(29), 9: np.int64(30), 1: np.int64(21), 0: np.int64(16), 3: np.int64(17), 5: np.int64(15)}","{(0, 1): [(np.int64(16), 8), (8, 3), (3, 1), (1, 0), (0, 2), (2, 6), (6, 13), (13, np.int64(21))], (0, 6): []}","{(4, np.int64(19)): {'cpu': 15}, (6, np.int64(27)): {'cpu': 20}, (2, np.int64(28)): {'cpu': 16}, (7, np.int64(20)): {'cpu': 20}, (8, np.int64(29)): {'cpu': 10}, (9, np.int64(30)): {'cpu': 13}, (1, np.int64(21)): {'cpu': 17}, (0, np.int64(16)): {'cpu': 13}, (3, np.int64(17)): {'cpu': 2}, (5, np.int64(15)): {'cpu': 0}}","{((0, 1), (np.int64(16), 8)): {'bw': 32}, ((0, 1), (8, 3)): {'bw': 32}, ((0, 1), (3, 1)): {'bw': 32}, ((0, 1), (1, 0)): {'bw': 32}, ((0, 1), (0, 2)): {'bw': 32}, ((0, 1), (2, 6)): {'bw': 32}, ((0, 1), (6, 13)): {'bw': 32}, ((0, 1), (13, np.int64(21))): {'bw': 32}}",0.0,0.0,252.0,126.0,670.0,0.0,0.0,0.0,0.0,0.0,0.0,0.0,0.0,0.0,Route Failure,6.0,"{'node_level': {}, 'link_level': {}, 'path_level': {}}","{'node_level': {4: {'cpu': -19}, 6: {'cpu': -10}, 2: {'cpu': -10}, 7: {'cpu': -12}, 8: {'cpu': -25}, 9: {'cpu': -20}, 1: {'cpu': 0}, 0: {'cpu': -27}, 3: {'cpu': -46}, 5: {'cpu': -39}}, 'link_level': {(0, 1): {'bw': -9}, (0, 6): {'bw': 6}}, 'path_level': {(0, 1): {}, (0, 6): {}}}","{'node_level': {4: {'cpu': 0}, 6: {'cpu': 0}, 2: {'cpu': 0}, 7: {'cpu': 0}, 8: {'cpu': 0}, 9: {'cpu': 0}, 1: {'cpu': 0}, 0: {'cpu': 0}, 3: {'cpu': 0}, 5: {'cpu': 0}}, 'link_level': {(0, 1): {'bw': 0}, (0, 6): {'bw': 6}}, 'path_level': {(0, 1): {}, (0, 6): {}}}",[],-inf,-inf,True,False,False,0,[],0,0.0,0.0034160614013671875,10.0,2.0
199,57,5,5510.0,15080.0,2656871.0678172726,7953109.4758244855,0.36538461538461536,0.33406695530767094,16,375,0,4988.403977868762,4016,528,3488,0.27372764786795045,0.23809523809523814,158,1013.4039778687622,3975.0,4,3,False,{},{},{},{},0.0,0.0,0.0,0.0,0.0,0.0,0.0,0.0,0.0,0.0,0.0,0.0,0.0,0.0,Leave Event,0.0,"{'node_level': {}, 'link_level': {}, 'path_level': {}}","{'node_level': {}, 'link_level': {}, 'path_level': {}}","{'node_level': {}, 'link_level': {}, 'path_level': {}}",[],-inf,-inf,True,True,False,0,[],0,0.0,,,
200,57,5,5510.0,15080.0,2656871.0678172726,7953109.4758244855,0.36538461538461536,0.33406695530767094,16,376,1,4989.0,4016,528,3488,0.27372764786795045,0.23809523809523814,199,638.7632599454167,4989.0,7,11,False,"{6: np.int64(18), 1: np.int64(26), 4: np.int64(25), 3: np.int64(17), 5: np.int64(24), 0: np.int64(19), 2: np.int64(27)}","{(0, 3): [(np.int64(19), 11), (11, 5), (5, 2), (2, 0), (0, 1), (1, 4), (4, 9), (9, np.int64(17))], (0, 4): [(np.int64(19), 11), (11, 5), (5, 2), (2, 0), (0, 1), (1, 4), (4, 9), (9, np.int64(25))], (0, 6): []}","{(6, np.int64(18)): {'cpu': 15}, (1, np.int64(26)): {'cpu': 14}, (4, np.int64(25)): {'cpu': 15}, (3, np.int64(17)): {'cpu': 6}, (5, np.int64(24)): {'cpu': 9}, (0, np.int64(19)): {'cpu': 1}, (2, np.int64(27)): {'cpu': 2}}","{((0, 3), (np.int64(19), 11)): {'bw': 37}, ((0, 3), (11, 5)): {'bw': 37}, ((0, 3), (5, 2)): {'bw': 37}, ((0, 3), (2, 0)): {'bw': 37}, ((0, 3), (0, 1)): {'bw': 37}, ((0, 3), (1, 4)): {'bw': 37}, ((0, 3), (4, 9)): {'bw': 37}, ((0, 3), (9, np.int64(17))): {'bw': 37}, ((0, 4), (np.int64(19), 11)): {'bw': 25}, ((0, 4), (11, 5)): {'bw': 25}, ((0, 4), (5, 2)): {'bw': 25}, ((0, 4), (2, 0)): {'bw': 25}, ((0, 4), (0, 1)): {'bw': 25}, ((0, 4), (1, 4)): {'bw': 25}, ((0, 4), (4, 9)): {'bw': 25}, ((0, 4), (9, np.int64(25))): {'bw': 25}}",0.0,0.0,124.0,62.0,359.0,0.0,0.0,0.0,0.0,0.0,0.0,0.0,0.0,0.0,Route Failure,20.0,"{'node_level': {}, 'link_level': {}, 'path_level': {}}","{'node_level': {6: {'cpu': -16}, 1: {'cpu': -15}, 4: {'cpu': -20}, 3: {'cpu': -42}, 5: {'cpu': -31}, 0: {'cpu': -33}, 2: {'cpu': -28}}, 'link_level': {(0, 3): {'bw': -31}, (0, 4): {'bw': -30}, (0, 6): {'bw': 20}}, 'path_level': {(0, 3): {}, (0, 4): {}, (0, 6): {}}}","{'node_level': {6: {'cpu': 0}, 1: {'cpu': 0}, 4: {'cpu': 0}, 3: {'cpu': 0}, 5: {'cpu': 0}, 0: {'cpu': 0}, 2: {'cpu': 0}}, 'link_level': {(0, 3): {'bw': 0}, (0, 4): {'bw': 0}, (0, 6): {'bw': 20}}, 'path_level': {(0, 3): {}, (0, 4): {}, (0, 6): {}}}",[],-inf,-inf,True,False,False,0,[],0,0.0,0.0025527477264404297,7.0,3.0
200,57,4,5510.0,15080.0,2656871.0678172726,7953109.4758244855,0.36538461538461536,0.33406695530767094,16,377,0,5000.934618981916,4059,551,3508,0.24209078404401652,0.23372651813018785,196,92.93461898191637,4908.0,2,1,False,{},{},{},{},0.0,0.0,0.0,0.0,0.0,0.0,0.0,0.0,0.0,0.0,0.0,0.0,0.0,0.0,Leave Event,0.0,"{'node_level': {}, 'link_level': {}, 'path_level': {}}","{'node_level': {}, 'link_level': {}, 'path_level': {}}","{'node_level': {}, 'link_level': {}, 'path_level': {}}",[],-inf,-inf,True,True,False,0,[],0,0.0,,,
200,57,4,5510.0,15080.0,2656871.0678172726,7953109.4758244855,0.36538461538461536,0.33406695530767094,16,378,0,5027.661797361232,4059,551,3508,0.24209078404401652,0.23372651813018785,194,164.66179736123195,4863.0,7,8,False,{},{},{},{},0.0,0.0,0.0,0.0,0.0,0.0,0.0,0.0,0.0,0.0,0.0,0.0,0.0,0.0,Leave Event,0.0,"{'node_level': {}, 'link_level': {}, 'path_level': {}}","{'node_level': {}, 'link_level': {}, 'path_level': {}}","{'node_level': {}, 'link_level': {}, 'path_level': {}}",[],-inf,-inf,True,True,False,0,[],0,0.0,,,
200,57,4,5510.0,15080.0,2656871.0678172726,7953109.4758244855,0.36538461538461536,0.33406695530767094,16,379,0,5055.933037540086,4059,551,3508,0.24209078404401652,0.23372651813018785,192,244.9330375400855,4811.0,3,2,False,{},{},{},{},0.0,0.0,0.0,0.0,0.0,0.0,0.0,0.0,0.0,0.0,0.0,0.0,0.0,0.0,Leave Event,0.0,"{'node_level': {}, 'link_level': {}, 'path_level': {}}","{'node_level': {}, 'link_level': {}, 'path_level': {}}","{'node_level': {}, 'link_level': {}, 'path_level': {}}",[],-inf,-inf,True,True,False,0,[],0,0.0,,,
200,57,4,5510.0,15080.0,2656871.0678172726,7953109.4758244855,0.36538461538461536,0.33406695530767094,16,380,0,5116.323115530264,4059,551,3508,0.24209078404401652,0.23372651813018785,197,183.32311553026338,4933.0,7,9,False,{},{},{},{},0.0,0.0,0.0,0.0,0.0,0.0,0.0,0.0,0.0,0.0,0.0,0.0,0.0,0.0,Leave Event,0.0,"{'node_level': {}, 'link_level': {}, 'path_level': {}}","{'node_level': {}, 'link_level': {}, 'path_level': {}}","{'node_level': {}, 'link_level': {}, 'path_level': {}}",[],-inf,-inf,True,True,False,0,[],0,0.0,,,
200,57,3,5510.0,15080.0,2656871.0678172726,7953109.4758244855,0.36538461538461536,0.33406695530767094,16,381,0,5144.603972810993,4398,582,3816,0.19944979367262727,0.1664482306684142,174,794.603972810993,4350.0,4,4,False,{},{},{},{},0.0,0.0,0.0,0.0,0.0,0.0,0.0,0.0,0.0,0.0,0.0,0.0,0.0,0.0,Leave Event,0.0,"{'node_level': {}, 'link_level': {}, 'path_level': {}}","{'node_level': {}, 'link_level': {}, 'path_level': {}}","{'node_level': {}, 'link_level': {}, 'path_level': {}}",[],-inf,-inf,True,True,False,0,[],0,0.0,,,
200,57,3,5510.0,15080.0,2656871.0678172726,7953109.4758244855,0.36538461538461536,0.33406695530767094,16,382,0,5156.560983091018,4398,582,3816,0.19944979367262727,0.1664482306684142,187,457.56098309101776,4699.0,6,9,False,{},{},{},{},0.0,0.0,0.0,0.0,0.0,0.0,0.0,0.0,0.0,0.0,0.0,0.0,0.0,0.0,Leave Event,0.0,"{'node_level': {}, 'link_level': {}, 'path_level': {}}","{'node_level': {}, 'link_level': {}, 'path_level': {}}","{'node_level': {}, 'link_level': {}, 'path_level': {}}",[],-inf,-inf,True,True,False,0,[],0,0.0,,,
200,57,3,5510.0,15080.0,2656871.0678172726,7953109.4758244855,0.36538461538461536,0.33406695530767094,16,383,0,5162.8665393955325,4398,582,3816,0.19944979367262727,0.1664482306684142,191,377.86653939553275,4785.0,8,13,False,{},{},{},{},0.0,0.0,0.0,0.0,0.0,0.0,0.0,0.0,0.0,0.0,0.0,0.0,0.0,0.0,Leave Event,0.0,"{'node_level': {}, 'link_level': {}, 'path_level': {}}","{'node_level': {}, 'link_level': {}, 'path_level': {}}","{'node_level': {}, 'link_level': {}, 'path_level': {}}",[],-inf,-inf,True,True,False,0,[],0,0.0,,,
200,57,3,5510.0,15080.0,2656871.0678172726,7953109.4758244855,0.36538461538461536,0.33406695530767094,16,384,0,5167.909992000681,4398,582,3816,0.19944979367262727,0.1664482306684142,185,523.9099920006806,4644.0,3,3,False,{},{},{},{},0.0,0.0,0.0,0.0,0.0,0.0,0.0,0.0,0.0,0.0,0.0,0.0,0.0,0.0,Leave Event,0.0,"{'node_level': {}, 'link_level': {}, 'path_level': {}}","{'node_level': {}, 'link_level': {}, 'path_level': {}}","{'node_level': {}, 'link_level': {}, 'path_level': {}}",[],-inf,-inf,True,True,False,0,[],0,0.0,,,
200,57,3,5510.0,15080.0,2656871.0678172726,7953109.4758244855,0.36538461538461536,0.33406695530767094,16,385,0,5182.071235945644,4398,582,3816,0.19944979367262727,0.1664482306684142,127,1967.0712359456438,3215.0,7,9,False,{},{},{},{},0.0,0.0,0.0,0.0,0.0,0.0,0.0,0.0,0.0,0.0,0.0,0.0,0.0,0.0,Leave Event,0.0,"{'node_level': {}, 'link_level': {}, 'path_level': {}}","{'node_level': {}, 'link_level': {}, 'path_level': {}}","{'node_level': {}, 'link_level': {}, 'path_level': {}}",[],-inf,-inf,True,True,False,0,[],0,0.0,,,
200,57,2,5510.0,15080.0,2656871.0678172726,7953109.4758244855,0.36538461538461536,0.33406695530767094,16,386,0,5186.7321946864895,4629,615,4014,0.15405777166437418,0.1231979030144168,195,299.73219468648944,4887.0,4,4,False,{},{},{},{},0.0,0.0,0.0,0.0,0.0,0.0,0.0,0.0,0.0,0.0,0.0,0.0,0.0,0.0,Leave Event,0.0,"{'node_level': {}, 'link_level': {}, 'path_level': {}}","{'node_level': {}, 'link_level': {}, 'path_level': {}}","{'node_level': {}, 'link_level': {}, 'path_level': {}}",[],-inf,-inf,True,True,False,0,[],0,0.0,,,
200,57,2,5510.0,15080.0,2656871.0678172726,7953109.4758244855,0.36538461538461536,0.33406695530767094,16,387,0,5210.0175433544055,4629,615,4014,0.15405777166437418,0.1231979030144168,180,695.0175433544052,4515.0,7,13,False,{},{},{},{},0.0,0.0,0.0,0.0,0.0,0.0,0.0,0.0,0.0,0.0,0.0,0.0,0.0,0.0,Leave Event,0.0,"{'node_level': {}, 'link_level': {}, 'path_level': {}}","{'node_level': {}, 'link_level': {}, 'path_level': {}}","{'node_level': {}, 'link_level': {}, 'path_level': {}}",[],-inf,-inf,True,True,False,0,[],0,0.0,,,
200,57,1,5510.0,15080.0,2656871.0678172726,7953109.4758244855,0.36538461538461536,0.33406695530767094,16,388,0,5267.446284649904,4659,645,4014,0.1127922971114168,0.1231979030144168,193,425.44628464990325,4842.0,2,1,False,{},{},{},{},0.0,0.0,0.0,0.0,0.0,0.0,0.0,0.0,0.0,0.0,0.0,0.0,0.0,0.0,Leave Event,0.0,"{'node_level': {}, 'link_level': {}, 'path_level': {}}","{'node_level': {}, 'link_level': {}, 'path_level': {}}","{'node_level': {}, 'link_level': {}, 'path_level': {}}",[],-inf,-inf,True,True,False,0,[],0,0.0,,,
200,57,1,5510.0,15080.0,2656871.0678172726,7953109.4758244855,0.36538461538461536,0.33406695530767094,16,389,0,5370.316171450204,4659,645,4014,0.1127922971114168,0.1231979030144168,186,699.3161714502039,4671.0,7,13,False,{},{},{},{},0.0,0.0,0.0,0.0,0.0,0.0,0.0,0.0,0.0,0.0,0.0,0.0,0.0,0.0,Leave Event,0.0,"{'node_level': {}, 'link_level': {}, 'path_level': {}}","{'node_level': {}, 'link_level': {}, 'path_level': {}}","{'node_level': {}, 'link_level': {}, 'path_level': {}}",[],-inf,-inf,True,True,False,0,[],0,0.0,,,
200,57,1,5510.0,15080.0,2656871.0678172726,7953109.4758244855,0.36538461538461536,0.33406695530767094,16,390,0,5457.777845570425,4659,645,4014,0.1127922971114168,0.1231979030144168,177,1023.7778455704247,4434.0,9,15,False,{},{},{},{},0.0,0.0,0.0,0.0,0.0,0.0,0.0,0.0,0.0,0.0,0.0,0.0,0.0,0.0,Leave Event,0.0,"{'node_level': {}, 'link_level': {}, 'path_level': {}}","{'node_level': {}, 'link_level': {}, 'path_level': {}}","{'node_level': {}, 'link_level': {}, 'path_level': {}}",[],-inf,-inf,True,True,False,0,[],0,0.0,,,
200,57,1,5510.0,15080.0,2656871.0678172726,7953109.4758244855,0.36538461538461536,0.33406695530767094,16,391,0,5533.253028846868,4659,645,4014,0.1127922971114168,0.1231979030144168,190,765.2530288468683,4768.0,8,14,False,{},{},{},{},0.0,0.0,0.0,0.0,0.0,0.0,0.0,0.0,0.0,0.0,0.0,0.0,0.0,0.0,Leave Event,0.0,"{'node_level': {}, 'link_level': {}, 'path_level': {}}","{'node_level': {}, 'link_level': {}, 'path_level': {}}","{'node_level': {}, 'link_level': {}, 'path_level': {}}",[],-inf,-inf,True,True,False,0,[],0,0.0,,,
200,57,1,5510.0,15080.0,2656871.0678172726,7953109.4758244855,0.36538461538461536,0.33406695530767094,16,392,0,5627.763259945416,4659,645,4014,0.1127922971114168,0.1231979030144168,199,638.7632599454167,4989.0,7,11,False,{},{},{},{},0.0,0.0,0.0,0.0,0.0,0.0,0.0,0.0,0.0,0.0,0.0,0.0,0.0,0.0,Leave Event,0.0,"{'node_level': {}, 'link_level': {}, 'path_level': {}}","{'node_level': {}, 'link_level': {}, 'path_level': {}}","{'node_level': {}, 'link_level': {}, 'path_level': {}}",[],-inf,-inf,True,True,False,0,[],0,0.0,,,
200,57,1,5510.0,15080.0,2656871.0678172726,7953109.4758244855,0.36538461538461536,0.33406695530767094,16,393,0,5675.509482722602,4659,645,4014,0.1127922971114168,0.1231979030144168,189,924.5094827226017,4751.0,7,9,False,{},{},{},{},0.0,0.0,0.0,0.0,0.0,0.0,0.0,0.0,0.0,0.0,0.0,0.0,0.0,0.0,Leave Event,0.0,"{'node_level': {}, 'link_level': {}, 'path_level': {}}","{'node_level': {}, 'link_level': {}, 'path_level': {}}","{'node_level': {}, 'link_level': {}, 'path_level': {}}",[],-inf,-inf,True,True,False,0,[],0,0.0,,,
200,57,1,5510.0,15080.0,2656871.0678172726,7953109.4758244855,0.36538461538461536,0.33406695530767094,16,394,0,5746.526125855949,4659,645,4014,0.1127922971114168,0.1231979030144168,198,781.526125855949,4965.0,10,25,False,{},{},{},{},0.0,0.0,0.0,0.0,0.0,0.0,0.0,0.0,0.0,0.0,0.0,0.0,0.0,0.0,Leave Event,0.0,"{'node_level': {}, 'link_level': {}, 'path_level': {}}","{'node_level': {}, 'link_level': {}, 'path_level': {}}","{'node_level': {}, 'link_level': {}, 'path_level': {}}",[],-inf,-inf,True,True,False,0,[],0,0.0,,,
200,57,1,5510.0,15080.0,2656871.0678172726,7953109.4758244855,0.36538461538461536,0.33406695530767094,16,395,0,5816.636952877401,4659,645,4014,0.1127922971114168,0.1231979030144168,182,1251.6369528774007,4565.0,5,5,False,{},{},{},{},0.0,0.0,0.0,0.0,0.0,0.0,0.0,0.0,0.0,0.0,0.0,0.0,0.0,0.0,Leave Event,0.0,"{'node_level': {}, 'link_level': {}, 'path_level': {}}","{'node_level': {}, 'link_level': {}, 'path_level': {}}","{'node_level': {}, 'link_level': {}, 'path_level': {}}",[],-inf,-inf,True,True,False,0,[],0,0.0,,,
200,57,1,5510.0,15080.0,2656871.0678172726,7953109.4758244855,0.36538461538461536,0.33406695530767094,16,396,0,6059.508524303826,4659,645,4014,0.1127922971114168,0.1231979030144168,148,2324.5085243038257,3735.0,10,24,False,{},{},{},{},0.0,0.0,0.0,0.0,0.0,0.0,0.0,0.0,0.0,0.0,0.0,0.0,0.0,0.0,Leave Event,0.0,"{'node_level': {}, 'link_level': {}, 'path_level': {}}","{'node_level': {}, 'link_level': {}, 'path_level': {}}","{'node_level': {}, 'link_level': {}, 'path_level': {}}",[],-inf,-inf,True,True,False,0,[],0,0.0,,,
200,57,1,5510.0,15080.0,2656871.0678172726,7953109.4758244855,0.36538461538461536,0.33406695530767094,16,397,0,6144.822977735304,4659,645,4014,0.1127922971114168,0.1231979030144168,178,1683.822977735305,4461.0,6,9,False,{},{},{},{},0.0,0.0,0.0,0.0,0.0,0.0,0.0,0.0,0.0,0.0,0.0,0.0,0.0,0.0,Leave Event,0.0,"{'node_level': {}, 'link_level': {}, 'path_level': {}}","{'node_level': {}, 'link_level': {}, 'path_level': {}}","{'node_level': {}, 'link_level': {}, 'path_level': {}}",[],-inf,-inf,True,True,False,0,[],0,0.0,,,
200,57,1,5510.0,15080.0,2656871.0678172726,7953109.4758244855,0.36538461538461536,0.33406695530767094,16,398,0,6573.294721911595,4659,645,4014,0.1127922971114168,0.1231979030144168,163,2480.294721911595,4093.0,9,21,False,{},{},{},{},0.0,0.0,0.0,0.0,0.0,0.0,0.0,0.0,0.0,0.0,0.0,0.0,0.0,0.0,Leave Event,0.0,"{'node_level': {}, 'link_level': {}, 'path_level': {}}","{'node_level': {}, 'link_level': {}, 'path_level': {}}","{'node_level': {}, 'link_level': {}, 'path_level': {}}",[],-inf,-inf,True,True,False,0,[],0,0.0,,,
200,57,0,5510.0,15080.0,2656871.0678172726,7953109.4758244855,0.36538461538461536,0.33406695530767094,16,399,0,6678.928132987359,5305,727,4578,0.0,0.0,176,2275.928132987359,4403.0,5,6,False,{},{},{},{},0.0,0.0,0.0,0.0,0.0,0.0,0.0,0.0,0.0,0.0,0.0,0.0,0.0,0.0,Leave Event,0.0,"{'node_level': {}, 'link_level': {}, 'path_level': {}}","{'node_level': {}, 'link_level': {}, 'path_level': {}}","{'node_level': {}, 'link_level': {}, 'path_level': {}}",[],-inf,-inf,True,True,False,0,[],0,0.0,,,
