v_net_count,success_count,inservice_count,total_revenue,total_cost,total_time_revenue,total_time_cost,long_term_r2c_ratio,long_term_time_r2c_ratio,num_running_p_net_nodes,event_id,event_type,event_time,p_net_available_resource,p_net_node_available_resource,p_net_link_available_resource,p_net_node_resource_utilization,p_net_link_resource_utilization,v_net_id,v_net_lifetime,v_net_arrival_time,v_net_num_nodes,v_net_num_egdes,result,node_slots,link_paths,node_slots_info,link_paths_info,v_net_cost,v_net_revenue,v_net_demand,v_net_node_demand,v_net_link_demand,v_net_node_revenue,v_net_link_revenue,v_net_node_cost,v_net_link_cost,v_net_path_cost,v_net_r2c_ratio,v_net_time_cost,v_net_time_revenue,v_net_time_rc_ratio,description,v_net_total_hard_constraint_violation,v_net_single_step_constraint_offset,v_net_constraint_offsets,v_net_constraint_violations,v_net_single_step_violation_list,v_net_single_step_hard_constraint_offset,v_net_max_single_step_hard_constraint_violation,place_result,route_result,early_rejection,revoke_times,selected_actions,num_interactions,v_net_reward,num_placed_nodes,num_routed_links,seed
1,1,1,1013.0,2097.0,1932070.5700480419,3999557.7348378515,0.4830710538865045,0.48307105388650456,7,0,1,8.0,15207,2384,12823,0.10003775009437521,0.12500852951211194,0,1907.2759822784224,8.0,7,9,True,"{np.int64(0): np.int64(12), np.int64(1): np.int64(15), np.int64(2): np.int64(18), np.int64(3): np.int64(13), np.int64(4): np.int64(4), np.int64(5): np.int64(28), np.int64(6): np.int64(17)}","{(0, 1): [(np.int64(12), 15)], (0, 3): [(np.int64(12), 14), (14, 13)], (0, 6): [(np.int64(12), 14), (14, 17)], (1, 2): [(np.int64(15), 18)], (1, 4): [(np.int64(15), 12), (12, 0), (0, 4)], (1, 5): [(np.int64(15), 12), (12, 0), (0, 28)], (2, 3): [(np.int64(18), 15), (15, 13)], (2, 5): [(np.int64(18), 15), (15, 13), (13, 2), (2, 29), (29, 30), (30, 28)], (3, 4): [(np.int64(13), 2), (2, 5), (5, 6), (6, 4)]}","{(np.int64(0), np.int64(12)): {'cpu': 45}, (np.int64(1), np.int64(15)): {'cpu': 30}, (np.int64(2), np.int64(18)): {'cpu': 53}, (np.int64(3), np.int64(13)): {'cpu': 27}, (np.int64(4), np.int64(4)): {'cpu': 28}, (np.int64(5), np.int64(28)): {'cpu': 25}, (np.int64(6), np.int64(17)): {'cpu': 57}}","{((0, 1), (np.int64(12), 15)): {'bw': 109}, ((0, 3), (np.int64(12), 14)): {'bw': 101}, ((0, 3), (14, 13)): {'bw': 101}, ((0, 6), (np.int64(12), 14)): {'bw': 108}, ((0, 6), (14, 17)): {'bw': 108}, ((1, 2), (np.int64(15), 18)): {'bw': 50}, ((1, 4), (np.int64(15), 12)): {'bw': 100}, ((1, 4), (12, 0)): {'bw': 100}, ((1, 4), (0, 4)): {'bw': 100}, ((1, 5), (np.int64(15), 12)): {'bw': 89}, ((1, 5), (12, 0)): {'bw': 89}, ((1, 5), (0, 28)): {'bw': 89}, ((2, 3), (np.int64(18), 15)): {'bw': 92}, ((2, 3), (15, 13)): {'bw': 92}, ((2, 5), (np.int64(18), 15)): {'bw': 54}, ((2, 5), (15, 13)): {'bw': 54}, ((2, 5), (13, 2)): {'bw': 54}, ((2, 5), (2, 29)): {'bw': 54}, ((2, 5), (29, 30)): {'bw': 54}, ((2, 5), (30, 28)): {'bw': 54}, ((3, 4), (np.int64(13), 2)): {'bw': 45}, ((3, 4), (2, 5)): {'bw': 45}, ((3, 4), (5, 6)): {'bw': 45}, ((3, 4), (6, 4)): {'bw': 45}}",2097.0,1013.0,3180.0,265.0,748.0,265.0,748.0,265.0,1832.0,1084.0,0.4830710538865045,3999557.7348378515,1932070.5700480419,921.3498188116556,Success,0.0,"{'node_level': {}, 'link_level': {}, 'path_level': {}}","{'node_level': {np.int64(0): {'cpu': -43}, np.int64(1): {'cpu': -64}, np.int64(2): {'cpu': -11}, np.int64(3): {'cpu': -55}, np.int64(4): {'cpu': -22}, np.int64(5): {'cpu': -65}, np.int64(6): {'cpu': -32}}, 'link_level': {(0, 1): {'bw': -204}, (0, 3): {'bw': -100}, (0, 6): {'bw': -24}, (1, 2): {'bw': -274}, (1, 4): {'bw': -104}, (1, 5): {'bw': -15}, (2, 3): {'bw': -182}, (2, 5): {'bw': -128}, (3, 4): {'bw': -228}}, 'path_level': {(0, 1): {}, (0, 3): {}, (0, 6): {}, (1, 2): {}, (1, 4): {}, (1, 5): {}, (2, 3): {}, (2, 5): {}, (3, 4): {}}}","{'node_level': {np.int64(0): {'cpu': 0}, np.int64(1): {'cpu': 0}, np.int64(2): {'cpu': 0}, np.int64(3): {'cpu': 0}, np.int64(4): {'cpu': 0}, np.int64(5): {'cpu': 0}, np.int64(6): {'cpu': 0}}, 'link_level': {(0, 1): {'bw': 0}, (0, 3): {'bw': 0}, (0, 6): {'bw': 0}, (1, 2): {'bw': 0}, (1, 4): {'bw': 0}, (1, 5): {'bw': 0}, (2, 3): {'bw': 0}, (2, 5): {'bw': 0}, (3, 4): {'bw': 0}}, 'path_level': {(0, 1): {}, (0, 3): {}, (0, 6): {}, (1, 2): {}, (1, 4): {}, (1, 5): {}, (2, 3): {}, (2, 5): {}, (3, 4): {}}}",[],-inf,-inf,True,True,False,0,[],0,0.0,7.0,9.0,3
2,2,2,1696.0,3390.0,2170664.485933994,4451244.3135209195,0.5002949852507375,0.4876534139769573,12,1,1,17.0,13914,2204,11710,0.1679879199697999,0.2009553053565336,1,349.33223409363376,17.0,5,5,True,"{np.int64(0): np.int64(26), np.int64(1): np.int64(3), np.int64(2): np.int64(27), np.int64(3): np.int64(23), np.int64(4): np.int64(2)}","{(0, 2): [(np.int64(26), 23), (23, 27)], (0, 4): [(np.int64(26), 23), (23, 21), (21, 2)], (1, 4): [(np.int64(3), 5), (5, 2)], (2, 3): [(np.int64(27), 23)], (2, 4): [(np.int64(27), 23), (23, 21), (21, 2)]}","{(np.int64(0), np.int64(26)): {'cpu': 27}, (np.int64(1), np.int64(3)): {'cpu': 26}, (np.int64(2), np.int64(27)): {'cpu': 35}, (np.int64(3), np.int64(23)): {'cpu': 44}, (np.int64(4), np.int64(2)): {'cpu': 48}}","{((0, 2), (np.int64(26), 23)): {'bw': 111}, ((0, 2), (23, 27)): {'bw': 111}, ((0, 4), (np.int64(26), 23)): {'bw': 118}, ((0, 4), (23, 21)): {'bw': 118}, ((0, 4), (21, 2)): {'bw': 118}, ((1, 4), (np.int64(3), 5)): {'bw': 101}, ((1, 4), (5, 2)): {'bw': 101}, ((2, 3), (np.int64(27), 23)): {'bw': 92}, ((2, 4), (np.int64(27), 23)): {'bw': 81}, ((2, 4), (23, 21)): {'bw': 81}, ((2, 4), (21, 2)): {'bw': 81}}",1293.0,683.0,720.0,180.0,503.0,180.0,503.0,180.0,1113.0,610.0,0.5282289249806651,451686.57868306845,238593.91588595186,184.5273904763742,Success,0.0,"{'node_level': {}, 'link_level': {}, 'path_level': {}}","{'node_level': {np.int64(0): {'cpu': -49}, np.int64(1): {'cpu': -32}, np.int64(2): {'cpu': -20}, np.int64(3): {'cpu': -8}, np.int64(4): {'cpu': -5}}, 'link_level': {(0, 2): {'bw': -185}, (0, 4): {'bw': -110}, (1, 4): {'bw': -153}, (2, 3): {'bw': -93}, (2, 4): {'bw': -12}}, 'path_level': {(0, 2): {}, (0, 4): {}, (1, 4): {}, (2, 3): {}, (2, 4): {}}}","{'node_level': {np.int64(0): {'cpu': 0}, np.int64(1): {'cpu': 0}, np.int64(2): {'cpu': 0}, np.int64(3): {'cpu': 0}, np.int64(4): {'cpu': 0}}, 'link_level': {(0, 2): {'bw': 0}, (0, 4): {'bw': 0}, (1, 4): {'bw': 0}, (2, 3): {'bw': 0}, (2, 4): {'bw': 0}}, 'path_level': {(0, 2): {}, (0, 4): {}, (1, 4): {}, (2, 3): {}, (2, 4): {}}}",[],-inf,-inf,True,True,False,0,[],0,0.0,5.0,5.0,3
3,3,3,2350.0,4475.0,2748178.541537691,5409352.494453658,0.5251396648044693,0.5080420520488295,17,2,1,24.0,12829,1902,10927,0.2819932049830125,0.2543841692255203,2,883.0490146845523,24.0,6,5,True,"{np.int64(0): np.int64(28), np.int64(1): np.int64(22), np.int64(2): np.int64(5), np.int64(3): np.int64(33), np.int64(4): np.int64(31), np.int64(5): np.int64(1)}","{(0, 1): [(np.int64(28), 0), (0, 20), (20, 22)], (0, 3): [(np.int64(28), 30), (30, 33)], (0, 5): [(np.int64(28), 1)], (1, 2): [(np.int64(22), 21), (21, 3), (3, 5)], (4, 5): [(np.int64(31), 28), (28, 1)]}","{(np.int64(0), np.int64(28)): {'cpu': 39}, (np.int64(1), np.int64(22)): {'cpu': 59}, (np.int64(2), np.int64(5)): {'cpu': 54}, (np.int64(3), np.int64(33)): {'cpu': 50}, (np.int64(4), np.int64(31)): {'cpu': 56}, (np.int64(5), np.int64(1)): {'cpu': 44}}","{((0, 1), (np.int64(28), 0)): {'bw': 93}, ((0, 1), (0, 20)): {'bw': 93}, ((0, 1), (20, 22)): {'bw': 93}, ((0, 3), (np.int64(28), 30)): {'bw': 80}, ((0, 3), (30, 33)): {'bw': 80}, ((0, 5), (np.int64(28), 1)): {'bw': 75}, ((1, 2), (np.int64(22), 21)): {'bw': 61}, ((1, 2), (21, 3)): {'bw': 61}, ((1, 2), (3, 5)): {'bw': 61}, ((4, 5), (np.int64(31), 28)): {'bw': 43}, ((4, 5), (28, 1)): {'bw': 43}}",1085.0,654.0,2718.0,302.0,352.0,302.0,352.0,302.0,783.0,431.0,0.6027649769585254,958108.1809327392,577514.0556036972,532.2710189895827,Success,0.0,"{'node_level': {}, 'link_level': {}, 'path_level': {}}","{'node_level': {np.int64(0): {'cpu': -26}, np.int64(1): {'cpu': -13}, np.int64(2): {'cpu': -17}, np.int64(3): {'cpu': -24}, np.int64(4): {'cpu': -23}, np.int64(5): {'cpu': -30}}, 'link_level': {(0, 1): {'bw': -186}, (0, 3): {'bw': -153}, (0, 5): {'bw': -174}, (1, 2): {'bw': -92}, (4, 5): {'bw': -131}}, 'path_level': {(0, 1): {}, (0, 3): {}, (0, 5): {}, (1, 2): {}, (4, 5): {}}}","{'node_level': {np.int64(0): {'cpu': 0}, np.int64(1): {'cpu': 0}, np.int64(2): {'cpu': 0}, np.int64(3): {'cpu': 0}, np.int64(4): {'cpu': 0}, np.int64(5): {'cpu': 0}}, 'link_level': {(0, 1): {'bw': 0}, (0, 3): {'bw': 0}, (0, 5): {'bw': 0}, (1, 2): {'bw': 0}, (4, 5): {'bw': 0}}, 'path_level': {(0, 1): {}, (0, 3): {}, (0, 5): {}, (1, 2): {}, (4, 5): {}}}",[],-inf,-inf,True,True,False,0,[],0,0.0,6.0,5.0,3
4,3,3,2350.0,4475.0,2748178.541537691,5409352.494453658,0.5251396648044693,0.5080420520488295,17,3,1,32.0,12829,1902,10927,0.2819932049830125,0.2543841692255203,3,38.46093094302064,32.0,8,10,False,{},{},{},{},0.0,0.0,700.0,350.0,841.0,0.0,0.0,0.0,0.0,0.0,0.0,0.0,0.0,0.0,Unknown Reason,0.0,"{'node_level': {}, 'link_level': {}, 'path_level': {}}","{'node_level': {}, 'link_level': {}, 'path_level': {}}","{'node_level': {}, 'link_level': {}, 'path_level': {}}",[],-inf,-inf,True,True,False,0,[],0,0.0,0.0,0.0,3
5,3,3,2350.0,4475.0,2748178.541537691,5409352.494453658,0.5251396648044693,0.5080420520488295,17,4,1,38.0,12829,1902,10927,0.2819932049830125,0.2543841692255203,4,325.9214852912518,38.0,5,7,False,{},{},{},{},0.0,0.0,378.0,189.0,547.0,0.0,0.0,0.0,0.0,0.0,0.0,0.0,0.0,0.0,Unknown Reason,0.0,"{'node_level': {}, 'link_level': {}, 'path_level': {}}","{'node_level': {}, 'link_level': {}, 'path_level': {}}","{'node_level': {}, 'link_level': {}, 'path_level': {}}",[],-inf,-inf,True,True,False,0,[],0,0.0,0.0,0.0,3
6,4,4,2798.0,5235.0,2762582.4869866557,5433787.759054581,0.5344794651384909,0.5084082429210144,22,5,1,52.0,12069,1689,10380,0.36240090600226504,0.29170931422722624,5,32.15166394858204,52.0,5,4,True,"{np.int64(0): np.int64(8), np.int64(1): np.int64(11), np.int64(2): np.int64(9), np.int64(3): np.int64(7), np.int64(4): np.int64(6)}","{(0, 3): [(np.int64(8), 6), (6, 4), (4, 7)], (1, 2): [(np.int64(11), 7), (7, 4), (4, 6), (6, 9)], (1, 3): [(np.int64(11), 7)], (3, 4): [(np.int64(7), 4), (4, 6)]}","{(np.int64(0), np.int64(8)): {'cpu': 41}, (np.int64(1), np.int64(11)): {'cpu': 21}, (np.int64(2), np.int64(9)): {'cpu': 52}, (np.int64(3), np.int64(7)): {'cpu': 55}, (np.int64(4), np.int64(6)): {'cpu': 44}}","{((0, 3), (np.int64(8), 6)): {'bw': 61}, ((0, 3), (6, 4)): {'bw': 61}, ((0, 3), (4, 7)): {'bw': 61}, ((1, 2), (np.int64(11), 7)): {'bw': 44}, ((1, 2), (7, 4)): {'bw': 44}, ((1, 2), (4, 6)): {'bw': 44}, ((1, 2), (6, 9)): {'bw': 44}, ((1, 3), (np.int64(11), 7)): {'bw': 72}, ((3, 4), (np.int64(7), 4)): {'bw': 58}, ((3, 4), (4, 6)): {'bw': 58}}",760.0,448.0,1065.0,213.0,235.0,213.0,235.0,213.0,547.0,312.0,0.5894736842105263,24435.26460092235,14403.945448964754,18.952559801269413,Success,0.0,"{'node_level': {}, 'link_level': {}, 'path_level': {}}","{'node_level': {np.int64(0): {'cpu': -52}, np.int64(1): {'cpu': -50}, np.int64(2): {'cpu': -39}, np.int64(3): {'cpu': -5}, np.int64(4): {'cpu': -25}}, 'link_level': {(0, 3): {'bw': -210}, (1, 2): {'bw': -166}, (1, 3): {'bw': -258}, (3, 4): {'bw': -108}}, 'path_level': {(0, 3): {}, (1, 2): {}, (1, 3): {}, (3, 4): {}}}","{'node_level': {np.int64(0): {'cpu': 0}, np.int64(1): {'cpu': 0}, np.int64(2): {'cpu': 0}, np.int64(3): {'cpu': 0}, np.int64(4): {'cpu': 0}}, 'link_level': {(0, 3): {'bw': 0}, (1, 2): {'bw': 0}, (1, 3): {'bw': 0}, (3, 4): {'bw': 0}}, 'path_level': {(0, 3): {}, (1, 2): {}, (1, 3): {}, (3, 4): {}}}",[],-inf,-inf,True,True,False,0,[],0,0.0,5.0,4.0,3
7,4,4,2798.0,5235.0,2762582.4869866557,5433787.759054581,0.5344794651384909,0.5084082429210144,22,6,1,58.0,12069,1689,10380,0.36240090600226504,0.29170931422722624,6,1078.124279638124,58.0,5,5,False,{},{},{},{},0.0,0.0,312.0,156.0,335.0,0.0,0.0,0.0,0.0,0.0,0.0,0.0,0.0,0.0,Unknown Reason,0.0,"{'node_level': {}, 'link_level': {}, 'path_level': {}}","{'node_level': {}, 'link_level': {}, 'path_level': {}}","{'node_level': {}, 'link_level': {}, 'path_level': {}}",[],-inf,-inf,True,True,False,0,[],0,0.0,0.0,0.0,3
8,4,4,2798.0,5235.0,2762582.4869866557,5433787.759054581,0.5344794651384909,0.5084082429210144,22,7,1,68.0,12069,1689,10380,0.36240090600226504,0.29170931422722624,7,295.1240066097526,68.0,10,27,False,"{0: -1, 1: -1, 2: -1, 3: -1, 4: -1, 5: -1, 6: -1, 7: -1, 8: -1, 9: -1}",{},{},{},0.0,0.0,696.0,348.0,2108.0,0.0,0.0,0.0,0.0,0.0,0.0,0.0,0.0,0.0,Unknown Reason,0.0,"{'node_level': {}, 'link_level': {}, 'path_level': {}}","{'node_level': {}, 'link_level': {}, 'path_level': {}}","{'node_level': {}, 'link_level': {}, 'path_level': {}}",[],-inf,-inf,True,True,False,0,[],0,0.0,10.0,0.0,3
8,4,4,2798.0,5235.0,2762582.4869866557,5433787.759054581,0.5344794651384909,0.5084082429210144,22,8,0,70.46093094302064,12069,1689,10380,0.36240090600226504,0.29170931422722624,3,38.46093094302064,32.0,8,10,False,{},{},{},{},0.0,0.0,0.0,0.0,0.0,0.0,0.0,0.0,0.0,0.0,0.0,0.0,0.0,0.0,Leave Event,0.0,"{'node_level': {}, 'link_level': {}, 'path_level': {}}","{'node_level': {}, 'link_level': {}, 'path_level': {}}","{'node_level': {}, 'link_level': {}, 'path_level': {}}",[],-inf,-inf,True,True,False,0,[],0,0.0,,,3
9,4,4,2798.0,5235.0,2762582.4869866557,5433787.759054581,0.5344794651384909,0.5084082429210144,22,9,1,79.0,12069,1689,10380,0.36240090600226504,0.29170931422722624,8,35.506339746372724,79.0,10,22,False,"{0: -1, 1: -1, 2: -1, 3: -1, 4: -1, 5: -1, 6: -1, 7: -1, 8: -1, 9: -1}",{},{},{},0.0,0.0,812.0,406.0,1955.0,0.0,0.0,0.0,0.0,0.0,0.0,0.0,0.0,0.0,Unknown Reason,0.0,"{'node_level': {}, 'link_level': {}, 'path_level': {}}","{'node_level': {}, 'link_level': {}, 'path_level': {}}","{'node_level': {}, 'link_level': {}, 'path_level': {}}",[],-inf,-inf,True,True,False,0,[],0,0.0,10.0,0.0,3
10,4,4,2798.0,5235.0,2762582.4869866557,5433787.759054581,0.5344794651384909,0.5084082429210144,22,10,1,81.0,12069,1689,10380,0.36240090600226504,0.29170931422722624,9,39.790226852493255,81.0,8,13,False,"{0: -1, 1: -1, 2: -1, 3: -1, 4: -1, 5: -1, 6: -1, 7: -1}",{},{},{},0.0,0.0,642.0,321.0,1153.0,0.0,0.0,0.0,0.0,0.0,0.0,0.0,0.0,0.0,Unknown Reason,0.0,"{'node_level': {}, 'link_level': {}, 'path_level': {}}","{'node_level': {}, 'link_level': {}, 'path_level': {}}","{'node_level': {}, 'link_level': {}, 'path_level': {}}",[],-inf,-inf,True,True,False,0,[],0,0.0,8.0,0.0,3
10,4,3,2798.0,5235.0,2762582.4869866557,5433787.759054581,0.5344794651384909,0.5084082429210144,22,11,0,84.15166394858204,12829,1902,10927,0.2819932049830125,0.2543841692255203,5,32.15166394858204,52.0,5,4,False,{},{},{},{},0.0,0.0,0.0,0.0,0.0,0.0,0.0,0.0,0.0,0.0,0.0,0.0,0.0,0.0,Leave Event,0.0,"{'node_level': {}, 'link_level': {}, 'path_level': {}}","{'node_level': {}, 'link_level': {}, 'path_level': {}}","{'node_level': {}, 'link_level': {}, 'path_level': {}}",[],-inf,-inf,True,True,False,0,[],0,0.0,,,3
11,4,3,2798.0,5235.0,2762582.4869866557,5433787.759054581,0.5344794651384909,0.5084082429210144,22,12,1,88.0,12829,1902,10927,0.2819932049830125,0.2543841692255203,10,386.9537856899839,88.0,7,13,False,"{0: -1, 1: -1, 2: -1, 3: -1, 4: -1, 5: -1, 6: -1}",{},{},{},0.0,0.0,504.0,252.0,1105.0,0.0,0.0,0.0,0.0,0.0,0.0,0.0,0.0,0.0,Unknown Reason,0.0,"{'node_level': {}, 'link_level': {}, 'path_level': {}}","{'node_level': {}, 'link_level': {}, 'path_level': {}}","{'node_level': {}, 'link_level': {}, 'path_level': {}}",[],-inf,-inf,True,True,False,0,[],0,0.0,7.0,0.0,3
12,4,3,2798.0,5235.0,2762582.4869866557,5433787.759054581,0.5344794651384909,0.5084082429210144,22,13,1,92.0,12829,1902,10927,0.2819932049830125,0.2543841692255203,11,39.28702910732144,92.0,8,16,False,"{0: -1, 1: -1, 2: -1, 3: -1, 4: -1, 5: -1, 6: -1, 7: -1}",{},{},{},0.0,0.0,596.0,298.0,1207.0,0.0,0.0,0.0,0.0,0.0,0.0,0.0,0.0,0.0,Unknown Reason,0.0,"{'node_level': {}, 'link_level': {}, 'path_level': {}}","{'node_level': {}, 'link_level': {}, 'path_level': {}}","{'node_level': {}, 'link_level': {}, 'path_level': {}}",[],-inf,-inf,True,True,False,0,[],0,0.0,8.0,0.0,3
13,4,3,2798.0,5235.0,2762582.4869866557,5433787.759054581,0.5344794651384909,0.5084082429210144,22,14,1,98.0,12829,1902,10927,0.2819932049830125,0.2543841692255203,12,101.53097044693298,98.0,6,6,False,{},{},{},{},0.0,0.0,540.0,270.0,548.0,0.0,0.0,0.0,0.0,0.0,0.0,0.0,0.0,0.0,Unknown Reason,0.0,"{'node_level': {}, 'link_level': {}, 'path_level': {}}","{'node_level': {}, 'link_level': {}, 'path_level': {}}","{'node_level': {}, 'link_level': {}, 'path_level': {}}",[],-inf,-inf,True,True,False,0,[],0,0.0,0.0,0.0,3
14,4,3,2798.0,5235.0,2762582.4869866557,5433787.759054581,0.5344794651384909,0.5084082429210144,22,15,1,111.0,12829,1902,10927,0.2819932049830125,0.2543841692255203,13,286.6671779745153,111.0,6,6,False,{},{},{},{},0.0,0.0,392.0,196.0,490.0,0.0,0.0,0.0,0.0,0.0,0.0,0.0,0.0,0.0,Unknown Reason,0.0,"{'node_level': {}, 'link_level': {}, 'path_level': {}}","{'node_level': {}, 'link_level': {}, 'path_level': {}}","{'node_level': {}, 'link_level': {}, 'path_level': {}}",[],-inf,-inf,True,True,False,0,[],0,0.0,0.0,0.0,3
14,4,3,2798.0,5235.0,2762582.4869866557,5433787.759054581,0.5344794651384909,0.5084082429210144,22,16,0,114.50633974637273,12829,1902,10927,0.2819932049830125,0.2543841692255203,8,35.506339746372724,79.0,10,22,False,{},{},{},{},0.0,0.0,0.0,0.0,0.0,0.0,0.0,0.0,0.0,0.0,0.0,0.0,0.0,0.0,Leave Event,0.0,"{'node_level': {}, 'link_level': {}, 'path_level': {}}","{'node_level': {}, 'link_level': {}, 'path_level': {}}","{'node_level': {}, 'link_level': {}, 'path_level': {}}",[],-inf,-inf,True,True,False,0,[],0,0.0,,,3
14,4,3,2798.0,5235.0,2762582.4869866557,5433787.759054581,0.5344794651384909,0.5084082429210144,22,17,0,120.79022685249325,12829,1902,10927,0.2819932049830125,0.2543841692255203,9,39.790226852493255,81.0,8,13,False,{},{},{},{},0.0,0.0,0.0,0.0,0.0,0.0,0.0,0.0,0.0,0.0,0.0,0.0,0.0,0.0,Leave Event,0.0,"{'node_level': {}, 'link_level': {}, 'path_level': {}}","{'node_level': {}, 'link_level': {}, 'path_level': {}}","{'node_level': {}, 'link_level': {}, 'path_level': {}}",[],-inf,-inf,True,True,False,0,[],0,0.0,,,3
15,4,3,2798.0,5235.0,2762582.4869866557,5433787.759054581,0.5344794651384909,0.5084082429210144,22,18,1,122.0,12829,1902,10927,0.2819932049830125,0.2543841692255203,14,344.36132265255736,122.0,7,12,False,{},{},{},{},0.0,0.0,548.0,274.0,838.0,0.0,0.0,0.0,0.0,0.0,0.0,0.0,0.0,0.0,Unknown Reason,0.0,"{'node_level': {}, 'link_level': {}, 'path_level': {}}","{'node_level': {}, 'link_level': {}, 'path_level': {}}","{'node_level': {}, 'link_level': {}, 'path_level': {}}",[],-inf,-inf,True,True,False,0,[],0,0.0,0.0,0.0,3
16,4,3,2798.0,5235.0,2762582.4869866557,5433787.759054581,0.5344794651384909,0.5084082429210144,22,19,1,129.0,12829,1902,10927,0.2819932049830125,0.2543841692255203,15,437.70866762761415,129.0,10,24,False,"{0: -1, 1: -1, 2: -1, 3: -1, 4: -1, 5: -1, 6: -1, 7: -1, 8: -1, 9: -1}",{},{},{},0.0,0.0,718.0,359.0,1758.0,0.0,0.0,0.0,0.0,0.0,0.0,0.0,0.0,0.0,Unknown Reason,0.0,"{'node_level': {}, 'link_level': {}, 'path_level': {}}","{'node_level': {}, 'link_level': {}, 'path_level': {}}","{'node_level': {}, 'link_level': {}, 'path_level': {}}",[],-inf,-inf,True,True,False,0,[],0,0.0,10.0,0.0,3
16,4,3,2798.0,5235.0,2762582.4869866557,5433787.759054581,0.5344794651384909,0.5084082429210144,22,20,0,131.28702910732144,12829,1902,10927,0.2819932049830125,0.2543841692255203,11,39.28702910732144,92.0,8,16,False,{},{},{},{},0.0,0.0,0.0,0.0,0.0,0.0,0.0,0.0,0.0,0.0,0.0,0.0,0.0,0.0,Leave Event,0.0,"{'node_level': {}, 'link_level': {}, 'path_level': {}}","{'node_level': {}, 'link_level': {}, 'path_level': {}}","{'node_level': {}, 'link_level': {}, 'path_level': {}}",[],-inf,-inf,True,True,False,0,[],0,0.0,,,3
17,4,3,2798.0,5235.0,2762582.4869866557,5433787.759054581,0.5344794651384909,0.5084082429210144,22,21,1,137.0,12829,1902,10927,0.2819932049830125,0.2543841692255203,16,484.4670493957473,137.0,5,6,False,{},{},{},{},0.0,0.0,402.0,201.0,535.0,0.0,0.0,0.0,0.0,0.0,0.0,0.0,0.0,0.0,Unknown Reason,0.0,"{'node_level': {}, 'link_level': {}, 'path_level': {}}","{'node_level': {}, 'link_level': {}, 'path_level': {}}","{'node_level': {}, 'link_level': {}, 'path_level': {}}",[],-inf,-inf,True,True,False,0,[],0,0.0,0.0,0.0,3
18,4,3,2798.0,5235.0,2762582.4869866557,5433787.759054581,0.5344794651384909,0.5084082429210144,22,22,1,148.0,12829,1902,10927,0.2819932049830125,0.2543841692255203,17,233.2540725017419,148.0,9,19,False,"{0: -1, 1: -1, 2: -1, 3: -1, 4: -1, 5: -1, 6: -1, 7: -1, 8: -1}",{},{},{},0.0,0.0,830.0,415.0,1488.0,0.0,0.0,0.0,0.0,0.0,0.0,0.0,0.0,0.0,Unknown Reason,0.0,"{'node_level': {}, 'link_level': {}, 'path_level': {}}","{'node_level': {}, 'link_level': {}, 'path_level': {}}","{'node_level': {}, 'link_level': {}, 'path_level': {}}",[],-inf,-inf,True,True,False,0,[],0,0.0,9.0,0.0,3
19,4,3,2798.0,5235.0,2762582.4869866557,5433787.759054581,0.5344794651384909,0.5084082429210144,22,23,1,153.0,12829,1902,10927,0.2819932049830125,0.2543841692255203,18,482.1323797488302,153.0,9,13,False,"{0: -1, 1: -1, 2: -1, 3: -1, 4: -1, 5: -1, 6: -1, 7: -1, 8: -1}",{},{},{},0.0,0.0,744.0,372.0,1155.0,0.0,0.0,0.0,0.0,0.0,0.0,0.0,0.0,0.0,Unknown Reason,0.0,"{'node_level': {}, 'link_level': {}, 'path_level': {}}","{'node_level': {}, 'link_level': {}, 'path_level': {}}","{'node_level': {}, 'link_level': {}, 'path_level': {}}",[],-inf,-inf,True,True,False,0,[],0,0.0,9.0,0.0,3
20,4,3,2798.0,5235.0,2762582.4869866557,5433787.759054581,0.5344794651384909,0.5084082429210144,22,24,1,163.0,12829,1902,10927,0.2819932049830125,0.2543841692255203,19,85.53929328658779,163.0,10,23,False,"{0: -1, 1: -1, 2: -1, 3: -1, 4: -1, 5: -1, 6: -1, 7: -1, 8: -1, 9: -1}",{},{},{},0.0,0.0,846.0,423.0,1930.0,0.0,0.0,0.0,0.0,0.0,0.0,0.0,0.0,0.0,Unknown Reason,0.0,"{'node_level': {}, 'link_level': {}, 'path_level': {}}","{'node_level': {}, 'link_level': {}, 'path_level': {}}","{'node_level': {}, 'link_level': {}, 'path_level': {}}",[],-inf,-inf,True,True,False,0,[],0,0.0,10.0,0.0,3
21,4,3,2798.0,5235.0,2762582.4869866557,5433787.759054581,0.5344794651384909,0.5084082429210144,22,25,1,169.0,12829,1902,10927,0.2819932049830125,0.2543841692255203,20,161.14260780550205,169.0,5,4,False,{},{},{},{},0.0,0.0,348.0,174.0,377.0,0.0,0.0,0.0,0.0,0.0,0.0,0.0,0.0,0.0,Unknown Reason,0.0,"{'node_level': {}, 'link_level': {}, 'path_level': {}}","{'node_level': {}, 'link_level': {}, 'path_level': {}}","{'node_level': {}, 'link_level': {}, 'path_level': {}}",[],-inf,-inf,True,True,False,0,[],0,0.0,0.0,0.0,3
22,5,4,3854.0,7736.0,3608992.735702783,7438401.425758212,0.4981902792140641,0.485183916426628,25,26,1,178.0,10328,1606,8722,0.3937334843337108,0.4048447628795633,21,801.5248567387569,178.0,7,10,True,"{np.int64(0): np.int64(32), np.int64(1): np.int64(29), np.int64(2): np.int64(7), np.int64(3): np.int64(3), np.int64(4): np.int64(13), np.int64(5): np.int64(30), np.int64(6): np.int64(9)}","{(0, 2): [(np.int64(32), 30), (30, 28), (28, 0), (0, 4), (4, 7)], (0, 3): [(np.int64(32), 30), (30, 29), (29, 3)], (0, 5): [(np.int64(32), 30)], (1, 3): [(np.int64(29), 3)], (2, 3): [(np.int64(7), 5), (5, 3)], (2, 6): [(np.int64(7), 4), (4, 6), (6, 9)], (3, 4): [(np.int64(3), 13)], (3, 5): [(np.int64(3), 29), (29, 30)], (3, 6): [(np.int64(3), 13), (13, 2), (2, 5), (5, 6), (6, 9)], (5, 6): [(np.int64(30), 28), (28, 1), (1, 4), (4, 6), (6, 9)]}","{(np.int64(0), np.int64(32)): {'cpu': 53}, (np.int64(1), np.int64(29)): {'cpu': 43}, (np.int64(2), np.int64(7)): {'cpu': 44}, (np.int64(3), np.int64(3)): {'cpu': 28}, (np.int64(4), np.int64(13)): {'cpu': 39}, (np.int64(5), np.int64(30)): {'cpu': 42}, (np.int64(6), np.int64(9)): {'cpu': 47}}","{((0, 2), (np.int64(32), 30)): {'bw': 73}, ((0, 2), (30, 28)): {'bw': 73}, ((0, 2), (28, 0)): {'bw': 73}, ((0, 2), (0, 4)): {'bw': 73}, ((0, 2), (4, 7)): {'bw': 73}, ((0, 3), (np.int64(32), 30)): {'bw': 70}, ((0, 3), (30, 29)): {'bw': 70}, ((0, 3), (29, 3)): {'bw': 70}, ((0, 5), (np.int64(32), 30)): {'bw': 47}, ((1, 3), (np.int64(29), 3)): {'bw': 62}, ((2, 3), (np.int64(7), 5)): {'bw': 74}, ((2, 3), (5, 3)): {'bw': 74}, ((2, 6), (np.int64(7), 4)): {'bw': 100}, ((2, 6), (4, 6)): {'bw': 100}, ((2, 6), (6, 9)): {'bw': 100}, ((3, 4), (np.int64(3), 13)): {'bw': 99}, ((3, 5), (np.int64(3), 29)): {'bw': 67}, ((3, 5), (29, 30)): {'bw': 67}, ((3, 6), (np.int64(3), 13)): {'bw': 58}, ((3, 6), (13, 2)): {'bw': 58}, ((3, 6), (2, 5)): {'bw': 58}, ((3, 6), (5, 6)): {'bw': 58}, ((3, 6), (6, 9)): {'bw': 58}, ((5, 6), (np.int64(30), 28)): {'bw': 110}, ((5, 6), (28, 1)): {'bw': 110}, ((5, 6), (1, 4)): {'bw': 110}, ((5, 6), (4, 6)): {'bw': 110}, ((5, 6), (6, 9)): {'bw': 110}}",2501.0,1056.0,3256.0,296.0,760.0,296.0,760.0,296.0,2205.0,1445.0,0.42223110755697724,2004613.666703631,846410.2487161272,338.4287279952528,Success,0.0,"{'node_level': {}, 'link_level': {}, 'path_level': {}}","{'node_level': {np.int64(0): {'cpu': -39}, np.int64(1): {'cpu': -53}, np.int64(2): {'cpu': -16}, np.int64(3): {'cpu': -4}, np.int64(4): {'cpu': -16}, np.int64(5): {'cpu': -41}, np.int64(6): {'cpu': -44}}, 'link_level': {(0, 2): {'bw': -60}, (0, 3): {'bw': -148}, (0, 5): {'bw': -199}, (1, 3): {'bw': -86}, (2, 3): {'bw': -18}, (2, 6): {'bw': -171}, (3, 4): {'bw': -101}, (3, 5): {'bw': -19}, (3, 6): {'bw': -43}, (5, 6): {'bw': -21}}, 'path_level': {(0, 2): {}, (0, 3): {}, (0, 5): {}, (1, 3): {}, (2, 3): {}, (2, 6): {}, (3, 4): {}, (3, 5): {}, (3, 6): {}, (5, 6): {}}}","{'node_level': {np.int64(0): {'cpu': 0}, np.int64(1): {'cpu': 0}, np.int64(2): {'cpu': 0}, np.int64(3): {'cpu': 0}, np.int64(4): {'cpu': 0}, np.int64(5): {'cpu': 0}, np.int64(6): {'cpu': 0}}, 'link_level': {(0, 2): {'bw': 0}, (0, 3): {'bw': 0}, (0, 5): {'bw': 0}, (1, 3): {'bw': 0}, (2, 3): {'bw': 0}, (2, 6): {'bw': 0}, (3, 4): {'bw': 0}, (3, 5): {'bw': 0}, (3, 6): {'bw': 0}, (5, 6): {'bw': 0}}, 'path_level': {(0, 2): {}, (0, 3): {}, (0, 5): {}, (1, 3): {}, (2, 3): {}, (2, 6): {}, (3, 4): {}, (3, 5): {}, (3, 6): {}, (5, 6): {}}}",[],-inf,-inf,True,True,False,0,[],0,0.0,7.0,10.0,3
23,5,4,3854.0,7736.0,3608992.735702783,7438401.425758212,0.4981902792140641,0.485183916426628,25,27,1,184.0,10328,1606,8722,0.3937334843337108,0.4048447628795633,22,83.08001083943024,184.0,6,11,False,"{0: -1, 1: -1, 2: -1, 3: -1, 4: -1, 5: -1}",{},{},{},0.0,0.0,496.0,248.0,892.0,0.0,0.0,0.0,0.0,0.0,0.0,0.0,0.0,0.0,Unknown Reason,0.0,"{'node_level': {}, 'link_level': {}, 'path_level': {}}","{'node_level': {}, 'link_level': {}, 'path_level': {}}","{'node_level': {}, 'link_level': {}, 'path_level': {}}",[],-inf,-inf,True,True,False,0,[],0,0.0,6.0,0.0,3
24,5,4,3854.0,7736.0,3608992.735702783,7438401.425758212,0.4981902792140641,0.485183916426628,25,28,1,190.0,10328,1606,8722,0.3937334843337108,0.4048447628795633,23,126.365340773687,190.0,7,16,False,"{0: -1, 1: -1, 2: -1, 3: -1, 4: -1, 5: -1, 6: -1}",{},{},{},0.0,0.0,528.0,264.0,1244.0,0.0,0.0,0.0,0.0,0.0,0.0,0.0,0.0,0.0,Unknown Reason,0.0,"{'node_level': {}, 'link_level': {}, 'path_level': {}}","{'node_level': {}, 'link_level': {}, 'path_level': {}}","{'node_level': {}, 'link_level': {}, 'path_level': {}}",[],-inf,-inf,True,True,False,0,[],0,0.0,7.0,0.0,3
25,5,4,3854.0,7736.0,3608992.735702783,7438401.425758212,0.4981902792140641,0.485183916426628,25,29,1,193.0,10328,1606,8722,0.3937334843337108,0.4048447628795633,24,139.18160062467638,193.0,7,16,False,"{0: -1, 1: -1, 2: -1, 3: -1, 4: -1, 5: -1, 6: -1}",{},{},{},0.0,0.0,602.0,301.0,1349.0,0.0,0.0,0.0,0.0,0.0,0.0,0.0,0.0,0.0,Unknown Reason,0.0,"{'node_level': {}, 'link_level': {}, 'path_level': {}}","{'node_level': {}, 'link_level': {}, 'path_level': {}}","{'node_level': {}, 'link_level': {}, 'path_level': {}}",[],-inf,-inf,True,True,False,0,[],0,0.0,7.0,0.0,3
25,5,4,3854.0,7736.0,3608992.735702783,7438401.425758212,0.4981902792140641,0.485183916426628,25,30,0,199.530970446933,10328,1606,8722,0.3937334843337108,0.4048447628795633,12,101.53097044693298,98.0,6,6,False,{},{},{},{},0.0,0.0,0.0,0.0,0.0,0.0,0.0,0.0,0.0,0.0,0.0,0.0,0.0,0.0,Leave Event,0.0,"{'node_level': {}, 'link_level': {}, 'path_level': {}}","{'node_level': {}, 'link_level': {}, 'path_level': {}}","{'node_level': {}, 'link_level': {}, 'path_level': {}}",[],-inf,-inf,True,True,False,0,[],0,0.0,,,3
26,5,4,3854.0,7736.0,3608992.735702783,7438401.425758212,0.4981902792140641,0.485183916426628,25,31,1,205.0,10328,1606,8722,0.3937334843337108,0.4048447628795633,25,326.48971263389893,205.0,7,13,False,"{0: -1, 1: -1, 2: -1, 3: -1, 4: -1, 5: -1, 6: -1}",{},{},{},0.0,0.0,488.0,244.0,1107.0,0.0,0.0,0.0,0.0,0.0,0.0,0.0,0.0,0.0,Unknown Reason,0.0,"{'node_level': {}, 'link_level': {}, 'path_level': {}}","{'node_level': {}, 'link_level': {}, 'path_level': {}}","{'node_level': {}, 'link_level': {}, 'path_level': {}}",[],-inf,-inf,True,True,False,0,[],0,0.0,7.0,0.0,3
27,5,4,3854.0,7736.0,3608992.735702783,7438401.425758212,0.4981902792140641,0.485183916426628,25,32,1,212.0,10328,1606,8722,0.3937334843337108,0.4048447628795633,26,0.37290004082691947,212.0,9,18,False,"{0: -1, 1: -1, 2: -1, 3: -1, 4: -1, 5: -1, 6: -1, 7: -1, 8: -1}",{},{},{},0.0,0.0,740.0,370.0,1348.0,0.0,0.0,0.0,0.0,0.0,0.0,0.0,0.0,0.0,Unknown Reason,0.0,"{'node_level': {}, 'link_level': {}, 'path_level': {}}","{'node_level': {}, 'link_level': {}, 'path_level': {}}","{'node_level': {}, 'link_level': {}, 'path_level': {}}",[],-inf,-inf,True,True,False,0,[],0,0.0,9.0,0.0,3
27,5,4,3854.0,7736.0,3608992.735702783,7438401.425758212,0.4981902792140641,0.485183916426628,25,33,0,212.37290004082692,10328,1606,8722,0.3937334843337108,0.4048447628795633,26,0.37290004082691947,212.0,9,18,False,{},{},{},{},0.0,0.0,0.0,0.0,0.0,0.0,0.0,0.0,0.0,0.0,0.0,0.0,0.0,0.0,Leave Event,0.0,"{'node_level': {}, 'link_level': {}, 'path_level': {}}","{'node_level': {}, 'link_level': {}, 'path_level': {}}","{'node_level': {}, 'link_level': {}, 'path_level': {}}",[],-inf,-inf,True,True,False,0,[],0,0.0,,,3
28,5,4,3854.0,7736.0,3608992.735702783,7438401.425758212,0.4981902792140641,0.485183916426628,25,34,1,220.0,10328,1606,8722,0.3937334843337108,0.4048447628795633,27,15.39012462122309,220.0,6,6,False,{},{},{},{},0.0,0.0,552.0,276.0,556.0,0.0,0.0,0.0,0.0,0.0,0.0,0.0,0.0,0.0,Unknown Reason,0.0,"{'node_level': {}, 'link_level': {}, 'path_level': {}}","{'node_level': {}, 'link_level': {}, 'path_level': {}}","{'node_level': {}, 'link_level': {}, 'path_level': {}}",[],-inf,-inf,True,True,False,0,[],0,0.0,0.0,0.0,3
29,5,4,3854.0,7736.0,3608992.735702783,7438401.425758212,0.4981902792140641,0.485183916426628,25,35,1,228.0,10328,1606,8722,0.3937334843337108,0.4048447628795633,28,309.52860224275247,228.0,8,16,False,"{0: -1, 1: -1, 2: -1, 3: -1, 4: -1, 5: -1, 6: -1, 7: -1}",{},{},{},0.0,0.0,620.0,310.0,1197.0,0.0,0.0,0.0,0.0,0.0,0.0,0.0,0.0,0.0,Unknown Reason,0.0,"{'node_level': {}, 'link_level': {}, 'path_level': {}}","{'node_level': {}, 'link_level': {}, 'path_level': {}}","{'node_level': {}, 'link_level': {}, 'path_level': {}}",[],-inf,-inf,True,True,False,0,[],0,0.0,8.0,0.0,3
29,5,4,3854.0,7736.0,3608992.735702783,7438401.425758212,0.4981902792140641,0.485183916426628,25,36,0,235.3901246212231,10328,1606,8722,0.3937334843337108,0.4048447628795633,27,15.39012462122309,220.0,6,6,False,{},{},{},{},0.0,0.0,0.0,0.0,0.0,0.0,0.0,0.0,0.0,0.0,0.0,0.0,0.0,0.0,Leave Event,0.0,"{'node_level': {}, 'link_level': {}, 'path_level': {}}","{'node_level': {}, 'link_level': {}, 'path_level': {}}","{'node_level': {}, 'link_level': {}, 'path_level': {}}",[],-inf,-inf,True,True,False,0,[],0,0.0,,,3
30,5,4,3854.0,7736.0,3608992.735702783,7438401.425758212,0.4981902792140641,0.485183916426628,25,37,1,238.0,10328,1606,8722,0.3937334843337108,0.4048447628795633,29,88.67935696800375,238.0,7,10,False,"{0: -1, 1: -1, 2: -1, 3: -1, 4: -1, 5: -1, 6: -1}",{},{},{},0.0,0.0,522.0,261.0,859.0,0.0,0.0,0.0,0.0,0.0,0.0,0.0,0.0,0.0,Unknown Reason,0.0,"{'node_level': {}, 'link_level': {}, 'path_level': {}}","{'node_level': {}, 'link_level': {}, 'path_level': {}}","{'node_level': {}, 'link_level': {}, 'path_level': {}}",[],-inf,-inf,True,True,False,0,[],0,0.0,7.0,0.0,3
31,5,4,3854.0,7736.0,3608992.735702783,7438401.425758212,0.4981902792140641,0.485183916426628,25,38,1,248.0,10328,1606,8722,0.3937334843337108,0.4048447628795633,30,568.9393153175097,248.0,10,21,False,"{0: -1, 1: -1, 2: -1, 3: -1, 4: -1, 5: -1, 6: -1, 7: -1, 8: -1, 9: -1}",{},{},{},0.0,0.0,838.0,419.0,1523.0,0.0,0.0,0.0,0.0,0.0,0.0,0.0,0.0,0.0,Unknown Reason,0.0,"{'node_level': {}, 'link_level': {}, 'path_level': {}}","{'node_level': {}, 'link_level': {}, 'path_level': {}}","{'node_level': {}, 'link_level': {}, 'path_level': {}}",[],-inf,-inf,True,True,False,0,[],0,0.0,10.0,0.0,3
31,5,4,3854.0,7736.0,3608992.735702783,7438401.425758212,0.4981902792140641,0.485183916426628,25,39,0,248.5392932865878,10328,1606,8722,0.3937334843337108,0.4048447628795633,19,85.53929328658779,163.0,10,23,False,{},{},{},{},0.0,0.0,0.0,0.0,0.0,0.0,0.0,0.0,0.0,0.0,0.0,0.0,0.0,0.0,Leave Event,0.0,"{'node_level': {}, 'link_level': {}, 'path_level': {}}","{'node_level': {}, 'link_level': {}, 'path_level': {}}","{'node_level': {}, 'link_level': {}, 'path_level': {}}",[],-inf,-inf,True,True,False,0,[],0,0.0,,,3
32,5,4,3854.0,7736.0,3608992.735702783,7438401.425758212,0.4981902792140641,0.485183916426628,25,40,1,258.0,10328,1606,8722,0.3937334843337108,0.4048447628795633,31,792.8718921955302,258.0,5,7,False,"{0: -1, 1: -1, 2: -1, 3: -1, 4: -1}",{},{},{},0.0,0.0,412.0,206.0,513.0,0.0,0.0,0.0,0.0,0.0,0.0,0.0,0.0,0.0,Unknown Reason,0.0,"{'node_level': {}, 'link_level': {}, 'path_level': {}}","{'node_level': {}, 'link_level': {}, 'path_level': {}}","{'node_level': {}, 'link_level': {}, 'path_level': {}}",[],-inf,-inf,True,True,False,0,[],0,0.0,5.0,0.0,3
33,5,4,3854.0,7736.0,3608992.735702783,7438401.425758212,0.4981902792140641,0.485183916426628,25,41,1,266.0,10328,1606,8722,0.3937334843337108,0.4048447628795633,32,431.5685729522655,266.0,6,7,False,{},{},{},{},0.0,0.0,444.0,222.0,500.0,0.0,0.0,0.0,0.0,0.0,0.0,0.0,0.0,0.0,Unknown Reason,0.0,"{'node_level': {}, 'link_level': {}, 'path_level': {}}","{'node_level': {}, 'link_level': {}, 'path_level': {}}","{'node_level': {}, 'link_level': {}, 'path_level': {}}",[],-inf,-inf,True,True,False,0,[],0,0.0,0.0,0.0,3
33,5,4,3854.0,7736.0,3608992.735702783,7438401.425758212,0.4981902792140641,0.485183916426628,25,42,0,267.08001083943026,10328,1606,8722,0.3937334843337108,0.4048447628795633,22,83.08001083943024,184.0,6,11,False,{},{},{},{},0.0,0.0,0.0,0.0,0.0,0.0,0.0,0.0,0.0,0.0,0.0,0.0,0.0,0.0,Leave Event,0.0,"{'node_level': {}, 'link_level': {}, 'path_level': {}}","{'node_level': {}, 'link_level': {}, 'path_level': {}}","{'node_level': {}, 'link_level': {}, 'path_level': {}}",[],-inf,-inf,True,True,False,0,[],0,0.0,,,3
34,5,4,3854.0,7736.0,3608992.735702783,7438401.425758212,0.4981902792140641,0.485183916426628,25,43,1,270.0,10328,1606,8722,0.3937334843337108,0.4048447628795633,33,593.3366162317749,270.0,10,25,False,"{0: -1, 1: -1, 2: -1, 3: -1, 4: -1, 5: -1, 6: -1, 7: -1, 8: -1, 9: -1}",{},{},{},0.0,0.0,890.0,445.0,1868.0,0.0,0.0,0.0,0.0,0.0,0.0,0.0,0.0,0.0,Unknown Reason,0.0,"{'node_level': {}, 'link_level': {}, 'path_level': {}}","{'node_level': {}, 'link_level': {}, 'path_level': {}}","{'node_level': {}, 'link_level': {}, 'path_level': {}}",[],-inf,-inf,True,True,False,0,[],0,0.0,10.0,0.0,3
35,5,4,3854.0,7736.0,3608992.735702783,7438401.425758212,0.4981902792140641,0.485183916426628,25,44,1,282.0,10328,1606,8722,0.3937334843337108,0.4048447628795633,34,247.93403698341325,282.0,7,10,False,"{0: -1, 1: -1, 2: -1, 3: -1, 4: -1, 5: -1, 6: -1}",{},{},{},0.0,0.0,580.0,290.0,833.0,0.0,0.0,0.0,0.0,0.0,0.0,0.0,0.0,0.0,Unknown Reason,0.0,"{'node_level': {}, 'link_level': {}, 'path_level': {}}","{'node_level': {}, 'link_level': {}, 'path_level': {}}","{'node_level': {}, 'link_level': {}, 'path_level': {}}",[],-inf,-inf,True,True,False,0,[],0,0.0,7.0,0.0,3
36,5,4,3854.0,7736.0,3608992.735702783,7438401.425758212,0.4981902792140641,0.485183916426628,25,45,1,290.0,10328,1606,8722,0.3937334843337108,0.4048447628795633,35,23.70107053097601,290.0,5,4,False,{},{},{},{},0.0,0.0,442.0,221.0,360.0,0.0,0.0,0.0,0.0,0.0,0.0,0.0,0.0,0.0,Unknown Reason,0.0,"{'node_level': {}, 'link_level': {}, 'path_level': {}}","{'node_level': {}, 'link_level': {}, 'path_level': {}}","{'node_level': {}, 'link_level': {}, 'path_level': {}}",[],-inf,-inf,True,True,False,0,[],0,0.0,0.0,0.0,3
37,5,4,3854.0,7736.0,3608992.735702783,7438401.425758212,0.4981902792140641,0.485183916426628,25,46,1,303.0,10328,1606,8722,0.3937334843337108,0.4048447628795633,36,289.3930254799823,303.0,8,15,False,"{0: -1, 1: -1, 2: -1, 3: -1, 4: -1, 5: -1, 6: -1, 7: -1}",{},{},{},0.0,0.0,690.0,345.0,1168.0,0.0,0.0,0.0,0.0,0.0,0.0,0.0,0.0,0.0,Unknown Reason,0.0,"{'node_level': {}, 'link_level': {}, 'path_level': {}}","{'node_level': {}, 'link_level': {}, 'path_level': {}}","{'node_level': {}, 'link_level': {}, 'path_level': {}}",[],-inf,-inf,True,True,False,0,[],0,0.0,8.0,0.0,3
37,5,4,3854.0,7736.0,3608992.735702783,7438401.425758212,0.4981902792140641,0.485183916426628,25,47,0,313.70107053097604,10328,1606,8722,0.3937334843337108,0.4048447628795633,35,23.70107053097601,290.0,5,4,False,{},{},{},{},0.0,0.0,0.0,0.0,0.0,0.0,0.0,0.0,0.0,0.0,0.0,0.0,0.0,0.0,Leave Event,0.0,"{'node_level': {}, 'link_level': {}, 'path_level': {}}","{'node_level': {}, 'link_level': {}, 'path_level': {}}","{'node_level': {}, 'link_level': {}, 'path_level': {}}",[],-inf,-inf,True,True,False,0,[],0,0.0,,,3
37,5,4,3854.0,7736.0,3608992.735702783,7438401.425758212,0.4981902792140641,0.485183916426628,25,48,0,316.36534077368697,10328,1606,8722,0.3937334843337108,0.4048447628795633,23,126.365340773687,190.0,7,16,False,{},{},{},{},0.0,0.0,0.0,0.0,0.0,0.0,0.0,0.0,0.0,0.0,0.0,0.0,0.0,0.0,Leave Event,0.0,"{'node_level': {}, 'link_level': {}, 'path_level': {}}","{'node_level': {}, 'link_level': {}, 'path_level': {}}","{'node_level': {}, 'link_level': {}, 'path_level': {}}",[],-inf,-inf,True,True,False,0,[],0,0.0,,,3
38,5,4,3854.0,7736.0,3608992.735702783,7438401.425758212,0.4981902792140641,0.485183916426628,25,49,1,317.0,10328,1606,8722,0.3937334843337108,0.4048447628795633,37,232.59188151018515,317.0,5,7,False,{},{},{},{},0.0,0.0,440.0,220.0,490.0,0.0,0.0,0.0,0.0,0.0,0.0,0.0,0.0,0.0,Unknown Reason,0.0,"{'node_level': {}, 'link_level': {}, 'path_level': {}}","{'node_level': {}, 'link_level': {}, 'path_level': {}}","{'node_level': {}, 'link_level': {}, 'path_level': {}}",[],-inf,-inf,True,True,False,0,[],0,0.0,0.0,0.0,3
39,5,4,3854.0,7736.0,3608992.735702783,7438401.425758212,0.4981902792140641,0.485183916426628,25,50,1,322.0,10328,1606,8722,0.3937334843337108,0.4048447628795633,38,454.413381114963,322.0,8,16,False,"{0: -1, 1: -1, 2: -1, 3: -1, 4: -1, 5: -1, 6: -1, 7: -1}",{},{},{},0.0,0.0,536.0,268.0,1420.0,0.0,0.0,0.0,0.0,0.0,0.0,0.0,0.0,0.0,Unknown Reason,0.0,"{'node_level': {}, 'link_level': {}, 'path_level': {}}","{'node_level': {}, 'link_level': {}, 'path_level': {}}","{'node_level': {}, 'link_level': {}, 'path_level': {}}",[],-inf,-inf,True,True,False,0,[],0,0.0,8.0,0.0,3
39,5,4,3854.0,7736.0,3608992.735702783,7438401.425758212,0.4981902792140641,0.485183916426628,25,51,0,326.67935696800373,10328,1606,8722,0.3937334843337108,0.4048447628795633,29,88.67935696800375,238.0,7,10,False,{},{},{},{},0.0,0.0,0.0,0.0,0.0,0.0,0.0,0.0,0.0,0.0,0.0,0.0,0.0,0.0,Leave Event,0.0,"{'node_level': {}, 'link_level': {}, 'path_level': {}}","{'node_level': {}, 'link_level': {}, 'path_level': {}}","{'node_level': {}, 'link_level': {}, 'path_level': {}}",[],-inf,-inf,True,True,False,0,[],0,0.0,,,3
40,5,4,3854.0,7736.0,3608992.735702783,7438401.425758212,0.4981902792140641,0.485183916426628,25,52,1,329.0,10328,1606,8722,0.3937334843337108,0.4048447628795633,39,72.0611651089179,329.0,6,8,False,"{0: -1, 1: -1, 2: -1, 3: -1, 4: -1, 5: -1}",{},{},{},0.0,0.0,410.0,205.0,630.0,0.0,0.0,0.0,0.0,0.0,0.0,0.0,0.0,0.0,Unknown Reason,0.0,"{'node_level': {}, 'link_level': {}, 'path_level': {}}","{'node_level': {}, 'link_level': {}, 'path_level': {}}","{'node_level': {}, 'link_level': {}, 'path_level': {}}",[],-inf,-inf,True,True,False,0,[],0,0.0,6.0,0.0,3
40,5,4,3854.0,7736.0,3608992.735702783,7438401.425758212,0.4981902792140641,0.485183916426628,25,53,0,330.14260780550205,10328,1606,8722,0.3937334843337108,0.4048447628795633,20,161.14260780550205,169.0,5,4,False,{},{},{},{},0.0,0.0,0.0,0.0,0.0,0.0,0.0,0.0,0.0,0.0,0.0,0.0,0.0,0.0,Leave Event,0.0,"{'node_level': {}, 'link_level': {}, 'path_level': {}}","{'node_level': {}, 'link_level': {}, 'path_level': {}}","{'node_level': {}, 'link_level': {}, 'path_level': {}}",[],-inf,-inf,True,True,False,0,[],0,0.0,,,3
40,5,4,3854.0,7736.0,3608992.735702783,7438401.425758212,0.4981902792140641,0.485183916426628,25,54,0,332.1816006246764,10328,1606,8722,0.3937334843337108,0.4048447628795633,24,139.18160062467638,193.0,7,16,False,{},{},{},{},0.0,0.0,0.0,0.0,0.0,0.0,0.0,0.0,0.0,0.0,0.0,0.0,0.0,0.0,Leave Event,0.0,"{'node_level': {}, 'link_level': {}, 'path_level': {}}","{'node_level': {}, 'link_level': {}, 'path_level': {}}","{'node_level': {}, 'link_level': {}, 'path_level': {}}",[],-inf,-inf,True,True,False,0,[],0,0.0,,,3
41,5,4,3854.0,7736.0,3608992.735702783,7438401.425758212,0.4981902792140641,0.485183916426628,25,55,1,339.0,10328,1606,8722,0.3937334843337108,0.4048447628795633,40,129.1994513276463,339.0,8,11,False,"{0: -1, 1: -1, 2: -1, 3: -1, 4: -1, 5: -1, 6: -1, 7: -1}",{},{},{},0.0,0.0,504.0,252.0,1008.0,0.0,0.0,0.0,0.0,0.0,0.0,0.0,0.0,0.0,Unknown Reason,0.0,"{'node_level': {}, 'link_level': {}, 'path_level': {}}","{'node_level': {}, 'link_level': {}, 'path_level': {}}","{'node_level': {}, 'link_level': {}, 'path_level': {}}",[],-inf,-inf,True,True,False,0,[],0,0.0,8.0,0.0,3
42,6,5,4509.0,9364.0,4161231.1016369644,8810987.776507597,0.48152498932080307,0.4722774797999263,27,56,1,346.0,8700,1392,7308,0.4745186862967158,0.5013306038894576,41,843.1120090598189,346.0,5,7,True,"{np.int64(0): np.int64(34), np.int64(1): np.int64(10), np.int64(2): np.int64(15), np.int64(3): np.int64(29), np.int64(4): np.int64(30)}","{(0, 1): [(np.int64(34), 31), (31, 28), (28, 0), (0, 4), (4, 7), (7, 10)], (0, 3): [(np.int64(34), 31), (31, 29)], (0, 4): [(np.int64(34), 31), (31, 29), (29, 30)], (1, 3): [(np.int64(10), 7), (7, 5), (5, 2), (2, 29)], (2, 3): [(np.int64(15), 13), (13, 2), (2, 29)], (2, 4): [(np.int64(15), 13), (13, 2), (2, 29), (29, 30)], (3, 4): [(np.int64(29), 30)]}","{(np.int64(0), np.int64(34)): {'cpu': 56}, (np.int64(1), np.int64(10)): {'cpu': 40}, (np.int64(2), np.int64(15)): {'cpu': 42}, (np.int64(3), np.int64(29)): {'cpu': 37}, (np.int64(4), np.int64(30)): {'cpu': 39}}","{((0, 1), (np.int64(34), 31)): {'bw': 48}, ((0, 1), (31, 28)): {'bw': 48}, ((0, 1), (28, 0)): {'bw': 48}, ((0, 1), (0, 4)): {'bw': 48}, ((0, 1), (4, 7)): {'bw': 48}, ((0, 1), (7, 10)): {'bw': 48}, ((0, 3), (np.int64(34), 31)): {'bw': 113}, ((0, 3), (31, 29)): {'bw': 113}, ((0, 4), (np.int64(34), 31)): {'bw': 48}, ((0, 4), (31, 29)): {'bw': 48}, ((0, 4), (29, 30)): {'bw': 48}, ((1, 3), (np.int64(10), 7)): {'bw': 93}, ((1, 3), (7, 5)): {'bw': 93}, ((1, 3), (5, 2)): {'bw': 93}, ((1, 3), (2, 29)): {'bw': 93}, ((2, 3), (np.int64(15), 13)): {'bw': 43}, ((2, 3), (13, 2)): {'bw': 43}, ((2, 3), (2, 29)): {'bw': 43}, ((2, 4), (np.int64(15), 13)): {'bw': 53}, ((2, 4), (13, 2)): {'bw': 53}, ((2, 4), (2, 29)): {'bw': 53}, ((2, 4), (29, 30)): {'bw': 53}, ((3, 4), (np.int64(29), 30)): {'bw': 43}}",1628.0,655.0,856.0,214.0,441.0,214.0,441.0,214.0,1414.0,973.0,0.4023341523341523,1372586.350749385,552238.3659341814,339.21275548782637,Success,0.0,"{'node_level': {}, 'link_level': {}, 'path_level': {}}","{'node_level': {np.int64(0): {'cpu': -1}, np.int64(1): {'cpu': -20}, np.int64(2): {'cpu': -22}, np.int64(3): {'cpu': -16}, np.int64(4): {'cpu': -2}}, 'link_level': {(0, 1): {'bw': -12}, (0, 3): {'bw': -91}, (0, 4): {'bw': -43}, (1, 3): {'bw': -52}, (2, 3): {'bw': -96}, (2, 4): {'bw': -43}, (3, 4): {'bw': -23}}, 'path_level': {(0, 1): {}, (0, 3): {}, (0, 4): {}, (1, 3): {}, (2, 3): {}, (2, 4): {}, (3, 4): {}}}","{'node_level': {np.int64(0): {'cpu': 0}, np.int64(1): {'cpu': 0}, np.int64(2): {'cpu': 0}, np.int64(3): {'cpu': 0}, np.int64(4): {'cpu': 0}}, 'link_level': {(0, 1): {'bw': 0}, (0, 3): {'bw': 0}, (0, 4): {'bw': 0}, (1, 3): {'bw': 0}, (2, 3): {'bw': 0}, (2, 4): {'bw': 0}, (3, 4): {'bw': 0}}, 'path_level': {(0, 1): {}, (0, 3): {}, (0, 4): {}, (1, 3): {}, (2, 3): {}, (2, 4): {}, (3, 4): {}}}",[],-inf,-inf,True,True,False,0,[],0,0.0,5.0,7.0,3
43,6,5,4509.0,9364.0,4161231.1016369644,8810987.776507597,0.48152498932080307,0.4722774797999263,27,57,1,362.0,8700,1392,7308,0.4745186862967158,0.5013306038894576,42,153.48377486188934,362.0,10,19,False,"{0: -1, 1: -1, 2: -1, 3: -1, 4: -1, 5: -1, 6: -1, 7: -1, 8: -1, 9: -1}",{},{},{},0.0,0.0,908.0,454.0,1451.0,0.0,0.0,0.0,0.0,0.0,0.0,0.0,0.0,0.0,Unknown Reason,0.0,"{'node_level': {}, 'link_level': {}, 'path_level': {}}","{'node_level': {}, 'link_level': {}, 'path_level': {}}","{'node_level': {}, 'link_level': {}, 'path_level': {}}",[],-inf,-inf,True,True,False,0,[],0,0.0,10.0,0.0,3
43,6,5,4509.0,9364.0,4161231.1016369644,8810987.776507597,0.48152498932080307,0.4722774797999263,27,58,0,363.1240066097526,8700,1392,7308,0.4745186862967158,0.5013306038894576,7,295.1240066097526,68.0,10,27,False,{},{},{},{},0.0,0.0,0.0,0.0,0.0,0.0,0.0,0.0,0.0,0.0,0.0,0.0,0.0,0.0,Leave Event,0.0,"{'node_level': {}, 'link_level': {}, 'path_level': {}}","{'node_level': {}, 'link_level': {}, 'path_level': {}}","{'node_level': {}, 'link_level': {}, 'path_level': {}}",[],-inf,-inf,True,True,False,0,[],0,0.0,,,3
43,6,5,4509.0,9364.0,4161231.1016369644,8810987.776507597,0.48152498932080307,0.4722774797999263,27,59,0,363.9214852912518,8700,1392,7308,0.4745186862967158,0.5013306038894576,4,325.9214852912518,38.0,5,7,False,{},{},{},{},0.0,0.0,0.0,0.0,0.0,0.0,0.0,0.0,0.0,0.0,0.0,0.0,0.0,0.0,Leave Event,0.0,"{'node_level': {}, 'link_level': {}, 'path_level': {}}","{'node_level': {}, 'link_level': {}, 'path_level': {}}","{'node_level': {}, 'link_level': {}, 'path_level': {}}",[],-inf,-inf,True,True,False,0,[],0,0.0,,,3
43,6,4,4509.0,9364.0,4161231.1016369644,8810987.776507597,0.48152498932080307,0.4722774797999263,27,60,0,366.33223409363376,9993,1572,8421,0.4065685164212911,0.42538382804503583,1,349.33223409363376,17.0,5,5,False,{},{},{},{},0.0,0.0,0.0,0.0,0.0,0.0,0.0,0.0,0.0,0.0,0.0,0.0,0.0,0.0,Leave Event,0.0,"{'node_level': {}, 'link_level': {}, 'path_level': {}}","{'node_level': {}, 'link_level': {}, 'path_level': {}}","{'node_level': {}, 'link_level': {}, 'path_level': {}}",[],-inf,-inf,True,True,False,0,[],0,0.0,,,3
44,6,4,4509.0,9364.0,4161231.1016369644,8810987.776507597,0.48152498932080307,0.4722774797999263,27,61,1,379.0,9993,1572,8421,0.4065685164212911,0.42538382804503583,43,264.08780479495465,379.0,9,21,False,"{0: -1, 1: -1, 2: -1, 3: -1, 4: -1, 5: -1, 6: -1, 7: -1, 8: -1}",{},{},{},0.0,0.0,738.0,369.0,1622.0,0.0,0.0,0.0,0.0,0.0,0.0,0.0,0.0,0.0,Unknown Reason,0.0,"{'node_level': {}, 'link_level': {}, 'path_level': {}}","{'node_level': {}, 'link_level': {}, 'path_level': {}}","{'node_level': {}, 'link_level': {}, 'path_level': {}}",[],-inf,-inf,True,True,False,0,[],0,0.0,9.0,0.0,3
44,6,4,4509.0,9364.0,4161231.1016369644,8810987.776507597,0.48152498932080307,0.4722774797999263,27,62,0,381.2540725017419,9993,1572,8421,0.4065685164212911,0.42538382804503583,17,233.2540725017419,148.0,9,19,False,{},{},{},{},0.0,0.0,0.0,0.0,0.0,0.0,0.0,0.0,0.0,0.0,0.0,0.0,0.0,0.0,Leave Event,0.0,"{'node_level': {}, 'link_level': {}, 'path_level': {}}","{'node_level': {}, 'link_level': {}, 'path_level': {}}","{'node_level': {}, 'link_level': {}, 'path_level': {}}",[],-inf,-inf,True,True,False,0,[],0,0.0,,,3
45,6,4,4509.0,9364.0,4161231.1016369644,8810987.776507597,0.48152498932080307,0.4722774797999263,27,63,1,385.0,9993,1572,8421,0.4065685164212911,0.42538382804503583,44,1374.218773921043,385.0,6,8,False,"{0: -1, 1: -1, 2: -1, 3: -1, 4: -1, 5: -1}",{},{},{},0.0,0.0,506.0,253.0,653.0,0.0,0.0,0.0,0.0,0.0,0.0,0.0,0.0,0.0,Unknown Reason,0.0,"{'node_level': {}, 'link_level': {}, 'path_level': {}}","{'node_level': {}, 'link_level': {}, 'path_level': {}}","{'node_level': {}, 'link_level': {}, 'path_level': {}}",[],-inf,-inf,True,True,False,0,[],0,0.0,6.0,0.0,3
46,6,4,4509.0,9364.0,4161231.1016369644,8810987.776507597,0.48152498932080307,0.4722774797999263,27,64,1,396.0,9993,1572,8421,0.4065685164212911,0.42538382804503583,45,161.1729662852628,396.0,10,22,False,"{0: -1, 1: -1, 2: -1, 3: -1, 4: -1, 5: -1, 6: -1, 7: -1, 8: -1, 9: -1}",{},{},{},0.0,0.0,726.0,363.0,1771.0,0.0,0.0,0.0,0.0,0.0,0.0,0.0,0.0,0.0,Unknown Reason,0.0,"{'node_level': {}, 'link_level': {}, 'path_level': {}}","{'node_level': {}, 'link_level': {}, 'path_level': {}}","{'node_level': {}, 'link_level': {}, 'path_level': {}}",[],-inf,-inf,True,True,False,0,[],0,0.0,10.0,0.0,3
46,6,4,4509.0,9364.0,4161231.1016369644,8810987.776507597,0.48152498932080307,0.4722774797999263,27,65,0,397.6671779745153,9993,1572,8421,0.4065685164212911,0.42538382804503583,13,286.6671779745153,111.0,6,6,False,{},{},{},{},0.0,0.0,0.0,0.0,0.0,0.0,0.0,0.0,0.0,0.0,0.0,0.0,0.0,0.0,Leave Event,0.0,"{'node_level': {}, 'link_level': {}, 'path_level': {}}","{'node_level': {}, 'link_level': {}, 'path_level': {}}","{'node_level': {}, 'link_level': {}, 'path_level': {}}",[],-inf,-inf,True,True,False,0,[],0,0.0,,,3
46,6,4,4509.0,9364.0,4161231.1016369644,8810987.776507597,0.48152498932080307,0.4722774797999263,27,66,0,401.0611651089179,9993,1572,8421,0.4065685164212911,0.42538382804503583,39,72.0611651089179,329.0,6,8,False,{},{},{},{},0.0,0.0,0.0,0.0,0.0,0.0,0.0,0.0,0.0,0.0,0.0,0.0,0.0,0.0,Leave Event,0.0,"{'node_level': {}, 'link_level': {}, 'path_level': {}}","{'node_level': {}, 'link_level': {}, 'path_level': {}}","{'node_level': {}, 'link_level': {}, 'path_level': {}}",[],-inf,-inf,True,True,False,0,[],0,0.0,,,3
47,6,4,4509.0,9364.0,4161231.1016369644,8810987.776507597,0.48152498932080307,0.4722774797999263,27,67,1,405.0,9993,1572,8421,0.4065685164212911,0.42538382804503583,46,78.49650036304767,405.0,9,22,False,"{0: -1, 1: -1, 2: -1, 3: -1, 4: -1, 5: -1, 6: -1, 7: -1, 8: -1}",{},{},{},0.0,0.0,832.0,416.0,1785.0,0.0,0.0,0.0,0.0,0.0,0.0,0.0,0.0,0.0,Unknown Reason,0.0,"{'node_level': {}, 'link_level': {}, 'path_level': {}}","{'node_level': {}, 'link_level': {}, 'path_level': {}}","{'node_level': {}, 'link_level': {}, 'path_level': {}}",[],-inf,-inf,True,True,False,0,[],0,0.0,9.0,0.0,3
48,6,4,4509.0,9364.0,4161231.1016369644,8810987.776507597,0.48152498932080307,0.4722774797999263,27,68,1,414.0,9993,1572,8421,0.4065685164212911,0.42538382804503583,47,605.3646714251648,414.0,9,22,False,"{0: -1, 1: -1, 2: -1, 3: -1, 4: -1, 5: -1, 6: -1, 7: -1, 8: -1}",{},{},{},0.0,0.0,678.0,339.0,1901.0,0.0,0.0,0.0,0.0,0.0,0.0,0.0,0.0,0.0,Unknown Reason,0.0,"{'node_level': {}, 'link_level': {}, 'path_level': {}}","{'node_level': {}, 'link_level': {}, 'path_level': {}}","{'node_level': {}, 'link_level': {}, 'path_level': {}}",[],-inf,-inf,True,True,False,0,[],0,0.0,9.0,0.0,3
49,6,4,4509.0,9364.0,4161231.1016369644,8810987.776507597,0.48152498932080307,0.4722774797999263,27,69,1,427.0,9993,1572,8421,0.4065685164212911,0.42538382804503583,48,418.58562948066964,427.0,5,5,False,{},{},{},{},0.0,0.0,398.0,199.0,367.0,0.0,0.0,0.0,0.0,0.0,0.0,0.0,0.0,0.0,Unknown Reason,0.0,"{'node_level': {}, 'link_level': {}, 'path_level': {}}","{'node_level': {}, 'link_level': {}, 'path_level': {}}","{'node_level': {}, 'link_level': {}, 'path_level': {}}",[],-inf,-inf,True,True,False,0,[],0,0.0,0.0,0.0,3
50,6,4,4509.0,9364.0,4161231.1016369644,8810987.776507597,0.48152498932080307,0.4722774797999263,27,70,1,435.0,9993,1572,8421,0.4065685164212911,0.42538382804503583,49,472.8518356433432,435.0,5,4,False,{},{},{},{},0.0,0.0,364.0,182.0,326.0,0.0,0.0,0.0,0.0,0.0,0.0,0.0,0.0,0.0,Unknown Reason,0.0,"{'node_level': {}, 'link_level': {}, 'path_level': {}}","{'node_level': {}, 'link_level': {}, 'path_level': {}}","{'node_level': {}, 'link_level': {}, 'path_level': {}}",[],-inf,-inf,True,True,False,0,[],0,0.0,0.0,0.0,3
51,6,4,4509.0,9364.0,4161231.1016369644,8810987.776507597,0.48152498932080307,0.4722774797999263,27,71,1,443.0,9993,1572,8421,0.4065685164212911,0.42538382804503583,50,21.469852536087064,443.0,6,7,False,{},{},{},{},0.0,0.0,376.0,188.0,595.0,0.0,0.0,0.0,0.0,0.0,0.0,0.0,0.0,0.0,Unknown Reason,0.0,"{'node_level': {}, 'link_level': {}, 'path_level': {}}","{'node_level': {}, 'link_level': {}, 'path_level': {}}","{'node_level': {}, 'link_level': {}, 'path_level': {}}",[],-inf,-inf,True,True,False,0,[],0,0.0,0.0,0.0,3
52,6,4,4509.0,9364.0,4161231.1016369644,8810987.776507597,0.48152498932080307,0.4722774797999263,27,72,1,454.0,9993,1572,8421,0.4065685164212911,0.42538382804503583,51,270.0129964594614,454.0,7,9,False,"{0: -1, 1: -1, 2: -1, 3: -1, 4: -1, 5: -1, 6: -1}",{},{},{},0.0,0.0,510.0,255.0,693.0,0.0,0.0,0.0,0.0,0.0,0.0,0.0,0.0,0.0,Unknown Reason,0.0,"{'node_level': {}, 'link_level': {}, 'path_level': {}}","{'node_level': {}, 'link_level': {}, 'path_level': {}}","{'node_level': {}, 'link_level': {}, 'path_level': {}}",[],-inf,-inf,True,True,False,0,[],0,0.0,7.0,0.0,3
53,6,4,4509.0,9364.0,4161231.1016369644,8810987.776507597,0.48152498932080307,0.4722774797999263,27,73,1,458.0,9993,1572,8421,0.4065685164212911,0.42538382804503583,52,2.137780683530025,458.0,9,23,False,"{0: -1, 1: -1, 2: -1, 3: -1, 4: -1, 5: -1, 6: -1, 7: -1, 8: -1}",{},{},{},0.0,0.0,742.0,371.0,1958.0,0.0,0.0,0.0,0.0,0.0,0.0,0.0,0.0,0.0,Unknown Reason,0.0,"{'node_level': {}, 'link_level': {}, 'path_level': {}}","{'node_level': {}, 'link_level': {}, 'path_level': {}}","{'node_level': {}, 'link_level': {}, 'path_level': {}}",[],-inf,-inf,True,True,False,0,[],0,0.0,9.0,0.0,3
53,6,4,4509.0,9364.0,4161231.1016369644,8810987.776507597,0.48152498932080307,0.4722774797999263,27,74,0,460.13778068353,9993,1572,8421,0.4065685164212911,0.42538382804503583,52,2.137780683530025,458.0,9,23,False,{},{},{},{},0.0,0.0,0.0,0.0,0.0,0.0,0.0,0.0,0.0,0.0,0.0,0.0,0.0,0.0,Leave Event,0.0,"{'node_level': {}, 'link_level': {}, 'path_level': {}}","{'node_level': {}, 'link_level': {}, 'path_level': {}}","{'node_level': {}, 'link_level': {}, 'path_level': {}}",[],-inf,-inf,True,True,False,0,[],0,0.0,,,3
53,6,4,4509.0,9364.0,4161231.1016369644,8810987.776507597,0.48152498932080307,0.4722774797999263,27,75,0,464.46985253608705,9993,1572,8421,0.4065685164212911,0.42538382804503583,50,21.469852536087064,443.0,6,7,False,{},{},{},{},0.0,0.0,0.0,0.0,0.0,0.0,0.0,0.0,0.0,0.0,0.0,0.0,0.0,0.0,Leave Event,0.0,"{'node_level': {}, 'link_level': {}, 'path_level': {}}","{'node_level': {}, 'link_level': {}, 'path_level': {}}","{'node_level': {}, 'link_level': {}, 'path_level': {}}",[],-inf,-inf,True,True,False,0,[],0,0.0,,,3
53,6,4,4509.0,9364.0,4161231.1016369644,8810987.776507597,0.48152498932080307,0.4722774797999263,27,76,0,466.36132265255736,9993,1572,8421,0.4065685164212911,0.42538382804503583,14,344.36132265255736,122.0,7,12,False,{},{},{},{},0.0,0.0,0.0,0.0,0.0,0.0,0.0,0.0,0.0,0.0,0.0,0.0,0.0,0.0,Leave Event,0.0,"{'node_level': {}, 'link_level': {}, 'path_level': {}}","{'node_level': {}, 'link_level': {}, 'path_level': {}}","{'node_level': {}, 'link_level': {}, 'path_level': {}}",[],-inf,-inf,True,True,False,0,[],0,0.0,,,3
53,6,4,4509.0,9364.0,4161231.1016369644,8810987.776507597,0.48152498932080307,0.4722774797999263,27,77,0,468.19945132764633,9993,1572,8421,0.4065685164212911,0.42538382804503583,40,129.1994513276463,339.0,8,11,False,{},{},{},{},0.0,0.0,0.0,0.0,0.0,0.0,0.0,0.0,0.0,0.0,0.0,0.0,0.0,0.0,Leave Event,0.0,"{'node_level': {}, 'link_level': {}, 'path_level': {}}","{'node_level': {}, 'link_level': {}, 'path_level': {}}","{'node_level': {}, 'link_level': {}, 'path_level': {}}",[],-inf,-inf,True,True,False,0,[],0,0.0,,,3
54,6,4,4509.0,9364.0,4161231.1016369644,8810987.776507597,0.48152498932080307,0.4722774797999263,27,78,1,470.0,9993,1572,8421,0.4065685164212911,0.42538382804503583,53,141.53666708401335,470.0,10,25,False,"{0: -1, 1: -1, 2: -1, 3: -1, 4: -1, 5: -1, 6: -1, 7: -1, 8: -1, 9: -1}",{},{},{},0.0,0.0,792.0,396.0,2072.0,0.0,0.0,0.0,0.0,0.0,0.0,0.0,0.0,0.0,Unknown Reason,0.0,"{'node_level': {}, 'link_level': {}, 'path_level': {}}","{'node_level': {}, 'link_level': {}, 'path_level': {}}","{'node_level': {}, 'link_level': {}, 'path_level': {}}",[],-inf,-inf,True,True,False,0,[],0,0.0,10.0,0.0,3
54,6,4,4509.0,9364.0,4161231.1016369644,8810987.776507597,0.48152498932080307,0.4722774797999263,27,79,0,474.9537856899839,9993,1572,8421,0.4065685164212911,0.42538382804503583,10,386.9537856899839,88.0,7,13,False,{},{},{},{},0.0,0.0,0.0,0.0,0.0,0.0,0.0,0.0,0.0,0.0,0.0,0.0,0.0,0.0,Leave Event,0.0,"{'node_level': {}, 'link_level': {}, 'path_level': {}}","{'node_level': {}, 'link_level': {}, 'path_level': {}}","{'node_level': {}, 'link_level': {}, 'path_level': {}}",[],-inf,-inf,True,True,False,0,[],0,0.0,,,3
55,6,4,4509.0,9364.0,4161231.1016369644,8810987.776507597,0.48152498932080307,0.4722774797999263,27,80,1,477.0,9993,1572,8421,0.4065685164212911,0.42538382804503583,54,612.1833152656892,477.0,5,8,False,{},{},{},{},0.0,0.0,422.0,211.0,663.0,0.0,0.0,0.0,0.0,0.0,0.0,0.0,0.0,0.0,Unknown Reason,0.0,"{'node_level': {}, 'link_level': {}, 'path_level': {}}","{'node_level': {}, 'link_level': {}, 'path_level': {}}","{'node_level': {}, 'link_level': {}, 'path_level': {}}",[],-inf,-inf,True,True,False,0,[],0,0.0,0.0,0.0,3
55,6,4,4509.0,9364.0,4161231.1016369644,8810987.776507597,0.48152498932080307,0.4722774797999263,27,81,0,483.4965003630477,9993,1572,8421,0.4065685164212911,0.42538382804503583,46,78.49650036304767,405.0,9,22,False,{},{},{},{},0.0,0.0,0.0,0.0,0.0,0.0,0.0,0.0,0.0,0.0,0.0,0.0,0.0,0.0,Leave Event,0.0,"{'node_level': {}, 'link_level': {}, 'path_level': {}}","{'node_level': {}, 'link_level': {}, 'path_level': {}}","{'node_level': {}, 'link_level': {}, 'path_level': {}}",[],-inf,-inf,True,True,False,0,[],0,0.0,,,3
56,6,4,4509.0,9364.0,4161231.1016369644,8810987.776507597,0.48152498932080307,0.4722774797999263,27,82,1,490.0,9993,1572,8421,0.4065685164212911,0.42538382804503583,55,31.757903967896446,490.0,5,5,False,{},{},{},{},0.0,0.0,470.0,235.0,468.0,0.0,0.0,0.0,0.0,0.0,0.0,0.0,0.0,0.0,Unknown Reason,0.0,"{'node_level': {}, 'link_level': {}, 'path_level': {}}","{'node_level': {}, 'link_level': {}, 'path_level': {}}","{'node_level': {}, 'link_level': {}, 'path_level': {}}",[],-inf,-inf,True,True,False,0,[],0,0.0,0.0,0.0,3
57,6,4,4509.0,9364.0,4161231.1016369644,8810987.776507597,0.48152498932080307,0.4722774797999263,27,83,1,500.0,9993,1572,8421,0.4065685164212911,0.42538382804503583,56,174.56140844684336,500.0,10,23,False,"{0: -1, 1: -1, 2: -1, 3: -1, 4: -1, 5: -1, 6: -1, 7: -1, 8: -1, 9: -1}",{},{},{},0.0,0.0,894.0,447.0,1850.0,0.0,0.0,0.0,0.0,0.0,0.0,0.0,0.0,0.0,Unknown Reason,0.0,"{'node_level': {}, 'link_level': {}, 'path_level': {}}","{'node_level': {}, 'link_level': {}, 'path_level': {}}","{'node_level': {}, 'link_level': {}, 'path_level': {}}",[],-inf,-inf,True,True,False,0,[],0,0.0,10.0,0.0,3
58,6,4,4509.0,9364.0,4161231.1016369644,8810987.776507597,0.48152498932080307,0.4722774797999263,27,84,1,510.0,9993,1572,8421,0.4065685164212911,0.42538382804503583,57,2216.1445591984884,510.0,10,25,False,"{0: -1, 1: -1, 2: -1, 3: -1, 4: -1, 5: -1, 6: -1, 7: -1, 8: -1, 9: -1}",{},{},{},0.0,0.0,796.0,398.0,1928.0,0.0,0.0,0.0,0.0,0.0,0.0,0.0,0.0,0.0,Unknown Reason,0.0,"{'node_level': {}, 'link_level': {}, 'path_level': {}}","{'node_level': {}, 'link_level': {}, 'path_level': {}}","{'node_level': {}, 'link_level': {}, 'path_level': {}}",[],-inf,-inf,True,True,False,0,[],0,0.0,10.0,0.0,3
58,6,4,4509.0,9364.0,4161231.1016369644,8810987.776507597,0.48152498932080307,0.4722774797999263,27,85,0,515.4837748618893,9993,1572,8421,0.4065685164212911,0.42538382804503583,42,153.48377486188934,362.0,10,19,False,{},{},{},{},0.0,0.0,0.0,0.0,0.0,0.0,0.0,0.0,0.0,0.0,0.0,0.0,0.0,0.0,Leave Event,0.0,"{'node_level': {}, 'link_level': {}, 'path_level': {}}","{'node_level': {}, 'link_level': {}, 'path_level': {}}","{'node_level': {}, 'link_level': {}, 'path_level': {}}",[],-inf,-inf,True,True,False,0,[],0,0.0,,,3
59,6,4,4509.0,9364.0,4161231.1016369644,8810987.776507597,0.48152498932080307,0.4722774797999263,27,86,1,520.0,9993,1572,8421,0.4065685164212911,0.42538382804503583,58,1774.0760363881539,520.0,6,9,False,{},{},{},{},0.0,0.0,426.0,213.0,723.0,0.0,0.0,0.0,0.0,0.0,0.0,0.0,0.0,0.0,Unknown Reason,0.0,"{'node_level': {}, 'link_level': {}, 'path_level': {}}","{'node_level': {}, 'link_level': {}, 'path_level': {}}","{'node_level': {}, 'link_level': {}, 'path_level': {}}",[],-inf,-inf,True,True,False,0,[],0,0.0,0.0,0.0,3
59,6,4,4509.0,9364.0,4161231.1016369644,8810987.776507597,0.48152498932080307,0.4722774797999263,27,87,0,521.7579039678965,9993,1572,8421,0.4065685164212911,0.42538382804503583,55,31.757903967896446,490.0,5,5,False,{},{},{},{},0.0,0.0,0.0,0.0,0.0,0.0,0.0,0.0,0.0,0.0,0.0,0.0,0.0,0.0,Leave Event,0.0,"{'node_level': {}, 'link_level': {}, 'path_level': {}}","{'node_level': {}, 'link_level': {}, 'path_level': {}}","{'node_level': {}, 'link_level': {}, 'path_level': {}}",[],-inf,-inf,True,True,False,0,[],0,0.0,,,3
60,6,4,4509.0,9364.0,4161231.1016369644,8810987.776507597,0.48152498932080307,0.4722774797999263,27,88,1,528.0,9993,1572,8421,0.4065685164212911,0.42538382804503583,59,328.74176686681676,528.0,6,11,False,"{0: -1, 1: -1, 2: -1, 3: -1, 4: -1, 5: -1}",{},{},{},0.0,0.0,498.0,249.0,870.0,0.0,0.0,0.0,0.0,0.0,0.0,0.0,0.0,0.0,Unknown Reason,0.0,"{'node_level': {}, 'link_level': {}, 'path_level': {}}","{'node_level': {}, 'link_level': {}, 'path_level': {}}","{'node_level': {}, 'link_level': {}, 'path_level': {}}",[],-inf,-inf,True,True,False,0,[],0,0.0,6.0,0.0,3
60,6,4,4509.0,9364.0,4161231.1016369644,8810987.776507597,0.48152498932080307,0.4722774797999263,27,89,0,529.9340369834133,9993,1572,8421,0.4065685164212911,0.42538382804503583,34,247.93403698341325,282.0,7,10,False,{},{},{},{},0.0,0.0,0.0,0.0,0.0,0.0,0.0,0.0,0.0,0.0,0.0,0.0,0.0,0.0,Leave Event,0.0,"{'node_level': {}, 'link_level': {}, 'path_level': {}}","{'node_level': {}, 'link_level': {}, 'path_level': {}}","{'node_level': {}, 'link_level': {}, 'path_level': {}}",[],-inf,-inf,True,True,False,0,[],0,0.0,,,3
60,6,4,4509.0,9364.0,4161231.1016369644,8810987.776507597,0.48152498932080307,0.4722774797999263,27,90,0,531.489712633899,9993,1572,8421,0.4065685164212911,0.42538382804503583,25,326.48971263389893,205.0,7,13,False,{},{},{},{},0.0,0.0,0.0,0.0,0.0,0.0,0.0,0.0,0.0,0.0,0.0,0.0,0.0,0.0,Leave Event,0.0,"{'node_level': {}, 'link_level': {}, 'path_level': {}}","{'node_level': {}, 'link_level': {}, 'path_level': {}}","{'node_level': {}, 'link_level': {}, 'path_level': {}}",[],-inf,-inf,True,True,False,0,[],0,0.0,,,3
60,6,4,4509.0,9364.0,4161231.1016369644,8810987.776507597,0.48152498932080307,0.4722774797999263,27,91,0,537.5286022427524,9993,1572,8421,0.4065685164212911,0.42538382804503583,28,309.52860224275247,228.0,8,16,False,{},{},{},{},0.0,0.0,0.0,0.0,0.0,0.0,0.0,0.0,0.0,0.0,0.0,0.0,0.0,0.0,Leave Event,0.0,"{'node_level': {}, 'link_level': {}, 'path_level': {}}","{'node_level': {}, 'link_level': {}, 'path_level': {}}","{'node_level': {}, 'link_level': {}, 'path_level': {}}",[],-inf,-inf,True,True,False,0,[],0,0.0,,,3
61,6,4,4509.0,9364.0,4161231.1016369644,8810987.776507597,0.48152498932080307,0.4722774797999263,27,92,1,538.0,9993,1572,8421,0.4065685164212911,0.42538382804503583,60,665.3227175451742,538.0,6,10,False,"{0: -1, 1: -1, 2: -1, 3: -1, 4: -1, 5: -1}",{},{},{},0.0,0.0,486.0,243.0,908.0,0.0,0.0,0.0,0.0,0.0,0.0,0.0,0.0,0.0,Unknown Reason,0.0,"{'node_level': {}, 'link_level': {}, 'path_level': {}}","{'node_level': {}, 'link_level': {}, 'path_level': {}}","{'node_level': {}, 'link_level': {}, 'path_level': {}}",[],-inf,-inf,True,True,False,0,[],0,0.0,6.0,0.0,3
62,6,4,4509.0,9364.0,4161231.1016369644,8810987.776507597,0.48152498932080307,0.4722774797999263,27,93,1,547.0,9993,1572,8421,0.4065685164212911,0.42538382804503583,61,500.7279627631113,547.0,10,22,False,"{0: -1, 1: -1, 2: -1, 3: -1, 4: -1, 5: -1, 6: -1, 7: -1, 8: -1, 9: -1}",{},{},{},0.0,0.0,810.0,405.0,1810.0,0.0,0.0,0.0,0.0,0.0,0.0,0.0,0.0,0.0,Unknown Reason,0.0,"{'node_level': {}, 'link_level': {}, 'path_level': {}}","{'node_level': {}, 'link_level': {}, 'path_level': {}}","{'node_level': {}, 'link_level': {}, 'path_level': {}}",[],-inf,-inf,True,True,False,0,[],0,0.0,10.0,0.0,3
62,6,4,4509.0,9364.0,4161231.1016369644,8810987.776507597,0.48152498932080307,0.4722774797999263,27,94,0,549.5918815101852,9993,1572,8421,0.4065685164212911,0.42538382804503583,37,232.59188151018515,317.0,5,7,False,{},{},{},{},0.0,0.0,0.0,0.0,0.0,0.0,0.0,0.0,0.0,0.0,0.0,0.0,0.0,0.0,Leave Event,0.0,"{'node_level': {}, 'link_level': {}, 'path_level': {}}","{'node_level': {}, 'link_level': {}, 'path_level': {}}","{'node_level': {}, 'link_level': {}, 'path_level': {}}",[],-inf,-inf,True,True,False,0,[],0,0.0,,,3
63,6,4,4509.0,9364.0,4161231.1016369644,8810987.776507597,0.48152498932080307,0.4722774797999263,27,95,1,556.0,9993,1572,8421,0.4065685164212911,0.42538382804503583,62,313.3924162815803,556.0,10,21,False,"{0: -1, 1: -1, 2: -1, 3: -1, 4: -1, 5: -1, 6: -1, 7: -1, 8: -1, 9: -1}",{},{},{},0.0,0.0,840.0,420.0,1716.0,0.0,0.0,0.0,0.0,0.0,0.0,0.0,0.0,0.0,Unknown Reason,0.0,"{'node_level': {}, 'link_level': {}, 'path_level': {}}","{'node_level': {}, 'link_level': {}, 'path_level': {}}","{'node_level': {}, 'link_level': {}, 'path_level': {}}",[],-inf,-inf,True,True,False,0,[],0,0.0,10.0,0.0,3
63,6,4,4509.0,9364.0,4161231.1016369644,8810987.776507597,0.48152498932080307,0.4722774797999263,27,96,0,557.1729662852628,9993,1572,8421,0.4065685164212911,0.42538382804503583,45,161.1729662852628,396.0,10,22,False,{},{},{},{},0.0,0.0,0.0,0.0,0.0,0.0,0.0,0.0,0.0,0.0,0.0,0.0,0.0,0.0,Leave Event,0.0,"{'node_level': {}, 'link_level': {}, 'path_level': {}}","{'node_level': {}, 'link_level': {}, 'path_level': {}}","{'node_level': {}, 'link_level': {}, 'path_level': {}}",[],-inf,-inf,True,True,False,0,[],0,0.0,,,3
64,6,4,4509.0,9364.0,4161231.1016369644,8810987.776507597,0.48152498932080307,0.4722774797999263,27,97,1,560.0,9993,1572,8421,0.4065685164212911,0.42538382804503583,63,972.6876602953973,560.0,7,11,False,"{0: -1, 1: -1, 2: -1, 3: -1, 4: -1, 5: -1, 6: -1}",{},{},{},0.0,0.0,596.0,298.0,882.0,0.0,0.0,0.0,0.0,0.0,0.0,0.0,0.0,0.0,Unknown Reason,0.0,"{'node_level': {}, 'link_level': {}, 'path_level': {}}","{'node_level': {}, 'link_level': {}, 'path_level': {}}","{'node_level': {}, 'link_level': {}, 'path_level': {}}",[],-inf,-inf,True,True,False,0,[],0,0.0,7.0,0.0,3
64,6,4,4509.0,9364.0,4161231.1016369644,8810987.776507597,0.48152498932080307,0.4722774797999263,27,98,0,566.7086676276142,9993,1572,8421,0.4065685164212911,0.42538382804503583,15,437.70866762761415,129.0,10,24,False,{},{},{},{},0.0,0.0,0.0,0.0,0.0,0.0,0.0,0.0,0.0,0.0,0.0,0.0,0.0,0.0,Leave Event,0.0,"{'node_level': {}, 'link_level': {}, 'path_level': {}}","{'node_level': {}, 'link_level': {}, 'path_level': {}}","{'node_level': {}, 'link_level': {}, 'path_level': {}}",[],-inf,-inf,True,True,False,0,[],0,0.0,,,3
65,6,4,4509.0,9364.0,4161231.1016369644,8810987.776507597,0.48152498932080307,0.4722774797999263,27,99,1,577.0,9993,1572,8421,0.4065685164212911,0.42538382804503583,64,94.68411448629094,577.0,8,15,False,"{0: -1, 1: -1, 2: -1, 3: -1, 4: -1, 5: -1, 6: -1, 7: -1}",{},{},{},0.0,0.0,552.0,276.0,1194.0,0.0,0.0,0.0,0.0,0.0,0.0,0.0,0.0,0.0,Unknown Reason,0.0,"{'node_level': {}, 'link_level': {}, 'path_level': {}}","{'node_level': {}, 'link_level': {}, 'path_level': {}}","{'node_level': {}, 'link_level': {}, 'path_level': {}}",[],-inf,-inf,True,True,False,0,[],0,0.0,8.0,0.0,3
66,6,4,4509.0,9364.0,4161231.1016369644,8810987.776507597,0.48152498932080307,0.4722774797999263,27,100,1,587.0,9993,1572,8421,0.4065685164212911,0.42538382804503583,65,881.3875681485184,587.0,9,18,False,"{0: -1, 1: -1, 2: -1, 3: -1, 4: -1, 5: -1, 6: -1, 7: -1, 8: -1}",{},{},{},0.0,0.0,694.0,347.0,1533.0,0.0,0.0,0.0,0.0,0.0,0.0,0.0,0.0,0.0,Unknown Reason,0.0,"{'node_level': {}, 'link_level': {}, 'path_level': {}}","{'node_level': {}, 'link_level': {}, 'path_level': {}}","{'node_level': {}, 'link_level': {}, 'path_level': {}}",[],-inf,-inf,True,True,False,0,[],0,0.0,9.0,0.0,3
66,6,4,4509.0,9364.0,4161231.1016369644,8810987.776507597,0.48152498932080307,0.4722774797999263,27,101,0,592.3930254799823,9993,1572,8421,0.4065685164212911,0.42538382804503583,36,289.3930254799823,303.0,8,15,False,{},{},{},{},0.0,0.0,0.0,0.0,0.0,0.0,0.0,0.0,0.0,0.0,0.0,0.0,0.0,0.0,Leave Event,0.0,"{'node_level': {}, 'link_level': {}, 'path_level': {}}","{'node_level': {}, 'link_level': {}, 'path_level': {}}","{'node_level': {}, 'link_level': {}, 'path_level': {}}",[],-inf,-inf,True,True,False,0,[],0,0.0,,,3
67,6,4,4509.0,9364.0,4161231.1016369644,8810987.776507597,0.48152498932080307,0.4722774797999263,27,102,1,598.0,9993,1572,8421,0.4065685164212911,0.42538382804503583,66,21.490037552167237,598.0,9,14,False,"{0: -1, 1: -1, 2: -1, 3: -1, 4: -1, 5: -1, 6: -1, 7: -1, 8: -1}",{},{},{},0.0,0.0,822.0,411.0,1063.0,0.0,0.0,0.0,0.0,0.0,0.0,0.0,0.0,0.0,Unknown Reason,0.0,"{'node_level': {}, 'link_level': {}, 'path_level': {}}","{'node_level': {}, 'link_level': {}, 'path_level': {}}","{'node_level': {}, 'link_level': {}, 'path_level': {}}",[],-inf,-inf,True,True,False,0,[],0,0.0,9.0,0.0,3
68,6,4,4509.0,9364.0,4161231.1016369644,8810987.776507597,0.48152498932080307,0.4722774797999263,27,103,1,607.0,9993,1572,8421,0.4065685164212911,0.42538382804503583,67,1008.529014751481,607.0,8,11,False,"{0: -1, 1: -1, 2: -1, 3: -1, 4: -1, 5: -1, 6: -1, 7: -1}",{},{},{},0.0,0.0,558.0,279.0,813.0,0.0,0.0,0.0,0.0,0.0,0.0,0.0,0.0,0.0,Unknown Reason,0.0,"{'node_level': {}, 'link_level': {}, 'path_level': {}}","{'node_level': {}, 'link_level': {}, 'path_level': {}}","{'node_level': {}, 'link_level': {}, 'path_level': {}}",[],-inf,-inf,True,True,False,0,[],0,0.0,8.0,0.0,3
69,6,4,4509.0,9364.0,4161231.1016369644,8810987.776507597,0.48152498932080307,0.4722774797999263,27,104,1,611.0,9993,1572,8421,0.4065685164212911,0.42538382804503583,68,563.500615369933,611.0,8,8,False,"{0: -1, 1: -1, 2: -1, 3: -1, 4: -1, 5: -1, 6: -1, 7: -1}",{},{},{},0.0,0.0,598.0,299.0,572.0,0.0,0.0,0.0,0.0,0.0,0.0,0.0,0.0,0.0,Unknown Reason,0.0,"{'node_level': {}, 'link_level': {}, 'path_level': {}}","{'node_level': {}, 'link_level': {}, 'path_level': {}}","{'node_level': {}, 'link_level': {}, 'path_level': {}}",[],-inf,-inf,True,True,False,0,[],0,0.0,8.0,0.0,3
69,6,4,4509.0,9364.0,4161231.1016369644,8810987.776507597,0.48152498932080307,0.4722774797999263,27,105,0,611.5366670840133,9993,1572,8421,0.4065685164212911,0.42538382804503583,53,141.53666708401335,470.0,10,25,False,{},{},{},{},0.0,0.0,0.0,0.0,0.0,0.0,0.0,0.0,0.0,0.0,0.0,0.0,0.0,0.0,Leave Event,0.0,"{'node_level': {}, 'link_level': {}, 'path_level': {}}","{'node_level': {}, 'link_level': {}, 'path_level': {}}","{'node_level': {}, 'link_level': {}, 'path_level': {}}",[],-inf,-inf,True,True,False,0,[],0,0.0,,,3
69,6,4,4509.0,9364.0,4161231.1016369644,8810987.776507597,0.48152498932080307,0.4722774797999263,27,106,0,619.4900375521672,9993,1572,8421,0.4065685164212911,0.42538382804503583,66,21.490037552167237,598.0,9,14,False,{},{},{},{},0.0,0.0,0.0,0.0,0.0,0.0,0.0,0.0,0.0,0.0,0.0,0.0,0.0,0.0,Leave Event,0.0,"{'node_level': {}, 'link_level': {}, 'path_level': {}}","{'node_level': {}, 'link_level': {}, 'path_level': {}}","{'node_level': {}, 'link_level': {}, 'path_level': {}}",[],-inf,-inf,True,True,False,0,[],0,0.0,,,3
70,7,5,4949.0,10194.0,4291126.926594712,9056018.537223348,0.4854816558760055,0.47384255111191587,30,107,1,620.0,9163,1384,7779,0.47753869384673464,0.46919140225179123,69,295.2177839948812,620.0,5,4,True,"{np.int64(0): np.int64(27), np.int64(1): np.int64(24), np.int64(2): np.int64(20), np.int64(3): np.int64(26), np.int64(4): np.int64(25)}","{(0, 1): [(np.int64(27), 23), (23, 20), (20, 22), (22, 24)], (0, 3): [(np.int64(27), 23), (23, 26)], (1, 2): [(np.int64(24), 22), (22, 20)], (2, 4): [(np.int64(20), 22), (22, 25)]}","{(np.int64(0), np.int64(27)): {'cpu': 26}, (np.int64(1), np.int64(24)): {'cpu': 43}, (np.int64(2), np.int64(20)): {'cpu': 35}, (np.int64(3), np.int64(26)): {'cpu': 52}, (np.int64(4), np.int64(25)): {'cpu': 32}}","{((0, 1), (np.int64(27), 23)): {'bw': 69}, ((0, 1), (23, 20)): {'bw': 69}, ((0, 1), (20, 22)): {'bw': 69}, ((0, 1), (22, 24)): {'bw': 69}, ((0, 3), (np.int64(27), 23)): {'bw': 84}, ((0, 3), (23, 26)): {'bw': 84}, ((1, 2), (np.int64(24), 22)): {'bw': 54}, ((1, 2), (22, 20)): {'bw': 54}, ((2, 4), (np.int64(20), 22)): {'bw': 45}, ((2, 4), (22, 25)): {'bw': 45}}",830.0,440.0,2256.0,188.0,252.0,188.0,252.0,188.0,642.0,390.0,0.5301204819277109,245030.76071575138,129895.82495774773,156.50099392499726,Success,0.0,"{'node_level': {}, 'link_level': {}, 'path_level': {}}","{'node_level': {np.int64(0): {'cpu': -29}, np.int64(1): {'cpu': -9}, np.int64(2): {'cpu': -32}, np.int64(3): {'cpu': -24}, np.int64(4): {'cpu': -19}}, 'link_level': {(0, 1): {'bw': -149}, (0, 3): {'bw': -143}, (1, 2): {'bw': -95}, (2, 4): {'bw': -83}}, 'path_level': {(0, 1): {}, (0, 3): {}, (1, 2): {}, (2, 4): {}}}","{'node_level': {np.int64(0): {'cpu': 0}, np.int64(1): {'cpu': 0}, np.int64(2): {'cpu': 0}, np.int64(3): {'cpu': 0}, np.int64(4): {'cpu': 0}}, 'link_level': {(0, 1): {'bw': 0}, (0, 3): {'bw': 0}, (1, 2): {'bw': 0}, (2, 4): {'bw': 0}}, 'path_level': {(0, 1): {}, (0, 3): {}, (1, 2): {}, (2, 4): {}}}",[],-inf,-inf,True,True,False,0,[],0,0.0,5.0,4.0,3
70,7,5,4949.0,10194.0,4291126.926594712,9056018.537223348,0.4854816558760055,0.47384255111191587,30,108,0,621.4670493957474,9163,1384,7779,0.47753869384673464,0.46919140225179123,16,484.4670493957473,137.0,5,6,False,{},{},{},{},0.0,0.0,0.0,0.0,0.0,0.0,0.0,0.0,0.0,0.0,0.0,0.0,0.0,0.0,Leave Event,0.0,"{'node_level': {}, 'link_level': {}, 'path_level': {}}","{'node_level': {}, 'link_level': {}, 'path_level': {}}","{'node_level': {}, 'link_level': {}, 'path_level': {}}",[],-inf,-inf,True,True,False,0,[],0,0.0,,,3
71,7,5,4949.0,10194.0,4291126.926594712,9056018.537223348,0.4854816558760055,0.47384255111191587,30,109,1,632.0,9163,1384,7779,0.47753869384673464,0.46919140225179123,70,556.7161537804143,632.0,5,6,False,{},{},{},{},0.0,0.0,376.0,188.0,578.0,0.0,0.0,0.0,0.0,0.0,0.0,0.0,0.0,0.0,Unknown Reason,0.0,"{'node_level': {}, 'link_level': {}, 'path_level': {}}","{'node_level': {}, 'link_level': {}, 'path_level': {}}","{'node_level': {}, 'link_level': {}, 'path_level': {}}",[],-inf,-inf,True,True,False,0,[],0,0.0,0.0,0.0,3
71,7,5,4949.0,10194.0,4291126.926594712,9056018.537223348,0.4854816558760055,0.47384255111191587,30,110,0,635.1323797488302,9163,1384,7779,0.47753869384673464,0.46919140225179123,18,482.1323797488302,153.0,9,13,False,{},{},{},{},0.0,0.0,0.0,0.0,0.0,0.0,0.0,0.0,0.0,0.0,0.0,0.0,0.0,0.0,Leave Event,0.0,"{'node_level': {}, 'link_level': {}, 'path_level': {}}","{'node_level': {}, 'link_level': {}, 'path_level': {}}","{'node_level': {}, 'link_level': {}, 'path_level': {}}",[],-inf,-inf,True,True,False,0,[],0,0.0,,,3
72,7,5,4949.0,10194.0,4291126.926594712,9056018.537223348,0.4854816558760055,0.47384255111191587,30,111,1,638.0,9163,1384,7779,0.47753869384673464,0.46919140225179123,71,308.43439349217965,638.0,5,7,False,"{0: -1, 1: -1, 2: -1, 3: -1, 4: -1}",{},{},{},0.0,0.0,398.0,199.0,617.0,0.0,0.0,0.0,0.0,0.0,0.0,0.0,0.0,0.0,Unknown Reason,0.0,"{'node_level': {}, 'link_level': {}, 'path_level': {}}","{'node_level': {}, 'link_level': {}, 'path_level': {}}","{'node_level': {}, 'link_level': {}, 'path_level': {}}",[],-inf,-inf,True,True,False,0,[],0,0.0,5.0,0.0,3
73,7,5,4949.0,10194.0,4291126.926594712,9056018.537223348,0.4854816558760055,0.47384255111191587,30,112,1,643.0,9163,1384,7779,0.47753869384673464,0.46919140225179123,72,757.0711899562169,643.0,5,5,False,{},{},{},{},0.0,0.0,376.0,188.0,393.0,0.0,0.0,0.0,0.0,0.0,0.0,0.0,0.0,0.0,Unknown Reason,0.0,"{'node_level': {}, 'link_level': {}, 'path_level': {}}","{'node_level': {}, 'link_level': {}, 'path_level': {}}","{'node_level': {}, 'link_level': {}, 'path_level': {}}",[],-inf,-inf,True,True,False,0,[],0,0.0,0.0,0.0,3
73,7,5,4949.0,10194.0,4291126.926594712,9056018.537223348,0.4854816558760055,0.47384255111191587,30,113,0,643.0878047949546,9163,1384,7779,0.47753869384673464,0.46919140225179123,43,264.08780479495465,379.0,9,21,False,{},{},{},{},0.0,0.0,0.0,0.0,0.0,0.0,0.0,0.0,0.0,0.0,0.0,0.0,0.0,0.0,Leave Event,0.0,"{'node_level': {}, 'link_level': {}, 'path_level': {}}","{'node_level': {}, 'link_level': {}, 'path_level': {}}","{'node_level': {}, 'link_level': {}, 'path_level': {}}",[],-inf,-inf,True,True,False,0,[],0,0.0,,,3
74,7,5,4949.0,10194.0,4291126.926594712,9056018.537223348,0.4854816558760055,0.47384255111191587,30,114,1,651.0,9163,1384,7779,0.47753869384673464,0.46919140225179123,73,60.20554014482442,651.0,7,12,False,"{0: -1, 1: -1, 2: -1, 3: -1, 4: -1, 5: -1, 6: -1}",{},{},{},0.0,0.0,592.0,296.0,1031.0,0.0,0.0,0.0,0.0,0.0,0.0,0.0,0.0,0.0,Unknown Reason,0.0,"{'node_level': {}, 'link_level': {}, 'path_level': {}}","{'node_level': {}, 'link_level': {}, 'path_level': {}}","{'node_level': {}, 'link_level': {}, 'path_level': {}}",[],-inf,-inf,True,True,False,0,[],0,0.0,7.0,0.0,3
75,7,5,4949.0,10194.0,4291126.926594712,9056018.537223348,0.4854816558760055,0.47384255111191587,30,115,1,660.0,9163,1384,7779,0.47753869384673464,0.46919140225179123,74,354.79829551403145,660.0,7,8,False,"{0: -1, 1: -1, 2: -1, 3: -1, 4: -1, 5: -1, 6: -1}",{},{},{},0.0,0.0,606.0,303.0,645.0,0.0,0.0,0.0,0.0,0.0,0.0,0.0,0.0,0.0,Unknown Reason,0.0,"{'node_level': {}, 'link_level': {}, 'path_level': {}}","{'node_level': {}, 'link_level': {}, 'path_level': {}}","{'node_level': {}, 'link_level': {}, 'path_level': {}}",[],-inf,-inf,True,True,False,0,[],0,0.0,7.0,0.0,3
75,7,5,4949.0,10194.0,4291126.926594712,9056018.537223348,0.4854816558760055,0.47384255111191587,30,116,0,671.6841144862909,9163,1384,7779,0.47753869384673464,0.46919140225179123,64,94.68411448629094,577.0,8,15,False,{},{},{},{},0.0,0.0,0.0,0.0,0.0,0.0,0.0,0.0,0.0,0.0,0.0,0.0,0.0,0.0,Leave Event,0.0,"{'node_level': {}, 'link_level': {}, 'path_level': {}}","{'node_level': {}, 'link_level': {}, 'path_level': {}}","{'node_level': {}, 'link_level': {}, 'path_level': {}}",[],-inf,-inf,True,True,False,0,[],0,0.0,,,3
76,7,5,4949.0,10194.0,4291126.926594712,9056018.537223348,0.4854816558760055,0.47384255111191587,30,117,1,672.0,9163,1384,7779,0.47753869384673464,0.46919140225179123,75,1025.8724883723823,672.0,8,13,False,"{0: -1, 1: -1, 2: -1, 3: -1, 4: -1, 5: -1, 6: -1, 7: -1}",{},{},{},0.0,0.0,558.0,279.0,1051.0,0.0,0.0,0.0,0.0,0.0,0.0,0.0,0.0,0.0,Unknown Reason,0.0,"{'node_level': {}, 'link_level': {}, 'path_level': {}}","{'node_level': {}, 'link_level': {}, 'path_level': {}}","{'node_level': {}, 'link_level': {}, 'path_level': {}}",[],-inf,-inf,True,True,False,0,[],0,0.0,8.0,0.0,3
76,7,5,4949.0,10194.0,4291126.926594712,9056018.537223348,0.4854816558760055,0.47384255111191587,30,118,0,674.5614084468434,9163,1384,7779,0.47753869384673464,0.46919140225179123,56,174.56140844684336,500.0,10,23,False,{},{},{},{},0.0,0.0,0.0,0.0,0.0,0.0,0.0,0.0,0.0,0.0,0.0,0.0,0.0,0.0,Leave Event,0.0,"{'node_level': {}, 'link_level': {}, 'path_level': {}}","{'node_level': {}, 'link_level': {}, 'path_level': {}}","{'node_level': {}, 'link_level': {}, 'path_level': {}}",[],-inf,-inf,True,True,False,0,[],0,0.0,,,3
77,8,6,5525.0,11324.0,5047003.836251851,10538902.05790489,0.4879018014835747,0.47889275453188757,31,119,1,681.0,8033,1166,6867,0.5598338995847489,0.5314227226202661,76,1312.2863014880895,681.0,5,5,True,"{np.int64(0): np.int64(11), np.int64(1): np.int64(23), np.int64(2): np.int64(2), np.int64(3): np.int64(21), np.int64(4): np.int64(6)}","{(0, 2): [(np.int64(11), 7), (7, 5), (5, 2)], (0, 3): [(np.int64(11), 7), (7, 5), (5, 3), (3, 21)], (0, 4): [(np.int64(11), 7), (7, 4), (4, 6)], (1, 2): [(np.int64(23), 21), (21, 2)], (1, 3): [(np.int64(23), 21)]}","{(np.int64(0), np.int64(11)): {'cpu': 30}, (np.int64(1), np.int64(23)): {'cpu': 52}, (np.int64(2), np.int64(2)): {'cpu': 32}, (np.int64(3), np.int64(21)): {'cpu': 53}, (np.int64(4), np.int64(6)): {'cpu': 51}}","{((0, 2), (np.int64(11), 7)): {'bw': 113}, ((0, 2), (7, 5)): {'bw': 113}, ((0, 2), (5, 2)): {'bw': 113}, ((0, 3), (np.int64(11), 7)): {'bw': 45}, ((0, 3), (7, 5)): {'bw': 45}, ((0, 3), (5, 3)): {'bw': 45}, ((0, 3), (3, 21)): {'bw': 45}, ((0, 4), (np.int64(11), 7)): {'bw': 54}, ((0, 4), (7, 4)): {'bw': 54}, ((0, 4), (4, 6)): {'bw': 54}, ((1, 2), (np.int64(23), 21)): {'bw': 85}, ((1, 2), (21, 2)): {'bw': 85}, ((1, 3), (np.int64(23), 21)): {'bw': 61}}",1130.0,576.0,1744.0,218.0,358.0,218.0,358.0,218.0,912.0,554.0,0.5097345132743363,1482883.5206815412,755876.9096571396,668.9176191656102,Success,0.0,"{'node_level': {}, 'link_level': {}, 'path_level': {}}","{'node_level': {np.int64(0): {'cpu': -41}, np.int64(1): {'cpu': 0}, np.int64(2): {'cpu': -21}, np.int64(3): {'cpu': -23}, np.int64(4): {'cpu': -18}}, 'link_level': {(0, 2): {'bw': -40}, (0, 3): {'bw': -59}, (0, 4): {'bw': -7}, (1, 2): {'bw': -143}, (1, 3): {'bw': -198}}, 'path_level': {(0, 2): {}, (0, 3): {}, (0, 4): {}, (1, 2): {}, (1, 3): {}}}","{'node_level': {np.int64(0): {'cpu': 0}, np.int64(1): {'cpu': 0}, np.int64(2): {'cpu': 0}, np.int64(3): {'cpu': 0}, np.int64(4): {'cpu': 0}}, 'link_level': {(0, 2): {'bw': 0}, (0, 3): {'bw': 0}, (0, 4): {'bw': 0}, (1, 2): {'bw': 0}, (1, 3): {'bw': 0}}, 'path_level': {(0, 2): {}, (0, 3): {}, (0, 4): {}, (1, 2): {}, (1, 3): {}}}",[],-inf,-inf,True,True,False,0,[],0,0.0,5.0,5.0,3
78,8,6,5525.0,11324.0,5047003.836251851,10538902.05790489,0.4879018014835747,0.47889275453188757,31,120,1,688.0,8033,1166,6867,0.5598338995847489,0.5314227226202661,77,124.44632329109982,688.0,10,17,False,"{0: -1, 1: -1, 2: -1, 3: -1, 4: -1, 5: -1, 6: -1, 7: -1, 8: -1, 9: -1}",{},{},{},0.0,0.0,832.0,416.0,1193.0,0.0,0.0,0.0,0.0,0.0,0.0,0.0,0.0,0.0,Unknown Reason,0.0,"{'node_level': {}, 'link_level': {}, 'path_level': {}}","{'node_level': {}, 'link_level': {}, 'path_level': {}}","{'node_level': {}, 'link_level': {}, 'path_level': {}}",[],-inf,-inf,True,True,False,0,[],0,0.0,10.0,0.0,3
79,8,6,5525.0,11324.0,5047003.836251851,10538902.05790489,0.4879018014835747,0.47889275453188757,31,121,1,693.0,8033,1166,6867,0.5598338995847489,0.5314227226202661,78,145.12956347279084,693.0,10,22,False,"{0: -1, 1: -1, 2: -1, 3: -1, 4: -1, 5: -1, 6: -1, 7: -1, 8: -1, 9: -1}",{},{},{},0.0,0.0,936.0,468.0,1744.0,0.0,0.0,0.0,0.0,0.0,0.0,0.0,0.0,0.0,Unknown Reason,0.0,"{'node_level': {}, 'link_level': {}, 'path_level': {}}","{'node_level': {}, 'link_level': {}, 'path_level': {}}","{'node_level': {}, 'link_level': {}, 'path_level': {}}",[],-inf,-inf,True,True,False,0,[],0,0.0,10.0,0.0,3
79,8,6,5525.0,11324.0,5047003.836251851,10538902.05790489,0.4879018014835747,0.47889275453188757,31,122,0,697.5685729522655,8033,1166,6867,0.5598338995847489,0.5314227226202661,32,431.5685729522655,266.0,6,7,False,{},{},{},{},0.0,0.0,0.0,0.0,0.0,0.0,0.0,0.0,0.0,0.0,0.0,0.0,0.0,0.0,Leave Event,0.0,"{'node_level': {}, 'link_level': {}, 'path_level': {}}","{'node_level': {}, 'link_level': {}, 'path_level': {}}","{'node_level': {}, 'link_level': {}, 'path_level': {}}",[],-inf,-inf,True,True,False,0,[],0,0.0,,,3
80,8,6,5525.0,11324.0,5047003.836251851,10538902.05790489,0.4879018014835747,0.47889275453188757,31,123,1,707.0,8033,1166,6867,0.5598338995847489,0.5314227226202661,79,1171.7685042736523,707.0,5,4,False,"{0: -1, 1: -1, 2: -1, 3: -1, 4: -1}",{},{},{},0.0,0.0,332.0,166.0,303.0,0.0,0.0,0.0,0.0,0.0,0.0,0.0,0.0,0.0,Unknown Reason,0.0,"{'node_level': {}, 'link_level': {}, 'path_level': {}}","{'node_level': {}, 'link_level': {}, 'path_level': {}}","{'node_level': {}, 'link_level': {}, 'path_level': {}}",[],-inf,-inf,True,True,False,0,[],0,0.0,5.0,0.0,3
80,8,6,5525.0,11324.0,5047003.836251851,10538902.05790489,0.4879018014835747,0.47889275453188757,31,124,0,711.2055401448245,8033,1166,6867,0.5598338995847489,0.5314227226202661,73,60.20554014482442,651.0,7,12,False,{},{},{},{},0.0,0.0,0.0,0.0,0.0,0.0,0.0,0.0,0.0,0.0,0.0,0.0,0.0,0.0,Leave Event,0.0,"{'node_level': {}, 'link_level': {}, 'path_level': {}}","{'node_level': {}, 'link_level': {}, 'path_level': {}}","{'node_level': {}, 'link_level': {}, 'path_level': {}}",[],-inf,-inf,True,True,False,0,[],0,0.0,,,3
81,8,6,5525.0,11324.0,5047003.836251851,10538902.05790489,0.4879018014835747,0.47889275453188757,31,125,1,712.0,8033,1166,6867,0.5598338995847489,0.5314227226202661,80,211.9550927632243,712.0,10,28,False,"{0: -1, 1: -1, 2: -1, 3: -1, 4: -1, 5: -1, 6: -1, 7: -1, 8: -1, 9: -1}",{},{},{},0.0,0.0,864.0,432.0,2363.0,0.0,0.0,0.0,0.0,0.0,0.0,0.0,0.0,0.0,Unknown Reason,0.0,"{'node_level': {}, 'link_level': {}, 'path_level': {}}","{'node_level': {}, 'link_level': {}, 'path_level': {}}","{'node_level': {}, 'link_level': {}, 'path_level': {}}",[],-inf,-inf,True,True,False,0,[],0,0.0,10.0,0.0,3
82,8,6,5525.0,11324.0,5047003.836251851,10538902.05790489,0.4879018014835747,0.47889275453188757,31,126,1,718.0,8033,1166,6867,0.5598338995847489,0.5314227226202661,81,29.2769386077246,718.0,6,5,False,"{0: -1, 1: -1, 2: -1, 3: -1, 4: -1, 5: -1}",{},{},{},0.0,0.0,504.0,252.0,335.0,0.0,0.0,0.0,0.0,0.0,0.0,0.0,0.0,0.0,Unknown Reason,0.0,"{'node_level': {}, 'link_level': {}, 'path_level': {}}","{'node_level': {}, 'link_level': {}, 'path_level': {}}","{'node_level': {}, 'link_level': {}, 'path_level': {}}",[],-inf,-inf,True,True,False,0,[],0,0.0,6.0,0.0,3
82,8,6,5525.0,11324.0,5047003.836251851,10538902.05790489,0.4879018014835747,0.47889275453188757,31,127,0,724.0129964594614,8033,1166,6867,0.5598338995847489,0.5314227226202661,51,270.0129964594614,454.0,7,9,False,{},{},{},{},0.0,0.0,0.0,0.0,0.0,0.0,0.0,0.0,0.0,0.0,0.0,0.0,0.0,0.0,Leave Event,0.0,"{'node_level': {}, 'link_level': {}, 'path_level': {}}","{'node_level': {}, 'link_level': {}, 'path_level': {}}","{'node_level': {}, 'link_level': {}, 'path_level': {}}",[],-inf,-inf,True,True,False,0,[],0,0.0,,,3
83,8,6,5525.0,11324.0,5047003.836251851,10538902.05790489,0.4879018014835747,0.47889275453188757,31,128,1,727.0,8033,1166,6867,0.5598338995847489,0.5314227226202661,82,627.4342680199173,727.0,9,17,False,"{0: -1, 1: -1, 2: -1, 3: -1, 4: -1, 5: -1, 6: -1, 7: -1, 8: -1}",{},{},{},0.0,0.0,640.0,320.0,1382.0,0.0,0.0,0.0,0.0,0.0,0.0,0.0,0.0,0.0,Unknown Reason,0.0,"{'node_level': {}, 'link_level': {}, 'path_level': {}}","{'node_level': {}, 'link_level': {}, 'path_level': {}}","{'node_level': {}, 'link_level': {}, 'path_level': {}}",[],-inf,-inf,True,True,False,0,[],0,0.0,9.0,0.0,3
84,8,6,5525.0,11324.0,5047003.836251851,10538902.05790489,0.4879018014835747,0.47889275453188757,31,129,1,729.0,8033,1166,6867,0.5598338995847489,0.5314227226202661,83,267.57526084600323,729.0,6,9,False,"{0: -1, 1: -1, 2: -1, 3: -1, 4: -1, 5: -1}",{},{},{},0.0,0.0,592.0,296.0,664.0,0.0,0.0,0.0,0.0,0.0,0.0,0.0,0.0,0.0,Unknown Reason,0.0,"{'node_level': {}, 'link_level': {}, 'path_level': {}}","{'node_level': {}, 'link_level': {}, 'path_level': {}}","{'node_level': {}, 'link_level': {}, 'path_level': {}}",[],-inf,-inf,True,True,False,0,[],0,0.0,6.0,0.0,3
85,8,6,5525.0,11324.0,5047003.836251851,10538902.05790489,0.4879018014835747,0.47889275453188757,31,130,1,739.0,8033,1166,6867,0.5598338995847489,0.5314227226202661,84,664.6247754682353,739.0,9,22,False,"{0: -1, 1: -1, 2: -1, 3: -1, 4: -1, 5: -1, 6: -1, 7: -1, 8: -1}",{},{},{},0.0,0.0,770.0,385.0,1585.0,0.0,0.0,0.0,0.0,0.0,0.0,0.0,0.0,0.0,Unknown Reason,0.0,"{'node_level': {}, 'link_level': {}, 'path_level': {}}","{'node_level': {}, 'link_level': {}, 'path_level': {}}","{'node_level': {}, 'link_level': {}, 'path_level': {}}",[],-inf,-inf,True,True,False,0,[],0,0.0,9.0,0.0,3
85,8,6,5525.0,11324.0,5047003.836251851,10538902.05790489,0.4879018014835747,0.47889275453188757,31,131,0,747.2769386077246,8033,1166,6867,0.5598338995847489,0.5314227226202661,81,29.2769386077246,718.0,6,5,False,{},{},{},{},0.0,0.0,0.0,0.0,0.0,0.0,0.0,0.0,0.0,0.0,0.0,0.0,0.0,0.0,Leave Event,0.0,"{'node_level': {}, 'link_level': {}, 'path_level': {}}","{'node_level': {}, 'link_level': {}, 'path_level': {}}","{'node_level': {}, 'link_level': {}, 'path_level': {}}",[],-inf,-inf,True,True,False,0,[],0,0.0,,,3
86,8,6,5525.0,11324.0,5047003.836251851,10538902.05790489,0.4879018014835747,0.47889275453188757,31,132,1,749.0,8033,1166,6867,0.5598338995847489,0.5314227226202661,85,324.17451880825666,749.0,7,14,False,"{0: -1, 1: -1, 2: -1, 3: -1, 4: -1, 5: -1, 6: -1}",{},{},{},0.0,0.0,614.0,307.0,1239.0,0.0,0.0,0.0,0.0,0.0,0.0,0.0,0.0,0.0,Unknown Reason,0.0,"{'node_level': {}, 'link_level': {}, 'path_level': {}}","{'node_level': {}, 'link_level': {}, 'path_level': {}}","{'node_level': {}, 'link_level': {}, 'path_level': {}}",[],-inf,-inf,True,True,False,0,[],0,0.0,7.0,0.0,3
87,8,6,5525.0,11324.0,5047003.836251851,10538902.05790489,0.4879018014835747,0.47889275453188757,31,133,1,759.0,8033,1166,6867,0.5598338995847489,0.5314227226202661,86,347.1394648096214,759.0,7,13,False,"{0: -1, 1: -1, 2: -1, 3: -1, 4: -1, 5: -1, 6: -1}",{},{},{},0.0,0.0,576.0,288.0,981.0,0.0,0.0,0.0,0.0,0.0,0.0,0.0,0.0,0.0,Unknown Reason,0.0,"{'node_level': {}, 'link_level': {}, 'path_level': {}}","{'node_level': {}, 'link_level': {}, 'path_level': {}}","{'node_level': {}, 'link_level': {}, 'path_level': {}}",[],-inf,-inf,True,True,False,0,[],0,0.0,7.0,0.0,3
88,8,6,5525.0,11324.0,5047003.836251851,10538902.05790489,0.4879018014835747,0.47889275453188757,31,134,1,766.0,8033,1166,6867,0.5598338995847489,0.5314227226202661,87,270.2661915770329,766.0,9,22,False,"{0: -1, 1: -1, 2: -1, 3: -1, 4: -1, 5: -1, 6: -1, 7: -1, 8: -1}",{},{},{},0.0,0.0,764.0,382.0,1760.0,0.0,0.0,0.0,0.0,0.0,0.0,0.0,0.0,0.0,Unknown Reason,0.0,"{'node_level': {}, 'link_level': {}, 'path_level': {}}","{'node_level': {}, 'link_level': {}, 'path_level': {}}","{'node_level': {}, 'link_level': {}, 'path_level': {}}",[],-inf,-inf,True,True,False,0,[],0,0.0,9.0,0.0,3
89,8,6,5525.0,11324.0,5047003.836251851,10538902.05790489,0.4879018014835747,0.47889275453188757,31,135,1,774.0,8033,1166,6867,0.5598338995847489,0.5314227226202661,88,171.58674721351258,774.0,9,20,False,"{0: -1, 1: -1, 2: -1, 3: -1, 4: -1, 5: -1, 6: -1, 7: -1, 8: -1}",{},{},{},0.0,0.0,724.0,362.0,1608.0,0.0,0.0,0.0,0.0,0.0,0.0,0.0,0.0,0.0,Unknown Reason,0.0,"{'node_level': {}, 'link_level': {}, 'path_level': {}}","{'node_level': {}, 'link_level': {}, 'path_level': {}}","{'node_level': {}, 'link_level': {}, 'path_level': {}}",[],-inf,-inf,True,True,False,0,[],0,0.0,9.0,0.0,3
89,8,6,5525.0,11324.0,5047003.836251851,10538902.05790489,0.4879018014835747,0.47889275453188757,31,136,0,776.4133811149629,8033,1166,6867,0.5598338995847489,0.5314227226202661,38,454.413381114963,322.0,8,16,False,{},{},{},{},0.0,0.0,0.0,0.0,0.0,0.0,0.0,0.0,0.0,0.0,0.0,0.0,0.0,0.0,Leave Event,0.0,"{'node_level': {}, 'link_level': {}, 'path_level': {}}","{'node_level': {}, 'link_level': {}, 'path_level': {}}","{'node_level': {}, 'link_level': {}, 'path_level': {}}",[],-inf,-inf,True,True,False,0,[],0,0.0,,,3
90,8,6,5525.0,11324.0,5047003.836251851,10538902.05790489,0.4879018014835747,0.47889275453188757,31,137,1,783.0,8033,1166,6867,0.5598338995847489,0.5314227226202661,89,1154.8595769365904,783.0,7,8,False,"{0: -1, 1: -1, 2: -1, 3: -1, 4: -1, 5: -1, 6: -1}",{},{},{},0.0,0.0,514.0,257.0,601.0,0.0,0.0,0.0,0.0,0.0,0.0,0.0,0.0,0.0,Unknown Reason,0.0,"{'node_level': {}, 'link_level': {}, 'path_level': {}}","{'node_level': {}, 'link_level': {}, 'path_level': {}}","{'node_level': {}, 'link_level': {}, 'path_level': {}}",[],-inf,-inf,True,True,False,0,[],0,0.0,7.0,0.0,3
91,8,6,5525.0,11324.0,5047003.836251851,10538902.05790489,0.4879018014835747,0.47889275453188757,31,138,1,791.0,8033,1166,6867,0.5598338995847489,0.5314227226202661,90,552.4976755453773,791.0,5,6,False,"{0: -1, 1: -1, 2: -1, 3: -1, 4: -1}",{},{},{},0.0,0.0,414.0,207.0,566.0,0.0,0.0,0.0,0.0,0.0,0.0,0.0,0.0,0.0,Unknown Reason,0.0,"{'node_level': {}, 'link_level': {}, 'path_level': {}}","{'node_level': {}, 'link_level': {}, 'path_level': {}}","{'node_level': {}, 'link_level': {}, 'path_level': {}}",[],-inf,-inf,True,True,False,0,[],0,0.0,5.0,0.0,3
92,8,6,5525.0,11324.0,5047003.836251851,10538902.05790489,0.4879018014835747,0.47889275453188757,31,139,1,801.0,8033,1166,6867,0.5598338995847489,0.5314227226202661,91,777.5514398528638,801.0,9,17,False,"{0: -1, 1: -1, 2: -1, 3: -1, 4: -1, 5: -1, 6: -1, 7: -1, 8: -1}",{},{},{},0.0,0.0,602.0,301.0,1426.0,0.0,0.0,0.0,0.0,0.0,0.0,0.0,0.0,0.0,Unknown Reason,0.0,"{'node_level': {}, 'link_level': {}, 'path_level': {}}","{'node_level': {}, 'link_level': {}, 'path_level': {}}","{'node_level': {}, 'link_level': {}, 'path_level': {}}",[],-inf,-inf,True,True,False,0,[],0,0.0,9.0,0.0,3
93,8,6,5525.0,11324.0,5047003.836251851,10538902.05790489,0.4879018014835747,0.47889275453188757,31,140,1,811.0,8033,1166,6867,0.5598338995847489,0.5314227226202661,92,1130.431501087978,811.0,5,7,False,"{0: -1, 1: -1, 2: -1, 3: -1, 4: -1}",{},{},{},0.0,0.0,394.0,197.0,642.0,0.0,0.0,0.0,0.0,0.0,0.0,0.0,0.0,0.0,Unknown Reason,0.0,"{'node_level': {}, 'link_level': {}, 'path_level': {}}","{'node_level': {}, 'link_level': {}, 'path_level': {}}","{'node_level': {}, 'link_level': {}, 'path_level': {}}",[],-inf,-inf,True,True,False,0,[],0,0.0,5.0,0.0,3
93,8,6,5525.0,11324.0,5047003.836251851,10538902.05790489,0.4879018014835747,0.47889275453188757,31,141,0,812.4463232910998,8033,1166,6867,0.5598338995847489,0.5314227226202661,77,124.44632329109982,688.0,10,17,False,{},{},{},{},0.0,0.0,0.0,0.0,0.0,0.0,0.0,0.0,0.0,0.0,0.0,0.0,0.0,0.0,Leave Event,0.0,"{'node_level': {}, 'link_level': {}, 'path_level': {}}","{'node_level': {}, 'link_level': {}, 'path_level': {}}","{'node_level': {}, 'link_level': {}, 'path_level': {}}",[],-inf,-inf,True,True,False,0,[],0,0.0,,,3
93,8,6,5525.0,11324.0,5047003.836251851,10538902.05790489,0.4879018014835747,0.47889275453188757,31,142,0,816.9393153175097,8033,1166,6867,0.5598338995847489,0.5314227226202661,30,568.9393153175097,248.0,10,21,False,{},{},{},{},0.0,0.0,0.0,0.0,0.0,0.0,0.0,0.0,0.0,0.0,0.0,0.0,0.0,0.0,Leave Event,0.0,"{'node_level': {}, 'link_level': {}, 'path_level': {}}","{'node_level': {}, 'link_level': {}, 'path_level': {}}","{'node_level': {}, 'link_level': {}, 'path_level': {}}",[],-inf,-inf,True,True,False,0,[],0,0.0,,,3
94,8,6,5525.0,11324.0,5047003.836251851,10538902.05790489,0.4879018014835747,0.47889275453188757,31,143,1,820.0,8033,1166,6867,0.5598338995847489,0.5314227226202661,93,143.9670136877853,820.0,8,8,False,"{0: -1, 1: -1, 2: -1, 3: -1, 4: -1, 5: -1, 6: -1, 7: -1}",{},{},{},0.0,0.0,602.0,301.0,553.0,0.0,0.0,0.0,0.0,0.0,0.0,0.0,0.0,0.0,Unknown Reason,0.0,"{'node_level': {}, 'link_level': {}, 'path_level': {}}","{'node_level': {}, 'link_level': {}, 'path_level': {}}","{'node_level': {}, 'link_level': {}, 'path_level': {}}",[],-inf,-inf,True,True,False,0,[],0,0.0,8.0,0.0,3
95,8,6,5525.0,11324.0,5047003.836251851,10538902.05790489,0.4879018014835747,0.47889275453188757,31,144,1,825.0,8033,1166,6867,0.5598338995847489,0.5314227226202661,94,1261.7444146115831,825.0,7,11,False,"{0: -1, 1: -1, 2: -1, 3: -1, 4: -1, 5: -1, 6: -1}",{},{},{},0.0,0.0,554.0,277.0,748.0,0.0,0.0,0.0,0.0,0.0,0.0,0.0,0.0,0.0,Unknown Reason,0.0,"{'node_level': {}, 'link_level': {}, 'path_level': {}}","{'node_level': {}, 'link_level': {}, 'path_level': {}}","{'node_level': {}, 'link_level': {}, 'path_level': {}}",[],-inf,-inf,True,True,False,0,[],0,0.0,7.0,0.0,3
96,8,6,5525.0,11324.0,5047003.836251851,10538902.05790489,0.4879018014835747,0.47889275453188757,31,145,1,831.0,8033,1166,6867,0.5598338995847489,0.5314227226202661,95,992.4479625253966,831.0,5,5,False,"{0: -1, 1: -1, 2: -1, 3: -1, 4: -1}",{},{},{},0.0,0.0,290.0,145.0,421.0,0.0,0.0,0.0,0.0,0.0,0.0,0.0,0.0,0.0,Unknown Reason,0.0,"{'node_level': {}, 'link_level': {}, 'path_level': {}}","{'node_level': {}, 'link_level': {}, 'path_level': {}}","{'node_level': {}, 'link_level': {}, 'path_level': {}}",[],-inf,-inf,True,True,False,0,[],0,0.0,5.0,0.0,3
97,8,6,5525.0,11324.0,5047003.836251851,10538902.05790489,0.4879018014835747,0.47889275453188757,31,146,1,837.0,8033,1166,6867,0.5598338995847489,0.5314227226202661,96,352.6961860426115,837.0,9,10,False,"{0: -1, 1: -1, 2: -1, 3: -1, 4: -1, 5: -1, 6: -1, 7: -1, 8: -1}",{},{},{},0.0,0.0,784.0,392.0,711.0,0.0,0.0,0.0,0.0,0.0,0.0,0.0,0.0,0.0,Unknown Reason,0.0,"{'node_level': {}, 'link_level': {}, 'path_level': {}}","{'node_level': {}, 'link_level': {}, 'path_level': {}}","{'node_level': {}, 'link_level': {}, 'path_level': {}}",[],-inf,-inf,True,True,False,0,[],0,0.0,9.0,0.0,3
97,8,6,5525.0,11324.0,5047003.836251851,10538902.05790489,0.4879018014835747,0.47889275453188757,31,147,0,838.1295634727908,8033,1166,6867,0.5598338995847489,0.5314227226202661,78,145.12956347279084,693.0,10,22,False,{},{},{},{},0.0,0.0,0.0,0.0,0.0,0.0,0.0,0.0,0.0,0.0,0.0,0.0,0.0,0.0,Leave Event,0.0,"{'node_level': {}, 'link_level': {}, 'path_level': {}}","{'node_level': {}, 'link_level': {}, 'path_level': {}}","{'node_level': {}, 'link_level': {}, 'path_level': {}}",[],-inf,-inf,True,True,False,0,[],0,0.0,,,3
98,8,6,5525.0,11324.0,5047003.836251851,10538902.05790489,0.4879018014835747,0.47889275453188757,31,148,1,844.0,8033,1166,6867,0.5598338995847489,0.5314227226202661,97,419.5516338165015,844.0,8,11,False,"{0: -1, 1: -1, 2: -1, 3: -1, 4: -1, 5: -1, 6: -1, 7: -1}",{},{},{},0.0,0.0,596.0,298.0,764.0,0.0,0.0,0.0,0.0,0.0,0.0,0.0,0.0,0.0,Unknown Reason,0.0,"{'node_level': {}, 'link_level': {}, 'path_level': {}}","{'node_level': {}, 'link_level': {}, 'path_level': {}}","{'node_level': {}, 'link_level': {}, 'path_level': {}}",[],-inf,-inf,True,True,False,0,[],0,0.0,8.0,0.0,3
98,8,6,5525.0,11324.0,5047003.836251851,10538902.05790489,0.4879018014835747,0.47889275453188757,31,149,0,845.5856294806697,8033,1166,6867,0.5598338995847489,0.5314227226202661,48,418.58562948066964,427.0,5,5,False,{},{},{},{},0.0,0.0,0.0,0.0,0.0,0.0,0.0,0.0,0.0,0.0,0.0,0.0,0.0,0.0,Leave Event,0.0,"{'node_level': {}, 'link_level': {}, 'path_level': {}}","{'node_level': {}, 'link_level': {}, 'path_level': {}}","{'node_level': {}, 'link_level': {}, 'path_level': {}}",[],-inf,-inf,True,True,False,0,[],0,0.0,,,3
99,8,6,5525.0,11324.0,5047003.836251851,10538902.05790489,0.4879018014835747,0.47889275453188757,31,150,1,856.0,8033,1166,6867,0.5598338995847489,0.5314227226202661,98,61.045534857622236,856.0,6,10,False,"{0: -1, 1: -1, 2: -1, 3: -1, 4: -1, 5: -1}",{},{},{},0.0,0.0,568.0,284.0,677.0,0.0,0.0,0.0,0.0,0.0,0.0,0.0,0.0,0.0,Unknown Reason,0.0,"{'node_level': {}, 'link_level': {}, 'path_level': {}}","{'node_level': {}, 'link_level': {}, 'path_level': {}}","{'node_level': {}, 'link_level': {}, 'path_level': {}}",[],-inf,-inf,True,True,False,0,[],0,0.0,6.0,0.0,3
99,8,6,5525.0,11324.0,5047003.836251851,10538902.05790489,0.4879018014835747,0.47889275453188757,31,151,0,856.7417668668168,8033,1166,6867,0.5598338995847489,0.5314227226202661,59,328.74176686681676,528.0,6,11,False,{},{},{},{},0.0,0.0,0.0,0.0,0.0,0.0,0.0,0.0,0.0,0.0,0.0,0.0,0.0,0.0,Leave Event,0.0,"{'node_level': {}, 'link_level': {}, 'path_level': {}}","{'node_level': {}, 'link_level': {}, 'path_level': {}}","{'node_level': {}, 'link_level': {}, 'path_level': {}}",[],-inf,-inf,True,True,False,0,[],0,0.0,,,3
100,8,6,5525.0,11324.0,5047003.836251851,10538902.05790489,0.4879018014835747,0.47889275453188757,31,152,1,863.0,8033,1166,6867,0.5598338995847489,0.5314227226202661,99,717.9857244161908,863.0,10,22,False,"{0: -1, 1: -1, 2: -1, 3: -1, 4: -1, 5: -1, 6: -1, 7: -1, 8: -1, 9: -1}",{},{},{},0.0,0.0,862.0,431.0,1798.0,0.0,0.0,0.0,0.0,0.0,0.0,0.0,0.0,0.0,Unknown Reason,0.0,"{'node_level': {}, 'link_level': {}, 'path_level': {}}","{'node_level': {}, 'link_level': {}, 'path_level': {}}","{'node_level': {}, 'link_level': {}, 'path_level': {}}",[],-inf,-inf,True,True,False,0,[],0,0.0,10.0,0.0,3
100,8,6,5525.0,11324.0,5047003.836251851,10538902.05790489,0.4879018014835747,0.47889275453188757,31,153,0,863.3366162317749,8033,1166,6867,0.5598338995847489,0.5314227226202661,33,593.3366162317749,270.0,10,25,False,{},{},{},{},0.0,0.0,0.0,0.0,0.0,0.0,0.0,0.0,0.0,0.0,0.0,0.0,0.0,0.0,Leave Event,0.0,"{'node_level': {}, 'link_level': {}, 'path_level': {}}","{'node_level': {}, 'link_level': {}, 'path_level': {}}","{'node_level': {}, 'link_level': {}, 'path_level': {}}",[],-inf,-inf,True,True,False,0,[],0,0.0,,,3
100,8,6,5525.0,11324.0,5047003.836251851,10538902.05790489,0.4879018014835747,0.47889275453188757,31,154,0,869.3924162815804,8033,1166,6867,0.5598338995847489,0.5314227226202661,62,313.3924162815803,556.0,10,21,False,{},{},{},{},0.0,0.0,0.0,0.0,0.0,0.0,0.0,0.0,0.0,0.0,0.0,0.0,0.0,0.0,Leave Event,0.0,"{'node_level': {}, 'link_level': {}, 'path_level': {}}","{'node_level': {}, 'link_level': {}, 'path_level': {}}","{'node_level': {}, 'link_level': {}, 'path_level': {}}",[],-inf,-inf,True,True,False,0,[],0,0.0,,,3
101,8,6,5525.0,11324.0,5047003.836251851,10538902.05790489,0.4879018014835747,0.47889275453188757,31,155,1,872.0,8033,1166,6867,0.5598338995847489,0.5314227226202661,100,95.11134868989363,872.0,6,7,False,"{0: -1, 1: -1, 2: -1, 3: -1, 4: -1, 5: -1}",{},{},{},0.0,0.0,506.0,253.0,578.0,0.0,0.0,0.0,0.0,0.0,0.0,0.0,0.0,0.0,Unknown Reason,0.0,"{'node_level': {}, 'link_level': {}, 'path_level': {}}","{'node_level': {}, 'link_level': {}, 'path_level': {}}","{'node_level': {}, 'link_level': {}, 'path_level': {}}",[],-inf,-inf,True,True,False,0,[],0,0.0,6.0,0.0,3
102,8,6,5525.0,11324.0,5047003.836251851,10538902.05790489,0.4879018014835747,0.47889275453188757,31,156,1,880.0,8033,1166,6867,0.5598338995847489,0.5314227226202661,101,381.6089317019422,880.0,5,7,False,"{0: -1, 1: -1, 2: -1, 3: -1, 4: -1}",{},{},{},0.0,0.0,352.0,176.0,544.0,0.0,0.0,0.0,0.0,0.0,0.0,0.0,0.0,0.0,Unknown Reason,0.0,"{'node_level': {}, 'link_level': {}, 'path_level': {}}","{'node_level': {}, 'link_level': {}, 'path_level': {}}","{'node_level': {}, 'link_level': {}, 'path_level': {}}",[],-inf,-inf,True,True,False,0,[],0,0.0,5.0,0.0,3
103,8,6,5525.0,11324.0,5047003.836251851,10538902.05790489,0.4879018014835747,0.47889275453188757,31,157,1,888.0,8033,1166,6867,0.5598338995847489,0.5314227226202661,102,67.58768888749623,888.0,5,4,False,{},{},{},{},0.0,0.0,288.0,144.0,277.0,0.0,0.0,0.0,0.0,0.0,0.0,0.0,0.0,0.0,Unknown Reason,0.0,"{'node_level': {}, 'link_level': {}, 'path_level': {}}","{'node_level': {}, 'link_level': {}, 'path_level': {}}","{'node_level': {}, 'link_level': {}, 'path_level': {}}",[],-inf,-inf,True,True,False,0,[],0,0.0,0.0,0.0,3
104,8,6,5525.0,11324.0,5047003.836251851,10538902.05790489,0.4879018014835747,0.47889275453188757,31,158,1,895.0,8033,1166,6867,0.5598338995847489,0.5314227226202661,103,37.856141114457934,895.0,10,19,False,"{0: -1, 1: -1, 2: -1, 3: -1, 4: -1, 5: -1, 6: -1, 7: -1, 8: -1, 9: -1}",{},{},{},0.0,0.0,710.0,355.0,1611.0,0.0,0.0,0.0,0.0,0.0,0.0,0.0,0.0,0.0,Unknown Reason,0.0,"{'node_level': {}, 'link_level': {}, 'path_level': {}}","{'node_level': {}, 'link_level': {}, 'path_level': {}}","{'node_level': {}, 'link_level': {}, 'path_level': {}}",[],-inf,-inf,True,True,False,0,[],0,0.0,10.0,0.0,3
105,8,6,5525.0,11324.0,5047003.836251851,10538902.05790489,0.4879018014835747,0.47889275453188757,31,159,1,906.0,8033,1166,6867,0.5598338995847489,0.5314227226202661,104,469.5589550530273,906.0,5,5,False,"{0: -1, 1: -1, 2: -1, 3: -1, 4: -1}",{},{},{},0.0,0.0,404.0,202.0,366.0,0.0,0.0,0.0,0.0,0.0,0.0,0.0,0.0,0.0,Unknown Reason,0.0,"{'node_level': {}, 'link_level': {}, 'path_level': {}}","{'node_level': {}, 'link_level': {}, 'path_level': {}}","{'node_level': {}, 'link_level': {}, 'path_level': {}}",[],-inf,-inf,True,True,False,0,[],0,0.0,5.0,0.0,3
105,8,5,5525.0,11324.0,5047003.836251851,10538902.05790489,0.4879018014835747,0.47889275453188757,31,160,0,907.0490146845523,9118,1468,7650,0.44582861457153644,0.4779938587512794,2,883.0490146845523,24.0,6,5,False,{},{},{},{},0.0,0.0,0.0,0.0,0.0,0.0,0.0,0.0,0.0,0.0,0.0,0.0,0.0,0.0,Leave Event,0.0,"{'node_level': {}, 'link_level': {}, 'path_level': {}}","{'node_level': {}, 'link_level': {}, 'path_level': {}}","{'node_level': {}, 'link_level': {}, 'path_level': {}}",[],-inf,-inf,True,True,False,0,[],0,0.0,,,3
105,8,5,5525.0,11324.0,5047003.836251851,10538902.05790489,0.4879018014835747,0.47889275453188757,31,161,0,907.8518356433432,9118,1468,7650,0.44582861457153644,0.4779938587512794,49,472.8518356433432,435.0,5,4,False,{},{},{},{},0.0,0.0,0.0,0.0,0.0,0.0,0.0,0.0,0.0,0.0,0.0,0.0,0.0,0.0,Leave Event,0.0,"{'node_level': {}, 'link_level': {}, 'path_level': {}}","{'node_level': {}, 'link_level': {}, 'path_level': {}}","{'node_level': {}, 'link_level': {}, 'path_level': {}}",[],-inf,-inf,True,True,False,0,[],0,0.0,,,3
105,8,4,5525.0,11324.0,5047003.836251851,10538902.05790489,0.4879018014835747,0.47889275453188757,31,162,0,915.2177839948812,9948,1656,8292,0.3748584371460929,0.434186284544524,69,295.2177839948812,620.0,5,4,False,{},{},{},{},0.0,0.0,0.0,0.0,0.0,0.0,0.0,0.0,0.0,0.0,0.0,0.0,0.0,0.0,Leave Event,0.0,"{'node_level': {}, 'link_level': {}, 'path_level': {}}","{'node_level': {}, 'link_level': {}, 'path_level': {}}","{'node_level': {}, 'link_level': {}, 'path_level': {}}",[],-inf,-inf,True,True,False,0,[],0,0.0,,,3
106,8,4,5525.0,11324.0,5047003.836251851,10538902.05790489,0.4879018014835747,0.47889275453188757,31,163,1,917.0,9948,1656,8292,0.3748584371460929,0.434186284544524,105,337.8532089746779,917.0,5,4,False,{},{},{},{},0.0,0.0,400.0,200.0,268.0,0.0,0.0,0.0,0.0,0.0,0.0,0.0,0.0,0.0,Unknown Reason,0.0,"{'node_level': {}, 'link_level': {}, 'path_level': {}}","{'node_level': {}, 'link_level': {}, 'path_level': {}}","{'node_level': {}, 'link_level': {}, 'path_level': {}}",[],-inf,-inf,True,True,False,0,[],0,0.0,0.0,0.0,3
106,8,4,5525.0,11324.0,5047003.836251851,10538902.05790489,0.4879018014835747,0.47889275453188757,31,164,0,917.0455348576222,9948,1656,8292,0.3748584371460929,0.434186284544524,98,61.045534857622236,856.0,6,10,False,{},{},{},{},0.0,0.0,0.0,0.0,0.0,0.0,0.0,0.0,0.0,0.0,0.0,0.0,0.0,0.0,Leave Event,0.0,"{'node_level': {}, 'link_level': {}, 'path_level': {}}","{'node_level': {}, 'link_level': {}, 'path_level': {}}","{'node_level': {}, 'link_level': {}, 'path_level': {}}",[],-inf,-inf,True,True,False,0,[],0,0.0,,,3
107,8,4,5525.0,11324.0,5047003.836251851,10538902.05790489,0.4879018014835747,0.47889275453188757,31,165,1,921.0,9948,1656,8292,0.3748584371460929,0.434186284544524,106,561.6727257019453,921.0,6,6,False,{},{},{},{},0.0,0.0,336.0,168.0,482.0,0.0,0.0,0.0,0.0,0.0,0.0,0.0,0.0,0.0,Unknown Reason,0.0,"{'node_level': {}, 'link_level': {}, 'path_level': {}}","{'node_level': {}, 'link_level': {}, 'path_level': {}}","{'node_level': {}, 'link_level': {}, 'path_level': {}}",[],-inf,-inf,True,True,False,0,[],0,0.0,0.0,0.0,3
107,8,4,5525.0,11324.0,5047003.836251851,10538902.05790489,0.4879018014835747,0.47889275453188757,31,166,0,923.9550927632242,9948,1656,8292,0.3748584371460929,0.434186284544524,80,211.9550927632243,712.0,10,28,False,{},{},{},{},0.0,0.0,0.0,0.0,0.0,0.0,0.0,0.0,0.0,0.0,0.0,0.0,0.0,0.0,Leave Event,0.0,"{'node_level': {}, 'link_level': {}, 'path_level': {}}","{'node_level': {}, 'link_level': {}, 'path_level': {}}","{'node_level': {}, 'link_level': {}, 'path_level': {}}",[],-inf,-inf,True,True,False,0,[],0,0.0,,,3
108,8,4,5525.0,11324.0,5047003.836251851,10538902.05790489,0.4879018014835747,0.47889275453188757,31,167,1,930.0,9948,1656,8292,0.3748584371460929,0.434186284544524,107,782.3617907767425,930.0,6,9,False,"{0: -1, 1: -1, 2: -1, 3: -1, 4: -1, 5: -1}",{},{},{},0.0,0.0,386.0,193.0,733.0,0.0,0.0,0.0,0.0,0.0,0.0,0.0,0.0,0.0,Unknown Reason,0.0,"{'node_level': {}, 'link_level': {}, 'path_level': {}}","{'node_level': {}, 'link_level': {}, 'path_level': {}}","{'node_level': {}, 'link_level': {}, 'path_level': {}}",[],-inf,-inf,True,True,False,0,[],0,0.0,6.0,0.0,3
108,8,4,5525.0,11324.0,5047003.836251851,10538902.05790489,0.4879018014835747,0.47889275453188757,31,168,0,932.856141114458,9948,1656,8292,0.3748584371460929,0.434186284544524,103,37.856141114457934,895.0,10,19,False,{},{},{},{},0.0,0.0,0.0,0.0,0.0,0.0,0.0,0.0,0.0,0.0,0.0,0.0,0.0,0.0,Leave Event,0.0,"{'node_level': {}, 'link_level': {}, 'path_level': {}}","{'node_level': {}, 'link_level': {}, 'path_level': {}}","{'node_level': {}, 'link_level': {}, 'path_level': {}}",[],-inf,-inf,True,True,False,0,[],0,0.0,,,3
109,8,4,5525.0,11324.0,5047003.836251851,10538902.05790489,0.4879018014835747,0.47889275453188757,31,169,1,940.0,9948,1656,8292,0.3748584371460929,0.434186284544524,108,2028.1630351149151,940.0,9,16,False,"{0: -1, 1: -1, 2: -1, 3: -1, 4: -1, 5: -1, 6: -1, 7: -1, 8: -1}",{},{},{},0.0,0.0,758.0,379.0,1281.0,0.0,0.0,0.0,0.0,0.0,0.0,0.0,0.0,0.0,Unknown Reason,0.0,"{'node_level': {}, 'link_level': {}, 'path_level': {}}","{'node_level': {}, 'link_level': {}, 'path_level': {}}","{'node_level': {}, 'link_level': {}, 'path_level': {}}",[],-inf,-inf,True,True,False,0,[],0,0.0,9.0,0.0,3
109,8,4,5525.0,11324.0,5047003.836251851,10538902.05790489,0.4879018014835747,0.47889275453188757,31,170,0,945.5867472135126,9948,1656,8292,0.3748584371460929,0.434186284544524,88,171.58674721351258,774.0,9,20,False,{},{},{},{},0.0,0.0,0.0,0.0,0.0,0.0,0.0,0.0,0.0,0.0,0.0,0.0,0.0,0.0,Leave Event,0.0,"{'node_level': {}, 'link_level': {}, 'path_level': {}}","{'node_level': {}, 'link_level': {}, 'path_level': {}}","{'node_level': {}, 'link_level': {}, 'path_level': {}}",[],-inf,-inf,True,True,False,0,[],0,0.0,,,3
109,8,4,5525.0,11324.0,5047003.836251851,10538902.05790489,0.4879018014835747,0.47889275453188757,31,171,0,946.4343934921797,9948,1656,8292,0.3748584371460929,0.434186284544524,71,308.43439349217965,638.0,5,7,False,{},{},{},{},0.0,0.0,0.0,0.0,0.0,0.0,0.0,0.0,0.0,0.0,0.0,0.0,0.0,0.0,Leave Event,0.0,"{'node_level': {}, 'link_level': {}, 'path_level': {}}","{'node_level': {}, 'link_level': {}, 'path_level': {}}","{'node_level': {}, 'link_level': {}, 'path_level': {}}",[],-inf,-inf,True,True,False,0,[],0,0.0,,,3
110,9,5,6023.0,12030.0,5068872.758745209,10569904.988186639,0.500665004156276,0.4795570787448317,32,172,1,948.0,9242,1428,7814,0.4609286523216308,0.4668031388604572,109,43.9134989826473,948.0,5,4,True,"{np.int64(0): np.int64(0), np.int64(1): np.int64(1), np.int64(2): np.int64(20), np.int64(3): np.int64(26), np.int64(4): np.int64(22)}","{(0, 2): [(np.int64(0), 20)], (1, 3): [(np.int64(1), 20), (20, 23), (23, 26)], (1, 4): [(np.int64(1), 20), (20, 22)], (2, 4): [(np.int64(20), 22)]}","{(np.int64(0), np.int64(0)): {'cpu': 32}, (np.int64(1), np.int64(1)): {'cpu': 60}, (np.int64(2), np.int64(20)): {'cpu': 34}, (np.int64(3), np.int64(26)): {'cpu': 56}, (np.int64(4), np.int64(22)): {'cpu': 46}}","{((0, 2), (np.int64(0), 20)): {'bw': 76}, ((1, 3), (np.int64(1), 20)): {'bw': 75}, ((1, 3), (20, 23)): {'bw': 75}, ((1, 3), (23, 26)): {'bw': 75}, ((1, 4), (np.int64(1), 20)): {'bw': 58}, ((1, 4), (20, 22)): {'bw': 58}, ((2, 4), (np.int64(20), 22)): {'bw': 61}}",706.0,498.0,2508.0,228.0,270.0,228.0,270.0,228.0,478.0,208.0,0.7053824362606232,31002.93028174899,21868.922493358354,30.97581089710815,Success,0.0,"{'node_level': {}, 'link_level': {}, 'path_level': {}}","{'node_level': {np.int64(0): {'cpu': -60}, np.int64(1): {'cpu': -14}, np.int64(2): {'cpu': -33}, np.int64(3): {'cpu': -20}, np.int64(4): {'cpu': -26}}, 'link_level': {(0, 2): {'bw': -203}, (1, 3): {'bw': -205}, (1, 4): {'bw': -161}, (2, 4): {'bw': -225}}, 'path_level': {(0, 2): {}, (1, 3): {}, (1, 4): {}, (2, 4): {}}}","{'node_level': {np.int64(0): {'cpu': 0}, np.int64(1): {'cpu': 0}, np.int64(2): {'cpu': 0}, np.int64(3): {'cpu': 0}, np.int64(4): {'cpu': 0}}, 'link_level': {(0, 2): {'bw': 0}, (1, 3): {'bw': 0}, (1, 4): {'bw': 0}, (2, 4): {'bw': 0}}, 'path_level': {(0, 2): {}, (1, 3): {}, (1, 4): {}, (2, 4): {}}}",[],-inf,-inf,True,True,False,0,[],0,0.0,5.0,4.0,3
111,9,5,6023.0,12030.0,5068872.758745209,10569904.988186639,0.500665004156276,0.4795570787448317,32,173,1,954.0,9242,1428,7814,0.4609286523216308,0.4668031388604572,110,498.7668153316388,954.0,8,15,False,"{0: -1, 1: -1, 2: -1, 3: -1, 4: -1, 5: -1, 6: -1, 7: -1}",{},{},{},0.0,0.0,626.0,313.0,1203.0,0.0,0.0,0.0,0.0,0.0,0.0,0.0,0.0,0.0,Unknown Reason,0.0,"{'node_level': {}, 'link_level': {}, 'path_level': {}}","{'node_level': {}, 'link_level': {}, 'path_level': {}}","{'node_level': {}, 'link_level': {}, 'path_level': {}}",[],-inf,-inf,True,True,False,0,[],0,0.0,8.0,0.0,3
111,9,5,6023.0,12030.0,5068872.758745209,10569904.988186639,0.500665004156276,0.4795570787448317,32,174,0,955.5876888874963,9242,1428,7814,0.4609286523216308,0.4668031388604572,102,67.58768888749623,888.0,5,4,False,{},{},{},{},0.0,0.0,0.0,0.0,0.0,0.0,0.0,0.0,0.0,0.0,0.0,0.0,0.0,0.0,Leave Event,0.0,"{'node_level': {}, 'link_level': {}, 'path_level': {}}","{'node_level': {}, 'link_level': {}, 'path_level': {}}","{'node_level': {}, 'link_level': {}, 'path_level': {}}",[],-inf,-inf,True,True,False,0,[],0,0.0,,,3
112,9,5,6023.0,12030.0,5068872.758745209,10569904.988186639,0.500665004156276,0.4795570787448317,32,175,1,960.0,9242,1428,7814,0.4609286523216308,0.4668031388604572,111,430.1618763584557,960.0,9,18,False,"{0: -1, 1: -1, 2: -1, 3: -1, 4: -1, 5: -1, 6: -1, 7: -1, 8: -1}",{},{},{},0.0,0.0,728.0,364.0,1452.0,0.0,0.0,0.0,0.0,0.0,0.0,0.0,0.0,0.0,Unknown Reason,0.0,"{'node_level': {}, 'link_level': {}, 'path_level': {}}","{'node_level': {}, 'link_level': {}, 'path_level': {}}","{'node_level': {}, 'link_level': {}, 'path_level': {}}",[],-inf,-inf,True,True,False,0,[],0,0.0,9.0,0.0,3
112,9,5,6023.0,12030.0,5068872.758745209,10569904.988186639,0.500665004156276,0.4795570787448317,32,176,0,963.9670136877853,9242,1428,7814,0.4609286523216308,0.4668031388604572,93,143.9670136877853,820.0,8,8,False,{},{},{},{},0.0,0.0,0.0,0.0,0.0,0.0,0.0,0.0,0.0,0.0,0.0,0.0,0.0,0.0,Leave Event,0.0,"{'node_level': {}, 'link_level': {}, 'path_level': {}}","{'node_level': {}, 'link_level': {}, 'path_level': {}}","{'node_level': {}, 'link_level': {}, 'path_level': {}}",[],-inf,-inf,True,True,False,0,[],0,0.0,,,3
112,9,5,6023.0,12030.0,5068872.758745209,10569904.988186639,0.500665004156276,0.4795570787448317,32,177,0,967.1113486898936,9242,1428,7814,0.4609286523216308,0.4668031388604572,100,95.11134868989363,872.0,6,7,False,{},{},{},{},0.0,0.0,0.0,0.0,0.0,0.0,0.0,0.0,0.0,0.0,0.0,0.0,0.0,0.0,Leave Event,0.0,"{'node_level': {}, 'link_level': {}, 'path_level': {}}","{'node_level': {}, 'link_level': {}, 'path_level': {}}","{'node_level': {}, 'link_level': {}, 'path_level': {}}",[],-inf,-inf,True,True,False,0,[],0,0.0,,,3
113,9,5,6023.0,12030.0,5068872.758745209,10569904.988186639,0.500665004156276,0.4795570787448317,32,178,1,972.0,9242,1428,7814,0.4609286523216308,0.4668031388604572,112,525.8293003112843,972.0,7,10,False,"{0: -1, 1: -1, 2: -1, 3: -1, 4: -1, 5: -1, 6: -1}",{},{},{},0.0,0.0,614.0,307.0,749.0,0.0,0.0,0.0,0.0,0.0,0.0,0.0,0.0,0.0,Unknown Reason,0.0,"{'node_level': {}, 'link_level': {}, 'path_level': {}}","{'node_level': {}, 'link_level': {}, 'path_level': {}}","{'node_level': {}, 'link_level': {}, 'path_level': {}}",[],-inf,-inf,True,True,False,0,[],0,0.0,7.0,0.0,3
114,9,5,6023.0,12030.0,5068872.758745209,10569904.988186639,0.500665004156276,0.4795570787448317,32,179,1,979.0,9242,1428,7814,0.4609286523216308,0.4668031388604572,113,391.7323226629762,979.0,5,7,False,"{0: -1, 1: -1, 2: -1, 3: -1, 4: -1}",{},{},{},0.0,0.0,404.0,202.0,498.0,0.0,0.0,0.0,0.0,0.0,0.0,0.0,0.0,0.0,Unknown Reason,0.0,"{'node_level': {}, 'link_level': {}, 'path_level': {}}","{'node_level': {}, 'link_level': {}, 'path_level': {}}","{'node_level': {}, 'link_level': {}, 'path_level': {}}",[],-inf,-inf,True,True,False,0,[],0,0.0,5.0,0.0,3
114,9,4,6023.0,12030.0,5068872.758745209,10569904.988186639,0.500665004156276,0.4795570787448317,32,180,0,979.5248567387569,11743,1724,10019,0.3491883729709324,0.31634254520641414,21,801.5248567387569,178.0,7,10,False,{},{},{},{},0.0,0.0,0.0,0.0,0.0,0.0,0.0,0.0,0.0,0.0,0.0,0.0,0.0,0.0,Leave Event,0.0,"{'node_level': {}, 'link_level': {}, 'path_level': {}}","{'node_level': {}, 'link_level': {}, 'path_level': {}}","{'node_level': {}, 'link_level': {}, 'path_level': {}}",[],-inf,-inf,True,True,False,0,[],0,0.0,,,3
115,10,5,6552.0,13104.0,5284444.271272289,11007568.134602675,0.5,0.4800737280617372,32,181,1,985.0,10669,1497,9172,0.434881087202718,0.3741385192766974,114,407.50758511735296,985.0,5,4,True,"{np.int64(0): np.int64(13), np.int64(1): np.int64(30), np.int64(2): np.int64(29), np.int64(3): np.int64(31), np.int64(4): np.int64(24)}","{(0, 2): [(np.int64(13), 2), (2, 29)], (1, 3): [(np.int64(30), 28), (28, 31)], (1, 4): [(np.int64(30), 28), (28, 0), (0, 20), (20, 22), (22, 24)], (2, 3): [(np.int64(29), 31)]}","{(np.int64(0), np.int64(13)): {'cpu': 44}, (np.int64(1), np.int64(30)): {'cpu': 42}, (np.int64(2), np.int64(29)): {'cpu': 35}, (np.int64(3), np.int64(31)): {'cpu': 58}, (np.int64(4), np.int64(24)): {'cpu': 48}}","{((0, 2), (np.int64(13), 2)): {'bw': 50}, ((0, 2), (2, 29)): {'bw': 50}, ((1, 3), (np.int64(30), 28)): {'bw': 59}, ((1, 3), (28, 31)): {'bw': 59}, ((1, 4), (np.int64(30), 28)): {'bw': 109}, ((1, 4), (28, 0)): {'bw': 109}, ((1, 4), (0, 20)): {'bw': 109}, ((1, 4), (20, 22)): {'bw': 109}, ((1, 4), (22, 24)): {'bw': 109}, ((2, 3), (np.int64(29), 31)): {'bw': 84}}",1074.0,529.0,2724.0,227.0,302.0,227.0,302.0,227.0,847.0,545.0,0.4925512104283054,437663.14641603705,215571.51252707973,200.7183543082679,Success,0.0,"{'node_level': {}, 'link_level': {}, 'path_level': {}}","{'node_level': {np.int64(0): {'cpu': -11}, np.int64(1): {'cpu': -2}, np.int64(2): {'cpu': -24}, np.int64(3): {'cpu': -21}, np.int64(4): {'cpu': -4}}, 'link_level': {(0, 2): {'bw': -26}, (1, 3): {'bw': -228}, (1, 4): {'bw': -94}, (2, 3): {'bw': -3}}, 'path_level': {(0, 2): {}, (1, 3): {}, (1, 4): {}, (2, 3): {}}}","{'node_level': {np.int64(0): {'cpu': 0}, np.int64(1): {'cpu': 0}, np.int64(2): {'cpu': 0}, np.int64(3): {'cpu': 0}, np.int64(4): {'cpu': 0}}, 'link_level': {(0, 2): {'bw': 0}, (1, 3): {'bw': 0}, (1, 4): {'bw': 0}, (2, 3): {'bw': 0}}, 'path_level': {(0, 2): {}, (1, 3): {}, (1, 4): {}, (2, 3): {}}}",[],-inf,-inf,True,True,False,0,[],0,0.0,5.0,4.0,3
116,10,5,6552.0,13104.0,5284444.271272289,11007568.134602675,0.5,0.4800737280617372,32,182,1,991.0,10669,1497,9172,0.434881087202718,0.3741385192766974,115,1014.581989320236,991.0,9,23,False,"{0: -1, 1: -1, 2: -1, 3: -1, 4: -1, 5: -1, 6: -1, 7: -1, 8: -1}",{},{},{},0.0,0.0,696.0,348.0,1851.0,0.0,0.0,0.0,0.0,0.0,0.0,0.0,0.0,0.0,Unknown Reason,0.0,"{'node_level': {}, 'link_level': {}, 'path_level': {}}","{'node_level': {}, 'link_level': {}, 'path_level': {}}","{'node_level': {}, 'link_level': {}, 'path_level': {}}",[],-inf,-inf,True,True,False,0,[],0,0.0,9.0,0.0,3
116,10,4,6552.0,13104.0,5284444.271272289,11007568.134602675,0.5,0.4800737280617372,32,183,0,991.9134989826473,11375,1725,9650,0.3488108720271801,0.3415216649607642,109,43.9134989826473,948.0,5,4,False,{},{},{},{},0.0,0.0,0.0,0.0,0.0,0.0,0.0,0.0,0.0,0.0,0.0,0.0,0.0,0.0,Leave Event,0.0,"{'node_level': {}, 'link_level': {}, 'path_level': {}}","{'node_level': {}, 'link_level': {}, 'path_level': {}}","{'node_level': {}, 'link_level': {}, 'path_level': {}}",[],-inf,-inf,True,True,False,0,[],0,0.0,,,3
116,10,4,6552.0,13104.0,5284444.271272289,11007568.134602675,0.5,0.4800737280617372,32,184,0,996.5752608460032,11375,1725,9650,0.3488108720271801,0.3415216649607642,83,267.57526084600323,729.0,6,9,False,{},{},{},{},0.0,0.0,0.0,0.0,0.0,0.0,0.0,0.0,0.0,0.0,0.0,0.0,0.0,0.0,Leave Event,0.0,"{'node_level': {}, 'link_level': {}, 'path_level': {}}","{'node_level': {}, 'link_level': {}, 'path_level': {}}","{'node_level': {}, 'link_level': {}, 'path_level': {}}",[],-inf,-inf,True,True,False,0,[],0,0.0,,,3
117,10,4,6552.0,13104.0,5284444.271272289,11007568.134602675,0.5,0.4800737280617372,32,185,1,999.0,11375,1725,9650,0.3488108720271801,0.3415216649607642,116,300.7505950085731,999.0,9,18,False,"{0: -1, 1: -1, 2: -1, 3: -1, 4: -1, 5: -1, 6: -1, 7: -1, 8: -1}",{},{},{},0.0,0.0,786.0,393.0,1481.0,0.0,0.0,0.0,0.0,0.0,0.0,0.0,0.0,0.0,Unknown Reason,0.0,"{'node_level': {}, 'link_level': {}, 'path_level': {}}","{'node_level': {}, 'link_level': {}, 'path_level': {}}","{'node_level': {}, 'link_level': {}, 'path_level': {}}",[],-inf,-inf,True,True,False,0,[],0,0.0,9.0,0.0,3
118,10,4,6552.0,13104.0,5284444.271272289,11007568.134602675,0.5,0.4800737280617372,32,186,1,1010.0,11375,1725,9650,0.3488108720271801,0.3415216649607642,117,382.8326778496837,1010.0,9,23,False,"{0: -1, 1: -1, 2: -1, 3: -1, 4: -1, 5: -1, 6: -1, 7: -1, 8: -1}",{},{},{},0.0,0.0,728.0,364.0,1781.0,0.0,0.0,0.0,0.0,0.0,0.0,0.0,0.0,0.0,Unknown Reason,0.0,"{'node_level': {}, 'link_level': {}, 'path_level': {}}","{'node_level': {}, 'link_level': {}, 'path_level': {}}","{'node_level': {}, 'link_level': {}, 'path_level': {}}",[],-inf,-inf,True,True,False,0,[],0,0.0,9.0,0.0,3
118,10,4,6552.0,13104.0,5284444.271272289,11007568.134602675,0.5,0.4800737280617372,32,187,0,1014.7982955140315,11375,1725,9650,0.3488108720271801,0.3415216649607642,74,354.79829551403145,660.0,7,8,False,{},{},{},{},0.0,0.0,0.0,0.0,0.0,0.0,0.0,0.0,0.0,0.0,0.0,0.0,0.0,0.0,Leave Event,0.0,"{'node_level': {}, 'link_level': {}, 'path_level': {}}","{'node_level': {}, 'link_level': {}, 'path_level': {}}","{'node_level': {}, 'link_level': {}, 'path_level': {}}",[],-inf,-inf,True,True,False,0,[],0,0.0,,,3
119,10,4,6552.0,13104.0,5284444.271272289,11007568.134602675,0.5,0.4800737280617372,32,188,1,1015.0,11375,1725,9650,0.3488108720271801,0.3415216649607642,118,587.1482727199309,1015.0,9,18,False,"{0: -1, 1: -1, 2: -1, 3: -1, 4: -1, 5: -1, 6: -1, 7: -1, 8: -1}",{},{},{},0.0,0.0,700.0,350.0,1281.0,0.0,0.0,0.0,0.0,0.0,0.0,0.0,0.0,0.0,Unknown Reason,0.0,"{'node_level': {}, 'link_level': {}, 'path_level': {}}","{'node_level': {}, 'link_level': {}, 'path_level': {}}","{'node_level': {}, 'link_level': {}, 'path_level': {}}",[],-inf,-inf,True,True,False,0,[],0,0.0,9.0,0.0,3
119,10,4,6552.0,13104.0,5284444.271272289,11007568.134602675,0.5,0.4800737280617372,32,189,0,1019.3646714251648,11375,1725,9650,0.3488108720271801,0.3415216649607642,47,605.3646714251648,414.0,9,22,False,{},{},{},{},0.0,0.0,0.0,0.0,0.0,0.0,0.0,0.0,0.0,0.0,0.0,0.0,0.0,0.0,Leave Event,0.0,"{'node_level': {}, 'link_level': {}, 'path_level': {}}","{'node_level': {}, 'link_level': {}, 'path_level': {}}","{'node_level': {}, 'link_level': {}, 'path_level': {}}",[],-inf,-inf,True,True,False,0,[],0,0.0,,,3
120,10,4,6552.0,13104.0,5284444.271272289,11007568.134602675,0.5,0.4800737280617372,32,190,1,1022.0,11375,1725,9650,0.3488108720271801,0.3415216649607642,119,46.8779394453398,1022.0,8,16,False,"{0: -1, 1: -1, 2: -1, 3: -1, 4: -1, 5: -1, 6: -1, 7: -1}",{},{},{},0.0,0.0,706.0,353.0,1255.0,0.0,0.0,0.0,0.0,0.0,0.0,0.0,0.0,0.0,Unknown Reason,0.0,"{'node_level': {}, 'link_level': {}, 'path_level': {}}","{'node_level': {}, 'link_level': {}, 'path_level': {}}","{'node_level': {}, 'link_level': {}, 'path_level': {}}",[],-inf,-inf,True,True,False,0,[],0,0.0,8.0,0.0,3
121,10,4,6552.0,13104.0,5284444.271272289,11007568.134602675,0.5,0.4800737280617372,32,191,1,1030.0,11375,1725,9650,0.3488108720271801,0.3415216649607642,120,282.75119403581584,1030.0,8,14,False,"{0: -1, 1: -1, 2: -1, 3: -1, 4: -1, 5: -1, 6: -1, 7: -1}",{},{},{},0.0,0.0,642.0,321.0,1209.0,0.0,0.0,0.0,0.0,0.0,0.0,0.0,0.0,0.0,Unknown Reason,0.0,"{'node_level': {}, 'link_level': {}, 'path_level': {}}","{'node_level': {}, 'link_level': {}, 'path_level': {}}","{'node_level': {}, 'link_level': {}, 'path_level': {}}",[],-inf,-inf,True,True,False,0,[],0,0.0,8.0,0.0,3
122,11,5,7178.0,14237.0,5318165.2286521215,11068599.83541953,0.5041792512467514,0.4804731680364835,32,192,1,1036.0,10242,1508,8734,0.43072857682144206,0.40402592971682016,121,53.86734405724127,1036.0,5,6,True,"{np.int64(0): np.int64(3), np.int64(1): np.int64(27), np.int64(2): np.int64(1), np.int64(3): np.int64(22), np.int64(4): np.int64(20)}","{(0, 1): [(np.int64(3), 21), (21, 23), (23, np.int64(27))], (0, 3): [(np.int64(3), 21), (21, np.int64(22))], (0, 4): [(np.int64(3), 21), (21, 22), (22, np.int64(20))], (1, 4): [(np.int64(27), 23), (23, 20)], (2, 3): [(np.int64(1), 20), (20, np.int64(22))], (3, 4): [(np.int64(22), 20)]}","{(np.int64(0), np.int64(3)): {'cpu': 52}, (np.int64(1), np.int64(27)): {'cpu': 52}, (np.int64(2), np.int64(1)): {'cpu': 42}, (np.int64(3), np.int64(22)): {'cpu': 46}, (np.int64(4), np.int64(20)): {'cpu': 25}}","{((0, 1), (np.int64(3), 21)): {'bw': 77}, ((0, 1), (21, 23)): {'bw': 77}, ((0, 1), (23, np.int64(27))): {'bw': 77}, ((0, 3), (np.int64(3), 21)): {'bw': 49}, ((0, 3), (21, np.int64(22))): {'bw': 49}, ((0, 4), (np.int64(3), 21)): {'bw': 72}, ((0, 4), (21, 22)): {'bw': 72}, ((0, 4), (22, np.int64(20))): {'bw': 72}, ((1, 4), (np.int64(27), 23)): {'bw': 51}, ((1, 4), (23, 20)): {'bw': 51}, ((2, 3), (np.int64(1), 20)): {'bw': 109}, ((2, 3), (20, np.int64(22))): {'bw': 109}, ((3, 4), (np.int64(22), 20)): {'bw': 51}}",1133.0,626.0,651.0,217.0,409.0,217.0,409.0,217.0,916.0,507.0,0.5525154457193292,61031.700816854354,33720.95737983303,29.76253961150312,Success,0.0,"{'node_level': {}, 'link_level': {}, 'path_level': {}}","{'node_level': {np.int64(0): {'cpu': -6}, np.int64(1): {'cpu': -3}, np.int64(2): {'cpu': -32}, np.int64(3): {'cpu': -26}, np.int64(4): {'cpu': -42}}, 'link_level': {(0, 1): {'bw': -121}, (0, 3): {'bw': -221}, (0, 4): {'bw': -149}, (1, 4): {'bw': -168}, (2, 3): {'bw': -54}, (3, 4): {'bw': -3}}, 'path_level': {(0, 1): {}, (0, 3): {}, (0, 4): {}, (1, 4): {}, (2, 3): {}, (3, 4): {}}}","{'node_level': {np.int64(0): {'cpu': 0}, np.int64(1): {'cpu': 0}, np.int64(2): {'cpu': 0}, np.int64(3): {'cpu': 0}, np.int64(4): {'cpu': 0}}, 'link_level': {(0, 1): {'bw': 0}, (0, 3): {'bw': 0}, (0, 4): {'bw': 0}, (1, 4): {'bw': 0}, (2, 3): {'bw': 0}, (3, 4): {'bw': 0}}, 'path_level': {(0, 1): {}, (0, 3): {}, (0, 4): {}, (1, 4): {}, (2, 3): {}, (3, 4): {}}}",[],-inf,-inf,True,True,False,0,[],0,0.0,5.0,6.0,3
122,11,5,7178.0,14237.0,5318165.2286521215,11068599.83541953,0.5041792512467514,0.4804731680364835,32,193,0,1036.266191577033,10242,1508,8734,0.43072857682144206,0.40402592971682016,87,270.2661915770329,766.0,9,22,False,{},{},{},{},0.0,0.0,0.0,0.0,0.0,0.0,0.0,0.0,0.0,0.0,0.0,0.0,0.0,0.0,Leave Event,0.0,"{'node_level': {}, 'link_level': {}, 'path_level': {}}","{'node_level': {}, 'link_level': {}, 'path_level': {}}","{'node_level': {}, 'link_level': {}, 'path_level': {}}",[],-inf,-inf,True,True,False,0,[],0,0.0,,,3
123,11,5,7178.0,14237.0,5318165.2286521215,11068599.83541953,0.5041792512467514,0.4804731680364835,32,194,1,1047.0,10242,1508,8734,0.43072857682144206,0.40402592971682016,122,74.13974538383783,1047.0,5,5,False,{},{},{},{},0.0,0.0,354.0,177.0,381.0,0.0,0.0,0.0,0.0,0.0,0.0,0.0,0.0,0.0,Unknown Reason,0.0,"{'node_level': {}, 'link_level': {}, 'path_level': {}}","{'node_level': {}, 'link_level': {}, 'path_level': {}}","{'node_level': {}, 'link_level': {}, 'path_level': {}}",[],-inf,-inf,True,True,False,0,[],0,0.0,0.0,0.0,3
123,11,5,7178.0,14237.0,5318165.2286521215,11068599.83541953,0.5041792512467514,0.4804731680364835,32,195,0,1047.7279627631112,10242,1508,8734,0.43072857682144206,0.40402592971682016,61,500.7279627631113,547.0,10,22,False,{},{},{},{},0.0,0.0,0.0,0.0,0.0,0.0,0.0,0.0,0.0,0.0,0.0,0.0,0.0,0.0,Leave Event,0.0,"{'node_level': {}, 'link_level': {}, 'path_level': {}}","{'node_level': {}, 'link_level': {}, 'path_level': {}}","{'node_level': {}, 'link_level': {}, 'path_level': {}}",[],-inf,-inf,True,True,False,0,[],0,0.0,,,3
123,11,5,7178.0,14237.0,5318165.2286521215,11068599.83541953,0.5041792512467514,0.4804731680364835,32,196,0,1050.87189219553,10242,1508,8734,0.43072857682144206,0.40402592971682016,31,792.8718921955302,258.0,5,7,False,{},{},{},{},0.0,0.0,0.0,0.0,0.0,0.0,0.0,0.0,0.0,0.0,0.0,0.0,0.0,0.0,Leave Event,0.0,"{'node_level': {}, 'link_level': {}, 'path_level': {}}","{'node_level': {}, 'link_level': {}, 'path_level': {}}","{'node_level': {}, 'link_level': {}, 'path_level': {}}",[],-inf,-inf,True,True,False,0,[],0,0.0,,,3
124,11,5,7178.0,14237.0,5318165.2286521215,11068599.83541953,0.5041792512467514,0.4804731680364835,32,197,1,1054.0,10242,1508,8734,0.43072857682144206,0.40402592971682016,123,1.0639103357534847,1054.0,7,12,False,"{0: -1, 1: -1, 2: -1, 3: -1, 4: -1, 5: -1, 6: -1}",{},{},{},0.0,0.0,594.0,297.0,798.0,0.0,0.0,0.0,0.0,0.0,0.0,0.0,0.0,0.0,Unknown Reason,0.0,"{'node_level': {}, 'link_level': {}, 'path_level': {}}","{'node_level': {}, 'link_level': {}, 'path_level': {}}","{'node_level': {}, 'link_level': {}, 'path_level': {}}",[],-inf,-inf,True,True,False,0,[],0,0.0,7.0,0.0,3
124,11,5,7178.0,14237.0,5318165.2286521215,11068599.83541953,0.5041792512467514,0.4804731680364835,32,198,0,1055.0639103357535,10242,1508,8734,0.43072857682144206,0.40402592971682016,123,1.0639103357534847,1054.0,7,12,False,{},{},{},{},0.0,0.0,0.0,0.0,0.0,0.0,0.0,0.0,0.0,0.0,0.0,0.0,0.0,0.0,Leave Event,0.0,"{'node_level': {}, 'link_level': {}, 'path_level': {}}","{'node_level': {}, 'link_level': {}, 'path_level': {}}","{'node_level': {}, 'link_level': {}, 'path_level': {}}",[],-inf,-inf,True,True,False,0,[],0,0.0,,,3
125,11,5,7178.0,14237.0,5318165.2286521215,11068599.83541953,0.5041792512467514,0.4804731680364835,32,199,1,1064.0,10242,1508,8734,0.43072857682144206,0.40402592971682016,124,117.67540137587906,1064.0,7,12,False,"{0: -1, 1: -1, 2: -1, 3: -1, 4: -1, 5: -1, 6: -1}",{},{},{},0.0,0.0,544.0,272.0,924.0,0.0,0.0,0.0,0.0,0.0,0.0,0.0,0.0,0.0,Unknown Reason,0.0,"{'node_level': {}, 'link_level': {}, 'path_level': {}}","{'node_level': {}, 'link_level': {}, 'path_level': {}}","{'node_level': {}, 'link_level': {}, 'path_level': {}}",[],-inf,-inf,True,True,False,0,[],0,0.0,7.0,0.0,3
125,11,5,7178.0,14237.0,5318165.2286521215,11068599.83541953,0.5041792512467514,0.4804731680364835,32,200,0,1068.8779394453397,10242,1508,8734,0.43072857682144206,0.40402592971682016,119,46.8779394453398,1022.0,8,16,False,{},{},{},{},0.0,0.0,0.0,0.0,0.0,0.0,0.0,0.0,0.0,0.0,0.0,0.0,0.0,0.0,Leave Event,0.0,"{'node_level': {}, 'link_level': {}, 'path_level': {}}","{'node_level': {}, 'link_level': {}, 'path_level': {}}","{'node_level': {}, 'link_level': {}, 'path_level': {}}",[],-inf,-inf,True,True,False,0,[],0,0.0,,,3
125,11,5,7178.0,14237.0,5318165.2286521215,11068599.83541953,0.5041792512467514,0.4804731680364835,32,201,0,1073.1745188082566,10242,1508,8734,0.43072857682144206,0.40402592971682016,85,324.17451880825666,749.0,7,14,False,{},{},{},{},0.0,0.0,0.0,0.0,0.0,0.0,0.0,0.0,0.0,0.0,0.0,0.0,0.0,0.0,Leave Event,0.0,"{'node_level': {}, 'link_level': {}, 'path_level': {}}","{'node_level': {}, 'link_level': {}, 'path_level': {}}","{'node_level': {}, 'link_level': {}, 'path_level': {}}",[],-inf,-inf,True,True,False,0,[],0,0.0,,,3
126,11,5,7178.0,14237.0,5318165.2286521215,11068599.83541953,0.5041792512467514,0.4804731680364835,32,202,1,1075.0,10242,1508,8734,0.43072857682144206,0.40402592971682016,125,122.07971195182846,1075.0,6,6,False,{},{},{},{},0.0,0.0,510.0,255.0,494.0,0.0,0.0,0.0,0.0,0.0,0.0,0.0,0.0,0.0,Unknown Reason,0.0,"{'node_level': {}, 'link_level': {}, 'path_level': {}}","{'node_level': {}, 'link_level': {}, 'path_level': {}}","{'node_level': {}, 'link_level': {}, 'path_level': {}}",[],-inf,-inf,True,True,False,0,[],0,0.0,0.0,0.0,3
127,11,5,7178.0,14237.0,5318165.2286521215,11068599.83541953,0.5041792512467514,0.4804731680364835,32,203,1,1088.0,10242,1508,8734,0.43072857682144206,0.40402592971682016,126,363.08781320116316,1088.0,8,14,False,"{0: -1, 1: -1, 2: -1, 3: -1, 4: -1, 5: -1, 6: -1, 7: -1}",{},{},{},0.0,0.0,638.0,319.0,1166.0,0.0,0.0,0.0,0.0,0.0,0.0,0.0,0.0,0.0,Unknown Reason,0.0,"{'node_level': {}, 'link_level': {}, 'path_level': {}}","{'node_level': {}, 'link_level': {}, 'path_level': {}}","{'node_level': {}, 'link_level': {}, 'path_level': {}}",[],-inf,-inf,True,True,False,0,[],0,0.0,8.0,0.0,3
127,11,5,7178.0,14237.0,5318165.2286521215,11068599.83541953,0.5041792512467514,0.4804731680364835,32,204,0,1089.183315265689,10242,1508,8734,0.43072857682144206,0.40402592971682016,54,612.1833152656892,477.0,5,8,False,{},{},{},{},0.0,0.0,0.0,0.0,0.0,0.0,0.0,0.0,0.0,0.0,0.0,0.0,0.0,0.0,Leave Event,0.0,"{'node_level': {}, 'link_level': {}, 'path_level': {}}","{'node_level': {}, 'link_level': {}, 'path_level': {}}","{'node_level': {}, 'link_level': {}, 'path_level': {}}",[],-inf,-inf,True,True,False,0,[],0,0.0,,,3
127,11,4,7178.0,14237.0,5318165.2286521215,11068599.83541953,0.5041792512467514,0.4804731680364835,32,205,0,1089.8673440572413,11375,1725,9650,0.3488108720271801,0.3415216649607642,121,53.86734405724127,1036.0,5,6,False,{},{},{},{},0.0,0.0,0.0,0.0,0.0,0.0,0.0,0.0,0.0,0.0,0.0,0.0,0.0,0.0,Leave Event,0.0,"{'node_level': {}, 'link_level': {}, 'path_level': {}}","{'node_level': {}, 'link_level': {}, 'path_level': {}}","{'node_level': {}, 'link_level': {}, 'path_level': {}}",[],-inf,-inf,True,True,False,0,[],0,0.0,,,3
128,11,4,7178.0,14237.0,5318165.2286521215,11068599.83541953,0.5041792512467514,0.4804731680364835,32,206,1,1095.0,11375,1725,9650,0.3488108720271801,0.3415216649607642,127,422.22723157625694,1095.0,10,20,False,"{0: -1, 1: -1, 2: -1, 3: -1, 4: -1, 5: -1, 6: -1, 7: -1, 8: -1, 9: -1}",{},{},{},0.0,0.0,848.0,424.0,1400.0,0.0,0.0,0.0,0.0,0.0,0.0,0.0,0.0,0.0,Unknown Reason,0.0,"{'node_level': {}, 'link_level': {}, 'path_level': {}}","{'node_level': {}, 'link_level': {}, 'path_level': {}}","{'node_level': {}, 'link_level': {}, 'path_level': {}}",[],-inf,-inf,True,True,False,0,[],0,0.0,10.0,0.0,3
129,11,4,7178.0,14237.0,5318165.2286521215,11068599.83541953,0.5041792512467514,0.4804731680364835,32,207,1,1104.0,11375,1725,9650,0.3488108720271801,0.3415216649607642,128,868.5253714712403,1104.0,7,11,False,"{0: -1, 1: -1, 2: -1, 3: -1, 4: -1, 5: -1, 6: -1}",{},{},{},0.0,0.0,562.0,281.0,804.0,0.0,0.0,0.0,0.0,0.0,0.0,0.0,0.0,0.0,Unknown Reason,0.0,"{'node_level': {}, 'link_level': {}, 'path_level': {}}","{'node_level': {}, 'link_level': {}, 'path_level': {}}","{'node_level': {}, 'link_level': {}, 'path_level': {}}",[],-inf,-inf,True,True,False,0,[],0,0.0,7.0,0.0,3
129,11,4,7178.0,14237.0,5318165.2286521215,11068599.83541953,0.5041792512467514,0.4804731680364835,32,208,0,1106.1394648096214,11375,1725,9650,0.3488108720271801,0.3415216649607642,86,347.1394648096214,759.0,7,13,False,{},{},{},{},0.0,0.0,0.0,0.0,0.0,0.0,0.0,0.0,0.0,0.0,0.0,0.0,0.0,0.0,Leave Event,0.0,"{'node_level': {}, 'link_level': {}, 'path_level': {}}","{'node_level': {}, 'link_level': {}, 'path_level': {}}","{'node_level': {}, 'link_level': {}, 'path_level': {}}",[],-inf,-inf,True,True,False,0,[],0,0.0,,,3
130,11,4,7178.0,14237.0,5318165.2286521215,11068599.83541953,0.5041792512467514,0.4804731680364835,32,209,1,1110.0,11375,1725,9650,0.3488108720271801,0.3415216649607642,129,333.4583037388232,1110.0,9,22,False,"{0: -1, 1: -1, 2: -1, 3: -1, 4: -1, 5: -1, 6: -1, 7: -1, 8: -1}",{},{},{},0.0,0.0,754.0,377.0,1774.0,0.0,0.0,0.0,0.0,0.0,0.0,0.0,0.0,0.0,Unknown Reason,0.0,"{'node_level': {}, 'link_level': {}, 'path_level': {}}","{'node_level': {}, 'link_level': {}, 'path_level': {}}","{'node_level': {}, 'link_level': {}, 'path_level': {}}",[],-inf,-inf,True,True,False,0,[],0,0.0,9.0,0.0,3
131,11,4,7178.0,14237.0,5318165.2286521215,11068599.83541953,0.5041792512467514,0.4804731680364835,32,210,1,1117.0,11375,1725,9650,0.3488108720271801,0.3415216649607642,130,1110.2933752037009,1117.0,6,9,False,{},{},{},{},0.0,0.0,502.0,251.0,641.0,0.0,0.0,0.0,0.0,0.0,0.0,0.0,0.0,0.0,Unknown Reason,0.0,"{'node_level': {}, 'link_level': {}, 'path_level': {}}","{'node_level': {}, 'link_level': {}, 'path_level': {}}","{'node_level': {}, 'link_level': {}, 'path_level': {}}",[],-inf,-inf,True,True,False,0,[],0,0.0,0.0,0.0,3
131,11,4,7178.0,14237.0,5318165.2286521215,11068599.83541953,0.5041792512467514,0.4804731680364835,32,211,0,1121.1397453838379,11375,1725,9650,0.3488108720271801,0.3415216649607642,122,74.13974538383783,1047.0,5,5,False,{},{},{},{},0.0,0.0,0.0,0.0,0.0,0.0,0.0,0.0,0.0,0.0,0.0,0.0,0.0,0.0,Leave Event,0.0,"{'node_level': {}, 'link_level': {}, 'path_level': {}}","{'node_level': {}, 'link_level': {}, 'path_level': {}}","{'node_level': {}, 'link_level': {}, 'path_level': {}}",[],-inf,-inf,True,True,False,0,[],0,0.0,,,3
132,11,4,7178.0,14237.0,5318165.2286521215,11068599.83541953,0.5041792512467514,0.4804731680364835,32,212,1,1128.0,11375,1725,9650,0.3488108720271801,0.3415216649607642,131,251.31365248343067,1128.0,7,12,False,"{0: -1, 1: -1, 2: -1, 3: -1, 4: -1, 5: -1, 6: -1}",{},{},{},0.0,0.0,658.0,329.0,970.0,0.0,0.0,0.0,0.0,0.0,0.0,0.0,0.0,0.0,Unknown Reason,0.0,"{'node_level': {}, 'link_level': {}, 'path_level': {}}","{'node_level': {}, 'link_level': {}, 'path_level': {}}","{'node_level': {}, 'link_level': {}, 'path_level': {}}",[],-inf,-inf,True,True,False,0,[],0,0.0,7.0,0.0,3
132,11,4,7178.0,14237.0,5318165.2286521215,11068599.83541953,0.5041792512467514,0.4804731680364835,32,213,0,1136.124279638124,11375,1725,9650,0.3488108720271801,0.3415216649607642,6,1078.124279638124,58.0,5,5,False,{},{},{},{},0.0,0.0,0.0,0.0,0.0,0.0,0.0,0.0,0.0,0.0,0.0,0.0,0.0,0.0,Leave Event,0.0,"{'node_level': {}, 'link_level': {}, 'path_level': {}}","{'node_level': {}, 'link_level': {}, 'path_level': {}}","{'node_level': {}, 'link_level': {}, 'path_level': {}}",[],-inf,-inf,True,True,False,0,[],0,0.0,,,3
133,11,4,7178.0,14237.0,5318165.2286521215,11068599.83541953,0.5041792512467514,0.4804731680364835,32,214,1,1141.0,11375,1725,9650,0.3488108720271801,0.3415216649607642,132,682.4845783045753,1141.0,7,14,False,"{0: -1, 1: -1, 2: -1, 3: -1, 4: -1, 5: -1, 6: -1}",{},{},{},0.0,0.0,642.0,321.0,1131.0,0.0,0.0,0.0,0.0,0.0,0.0,0.0,0.0,0.0,Unknown Reason,0.0,"{'node_level': {}, 'link_level': {}, 'path_level': {}}","{'node_level': {}, 'link_level': {}, 'path_level': {}}","{'node_level': {}, 'link_level': {}, 'path_level': {}}",[],-inf,-inf,True,True,False,0,[],0,0.0,7.0,0.0,3
134,11,4,7178.0,14237.0,5318165.2286521215,11068599.83541953,0.5041792512467514,0.4804731680364835,32,215,1,1149.0,11375,1725,9650,0.3488108720271801,0.3415216649607642,133,402.32689733113864,1149.0,8,17,False,"{0: -1, 1: -1, 2: -1, 3: -1, 4: -1, 5: -1, 6: -1, 7: -1}",{},{},{},0.0,0.0,648.0,324.0,1419.0,0.0,0.0,0.0,0.0,0.0,0.0,0.0,0.0,0.0,Unknown Reason,0.0,"{'node_level': {}, 'link_level': {}, 'path_level': {}}","{'node_level': {}, 'link_level': {}, 'path_level': {}}","{'node_level': {}, 'link_level': {}, 'path_level': {}}",[],-inf,-inf,True,True,False,0,[],0,0.0,8.0,0.0,3
135,11,4,7178.0,14237.0,5318165.2286521215,11068599.83541953,0.5041792512467514,0.4804731680364835,32,216,1,1153.0,11375,1725,9650,0.3488108720271801,0.3415216649607642,134,488.8505231744937,1153.0,9,15,False,"{0: -1, 1: -1, 2: -1, 3: -1, 4: -1, 5: -1, 6: -1, 7: -1, 8: -1}",{},{},{},0.0,0.0,616.0,308.0,1244.0,0.0,0.0,0.0,0.0,0.0,0.0,0.0,0.0,0.0,Unknown Reason,0.0,"{'node_level': {}, 'link_level': {}, 'path_level': {}}","{'node_level': {}, 'link_level': {}, 'path_level': {}}","{'node_level': {}, 'link_level': {}, 'path_level': {}}",[],-inf,-inf,True,True,False,0,[],0,0.0,9.0,0.0,3
136,11,4,7178.0,14237.0,5318165.2286521215,11068599.83541953,0.5041792512467514,0.4804731680364835,32,217,1,1158.0,11375,1725,9650,0.3488108720271801,0.3415216649607642,135,157.62393554906015,1158.0,6,8,False,{},{},{},{},0.0,0.0,428.0,214.0,686.0,0.0,0.0,0.0,0.0,0.0,0.0,0.0,0.0,0.0,Unknown Reason,0.0,"{'node_level': {}, 'link_level': {}, 'path_level': {}}","{'node_level': {}, 'link_level': {}, 'path_level': {}}","{'node_level': {}, 'link_level': {}, 'path_level': {}}",[],-inf,-inf,True,True,False,0,[],0,0.0,0.0,0.0,3
137,11,4,7178.0,14237.0,5318165.2286521215,11068599.83541953,0.5041792512467514,0.4804731680364835,32,218,1,1161.0,11375,1725,9650,0.3488108720271801,0.3415216649607642,136,1387.0550029208707,1161.0,9,23,False,"{0: -1, 1: -1, 2: -1, 3: -1, 4: -1, 5: -1, 6: -1, 7: -1, 8: -1}",{},{},{},0.0,0.0,826.0,413.0,1849.0,0.0,0.0,0.0,0.0,0.0,0.0,0.0,0.0,0.0,Unknown Reason,0.0,"{'node_level': {}, 'link_level': {}, 'path_level': {}}","{'node_level': {}, 'link_level': {}, 'path_level': {}}","{'node_level': {}, 'link_level': {}, 'path_level': {}}",[],-inf,-inf,True,True,False,0,[],0,0.0,9.0,0.0,3
138,11,4,7178.0,14237.0,5318165.2286521215,11068599.83541953,0.5041792512467514,0.4804731680364835,32,219,1,1168.0,11375,1725,9650,0.3488108720271801,0.3415216649607642,137,734.0879291075967,1168.0,8,18,False,"{0: -1, 1: -1, 2: -1, 3: -1, 4: -1, 5: -1, 6: -1, 7: -1}",{},{},{},0.0,0.0,654.0,327.0,1545.0,0.0,0.0,0.0,0.0,0.0,0.0,0.0,0.0,0.0,Unknown Reason,0.0,"{'node_level': {}, 'link_level': {}, 'path_level': {}}","{'node_level': {}, 'link_level': {}, 'path_level': {}}","{'node_level': {}, 'link_level': {}, 'path_level': {}}",[],-inf,-inf,True,True,False,0,[],0,0.0,8.0,0.0,3
138,11,4,7178.0,14237.0,5318165.2286521215,11068599.83541953,0.5041792512467514,0.4804731680364835,32,220,0,1174.500615369933,11375,1725,9650,0.3488108720271801,0.3415216649607642,68,563.500615369933,611.0,8,8,False,{},{},{},{},0.0,0.0,0.0,0.0,0.0,0.0,0.0,0.0,0.0,0.0,0.0,0.0,0.0,0.0,Leave Event,0.0,"{'node_level': {}, 'link_level': {}, 'path_level': {}}","{'node_level': {}, 'link_level': {}, 'path_level': {}}","{'node_level': {}, 'link_level': {}, 'path_level': {}}",[],-inf,-inf,True,True,False,0,[],0,0.0,,,3
139,12,5,8019.0,16384.0,5384330.900606429,11237515.052644141,0.48944091796875,0.4791389266561666,33,221,1,1177.0,9228,1484,7744,0.43978859947149873,0.47157966564312526,138,78.6749963784867,1177.0,6,9,True,"{np.int64(0): np.int64(7), np.int64(1): np.int64(20), np.int64(2): np.int64(0), np.int64(3): np.int64(35), np.int64(4): np.int64(9), np.int64(5): np.int64(5)}","{(0, 2): [(np.int64(7), 4), (4, 0)], (0, 4): [(np.int64(7), 4), (4, 6), (6, 9)], (0, 5): [(np.int64(7), 5)], (1, 4): [(np.int64(20), 1), (1, 4), (4, 6), (6, 9)], (1, 5): [(np.int64(20), 1), (1, 4), (4, 7), (7, 5)], (2, 3): [(np.int64(0), 28), (28, 31), (31, 35)], (2, 4): [(np.int64(0), 12), (12, 1), (1, 4), (4, 6), (6, 9)], (3, 5): [(np.int64(35), 31), (31, 28), (28, 30), (30, 29), (29, 3), (3, 5)], (4, 5): [(np.int64(9), 6), (6, 5)]}","{(np.int64(0), np.int64(7)): {'cpu': 47}, (np.int64(1), np.int64(20)): {'cpu': 24}, (np.int64(2), np.int64(0)): {'cpu': 30}, (np.int64(3), np.int64(35)): {'cpu': 38}, (np.int64(4), np.int64(9)): {'cpu': 53}, (np.int64(5), np.int64(5)): {'cpu': 49}}","{((0, 2), (np.int64(7), 4)): {'bw': 47}, ((0, 2), (4, 0)): {'bw': 47}, ((0, 4), (np.int64(7), 4)): {'bw': 95}, ((0, 4), (4, 6)): {'bw': 95}, ((0, 4), (6, 9)): {'bw': 95}, ((0, 5), (np.int64(7), 5)): {'bw': 56}, ((1, 4), (np.int64(20), 1)): {'bw': 61}, ((1, 4), (1, 4)): {'bw': 61}, ((1, 4), (4, 6)): {'bw': 61}, ((1, 4), (6, 9)): {'bw': 61}, ((1, 5), (np.int64(20), 1)): {'bw': 68}, ((1, 5), (1, 4)): {'bw': 68}, ((1, 5), (4, 7)): {'bw': 68}, ((1, 5), (7, 5)): {'bw': 68}, ((2, 3), (np.int64(0), 28)): {'bw': 62}, ((2, 3), (28, 31)): {'bw': 62}, ((2, 3), (31, 35)): {'bw': 62}, ((2, 4), (np.int64(0), 12)): {'bw': 41}, ((2, 4), (12, 1)): {'bw': 41}, ((2, 4), (1, 4)): {'bw': 41}, ((2, 4), (4, 6)): {'bw': 41}, ((2, 4), (6, 9)): {'bw': 41}, ((3, 5), (np.int64(35), 31)): {'bw': 56}, ((3, 5), (31, 28)): {'bw': 56}, ((3, 5), (28, 30)): {'bw': 56}, ((3, 5), (30, 29)): {'bw': 56}, ((3, 5), (29, 3)): {'bw': 56}, ((3, 5), (3, 5)): {'bw': 56}, ((4, 5), (np.int64(9), 6)): {'bw': 114}, ((4, 5), (6, 5)): {'bw': 114}}",2147.0,841.0,1205.0,241.0,600.0,241.0,600.0,241.0,1906.0,1306.0,0.391709361900326,168915.21722461094,66165.67195430731,30.817732628927484,Success,0.0,"{'node_level': {}, 'link_level': {}, 'path_level': {}}","{'node_level': {np.int64(0): {'cpu': -13}, np.int64(1): {'cpu': -43}, np.int64(2): {'cpu': -62}, np.int64(3): {'cpu': -55}, np.int64(4): {'cpu': -38}, np.int64(5): {'cpu': -22}}, 'link_level': {(0, 2): {'bw': -38}, (0, 4): {'bw': -122}, (0, 5): {'bw': -77}, (1, 4): {'bw': -61}, (1, 5): {'bw': -9}, (2, 3): {'bw': -68}, (2, 4): {'bw': -20}, (3, 5): {'bw': -63}, (4, 5): {'bw': -88}}, 'path_level': {(0, 2): {}, (0, 4): {}, (0, 5): {}, (1, 4): {}, (1, 5): {}, (2, 3): {}, (2, 4): {}, (3, 5): {}, (4, 5): {}}}","{'node_level': {np.int64(0): {'cpu': 0}, np.int64(1): {'cpu': 0}, np.int64(2): {'cpu': 0}, np.int64(3): {'cpu': 0}, np.int64(4): {'cpu': 0}, np.int64(5): {'cpu': 0}}, 'link_level': {(0, 2): {'bw': 0}, (0, 4): {'bw': 0}, (0, 5): {'bw': 0}, (1, 4): {'bw': 0}, (1, 5): {'bw': 0}, (2, 3): {'bw': 0}, (2, 4): {'bw': 0}, (3, 5): {'bw': 0}, (4, 5): {'bw': 0}}, 'path_level': {(0, 2): {}, (0, 4): {}, (0, 5): {}, (1, 4): {}, (1, 5): {}, (2, 3): {}, (2, 4): {}, (3, 5): {}, (4, 5): {}}}",[],-inf,-inf,True,True,False,0,[],0,0.0,6.0,9.0,3
139,12,5,8019.0,16384.0,5384330.900606429,11237515.052644141,0.48944091796875,0.4791389266561666,33,222,0,1181.6754013758791,9228,1484,7744,0.43978859947149873,0.47157966564312526,124,117.67540137587906,1064.0,7,12,False,{},{},{},{},0.0,0.0,0.0,0.0,0.0,0.0,0.0,0.0,0.0,0.0,0.0,0.0,0.0,0.0,Leave Event,0.0,"{'node_level': {}, 'link_level': {}, 'path_level': {}}","{'node_level': {}, 'link_level': {}, 'path_level': {}}","{'node_level': {}, 'link_level': {}, 'path_level': {}}",[],-inf,-inf,True,True,False,0,[],0,0.0,,,3
140,12,5,8019.0,16384.0,5384330.900606429,11237515.052644141,0.48944091796875,0.4791389266561666,33,223,1,1187.0,9228,1484,7744,0.43978859947149873,0.47157966564312526,139,385.4834146371833,1187.0,6,10,False,"{0: -1, 1: -1, 2: -1, 3: -1, 4: -1, 5: -1}",{},{},{},0.0,0.0,562.0,281.0,876.0,0.0,0.0,0.0,0.0,0.0,0.0,0.0,0.0,0.0,Unknown Reason,0.0,"{'node_level': {}, 'link_level': {}, 'path_level': {}}","{'node_level': {}, 'link_level': {}, 'path_level': {}}","{'node_level': {}, 'link_level': {}, 'path_level': {}}",[],-inf,-inf,True,True,False,0,[],0,0.0,6.0,0.0,3
140,12,5,8019.0,16384.0,5384330.900606429,11237515.052644141,0.48944091796875,0.4791389266561666,33,224,0,1188.7161537804143,9228,1484,7744,0.43978859947149873,0.47157966564312526,70,556.7161537804143,632.0,5,6,False,{},{},{},{},0.0,0.0,0.0,0.0,0.0,0.0,0.0,0.0,0.0,0.0,0.0,0.0,0.0,0.0,Leave Event,0.0,"{'node_level': {}, 'link_level': {}, 'path_level': {}}","{'node_level': {}, 'link_level': {}, 'path_level': {}}","{'node_level': {}, 'link_level': {}, 'path_level': {}}",[],-inf,-inf,True,True,False,0,[],0,0.0,,,3
140,12,4,8019.0,16384.0,5384330.900606429,11237515.052644141,0.48944091796875,0.4791389266561666,33,225,0,1189.1120090598188,10856,1698,9158,0.35900339750849375,0.37509382463323093,41,843.1120090598189,346.0,5,7,False,{},{},{},{},0.0,0.0,0.0,0.0,0.0,0.0,0.0,0.0,0.0,0.0,0.0,0.0,0.0,0.0,Leave Event,0.0,"{'node_level': {}, 'link_level': {}, 'path_level': {}}","{'node_level': {}, 'link_level': {}, 'path_level': {}}","{'node_level': {}, 'link_level': {}, 'path_level': {}}",[],-inf,-inf,True,True,False,0,[],0,0.0,,,3
140,12,4,8019.0,16384.0,5384330.900606429,11237515.052644141,0.48944091796875,0.4791389266561666,33,226,0,1189.6961860426115,10856,1698,9158,0.35900339750849375,0.37509382463323093,96,352.6961860426115,837.0,9,10,False,{},{},{},{},0.0,0.0,0.0,0.0,0.0,0.0,0.0,0.0,0.0,0.0,0.0,0.0,0.0,0.0,Leave Event,0.0,"{'node_level': {}, 'link_level': {}, 'path_level': {}}","{'node_level': {}, 'link_level': {}, 'path_level': {}}","{'node_level': {}, 'link_level': {}, 'path_level': {}}",[],-inf,-inf,True,True,False,0,[],0,0.0,,,3
141,12,4,8019.0,16384.0,5384330.900606429,11237515.052644141,0.48944091796875,0.4791389266561666,33,227,1,1196.0,10856,1698,9158,0.35900339750849375,0.37509382463323093,140,2734.707737930094,1196.0,8,11,False,"{0: -1, 1: -1, 2: -1, 3: -1, 4: -1, 5: -1, 6: -1, 7: -1}",{},{},{},0.0,0.0,624.0,312.0,908.0,0.0,0.0,0.0,0.0,0.0,0.0,0.0,0.0,0.0,Unknown Reason,0.0,"{'node_level': {}, 'link_level': {}, 'path_level': {}}","{'node_level': {}, 'link_level': {}, 'path_level': {}}","{'node_level': {}, 'link_level': {}, 'path_level': {}}",[],-inf,-inf,True,True,False,0,[],0,0.0,8.0,0.0,3
141,12,4,8019.0,16384.0,5384330.900606429,11237515.052644141,0.48944091796875,0.4791389266561666,33,228,0,1197.0797119518284,10856,1698,9158,0.35900339750849375,0.37509382463323093,125,122.07971195182846,1075.0,6,6,False,{},{},{},{},0.0,0.0,0.0,0.0,0.0,0.0,0.0,0.0,0.0,0.0,0.0,0.0,0.0,0.0,Leave Event,0.0,"{'node_level': {}, 'link_level': {}, 'path_level': {}}","{'node_level': {}, 'link_level': {}, 'path_level': {}}","{'node_level': {}, 'link_level': {}, 'path_level': {}}",[],-inf,-inf,True,True,False,0,[],0,0.0,,,3
141,12,4,8019.0,16384.0,5384330.900606429,11237515.052644141,0.48944091796875,0.4791389266561666,33,229,0,1203.3227175451743,10856,1698,9158,0.35900339750849375,0.37509382463323093,60,665.3227175451742,538.0,6,10,False,{},{},{},{},0.0,0.0,0.0,0.0,0.0,0.0,0.0,0.0,0.0,0.0,0.0,0.0,0.0,0.0,Leave Event,0.0,"{'node_level': {}, 'link_level': {}, 'path_level': {}}","{'node_level': {}, 'link_level': {}, 'path_level': {}}","{'node_level': {}, 'link_level': {}, 'path_level': {}}",[],-inf,-inf,True,True,False,0,[],0,0.0,,,3
142,12,4,8019.0,16384.0,5384330.900606429,11237515.052644141,0.48944091796875,0.4791389266561666,33,230,1,1211.0,10856,1698,9158,0.35900339750849375,0.37509382463323093,141,25.150226606189406,1211.0,5,6,False,{},{},{},{},0.0,0.0,368.0,184.0,418.0,0.0,0.0,0.0,0.0,0.0,0.0,0.0,0.0,0.0,Unknown Reason,0.0,"{'node_level': {}, 'link_level': {}, 'path_level': {}}","{'node_level': {}, 'link_level': {}, 'path_level': {}}","{'node_level': {}, 'link_level': {}, 'path_level': {}}",[],-inf,-inf,True,True,False,0,[],0,0.0,0.0,0.0,3
143,12,4,8019.0,16384.0,5384330.900606429,11237515.052644141,0.48944091796875,0.4791389266561666,33,231,1,1221.0,10856,1698,9158,0.35900339750849375,0.37509382463323093,142,180.3557097190893,1221.0,9,14,False,"{0: -1, 1: -1, 2: -1, 3: -1, 4: -1, 5: -1, 6: -1, 7: -1, 8: -1}",{},{},{},0.0,0.0,718.0,359.0,1196.0,0.0,0.0,0.0,0.0,0.0,0.0,0.0,0.0,0.0,Unknown Reason,0.0,"{'node_level': {}, 'link_level': {}, 'path_level': {}}","{'node_level': {}, 'link_level': {}, 'path_level': {}}","{'node_level': {}, 'link_level': {}, 'path_level': {}}",[],-inf,-inf,True,True,False,0,[],0,0.0,9.0,0.0,3
144,12,4,8019.0,16384.0,5384330.900606429,11237515.052644141,0.48944091796875,0.4791389266561666,33,232,1,1231.0,10856,1698,9158,0.35900339750849375,0.37509382463323093,143,675.1034514207436,1231.0,9,23,False,"{0: -1, 1: -1, 2: -1, 3: -1, 4: -1, 5: -1, 6: -1, 7: -1, 8: -1}",{},{},{},0.0,0.0,754.0,377.0,1739.0,0.0,0.0,0.0,0.0,0.0,0.0,0.0,0.0,0.0,Unknown Reason,0.0,"{'node_level': {}, 'link_level': {}, 'path_level': {}}","{'node_level': {}, 'link_level': {}, 'path_level': {}}","{'node_level': {}, 'link_level': {}, 'path_level': {}}",[],-inf,-inf,True,True,False,0,[],0,0.0,9.0,0.0,3
144,12,4,8019.0,16384.0,5384330.900606429,11237515.052644141,0.48944091796875,0.4791389266561666,33,233,0,1236.1502266061893,10856,1698,9158,0.35900339750849375,0.37509382463323093,141,25.150226606189406,1211.0,5,6,False,{},{},{},{},0.0,0.0,0.0,0.0,0.0,0.0,0.0,0.0,0.0,0.0,0.0,0.0,0.0,0.0,Leave Event,0.0,"{'node_level': {}, 'link_level': {}, 'path_level': {}}","{'node_level': {}, 'link_level': {}, 'path_level': {}}","{'node_level': {}, 'link_level': {}, 'path_level': {}}",[],-inf,-inf,True,True,False,0,[],0,0.0,,,3
145,12,4,8019.0,16384.0,5384330.900606429,11237515.052644141,0.48944091796875,0.4791389266561666,33,234,1,1241.0,10856,1698,9158,0.35900339750849375,0.37509382463323093,144,20.078528472529662,1241.0,9,16,False,"{0: -1, 1: -1, 2: -1, 3: -1, 4: -1, 5: -1, 6: -1, 7: -1, 8: -1}",{},{},{},0.0,0.0,760.0,380.0,1243.0,0.0,0.0,0.0,0.0,0.0,0.0,0.0,0.0,0.0,Unknown Reason,0.0,"{'node_level': {}, 'link_level': {}, 'path_level': {}}","{'node_level': {}, 'link_level': {}, 'path_level': {}}","{'node_level': {}, 'link_level': {}, 'path_level': {}}",[],-inf,-inf,True,True,False,0,[],0,0.0,9.0,0.0,3
146,12,4,8019.0,16384.0,5384330.900606429,11237515.052644141,0.48944091796875,0.4791389266561666,33,235,1,1248.0,10856,1698,9158,0.35900339750849375,0.37509382463323093,145,686.5332994827498,1248.0,5,6,False,{},{},{},{},0.0,0.0,302.0,151.0,565.0,0.0,0.0,0.0,0.0,0.0,0.0,0.0,0.0,0.0,Unknown Reason,0.0,"{'node_level': {}, 'link_level': {}, 'path_level': {}}","{'node_level': {}, 'link_level': {}, 'path_level': {}}","{'node_level': {}, 'link_level': {}, 'path_level': {}}",[],-inf,-inf,True,True,False,0,[],0,0.0,0.0,0.0,3
146,12,4,8019.0,16384.0,5384330.900606429,11237515.052644141,0.48944091796875,0.4791389266561666,33,236,0,1254.853208974678,10856,1698,9158,0.35900339750849375,0.37509382463323093,105,337.8532089746779,917.0,5,4,False,{},{},{},{},0.0,0.0,0.0,0.0,0.0,0.0,0.0,0.0,0.0,0.0,0.0,0.0,0.0,0.0,Leave Event,0.0,"{'node_level': {}, 'link_level': {}, 'path_level': {}}","{'node_level': {}, 'link_level': {}, 'path_level': {}}","{'node_level': {}, 'link_level': {}, 'path_level': {}}",[],-inf,-inf,True,True,False,0,[],0,0.0,,,3
146,12,3,8019.0,16384.0,5384330.900606429,11237515.052644141,0.48944091796875,0.4791389266561666,33,237,0,1255.6749963784866,13003,1939,11064,0.2680256700641752,0.24503582395086998,138,78.6749963784867,1177.0,6,9,False,{},{},{},{},0.0,0.0,0.0,0.0,0.0,0.0,0.0,0.0,0.0,0.0,0.0,0.0,0.0,0.0,Leave Event,0.0,"{'node_level': {}, 'link_level': {}, 'path_level': {}}","{'node_level': {}, 'link_level': {}, 'path_level': {}}","{'node_level': {}, 'link_level': {}, 'path_level': {}}",[],-inf,-inf,True,True,False,0,[],0,0.0,,,3
147,13,4,8834.0,18067.0,5731503.931061596,11954438.01001352,0.48895776830685783,0.47944570261359476,33,238,1,1259.0,11320,1655,9665,0.37523593808984523,0.3404981235073353,146,425.97917847259674,1259.0,8,8,True,"{np.int64(0): np.int64(5), np.int64(1): np.int64(35), np.int64(2): np.int64(7), np.int64(3): np.int64(30), np.int64(4): np.int64(27), np.int64(5): np.int64(29), np.int64(6): np.int64(3), np.int64(7): np.int64(10)}","{(0, 1): [(np.int64(5), 2), (2, 29), (29, 31), (31, 35)], (0, 5): [(np.int64(5), 2), (2, 29)], (1, 3): [(np.int64(35), 31), (31, 28), (28, 30)], (2, 7): [(np.int64(7), 10)], (3, 5): [(np.int64(30), 29)], (4, 5): [(np.int64(27), 23), (23, 21), (21, 2), (2, 29)], (4, 6): [(np.int64(27), 23), (23, 21), (21, 3)], (6, 7): [(np.int64(3), 5), (5, 7), (7, 10)]}","{(np.int64(0), np.int64(5)): {'cpu': 30}, (np.int64(1), np.int64(35)): {'cpu': 35}, (np.int64(2), np.int64(7)): {'cpu': 26}, (np.int64(3), np.int64(30)): {'cpu': 38}, (np.int64(4), np.int64(27)): {'cpu': 27}, (np.int64(5), np.int64(29)): {'cpu': 44}, (np.int64(6), np.int64(3)): {'cpu': 33}, (np.int64(7), np.int64(10)): {'cpu': 51}}","{((0, 1), (np.int64(5), 2)): {'bw': 40}, ((0, 1), (2, 29)): {'bw': 40}, ((0, 1), (29, 31)): {'bw': 40}, ((0, 1), (31, 35)): {'bw': 40}, ((0, 5), (np.int64(5), 2)): {'bw': 53}, ((0, 5), (2, 29)): {'bw': 53}, ((1, 3), (np.int64(35), 31)): {'bw': 43}, ((1, 3), (31, 28)): {'bw': 43}, ((1, 3), (28, 30)): {'bw': 43}, ((2, 7), (np.int64(7), 10)): {'bw': 44}, ((3, 5), (np.int64(30), 29)): {'bw': 86}, ((4, 5), (np.int64(27), 23)): {'bw': 79}, ((4, 5), (23, 21)): {'bw': 79}, ((4, 5), (21, 2)): {'bw': 79}, ((4, 5), (2, 29)): {'bw': 79}, ((4, 6), (np.int64(27), 23)): {'bw': 72}, ((4, 6), (23, 21)): {'bw': 72}, ((4, 6), (21, 3)): {'bw': 72}, ((6, 7), (np.int64(3), 5)): {'bw': 114}, ((6, 7), (5, 7)): {'bw': 114}, ((6, 7), (7, 10)): {'bw': 114}}",1683.0,815.0,1704.0,284.0,531.0,284.0,531.0,284.0,1399.0,868.0,0.48425430778371953,716922.9573693803,347173.03045516636,206.28225220152487,Success,0.0,"{'node_level': {}, 'link_level': {}, 'path_level': {}}","{'node_level': {np.int64(0): {'cpu': -41}, np.int64(1): {'cpu': -58}, np.int64(2): {'cpu': -34}, np.int64(3): {'cpu': -3}, np.int64(4): {'cpu': -28}, np.int64(5): {'cpu': -17}, np.int64(6): {'cpu': -25}, np.int64(7): {'cpu': -9}}, 'link_level': {(0, 1): {'bw': -124}, (0, 5): {'bw': -98}, (1, 3): {'bw': -76}, (2, 7): {'bw': -321}, (3, 5): {'bw': -218}, (4, 5): {'bw': -43}, (4, 6): {'bw': -47}, (6, 7): {'bw': -95}}, 'path_level': {(0, 1): {}, (0, 5): {}, (1, 3): {}, (2, 7): {}, (3, 5): {}, (4, 5): {}, (4, 6): {}, (6, 7): {}}}","{'node_level': {np.int64(0): {'cpu': 0}, np.int64(1): {'cpu': 0}, np.int64(2): {'cpu': 0}, np.int64(3): {'cpu': 0}, np.int64(4): {'cpu': 0}, np.int64(5): {'cpu': 0}, np.int64(6): {'cpu': 0}, np.int64(7): {'cpu': 0}}, 'link_level': {(0, 1): {'bw': 0}, (0, 5): {'bw': 0}, (1, 3): {'bw': 0}, (2, 7): {'bw': 0}, (3, 5): {'bw': 0}, (4, 5): {'bw': 0}, (4, 6): {'bw': 0}, (6, 7): {'bw': 0}}, 'path_level': {(0, 1): {}, (0, 5): {}, (1, 3): {}, (2, 7): {}, (3, 5): {}, (4, 5): {}, (4, 6): {}, (6, 7): {}}}",[],-inf,-inf,True,True,False,0,[],0,0.0,8.0,8.0,3
147,13,4,8834.0,18067.0,5731503.931061596,11954438.01001352,0.48895776830685783,0.47944570261359476,33,239,0,1261.0785284725296,11320,1655,9665,0.37523593808984523,0.3404981235073353,144,20.078528472529662,1241.0,9,16,False,{},{},{},{},0.0,0.0,0.0,0.0,0.0,0.0,0.0,0.0,0.0,0.0,0.0,0.0,0.0,0.0,Leave Event,0.0,"{'node_level': {}, 'link_level': {}, 'path_level': {}}","{'node_level': {}, 'link_level': {}, 'path_level': {}}","{'node_level': {}, 'link_level': {}, 'path_level': {}}",[],-inf,-inf,True,True,False,0,[],0,0.0,,,3
147,13,4,8834.0,18067.0,5731503.931061596,11954438.01001352,0.48895776830685783,0.47944570261359476,33,240,0,1261.6089317019423,11320,1655,9665,0.37523593808984523,0.3404981235073353,101,381.6089317019422,880.0,5,7,False,{},{},{},{},0.0,0.0,0.0,0.0,0.0,0.0,0.0,0.0,0.0,0.0,0.0,0.0,0.0,0.0,Leave Event,0.0,"{'node_level': {}, 'link_level': {}, 'path_level': {}}","{'node_level': {}, 'link_level': {}, 'path_level': {}}","{'node_level': {}, 'link_level': {}, 'path_level': {}}",[],-inf,-inf,True,True,False,0,[],0,0.0,,,3
147,13,4,8834.0,18067.0,5731503.931061596,11954438.01001352,0.48895776830685783,0.47944570261359476,33,241,0,1263.5516338165016,11320,1655,9665,0.37523593808984523,0.3404981235073353,97,419.5516338165015,844.0,8,11,False,{},{},{},{},0.0,0.0,0.0,0.0,0.0,0.0,0.0,0.0,0.0,0.0,0.0,0.0,0.0,0.0,Leave Event,0.0,"{'node_level': {}, 'link_level': {}, 'path_level': {}}","{'node_level': {}, 'link_level': {}, 'path_level': {}}","{'node_level': {}, 'link_level': {}, 'path_level': {}}",[],-inf,-inf,True,True,False,0,[],0,0.0,,,3
148,13,4,8834.0,18067.0,5731503.931061596,11954438.01001352,0.48895776830685783,0.47944570261359476,33,242,1,1269.0,11320,1655,9665,0.37523593808984523,0.3404981235073353,147,657.8353377825421,1269.0,10,28,False,"{0: -1, 1: -1, 2: -1, 3: -1, 4: -1, 5: -1, 6: -1, 7: -1, 8: -1, 9: -1}",{},{},{},0.0,0.0,974.0,487.0,2204.0,0.0,0.0,0.0,0.0,0.0,0.0,0.0,0.0,0.0,Unknown Reason,0.0,"{'node_level': {}, 'link_level': {}, 'path_level': {}}","{'node_level': {}, 'link_level': {}, 'path_level': {}}","{'node_level': {}, 'link_level': {}, 'path_level': {}}",[],-inf,-inf,True,True,False,0,[],0,0.0,10.0,0.0,3
149,13,4,8834.0,18067.0,5731503.931061596,11954438.01001352,0.48895776830685783,0.47944570261359476,33,243,1,1283.0,11320,1655,9665,0.37523593808984523,0.3404981235073353,148,400.1798115176719,1283.0,8,9,False,"{0: -1, 1: -1, 2: -1, 3: -1, 4: -1, 5: -1, 6: -1, 7: -1}",{},{},{},0.0,0.0,624.0,312.0,747.0,0.0,0.0,0.0,0.0,0.0,0.0,0.0,0.0,0.0,Unknown Reason,0.0,"{'node_level': {}, 'link_level': {}, 'path_level': {}}","{'node_level': {}, 'link_level': {}, 'path_level': {}}","{'node_level': {}, 'link_level': {}, 'path_level': {}}",[],-inf,-inf,True,True,False,0,[],0,0.0,8.0,0.0,3
150,14,5,9265.0,18754.0,6335662.013785787,12917446.369251385,0.4940279407059827,0.490473258620772,33,244,1,1292.0,10633,1496,9137,0.43525858814647034,0.3765267826680314,149,1401.7588926315352,1292.0,5,4,True,"{np.int64(0): np.int64(0), np.int64(1): np.int64(11), np.int64(2): np.int64(5), np.int64(3): np.int64(8), np.int64(4): np.int64(28)}","{(0, 1): [(np.int64(0), 4), (4, 7), (7, 11)], (0, 3): [(np.int64(0), 4), (4, 6), (6, 8)], (0, 4): [(np.int64(0), 28)], (1, 2): [(np.int64(11), 7), (7, 5)]}","{(np.int64(0), np.int64(0)): {'cpu': 28}, (np.int64(1), np.int64(11)): {'cpu': 41}, (np.int64(2), np.int64(5)): {'cpu': 31}, (np.int64(3), np.int64(8)): {'cpu': 22}, (np.int64(4), np.int64(28)): {'cpu': 37}}","{((0, 1), (np.int64(0), 4)): {'bw': 45}, ((0, 1), (4, 7)): {'bw': 45}, ((0, 1), (7, 11)): {'bw': 45}, ((0, 3), (np.int64(0), 4)): {'bw': 57}, ((0, 3), (4, 6)): {'bw': 57}, ((0, 3), (6, 8)): {'bw': 57}, ((0, 4), (np.int64(0), 28)): {'bw': 118}, ((1, 2), (np.int64(11), 7)): {'bw': 52}, ((1, 2), (7, 5)): {'bw': 52}}",687.0,431.0,795.0,159.0,272.0,159.0,272.0,159.0,528.0,256.0,0.6273653566229985,963008.3592378647,604158.0827241917,879.4149675752426,Success,0.0,"{'node_level': {}, 'link_level': {}, 'path_level': {}}","{'node_level': {np.int64(0): {'cpu': -64}, np.int64(1): {'cpu': 0}, np.int64(2): {'cpu': -10}, np.int64(3): {'cpu': -71}, np.int64(4): {'cpu': -28}}, 'link_level': {(0, 1): {'bw': -88}, (0, 3): {'bw': -31}, (0, 4): {'bw': -60}, (1, 2): {'bw': -60}}, 'path_level': {(0, 1): {}, (0, 3): {}, (0, 4): {}, (1, 2): {}}}","{'node_level': {np.int64(0): {'cpu': 0}, np.int64(1): {'cpu': 0}, np.int64(2): {'cpu': 0}, np.int64(3): {'cpu': 0}, np.int64(4): {'cpu': 0}}, 'link_level': {(0, 1): {'bw': 0}, (0, 3): {'bw': 0}, (0, 4): {'bw': 0}, (1, 2): {'bw': 0}}, 'path_level': {(0, 1): {}, (0, 3): {}, (0, 4): {}, (1, 2): {}}}",[],-inf,-inf,True,True,False,0,[],0,0.0,5.0,4.0,3
150,14,5,9265.0,18754.0,6335662.013785787,12917446.369251385,0.4940279407059827,0.490473258620772,33,245,0,1299.750595008573,10633,1496,9137,0.43525858814647034,0.3765267826680314,116,300.7505950085731,999.0,9,18,False,{},{},{},{},0.0,0.0,0.0,0.0,0.0,0.0,0.0,0.0,0.0,0.0,0.0,0.0,0.0,0.0,Leave Event,0.0,"{'node_level': {}, 'link_level': {}, 'path_level': {}}","{'node_level': {}, 'link_level': {}, 'path_level': {}}","{'node_level': {}, 'link_level': {}, 'path_level': {}}",[],-inf,-inf,True,True,False,0,[],0,0.0,,,3
151,14,5,9265.0,18754.0,6335662.013785787,12917446.369251385,0.4940279407059827,0.490473258620772,33,246,1,1305.0,10633,1496,9137,0.43525858814647034,0.3765267826680314,150,212.63117042815426,1305.0,9,19,False,"{0: -1, 1: -1, 2: -1, 3: -1, 4: -1, 5: -1, 6: -1, 7: -1, 8: -1}",{},{},{},0.0,0.0,814.0,407.0,1573.0,0.0,0.0,0.0,0.0,0.0,0.0,0.0,0.0,0.0,Unknown Reason,0.0,"{'node_level': {}, 'link_level': {}, 'path_level': {}}","{'node_level': {}, 'link_level': {}, 'path_level': {}}","{'node_level': {}, 'link_level': {}, 'path_level': {}}",[],-inf,-inf,True,True,False,0,[],0,0.0,9.0,0.0,3
151,14,5,9265.0,18754.0,6335662.013785787,12917446.369251385,0.4940279407059827,0.490473258620772,33,247,0,1312.7511940358158,10633,1496,9137,0.43525858814647034,0.3765267826680314,120,282.75119403581584,1030.0,8,14,False,{},{},{},{},0.0,0.0,0.0,0.0,0.0,0.0,0.0,0.0,0.0,0.0,0.0,0.0,0.0,0.0,Leave Event,0.0,"{'node_level': {}, 'link_level': {}, 'path_level': {}}","{'node_level': {}, 'link_level': {}, 'path_level': {}}","{'node_level': {}, 'link_level': {}, 'path_level': {}}",[],-inf,-inf,True,True,False,0,[],0,0.0,,,3
152,15,6,9719.0,19405.0,6529615.02668138,13195559.610209603,0.5008502963153826,0.4948342639162737,33,248,1,1313.0,9982,1276,8706,0.5183087957719894,0.40593654042988736,151,427.2092795057113,1313.0,5,4,True,"{np.int64(0): np.int64(1), np.int64(1): np.int64(8), np.int64(2): np.int64(20), np.int64(3): np.int64(12), np.int64(4): np.int64(9)}","{(0, 2): [(np.int64(1), 20)], (0, 3): [(np.int64(1), 12)], (1, 4): [(np.int64(8), 6), (6, 9)], (2, 4): [(np.int64(20), 1), (1, 4), (4, 6), (6, 9)]}","{(np.int64(0), np.int64(1)): {'cpu': 42}, (np.int64(1), np.int64(8)): {'cpu': 54}, (np.int64(2), np.int64(20)): {'cpu': 39}, (np.int64(3), np.int64(12)): {'cpu': 37}, (np.int64(4), np.int64(9)): {'cpu': 48}}","{((0, 2), (np.int64(1), 20)): {'bw': 52}, ((0, 3), (np.int64(1), 12)): {'bw': 69}, ((1, 4), (np.int64(8), 6)): {'bw': 71}, ((1, 4), (6, 9)): {'bw': 71}, ((2, 4), (np.int64(20), 1)): {'bw': 42}, ((2, 4), (1, 4)): {'bw': 42}, ((2, 4), (4, 6)): {'bw': 42}, ((2, 4), (6, 9)): {'bw': 42}}",651.0,454.0,1540.0,220.0,234.0,220.0,234.0,220.0,431.0,197.0,0.6973886328725039,278113.24095821806,193953.01289559295,297.9308953849354,Success,0.0,"{'node_level': {}, 'link_level': {}, 'path_level': {}}","{'node_level': {np.int64(0): {'cpu': -32}, np.int64(1): {'cpu': -17}, np.int64(2): {'cpu': -28}, np.int64(3): {'cpu': -6}, np.int64(4): {'cpu': -43}}, 'link_level': {(0, 2): {'bw': -242}, (0, 3): {'bw': -151}, (1, 4): {'bw': -256}, (2, 4): {'bw': -118}}, 'path_level': {(0, 2): {}, (0, 3): {}, (1, 4): {}, (2, 4): {}}}","{'node_level': {np.int64(0): {'cpu': 0}, np.int64(1): {'cpu': 0}, np.int64(2): {'cpu': 0}, np.int64(3): {'cpu': 0}, np.int64(4): {'cpu': 0}}, 'link_level': {(0, 2): {'bw': 0}, (0, 3): {'bw': 0}, (1, 4): {'bw': 0}, (2, 4): {'bw': 0}}, 'path_level': {(0, 2): {}, (0, 3): {}, (1, 4): {}, (2, 4): {}}}",[],-inf,-inf,True,True,False,0,[],0,0.0,5.0,4.0,3
152,15,6,9719.0,19405.0,6529615.02668138,13195559.610209603,0.5008502963153826,0.4948342639162737,33,249,0,1315.6239355490602,9982,1276,8706,0.5183087957719894,0.40593654042988736,135,157.62393554906015,1158.0,6,8,False,{},{},{},{},0.0,0.0,0.0,0.0,0.0,0.0,0.0,0.0,0.0,0.0,0.0,0.0,0.0,0.0,Leave Event,0.0,"{'node_level': {}, 'link_level': {}, 'path_level': {}}","{'node_level': {}, 'link_level': {}, 'path_level': {}}","{'node_level': {}, 'link_level': {}, 'path_level': {}}",[],-inf,-inf,True,True,False,0,[],0,0.0,,,3
153,15,6,9719.0,19405.0,6529615.02668138,13195559.610209603,0.5008502963153826,0.4948342639162737,33,250,1,1320.0,9982,1276,8706,0.5183087957719894,0.40593654042988736,152,26.057331073211866,1320.0,5,5,False,{},{},{},{},0.0,0.0,456.0,228.0,402.0,0.0,0.0,0.0,0.0,0.0,0.0,0.0,0.0,0.0,Unknown Reason,0.0,"{'node_level': {}, 'link_level': {}, 'path_level': {}}","{'node_level': {}, 'link_level': {}, 'path_level': {}}","{'node_level': {}, 'link_level': {}, 'path_level': {}}",[],-inf,-inf,True,True,False,0,[],0,0.0,0.0,0.0,3
154,15,6,9719.0,19405.0,6529615.02668138,13195559.610209603,0.5008502963153826,0.4948342639162737,33,251,1,1330.0,9982,1276,8706,0.5183087957719894,0.40593654042988736,153,403.08273127640075,1330.0,9,14,False,"{0: -1, 1: -1, 2: -1, 3: -1, 4: -1, 5: -1, 6: -1, 7: -1, 8: -1}",{},{},{},0.0,0.0,666.0,333.0,1160.0,0.0,0.0,0.0,0.0,0.0,0.0,0.0,0.0,0.0,Unknown Reason,0.0,"{'node_level': {}, 'link_level': {}, 'path_level': {}}","{'node_level': {}, 'link_level': {}, 'path_level': {}}","{'node_level': {}, 'link_level': {}, 'path_level': {}}",[],-inf,-inf,True,True,False,0,[],0,0.0,9.0,0.0,3
155,15,6,9719.0,19405.0,6529615.02668138,13195559.610209603,0.5008502963153826,0.4948342639162737,33,252,1,1337.0,9982,1276,8706,0.5183087957719894,0.40593654042988736,154,271.8405369569273,1337.0,8,16,False,"{0: -1, 1: -1, 2: -1, 3: -1, 4: -1, 5: -1, 6: -1, 7: -1}",{},{},{},0.0,0.0,658.0,329.0,1394.0,0.0,0.0,0.0,0.0,0.0,0.0,0.0,0.0,0.0,Unknown Reason,0.0,"{'node_level': {}, 'link_level': {}, 'path_level': {}}","{'node_level': {}, 'link_level': {}, 'path_level': {}}","{'node_level': {}, 'link_level': {}, 'path_level': {}}",[],-inf,-inf,True,True,False,0,[],0,0.0,8.0,0.0,3
155,15,6,9719.0,19405.0,6529615.02668138,13195559.610209603,0.5008502963153826,0.4948342639162737,33,253,0,1343.4976755453772,9982,1276,8706,0.5183087957719894,0.40593654042988736,90,552.4976755453773,791.0,5,6,False,{},{},{},{},0.0,0.0,0.0,0.0,0.0,0.0,0.0,0.0,0.0,0.0,0.0,0.0,0.0,0.0,Leave Event,0.0,"{'node_level': {}, 'link_level': {}, 'path_level': {}}","{'node_level': {}, 'link_level': {}, 'path_level': {}}","{'node_level': {}, 'link_level': {}, 'path_level': {}}",[],-inf,-inf,True,True,False,0,[],0,0.0,,,3
155,15,6,9719.0,19405.0,6529615.02668138,13195559.610209603,0.5008502963153826,0.4948342639162737,33,254,0,1346.0573310732118,9982,1276,8706,0.5183087957719894,0.40593654042988736,152,26.057331073211866,1320.0,5,5,False,{},{},{},{},0.0,0.0,0.0,0.0,0.0,0.0,0.0,0.0,0.0,0.0,0.0,0.0,0.0,0.0,Leave Event,0.0,"{'node_level': {}, 'link_level': {}, 'path_level': {}}","{'node_level': {}, 'link_level': {}, 'path_level': {}}","{'node_level': {}, 'link_level': {}, 'path_level': {}}",[],-inf,-inf,True,True,False,0,[],0,0.0,,,3
156,15,6,9719.0,19405.0,6529615.02668138,13195559.610209603,0.5008502963153826,0.4948342639162737,33,255,1,1349.0,9982,1276,8706,0.5183087957719894,0.40593654042988736,155,2042.052219558653,1349.0,9,14,False,"{0: -1, 1: -1, 2: -1, 3: -1, 4: -1, 5: -1, 6: -1, 7: -1, 8: -1}",{},{},{},0.0,0.0,748.0,374.0,928.0,0.0,0.0,0.0,0.0,0.0,0.0,0.0,0.0,0.0,Unknown Reason,0.0,"{'node_level': {}, 'link_level': {}, 'path_level': {}}","{'node_level': {}, 'link_level': {}, 'path_level': {}}","{'node_level': {}, 'link_level': {}, 'path_level': {}}",[],-inf,-inf,True,True,False,0,[],0,0.0,9.0,0.0,3
156,15,6,9719.0,19405.0,6529615.02668138,13195559.610209603,0.5008502963153826,0.4948342639162737,33,256,0,1354.4342680199175,9982,1276,8706,0.5183087957719894,0.40593654042988736,82,627.4342680199173,727.0,9,17,False,{},{},{},{},0.0,0.0,0.0,0.0,0.0,0.0,0.0,0.0,0.0,0.0,0.0,0.0,0.0,0.0,Leave Event,0.0,"{'node_level': {}, 'link_level': {}, 'path_level': {}}","{'node_level': {}, 'link_level': {}, 'path_level': {}}","{'node_level': {}, 'link_level': {}, 'path_level': {}}",[],-inf,-inf,True,True,False,0,[],0,0.0,,,3
157,15,6,9719.0,19405.0,6529615.02668138,13195559.610209603,0.5008502963153826,0.4948342639162737,33,257,1,1361.0,9982,1276,8706,0.5183087957719894,0.40593654042988736,156,1455.7628358084437,1361.0,6,11,False,"{0: -1, 1: -1, 2: -1, 3: -1, 4: -1, 5: -1}",{},{},{},0.0,0.0,428.0,214.0,1098.0,0.0,0.0,0.0,0.0,0.0,0.0,0.0,0.0,0.0,Unknown Reason,0.0,"{'node_level': {}, 'link_level': {}, 'path_level': {}}","{'node_level': {}, 'link_level': {}, 'path_level': {}}","{'node_level': {}, 'link_level': {}, 'path_level': {}}",[],-inf,-inf,True,True,False,0,[],0,0.0,6.0,0.0,3
158,15,6,9719.0,19405.0,6529615.02668138,13195559.610209603,0.5008502963153826,0.4948342639162737,33,258,1,1368.0,9982,1276,8706,0.5183087957719894,0.40593654042988736,157,74.41210401633118,1368.0,7,10,False,"{0: -1, 1: -1, 2: -1, 3: -1, 4: -1, 5: -1, 6: -1}",{},{},{},0.0,0.0,528.0,264.0,749.0,0.0,0.0,0.0,0.0,0.0,0.0,0.0,0.0,0.0,Unknown Reason,0.0,"{'node_level': {}, 'link_level': {}, 'path_level': {}}","{'node_level': {}, 'link_level': {}, 'path_level': {}}","{'node_level': {}, 'link_level': {}, 'path_level': {}}",[],-inf,-inf,True,True,False,0,[],0,0.0,7.0,0.0,3
158,15,6,9719.0,19405.0,6529615.02668138,13195559.610209603,0.5008502963153826,0.4948342639162737,33,259,0,1370.7323226629762,9982,1276,8706,0.5183087957719894,0.40593654042988736,113,391.7323226629762,979.0,5,7,False,{},{},{},{},0.0,0.0,0.0,0.0,0.0,0.0,0.0,0.0,0.0,0.0,0.0,0.0,0.0,0.0,Leave Event,0.0,"{'node_level': {}, 'link_level': {}, 'path_level': {}}","{'node_level': {}, 'link_level': {}, 'path_level': {}}","{'node_level': {}, 'link_level': {}, 'path_level': {}}",[],-inf,-inf,True,True,False,0,[],0,0.0,,,3
159,15,6,9719.0,19405.0,6529615.02668138,13195559.610209603,0.5008502963153826,0.4948342639162737,33,260,1,1374.0,9982,1276,8706,0.5183087957719894,0.40593654042988736,158,21.253186108160808,1374.0,7,14,False,"{0: -1, 1: -1, 2: -1, 3: -1, 4: -1, 5: -1, 6: -1}",{},{},{},0.0,0.0,528.0,264.0,1174.0,0.0,0.0,0.0,0.0,0.0,0.0,0.0,0.0,0.0,Unknown Reason,0.0,"{'node_level': {}, 'link_level': {}, 'path_level': {}}","{'node_level': {}, 'link_level': {}, 'path_level': {}}","{'node_level': {}, 'link_level': {}, 'path_level': {}}",[],-inf,-inf,True,True,False,0,[],0,0.0,7.0,0.0,3
159,15,6,9719.0,19405.0,6529615.02668138,13195559.610209603,0.5008502963153826,0.4948342639162737,33,261,0,1375.5589550530274,9982,1276,8706,0.5183087957719894,0.40593654042988736,104,469.5589550530273,906.0,5,5,False,{},{},{},{},0.0,0.0,0.0,0.0,0.0,0.0,0.0,0.0,0.0,0.0,0.0,0.0,0.0,0.0,Leave Event,0.0,"{'node_level': {}, 'link_level': {}, 'path_level': {}}","{'node_level': {}, 'link_level': {}, 'path_level': {}}","{'node_level': {}, 'link_level': {}, 'path_level': {}}",[],-inf,-inf,True,True,False,0,[],0,0.0,,,3
159,15,6,9719.0,19405.0,6529615.02668138,13195559.610209603,0.5008502963153826,0.4948342639162737,33,262,0,1379.3136524834306,9982,1276,8706,0.5183087957719894,0.40593654042988736,131,251.31365248343067,1128.0,7,12,False,{},{},{},{},0.0,0.0,0.0,0.0,0.0,0.0,0.0,0.0,0.0,0.0,0.0,0.0,0.0,0.0,Leave Event,0.0,"{'node_level': {}, 'link_level': {}, 'path_level': {}}","{'node_level': {}, 'link_level': {}, 'path_level': {}}","{'node_level': {}, 'link_level': {}, 'path_level': {}}",[],-inf,-inf,True,True,False,0,[],0,0.0,,,3
160,15,6,9719.0,19405.0,6529615.02668138,13195559.610209603,0.5008502963153826,0.4948342639162737,33,263,1,1381.0,9982,1276,8706,0.5183087957719894,0.40593654042988736,159,64.3003937837447,1381.0,9,21,False,"{0: -1, 1: -1, 2: -1, 3: -1, 4: -1, 5: -1, 6: -1, 7: -1, 8: -1}",{},{},{},0.0,0.0,596.0,298.0,1641.0,0.0,0.0,0.0,0.0,0.0,0.0,0.0,0.0,0.0,Unknown Reason,0.0,"{'node_level': {}, 'link_level': {}, 'path_level': {}}","{'node_level': {}, 'link_level': {}, 'path_level': {}}","{'node_level': {}, 'link_level': {}, 'path_level': {}}",[],-inf,-inf,True,True,False,0,[],0,0.0,9.0,0.0,3
161,15,6,9719.0,19405.0,6529615.02668138,13195559.610209603,0.5008502963153826,0.4948342639162737,33,264,1,1388.0,9982,1276,8706,0.5183087957719894,0.40593654042988736,160,107.05905652106503,1388.0,10,24,False,"{0: -1, 1: -1, 2: -1, 3: -1, 4: -1, 5: -1, 6: -1, 7: -1, 8: -1, 9: -1}",{},{},{},0.0,0.0,872.0,436.0,2011.0,0.0,0.0,0.0,0.0,0.0,0.0,0.0,0.0,0.0,Unknown Reason,0.0,"{'node_level': {}, 'link_level': {}, 'path_level': {}}","{'node_level': {}, 'link_level': {}, 'path_level': {}}","{'node_level': {}, 'link_level': {}, 'path_level': {}}",[],-inf,-inf,True,True,False,0,[],0,0.0,10.0,0.0,3
161,15,6,9719.0,19405.0,6529615.02668138,13195559.610209603,0.5008502963153826,0.4948342639162737,33,265,0,1390.1618763584556,9982,1276,8706,0.5183087957719894,0.40593654042988736,111,430.1618763584557,960.0,9,18,False,{},{},{},{},0.0,0.0,0.0,0.0,0.0,0.0,0.0,0.0,0.0,0.0,0.0,0.0,0.0,0.0,Leave Event,0.0,"{'node_level': {}, 'link_level': {}, 'path_level': {}}","{'node_level': {}, 'link_level': {}, 'path_level': {}}","{'node_level': {}, 'link_level': {}, 'path_level': {}}",[],-inf,-inf,True,True,False,0,[],0,0.0,,,3
161,15,5,9719.0,19405.0,6529615.02668138,13195559.610209603,0.5008502963153826,0.4948342639162737,33,266,0,1392.5075851173528,11056,1503,9553,0.4326160815402038,0.3481405663596042,114,407.50758511735296,985.0,5,4,False,{},{},{},{},0.0,0.0,0.0,0.0,0.0,0.0,0.0,0.0,0.0,0.0,0.0,0.0,0.0,0.0,Leave Event,0.0,"{'node_level': {}, 'link_level': {}, 'path_level': {}}","{'node_level': {}, 'link_level': {}, 'path_level': {}}","{'node_level': {}, 'link_level': {}, 'path_level': {}}",[],-inf,-inf,True,True,False,0,[],0,0.0,,,3
161,15,5,9719.0,19405.0,6529615.02668138,13195559.610209603,0.5008502963153826,0.4948342639162737,33,267,0,1392.8326778496837,11056,1503,9553,0.4326160815402038,0.3481405663596042,117,382.8326778496837,1010.0,9,23,False,{},{},{},{},0.0,0.0,0.0,0.0,0.0,0.0,0.0,0.0,0.0,0.0,0.0,0.0,0.0,0.0,Leave Event,0.0,"{'node_level': {}, 'link_level': {}, 'path_level': {}}","{'node_level': {}, 'link_level': {}, 'path_level': {}}","{'node_level': {}, 'link_level': {}, 'path_level': {}}",[],-inf,-inf,True,True,False,0,[],0,0.0,,,3
161,15,5,9719.0,19405.0,6529615.02668138,13195559.610209603,0.5008502963153826,0.4948342639162737,33,268,0,1395.253186108161,11056,1503,9553,0.4326160815402038,0.3481405663596042,158,21.253186108160808,1374.0,7,14,False,{},{},{},{},0.0,0.0,0.0,0.0,0.0,0.0,0.0,0.0,0.0,0.0,0.0,0.0,0.0,0.0,Leave Event,0.0,"{'node_level': {}, 'link_level': {}, 'path_level': {}}","{'node_level': {}, 'link_level': {}, 'path_level': {}}","{'node_level': {}, 'link_level': {}, 'path_level': {}}",[],-inf,-inf,True,True,False,0,[],0,0.0,,,3
162,15,5,9719.0,19405.0,6529615.02668138,13195559.610209603,0.5008502963153826,0.4948342639162737,33,269,1,1396.0,11056,1503,9553,0.4326160815402038,0.3481405663596042,161,647.6202392747227,1396.0,9,15,False,"{0: -1, 1: -1, 2: -1, 3: -1, 4: -1, 5: -1, 6: -1, 7: -1, 8: -1}",{},{},{},0.0,0.0,770.0,385.0,1284.0,0.0,0.0,0.0,0.0,0.0,0.0,0.0,0.0,0.0,Unknown Reason,0.0,"{'node_level': {}, 'link_level': {}, 'path_level': {}}","{'node_level': {}, 'link_level': {}, 'path_level': {}}","{'node_level': {}, 'link_level': {}, 'path_level': {}}",[],-inf,-inf,True,True,False,0,[],0,0.0,9.0,0.0,3
162,15,5,9719.0,19405.0,6529615.02668138,13195559.610209603,0.5008502963153826,0.4948342639162737,33,270,0,1400.071189956217,11056,1503,9553,0.4326160815402038,0.3481405663596042,72,757.0711899562169,643.0,5,5,False,{},{},{},{},0.0,0.0,0.0,0.0,0.0,0.0,0.0,0.0,0.0,0.0,0.0,0.0,0.0,0.0,Leave Event,0.0,"{'node_level': {}, 'link_level': {}, 'path_level': {}}","{'node_level': {}, 'link_level': {}, 'path_level': {}}","{'node_level': {}, 'link_level': {}, 'path_level': {}}",[],-inf,-inf,True,True,False,0,[],0,0.0,,,3
162,15,5,9719.0,19405.0,6529615.02668138,13195559.610209603,0.5008502963153826,0.4948342639162737,33,271,0,1401.3557097190892,11056,1503,9553,0.4326160815402038,0.3481405663596042,142,180.3557097190893,1221.0,9,14,False,{},{},{},{},0.0,0.0,0.0,0.0,0.0,0.0,0.0,0.0,0.0,0.0,0.0,0.0,0.0,0.0,Leave Event,0.0,"{'node_level': {}, 'link_level': {}, 'path_level': {}}","{'node_level': {}, 'link_level': {}, 'path_level': {}}","{'node_level': {}, 'link_level': {}, 'path_level': {}}",[],-inf,-inf,True,True,False,0,[],0,0.0,,,3
162,15,5,9719.0,19405.0,6529615.02668138,13195559.610209603,0.5008502963153826,0.4948342639162737,33,272,0,1403.6247754682354,11056,1503,9553,0.4326160815402038,0.3481405663596042,84,664.6247754682353,739.0,9,22,False,{},{},{},{},0.0,0.0,0.0,0.0,0.0,0.0,0.0,0.0,0.0,0.0,0.0,0.0,0.0,0.0,Leave Event,0.0,"{'node_level': {}, 'link_level': {}, 'path_level': {}}","{'node_level': {}, 'link_level': {}, 'path_level': {}}","{'node_level': {}, 'link_level': {}, 'path_level': {}}",[],-inf,-inf,True,True,False,0,[],0,0.0,,,3
163,15,5,9719.0,19405.0,6529615.02668138,13195559.610209603,0.5008502963153826,0.4948342639162737,33,273,1,1406.0,11056,1503,9553,0.4326160815402038,0.3481405663596042,162,392.6070615668273,1406.0,6,8,False,{},{},{},{},0.0,0.0,430.0,215.0,621.0,0.0,0.0,0.0,0.0,0.0,0.0,0.0,0.0,0.0,Unknown Reason,0.0,"{'node_level': {}, 'link_level': {}, 'path_level': {}}","{'node_level': {}, 'link_level': {}, 'path_level': {}}","{'node_level': {}, 'link_level': {}, 'path_level': {}}",[],-inf,-inf,True,True,False,0,[],0,0.0,0.0,0.0,3
164,15,5,9719.0,19405.0,6529615.02668138,13195559.610209603,0.5008502963153826,0.4948342639162737,33,274,1,1415.0,11056,1503,9553,0.4326160815402038,0.3481405663596042,163,382.77865769651936,1415.0,7,10,False,"{0: -1, 1: -1, 2: -1, 3: -1, 4: -1, 5: -1, 6: -1}",{},{},{},0.0,0.0,654.0,327.0,802.0,0.0,0.0,0.0,0.0,0.0,0.0,0.0,0.0,0.0,Unknown Reason,0.0,"{'node_level': {}, 'link_level': {}, 'path_level': {}}","{'node_level': {}, 'link_level': {}, 'path_level': {}}","{'node_level': {}, 'link_level': {}, 'path_level': {}}",[],-inf,-inf,True,True,False,0,[],0,0.0,7.0,0.0,3
165,16,6,10563.0,21452.0,6793206.12149737,13834861.708655493,0.49240164087264593,0.4910208908880775,33,275,1,1429.0,9009,1239,7770,0.5322763306908267,0.4698055271238485,164,312.31172371562775,1429.0,6,7,True,"{np.int64(0): np.int64(31), np.int64(1): np.int64(0), np.int64(2): np.int64(24), np.int64(3): np.int64(32), np.int64(4): np.int64(34), np.int64(5): np.int64(30)}","{(0, 1): [(np.int64(31), 28), (28, 0)], (0, 4): [(np.int64(31), 34)], (0, 5): [(np.int64(31), 28), (28, 30)], (1, 5): [(np.int64(0), 12), (12, 1), (1, 28), (28, 30)], (2, 3): [(np.int64(24), 22), (22, 20), (20, 0), (0, 28), (28, 30), (30, 32)], (2, 5): [(np.int64(24), 22), (22, 21), (21, 3), (3, 29), (29, 30)], (3, 5): [(np.int64(32), 30)]}","{(np.int64(0), np.int64(31)): {'cpu': 33}, (np.int64(1), np.int64(0)): {'cpu': 44}, (np.int64(2), np.int64(24)): {'cpu': 46}, (np.int64(3), np.int64(32)): {'cpu': 44}, (np.int64(4), np.int64(34)): {'cpu': 54}, (np.int64(5), np.int64(30)): {'cpu': 43}}","{((0, 1), (np.int64(31), 28)): {'bw': 100}, ((0, 1), (28, 0)): {'bw': 100}, ((0, 4), (np.int64(31), 34)): {'bw': 57}, ((0, 5), (np.int64(31), 28)): {'bw': 68}, ((0, 5), (28, 30)): {'bw': 68}, ((1, 5), (np.int64(0), 12)): {'bw': 106}, ((1, 5), (12, 1)): {'bw': 106}, ((1, 5), (1, 28)): {'bw': 106}, ((1, 5), (28, 30)): {'bw': 106}, ((2, 3), (np.int64(24), 22)): {'bw': 61}, ((2, 3), (22, 20)): {'bw': 61}, ((2, 3), (20, 0)): {'bw': 61}, ((2, 3), (0, 28)): {'bw': 61}, ((2, 3), (28, 30)): {'bw': 61}, ((2, 3), (30, 32)): {'bw': 61}, ((2, 5), (np.int64(24), 22)): {'bw': 103}, ((2, 5), (22, 21)): {'bw': 103}, ((2, 5), (21, 3)): {'bw': 103}, ((2, 5), (3, 29)): {'bw': 103}, ((2, 5), (29, 30)): {'bw': 103}, ((3, 5), (np.int64(32), 30)): {'bw': 85}}",2047.0,844.0,1848.0,264.0,580.0,264.0,580.0,264.0,1783.0,1203.0,0.4123106985832926,639302.09844589,263591.09481598984,128.76946498094276,Success,0.0,"{'node_level': {}, 'link_level': {}, 'path_level': {}}","{'node_level': {np.int64(0): {'cpu': -46}, np.int64(1): {'cpu': -20}, np.int64(2): {'cpu': -6}, np.int64(3): {'cpu': -48}, np.int64(4): {'cpu': -3}, np.int64(5): {'cpu': -2}}, 'link_level': {(0, 1): {'bw': -69}, (0, 4): {'bw': -195}, (0, 5): {'bw': -154}, (1, 5): {'bw': -28}, (2, 3): {'bw': -8}, (2, 5): {'bw': -54}, (3, 5): {'bw': -243}}, 'path_level': {(0, 1): {}, (0, 4): {}, (0, 5): {}, (1, 5): {}, (2, 3): {}, (2, 5): {}, (3, 5): {}}}","{'node_level': {np.int64(0): {'cpu': 0}, np.int64(1): {'cpu': 0}, np.int64(2): {'cpu': 0}, np.int64(3): {'cpu': 0}, np.int64(4): {'cpu': 0}, np.int64(5): {'cpu': 0}}, 'link_level': {(0, 1): {'bw': 0}, (0, 4): {'bw': 0}, (0, 5): {'bw': 0}, (1, 5): {'bw': 0}, (2, 3): {'bw': 0}, (2, 5): {'bw': 0}, (3, 5): {'bw': 0}}, 'path_level': {(0, 1): {}, (0, 4): {}, (0, 5): {}, (1, 5): {}, (2, 3): {}, (2, 5): {}, (3, 5): {}}}",[],-inf,-inf,True,True,False,0,[],0,0.0,6.0,7.0,3
166,16,6,10563.0,21452.0,6793206.12149737,13834861.708655493,0.49240164087264593,0.4910208908880775,33,276,1,1435.0,9009,1239,7770,0.5322763306908267,0.4698055271238485,165,3.3583625805757333,1435.0,6,9,False,"{0: -1, 1: -1, 2: -1, 3: -1, 4: -1, 5: -1}",{},{},{},0.0,0.0,500.0,250.0,729.0,0.0,0.0,0.0,0.0,0.0,0.0,0.0,0.0,0.0,Unknown Reason,0.0,"{'node_level': {}, 'link_level': {}, 'path_level': {}}","{'node_level': {}, 'link_level': {}, 'path_level': {}}","{'node_level': {}, 'link_level': {}, 'path_level': {}}",[],-inf,-inf,True,True,False,0,[],0,0.0,6.0,0.0,3
166,16,6,10563.0,21452.0,6793206.12149737,13834861.708655493,0.49240164087264593,0.4910208908880775,33,277,0,1438.3583625805757,9009,1239,7770,0.5322763306908267,0.4698055271238485,165,3.3583625805757333,1435.0,6,9,False,{},{},{},{},0.0,0.0,0.0,0.0,0.0,0.0,0.0,0.0,0.0,0.0,0.0,0.0,0.0,0.0,Leave Event,0.0,"{'node_level': {}, 'link_level': {}, 'path_level': {}}","{'node_level': {}, 'link_level': {}, 'path_level': {}}","{'node_level': {}, 'link_level': {}, 'path_level': {}}",[],-inf,-inf,True,True,False,0,[],0,0.0,,,3
167,16,6,10563.0,21452.0,6793206.12149737,13834861.708655493,0.49240164087264593,0.4910208908880775,33,278,1,1442.0,9009,1239,7770,0.5322763306908267,0.4698055271238485,166,249.17843599376206,1442.0,5,4,False,{},{},{},{},0.0,0.0,396.0,198.0,306.0,0.0,0.0,0.0,0.0,0.0,0.0,0.0,0.0,0.0,Unknown Reason,0.0,"{'node_level': {}, 'link_level': {}, 'path_level': {}}","{'node_level': {}, 'link_level': {}, 'path_level': {}}","{'node_level': {}, 'link_level': {}, 'path_level': {}}",[],-inf,-inf,True,True,False,0,[],0,0.0,0.0,0.0,3
167,16,6,10563.0,21452.0,6793206.12149737,13834861.708655493,0.49240164087264593,0.4910208908880775,33,279,0,1442.412104016331,9009,1239,7770,0.5322763306908267,0.4698055271238485,157,74.41210401633118,1368.0,7,10,False,{},{},{},{},0.0,0.0,0.0,0.0,0.0,0.0,0.0,0.0,0.0,0.0,0.0,0.0,0.0,0.0,Leave Event,0.0,"{'node_level': {}, 'link_level': {}, 'path_level': {}}","{'node_level': {}, 'link_level': {}, 'path_level': {}}","{'node_level': {}, 'link_level': {}, 'path_level': {}}",[],-inf,-inf,True,True,False,0,[],0,0.0,,,3
167,16,6,10563.0,21452.0,6793206.12149737,13834861.708655493,0.49240164087264593,0.4910208908880775,33,280,0,1443.4583037388231,9009,1239,7770,0.5322763306908267,0.4698055271238485,129,333.4583037388232,1110.0,9,22,False,{},{},{},{},0.0,0.0,0.0,0.0,0.0,0.0,0.0,0.0,0.0,0.0,0.0,0.0,0.0,0.0,Leave Event,0.0,"{'node_level': {}, 'link_level': {}, 'path_level': {}}","{'node_level': {}, 'link_level': {}, 'path_level': {}}","{'node_level': {}, 'link_level': {}, 'path_level': {}}",[],-inf,-inf,True,True,False,0,[],0,0.0,,,3
167,16,6,10563.0,21452.0,6793206.12149737,13834861.708655493,0.49240164087264593,0.4910208908880775,33,281,0,1445.3003937837448,9009,1239,7770,0.5322763306908267,0.4698055271238485,159,64.3003937837447,1381.0,9,21,False,{},{},{},{},0.0,0.0,0.0,0.0,0.0,0.0,0.0,0.0,0.0,0.0,0.0,0.0,0.0,0.0,Leave Event,0.0,"{'node_level': {}, 'link_level': {}, 'path_level': {}}","{'node_level': {}, 'link_level': {}, 'path_level': {}}","{'node_level': {}, 'link_level': {}, 'path_level': {}}",[],-inf,-inf,True,True,False,0,[],0,0.0,,,3
168,16,6,10563.0,21452.0,6793206.12149737,13834861.708655493,0.49240164087264593,0.4910208908880775,33,282,1,1447.0,9009,1239,7770,0.5322763306908267,0.4698055271238485,167,3424.008470637874,1447.0,10,31,False,"{0: -1, 1: -1, 2: -1, 3: -1, 4: -1, 5: -1, 6: -1, 7: -1, 8: -1, 9: -1}",{},{},{},0.0,0.0,768.0,384.0,2120.0,0.0,0.0,0.0,0.0,0.0,0.0,0.0,0.0,0.0,Unknown Reason,0.0,"{'node_level': {}, 'link_level': {}, 'path_level': {}}","{'node_level': {}, 'link_level': {}, 'path_level': {}}","{'node_level': {}, 'link_level': {}, 'path_level': {}}",[],-inf,-inf,True,True,False,0,[],0,0.0,10.0,0.0,3
168,16,6,10563.0,21452.0,6793206.12149737,13834861.708655493,0.49240164087264593,0.4910208908880775,33,283,0,1451.087813201163,9009,1239,7770,0.5322763306908267,0.4698055271238485,126,363.08781320116316,1088.0,8,14,False,{},{},{},{},0.0,0.0,0.0,0.0,0.0,0.0,0.0,0.0,0.0,0.0,0.0,0.0,0.0,0.0,Leave Event,0.0,"{'node_level': {}, 'link_level': {}, 'path_level': {}}","{'node_level': {}, 'link_level': {}, 'path_level': {}}","{'node_level': {}, 'link_level': {}, 'path_level': {}}",[],-inf,-inf,True,True,False,0,[],0,0.0,,,3
169,16,6,10563.0,21452.0,6793206.12149737,13834861.708655493,0.49240164087264593,0.4910208908880775,33,284,1,1452.0,9009,1239,7770,0.5322763306908267,0.4698055271238485,168,858.2087730001672,1452.0,9,20,False,"{0: -1, 1: -1, 2: -1, 3: -1, 4: -1, 5: -1, 6: -1, 7: -1, 8: -1}",{},{},{},0.0,0.0,786.0,393.0,1604.0,0.0,0.0,0.0,0.0,0.0,0.0,0.0,0.0,0.0,Unknown Reason,0.0,"{'node_level': {}, 'link_level': {}, 'path_level': {}}","{'node_level': {}, 'link_level': {}, 'path_level': {}}","{'node_level': {}, 'link_level': {}, 'path_level': {}}",[],-inf,-inf,True,True,False,0,[],0,0.0,9.0,0.0,3
169,16,6,10563.0,21452.0,6793206.12149737,13834861.708655493,0.49240164087264593,0.4910208908880775,33,285,0,1452.7668153316388,9009,1239,7770,0.5322763306908267,0.4698055271238485,110,498.7668153316388,954.0,8,15,False,{},{},{},{},0.0,0.0,0.0,0.0,0.0,0.0,0.0,0.0,0.0,0.0,0.0,0.0,0.0,0.0,Leave Event,0.0,"{'node_level': {}, 'link_level': {}, 'path_level': {}}","{'node_level': {}, 'link_level': {}, 'path_level': {}}","{'node_level': {}, 'link_level': {}, 'path_level': {}}",[],-inf,-inf,True,True,False,0,[],0,0.0,,,3
170,16,6,10563.0,21452.0,6793206.12149737,13834861.708655493,0.49240164087264593,0.4910208908880775,33,286,1,1458.0,9009,1239,7770,0.5322763306908267,0.4698055271238485,169,425.32255752907787,1458.0,9,18,False,"{0: -1, 1: -1, 2: -1, 3: -1, 4: -1, 5: -1, 6: -1, 7: -1, 8: -1}",{},{},{},0.0,0.0,568.0,284.0,1454.0,0.0,0.0,0.0,0.0,0.0,0.0,0.0,0.0,0.0,Unknown Reason,0.0,"{'node_level': {}, 'link_level': {}, 'path_level': {}}","{'node_level': {}, 'link_level': {}, 'path_level': {}}","{'node_level': {}, 'link_level': {}, 'path_level': {}}",[],-inf,-inf,True,True,False,0,[],0,0.0,9.0,0.0,3
171,16,6,10563.0,21452.0,6793206.12149737,13834861.708655493,0.49240164087264593,0.4910208908880775,33,287,1,1464.0,9009,1239,7770,0.5322763306908267,0.4698055271238485,170,109.36599870624359,1464.0,9,20,False,"{0: -1, 1: -1, 2: -1, 3: -1, 4: -1, 5: -1, 6: -1, 7: -1, 8: -1}",{},{},{},0.0,0.0,864.0,432.0,1825.0,0.0,0.0,0.0,0.0,0.0,0.0,0.0,0.0,0.0,Unknown Reason,0.0,"{'node_level': {}, 'link_level': {}, 'path_level': {}}","{'node_level': {}, 'link_level': {}, 'path_level': {}}","{'node_level': {}, 'link_level': {}, 'path_level': {}}",[],-inf,-inf,True,True,False,0,[],0,0.0,9.0,0.0,3
171,16,6,10563.0,21452.0,6793206.12149737,13834861.708655493,0.49240164087264593,0.4910208908880775,33,288,0,1468.3875681485183,9009,1239,7770,0.5322763306908267,0.4698055271238485,65,881.3875681485184,587.0,9,18,False,{},{},{},{},0.0,0.0,0.0,0.0,0.0,0.0,0.0,0.0,0.0,0.0,0.0,0.0,0.0,0.0,Leave Event,0.0,"{'node_level': {}, 'link_level': {}, 'path_level': {}}","{'node_level': {}, 'link_level': {}, 'path_level': {}}","{'node_level': {}, 'link_level': {}, 'path_level': {}}",[],-inf,-inf,True,True,False,0,[],0,0.0,,,3
172,16,6,10563.0,21452.0,6793206.12149737,13834861.708655493,0.49240164087264593,0.4910208908880775,33,289,1,1471.0,9009,1239,7770,0.5322763306908267,0.4698055271238485,171,1265.8068669469217,1471.0,10,24,False,"{0: -1, 1: -1, 2: -1, 3: -1, 4: -1, 5: -1, 6: -1, 7: -1, 8: -1, 9: -1}",{},{},{},0.0,0.0,702.0,351.0,1807.0,0.0,0.0,0.0,0.0,0.0,0.0,0.0,0.0,0.0,Unknown Reason,0.0,"{'node_level': {}, 'link_level': {}, 'path_level': {}}","{'node_level': {}, 'link_level': {}, 'path_level': {}}","{'node_level': {}, 'link_level': {}, 'path_level': {}}",[],-inf,-inf,True,True,False,0,[],0,0.0,10.0,0.0,3
173,16,6,10563.0,21452.0,6793206.12149737,13834861.708655493,0.49240164087264593,0.4910208908880775,33,290,1,1477.0,9009,1239,7770,0.5322763306908267,0.4698055271238485,172,275.95164441107164,1477.0,7,10,False,"{0: -1, 1: -1, 2: -1, 3: -1, 4: -1, 5: -1, 6: -1}",{},{},{},0.0,0.0,424.0,212.0,860.0,0.0,0.0,0.0,0.0,0.0,0.0,0.0,0.0,0.0,Unknown Reason,0.0,"{'node_level': {}, 'link_level': {}, 'path_level': {}}","{'node_level': {}, 'link_level': {}, 'path_level': {}}","{'node_level': {}, 'link_level': {}, 'path_level': {}}",[],-inf,-inf,True,True,False,0,[],0,0.0,7.0,0.0,3
173,16,6,10563.0,21452.0,6793206.12149737,13834861.708655493,0.49240164087264593,0.4910208908880775,33,291,0,1482.6727257019452,9009,1239,7770,0.5322763306908267,0.4698055271238485,106,561.6727257019453,921.0,6,6,False,{},{},{},{},0.0,0.0,0.0,0.0,0.0,0.0,0.0,0.0,0.0,0.0,0.0,0.0,0.0,0.0,Leave Event,0.0,"{'node_level': {}, 'link_level': {}, 'path_level': {}}","{'node_level': {}, 'link_level': {}, 'path_level': {}}","{'node_level': {}, 'link_level': {}, 'path_level': {}}",[],-inf,-inf,True,True,False,0,[],0,0.0,,,3
174,17,7,11202.0,23089.0,7101784.096254108,14625381.496882064,0.48516609640954567,0.48557940849393316,33,292,1,1483.0,7372,997,6375,0.6236315590788977,0.5649948822927329,173,482.90762872728857,1483.0,5,5,True,"{np.int64(0): np.int64(25), np.int64(1): np.int64(33), np.int64(2): np.int64(26), np.int64(3): np.int64(22), np.int64(4): np.int64(13)}","{(0, 1): [(np.int64(25), 22), (22, 21), (21, 2), (2, 29), (29, 30), (30, np.int64(33))], (0, 2): [(np.int64(25), 22), (22, 20), (20, 23), (23, np.int64(26))], (0, 3): [(np.int64(25), 22)], (2, 4): [(np.int64(26), 23), (23, 20), (20, 22), (22, 21), (21, 3), (3, 13)], (3, 4): [(np.int64(22), 21), (21, 3), (3, np.int64(13))]}","{(np.int64(0), np.int64(25)): {'cpu': 43}, (np.int64(1), np.int64(33)): {'cpu': 58}, (np.int64(2), np.int64(26)): {'cpu': 32}, (np.int64(3), np.int64(22)): {'cpu': 58}, (np.int64(4), np.int64(13)): {'cpu': 51}}","{((0, 1), (np.int64(25), 22)): {'bw': 45}, ((0, 1), (22, 21)): {'bw': 45}, ((0, 1), (21, 2)): {'bw': 45}, ((0, 1), (2, 29)): {'bw': 45}, ((0, 1), (29, 30)): {'bw': 45}, ((0, 1), (30, np.int64(33))): {'bw': 45}, ((0, 2), (np.int64(25), 22)): {'bw': 103}, ((0, 2), (22, 20)): {'bw': 103}, ((0, 2), (20, 23)): {'bw': 103}, ((0, 2), (23, np.int64(26))): {'bw': 103}, ((0, 3), (np.int64(25), 22)): {'bw': 107}, ((2, 4), (np.int64(26), 23)): {'bw': 60}, ((2, 4), (23, 20)): {'bw': 60}, ((2, 4), (20, 22)): {'bw': 60}, ((2, 4), (22, 21)): {'bw': 60}, ((2, 4), (21, 3)): {'bw': 60}, ((2, 4), (3, 13)): {'bw': 60}, ((3, 4), (np.int64(22), 21)): {'bw': 82}, ((3, 4), (21, 3)): {'bw': 82}, ((3, 4), (3, np.int64(13))): {'bw': 82}}",1637.0,639.0,726.0,242.0,397.0,242.0,397.0,242.0,1395.0,998.0,0.39034819792302994,790519.7882265714,308577.9747567374,188.5021226369807,Success,0.0,"{'node_level': {}, 'link_level': {}, 'path_level': {}}","{'node_level': {np.int64(0): {'cpu': -8}, np.int64(1): {'cpu': -16}, np.int64(2): {'cpu': -44}, np.int64(3): {'cpu': -14}, np.int64(4): {'cpu': -4}}, 'link_level': {(0, 1): {'bw': -19}, (0, 2): {'bw': -127}, (0, 3): {'bw': -20}, (2, 4): {'bw': -112}, (3, 4): {'bw': -30}}, 'path_level': {(0, 1): {}, (0, 2): {}, (0, 3): {}, (2, 4): {}, (3, 4): {}}}","{'node_level': {np.int64(0): {'cpu': 0}, np.int64(1): {'cpu': 0}, np.int64(2): {'cpu': 0}, np.int64(3): {'cpu': 0}, np.int64(4): {'cpu': 0}}, 'link_level': {(0, 1): {'bw': 0}, (0, 2): {'bw': 0}, (0, 3): {'bw': 0}, (2, 4): {'bw': 0}, (3, 4): {'bw': 0}}, 'path_level': {(0, 1): {}, (0, 2): {}, (0, 3): {}, (2, 4): {}, (3, 4): {}}}",[],-inf,-inf,True,True,False,0,[],0,0.0,5.0,5.0,3
175,17,7,11202.0,23089.0,7101784.096254108,14625381.496882064,0.48516609640954567,0.48557940849393316,33,293,1,1491.0,7372,997,6375,0.6236315590788977,0.5649948822927329,174,113.51784339133744,1491.0,9,18,False,"{0: -1, 1: -1, 2: -1, 3: -1, 4: -1, 5: -1, 6: -1, 7: -1, 8: -1}",{},{},{},0.0,0.0,856.0,428.0,1379.0,0.0,0.0,0.0,0.0,0.0,0.0,0.0,0.0,0.0,Unknown Reason,0.0,"{'node_level': {}, 'link_level': {}, 'path_level': {}}","{'node_level': {}, 'link_level': {}, 'path_level': {}}","{'node_level': {}, 'link_level': {}, 'path_level': {}}",[],-inf,-inf,True,True,False,0,[],0,0.0,9.0,0.0,3
175,17,7,11202.0,23089.0,7101784.096254108,14625381.496882064,0.48516609640954567,0.48557940849393316,33,294,0,1495.059056521065,7372,997,6375,0.6236315590788977,0.5649948822927329,160,107.05905652106503,1388.0,10,24,False,{},{},{},{},0.0,0.0,0.0,0.0,0.0,0.0,0.0,0.0,0.0,0.0,0.0,0.0,0.0,0.0,Leave Event,0.0,"{'node_level': {}, 'link_level': {}, 'path_level': {}}","{'node_level': {}, 'link_level': {}, 'path_level': {}}","{'node_level': {}, 'link_level': {}, 'path_level': {}}",[],-inf,-inf,True,True,False,0,[],0,0.0,,,3
175,17,7,11202.0,23089.0,7101784.096254108,14625381.496882064,0.48516609640954567,0.48557940849393316,33,295,0,1497.8293003112844,7372,997,6375,0.6236315590788977,0.5649948822927329,112,525.8293003112843,972.0,7,10,False,{},{},{},{},0.0,0.0,0.0,0.0,0.0,0.0,0.0,0.0,0.0,0.0,0.0,0.0,0.0,0.0,Leave Event,0.0,"{'node_level': {}, 'link_level': {}, 'path_level': {}}","{'node_level': {}, 'link_level': {}, 'path_level': {}}","{'node_level': {}, 'link_level': {}, 'path_level': {}}",[],-inf,-inf,True,True,False,0,[],0,0.0,,,3
176,17,7,11202.0,23089.0,7101784.096254108,14625381.496882064,0.48516609640954567,0.48557940849393316,33,296,1,1500.0,7372,997,6375,0.6236315590788977,0.5649948822927329,175,198.79738814190407,1500.0,7,10,False,"{0: -1, 1: -1, 2: -1, 3: -1, 4: -1, 5: -1, 6: -1}",{},{},{},0.0,0.0,510.0,255.0,935.0,0.0,0.0,0.0,0.0,0.0,0.0,0.0,0.0,0.0,Unknown Reason,0.0,"{'node_level': {}, 'link_level': {}, 'path_level': {}}","{'node_level': {}, 'link_level': {}, 'path_level': {}}","{'node_level': {}, 'link_level': {}, 'path_level': {}}",[],-inf,-inf,True,True,False,0,[],0,0.0,7.0,0.0,3
177,17,7,11202.0,23089.0,7101784.096254108,14625381.496882064,0.48516609640954567,0.48557940849393316,33,297,1,1510.0,7372,997,6375,0.6236315590788977,0.5649948822927329,176,211.52449845796346,1510.0,5,5,False,"{0: -1, 1: -1, 2: -1, 3: -1, 4: -1}",{},{},{},0.0,0.0,346.0,173.0,341.0,0.0,0.0,0.0,0.0,0.0,0.0,0.0,0.0,0.0,Unknown Reason,0.0,"{'node_level': {}, 'link_level': {}, 'path_level': {}}","{'node_level': {}, 'link_level': {}, 'path_level': {}}","{'node_level': {}, 'link_level': {}, 'path_level': {}}",[],-inf,-inf,True,True,False,0,[],0,0.0,5.0,0.0,3
177,17,7,11202.0,23089.0,7101784.096254108,14625381.496882064,0.48516609640954567,0.48557940849393316,33,298,0,1517.227231576257,7372,997,6375,0.6236315590788977,0.5649948822927329,127,422.22723157625694,1095.0,10,20,False,{},{},{},{},0.0,0.0,0.0,0.0,0.0,0.0,0.0,0.0,0.0,0.0,0.0,0.0,0.0,0.0,Leave Event,0.0,"{'node_level': {}, 'link_level': {}, 'path_level': {}}","{'node_level': {}, 'link_level': {}, 'path_level': {}}","{'node_level': {}, 'link_level': {}, 'path_level': {}}",[],-inf,-inf,True,True,False,0,[],0,0.0,,,3
177,17,7,11202.0,23089.0,7101784.096254108,14625381.496882064,0.48516609640954567,0.48557940849393316,33,299,0,1517.6311704281543,7372,997,6375,0.6236315590788977,0.5649948822927329,150,212.63117042815426,1305.0,9,19,False,{},{},{},{},0.0,0.0,0.0,0.0,0.0,0.0,0.0,0.0,0.0,0.0,0.0,0.0,0.0,0.0,Leave Event,0.0,"{'node_level': {}, 'link_level': {}, 'path_level': {}}","{'node_level': {}, 'link_level': {}, 'path_level': {}}","{'node_level': {}, 'link_level': {}, 'path_level': {}}",[],-inf,-inf,True,True,False,0,[],0,0.0,,,3
178,17,7,11202.0,23089.0,7101784.096254108,14625381.496882064,0.48516609640954567,0.48557940849393316,33,300,1,1519.0,7372,997,6375,0.6236315590788977,0.5649948822927329,177,251.05838673262554,1519.0,9,19,False,"{0: -1, 1: -1, 2: -1, 3: -1, 4: -1, 5: -1, 6: -1, 7: -1, 8: -1}",{},{},{},0.0,0.0,848.0,424.0,1494.0,0.0,0.0,0.0,0.0,0.0,0.0,0.0,0.0,0.0,Unknown Reason,0.0,"{'node_level': {}, 'link_level': {}, 'path_level': {}}","{'node_level': {}, 'link_level': {}, 'path_level': {}}","{'node_level': {}, 'link_level': {}, 'path_level': {}}",[],-inf,-inf,True,True,False,0,[],0,0.0,9.0,0.0,3
179,17,7,11202.0,23089.0,7101784.096254108,14625381.496882064,0.48516609640954567,0.48557940849393316,33,301,1,1529.0,7372,997,6375,0.6236315590788977,0.5649948822927329,178,11.241369939923967,1529.0,9,20,False,"{0: -1, 1: -1, 2: -1, 3: -1, 4: -1, 5: -1, 6: -1, 7: -1, 8: -1}",{},{},{},0.0,0.0,696.0,348.0,1748.0,0.0,0.0,0.0,0.0,0.0,0.0,0.0,0.0,0.0,Unknown Reason,0.0,"{'node_level': {}, 'link_level': {}, 'path_level': {}}","{'node_level': {}, 'link_level': {}, 'path_level': {}}","{'node_level': {}, 'link_level': {}, 'path_level': {}}",[],-inf,-inf,True,True,False,0,[],0,0.0,9.0,0.0,3
180,17,7,11202.0,23089.0,7101784.096254108,14625381.496882064,0.48516609640954567,0.48557940849393316,33,302,1,1532.0,7372,997,6375,0.6236315590788977,0.5649948822927329,179,539.9154622170771,1532.0,6,5,False,"{0: -1, 1: -1, 2: -1, 3: -1, 4: -1, 5: -1}",{},{},{},0.0,0.0,382.0,191.0,493.0,0.0,0.0,0.0,0.0,0.0,0.0,0.0,0.0,0.0,Unknown Reason,0.0,"{'node_level': {}, 'link_level': {}, 'path_level': {}}","{'node_level': {}, 'link_level': {}, 'path_level': {}}","{'node_level': {}, 'link_level': {}, 'path_level': {}}",[],-inf,-inf,True,True,False,0,[],0,0.0,6.0,0.0,3
180,17,7,11202.0,23089.0,7101784.096254108,14625381.496882064,0.48516609640954567,0.48557940849393316,33,303,0,1532.6876602953973,7372,997,6375,0.6236315590788977,0.5649948822927329,63,972.6876602953973,560.0,7,11,False,{},{},{},{},0.0,0.0,0.0,0.0,0.0,0.0,0.0,0.0,0.0,0.0,0.0,0.0,0.0,0.0,Leave Event,0.0,"{'node_level': {}, 'link_level': {}, 'path_level': {}}","{'node_level': {}, 'link_level': {}, 'path_level': {}}","{'node_level': {}, 'link_level': {}, 'path_level': {}}",[],-inf,-inf,True,True,False,0,[],0,0.0,,,3
181,17,7,11202.0,23089.0,7101784.096254108,14625381.496882064,0.48516609640954567,0.48557940849393316,33,304,1,1535.0,7372,997,6375,0.6236315590788977,0.5649948822927329,180,93.1587758775829,1535.0,9,17,False,"{0: -1, 1: -1, 2: -1, 3: -1, 4: -1, 5: -1, 6: -1, 7: -1, 8: -1}",{},{},{},0.0,0.0,728.0,364.0,1356.0,0.0,0.0,0.0,0.0,0.0,0.0,0.0,0.0,0.0,Unknown Reason,0.0,"{'node_level': {}, 'link_level': {}, 'path_level': {}}","{'node_level': {}, 'link_level': {}, 'path_level': {}}","{'node_level': {}, 'link_level': {}, 'path_level': {}}",[],-inf,-inf,True,True,False,0,[],0,0.0,9.0,0.0,3
182,17,7,11202.0,23089.0,7101784.096254108,14625381.496882064,0.48516609640954567,0.48557940849393316,33,305,1,1539.0,7372,997,6375,0.6236315590788977,0.5649948822927329,181,462.2878075350213,1539.0,5,6,False,"{0: -1, 1: -1, 2: -1, 3: -1, 4: -1}",{},{},{},0.0,0.0,492.0,246.0,502.0,0.0,0.0,0.0,0.0,0.0,0.0,0.0,0.0,0.0,Unknown Reason,0.0,"{'node_level': {}, 'link_level': {}, 'path_level': {}}","{'node_level': {}, 'link_level': {}, 'path_level': {}}","{'node_level': {}, 'link_level': {}, 'path_level': {}}",[],-inf,-inf,True,True,False,0,[],0,0.0,5.0,0.0,3
182,17,7,11202.0,23089.0,7101784.096254108,14625381.496882064,0.48516609640954567,0.48557940849393316,33,306,0,1540.241369939924,7372,997,6375,0.6236315590788977,0.5649948822927329,178,11.241369939923967,1529.0,9,20,False,{},{},{},{},0.0,0.0,0.0,0.0,0.0,0.0,0.0,0.0,0.0,0.0,0.0,0.0,0.0,0.0,Leave Event,0.0,"{'node_level': {}, 'link_level': {}, 'path_level': {}}","{'node_level': {}, 'link_level': {}, 'path_level': {}}","{'node_level': {}, 'link_level': {}, 'path_level': {}}",[],-inf,-inf,True,True,False,0,[],0,0.0,,,3
183,17,7,11202.0,23089.0,7101784.096254108,14625381.496882064,0.48516609640954567,0.48557940849393316,33,307,1,1545.0,7372,997,6375,0.6236315590788977,0.5649948822927329,182,483.2401421923727,1545.0,10,22,False,"{0: -1, 1: -1, 2: -1, 3: -1, 4: -1, 5: -1, 6: -1, 7: -1, 8: -1, 9: -1}",{},{},{},0.0,0.0,852.0,426.0,1729.0,0.0,0.0,0.0,0.0,0.0,0.0,0.0,0.0,0.0,Unknown Reason,0.0,"{'node_level': {}, 'link_level': {}, 'path_level': {}}","{'node_level': {}, 'link_level': {}, 'path_level': {}}","{'node_level': {}, 'link_level': {}, 'path_level': {}}",[],-inf,-inf,True,True,False,0,[],0,0.0,10.0,0.0,3
184,17,7,11202.0,23089.0,7101784.096254108,14625381.496882064,0.48516609640954567,0.48557940849393316,33,308,1,1547.0,7372,997,6375,0.6236315590788977,0.5649948822927329,183,598.5064510869279,1547.0,9,25,False,"{0: -1, 1: -1, 2: -1, 3: -1, 4: -1, 5: -1, 6: -1, 7: -1, 8: -1}",{},{},{},0.0,0.0,808.0,404.0,1867.0,0.0,0.0,0.0,0.0,0.0,0.0,0.0,0.0,0.0,Unknown Reason,0.0,"{'node_level': {}, 'link_level': {}, 'path_level': {}}","{'node_level': {}, 'link_level': {}, 'path_level': {}}","{'node_level': {}, 'link_level': {}, 'path_level': {}}",[],-inf,-inf,True,True,False,0,[],0,0.0,9.0,0.0,3
184,17,7,11202.0,23089.0,7101784.096254108,14625381.496882064,0.48516609640954567,0.48557940849393316,33,309,0,1551.3268973311388,7372,997,6375,0.6236315590788977,0.5649948822927329,133,402.32689733113864,1149.0,8,17,False,{},{},{},{},0.0,0.0,0.0,0.0,0.0,0.0,0.0,0.0,0.0,0.0,0.0,0.0,0.0,0.0,Leave Event,0.0,"{'node_level': {}, 'link_level': {}, 'path_level': {}}","{'node_level': {}, 'link_level': {}, 'path_level': {}}","{'node_level': {}, 'link_level': {}, 'path_level': {}}",[],-inf,-inf,True,True,False,0,[],0,0.0,,,3
185,17,7,11202.0,23089.0,7101784.096254108,14625381.496882064,0.48516609640954567,0.48557940849393316,33,310,1,1555.0,7372,997,6375,0.6236315590788977,0.5649948822927329,184,172.60699758086142,1555.0,5,6,False,"{0: -1, 1: -1, 2: -1, 3: -1, 4: -1}",{},{},{},0.0,0.0,424.0,212.0,499.0,0.0,0.0,0.0,0.0,0.0,0.0,0.0,0.0,0.0,Unknown Reason,0.0,"{'node_level': {}, 'link_level': {}, 'path_level': {}}","{'node_level': {}, 'link_level': {}, 'path_level': {}}","{'node_level': {}, 'link_level': {}, 'path_level': {}}",[],-inf,-inf,True,True,False,0,[],0,0.0,5.0,0.0,3
186,17,7,11202.0,23089.0,7101784.096254108,14625381.496882064,0.48516609640954567,0.48557940849393316,33,311,1,1563.0,7372,997,6375,0.6236315590788977,0.5649948822927329,185,172.67818253610457,1563.0,5,5,False,"{0: -1, 1: -1, 2: -1, 3: -1, 4: -1}",{},{},{},0.0,0.0,444.0,222.0,414.0,0.0,0.0,0.0,0.0,0.0,0.0,0.0,0.0,0.0,Unknown Reason,0.0,"{'node_level': {}, 'link_level': {}, 'path_level': {}}","{'node_level': {}, 'link_level': {}, 'path_level': {}}","{'node_level': {}, 'link_level': {}, 'path_level': {}}",[],-inf,-inf,True,True,False,0,[],0,0.0,5.0,0.0,3
187,17,7,11202.0,23089.0,7101784.096254108,14625381.496882064,0.48516609640954567,0.48557940849393316,33,312,1,1569.0,7372,997,6375,0.6236315590788977,0.5649948822927329,186,704.3302686324715,1569.0,6,6,False,"{0: -1, 1: -1, 2: -1, 3: -1, 4: -1, 5: -1}",{},{},{},0.0,0.0,522.0,261.0,393.0,0.0,0.0,0.0,0.0,0.0,0.0,0.0,0.0,0.0,Unknown Reason,0.0,"{'node_level': {}, 'link_level': {}, 'path_level': {}}","{'node_level': {}, 'link_level': {}, 'path_level': {}}","{'node_level': {}, 'link_level': {}, 'path_level': {}}",[],-inf,-inf,True,True,False,0,[],0,0.0,6.0,0.0,3
187,17,7,11202.0,23089.0,7101784.096254108,14625381.496882064,0.48516609640954567,0.48557940849393316,33,313,0,1572.4834146371832,7372,997,6375,0.6236315590788977,0.5649948822927329,139,385.4834146371833,1187.0,6,10,False,{},{},{},{},0.0,0.0,0.0,0.0,0.0,0.0,0.0,0.0,0.0,0.0,0.0,0.0,0.0,0.0,Leave Event,0.0,"{'node_level': {}, 'link_level': {}, 'path_level': {}}","{'node_level': {}, 'link_level': {}, 'path_level': {}}","{'node_level': {}, 'link_level': {}, 'path_level': {}}",[],-inf,-inf,True,True,False,0,[],0,0.0,,,3
187,17,7,11202.0,23089.0,7101784.096254108,14625381.496882064,0.48516609640954567,0.48557940849393316,33,314,0,1573.3659987062435,7372,997,6375,0.6236315590788977,0.5649948822927329,170,109.36599870624359,1464.0,9,20,False,{},{},{},{},0.0,0.0,0.0,0.0,0.0,0.0,0.0,0.0,0.0,0.0,0.0,0.0,0.0,0.0,Leave Event,0.0,"{'node_level': {}, 'link_level': {}, 'path_level': {}}","{'node_level': {}, 'link_level': {}, 'path_level': {}}","{'node_level': {}, 'link_level': {}, 'path_level': {}}",[],-inf,-inf,True,True,False,0,[],0,0.0,,,3
188,17,7,11202.0,23089.0,7101784.096254108,14625381.496882064,0.48516609640954567,0.48557940849393316,33,315,1,1578.0,7372,997,6375,0.6236315590788977,0.5649948822927329,187,245.69469786189242,1578.0,9,23,False,"{0: -1, 1: -1, 2: -1, 3: -1, 4: -1, 5: -1, 6: -1, 7: -1, 8: -1}",{},{},{},0.0,0.0,778.0,389.0,1717.0,0.0,0.0,0.0,0.0,0.0,0.0,0.0,0.0,0.0,Unknown Reason,0.0,"{'node_level': {}, 'link_level': {}, 'path_level': {}}","{'node_level': {}, 'link_level': {}, 'path_level': {}}","{'node_level': {}, 'link_level': {}, 'path_level': {}}",[],-inf,-inf,True,True,False,0,[],0,0.0,9.0,0.0,3
188,17,7,11202.0,23089.0,7101784.096254108,14625381.496882064,0.48516609640954567,0.48557940849393316,33,316,0,1578.551439852864,7372,997,6375,0.6236315590788977,0.5649948822927329,91,777.5514398528638,801.0,9,17,False,{},{},{},{},0.0,0.0,0.0,0.0,0.0,0.0,0.0,0.0,0.0,0.0,0.0,0.0,0.0,0.0,Leave Event,0.0,"{'node_level': {}, 'link_level': {}, 'path_level': {}}","{'node_level': {}, 'link_level': {}, 'path_level': {}}","{'node_level': {}, 'link_level': {}, 'path_level': {}}",[],-inf,-inf,True,True,False,0,[],0,0.0,,,3
188,17,7,11202.0,23089.0,7101784.096254108,14625381.496882064,0.48516609640954567,0.48557940849393316,33,317,0,1580.9857244161908,7372,997,6375,0.6236315590788977,0.5649948822927329,99,717.9857244161908,863.0,10,22,False,{},{},{},{},0.0,0.0,0.0,0.0,0.0,0.0,0.0,0.0,0.0,0.0,0.0,0.0,0.0,0.0,Leave Event,0.0,"{'node_level': {}, 'link_level': {}, 'path_level': {}}","{'node_level': {}, 'link_level': {}, 'path_level': {}}","{'node_level': {}, 'link_level': {}, 'path_level': {}}",[],-inf,-inf,True,True,False,0,[],0,0.0,,,3
189,17,7,11202.0,23089.0,7101784.096254108,14625381.496882064,0.48516609640954567,0.48557940849393316,33,318,1,1586.0,7372,997,6375,0.6236315590788977,0.5649948822927329,188,82.71054538256782,1586.0,10,26,False,"{0: -1, 1: -1, 2: -1, 3: -1, 4: -1, 5: -1, 6: -1, 7: -1, 8: -1, 9: -1}",{},{},{},0.0,0.0,722.0,361.0,2107.0,0.0,0.0,0.0,0.0,0.0,0.0,0.0,0.0,0.0,Unknown Reason,0.0,"{'node_level': {}, 'link_level': {}, 'path_level': {}}","{'node_level': {}, 'link_level': {}, 'path_level': {}}","{'node_level': {}, 'link_level': {}, 'path_level': {}}",[],-inf,-inf,True,True,False,0,[],0,0.0,10.0,0.0,3
190,17,7,11202.0,23089.0,7101784.096254108,14625381.496882064,0.48516609640954567,0.48557940849393316,33,319,1,1593.0,7372,997,6375,0.6236315590788977,0.5649948822927329,189,1178.335358417955,1593.0,8,17,False,"{0: -1, 1: -1, 2: -1, 3: -1, 4: -1, 5: -1, 6: -1, 7: -1}",{},{},{},0.0,0.0,650.0,325.0,1337.0,0.0,0.0,0.0,0.0,0.0,0.0,0.0,0.0,0.0,Unknown Reason,0.0,"{'node_level': {}, 'link_level': {}, 'path_level': {}}","{'node_level': {}, 'link_level': {}, 'path_level': {}}","{'node_level': {}, 'link_level': {}, 'path_level': {}}",[],-inf,-inf,True,True,False,0,[],0,0.0,8.0,0.0,3
191,17,7,11202.0,23089.0,7101784.096254108,14625381.496882064,0.48516609640954567,0.48557940849393316,33,320,1,1601.0,7372,997,6375,0.6236315590788977,0.5649948822927329,190,6.584571864642202,1601.0,7,10,False,"{0: -1, 1: -1, 2: -1, 3: -1, 4: -1, 5: -1, 6: -1}",{},{},{},0.0,0.0,614.0,307.0,851.0,0.0,0.0,0.0,0.0,0.0,0.0,0.0,0.0,0.0,Unknown Reason,0.0,"{'node_level': {}, 'link_level': {}, 'path_level': {}}","{'node_level': {}, 'link_level': {}, 'path_level': {}}","{'node_level': {}, 'link_level': {}, 'path_level': {}}",[],-inf,-inf,True,True,False,0,[],0,0.0,7.0,0.0,3
191,17,7,11202.0,23089.0,7101784.096254108,14625381.496882064,0.48516609640954567,0.48557940849393316,33,321,0,1602.148272719931,7372,997,6375,0.6236315590788977,0.5649948822927329,118,587.1482727199309,1015.0,9,18,False,{},{},{},{},0.0,0.0,0.0,0.0,0.0,0.0,0.0,0.0,0.0,0.0,0.0,0.0,0.0,0.0,Leave Event,0.0,"{'node_level': {}, 'link_level': {}, 'path_level': {}}","{'node_level': {}, 'link_level': {}, 'path_level': {}}","{'node_level': {}, 'link_level': {}, 'path_level': {}}",[],-inf,-inf,True,True,False,0,[],0,0.0,,,3
191,17,7,11202.0,23089.0,7101784.096254108,14625381.496882064,0.48516609640954567,0.48557940849393316,33,322,0,1604.5178433913375,7372,997,6375,0.6236315590788977,0.5649948822927329,174,113.51784339133744,1491.0,9,18,False,{},{},{},{},0.0,0.0,0.0,0.0,0.0,0.0,0.0,0.0,0.0,0.0,0.0,0.0,0.0,0.0,Leave Event,0.0,"{'node_level': {}, 'link_level': {}, 'path_level': {}}","{'node_level': {}, 'link_level': {}, 'path_level': {}}","{'node_level': {}, 'link_level': {}, 'path_level': {}}",[],-inf,-inf,True,True,False,0,[],0,0.0,,,3
191,17,7,11202.0,23089.0,7101784.096254108,14625381.496882064,0.48516609640954567,0.48557940849393316,33,323,0,1607.5845718646422,7372,997,6375,0.6236315590788977,0.5649948822927329,190,6.584571864642202,1601.0,7,10,False,{},{},{},{},0.0,0.0,0.0,0.0,0.0,0.0,0.0,0.0,0.0,0.0,0.0,0.0,0.0,0.0,Leave Event,0.0,"{'node_level': {}, 'link_level': {}, 'path_level': {}}","{'node_level': {}, 'link_level': {}, 'path_level': {}}","{'node_level': {}, 'link_level': {}, 'path_level': {}}",[],-inf,-inf,True,True,False,0,[],0,0.0,,,3
191,17,7,11202.0,23089.0,7101784.096254108,14625381.496882064,0.48516609640954567,0.48557940849393316,33,324,0,1608.8405369569273,7372,997,6375,0.6236315590788977,0.5649948822927329,154,271.8405369569273,1337.0,8,16,False,{},{},{},{},0.0,0.0,0.0,0.0,0.0,0.0,0.0,0.0,0.0,0.0,0.0,0.0,0.0,0.0,Leave Event,0.0,"{'node_level': {}, 'link_level': {}, 'path_level': {}}","{'node_level': {}, 'link_level': {}, 'path_level': {}}","{'node_level': {}, 'link_level': {}, 'path_level': {}}",[],-inf,-inf,True,True,False,0,[],0,0.0,,,3
192,17,7,11202.0,23089.0,7101784.096254108,14625381.496882064,0.48516609640954567,0.48557940849393316,33,325,1,1610.0,7372,997,6375,0.6236315590788977,0.5649948822927329,191,1087.9075370070036,1610.0,9,19,False,"{0: -1, 1: -1, 2: -1, 3: -1, 4: -1, 5: -1, 6: -1, 7: -1, 8: -1}",{},{},{},0.0,0.0,708.0,354.0,1494.0,0.0,0.0,0.0,0.0,0.0,0.0,0.0,0.0,0.0,Unknown Reason,0.0,"{'node_level': {}, 'link_level': {}, 'path_level': {}}","{'node_level': {}, 'link_level': {}, 'path_level': {}}","{'node_level': {}, 'link_level': {}, 'path_level': {}}",[],-inf,-inf,True,True,False,0,[],0,0.0,9.0,0.0,3
192,17,7,11202.0,23089.0,7101784.096254108,14625381.496882064,0.48516609640954567,0.48557940849393316,33,326,0,1615.529014751481,7372,997,6375,0.6236315590788977,0.5649948822927329,67,1008.529014751481,607.0,8,11,False,{},{},{},{},0.0,0.0,0.0,0.0,0.0,0.0,0.0,0.0,0.0,0.0,0.0,0.0,0.0,0.0,Leave Event,0.0,"{'node_level': {}, 'link_level': {}, 'path_level': {}}","{'node_level': {}, 'link_level': {}, 'path_level': {}}","{'node_level': {}, 'link_level': {}, 'path_level': {}}",[],-inf,-inf,True,True,False,0,[],0,0.0,,,3
193,17,7,11202.0,23089.0,7101784.096254108,14625381.496882064,0.48516609640954567,0.48557940849393316,33,327,1,1618.0,7372,997,6375,0.6236315590788977,0.5649948822927329,192,172.8369644851894,1618.0,8,18,False,"{0: -1, 1: -1, 2: -1, 3: -1, 4: -1, 5: -1, 6: -1, 7: -1}",{},{},{},0.0,0.0,682.0,341.0,1498.0,0.0,0.0,0.0,0.0,0.0,0.0,0.0,0.0,0.0,Unknown Reason,0.0,"{'node_level': {}, 'link_level': {}, 'path_level': {}}","{'node_level': {}, 'link_level': {}, 'path_level': {}}","{'node_level': {}, 'link_level': {}, 'path_level': {}}",[],-inf,-inf,True,True,False,0,[],0,0.0,8.0,0.0,3
193,17,7,11202.0,23089.0,7101784.096254108,14625381.496882064,0.48516609640954567,0.48557940849393316,33,328,0,1628.158775877583,7372,997,6375,0.6236315590788977,0.5649948822927329,180,93.1587758775829,1535.0,9,17,False,{},{},{},{},0.0,0.0,0.0,0.0,0.0,0.0,0.0,0.0,0.0,0.0,0.0,0.0,0.0,0.0,Leave Event,0.0,"{'node_level': {}, 'link_level': {}, 'path_level': {}}","{'node_level': {}, 'link_level': {}, 'path_level': {}}","{'node_level': {}, 'link_level': {}, 'path_level': {}}",[],-inf,-inf,True,True,False,0,[],0,0.0,,,3
194,17,7,11202.0,23089.0,7101784.096254108,14625381.496882064,0.48516609640954567,0.48557940849393316,33,329,1,1634.0,7372,997,6375,0.6236315590788977,0.5649948822927329,193,240.4918774883856,1634.0,6,6,False,"{0: -1, 1: -1, 2: -1, 3: -1, 4: -1, 5: -1}",{},{},{},0.0,0.0,376.0,188.0,457.0,0.0,0.0,0.0,0.0,0.0,0.0,0.0,0.0,0.0,Unknown Reason,0.0,"{'node_level': {}, 'link_level': {}, 'path_level': {}}","{'node_level': {}, 'link_level': {}, 'path_level': {}}","{'node_level': {}, 'link_level': {}, 'path_level': {}}",[],-inf,-inf,True,True,False,0,[],0,0.0,6.0,0.0,3
194,17,7,11202.0,23089.0,7101784.096254108,14625381.496882064,0.48516609640954567,0.48557940849393316,33,330,0,1641.8505231744937,7372,997,6375,0.6236315590788977,0.5649948822927329,134,488.8505231744937,1153.0,9,15,False,{},{},{},{},0.0,0.0,0.0,0.0,0.0,0.0,0.0,0.0,0.0,0.0,0.0,0.0,0.0,0.0,Leave Event,0.0,"{'node_level': {}, 'link_level': {}, 'path_level': {}}","{'node_level': {}, 'link_level': {}, 'path_level': {}}","{'node_level': {}, 'link_level': {}, 'path_level': {}}",[],-inf,-inf,True,True,False,0,[],0,0.0,,,3
195,17,7,11202.0,23089.0,7101784.096254108,14625381.496882064,0.48516609640954567,0.48557940849393316,33,331,1,1643.0,7372,997,6375,0.6236315590788977,0.5649948822927329,194,1917.6502648004455,1643.0,9,22,False,"{0: -1, 1: -1, 2: -1, 3: -1, 4: -1, 5: -1, 6: -1, 7: -1, 8: -1}",{},{},{},0.0,0.0,686.0,343.0,1874.0,0.0,0.0,0.0,0.0,0.0,0.0,0.0,0.0,0.0,Unknown Reason,0.0,"{'node_level': {}, 'link_level': {}, 'path_level': {}}","{'node_level': {}, 'link_level': {}, 'path_level': {}}","{'node_level': {}, 'link_level': {}, 'path_level': {}}",[],-inf,-inf,True,True,False,0,[],0,0.0,9.0,0.0,3
196,17,7,11202.0,23089.0,7101784.096254108,14625381.496882064,0.48516609640954567,0.48557940849393316,33,332,1,1653.0,7372,997,6375,0.6236315590788977,0.5649948822927329,195,286.9499344641283,1653.0,6,6,False,"{0: -1, 1: -1, 2: -1, 3: -1, 4: -1, 5: -1}",{},{},{},0.0,0.0,514.0,257.0,537.0,0.0,0.0,0.0,0.0,0.0,0.0,0.0,0.0,0.0,Unknown Reason,0.0,"{'node_level': {}, 'link_level': {}, 'path_level': {}}","{'node_level': {}, 'link_level': {}, 'path_level': {}}","{'node_level': {}, 'link_level': {}, 'path_level': {}}",[],-inf,-inf,True,True,False,0,[],0,0.0,6.0,0.0,3
197,17,7,11202.0,23089.0,7101784.096254108,14625381.496882064,0.48516609640954567,0.48557940849393316,33,333,1,1663.0,7372,997,6375,0.6236315590788977,0.5649948822927329,196,629.1827796674944,1663.0,8,13,False,"{0: -1, 1: -1, 2: -1, 3: -1, 4: -1, 5: -1, 6: -1, 7: -1}",{},{},{},0.0,0.0,494.0,247.0,878.0,0.0,0.0,0.0,0.0,0.0,0.0,0.0,0.0,0.0,Unknown Reason,0.0,"{'node_level': {}, 'link_level': {}, 'path_level': {}}","{'node_level': {}, 'link_level': {}, 'path_level': {}}","{'node_level': {}, 'link_level': {}, 'path_level': {}}",[],-inf,-inf,True,True,False,0,[],0,0.0,8.0,0.0,3
197,17,7,11202.0,23089.0,7101784.096254108,14625381.496882064,0.48516609640954567,0.48557940849393316,33,334,0,1668.7105453825677,7372,997,6375,0.6236315590788977,0.5649948822927329,188,82.71054538256782,1586.0,10,26,False,{},{},{},{},0.0,0.0,0.0,0.0,0.0,0.0,0.0,0.0,0.0,0.0,0.0,0.0,0.0,0.0,Leave Event,0.0,"{'node_level': {}, 'link_level': {}, 'path_level': {}}","{'node_level': {}, 'link_level': {}, 'path_level': {}}","{'node_level': {}, 'link_level': {}, 'path_level': {}}",[],-inf,-inf,True,True,False,0,[],0,0.0,,,3
198,17,7,11202.0,23089.0,7101784.096254108,14625381.496882064,0.48516609640954567,0.48557940849393316,33,335,1,1676.0,7372,997,6375,0.6236315590788977,0.5649948822927329,197,265.8397536115622,1676.0,10,22,False,"{0: -1, 1: -1, 2: -1, 3: -1, 4: -1, 5: -1, 6: -1, 7: -1, 8: -1, 9: -1}",{},{},{},0.0,0.0,920.0,460.0,1775.0,0.0,0.0,0.0,0.0,0.0,0.0,0.0,0.0,0.0,Unknown Reason,0.0,"{'node_level': {}, 'link_level': {}, 'path_level': {}}","{'node_level': {}, 'link_level': {}, 'path_level': {}}","{'node_level': {}, 'link_level': {}, 'path_level': {}}",[],-inf,-inf,True,True,False,0,[],0,0.0,10.0,0.0,3
198,17,7,11202.0,23089.0,7101784.096254108,14625381.496882064,0.48516609640954567,0.48557940849393316,33,336,0,1683.1798115176719,7372,997,6375,0.6236315590788977,0.5649948822927329,148,400.1798115176719,1283.0,8,9,False,{},{},{},{},0.0,0.0,0.0,0.0,0.0,0.0,0.0,0.0,0.0,0.0,0.0,0.0,0.0,0.0,Leave Event,0.0,"{'node_level': {}, 'link_level': {}, 'path_level': {}}","{'node_level': {}, 'link_level': {}, 'path_level': {}}","{'node_level': {}, 'link_level': {}, 'path_level': {}}",[],-inf,-inf,True,True,False,0,[],0,0.0,,,3
198,17,6,11202.0,23089.0,7101784.096254108,14625381.496882064,0.48516609640954567,0.48557940849393316,33,337,0,1684.9791784725967,9055,1281,7774,0.5164212910532276,0.4695325827362675,146,425.97917847259674,1259.0,8,8,False,{},{},{},{},0.0,0.0,0.0,0.0,0.0,0.0,0.0,0.0,0.0,0.0,0.0,0.0,0.0,0.0,Leave Event,0.0,"{'node_level': {}, 'link_level': {}, 'path_level': {}}","{'node_level': {}, 'link_level': {}, 'path_level': {}}","{'node_level': {}, 'link_level': {}, 'path_level': {}}",[],-inf,-inf,True,True,False,0,[],0,0.0,,,3
199,17,6,11202.0,23089.0,7101784.096254108,14625381.496882064,0.48516609640954567,0.48557940849393316,33,338,1,1687.0,9055,1281,7774,0.5164212910532276,0.4695325827362675,198,1224.0124821447935,1687.0,9,22,False,"{0: -1, 1: -1, 2: -1, 3: -1, 4: -1, 5: -1, 6: -1, 7: -1, 8: -1}",{},{},{},0.0,0.0,716.0,358.0,1928.0,0.0,0.0,0.0,0.0,0.0,0.0,0.0,0.0,0.0,Unknown Reason,0.0,"{'node_level': {}, 'link_level': {}, 'path_level': {}}","{'node_level': {}, 'link_level': {}, 'path_level': {}}","{'node_level': {}, 'link_level': {}, 'path_level': {}}",[],-inf,-inf,True,True,False,0,[],0,0.0,9.0,0.0,3
199,17,6,11202.0,23089.0,7101784.096254108,14625381.496882064,0.48516609640954567,0.48557940849393316,33,339,0,1691.1784359937622,9055,1281,7774,0.5164212910532276,0.4695325827362675,166,249.17843599376206,1442.0,5,4,False,{},{},{},{},0.0,0.0,0.0,0.0,0.0,0.0,0.0,0.0,0.0,0.0,0.0,0.0,0.0,0.0,Leave Event,0.0,"{'node_level': {}, 'link_level': {}, 'path_level': {}}","{'node_level': {}, 'link_level': {}, 'path_level': {}}","{'node_level': {}, 'link_level': {}, 'path_level': {}}",[],-inf,-inf,True,True,False,0,[],0,0.0,,,3
199,17,6,11202.0,23089.0,7101784.096254108,14625381.496882064,0.48516609640954567,0.48557940849393316,33,340,0,1697.8724883723823,9055,1281,7774,0.5164212910532276,0.4695325827362675,75,1025.8724883723823,672.0,8,13,False,{},{},{},{},0.0,0.0,0.0,0.0,0.0,0.0,0.0,0.0,0.0,0.0,0.0,0.0,0.0,0.0,Leave Event,0.0,"{'node_level': {}, 'link_level': {}, 'path_level': {}}","{'node_level': {}, 'link_level': {}, 'path_level': {}}","{'node_level': {}, 'link_level': {}, 'path_level': {}}",[],-inf,-inf,True,True,False,0,[],0,0.0,,,3
200,17,6,11202.0,23089.0,7101784.096254108,14625381.496882064,0.48516609640954567,0.48557940849393316,33,341,1,1698.0,9055,1281,7774,0.5164212910532276,0.4695325827362675,199,635.5738418425525,1698.0,6,7,False,{},{},{},{},0.0,0.0,476.0,238.0,525.0,0.0,0.0,0.0,0.0,0.0,0.0,0.0,0.0,0.0,Unknown Reason,0.0,"{'node_level': {}, 'link_level': {}, 'path_level': {}}","{'node_level': {}, 'link_level': {}, 'path_level': {}}","{'node_level': {}, 'link_level': {}, 'path_level': {}}",[],-inf,-inf,True,True,False,0,[],0,0.0,0.0,0.0,3
200,17,6,11202.0,23089.0,7101784.096254108,14625381.496882064,0.48516609640954567,0.48557940849393316,33,342,0,1698.797388141904,9055,1281,7774,0.5164212910532276,0.4695325827362675,175,198.79738814190407,1500.0,7,10,False,{},{},{},{},0.0,0.0,0.0,0.0,0.0,0.0,0.0,0.0,0.0,0.0,0.0,0.0,0.0,0.0,Leave Event,0.0,"{'node_level': {}, 'link_level': {}, 'path_level': {}}","{'node_level': {}, 'link_level': {}, 'path_level': {}}","{'node_level': {}, 'link_level': {}, 'path_level': {}}",[],-inf,-inf,True,True,False,0,[],0,0.0,,,3
201,17,6,11202.0,23089.0,7101784.096254108,14625381.496882064,0.48516609640954567,0.48557940849393316,33,343,1,1705.0,9055,1281,7774,0.5164212910532276,0.4695325827362675,200,327.6288577500364,1705.0,10,23,False,"{0: -1, 1: -1, 2: -1, 3: -1, 4: -1, 5: -1, 6: -1, 7: -1, 8: -1, 9: -1}",{},{},{},0.0,0.0,896.0,448.0,1865.0,0.0,0.0,0.0,0.0,0.0,0.0,0.0,0.0,0.0,Unknown Reason,0.0,"{'node_level': {}, 'link_level': {}, 'path_level': {}}","{'node_level': {}, 'link_level': {}, 'path_level': {}}","{'node_level': {}, 'link_level': {}, 'path_level': {}}",[],-inf,-inf,True,True,False,0,[],0,0.0,10.0,0.0,3
202,17,6,11202.0,23089.0,7101784.096254108,14625381.496882064,0.48516609640954567,0.48557940849393316,33,344,1,1708.0,9055,1281,7774,0.5164212910532276,0.4695325827362675,201,43.990459231071796,1708.0,10,20,False,"{0: -1, 1: -1, 2: -1, 3: -1, 4: -1, 5: -1, 6: -1, 7: -1, 8: -1, 9: -1}",{},{},{},0.0,0.0,844.0,422.0,1612.0,0.0,0.0,0.0,0.0,0.0,0.0,0.0,0.0,0.0,Unknown Reason,0.0,"{'node_level': {}, 'link_level': {}, 'path_level': {}}","{'node_level': {}, 'link_level': {}, 'path_level': {}}","{'node_level': {}, 'link_level': {}, 'path_level': {}}",[],-inf,-inf,True,True,False,0,[],0,0.0,10.0,0.0,3
202,17,6,11202.0,23089.0,7101784.096254108,14625381.496882064,0.48516609640954567,0.48557940849393316,33,345,0,1712.3617907767425,9055,1281,7774,0.5164212910532276,0.4695325827362675,107,782.3617907767425,930.0,6,9,False,{},{},{},{},0.0,0.0,0.0,0.0,0.0,0.0,0.0,0.0,0.0,0.0,0.0,0.0,0.0,0.0,Leave Event,0.0,"{'node_level': {}, 'link_level': {}, 'path_level': {}}","{'node_level': {}, 'link_level': {}, 'path_level': {}}","{'node_level': {}, 'link_level': {}, 'path_level': {}}",[],-inf,-inf,True,True,False,0,[],0,0.0,,,3
203,17,6,11202.0,23089.0,7101784.096254108,14625381.496882064,0.48516609640954567,0.48557940849393316,33,346,1,1713.0,9055,1281,7774,0.5164212910532276,0.4695325827362675,202,225.99060088364624,1713.0,5,8,False,"{0: -1, 1: -1, 2: -1, 3: -1, 4: -1}",{},{},{},0.0,0.0,478.0,239.0,503.0,0.0,0.0,0.0,0.0,0.0,0.0,0.0,0.0,0.0,Unknown Reason,0.0,"{'node_level': {}, 'link_level': {}, 'path_level': {}}","{'node_level': {}, 'link_level': {}, 'path_level': {}}","{'node_level': {}, 'link_level': {}, 'path_level': {}}",[],-inf,-inf,True,True,False,0,[],0,0.0,5.0,0.0,3
204,17,6,11202.0,23089.0,7101784.096254108,14625381.496882064,0.48516609640954567,0.48557940849393316,33,347,1,1720.0,9055,1281,7774,0.5164212910532276,0.4695325827362675,203,337.2674369299655,1720.0,5,6,False,"{0: -1, 1: -1, 2: -1, 3: -1, 4: -1}",{},{},{},0.0,0.0,324.0,162.0,597.0,0.0,0.0,0.0,0.0,0.0,0.0,0.0,0.0,0.0,Unknown Reason,0.0,"{'node_level': {}, 'link_level': {}, 'path_level': {}}","{'node_level': {}, 'link_level': {}, 'path_level': {}}","{'node_level': {}, 'link_level': {}, 'path_level': {}}",[],-inf,-inf,True,True,False,0,[],0,0.0,5.0,0.0,3
204,17,6,11202.0,23089.0,7101784.096254108,14625381.496882064,0.48516609640954567,0.48557940849393316,33,348,0,1721.5244984579635,9055,1281,7774,0.5164212910532276,0.4695325827362675,176,211.52449845796346,1510.0,5,5,False,{},{},{},{},0.0,0.0,0.0,0.0,0.0,0.0,0.0,0.0,0.0,0.0,0.0,0.0,0.0,0.0,Leave Event,0.0,"{'node_level': {}, 'link_level': {}, 'path_level': {}}","{'node_level': {}, 'link_level': {}, 'path_level': {}}","{'node_level': {}, 'link_level': {}, 'path_level': {}}",[],-inf,-inf,True,True,False,0,[],0,0.0,,,3
204,17,6,11202.0,23089.0,7101784.096254108,14625381.496882064,0.48516609640954567,0.48557940849393316,33,349,0,1727.6069975808614,9055,1281,7774,0.5164212910532276,0.4695325827362675,184,172.60699758086142,1555.0,5,6,False,{},{},{},{},0.0,0.0,0.0,0.0,0.0,0.0,0.0,0.0,0.0,0.0,0.0,0.0,0.0,0.0,Leave Event,0.0,"{'node_level': {}, 'link_level': {}, 'path_level': {}}","{'node_level': {}, 'link_level': {}, 'path_level': {}}","{'node_level': {}, 'link_level': {}, 'path_level': {}}",[],-inf,-inf,True,True,False,0,[],0,0.0,,,3
205,17,6,11202.0,23089.0,7101784.096254108,14625381.496882064,0.48516609640954567,0.48557940849393316,33,350,1,1729.0,9055,1281,7774,0.5164212910532276,0.4695325827362675,204,166.94272104645393,1729.0,9,19,False,"{0: -1, 1: -1, 2: -1, 3: -1, 4: -1, 5: -1, 6: -1, 7: -1, 8: -1}",{},{},{},0.0,0.0,754.0,377.0,1434.0,0.0,0.0,0.0,0.0,0.0,0.0,0.0,0.0,0.0,Unknown Reason,0.0,"{'node_level': {}, 'link_level': {}, 'path_level': {}}","{'node_level': {}, 'link_level': {}, 'path_level': {}}","{'node_level': {}, 'link_level': {}, 'path_level': {}}",[],-inf,-inf,True,True,False,0,[],0,0.0,9.0,0.0,3
206,17,6,11202.0,23089.0,7101784.096254108,14625381.496882064,0.48516609640954567,0.48557940849393316,33,351,1,1732.0,9055,1281,7774,0.5164212910532276,0.4695325827362675,205,382.47253702943124,1732.0,9,17,False,"{0: -1, 1: -1, 2: -1, 3: -1, 4: -1, 5: -1, 6: -1, 7: -1, 8: -1}",{},{},{},0.0,0.0,784.0,392.0,1379.0,0.0,0.0,0.0,0.0,0.0,0.0,0.0,0.0,0.0,Unknown Reason,0.0,"{'node_level': {}, 'link_level': {}, 'path_level': {}}","{'node_level': {}, 'link_level': {}, 'path_level': {}}","{'node_level': {}, 'link_level': {}, 'path_level': {}}",[],-inf,-inf,True,True,False,0,[],0,0.0,9.0,0.0,3
206,17,6,11202.0,23089.0,7101784.096254108,14625381.496882064,0.48516609640954567,0.48557940849393316,33,352,0,1733.0827312764009,9055,1281,7774,0.5164212910532276,0.4695325827362675,153,403.08273127640075,1330.0,9,14,False,{},{},{},{},0.0,0.0,0.0,0.0,0.0,0.0,0.0,0.0,0.0,0.0,0.0,0.0,0.0,0.0,Leave Event,0.0,"{'node_level': {}, 'link_level': {}, 'path_level': {}}","{'node_level': {}, 'link_level': {}, 'path_level': {}}","{'node_level': {}, 'link_level': {}, 'path_level': {}}",[],-inf,-inf,True,True,False,0,[],0,0.0,,,3
206,17,6,11202.0,23089.0,7101784.096254108,14625381.496882064,0.48516609640954567,0.48557940849393316,33,353,0,1735.6781825361045,9055,1281,7774,0.5164212910532276,0.4695325827362675,185,172.67818253610457,1563.0,5,5,False,{},{},{},{},0.0,0.0,0.0,0.0,0.0,0.0,0.0,0.0,0.0,0.0,0.0,0.0,0.0,0.0,Leave Event,0.0,"{'node_level': {}, 'link_level': {}, 'path_level': {}}","{'node_level': {}, 'link_level': {}, 'path_level': {}}","{'node_level': {}, 'link_level': {}, 'path_level': {}}",[],-inf,-inf,True,True,False,0,[],0,0.0,,,3
207,17,6,11202.0,23089.0,7101784.096254108,14625381.496882064,0.48516609640954567,0.48557940849393316,33,354,1,1740.0,9055,1281,7774,0.5164212910532276,0.4695325827362675,206,117.64037259477386,1740.0,7,12,False,"{0: -1, 1: -1, 2: -1, 3: -1, 4: -1, 5: -1, 6: -1}",{},{},{},0.0,0.0,524.0,262.0,961.0,0.0,0.0,0.0,0.0,0.0,0.0,0.0,0.0,0.0,Unknown Reason,0.0,"{'node_level': {}, 'link_level': {}, 'path_level': {}}","{'node_level': {}, 'link_level': {}, 'path_level': {}}","{'node_level': {}, 'link_level': {}, 'path_level': {}}",[],-inf,-inf,True,True,False,0,[],0,0.0,7.0,0.0,3
207,17,5,11202.0,23089.0,7101784.096254108,14625381.496882064,0.48516609640954567,0.48557940849393316,33,355,0,1740.2092795057113,9706,1501,8205,0.4333710834277086,0.44012282497441146,151,427.2092795057113,1313.0,5,4,False,{},{},{},{},0.0,0.0,0.0,0.0,0.0,0.0,0.0,0.0,0.0,0.0,0.0,0.0,0.0,0.0,Leave Event,0.0,"{'node_level': {}, 'link_level': {}, 'path_level': {}}","{'node_level': {}, 'link_level': {}, 'path_level': {}}","{'node_level': {}, 'link_level': {}, 'path_level': {}}",[],-inf,-inf,True,True,False,0,[],0,0.0,,,3
207,17,4,11202.0,23089.0,7101784.096254108,14625381.496882064,0.48516609640954567,0.48557940849393316,33,356,0,1741.3117237156277,11753,1765,9988,0.3337108342770857,0.3184578642101672,164,312.31172371562775,1429.0,6,7,False,{},{},{},{},0.0,0.0,0.0,0.0,0.0,0.0,0.0,0.0,0.0,0.0,0.0,0.0,0.0,0.0,Leave Event,0.0,"{'node_level': {}, 'link_level': {}, 'path_level': {}}","{'node_level': {}, 'link_level': {}, 'path_level': {}}","{'node_level': {}, 'link_level': {}, 'path_level': {}}",[],-inf,-inf,True,True,False,0,[],0,0.0,,,3
208,18,5,11789.0,24135.0,7301912.987324313,14981999.588976502,0.48846074166148745,0.4873790673907731,33,357,1,1750.0,10707,1563,9144,0.4099660249150623,0.3760491299897646,207,340.935078484167,1750.0,5,5,True,"{np.int64(0): np.int64(31), np.int64(1): np.int64(3), np.int64(2): np.int64(0), np.int64(3): np.int64(32), np.int64(4): np.int64(30)}","{(0, 4): [(np.int64(31), 28), (28, np.int64(30))], (1, 3): [(np.int64(3), 29), (29, 30), (30, np.int64(32))], (1, 4): [(np.int64(3), 29), (29, np.int64(30))], (2, 3): [(np.int64(0), 28), (28, 30), (30, np.int64(32))], (3, 4): [(np.int64(32), 30)]}","{(np.int64(0), np.int64(31)): {'cpu': 60}, (np.int64(1), np.int64(3)): {'cpu': 26}, (np.int64(2), np.int64(0)): {'cpu': 57}, (np.int64(3), np.int64(32)): {'cpu': 27}, (np.int64(4), np.int64(30)): {'cpu': 32}}","{((0, 4), (np.int64(31), 28)): {'bw': 97}, ((0, 4), (28, np.int64(30))): {'bw': 97}, ((1, 3), (np.int64(3), 29)): {'bw': 41}, ((1, 3), (29, 30)): {'bw': 41}, ((1, 3), (30, np.int64(32))): {'bw': 41}, ((1, 4), (np.int64(3), 29)): {'bw': 112}, ((1, 4), (29, np.int64(30))): {'bw': 112}, ((2, 3), (np.int64(0), 28)): {'bw': 84}, ((2, 3), (28, 30)): {'bw': 84}, ((2, 3), (30, np.int64(32))): {'bw': 84}, ((3, 4), (np.int64(32), 30)): {'bw': 51}}",1046.0,587.0,606.0,202.0,385.0,202.0,385.0,202.0,844.0,459.0,0.5611854684512428,356618.0920944387,200128.891070206,191.32781173059848,Success,0.0,"{'node_level': {}, 'link_level': {}, 'path_level': {}}","{'node_level': {np.int64(0): {'cpu': -19}, np.int64(1): {'cpu': -32}, np.int64(2): {'cpu': -7}, np.int64(3): {'cpu': -65}, np.int64(4): {'cpu': -51}}, 'link_level': {(0, 4): {'bw': -190}, (1, 3): {'bw': -177}, (1, 4): {'bw': -65}, (2, 3): {'bw': -85}, (3, 4): {'bw': -213}}, 'path_level': {(0, 4): {}, (1, 3): {}, (1, 4): {}, (2, 3): {}, (3, 4): {}}}","{'node_level': {np.int64(0): {'cpu': 0}, np.int64(1): {'cpu': 0}, np.int64(2): {'cpu': 0}, np.int64(3): {'cpu': 0}, np.int64(4): {'cpu': 0}}, 'link_level': {(0, 4): {'bw': 0}, (1, 3): {'bw': 0}, (1, 4): {'bw': 0}, (2, 3): {'bw': 0}, (3, 4): {'bw': 0}}, 'path_level': {(0, 4): {}, (1, 3): {}, (1, 4): {}, (2, 3): {}, (3, 4): {}}}",[],-inf,-inf,True,True,False,0,[],0,0.0,5.0,5.0,3
208,18,5,11789.0,24135.0,7301912.987324313,14981999.588976502,0.48846074166148745,0.4873790673907731,33,358,0,1751.9904592310718,10707,1563,9144,0.4099660249150623,0.3760491299897646,201,43.990459231071796,1708.0,10,20,False,{},{},{},{},0.0,0.0,0.0,0.0,0.0,0.0,0.0,0.0,0.0,0.0,0.0,0.0,0.0,0.0,Leave Event,0.0,"{'node_level': {}, 'link_level': {}, 'path_level': {}}","{'node_level': {}, 'link_level': {}, 'path_level': {}}","{'node_level': {}, 'link_level': {}, 'path_level': {}}",[],-inf,-inf,True,True,False,0,[],0,0.0,,,3
208,18,5,11789.0,24135.0,7301912.987324313,14981999.588976502,0.48846074166148745,0.4873790673907731,33,359,0,1752.9516444110716,10707,1563,9144,0.4099660249150623,0.3760491299897646,172,275.95164441107164,1477.0,7,10,False,{},{},{},{},0.0,0.0,0.0,0.0,0.0,0.0,0.0,0.0,0.0,0.0,0.0,0.0,0.0,0.0,Leave Event,0.0,"{'node_level': {}, 'link_level': {}, 'path_level': {}}","{'node_level': {}, 'link_level': {}, 'path_level': {}}","{'node_level': {}, 'link_level': {}, 'path_level': {}}",[],-inf,-inf,True,True,False,0,[],0,0.0,,,3
209,18,5,11789.0,24135.0,7301912.987324313,14981999.588976502,0.48846074166148745,0.4873790673907731,33,360,1,1757.0,10707,1563,9144,0.4099660249150623,0.3760491299897646,208,375.3936500729731,1757.0,10,24,False,"{0: -1, 1: -1, 2: -1, 3: -1, 4: -1, 5: -1, 6: -1, 7: -1, 8: -1, 9: -1}",{},{},{},0.0,0.0,752.0,376.0,1890.0,0.0,0.0,0.0,0.0,0.0,0.0,0.0,0.0,0.0,Unknown Reason,0.0,"{'node_level': {}, 'link_level': {}, 'path_level': {}}","{'node_level': {}, 'link_level': {}, 'path_level': {}}","{'node_level': {}, 'link_level': {}, 'path_level': {}}",[],-inf,-inf,True,True,False,0,[],0,0.0,10.0,0.0,3
209,18,5,11789.0,24135.0,7301912.987324313,14981999.588976502,0.48846074166148745,0.4873790673907731,33,361,0,1759.218773921043,10707,1563,9144,0.4099660249150623,0.3760491299897646,44,1374.218773921043,385.0,6,8,False,{},{},{},{},0.0,0.0,0.0,0.0,0.0,0.0,0.0,0.0,0.0,0.0,0.0,0.0,0.0,0.0,Leave Event,0.0,"{'node_level': {}, 'link_level': {}, 'path_level': {}}","{'node_level': {}, 'link_level': {}, 'path_level': {}}","{'node_level': {}, 'link_level': {}, 'path_level': {}}",[],-inf,-inf,True,True,False,0,[],0,0.0,,,3
210,18,5,11789.0,24135.0,7301912.987324313,14981999.588976502,0.48846074166148745,0.4873790673907731,33,362,1,1764.0,10707,1563,9144,0.4099660249150623,0.3760491299897646,209,559.4477658450609,1764.0,9,23,False,"{0: -1, 1: -1, 2: -1, 3: -1, 4: -1, 5: -1, 6: -1, 7: -1, 8: -1}",{},{},{},0.0,0.0,756.0,378.0,1928.0,0.0,0.0,0.0,0.0,0.0,0.0,0.0,0.0,0.0,Unknown Reason,0.0,"{'node_level': {}, 'link_level': {}, 'path_level': {}}","{'node_level': {}, 'link_level': {}, 'path_level': {}}","{'node_level': {}, 'link_level': {}, 'path_level': {}}",[],-inf,-inf,True,True,False,0,[],0,0.0,9.0,0.0,3
211,18,5,11789.0,24135.0,7301912.987324313,14981999.588976502,0.48846074166148745,0.4873790673907731,33,363,1,1770.0,10707,1563,9144,0.4099660249150623,0.3760491299897646,210,683.9637252839972,1770.0,9,21,False,"{0: -1, 1: -1, 2: -1, 3: -1, 4: -1, 5: -1, 6: -1, 7: -1, 8: -1}",{},{},{},0.0,0.0,644.0,322.0,1699.0,0.0,0.0,0.0,0.0,0.0,0.0,0.0,0.0,0.0,Unknown Reason,0.0,"{'node_level': {}, 'link_level': {}, 'path_level': {}}","{'node_level': {}, 'link_level': {}, 'path_level': {}}","{'node_level': {}, 'link_level': {}, 'path_level': {}}",[],-inf,-inf,True,True,False,0,[],0,0.0,9.0,0.0,3
211,18,5,11789.0,24135.0,7301912.987324313,14981999.588976502,0.48846074166148745,0.4873790673907731,33,364,0,1770.0583867326254,10707,1563,9144,0.4099660249150623,0.3760491299897646,177,251.05838673262554,1519.0,9,19,False,{},{},{},{},0.0,0.0,0.0,0.0,0.0,0.0,0.0,0.0,0.0,0.0,0.0,0.0,0.0,0.0,Leave Event,0.0,"{'node_level': {}, 'link_level': {}, 'path_level': {}}","{'node_level': {}, 'link_level': {}, 'path_level': {}}","{'node_level': {}, 'link_level': {}, 'path_level': {}}",[],-inf,-inf,True,True,False,0,[],0,0.0,,,3
212,18,5,11789.0,24135.0,7301912.987324313,14981999.588976502,0.48846074166148745,0.4873790673907731,33,365,1,1771.0,10707,1563,9144,0.4099660249150623,0.3760491299897646,211,654.6180364776343,1771.0,9,20,False,"{0: -1, 1: -1, 2: -1, 3: -1, 4: -1, 5: -1, 6: -1, 7: -1, 8: -1}",{},{},{},0.0,0.0,752.0,376.0,1490.0,0.0,0.0,0.0,0.0,0.0,0.0,0.0,0.0,0.0,Unknown Reason,0.0,"{'node_level': {}, 'link_level': {}, 'path_level': {}}","{'node_level': {}, 'link_level': {}, 'path_level': {}}","{'node_level': {}, 'link_level': {}, 'path_level': {}}",[],-inf,-inf,True,True,False,0,[],0,0.0,9.0,0.0,3
213,18,5,11789.0,24135.0,7301912.987324313,14981999.588976502,0.48846074166148745,0.4873790673907731,33,366,1,1776.0,10707,1563,9144,0.4099660249150623,0.3760491299897646,212,275.9244271557935,1776.0,7,11,False,"{0: -1, 1: -1, 2: -1, 3: -1, 4: -1, 5: -1, 6: -1}",{},{},{},0.0,0.0,488.0,244.0,906.0,0.0,0.0,0.0,0.0,0.0,0.0,0.0,0.0,0.0,Unknown Reason,0.0,"{'node_level': {}, 'link_level': {}, 'path_level': {}}","{'node_level': {}, 'link_level': {}, 'path_level': {}}","{'node_level': {}, 'link_level': {}, 'path_level': {}}",[],-inf,-inf,True,True,False,0,[],0,0.0,7.0,0.0,3
214,18,5,11789.0,24135.0,7301912.987324313,14981999.588976502,0.48846074166148745,0.4873790673907731,33,367,1,1782.0,10707,1563,9144,0.4099660249150623,0.3760491299897646,213,304.35920466172354,1782.0,8,17,False,"{0: -1, 1: -1, 2: -1, 3: -1, 4: -1, 5: -1, 6: -1, 7: -1}",{},{},{},0.0,0.0,558.0,279.0,1224.0,0.0,0.0,0.0,0.0,0.0,0.0,0.0,0.0,0.0,Unknown Reason,0.0,"{'node_level': {}, 'link_level': {}, 'path_level': {}}","{'node_level': {}, 'link_level': {}, 'path_level': {}}","{'node_level': {}, 'link_level': {}, 'path_level': {}}",[],-inf,-inf,True,True,False,0,[],0,0.0,8.0,0.0,3
214,18,5,11789.0,24135.0,7301912.987324313,14981999.588976502,0.48846074166148745,0.4873790673907731,33,368,0,1790.8369644851894,10707,1563,9144,0.4099660249150623,0.3760491299897646,192,172.8369644851894,1618.0,8,18,False,{},{},{},{},0.0,0.0,0.0,0.0,0.0,0.0,0.0,0.0,0.0,0.0,0.0,0.0,0.0,0.0,Leave Event,0.0,"{'node_level': {}, 'link_level': {}, 'path_level': {}}","{'node_level': {}, 'link_level': {}, 'path_level': {}}","{'node_level': {}, 'link_level': {}, 'path_level': {}}",[],-inf,-inf,True,True,False,0,[],0,0.0,,,3
215,18,5,11789.0,24135.0,7301912.987324313,14981999.588976502,0.48846074166148745,0.4873790673907731,33,369,1,1792.0,10707,1563,9144,0.4099660249150623,0.3760491299897646,214,1033.784555245744,1792.0,8,13,False,"{0: -1, 1: -1, 2: -1, 3: -1, 4: -1, 5: -1, 6: -1, 7: -1}",{},{},{},0.0,0.0,658.0,329.0,1047.0,0.0,0.0,0.0,0.0,0.0,0.0,0.0,0.0,0.0,Unknown Reason,0.0,"{'node_level': {}, 'link_level': {}, 'path_level': {}}","{'node_level': {}, 'link_level': {}, 'path_level': {}}","{'node_level': {}, 'link_level': {}, 'path_level': {}}",[],-inf,-inf,True,True,False,0,[],0,0.0,8.0,0.0,3
215,18,5,11789.0,24135.0,7301912.987324313,14981999.588976502,0.48846074166148745,0.4873790673907731,33,370,0,1797.7786576965193,10707,1563,9144,0.4099660249150623,0.3760491299897646,163,382.77865769651936,1415.0,7,10,False,{},{},{},{},0.0,0.0,0.0,0.0,0.0,0.0,0.0,0.0,0.0,0.0,0.0,0.0,0.0,0.0,Leave Event,0.0,"{'node_level': {}, 'link_level': {}, 'path_level': {}}","{'node_level': {}, 'link_level': {}, 'path_level': {}}","{'node_level': {}, 'link_level': {}, 'path_level': {}}",[],-inf,-inf,True,True,False,0,[],0,0.0,,,3
215,18,5,11789.0,24135.0,7301912.987324313,14981999.588976502,0.48846074166148745,0.4873790673907731,33,371,0,1798.6070615668273,10707,1563,9144,0.4099660249150623,0.3760491299897646,162,392.6070615668273,1406.0,6,8,False,{},{},{},{},0.0,0.0,0.0,0.0,0.0,0.0,0.0,0.0,0.0,0.0,0.0,0.0,0.0,0.0,Leave Event,0.0,"{'node_level': {}, 'link_level': {}, 'path_level': {}}","{'node_level': {}, 'link_level': {}, 'path_level': {}}","{'node_level': {}, 'link_level': {}, 'path_level': {}}",[],-inf,-inf,True,True,False,0,[],0,0.0,,,3
216,18,5,11789.0,24135.0,7301912.987324313,14981999.588976502,0.48846074166148745,0.4873790673907731,33,372,1,1802.0,10707,1563,9144,0.4099660249150623,0.3760491299897646,215,225.326373609575,1802.0,10,19,False,"{0: -1, 1: -1, 2: -1, 3: -1, 4: -1, 5: -1, 6: -1, 7: -1, 8: -1, 9: -1}",{},{},{},0.0,0.0,702.0,351.0,1464.0,0.0,0.0,0.0,0.0,0.0,0.0,0.0,0.0,0.0,Unknown Reason,0.0,"{'node_level': {}, 'link_level': {}, 'path_level': {}}","{'node_level': {}, 'link_level': {}, 'path_level': {}}","{'node_level': {}, 'link_level': {}, 'path_level': {}}",[],-inf,-inf,True,True,False,0,[],0,0.0,10.0,0.0,3
217,18,5,11789.0,24135.0,7301912.987324313,14981999.588976502,0.48846074166148745,0.4873790673907731,33,373,1,1807.0,10707,1563,9144,0.4099660249150623,0.3760491299897646,216,669.7680460357386,1807.0,9,11,False,"{0: -1, 1: -1, 2: -1, 3: -1, 4: -1, 5: -1, 6: -1, 7: -1, 8: -1}",{},{},{},0.0,0.0,820.0,410.0,908.0,0.0,0.0,0.0,0.0,0.0,0.0,0.0,0.0,0.0,Unknown Reason,0.0,"{'node_level': {}, 'link_level': {}, 'path_level': {}}","{'node_level': {}, 'link_level': {}, 'path_level': {}}","{'node_level': {}, 'link_level': {}, 'path_level': {}}",[],-inf,-inf,True,True,False,0,[],0,0.0,9.0,0.0,3
218,18,5,11789.0,24135.0,7301912.987324313,14981999.588976502,0.48846074166148745,0.4873790673907731,33,374,1,1814.0,10707,1563,9144,0.4099660249150623,0.3760491299897646,217,2563.632171770084,1814.0,6,9,False,"{0: -1, 1: -1, 2: -1, 3: -1, 4: -1, 5: -1}",{},{},{},0.0,0.0,562.0,281.0,698.0,0.0,0.0,0.0,0.0,0.0,0.0,0.0,0.0,0.0,Unknown Reason,0.0,"{'node_level': {}, 'link_level': {}, 'path_level': {}}","{'node_level': {}, 'link_level': {}, 'path_level': {}}","{'node_level': {}, 'link_level': {}, 'path_level': {}}",[],-inf,-inf,True,True,False,0,[],0,0.0,6.0,0.0,3
219,18,5,11789.0,24135.0,7301912.987324313,14981999.588976502,0.48846074166148745,0.4873790673907731,33,375,1,1821.0,10707,1563,9144,0.4099660249150623,0.3760491299897646,218,1293.8577687226698,1821.0,5,6,False,{},{},{},{},0.0,0.0,388.0,194.0,431.0,0.0,0.0,0.0,0.0,0.0,0.0,0.0,0.0,0.0,Unknown Reason,0.0,"{'node_level': {}, 'link_level': {}, 'path_level': {}}","{'node_level': {}, 'link_level': {}, 'path_level': {}}","{'node_level': {}, 'link_level': {}, 'path_level': {}}",[],-inf,-inf,True,True,False,0,[],0,0.0,0.0,0.0,3
219,18,5,11789.0,24135.0,7301912.987324313,14981999.588976502,0.48846074166148745,0.4873790673907731,33,376,0,1823.4479625253966,10707,1563,9144,0.4099660249150623,0.3760491299897646,95,992.4479625253966,831.0,5,5,False,{},{},{},{},0.0,0.0,0.0,0.0,0.0,0.0,0.0,0.0,0.0,0.0,0.0,0.0,0.0,0.0,Leave Event,0.0,"{'node_level': {}, 'link_level': {}, 'path_level': {}}","{'node_level': {}, 'link_level': {}, 'path_level': {}}","{'node_level': {}, 'link_level': {}, 'path_level': {}}",[],-inf,-inf,True,True,False,0,[],0,0.0,,,3
219,18,5,11789.0,24135.0,7301912.987324313,14981999.588976502,0.48846074166148745,0.4873790673907731,33,377,0,1823.4845783045753,10707,1563,9144,0.4099660249150623,0.3760491299897646,132,682.4845783045753,1141.0,7,14,False,{},{},{},{},0.0,0.0,0.0,0.0,0.0,0.0,0.0,0.0,0.0,0.0,0.0,0.0,0.0,0.0,Leave Event,0.0,"{'node_level': {}, 'link_level': {}, 'path_level': {}}","{'node_level': {}, 'link_level': {}, 'path_level': {}}","{'node_level': {}, 'link_level': {}, 'path_level': {}}",[],-inf,-inf,True,True,False,0,[],0,0.0,,,3
219,18,5,11789.0,24135.0,7301912.987324313,14981999.588976502,0.48846074166148745,0.4873790673907731,33,378,0,1823.6946978618923,10707,1563,9144,0.4099660249150623,0.3760491299897646,187,245.69469786189242,1578.0,9,23,False,{},{},{},{},0.0,0.0,0.0,0.0,0.0,0.0,0.0,0.0,0.0,0.0,0.0,0.0,0.0,0.0,Leave Event,0.0,"{'node_level': {}, 'link_level': {}, 'path_level': {}}","{'node_level': {}, 'link_level': {}, 'path_level': {}}","{'node_level': {}, 'link_level': {}, 'path_level': {}}",[],-inf,-inf,True,True,False,0,[],0,0.0,,,3
220,18,5,11789.0,24135.0,7301912.987324313,14981999.588976502,0.48846074166148745,0.4873790673907731,33,379,1,1831.0,10707,1563,9144,0.4099660249150623,0.3760491299897646,219,398.4066415982426,1831.0,6,7,False,{},{},{},{},0.0,0.0,518.0,259.0,468.0,0.0,0.0,0.0,0.0,0.0,0.0,0.0,0.0,0.0,Unknown Reason,0.0,"{'node_level': {}, 'link_level': {}, 'path_level': {}}","{'node_level': {}, 'link_level': {}, 'path_level': {}}","{'node_level': {}, 'link_level': {}, 'path_level': {}}",[],-inf,-inf,True,True,False,0,[],0,0.0,0.0,0.0,3
221,18,5,11789.0,24135.0,7301912.987324313,14981999.588976502,0.48846074166148745,0.4873790673907731,33,380,1,1841.0,10707,1563,9144,0.4099660249150623,0.3760491299897646,220,182.00185757307167,1841.0,7,11,False,"{0: -1, 1: -1, 2: -1, 3: -1, 4: -1, 5: -1, 6: -1}",{},{},{},0.0,0.0,596.0,298.0,793.0,0.0,0.0,0.0,0.0,0.0,0.0,0.0,0.0,0.0,Unknown Reason,0.0,"{'node_level': {}, 'link_level': {}, 'path_level': {}}","{'node_level': {}, 'link_level': {}, 'path_level': {}}","{'node_level': {}, 'link_level': {}, 'path_level': {}}",[],-inf,-inf,True,True,False,0,[],0,0.0,7.0,0.0,3
222,18,5,11789.0,24135.0,7301912.987324313,14981999.588976502,0.48846074166148745,0.4873790673907731,33,381,1,1851.0,10707,1563,9144,0.4099660249150623,0.3760491299897646,221,486.8442522757859,1851.0,8,10,False,"{0: -1, 1: -1, 2: -1, 3: -1, 4: -1, 5: -1, 6: -1, 7: -1}",{},{},{},0.0,0.0,660.0,330.0,836.0,0.0,0.0,0.0,0.0,0.0,0.0,0.0,0.0,0.0,Unknown Reason,0.0,"{'node_level': {}, 'link_level': {}, 'path_level': {}}","{'node_level': {}, 'link_level': {}, 'path_level': {}}","{'node_level': {}, 'link_level': {}, 'path_level': {}}",[],-inf,-inf,True,True,False,0,[],0,0.0,8.0,0.0,3
223,18,5,11789.0,24135.0,7301912.987324313,14981999.588976502,0.48846074166148745,0.4873790673907731,33,382,1,1855.0,10707,1563,9144,0.4099660249150623,0.3760491299897646,222,576.4840838307657,1855.0,6,9,False,"{0: -1, 1: -1, 2: -1, 3: -1, 4: -1, 5: -1}",{},{},{},0.0,0.0,494.0,247.0,736.0,0.0,0.0,0.0,0.0,0.0,0.0,0.0,0.0,0.0,Unknown Reason,0.0,"{'node_level': {}, 'link_level': {}, 'path_level': {}}","{'node_level': {}, 'link_level': {}, 'path_level': {}}","{'node_level': {}, 'link_level': {}, 'path_level': {}}",[],-inf,-inf,True,True,False,0,[],0,0.0,6.0,0.0,3
223,18,5,11789.0,24135.0,7301912.987324313,14981999.588976502,0.48846074166148745,0.4873790673907731,33,383,0,1857.640372594774,10707,1563,9144,0.4099660249150623,0.3760491299897646,206,117.64037259477386,1740.0,7,12,False,{},{},{},{},0.0,0.0,0.0,0.0,0.0,0.0,0.0,0.0,0.0,0.0,0.0,0.0,0.0,0.0,Leave Event,0.0,"{'node_level': {}, 'link_level': {}, 'path_level': {}}","{'node_level': {}, 'link_level': {}, 'path_level': {}}","{'node_level': {}, 'link_level': {}, 'path_level': {}}",[],-inf,-inf,True,True,False,0,[],0,0.0,,,3
224,18,5,11789.0,24135.0,7301912.987324313,14981999.588976502,0.48846074166148745,0.4873790673907731,33,384,1,1861.0,10707,1563,9144,0.4099660249150623,0.3760491299897646,223,374.2900471713494,1861.0,5,6,False,"{0: -1, 1: -1, 2: -1, 3: -1, 4: -1}",{},{},{},0.0,0.0,306.0,153.0,653.0,0.0,0.0,0.0,0.0,0.0,0.0,0.0,0.0,0.0,Unknown Reason,0.0,"{'node_level': {}, 'link_level': {}, 'path_level': {}}","{'node_level': {}, 'link_level': {}, 'path_level': {}}","{'node_level': {}, 'link_level': {}, 'path_level': {}}",[],-inf,-inf,True,True,False,0,[],0,0.0,5.0,0.0,3
225,19,6,12431.0,25560.0,7436012.428971653,15279650.218801204,0.48634585289514864,0.48666116844885865,33,385,1,1868.0,9282,1336,7946,0.4956587391468479,0.45779597407028316,224,208.87763496470305,1868.0,6,6,True,"{np.int64(0): np.int64(29), np.int64(1): np.int64(7), np.int64(2): np.int64(10), np.int64(3): np.int64(20), np.int64(4): np.int64(1), np.int64(5): np.int64(30)}","{(0, 2): [(np.int64(29), 2), (2, 5), (5, 7), (7, 10)], (1, 2): [(np.int64(7), 10)], (1, 4): [(np.int64(7), 4), (4, 1)], (2, 3): [(np.int64(10), 7), (7, 4), (4, 1), (1, 20)], (2, 5): [(np.int64(10), 7), (7, 4), (4, 1), (1, 28), (28, 30)], (3, 5): [(np.int64(20), 0), (0, 28), (28, 30)]}","{(np.int64(0), np.int64(29)): {'cpu': 46}, (np.int64(1), np.int64(7)): {'cpu': 51}, (np.int64(2), np.int64(10)): {'cpu': 32}, (np.int64(3), np.int64(20)): {'cpu': 32}, (np.int64(4), np.int64(1)): {'cpu': 29}, (np.int64(5), np.int64(30)): {'cpu': 37}}","{((0, 2), (np.int64(29), 2)): {'bw': 69}, ((0, 2), (2, 5)): {'bw': 69}, ((0, 2), (5, 7)): {'bw': 69}, ((0, 2), (7, 10)): {'bw': 69}, ((1, 2), (np.int64(7), 10)): {'bw': 103}, ((1, 4), (np.int64(7), 4)): {'bw': 66}, ((1, 4), (4, 1)): {'bw': 66}, ((2, 3), (np.int64(10), 7)): {'bw': 74}, ((2, 3), (7, 4)): {'bw': 74}, ((2, 3), (4, 1)): {'bw': 74}, ((2, 3), (1, 20)): {'bw': 74}, ((2, 5), (np.int64(10), 7)): {'bw': 41}, ((2, 5), (7, 4)): {'bw': 41}, ((2, 5), (4, 1)): {'bw': 41}, ((2, 5), (1, 28)): {'bw': 41}, ((2, 5), (28, 30)): {'bw': 41}, ((3, 5), (np.int64(20), 0)): {'bw': 62}, ((3, 5), (0, 28)): {'bw': 62}, ((3, 5), (28, 30)): {'bw': 62}}",1425.0,642.0,1589.0,227.0,415.0,227.0,415.0,227.0,1198.0,783.0,0.45052631578947366,297650.6298247019,134099.44164733935,94.10487133146621,Success,0.0,"{'node_level': {}, 'link_level': {}, 'path_level': {}}","{'node_level': {np.int64(0): {'cpu': -50}, np.int64(1): {'cpu': -9}, np.int64(2): {'cpu': -28}, np.int64(3): {'cpu': -35}, np.int64(4): {'cpu': -45}, np.int64(5): {'cpu': -14}}, 'link_level': {(0, 2): {'bw': -105}, (1, 2): {'bw': -193}, (1, 4): {'bw': -171}, (2, 3): {'bw': -97}, (2, 5): {'bw': -56}, (3, 5): {'bw': -3}}, 'path_level': {(0, 2): {}, (1, 2): {}, (1, 4): {}, (2, 3): {}, (2, 5): {}, (3, 5): {}}}","{'node_level': {np.int64(0): {'cpu': 0}, np.int64(1): {'cpu': 0}, np.int64(2): {'cpu': 0}, np.int64(3): {'cpu': 0}, np.int64(4): {'cpu': 0}, np.int64(5): {'cpu': 0}}, 'link_level': {(0, 2): {'bw': 0}, (1, 2): {'bw': 0}, (1, 4): {'bw': 0}, (2, 3): {'bw': 0}, (2, 5): {'bw': 0}, (3, 5): {'bw': 0}}, 'path_level': {(0, 2): {}, (1, 2): {}, (1, 4): {}, (2, 3): {}, (2, 5): {}, (3, 5): {}}}",[],-inf,-inf,True,True,False,0,[],0,0.0,6.0,6.0,3
225,19,6,12431.0,25560.0,7436012.428971653,15279650.218801204,0.48634585289514864,0.48666116844885865,33,386,0,1874.4918774883856,9282,1336,7946,0.4956587391468479,0.45779597407028316,193,240.4918774883856,1634.0,6,6,False,{},{},{},{},0.0,0.0,0.0,0.0,0.0,0.0,0.0,0.0,0.0,0.0,0.0,0.0,0.0,0.0,Leave Event,0.0,"{'node_level': {}, 'link_level': {}, 'path_level': {}}","{'node_level': {}, 'link_level': {}, 'path_level': {}}","{'node_level': {}, 'link_level': {}, 'path_level': {}}",[],-inf,-inf,True,True,False,0,[],0,0.0,,,3
226,19,6,12431.0,25560.0,7436012.428971653,15279650.218801204,0.48634585289514864,0.48666116844885865,33,387,1,1876.0,9282,1336,7946,0.4956587391468479,0.45779597407028316,225,303.8762452467725,1876.0,8,14,False,"{0: -1, 1: -1, 2: -1, 3: -1, 4: -1, 5: -1, 6: -1, 7: -1}",{},{},{},0.0,0.0,544.0,272.0,1224.0,0.0,0.0,0.0,0.0,0.0,0.0,0.0,0.0,0.0,Unknown Reason,0.0,"{'node_level': {}, 'link_level': {}, 'path_level': {}}","{'node_level': {}, 'link_level': {}, 'path_level': {}}","{'node_level': {}, 'link_level': {}, 'path_level': {}}",[],-inf,-inf,True,True,False,0,[],0,0.0,8.0,0.0,3
226,19,6,12431.0,25560.0,7436012.428971653,15279650.218801204,0.48634585289514864,0.48666116844885865,33,388,0,1878.7685042736523,9282,1336,7946,0.4956587391468479,0.45779597407028316,79,1171.7685042736523,707.0,5,4,False,{},{},{},{},0.0,0.0,0.0,0.0,0.0,0.0,0.0,0.0,0.0,0.0,0.0,0.0,0.0,0.0,Leave Event,0.0,"{'node_level': {}, 'link_level': {}, 'path_level': {}}","{'node_level': {}, 'link_level': {}, 'path_level': {}}","{'node_level': {}, 'link_level': {}, 'path_level': {}}",[],-inf,-inf,True,True,False,0,[],0,0.0,,,3
226,19,6,12431.0,25560.0,7436012.428971653,15279650.218801204,0.48634585289514864,0.48666116844885865,33,389,0,1883.3225575290778,9282,1336,7946,0.4956587391468479,0.45779597407028316,169,425.32255752907787,1458.0,9,18,False,{},{},{},{},0.0,0.0,0.0,0.0,0.0,0.0,0.0,0.0,0.0,0.0,0.0,0.0,0.0,0.0,Leave Event,0.0,"{'node_level': {}, 'link_level': {}, 'path_level': {}}","{'node_level': {}, 'link_level': {}, 'path_level': {}}","{'node_level': {}, 'link_level': {}, 'path_level': {}}",[],-inf,-inf,True,True,False,0,[],0,0.0,,,3
227,19,6,12431.0,25560.0,7436012.428971653,15279650.218801204,0.48634585289514864,0.48666116844885865,33,390,1,1888.0,9282,1336,7946,0.4956587391468479,0.45779597407028316,226,42.66498277640848,1888.0,9,23,False,"{0: -1, 1: -1, 2: -1, 3: -1, 4: -1, 5: -1, 6: -1, 7: -1, 8: -1}",{},{},{},0.0,0.0,688.0,344.0,1885.0,0.0,0.0,0.0,0.0,0.0,0.0,0.0,0.0,0.0,Unknown Reason,0.0,"{'node_level': {}, 'link_level': {}, 'path_level': {}}","{'node_level': {}, 'link_level': {}, 'path_level': {}}","{'node_level': {}, 'link_level': {}, 'path_level': {}}",[],-inf,-inf,True,True,False,0,[],0,0.0,9.0,0.0,3
227,19,6,12431.0,25560.0,7436012.428971653,15279650.218801204,0.48634585289514864,0.48666116844885865,33,391,0,1895.942721046454,9282,1336,7946,0.4956587391468479,0.45779597407028316,204,166.94272104645393,1729.0,9,19,False,{},{},{},{},0.0,0.0,0.0,0.0,0.0,0.0,0.0,0.0,0.0,0.0,0.0,0.0,0.0,0.0,Leave Event,0.0,"{'node_level': {}, 'link_level': {}, 'path_level': {}}","{'node_level': {}, 'link_level': {}, 'path_level': {}}","{'node_level': {}, 'link_level': {}, 'path_level': {}}",[],-inf,-inf,True,True,False,0,[],0,0.0,,,3
228,19,6,12431.0,25560.0,7436012.428971653,15279650.218801204,0.48634585289514864,0.48666116844885865,33,392,1,1898.0,9282,1336,7946,0.4956587391468479,0.45779597407028316,227,172.14893206224505,1898.0,10,27,False,"{0: -1, 1: -1, 2: -1, 3: -1, 4: -1, 5: -1, 6: -1, 7: -1, 8: -1, 9: -1}",{},{},{},0.0,0.0,800.0,400.0,2218.0,0.0,0.0,0.0,0.0,0.0,0.0,0.0,0.0,0.0,Unknown Reason,0.0,"{'node_level': {}, 'link_level': {}, 'path_level': {}}","{'node_level': {}, 'link_level': {}, 'path_level': {}}","{'node_level': {}, 'link_level': {}, 'path_level': {}}",[],-inf,-inf,True,True,False,0,[],0,0.0,10.0,0.0,3
228,19,6,12431.0,25560.0,7436012.428971653,15279650.218801204,0.48634585289514864,0.48666116844885865,33,393,0,1902.0879291075967,9282,1336,7946,0.4956587391468479,0.45779597407028316,137,734.0879291075967,1168.0,8,18,False,{},{},{},{},0.0,0.0,0.0,0.0,0.0,0.0,0.0,0.0,0.0,0.0,0.0,0.0,0.0,0.0,Leave Event,0.0,"{'node_level': {}, 'link_level': {}, 'path_level': {}}","{'node_level': {}, 'link_level': {}, 'path_level': {}}","{'node_level': {}, 'link_level': {}, 'path_level': {}}",[],-inf,-inf,True,True,False,0,[],0,0.0,,,3
229,19,6,12431.0,25560.0,7436012.428971653,15279650.218801204,0.48634585289514864,0.48666116844885865,33,394,1,1906.0,9282,1336,7946,0.4956587391468479,0.45779597407028316,228,78.26653146618015,1906.0,10,27,False,"{0: -1, 1: -1, 2: -1, 3: -1, 4: -1, 5: -1, 6: -1, 7: -1, 8: -1, 9: -1}",{},{},{},0.0,0.0,796.0,398.0,2044.0,0.0,0.0,0.0,0.0,0.0,0.0,0.0,0.0,0.0,Unknown Reason,0.0,"{'node_level': {}, 'link_level': {}, 'path_level': {}}","{'node_level': {}, 'link_level': {}, 'path_level': {}}","{'node_level': {}, 'link_level': {}, 'path_level': {}}",[],-inf,-inf,True,True,False,0,[],0,0.0,10.0,0.0,3
229,19,6,12431.0,25560.0,7436012.428971653,15279650.218801204,0.48634585289514864,0.48666116844885865,33,395,0,1906.1034514207436,9282,1336,7946,0.4956587391468479,0.45779597407028316,143,675.1034514207436,1231.0,9,23,False,{},{},{},{},0.0,0.0,0.0,0.0,0.0,0.0,0.0,0.0,0.0,0.0,0.0,0.0,0.0,0.0,Leave Event,0.0,"{'node_level': {}, 'link_level': {}, 'path_level': {}}","{'node_level': {}, 'link_level': {}, 'path_level': {}}","{'node_level': {}, 'link_level': {}, 'path_level': {}}",[],-inf,-inf,True,True,False,0,[],0,0.0,,,3
229,19,5,12431.0,25560.0,7436012.428971653,15279650.218801204,0.48634585289514864,0.48666116844885865,33,396,0,1915.2759822784224,11379,1601,9778,0.39562098905247267,0.3327874445581712,0,1907.2759822784224,8.0,7,9,False,{},{},{},{},0.0,0.0,0.0,0.0,0.0,0.0,0.0,0.0,0.0,0.0,0.0,0.0,0.0,0.0,Leave Event,0.0,"{'node_level': {}, 'link_level': {}, 'path_level': {}}","{'node_level': {}, 'link_level': {}, 'path_level': {}}","{'node_level': {}, 'link_level': {}, 'path_level': {}}",[],-inf,-inf,True,True,False,0,[],0,0.0,,,3
230,19,5,12431.0,25560.0,7436012.428971653,15279650.218801204,0.48634585289514864,0.48666116844885865,33,397,1,1918.0,11379,1601,9778,0.39562098905247267,0.3327874445581712,229,549.0273183246783,1918.0,5,8,False,{},{},{},{},0.0,0.0,360.0,180.0,584.0,0.0,0.0,0.0,0.0,0.0,0.0,0.0,0.0,0.0,Unknown Reason,0.0,"{'node_level': {}, 'link_level': {}, 'path_level': {}}","{'node_level': {}, 'link_level': {}, 'path_level': {}}","{'node_level': {}, 'link_level': {}, 'path_level': {}}",[],-inf,-inf,True,True,False,0,[],0,0.0,0.0,0.0,3
231,20,6,12997.0,26486.0,8341587.058105599,16761208.710988544,0.4907120743034056,0.49767216684300974,34,398,1,1925.0,10453,1372,9081,0.4820687051717629,0.3803480040941658,230,1599.955175148315,1925.0,5,5,True,"{np.int64(0): np.int64(8), np.int64(1): np.int64(1), np.int64(2): np.int64(12), np.int64(3): np.int64(19), np.int64(4): np.int64(15)}","{(0, 3): [(np.int64(8), 6), (6, 4), (4, 0), (0, 12), (12, 15), (15, 19)], (1, 2): [(np.int64(1), 12)], (2, 3): [(np.int64(12), 15), (15, 19)], (2, 4): [(np.int64(12), 15)], (3, 4): [(np.int64(19), 15)]}","{(np.int64(0), np.int64(8)): {'cpu': 51}, (np.int64(1), np.int64(1)): {'cpu': 28}, (np.int64(2), np.int64(12)): {'cpu': 37}, (np.int64(3), np.int64(19)): {'cpu': 53}, (np.int64(4), np.int64(15)): {'cpu': 60}}","{((0, 3), (np.int64(8), 6)): {'bw': 64}, ((0, 3), (6, 4)): {'bw': 64}, ((0, 3), (4, 0)): {'bw': 64}, ((0, 3), (0, 12)): {'bw': 64}, ((0, 3), (12, 15)): {'bw': 64}, ((0, 3), (15, 19)): {'bw': 64}, ((1, 2), (np.int64(1), 12)): {'bw': 71}, ((2, 3), (np.int64(12), 15)): {'bw': 40}, ((2, 3), (15, 19)): {'bw': 40}, ((2, 4), (np.int64(12), 15)): {'bw': 47}, ((3, 4), (np.int64(19), 15)): {'bw': 115}}",926.0,566.0,2061.0,229.0,337.0,229.0,337.0,229.0,697.0,360.0,0.6112311015118791,1481558.4921873396,905574.6291339463,977.942364075536,Success,0.0,"{'node_level': {}, 'link_level': {}, 'path_level': {}}","{'node_level': {np.int64(0): {'cpu': -20}, np.int64(1): {'cpu': -17}, np.int64(2): {'cpu': -51}, np.int64(3): {'cpu': -23}, np.int64(4): {'cpu': -34}}, 'link_level': {(0, 3): {'bw': -67}, (1, 2): {'bw': -149}, (2, 3): {'bw': -195}, (2, 4): {'bw': -162}, (3, 4): {'bw': -80}}, 'path_level': {(0, 3): {}, (1, 2): {}, (2, 3): {}, (2, 4): {}, (3, 4): {}}}","{'node_level': {np.int64(0): {'cpu': 0}, np.int64(1): {'cpu': 0}, np.int64(2): {'cpu': 0}, np.int64(3): {'cpu': 0}, np.int64(4): {'cpu': 0}}, 'link_level': {(0, 3): {'bw': 0}, (1, 2): {'bw': 0}, (2, 3): {'bw': 0}, (2, 4): {'bw': 0}, (3, 4): {'bw': 0}}, 'path_level': {(0, 3): {}, (1, 2): {}, (2, 3): {}, (2, 4): {}, (3, 4): {}}}",[],-inf,-inf,True,True,False,0,[],0,0.0,5.0,5.0,3
231,20,6,12997.0,26486.0,8341587.058105599,16761208.710988544,0.4907120743034056,0.49767216684300974,34,399,0,1926.835337782542,10453,1372,9081,0.4820687051717629,0.3803480040941658,147,657.8353377825421,1269.0,10,28,False,{},{},{},{},0.0,0.0,0.0,0.0,0.0,0.0,0.0,0.0,0.0,0.0,0.0,0.0,0.0,0.0,Leave Event,0.0,"{'node_level': {}, 'link_level': {}, 'path_level': {}}","{'node_level': {}, 'link_level': {}, 'path_level': {}}","{'node_level': {}, 'link_level': {}, 'path_level': {}}",[],-inf,-inf,True,True,False,0,[],0,0.0,,,3
231,20,6,12997.0,26486.0,8341587.058105599,16761208.710988544,0.4907120743034056,0.49767216684300974,34,400,0,1930.6649827764086,10453,1372,9081,0.4820687051717629,0.3803480040941658,226,42.66498277640848,1888.0,9,23,False,{},{},{},{},0.0,0.0,0.0,0.0,0.0,0.0,0.0,0.0,0.0,0.0,0.0,0.0,0.0,0.0,Leave Event,0.0,"{'node_level': {}, 'link_level': {}, 'path_level': {}}","{'node_level': {}, 'link_level': {}, 'path_level': {}}","{'node_level': {}, 'link_level': {}, 'path_level': {}}",[],-inf,-inf,True,True,False,0,[],0,0.0,,,3
231,20,6,12997.0,26486.0,8341587.058105599,16761208.710988544,0.4907120743034056,0.49767216684300974,34,401,0,1934.53329948275,10453,1372,9081,0.4820687051717629,0.3803480040941658,145,686.5332994827498,1248.0,5,6,False,{},{},{},{},0.0,0.0,0.0,0.0,0.0,0.0,0.0,0.0,0.0,0.0,0.0,0.0,0.0,0.0,Leave Event,0.0,"{'node_level': {}, 'link_level': {}, 'path_level': {}}","{'node_level': {}, 'link_level': {}, 'path_level': {}}","{'node_level': {}, 'link_level': {}, 'path_level': {}}",[],-inf,-inf,True,True,False,0,[],0,0.0,,,3
232,20,6,12997.0,26486.0,8341587.058105599,16761208.710988544,0.4907120743034056,0.49767216684300974,34,402,1,1935.0,10453,1372,9081,0.4820687051717629,0.3803480040941658,231,85.53337504436854,1935.0,10,25,False,"{0: -1, 1: -1, 2: -1, 3: -1, 4: -1, 5: -1, 6: -1, 7: -1, 8: -1, 9: -1}",{},{},{},0.0,0.0,928.0,464.0,1922.0,0.0,0.0,0.0,0.0,0.0,0.0,0.0,0.0,0.0,Unknown Reason,0.0,"{'node_level': {}, 'link_level': {}, 'path_level': {}}","{'node_level': {}, 'link_level': {}, 'path_level': {}}","{'node_level': {}, 'link_level': {}, 'path_level': {}}",[],-inf,-inf,True,True,False,0,[],0,0.0,10.0,0.0,3
232,20,6,12997.0,26486.0,8341587.058105599,16761208.710988544,0.4907120743034056,0.49767216684300974,34,403,0,1937.8595769365904,10453,1372,9081,0.4820687051717629,0.3803480040941658,89,1154.8595769365904,783.0,7,8,False,{},{},{},{},0.0,0.0,0.0,0.0,0.0,0.0,0.0,0.0,0.0,0.0,0.0,0.0,0.0,0.0,Leave Event,0.0,"{'node_level': {}, 'link_level': {}, 'path_level': {}}","{'node_level': {}, 'link_level': {}, 'path_level': {}}","{'node_level': {}, 'link_level': {}, 'path_level': {}}",[],-inf,-inf,True,True,False,0,[],0,0.0,,,3
232,20,6,12997.0,26486.0,8341587.058105599,16761208.710988544,0.4907120743034056,0.49767216684300974,34,404,0,1938.9906008836463,10453,1372,9081,0.4820687051717629,0.3803480040941658,202,225.99060088364624,1713.0,5,8,False,{},{},{},{},0.0,0.0,0.0,0.0,0.0,0.0,0.0,0.0,0.0,0.0,0.0,0.0,0.0,0.0,Leave Event,0.0,"{'node_level': {}, 'link_level': {}, 'path_level': {}}","{'node_level': {}, 'link_level': {}, 'path_level': {}}","{'node_level': {}, 'link_level': {}, 'path_level': {}}",[],-inf,-inf,True,True,False,0,[],0,0.0,,,3
232,20,6,12997.0,26486.0,8341587.058105599,16761208.710988544,0.4907120743034056,0.49767216684300974,34,405,0,1939.9499344641283,10453,1372,9081,0.4820687051717629,0.3803480040941658,195,286.9499344641283,1653.0,6,6,False,{},{},{},{},0.0,0.0,0.0,0.0,0.0,0.0,0.0,0.0,0.0,0.0,0.0,0.0,0.0,0.0,Leave Event,0.0,"{'node_level': {}, 'link_level': {}, 'path_level': {}}","{'node_level': {}, 'link_level': {}, 'path_level': {}}","{'node_level': {}, 'link_level': {}, 'path_level': {}}",[],-inf,-inf,True,True,False,0,[],0,0.0,,,3
232,20,6,12997.0,26486.0,8341587.058105599,16761208.710988544,0.4907120743034056,0.49767216684300974,34,406,0,1941.431501087978,10453,1372,9081,0.4820687051717629,0.3803480040941658,92,1130.431501087978,811.0,5,7,False,{},{},{},{},0.0,0.0,0.0,0.0,0.0,0.0,0.0,0.0,0.0,0.0,0.0,0.0,0.0,0.0,Leave Event,0.0,"{'node_level': {}, 'link_level': {}, 'path_level': {}}","{'node_level': {}, 'link_level': {}, 'path_level': {}}","{'node_level': {}, 'link_level': {}, 'path_level': {}}",[],-inf,-inf,True,True,False,0,[],0,0.0,,,3
232,20,6,12997.0,26486.0,8341587.058105599,16761208.710988544,0.4907120743034056,0.49767216684300974,34,407,0,1941.8397536115622,10453,1372,9081,0.4820687051717629,0.3803480040941658,197,265.8397536115622,1676.0,10,22,False,{},{},{},{},0.0,0.0,0.0,0.0,0.0,0.0,0.0,0.0,0.0,0.0,0.0,0.0,0.0,0.0,Leave Event,0.0,"{'node_level': {}, 'link_level': {}, 'path_level': {}}","{'node_level': {}, 'link_level': {}, 'path_level': {}}","{'node_level': {}, 'link_level': {}, 'path_level': {}}",[],-inf,-inf,True,True,False,0,[],0,0.0,,,3
233,20,6,12997.0,26486.0,8341587.058105599,16761208.710988544,0.4907120743034056,0.49767216684300974,34,408,1,1944.0,10453,1372,9081,0.4820687051717629,0.3803480040941658,232,14.351031677155596,1944.0,6,10,False,"{0: -1, 1: -1, 2: -1, 3: -1, 4: -1, 5: -1}",{},{},{},0.0,0.0,596.0,298.0,741.0,0.0,0.0,0.0,0.0,0.0,0.0,0.0,0.0,0.0,Unknown Reason,0.0,"{'node_level': {}, 'link_level': {}, 'path_level': {}}","{'node_level': {}, 'link_level': {}, 'path_level': {}}","{'node_level': {}, 'link_level': {}, 'path_level': {}}",[],-inf,-inf,True,True,False,0,[],0,0.0,6.0,0.0,3
234,20,6,12997.0,26486.0,8341587.058105599,16761208.710988544,0.4907120743034056,0.49767216684300974,34,409,1,1951.0,10453,1372,9081,0.4820687051717629,0.3803480040941658,233,676.1536003725059,1951.0,7,8,False,{},{},{},{},0.0,0.0,692.0,346.0,676.0,0.0,0.0,0.0,0.0,0.0,0.0,0.0,0.0,0.0,Unknown Reason,0.0,"{'node_level': {}, 'link_level': {}, 'path_level': {}}","{'node_level': {}, 'link_level': {}, 'path_level': {}}","{'node_level': {}, 'link_level': {}, 'path_level': {}}",[],-inf,-inf,True,True,False,0,[],0,0.0,0.0,0.0,3
234,20,6,12997.0,26486.0,8341587.058105599,16761208.710988544,0.4907120743034056,0.49767216684300974,34,410,0,1958.3510316771556,10453,1372,9081,0.4820687051717629,0.3803480040941658,232,14.351031677155596,1944.0,6,10,False,{},{},{},{},0.0,0.0,0.0,0.0,0.0,0.0,0.0,0.0,0.0,0.0,0.0,0.0,0.0,0.0,Leave Event,0.0,"{'node_level': {}, 'link_level': {}, 'path_level': {}}","{'node_level': {}, 'link_level': {}, 'path_level': {}}","{'node_level': {}, 'link_level': {}, 'path_level': {}}",[],-inf,-inf,True,True,False,0,[],0,0.0,,,3
235,20,6,12997.0,26486.0,8341587.058105599,16761208.710988544,0.4907120743034056,0.49767216684300974,34,411,1,1959.0,10453,1372,9081,0.4820687051717629,0.3803480040941658,234,218.60521787307712,1959.0,10,23,False,"{0: -1, 1: -1, 2: -1, 3: -1, 4: -1, 5: -1, 6: -1, 7: -1, 8: -1, 9: -1}",{},{},{},0.0,0.0,706.0,353.0,1918.0,0.0,0.0,0.0,0.0,0.0,0.0,0.0,0.0,0.0,Unknown Reason,0.0,"{'node_level': {}, 'link_level': {}, 'path_level': {}}","{'node_level': {}, 'link_level': {}, 'path_level': {}}","{'node_level': {}, 'link_level': {}, 'path_level': {}}",[],-inf,-inf,True,True,False,0,[],0,0.0,10.0,0.0,3
236,20,6,12997.0,26486.0,8341587.058105599,16761208.710988544,0.4907120743034056,0.49767216684300974,34,412,1,1964.0,10453,1372,9081,0.4820687051717629,0.3803480040941658,235,352.5757491009,1964.0,7,10,False,{},{},{},{},0.0,0.0,586.0,293.0,851.0,0.0,0.0,0.0,0.0,0.0,0.0,0.0,0.0,0.0,Unknown Reason,0.0,"{'node_level': {}, 'link_level': {}, 'path_level': {}}","{'node_level': {}, 'link_level': {}, 'path_level': {}}","{'node_level': {}, 'link_level': {}, 'path_level': {}}",[],-inf,-inf,True,True,False,0,[],0,0.0,0.0,0.0,3
236,20,5,12997.0,26486.0,8341587.058105599,16761208.710988544,0.4907120743034056,0.49767216684300974,34,413,0,1965.9076287272885,12090,1614,10476,0.39071347678369195,0.2851586489252814,173,482.90762872728857,1483.0,5,5,False,{},{},{},{},0.0,0.0,0.0,0.0,0.0,0.0,0.0,0.0,0.0,0.0,0.0,0.0,0.0,0.0,Leave Event,0.0,"{'node_level': {}, 'link_level': {}, 'path_level': {}}","{'node_level': {}, 'link_level': {}, 'path_level': {}}","{'node_level': {}, 'link_level': {}, 'path_level': {}}",[],-inf,-inf,True,True,False,0,[],0,0.0,,,3
236,20,5,12997.0,26486.0,8341587.058105599,16761208.710988544,0.4907120743034056,0.49767216684300974,34,414,0,1972.5253714712403,12090,1614,10476,0.39071347678369195,0.2851586489252814,128,868.5253714712403,1104.0,7,11,False,{},{},{},{},0.0,0.0,0.0,0.0,0.0,0.0,0.0,0.0,0.0,0.0,0.0,0.0,0.0,0.0,Leave Event,0.0,"{'node_level': {}, 'link_level': {}, 'path_level': {}}","{'node_level': {}, 'link_level': {}, 'path_level': {}}","{'node_level': {}, 'link_level': {}, 'path_level': {}}",[],-inf,-inf,True,True,False,0,[],0,0.0,,,3
237,20,5,12997.0,26486.0,8341587.058105599,16761208.710988544,0.4907120743034056,0.49767216684300974,34,415,1,1976.0,12090,1614,10476,0.39071347678369195,0.2851586489252814,236,31.49549967887874,1976.0,7,12,False,"{0: -1, 1: -1, 2: -1, 3: -1, 4: -1, 5: -1, 6: -1}",{},{},{},0.0,0.0,578.0,289.0,1084.0,0.0,0.0,0.0,0.0,0.0,0.0,0.0,0.0,0.0,Unknown Reason,0.0,"{'node_level': {}, 'link_level': {}, 'path_level': {}}","{'node_level': {}, 'link_level': {}, 'path_level': {}}","{'node_level': {}, 'link_level': {}, 'path_level': {}}",[],-inf,-inf,True,True,False,0,[],0,0.0,7.0,0.0,3
238,20,5,12997.0,26486.0,8341587.058105599,16761208.710988544,0.4907120743034056,0.49767216684300974,34,416,1,1982.0,12090,1614,10476,0.39071347678369195,0.2851586489252814,237,97.86448596467395,1982.0,10,19,False,"{0: -1, 1: -1, 2: -1, 3: -1, 4: -1, 5: -1, 6: -1, 7: -1, 8: -1, 9: -1}",{},{},{},0.0,0.0,864.0,432.0,1554.0,0.0,0.0,0.0,0.0,0.0,0.0,0.0,0.0,0.0,Unknown Reason,0.0,"{'node_level': {}, 'link_level': {}, 'path_level': {}}","{'node_level': {}, 'link_level': {}, 'path_level': {}}","{'node_level': {}, 'link_level': {}, 'path_level': {}}",[],-inf,-inf,True,True,False,0,[],0,0.0,10.0,0.0,3
238,20,5,12997.0,26486.0,8341587.058105599,16761208.710988544,0.4907120743034056,0.49767216684300974,34,417,0,1984.2665314661801,12090,1614,10476,0.39071347678369195,0.2851586489252814,228,78.26653146618015,1906.0,10,27,False,{},{},{},{},0.0,0.0,0.0,0.0,0.0,0.0,0.0,0.0,0.0,0.0,0.0,0.0,0.0,0.0,Leave Event,0.0,"{'node_level': {}, 'link_level': {}, 'path_level': {}}","{'node_level': {}, 'link_level': {}, 'path_level': {}}","{'node_level': {}, 'link_level': {}, 'path_level': {}}",[],-inf,-inf,True,True,False,0,[],0,0.0,,,3
239,20,5,12997.0,26486.0,8341587.058105599,16761208.710988544,0.4907120743034056,0.49767216684300974,34,418,1,1989.0,12090,1614,10476,0.39071347678369195,0.2851586489252814,238,594.5524276169494,1989.0,7,13,False,"{0: -1, 1: -1, 2: -1, 3: -1, 4: -1, 5: -1, 6: -1}",{},{},{},0.0,0.0,522.0,261.0,1171.0,0.0,0.0,0.0,0.0,0.0,0.0,0.0,0.0,0.0,Unknown Reason,0.0,"{'node_level': {}, 'link_level': {}, 'path_level': {}}","{'node_level': {}, 'link_level': {}, 'path_level': {}}","{'node_level': {}, 'link_level': {}, 'path_level': {}}",[],-inf,-inf,True,True,False,0,[],0,0.0,7.0,0.0,3
239,20,4,12997.0,26486.0,8341587.058105599,16761208.710988544,0.4907120743034056,0.49767216684300974,34,419,0,1993.2863014880895,13220,1832,11388,0.30841827104567765,0.22292732855680653,76,1312.2863014880895,681.0,5,5,False,{},{},{},{},0.0,0.0,0.0,0.0,0.0,0.0,0.0,0.0,0.0,0.0,0.0,0.0,0.0,0.0,Leave Event,0.0,"{'node_level': {}, 'link_level': {}, 'path_level': {}}","{'node_level': {}, 'link_level': {}, 'path_level': {}}","{'node_level': {}, 'link_level': {}, 'path_level': {}}",[],-inf,-inf,True,True,False,0,[],0,0.0,,,3
240,21,5,14427.0,30195.0,9006110.110520996,18484786.33435128,0.47779433681073025,0.4872174310061921,36,420,1,1997.0,9511,1492,8019,0.43676859192147977,0.45281473899692937,239,464.701435255523,1997.0,9,14,True,"{np.int64(0): np.int64(16), np.int64(1): np.int64(4), np.int64(2): np.int64(12), np.int64(3): np.int64(21), np.int64(4): np.int64(11), np.int64(5): np.int64(14), np.int64(6): np.int64(20), np.int64(7): np.int64(18), np.int64(8): np.int64(6)}","{(0, 2): [(np.int64(16), 14), (14, 12)], (0, 5): [(np.int64(16), 14)], (1, 2): [(np.int64(4), 6), (6, 5), (5, 2), (2, 13), (13, 14), (14, 12)], (1, 4): [(np.int64(4), 7), (7, 11)], (1, 7): [(np.int64(4), 0), (0, 12), (12, 15), (15, 18)], (1, 8): [(np.int64(4), 6)], (2, 4): [(np.int64(12), 1), (1, 4), (4, 7), (7, 11)], (2, 6): [(np.int64(12), 0), (0, 20)], (3, 7): [(np.int64(21), 2), (2, 13), (13, 15), (15, 18)], (3, 8): [(np.int64(21), 2), (2, 5), (5, 6)], (4, 8): [(np.int64(11), 7), (7, 5), (5, 6)], (5, 6): [(np.int64(14), 12), (12, 0), (0, 20)], (5, 7): [(np.int64(14), 13), (13, 15), (15, 18)], (6, 8): [(np.int64(20), 22), (22, 21), (21, 3), (3, 5), (5, 6)]}","{(np.int64(0), np.int64(16)): {'cpu': 43}, (np.int64(1), np.int64(4)): {'cpu': 21}, (np.int64(2), np.int64(12)): {'cpu': 43}, (np.int64(3), np.int64(21)): {'cpu': 38}, (np.int64(4), np.int64(11)): {'cpu': 22}, (np.int64(5), np.int64(14)): {'cpu': 49}, (np.int64(6), np.int64(20)): {'cpu': 29}, (np.int64(7), np.int64(18)): {'cpu': 58}, (np.int64(8), np.int64(6)): {'cpu': 37}}","{((0, 2), (np.int64(16), 14)): {'bw': 58}, ((0, 2), (14, 12)): {'bw': 58}, ((0, 5), (np.int64(16), 14)): {'bw': 52}, ((1, 2), (np.int64(4), 6)): {'bw': 91}, ((1, 2), (6, 5)): {'bw': 91}, ((1, 2), (5, 2)): {'bw': 91}, ((1, 2), (2, 13)): {'bw': 91}, ((1, 2), (13, 14)): {'bw': 91}, ((1, 2), (14, 12)): {'bw': 91}, ((1, 4), (np.int64(4), 7)): {'bw': 111}, ((1, 4), (7, 11)): {'bw': 111}, ((1, 7), (np.int64(4), 0)): {'bw': 41}, ((1, 7), (0, 12)): {'bw': 41}, ((1, 7), (12, 15)): {'bw': 41}, ((1, 7), (15, 18)): {'bw': 41}, ((1, 8), (np.int64(4), 6)): {'bw': 98}, ((2, 4), (np.int64(12), 1)): {'bw': 40}, ((2, 4), (1, 4)): {'bw': 40}, ((2, 4), (4, 7)): {'bw': 40}, ((2, 4), (7, 11)): {'bw': 40}, ((2, 6), (np.int64(12), 0)): {'bw': 69}, ((2, 6), (0, 20)): {'bw': 69}, ((3, 7), (np.int64(21), 2)): {'bw': 107}, ((3, 7), (2, 13)): {'bw': 107}, ((3, 7), (13, 15)): {'bw': 107}, ((3, 7), (15, 18)): {'bw': 107}, ((3, 8), (np.int64(21), 2)): {'bw': 85}, ((3, 8), (2, 5)): {'bw': 85}, ((3, 8), (5, 6)): {'bw': 85}, ((4, 8), (np.int64(11), 7)): {'bw': 86}, ((4, 8), (7, 5)): {'bw': 86}, ((4, 8), (5, 6)): {'bw': 86}, ((5, 6), (np.int64(14), 12)): {'bw': 78}, ((5, 6), (12, 0)): {'bw': 78}, ((5, 6), (0, 20)): {'bw': 78}, ((5, 7), (np.int64(14), 13)): {'bw': 86}, ((5, 7), (13, 15)): {'bw': 86}, ((5, 7), (15, 18)): {'bw': 86}, ((6, 8), (np.int64(20), 22)): {'bw': 88}, ((6, 8), (22, 21)): {'bw': 88}, ((6, 8), (21, 3)): {'bw': 88}, ((6, 8), (3, 5)): {'bw': 88}, ((6, 8), (5, 6)): {'bw': 88}}",3709.0,1430.0,1360.0,340.0,1090.0,340.0,1090.0,340.0,3369.0,2279.0,0.3855486654084659,1723577.6233627347,664523.0524153978,179.16501817616552,Success,0.0,"{'node_level': {}, 'link_level': {}, 'path_level': {}}","{'node_level': {np.int64(0): {'cpu': -36}, np.int64(1): {'cpu': -29}, np.int64(2): {'cpu': -8}, np.int64(3): {'cpu': -38}, np.int64(4): {'cpu': -8}, np.int64(5): {'cpu': -21}, np.int64(6): {'cpu': -6}, np.int64(7): {'cpu': -6}, np.int64(8): {'cpu': -32}}, 'link_level': {(0, 2): {'bw': -175}, (0, 5): {'bw': -207}, (1, 2): {'bw': -84}, (1, 4): {'bw': -54}, (1, 7): {'bw': -26}, (1, 8): {'bw': -6}, (2, 4): {'bw': -14}, (2, 6): {'bw': -148}, (3, 7): {'bw': -121}, (3, 8): {'bw': -36}, (4, 8): {'bw': -40}, (5, 6): {'bw': -6}, (5, 7): {'bw': -24}, (6, 8): {'bw': -15}}, 'path_level': {(0, 2): {}, (0, 5): {}, (1, 2): {}, (1, 4): {}, (1, 7): {}, (1, 8): {}, (2, 4): {}, (2, 6): {}, (3, 7): {}, (3, 8): {}, (4, 8): {}, (5, 6): {}, (5, 7): {}, (6, 8): {}}}","{'node_level': {np.int64(0): {'cpu': 0}, np.int64(1): {'cpu': 0}, np.int64(2): {'cpu': 0}, np.int64(3): {'cpu': 0}, np.int64(4): {'cpu': 0}, np.int64(5): {'cpu': 0}, np.int64(6): {'cpu': 0}, np.int64(7): {'cpu': 0}, np.int64(8): {'cpu': 0}}, 'link_level': {(0, 2): {'bw': 0}, (0, 5): {'bw': 0}, (1, 2): {'bw': 0}, (1, 4): {'bw': 0}, (1, 7): {'bw': 0}, (1, 8): {'bw': 0}, (2, 4): {'bw': 0}, (2, 6): {'bw': 0}, (3, 7): {'bw': 0}, (3, 8): {'bw': 0}, (4, 8): {'bw': 0}, (5, 6): {'bw': 0}, (5, 7): {'bw': 0}, (6, 8): {'bw': 0}}, 'path_level': {(0, 2): {}, (0, 5): {}, (1, 2): {}, (1, 4): {}, (1, 7): {}, (1, 8): {}, (2, 4): {}, (2, 6): {}, (3, 7): {}, (3, 8): {}, (4, 8): {}, (5, 6): {}, (5, 7): {}, (6, 8): {}}}",[],-inf,-inf,True,True,False,0,[],0,0.0,9.0,14.0,3
240,21,5,14427.0,30195.0,9006110.110520996,18484786.33435128,0.47779433681073025,0.4872174310061921,36,421,0,2001.2878075350213,9511,1492,8019,0.43676859192147977,0.45281473899692937,181,462.2878075350213,1539.0,5,6,False,{},{},{},{},0.0,0.0,0.0,0.0,0.0,0.0,0.0,0.0,0.0,0.0,0.0,0.0,0.0,0.0,Leave Event,0.0,"{'node_level': {}, 'link_level': {}, 'path_level': {}}","{'node_level': {}, 'link_level': {}, 'path_level': {}}","{'node_level': {}, 'link_level': {}, 'path_level': {}}",[],-inf,-inf,True,True,False,0,[],0,0.0,,,3
241,21,5,14427.0,30195.0,9006110.110520996,18484786.33435128,0.47779433681073025,0.4872174310061921,36,422,1,2005.0,9511,1492,8019,0.43676859192147977,0.45281473899692937,240,960.0620218741612,2005.0,8,17,False,"{0: -1, 1: -1, 2: -1, 3: -1, 4: -1, 5: -1, 6: -1, 7: -1}",{},{},{},0.0,0.0,566.0,283.0,1407.0,0.0,0.0,0.0,0.0,0.0,0.0,0.0,0.0,0.0,Unknown Reason,0.0,"{'node_level': {}, 'link_level': {}, 'path_level': {}}","{'node_level': {}, 'link_level': {}, 'path_level': {}}","{'node_level': {}, 'link_level': {}, 'path_level': {}}",[],-inf,-inf,True,True,False,0,[],0,0.0,8.0,0.0,3
241,21,5,14427.0,30195.0,9006110.110520996,18484786.33435128,0.47779433681073025,0.4872174310061921,36,423,0,2005.581989320236,9511,1492,8019,0.43676859192147977,0.45281473899692937,115,1014.581989320236,991.0,9,23,False,{},{},{},{},0.0,0.0,0.0,0.0,0.0,0.0,0.0,0.0,0.0,0.0,0.0,0.0,0.0,0.0,Leave Event,0.0,"{'node_level': {}, 'link_level': {}, 'path_level': {}}","{'node_level': {}, 'link_level': {}, 'path_level': {}}","{'node_level': {}, 'link_level': {}, 'path_level': {}}",[],-inf,-inf,True,True,False,0,[],0,0.0,,,3
241,21,5,14427.0,30195.0,9006110.110520996,18484786.33435128,0.47779433681073025,0.4872174310061921,36,424,0,2007.4954996788788,9511,1492,8019,0.43676859192147977,0.45281473899692937,236,31.49549967887874,1976.0,7,12,False,{},{},{},{},0.0,0.0,0.0,0.0,0.0,0.0,0.0,0.0,0.0,0.0,0.0,0.0,0.0,0.0,Leave Event,0.0,"{'node_level': {}, 'link_level': {}, 'path_level': {}}","{'node_level': {}, 'link_level': {}, 'path_level': {}}","{'node_level': {}, 'link_level': {}, 'path_level': {}}",[],-inf,-inf,True,True,False,0,[],0,0.0,,,3
242,21,5,14427.0,30195.0,9006110.110520996,18484786.33435128,0.47779433681073025,0.4872174310061921,36,425,1,2018.0,9511,1492,8019,0.43676859192147977,0.45281473899692937,241,1647.382103520985,2018.0,6,7,False,{},{},{},{},0.0,0.0,514.0,257.0,611.0,0.0,0.0,0.0,0.0,0.0,0.0,0.0,0.0,0.0,Unknown Reason,0.0,"{'node_level': {}, 'link_level': {}, 'path_level': {}}","{'node_level': {}, 'link_level': {}, 'path_level': {}}","{'node_level': {}, 'link_level': {}, 'path_level': {}}",[],-inf,-inf,True,True,False,0,[],0,0.0,0.0,0.0,3
242,21,5,14427.0,30195.0,9006110.110520996,18484786.33435128,0.47779433681073025,0.4872174310061921,36,426,0,2020.5333750443685,9511,1492,8019,0.43676859192147977,0.45281473899692937,231,85.53337504436854,1935.0,10,25,False,{},{},{},{},0.0,0.0,0.0,0.0,0.0,0.0,0.0,0.0,0.0,0.0,0.0,0.0,0.0,0.0,Leave Event,0.0,"{'node_level': {}, 'link_level': {}, 'path_level': {}}","{'node_level': {}, 'link_level': {}, 'path_level': {}}","{'node_level': {}, 'link_level': {}, 'path_level': {}}",[],-inf,-inf,True,True,False,0,[],0,0.0,,,3
242,21,5,14427.0,30195.0,9006110.110520996,18484786.33435128,0.47779433681073025,0.4872174310061921,36,427,0,2023.0018575730717,9511,1492,8019,0.43676859192147977,0.45281473899692937,220,182.00185757307167,1841.0,7,11,False,{},{},{},{},0.0,0.0,0.0,0.0,0.0,0.0,0.0,0.0,0.0,0.0,0.0,0.0,0.0,0.0,Leave Event,0.0,"{'node_level': {}, 'link_level': {}, 'path_level': {}}","{'node_level': {}, 'link_level': {}, 'path_level': {}}","{'node_level': {}, 'link_level': {}, 'path_level': {}}",[],-inf,-inf,True,True,False,0,[],0,0.0,,,3
243,21,5,14427.0,30195.0,9006110.110520996,18484786.33435128,0.47779433681073025,0.4872174310061921,36,428,1,2024.0,9511,1492,8019,0.43676859192147977,0.45281473899692937,242,222.84293787673028,2024.0,6,10,False,"{0: -1, 1: -1, 2: -1, 3: -1, 4: -1, 5: -1}",{},{},{},0.0,0.0,520.0,260.0,823.0,0.0,0.0,0.0,0.0,0.0,0.0,0.0,0.0,0.0,Unknown Reason,0.0,"{'node_level': {}, 'link_level': {}, 'path_level': {}}","{'node_level': {}, 'link_level': {}, 'path_level': {}}","{'node_level': {}, 'link_level': {}, 'path_level': {}}",[],-inf,-inf,True,True,False,0,[],0,0.0,6.0,0.0,3
243,21,5,14427.0,30195.0,9006110.110520996,18484786.33435128,0.47779433681073025,0.4872174310061921,36,429,0,2027.326373609575,9511,1492,8019,0.43676859192147977,0.45281473899692937,215,225.326373609575,1802.0,10,19,False,{},{},{},{},0.0,0.0,0.0,0.0,0.0,0.0,0.0,0.0,0.0,0.0,0.0,0.0,0.0,0.0,Leave Event,0.0,"{'node_level': {}, 'link_level': {}, 'path_level': {}}","{'node_level': {}, 'link_level': {}, 'path_level': {}}","{'node_level': {}, 'link_level': {}, 'path_level': {}}",[],-inf,-inf,True,True,False,0,[],0,0.0,,,3
243,21,5,14427.0,30195.0,9006110.110520996,18484786.33435128,0.47779433681073025,0.4872174310061921,36,430,0,2028.2401421923728,9511,1492,8019,0.43676859192147977,0.45281473899692937,182,483.2401421923727,1545.0,10,22,False,{},{},{},{},0.0,0.0,0.0,0.0,0.0,0.0,0.0,0.0,0.0,0.0,0.0,0.0,0.0,0.0,Leave Event,0.0,"{'node_level': {}, 'link_level': {}, 'path_level': {}}","{'node_level': {}, 'link_level': {}, 'path_level': {}}","{'node_level': {}, 'link_level': {}, 'path_level': {}}",[],-inf,-inf,True,True,False,0,[],0,0.0,,,3
243,21,5,14427.0,30195.0,9006110.110520996,18484786.33435128,0.47779433681073025,0.4872174310061921,36,431,0,2032.6288577500363,9511,1492,8019,0.43676859192147977,0.45281473899692937,200,327.6288577500364,1705.0,10,23,False,{},{},{},{},0.0,0.0,0.0,0.0,0.0,0.0,0.0,0.0,0.0,0.0,0.0,0.0,0.0,0.0,Leave Event,0.0,"{'node_level': {}, 'link_level': {}, 'path_level': {}}","{'node_level': {}, 'link_level': {}, 'path_level': {}}","{'node_level': {}, 'link_level': {}, 'path_level': {}}",[],-inf,-inf,True,True,False,0,[],0,0.0,,,3
244,21,5,14427.0,30195.0,9006110.110520996,18484786.33435128,0.47779433681073025,0.4872174310061921,36,432,1,2035.0,9511,1492,8019,0.43676859192147977,0.45281473899692937,243,484.11910254347055,2035.0,10,21,False,"{0: -1, 1: -1, 2: -1, 3: -1, 4: -1, 5: -1, 6: -1, 7: -1, 8: -1, 9: -1}",{},{},{},0.0,0.0,912.0,456.0,1671.0,0.0,0.0,0.0,0.0,0.0,0.0,0.0,0.0,0.0,Unknown Reason,0.0,"{'node_level': {}, 'link_level': {}, 'path_level': {}}","{'node_level': {}, 'link_level': {}, 'path_level': {}}","{'node_level': {}, 'link_level': {}, 'path_level': {}}",[],-inf,-inf,True,True,False,0,[],0,0.0,10.0,0.0,3
244,21,5,14427.0,30195.0,9006110.110520996,18484786.33435128,0.47779433681073025,0.4872174310061921,36,433,0,2043.6202392747227,9511,1492,8019,0.43676859192147977,0.45281473899692937,161,647.6202392747227,1396.0,9,15,False,{},{},{},{},0.0,0.0,0.0,0.0,0.0,0.0,0.0,0.0,0.0,0.0,0.0,0.0,0.0,0.0,Leave Event,0.0,"{'node_level': {}, 'link_level': {}, 'path_level': {}}","{'node_level': {}, 'link_level': {}, 'path_level': {}}","{'node_level': {}, 'link_level': {}, 'path_level': {}}",[],-inf,-inf,True,True,False,0,[],0,0.0,,,3
245,21,5,14427.0,30195.0,9006110.110520996,18484786.33435128,0.47779433681073025,0.4872174310061921,36,434,1,2044.0,9511,1492,8019,0.43676859192147977,0.45281473899692937,244,296.81150261738003,2044.0,9,18,False,"{0: -1, 1: -1, 2: -1, 3: -1, 4: -1, 5: -1, 6: -1, 7: -1, 8: -1}",{},{},{},0.0,0.0,748.0,374.0,1593.0,0.0,0.0,0.0,0.0,0.0,0.0,0.0,0.0,0.0,Unknown Reason,0.0,"{'node_level': {}, 'link_level': {}, 'path_level': {}}","{'node_level': {}, 'link_level': {}, 'path_level': {}}","{'node_level': {}, 'link_level': {}, 'path_level': {}}",[],-inf,-inf,True,True,False,0,[],0,0.0,9.0,0.0,3
245,21,5,14427.0,30195.0,9006110.110520996,18484786.33435128,0.47779433681073025,0.4872174310061921,36,435,0,2051.9244271557936,9511,1492,8019,0.43676859192147977,0.45281473899692937,212,275.9244271557935,1776.0,7,11,False,{},{},{},{},0.0,0.0,0.0,0.0,0.0,0.0,0.0,0.0,0.0,0.0,0.0,0.0,0.0,0.0,Leave Event,0.0,"{'node_level': {}, 'link_level': {}, 'path_level': {}}","{'node_level': {}, 'link_level': {}, 'path_level': {}}","{'node_level': {}, 'link_level': {}, 'path_level': {}}",[],-inf,-inf,True,True,False,0,[],0,0.0,,,3
246,21,5,14427.0,30195.0,9006110.110520996,18484786.33435128,0.47779433681073025,0.4872174310061921,36,436,1,2052.0,9511,1492,8019,0.43676859192147977,0.45281473899692937,245,352.202114725285,2052.0,9,21,False,"{0: -1, 1: -1, 2: -1, 3: -1, 4: -1, 5: -1, 6: -1, 7: -1, 8: -1}",{},{},{},0.0,0.0,660.0,330.0,1708.0,0.0,0.0,0.0,0.0,0.0,0.0,0.0,0.0,0.0,Unknown Reason,0.0,"{'node_level': {}, 'link_level': {}, 'path_level': {}}","{'node_level': {}, 'link_level': {}, 'path_level': {}}","{'node_level': {}, 'link_level': {}, 'path_level': {}}",[],-inf,-inf,True,True,False,0,[],0,0.0,9.0,0.0,3
246,21,5,14427.0,30195.0,9006110.110520996,18484786.33435128,0.47779433681073025,0.4872174310061921,36,437,0,2057.2674369299657,9511,1492,8019,0.43676859192147977,0.45281473899692937,203,337.2674369299655,1720.0,5,6,False,{},{},{},{},0.0,0.0,0.0,0.0,0.0,0.0,0.0,0.0,0.0,0.0,0.0,0.0,0.0,0.0,Leave Event,0.0,"{'node_level': {}, 'link_level': {}, 'path_level': {}}","{'node_level': {}, 'link_level': {}, 'path_level': {}}","{'node_level': {}, 'link_level': {}, 'path_level': {}}",[],-inf,-inf,True,True,False,0,[],0,0.0,,,3
247,21,5,14427.0,30195.0,9006110.110520996,18484786.33435128,0.47779433681073025,0.4872174310061921,36,438,1,2058.0,9511,1492,8019,0.43676859192147977,0.45281473899692937,246,248.3806282996702,2058.0,10,25,False,"{0: -1, 1: -1, 2: -1, 3: -1, 4: -1, 5: -1, 6: -1, 7: -1, 8: -1, 9: -1}",{},{},{},0.0,0.0,748.0,374.0,1960.0,0.0,0.0,0.0,0.0,0.0,0.0,0.0,0.0,0.0,Unknown Reason,0.0,"{'node_level': {}, 'link_level': {}, 'path_level': {}}","{'node_level': {}, 'link_level': {}, 'path_level': {}}","{'node_level': {}, 'link_level': {}, 'path_level': {}}",[],-inf,-inf,True,True,False,0,[],0,0.0,10.0,0.0,3
248,21,5,14427.0,30195.0,9006110.110520996,18484786.33435128,0.47779433681073025,0.4872174310061921,36,439,1,2063.0,9511,1492,8019,0.43676859192147977,0.45281473899692937,247,1894.7749802866301,2063.0,6,10,False,"{0: -1, 1: -1, 2: -1, 3: -1, 4: -1, 5: -1}",{},{},{},0.0,0.0,596.0,298.0,724.0,0.0,0.0,0.0,0.0,0.0,0.0,0.0,0.0,0.0,Unknown Reason,0.0,"{'node_level': {}, 'link_level': {}, 'path_level': {}}","{'node_level': {}, 'link_level': {}, 'path_level': {}}","{'node_level': {}, 'link_level': {}, 'path_level': {}}",[],-inf,-inf,True,True,False,0,[],0,0.0,6.0,0.0,3
248,21,5,14427.0,30195.0,9006110.110520996,18484786.33435128,0.47779433681073025,0.4872174310061921,36,440,0,2070.148932062245,9511,1492,8019,0.43676859192147977,0.45281473899692937,227,172.14893206224505,1898.0,10,27,False,{},{},{},{},0.0,0.0,0.0,0.0,0.0,0.0,0.0,0.0,0.0,0.0,0.0,0.0,0.0,0.0,Leave Event,0.0,"{'node_level': {}, 'link_level': {}, 'path_level': {}}","{'node_level': {}, 'link_level': {}, 'path_level': {}}","{'node_level': {}, 'link_level': {}, 'path_level': {}}",[],-inf,-inf,True,True,False,0,[],0,0.0,,,3
248,21,5,14427.0,30195.0,9006110.110520996,18484786.33435128,0.47779433681073025,0.4872174310061921,36,441,0,2071.915462217077,9511,1492,8019,0.43676859192147977,0.45281473899692937,179,539.9154622170771,1532.0,6,5,False,{},{},{},{},0.0,0.0,0.0,0.0,0.0,0.0,0.0,0.0,0.0,0.0,0.0,0.0,0.0,0.0,Leave Event,0.0,"{'node_level': {}, 'link_level': {}, 'path_level': {}}","{'node_level': {}, 'link_level': {}, 'path_level': {}}","{'node_level': {}, 'link_level': {}, 'path_level': {}}",[],-inf,-inf,True,True,False,0,[],0,0.0,,,3
249,21,5,14427.0,30195.0,9006110.110520996,18484786.33435128,0.47779433681073025,0.4872174310061921,36,442,1,2072.0,9511,1492,8019,0.43676859192147977,0.45281473899692937,248,488.6016738904192,2072.0,9,19,False,"{0: -1, 1: -1, 2: -1, 3: -1, 4: -1, 5: -1, 6: -1, 7: -1, 8: -1}",{},{},{},0.0,0.0,738.0,369.0,1578.0,0.0,0.0,0.0,0.0,0.0,0.0,0.0,0.0,0.0,Unknown Reason,0.0,"{'node_level': {}, 'link_level': {}, 'path_level': {}}","{'node_level': {}, 'link_level': {}, 'path_level': {}}","{'node_level': {}, 'link_level': {}, 'path_level': {}}",[],-inf,-inf,True,True,False,0,[],0,0.0,9.0,0.0,3
249,21,4,14427.0,30195.0,9006110.110520996,18484786.33435128,0.47779433681073025,0.4872174310061921,36,443,0,2076.8776349647032,10936,1719,9217,0.35107587768969417,0.3710678949164108,224,208.87763496470305,1868.0,6,6,False,{},{},{},{},0.0,0.0,0.0,0.0,0.0,0.0,0.0,0.0,0.0,0.0,0.0,0.0,0.0,0.0,Leave Event,0.0,"{'node_level': {}, 'link_level': {}, 'path_level': {}}","{'node_level': {}, 'link_level': {}, 'path_level': {}}","{'node_level': {}, 'link_level': {}, 'path_level': {}}",[],-inf,-inf,True,True,False,0,[],0,0.0,,,3
250,21,4,14427.0,30195.0,9006110.110520996,18484786.33435128,0.47779433681073025,0.4872174310061921,36,444,1,2079.0,10936,1719,9217,0.35107587768969417,0.3710678949164108,249,76.50882700913002,2079.0,7,11,False,"{0: -1, 1: -1, 2: -1, 3: -1, 4: -1, 5: -1, 6: -1}",{},{},{},0.0,0.0,454.0,227.0,803.0,0.0,0.0,0.0,0.0,0.0,0.0,0.0,0.0,0.0,Unknown Reason,0.0,"{'node_level': {}, 'link_level': {}, 'path_level': {}}","{'node_level': {}, 'link_level': {}, 'path_level': {}}","{'node_level': {}, 'link_level': {}, 'path_level': {}}",[],-inf,-inf,True,True,False,0,[],0,0.0,7.0,0.0,3
250,21,4,14427.0,30195.0,9006110.110520996,18484786.33435128,0.47779433681073025,0.4872174310061921,36,445,0,2079.864485964674,10936,1719,9217,0.35107587768969417,0.3710678949164108,237,97.86448596467395,1982.0,10,19,False,{},{},{},{},0.0,0.0,0.0,0.0,0.0,0.0,0.0,0.0,0.0,0.0,0.0,0.0,0.0,0.0,Leave Event,0.0,"{'node_level': {}, 'link_level': {}, 'path_level': {}}","{'node_level': {}, 'link_level': {}, 'path_level': {}}","{'node_level': {}, 'link_level': {}, 'path_level': {}}",[],-inf,-inf,True,True,False,0,[],0,0.0,,,3
251,21,4,14427.0,30195.0,9006110.110520996,18484786.33435128,0.47779433681073025,0.4872174310061921,36,446,1,2086.0,10936,1719,9217,0.35107587768969417,0.3710678949164108,250,598.2147325525265,2086.0,10,20,False,"{0: -1, 1: -1, 2: -1, 3: -1, 4: -1, 5: -1, 6: -1, 7: -1, 8: -1, 9: -1}",{},{},{},0.0,0.0,776.0,388.0,1688.0,0.0,0.0,0.0,0.0,0.0,0.0,0.0,0.0,0.0,Unknown Reason,0.0,"{'node_level': {}, 'link_level': {}, 'path_level': {}}","{'node_level': {}, 'link_level': {}, 'path_level': {}}","{'node_level': {}, 'link_level': {}, 'path_level': {}}",[],-inf,-inf,True,True,False,0,[],0,0.0,10.0,0.0,3
251,21,4,14427.0,30195.0,9006110.110520996,18484786.33435128,0.47779433681073025,0.4872174310061921,36,447,0,2086.3592046617237,10936,1719,9217,0.35107587768969417,0.3710678949164108,213,304.35920466172354,1782.0,8,17,False,{},{},{},{},0.0,0.0,0.0,0.0,0.0,0.0,0.0,0.0,0.0,0.0,0.0,0.0,0.0,0.0,Leave Event,0.0,"{'node_level': {}, 'link_level': {}, 'path_level': {}}","{'node_level': {}, 'link_level': {}, 'path_level': {}}","{'node_level': {}, 'link_level': {}, 'path_level': {}}",[],-inf,-inf,True,True,False,0,[],0,0.0,,,3
251,21,4,14427.0,30195.0,9006110.110520996,18484786.33435128,0.47779433681073025,0.4872174310061921,36,448,0,2086.744414611583,10936,1719,9217,0.35107587768969417,0.3710678949164108,94,1261.7444146115831,825.0,7,11,False,{},{},{},{},0.0,0.0,0.0,0.0,0.0,0.0,0.0,0.0,0.0,0.0,0.0,0.0,0.0,0.0,Leave Event,0.0,"{'node_level': {}, 'link_level': {}, 'path_level': {}}","{'node_level': {}, 'link_level': {}, 'path_level': {}}","{'node_level': {}, 'link_level': {}, 'path_level': {}}",[],-inf,-inf,True,True,False,0,[],0,0.0,,,3
251,21,3,14427.0,30195.0,9006110.110520996,18484786.33435128,0.47779433681073025,0.4872174310061921,36,449,0,2090.935078484167,11982,1921,10061,0.2748206870517176,0.3134766291368134,207,340.935078484167,1750.0,5,5,False,{},{},{},{},0.0,0.0,0.0,0.0,0.0,0.0,0.0,0.0,0.0,0.0,0.0,0.0,0.0,0.0,Leave Event,0.0,"{'node_level': {}, 'link_level': {}, 'path_level': {}}","{'node_level': {}, 'link_level': {}, 'path_level': {}}","{'node_level': {}, 'link_level': {}, 'path_level': {}}",[],-inf,-inf,True,True,False,0,[],0,0.0,,,3
252,21,3,14427.0,30195.0,9006110.110520996,18484786.33435128,0.47779433681073025,0.4872174310061921,36,450,1,2093.0,11982,1921,10061,0.2748206870517176,0.3134766291368134,251,1687.1257134326838,2093.0,9,17,False,"{0: -1, 1: -1, 2: -1, 3: -1, 4: -1, 5: -1, 6: -1, 7: -1, 8: -1}",{},{},{},0.0,0.0,744.0,372.0,1383.0,0.0,0.0,0.0,0.0,0.0,0.0,0.0,0.0,0.0,Unknown Reason,0.0,"{'node_level': {}, 'link_level': {}, 'path_level': {}}","{'node_level': {}, 'link_level': {}, 'path_level': {}}","{'node_level': {}, 'link_level': {}, 'path_level': {}}",[],-inf,-inf,True,True,False,0,[],0,0.0,9.0,0.0,3
253,22,4,15001.0,31041.0,9652537.873586902,19437535.267371763,0.4832640701008344,0.49659268733468725,36,451,1,2098.0,11136,1721,9415,0.3503208758021895,0.35755714773114977,252,1126.1807718918237,2098.0,5,4,True,"{np.int64(0): np.int64(3), np.int64(1): np.int64(30), np.int64(2): np.int64(31), np.int64(3): np.int64(29), np.int64(4): np.int64(1)}","{(0, 1): [(np.int64(3), 29), (29, 30)], (0, 2): [(np.int64(3), 29), (29, 31)], (1, 3): [(np.int64(30), 29)], (1, 4): [(np.int64(30), 28), (28, 1)]}","{(np.int64(0), np.int64(3)): {'cpu': 53}, (np.int64(1), np.int64(30)): {'cpu': 25}, (np.int64(2), np.int64(31)): {'cpu': 56}, (np.int64(3), np.int64(29)): {'cpu': 31}, (np.int64(4), np.int64(1)): {'cpu': 35}}","{((0, 1), (np.int64(3), 29)): {'bw': 114}, ((0, 1), (29, 30)): {'bw': 114}, ((0, 2), (np.int64(3), 29)): {'bw': 86}, ((0, 2), (29, 31)): {'bw': 86}, ((1, 3), (np.int64(30), 29)): {'bw': 102}, ((1, 4), (np.int64(30), 28)): {'bw': 72}, ((1, 4), (28, 1)): {'bw': 72}}",846.0,574.0,1800.0,200.0,374.0,200.0,374.0,200.0,646.0,272.0,0.6784869976359338,952748.9330204829,646427.7630659068,764.0990107162019,Success,0.0,"{'node_level': {}, 'link_level': {}, 'path_level': {}}","{'node_level': {np.int64(0): {'cpu': -5}, np.int64(1): {'cpu': -58}, np.int64(2): {'cpu': -23}, np.int64(3): {'cpu': -65}, np.int64(4): {'cpu': -11}}, 'link_level': {(0, 1): {'bw': -104}, (0, 2): {'bw': -18}, (1, 3): {'bw': -142}, (1, 4): {'bw': -177}}, 'path_level': {(0, 1): {}, (0, 2): {}, (1, 3): {}, (1, 4): {}}}","{'node_level': {np.int64(0): {'cpu': 0}, np.int64(1): {'cpu': 0}, np.int64(2): {'cpu': 0}, np.int64(3): {'cpu': 0}, np.int64(4): {'cpu': 0}}, 'link_level': {(0, 1): {'bw': 0}, (0, 2): {'bw': 0}, (1, 3): {'bw': 0}, (1, 4): {'bw': 0}}, 'path_level': {(0, 1): {}, (0, 2): {}, (1, 3): {}, (1, 4): {}}}",[],-inf,-inf,True,True,False,0,[],0,0.0,5.0,4.0,3
254,22,4,15001.0,31041.0,9652537.873586902,19437535.267371763,0.4832640701008344,0.49659268733468725,36,452,1,2112.0,11136,1721,9415,0.3503208758021895,0.35755714773114977,253,408.2273176679187,2112.0,7,12,False,"{0: -1, 1: -1, 2: -1, 3: -1, 4: -1, 5: -1, 6: -1}",{},{},{},0.0,0.0,530.0,265.0,999.0,0.0,0.0,0.0,0.0,0.0,0.0,0.0,0.0,0.0,Unknown Reason,0.0,"{'node_level': {}, 'link_level': {}, 'path_level': {}}","{'node_level': {}, 'link_level': {}, 'path_level': {}}","{'node_level': {}, 'link_level': {}, 'path_level': {}}",[],-inf,-inf,True,True,False,0,[],0,0.0,7.0,0.0,3
254,22,4,15001.0,31041.0,9652537.873586902,19437535.267371763,0.4832640701008344,0.49659268733468725,36,453,0,2114.4725370294314,11136,1721,9415,0.3503208758021895,0.35755714773114977,205,382.47253702943124,1732.0,9,17,False,{},{},{},{},0.0,0.0,0.0,0.0,0.0,0.0,0.0,0.0,0.0,0.0,0.0,0.0,0.0,0.0,Leave Event,0.0,"{'node_level': {}, 'link_level': {}, 'path_level': {}}","{'node_level': {}, 'link_level': {}, 'path_level': {}}","{'node_level': {}, 'link_level': {}, 'path_level': {}}",[],-inf,-inf,True,True,False,0,[],0,0.0,,,3
255,22,4,15001.0,31041.0,9652537.873586902,19437535.267371763,0.4832640701008344,0.49659268733468725,36,454,1,2116.0,11136,1721,9415,0.3503208758021895,0.35755714773114977,254,7.412060039130502,2116.0,9,18,False,"{0: -1, 1: -1, 2: -1, 3: -1, 4: -1, 5: -1, 6: -1, 7: -1, 8: -1}",{},{},{},0.0,0.0,754.0,377.0,1360.0,0.0,0.0,0.0,0.0,0.0,0.0,0.0,0.0,0.0,Unknown Reason,0.0,"{'node_level': {}, 'link_level': {}, 'path_level': {}}","{'node_level': {}, 'link_level': {}, 'path_level': {}}","{'node_level': {}, 'link_level': {}, 'path_level': {}}",[],-inf,-inf,True,True,False,0,[],0,0.0,9.0,0.0,3
256,22,4,15001.0,31041.0,9652537.873586902,19437535.267371763,0.4832640701008344,0.49659268733468725,36,455,1,2123.0,11136,1721,9415,0.3503208758021895,0.35755714773114977,255,818.7806769524339,2123.0,6,8,False,{},{},{},{},0.0,0.0,388.0,194.0,700.0,0.0,0.0,0.0,0.0,0.0,0.0,0.0,0.0,0.0,Unknown Reason,0.0,"{'node_level': {}, 'link_level': {}, 'path_level': {}}","{'node_level': {}, 'link_level': {}, 'path_level': {}}","{'node_level': {}, 'link_level': {}, 'path_level': {}}",[],-inf,-inf,True,True,False,0,[],0,0.0,0.0,0.0,3
256,22,4,15001.0,31041.0,9652537.873586902,19437535.267371763,0.4832640701008344,0.49659268733468725,36,456,0,2123.4120600391307,11136,1721,9415,0.3503208758021895,0.35755714773114977,254,7.412060039130502,2116.0,9,18,False,{},{},{},{},0.0,0.0,0.0,0.0,0.0,0.0,0.0,0.0,0.0,0.0,0.0,0.0,0.0,0.0,Leave Event,0.0,"{'node_level': {}, 'link_level': {}, 'path_level': {}}","{'node_level': {}, 'link_level': {}, 'path_level': {}}","{'node_level': {}, 'link_level': {}, 'path_level': {}}",[],-inf,-inf,True,True,False,0,[],0,0.0,,,3
257,22,4,15001.0,31041.0,9652537.873586902,19437535.267371763,0.4832640701008344,0.49659268733468725,36,457,1,2128.0,11136,1721,9415,0.3503208758021895,0.35755714773114977,256,1343.105266177096,2128.0,8,12,False,"{0: -1, 1: -1, 2: -1, 3: -1, 4: -1, 5: -1, 6: -1, 7: -1}",{},{},{},0.0,0.0,714.0,357.0,1066.0,0.0,0.0,0.0,0.0,0.0,0.0,0.0,0.0,0.0,Unknown Reason,0.0,"{'node_level': {}, 'link_level': {}, 'path_level': {}}","{'node_level': {}, 'link_level': {}, 'path_level': {}}","{'node_level': {}, 'link_level': {}, 'path_level': {}}",[],-inf,-inf,True,True,False,0,[],0,0.0,8.0,0.0,3
257,22,4,15001.0,31041.0,9652537.873586902,19437535.267371763,0.4832640701008344,0.49659268733468725,36,458,0,2132.3936500729733,11136,1721,9415,0.3503208758021895,0.35755714773114977,208,375.3936500729731,1757.0,10,24,False,{},{},{},{},0.0,0.0,0.0,0.0,0.0,0.0,0.0,0.0,0.0,0.0,0.0,0.0,0.0,0.0,Leave Event,0.0,"{'node_level': {}, 'link_level': {}, 'path_level': {}}","{'node_level': {}, 'link_level': {}, 'path_level': {}}","{'node_level': {}, 'link_level': {}, 'path_level': {}}",[],-inf,-inf,True,True,False,0,[],0,0.0,,,3
258,23,5,15718.0,32421.0,10127189.013125688,20351089.76188156,0.48480922858641007,0.4976239175208364,36,459,1,2133.0,9756,1501,8255,0.4333710834277086,0.4367110201296486,257,661.9960105143458,2133.0,5,6,True,"{np.int64(0): np.int64(30), np.int64(1): np.int64(35), np.int64(2): np.int64(29), np.int64(3): np.int64(28), np.int64(4): np.int64(23)}","{(0, 3): [(np.int64(30), 28)], (1, 2): [(np.int64(35), 31), (31, 29)], (1, 3): [(np.int64(35), 31), (31, 28)], (2, 3): [(np.int64(29), 30), (30, 28)], (2, 4): [(np.int64(29), 2), (2, 5), (5, 3), (3, 21), (21, 23)], (3, 4): [(np.int64(28), 0), (0, 20), (20, 23)]}","{(np.int64(0), np.int64(30)): {'cpu': 34}, (np.int64(1), np.int64(35)): {'cpu': 37}, (np.int64(2), np.int64(29)): {'cpu': 51}, (np.int64(3), np.int64(28)): {'cpu': 47}, (np.int64(4), np.int64(23)): {'cpu': 51}}","{((0, 3), (np.int64(30), 28)): {'bw': 109}, ((1, 2), (np.int64(35), 31)): {'bw': 58}, ((1, 2), (31, 29)): {'bw': 58}, ((1, 3), (np.int64(35), 31)): {'bw': 100}, ((1, 3), (31, 28)): {'bw': 100}, ((2, 3), (np.int64(29), 30)): {'bw': 71}, ((2, 3), (30, 28)): {'bw': 71}, ((2, 4), (np.int64(29), 2)): {'bw': 58}, ((2, 4), (2, 5)): {'bw': 58}, ((2, 4), (5, 3)): {'bw': 58}, ((2, 4), (3, 21)): {'bw': 58}, ((2, 4), (21, 23)): {'bw': 58}, ((3, 4), (np.int64(28), 0)): {'bw': 101}, ((3, 4), (0, 20)): {'bw': 101}, ((3, 4), (20, 23)): {'bw': 101}}",1380.0,717.0,2420.0,220.0,497.0,220.0,497.0,220.0,1160.0,663.0,0.5195652173913043,913554.4945097972,474651.13953878597,343.9501011150623,Success,0.0,"{'node_level': {}, 'link_level': {}, 'path_level': {}}","{'node_level': {np.int64(0): {'cpu': -24}, np.int64(1): {'cpu': -56}, np.int64(2): {'cpu': -14}, np.int64(3): {'cpu': -6}, np.int64(4): {'cpu': -1}}, 'link_level': {(0, 3): {'bw': -160}, (1, 2): {'bw': -104}, (1, 3): {'bw': -44}, (2, 3): {'bw': -71}, (2, 4): {'bw': -108}, (3, 4): {'bw': -31}}, 'path_level': {(0, 3): {}, (1, 2): {}, (1, 3): {}, (2, 3): {}, (2, 4): {}, (3, 4): {}}}","{'node_level': {np.int64(0): {'cpu': 0}, np.int64(1): {'cpu': 0}, np.int64(2): {'cpu': 0}, np.int64(3): {'cpu': 0}, np.int64(4): {'cpu': 0}}, 'link_level': {(0, 3): {'bw': 0}, (1, 2): {'bw': 0}, (1, 3): {'bw': 0}, (2, 3): {'bw': 0}, (2, 4): {'bw': 0}, (3, 4): {'bw': 0}}, 'path_level': {(0, 3): {}, (1, 2): {}, (1, 3): {}, (2, 3): {}, (2, 4): {}, (3, 4): {}}}",[],-inf,-inf,True,True,False,0,[],0,0.0,5.0,6.0,3
259,23,5,15718.0,32421.0,10127189.013125688,20351089.76188156,0.48480922858641007,0.4976239175208364,36,460,1,2137.0,9756,1501,8255,0.4333710834277086,0.4367110201296486,258,280.1419919445577,2137.0,10,21,False,"{0: -1, 1: -1, 2: -1, 3: -1, 4: -1, 5: -1, 6: -1, 7: -1, 8: -1, 9: -1}",{},{},{},0.0,0.0,872.0,436.0,1821.0,0.0,0.0,0.0,0.0,0.0,0.0,0.0,0.0,0.0,Unknown Reason,0.0,"{'node_level': {}, 'link_level': {}, 'path_level': {}}","{'node_level': {}, 'link_level': {}, 'path_level': {}}","{'node_level': {}, 'link_level': {}, 'path_level': {}}",[],-inf,-inf,True,True,False,0,[],0,0.0,10.0,0.0,3
260,23,5,15718.0,32421.0,10127189.013125688,20351089.76188156,0.48480922858641007,0.4976239175208364,36,461,1,2144.0,9756,1501,8255,0.4333710834277086,0.4367110201296486,259,239.69667421153625,2144.0,9,17,False,"{0: -1, 1: -1, 2: -1, 3: -1, 4: -1, 5: -1, 6: -1, 7: -1, 8: -1}",{},{},{},0.0,0.0,720.0,360.0,1425.0,0.0,0.0,0.0,0.0,0.0,0.0,0.0,0.0,0.0,Unknown Reason,0.0,"{'node_level': {}, 'link_level': {}, 'path_level': {}}","{'node_level': {}, 'link_level': {}, 'path_level': {}}","{'node_level': {}, 'link_level': {}, 'path_level': {}}",[],-inf,-inf,True,True,False,0,[],0,0.0,9.0,0.0,3
260,23,5,15718.0,32421.0,10127189.013125688,20351089.76188156,0.48480922858641007,0.4976239175208364,36,462,0,2145.506451086928,9756,1501,8255,0.4333710834277086,0.4367110201296486,183,598.5064510869279,1547.0,9,25,False,{},{},{},{},0.0,0.0,0.0,0.0,0.0,0.0,0.0,0.0,0.0,0.0,0.0,0.0,0.0,0.0,Leave Event,0.0,"{'node_level': {}, 'link_level': {}, 'path_level': {}}","{'node_level': {}, 'link_level': {}, 'path_level': {}}","{'node_level': {}, 'link_level': {}, 'path_level': {}}",[],-inf,-inf,True,True,False,0,[],0,0.0,,,3
261,23,5,15718.0,32421.0,10127189.013125688,20351089.76188156,0.48480922858641007,0.4976239175208364,36,463,1,2153.0,9756,1501,8255,0.4333710834277086,0.4367110201296486,260,682.4714936500981,2153.0,7,11,False,"{0: -1, 1: -1, 2: -1, 3: -1, 4: -1, 5: -1, 6: -1}",{},{},{},0.0,0.0,488.0,244.0,912.0,0.0,0.0,0.0,0.0,0.0,0.0,0.0,0.0,0.0,Unknown Reason,0.0,"{'node_level': {}, 'link_level': {}, 'path_level': {}}","{'node_level': {}, 'link_level': {}, 'path_level': {}}","{'node_level': {}, 'link_level': {}, 'path_level': {}}",[],-inf,-inf,True,True,False,0,[],0,0.0,7.0,0.0,3
261,23,5,15718.0,32421.0,10127189.013125688,20351089.76188156,0.48480922858641007,0.4976239175208364,36,464,0,2155.50882700913,9756,1501,8255,0.4333710834277086,0.4367110201296486,249,76.50882700913002,2079.0,7,11,False,{},{},{},{},0.0,0.0,0.0,0.0,0.0,0.0,0.0,0.0,0.0,0.0,0.0,0.0,0.0,0.0,Leave Event,0.0,"{'node_level': {}, 'link_level': {}, 'path_level': {}}","{'node_level': {}, 'link_level': {}, 'path_level': {}}","{'node_level': {}, 'link_level': {}, 'path_level': {}}",[],-inf,-inf,True,True,False,0,[],0,0.0,,,3
262,23,5,15718.0,32421.0,10127189.013125688,20351089.76188156,0.48480922858641007,0.4976239175208364,36,465,1,2159.0,9756,1501,8255,0.4333710834277086,0.4367110201296486,261,57.06111444364466,2159.0,8,11,False,"{0: -1, 1: -1, 2: -1, 3: -1, 4: -1, 5: -1, 6: -1, 7: -1}",{},{},{},0.0,0.0,584.0,292.0,958.0,0.0,0.0,0.0,0.0,0.0,0.0,0.0,0.0,0.0,Unknown Reason,0.0,"{'node_level': {}, 'link_level': {}, 'path_level': {}}","{'node_level': {}, 'link_level': {}, 'path_level': {}}","{'node_level': {}, 'link_level': {}, 'path_level': {}}",[],-inf,-inf,True,True,False,0,[],0,0.0,8.0,0.0,3
263,23,5,15718.0,32421.0,10127189.013125688,20351089.76188156,0.48480922858641007,0.4976239175208364,36,466,1,2169.0,9756,1501,8255,0.4333710834277086,0.4367110201296486,262,767.8517933578108,2169.0,5,4,False,{},{},{},{},0.0,0.0,422.0,211.0,238.0,0.0,0.0,0.0,0.0,0.0,0.0,0.0,0.0,0.0,Unknown Reason,0.0,"{'node_level': {}, 'link_level': {}, 'path_level': {}}","{'node_level': {}, 'link_level': {}, 'path_level': {}}","{'node_level': {}, 'link_level': {}, 'path_level': {}}",[],-inf,-inf,True,True,False,0,[],0,0.0,0.0,0.0,3
264,23,5,15718.0,32421.0,10127189.013125688,20351089.76188156,0.48480922858641007,0.4976239175208364,36,467,1,2176.0,9756,1501,8255,0.4333710834277086,0.4367110201296486,263,345.38023389308626,2176.0,9,16,False,"{0: -1, 1: -1, 2: -1, 3: -1, 4: -1, 5: -1, 6: -1, 7: -1, 8: -1}",{},{},{},0.0,0.0,798.0,399.0,1337.0,0.0,0.0,0.0,0.0,0.0,0.0,0.0,0.0,0.0,Unknown Reason,0.0,"{'node_level': {}, 'link_level': {}, 'path_level': {}}","{'node_level': {}, 'link_level': {}, 'path_level': {}}","{'node_level': {}, 'link_level': {}, 'path_level': {}}",[],-inf,-inf,True,True,False,0,[],0,0.0,9.0,0.0,3
264,23,5,15718.0,32421.0,10127189.013125688,20351089.76188156,0.48480922858641007,0.4976239175208364,36,468,0,2177.605217873077,9756,1501,8255,0.4333710834277086,0.4367110201296486,234,218.60521787307712,1959.0,10,23,False,{},{},{},{},0.0,0.0,0.0,0.0,0.0,0.0,0.0,0.0,0.0,0.0,0.0,0.0,0.0,0.0,Leave Event,0.0,"{'node_level': {}, 'link_level': {}, 'path_level': {}}","{'node_level': {}, 'link_level': {}, 'path_level': {}}","{'node_level': {}, 'link_level': {}, 'path_level': {}}",[],-inf,-inf,True,True,False,0,[],0,0.0,,,3
264,23,5,15718.0,32421.0,10127189.013125688,20351089.76188156,0.48480922858641007,0.4976239175208364,36,469,0,2179.8762452467727,9756,1501,8255,0.4333710834277086,0.4367110201296486,225,303.8762452467725,1876.0,8,14,False,{},{},{},{},0.0,0.0,0.0,0.0,0.0,0.0,0.0,0.0,0.0,0.0,0.0,0.0,0.0,0.0,Leave Event,0.0,"{'node_level': {}, 'link_level': {}, 'path_level': {}}","{'node_level': {}, 'link_level': {}, 'path_level': {}}","{'node_level': {}, 'link_level': {}, 'path_level': {}}",[],-inf,-inf,True,True,False,0,[],0,0.0,,,3
265,23,5,15718.0,32421.0,10127189.013125688,20351089.76188156,0.48480922858641007,0.4976239175208364,36,470,1,2184.0,9756,1501,8255,0.4333710834277086,0.4367110201296486,264,36.34933606399567,2184.0,7,12,False,"{0: -1, 1: -1, 2: -1, 3: -1, 4: -1, 5: -1, 6: -1}",{},{},{},0.0,0.0,576.0,288.0,978.0,0.0,0.0,0.0,0.0,0.0,0.0,0.0,0.0,0.0,Unknown Reason,0.0,"{'node_level': {}, 'link_level': {}, 'path_level': {}}","{'node_level': {}, 'link_level': {}, 'path_level': {}}","{'node_level': {}, 'link_level': {}, 'path_level': {}}",[],-inf,-inf,True,True,False,0,[],0,0.0,7.0,0.0,3
266,23,5,15718.0,32421.0,10127189.013125688,20351089.76188156,0.48480922858641007,0.4976239175208364,36,471,1,2192.0,9756,1501,8255,0.4333710834277086,0.4367110201296486,265,865.9305130475818,2192.0,8,15,False,"{0: -1, 1: -1, 2: -1, 3: -1, 4: -1, 5: -1, 6: -1, 7: -1}",{},{},{},0.0,0.0,604.0,302.0,1151.0,0.0,0.0,0.0,0.0,0.0,0.0,0.0,0.0,0.0,Unknown Reason,0.0,"{'node_level': {}, 'link_level': {}, 'path_level': {}}","{'node_level': {}, 'link_level': {}, 'path_level': {}}","{'node_level': {}, 'link_level': {}, 'path_level': {}}",[],-inf,-inf,True,True,False,0,[],0,0.0,8.0,0.0,3
267,23,5,15718.0,32421.0,10127189.013125688,20351089.76188156,0.48480922858641007,0.4976239175208364,36,472,1,2196.0,9756,1501,8255,0.4333710834277086,0.4367110201296486,266,248.54969494481912,2196.0,7,10,False,"{0: -1, 1: -1, 2: -1, 3: -1, 4: -1, 5: -1, 6: -1}",{},{},{},0.0,0.0,544.0,272.0,880.0,0.0,0.0,0.0,0.0,0.0,0.0,0.0,0.0,0.0,Unknown Reason,0.0,"{'node_level': {}, 'link_level': {}, 'path_level': {}}","{'node_level': {}, 'link_level': {}, 'path_level': {}}","{'node_level': {}, 'link_level': {}, 'path_level': {}}",[],-inf,-inf,True,True,False,0,[],0,0.0,7.0,0.0,3
268,23,5,15718.0,32421.0,10127189.013125688,20351089.76188156,0.48480922858641007,0.4976239175208364,36,473,1,2205.0,9756,1501,8255,0.4333710834277086,0.4367110201296486,267,56.452751411561366,2205.0,7,14,False,"{0: -1, 1: -1, 2: -1, 3: -1, 4: -1, 5: -1, 6: -1}",{},{},{},0.0,0.0,624.0,312.0,1102.0,0.0,0.0,0.0,0.0,0.0,0.0,0.0,0.0,0.0,Unknown Reason,0.0,"{'node_level': {}, 'link_level': {}, 'path_level': {}}","{'node_level': {}, 'link_level': {}, 'path_level': {}}","{'node_level': {}, 'link_level': {}, 'path_level': {}}",[],-inf,-inf,True,True,False,0,[],0,0.0,7.0,0.0,3
269,24,6,16199.0,33374.0,10173104.436414625,20442061.48411515,0.4853778390363756,0.497655505259086,36,474,1,2215.0,8803,1298,7505,0.5100037750094375,0.4878880928010918,268,95.4582604759614,2215.0,5,5,True,"{np.int64(0): np.int64(32), np.int64(1): np.int64(20), np.int64(2): np.int64(22), np.int64(3): np.int64(27), np.int64(4): np.int64(13)}","{(0, 1): [(np.int64(32), 30), (30, 28), (28, 1), (1, np.int64(20))], (1, 2): [(np.int64(20), 22)], (1, 3): [(np.int64(20), 23), (23, np.int64(27))], (1, 4): [(np.int64(20), 22), (22, 21), (21, 3), (3, np.int64(13))], (2, 4): [(np.int64(22), 21), (21, 3), (3, np.int64(13))]}","{(np.int64(0), np.int64(32)): {'cpu': 59}, (np.int64(1), np.int64(20)): {'cpu': 33}, (np.int64(2), np.int64(22)): {'cpu': 40}, (np.int64(3), np.int64(27)): {'cpu': 43}, (np.int64(4), np.int64(13)): {'cpu': 28}}","{((0, 1), (np.int64(32), 30)): {'bw': 45}, ((0, 1), (30, 28)): {'bw': 45}, ((0, 1), (28, 1)): {'bw': 45}, ((0, 1), (1, np.int64(20))): {'bw': 45}, ((1, 2), (np.int64(20), 22)): {'bw': 59}, ((1, 3), (np.int64(20), 23)): {'bw': 63}, ((1, 3), (23, np.int64(27))): {'bw': 63}, ((1, 4), (np.int64(20), 22)): {'bw': 52}, ((1, 4), (22, 21)): {'bw': 52}, ((1, 4), (21, 3)): {'bw': 52}, ((1, 4), (3, np.int64(13))): {'bw': 52}, ((2, 4), (np.int64(22), 21)): {'bw': 59}, ((2, 4), (21, 3)): {'bw': 59}, ((2, 4), (3, np.int64(13))): {'bw': 59}}",953.0,481.0,609.0,203.0,278.0,203.0,278.0,203.0,750.0,472.0,0.5047219307450157,90971.72223359121,45915.42328893743,48.17987753298786,Success,0.0,"{'node_level': {}, 'link_level': {}, 'path_level': {}}","{'node_level': {np.int64(0): {'cpu': -33}, np.int64(1): {'cpu': -5}, np.int64(2): {'cpu': -32}, np.int64(3): {'cpu': -12}, np.int64(4): {'cpu': -54}}, 'link_level': {(0, 1): {'bw': -44}, (1, 2): {'bw': -197}, (1, 3): {'bw': -116}, (1, 4): {'bw': -145}, (2, 4): {'bw': -89}}, 'path_level': {(0, 1): {}, (1, 2): {}, (1, 3): {}, (1, 4): {}, (2, 4): {}}}","{'node_level': {np.int64(0): {'cpu': 0}, np.int64(1): {'cpu': 0}, np.int64(2): {'cpu': 0}, np.int64(3): {'cpu': 0}, np.int64(4): {'cpu': 0}}, 'link_level': {(0, 1): {'bw': 0}, (1, 2): {'bw': 0}, (1, 3): {'bw': 0}, (1, 4): {'bw': 0}, (2, 4): {'bw': 0}}, 'path_level': {(0, 1): {}, (1, 2): {}, (1, 3): {}, (1, 4): {}, (2, 4): {}}}",[],-inf,-inf,True,True,False,0,[],0,0.0,5.0,5.0,3
269,24,6,16199.0,33374.0,10173104.436414625,20442061.48411515,0.4853778390363756,0.497655505259086,36,475,0,2216.061114443645,8803,1298,7505,0.5100037750094375,0.4878880928010918,261,57.06111444364466,2159.0,8,11,False,{},{},{},{},0.0,0.0,0.0,0.0,0.0,0.0,0.0,0.0,0.0,0.0,0.0,0.0,0.0,0.0,Leave Event,0.0,"{'node_level': {}, 'link_level': {}, 'path_level': {}}","{'node_level': {}, 'link_level': {}, 'path_level': {}}","{'node_level': {}, 'link_level': {}, 'path_level': {}}",[],-inf,-inf,True,True,False,0,[],0,0.0,,,3
269,24,6,16199.0,33374.0,10173104.436414625,20442061.48411515,0.4853778390363756,0.497655505259086,36,476,0,2220.3493360639955,8803,1298,7505,0.5100037750094375,0.4878880928010918,264,36.34933606399567,2184.0,7,12,False,{},{},{},{},0.0,0.0,0.0,0.0,0.0,0.0,0.0,0.0,0.0,0.0,0.0,0.0,0.0,0.0,Leave Event,0.0,"{'node_level': {}, 'link_level': {}, 'path_level': {}}","{'node_level': {}, 'link_level': {}, 'path_level': {}}","{'node_level': {}, 'link_level': {}, 'path_level': {}}",[],-inf,-inf,True,True,False,0,[],0,0.0,,,3
269,24,6,16199.0,33374.0,10173104.436414625,20442061.48411515,0.4853778390363756,0.497655505259086,36,477,0,2227.2933752037006,8803,1298,7505,0.5100037750094375,0.4878880928010918,130,1110.2933752037009,1117.0,6,9,False,{},{},{},{},0.0,0.0,0.0,0.0,0.0,0.0,0.0,0.0,0.0,0.0,0.0,0.0,0.0,0.0,Leave Event,0.0,"{'node_level': {}, 'link_level': {}, 'path_level': {}}","{'node_level': {}, 'link_level': {}, 'path_level': {}}","{'node_level': {}, 'link_level': {}, 'path_level': {}}",[],-inf,-inf,True,True,False,0,[],0,0.0,,,3
270,24,6,16199.0,33374.0,10173104.436414625,20442061.48411515,0.4853778390363756,0.497655505259086,36,478,1,2228.0,8803,1298,7505,0.5100037750094375,0.4878880928010918,269,981.0341511296018,2228.0,7,15,False,"{0: -1, 1: -1, 2: -1, 3: -1, 4: -1, 5: -1, 6: -1}",{},{},{},0.0,0.0,496.0,248.0,1368.0,0.0,0.0,0.0,0.0,0.0,0.0,0.0,0.0,0.0,Unknown Reason,0.0,"{'node_level': {}, 'link_level': {}, 'path_level': {}}","{'node_level': {}, 'link_level': {}, 'path_level': {}}","{'node_level': {}, 'link_level': {}, 'path_level': {}}",[],-inf,-inf,True,True,False,0,[],0,0.0,7.0,0.0,3
270,24,6,16199.0,33374.0,10173104.436414625,20442061.48411515,0.4853778390363756,0.497655505259086,36,479,0,2229.4066415982425,8803,1298,7505,0.5100037750094375,0.4878880928010918,219,398.4066415982426,1831.0,6,7,False,{},{},{},{},0.0,0.0,0.0,0.0,0.0,0.0,0.0,0.0,0.0,0.0,0.0,0.0,0.0,0.0,Leave Event,0.0,"{'node_level': {}, 'link_level': {}, 'path_level': {}}","{'node_level': {}, 'link_level': {}, 'path_level': {}}","{'node_level': {}, 'link_level': {}, 'path_level': {}}",[],-inf,-inf,True,True,False,0,[],0,0.0,,,3
270,24,6,16199.0,33374.0,10173104.436414625,20442061.48411515,0.4853778390363756,0.497655505259086,36,480,0,2235.290047171349,8803,1298,7505,0.5100037750094375,0.4878880928010918,223,374.2900471713494,1861.0,5,6,False,{},{},{},{},0.0,0.0,0.0,0.0,0.0,0.0,0.0,0.0,0.0,0.0,0.0,0.0,0.0,0.0,Leave Event,0.0,"{'node_level': {}, 'link_level': {}, 'path_level': {}}","{'node_level': {}, 'link_level': {}, 'path_level': {}}","{'node_level': {}, 'link_level': {}, 'path_level': {}}",[],-inf,-inf,True,True,False,0,[],0,0.0,,,3
271,24,6,16199.0,33374.0,10173104.436414625,20442061.48411515,0.4853778390363756,0.497655505259086,36,481,1,2238.0,8803,1298,7505,0.5100037750094375,0.4878880928010918,270,94.81920963024919,2238.0,10,17,False,"{0: -1, 1: -1, 2: -1, 3: -1, 4: -1, 5: -1, 6: -1, 7: -1, 8: -1, 9: -1}",{},{},{},0.0,0.0,704.0,352.0,1447.0,0.0,0.0,0.0,0.0,0.0,0.0,0.0,0.0,0.0,Unknown Reason,0.0,"{'node_level': {}, 'link_level': {}, 'path_level': {}}","{'node_level': {}, 'link_level': {}, 'path_level': {}}","{'node_level': {}, 'link_level': {}, 'path_level': {}}",[],-inf,-inf,True,True,False,0,[],0,0.0,10.0,0.0,3
271,24,6,16199.0,33374.0,10173104.436414625,20442061.48411515,0.4853778390363756,0.497655505259086,36,482,0,2246.8429378767305,8803,1298,7505,0.5100037750094375,0.4878880928010918,242,222.84293787673028,2024.0,6,10,False,{},{},{},{},0.0,0.0,0.0,0.0,0.0,0.0,0.0,0.0,0.0,0.0,0.0,0.0,0.0,0.0,Leave Event,0.0,"{'node_level': {}, 'link_level': {}, 'path_level': {}}","{'node_level': {}, 'link_level': {}, 'path_level': {}}","{'node_level': {}, 'link_level': {}, 'path_level': {}}",[],-inf,-inf,True,True,False,0,[],0,0.0,,,3
272,24,6,16199.0,33374.0,10173104.436414625,20442061.48411515,0.4853778390363756,0.497655505259086,36,483,1,2249.0,8803,1298,7505,0.5100037750094375,0.4878880928010918,271,766.8185533463725,2249.0,5,6,False,{},{},{},{},0.0,0.0,306.0,153.0,389.0,0.0,0.0,0.0,0.0,0.0,0.0,0.0,0.0,0.0,Unknown Reason,0.0,"{'node_level': {}, 'link_level': {}, 'path_level': {}}","{'node_level': {}, 'link_level': {}, 'path_level': {}}","{'node_level': {}, 'link_level': {}, 'path_level': {}}",[],-inf,-inf,True,True,False,0,[],0,0.0,0.0,0.0,3
272,24,6,16199.0,33374.0,10173104.436414625,20442061.48411515,0.4853778390363756,0.497655505259086,36,484,0,2261.452751411561,8803,1298,7505,0.5100037750094375,0.4878880928010918,267,56.452751411561366,2205.0,7,14,False,{},{},{},{},0.0,0.0,0.0,0.0,0.0,0.0,0.0,0.0,0.0,0.0,0.0,0.0,0.0,0.0,Leave Event,0.0,"{'node_level': {}, 'link_level': {}, 'path_level': {}}","{'node_level': {}, 'link_level': {}, 'path_level': {}}","{'node_level': {}, 'link_level': {}, 'path_level': {}}",[],-inf,-inf,True,True,False,0,[],0,0.0,,,3
273,24,6,16199.0,33374.0,10173104.436414625,20442061.48411515,0.4853778390363756,0.497655505259086,36,485,1,2265.0,8803,1298,7505,0.5100037750094375,0.4878880928010918,272,815.1165719069824,2265.0,7,15,False,"{0: -1, 1: -1, 2: -1, 3: -1, 4: -1, 5: -1, 6: -1}",{},{},{},0.0,0.0,540.0,270.0,1402.0,0.0,0.0,0.0,0.0,0.0,0.0,0.0,0.0,0.0,Unknown Reason,0.0,"{'node_level': {}, 'link_level': {}, 'path_level': {}}","{'node_level': {}, 'link_level': {}, 'path_level': {}}","{'node_level': {}, 'link_level': {}, 'path_level': {}}",[],-inf,-inf,True,True,False,0,[],0,0.0,7.0,0.0,3
273,24,6,16199.0,33374.0,10173104.436414625,20442061.48411515,0.4853778390363756,0.497655505259086,36,486,0,2273.3302686324714,8803,1298,7505,0.5100037750094375,0.4878880928010918,186,704.3302686324715,1569.0,6,6,False,{},{},{},{},0.0,0.0,0.0,0.0,0.0,0.0,0.0,0.0,0.0,0.0,0.0,0.0,0.0,0.0,Leave Event,0.0,"{'node_level': {}, 'link_level': {}, 'path_level': {}}","{'node_level': {}, 'link_level': {}, 'path_level': {}}","{'node_level': {}, 'link_level': {}, 'path_level': {}}",[],-inf,-inf,True,True,False,0,[],0,0.0,,,3
274,24,6,16199.0,33374.0,10173104.436414625,20442061.48411515,0.4853778390363756,0.497655505259086,36,487,1,2275.0,8803,1298,7505,0.5100037750094375,0.4878880928010918,273,45.245883611443396,2275.0,8,13,False,"{0: -1, 1: -1, 2: -1, 3: -1, 4: -1, 5: -1, 6: -1, 7: -1}",{},{},{},0.0,0.0,720.0,360.0,1008.0,0.0,0.0,0.0,0.0,0.0,0.0,0.0,0.0,0.0,Unknown Reason,0.0,"{'node_level': {}, 'link_level': {}, 'path_level': {}}","{'node_level': {}, 'link_level': {}, 'path_level': {}}","{'node_level': {}, 'link_level': {}, 'path_level': {}}",[],-inf,-inf,True,True,False,0,[],0,0.0,8.0,0.0,3
275,24,6,16199.0,33374.0,10173104.436414625,20442061.48411515,0.4853778390363756,0.497655505259086,36,488,1,2281.0,8803,1298,7505,0.5100037750094375,0.4878880928010918,274,285.8069954099447,2281.0,7,13,False,"{0: -1, 1: -1, 2: -1, 3: -1, 4: -1, 5: -1, 6: -1}",{},{},{},0.0,0.0,504.0,252.0,1029.0,0.0,0.0,0.0,0.0,0.0,0.0,0.0,0.0,0.0,Unknown Reason,0.0,"{'node_level': {}, 'link_level': {}, 'path_level': {}}","{'node_level': {}, 'link_level': {}, 'path_level': {}}","{'node_level': {}, 'link_level': {}, 'path_level': {}}",[],-inf,-inf,True,True,False,0,[],0,0.0,7.0,0.0,3
276,24,6,16199.0,33374.0,10173104.436414625,20442061.48411515,0.4853778390363756,0.497655505259086,36,489,1,2290.0,8803,1298,7505,0.5100037750094375,0.4878880928010918,275,773.6048729855386,2290.0,8,12,False,"{0: -1, 1: -1, 2: -1, 3: -1, 4: -1, 5: -1, 6: -1, 7: -1}",{},{},{},0.0,0.0,694.0,347.0,1023.0,0.0,0.0,0.0,0.0,0.0,0.0,0.0,0.0,0.0,Unknown Reason,0.0,"{'node_level': {}, 'link_level': {}, 'path_level': {}}","{'node_level': {}, 'link_level': {}, 'path_level': {}}","{'node_level': {}, 'link_level': {}, 'path_level': {}}",[],-inf,-inf,True,True,False,0,[],0,0.0,8.0,0.0,3
276,24,6,16199.0,33374.0,10173104.436414625,20442061.48411515,0.4853778390363756,0.497655505259086,36,490,0,2292.1827796674943,8803,1298,7505,0.5100037750094375,0.4878880928010918,196,629.1827796674944,1663.0,8,13,False,{},{},{},{},0.0,0.0,0.0,0.0,0.0,0.0,0.0,0.0,0.0,0.0,0.0,0.0,0.0,0.0,Leave Event,0.0,"{'node_level': {}, 'link_level': {}, 'path_level': {}}","{'node_level': {}, 'link_level': {}, 'path_level': {}}","{'node_level': {}, 'link_level': {}, 'path_level': {}}",[],-inf,-inf,True,True,False,0,[],0,0.0,,,3
276,24,6,16199.0,33374.0,10173104.436414625,20442061.48411515,0.4853778390363756,0.497655505259086,36,491,0,2294.0760363881536,8803,1298,7505,0.5100037750094375,0.4878880928010918,58,1774.0760363881539,520.0,6,9,False,{},{},{},{},0.0,0.0,0.0,0.0,0.0,0.0,0.0,0.0,0.0,0.0,0.0,0.0,0.0,0.0,Leave Event,0.0,"{'node_level': {}, 'link_level': {}, 'path_level': {}}","{'node_level': {}, 'link_level': {}, 'path_level': {}}","{'node_level': {}, 'link_level': {}, 'path_level': {}}",[],-inf,-inf,True,True,False,0,[],0,0.0,,,3
277,24,6,16199.0,33374.0,10173104.436414625,20442061.48411515,0.4853778390363756,0.497655505259086,36,492,1,2298.0,8803,1298,7505,0.5100037750094375,0.4878880928010918,276,336.7319676523125,2298.0,10,25,False,"{0: -1, 1: -1, 2: -1, 3: -1, 4: -1, 5: -1, 6: -1, 7: -1, 8: -1, 9: -1}",{},{},{},0.0,0.0,854.0,427.0,2078.0,0.0,0.0,0.0,0.0,0.0,0.0,0.0,0.0,0.0,Unknown Reason,0.0,"{'node_level': {}, 'link_level': {}, 'path_level': {}}","{'node_level': {}, 'link_level': {}, 'path_level': {}}","{'node_level': {}, 'link_level': {}, 'path_level': {}}",[],-inf,-inf,True,True,False,0,[],0,0.0,10.0,0.0,3
278,24,6,16199.0,33374.0,10173104.436414625,20442061.48411515,0.4853778390363756,0.497655505259086,36,493,1,2304.0,8803,1298,7505,0.5100037750094375,0.4878880928010918,277,1005.016768108463,2304.0,10,21,False,"{0: -1, 1: -1, 2: -1, 3: -1, 4: -1, 5: -1, 6: -1, 7: -1, 8: -1, 9: -1}",{},{},{},0.0,0.0,776.0,388.0,1812.0,0.0,0.0,0.0,0.0,0.0,0.0,0.0,0.0,0.0,Unknown Reason,0.0,"{'node_level': {}, 'link_level': {}, 'path_level': {}}","{'node_level': {}, 'link_level': {}, 'path_level': {}}","{'node_level': {}, 'link_level': {}, 'path_level': {}}",[],-inf,-inf,True,True,False,0,[],0,0.0,10.0,0.0,3
278,24,6,16199.0,33374.0,10173104.436414625,20442061.48411515,0.4853778390363756,0.497655505259086,36,494,0,2306.38062829967,8803,1298,7505,0.5100037750094375,0.4878880928010918,246,248.3806282996702,2058.0,10,25,False,{},{},{},{},0.0,0.0,0.0,0.0,0.0,0.0,0.0,0.0,0.0,0.0,0.0,0.0,0.0,0.0,Leave Event,0.0,"{'node_level': {}, 'link_level': {}, 'path_level': {}}","{'node_level': {}, 'link_level': {}, 'path_level': {}}","{'node_level': {}, 'link_level': {}, 'path_level': {}}",[],-inf,-inf,True,True,False,0,[],0,0.0,,,3
278,24,6,16199.0,33374.0,10173104.436414625,20442061.48411515,0.4853778390363756,0.497655505259086,36,495,0,2310.208773000167,8803,1298,7505,0.5100037750094375,0.4878880928010918,168,858.2087730001672,1452.0,9,20,False,{},{},{},{},0.0,0.0,0.0,0.0,0.0,0.0,0.0,0.0,0.0,0.0,0.0,0.0,0.0,0.0,Leave Event,0.0,"{'node_level': {}, 'link_level': {}, 'path_level': {}}","{'node_level': {}, 'link_level': {}, 'path_level': {}}","{'node_level': {}, 'link_level': {}, 'path_level': {}}",[],-inf,-inf,True,True,False,0,[],0,0.0,,,3
278,24,5,16199.0,33374.0,10173104.436414625,20442061.48411515,0.4853778390363756,0.497655505259086,36,496,0,2310.458260475961,9756,1501,8255,0.4333710834277086,0.4367110201296486,268,95.4582604759614,2215.0,5,5,False,{},{},{},{},0.0,0.0,0.0,0.0,0.0,0.0,0.0,0.0,0.0,0.0,0.0,0.0,0.0,0.0,Leave Event,0.0,"{'node_level': {}, 'link_level': {}, 'path_level': {}}","{'node_level': {}, 'link_level': {}, 'path_level': {}}","{'node_level': {}, 'link_level': {}, 'path_level': {}}",[],-inf,-inf,True,True,False,0,[],0,0.0,,,3
278,24,5,16199.0,33374.0,10173104.436414625,20442061.48411515,0.4853778390363756,0.497655505259086,36,497,0,2316.5757491009,9756,1501,8255,0.4333710834277086,0.4367110201296486,235,352.5757491009,1964.0,7,10,False,{},{},{},{},0.0,0.0,0.0,0.0,0.0,0.0,0.0,0.0,0.0,0.0,0.0,0.0,0.0,0.0,Leave Event,0.0,"{'node_level': {}, 'link_level': {}, 'path_level': {}}","{'node_level': {}, 'link_level': {}, 'path_level': {}}","{'node_level': {}, 'link_level': {}, 'path_level': {}}",[],-inf,-inf,True,True,False,0,[],0,0.0,,,3
279,24,5,16199.0,33374.0,10173104.436414625,20442061.48411515,0.4853778390363756,0.497655505259086,36,498,1,2319.0,9756,1501,8255,0.4333710834277086,0.4367110201296486,278,238.7931526242663,2319.0,9,23,False,"{0: -1, 1: -1, 2: -1, 3: -1, 4: -1, 5: -1, 6: -1, 7: -1, 8: -1}",{},{},{},0.0,0.0,568.0,284.0,1831.0,0.0,0.0,0.0,0.0,0.0,0.0,0.0,0.0,0.0,Unknown Reason,0.0,"{'node_level': {}, 'link_level': {}, 'path_level': {}}","{'node_level': {}, 'link_level': {}, 'path_level': {}}","{'node_level': {}, 'link_level': {}, 'path_level': {}}",[],-inf,-inf,True,True,False,0,[],0,0.0,9.0,0.0,3
279,24,5,16199.0,33374.0,10173104.436414625,20442061.48411515,0.4853778390363756,0.497655505259086,36,499,0,2320.2458836114433,9756,1501,8255,0.4333710834277086,0.4367110201296486,273,45.245883611443396,2275.0,8,13,False,{},{},{},{},0.0,0.0,0.0,0.0,0.0,0.0,0.0,0.0,0.0,0.0,0.0,0.0,0.0,0.0,Leave Event,0.0,"{'node_level': {}, 'link_level': {}, 'path_level': {}}","{'node_level': {}, 'link_level': {}, 'path_level': {}}","{'node_level': {}, 'link_level': {}, 'path_level': {}}",[],-inf,-inf,True,True,False,0,[],0,0.0,,,3
280,24,5,16199.0,33374.0,10173104.436414625,20442061.48411515,0.4853778390363756,0.497655505259086,36,500,1,2323.0,9756,1501,8255,0.4333710834277086,0.4367110201296486,279,494.85349699330084,2323.0,7,9,False,{},{},{},{},0.0,0.0,450.0,225.0,660.0,0.0,0.0,0.0,0.0,0.0,0.0,0.0,0.0,0.0,Unknown Reason,0.0,"{'node_level': {}, 'link_level': {}, 'path_level': {}}","{'node_level': {}, 'link_level': {}, 'path_level': {}}","{'node_level': {}, 'link_level': {}, 'path_level': {}}",[],-inf,-inf,True,True,False,0,[],0,0.0,0.0,0.0,3
280,24,5,16199.0,33374.0,10173104.436414625,20442061.48411515,0.4853778390363756,0.497655505259086,36,501,0,2323.447765845061,9756,1501,8255,0.4333710834277086,0.4367110201296486,209,559.4477658450609,1764.0,9,23,False,{},{},{},{},0.0,0.0,0.0,0.0,0.0,0.0,0.0,0.0,0.0,0.0,0.0,0.0,0.0,0.0,Leave Event,0.0,"{'node_level': {}, 'link_level': {}, 'path_level': {}}","{'node_level': {}, 'link_level': {}, 'path_level': {}}","{'node_level': {}, 'link_level': {}, 'path_level': {}}",[],-inf,-inf,True,True,False,0,[],0,0.0,,,3
281,24,5,16199.0,33374.0,10173104.436414625,20442061.48411515,0.4853778390363756,0.497655505259086,36,502,1,2330.0,9756,1501,8255,0.4333710834277086,0.4367110201296486,280,120.09416142659553,2330.0,10,22,False,"{0: -1, 1: -1, 2: -1, 3: -1, 4: -1, 5: -1, 6: -1, 7: -1, 8: -1, 9: -1}",{},{},{},0.0,0.0,766.0,383.0,1957.0,0.0,0.0,0.0,0.0,0.0,0.0,0.0,0.0,0.0,Unknown Reason,0.0,"{'node_level': {}, 'link_level': {}, 'path_level': {}}","{'node_level': {}, 'link_level': {}, 'path_level': {}}","{'node_level': {}, 'link_level': {}, 'path_level': {}}",[],-inf,-inf,True,True,False,0,[],0,0.0,10.0,0.0,3
281,24,5,16199.0,33374.0,10173104.436414625,20442061.48411515,0.4853778390363756,0.497655505259086,36,503,0,2332.819209630249,9756,1501,8255,0.4333710834277086,0.4367110201296486,270,94.81920963024919,2238.0,10,17,False,{},{},{},{},0.0,0.0,0.0,0.0,0.0,0.0,0.0,0.0,0.0,0.0,0.0,0.0,0.0,0.0,Leave Event,0.0,"{'node_level': {}, 'link_level': {}, 'path_level': {}}","{'node_level': {}, 'link_level': {}, 'path_level': {}}","{'node_level': {}, 'link_level': {}, 'path_level': {}}",[],-inf,-inf,True,True,False,0,[],0,0.0,,,3
281,24,5,16199.0,33374.0,10173104.436414625,20442061.48411515,0.4853778390363756,0.497655505259086,36,504,0,2333.5738418425526,9756,1501,8255,0.4333710834277086,0.4367110201296486,199,635.5738418425525,1698.0,6,7,False,{},{},{},{},0.0,0.0,0.0,0.0,0.0,0.0,0.0,0.0,0.0,0.0,0.0,0.0,0.0,0.0,Leave Event,0.0,"{'node_level': {}, 'link_level': {}, 'path_level': {}}","{'node_level': {}, 'link_level': {}, 'path_level': {}}","{'node_level': {}, 'link_level': {}, 'path_level': {}}",[],-inf,-inf,True,True,False,0,[],0,0.0,,,3
281,24,5,16199.0,33374.0,10173104.436414625,20442061.48411515,0.4853778390363756,0.497655505259086,36,505,0,2337.844252275786,9756,1501,8255,0.4333710834277086,0.4367110201296486,221,486.8442522757859,1851.0,8,10,False,{},{},{},{},0.0,0.0,0.0,0.0,0.0,0.0,0.0,0.0,0.0,0.0,0.0,0.0,0.0,0.0,Leave Event,0.0,"{'node_level': {}, 'link_level': {}, 'path_level': {}}","{'node_level': {}, 'link_level': {}, 'path_level': {}}","{'node_level': {}, 'link_level': {}, 'path_level': {}}",[],-inf,-inf,True,True,False,0,[],0,0.0,,,3
282,24,5,16199.0,33374.0,10173104.436414625,20442061.48411515,0.4853778390363756,0.497655505259086,36,506,1,2339.0,9756,1501,8255,0.4333710834277086,0.4367110201296486,281,923.3921240991294,2339.0,9,15,False,"{0: -1, 1: -1, 2: -1, 3: -1, 4: -1, 5: -1, 6: -1, 7: -1, 8: -1}",{},{},{},0.0,0.0,520.0,260.0,1300.0,0.0,0.0,0.0,0.0,0.0,0.0,0.0,0.0,0.0,Unknown Reason,0.0,"{'node_level': {}, 'link_level': {}, 'path_level': {}}","{'node_level': {}, 'link_level': {}, 'path_level': {}}","{'node_level': {}, 'link_level': {}, 'path_level': {}}",[],-inf,-inf,True,True,False,0,[],0,0.0,9.0,0.0,3
282,24,5,16199.0,33374.0,10173104.436414625,20442061.48411515,0.4853778390363756,0.497655505259086,36,507,0,2340.81150261738,9756,1501,8255,0.4333710834277086,0.4367110201296486,244,296.81150261738003,2044.0,9,18,False,{},{},{},{},0.0,0.0,0.0,0.0,0.0,0.0,0.0,0.0,0.0,0.0,0.0,0.0,0.0,0.0,Leave Event,0.0,"{'node_level': {}, 'link_level': {}, 'path_level': {}}","{'node_level': {}, 'link_level': {}, 'path_level': {}}","{'node_level': {}, 'link_level': {}, 'path_level': {}}",[],-inf,-inf,True,True,False,0,[],0,0.0,,,3
283,24,5,16199.0,33374.0,10173104.436414625,20442061.48411515,0.4853778390363756,0.497655505259086,36,508,1,2349.0,9756,1501,8255,0.4333710834277086,0.4367110201296486,282,914.2862750958378,2349.0,7,13,False,"{0: -1, 1: -1, 2: -1, 3: -1, 4: -1, 5: -1, 6: -1}",{},{},{},0.0,0.0,702.0,351.0,1061.0,0.0,0.0,0.0,0.0,0.0,0.0,0.0,0.0,0.0,Unknown Reason,0.0,"{'node_level': {}, 'link_level': {}, 'path_level': {}}","{'node_level': {}, 'link_level': {}, 'path_level': {}}","{'node_level': {}, 'link_level': {}, 'path_level': {}}",[],-inf,-inf,True,True,False,0,[],0,0.0,7.0,0.0,3
284,24,5,16199.0,33374.0,10173104.436414625,20442061.48411515,0.4853778390363756,0.497655505259086,36,509,1,2354.0,9756,1501,8255,0.4333710834277086,0.4367110201296486,283,417.16455005406596,2354.0,7,10,False,"{0: -1, 1: -1, 2: -1, 3: -1, 4: -1, 5: -1, 6: -1}",{},{},{},0.0,0.0,682.0,341.0,766.0,0.0,0.0,0.0,0.0,0.0,0.0,0.0,0.0,0.0,Unknown Reason,0.0,"{'node_level': {}, 'link_level': {}, 'path_level': {}}","{'node_level': {}, 'link_level': {}, 'path_level': {}}","{'node_level': {}, 'link_level': {}, 'path_level': {}}",[],-inf,-inf,True,True,False,0,[],0,0.0,7.0,0.0,3
285,24,5,16199.0,33374.0,10173104.436414625,20442061.48411515,0.4853778390363756,0.497655505259086,36,510,1,2365.0,9756,1501,8255,0.4333710834277086,0.4367110201296486,284,195.1073297675038,2365.0,9,14,False,"{0: -1, 1: -1, 2: -1, 3: -1, 4: -1, 5: -1, 6: -1, 7: -1, 8: -1}",{},{},{},0.0,0.0,762.0,381.0,1102.0,0.0,0.0,0.0,0.0,0.0,0.0,0.0,0.0,0.0,Unknown Reason,0.0,"{'node_level': {}, 'link_level': {}, 'path_level': {}}","{'node_level': {}, 'link_level': {}, 'path_level': {}}","{'node_level': {}, 'link_level': {}, 'path_level': {}}",[],-inf,-inf,True,True,False,0,[],0,0.0,9.0,0.0,3
286,24,5,16199.0,33374.0,10173104.436414625,20442061.48411515,0.4853778390363756,0.497655505259086,36,511,1,2381.0,9756,1501,8255,0.4333710834277086,0.4367110201296486,285,213.52432619695546,2381.0,8,15,False,"{0: -1, 1: -1, 2: -1, 3: -1, 4: -1, 5: -1, 6: -1, 7: -1}",{},{},{},0.0,0.0,586.0,293.0,1315.0,0.0,0.0,0.0,0.0,0.0,0.0,0.0,0.0,0.0,Unknown Reason,0.0,"{'node_level': {}, 'link_level': {}, 'path_level': {}}","{'node_level': {}, 'link_level': {}, 'path_level': {}}","{'node_level': {}, 'link_level': {}, 'path_level': {}}",[],-inf,-inf,True,True,False,0,[],0,0.0,8.0,0.0,3
286,24,5,16199.0,33374.0,10173104.436414625,20442061.48411515,0.4853778390363756,0.497655505259086,36,512,0,2383.6966742115364,9756,1501,8255,0.4333710834277086,0.4367110201296486,259,239.69667421153625,2144.0,9,17,False,{},{},{},{},0.0,0.0,0.0,0.0,0.0,0.0,0.0,0.0,0.0,0.0,0.0,0.0,0.0,0.0,Leave Event,0.0,"{'node_level': {}, 'link_level': {}, 'path_level': {}}","{'node_level': {}, 'link_level': {}, 'path_level': {}}","{'node_level': {}, 'link_level': {}, 'path_level': {}}",[],-inf,-inf,True,True,False,0,[],0,0.0,,,3
287,24,5,16199.0,33374.0,10173104.436414625,20442061.48411515,0.4853778390363756,0.497655505259086,36,513,1,2392.0,9756,1501,8255,0.4333710834277086,0.4367110201296486,286,451.54258277162876,2392.0,9,19,False,"{0: -1, 1: -1, 2: -1, 3: -1, 4: -1, 5: -1, 6: -1, 7: -1, 8: -1}",{},{},{},0.0,0.0,628.0,314.0,1722.0,0.0,0.0,0.0,0.0,0.0,0.0,0.0,0.0,0.0,Unknown Reason,0.0,"{'node_level': {}, 'link_level': {}, 'path_level': {}}","{'node_level': {}, 'link_level': {}, 'path_level': {}}","{'node_level': {}, 'link_level': {}, 'path_level': {}}",[],-inf,-inf,True,True,False,0,[],0,0.0,9.0,0.0,3
288,24,5,16199.0,33374.0,10173104.436414625,20442061.48411515,0.4853778390363756,0.497655505259086,36,514,1,2401.0,9756,1501,8255,0.4333710834277086,0.4367110201296486,287,68.71754486418055,2401.0,10,26,False,"{0: -1, 1: -1, 2: -1, 3: -1, 4: -1, 5: -1, 6: -1, 7: -1, 8: -1, 9: -1}",{},{},{},0.0,0.0,800.0,400.0,2348.0,0.0,0.0,0.0,0.0,0.0,0.0,0.0,0.0,0.0,Unknown Reason,0.0,"{'node_level': {}, 'link_level': {}, 'path_level': {}}","{'node_level': {}, 'link_level': {}, 'path_level': {}}","{'node_level': {}, 'link_level': {}, 'path_level': {}}",[],-inf,-inf,True,True,False,0,[],0,0.0,10.0,0.0,3
288,24,5,16199.0,33374.0,10173104.436414625,20442061.48411515,0.4853778390363756,0.497655505259086,36,515,0,2404.202114725285,9756,1501,8255,0.4333710834277086,0.4367110201296486,245,352.202114725285,2052.0,9,21,False,{},{},{},{},0.0,0.0,0.0,0.0,0.0,0.0,0.0,0.0,0.0,0.0,0.0,0.0,0.0,0.0,Leave Event,0.0,"{'node_level': {}, 'link_level': {}, 'path_level': {}}","{'node_level': {}, 'link_level': {}, 'path_level': {}}","{'node_level': {}, 'link_level': {}, 'path_level': {}}",[],-inf,-inf,True,True,False,0,[],0,0.0,,,3
289,24,5,16199.0,33374.0,10173104.436414625,20442061.48411515,0.4853778390363756,0.497655505259086,36,516,1,2411.0,9756,1501,8255,0.4333710834277086,0.4367110201296486,288,357.1576662565482,2411.0,10,22,False,"{0: -1, 1: -1, 2: -1, 3: -1, 4: -1, 5: -1, 6: -1, 7: -1, 8: -1, 9: -1}",{},{},{},0.0,0.0,710.0,355.0,1607.0,0.0,0.0,0.0,0.0,0.0,0.0,0.0,0.0,0.0,Unknown Reason,0.0,"{'node_level': {}, 'link_level': {}, 'path_level': {}}","{'node_level': {}, 'link_level': {}, 'path_level': {}}","{'node_level': {}, 'link_level': {}, 'path_level': {}}",[],-inf,-inf,True,True,False,0,[],0,0.0,10.0,0.0,3
289,24,5,16199.0,33374.0,10173104.436414625,20442061.48411515,0.4853778390363756,0.497655505259086,36,517,0,2417.1419919445575,9756,1501,8255,0.4333710834277086,0.4367110201296486,258,280.1419919445577,2137.0,10,21,False,{},{},{},{},0.0,0.0,0.0,0.0,0.0,0.0,0.0,0.0,0.0,0.0,0.0,0.0,0.0,0.0,Leave Event,0.0,"{'node_level': {}, 'link_level': {}, 'path_level': {}}","{'node_level': {}, 'link_level': {}, 'path_level': {}}","{'node_level': {}, 'link_level': {}, 'path_level': {}}",[],-inf,-inf,True,True,False,0,[],0,0.0,,,3
290,24,5,16199.0,33374.0,10173104.436414625,20442061.48411515,0.4853778390363756,0.497655505259086,36,518,1,2425.0,9756,1501,8255,0.4333710834277086,0.4367110201296486,289,175.08114936243655,2425.0,5,5,False,"{0: -1, 1: -1, 2: -1, 3: -1, 4: -1}",{},{},{},0.0,0.0,492.0,246.0,409.0,0.0,0.0,0.0,0.0,0.0,0.0,0.0,0.0,0.0,Unknown Reason,0.0,"{'node_level': {}, 'link_level': {}, 'path_level': {}}","{'node_level': {}, 'link_level': {}, 'path_level': {}}","{'node_level': {}, 'link_level': {}, 'path_level': {}}",[],-inf,-inf,True,True,False,0,[],0,0.0,5.0,0.0,3
290,24,5,16199.0,33374.0,10173104.436414625,20442061.48411515,0.4853778390363756,0.497655505259086,36,519,0,2425.618036477634,9756,1501,8255,0.4333710834277086,0.4367110201296486,211,654.6180364776343,1771.0,9,20,False,{},{},{},{},0.0,0.0,0.0,0.0,0.0,0.0,0.0,0.0,0.0,0.0,0.0,0.0,0.0,0.0,Leave Event,0.0,"{'node_level': {}, 'link_level': {}, 'path_level': {}}","{'node_level': {}, 'link_level': {}, 'path_level': {}}","{'node_level': {}, 'link_level': {}, 'path_level': {}}",[],-inf,-inf,True,True,False,0,[],0,0.0,,,3
290,24,5,16199.0,33374.0,10173104.436414625,20442061.48411515,0.4853778390363756,0.497655505259086,36,520,0,2431.4840838307655,9756,1501,8255,0.4333710834277086,0.4367110201296486,222,576.4840838307657,1855.0,6,9,False,{},{},{},{},0.0,0.0,0.0,0.0,0.0,0.0,0.0,0.0,0.0,0.0,0.0,0.0,0.0,0.0,Leave Event,0.0,"{'node_level': {}, 'link_level': {}, 'path_level': {}}","{'node_level': {}, 'link_level': {}, 'path_level': {}}","{'node_level': {}, 'link_level': {}, 'path_level': {}}",[],-inf,-inf,True,True,False,0,[],0,0.0,,,3
291,24,5,16199.0,33374.0,10173104.436414625,20442061.48411515,0.4853778390363756,0.497655505259086,36,521,1,2437.0,9756,1501,8255,0.4333710834277086,0.4367110201296486,290,208.9548769535943,2437.0,9,19,False,"{0: -1, 1: -1, 2: -1, 3: -1, 4: -1, 5: -1, 6: -1, 7: -1, 8: -1}",{},{},{},0.0,0.0,600.0,300.0,1296.0,0.0,0.0,0.0,0.0,0.0,0.0,0.0,0.0,0.0,Unknown Reason,0.0,"{'node_level': {}, 'link_level': {}, 'path_level': {}}","{'node_level': {}, 'link_level': {}, 'path_level': {}}","{'node_level': {}, 'link_level': {}, 'path_level': {}}",[],-inf,-inf,True,True,False,0,[],0,0.0,9.0,0.0,3
291,24,5,16199.0,33374.0,10173104.436414625,20442061.48411515,0.4853778390363756,0.497655505259086,36,522,0,2444.5496949448193,9756,1501,8255,0.4333710834277086,0.4367110201296486,266,248.54969494481912,2196.0,7,10,False,{},{},{},{},0.0,0.0,0.0,0.0,0.0,0.0,0.0,0.0,0.0,0.0,0.0,0.0,0.0,0.0,Leave Event,0.0,"{'node_level': {}, 'link_level': {}, 'path_level': {}}","{'node_level': {}, 'link_level': {}, 'path_level': {}}","{'node_level': {}, 'link_level': {}, 'path_level': {}}",[],-inf,-inf,True,True,False,0,[],0,0.0,,,3
292,24,5,16199.0,33374.0,10173104.436414625,20442061.48411515,0.4853778390363756,0.497655505259086,36,523,1,2445.0,9756,1501,8255,0.4333710834277086,0.4367110201296486,291,194.1853150804946,2445.0,9,15,False,"{0: -1, 1: -1, 2: -1, 3: -1, 4: -1, 5: -1, 6: -1, 7: -1, 8: -1}",{},{},{},0.0,0.0,756.0,378.0,1094.0,0.0,0.0,0.0,0.0,0.0,0.0,0.0,0.0,0.0,Unknown Reason,0.0,"{'node_level': {}, 'link_level': {}, 'path_level': {}}","{'node_level': {}, 'link_level': {}, 'path_level': {}}","{'node_level': {}, 'link_level': {}, 'path_level': {}}",[],-inf,-inf,True,True,False,0,[],0,0.0,9.0,0.0,3
292,24,5,16199.0,33374.0,10173104.436414625,20442061.48411515,0.4853778390363756,0.497655505259086,36,524,0,2450.0941614265957,9756,1501,8255,0.4333710834277086,0.4367110201296486,280,120.09416142659553,2330.0,10,22,False,{},{},{},{},0.0,0.0,0.0,0.0,0.0,0.0,0.0,0.0,0.0,0.0,0.0,0.0,0.0,0.0,Leave Event,0.0,"{'node_level': {}, 'link_level': {}, 'path_level': {}}","{'node_level': {}, 'link_level': {}, 'path_level': {}}","{'node_level': {}, 'link_level': {}, 'path_level': {}}",[],-inf,-inf,True,True,False,0,[],0,0.0,,,3
292,24,5,16199.0,33374.0,10173104.436414625,20442061.48411515,0.4853778390363756,0.497655505259086,36,525,0,2453.963725283997,9756,1501,8255,0.4333710834277086,0.4367110201296486,210,683.9637252839972,1770.0,9,21,False,{},{},{},{},0.0,0.0,0.0,0.0,0.0,0.0,0.0,0.0,0.0,0.0,0.0,0.0,0.0,0.0,Leave Event,0.0,"{'node_level': {}, 'link_level': {}, 'path_level': {}}","{'node_level': {}, 'link_level': {}, 'path_level': {}}","{'node_level': {}, 'link_level': {}, 'path_level': {}}",[],-inf,-inf,True,True,False,0,[],0,0.0,,,3
293,25,6,16741.0,34674.0,10660635.816829044,21611417.19359623,0.4828113283728442,0.4932872157957296,36,526,1,2455.0,8456,1357,7099,0.4877312193280483,0.5155919481405664,292,899.504391908521,2455.0,5,5,True,"{np.int64(0): np.int64(4), np.int64(1): np.int64(7), np.int64(2): np.int64(24), np.int64(3): np.int64(22), np.int64(4): np.int64(5)}","{(0, 2): [(np.int64(4), 1), (1, 20), (20, 22), (22, 24)], (0, 4): [(np.int64(4), 7), (7, 5)], (1, 2): [(np.int64(7), 4), (4, 1), (1, 20), (20, 22), (22, 24)], (1, 3): [(np.int64(7), 5), (5, 3), (3, 21), (21, 22)], (1, 4): [(np.int64(7), 5)]}","{(np.int64(0), np.int64(4)): {'cpu': 24}, (np.int64(1), np.int64(7)): {'cpu': 20}, (np.int64(2), np.int64(24)): {'cpu': 35}, (np.int64(3), np.int64(22)): {'cpu': 41}, (np.int64(4), np.int64(5)): {'cpu': 24}}","{((0, 2), (np.int64(4), 1)): {'bw': 108}, ((0, 2), (1, 20)): {'bw': 108}, ((0, 2), (20, 22)): {'bw': 108}, ((0, 2), (22, 24)): {'bw': 108}, ((0, 4), (np.int64(4), 7)): {'bw': 93}, ((0, 4), (7, 5)): {'bw': 93}, ((1, 2), (np.int64(7), 4)): {'bw': 44}, ((1, 2), (4, 1)): {'bw': 44}, ((1, 2), (1, 20)): {'bw': 44}, ((1, 2), (20, 22)): {'bw': 44}, ((1, 2), (22, 24)): {'bw': 44}, ((1, 3), (np.int64(7), 5)): {'bw': 55}, ((1, 3), (5, 3)): {'bw': 55}, ((1, 3), (3, 21)): {'bw': 55}, ((1, 3), (21, 22)): {'bw': 55}, ((1, 4), (np.int64(7), 5)): {'bw': 98}}",1300.0,542.0,1152.0,144.0,398.0,144.0,398.0,144.0,1156.0,758.0,0.4169230769230769,1169355.7094810773,487531.3804144184,375.02413878032183,Success,0.0,"{'node_level': {}, 'link_level': {}, 'path_level': {}}","{'node_level': {np.int64(0): {'cpu': -5}, np.int64(1): {'cpu': -40}, np.int64(2): {'cpu': -17}, np.int64(3): {'cpu': -31}, np.int64(4): {'cpu': -16}}, 'link_level': {(0, 2): {'bw': -89}, (0, 4): {'bw': -102}, (1, 2): {'bw': -45}, (1, 3): {'bw': -53}, (1, 4): {'bw': 0}}, 'path_level': {(0, 2): {}, (0, 4): {}, (1, 2): {}, (1, 3): {}, (1, 4): {}}}","{'node_level': {np.int64(0): {'cpu': 0}, np.int64(1): {'cpu': 0}, np.int64(2): {'cpu': 0}, np.int64(3): {'cpu': 0}, np.int64(4): {'cpu': 0}}, 'link_level': {(0, 2): {'bw': 0}, (0, 4): {'bw': 0}, (1, 2): {'bw': 0}, (1, 3): {'bw': 0}, (1, 4): {'bw': 0}}, 'path_level': {(0, 2): {}, (0, 4): {}, (1, 2): {}, (1, 3): {}, (1, 4): {}}}",[],-inf,-inf,True,True,False,0,[],0,0.0,5.0,5.0,3
293,25,5,16741.0,34674.0,10660635.816829044,21611417.19359623,0.4828113283728442,0.4932872157957296,36,527,0,2461.701435255523,12165,1697,10468,0.3593808984522461,0.2857045377004436,239,464.701435255523,1997.0,9,14,False,{},{},{},{},0.0,0.0,0.0,0.0,0.0,0.0,0.0,0.0,0.0,0.0,0.0,0.0,0.0,0.0,Leave Event,0.0,"{'node_level': {}, 'link_level': {}, 'path_level': {}}","{'node_level': {}, 'link_level': {}, 'path_level': {}}","{'node_level': {}, 'link_level': {}, 'path_level': {}}",[],-inf,-inf,True,True,False,0,[],0,0.0,,,3
294,26,6,17342.0,35932.0,10718625.970181532,21732800.90893305,0.48263386396526775,0.4932003939619098,36,528,1,2462.0,10907,1450,9457,0.4526236315590789,0.3546912316615489,293,96.48943985438831,2462.0,6,6,True,"{np.int64(0): np.int64(13), np.int64(1): np.int64(20), np.int64(2): np.int64(12), np.int64(3): np.int64(33), np.int64(4): np.int64(14), np.int64(5): np.int64(32)}","{(0, 1): [(np.int64(13), 2), (2, 21), (21, 22), (22, 20)], (0, 2): [(np.int64(13), 14), (14, 12)], (2, 4): [(np.int64(12), 14)], (2, 5): [(np.int64(12), 0), (0, 28), (28, 30), (30, 32)], (3, 4): [(np.int64(33), 30), (30, 29), (29, 2), (2, 13), (13, 14)], (3, 5): [(np.int64(33), 30), (30, 32)]}","{(np.int64(0), np.int64(13)): {'cpu': 46}, (np.int64(1), np.int64(20)): {'cpu': 54}, (np.int64(2), np.int64(12)): {'cpu': 48}, (np.int64(3), np.int64(33)): {'cpu': 44}, (np.int64(4), np.int64(14)): {'cpu': 34}, (np.int64(5), np.int64(32)): {'cpu': 21}}","{((0, 1), (np.int64(13), 2)): {'bw': 49}, ((0, 1), (2, 21)): {'bw': 49}, ((0, 1), (21, 22)): {'bw': 49}, ((0, 1), (22, 20)): {'bw': 49}, ((0, 2), (np.int64(13), 14)): {'bw': 51}, ((0, 2), (14, 12)): {'bw': 51}, ((2, 4), (np.int64(12), 14)): {'bw': 65}, ((2, 5), (np.int64(12), 0)): {'bw': 63}, ((2, 5), (0, 28)): {'bw': 63}, ((2, 5), (28, 30)): {'bw': 63}, ((2, 5), (30, 32)): {'bw': 63}, ((3, 4), (np.int64(33), 30)): {'bw': 48}, ((3, 4), (30, 29)): {'bw': 48}, ((3, 4), (29, 2)): {'bw': 48}, ((3, 4), (2, 13)): {'bw': 48}, ((3, 4), (13, 14)): {'bw': 48}, ((3, 5), (np.int64(33), 30)): {'bw': 78}, ((3, 5), (30, 32)): {'bw': 78}}",1258.0,601.0,1729.0,247.0,354.0,247.0,354.0,247.0,1011.0,657.0,0.47774244833068363,121383.71533682049,57990.153352487374,46.09710123409171,Success,0.0,"{'node_level': {}, 'link_level': {}, 'path_level': {}}","{'node_level': {np.int64(0): {'cpu': -36}, np.int64(1): {'cpu': -13}, np.int64(2): {'cpu': -3}, np.int64(3): {'cpu': -30}, np.int64(4): {'cpu': -36}, np.int64(5): {'cpu': -71}}, 'link_level': {(0, 1): {'bw': -143}, (0, 2): {'bw': -150}, (2, 4): {'bw': -117}, (2, 5): {'bw': -26}, (3, 4): {'bw': -23}, (3, 5): {'bw': -107}}, 'path_level': {(0, 1): {}, (0, 2): {}, (2, 4): {}, (2, 5): {}, (3, 4): {}, (3, 5): {}}}","{'node_level': {np.int64(0): {'cpu': 0}, np.int64(1): {'cpu': 0}, np.int64(2): {'cpu': 0}, np.int64(3): {'cpu': 0}, np.int64(4): {'cpu': 0}, np.int64(5): {'cpu': 0}}, 'link_level': {(0, 1): {'bw': 0}, (0, 2): {'bw': 0}, (2, 4): {'bw': 0}, (2, 5): {'bw': 0}, (3, 4): {'bw': 0}, (3, 5): {'bw': 0}}, 'path_level': {(0, 1): {}, (0, 2): {}, (2, 4): {}, (2, 5): {}, (3, 4): {}, (3, 5): {}}}",[],-inf,-inf,True,True,False,0,[],0,0.0,6.0,6.0,3
294,26,6,17342.0,35932.0,10718625.970181532,21732800.90893305,0.48263386396526775,0.4932003939619098,36,529,0,2467.027318324678,10907,1450,9457,0.4526236315590789,0.3546912316615489,229,549.0273183246783,1918.0,5,8,False,{},{},{},{},0.0,0.0,0.0,0.0,0.0,0.0,0.0,0.0,0.0,0.0,0.0,0.0,0.0,0.0,Leave Event,0.0,"{'node_level': {}, 'link_level': {}, 'path_level': {}}","{'node_level': {}, 'link_level': {}, 'path_level': {}}","{'node_level': {}, 'link_level': {}, 'path_level': {}}",[],-inf,-inf,True,True,False,0,[],0,0.0,,,3
295,26,6,17342.0,35932.0,10718625.970181532,21732800.90893305,0.48263386396526775,0.4932003939619098,36,530,1,2468.0,10907,1450,9457,0.4526236315590789,0.3546912316615489,294,134.8867418735272,2468.0,9,19,False,"{0: -1, 1: -1, 2: -1, 3: -1, 4: -1, 5: -1, 6: -1, 7: -1, 8: -1}",{},{},{},0.0,0.0,666.0,333.0,1510.0,0.0,0.0,0.0,0.0,0.0,0.0,0.0,0.0,0.0,Unknown Reason,0.0,"{'node_level': {}, 'link_level': {}, 'path_level': {}}","{'node_level': {}, 'link_level': {}, 'path_level': {}}","{'node_level': {}, 'link_level': {}, 'path_level': {}}",[],-inf,-inf,True,True,False,0,[],0,0.0,9.0,0.0,3
295,26,6,17342.0,35932.0,10718625.970181532,21732800.90893305,0.48263386396526775,0.4932003939619098,36,531,0,2469.7175448641806,10907,1450,9457,0.4526236315590789,0.3546912316615489,287,68.71754486418055,2401.0,10,26,False,{},{},{},{},0.0,0.0,0.0,0.0,0.0,0.0,0.0,0.0,0.0,0.0,0.0,0.0,0.0,0.0,Leave Event,0.0,"{'node_level': {}, 'link_level': {}, 'path_level': {}}","{'node_level': {}, 'link_level': {}, 'path_level': {}}","{'node_level': {}, 'link_level': {}, 'path_level': {}}",[],-inf,-inf,True,True,False,0,[],0,0.0,,,3
295,26,6,17342.0,35932.0,10718625.970181532,21732800.90893305,0.48263386396526775,0.4932003939619098,36,532,0,2476.7680460357387,10907,1450,9457,0.4526236315590789,0.3546912316615489,216,669.7680460357386,1807.0,9,11,False,{},{},{},{},0.0,0.0,0.0,0.0,0.0,0.0,0.0,0.0,0.0,0.0,0.0,0.0,0.0,0.0,Leave Event,0.0,"{'node_level': {}, 'link_level': {}, 'path_level': {}}","{'node_level': {}, 'link_level': {}, 'path_level': {}}","{'node_level': {}, 'link_level': {}, 'path_level': {}}",[],-inf,-inf,True,True,False,0,[],0,0.0,,,3
296,26,6,17342.0,35932.0,10718625.970181532,21732800.90893305,0.48263386396526775,0.4932003939619098,36,533,1,2478.0,10907,1450,9457,0.4526236315590789,0.3546912316615489,295,89.84745782970349,2478.0,7,13,False,"{0: -1, 1: -1, 2: -1, 3: -1, 4: -1, 5: -1, 6: -1}",{},{},{},0.0,0.0,712.0,356.0,1051.0,0.0,0.0,0.0,0.0,0.0,0.0,0.0,0.0,0.0,Unknown Reason,0.0,"{'node_level': {}, 'link_level': {}, 'path_level': {}}","{'node_level': {}, 'link_level': {}, 'path_level': {}}","{'node_level': {}, 'link_level': {}, 'path_level': {}}",[],-inf,-inf,True,True,False,0,[],0,0.0,7.0,0.0,3
297,26,6,17342.0,35932.0,10718625.970181532,21732800.90893305,0.48263386396526775,0.4932003939619098,36,534,1,2487.0,10907,1450,9457,0.4526236315590789,0.3546912316615489,296,7.607975449502545,2487.0,10,20,False,"{0: -1, 1: -1, 2: -1, 3: -1, 4: -1, 5: -1, 6: -1, 7: -1, 8: -1, 9: -1}",{},{},{},0.0,0.0,898.0,449.0,1655.0,0.0,0.0,0.0,0.0,0.0,0.0,0.0,0.0,0.0,Unknown Reason,0.0,"{'node_level': {}, 'link_level': {}, 'path_level': {}}","{'node_level': {}, 'link_level': {}, 'path_level': {}}","{'node_level': {}, 'link_level': {}, 'path_level': {}}",[],-inf,-inf,True,True,False,0,[],0,0.0,10.0,0.0,3
297,26,6,17342.0,35932.0,10718625.970181532,21732800.90893305,0.48263386396526775,0.4932003939619098,36,535,0,2494.6079754495026,10907,1450,9457,0.4526236315590789,0.3546912316615489,296,7.607975449502545,2487.0,10,20,False,{},{},{},{},0.0,0.0,0.0,0.0,0.0,0.0,0.0,0.0,0.0,0.0,0.0,0.0,0.0,0.0,Leave Event,0.0,"{'node_level': {}, 'link_level': {}, 'path_level': {}}","{'node_level': {}, 'link_level': {}, 'path_level': {}}","{'node_level': {}, 'link_level': {}, 'path_level': {}}",[],-inf,-inf,True,True,False,0,[],0,0.0,,,3
298,26,6,17342.0,35932.0,10718625.970181532,21732800.90893305,0.48263386396526775,0.4932003939619098,36,536,1,2497.0,10907,1450,9457,0.4526236315590789,0.3546912316615489,297,277.218747853436,2497.0,9,18,False,"{0: -1, 1: -1, 2: -1, 3: -1, 4: -1, 5: -1, 6: -1, 7: -1, 8: -1}",{},{},{},0.0,0.0,716.0,358.0,1593.0,0.0,0.0,0.0,0.0,0.0,0.0,0.0,0.0,0.0,Unknown Reason,0.0,"{'node_level': {}, 'link_level': {}, 'path_level': {}}","{'node_level': {}, 'link_level': {}, 'path_level': {}}","{'node_level': {}, 'link_level': {}, 'path_level': {}}",[],-inf,-inf,True,True,False,0,[],0,0.0,9.0,0.0,3
299,26,6,17342.0,35932.0,10718625.970181532,21732800.90893305,0.48263386396526775,0.4932003939619098,36,537,1,2509.0,10907,1450,9457,0.4526236315590789,0.3546912316615489,298,928.7813696528694,2509.0,10,20,False,"{0: -1, 1: -1, 2: -1, 3: -1, 4: -1, 5: -1, 6: -1, 7: -1, 8: -1, 9: -1}",{},{},{},0.0,0.0,738.0,369.0,1516.0,0.0,0.0,0.0,0.0,0.0,0.0,0.0,0.0,0.0,Unknown Reason,0.0,"{'node_level': {}, 'link_level': {}, 'path_level': {}}","{'node_level': {}, 'link_level': {}, 'path_level': {}}","{'node_level': {}, 'link_level': {}, 'path_level': {}}",[],-inf,-inf,True,True,False,0,[],0,0.0,10.0,0.0,3
300,26,6,17342.0,35932.0,10718625.970181532,21732800.90893305,0.48263386396526775,0.4932003939619098,36,538,1,2517.0,10907,1450,9457,0.4526236315590789,0.3546912316615489,299,1165.2313302805376,2517.0,7,12,False,"{0: -1, 1: -1, 2: -1, 3: -1, 4: -1, 5: -1, 6: -1}",{},{},{},0.0,0.0,524.0,262.0,1112.0,0.0,0.0,0.0,0.0,0.0,0.0,0.0,0.0,0.0,Unknown Reason,0.0,"{'node_level': {}, 'link_level': {}, 'path_level': {}}","{'node_level': {}, 'link_level': {}, 'path_level': {}}","{'node_level': {}, 'link_level': {}, 'path_level': {}}",[],-inf,-inf,True,True,False,0,[],0,0.0,7.0,0.0,3
300,26,6,17342.0,35932.0,10718625.970181532,21732800.90893305,0.48263386396526775,0.4932003939619098,36,539,0,2519.1191025434705,10907,1450,9457,0.4526236315590789,0.3546912316615489,243,484.11910254347055,2035.0,10,21,False,{},{},{},{},0.0,0.0,0.0,0.0,0.0,0.0,0.0,0.0,0.0,0.0,0.0,0.0,0.0,0.0,Leave Event,0.0,"{'node_level': {}, 'link_level': {}, 'path_level': {}}","{'node_level': {}, 'link_level': {}, 'path_level': {}}","{'node_level': {}, 'link_level': {}, 'path_level': {}}",[],-inf,-inf,True,True,False,0,[],0,0.0,,,3
300,26,6,17342.0,35932.0,10718625.970181532,21732800.90893305,0.48263386396526775,0.4932003939619098,36,540,0,2520.2273176679187,10907,1450,9457,0.4526236315590789,0.3546912316615489,253,408.2273176679187,2112.0,7,12,False,{},{},{},{},0.0,0.0,0.0,0.0,0.0,0.0,0.0,0.0,0.0,0.0,0.0,0.0,0.0,0.0,Leave Event,0.0,"{'node_level': {}, 'link_level': {}, 'path_level': {}}","{'node_level': {}, 'link_level': {}, 'path_level': {}}","{'node_level': {}, 'link_level': {}, 'path_level': {}}",[],-inf,-inf,True,True,False,0,[],0,0.0,,,3
300,26,6,17342.0,35932.0,10718625.970181532,21732800.90893305,0.48263386396526775,0.4932003939619098,36,541,0,2521.3802338930864,10907,1450,9457,0.4526236315590789,0.3546912316615489,263,345.38023389308626,2176.0,9,16,False,{},{},{},{},0.0,0.0,0.0,0.0,0.0,0.0,0.0,0.0,0.0,0.0,0.0,0.0,0.0,0.0,Leave Event,0.0,"{'node_level': {}, 'link_level': {}, 'path_level': {}}","{'node_level': {}, 'link_level': {}, 'path_level': {}}","{'node_level': {}, 'link_level': {}, 'path_level': {}}",[],-inf,-inf,True,True,False,0,[],0,0.0,,,3
300,26,6,17342.0,35932.0,10718625.970181532,21732800.90893305,0.48263386396526775,0.4932003939619098,36,542,0,2548.0550029208707,10907,1450,9457,0.4526236315590789,0.3546912316615489,136,1387.0550029208707,1161.0,9,23,False,{},{},{},{},0.0,0.0,0.0,0.0,0.0,0.0,0.0,0.0,0.0,0.0,0.0,0.0,0.0,0.0,Leave Event,0.0,"{'node_level': {}, 'link_level': {}, 'path_level': {}}","{'node_level': {}, 'link_level': {}, 'path_level': {}}","{'node_level': {}, 'link_level': {}, 'path_level': {}}",[],-inf,-inf,True,True,False,0,[],0,0.0,,,3
300,26,6,17342.0,35932.0,10718625.970181532,21732800.90893305,0.48263386396526775,0.4932003939619098,36,543,0,2557.7931526242664,10907,1450,9457,0.4526236315590789,0.3546912316615489,278,238.7931526242663,2319.0,9,23,False,{},{},{},{},0.0,0.0,0.0,0.0,0.0,0.0,0.0,0.0,0.0,0.0,0.0,0.0,0.0,0.0,Leave Event,0.0,"{'node_level': {}, 'link_level': {}, 'path_level': {}}","{'node_level': {}, 'link_level': {}, 'path_level': {}}","{'node_level': {}, 'link_level': {}, 'path_level': {}}",[],-inf,-inf,True,True,False,0,[],0,0.0,,,3
300,26,5,17342.0,35932.0,10718625.970181532,21732800.90893305,0.48263386396526775,0.4932003939619098,36,544,0,2558.4894398543884,12165,1697,10468,0.3593808984522461,0.2857045377004436,293,96.48943985438831,2462.0,6,6,False,{},{},{},{},0.0,0.0,0.0,0.0,0.0,0.0,0.0,0.0,0.0,0.0,0.0,0.0,0.0,0.0,Leave Event,0.0,"{'node_level': {}, 'link_level': {}, 'path_level': {}}","{'node_level': {}, 'link_level': {}, 'path_level': {}}","{'node_level': {}, 'link_level': {}, 'path_level': {}}",[],-inf,-inf,True,True,False,0,[],0,0.0,,,3
300,26,5,17342.0,35932.0,10718625.970181532,21732800.90893305,0.48263386396526775,0.4932003939619098,36,545,0,2560.107329767504,12165,1697,10468,0.3593808984522461,0.2857045377004436,284,195.1073297675038,2365.0,9,14,False,{},{},{},{},0.0,0.0,0.0,0.0,0.0,0.0,0.0,0.0,0.0,0.0,0.0,0.0,0.0,0.0,Leave Event,0.0,"{'node_level': {}, 'link_level': {}, 'path_level': {}}","{'node_level': {}, 'link_level': {}, 'path_level': {}}","{'node_level': {}, 'link_level': {}, 'path_level': {}}",[],-inf,-inf,True,True,False,0,[],0,0.0,,,3
300,26,5,17342.0,35932.0,10718625.970181532,21732800.90893305,0.48263386396526775,0.4932003939619098,36,546,0,2560.601673890419,12165,1697,10468,0.3593808984522461,0.2857045377004436,248,488.6016738904192,2072.0,9,19,False,{},{},{},{},0.0,0.0,0.0,0.0,0.0,0.0,0.0,0.0,0.0,0.0,0.0,0.0,0.0,0.0,Leave Event,0.0,"{'node_level': {}, 'link_level': {}, 'path_level': {}}","{'node_level': {}, 'link_level': {}, 'path_level': {}}","{'node_level': {}, 'link_level': {}, 'path_level': {}}",[],-inf,-inf,True,True,False,0,[],0,0.0,,,3
300,26,5,17342.0,35932.0,10718625.970181532,21732800.90893305,0.48263386396526775,0.4932003939619098,36,547,0,2566.8069954099446,12165,1697,10468,0.3593808984522461,0.2857045377004436,274,285.8069954099447,2281.0,7,13,False,{},{},{},{},0.0,0.0,0.0,0.0,0.0,0.0,0.0,0.0,0.0,0.0,0.0,0.0,0.0,0.0,Leave Event,0.0,"{'node_level': {}, 'link_level': {}, 'path_level': {}}","{'node_level': {}, 'link_level': {}, 'path_level': {}}","{'node_level': {}, 'link_level': {}, 'path_level': {}}",[],-inf,-inf,True,True,False,0,[],0,0.0,,,3
300,26,5,17342.0,35932.0,10718625.970181532,21732800.90893305,0.48263386396526775,0.4932003939619098,36,548,0,2567.8474578297037,12165,1697,10468,0.3593808984522461,0.2857045377004436,295,89.84745782970349,2478.0,7,13,False,{},{},{},{},0.0,0.0,0.0,0.0,0.0,0.0,0.0,0.0,0.0,0.0,0.0,0.0,0.0,0.0,Leave Event,0.0,"{'node_level': {}, 'link_level': {}, 'path_level': {}}","{'node_level': {}, 'link_level': {}, 'path_level': {}}","{'node_level': {}, 'link_level': {}, 'path_level': {}}",[],-inf,-inf,True,True,False,0,[],0,0.0,,,3
300,26,5,17342.0,35932.0,10718625.970181532,21732800.90893305,0.48263386396526775,0.4932003939619098,36,549,0,2583.5524276169494,12165,1697,10468,0.3593808984522461,0.2857045377004436,238,594.5524276169494,1989.0,7,13,False,{},{},{},{},0.0,0.0,0.0,0.0,0.0,0.0,0.0,0.0,0.0,0.0,0.0,0.0,0.0,0.0,Leave Event,0.0,"{'node_level': {}, 'link_level': {}, 'path_level': {}}","{'node_level': {}, 'link_level': {}, 'path_level': {}}","{'node_level': {}, 'link_level': {}, 'path_level': {}}",[],-inf,-inf,True,True,False,0,[],0,0.0,,,3
300,26,5,17342.0,35932.0,10718625.970181532,21732800.90893305,0.48263386396526775,0.4932003939619098,36,550,0,2594.5243261969554,12165,1697,10468,0.3593808984522461,0.2857045377004436,285,213.52432619695546,2381.0,8,15,False,{},{},{},{},0.0,0.0,0.0,0.0,0.0,0.0,0.0,0.0,0.0,0.0,0.0,0.0,0.0,0.0,Leave Event,0.0,"{'node_level': {}, 'link_level': {}, 'path_level': {}}","{'node_level': {}, 'link_level': {}, 'path_level': {}}","{'node_level': {}, 'link_level': {}, 'path_level': {}}",[],-inf,-inf,True,True,False,0,[],0,0.0,,,3
300,26,5,17342.0,35932.0,10718625.970181532,21732800.90893305,0.48263386396526775,0.4932003939619098,36,551,0,2600.0811493624365,12165,1697,10468,0.3593808984522461,0.2857045377004436,289,175.08114936243655,2425.0,5,5,False,{},{},{},{},0.0,0.0,0.0,0.0,0.0,0.0,0.0,0.0,0.0,0.0,0.0,0.0,0.0,0.0,Leave Event,0.0,"{'node_level': {}, 'link_level': {}, 'path_level': {}}","{'node_level': {}, 'link_level': {}, 'path_level': {}}","{'node_level': {}, 'link_level': {}, 'path_level': {}}",[],-inf,-inf,True,True,False,0,[],0,0.0,,,3
300,26,5,17342.0,35932.0,10718625.970181532,21732800.90893305,0.48263386396526775,0.4932003939619098,36,552,0,2602.886741873527,12165,1697,10468,0.3593808984522461,0.2857045377004436,294,134.8867418735272,2468.0,9,19,False,{},{},{},{},0.0,0.0,0.0,0.0,0.0,0.0,0.0,0.0,0.0,0.0,0.0,0.0,0.0,0.0,Leave Event,0.0,"{'node_level': {}, 'link_level': {}, 'path_level': {}}","{'node_level': {}, 'link_level': {}, 'path_level': {}}","{'node_level': {}, 'link_level': {}, 'path_level': {}}",[],-inf,-inf,True,True,False,0,[],0,0.0,,,3
300,26,5,17342.0,35932.0,10718625.970181532,21732800.90893305,0.48263386396526775,0.4932003939619098,36,553,0,2627.153600372506,12165,1697,10468,0.3593808984522461,0.2857045377004436,233,676.1536003725059,1951.0,7,8,False,{},{},{},{},0.0,0.0,0.0,0.0,0.0,0.0,0.0,0.0,0.0,0.0,0.0,0.0,0.0,0.0,Leave Event,0.0,"{'node_level': {}, 'link_level': {}, 'path_level': {}}","{'node_level': {}, 'link_level': {}, 'path_level': {}}","{'node_level': {}, 'link_level': {}, 'path_level': {}}",[],-inf,-inf,True,True,False,0,[],0,0.0,,,3
300,26,5,17342.0,35932.0,10718625.970181532,21732800.90893305,0.48263386396526775,0.4932003939619098,36,554,0,2634.7319676523125,12165,1697,10468,0.3593808984522461,0.2857045377004436,276,336.7319676523125,2298.0,10,25,False,{},{},{},{},0.0,0.0,0.0,0.0,0.0,0.0,0.0,0.0,0.0,0.0,0.0,0.0,0.0,0.0,Leave Event,0.0,"{'node_level': {}, 'link_level': {}, 'path_level': {}}","{'node_level': {}, 'link_level': {}, 'path_level': {}}","{'node_level': {}, 'link_level': {}, 'path_level': {}}",[],-inf,-inf,True,True,False,0,[],0,0.0,,,3
300,26,5,17342.0,35932.0,10718625.970181532,21732800.90893305,0.48263386396526775,0.4932003939619098,36,555,0,2639.1853150804945,12165,1697,10468,0.3593808984522461,0.2857045377004436,291,194.1853150804946,2445.0,9,15,False,{},{},{},{},0.0,0.0,0.0,0.0,0.0,0.0,0.0,0.0,0.0,0.0,0.0,0.0,0.0,0.0,Leave Event,0.0,"{'node_level': {}, 'link_level': {}, 'path_level': {}}","{'node_level': {}, 'link_level': {}, 'path_level': {}}","{'node_level': {}, 'link_level': {}, 'path_level': {}}",[],-inf,-inf,True,True,False,0,[],0,0.0,,,3
300,26,5,17342.0,35932.0,10718625.970181532,21732800.90893305,0.48263386396526775,0.4932003939619098,36,556,0,2645.954876953594,12165,1697,10468,0.3593808984522461,0.2857045377004436,290,208.9548769535943,2437.0,9,19,False,{},{},{},{},0.0,0.0,0.0,0.0,0.0,0.0,0.0,0.0,0.0,0.0,0.0,0.0,0.0,0.0,Leave Event,0.0,"{'node_level': {}, 'link_level': {}, 'path_level': {}}","{'node_level': {}, 'link_level': {}, 'path_level': {}}","{'node_level': {}, 'link_level': {}, 'path_level': {}}",[],-inf,-inf,True,True,False,0,[],0,0.0,,,3
300,26,5,17342.0,35932.0,10718625.970181532,21732800.90893305,0.48263386396526775,0.4932003939619098,36,557,0,2684.2147325525266,12165,1697,10468,0.3593808984522461,0.2857045377004436,250,598.2147325525265,2086.0,10,20,False,{},{},{},{},0.0,0.0,0.0,0.0,0.0,0.0,0.0,0.0,0.0,0.0,0.0,0.0,0.0,0.0,Leave Event,0.0,"{'node_level': {}, 'link_level': {}, 'path_level': {}}","{'node_level': {}, 'link_level': {}, 'path_level': {}}","{'node_level': {}, 'link_level': {}, 'path_level': {}}",[],-inf,-inf,True,True,False,0,[],0,0.0,,,3
300,26,4,17342.0,35932.0,10718625.970181532,21732800.90893305,0.48263386396526775,0.4932003939619098,36,558,0,2693.758892631535,12852,1856,10996,0.299358248395621,0.2496758785397475,149,1401.7588926315352,1292.0,5,4,False,{},{},{},{},0.0,0.0,0.0,0.0,0.0,0.0,0.0,0.0,0.0,0.0,0.0,0.0,0.0,0.0,Leave Event,0.0,"{'node_level': {}, 'link_level': {}, 'path_level': {}}","{'node_level': {}, 'link_level': {}, 'path_level': {}}","{'node_level': {}, 'link_level': {}, 'path_level': {}}",[],-inf,-inf,True,True,False,0,[],0,0.0,,,3
300,26,4,17342.0,35932.0,10718625.970181532,21732800.90893305,0.48263386396526775,0.4932003939619098,36,559,0,2697.9075370070036,12852,1856,10996,0.299358248395621,0.2496758785397475,191,1087.9075370070036,1610.0,9,19,False,{},{},{},{},0.0,0.0,0.0,0.0,0.0,0.0,0.0,0.0,0.0,0.0,0.0,0.0,0.0,0.0,Leave Event,0.0,"{'node_level': {}, 'link_level': {}, 'path_level': {}}","{'node_level': {}, 'link_level': {}, 'path_level': {}}","{'node_level': {}, 'link_level': {}, 'path_level': {}}",[],-inf,-inf,True,True,False,0,[],0,0.0,,,3
300,26,4,17342.0,35932.0,10718625.970181532,21732800.90893305,0.48263386396526775,0.4932003939619098,36,560,0,2726.1445591984884,12852,1856,10996,0.299358248395621,0.2496758785397475,57,2216.1445591984884,510.0,10,25,False,{},{},{},{},0.0,0.0,0.0,0.0,0.0,0.0,0.0,0.0,0.0,0.0,0.0,0.0,0.0,0.0,Leave Event,0.0,"{'node_level': {}, 'link_level': {}, 'path_level': {}}","{'node_level': {}, 'link_level': {}, 'path_level': {}}","{'node_level': {}, 'link_level': {}, 'path_level': {}}",[],-inf,-inf,True,True,False,0,[],0,0.0,,,3
300,26,4,17342.0,35932.0,10718625.970181532,21732800.90893305,0.48263386396526775,0.4932003939619098,36,561,0,2736.8068669469217,12852,1856,10996,0.299358248395621,0.2496758785397475,171,1265.8068669469217,1471.0,10,24,False,{},{},{},{},0.0,0.0,0.0,0.0,0.0,0.0,0.0,0.0,0.0,0.0,0.0,0.0,0.0,0.0,Leave Event,0.0,"{'node_level': {}, 'link_level': {}, 'path_level': {}}","{'node_level': {}, 'link_level': {}, 'path_level': {}}","{'node_level': {}, 'link_level': {}, 'path_level': {}}",[],-inf,-inf,True,True,False,0,[],0,0.0,,,3
300,26,4,17342.0,35932.0,10718625.970181532,21732800.90893305,0.48263386396526775,0.4932003939619098,36,562,0,2768.157666256548,12852,1856,10996,0.299358248395621,0.2496758785397475,288,357.1576662565482,2411.0,10,22,False,{},{},{},{},0.0,0.0,0.0,0.0,0.0,0.0,0.0,0.0,0.0,0.0,0.0,0.0,0.0,0.0,Leave Event,0.0,"{'node_level': {}, 'link_level': {}, 'path_level': {}}","{'node_level': {}, 'link_level': {}, 'path_level': {}}","{'node_level': {}, 'link_level': {}, 'path_level': {}}",[],-inf,-inf,True,True,False,0,[],0,0.0,,,3
300,26,4,17342.0,35932.0,10718625.970181532,21732800.90893305,0.48263386396526775,0.4932003939619098,36,563,0,2771.164550054066,12852,1856,10996,0.299358248395621,0.2496758785397475,283,417.16455005406596,2354.0,7,10,False,{},{},{},{},0.0,0.0,0.0,0.0,0.0,0.0,0.0,0.0,0.0,0.0,0.0,0.0,0.0,0.0,Leave Event,0.0,"{'node_level': {}, 'link_level': {}, 'path_level': {}}","{'node_level': {}, 'link_level': {}, 'path_level': {}}","{'node_level': {}, 'link_level': {}, 'path_level': {}}",[],-inf,-inf,True,True,False,0,[],0,0.0,,,3
300,26,4,17342.0,35932.0,10718625.970181532,21732800.90893305,0.48263386396526775,0.4932003939619098,36,564,0,2771.335358417955,12852,1856,10996,0.299358248395621,0.2496758785397475,189,1178.335358417955,1593.0,8,17,False,{},{},{},{},0.0,0.0,0.0,0.0,0.0,0.0,0.0,0.0,0.0,0.0,0.0,0.0,0.0,0.0,Leave Event,0.0,"{'node_level': {}, 'link_level': {}, 'path_level': {}}","{'node_level': {}, 'link_level': {}, 'path_level': {}}","{'node_level': {}, 'link_level': {}, 'path_level': {}}",[],-inf,-inf,True,True,False,0,[],0,0.0,,,3
300,26,4,17342.0,35932.0,10718625.970181532,21732800.90893305,0.48263386396526775,0.4932003939619098,36,565,0,2774.218747853436,12852,1856,10996,0.299358248395621,0.2496758785397475,297,277.218747853436,2497.0,9,18,False,{},{},{},{},0.0,0.0,0.0,0.0,0.0,0.0,0.0,0.0,0.0,0.0,0.0,0.0,0.0,0.0,Leave Event,0.0,"{'node_level': {}, 'link_level': {}, 'path_level': {}}","{'node_level': {}, 'link_level': {}, 'path_level': {}}","{'node_level': {}, 'link_level': {}, 'path_level': {}}",[],-inf,-inf,True,True,False,0,[],0,0.0,,,3
300,26,3,17342.0,35932.0,10718625.970181532,21732800.90893305,0.48263386396526775,0.4932003939619098,36,566,0,2794.996010514346,14232,2076,12156,0.2163080407701019,0.17052200614124868,257,661.9960105143458,2133.0,5,6,False,{},{},{},{},0.0,0.0,0.0,0.0,0.0,0.0,0.0,0.0,0.0,0.0,0.0,0.0,0.0,0.0,Leave Event,0.0,"{'node_level': {}, 'link_level': {}, 'path_level': {}}","{'node_level': {}, 'link_level': {}, 'path_level': {}}","{'node_level': {}, 'link_level': {}, 'path_level': {}}",[],-inf,-inf,True,True,False,0,[],0,0.0,,,3
300,26,3,17342.0,35932.0,10718625.970181532,21732800.90893305,0.48263386396526775,0.4932003939619098,36,567,0,2816.762835808444,14232,2076,12156,0.2163080407701019,0.17052200614124868,156,1455.7628358084437,1361.0,6,11,False,{},{},{},{},0.0,0.0,0.0,0.0,0.0,0.0,0.0,0.0,0.0,0.0,0.0,0.0,0.0,0.0,Leave Event,0.0,"{'node_level': {}, 'link_level': {}, 'path_level': {}}","{'node_level': {}, 'link_level': {}, 'path_level': {}}","{'node_level': {}, 'link_level': {}, 'path_level': {}}",[],-inf,-inf,True,True,False,0,[],0,0.0,,,3
300,26,3,17342.0,35932.0,10718625.970181532,21732800.90893305,0.48263386396526775,0.4932003939619098,36,568,0,2817.8534969933007,14232,2076,12156,0.2163080407701019,0.17052200614124868,279,494.85349699330084,2323.0,7,9,False,{},{},{},{},0.0,0.0,0.0,0.0,0.0,0.0,0.0,0.0,0.0,0.0,0.0,0.0,0.0,0.0,Leave Event,0.0,"{'node_level': {}, 'link_level': {}, 'path_level': {}}","{'node_level': {}, 'link_level': {}, 'path_level': {}}","{'node_level': {}, 'link_level': {}, 'path_level': {}}",[],-inf,-inf,True,True,False,0,[],0,0.0,,,3
300,26,3,17342.0,35932.0,10718625.970181532,21732800.90893305,0.48263386396526775,0.4932003939619098,36,569,0,2825.784555245744,14232,2076,12156,0.2163080407701019,0.17052200614124868,214,1033.784555245744,1792.0,8,13,False,{},{},{},{},0.0,0.0,0.0,0.0,0.0,0.0,0.0,0.0,0.0,0.0,0.0,0.0,0.0,0.0,Leave Event,0.0,"{'node_level': {}, 'link_level': {}, 'path_level': {}}","{'node_level': {}, 'link_level': {}, 'path_level': {}}","{'node_level': {}, 'link_level': {}, 'path_level': {}}",[],-inf,-inf,True,True,False,0,[],0,0.0,,,3
300,26,3,17342.0,35932.0,10718625.970181532,21732800.90893305,0.48263386396526775,0.4932003939619098,36,570,0,2835.471493650098,14232,2076,12156,0.2163080407701019,0.17052200614124868,260,682.4714936500981,2153.0,7,11,False,{},{},{},{},0.0,0.0,0.0,0.0,0.0,0.0,0.0,0.0,0.0,0.0,0.0,0.0,0.0,0.0,Leave Event,0.0,"{'node_level': {}, 'link_level': {}, 'path_level': {}}","{'node_level': {}, 'link_level': {}, 'path_level': {}}","{'node_level': {}, 'link_level': {}, 'path_level': {}}",[],-inf,-inf,True,True,False,0,[],0,0.0,,,3
300,26,3,17342.0,35932.0,10718625.970181532,21732800.90893305,0.48263386396526775,0.4932003939619098,36,571,0,2843.542582771629,14232,2076,12156,0.2163080407701019,0.17052200614124868,286,451.54258277162876,2392.0,9,19,False,{},{},{},{},0.0,0.0,0.0,0.0,0.0,0.0,0.0,0.0,0.0,0.0,0.0,0.0,0.0,0.0,Leave Event,0.0,"{'node_level': {}, 'link_level': {}, 'path_level': {}}","{'node_level': {}, 'link_level': {}, 'path_level': {}}","{'node_level': {}, 'link_level': {}, 'path_level': {}}",[],-inf,-inf,True,True,False,0,[],0,0.0,,,3
300,26,3,17342.0,35932.0,10718625.970181532,21732800.90893305,0.48263386396526775,0.4932003939619098,36,572,0,2911.0124821447935,14232,2076,12156,0.2163080407701019,0.17052200614124868,198,1224.0124821447935,1687.0,9,22,False,{},{},{},{},0.0,0.0,0.0,0.0,0.0,0.0,0.0,0.0,0.0,0.0,0.0,0.0,0.0,0.0,Leave Event,0.0,"{'node_level': {}, 'link_level': {}, 'path_level': {}}","{'node_level': {}, 'link_level': {}, 'path_level': {}}","{'node_level': {}, 'link_level': {}, 'path_level': {}}",[],-inf,-inf,True,True,False,0,[],0,0.0,,,3
300,26,3,17342.0,35932.0,10718625.970181532,21732800.90893305,0.48263386396526775,0.4932003939619098,36,573,0,2936.851793357811,14232,2076,12156,0.2163080407701019,0.17052200614124868,262,767.8517933578108,2169.0,5,4,False,{},{},{},{},0.0,0.0,0.0,0.0,0.0,0.0,0.0,0.0,0.0,0.0,0.0,0.0,0.0,0.0,Leave Event,0.0,"{'node_level': {}, 'link_level': {}, 'path_level': {}}","{'node_level': {}, 'link_level': {}, 'path_level': {}}","{'node_level': {}, 'link_level': {}, 'path_level': {}}",[],-inf,-inf,True,True,False,0,[],0,0.0,,,3
300,26,3,17342.0,35932.0,10718625.970181532,21732800.90893305,0.48263386396526775,0.4932003939619098,36,574,0,2941.780676952434,14232,2076,12156,0.2163080407701019,0.17052200614124868,255,818.7806769524339,2123.0,6,8,False,{},{},{},{},0.0,0.0,0.0,0.0,0.0,0.0,0.0,0.0,0.0,0.0,0.0,0.0,0.0,0.0,Leave Event,0.0,"{'node_level': {}, 'link_level': {}, 'path_level': {}}","{'node_level': {}, 'link_level': {}, 'path_level': {}}","{'node_level': {}, 'link_level': {}, 'path_level': {}}",[],-inf,-inf,True,True,False,0,[],0,0.0,,,3
300,26,3,17342.0,35932.0,10718625.970181532,21732800.90893305,0.48263386396526775,0.4932003939619098,36,575,0,2965.0620218741615,14232,2076,12156,0.2163080407701019,0.17052200614124868,240,960.0620218741612,2005.0,8,17,False,{},{},{},{},0.0,0.0,0.0,0.0,0.0,0.0,0.0,0.0,0.0,0.0,0.0,0.0,0.0,0.0,Leave Event,0.0,"{'node_level': {}, 'link_level': {}, 'path_level': {}}","{'node_level': {}, 'link_level': {}, 'path_level': {}}","{'node_level': {}, 'link_level': {}, 'path_level': {}}",[],-inf,-inf,True,True,False,0,[],0,0.0,,,3
300,26,3,17342.0,35932.0,10718625.970181532,21732800.90893305,0.48263386396526775,0.4932003939619098,36,576,0,2968.163035114915,14232,2076,12156,0.2163080407701019,0.17052200614124868,108,2028.1630351149151,940.0,9,16,False,{},{},{},{},0.0,0.0,0.0,0.0,0.0,0.0,0.0,0.0,0.0,0.0,0.0,0.0,0.0,0.0,Leave Event,0.0,"{'node_level': {}, 'link_level': {}, 'path_level': {}}","{'node_level': {}, 'link_level': {}, 'path_level': {}}","{'node_level': {}, 'link_level': {}, 'path_level': {}}",[],-inf,-inf,True,True,False,0,[],0,0.0,,,3
300,26,3,17342.0,35932.0,10718625.970181532,21732800.90893305,0.48263386396526775,0.4932003939619098,36,577,0,3015.8185533463725,14232,2076,12156,0.2163080407701019,0.17052200614124868,271,766.8185533463725,2249.0,5,6,False,{},{},{},{},0.0,0.0,0.0,0.0,0.0,0.0,0.0,0.0,0.0,0.0,0.0,0.0,0.0,0.0,Leave Event,0.0,"{'node_level': {}, 'link_level': {}, 'path_level': {}}","{'node_level': {}, 'link_level': {}, 'path_level': {}}","{'node_level': {}, 'link_level': {}, 'path_level': {}}",[],-inf,-inf,True,True,False,0,[],0,0.0,,,3
300,26,3,17342.0,35932.0,10718625.970181532,21732800.90893305,0.48263386396526775,0.4932003939619098,36,578,0,3057.930513047582,14232,2076,12156,0.2163080407701019,0.17052200614124868,265,865.9305130475818,2192.0,8,15,False,{},{},{},{},0.0,0.0,0.0,0.0,0.0,0.0,0.0,0.0,0.0,0.0,0.0,0.0,0.0,0.0,Leave Event,0.0,"{'node_level': {}, 'link_level': {}, 'path_level': {}}","{'node_level': {}, 'link_level': {}, 'path_level': {}}","{'node_level': {}, 'link_level': {}, 'path_level': {}}",[],-inf,-inf,True,True,False,0,[],0,0.0,,,3
300,26,3,17342.0,35932.0,10718625.970181532,21732800.90893305,0.48263386396526775,0.4932003939619098,36,579,0,3063.6048729855383,14232,2076,12156,0.2163080407701019,0.17052200614124868,275,773.6048729855386,2290.0,8,12,False,{},{},{},{},0.0,0.0,0.0,0.0,0.0,0.0,0.0,0.0,0.0,0.0,0.0,0.0,0.0,0.0,Leave Event,0.0,"{'node_level': {}, 'link_level': {}, 'path_level': {}}","{'node_level': {}, 'link_level': {}, 'path_level': {}}","{'node_level': {}, 'link_level': {}, 'path_level': {}}",[],-inf,-inf,True,True,False,0,[],0,0.0,,,3
300,26,3,17342.0,35932.0,10718625.970181532,21732800.90893305,0.48263386396526775,0.4932003939619098,36,580,0,3080.1165719069822,14232,2076,12156,0.2163080407701019,0.17052200614124868,272,815.1165719069824,2265.0,7,15,False,{},{},{},{},0.0,0.0,0.0,0.0,0.0,0.0,0.0,0.0,0.0,0.0,0.0,0.0,0.0,0.0,Leave Event,0.0,"{'node_level': {}, 'link_level': {}, 'path_level': {}}","{'node_level': {}, 'link_level': {}, 'path_level': {}}","{'node_level': {}, 'link_level': {}, 'path_level': {}}",[],-inf,-inf,True,True,False,0,[],0,0.0,,,3
300,26,3,17342.0,35932.0,10718625.970181532,21732800.90893305,0.48263386396526775,0.4932003939619098,36,581,0,3114.85776872267,14232,2076,12156,0.2163080407701019,0.17052200614124868,218,1293.8577687226698,1821.0,5,6,False,{},{},{},{},0.0,0.0,0.0,0.0,0.0,0.0,0.0,0.0,0.0,0.0,0.0,0.0,0.0,0.0,Leave Event,0.0,"{'node_level': {}, 'link_level': {}, 'path_level': {}}","{'node_level': {}, 'link_level': {}, 'path_level': {}}","{'node_level': {}, 'link_level': {}, 'path_level': {}}",[],-inf,-inf,True,True,False,0,[],0,0.0,,,3
300,26,3,17342.0,35932.0,10718625.970181532,21732800.90893305,0.48263386396526775,0.4932003939619098,36,582,0,3209.034151129602,14232,2076,12156,0.2163080407701019,0.17052200614124868,269,981.0341511296018,2228.0,7,15,False,{},{},{},{},0.0,0.0,0.0,0.0,0.0,0.0,0.0,0.0,0.0,0.0,0.0,0.0,0.0,0.0,Leave Event,0.0,"{'node_level': {}, 'link_level': {}, 'path_level': {}}","{'node_level': {}, 'link_level': {}, 'path_level': {}}","{'node_level': {}, 'link_level': {}, 'path_level': {}}",[],-inf,-inf,True,True,False,0,[],0,0.0,,,3
300,26,2,17342.0,35932.0,10718625.970181532,21732800.90893305,0.48263386396526775,0.4932003939619098,36,583,0,3224.1807718918235,15078,2276,12802,0.1408078520196301,0.1264414875469123,252,1126.1807718918237,2098.0,5,4,False,{},{},{},{},0.0,0.0,0.0,0.0,0.0,0.0,0.0,0.0,0.0,0.0,0.0,0.0,0.0,0.0,Leave Event,0.0,"{'node_level': {}, 'link_level': {}, 'path_level': {}}","{'node_level': {}, 'link_level': {}, 'path_level': {}}","{'node_level': {}, 'link_level': {}, 'path_level': {}}",[],-inf,-inf,True,True,False,0,[],0,0.0,,,3
300,26,2,17342.0,35932.0,10718625.970181532,21732800.90893305,0.48263386396526775,0.4932003939619098,36,584,0,3262.3921240991294,15078,2276,12802,0.1408078520196301,0.1264414875469123,281,923.3921240991294,2339.0,9,15,False,{},{},{},{},0.0,0.0,0.0,0.0,0.0,0.0,0.0,0.0,0.0,0.0,0.0,0.0,0.0,0.0,Leave Event,0.0,"{'node_level': {}, 'link_level': {}, 'path_level': {}}","{'node_level': {}, 'link_level': {}, 'path_level': {}}","{'node_level': {}, 'link_level': {}, 'path_level': {}}",[],-inf,-inf,True,True,False,0,[],0,0.0,,,3
300,26,2,17342.0,35932.0,10718625.970181532,21732800.90893305,0.48263386396526775,0.4932003939619098,36,585,0,3263.286275095838,15078,2276,12802,0.1408078520196301,0.1264414875469123,282,914.2862750958378,2349.0,7,13,False,{},{},{},{},0.0,0.0,0.0,0.0,0.0,0.0,0.0,0.0,0.0,0.0,0.0,0.0,0.0,0.0,Leave Event,0.0,"{'node_level': {}, 'link_level': {}, 'path_level': {}}","{'node_level': {}, 'link_level': {}, 'path_level': {}}","{'node_level': {}, 'link_level': {}, 'path_level': {}}",[],-inf,-inf,True,True,False,0,[],0,0.0,,,3
300,26,2,17342.0,35932.0,10718625.970181532,21732800.90893305,0.48263386396526775,0.4932003939619098,36,586,0,3309.016768108463,15078,2276,12802,0.1408078520196301,0.1264414875469123,277,1005.016768108463,2304.0,10,21,False,{},{},{},{},0.0,0.0,0.0,0.0,0.0,0.0,0.0,0.0,0.0,0.0,0.0,0.0,0.0,0.0,Leave Event,0.0,"{'node_level': {}, 'link_level': {}, 'path_level': {}}","{'node_level': {}, 'link_level': {}, 'path_level': {}}","{'node_level': {}, 'link_level': {}, 'path_level': {}}",[],-inf,-inf,True,True,False,0,[],0,0.0,,,3
300,26,1,17342.0,35932.0,10718625.970181532,21732800.90893305,0.48263386396526775,0.4932003939619098,36,587,0,3354.504391908521,16378,2420,13958,0.08644771611929025,0.047560559535994584,292,899.504391908521,2455.0,5,5,False,{},{},{},{},0.0,0.0,0.0,0.0,0.0,0.0,0.0,0.0,0.0,0.0,0.0,0.0,0.0,0.0,Leave Event,0.0,"{'node_level': {}, 'link_level': {}, 'path_level': {}}","{'node_level': {}, 'link_level': {}, 'path_level': {}}","{'node_level': {}, 'link_level': {}, 'path_level': {}}",[],-inf,-inf,True,True,False,0,[],0,0.0,,,3
300,26,1,17342.0,35932.0,10718625.970181532,21732800.90893305,0.48263386396526775,0.4932003939619098,36,588,0,3391.0522195586527,16378,2420,13958,0.08644771611929025,0.047560559535994584,155,2042.052219558653,1349.0,9,14,False,{},{},{},{},0.0,0.0,0.0,0.0,0.0,0.0,0.0,0.0,0.0,0.0,0.0,0.0,0.0,0.0,Leave Event,0.0,"{'node_level': {}, 'link_level': {}, 'path_level': {}}","{'node_level': {}, 'link_level': {}, 'path_level': {}}","{'node_level': {}, 'link_level': {}, 'path_level': {}}",[],-inf,-inf,True,True,False,0,[],0,0.0,,,3
300,26,1,17342.0,35932.0,10718625.970181532,21732800.90893305,0.48263386396526775,0.4932003939619098,36,589,0,3437.781369652869,16378,2420,13958,0.08644771611929025,0.047560559535994584,298,928.7813696528694,2509.0,10,20,False,{},{},{},{},0.0,0.0,0.0,0.0,0.0,0.0,0.0,0.0,0.0,0.0,0.0,0.0,0.0,0.0,Leave Event,0.0,"{'node_level': {}, 'link_level': {}, 'path_level': {}}","{'node_level': {}, 'link_level': {}, 'path_level': {}}","{'node_level': {}, 'link_level': {}, 'path_level': {}}",[],-inf,-inf,True,True,False,0,[],0,0.0,,,3
300,26,1,17342.0,35932.0,10718625.970181532,21732800.90893305,0.48263386396526775,0.4932003939619098,36,590,0,3471.105266177096,16378,2420,13958,0.08644771611929025,0.047560559535994584,256,1343.105266177096,2128.0,8,12,False,{},{},{},{},0.0,0.0,0.0,0.0,0.0,0.0,0.0,0.0,0.0,0.0,0.0,0.0,0.0,0.0,Leave Event,0.0,"{'node_level': {}, 'link_level': {}, 'path_level': {}}","{'node_level': {}, 'link_level': {}, 'path_level': {}}","{'node_level': {}, 'link_level': {}, 'path_level': {}}",[],-inf,-inf,True,True,False,0,[],0,0.0,,,3
300,26,0,17342.0,35932.0,10718625.970181532,21732800.90893305,0.48263386396526775,0.4932003939619098,36,591,0,3524.955175148315,17304,2649,14655,0.0,0.0,230,1599.955175148315,1925.0,5,5,False,{},{},{},{},0.0,0.0,0.0,0.0,0.0,0.0,0.0,0.0,0.0,0.0,0.0,0.0,0.0,0.0,Leave Event,0.0,"{'node_level': {}, 'link_level': {}, 'path_level': {}}","{'node_level': {}, 'link_level': {}, 'path_level': {}}","{'node_level': {}, 'link_level': {}, 'path_level': {}}",[],-inf,-inf,True,True,False,0,[],0,0.0,,,3
300,26,0,17342.0,35932.0,10718625.970181532,21732800.90893305,0.48263386396526775,0.4932003939619098,36,592,0,3560.6502648004453,17304,2649,14655,0.0,0.0,194,1917.6502648004455,1643.0,9,22,False,{},{},{},{},0.0,0.0,0.0,0.0,0.0,0.0,0.0,0.0,0.0,0.0,0.0,0.0,0.0,0.0,Leave Event,0.0,"{'node_level': {}, 'link_level': {}, 'path_level': {}}","{'node_level': {}, 'link_level': {}, 'path_level': {}}","{'node_level': {}, 'link_level': {}, 'path_level': {}}",[],-inf,-inf,True,True,False,0,[],0,0.0,,,3
300,26,0,17342.0,35932.0,10718625.970181532,21732800.90893305,0.48263386396526775,0.4932003939619098,36,593,0,3665.382103520985,17304,2649,14655,0.0,0.0,241,1647.382103520985,2018.0,6,7,False,{},{},{},{},0.0,0.0,0.0,0.0,0.0,0.0,0.0,0.0,0.0,0.0,0.0,0.0,0.0,0.0,Leave Event,0.0,"{'node_level': {}, 'link_level': {}, 'path_level': {}}","{'node_level': {}, 'link_level': {}, 'path_level': {}}","{'node_level': {}, 'link_level': {}, 'path_level': {}}",[],-inf,-inf,True,True,False,0,[],0,0.0,,,3
300,26,0,17342.0,35932.0,10718625.970181532,21732800.90893305,0.48263386396526775,0.4932003939619098,36,594,0,3682.231330280538,17304,2649,14655,0.0,0.0,299,1165.2313302805376,2517.0,7,12,False,{},{},{},{},0.0,0.0,0.0,0.0,0.0,0.0,0.0,0.0,0.0,0.0,0.0,0.0,0.0,0.0,Leave Event,0.0,"{'node_level': {}, 'link_level': {}, 'path_level': {}}","{'node_level': {}, 'link_level': {}, 'path_level': {}}","{'node_level': {}, 'link_level': {}, 'path_level': {}}",[],-inf,-inf,True,True,False,0,[],0,0.0,,,3
300,26,0,17342.0,35932.0,10718625.970181532,21732800.90893305,0.48263386396526775,0.4932003939619098,36,595,0,3780.125713432684,17304,2649,14655,0.0,0.0,251,1687.1257134326838,2093.0,9,17,False,{},{},{},{},0.0,0.0,0.0,0.0,0.0,0.0,0.0,0.0,0.0,0.0,0.0,0.0,0.0,0.0,Leave Event,0.0,"{'node_level': {}, 'link_level': {}, 'path_level': {}}","{'node_level': {}, 'link_level': {}, 'path_level': {}}","{'node_level': {}, 'link_level': {}, 'path_level': {}}",[],-inf,-inf,True,True,False,0,[],0,0.0,,,3
300,26,0,17342.0,35932.0,10718625.970181532,21732800.90893305,0.48263386396526775,0.4932003939619098,36,596,0,3930.707737930094,17304,2649,14655,0.0,0.0,140,2734.707737930094,1196.0,8,11,False,{},{},{},{},0.0,0.0,0.0,0.0,0.0,0.0,0.0,0.0,0.0,0.0,0.0,0.0,0.0,0.0,Leave Event,0.0,"{'node_level': {}, 'link_level': {}, 'path_level': {}}","{'node_level': {}, 'link_level': {}, 'path_level': {}}","{'node_level': {}, 'link_level': {}, 'path_level': {}}",[],-inf,-inf,True,True,False,0,[],0,0.0,,,3
300,26,0,17342.0,35932.0,10718625.970181532,21732800.90893305,0.48263386396526775,0.4932003939619098,36,597,0,3957.77498028663,17304,2649,14655,0.0,0.0,247,1894.7749802866301,2063.0,6,10,False,{},{},{},{},0.0,0.0,0.0,0.0,0.0,0.0,0.0,0.0,0.0,0.0,0.0,0.0,0.0,0.0,Leave Event,0.0,"{'node_level': {}, 'link_level': {}, 'path_level': {}}","{'node_level': {}, 'link_level': {}, 'path_level': {}}","{'node_level': {}, 'link_level': {}, 'path_level': {}}",[],-inf,-inf,True,True,False,0,[],0,0.0,,,3
300,26,0,17342.0,35932.0,10718625.970181532,21732800.90893305,0.48263386396526775,0.4932003939619098,36,598,0,4377.632171770084,17304,2649,14655,0.0,0.0,217,2563.632171770084,1814.0,6,9,False,{},{},{},{},0.0,0.0,0.0,0.0,0.0,0.0,0.0,0.0,0.0,0.0,0.0,0.0,0.0,0.0,Leave Event,0.0,"{'node_level': {}, 'link_level': {}, 'path_level': {}}","{'node_level': {}, 'link_level': {}, 'path_level': {}}","{'node_level': {}, 'link_level': {}, 'path_level': {}}",[],-inf,-inf,True,True,False,0,[],0,0.0,,,3
300,26,0,17342.0,35932.0,10718625.970181532,21732800.90893305,0.48263386396526775,0.4932003939619098,36,599,0,4871.008470637874,17304,2649,14655,0.0,0.0,167,3424.008470637874,1447.0,10,31,False,{},{},{},{},0.0,0.0,0.0,0.0,0.0,0.0,0.0,0.0,0.0,0.0,0.0,0.0,0.0,0.0,Leave Event,0.0,"{'node_level': {}, 'link_level': {}, 'path_level': {}}","{'node_level': {}, 'link_level': {}, 'path_level': {}}","{'node_level': {}, 'link_level': {}, 'path_level': {}}",[],-inf,-inf,True,True,False,0,[],0,0.0,,,3
