v_net_count,success_count,inservice_count,total_revenue,total_cost,total_time_revenue,total_time_cost,long_term_r2c_ratio,long_term_time_r2c_ratio,num_running_p_net_nodes,event_id,event_type,event_time,p_net_available_resource,p_net_node_available_resource,p_net_link_available_resource,p_net_node_resource_utilization,p_net_link_resource_utilization,v_net_id,v_net_lifetime,v_net_arrival_time,v_net_num_nodes,v_net_num_egdes,result,node_slots,link_paths,node_slots_info,link_paths_info,v_net_cost,v_net_revenue,v_net_demand,v_net_node_demand,v_net_link_demand,v_net_node_revenue,v_net_link_revenue,v_net_node_cost,v_net_link_cost,v_net_path_cost,v_net_r2c_ratio,v_net_time_cost,v_net_time_revenue,v_net_time_rc_ratio,description,v_net_total_hard_constraint_violation,v_net_single_step_constraint_offset,v_net_constraint_offsets,v_net_constraint_violations,v_net_single_step_violation_list,v_net_single_step_hard_constraint_offset,v_net_max_single_step_hard_constraint_violation,place_result,route_result,early_rejection,revoke_times,selected_actions,num_interactions,v_net_reward,num_placed_nodes,num_routed_links,seed
1,0,0,0.0,0.0,0.0,0.0,0.0,0.0,0,0,1,12.0,17145,2765,14380,0.0,0.0,0,123.47534426906996,12.0,5,7,False,{},{},{},{},0.0,0.0,452.0,226.0,569.0,0.0,0.0,0.0,0.0,0.0,0.0,0.0,0.0,0.0,Unknown Reason,0.0,"{'node_level': {}, 'link_level': {}, 'path_level': {}}","{'node_level': {}, 'link_level': {}, 'path_level': {}}","{'node_level': {}, 'link_level': {}, 'path_level': {}}",[],-inf,-inf,True,True,False,0,[],0,0.0,0.0,0.0,2
2,0,0,0.0,0.0,0.0,0.0,0.0,0.0,0,1,1,20.0,17145,2765,14380,0.0,0.0,1,2.337215442006562,20.0,10,25,False,{},{},{},{},0.0,0.0,904.0,452.0,1955.0,0.0,0.0,0.0,0.0,0.0,0.0,0.0,0.0,0.0,Unknown Reason,0.0,"{'node_level': {}, 'link_level': {}, 'path_level': {}}","{'node_level': {}, 'link_level': {}, 'path_level': {}}","{'node_level': {}, 'link_level': {}, 'path_level': {}}",[],-inf,-inf,True,True,False,0,[],0,0.0,0.0,0.0,2
2,0,0,0.0,0.0,0.0,0.0,0.0,0.0,0,2,0,22.337215442006563,17145,2765,14380,0.0,0.0,1,2.337215442006562,20.0,10,25,False,{},{},{},{},0.0,0.0,0.0,0.0,0.0,0.0,0.0,0.0,0.0,0.0,0.0,0.0,0.0,0.0,Leave Event,0.0,"{'node_level': {}, 'link_level': {}, 'path_level': {}}","{'node_level': {}, 'link_level': {}, 'path_level': {}}","{'node_level': {}, 'link_level': {}, 'path_level': {}}",[],-inf,-inf,True,True,False,0,[],0,0.0,,,2
3,1,1,475.0,555.0,128488.33199438127,150128.47211975075,0.8558558558558559,0.8558558558558559,5,3,1,25.0,16590,2604,13986,0.0582278481012658,0.027399165507649537,2,270.50175156711845,25.0,5,4,True,"{np.int64(0): np.int64(28), np.int64(1): np.int64(21), np.int64(2): np.int64(22), np.int64(3): np.int64(23), np.int64(4): np.int64(0)}","{(0, 3): [(np.int64(28), 0), (0, 20), (20, np.int64(23))], (0, 4): [(np.int64(28), 0)], (1, 2): [(np.int64(21), 22)], (1, 3): [(np.int64(21), 23)]}","{(np.int64(0), np.int64(28)): {'cpu': 21}, (np.int64(1), np.int64(21)): {'cpu': 38}, (np.int64(2), np.int64(22)): {'cpu': 41}, (np.int64(3), np.int64(23)): {'cpu': 34}, (np.int64(4), np.int64(0)): {'cpu': 27}}","{((0, 3), (np.int64(28), 0)): {'bw': 40}, ((0, 3), (0, 20)): {'bw': 40}, ((0, 3), (20, np.int64(23))): {'bw': 40}, ((0, 4), (np.int64(28), 0)): {'bw': 92}, ((1, 2), (np.int64(21), 22)): {'bw': 114}, ((1, 3), (np.int64(21), 23)): {'bw': 68}}",555.0,475.0,966.0,161.0,314.0,161.0,314.0,161.0,394.0,80.0,0.8558558558558559,150128.47211975075,128488.33199438127,231.51050809798426,Success,0.0,"{'node_level': {}, 'link_level': {}, 'path_level': {}}","{'node_level': {np.int64(0): {'cpu': -71}, np.int64(1): {'cpu': -15}, np.int64(2): {'cpu': -47}, np.int64(3): {'cpu': -20}, np.int64(4): {'cpu': -63}}, 'link_level': {(0, 3): {'bw': -191}, (0, 4): {'bw': -262}, (1, 2): {'bw': -146}, (1, 3): {'bw': -269}}, 'path_level': {(0, 3): {}, (0, 4): {}, (1, 2): {}, (1, 3): {}}}","{'node_level': {np.int64(0): {'cpu': 0}, np.int64(1): {'cpu': 0}, np.int64(2): {'cpu': 0}, np.int64(3): {'cpu': 0}, np.int64(4): {'cpu': 0}}, 'link_level': {(0, 3): {'bw': 0}, (0, 4): {'bw': 0}, (1, 2): {'bw': 0}, (1, 3): {'bw': 0}}, 'path_level': {(0, 3): {}, (0, 4): {}, (1, 2): {}, (1, 3): {}}}",[],-inf,-inf,True,True,False,0,[],0,0.0,5.0,4.0,2
4,1,1,475.0,555.0,128488.33199438127,150128.47211975075,0.8558558558558559,0.8558558558558559,5,4,1,33.0,16590,2604,13986,0.0582278481012658,0.027399165507649537,3,414.3415594310883,33.0,8,16,False,{},{},{},{},0.0,0.0,684.0,342.0,1270.0,0.0,0.0,0.0,0.0,0.0,0.0,0.0,0.0,0.0,Unknown Reason,0.0,"{'node_level': {}, 'link_level': {}, 'path_level': {}}","{'node_level': {}, 'link_level': {}, 'path_level': {}}","{'node_level': {}, 'link_level': {}, 'path_level': {}}",[],-inf,-inf,True,True,False,0,[],0,0.0,0.0,0.0,2
5,1,1,475.0,555.0,128488.33199438127,150128.47211975075,0.8558558558558559,0.8558558558558559,5,5,1,40.0,16590,2604,13986,0.0582278481012658,0.027399165507649537,4,1046.0076036646353,40.0,7,13,False,{},{},{},{},0.0,0.0,478.0,239.0,855.0,0.0,0.0,0.0,0.0,0.0,0.0,0.0,0.0,0.0,Unknown Reason,0.0,"{'node_level': {}, 'link_level': {}, 'path_level': {}}","{'node_level': {}, 'link_level': {}, 'path_level': {}}","{'node_level': {}, 'link_level': {}, 'path_level': {}}",[],-inf,-inf,True,True,False,0,[],0,0.0,0.0,0.0,2
6,1,1,475.0,555.0,128488.33199438127,150128.47211975075,0.8558558558558559,0.8558558558558559,5,6,1,45.0,16590,2604,13986,0.0582278481012658,0.027399165507649537,5,565.9576239147773,45.0,8,14,False,{},{},{},{},0.0,0.0,666.0,333.0,1170.0,0.0,0.0,0.0,0.0,0.0,0.0,0.0,0.0,0.0,Unknown Reason,0.0,"{'node_level': {}, 'link_level': {}, 'path_level': {}}","{'node_level': {}, 'link_level': {}, 'path_level': {}}","{'node_level': {}, 'link_level': {}, 'path_level': {}}",[],-inf,-inf,True,True,False,0,[],0,0.0,0.0,0.0,2
7,2,2,1296.0,1835.0,886792.8137095816,1332381.500859649,0.706267029972752,0.6655697434536769,10,7,1,52.0,15310,2374,12936,0.14141048824593128,0.10041724617524339,6,923.6351787030455,52.0,5,7,True,"{np.int64(0): np.int64(2), np.int64(1): np.int64(6), np.int64(2): np.int64(4), np.int64(3): np.int64(1), np.int64(4): np.int64(13)}","{(0, 1): [(np.int64(2), 5), (5, np.int64(6))], (0, 4): [(np.int64(2), 13)], (1, 2): [(np.int64(6), 4)], (1, 3): [(np.int64(6), 4), (4, np.int64(1))], (1, 4): [(np.int64(6), 5), (5, 2), (2, np.int64(13))], (2, 3): [(np.int64(4), 1)], (3, 4): [(np.int64(1), 12), (12, 14), (14, np.int64(13))]}","{(np.int64(0), np.int64(2)): {'cpu': 24}, (np.int64(1), np.int64(6)): {'cpu': 39}, (np.int64(2), np.int64(4)): {'cpu': 53}, (np.int64(3), np.int64(1)): {'cpu': 58}, (np.int64(4), np.int64(13)): {'cpu': 56}}","{((0, 1), (np.int64(2), 5)): {'bw': 104}, ((0, 1), (5, np.int64(6))): {'bw': 104}, ((0, 4), (np.int64(2), 13)): {'bw': 114}, ((1, 2), (np.int64(6), 4)): {'bw': 73}, ((1, 3), (np.int64(6), 4)): {'bw': 117}, ((1, 3), (4, np.int64(1))): {'bw': 117}, ((1, 4), (np.int64(6), 5)): {'bw': 75}, ((1, 4), (5, 2)): {'bw': 75}, ((1, 4), (2, np.int64(13))): {'bw': 75}, ((2, 3), (np.int64(4), 1)): {'bw': 64}, ((3, 4), (np.int64(1), 12)): {'bw': 44}, ((3, 4), (12, 14)): {'bw': 44}, ((3, 4), (14, np.int64(13))): {'bw': 44}}",1280.0,821.0,690.0,230.0,591.0,230.0,591.0,230.0,1050.0,459.0,0.64140625,1182253.0287398982,758304.4817152004,592.4253763400003,Success,0.0,"{'node_level': {}, 'link_level': {}, 'path_level': {}}","{'node_level': {np.int64(0): {'cpu': -71}, np.int64(1): {'cpu': -29}, np.int64(2): {'cpu': -19}, np.int64(3): {'cpu': -7}, np.int64(4): {'cpu': -5}}, 'link_level': {(0, 1): {'bw': -159}, (0, 4): {'bw': -135}, (1, 2): {'bw': -272}, (1, 3): {'bw': -155}, (1, 4): {'bw': -60}, (2, 3): {'bw': -99}, (3, 4): {'bw': -199}}, 'path_level': {(0, 1): {}, (0, 4): {}, (1, 2): {}, (1, 3): {}, (1, 4): {}, (2, 3): {}, (3, 4): {}}}","{'node_level': {np.int64(0): {'cpu': 0}, np.int64(1): {'cpu': 0}, np.int64(2): {'cpu': 0}, np.int64(3): {'cpu': 0}, np.int64(4): {'cpu': 0}}, 'link_level': {(0, 1): {'bw': 0}, (0, 4): {'bw': 0}, (1, 2): {'bw': 0}, (1, 3): {'bw': 0}, (1, 4): {'bw': 0}, (2, 3): {'bw': 0}, (3, 4): {'bw': 0}}, 'path_level': {(0, 1): {}, (0, 4): {}, (1, 2): {}, (1, 3): {}, (1, 4): {}, (2, 3): {}, (3, 4): {}}}",[],-inf,-inf,True,True,False,0,[],0,0.0,5.0,7.0,2
8,3,3,2463.0,4227.0,2407319.194270884,4449004.553389756,0.5826827537260468,0.5410916454191343,16,8,1,59.0,12918,2044,10874,0.260759493670886,0.24381084840055633,7,1302.936058750045,59.0,7,11,True,"{np.int64(0): np.int64(20), np.int64(1): np.int64(14), np.int64(2): np.int64(3), np.int64(3): np.int64(18), np.int64(4): np.int64(0), np.int64(5): np.int64(7), np.int64(6): np.int64(15)}","{(0, 1): [(np.int64(20), 0), (0, 12), (12, np.int64(14))], (0, 2): [(np.int64(20), 22), (22, 21), (21, np.int64(3))], (0, 4): [(np.int64(20), 0)], (0, 6): [(np.int64(20), 1), (1, 12), (12, np.int64(15))], (1, 3): [(np.int64(14), 12), (12, 15), (15, np.int64(18))], (1, 4): [(np.int64(14), 12), (12, np.int64(0))], (1, 6): [(np.int64(14), 13), (13, np.int64(15))], (2, 3): [(np.int64(3), 13), (13, 15), (15, np.int64(18))], (2, 4): [(np.int64(3), 5), (5, 6), (6, 4), (4, np.int64(0))], (2, 5): [(np.int64(3), 5), (5, np.int64(7))], (4, 5): [(np.int64(0), 4), (4, np.int64(7))]}","{(np.int64(0), np.int64(20)): {'cpu': 39}, (np.int64(1), np.int64(14)): {'cpu': 38}, (np.int64(2), np.int64(3)): {'cpu': 49}, (np.int64(3), np.int64(18)): {'cpu': 60}, (np.int64(4), np.int64(0)): {'cpu': 57}, (np.int64(5), np.int64(7)): {'cpu': 35}, (np.int64(6), np.int64(15)): {'cpu': 52}}","{((0, 1), (np.int64(20), 0)): {'bw': 66}, ((0, 1), (0, 12)): {'bw': 66}, ((0, 1), (12, np.int64(14))): {'bw': 66}, ((0, 2), (np.int64(20), 22)): {'bw': 104}, ((0, 2), (22, 21)): {'bw': 104}, ((0, 2), (21, np.int64(3))): {'bw': 104}, ((0, 4), (np.int64(20), 0)): {'bw': 99}, ((0, 6), (np.int64(20), 1)): {'bw': 73}, ((0, 6), (1, 12)): {'bw': 73}, ((0, 6), (12, np.int64(15))): {'bw': 73}, ((1, 3), (np.int64(14), 12)): {'bw': 94}, ((1, 3), (12, 15)): {'bw': 94}, ((1, 3), (15, np.int64(18))): {'bw': 94}, ((1, 4), (np.int64(14), 12)): {'bw': 76}, ((1, 4), (12, np.int64(0))): {'bw': 76}, ((1, 6), (np.int64(14), 13)): {'bw': 63}, ((1, 6), (13, np.int64(15))): {'bw': 63}, ((2, 3), (np.int64(3), 13)): {'bw': 56}, ((2, 3), (13, 15)): {'bw': 56}, ((2, 3), (15, np.int64(18))): {'bw': 56}, ((2, 4), (np.int64(3), 5)): {'bw': 47}, ((2, 4), (5, 6)): {'bw': 47}, ((2, 4), (6, 4)): {'bw': 47}, ((2, 4), (4, np.int64(0))): {'bw': 47}, ((2, 5), (np.int64(3), 5)): {'bw': 62}, ((2, 5), (5, np.int64(7))): {'bw': 62}, ((4, 5), (np.int64(0), 4)): {'bw': 97}, ((4, 5), (4, np.int64(7))): {'bw': 97}}",2392.0,1167.0,1320.0,330.0,837.0,330.0,837.0,330.0,2062.0,1225.0,0.487876254180602,3116623.0525301076,1520526.3805613026,635.6715637798087,Success,0.0,"{'node_level': {}, 'link_level': {}, 'path_level': {}}","{'node_level': {np.int64(0): {'cpu': -50}, np.int64(1): {'cpu': -33}, np.int64(2): {'cpu': -9}, np.int64(3): {'cpu': -10}, np.int64(4): {'cpu': -6}, np.int64(5): {'cpu': -26}, np.int64(6): {'cpu': -45}}, 'link_level': {(0, 1): {'bw': -125}, (0, 2): {'bw': -42}, (0, 4): {'bw': -26}, (0, 6): {'bw': -135}, (1, 3): {'bw': -79}, (1, 4): {'bw': -3}, (1, 6): {'bw': -136}, (2, 3): {'bw': -113}, (2, 4): {'bw': -91}, (2, 5): {'bw': -211}, (4, 5): {'bw': -151}}, 'path_level': {(0, 1): {}, (0, 2): {}, (0, 4): {}, (0, 6): {}, (1, 3): {}, (1, 4): {}, (1, 6): {}, (2, 3): {}, (2, 4): {}, (2, 5): {}, (4, 5): {}}}","{'node_level': {np.int64(0): {'cpu': 0}, np.int64(1): {'cpu': 0}, np.int64(2): {'cpu': 0}, np.int64(3): {'cpu': 0}, np.int64(4): {'cpu': 0}, np.int64(5): {'cpu': 0}, np.int64(6): {'cpu': 0}}, 'link_level': {(0, 1): {'bw': 0}, (0, 2): {'bw': 0}, (0, 4): {'bw': 0}, (0, 6): {'bw': 0}, (1, 3): {'bw': 0}, (1, 4): {'bw': 0}, (1, 6): {'bw': 0}, (2, 3): {'bw': 0}, (2, 4): {'bw': 0}, (2, 5): {'bw': 0}, (4, 5): {'bw': 0}}, 'path_level': {(0, 1): {}, (0, 2): {}, (0, 4): {}, (0, 6): {}, (1, 3): {}, (1, 4): {}, (1, 6): {}, (2, 3): {}, (2, 4): {}, (2, 5): {}, (4, 5): {}}}",[],-inf,-inf,True,True,False,0,[],0,0.0,7.0,11.0,2
9,3,3,2463.0,4227.0,2407319.194270884,4449004.553389756,0.5826827537260468,0.5410916454191343,16,9,1,69.0,12918,2044,10874,0.260759493670886,0.24381084840055633,8,1416.0918630331812,69.0,6,8,False,{},{},{},{},0.0,0.0,548.0,274.0,657.0,0.0,0.0,0.0,0.0,0.0,0.0,0.0,0.0,0.0,Unknown Reason,0.0,"{'node_level': {}, 'link_level': {}, 'path_level': {}}","{'node_level': {}, 'link_level': {}, 'path_level': {}}","{'node_level': {}, 'link_level': {}, 'path_level': {}}",[],-inf,-inf,True,True,False,0,[],0,0.0,0.0,0.0,2
10,3,3,2463.0,4227.0,2407319.194270884,4449004.553389756,0.5826827537260468,0.5410916454191343,16,10,1,72.0,12918,2044,10874,0.260759493670886,0.24381084840055633,9,846.4618066680757,72.0,8,14,False,{},{},{},{},0.0,0.0,610.0,305.0,1270.0,0.0,0.0,0.0,0.0,0.0,0.0,0.0,0.0,0.0,Unknown Reason,0.0,"{'node_level': {}, 'link_level': {}, 'path_level': {}}","{'node_level': {}, 'link_level': {}, 'path_level': {}}","{'node_level': {}, 'link_level': {}, 'path_level': {}}",[],-inf,-inf,True,True,False,0,[],0,0.0,0.0,0.0,2
11,3,3,2463.0,4227.0,2407319.194270884,4449004.553389756,0.5826827537260468,0.5410916454191343,16,11,1,87.0,12918,2044,10874,0.260759493670886,0.24381084840055633,10,70.43317415415201,87.0,10,16,False,{},{},{},{},0.0,0.0,822.0,411.0,1210.0,0.0,0.0,0.0,0.0,0.0,0.0,0.0,0.0,0.0,Unknown Reason,0.0,"{'node_level': {}, 'link_level': {}, 'path_level': {}}","{'node_level': {}, 'link_level': {}, 'path_level': {}}","{'node_level': {}, 'link_level': {}, 'path_level': {}}",[],-inf,-inf,True,True,False,0,[],0,0.0,0.0,0.0,2
12,3,3,2463.0,4227.0,2407319.194270884,4449004.553389756,0.5826827537260468,0.5410916454191343,16,12,1,93.0,12918,2044,10874,0.260759493670886,0.24381084840055633,11,212.80585874725213,93.0,7,11,False,{},{},{},{},0.0,0.0,534.0,267.0,942.0,0.0,0.0,0.0,0.0,0.0,0.0,0.0,0.0,0.0,Unknown Reason,0.0,"{'node_level': {}, 'link_level': {}, 'path_level': {}}","{'node_level': {}, 'link_level': {}, 'path_level': {}}","{'node_level': {}, 'link_level': {}, 'path_level': {}}",[],-inf,-inf,True,True,False,0,[],0,0.0,0.0,0.0,2
13,3,3,2463.0,4227.0,2407319.194270884,4449004.553389756,0.5826827537260468,0.5410916454191343,16,13,1,104.0,12918,2044,10874,0.260759493670886,0.24381084840055633,12,116.91427565457393,104.0,9,18,False,{},{},{},{},0.0,0.0,708.0,354.0,1459.0,0.0,0.0,0.0,0.0,0.0,0.0,0.0,0.0,0.0,Unknown Reason,0.0,"{'node_level': {}, 'link_level': {}, 'path_level': {}}","{'node_level': {}, 'link_level': {}, 'path_level': {}}","{'node_level': {}, 'link_level': {}, 'path_level': {}}",[],-inf,-inf,True,True,False,0,[],0,0.0,0.0,0.0,2
14,3,3,2463.0,4227.0,2407319.194270884,4449004.553389756,0.5826827537260468,0.5410916454191343,16,14,1,110.0,12918,2044,10874,0.260759493670886,0.24381084840055633,13,1010.139486896337,110.0,9,20,False,{},{},{},{},0.0,0.0,868.0,434.0,1716.0,0.0,0.0,0.0,0.0,0.0,0.0,0.0,0.0,0.0,Unknown Reason,0.0,"{'node_level': {}, 'link_level': {}, 'path_level': {}}","{'node_level': {}, 'link_level': {}, 'path_level': {}}","{'node_level': {}, 'link_level': {}, 'path_level': {}}",[],-inf,-inf,True,True,False,0,[],0,0.0,0.0,0.0,2
15,3,3,2463.0,4227.0,2407319.194270884,4449004.553389756,0.5826827537260468,0.5410916454191343,16,15,1,118.0,12918,2044,10874,0.260759493670886,0.24381084840055633,14,785.9030268301261,118.0,9,16,False,{},{},{},{},0.0,0.0,674.0,337.0,1291.0,0.0,0.0,0.0,0.0,0.0,0.0,0.0,0.0,0.0,Unknown Reason,0.0,"{'node_level': {}, 'link_level': {}, 'path_level': {}}","{'node_level': {}, 'link_level': {}, 'path_level': {}}","{'node_level': {}, 'link_level': {}, 'path_level': {}}",[],-inf,-inf,True,True,False,0,[],0,0.0,0.0,0.0,2
16,3,3,2463.0,4227.0,2407319.194270884,4449004.553389756,0.5826827537260468,0.5410916454191343,16,16,1,129.0,12918,2044,10874,0.260759493670886,0.24381084840055633,15,214.6240785142239,129.0,10,28,False,{},{},{},{},0.0,0.0,882.0,441.0,1982.0,0.0,0.0,0.0,0.0,0.0,0.0,0.0,0.0,0.0,Unknown Reason,0.0,"{'node_level': {}, 'link_level': {}, 'path_level': {}}","{'node_level': {}, 'link_level': {}, 'path_level': {}}","{'node_level': {}, 'link_level': {}, 'path_level': {}}",[],-inf,-inf,True,True,False,0,[],0,0.0,0.0,0.0,2
16,3,3,2463.0,4227.0,2407319.194270884,4449004.553389756,0.5826827537260468,0.5410916454191343,16,17,0,135.47534426906998,12918,2044,10874,0.260759493670886,0.24381084840055633,0,123.47534426906996,12.0,5,7,False,{},{},{},{},0.0,0.0,0.0,0.0,0.0,0.0,0.0,0.0,0.0,0.0,0.0,0.0,0.0,0.0,Leave Event,0.0,"{'node_level': {}, 'link_level': {}, 'path_level': {}}","{'node_level': {}, 'link_level': {}, 'path_level': {}}","{'node_level': {}, 'link_level': {}, 'path_level': {}}",[],-inf,-inf,True,True,False,0,[],0,0.0,,,2
17,3,3,2463.0,4227.0,2407319.194270884,4449004.553389756,0.5826827537260468,0.5410916454191343,16,18,1,138.0,12918,2044,10874,0.260759493670886,0.24381084840055633,16,420.9866512507837,138.0,8,14,False,{},{},{},{},0.0,0.0,612.0,306.0,1187.0,0.0,0.0,0.0,0.0,0.0,0.0,0.0,0.0,0.0,Unknown Reason,0.0,"{'node_level': {}, 'link_level': {}, 'path_level': {}}","{'node_level': {}, 'link_level': {}, 'path_level': {}}","{'node_level': {}, 'link_level': {}, 'path_level': {}}",[],-inf,-inf,True,True,False,0,[],0,0.0,0.0,0.0,2
18,3,3,2463.0,4227.0,2407319.194270884,4449004.553389756,0.5826827537260468,0.5410916454191343,16,19,1,145.0,12918,2044,10874,0.260759493670886,0.24381084840055633,17,817.7152567269313,145.0,9,18,False,{},{},{},{},0.0,0.0,720.0,360.0,1327.0,0.0,0.0,0.0,0.0,0.0,0.0,0.0,0.0,0.0,Unknown Reason,0.0,"{'node_level': {}, 'link_level': {}, 'path_level': {}}","{'node_level': {}, 'link_level': {}, 'path_level': {}}","{'node_level': {}, 'link_level': {}, 'path_level': {}}",[],-inf,-inf,True,True,False,0,[],0,0.0,0.0,0.0,2
19,3,3,2463.0,4227.0,2407319.194270884,4449004.553389756,0.5826827537260468,0.5410916454191343,16,20,1,156.0,12918,2044,10874,0.260759493670886,0.24381084840055633,18,895.363735163005,156.0,7,11,False,{},{},{},{},0.0,0.0,594.0,297.0,925.0,0.0,0.0,0.0,0.0,0.0,0.0,0.0,0.0,0.0,Unknown Reason,0.0,"{'node_level': {}, 'link_level': {}, 'path_level': {}}","{'node_level': {}, 'link_level': {}, 'path_level': {}}","{'node_level': {}, 'link_level': {}, 'path_level': {}}",[],-inf,-inf,True,True,False,0,[],0,0.0,0.0,0.0,2
19,3,3,2463.0,4227.0,2407319.194270884,4449004.553389756,0.5826827537260468,0.5410916454191343,16,21,0,157.43317415415203,12918,2044,10874,0.260759493670886,0.24381084840055633,10,70.43317415415201,87.0,10,16,False,{},{},{},{},0.0,0.0,0.0,0.0,0.0,0.0,0.0,0.0,0.0,0.0,0.0,0.0,0.0,0.0,Leave Event,0.0,"{'node_level': {}, 'link_level': {}, 'path_level': {}}","{'node_level': {}, 'link_level': {}, 'path_level': {}}","{'node_level': {}, 'link_level': {}, 'path_level': {}}",[],-inf,-inf,True,True,False,0,[],0,0.0,,,2
20,3,3,2463.0,4227.0,2407319.194270884,4449004.553389756,0.5826827537260468,0.5410916454191343,16,22,1,166.0,12918,2044,10874,0.260759493670886,0.24381084840055633,19,115.20599939157536,166.0,8,11,False,{},{},{},{},0.0,0.0,678.0,339.0,943.0,0.0,0.0,0.0,0.0,0.0,0.0,0.0,0.0,0.0,Unknown Reason,0.0,"{'node_level': {}, 'link_level': {}, 'path_level': {}}","{'node_level': {}, 'link_level': {}, 'path_level': {}}","{'node_level': {}, 'link_level': {}, 'path_level': {}}",[],-inf,-inf,True,True,False,0,[],0,0.0,0.0,0.0,2
21,3,3,2463.0,4227.0,2407319.194270884,4449004.553389756,0.5826827537260468,0.5410916454191343,16,23,1,175.0,12918,2044,10874,0.260759493670886,0.24381084840055633,20,655.9278799349253,175.0,8,17,False,{},{},{},{},0.0,0.0,658.0,329.0,1306.0,0.0,0.0,0.0,0.0,0.0,0.0,0.0,0.0,0.0,Unknown Reason,0.0,"{'node_level': {}, 'link_level': {}, 'path_level': {}}","{'node_level': {}, 'link_level': {}, 'path_level': {}}","{'node_level': {}, 'link_level': {}, 'path_level': {}}",[],-inf,-inf,True,True,False,0,[],0,0.0,0.0,0.0,2
22,3,3,2463.0,4227.0,2407319.194270884,4449004.553389756,0.5826827537260468,0.5410916454191343,16,24,1,177.0,12918,2044,10874,0.260759493670886,0.24381084840055633,21,813.3280597182231,177.0,7,12,False,{},{},{},{},0.0,0.0,554.0,277.0,950.0,0.0,0.0,0.0,0.0,0.0,0.0,0.0,0.0,0.0,Unknown Reason,0.0,"{'node_level': {}, 'link_level': {}, 'path_level': {}}","{'node_level': {}, 'link_level': {}, 'path_level': {}}","{'node_level': {}, 'link_level': {}, 'path_level': {}}",[],-inf,-inf,True,True,False,0,[],0,0.0,0.0,0.0,2
23,3,3,2463.0,4227.0,2407319.194270884,4449004.553389756,0.5826827537260468,0.5410916454191343,16,25,1,183.0,12918,2044,10874,0.260759493670886,0.24381084840055633,22,22.043365422586767,183.0,6,8,False,{},{},{},{},0.0,0.0,380.0,190.0,588.0,0.0,0.0,0.0,0.0,0.0,0.0,0.0,0.0,0.0,Unknown Reason,0.0,"{'node_level': {}, 'link_level': {}, 'path_level': {}}","{'node_level': {}, 'link_level': {}, 'path_level': {}}","{'node_level': {}, 'link_level': {}, 'path_level': {}}",[],-inf,-inf,True,True,False,0,[],0,0.0,0.0,0.0,2
24,3,3,2463.0,4227.0,2407319.194270884,4449004.553389756,0.5826827537260468,0.5410916454191343,16,26,1,195.0,12918,2044,10874,0.260759493670886,0.24381084840055633,23,56.6892896455284,195.0,7,10,False,{},{},{},{},0.0,0.0,672.0,336.0,763.0,0.0,0.0,0.0,0.0,0.0,0.0,0.0,0.0,0.0,Unknown Reason,0.0,"{'node_level': {}, 'link_level': {}, 'path_level': {}}","{'node_level': {}, 'link_level': {}, 'path_level': {}}","{'node_level': {}, 'link_level': {}, 'path_level': {}}",[],-inf,-inf,True,True,False,0,[],0,0.0,0.0,0.0,2
25,3,3,2463.0,4227.0,2407319.194270884,4449004.553389756,0.5826827537260468,0.5410916454191343,16,27,1,203.0,12918,2044,10874,0.260759493670886,0.24381084840055633,24,285.53880582204164,203.0,9,17,False,{},{},{},{},0.0,0.0,734.0,367.0,1370.0,0.0,0.0,0.0,0.0,0.0,0.0,0.0,0.0,0.0,Unknown Reason,0.0,"{'node_level': {}, 'link_level': {}, 'path_level': {}}","{'node_level': {}, 'link_level': {}, 'path_level': {}}","{'node_level': {}, 'link_level': {}, 'path_level': {}}",[],-inf,-inf,True,True,False,0,[],0,0.0,0.0,0.0,2
25,3,3,2463.0,4227.0,2407319.194270884,4449004.553389756,0.5826827537260468,0.5410916454191343,16,28,0,205.04336542258676,12918,2044,10874,0.260759493670886,0.24381084840055633,22,22.043365422586767,183.0,6,8,False,{},{},{},{},0.0,0.0,0.0,0.0,0.0,0.0,0.0,0.0,0.0,0.0,0.0,0.0,0.0,0.0,Leave Event,0.0,"{'node_level': {}, 'link_level': {}, 'path_level': {}}","{'node_level': {}, 'link_level': {}, 'path_level': {}}","{'node_level': {}, 'link_level': {}, 'path_level': {}}",[],-inf,-inf,True,True,False,0,[],0,0.0,,,2
26,3,3,2463.0,4227.0,2407319.194270884,4449004.553389756,0.5826827537260468,0.5410916454191343,16,29,1,211.0,12918,2044,10874,0.260759493670886,0.24381084840055633,25,124.79588479393625,211.0,8,12,False,{},{},{},{},0.0,0.0,634.0,317.0,842.0,0.0,0.0,0.0,0.0,0.0,0.0,0.0,0.0,0.0,Unknown Reason,0.0,"{'node_level': {}, 'link_level': {}, 'path_level': {}}","{'node_level': {}, 'link_level': {}, 'path_level': {}}","{'node_level': {}, 'link_level': {}, 'path_level': {}}",[],-inf,-inf,True,True,False,0,[],0,0.0,0.0,0.0,2
26,3,3,2463.0,4227.0,2407319.194270884,4449004.553389756,0.5826827537260468,0.5410916454191343,16,30,0,220.91427565457394,12918,2044,10874,0.260759493670886,0.24381084840055633,12,116.91427565457393,104.0,9,18,False,{},{},{},{},0.0,0.0,0.0,0.0,0.0,0.0,0.0,0.0,0.0,0.0,0.0,0.0,0.0,0.0,Leave Event,0.0,"{'node_level': {}, 'link_level': {}, 'path_level': {}}","{'node_level': {}, 'link_level': {}, 'path_level': {}}","{'node_level': {}, 'link_level': {}, 'path_level': {}}",[],-inf,-inf,True,True,False,0,[],0,0.0,,,2
27,3,3,2463.0,4227.0,2407319.194270884,4449004.553389756,0.5826827537260468,0.5410916454191343,16,31,1,224.0,12918,2044,10874,0.260759493670886,0.24381084840055633,26,1062.7304519303366,224.0,10,23,False,{},{},{},{},0.0,0.0,926.0,463.0,1843.0,0.0,0.0,0.0,0.0,0.0,0.0,0.0,0.0,0.0,Unknown Reason,0.0,"{'node_level': {}, 'link_level': {}, 'path_level': {}}","{'node_level': {}, 'link_level': {}, 'path_level': {}}","{'node_level': {}, 'link_level': {}, 'path_level': {}}",[],-inf,-inf,True,True,False,0,[],0,0.0,0.0,0.0,2
28,3,3,2463.0,4227.0,2407319.194270884,4449004.553389756,0.5826827537260468,0.5410916454191343,16,32,1,231.0,12918,2044,10874,0.260759493670886,0.24381084840055633,27,635.9251806544353,231.0,5,4,False,{},{},{},{},0.0,0.0,260.0,130.0,299.0,0.0,0.0,0.0,0.0,0.0,0.0,0.0,0.0,0.0,Unknown Reason,0.0,"{'node_level': {}, 'link_level': {}, 'path_level': {}}","{'node_level': {}, 'link_level': {}, 'path_level': {}}","{'node_level': {}, 'link_level': {}, 'path_level': {}}",[],-inf,-inf,True,True,False,0,[],0,0.0,0.0,0.0,2
29,3,3,2463.0,4227.0,2407319.194270884,4449004.553389756,0.5826827537260468,0.5410916454191343,16,33,1,238.0,12918,2044,10874,0.260759493670886,0.24381084840055633,28,624.1492383005581,238.0,9,14,False,{},{},{},{},0.0,0.0,844.0,422.0,1095.0,0.0,0.0,0.0,0.0,0.0,0.0,0.0,0.0,0.0,Unknown Reason,0.0,"{'node_level': {}, 'link_level': {}, 'path_level': {}}","{'node_level': {}, 'link_level': {}, 'path_level': {}}","{'node_level': {}, 'link_level': {}, 'path_level': {}}",[],-inf,-inf,True,True,False,0,[],0,0.0,0.0,0.0,2
29,3,3,2463.0,4227.0,2407319.194270884,4449004.553389756,0.5826827537260468,0.5410916454191343,16,34,0,251.6892896455284,12918,2044,10874,0.260759493670886,0.24381084840055633,23,56.6892896455284,195.0,7,10,False,{},{},{},{},0.0,0.0,0.0,0.0,0.0,0.0,0.0,0.0,0.0,0.0,0.0,0.0,0.0,0.0,Leave Event,0.0,"{'node_level': {}, 'link_level': {}, 'path_level': {}}","{'node_level': {}, 'link_level': {}, 'path_level': {}}","{'node_level': {}, 'link_level': {}, 'path_level': {}}",[],-inf,-inf,True,True,False,0,[],0,0.0,,,2
30,3,3,2463.0,4227.0,2407319.194270884,4449004.553389756,0.5826827537260468,0.5410916454191343,16,35,1,255.0,12918,2044,10874,0.260759493670886,0.24381084840055633,29,734.5329845795372,255.0,8,10,False,{},{},{},{},0.0,0.0,674.0,337.0,961.0,0.0,0.0,0.0,0.0,0.0,0.0,0.0,0.0,0.0,Unknown Reason,0.0,"{'node_level': {}, 'link_level': {}, 'path_level': {}}","{'node_level': {}, 'link_level': {}, 'path_level': {}}","{'node_level': {}, 'link_level': {}, 'path_level': {}}",[],-inf,-inf,True,True,False,0,[],0,0.0,0.0,0.0,2
31,3,3,2463.0,4227.0,2407319.194270884,4449004.553389756,0.5826827537260468,0.5410916454191343,16,36,1,262.0,12918,2044,10874,0.260759493670886,0.24381084840055633,30,200.79657653216137,262.0,6,9,False,{},{},{},{},0.0,0.0,486.0,243.0,691.0,0.0,0.0,0.0,0.0,0.0,0.0,0.0,0.0,0.0,Unknown Reason,0.0,"{'node_level': {}, 'link_level': {}, 'path_level': {}}","{'node_level': {}, 'link_level': {}, 'path_level': {}}","{'node_level': {}, 'link_level': {}, 'path_level': {}}",[],-inf,-inf,True,True,False,0,[],0,0.0,0.0,0.0,2
32,3,3,2463.0,4227.0,2407319.194270884,4449004.553389756,0.5826827537260468,0.5410916454191343,16,37,1,271.0,12918,2044,10874,0.260759493670886,0.24381084840055633,31,129.78076160090816,271.0,7,11,False,{},{},{},{},0.0,0.0,648.0,324.0,939.0,0.0,0.0,0.0,0.0,0.0,0.0,0.0,0.0,0.0,Unknown Reason,0.0,"{'node_level': {}, 'link_level': {}, 'path_level': {}}","{'node_level': {}, 'link_level': {}, 'path_level': {}}","{'node_level': {}, 'link_level': {}, 'path_level': {}}",[],-inf,-inf,True,True,False,0,[],0,0.0,0.0,0.0,2
33,3,3,2463.0,4227.0,2407319.194270884,4449004.553389756,0.5826827537260468,0.5410916454191343,16,38,1,277.0,12918,2044,10874,0.260759493670886,0.24381084840055633,32,492.2097908690325,277.0,5,6,False,{},{},{},{},0.0,0.0,426.0,213.0,464.0,0.0,0.0,0.0,0.0,0.0,0.0,0.0,0.0,0.0,Unknown Reason,0.0,"{'node_level': {}, 'link_level': {}, 'path_level': {}}","{'node_level': {}, 'link_level': {}, 'path_level': {}}","{'node_level': {}, 'link_level': {}, 'path_level': {}}",[],-inf,-inf,True,True,False,0,[],0,0.0,0.0,0.0,2
33,3,3,2463.0,4227.0,2407319.194270884,4449004.553389756,0.5826827537260468,0.5410916454191343,16,39,0,281.20599939157535,12918,2044,10874,0.260759493670886,0.24381084840055633,19,115.20599939157536,166.0,8,11,False,{},{},{},{},0.0,0.0,0.0,0.0,0.0,0.0,0.0,0.0,0.0,0.0,0.0,0.0,0.0,0.0,Leave Event,0.0,"{'node_level': {}, 'link_level': {}, 'path_level': {}}","{'node_level': {}, 'link_level': {}, 'path_level': {}}","{'node_level': {}, 'link_level': {}, 'path_level': {}}",[],-inf,-inf,True,True,False,0,[],0,0.0,,,2
34,3,3,2463.0,4227.0,2407319.194270884,4449004.553389756,0.5826827537260468,0.5410916454191343,16,40,1,285.0,12918,2044,10874,0.260759493670886,0.24381084840055633,33,267.62682798335686,285.0,9,19,False,{},{},{},{},0.0,0.0,654.0,327.0,1561.0,0.0,0.0,0.0,0.0,0.0,0.0,0.0,0.0,0.0,Unknown Reason,0.0,"{'node_level': {}, 'link_level': {}, 'path_level': {}}","{'node_level': {}, 'link_level': {}, 'path_level': {}}","{'node_level': {}, 'link_level': {}, 'path_level': {}}",[],-inf,-inf,True,True,False,0,[],0,0.0,0.0,0.0,2
35,3,3,2463.0,4227.0,2407319.194270884,4449004.553389756,0.5826827537260468,0.5410916454191343,16,41,1,293.0,12918,2044,10874,0.260759493670886,0.24381084840055633,34,1380.5757663510403,293.0,9,18,False,{},{},{},{},0.0,0.0,750.0,375.0,1287.0,0.0,0.0,0.0,0.0,0.0,0.0,0.0,0.0,0.0,Unknown Reason,0.0,"{'node_level': {}, 'link_level': {}, 'path_level': {}}","{'node_level': {}, 'link_level': {}, 'path_level': {}}","{'node_level': {}, 'link_level': {}, 'path_level': {}}",[],-inf,-inf,True,True,False,0,[],0,0.0,0.0,0.0,2
35,3,2,2463.0,4227.0,2407319.194270884,4449004.553389756,0.5826827537260468,0.5410916454191343,16,42,0,295.50175156711845,13473,2205,11268,0.20253164556962022,0.2164116828929068,2,270.50175156711845,25.0,5,4,False,{},{},{},{},0.0,0.0,0.0,0.0,0.0,0.0,0.0,0.0,0.0,0.0,0.0,0.0,0.0,0.0,Leave Event,0.0,"{'node_level': {}, 'link_level': {}, 'path_level': {}}","{'node_level': {}, 'link_level': {}, 'path_level': {}}","{'node_level': {}, 'link_level': {}, 'path_level': {}}",[],-inf,-inf,True,True,False,0,[],0,0.0,,,2
36,3,2,2463.0,4227.0,2407319.194270884,4449004.553389756,0.5826827537260468,0.5410916454191343,16,43,1,302.0,13473,2205,11268,0.20253164556962022,0.2164116828929068,35,514.2434158630444,302.0,7,9,False,{},{},{},{},0.0,0.0,514.0,257.0,781.0,0.0,0.0,0.0,0.0,0.0,0.0,0.0,0.0,0.0,Unknown Reason,0.0,"{'node_level': {}, 'link_level': {}, 'path_level': {}}","{'node_level': {}, 'link_level': {}, 'path_level': {}}","{'node_level': {}, 'link_level': {}, 'path_level': {}}",[],-inf,-inf,True,True,False,0,[],0,0.0,0.0,0.0,2
36,3,2,2463.0,4227.0,2407319.194270884,4449004.553389756,0.5826827537260468,0.5410916454191343,16,44,0,305.80585874725216,13473,2205,11268,0.20253164556962022,0.2164116828929068,11,212.80585874725213,93.0,7,11,False,{},{},{},{},0.0,0.0,0.0,0.0,0.0,0.0,0.0,0.0,0.0,0.0,0.0,0.0,0.0,0.0,Leave Event,0.0,"{'node_level': {}, 'link_level': {}, 'path_level': {}}","{'node_level': {}, 'link_level': {}, 'path_level': {}}","{'node_level': {}, 'link_level': {}, 'path_level': {}}",[],-inf,-inf,True,True,False,0,[],0,0.0,,,2
37,3,2,2463.0,4227.0,2407319.194270884,4449004.553389756,0.5826827537260468,0.5410916454191343,16,45,1,307.0,13473,2205,11268,0.20253164556962022,0.2164116828929068,36,244.613891842895,307.0,9,17,False,{},{},{},{},0.0,0.0,702.0,351.0,1267.0,0.0,0.0,0.0,0.0,0.0,0.0,0.0,0.0,0.0,Unknown Reason,0.0,"{'node_level': {}, 'link_level': {}, 'path_level': {}}","{'node_level': {}, 'link_level': {}, 'path_level': {}}","{'node_level': {}, 'link_level': {}, 'path_level': {}}",[],-inf,-inf,True,True,False,0,[],0,0.0,0.0,0.0,2
38,3,2,2463.0,4227.0,2407319.194270884,4449004.553389756,0.5826827537260468,0.5410916454191343,16,46,1,311.0,13473,2205,11268,0.20253164556962022,0.2164116828929068,37,965.9235620953574,311.0,7,12,False,{},{},{},{},0.0,0.0,584.0,292.0,808.0,0.0,0.0,0.0,0.0,0.0,0.0,0.0,0.0,0.0,Unknown Reason,0.0,"{'node_level': {}, 'link_level': {}, 'path_level': {}}","{'node_level': {}, 'link_level': {}, 'path_level': {}}","{'node_level': {}, 'link_level': {}, 'path_level': {}}",[],-inf,-inf,True,True,False,0,[],0,0.0,0.0,0.0,2
39,3,2,2463.0,4227.0,2407319.194270884,4449004.553389756,0.5826827537260468,0.5410916454191343,16,47,1,316.0,13473,2205,11268,0.20253164556962022,0.2164116828929068,38,239.65748978791973,316.0,6,11,False,{},{},{},{},0.0,0.0,578.0,289.0,931.0,0.0,0.0,0.0,0.0,0.0,0.0,0.0,0.0,0.0,Unknown Reason,0.0,"{'node_level': {}, 'link_level': {}, 'path_level': {}}","{'node_level': {}, 'link_level': {}, 'path_level': {}}","{'node_level': {}, 'link_level': {}, 'path_level': {}}",[],-inf,-inf,True,True,False,0,[],0,0.0,0.0,0.0,2
40,3,2,2463.0,4227.0,2407319.194270884,4449004.553389756,0.5826827537260468,0.5410916454191343,16,48,1,325.0,13473,2205,11268,0.20253164556962022,0.2164116828929068,39,98.19593720777934,325.0,5,8,False,{},{},{},{},0.0,0.0,372.0,186.0,725.0,0.0,0.0,0.0,0.0,0.0,0.0,0.0,0.0,0.0,Unknown Reason,0.0,"{'node_level': {}, 'link_level': {}, 'path_level': {}}","{'node_level': {}, 'link_level': {}, 'path_level': {}}","{'node_level': {}, 'link_level': {}, 'path_level': {}}",[],-inf,-inf,True,True,False,0,[],0,0.0,0.0,0.0,2
41,3,2,2463.0,4227.0,2407319.194270884,4449004.553389756,0.5826827537260468,0.5410916454191343,16,49,1,328.0,13473,2205,11268,0.20253164556962022,0.2164116828929068,40,760.8495838383803,328.0,7,9,False,{},{},{},{},0.0,0.0,604.0,302.0,656.0,0.0,0.0,0.0,0.0,0.0,0.0,0.0,0.0,0.0,Unknown Reason,0.0,"{'node_level': {}, 'link_level': {}, 'path_level': {}}","{'node_level': {}, 'link_level': {}, 'path_level': {}}","{'node_level': {}, 'link_level': {}, 'path_level': {}}",[],-inf,-inf,True,True,False,0,[],0,0.0,0.0,0.0,2
42,3,2,2463.0,4227.0,2407319.194270884,4449004.553389756,0.5826827537260468,0.5410916454191343,16,50,1,334.0,13473,2205,11268,0.20253164556962022,0.2164116828929068,41,319.5270626266553,334.0,10,17,False,{},{},{},{},0.0,0.0,828.0,414.0,1405.0,0.0,0.0,0.0,0.0,0.0,0.0,0.0,0.0,0.0,Unknown Reason,0.0,"{'node_level': {}, 'link_level': {}, 'path_level': {}}","{'node_level': {}, 'link_level': {}, 'path_level': {}}","{'node_level': {}, 'link_level': {}, 'path_level': {}}",[],-inf,-inf,True,True,False,0,[],0,0.0,0.0,0.0,2
42,3,2,2463.0,4227.0,2407319.194270884,4449004.553389756,0.5826827537260468,0.5410916454191343,16,51,0,335.79588479393624,13473,2205,11268,0.20253164556962022,0.2164116828929068,25,124.79588479393625,211.0,8,12,False,{},{},{},{},0.0,0.0,0.0,0.0,0.0,0.0,0.0,0.0,0.0,0.0,0.0,0.0,0.0,0.0,Leave Event,0.0,"{'node_level': {}, 'link_level': {}, 'path_level': {}}","{'node_level': {}, 'link_level': {}, 'path_level': {}}","{'node_level': {}, 'link_level': {}, 'path_level': {}}",[],-inf,-inf,True,True,False,0,[],0,0.0,,,2
43,3,2,2463.0,4227.0,2407319.194270884,4449004.553389756,0.5826827537260468,0.5410916454191343,16,52,1,340.0,13473,2205,11268,0.20253164556962022,0.2164116828929068,42,150.2015914849124,340.0,7,14,False,{},{},{},{},0.0,0.0,546.0,273.0,1107.0,0.0,0.0,0.0,0.0,0.0,0.0,0.0,0.0,0.0,Unknown Reason,0.0,"{'node_level': {}, 'link_level': {}, 'path_level': {}}","{'node_level': {}, 'link_level': {}, 'path_level': {}}","{'node_level': {}, 'link_level': {}, 'path_level': {}}",[],-inf,-inf,True,True,False,0,[],0,0.0,0.0,0.0,2
43,3,2,2463.0,4227.0,2407319.194270884,4449004.553389756,0.5826827537260468,0.5410916454191343,16,53,0,343.6240785142239,13473,2205,11268,0.20253164556962022,0.2164116828929068,15,214.6240785142239,129.0,10,28,False,{},{},{},{},0.0,0.0,0.0,0.0,0.0,0.0,0.0,0.0,0.0,0.0,0.0,0.0,0.0,0.0,Leave Event,0.0,"{'node_level': {}, 'link_level': {}, 'path_level': {}}","{'node_level': {}, 'link_level': {}, 'path_level': {}}","{'node_level': {}, 'link_level': {}, 'path_level': {}}",[],-inf,-inf,True,True,False,0,[],0,0.0,,,2
44,3,2,2463.0,4227.0,2407319.194270884,4449004.553389756,0.5826827537260468,0.5410916454191343,16,54,1,345.0,13473,2205,11268,0.20253164556962022,0.2164116828929068,43,589.4762948660839,345.0,6,6,False,{},{},{},{},0.0,0.0,560.0,280.0,445.0,0.0,0.0,0.0,0.0,0.0,0.0,0.0,0.0,0.0,Unknown Reason,0.0,"{'node_level': {}, 'link_level': {}, 'path_level': {}}","{'node_level': {}, 'link_level': {}, 'path_level': {}}","{'node_level': {}, 'link_level': {}, 'path_level': {}}",[],-inf,-inf,True,True,False,0,[],0,0.0,0.0,0.0,2
45,3,2,2463.0,4227.0,2407319.194270884,4449004.553389756,0.5826827537260468,0.5410916454191343,16,55,1,349.0,13473,2205,11268,0.20253164556962022,0.2164116828929068,44,1968.2879632316167,349.0,10,24,False,{},{},{},{},0.0,0.0,948.0,474.0,1976.0,0.0,0.0,0.0,0.0,0.0,0.0,0.0,0.0,0.0,Unknown Reason,0.0,"{'node_level': {}, 'link_level': {}, 'path_level': {}}","{'node_level': {}, 'link_level': {}, 'path_level': {}}","{'node_level': {}, 'link_level': {}, 'path_level': {}}",[],-inf,-inf,True,True,False,0,[],0,0.0,0.0,0.0,2
46,3,2,2463.0,4227.0,2407319.194270884,4449004.553389756,0.5826827537260468,0.5410916454191343,16,56,1,359.0,13473,2205,11268,0.20253164556962022,0.2164116828929068,45,141.34964621752465,359.0,5,7,False,{},{},{},{},0.0,0.0,474.0,237.0,624.0,0.0,0.0,0.0,0.0,0.0,0.0,0.0,0.0,0.0,Unknown Reason,0.0,"{'node_level': {}, 'link_level': {}, 'path_level': {}}","{'node_level': {}, 'link_level': {}, 'path_level': {}}","{'node_level': {}, 'link_level': {}, 'path_level': {}}",[],-inf,-inf,True,True,False,0,[],0,0.0,0.0,0.0,2
47,3,2,2463.0,4227.0,2407319.194270884,4449004.553389756,0.5826827537260468,0.5410916454191343,16,57,1,369.0,13473,2205,11268,0.20253164556962022,0.2164116828929068,46,780.904693719913,369.0,6,11,False,{},{},{},{},0.0,0.0,444.0,222.0,700.0,0.0,0.0,0.0,0.0,0.0,0.0,0.0,0.0,0.0,Unknown Reason,0.0,"{'node_level': {}, 'link_level': {}, 'path_level': {}}","{'node_level': {}, 'link_level': {}, 'path_level': {}}","{'node_level': {}, 'link_level': {}, 'path_level': {}}",[],-inf,-inf,True,True,False,0,[],0,0.0,0.0,0.0,2
48,3,2,2463.0,4227.0,2407319.194270884,4449004.553389756,0.5826827537260468,0.5410916454191343,16,58,1,377.0,13473,2205,11268,0.20253164556962022,0.2164116828929068,47,718.4470937408524,377.0,5,4,False,{},{},{},{},0.0,0.0,478.0,239.0,318.0,0.0,0.0,0.0,0.0,0.0,0.0,0.0,0.0,0.0,Unknown Reason,0.0,"{'node_level': {}, 'link_level': {}, 'path_level': {}}","{'node_level': {}, 'link_level': {}, 'path_level': {}}","{'node_level': {}, 'link_level': {}, 'path_level': {}}",[],-inf,-inf,True,True,False,0,[],0,0.0,0.0,0.0,2
49,3,2,2463.0,4227.0,2407319.194270884,4449004.553389756,0.5826827537260468,0.5410916454191343,16,59,1,385.0,13473,2205,11268,0.20253164556962022,0.2164116828929068,48,63.93929545784591,385.0,7,8,False,{},{},{},{},0.0,0.0,582.0,291.0,752.0,0.0,0.0,0.0,0.0,0.0,0.0,0.0,0.0,0.0,Unknown Reason,0.0,"{'node_level': {}, 'link_level': {}, 'path_level': {}}","{'node_level': {}, 'link_level': {}, 'path_level': {}}","{'node_level': {}, 'link_level': {}, 'path_level': {}}",[],-inf,-inf,True,True,False,0,[],0,0.0,0.0,0.0,2
50,3,2,2463.0,4227.0,2407319.194270884,4449004.553389756,0.5826827537260468,0.5410916454191343,16,60,1,394.0,13473,2205,11268,0.20253164556962022,0.2164116828929068,49,912.873047099461,394.0,10,17,False,{},{},{},{},0.0,0.0,932.0,466.0,1269.0,0.0,0.0,0.0,0.0,0.0,0.0,0.0,0.0,0.0,Unknown Reason,0.0,"{'node_level': {}, 'link_level': {}, 'path_level': {}}","{'node_level': {}, 'link_level': {}, 'path_level': {}}","{'node_level': {}, 'link_level': {}, 'path_level': {}}",[],-inf,-inf,True,True,False,0,[],0,0.0,0.0,0.0,2
50,3,2,2463.0,4227.0,2407319.194270884,4449004.553389756,0.5826827537260468,0.5410916454191343,16,61,0,400.78076160090814,13473,2205,11268,0.20253164556962022,0.2164116828929068,31,129.78076160090816,271.0,7,11,False,{},{},{},{},0.0,0.0,0.0,0.0,0.0,0.0,0.0,0.0,0.0,0.0,0.0,0.0,0.0,0.0,Leave Event,0.0,"{'node_level': {}, 'link_level': {}, 'path_level': {}}","{'node_level': {}, 'link_level': {}, 'path_level': {}}","{'node_level': {}, 'link_level': {}, 'path_level': {}}",[],-inf,-inf,True,True,False,0,[],0,0.0,,,2
51,3,2,2463.0,4227.0,2407319.194270884,4449004.553389756,0.5826827537260468,0.5410916454191343,16,62,1,404.0,13473,2205,11268,0.20253164556962022,0.2164116828929068,50,309.70576469989254,404.0,6,9,False,{},{},{},{},0.0,0.0,576.0,288.0,808.0,0.0,0.0,0.0,0.0,0.0,0.0,0.0,0.0,0.0,Unknown Reason,0.0,"{'node_level': {}, 'link_level': {}, 'path_level': {}}","{'node_level': {}, 'link_level': {}, 'path_level': {}}","{'node_level': {}, 'link_level': {}, 'path_level': {}}",[],-inf,-inf,True,True,False,0,[],0,0.0,0.0,0.0,2
52,3,2,2463.0,4227.0,2407319.194270884,4449004.553389756,0.5826827537260468,0.5410916454191343,16,63,1,411.0,13473,2205,11268,0.20253164556962022,0.2164116828929068,51,67.2124001131856,411.0,6,10,False,{},{},{},{},0.0,0.0,488.0,244.0,732.0,0.0,0.0,0.0,0.0,0.0,0.0,0.0,0.0,0.0,Unknown Reason,0.0,"{'node_level': {}, 'link_level': {}, 'path_level': {}}","{'node_level': {}, 'link_level': {}, 'path_level': {}}","{'node_level': {}, 'link_level': {}, 'path_level': {}}",[],-inf,-inf,True,True,False,0,[],0,0.0,0.0,0.0,2
53,4,3,3212.0,5604.0,2695164.1053784867,4978193.395305869,0.5731620271234832,0.5413940141256587,19,64,1,423.0,12096,1959,10137,0.291500904159132,0.2950625869262865,52,384.3056223065453,423.0,6,7,True,"{np.int64(0): np.int64(22), np.int64(1): np.int64(12), np.int64(2): np.int64(24), np.int64(3): np.int64(25), np.int64(4): np.int64(2), np.int64(5): np.int64(20)}","{(0, 3): [(np.int64(22), 25)], (0, 4): [(np.int64(22), 21), (21, np.int64(2))], (1, 5): [(np.int64(12), 1), (1, np.int64(20))], (2, 3): [(np.int64(24), 22), (22, 25)], (2, 5): [(np.int64(24), 22), (22, 20)], (3, 4): [(np.int64(25), 22), (22, 21), (21, np.int64(2))], (4, 5): [(np.int64(2), 21), (21, 23), (23, np.int64(20))]}","{(np.int64(0), np.int64(22)): {'cpu': 43}, (np.int64(1), np.int64(12)): {'cpu': 36}, (np.int64(2), np.int64(24)): {'cpu': 52}, (np.int64(3), np.int64(25)): {'cpu': 25}, (np.int64(4), np.int64(2)): {'cpu': 50}, (np.int64(5), np.int64(20)): {'cpu': 40}}","{((0, 3), (np.int64(22), 25)): {'bw': 51}, ((0, 4), (np.int64(22), 21)): {'bw': 45}, ((0, 4), (21, np.int64(2))): {'bw': 45}, ((1, 5), (np.int64(12), 1)): {'bw': 78}, ((1, 5), (1, np.int64(20))): {'bw': 78}, ((2, 3), (np.int64(24), 22)): {'bw': 91}, ((2, 3), (22, 25)): {'bw': 91}, ((2, 5), (np.int64(24), 22)): {'bw': 62}, ((2, 5), (22, 20)): {'bw': 62}, ((3, 4), (np.int64(25), 22)): {'bw': 76}, ((3, 4), (22, 21)): {'bw': 76}, ((3, 4), (21, np.int64(2))): {'bw': 76}, ((4, 5), (np.int64(2), 21)): {'bw': 100}, ((4, 5), (21, 23)): {'bw': 100}, ((4, 5), (23, np.int64(20))): {'bw': 100}}",1377.0,749.0,738.0,246.0,503.0,246.0,503.0,246.0,1131.0,628.0,0.5439360929557008,529188.8419161128,287844.9111076024,209.03769869833144,Success,0.0,"{'node_level': {}, 'link_level': {}, 'path_level': {}}","{'node_level': {np.int64(0): {'cpu': -45}, np.int64(1): {'cpu': -45}, np.int64(2): {'cpu': -40}, np.int64(3): {'cpu': -68}, np.int64(4): {'cpu': -21}, np.int64(5): {'cpu': -10}}, 'link_level': {(0, 3): {'bw': -235}, (0, 4): {'bw': -111}, (1, 5): {'bw': -57}, (2, 3): {'bw': -144}, (2, 5): {'bw': -74}, (3, 4): {'bw': -35}, (4, 5): {'bw': -18}}, 'path_level': {(0, 3): {}, (0, 4): {}, (1, 5): {}, (2, 3): {}, (2, 5): {}, (3, 4): {}, (4, 5): {}}}","{'node_level': {np.int64(0): {'cpu': 0}, np.int64(1): {'cpu': 0}, np.int64(2): {'cpu': 0}, np.int64(3): {'cpu': 0}, np.int64(4): {'cpu': 0}, np.int64(5): {'cpu': 0}}, 'link_level': {(0, 3): {'bw': 0}, (0, 4): {'bw': 0}, (1, 5): {'bw': 0}, (2, 3): {'bw': 0}, (2, 5): {'bw': 0}, (3, 4): {'bw': 0}, (4, 5): {'bw': 0}}, 'path_level': {(0, 3): {}, (0, 4): {}, (1, 5): {}, (2, 3): {}, (2, 5): {}, (3, 4): {}, (4, 5): {}}}",[],-inf,-inf,True,True,False,0,[],0,0.0,6.0,7.0,2
53,4,3,3212.0,5604.0,2695164.1053784867,4978193.395305869,0.5731620271234832,0.5413940141256587,19,65,0,423.19593720777937,12096,1959,10137,0.291500904159132,0.2950625869262865,39,98.19593720777934,325.0,5,8,False,{},{},{},{},0.0,0.0,0.0,0.0,0.0,0.0,0.0,0.0,0.0,0.0,0.0,0.0,0.0,0.0,Leave Event,0.0,"{'node_level': {}, 'link_level': {}, 'path_level': {}}","{'node_level': {}, 'link_level': {}, 'path_level': {}}","{'node_level': {}, 'link_level': {}, 'path_level': {}}",[],-inf,-inf,True,True,False,0,[],0,0.0,,,2
54,4,3,3212.0,5604.0,2695164.1053784867,4978193.395305869,0.5731620271234832,0.5413940141256587,19,66,1,429.0,12096,1959,10137,0.291500904159132,0.2950625869262865,53,175.85276369443173,429.0,9,16,False,{},{},{},{},0.0,0.0,704.0,352.0,1301.0,0.0,0.0,0.0,0.0,0.0,0.0,0.0,0.0,0.0,Unknown Reason,0.0,"{'node_level': {}, 'link_level': {}, 'path_level': {}}","{'node_level': {}, 'link_level': {}, 'path_level': {}}","{'node_level': {}, 'link_level': {}, 'path_level': {}}",[],-inf,-inf,True,True,False,0,[],0,0.0,0.0,0.0,2
55,4,3,3212.0,5604.0,2695164.1053784867,4978193.395305869,0.5731620271234832,0.5413940141256587,19,67,1,438.0,12096,1959,10137,0.291500904159132,0.2950625869262865,54,96.62504407821689,438.0,7,10,False,{},{},{},{},0.0,0.0,444.0,222.0,697.0,0.0,0.0,0.0,0.0,0.0,0.0,0.0,0.0,0.0,Unknown Reason,0.0,"{'node_level': {}, 'link_level': {}, 'path_level': {}}","{'node_level': {}, 'link_level': {}, 'path_level': {}}","{'node_level': {}, 'link_level': {}, 'path_level': {}}",[],-inf,-inf,True,True,False,0,[],0,0.0,0.0,0.0,2
55,4,3,3212.0,5604.0,2695164.1053784867,4978193.395305869,0.5731620271234832,0.5413940141256587,19,68,0,447.3415594310883,12096,1959,10137,0.291500904159132,0.2950625869262865,3,414.3415594310883,33.0,8,16,False,{},{},{},{},0.0,0.0,0.0,0.0,0.0,0.0,0.0,0.0,0.0,0.0,0.0,0.0,0.0,0.0,Leave Event,0.0,"{'node_level': {}, 'link_level': {}, 'path_level': {}}","{'node_level': {}, 'link_level': {}, 'path_level': {}}","{'node_level': {}, 'link_level': {}, 'path_level': {}}",[],-inf,-inf,True,True,False,0,[],0,0.0,,,2
55,4,3,3212.0,5604.0,2695164.1053784867,4978193.395305869,0.5731620271234832,0.5413940141256587,19,69,0,448.9392954578459,12096,1959,10137,0.291500904159132,0.2950625869262865,48,63.93929545784591,385.0,7,8,False,{},{},{},{},0.0,0.0,0.0,0.0,0.0,0.0,0.0,0.0,0.0,0.0,0.0,0.0,0.0,0.0,Leave Event,0.0,"{'node_level': {}, 'link_level': {}, 'path_level': {}}","{'node_level': {}, 'link_level': {}, 'path_level': {}}","{'node_level': {}, 'link_level': {}, 'path_level': {}}",[],-inf,-inf,True,True,False,0,[],0,0.0,,,2
56,4,3,3212.0,5604.0,2695164.1053784867,4978193.395305869,0.5731620271234832,0.5413940141256587,19,70,1,450.0,12096,1959,10137,0.291500904159132,0.2950625869262865,55,41.276938139525015,450.0,8,13,False,{},{},{},{},0.0,0.0,580.0,290.0,905.0,0.0,0.0,0.0,0.0,0.0,0.0,0.0,0.0,0.0,Unknown Reason,0.0,"{'node_level': {}, 'link_level': {}, 'path_level': {}}","{'node_level': {}, 'link_level': {}, 'path_level': {}}","{'node_level': {}, 'link_level': {}, 'path_level': {}}",[],-inf,-inf,True,True,False,0,[],0,0.0,0.0,0.0,2
57,5,4,3812.0,6915.0,2761694.614010694,5123562.556667242,0.5512653651482284,0.5390184238927517,21,71,1,458.0,10785,1766,9019,0.3613019891500904,0.3728094575799722,56,110.8841810536786,458.0,5,6,True,"{np.int64(0): np.int64(0), np.int64(1): np.int64(21), np.int64(2): np.int64(5), np.int64(3): np.int64(23), np.int64(4): np.int64(10)}","{(0, 2): [(np.int64(0), 4), (4, 6), (6, np.int64(5))], (0, 3): [(np.int64(0), 20), (20, np.int64(23))], (0, 4): [(np.int64(0), 4), (4, 7), (7, np.int64(10))], (1, 3): [(np.int64(21), 23)], (2, 4): [(np.int64(5), 7), (7, np.int64(10))], (3, 4): [(np.int64(23), 21), (21, 3), (3, 5), (5, 7), (7, np.int64(10))]}","{(np.int64(0), np.int64(0)): {'cpu': 26}, (np.int64(1), np.int64(21)): {'cpu': 47}, (np.int64(2), np.int64(5)): {'cpu': 36}, (np.int64(3), np.int64(23)): {'cpu': 25}, (np.int64(4), np.int64(10)): {'cpu': 59}}","{((0, 2), (np.int64(0), 4)): {'bw': 82}, ((0, 2), (4, 6)): {'bw': 82}, ((0, 2), (6, np.int64(5))): {'bw': 82}, ((0, 3), (np.int64(0), 20)): {'bw': 65}, ((0, 3), (20, np.int64(23))): {'bw': 65}, ((0, 4), (np.int64(0), 4)): {'bw': 63}, ((0, 4), (4, 7)): {'bw': 63}, ((0, 4), (7, np.int64(10))): {'bw': 63}, ((1, 3), (np.int64(21), 23)): {'bw': 54}, ((2, 4), (np.int64(5), 7)): {'bw': 72}, ((2, 4), (7, np.int64(10))): {'bw': 72}, ((3, 4), (np.int64(23), 21)): {'bw': 71}, ((3, 4), (21, 3)): {'bw': 71}, ((3, 4), (3, 5)): {'bw': 71}, ((3, 4), (5, 7)): {'bw': 71}, ((3, 4), (7, np.int64(10))): {'bw': 71}}",1311.0,600.0,1930.0,193.0,407.0,193.0,407.0,193.0,1118.0,711.0,0.4576659038901602,145369.16136137265,66530.50863220716,50.747908949052,Success,0.0,"{'node_level': {}, 'link_level': {}, 'path_level': {}}","{'node_level': {np.int64(0): {'cpu': -7}, np.int64(1): {'cpu': -6}, np.int64(2): {'cpu': -57}, np.int64(3): {'cpu': -29}, np.int64(4): {'cpu': -25}}, 'link_level': {(0, 2): {'bw': -9}, (0, 3): {'bw': -1}, (0, 4): {'bw': -6}, (1, 3): {'bw': -183}, (2, 4): {'bw': -139}, (3, 4): {'bw': -40}}, 'path_level': {(0, 2): {}, (0, 3): {}, (0, 4): {}, (1, 3): {}, (2, 4): {}, (3, 4): {}}}","{'node_level': {np.int64(0): {'cpu': 0}, np.int64(1): {'cpu': 0}, np.int64(2): {'cpu': 0}, np.int64(3): {'cpu': 0}, np.int64(4): {'cpu': 0}}, 'link_level': {(0, 2): {'bw': 0}, (0, 3): {'bw': 0}, (0, 4): {'bw': 0}, (1, 3): {'bw': 0}, (2, 4): {'bw': 0}, (3, 4): {'bw': 0}}, 'path_level': {(0, 2): {}, (0, 3): {}, (0, 4): {}, (1, 3): {}, (2, 4): {}, (3, 4): {}}}",[],-inf,-inf,True,True,False,0,[],0,0.0,5.0,6.0,2
57,5,4,3812.0,6915.0,2761694.614010694,5123562.556667242,0.5512653651482284,0.5390184238927517,21,72,0,462.79657653216134,10785,1766,9019,0.3613019891500904,0.3728094575799722,30,200.79657653216137,262.0,6,9,False,{},{},{},{},0.0,0.0,0.0,0.0,0.0,0.0,0.0,0.0,0.0,0.0,0.0,0.0,0.0,0.0,Leave Event,0.0,"{'node_level': {}, 'link_level': {}, 'path_level': {}}","{'node_level': {}, 'link_level': {}, 'path_level': {}}","{'node_level': {}, 'link_level': {}, 'path_level': {}}",[],-inf,-inf,True,True,False,0,[],0,0.0,,,2
58,5,4,3812.0,6915.0,2761694.614010694,5123562.556667242,0.5512653651482284,0.5390184238927517,21,73,1,466.0,10785,1766,9019,0.3613019891500904,0.3728094575799722,57,280.6987287576031,466.0,8,13,False,{},{},{},{},0.0,0.0,688.0,344.0,919.0,0.0,0.0,0.0,0.0,0.0,0.0,0.0,0.0,0.0,Unknown Reason,0.0,"{'node_level': {}, 'link_level': {}, 'path_level': {}}","{'node_level': {}, 'link_level': {}, 'path_level': {}}","{'node_level': {}, 'link_level': {}, 'path_level': {}}",[],-inf,-inf,True,True,False,0,[],0,0.0,0.0,0.0,2
59,5,4,3812.0,6915.0,2761694.614010694,5123562.556667242,0.5512653651482284,0.5390184238927517,21,74,1,472.0,10785,1766,9019,0.3613019891500904,0.3728094575799722,58,513.3483154231568,472.0,5,6,False,{},{},{},{},0.0,0.0,408.0,204.0,459.0,0.0,0.0,0.0,0.0,0.0,0.0,0.0,0.0,0.0,Unknown Reason,0.0,"{'node_level': {}, 'link_level': {}, 'path_level': {}}","{'node_level': {}, 'link_level': {}, 'path_level': {}}","{'node_level': {}, 'link_level': {}, 'path_level': {}}",[],-inf,-inf,True,True,False,0,[],0,0.0,0.0,0.0,2
59,5,4,3812.0,6915.0,2761694.614010694,5123562.556667242,0.5512653651482284,0.5390184238927517,21,75,0,478.2124001131856,10785,1766,9019,0.3613019891500904,0.3728094575799722,51,67.2124001131856,411.0,6,10,False,{},{},{},{},0.0,0.0,0.0,0.0,0.0,0.0,0.0,0.0,0.0,0.0,0.0,0.0,0.0,0.0,Leave Event,0.0,"{'node_level': {}, 'link_level': {}, 'path_level': {}}","{'node_level': {}, 'link_level': {}, 'path_level': {}}","{'node_level': {}, 'link_level': {}, 'path_level': {}}",[],-inf,-inf,True,True,False,0,[],0,0.0,,,2
60,5,4,3812.0,6915.0,2761694.614010694,5123562.556667242,0.5512653651482284,0.5390184238927517,21,76,1,479.0,10785,1766,9019,0.3613019891500904,0.3728094575799722,59,45.71739774239766,479.0,7,10,False,{},{},{},{},0.0,0.0,540.0,270.0,795.0,0.0,0.0,0.0,0.0,0.0,0.0,0.0,0.0,0.0,Unknown Reason,0.0,"{'node_level': {}, 'link_level': {}, 'path_level': {}}","{'node_level': {}, 'link_level': {}, 'path_level': {}}","{'node_level': {}, 'link_level': {}, 'path_level': {}}",[],-inf,-inf,True,True,False,0,[],0,0.0,0.0,0.0,2
61,5,4,3812.0,6915.0,2761694.614010694,5123562.556667242,0.5512653651482284,0.5390184238927517,21,77,1,488.0,10785,1766,9019,0.3613019891500904,0.3728094575799722,60,628.9164279405528,488.0,7,13,False,{},{},{},{},0.0,0.0,422.0,211.0,1034.0,0.0,0.0,0.0,0.0,0.0,0.0,0.0,0.0,0.0,Unknown Reason,0.0,"{'node_level': {}, 'link_level': {}, 'path_level': {}}","{'node_level': {}, 'link_level': {}, 'path_level': {}}","{'node_level': {}, 'link_level': {}, 'path_level': {}}",[],-inf,-inf,True,True,False,0,[],0,0.0,0.0,0.0,2
61,5,4,3812.0,6915.0,2761694.614010694,5123562.556667242,0.5512653651482284,0.5390184238927517,21,78,0,488.53880582204164,10785,1766,9019,0.3613019891500904,0.3728094575799722,24,285.53880582204164,203.0,9,17,False,{},{},{},{},0.0,0.0,0.0,0.0,0.0,0.0,0.0,0.0,0.0,0.0,0.0,0.0,0.0,0.0,Leave Event,0.0,"{'node_level': {}, 'link_level': {}, 'path_level': {}}","{'node_level': {}, 'link_level': {}, 'path_level': {}}","{'node_level': {}, 'link_level': {}, 'path_level': {}}",[],-inf,-inf,True,True,False,0,[],0,0.0,,,2
61,5,4,3812.0,6915.0,2761694.614010694,5123562.556667242,0.5512653651482284,0.5390184238927517,21,79,0,490.2015914849124,10785,1766,9019,0.3613019891500904,0.3728094575799722,42,150.2015914849124,340.0,7,14,False,{},{},{},{},0.0,0.0,0.0,0.0,0.0,0.0,0.0,0.0,0.0,0.0,0.0,0.0,0.0,0.0,Leave Event,0.0,"{'node_level': {}, 'link_level': {}, 'path_level': {}}","{'node_level': {}, 'link_level': {}, 'path_level': {}}","{'node_level': {}, 'link_level': {}, 'path_level': {}}",[],-inf,-inf,True,True,False,0,[],0,0.0,,,2
61,5,4,3812.0,6915.0,2761694.614010694,5123562.556667242,0.5512653651482284,0.5390184238927517,21,80,0,491.276938139525,10785,1766,9019,0.3613019891500904,0.3728094575799722,55,41.276938139525015,450.0,8,13,False,{},{},{},{},0.0,0.0,0.0,0.0,0.0,0.0,0.0,0.0,0.0,0.0,0.0,0.0,0.0,0.0,Leave Event,0.0,"{'node_level': {}, 'link_level': {}, 'path_level': {}}","{'node_level': {}, 'link_level': {}, 'path_level': {}}","{'node_level': {}, 'link_level': {}, 'path_level': {}}",[],-inf,-inf,True,True,False,0,[],0,0.0,,,2
62,5,4,3812.0,6915.0,2761694.614010694,5123562.556667242,0.5512653651482284,0.5390184238927517,21,81,1,498.0,10785,1766,9019,0.3613019891500904,0.3728094575799722,61,53.65053808811481,498.0,5,6,False,{},{},{},{},0.0,0.0,446.0,223.0,502.0,0.0,0.0,0.0,0.0,0.0,0.0,0.0,0.0,0.0,Unknown Reason,0.0,"{'node_level': {}, 'link_level': {}, 'path_level': {}}","{'node_level': {}, 'link_level': {}, 'path_level': {}}","{'node_level': {}, 'link_level': {}, 'path_level': {}}",[],-inf,-inf,True,True,False,0,[],0,0.0,0.0,0.0,2
62,5,4,3812.0,6915.0,2761694.614010694,5123562.556667242,0.5512653651482284,0.5390184238927517,21,82,0,500.34964621752465,10785,1766,9019,0.3613019891500904,0.3728094575799722,45,141.34964621752465,359.0,5,7,False,{},{},{},{},0.0,0.0,0.0,0.0,0.0,0.0,0.0,0.0,0.0,0.0,0.0,0.0,0.0,0.0,Leave Event,0.0,"{'node_level': {}, 'link_level': {}, 'path_level': {}}","{'node_level': {}, 'link_level': {}, 'path_level': {}}","{'node_level': {}, 'link_level': {}, 'path_level': {}}",[],-inf,-inf,True,True,False,0,[],0,0.0,,,2
63,5,4,3812.0,6915.0,2761694.614010694,5123562.556667242,0.5512653651482284,0.5390184238927517,21,83,1,505.0,10785,1766,9019,0.3613019891500904,0.3728094575799722,62,96.54915148785676,505.0,9,12,False,{},{},{},{},0.0,0.0,680.0,340.0,917.0,0.0,0.0,0.0,0.0,0.0,0.0,0.0,0.0,0.0,Unknown Reason,0.0,"{'node_level': {}, 'link_level': {}, 'path_level': {}}","{'node_level': {}, 'link_level': {}, 'path_level': {}}","{'node_level': {}, 'link_level': {}, 'path_level': {}}",[],-inf,-inf,True,True,False,0,[],0,0.0,0.0,0.0,2
64,5,4,3812.0,6915.0,2761694.614010694,5123562.556667242,0.5512653651482284,0.5390184238927517,21,84,1,515.0,10785,1766,9019,0.3613019891500904,0.3728094575799722,63,624.6970585020666,515.0,7,10,False,{},{},{},{},0.0,0.0,620.0,310.0,895.0,0.0,0.0,0.0,0.0,0.0,0.0,0.0,0.0,0.0,Unknown Reason,0.0,"{'node_level': {}, 'link_level': {}, 'path_level': {}}","{'node_level': {}, 'link_level': {}, 'path_level': {}}","{'node_level': {}, 'link_level': {}, 'path_level': {}}",[],-inf,-inf,True,True,False,0,[],0,0.0,0.0,0.0,2
65,5,4,3812.0,6915.0,2761694.614010694,5123562.556667242,0.5512653651482284,0.5390184238927517,21,85,1,520.0,10785,1766,9019,0.3613019891500904,0.3728094575799722,64,1082.5593020591855,520.0,5,8,False,{},{},{},{},0.0,0.0,366.0,183.0,754.0,0.0,0.0,0.0,0.0,0.0,0.0,0.0,0.0,0.0,Unknown Reason,0.0,"{'node_level': {}, 'link_level': {}, 'path_level': {}}","{'node_level': {}, 'link_level': {}, 'path_level': {}}","{'node_level': {}, 'link_level': {}, 'path_level': {}}",[],-inf,-inf,True,True,False,0,[],0,0.0,0.0,0.0,2
65,5,4,3812.0,6915.0,2761694.614010694,5123562.556667242,0.5512653651482284,0.5390184238927517,21,86,0,524.7173977423977,10785,1766,9019,0.3613019891500904,0.3728094575799722,59,45.71739774239766,479.0,7,10,False,{},{},{},{},0.0,0.0,0.0,0.0,0.0,0.0,0.0,0.0,0.0,0.0,0.0,0.0,0.0,0.0,Leave Event,0.0,"{'node_level': {}, 'link_level': {}, 'path_level': {}}","{'node_level': {}, 'link_level': {}, 'path_level': {}}","{'node_level': {}, 'link_level': {}, 'path_level': {}}",[],-inf,-inf,True,True,False,0,[],0,0.0,,,2
66,5,4,3812.0,6915.0,2761694.614010694,5123562.556667242,0.5512653651482284,0.5390184238927517,21,87,1,529.0,10785,1766,9019,0.3613019891500904,0.3728094575799722,65,2041.3570606754013,529.0,7,10,False,{},{},{},{},0.0,0.0,596.0,298.0,924.0,0.0,0.0,0.0,0.0,0.0,0.0,0.0,0.0,0.0,Unknown Reason,0.0,"{'node_level': {}, 'link_level': {}, 'path_level': {}}","{'node_level': {}, 'link_level': {}, 'path_level': {}}","{'node_level': {}, 'link_level': {}, 'path_level': {}}",[],-inf,-inf,True,True,False,0,[],0,0.0,0.0,0.0,2
66,5,4,3812.0,6915.0,2761694.614010694,5123562.556667242,0.5512653651482284,0.5390184238927517,21,88,0,534.6250440782169,10785,1766,9019,0.3613019891500904,0.3728094575799722,54,96.62504407821689,438.0,7,10,False,{},{},{},{},0.0,0.0,0.0,0.0,0.0,0.0,0.0,0.0,0.0,0.0,0.0,0.0,0.0,0.0,Leave Event,0.0,"{'node_level': {}, 'link_level': {}, 'path_level': {}}","{'node_level': {}, 'link_level': {}, 'path_level': {}}","{'node_level': {}, 'link_level': {}, 'path_level': {}}",[],-inf,-inf,True,True,False,0,[],0,0.0,,,2
67,5,4,3812.0,6915.0,2761694.614010694,5123562.556667242,0.5512653651482284,0.5390184238927517,21,89,1,537.0,10785,1766,9019,0.3613019891500904,0.3728094575799722,66,529.0811906916113,537.0,9,16,False,{},{},{},{},0.0,0.0,736.0,368.0,1253.0,0.0,0.0,0.0,0.0,0.0,0.0,0.0,0.0,0.0,Unknown Reason,0.0,"{'node_level': {}, 'link_level': {}, 'path_level': {}}","{'node_level': {}, 'link_level': {}, 'path_level': {}}","{'node_level': {}, 'link_level': {}, 'path_level': {}}",[],-inf,-inf,True,True,False,0,[],0,0.0,0.0,0.0,2
68,5,4,3812.0,6915.0,2761694.614010694,5123562.556667242,0.5512653651482284,0.5390184238927517,21,90,1,544.0,10785,1766,9019,0.3613019891500904,0.3728094575799722,67,324.791373867923,544.0,6,8,False,{},{},{},{},0.0,0.0,500.0,250.0,584.0,0.0,0.0,0.0,0.0,0.0,0.0,0.0,0.0,0.0,Unknown Reason,0.0,"{'node_level': {}, 'link_level': {}, 'path_level': {}}","{'node_level': {}, 'link_level': {}, 'path_level': {}}","{'node_level': {}, 'link_level': {}, 'path_level': {}}",[],-inf,-inf,True,True,False,0,[],0,0.0,0.0,0.0,2
68,5,4,3812.0,6915.0,2761694.614010694,5123562.556667242,0.5512653651482284,0.5390184238927517,21,91,0,551.613891842895,10785,1766,9019,0.3613019891500904,0.3728094575799722,36,244.613891842895,307.0,9,17,False,{},{},{},{},0.0,0.0,0.0,0.0,0.0,0.0,0.0,0.0,0.0,0.0,0.0,0.0,0.0,0.0,Leave Event,0.0,"{'node_level': {}, 'link_level': {}, 'path_level': {}}","{'node_level': {}, 'link_level': {}, 'path_level': {}}","{'node_level': {}, 'link_level': {}, 'path_level': {}}",[],-inf,-inf,True,True,False,0,[],0,0.0,,,2
68,5,4,3812.0,6915.0,2761694.614010694,5123562.556667242,0.5512653651482284,0.5390184238927517,21,92,0,551.6505380881148,10785,1766,9019,0.3613019891500904,0.3728094575799722,61,53.65053808811481,498.0,5,6,False,{},{},{},{},0.0,0.0,0.0,0.0,0.0,0.0,0.0,0.0,0.0,0.0,0.0,0.0,0.0,0.0,Leave Event,0.0,"{'node_level': {}, 'link_level': {}, 'path_level': {}}","{'node_level': {}, 'link_level': {}, 'path_level': {}}","{'node_level': {}, 'link_level': {}, 'path_level': {}}",[],-inf,-inf,True,True,False,0,[],0,0.0,,,2
68,5,4,3812.0,6915.0,2761694.614010694,5123562.556667242,0.5512653651482284,0.5390184238927517,21,93,0,552.6268279833569,10785,1766,9019,0.3613019891500904,0.3728094575799722,33,267.62682798335686,285.0,9,19,False,{},{},{},{},0.0,0.0,0.0,0.0,0.0,0.0,0.0,0.0,0.0,0.0,0.0,0.0,0.0,0.0,Leave Event,0.0,"{'node_level': {}, 'link_level': {}, 'path_level': {}}","{'node_level': {}, 'link_level': {}, 'path_level': {}}","{'node_level': {}, 'link_level': {}, 'path_level': {}}",[],-inf,-inf,True,True,False,0,[],0,0.0,,,2
69,5,4,3812.0,6915.0,2761694.614010694,5123562.556667242,0.5512653651482284,0.5390184238927517,21,94,1,555.0,10785,1766,9019,0.3613019891500904,0.3728094575799722,68,45.94118591502219,555.0,10,27,False,{},{},{},{},0.0,0.0,836.0,418.0,2072.0,0.0,0.0,0.0,0.0,0.0,0.0,0.0,0.0,0.0,Unknown Reason,0.0,"{'node_level': {}, 'link_level': {}, 'path_level': {}}","{'node_level': {}, 'link_level': {}, 'path_level': {}}","{'node_level': {}, 'link_level': {}, 'path_level': {}}",[],-inf,-inf,True,True,False,0,[],0,0.0,0.0,0.0,2
69,5,4,3812.0,6915.0,2761694.614010694,5123562.556667242,0.5512653651482284,0.5390184238927517,21,95,0,555.6574897879198,10785,1766,9019,0.3613019891500904,0.3728094575799722,38,239.65748978791973,316.0,6,11,False,{},{},{},{},0.0,0.0,0.0,0.0,0.0,0.0,0.0,0.0,0.0,0.0,0.0,0.0,0.0,0.0,Leave Event,0.0,"{'node_level': {}, 'link_level': {}, 'path_level': {}}","{'node_level': {}, 'link_level': {}, 'path_level': {}}","{'node_level': {}, 'link_level': {}, 'path_level': {}}",[],-inf,-inf,True,True,False,0,[],0,0.0,,,2
69,5,4,3812.0,6915.0,2761694.614010694,5123562.556667242,0.5512653651482284,0.5390184238927517,21,96,0,558.9866512507838,10785,1766,9019,0.3613019891500904,0.3728094575799722,16,420.9866512507837,138.0,8,14,False,{},{},{},{},0.0,0.0,0.0,0.0,0.0,0.0,0.0,0.0,0.0,0.0,0.0,0.0,0.0,0.0,Leave Event,0.0,"{'node_level': {}, 'link_level': {}, 'path_level': {}}","{'node_level': {}, 'link_level': {}, 'path_level': {}}","{'node_level': {}, 'link_level': {}, 'path_level': {}}",[],-inf,-inf,True,True,False,0,[],0,0.0,,,2
70,5,4,3812.0,6915.0,2761694.614010694,5123562.556667242,0.5512653651482284,0.5390184238927517,21,97,1,559.0,10785,1766,9019,0.3613019891500904,0.3728094575799722,69,409.2994165546682,559.0,8,16,False,{},{},{},{},0.0,0.0,702.0,351.0,1168.0,0.0,0.0,0.0,0.0,0.0,0.0,0.0,0.0,0.0,Unknown Reason,0.0,"{'node_level': {}, 'link_level': {}, 'path_level': {}}","{'node_level': {}, 'link_level': {}, 'path_level': {}}","{'node_level': {}, 'link_level': {}, 'path_level': {}}",[],-inf,-inf,True,True,False,0,[],0,0.0,0.0,0.0,2
70,5,3,3812.0,6915.0,2761694.614010694,5123562.556667242,0.5512653651482284,0.5390184238927517,21,98,0,568.8841810536786,12096,1959,10137,0.291500904159132,0.2950625869262865,56,110.8841810536786,458.0,5,6,False,{},{},{},{},0.0,0.0,0.0,0.0,0.0,0.0,0.0,0.0,0.0,0.0,0.0,0.0,0.0,0.0,Leave Event,0.0,"{'node_level': {}, 'link_level': {}, 'path_level': {}}","{'node_level': {}, 'link_level': {}, 'path_level': {}}","{'node_level': {}, 'link_level': {}, 'path_level': {}}",[],-inf,-inf,True,True,False,0,[],0,0.0,,,2
71,5,3,3812.0,6915.0,2761694.614010694,5123562.556667242,0.5512653651482284,0.5390184238927517,21,99,1,569.0,12096,1959,10137,0.291500904159132,0.2950625869262865,70,99.92732112292434,569.0,5,7,False,{},{},{},{},0.0,0.0,328.0,164.0,604.0,0.0,0.0,0.0,0.0,0.0,0.0,0.0,0.0,0.0,Unknown Reason,0.0,"{'node_level': {}, 'link_level': {}, 'path_level': {}}","{'node_level': {}, 'link_level': {}, 'path_level': {}}","{'node_level': {}, 'link_level': {}, 'path_level': {}}",[],-inf,-inf,True,True,False,0,[],0,0.0,0.0,0.0,2
72,5,3,3812.0,6915.0,2761694.614010694,5123562.556667242,0.5512653651482284,0.5390184238927517,21,100,1,580.0,12096,1959,10137,0.291500904159132,0.2950625869262865,71,361.1871411954342,580.0,7,12,False,{},{},{},{},0.0,0.0,522.0,261.0,1026.0,0.0,0.0,0.0,0.0,0.0,0.0,0.0,0.0,0.0,Unknown Reason,0.0,"{'node_level': {}, 'link_level': {}, 'path_level': {}}","{'node_level': {}, 'link_level': {}, 'path_level': {}}","{'node_level': {}, 'link_level': {}, 'path_level': {}}",[],-inf,-inf,True,True,False,0,[],0,0.0,0.0,0.0,2
73,5,3,3812.0,6915.0,2761694.614010694,5123562.556667242,0.5512653651482284,0.5390184238927517,21,101,1,586.0,12096,1959,10137,0.291500904159132,0.2950625869262865,72,469.4345438628334,586.0,6,7,False,{},{},{},{},0.0,0.0,566.0,283.0,499.0,0.0,0.0,0.0,0.0,0.0,0.0,0.0,0.0,0.0,Unknown Reason,0.0,"{'node_level': {}, 'link_level': {}, 'path_level': {}}","{'node_level': {}, 'link_level': {}, 'path_level': {}}","{'node_level': {}, 'link_level': {}, 'path_level': {}}",[],-inf,-inf,True,True,False,0,[],0,0.0,0.0,0.0,2
74,5,3,3812.0,6915.0,2761694.614010694,5123562.556667242,0.5512653651482284,0.5390184238927517,21,102,1,591.0,12096,1959,10137,0.291500904159132,0.2950625869262865,73,895.5173363460804,591.0,9,19,False,{},{},{},{},0.0,0.0,758.0,379.0,1469.0,0.0,0.0,0.0,0.0,0.0,0.0,0.0,0.0,0.0,Unknown Reason,0.0,"{'node_level': {}, 'link_level': {}, 'path_level': {}}","{'node_level': {}, 'link_level': {}, 'path_level': {}}","{'node_level': {}, 'link_level': {}, 'path_level': {}}",[],-inf,-inf,True,True,False,0,[],0,0.0,0.0,0.0,2
75,5,3,3812.0,6915.0,2761694.614010694,5123562.556667242,0.5512653651482284,0.5390184238927517,21,103,1,595.0,12096,1959,10137,0.291500904159132,0.2950625869262865,74,195.59665491452856,595.0,5,5,False,{},{},{},{},0.0,0.0,346.0,173.0,361.0,0.0,0.0,0.0,0.0,0.0,0.0,0.0,0.0,0.0,Unknown Reason,0.0,"{'node_level': {}, 'link_level': {}, 'path_level': {}}","{'node_level': {}, 'link_level': {}, 'path_level': {}}","{'node_level': {}, 'link_level': {}, 'path_level': {}}",[],-inf,-inf,True,True,False,0,[],0,0.0,0.0,0.0,2
75,5,3,3812.0,6915.0,2761694.614010694,5123562.556667242,0.5512653651482284,0.5390184238927517,21,104,0,600.9411859150222,12096,1959,10137,0.291500904159132,0.2950625869262865,68,45.94118591502219,555.0,10,27,False,{},{},{},{},0.0,0.0,0.0,0.0,0.0,0.0,0.0,0.0,0.0,0.0,0.0,0.0,0.0,0.0,Leave Event,0.0,"{'node_level': {}, 'link_level': {}, 'path_level': {}}","{'node_level': {}, 'link_level': {}, 'path_level': {}}","{'node_level': {}, 'link_level': {}, 'path_level': {}}",[],-inf,-inf,True,True,False,0,[],0,0.0,,,2
75,5,3,3812.0,6915.0,2761694.614010694,5123562.556667242,0.5512653651482284,0.5390184238927517,21,105,0,601.5491514878568,12096,1959,10137,0.291500904159132,0.2950625869262865,62,96.54915148785676,505.0,9,12,False,{},{},{},{},0.0,0.0,0.0,0.0,0.0,0.0,0.0,0.0,0.0,0.0,0.0,0.0,0.0,0.0,Leave Event,0.0,"{'node_level': {}, 'link_level': {}, 'path_level': {}}","{'node_level': {}, 'link_level': {}, 'path_level': {}}","{'node_level': {}, 'link_level': {}, 'path_level': {}}",[],-inf,-inf,True,True,False,0,[],0,0.0,,,2
76,5,3,3812.0,6915.0,2761694.614010694,5123562.556667242,0.5512653651482284,0.5390184238927517,21,106,1,604.0,12096,1959,10137,0.291500904159132,0.2950625869262865,75,2248.700486173692,604.0,6,7,False,{},{},{},{},0.0,0.0,422.0,211.0,458.0,0.0,0.0,0.0,0.0,0.0,0.0,0.0,0.0,0.0,Unknown Reason,0.0,"{'node_level': {}, 'link_level': {}, 'path_level': {}}","{'node_level': {}, 'link_level': {}, 'path_level': {}}","{'node_level': {}, 'link_level': {}, 'path_level': {}}",[],-inf,-inf,True,True,False,0,[],0,0.0,0.0,0.0,2
76,5,3,3812.0,6915.0,2761694.614010694,5123562.556667242,0.5512653651482284,0.5390184238927517,21,107,0,604.8527636944317,12096,1959,10137,0.291500904159132,0.2950625869262865,53,175.85276369443173,429.0,9,16,False,{},{},{},{},0.0,0.0,0.0,0.0,0.0,0.0,0.0,0.0,0.0,0.0,0.0,0.0,0.0,0.0,Leave Event,0.0,"{'node_level': {}, 'link_level': {}, 'path_level': {}}","{'node_level': {}, 'link_level': {}, 'path_level': {}}","{'node_level': {}, 'link_level': {}, 'path_level': {}}",[],-inf,-inf,True,True,False,0,[],0,0.0,,,2
77,5,3,3812.0,6915.0,2761694.614010694,5123562.556667242,0.5512653651482284,0.5390184238927517,21,108,1,607.0,12096,1959,10137,0.291500904159132,0.2950625869262865,76,2644.2092578954366,607.0,10,19,False,{},{},{},{},0.0,0.0,626.0,313.0,1412.0,0.0,0.0,0.0,0.0,0.0,0.0,0.0,0.0,0.0,Unknown Reason,0.0,"{'node_level': {}, 'link_level': {}, 'path_level': {}}","{'node_level': {}, 'link_level': {}, 'path_level': {}}","{'node_level': {}, 'link_level': {}, 'path_level': {}}",[],-inf,-inf,True,True,False,0,[],0,0.0,0.0,0.0,2
77,5,3,3812.0,6915.0,2761694.614010694,5123562.556667242,0.5512653651482284,0.5390184238927517,21,109,0,610.9576239147773,12096,1959,10137,0.291500904159132,0.2950625869262865,5,565.9576239147773,45.0,8,14,False,{},{},{},{},0.0,0.0,0.0,0.0,0.0,0.0,0.0,0.0,0.0,0.0,0.0,0.0,0.0,0.0,Leave Event,0.0,"{'node_level': {}, 'link_level': {}, 'path_level': {}}","{'node_level': {}, 'link_level': {}, 'path_level': {}}","{'node_level': {}, 'link_level': {}, 'path_level': {}}",[],-inf,-inf,True,True,False,0,[],0,0.0,,,2
78,5,3,3812.0,6915.0,2761694.614010694,5123562.556667242,0.5512653651482284,0.5390184238927517,21,110,1,616.0,12096,1959,10137,0.291500904159132,0.2950625869262865,77,874.7835670134227,616.0,6,7,False,{},{},{},{},0.0,0.0,392.0,196.0,477.0,0.0,0.0,0.0,0.0,0.0,0.0,0.0,0.0,0.0,Unknown Reason,0.0,"{'node_level': {}, 'link_level': {}, 'path_level': {}}","{'node_level': {}, 'link_level': {}, 'path_level': {}}","{'node_level': {}, 'link_level': {}, 'path_level': {}}",[],-inf,-inf,True,True,False,0,[],0,0.0,0.0,0.0,2
79,5,3,3812.0,6915.0,2761694.614010694,5123562.556667242,0.5512653651482284,0.5390184238927517,21,111,1,623.0,12096,1959,10137,0.291500904159132,0.2950625869262865,78,592.3344078953928,623.0,10,19,False,{},{},{},{},0.0,0.0,772.0,386.0,1439.0,0.0,0.0,0.0,0.0,0.0,0.0,0.0,0.0,0.0,Unknown Reason,0.0,"{'node_level': {}, 'link_level': {}, 'path_level': {}}","{'node_level': {}, 'link_level': {}, 'path_level': {}}","{'node_level': {}, 'link_level': {}, 'path_level': {}}",[],-inf,-inf,True,True,False,0,[],0,0.0,0.0,0.0,2
80,5,3,3812.0,6915.0,2761694.614010694,5123562.556667242,0.5512653651482284,0.5390184238927517,21,112,1,634.0,12096,1959,10137,0.291500904159132,0.2950625869262865,79,661.509189756853,634.0,10,19,False,{},{},{},{},0.0,0.0,826.0,413.0,1486.0,0.0,0.0,0.0,0.0,0.0,0.0,0.0,0.0,0.0,Unknown Reason,0.0,"{'node_level': {}, 'link_level': {}, 'path_level': {}}","{'node_level': {}, 'link_level': {}, 'path_level': {}}","{'node_level': {}, 'link_level': {}, 'path_level': {}}",[],-inf,-inf,True,True,False,0,[],0,0.0,0.0,0.0,2
81,6,4,4679.0,9093.0,3664065.758543689,7390418.78826224,0.5145716485208403,0.49578594441266377,25,113,1,640.0,9918,1751,8167,0.3667269439421338,0.4320584144645341,80,1040.7971678581255,640.0,6,9,True,"{np.int64(0): np.int64(0), np.int64(1): np.int64(5), np.int64(2): np.int64(31), np.int64(3): np.int64(27), np.int64(4): np.int64(29), np.int64(5): np.int64(34)}","{(0, 1): [(np.int64(0), 4), (4, 7), (7, np.int64(5))], (0, 3): [(np.int64(0), 28), (28, 1), (1, 20), (20, 23), (23, np.int64(27))], (0, 4): [(np.int64(0), 28), (28, 30), (30, np.int64(29))], (1, 4): [(np.int64(5), 2), (2, np.int64(29))], (1, 5): [(np.int64(5), 3), (3, 29), (29, 31), (31, np.int64(34))], (2, 3): [(np.int64(31), 29), (29, 3), (3, 21), (21, 23), (23, np.int64(27))], (2, 4): [(np.int64(31), 29)], (2, 5): [(np.int64(31), 34)], (4, 5): [(np.int64(29), 31), (31, np.int64(34))]}","{(np.int64(0), np.int64(0)): {'cpu': 31}, (np.int64(1), np.int64(5)): {'cpu': 24}, (np.int64(2), np.int64(31)): {'cpu': 46}, (np.int64(3), np.int64(27)): {'cpu': 21}, (np.int64(4), np.int64(29)): {'cpu': 50}, (np.int64(5), np.int64(34)): {'cpu': 36}}","{((0, 1), (np.int64(0), 4)): {'bw': 113}, ((0, 1), (4, 7)): {'bw': 113}, ((0, 1), (7, np.int64(5))): {'bw': 113}, ((0, 3), (np.int64(0), 28)): {'bw': 82}, ((0, 3), (28, 1)): {'bw': 82}, ((0, 3), (1, 20)): {'bw': 82}, ((0, 3), (20, 23)): {'bw': 82}, ((0, 3), (23, np.int64(27))): {'bw': 82}, ((0, 4), (np.int64(0), 28)): {'bw': 47}, ((0, 4), (28, 30)): {'bw': 47}, ((0, 4), (30, np.int64(29))): {'bw': 47}, ((1, 4), (np.int64(5), 2)): {'bw': 60}, ((1, 4), (2, np.int64(29))): {'bw': 60}, ((1, 5), (np.int64(5), 3)): {'bw': 65}, ((1, 5), (3, 29)): {'bw': 65}, ((1, 5), (29, 31)): {'bw': 65}, ((1, 5), (31, np.int64(34))): {'bw': 65}, ((2, 3), (np.int64(31), 29)): {'bw': 79}, ((2, 3), (29, 3)): {'bw': 79}, ((2, 3), (3, 21)): {'bw': 79}, ((2, 3), (21, 23)): {'bw': 79}, ((2, 3), (23, np.int64(27))): {'bw': 79}, ((2, 4), (np.int64(31), 29)): {'bw': 61}, ((2, 5), (np.int64(31), 34)): {'bw': 60}, ((4, 5), (np.int64(29), 31)): {'bw': 92}, ((4, 5), (31, np.int64(34))): {'bw': 92}}",2178.0,867.0,624.0,208.0,659.0,208.0,659.0,208.0,1970.0,1311.0,0.39807162534435264,2266856.2315949975,902371.1445329948,414.311820263083,Success,0.0,"{'node_level': {}, 'link_level': {}, 'path_level': {}}","{'node_level': {np.int64(0): {'cpu': -2}, np.int64(1): {'cpu': -69}, np.int64(2): {'cpu': -9}, np.int64(3): {'cpu': -67}, np.int64(4): {'cpu': -33}, np.int64(5): {'cpu': -60}}, 'link_level': {(0, 1): {'bw': -38}, (0, 3): {'bw': -17}, (0, 4): {'bw': -209}, (1, 4): {'bw': -24}, (1, 5): {'bw': -162}, (2, 3): {'bw': -32}, (2, 4): {'bw': -163}, (2, 5): {'bw': -273}, (4, 5): {'bw': -71}}, 'path_level': {(0, 1): {}, (0, 3): {}, (0, 4): {}, (1, 4): {}, (1, 5): {}, (2, 3): {}, (2, 4): {}, (2, 5): {}, (4, 5): {}}}","{'node_level': {np.int64(0): {'cpu': 0}, np.int64(1): {'cpu': 0}, np.int64(2): {'cpu': 0}, np.int64(3): {'cpu': 0}, np.int64(4): {'cpu': 0}, np.int64(5): {'cpu': 0}}, 'link_level': {(0, 1): {'bw': 0}, (0, 3): {'bw': 0}, (0, 4): {'bw': 0}, (1, 4): {'bw': 0}, (1, 5): {'bw': 0}, (2, 3): {'bw': 0}, (2, 4): {'bw': 0}, (2, 5): {'bw': 0}, (4, 5): {'bw': 0}}, 'path_level': {(0, 1): {}, (0, 3): {}, (0, 4): {}, (1, 4): {}, (1, 5): {}, (2, 3): {}, (2, 4): {}, (2, 5): {}, (4, 5): {}}}",[],-inf,-inf,True,True,False,0,[],0,0.0,6.0,9.0,2
82,6,4,4679.0,9093.0,3664065.758543689,7390418.78826224,0.5145716485208403,0.49578594441266377,25,114,1,645.0,9918,1751,8167,0.3667269439421338,0.4320584144645341,81,1513.200373587617,645.0,7,12,False,{},{},{},{},0.0,0.0,526.0,263.0,1094.0,0.0,0.0,0.0,0.0,0.0,0.0,0.0,0.0,0.0,Unknown Reason,0.0,"{'node_level': {}, 'link_level': {}, 'path_level': {}}","{'node_level': {}, 'link_level': {}, 'path_level': {}}","{'node_level': {}, 'link_level': {}, 'path_level': {}}",[],-inf,-inf,True,True,False,0,[],0,0.0,0.0,0.0,2
82,6,4,4679.0,9093.0,3664065.758543689,7390418.78826224,0.5145716485208403,0.49578594441266377,25,115,0,653.5270626266554,9918,1751,8167,0.3667269439421338,0.4320584144645341,41,319.5270626266553,334.0,10,17,False,{},{},{},{},0.0,0.0,0.0,0.0,0.0,0.0,0.0,0.0,0.0,0.0,0.0,0.0,0.0,0.0,Leave Event,0.0,"{'node_level': {}, 'link_level': {}, 'path_level': {}}","{'node_level': {}, 'link_level': {}, 'path_level': {}}","{'node_level': {}, 'link_level': {}, 'path_level': {}}",[],-inf,-inf,True,True,False,0,[],0,0.0,,,2
83,6,4,4679.0,9093.0,3664065.758543689,7390418.78826224,0.5145716485208403,0.49578594441266377,25,116,1,657.0,9918,1751,8167,0.3667269439421338,0.4320584144645341,82,956.1605580926552,657.0,9,23,False,{},{},{},{},0.0,0.0,566.0,283.0,1899.0,0.0,0.0,0.0,0.0,0.0,0.0,0.0,0.0,0.0,Unknown Reason,0.0,"{'node_level': {}, 'link_level': {}, 'path_level': {}}","{'node_level': {}, 'link_level': {}, 'path_level': {}}","{'node_level': {}, 'link_level': {}, 'path_level': {}}",[],-inf,-inf,True,True,False,0,[],0,0.0,0.0,0.0,2
83,6,4,4679.0,9093.0,3664065.758543689,7390418.78826224,0.5145716485208403,0.49578594441266377,25,117,0,668.9273211229244,9918,1751,8167,0.3667269439421338,0.4320584144645341,70,99.92732112292434,569.0,5,7,False,{},{},{},{},0.0,0.0,0.0,0.0,0.0,0.0,0.0,0.0,0.0,0.0,0.0,0.0,0.0,0.0,Leave Event,0.0,"{'node_level': {}, 'link_level': {}, 'path_level': {}}","{'node_level': {}, 'link_level': {}, 'path_level': {}}","{'node_level': {}, 'link_level': {}, 'path_level': {}}",[],-inf,-inf,True,True,False,0,[],0,0.0,,,2
84,6,4,4679.0,9093.0,3664065.758543689,7390418.78826224,0.5145716485208403,0.49578594441266377,25,118,1,670.0,9918,1751,8167,0.3667269439421338,0.4320584144645341,83,512.1309926314782,670.0,7,13,False,{},{},{},{},0.0,0.0,496.0,248.0,934.0,0.0,0.0,0.0,0.0,0.0,0.0,0.0,0.0,0.0,Unknown Reason,0.0,"{'node_level': {}, 'link_level': {}, 'path_level': {}}","{'node_level': {}, 'link_level': {}, 'path_level': {}}","{'node_level': {}, 'link_level': {}, 'path_level': {}}",[],-inf,-inf,True,True,False,0,[],0,0.0,0.0,0.0,2
85,6,4,4679.0,9093.0,3664065.758543689,7390418.78826224,0.5145716485208403,0.49578594441266377,25,119,1,678.0,9918,1751,8167,0.3667269439421338,0.4320584144645341,84,38.169744915379454,678.0,8,13,False,{},{},{},{},0.0,0.0,650.0,325.0,967.0,0.0,0.0,0.0,0.0,0.0,0.0,0.0,0.0,0.0,Unknown Reason,0.0,"{'node_level': {}, 'link_level': {}, 'path_level': {}}","{'node_level': {}, 'link_level': {}, 'path_level': {}}","{'node_level': {}, 'link_level': {}, 'path_level': {}}",[],-inf,-inf,True,True,False,0,[],0,0.0,0.0,0.0,2
86,6,4,4679.0,9093.0,3664065.758543689,7390418.78826224,0.5145716485208403,0.49578594441266377,25,120,1,684.0,9918,1751,8167,0.3667269439421338,0.4320584144645341,85,488.2655374417354,684.0,9,17,False,{},{},{},{},0.0,0.0,754.0,377.0,1544.0,0.0,0.0,0.0,0.0,0.0,0.0,0.0,0.0,0.0,Unknown Reason,0.0,"{'node_level': {}, 'link_level': {}, 'path_level': {}}","{'node_level': {}, 'link_level': {}, 'path_level': {}}","{'node_level': {}, 'link_level': {}, 'path_level': {}}",[],-inf,-inf,True,True,False,0,[],0,0.0,0.0,0.0,2
87,6,4,4679.0,9093.0,3664065.758543689,7390418.78826224,0.5145716485208403,0.49578594441266377,25,121,1,693.0,9918,1751,8167,0.3667269439421338,0.4320584144645341,86,217.8698146119972,693.0,10,18,False,{},{},{},{},0.0,0.0,808.0,404.0,1527.0,0.0,0.0,0.0,0.0,0.0,0.0,0.0,0.0,0.0,Unknown Reason,0.0,"{'node_level': {}, 'link_level': {}, 'path_level': {}}","{'node_level': {}, 'link_level': {}, 'path_level': {}}","{'node_level': {}, 'link_level': {}, 'path_level': {}}",[],-inf,-inf,True,True,False,0,[],0,0.0,0.0,0.0,2
88,6,4,4679.0,9093.0,3664065.758543689,7390418.78826224,0.5145716485208403,0.49578594441266377,25,122,1,701.0,9918,1751,8167,0.3667269439421338,0.4320584144645341,87,90.02923369140416,701.0,7,8,False,{},{},{},{},0.0,0.0,534.0,267.0,637.0,0.0,0.0,0.0,0.0,0.0,0.0,0.0,0.0,0.0,Unknown Reason,0.0,"{'node_level': {}, 'link_level': {}, 'path_level': {}}","{'node_level': {}, 'link_level': {}, 'path_level': {}}","{'node_level': {}, 'link_level': {}, 'path_level': {}}",[],-inf,-inf,True,True,False,0,[],0,0.0,0.0,0.0,2
89,6,4,4679.0,9093.0,3664065.758543689,7390418.78826224,0.5145716485208403,0.49578594441266377,25,123,1,705.0,9918,1751,8167,0.3667269439421338,0.4320584144645341,88,1118.2403986936947,705.0,5,4,False,{},{},{},{},0.0,0.0,402.0,201.0,258.0,0.0,0.0,0.0,0.0,0.0,0.0,0.0,0.0,0.0,Unknown Reason,0.0,"{'node_level': {}, 'link_level': {}, 'path_level': {}}","{'node_level': {}, 'link_level': {}, 'path_level': {}}","{'node_level': {}, 'link_level': {}, 'path_level': {}}",[],-inf,-inf,True,True,False,0,[],0,0.0,0.0,0.0,2
90,6,4,4679.0,9093.0,3664065.758543689,7390418.78826224,0.5145716485208403,0.49578594441266377,25,124,1,712.0,9918,1751,8167,0.3667269439421338,0.4320584144645341,89,871.1718395636135,712.0,7,9,False,{},{},{},{},0.0,0.0,424.0,212.0,787.0,0.0,0.0,0.0,0.0,0.0,0.0,0.0,0.0,0.0,Unknown Reason,0.0,"{'node_level': {}, 'link_level': {}, 'path_level': {}}","{'node_level': {}, 'link_level': {}, 'path_level': {}}","{'node_level': {}, 'link_level': {}, 'path_level': {}}",[],-inf,-inf,True,True,False,0,[],0,0.0,0.0,0.0,2
90,6,4,4679.0,9093.0,3664065.758543689,7390418.78826224,0.5145716485208403,0.49578594441266377,25,125,0,713.7057646998926,9918,1751,8167,0.3667269439421338,0.4320584144645341,50,309.70576469989254,404.0,6,9,False,{},{},{},{},0.0,0.0,0.0,0.0,0.0,0.0,0.0,0.0,0.0,0.0,0.0,0.0,0.0,0.0,Leave Event,0.0,"{'node_level': {}, 'link_level': {}, 'path_level': {}}","{'node_level': {}, 'link_level': {}, 'path_level': {}}","{'node_level': {}, 'link_level': {}, 'path_level': {}}",[],-inf,-inf,True,True,False,0,[],0,0.0,,,2
90,6,4,4679.0,9093.0,3664065.758543689,7390418.78826224,0.5145716485208403,0.49578594441266377,25,126,0,716.1697449153794,9918,1751,8167,0.3667269439421338,0.4320584144645341,84,38.169744915379454,678.0,8,13,False,{},{},{},{},0.0,0.0,0.0,0.0,0.0,0.0,0.0,0.0,0.0,0.0,0.0,0.0,0.0,0.0,Leave Event,0.0,"{'node_level': {}, 'link_level': {}, 'path_level': {}}","{'node_level': {}, 'link_level': {}, 'path_level': {}}","{'node_level': {}, 'link_level': {}, 'path_level': {}}",[],-inf,-inf,True,True,False,0,[],0,0.0,,,2
91,6,4,4679.0,9093.0,3664065.758543689,7390418.78826224,0.5145716485208403,0.49578594441266377,25,127,1,723.0,9918,1751,8167,0.3667269439421338,0.4320584144645341,90,373.9478754592252,723.0,8,15,False,{},{},{},{},0.0,0.0,606.0,303.0,1328.0,0.0,0.0,0.0,0.0,0.0,0.0,0.0,0.0,0.0,Unknown Reason,0.0,"{'node_level': {}, 'link_level': {}, 'path_level': {}}","{'node_level': {}, 'link_level': {}, 'path_level': {}}","{'node_level': {}, 'link_level': {}, 'path_level': {}}",[],-inf,-inf,True,True,False,0,[],0,0.0,0.0,0.0,2
92,6,4,4679.0,9093.0,3664065.758543689,7390418.78826224,0.5145716485208403,0.49578594441266377,25,128,1,731.0,9918,1751,8167,0.3667269439421338,0.4320584144645341,91,311.2970691296686,731.0,8,16,False,{},{},{},{},0.0,0.0,492.0,246.0,1233.0,0.0,0.0,0.0,0.0,0.0,0.0,0.0,0.0,0.0,Unknown Reason,0.0,"{'node_level': {}, 'link_level': {}, 'path_level': {}}","{'node_level': {}, 'link_level': {}, 'path_level': {}}","{'node_level': {}, 'link_level': {}, 'path_level': {}}",[],-inf,-inf,True,True,False,0,[],0,0.0,0.0,0.0,2
93,6,4,4679.0,9093.0,3664065.758543689,7390418.78826224,0.5145716485208403,0.49578594441266377,25,129,1,739.0,9918,1751,8167,0.3667269439421338,0.4320584144645341,92,335.9877338046161,739.0,5,7,False,{},{},{},{},0.0,0.0,458.0,229.0,472.0,0.0,0.0,0.0,0.0,0.0,0.0,0.0,0.0,0.0,Unknown Reason,0.0,"{'node_level': {}, 'link_level': {}, 'path_level': {}}","{'node_level': {}, 'link_level': {}, 'path_level': {}}","{'node_level': {}, 'link_level': {}, 'path_level': {}}",[],-inf,-inf,True,True,False,0,[],0,0.0,0.0,0.0,2
93,6,4,4679.0,9093.0,3664065.758543689,7390418.78826224,0.5145716485208403,0.49578594441266377,25,130,0,746.698728757603,9918,1751,8167,0.3667269439421338,0.4320584144645341,57,280.6987287576031,466.0,8,13,False,{},{},{},{},0.0,0.0,0.0,0.0,0.0,0.0,0.0,0.0,0.0,0.0,0.0,0.0,0.0,0.0,Leave Event,0.0,"{'node_level': {}, 'link_level': {}, 'path_level': {}}","{'node_level': {}, 'link_level': {}, 'path_level': {}}","{'node_level': {}, 'link_level': {}, 'path_level': {}}",[],-inf,-inf,True,True,False,0,[],0,0.0,,,2
94,6,4,4679.0,9093.0,3664065.758543689,7390418.78826224,0.5145716485208403,0.49578594441266377,25,131,1,753.0,9918,1751,8167,0.3667269439421338,0.4320584144645341,93,151.03928303810676,753.0,5,5,False,{},{},{},{},0.0,0.0,406.0,203.0,469.0,0.0,0.0,0.0,0.0,0.0,0.0,0.0,0.0,0.0,Unknown Reason,0.0,"{'node_level': {}, 'link_level': {}, 'path_level': {}}","{'node_level': {}, 'link_level': {}, 'path_level': {}}","{'node_level': {}, 'link_level': {}, 'path_level': {}}",[],-inf,-inf,True,True,False,0,[],0,0.0,0.0,0.0,2
95,6,4,4679.0,9093.0,3664065.758543689,7390418.78826224,0.5145716485208403,0.49578594441266377,25,132,1,758.0,9918,1751,8167,0.3667269439421338,0.4320584144645341,94,257.6159277591568,758.0,10,24,False,{},{},{},{},0.0,0.0,770.0,385.0,2039.0,0.0,0.0,0.0,0.0,0.0,0.0,0.0,0.0,0.0,Unknown Reason,0.0,"{'node_level': {}, 'link_level': {}, 'path_level': {}}","{'node_level': {}, 'link_level': {}, 'path_level': {}}","{'node_level': {}, 'link_level': {}, 'path_level': {}}",[],-inf,-inf,True,True,False,0,[],0,0.0,0.0,0.0,2
95,6,4,4679.0,9093.0,3664065.758543689,7390418.78826224,0.5145716485208403,0.49578594441266377,25,133,0,769.2097908690325,9918,1751,8167,0.3667269439421338,0.4320584144645341,32,492.2097908690325,277.0,5,6,False,{},{},{},{},0.0,0.0,0.0,0.0,0.0,0.0,0.0,0.0,0.0,0.0,0.0,0.0,0.0,0.0,Leave Event,0.0,"{'node_level': {}, 'link_level': {}, 'path_level': {}}","{'node_level': {}, 'link_level': {}, 'path_level': {}}","{'node_level': {}, 'link_level': {}, 'path_level': {}}",[],-inf,-inf,True,True,False,0,[],0,0.0,,,2
96,6,4,4679.0,9093.0,3664065.758543689,7390418.78826224,0.5145716485208403,0.49578594441266377,25,134,1,771.0,9918,1751,8167,0.3667269439421338,0.4320584144645341,95,286.9447317034216,771.0,8,14,False,{},{},{},{},0.0,0.0,738.0,369.0,1106.0,0.0,0.0,0.0,0.0,0.0,0.0,0.0,0.0,0.0,Unknown Reason,0.0,"{'node_level': {}, 'link_level': {}, 'path_level': {}}","{'node_level': {}, 'link_level': {}, 'path_level': {}}","{'node_level': {}, 'link_level': {}, 'path_level': {}}",[],-inf,-inf,True,True,False,0,[],0,0.0,0.0,0.0,2
97,6,4,4679.0,9093.0,3664065.758543689,7390418.78826224,0.5145716485208403,0.49578594441266377,25,135,1,774.0,9918,1751,8167,0.3667269439421338,0.4320584144645341,96,7.585314259313696,774.0,10,26,False,{},{},{},{},0.0,0.0,828.0,414.0,2444.0,0.0,0.0,0.0,0.0,0.0,0.0,0.0,0.0,0.0,Unknown Reason,0.0,"{'node_level': {}, 'link_level': {}, 'path_level': {}}","{'node_level': {}, 'link_level': {}, 'path_level': {}}","{'node_level': {}, 'link_level': {}, 'path_level': {}}",[],-inf,-inf,True,True,False,0,[],0,0.0,0.0,0.0,2
98,6,4,4679.0,9093.0,3664065.758543689,7390418.78826224,0.5145716485208403,0.49578594441266377,25,136,1,779.0,9918,1751,8167,0.3667269439421338,0.4320584144645341,97,1117.023616872072,779.0,8,16,False,{},{},{},{},0.0,0.0,492.0,246.0,1206.0,0.0,0.0,0.0,0.0,0.0,0.0,0.0,0.0,0.0,Unknown Reason,0.0,"{'node_level': {}, 'link_level': {}, 'path_level': {}}","{'node_level': {}, 'link_level': {}, 'path_level': {}}","{'node_level': {}, 'link_level': {}, 'path_level': {}}",[],-inf,-inf,True,True,False,0,[],0,0.0,0.0,0.0,2
98,6,4,4679.0,9093.0,3664065.758543689,7390418.78826224,0.5145716485208403,0.49578594441266377,25,137,0,781.5853142593137,9918,1751,8167,0.3667269439421338,0.4320584144645341,96,7.585314259313696,774.0,10,26,False,{},{},{},{},0.0,0.0,0.0,0.0,0.0,0.0,0.0,0.0,0.0,0.0,0.0,0.0,0.0,0.0,Leave Event,0.0,"{'node_level': {}, 'link_level': {}, 'path_level': {}}","{'node_level': {}, 'link_level': {}, 'path_level': {}}","{'node_level': {}, 'link_level': {}, 'path_level': {}}",[],-inf,-inf,True,True,False,0,[],0,0.0,,,2
99,6,4,4679.0,9093.0,3664065.758543689,7390418.78826224,0.5145716485208403,0.49578594441266377,25,138,1,788.0,9918,1751,8167,0.3667269439421338,0.4320584144645341,98,14.79129995382185,788.0,10,23,False,{},{},{},{},0.0,0.0,808.0,404.0,1731.0,0.0,0.0,0.0,0.0,0.0,0.0,0.0,0.0,0.0,Unknown Reason,0.0,"{'node_level': {}, 'link_level': {}, 'path_level': {}}","{'node_level': {}, 'link_level': {}, 'path_level': {}}","{'node_level': {}, 'link_level': {}, 'path_level': {}}",[],-inf,-inf,True,True,False,0,[],0,0.0,0.0,0.0,2
99,6,4,4679.0,9093.0,3664065.758543689,7390418.78826224,0.5145716485208403,0.49578594441266377,25,139,0,790.5966549145286,9918,1751,8167,0.3667269439421338,0.4320584144645341,74,195.59665491452856,595.0,5,5,False,{},{},{},{},0.0,0.0,0.0,0.0,0.0,0.0,0.0,0.0,0.0,0.0,0.0,0.0,0.0,0.0,Leave Event,0.0,"{'node_level': {}, 'link_level': {}, 'path_level': {}}","{'node_level': {}, 'link_level': {}, 'path_level': {}}","{'node_level': {}, 'link_level': {}, 'path_level': {}}",[],-inf,-inf,True,True,False,0,[],0,0.0,,,2
99,6,4,4679.0,9093.0,3664065.758543689,7390418.78826224,0.5145716485208403,0.49578594441266377,25,140,0,791.0292336914042,9918,1751,8167,0.3667269439421338,0.4320584144645341,87,90.02923369140416,701.0,7,8,False,{},{},{},{},0.0,0.0,0.0,0.0,0.0,0.0,0.0,0.0,0.0,0.0,0.0,0.0,0.0,0.0,Leave Event,0.0,"{'node_level': {}, 'link_level': {}, 'path_level': {}}","{'node_level': {}, 'link_level': {}, 'path_level': {}}","{'node_level': {}, 'link_level': {}, 'path_level': {}}",[],-inf,-inf,True,True,False,0,[],0,0.0,,,2
100,6,4,4679.0,9093.0,3664065.758543689,7390418.78826224,0.5145716485208403,0.49578594441266377,25,141,1,797.0,9918,1751,8167,0.3667269439421338,0.4320584144645341,99,233.31895702187518,797.0,5,4,False,{},{},{},{},0.0,0.0,396.0,198.0,287.0,0.0,0.0,0.0,0.0,0.0,0.0,0.0,0.0,0.0,Unknown Reason,0.0,"{'node_level': {}, 'link_level': {}, 'path_level': {}}","{'node_level': {}, 'link_level': {}, 'path_level': {}}","{'node_level': {}, 'link_level': {}, 'path_level': {}}",[],-inf,-inf,True,True,False,0,[],0,0.0,0.0,0.0,2
101,6,4,4679.0,9093.0,3664065.758543689,7390418.78826224,0.5145716485208403,0.49578594441266377,25,142,1,799.0,9918,1751,8167,0.3667269439421338,0.4320584144645341,100,50.39289489713439,799.0,5,8,False,{},{},{},{},0.0,0.0,344.0,172.0,637.0,0.0,0.0,0.0,0.0,0.0,0.0,0.0,0.0,0.0,Unknown Reason,0.0,"{'node_level': {}, 'link_level': {}, 'path_level': {}}","{'node_level': {}, 'link_level': {}, 'path_level': {}}","{'node_level': {}, 'link_level': {}, 'path_level': {}}",[],-inf,-inf,True,True,False,0,[],0,0.0,0.0,0.0,2
101,6,4,4679.0,9093.0,3664065.758543689,7390418.78826224,0.5145716485208403,0.49578594441266377,25,143,0,802.7912999538219,9918,1751,8167,0.3667269439421338,0.4320584144645341,98,14.79129995382185,788.0,10,23,False,{},{},{},{},0.0,0.0,0.0,0.0,0.0,0.0,0.0,0.0,0.0,0.0,0.0,0.0,0.0,0.0,Leave Event,0.0,"{'node_level': {}, 'link_level': {}, 'path_level': {}}","{'node_level': {}, 'link_level': {}, 'path_level': {}}","{'node_level': {}, 'link_level': {}, 'path_level': {}}",[],-inf,-inf,True,True,False,0,[],0,0.0,,,2
102,6,4,4679.0,9093.0,3664065.758543689,7390418.78826224,0.5145716485208403,0.49578594441266377,25,144,1,807.0,9918,1751,8167,0.3667269439421338,0.4320584144645341,101,109.67806654177916,807.0,7,7,False,{},{},{},{},0.0,0.0,488.0,244.0,420.0,0.0,0.0,0.0,0.0,0.0,0.0,0.0,0.0,0.0,Unknown Reason,0.0,"{'node_level': {}, 'link_level': {}, 'path_level': {}}","{'node_level': {}, 'link_level': {}, 'path_level': {}}","{'node_level': {}, 'link_level': {}, 'path_level': {}}",[],-inf,-inf,True,True,False,0,[],0,0.0,0.0,0.0,2
102,6,3,4679.0,9093.0,3664065.758543689,7390418.78826224,0.5145716485208403,0.49578594441266377,25,145,0,807.3056223065453,11295,1997,9298,0.277757685352622,0.35340751043115437,52,384.3056223065453,423.0,6,7,False,{},{},{},{},0.0,0.0,0.0,0.0,0.0,0.0,0.0,0.0,0.0,0.0,0.0,0.0,0.0,0.0,Leave Event,0.0,"{'node_level': {}, 'link_level': {}, 'path_level': {}}","{'node_level': {}, 'link_level': {}, 'path_level': {}}","{'node_level': {}, 'link_level': {}, 'path_level': {}}",[],-inf,-inf,True,True,False,0,[],0,0.0,,,2
103,6,3,4679.0,9093.0,3664065.758543689,7390418.78826224,0.5145716485208403,0.49578594441266377,25,146,1,813.0,11295,1997,9298,0.277757685352622,0.35340751043115437,102,1427.2953147212122,813.0,10,20,False,{},{},{},{},0.0,0.0,770.0,385.0,1543.0,0.0,0.0,0.0,0.0,0.0,0.0,0.0,0.0,0.0,Unknown Reason,0.0,"{'node_level': {}, 'link_level': {}, 'path_level': {}}","{'node_level': {}, 'link_level': {}, 'path_level': {}}","{'node_level': {}, 'link_level': {}, 'path_level': {}}",[],-inf,-inf,True,True,False,0,[],0,0.0,0.0,0.0,2
103,6,3,4679.0,9093.0,3664065.758543689,7390418.78826224,0.5145716485208403,0.49578594441266377,25,147,0,816.2434158630444,11295,1997,9298,0.277757685352622,0.35340751043115437,35,514.2434158630444,302.0,7,9,False,{},{},{},{},0.0,0.0,0.0,0.0,0.0,0.0,0.0,0.0,0.0,0.0,0.0,0.0,0.0,0.0,Leave Event,0.0,"{'node_level': {}, 'link_level': {}, 'path_level': {}}","{'node_level': {}, 'link_level': {}, 'path_level': {}}","{'node_level': {}, 'link_level': {}, 'path_level': {}}",[],-inf,-inf,True,True,False,0,[],0,0.0,,,2
104,6,3,4679.0,9093.0,3664065.758543689,7390418.78826224,0.5145716485208403,0.49578594441266377,25,148,1,820.0,11295,1997,9298,0.277757685352622,0.35340751043115437,103,232.02761538398053,820.0,8,21,False,{},{},{},{},0.0,0.0,696.0,348.0,1717.0,0.0,0.0,0.0,0.0,0.0,0.0,0.0,0.0,0.0,Unknown Reason,0.0,"{'node_level': {}, 'link_level': {}, 'path_level': {}}","{'node_level': {}, 'link_level': {}, 'path_level': {}}","{'node_level': {}, 'link_level': {}, 'path_level': {}}",[],-inf,-inf,True,True,False,0,[],0,0.0,0.0,0.0,2
104,6,3,4679.0,9093.0,3664065.758543689,7390418.78826224,0.5145716485208403,0.49578594441266377,25,149,0,830.9278799349253,11295,1997,9298,0.277757685352622,0.35340751043115437,20,655.9278799349253,175.0,8,17,False,{},{},{},{},0.0,0.0,0.0,0.0,0.0,0.0,0.0,0.0,0.0,0.0,0.0,0.0,0.0,0.0,Leave Event,0.0,"{'node_level': {}, 'link_level': {}, 'path_level': {}}","{'node_level': {}, 'link_level': {}, 'path_level': {}}","{'node_level': {}, 'link_level': {}, 'path_level': {}}",[],-inf,-inf,True,True,False,0,[],0,0.0,,,2
105,6,3,4679.0,9093.0,3664065.758543689,7390418.78826224,0.5145716485208403,0.49578594441266377,25,150,1,831.0,11295,1997,9298,0.277757685352622,0.35340751043115437,104,652.8197084288254,831.0,6,11,False,{},{},{},{},0.0,0.0,446.0,223.0,815.0,0.0,0.0,0.0,0.0,0.0,0.0,0.0,0.0,0.0,Unknown Reason,0.0,"{'node_level': {}, 'link_level': {}, 'path_level': {}}","{'node_level': {}, 'link_level': {}, 'path_level': {}}","{'node_level': {}, 'link_level': {}, 'path_level': {}}",[],-inf,-inf,True,True,False,0,[],0,0.0,0.0,0.0,2
106,6,3,4679.0,9093.0,3664065.758543689,7390418.78826224,0.5145716485208403,0.49578594441266377,25,151,1,835.0,11295,1997,9298,0.277757685352622,0.35340751043115437,105,67.42905537955637,835.0,10,27,False,{},{},{},{},0.0,0.0,870.0,435.0,2105.0,0.0,0.0,0.0,0.0,0.0,0.0,0.0,0.0,0.0,Unknown Reason,0.0,"{'node_level': {}, 'link_level': {}, 'path_level': {}}","{'node_level': {}, 'link_level': {}, 'path_level': {}}","{'node_level': {}, 'link_level': {}, 'path_level': {}}",[],-inf,-inf,True,True,False,0,[],0,0.0,0.0,0.0,2
107,6,3,4679.0,9093.0,3664065.758543689,7390418.78826224,0.5145716485208403,0.49578594441266377,25,152,1,846.0,11295,1997,9298,0.277757685352622,0.35340751043115437,106,144.6970497051178,846.0,7,8,False,{},{},{},{},0.0,0.0,584.0,292.0,700.0,0.0,0.0,0.0,0.0,0.0,0.0,0.0,0.0,0.0,Unknown Reason,0.0,"{'node_level': {}, 'link_level': {}, 'path_level': {}}","{'node_level': {}, 'link_level': {}, 'path_level': {}}","{'node_level': {}, 'link_level': {}, 'path_level': {}}",[],-inf,-inf,True,True,False,0,[],0,0.0,0.0,0.0,2
107,6,3,4679.0,9093.0,3664065.758543689,7390418.78826224,0.5145716485208403,0.49578594441266377,25,153,0,849.3928948971344,11295,1997,9298,0.277757685352622,0.35340751043115437,100,50.39289489713439,799.0,5,8,False,{},{},{},{},0.0,0.0,0.0,0.0,0.0,0.0,0.0,0.0,0.0,0.0,0.0,0.0,0.0,0.0,Leave Event,0.0,"{'node_level': {}, 'link_level': {}, 'path_level': {}}","{'node_level': {}, 'link_level': {}, 'path_level': {}}","{'node_level': {}, 'link_level': {}, 'path_level': {}}",[],-inf,-inf,True,True,False,0,[],0,0.0,,,2
108,6,3,4679.0,9093.0,3664065.758543689,7390418.78826224,0.5145716485208403,0.49578594441266377,25,154,1,854.0,11295,1997,9298,0.277757685352622,0.35340751043115437,107,1065.3055150078635,854.0,8,15,False,{},{},{},{},0.0,0.0,572.0,286.0,1223.0,0.0,0.0,0.0,0.0,0.0,0.0,0.0,0.0,0.0,Unknown Reason,0.0,"{'node_level': {}, 'link_level': {}, 'path_level': {}}","{'node_level': {}, 'link_level': {}, 'path_level': {}}","{'node_level': {}, 'link_level': {}, 'path_level': {}}",[],-inf,-inf,True,True,False,0,[],0,0.0,0.0,0.0,2
108,6,3,4679.0,9093.0,3664065.758543689,7390418.78826224,0.5145716485208403,0.49578594441266377,25,155,0,862.1492383005581,11295,1997,9298,0.277757685352622,0.35340751043115437,28,624.1492383005581,238.0,9,14,False,{},{},{},{},0.0,0.0,0.0,0.0,0.0,0.0,0.0,0.0,0.0,0.0,0.0,0.0,0.0,0.0,Leave Event,0.0,"{'node_level': {}, 'link_level': {}, 'path_level': {}}","{'node_level': {}, 'link_level': {}, 'path_level': {}}","{'node_level': {}, 'link_level': {}, 'path_level': {}}",[],-inf,-inf,True,True,False,0,[],0,0.0,,,2
109,6,3,4679.0,9093.0,3664065.758543689,7390418.78826224,0.5145716485208403,0.49578594441266377,25,156,1,864.0,11295,1997,9298,0.277757685352622,0.35340751043115437,108,1168.051034257492,864.0,9,17,False,{},{},{},{},0.0,0.0,780.0,390.0,1292.0,0.0,0.0,0.0,0.0,0.0,0.0,0.0,0.0,0.0,Unknown Reason,0.0,"{'node_level': {}, 'link_level': {}, 'path_level': {}}","{'node_level': {}, 'link_level': {}, 'path_level': {}}","{'node_level': {}, 'link_level': {}, 'path_level': {}}",[],-inf,-inf,True,True,False,0,[],0,0.0,0.0,0.0,2
109,6,3,4679.0,9093.0,3664065.758543689,7390418.78826224,0.5145716485208403,0.49578594441266377,25,157,0,866.9251806544353,11295,1997,9298,0.277757685352622,0.35340751043115437,27,635.9251806544353,231.0,5,4,False,{},{},{},{},0.0,0.0,0.0,0.0,0.0,0.0,0.0,0.0,0.0,0.0,0.0,0.0,0.0,0.0,Leave Event,0.0,"{'node_level': {}, 'link_level': {}, 'path_level': {}}","{'node_level': {}, 'link_level': {}, 'path_level': {}}","{'node_level': {}, 'link_level': {}, 'path_level': {}}",[],-inf,-inf,True,True,False,0,[],0,0.0,,,2
109,6,3,4679.0,9093.0,3664065.758543689,7390418.78826224,0.5145716485208403,0.49578594441266377,25,158,0,868.7913738679231,11295,1997,9298,0.277757685352622,0.35340751043115437,67,324.791373867923,544.0,6,8,False,{},{},{},{},0.0,0.0,0.0,0.0,0.0,0.0,0.0,0.0,0.0,0.0,0.0,0.0,0.0,0.0,Leave Event,0.0,"{'node_level': {}, 'link_level': {}, 'path_level': {}}","{'node_level': {}, 'link_level': {}, 'path_level': {}}","{'node_level': {}, 'link_level': {}, 'path_level': {}}",[],-inf,-inf,True,True,False,0,[],0,0.0,,,2
110,6,3,4679.0,9093.0,3664065.758543689,7390418.78826224,0.5145716485208403,0.49578594441266377,25,159,1,873.0,11295,1997,9298,0.277757685352622,0.35340751043115437,109,169.5826104764788,873.0,8,10,False,{},{},{},{},0.0,0.0,558.0,279.0,743.0,0.0,0.0,0.0,0.0,0.0,0.0,0.0,0.0,0.0,Unknown Reason,0.0,"{'node_level': {}, 'link_level': {}, 'path_level': {}}","{'node_level': {}, 'link_level': {}, 'path_level': {}}","{'node_level': {}, 'link_level': {}, 'path_level': {}}",[],-inf,-inf,True,True,False,0,[],0,0.0,0.0,0.0,2
111,6,3,4679.0,9093.0,3664065.758543689,7390418.78826224,0.5145716485208403,0.49578594441266377,25,160,1,886.0,11295,1997,9298,0.277757685352622,0.35340751043115437,110,1707.3409174991905,886.0,8,15,False,{},{},{},{},0.0,0.0,646.0,323.0,1216.0,0.0,0.0,0.0,0.0,0.0,0.0,0.0,0.0,0.0,Unknown Reason,0.0,"{'node_level': {}, 'link_level': {}, 'path_level': {}}","{'node_level': {}, 'link_level': {}, 'path_level': {}}","{'node_level': {}, 'link_level': {}, 'path_level': {}}",[],-inf,-inf,True,True,False,0,[],0,0.0,0.0,0.0,2
112,6,3,4679.0,9093.0,3664065.758543689,7390418.78826224,0.5145716485208403,0.49578594441266377,25,161,1,892.0,11295,1997,9298,0.277757685352622,0.35340751043115437,111,551.4597792631687,892.0,6,8,False,{},{},{},{},0.0,0.0,476.0,238.0,737.0,0.0,0.0,0.0,0.0,0.0,0.0,0.0,0.0,0.0,Unknown Reason,0.0,"{'node_level': {}, 'link_level': {}, 'path_level': {}}","{'node_level': {}, 'link_level': {}, 'path_level': {}}","{'node_level': {}, 'link_level': {}, 'path_level': {}}",[],-inf,-inf,True,True,False,0,[],0,0.0,0.0,0.0,2
113,6,3,4679.0,9093.0,3664065.758543689,7390418.78826224,0.5145716485208403,0.49578594441266377,25,162,1,899.0,11295,1997,9298,0.277757685352622,0.35340751043115437,112,349.5894409100426,899.0,9,16,False,{},{},{},{},0.0,0.0,856.0,428.0,1301.0,0.0,0.0,0.0,0.0,0.0,0.0,0.0,0.0,0.0,Unknown Reason,0.0,"{'node_level': {}, 'link_level': {}, 'path_level': {}}","{'node_level': {}, 'link_level': {}, 'path_level': {}}","{'node_level': {}, 'link_level': {}, 'path_level': {}}",[],-inf,-inf,True,True,False,0,[],0,0.0,0.0,0.0,2
113,6,3,4679.0,9093.0,3664065.758543689,7390418.78826224,0.5145716485208403,0.49578594441266377,25,163,0,902.4290553795564,11295,1997,9298,0.277757685352622,0.35340751043115437,105,67.42905537955637,835.0,10,27,False,{},{},{},{},0.0,0.0,0.0,0.0,0.0,0.0,0.0,0.0,0.0,0.0,0.0,0.0,0.0,0.0,Leave Event,0.0,"{'node_level': {}, 'link_level': {}, 'path_level': {}}","{'node_level': {}, 'link_level': {}, 'path_level': {}}","{'node_level': {}, 'link_level': {}, 'path_level': {}}",[],-inf,-inf,True,True,False,0,[],0,0.0,,,2
113,6,3,4679.0,9093.0,3664065.758543689,7390418.78826224,0.5145716485208403,0.49578594441266377,25,164,0,903.9030268301261,11295,1997,9298,0.277757685352622,0.35340751043115437,14,785.9030268301261,118.0,9,16,False,{},{},{},{},0.0,0.0,0.0,0.0,0.0,0.0,0.0,0.0,0.0,0.0,0.0,0.0,0.0,0.0,Leave Event,0.0,"{'node_level': {}, 'link_level': {}, 'path_level': {}}","{'node_level': {}, 'link_level': {}, 'path_level': {}}","{'node_level': {}, 'link_level': {}, 'path_level': {}}",[],-inf,-inf,True,True,False,0,[],0,0.0,,,2
113,6,3,4679.0,9093.0,3664065.758543689,7390418.78826224,0.5145716485208403,0.49578594441266377,25,165,0,904.0392830381068,11295,1997,9298,0.277757685352622,0.35340751043115437,93,151.03928303810676,753.0,5,5,False,{},{},{},{},0.0,0.0,0.0,0.0,0.0,0.0,0.0,0.0,0.0,0.0,0.0,0.0,0.0,0.0,Leave Event,0.0,"{'node_level': {}, 'link_level': {}, 'path_level': {}}","{'node_level': {}, 'link_level': {}, 'path_level': {}}","{'node_level': {}, 'link_level': {}, 'path_level': {}}",[],-inf,-inf,True,True,False,0,[],0,0.0,,,2
114,6,3,4679.0,9093.0,3664065.758543689,7390418.78826224,0.5145716485208403,0.49578594441266377,25,166,1,905.0,11295,1997,9298,0.277757685352622,0.35340751043115437,113,237.4095293378929,905.0,7,10,False,{},{},{},{},0.0,0.0,616.0,308.0,804.0,0.0,0.0,0.0,0.0,0.0,0.0,0.0,0.0,0.0,Unknown Reason,0.0,"{'node_level': {}, 'link_level': {}, 'path_level': {}}","{'node_level': {}, 'link_level': {}, 'path_level': {}}","{'node_level': {}, 'link_level': {}, 'path_level': {}}",[],-inf,-inf,True,True,False,0,[],0,0.0,0.0,0.0,2
114,6,3,4679.0,9093.0,3664065.758543689,7390418.78826224,0.5145716485208403,0.49578594441266377,25,167,0,910.8698146119972,11295,1997,9298,0.277757685352622,0.35340751043115437,86,217.8698146119972,693.0,10,18,False,{},{},{},{},0.0,0.0,0.0,0.0,0.0,0.0,0.0,0.0,0.0,0.0,0.0,0.0,0.0,0.0,Leave Event,0.0,"{'node_level': {}, 'link_level': {}, 'path_level': {}}","{'node_level': {}, 'link_level': {}, 'path_level': {}}","{'node_level': {}, 'link_level': {}, 'path_level': {}}",[],-inf,-inf,True,True,False,0,[],0,0.0,,,2
115,6,3,4679.0,9093.0,3664065.758543689,7390418.78826224,0.5145716485208403,0.49578594441266377,25,168,1,911.0,11295,1997,9298,0.277757685352622,0.35340751043115437,114,205.7679699090613,911.0,8,13,False,{},{},{},{},0.0,0.0,620.0,310.0,1018.0,0.0,0.0,0.0,0.0,0.0,0.0,0.0,0.0,0.0,Unknown Reason,0.0,"{'node_level': {}, 'link_level': {}, 'path_level': {}}","{'node_level': {}, 'link_level': {}, 'path_level': {}}","{'node_level': {}, 'link_level': {}, 'path_level': {}}",[],-inf,-inf,True,True,False,0,[],0,0.0,0.0,0.0,2
115,6,3,4679.0,9093.0,3664065.758543689,7390418.78826224,0.5145716485208403,0.49578594441266377,25,169,0,916.6780665417791,11295,1997,9298,0.277757685352622,0.35340751043115437,101,109.67806654177916,807.0,7,7,False,{},{},{},{},0.0,0.0,0.0,0.0,0.0,0.0,0.0,0.0,0.0,0.0,0.0,0.0,0.0,0.0,Leave Event,0.0,"{'node_level': {}, 'link_level': {}, 'path_level': {}}","{'node_level': {}, 'link_level': {}, 'path_level': {}}","{'node_level': {}, 'link_level': {}, 'path_level': {}}",[],-inf,-inf,True,True,False,0,[],0,0.0,,,2
116,6,3,4679.0,9093.0,3664065.758543689,7390418.78826224,0.5145716485208403,0.49578594441266377,25,170,1,917.0,11295,1997,9298,0.277757685352622,0.35340751043115437,115,1518.3886577549997,917.0,5,7,False,{},{},{},{},0.0,0.0,384.0,192.0,520.0,0.0,0.0,0.0,0.0,0.0,0.0,0.0,0.0,0.0,Unknown Reason,0.0,"{'node_level': {}, 'link_level': {}, 'path_level': {}}","{'node_level': {}, 'link_level': {}, 'path_level': {}}","{'node_level': {}, 'link_level': {}, 'path_level': {}}",[],-inf,-inf,True,True,False,0,[],0,0.0,0.0,0.0,2
116,6,3,4679.0,9093.0,3664065.758543689,7390418.78826224,0.5145716485208403,0.49578594441266377,25,171,0,918.4618066680757,11295,1997,9298,0.277757685352622,0.35340751043115437,9,846.4618066680757,72.0,8,14,False,{},{},{},{},0.0,0.0,0.0,0.0,0.0,0.0,0.0,0.0,0.0,0.0,0.0,0.0,0.0,0.0,Leave Event,0.0,"{'node_level': {}, 'link_level': {}, 'path_level': {}}","{'node_level': {}, 'link_level': {}, 'path_level': {}}","{'node_level': {}, 'link_level': {}, 'path_level': {}}",[],-inf,-inf,True,True,False,0,[],0,0.0,,,2
117,6,3,4679.0,9093.0,3664065.758543689,7390418.78826224,0.5145716485208403,0.49578594441266377,25,172,1,927.0,11295,1997,9298,0.277757685352622,0.35340751043115437,116,590.997756286661,927.0,5,5,False,{},{},{},{},0.0,0.0,402.0,201.0,449.0,0.0,0.0,0.0,0.0,0.0,0.0,0.0,0.0,0.0,Unknown Reason,0.0,"{'node_level': {}, 'link_level': {}, 'path_level': {}}","{'node_level': {}, 'link_level': {}, 'path_level': {}}","{'node_level': {}, 'link_level': {}, 'path_level': {}}",[],-inf,-inf,True,True,False,0,[],0,0.0,0.0,0.0,2
118,7,4,5554.0,11367.0,3998222.968807812,8258845.640994372,0.4886073722178235,0.4841140206037829,28,173,1,934.0,9021,1733,7288,0.37323688969258595,0.4931849791376912,117,381.89395458756917,934.0,7,9,True,"{np.int64(0): np.int64(26), np.int64(1): np.int64(23), np.int64(2): np.int64(30), np.int64(3): np.int64(32), np.int64(4): np.int64(15), np.int64(5): np.int64(28), np.int64(6): np.int64(34)}","{(0, 1): [(np.int64(26), 23)], (0, 5): [(np.int64(26), 23), (23, 20), (20, 0), (0, np.int64(28))], (1, 2): [(np.int64(23), 21), (21, 2), (2, 29), (29, np.int64(30))], (1, 5): [(np.int64(23), 20), (20, 1), (1, np.int64(28))], (1, 6): [(np.int64(23), 21), (21, 2), (2, 29), (29, 31), (31, np.int64(34))], (2, 3): [(np.int64(30), 32)], (2, 6): [(np.int64(30), 28), (28, 31), (31, np.int64(34))], (3, 4): [(np.int64(32), 30), (30, 28), (28, 0), (0, 12), (12, np.int64(15))], (3, 6): [(np.int64(32), 30), (30, 28), (28, 31), (31, np.int64(34))]}","{(np.int64(0), np.int64(26)): {'cpu': 36}, (np.int64(1), np.int64(23)): {'cpu': 31}, (np.int64(2), np.int64(30)): {'cpu': 28}, (np.int64(3), np.int64(32)): {'cpu': 49}, (np.int64(4), np.int64(15)): {'cpu': 33}, (np.int64(5), np.int64(28)): {'cpu': 41}, (np.int64(6), np.int64(34)): {'cpu': 46}}","{((0, 1), (np.int64(26), 23)): {'bw': 68}, ((0, 5), (np.int64(26), 23)): {'bw': 46}, ((0, 5), (23, 20)): {'bw': 46}, ((0, 5), (20, 0)): {'bw': 46}, ((0, 5), (0, np.int64(28))): {'bw': 46}, ((1, 2), (np.int64(23), 21)): {'bw': 101}, ((1, 2), (21, 2)): {'bw': 101}, ((1, 2), (2, 29)): {'bw': 101}, ((1, 2), (29, np.int64(30))): {'bw': 101}, ((1, 5), (np.int64(23), 20)): {'bw': 48}, ((1, 5), (20, 1)): {'bw': 48}, ((1, 5), (1, np.int64(28))): {'bw': 48}, ((1, 6), (np.int64(23), 21)): {'bw': 64}, ((1, 6), (21, 2)): {'bw': 64}, ((1, 6), (2, 29)): {'bw': 64}, ((1, 6), (29, 31)): {'bw': 64}, ((1, 6), (31, np.int64(34))): {'bw': 64}, ((2, 3), (np.int64(30), 32)): {'bw': 92}, ((2, 6), (np.int64(30), 28)): {'bw': 45}, ((2, 6), (28, 31)): {'bw': 45}, ((2, 6), (31, np.int64(34))): {'bw': 45}, ((3, 4), (np.int64(32), 30)): {'bw': 75}, ((3, 4), (30, 28)): {'bw': 75}, ((3, 4), (28, 0)): {'bw': 75}, ((3, 4), (0, 12)): {'bw': 75}, ((3, 4), (12, np.int64(15))): {'bw': 75}, ((3, 6), (np.int64(32), 30)): {'bw': 72}, ((3, 6), (30, 28)): {'bw': 72}, ((3, 6), (28, 31)): {'bw': 72}, ((3, 6), (31, np.int64(34))): {'bw': 72}}",2274.0,875.0,792.0,264.0,611.0,264.0,611.0,264.0,2010.0,1399.0,0.38478452066842567,868426.8527321323,334157.21026412304,146.9468822621473,Success,0.0,"{'node_level': {}, 'link_level': {}, 'path_level': {}}","{'node_level': {np.int64(0): {'cpu': -53}, np.int64(1): {'cpu': -23}, np.int64(2): {'cpu': -25}, np.int64(3): {'cpu': -25}, np.int64(4): {'cpu': -12}, np.int64(5): {'cpu': -51}, np.int64(6): {'cpu': -14}}, 'link_level': {(0, 1): {'bw': -330}, (0, 5): {'bw': -20}, (1, 2): {'bw': -120}, (1, 5): {'bw': -47}, (1, 6): {'bw': -7}, (2, 3): {'bw': -189}, (2, 6): {'bw': -72}, (3, 4): {'bw': -54}, (3, 6): {'bw': 0}}, 'path_level': {(0, 1): {}, (0, 5): {}, (1, 2): {}, (1, 5): {}, (1, 6): {}, (2, 3): {}, (2, 6): {}, (3, 4): {}, (3, 6): {}}}","{'node_level': {np.int64(0): {'cpu': 0}, np.int64(1): {'cpu': 0}, np.int64(2): {'cpu': 0}, np.int64(3): {'cpu': 0}, np.int64(4): {'cpu': 0}, np.int64(5): {'cpu': 0}, np.int64(6): {'cpu': 0}}, 'link_level': {(0, 1): {'bw': 0}, (0, 5): {'bw': 0}, (1, 2): {'bw': 0}, (1, 5): {'bw': 0}, (1, 6): {'bw': 0}, (2, 3): {'bw': 0}, (2, 6): {'bw': 0}, (3, 4): {'bw': 0}, (3, 6): {'bw': 0}}, 'path_level': {(0, 1): {}, (0, 5): {}, (1, 2): {}, (1, 5): {}, (1, 6): {}, (2, 3): {}, (2, 6): {}, (3, 4): {}, (3, 6): {}}}",[],-inf,-inf,True,True,False,0,[],0,0.0,7.0,9.0,2
118,7,4,5554.0,11367.0,3998222.968807812,8258845.640994372,0.4886073722178235,0.4841140206037829,28,174,0,934.4762948660839,9021,1733,7288,0.37323688969258595,0.4931849791376912,43,589.4762948660839,345.0,6,6,False,{},{},{},{},0.0,0.0,0.0,0.0,0.0,0.0,0.0,0.0,0.0,0.0,0.0,0.0,0.0,0.0,Leave Event,0.0,"{'node_level': {}, 'link_level': {}, 'path_level': {}}","{'node_level': {}, 'link_level': {}, 'path_level': {}}","{'node_level': {}, 'link_level': {}, 'path_level': {}}",[],-inf,-inf,True,True,False,0,[],0,0.0,,,2
118,7,4,5554.0,11367.0,3998222.968807812,8258845.640994372,0.4886073722178235,0.4841140206037829,28,175,0,941.1871411954342,9021,1733,7288,0.37323688969258595,0.4931849791376912,71,361.1871411954342,580.0,7,12,False,{},{},{},{},0.0,0.0,0.0,0.0,0.0,0.0,0.0,0.0,0.0,0.0,0.0,0.0,0.0,0.0,Leave Event,0.0,"{'node_level': {}, 'link_level': {}, 'path_level': {}}","{'node_level': {}, 'link_level': {}, 'path_level': {}}","{'node_level': {}, 'link_level': {}, 'path_level': {}}",[],-inf,-inf,True,True,False,0,[],0,0.0,,,2
119,7,4,5554.0,11367.0,3998222.968807812,8258845.640994372,0.4886073722178235,0.4841140206037829,28,176,1,945.0,9021,1733,7288,0.37323688969258595,0.4931849791376912,118,22.231859787849746,945.0,10,25,False,{},{},{},{},0.0,0.0,820.0,410.0,2080.0,0.0,0.0,0.0,0.0,0.0,0.0,0.0,0.0,0.0,Unknown Reason,0.0,"{'node_level': {}, 'link_level': {}, 'path_level': {}}","{'node_level': {}, 'link_level': {}, 'path_level': {}}","{'node_level': {}, 'link_level': {}, 'path_level': {}}",[],-inf,-inf,True,True,False,0,[],0,0.0,0.0,0.0,2
120,7,4,5554.0,11367.0,3998222.968807812,8258845.640994372,0.4886073722178235,0.4841140206037829,28,177,1,953.0,9021,1733,7288,0.37323688969258595,0.4931849791376912,119,142.21094672270127,953.0,9,19,False,{},{},{},{},0.0,0.0,620.0,310.0,1545.0,0.0,0.0,0.0,0.0,0.0,0.0,0.0,0.0,0.0,Unknown Reason,0.0,"{'node_level': {}, 'link_level': {}, 'path_level': {}}","{'node_level': {}, 'link_level': {}, 'path_level': {}}","{'node_level': {}, 'link_level': {}, 'path_level': {}}",[],-inf,-inf,True,True,False,0,[],0,0.0,0.0,0.0,2
121,7,4,5554.0,11367.0,3998222.968807812,8258845.640994372,0.4886073722178235,0.4841140206037829,28,178,1,959.0,9021,1733,7288,0.37323688969258595,0.4931849791376912,120,1433.8518200259173,959.0,9,18,False,{},{},{},{},0.0,0.0,694.0,347.0,1604.0,0.0,0.0,0.0,0.0,0.0,0.0,0.0,0.0,0.0,Unknown Reason,0.0,"{'node_level': {}, 'link_level': {}, 'path_level': {}}","{'node_level': {}, 'link_level': {}, 'path_level': {}}","{'node_level': {}, 'link_level': {}, 'path_level': {}}",[],-inf,-inf,True,True,False,0,[],0,0.0,0.0,0.0,2
121,7,4,5554.0,11367.0,3998222.968807812,8258845.640994372,0.4886073722178235,0.4841140206037829,28,179,0,962.7152567269313,9021,1733,7288,0.37323688969258595,0.4931849791376912,17,817.7152567269313,145.0,9,18,False,{},{},{},{},0.0,0.0,0.0,0.0,0.0,0.0,0.0,0.0,0.0,0.0,0.0,0.0,0.0,0.0,Leave Event,0.0,"{'node_level': {}, 'link_level': {}, 'path_level': {}}","{'node_level': {}, 'link_level': {}, 'path_level': {}}","{'node_level': {}, 'link_level': {}, 'path_level': {}}",[],-inf,-inf,True,True,False,0,[],0,0.0,,,2
121,7,4,5554.0,11367.0,3998222.968807812,8258845.640994372,0.4886073722178235,0.4841140206037829,28,180,0,967.2318597878498,9021,1733,7288,0.37323688969258595,0.4931849791376912,118,22.231859787849746,945.0,10,25,False,{},{},{},{},0.0,0.0,0.0,0.0,0.0,0.0,0.0,0.0,0.0,0.0,0.0,0.0,0.0,0.0,Leave Event,0.0,"{'node_level': {}, 'link_level': {}, 'path_level': {}}","{'node_level': {}, 'link_level': {}, 'path_level': {}}","{'node_level': {}, 'link_level': {}, 'path_level': {}}",[],-inf,-inf,True,True,False,0,[],0,0.0,,,2
121,7,4,5554.0,11367.0,3998222.968807812,8258845.640994372,0.4886073722178235,0.4841140206037829,28,181,0,968.2994165546681,9021,1733,7288,0.37323688969258595,0.4931849791376912,69,409.2994165546682,559.0,8,16,False,{},{},{},{},0.0,0.0,0.0,0.0,0.0,0.0,0.0,0.0,0.0,0.0,0.0,0.0,0.0,0.0,Leave Event,0.0,"{'node_level': {}, 'link_level': {}, 'path_level': {}}","{'node_level': {}, 'link_level': {}, 'path_level': {}}","{'node_level': {}, 'link_level': {}, 'path_level': {}}",[],-inf,-inf,True,True,False,0,[],0,0.0,,,2
122,7,4,5554.0,11367.0,3998222.968807812,8258845.640994372,0.4886073722178235,0.4841140206037829,28,182,1,973.0,9021,1733,7288,0.37323688969258595,0.4931849791376912,121,406.9349534617289,973.0,8,11,False,{},{},{},{},0.0,0.0,568.0,284.0,784.0,0.0,0.0,0.0,0.0,0.0,0.0,0.0,0.0,0.0,Unknown Reason,0.0,"{'node_level': {}, 'link_level': {}, 'path_level': {}}","{'node_level': {}, 'link_level': {}, 'path_level': {}}","{'node_level': {}, 'link_level': {}, 'path_level': {}}",[],-inf,-inf,True,True,False,0,[],0,0.0,0.0,0.0,2
122,7,3,5554.0,11367.0,3998222.968807812,8258845.640994372,0.4886073722178235,0.4841140206037829,28,183,0,975.6351787030455,10301,1963,8338,0.2900542495479205,0.42016689847009736,6,923.6351787030455,52.0,5,7,False,{},{},{},{},0.0,0.0,0.0,0.0,0.0,0.0,0.0,0.0,0.0,0.0,0.0,0.0,0.0,0.0,Leave Event,0.0,"{'node_level': {}, 'link_level': {}, 'path_level': {}}","{'node_level': {}, 'link_level': {}, 'path_level': {}}","{'node_level': {}, 'link_level': {}, 'path_level': {}}",[],-inf,-inf,True,True,False,0,[],0,0.0,,,2
123,7,3,5554.0,11367.0,3998222.968807812,8258845.640994372,0.4886073722178235,0.4841140206037829,28,184,1,980.0,10301,1963,8338,0.2900542495479205,0.42016689847009736,122,221.2084199109948,980.0,7,13,False,{},{},{},{},0.0,0.0,640.0,320.0,1126.0,0.0,0.0,0.0,0.0,0.0,0.0,0.0,0.0,0.0,Unknown Reason,0.0,"{'node_level': {}, 'link_level': {}, 'path_level': {}}","{'node_level': {}, 'link_level': {}, 'path_level': {}}","{'node_level': {}, 'link_level': {}, 'path_level': {}}",[],-inf,-inf,True,True,False,0,[],0,0.0,0.0,0.0,2
123,7,3,5554.0,11367.0,3998222.968807812,8258845.640994372,0.4886073722178235,0.4841140206037829,28,185,0,985.3483154231568,10301,1963,8338,0.2900542495479205,0.42016689847009736,58,513.3483154231568,472.0,5,6,False,{},{},{},{},0.0,0.0,0.0,0.0,0.0,0.0,0.0,0.0,0.0,0.0,0.0,0.0,0.0,0.0,Leave Event,0.0,"{'node_level': {}, 'link_level': {}, 'path_level': {}}","{'node_level': {}, 'link_level': {}, 'path_level': {}}","{'node_level': {}, 'link_level': {}, 'path_level': {}}",[],-inf,-inf,True,True,False,0,[],0,0.0,,,2
123,7,3,5554.0,11367.0,3998222.968807812,8258845.640994372,0.4886073722178235,0.4841140206037829,28,186,0,989.5329845795372,10301,1963,8338,0.2900542495479205,0.42016689847009736,29,734.5329845795372,255.0,8,10,False,{},{},{},{},0.0,0.0,0.0,0.0,0.0,0.0,0.0,0.0,0.0,0.0,0.0,0.0,0.0,0.0,Leave Event,0.0,"{'node_level': {}, 'link_level': {}, 'path_level': {}}","{'node_level': {}, 'link_level': {}, 'path_level': {}}","{'node_level': {}, 'link_level': {}, 'path_level': {}}",[],-inf,-inf,True,True,False,0,[],0,0.0,,,2
124,7,3,5554.0,11367.0,3998222.968807812,8258845.640994372,0.4886073722178235,0.4841140206037829,28,187,1,990.0,10301,1963,8338,0.2900542495479205,0.42016689847009736,123,4.747656134552694,990.0,6,12,False,{},{},{},{},0.0,0.0,522.0,261.0,883.0,0.0,0.0,0.0,0.0,0.0,0.0,0.0,0.0,0.0,Unknown Reason,0.0,"{'node_level': {}, 'link_level': {}, 'path_level': {}}","{'node_level': {}, 'link_level': {}, 'path_level': {}}","{'node_level': {}, 'link_level': {}, 'path_level': {}}",[],-inf,-inf,True,True,False,0,[],0,0.0,0.0,0.0,2
124,7,3,5554.0,11367.0,3998222.968807812,8258845.640994372,0.4886073722178235,0.4841140206037829,28,188,0,990.3280597182231,10301,1963,8338,0.2900542495479205,0.42016689847009736,21,813.3280597182231,177.0,7,12,False,{},{},{},{},0.0,0.0,0.0,0.0,0.0,0.0,0.0,0.0,0.0,0.0,0.0,0.0,0.0,0.0,Leave Event,0.0,"{'node_level': {}, 'link_level': {}, 'path_level': {}}","{'node_level': {}, 'link_level': {}, 'path_level': {}}","{'node_level': {}, 'link_level': {}, 'path_level': {}}",[],-inf,-inf,True,True,False,0,[],0,0.0,,,2
124,7,3,5554.0,11367.0,3998222.968807812,8258845.640994372,0.4886073722178235,0.4841140206037829,28,189,0,990.6970497051178,10301,1963,8338,0.2900542495479205,0.42016689847009736,106,144.6970497051178,846.0,7,8,False,{},{},{},{},0.0,0.0,0.0,0.0,0.0,0.0,0.0,0.0,0.0,0.0,0.0,0.0,0.0,0.0,Leave Event,0.0,"{'node_level': {}, 'link_level': {}, 'path_level': {}}","{'node_level': {}, 'link_level': {}, 'path_level': {}}","{'node_level': {}, 'link_level': {}, 'path_level': {}}",[],-inf,-inf,True,True,False,0,[],0,0.0,,,2
124,7,3,5554.0,11367.0,3998222.968807812,8258845.640994372,0.4886073722178235,0.4841140206037829,28,190,0,994.7476561345527,10301,1963,8338,0.2900542495479205,0.42016689847009736,123,4.747656134552694,990.0,6,12,False,{},{},{},{},0.0,0.0,0.0,0.0,0.0,0.0,0.0,0.0,0.0,0.0,0.0,0.0,0.0,0.0,Leave Event,0.0,"{'node_level': {}, 'link_level': {}, 'path_level': {}}","{'node_level': {}, 'link_level': {}, 'path_level': {}}","{'node_level': {}, 'link_level': {}, 'path_level': {}}",[],-inf,-inf,True,True,False,0,[],0,0.0,,,2
125,7,3,5554.0,11367.0,3998222.968807812,8258845.640994372,0.4886073722178235,0.4841140206037829,28,191,1,1005.0,10301,1963,8338,0.2900542495479205,0.42016689847009736,124,146.21216106535908,1005.0,6,7,False,{},{},{},{},0.0,0.0,558.0,279.0,552.0,0.0,0.0,0.0,0.0,0.0,0.0,0.0,0.0,0.0,Unknown Reason,0.0,"{'node_level': {}, 'link_level': {}, 'path_level': {}}","{'node_level': {}, 'link_level': {}, 'path_level': {}}","{'node_level': {}, 'link_level': {}, 'path_level': {}}",[],-inf,-inf,True,True,False,0,[],0,0.0,0.0,0.0,2
126,7,3,5554.0,11367.0,3998222.968807812,8258845.640994372,0.4886073722178235,0.4841140206037829,28,192,1,1012.0,10301,1963,8338,0.2900542495479205,0.42016689847009736,125,146.66679957696257,1012.0,6,8,False,{},{},{},{},0.0,0.0,520.0,260.0,722.0,0.0,0.0,0.0,0.0,0.0,0.0,0.0,0.0,0.0,Unknown Reason,0.0,"{'node_level': {}, 'link_level': {}, 'path_level': {}}","{'node_level': {}, 'link_level': {}, 'path_level': {}}","{'node_level': {}, 'link_level': {}, 'path_level': {}}",[],-inf,-inf,True,True,False,0,[],0,0.0,0.0,0.0,2
126,7,3,5554.0,11367.0,3998222.968807812,8258845.640994372,0.4886073722178235,0.4841140206037829,28,193,0,1015.6159277591569,10301,1963,8338,0.2900542495479205,0.42016689847009736,94,257.6159277591568,758.0,10,24,False,{},{},{},{},0.0,0.0,0.0,0.0,0.0,0.0,0.0,0.0,0.0,0.0,0.0,0.0,0.0,0.0,Leave Event,0.0,"{'node_level': {}, 'link_level': {}, 'path_level': {}}","{'node_level': {}, 'link_level': {}, 'path_level': {}}","{'node_level': {}, 'link_level': {}, 'path_level': {}}",[],-inf,-inf,True,True,False,0,[],0,0.0,,,2
127,7,3,5554.0,11367.0,3998222.968807812,8258845.640994372,0.4886073722178235,0.4841140206037829,28,194,1,1025.0,10301,1963,8338,0.2900542495479205,0.42016689847009736,126,93.57792722223468,1025.0,7,13,False,{},{},{},{},0.0,0.0,524.0,262.0,1068.0,0.0,0.0,0.0,0.0,0.0,0.0,0.0,0.0,0.0,Unknown Reason,0.0,"{'node_level': {}, 'link_level': {}, 'path_level': {}}","{'node_level': {}, 'link_level': {}, 'path_level': {}}","{'node_level': {}, 'link_level': {}, 'path_level': {}}",[],-inf,-inf,True,True,False,0,[],0,0.0,0.0,0.0,2
127,7,3,5554.0,11367.0,3998222.968807812,8258845.640994372,0.4886073722178235,0.4841140206037829,28,195,0,1030.3189570218751,10301,1963,8338,0.2900542495479205,0.42016689847009736,99,233.31895702187518,797.0,5,4,False,{},{},{},{},0.0,0.0,0.0,0.0,0.0,0.0,0.0,0.0,0.0,0.0,0.0,0.0,0.0,0.0,Leave Event,0.0,"{'node_level': {}, 'link_level': {}, 'path_level': {}}","{'node_level': {}, 'link_level': {}, 'path_level': {}}","{'node_level': {}, 'link_level': {}, 'path_level': {}}",[],-inf,-inf,True,True,False,0,[],0,0.0,,,2
128,7,3,5554.0,11367.0,3998222.968807812,8258845.640994372,0.4886073722178235,0.4841140206037829,28,196,1,1036.0,10301,1963,8338,0.2900542495479205,0.42016689847009736,127,211.54472395112268,1036.0,6,7,False,{},{},{},{},0.0,0.0,500.0,250.0,577.0,0.0,0.0,0.0,0.0,0.0,0.0,0.0,0.0,0.0,Unknown Reason,0.0,"{'node_level': {}, 'link_level': {}, 'path_level': {}}","{'node_level': {}, 'link_level': {}, 'path_level': {}}","{'node_level': {}, 'link_level': {}, 'path_level': {}}",[],-inf,-inf,True,True,False,0,[],0,0.0,0.0,0.0,2
128,7,3,5554.0,11367.0,3998222.968807812,8258845.640994372,0.4886073722178235,0.4841140206037829,28,197,0,1042.2970691296687,10301,1963,8338,0.2900542495479205,0.42016689847009736,91,311.2970691296686,731.0,8,16,False,{},{},{},{},0.0,0.0,0.0,0.0,0.0,0.0,0.0,0.0,0.0,0.0,0.0,0.0,0.0,0.0,Leave Event,0.0,"{'node_level': {}, 'link_level': {}, 'path_level': {}}","{'node_level': {}, 'link_level': {}, 'path_level': {}}","{'node_level': {}, 'link_level': {}, 'path_level': {}}",[],-inf,-inf,True,True,False,0,[],0,0.0,,,2
128,7,3,5554.0,11367.0,3998222.968807812,8258845.640994372,0.4886073722178235,0.4841140206037829,28,198,0,1042.5826104764787,10301,1963,8338,0.2900542495479205,0.42016689847009736,109,169.5826104764788,873.0,8,10,False,{},{},{},{},0.0,0.0,0.0,0.0,0.0,0.0,0.0,0.0,0.0,0.0,0.0,0.0,0.0,0.0,Leave Event,0.0,"{'node_level': {}, 'link_level': {}, 'path_level': {}}","{'node_level': {}, 'link_level': {}, 'path_level': {}}","{'node_level': {}, 'link_level': {}, 'path_level': {}}",[],-inf,-inf,True,True,False,0,[],0,0.0,,,2
129,7,3,5554.0,11367.0,3998222.968807812,8258845.640994372,0.4886073722178235,0.4841140206037829,28,199,1,1043.0,10301,1963,8338,0.2900542495479205,0.42016689847009736,128,113.23018001622512,1043.0,8,15,False,{},{},{},{},0.0,0.0,682.0,341.0,1145.0,0.0,0.0,0.0,0.0,0.0,0.0,0.0,0.0,0.0,Unknown Reason,0.0,"{'node_level': {}, 'link_level': {}, 'path_level': {}}","{'node_level': {}, 'link_level': {}, 'path_level': {}}","{'node_level': {}, 'link_level': {}, 'path_level': {}}",[],-inf,-inf,True,True,False,0,[],0,0.0,0.0,0.0,2
129,7,3,5554.0,11367.0,3998222.968807812,8258845.640994372,0.4886073722178235,0.4841140206037829,28,200,0,1051.363735163005,10301,1963,8338,0.2900542495479205,0.42016689847009736,18,895.363735163005,156.0,7,11,False,{},{},{},{},0.0,0.0,0.0,0.0,0.0,0.0,0.0,0.0,0.0,0.0,0.0,0.0,0.0,0.0,Leave Event,0.0,"{'node_level': {}, 'link_level': {}, 'path_level': {}}","{'node_level': {}, 'link_level': {}, 'path_level': {}}","{'node_level': {}, 'link_level': {}, 'path_level': {}}",[],-inf,-inf,True,True,False,0,[],0,0.0,,,2
129,7,3,5554.0,11367.0,3998222.968807812,8258845.640994372,0.4886073722178235,0.4841140206037829,28,201,0,1052.0276153839804,10301,1963,8338,0.2900542495479205,0.42016689847009736,103,232.02761538398053,820.0,8,21,False,{},{},{},{},0.0,0.0,0.0,0.0,0.0,0.0,0.0,0.0,0.0,0.0,0.0,0.0,0.0,0.0,Leave Event,0.0,"{'node_level': {}, 'link_level': {}, 'path_level': {}}","{'node_level': {}, 'link_level': {}, 'path_level': {}}","{'node_level': {}, 'link_level': {}, 'path_level': {}}",[],-inf,-inf,True,True,False,0,[],0,0.0,,,2
130,7,3,5554.0,11367.0,3998222.968807812,8258845.640994372,0.4886073722178235,0.4841140206037829,28,202,1,1053.0,10301,1963,8338,0.2900542495479205,0.42016689847009736,129,32.48346120726308,1053.0,5,5,False,{},{},{},{},0.0,0.0,506.0,253.0,377.0,0.0,0.0,0.0,0.0,0.0,0.0,0.0,0.0,0.0,Unknown Reason,0.0,"{'node_level': {}, 'link_level': {}, 'path_level': {}}","{'node_level': {}, 'link_level': {}, 'path_level': {}}","{'node_level': {}, 'link_level': {}, 'path_level': {}}",[],-inf,-inf,True,True,False,0,[],0,0.0,0.0,0.0,2
130,7,3,5554.0,11367.0,3998222.968807812,8258845.640994372,0.4886073722178235,0.4841140206037829,28,203,0,1055.4345438628334,10301,1963,8338,0.2900542495479205,0.42016689847009736,72,469.4345438628334,586.0,6,7,False,{},{},{},{},0.0,0.0,0.0,0.0,0.0,0.0,0.0,0.0,0.0,0.0,0.0,0.0,0.0,0.0,Leave Event,0.0,"{'node_level': {}, 'link_level': {}, 'path_level': {}}","{'node_level': {}, 'link_level': {}, 'path_level': {}}","{'node_level': {}, 'link_level': {}, 'path_level': {}}",[],-inf,-inf,True,True,False,0,[],0,0.0,,,2
131,7,3,5554.0,11367.0,3998222.968807812,8258845.640994372,0.4886073722178235,0.4841140206037829,28,204,1,1056.0,10301,1963,8338,0.2900542495479205,0.42016689847009736,130,51.54842644184209,1056.0,6,11,False,{},{},{},{},0.0,0.0,540.0,270.0,930.0,0.0,0.0,0.0,0.0,0.0,0.0,0.0,0.0,0.0,Unknown Reason,0.0,"{'node_level': {}, 'link_level': {}, 'path_level': {}}","{'node_level': {}, 'link_level': {}, 'path_level': {}}","{'node_level': {}, 'link_level': {}, 'path_level': {}}",[],-inf,-inf,True,True,False,0,[],0,0.0,0.0,0.0,2
131,7,3,5554.0,11367.0,3998222.968807812,8258845.640994372,0.4886073722178235,0.4841140206037829,28,205,0,1057.9447317034217,10301,1963,8338,0.2900542495479205,0.42016689847009736,95,286.9447317034216,771.0,8,14,False,{},{},{},{},0.0,0.0,0.0,0.0,0.0,0.0,0.0,0.0,0.0,0.0,0.0,0.0,0.0,0.0,Leave Event,0.0,"{'node_level': {}, 'link_level': {}, 'path_level': {}}","{'node_level': {}, 'link_level': {}, 'path_level': {}}","{'node_level': {}, 'link_level': {}, 'path_level': {}}",[],-inf,-inf,True,True,False,0,[],0,0.0,,,2
132,7,3,5554.0,11367.0,3998222.968807812,8258845.640994372,0.4886073722178235,0.4841140206037829,28,206,1,1059.0,10301,1963,8338,0.2900542495479205,0.42016689847009736,131,343.3117553354174,1059.0,5,4,False,{},{},{},{},0.0,0.0,354.0,177.0,323.0,0.0,0.0,0.0,0.0,0.0,0.0,0.0,0.0,0.0,Unknown Reason,0.0,"{'node_level': {}, 'link_level': {}, 'path_level': {}}","{'node_level': {}, 'link_level': {}, 'path_level': {}}","{'node_level': {}, 'link_level': {}, 'path_level': {}}",[],-inf,-inf,True,True,False,0,[],0,0.0,0.0,0.0,2
133,7,3,5554.0,11367.0,3998222.968807812,8258845.640994372,0.4886073722178235,0.4841140206037829,28,207,1,1066.0,10301,1963,8338,0.2900542495479205,0.42016689847009736,132,36.10290143475958,1066.0,9,16,False,{},{},{},{},0.0,0.0,690.0,345.0,1392.0,0.0,0.0,0.0,0.0,0.0,0.0,0.0,0.0,0.0,Unknown Reason,0.0,"{'node_level': {}, 'link_level': {}, 'path_level': {}}","{'node_level': {}, 'link_level': {}, 'path_level': {}}","{'node_level': {}, 'link_level': {}, 'path_level': {}}",[],-inf,-inf,True,True,False,0,[],0,0.0,0.0,0.0,2
133,7,3,5554.0,11367.0,3998222.968807812,8258845.640994372,0.4886073722178235,0.4841140206037829,28,208,0,1066.0811906916113,10301,1963,8338,0.2900542495479205,0.42016689847009736,66,529.0811906916113,537.0,9,16,False,{},{},{},{},0.0,0.0,0.0,0.0,0.0,0.0,0.0,0.0,0.0,0.0,0.0,0.0,0.0,0.0,Leave Event,0.0,"{'node_level': {}, 'link_level': {}, 'path_level': {}}","{'node_level': {}, 'link_level': {}, 'path_level': {}}","{'node_level': {}, 'link_level': {}, 'path_level': {}}",[],-inf,-inf,True,True,False,0,[],0,0.0,,,2
134,7,3,5554.0,11367.0,3998222.968807812,8258845.640994372,0.4886073722178235,0.4841140206037829,28,209,1,1073.0,10301,1963,8338,0.2900542495479205,0.42016689847009736,133,1367.8666586618137,1073.0,8,11,False,{},{},{},{},0.0,0.0,634.0,317.0,790.0,0.0,0.0,0.0,0.0,0.0,0.0,0.0,0.0,0.0,Unknown Reason,0.0,"{'node_level': {}, 'link_level': {}, 'path_level': {}}","{'node_level': {}, 'link_level': {}, 'path_level': {}}","{'node_level': {}, 'link_level': {}, 'path_level': {}}",[],-inf,-inf,True,True,False,0,[],0,0.0,0.0,0.0,2
134,7,3,5554.0,11367.0,3998222.968807812,8258845.640994372,0.4886073722178235,0.4841140206037829,28,210,0,1074.987733804616,10301,1963,8338,0.2900542495479205,0.42016689847009736,92,335.9877338046161,739.0,5,7,False,{},{},{},{},0.0,0.0,0.0,0.0,0.0,0.0,0.0,0.0,0.0,0.0,0.0,0.0,0.0,0.0,Leave Event,0.0,"{'node_level': {}, 'link_level': {}, 'path_level': {}}","{'node_level': {}, 'link_level': {}, 'path_level': {}}","{'node_level': {}, 'link_level': {}, 'path_level': {}}",[],-inf,-inf,True,True,False,0,[],0,0.0,,,2
135,7,3,5554.0,11367.0,3998222.968807812,8258845.640994372,0.4886073722178235,0.4841140206037829,28,211,1,1085.0,10301,1963,8338,0.2900542495479205,0.42016689847009736,134,115.39739575288432,1085.0,6,6,False,{},{},{},{},0.0,0.0,602.0,301.0,505.0,0.0,0.0,0.0,0.0,0.0,0.0,0.0,0.0,0.0,Unknown Reason,0.0,"{'node_level': {}, 'link_level': {}, 'path_level': {}}","{'node_level': {}, 'link_level': {}, 'path_level': {}}","{'node_level': {}, 'link_level': {}, 'path_level': {}}",[],-inf,-inf,True,True,False,0,[],0,0.0,0.0,0.0,2
135,7,3,5554.0,11367.0,3998222.968807812,8258845.640994372,0.4886073722178235,0.4841140206037829,28,212,0,1085.4834612072632,10301,1963,8338,0.2900542495479205,0.42016689847009736,129,32.48346120726308,1053.0,5,5,False,{},{},{},{},0.0,0.0,0.0,0.0,0.0,0.0,0.0,0.0,0.0,0.0,0.0,0.0,0.0,0.0,Leave Event,0.0,"{'node_level': {}, 'link_level': {}, 'path_level': {}}","{'node_level': {}, 'link_level': {}, 'path_level': {}}","{'node_level': {}, 'link_level': {}, 'path_level': {}}",[],-inf,-inf,True,True,False,0,[],0,0.0,,,2
135,7,3,5554.0,11367.0,3998222.968807812,8258845.640994372,0.4886073722178235,0.4841140206037829,28,213,0,1086.0076036646353,10301,1963,8338,0.2900542495479205,0.42016689847009736,4,1046.0076036646353,40.0,7,13,False,{},{},{},{},0.0,0.0,0.0,0.0,0.0,0.0,0.0,0.0,0.0,0.0,0.0,0.0,0.0,0.0,Leave Event,0.0,"{'node_level': {}, 'link_level': {}, 'path_level': {}}","{'node_level': {}, 'link_level': {}, 'path_level': {}}","{'node_level': {}, 'link_level': {}, 'path_level': {}}",[],-inf,-inf,True,True,False,0,[],0,0.0,,,2
135,7,3,5554.0,11367.0,3998222.968807812,8258845.640994372,0.4886073722178235,0.4841140206037829,28,214,0,1088.8495838383803,10301,1963,8338,0.2900542495479205,0.42016689847009736,40,760.8495838383803,328.0,7,9,False,{},{},{},{},0.0,0.0,0.0,0.0,0.0,0.0,0.0,0.0,0.0,0.0,0.0,0.0,0.0,0.0,Leave Event,0.0,"{'node_level': {}, 'link_level': {}, 'path_level': {}}","{'node_level': {}, 'link_level': {}, 'path_level': {}}","{'node_level': {}, 'link_level': {}, 'path_level': {}}",[],-inf,-inf,True,True,False,0,[],0,0.0,,,2
136,7,3,5554.0,11367.0,3998222.968807812,8258845.640994372,0.4886073722178235,0.4841140206037829,28,215,1,1093.0,10301,1963,8338,0.2900542495479205,0.42016689847009736,135,312.008685853115,1093.0,8,14,False,{},{},{},{},0.0,0.0,510.0,255.0,1047.0,0.0,0.0,0.0,0.0,0.0,0.0,0.0,0.0,0.0,Unknown Reason,0.0,"{'node_level': {}, 'link_level': {}, 'path_level': {}}","{'node_level': {}, 'link_level': {}, 'path_level': {}}","{'node_level': {}, 'link_level': {}, 'path_level': {}}",[],-inf,-inf,True,True,False,0,[],0,0.0,0.0,0.0,2
136,7,3,5554.0,11367.0,3998222.968807812,8258845.640994372,0.4886073722178235,0.4841140206037829,28,216,0,1095.2109467227012,10301,1963,8338,0.2900542495479205,0.42016689847009736,119,142.21094672270127,953.0,9,19,False,{},{},{},{},0.0,0.0,0.0,0.0,0.0,0.0,0.0,0.0,0.0,0.0,0.0,0.0,0.0,0.0,Leave Event,0.0,"{'node_level': {}, 'link_level': {}, 'path_level': {}}","{'node_level': {}, 'link_level': {}, 'path_level': {}}","{'node_level': {}, 'link_level': {}, 'path_level': {}}",[],-inf,-inf,True,True,False,0,[],0,0.0,,,2
136,7,3,5554.0,11367.0,3998222.968807812,8258845.640994372,0.4886073722178235,0.4841140206037829,28,217,0,1095.4470937408523,10301,1963,8338,0.2900542495479205,0.42016689847009736,47,718.4470937408524,377.0,5,4,False,{},{},{},{},0.0,0.0,0.0,0.0,0.0,0.0,0.0,0.0,0.0,0.0,0.0,0.0,0.0,0.0,Leave Event,0.0,"{'node_level': {}, 'link_level': {}, 'path_level': {}}","{'node_level': {}, 'link_level': {}, 'path_level': {}}","{'node_level': {}, 'link_level': {}, 'path_level': {}}",[],-inf,-inf,True,True,False,0,[],0,0.0,,,2
136,7,3,5554.0,11367.0,3998222.968807812,8258845.640994372,0.4886073722178235,0.4841140206037829,28,218,0,1096.947875459225,10301,1963,8338,0.2900542495479205,0.42016689847009736,90,373.9478754592252,723.0,8,15,False,{},{},{},{},0.0,0.0,0.0,0.0,0.0,0.0,0.0,0.0,0.0,0.0,0.0,0.0,0.0,0.0,Leave Event,0.0,"{'node_level': {}, 'link_level': {}, 'path_level': {}}","{'node_level': {}, 'link_level': {}, 'path_level': {}}","{'node_level': {}, 'link_level': {}, 'path_level': {}}",[],-inf,-inf,True,True,False,0,[],0,0.0,,,2
137,7,3,5554.0,11367.0,3998222.968807812,8258845.640994372,0.4886073722178235,0.4841140206037829,28,219,1,1099.0,10301,1963,8338,0.2900542495479205,0.42016689847009736,136,267.7882553057225,1099.0,5,8,False,{},{},{},{},0.0,0.0,412.0,206.0,656.0,0.0,0.0,0.0,0.0,0.0,0.0,0.0,0.0,0.0,Unknown Reason,0.0,"{'node_level': {}, 'link_level': {}, 'path_level': {}}","{'node_level': {}, 'link_level': {}, 'path_level': {}}","{'node_level': {}, 'link_level': {}, 'path_level': {}}",[],-inf,-inf,True,True,False,0,[],0,0.0,0.0,0.0,2
137,7,3,5554.0,11367.0,3998222.968807812,8258845.640994372,0.4886073722178235,0.4841140206037829,28,220,0,1102.1029014347596,10301,1963,8338,0.2900542495479205,0.42016689847009736,132,36.10290143475958,1066.0,9,16,False,{},{},{},{},0.0,0.0,0.0,0.0,0.0,0.0,0.0,0.0,0.0,0.0,0.0,0.0,0.0,0.0,Leave Event,0.0,"{'node_level': {}, 'link_level': {}, 'path_level': {}}","{'node_level': {}, 'link_level': {}, 'path_level': {}}","{'node_level': {}, 'link_level': {}, 'path_level': {}}",[],-inf,-inf,True,True,False,0,[],0,0.0,,,2
137,7,3,5554.0,11367.0,3998222.968807812,8258845.640994372,0.4886073722178235,0.4841140206037829,28,221,0,1107.5484264418421,10301,1963,8338,0.2900542495479205,0.42016689847009736,130,51.54842644184209,1056.0,6,11,False,{},{},{},{},0.0,0.0,0.0,0.0,0.0,0.0,0.0,0.0,0.0,0.0,0.0,0.0,0.0,0.0,Leave Event,0.0,"{'node_level': {}, 'link_level': {}, 'path_level': {}}","{'node_level': {}, 'link_level': {}, 'path_level': {}}","{'node_level': {}, 'link_level': {}, 'path_level': {}}",[],-inf,-inf,True,True,False,0,[],0,0.0,,,2
138,7,3,5554.0,11367.0,3998222.968807812,8258845.640994372,0.4886073722178235,0.4841140206037829,28,222,1,1110.0,10301,1963,8338,0.2900542495479205,0.42016689847009736,137,172.1880982922502,1110.0,5,6,False,{},{},{},{},0.0,0.0,352.0,176.0,568.0,0.0,0.0,0.0,0.0,0.0,0.0,0.0,0.0,0.0,Unknown Reason,0.0,"{'node_level': {}, 'link_level': {}, 'path_level': {}}","{'node_level': {}, 'link_level': {}, 'path_level': {}}","{'node_level': {}, 'link_level': {}, 'path_level': {}}",[],-inf,-inf,True,True,False,0,[],0,0.0,0.0,0.0,2
138,7,3,5554.0,11367.0,3998222.968807812,8258845.640994372,0.4886073722178235,0.4841140206037829,28,223,0,1116.7679699090613,10301,1963,8338,0.2900542495479205,0.42016689847009736,114,205.7679699090613,911.0,8,13,False,{},{},{},{},0.0,0.0,0.0,0.0,0.0,0.0,0.0,0.0,0.0,0.0,0.0,0.0,0.0,0.0,Leave Event,0.0,"{'node_level': {}, 'link_level': {}, 'path_level': {}}","{'node_level': {}, 'link_level': {}, 'path_level': {}}","{'node_level': {}, 'link_level': {}, 'path_level': {}}",[],-inf,-inf,True,True,False,0,[],0,0.0,,,2
138,7,3,5554.0,11367.0,3998222.968807812,8258845.640994372,0.4886073722178235,0.4841140206037829,28,224,0,1116.9164279405527,10301,1963,8338,0.2900542495479205,0.42016689847009736,60,628.9164279405528,488.0,7,13,False,{},{},{},{},0.0,0.0,0.0,0.0,0.0,0.0,0.0,0.0,0.0,0.0,0.0,0.0,0.0,0.0,Leave Event,0.0,"{'node_level': {}, 'link_level': {}, 'path_level': {}}","{'node_level': {}, 'link_level': {}, 'path_level': {}}","{'node_level': {}, 'link_level': {}, 'path_level': {}}",[],-inf,-inf,True,True,False,0,[],0,0.0,,,2
138,7,3,5554.0,11367.0,3998222.968807812,8258845.640994372,0.4886073722178235,0.4841140206037829,28,225,0,1118.5779272222346,10301,1963,8338,0.2900542495479205,0.42016689847009736,126,93.57792722223468,1025.0,7,13,False,{},{},{},{},0.0,0.0,0.0,0.0,0.0,0.0,0.0,0.0,0.0,0.0,0.0,0.0,0.0,0.0,Leave Event,0.0,"{'node_level': {}, 'link_level': {}, 'path_level': {}}","{'node_level': {}, 'link_level': {}, 'path_level': {}}","{'node_level': {}, 'link_level': {}, 'path_level': {}}",[],-inf,-inf,True,True,False,0,[],0,0.0,,,2
139,7,3,5554.0,11367.0,3998222.968807812,8258845.640994372,0.4886073722178235,0.4841140206037829,28,226,1,1120.0,10301,1963,8338,0.2900542495479205,0.42016689847009736,138,195.4324913848476,1120.0,10,26,False,{},{},{},{},0.0,0.0,784.0,392.0,2243.0,0.0,0.0,0.0,0.0,0.0,0.0,0.0,0.0,0.0,Unknown Reason,0.0,"{'node_level': {}, 'link_level': {}, 'path_level': {}}","{'node_level': {}, 'link_level': {}, 'path_level': {}}","{'node_level': {}, 'link_level': {}, 'path_level': {}}",[],-inf,-inf,True,True,False,0,[],0,0.0,0.0,0.0,2
139,7,3,5554.0,11367.0,3998222.968807812,8258845.640994372,0.4886073722178235,0.4841140206037829,28,227,0,1120.139486896337,10301,1963,8338,0.2900542495479205,0.42016689847009736,13,1010.139486896337,110.0,9,20,False,{},{},{},{},0.0,0.0,0.0,0.0,0.0,0.0,0.0,0.0,0.0,0.0,0.0,0.0,0.0,0.0,Leave Event,0.0,"{'node_level': {}, 'link_level': {}, 'path_level': {}}","{'node_level': {}, 'link_level': {}, 'path_level': {}}","{'node_level': {}, 'link_level': {}, 'path_level': {}}",[],-inf,-inf,True,True,False,0,[],0,0.0,,,2
140,7,3,5554.0,11367.0,3998222.968807812,8258845.640994372,0.4886073722178235,0.4841140206037829,28,228,1,1131.0,10301,1963,8338,0.2900542495479205,0.42016689847009736,139,118.87331926670439,1131.0,8,17,False,{},{},{},{},0.0,0.0,824.0,412.0,1410.0,0.0,0.0,0.0,0.0,0.0,0.0,0.0,0.0,0.0,Unknown Reason,0.0,"{'node_level': {}, 'link_level': {}, 'path_level': {}}","{'node_level': {}, 'link_level': {}, 'path_level': {}}","{'node_level': {}, 'link_level': {}, 'path_level': {}}",[],-inf,-inf,True,True,False,0,[],0,0.0,0.0,0.0,2
140,7,3,5554.0,11367.0,3998222.968807812,8258845.640994372,0.4886073722178235,0.4841140206037829,28,229,0,1139.6970585020667,10301,1963,8338,0.2900542495479205,0.42016689847009736,63,624.6970585020666,515.0,7,10,False,{},{},{},{},0.0,0.0,0.0,0.0,0.0,0.0,0.0,0.0,0.0,0.0,0.0,0.0,0.0,0.0,Leave Event,0.0,"{'node_level': {}, 'link_level': {}, 'path_level': {}}","{'node_level': {}, 'link_level': {}, 'path_level': {}}","{'node_level': {}, 'link_level': {}, 'path_level': {}}",[],-inf,-inf,True,True,False,0,[],0,0.0,,,2
140,7,3,5554.0,11367.0,3998222.968807812,8258845.640994372,0.4886073722178235,0.4841140206037829,28,230,0,1142.409529337893,10301,1963,8338,0.2900542495479205,0.42016689847009736,113,237.4095293378929,905.0,7,10,False,{},{},{},{},0.0,0.0,0.0,0.0,0.0,0.0,0.0,0.0,0.0,0.0,0.0,0.0,0.0,0.0,Leave Event,0.0,"{'node_level': {}, 'link_level': {}, 'path_level': {}}","{'node_level': {}, 'link_level': {}, 'path_level': {}}","{'node_level': {}, 'link_level': {}, 'path_level': {}}",[],-inf,-inf,True,True,False,0,[],0,0.0,,,2
141,7,3,5554.0,11367.0,3998222.968807812,8258845.640994372,0.4886073722178235,0.4841140206037829,28,231,1,1143.0,10301,1963,8338,0.2900542495479205,0.42016689847009736,140,164.43837915794091,1143.0,7,13,False,{},{},{},{},0.0,0.0,506.0,253.0,1070.0,0.0,0.0,0.0,0.0,0.0,0.0,0.0,0.0,0.0,Unknown Reason,0.0,"{'node_level': {}, 'link_level': {}, 'path_level': {}}","{'node_level': {}, 'link_level': {}, 'path_level': {}}","{'node_level': {}, 'link_level': {}, 'path_level': {}}",[],-inf,-inf,True,True,False,0,[],0,0.0,0.0,0.0,2
141,7,3,5554.0,11367.0,3998222.968807812,8258845.640994372,0.4886073722178235,0.4841140206037829,28,232,0,1149.904693719913,10301,1963,8338,0.2900542495479205,0.42016689847009736,46,780.904693719913,369.0,6,11,False,{},{},{},{},0.0,0.0,0.0,0.0,0.0,0.0,0.0,0.0,0.0,0.0,0.0,0.0,0.0,0.0,Leave Event,0.0,"{'node_level': {}, 'link_level': {}, 'path_level': {}}","{'node_level': {}, 'link_level': {}, 'path_level': {}}","{'node_level': {}, 'link_level': {}, 'path_level': {}}",[],-inf,-inf,True,True,False,0,[],0,0.0,,,2
142,7,3,5554.0,11367.0,3998222.968807812,8258845.640994372,0.4886073722178235,0.4841140206037829,28,233,1,1151.0,10301,1963,8338,0.2900542495479205,0.42016689847009736,141,62.27451933872182,1151.0,7,7,False,{},{},{},{},0.0,0.0,618.0,309.0,589.0,0.0,0.0,0.0,0.0,0.0,0.0,0.0,0.0,0.0,Unknown Reason,0.0,"{'node_level': {}, 'link_level': {}, 'path_level': {}}","{'node_level': {}, 'link_level': {}, 'path_level': {}}","{'node_level': {}, 'link_level': {}, 'path_level': {}}",[],-inf,-inf,True,True,False,0,[],0,0.0,0.0,0.0,2
142,7,3,5554.0,11367.0,3998222.968807812,8258845.640994372,0.4886073722178235,0.4841140206037829,28,234,0,1151.2121610653592,10301,1963,8338,0.2900542495479205,0.42016689847009736,124,146.21216106535908,1005.0,6,7,False,{},{},{},{},0.0,0.0,0.0,0.0,0.0,0.0,0.0,0.0,0.0,0.0,0.0,0.0,0.0,0.0,Leave Event,0.0,"{'node_level': {}, 'link_level': {}, 'path_level': {}}","{'node_level': {}, 'link_level': {}, 'path_level': {}}","{'node_level': {}, 'link_level': {}, 'path_level': {}}",[],-inf,-inf,True,True,False,0,[],0,0.0,,,2
142,7,3,5554.0,11367.0,3998222.968807812,8258845.640994372,0.4886073722178235,0.4841140206037829,28,235,0,1156.2301800162252,10301,1963,8338,0.2900542495479205,0.42016689847009736,128,113.23018001622512,1043.0,8,15,False,{},{},{},{},0.0,0.0,0.0,0.0,0.0,0.0,0.0,0.0,0.0,0.0,0.0,0.0,0.0,0.0,Leave Event,0.0,"{'node_level': {}, 'link_level': {}, 'path_level': {}}","{'node_level': {}, 'link_level': {}, 'path_level': {}}","{'node_level': {}, 'link_level': {}, 'path_level': {}}",[],-inf,-inf,True,True,False,0,[],0,0.0,,,2
143,7,3,5554.0,11367.0,3998222.968807812,8258845.640994372,0.4886073722178235,0.4841140206037829,28,236,1,1158.0,10301,1963,8338,0.2900542495479205,0.42016689847009736,142,584.3862908414336,1158.0,10,25,False,{},{},{},{},0.0,0.0,730.0,365.0,1990.0,0.0,0.0,0.0,0.0,0.0,0.0,0.0,0.0,0.0,Unknown Reason,0.0,"{'node_level': {}, 'link_level': {}, 'path_level': {}}","{'node_level': {}, 'link_level': {}, 'path_level': {}}","{'node_level': {}, 'link_level': {}, 'path_level': {}}",[],-inf,-inf,True,True,False,0,[],0,0.0,0.0,0.0,2
143,7,3,5554.0,11367.0,3998222.968807812,8258845.640994372,0.4886073722178235,0.4841140206037829,28,237,0,1158.6667995769626,10301,1963,8338,0.2900542495479205,0.42016689847009736,125,146.66679957696257,1012.0,6,8,False,{},{},{},{},0.0,0.0,0.0,0.0,0.0,0.0,0.0,0.0,0.0,0.0,0.0,0.0,0.0,0.0,Leave Event,0.0,"{'node_level': {}, 'link_level': {}, 'path_level': {}}","{'node_level': {}, 'link_level': {}, 'path_level': {}}","{'node_level': {}, 'link_level': {}, 'path_level': {}}",[],-inf,-inf,True,True,False,0,[],0,0.0,,,2
144,7,3,5554.0,11367.0,3998222.968807812,8258845.640994372,0.4886073722178235,0.4841140206037829,28,238,1,1167.0,10301,1963,8338,0.2900542495479205,0.42016689847009736,143,517.1518507895037,1167.0,7,8,False,{},{},{},{},0.0,0.0,496.0,248.0,586.0,0.0,0.0,0.0,0.0,0.0,0.0,0.0,0.0,0.0,Unknown Reason,0.0,"{'node_level': {}, 'link_level': {}, 'path_level': {}}","{'node_level': {}, 'link_level': {}, 'path_level': {}}","{'node_level': {}, 'link_level': {}, 'path_level': {}}",[],-inf,-inf,True,True,False,0,[],0,0.0,0.0,0.0,2
144,7,3,5554.0,11367.0,3998222.968807812,8258845.640994372,0.4886073722178235,0.4841140206037829,28,239,0,1172.2655374417354,10301,1963,8338,0.2900542495479205,0.42016689847009736,85,488.2655374417354,684.0,9,17,False,{},{},{},{},0.0,0.0,0.0,0.0,0.0,0.0,0.0,0.0,0.0,0.0,0.0,0.0,0.0,0.0,Leave Event,0.0,"{'node_level': {}, 'link_level': {}, 'path_level': {}}","{'node_level': {}, 'link_level': {}, 'path_level': {}}","{'node_level': {}, 'link_level': {}, 'path_level': {}}",[],-inf,-inf,True,True,False,0,[],0,0.0,,,2
145,7,3,5554.0,11367.0,3998222.968807812,8258845.640994372,0.4886073722178235,0.4841140206037829,28,240,1,1173.0,10301,1963,8338,0.2900542495479205,0.42016689847009736,144,186.641334052943,1173.0,6,11,False,{},{},{},{},0.0,0.0,346.0,173.0,880.0,0.0,0.0,0.0,0.0,0.0,0.0,0.0,0.0,0.0,Unknown Reason,0.0,"{'node_level': {}, 'link_level': {}, 'path_level': {}}","{'node_level': {}, 'link_level': {}, 'path_level': {}}","{'node_level': {}, 'link_level': {}, 'path_level': {}}",[],-inf,-inf,True,True,False,0,[],0,0.0,0.0,0.0,2
146,7,3,5554.0,11367.0,3998222.968807812,8258845.640994372,0.4886073722178235,0.4841140206037829,28,241,1,1179.0,10301,1963,8338,0.2900542495479205,0.42016689847009736,145,1061.378972983742,1179.0,8,16,False,{},{},{},{},0.0,0.0,710.0,355.0,1370.0,0.0,0.0,0.0,0.0,0.0,0.0,0.0,0.0,0.0,Unknown Reason,0.0,"{'node_level': {}, 'link_level': {}, 'path_level': {}}","{'node_level': {}, 'link_level': {}, 'path_level': {}}","{'node_level': {}, 'link_level': {}, 'path_level': {}}",[],-inf,-inf,True,True,False,0,[],0,0.0,0.0,0.0,2
146,7,3,5554.0,11367.0,3998222.968807812,8258845.640994372,0.4886073722178235,0.4841140206037829,28,242,0,1182.1309926314782,10301,1963,8338,0.2900542495479205,0.42016689847009736,83,512.1309926314782,670.0,7,13,False,{},{},{},{},0.0,0.0,0.0,0.0,0.0,0.0,0.0,0.0,0.0,0.0,0.0,0.0,0.0,0.0,Leave Event,0.0,"{'node_level': {}, 'link_level': {}, 'path_level': {}}","{'node_level': {}, 'link_level': {}, 'path_level': {}}","{'node_level': {}, 'link_level': {}, 'path_level': {}}",[],-inf,-inf,True,True,False,0,[],0,0.0,,,2
147,7,3,5554.0,11367.0,3998222.968807812,8258845.640994372,0.4886073722178235,0.4841140206037829,28,243,1,1185.0,10301,1963,8338,0.2900542495479205,0.42016689847009736,146,244.18623413104092,1185.0,10,21,False,{},{},{},{},0.0,0.0,790.0,395.0,1693.0,0.0,0.0,0.0,0.0,0.0,0.0,0.0,0.0,0.0,Unknown Reason,0.0,"{'node_level': {}, 'link_level': {}, 'path_level': {}}","{'node_level': {}, 'link_level': {}, 'path_level': {}}","{'node_level': {}, 'link_level': {}, 'path_level': {}}",[],-inf,-inf,True,True,False,0,[],0,0.0,0.0,0.0,2
148,7,3,5554.0,11367.0,3998222.968807812,8258845.640994372,0.4886073722178235,0.4841140206037829,28,244,1,1193.0,10301,1963,8338,0.2900542495479205,0.42016689847009736,147,472.2027627596061,1193.0,9,17,False,{},{},{},{},0.0,0.0,758.0,379.0,1350.0,0.0,0.0,0.0,0.0,0.0,0.0,0.0,0.0,0.0,Unknown Reason,0.0,"{'node_level': {}, 'link_level': {}, 'path_level': {}}","{'node_level': {}, 'link_level': {}, 'path_level': {}}","{'node_level': {}, 'link_level': {}, 'path_level': {}}",[],-inf,-inf,True,True,False,0,[],0,0.0,0.0,0.0,2
149,7,3,5554.0,11367.0,3998222.968807812,8258845.640994372,0.4886073722178235,0.4841140206037829,28,245,1,1200.0,10301,1963,8338,0.2900542495479205,0.42016689847009736,148,370.2969163070019,1200.0,8,14,False,{},{},{},{},0.0,0.0,628.0,314.0,1165.0,0.0,0.0,0.0,0.0,0.0,0.0,0.0,0.0,0.0,Unknown Reason,0.0,"{'node_level': {}, 'link_level': {}, 'path_level': {}}","{'node_level': {}, 'link_level': {}, 'path_level': {}}","{'node_level': {}, 'link_level': {}, 'path_level': {}}",[],-inf,-inf,True,True,False,0,[],0,0.0,0.0,0.0,2
149,7,3,5554.0,11367.0,3998222.968807812,8258845.640994372,0.4886073722178235,0.4841140206037829,28,246,0,1200.3973957528842,10301,1963,8338,0.2900542495479205,0.42016689847009736,134,115.39739575288432,1085.0,6,6,False,{},{},{},{},0.0,0.0,0.0,0.0,0.0,0.0,0.0,0.0,0.0,0.0,0.0,0.0,0.0,0.0,Leave Event,0.0,"{'node_level': {}, 'link_level': {}, 'path_level': {}}","{'node_level': {}, 'link_level': {}, 'path_level': {}}","{'node_level': {}, 'link_level': {}, 'path_level': {}}",[],-inf,-inf,True,True,False,0,[],0,0.0,,,2
149,7,3,5554.0,11367.0,3998222.968807812,8258845.640994372,0.4886073722178235,0.4841140206037829,28,247,0,1201.2084199109947,10301,1963,8338,0.2900542495479205,0.42016689847009736,122,221.2084199109948,980.0,7,13,False,{},{},{},{},0.0,0.0,0.0,0.0,0.0,0.0,0.0,0.0,0.0,0.0,0.0,0.0,0.0,0.0,Leave Event,0.0,"{'node_level': {}, 'link_level': {}, 'path_level': {}}","{'node_level': {}, 'link_level': {}, 'path_level': {}}","{'node_level': {}, 'link_level': {}, 'path_level': {}}",[],-inf,-inf,True,True,False,0,[],0,0.0,,,2
150,7,3,5554.0,11367.0,3998222.968807812,8258845.640994372,0.4886073722178235,0.4841140206037829,28,248,1,1209.0,10301,1963,8338,0.2900542495479205,0.42016689847009736,149,196.56337257360008,1209.0,6,7,False,{},{},{},{},0.0,0.0,560.0,280.0,536.0,0.0,0.0,0.0,0.0,0.0,0.0,0.0,0.0,0.0,Unknown Reason,0.0,"{'node_level': {}, 'link_level': {}, 'path_level': {}}","{'node_level': {}, 'link_level': {}, 'path_level': {}}","{'node_level': {}, 'link_level': {}, 'path_level': {}}",[],-inf,-inf,True,True,False,0,[],0,0.0,0.0,0.0,2
150,7,3,5554.0,11367.0,3998222.968807812,8258845.640994372,0.4886073722178235,0.4841140206037829,28,249,0,1213.2745193387218,10301,1963,8338,0.2900542495479205,0.42016689847009736,141,62.27451933872182,1151.0,7,7,False,{},{},{},{},0.0,0.0,0.0,0.0,0.0,0.0,0.0,0.0,0.0,0.0,0.0,0.0,0.0,0.0,Leave Event,0.0,"{'node_level': {}, 'link_level': {}, 'path_level': {}}","{'node_level': {}, 'link_level': {}, 'path_level': {}}","{'node_level': {}, 'link_level': {}, 'path_level': {}}",[],-inf,-inf,True,True,False,0,[],0,0.0,,,2
150,7,3,5554.0,11367.0,3998222.968807812,8258845.640994372,0.4886073722178235,0.4841140206037829,28,250,0,1215.3344078953928,10301,1963,8338,0.2900542495479205,0.42016689847009736,78,592.3344078953928,623.0,10,19,False,{},{},{},{},0.0,0.0,0.0,0.0,0.0,0.0,0.0,0.0,0.0,0.0,0.0,0.0,0.0,0.0,Leave Event,0.0,"{'node_level': {}, 'link_level': {}, 'path_level': {}}","{'node_level': {}, 'link_level': {}, 'path_level': {}}","{'node_level': {}, 'link_level': {}, 'path_level': {}}",[],-inf,-inf,True,True,False,0,[],0,0.0,,,2
151,7,3,5554.0,11367.0,3998222.968807812,8258845.640994372,0.4886073722178235,0.4841140206037829,28,251,1,1217.0,10301,1963,8338,0.2900542495479205,0.42016689847009736,150,1328.13527684102,1217.0,5,6,False,{},{},{},{},0.0,0.0,324.0,162.0,512.0,0.0,0.0,0.0,0.0,0.0,0.0,0.0,0.0,0.0,Unknown Reason,0.0,"{'node_level': {}, 'link_level': {}, 'path_level': {}}","{'node_level': {}, 'link_level': {}, 'path_level': {}}","{'node_level': {}, 'link_level': {}, 'path_level': {}}",[],-inf,-inf,True,True,False,0,[],0,0.0,0.0,0.0,2
152,7,3,5554.0,11367.0,3998222.968807812,8258845.640994372,0.4886073722178235,0.4841140206037829,28,252,1,1227.0,10301,1963,8338,0.2900542495479205,0.42016689847009736,151,942.6003479946348,1227.0,8,14,False,{},{},{},{},0.0,0.0,614.0,307.0,1215.0,0.0,0.0,0.0,0.0,0.0,0.0,0.0,0.0,0.0,Unknown Reason,0.0,"{'node_level': {}, 'link_level': {}, 'path_level': {}}","{'node_level': {}, 'link_level': {}, 'path_level': {}}","{'node_level': {}, 'link_level': {}, 'path_level': {}}",[],-inf,-inf,True,True,False,0,[],0,0.0,0.0,0.0,2
153,7,3,5554.0,11367.0,3998222.968807812,8258845.640994372,0.4886073722178235,0.4841140206037829,28,253,1,1236.0,10301,1963,8338,0.2900542495479205,0.42016689847009736,152,919.812316933456,1236.0,5,5,False,{},{},{},{},0.0,0.0,440.0,220.0,390.0,0.0,0.0,0.0,0.0,0.0,0.0,0.0,0.0,0.0,Unknown Reason,0.0,"{'node_level': {}, 'link_level': {}, 'path_level': {}}","{'node_level': {}, 'link_level': {}, 'path_level': {}}","{'node_level': {}, 'link_level': {}, 'path_level': {}}",[],-inf,-inf,True,True,False,0,[],0,0.0,0.0,0.0,2
154,7,3,5554.0,11367.0,3998222.968807812,8258845.640994372,0.4886073722178235,0.4841140206037829,28,254,1,1242.0,10301,1963,8338,0.2900542495479205,0.42016689847009736,153,1542.7041794783074,1242.0,8,13,False,{},{},{},{},0.0,0.0,632.0,316.0,1103.0,0.0,0.0,0.0,0.0,0.0,0.0,0.0,0.0,0.0,Unknown Reason,0.0,"{'node_level': {}, 'link_level': {}, 'path_level': {}}","{'node_level': {}, 'link_level': {}, 'path_level': {}}","{'node_level': {}, 'link_level': {}, 'path_level': {}}",[],-inf,-inf,True,True,False,0,[],0,0.0,0.0,0.0,2
155,7,3,5554.0,11367.0,3998222.968807812,8258845.640994372,0.4886073722178235,0.4841140206037829,28,255,1,1245.0,10301,1963,8338,0.2900542495479205,0.42016689847009736,154,1.2427562984826699,1245.0,6,10,False,{},{},{},{},0.0,0.0,550.0,275.0,722.0,0.0,0.0,0.0,0.0,0.0,0.0,0.0,0.0,0.0,Unknown Reason,0.0,"{'node_level': {}, 'link_level': {}, 'path_level': {}}","{'node_level': {}, 'link_level': {}, 'path_level': {}}","{'node_level': {}, 'link_level': {}, 'path_level': {}}",[],-inf,-inf,True,True,False,0,[],0,0.0,0.0,0.0,2
155,7,3,5554.0,11367.0,3998222.968807812,8258845.640994372,0.4886073722178235,0.4841140206037829,28,256,0,1246.2427562984826,10301,1963,8338,0.2900542495479205,0.42016689847009736,154,1.2427562984826699,1245.0,6,10,False,{},{},{},{},0.0,0.0,0.0,0.0,0.0,0.0,0.0,0.0,0.0,0.0,0.0,0.0,0.0,0.0,Leave Event,0.0,"{'node_level': {}, 'link_level': {}, 'path_level': {}}","{'node_level': {}, 'link_level': {}, 'path_level': {}}","{'node_level': {}, 'link_level': {}, 'path_level': {}}",[],-inf,-inf,True,True,False,0,[],0,0.0,,,2
155,7,3,5554.0,11367.0,3998222.968807812,8258845.640994372,0.4886073722178235,0.4841140206037829,28,257,0,1247.5447239511227,10301,1963,8338,0.2900542495479205,0.42016689847009736,127,211.54472395112268,1036.0,6,7,False,{},{},{},{},0.0,0.0,0.0,0.0,0.0,0.0,0.0,0.0,0.0,0.0,0.0,0.0,0.0,0.0,Leave Event,0.0,"{'node_level': {}, 'link_level': {}, 'path_level': {}}","{'node_level': {}, 'link_level': {}, 'path_level': {}}","{'node_level': {}, 'link_level': {}, 'path_level': {}}",[],-inf,-inf,True,True,False,0,[],0,0.0,,,2
155,7,3,5554.0,11367.0,3998222.968807812,8258845.640994372,0.4886073722178235,0.4841140206037829,28,258,0,1248.5894409100426,10301,1963,8338,0.2900542495479205,0.42016689847009736,112,349.5894409100426,899.0,9,16,False,{},{},{},{},0.0,0.0,0.0,0.0,0.0,0.0,0.0,0.0,0.0,0.0,0.0,0.0,0.0,0.0,Leave Event,0.0,"{'node_level': {}, 'link_level': {}, 'path_level': {}}","{'node_level': {}, 'link_level': {}, 'path_level': {}}","{'node_level': {}, 'link_level': {}, 'path_level': {}}",[],-inf,-inf,True,True,False,0,[],0,0.0,,,2
156,7,3,5554.0,11367.0,3998222.968807812,8258845.640994372,0.4886073722178235,0.4841140206037829,28,259,1,1249.0,10301,1963,8338,0.2900542495479205,0.42016689847009736,155,338.75415408203503,1249.0,8,16,False,{},{},{},{},0.0,0.0,670.0,335.0,1316.0,0.0,0.0,0.0,0.0,0.0,0.0,0.0,0.0,0.0,Unknown Reason,0.0,"{'node_level': {}, 'link_level': {}, 'path_level': {}}","{'node_level': {}, 'link_level': {}, 'path_level': {}}","{'node_level': {}, 'link_level': {}, 'path_level': {}}",[],-inf,-inf,True,True,False,0,[],0,0.0,0.0,0.0,2
156,7,3,5554.0,11367.0,3998222.968807812,8258845.640994372,0.4886073722178235,0.4841140206037829,28,260,0,1249.8733192667044,10301,1963,8338,0.2900542495479205,0.42016689847009736,139,118.87331926670439,1131.0,8,17,False,{},{},{},{},0.0,0.0,0.0,0.0,0.0,0.0,0.0,0.0,0.0,0.0,0.0,0.0,0.0,0.0,Leave Event,0.0,"{'node_level': {}, 'link_level': {}, 'path_level': {}}","{'node_level': {}, 'link_level': {}, 'path_level': {}}","{'node_level': {}, 'link_level': {}, 'path_level': {}}",[],-inf,-inf,True,True,False,0,[],0,0.0,,,2
157,7,3,5554.0,11367.0,3998222.968807812,8258845.640994372,0.4886073722178235,0.4841140206037829,28,261,1,1256.0,10301,1963,8338,0.2900542495479205,0.42016689847009736,156,1389.6102847197944,1256.0,10,19,False,{},{},{},{},0.0,0.0,820.0,410.0,1269.0,0.0,0.0,0.0,0.0,0.0,0.0,0.0,0.0,0.0,Unknown Reason,0.0,"{'node_level': {}, 'link_level': {}, 'path_level': {}}","{'node_level': {}, 'link_level': {}, 'path_level': {}}","{'node_level': {}, 'link_level': {}, 'path_level': {}}",[],-inf,-inf,True,True,False,0,[],0,0.0,0.0,0.0,2
158,7,3,5554.0,11367.0,3998222.968807812,8258845.640994372,0.4886073722178235,0.4841140206037829,28,262,1,1264.0,10301,1963,8338,0.2900542495479205,0.42016689847009736,157,72.18164306787149,1264.0,8,16,False,{},{},{},{},0.0,0.0,722.0,361.0,1202.0,0.0,0.0,0.0,0.0,0.0,0.0,0.0,0.0,0.0,Unknown Reason,0.0,"{'node_level': {}, 'link_level': {}, 'path_level': {}}","{'node_level': {}, 'link_level': {}, 'path_level': {}}","{'node_level': {}, 'link_level': {}, 'path_level': {}}",[],-inf,-inf,True,True,False,0,[],0,0.0,0.0,0.0,2
159,7,3,5554.0,11367.0,3998222.968807812,8258845.640994372,0.4886073722178235,0.4841140206037829,28,263,1,1267.0,10301,1963,8338,0.2900542495479205,0.42016689847009736,158,140.5148830367041,1267.0,5,6,False,{},{},{},{},0.0,0.0,352.0,176.0,431.0,0.0,0.0,0.0,0.0,0.0,0.0,0.0,0.0,0.0,Unknown Reason,0.0,"{'node_level': {}, 'link_level': {}, 'path_level': {}}","{'node_level': {}, 'link_level': {}, 'path_level': {}}","{'node_level': {}, 'link_level': {}, 'path_level': {}}",[],-inf,-inf,True,True,False,0,[],0,0.0,0.0,0.0,2
160,7,3,5554.0,11367.0,3998222.968807812,8258845.640994372,0.4886073722178235,0.4841140206037829,28,264,1,1273.0,10301,1963,8338,0.2900542495479205,0.42016689847009736,159,351.66130815657266,1273.0,6,7,False,{},{},{},{},0.0,0.0,556.0,278.0,516.0,0.0,0.0,0.0,0.0,0.0,0.0,0.0,0.0,0.0,Unknown Reason,0.0,"{'node_level': {}, 'link_level': {}, 'path_level': {}}","{'node_level': {}, 'link_level': {}, 'path_level': {}}","{'node_level': {}, 'link_level': {}, 'path_level': {}}",[],-inf,-inf,True,True,False,0,[],0,0.0,0.0,0.0,2
160,7,3,5554.0,11367.0,3998222.968807812,8258845.640994372,0.4886073722178235,0.4841140206037829,28,265,0,1276.9235620953573,10301,1963,8338,0.2900542495479205,0.42016689847009736,37,965.9235620953574,311.0,7,12,False,{},{},{},{},0.0,0.0,0.0,0.0,0.0,0.0,0.0,0.0,0.0,0.0,0.0,0.0,0.0,0.0,Leave Event,0.0,"{'node_level': {}, 'link_level': {}, 'path_level': {}}","{'node_level': {}, 'link_level': {}, 'path_level': {}}","{'node_level': {}, 'link_level': {}, 'path_level': {}}",[],-inf,-inf,True,True,False,0,[],0,0.0,,,2
161,7,3,5554.0,11367.0,3998222.968807812,8258845.640994372,0.4886073722178235,0.4841140206037829,28,266,1,1278.0,10301,1963,8338,0.2900542495479205,0.42016689847009736,160,567.2568138443279,1278.0,9,19,False,{},{},{},{},0.0,0.0,740.0,370.0,1538.0,0.0,0.0,0.0,0.0,0.0,0.0,0.0,0.0,0.0,Unknown Reason,0.0,"{'node_level': {}, 'link_level': {}, 'path_level': {}}","{'node_level': {}, 'link_level': {}, 'path_level': {}}","{'node_level': {}, 'link_level': {}, 'path_level': {}}",[],-inf,-inf,True,True,False,0,[],0,0.0,0.0,0.0,2
161,7,3,5554.0,11367.0,3998222.968807812,8258845.640994372,0.4886073722178235,0.4841140206037829,28,267,0,1282.1880982922503,10301,1963,8338,0.2900542495479205,0.42016689847009736,137,172.1880982922502,1110.0,5,6,False,{},{},{},{},0.0,0.0,0.0,0.0,0.0,0.0,0.0,0.0,0.0,0.0,0.0,0.0,0.0,0.0,Leave Event,0.0,"{'node_level': {}, 'link_level': {}, 'path_level': {}}","{'node_level': {}, 'link_level': {}, 'path_level': {}}","{'node_level': {}, 'link_level': {}, 'path_level': {}}",[],-inf,-inf,True,True,False,0,[],0,0.0,,,2
161,7,3,5554.0,11367.0,3998222.968807812,8258845.640994372,0.4886073722178235,0.4841140206037829,28,268,0,1286.7304519303366,10301,1963,8338,0.2900542495479205,0.42016689847009736,26,1062.7304519303366,224.0,10,23,False,{},{},{},{},0.0,0.0,0.0,0.0,0.0,0.0,0.0,0.0,0.0,0.0,0.0,0.0,0.0,0.0,Leave Event,0.0,"{'node_level': {}, 'link_level': {}, 'path_level': {}}","{'node_level': {}, 'link_level': {}, 'path_level': {}}","{'node_level': {}, 'link_level': {}, 'path_level': {}}",[],-inf,-inf,True,True,False,0,[],0,0.0,,,2
162,7,3,5554.0,11367.0,3998222.968807812,8258845.640994372,0.4886073722178235,0.4841140206037829,28,269,1,1290.0,10301,1963,8338,0.2900542495479205,0.42016689847009736,161,202.3027070881677,1290.0,7,13,False,{},{},{},{},0.0,0.0,616.0,308.0,1126.0,0.0,0.0,0.0,0.0,0.0,0.0,0.0,0.0,0.0,Unknown Reason,0.0,"{'node_level': {}, 'link_level': {}, 'path_level': {}}","{'node_level': {}, 'link_level': {}, 'path_level': {}}","{'node_level': {}, 'link_level': {}, 'path_level': {}}",[],-inf,-inf,True,True,False,0,[],0,0.0,0.0,0.0,2
163,7,3,5554.0,11367.0,3998222.968807812,8258845.640994372,0.4886073722178235,0.4841140206037829,28,270,1,1295.0,10301,1963,8338,0.2900542495479205,0.42016689847009736,162,182.90445998288826,1295.0,6,9,False,{},{},{},{},0.0,0.0,492.0,246.0,780.0,0.0,0.0,0.0,0.0,0.0,0.0,0.0,0.0,0.0,Unknown Reason,0.0,"{'node_level': {}, 'link_level': {}, 'path_level': {}}","{'node_level': {}, 'link_level': {}, 'path_level': {}}","{'node_level': {}, 'link_level': {}, 'path_level': {}}",[],-inf,-inf,True,True,False,0,[],0,0.0,0.0,0.0,2
163,7,3,5554.0,11367.0,3998222.968807812,8258845.640994372,0.4886073722178235,0.4841140206037829,28,271,0,1295.509189756853,10301,1963,8338,0.2900542495479205,0.42016689847009736,79,661.509189756853,634.0,10,19,False,{},{},{},{},0.0,0.0,0.0,0.0,0.0,0.0,0.0,0.0,0.0,0.0,0.0,0.0,0.0,0.0,Leave Event,0.0,"{'node_level': {}, 'link_level': {}, 'path_level': {}}","{'node_level': {}, 'link_level': {}, 'path_level': {}}","{'node_level': {}, 'link_level': {}, 'path_level': {}}",[],-inf,-inf,True,True,False,0,[],0,0.0,,,2
164,7,3,5554.0,11367.0,3998222.968807812,8258845.640994372,0.4886073722178235,0.4841140206037829,28,272,1,1301.0,10301,1963,8338,0.2900542495479205,0.42016689847009736,163,747.6037259010285,1301.0,10,22,False,{},{},{},{},0.0,0.0,682.0,341.0,1683.0,0.0,0.0,0.0,0.0,0.0,0.0,0.0,0.0,0.0,Unknown Reason,0.0,"{'node_level': {}, 'link_level': {}, 'path_level': {}}","{'node_level': {}, 'link_level': {}, 'path_level': {}}","{'node_level': {}, 'link_level': {}, 'path_level': {}}",[],-inf,-inf,True,True,False,0,[],0,0.0,0.0,0.0,2
165,7,3,5554.0,11367.0,3998222.968807812,8258845.640994372,0.4886073722178235,0.4841140206037829,28,273,1,1306.0,10301,1963,8338,0.2900542495479205,0.42016689847009736,164,16.702874317876375,1306.0,6,9,False,{},{},{},{},0.0,0.0,516.0,258.0,739.0,0.0,0.0,0.0,0.0,0.0,0.0,0.0,0.0,0.0,Unknown Reason,0.0,"{'node_level': {}, 'link_level': {}, 'path_level': {}}","{'node_level': {}, 'link_level': {}, 'path_level': {}}","{'node_level': {}, 'link_level': {}, 'path_level': {}}",[],-inf,-inf,True,True,False,0,[],0,0.0,0.0,0.0,2
165,7,3,5554.0,11367.0,3998222.968807812,8258845.640994372,0.4886073722178235,0.4841140206037829,28,274,0,1306.873047099461,10301,1963,8338,0.2900542495479205,0.42016689847009736,49,912.873047099461,394.0,10,17,False,{},{},{},{},0.0,0.0,0.0,0.0,0.0,0.0,0.0,0.0,0.0,0.0,0.0,0.0,0.0,0.0,Leave Event,0.0,"{'node_level': {}, 'link_level': {}, 'path_level': {}}","{'node_level': {}, 'link_level': {}, 'path_level': {}}","{'node_level': {}, 'link_level': {}, 'path_level': {}}",[],-inf,-inf,True,True,False,0,[],0,0.0,,,2
165,7,3,5554.0,11367.0,3998222.968807812,8258845.640994372,0.4886073722178235,0.4841140206037829,28,275,0,1307.438379157941,10301,1963,8338,0.2900542495479205,0.42016689847009736,140,164.43837915794091,1143.0,7,13,False,{},{},{},{},0.0,0.0,0.0,0.0,0.0,0.0,0.0,0.0,0.0,0.0,0.0,0.0,0.0,0.0,Leave Event,0.0,"{'node_level': {}, 'link_level': {}, 'path_level': {}}","{'node_level': {}, 'link_level': {}, 'path_level': {}}","{'node_level': {}, 'link_level': {}, 'path_level': {}}",[],-inf,-inf,True,True,False,0,[],0,0.0,,,2
165,7,3,5554.0,11367.0,3998222.968807812,8258845.640994372,0.4886073722178235,0.4841140206037829,28,276,0,1315.4324913848477,10301,1963,8338,0.2900542495479205,0.42016689847009736,138,195.4324913848476,1120.0,10,26,False,{},{},{},{},0.0,0.0,0.0,0.0,0.0,0.0,0.0,0.0,0.0,0.0,0.0,0.0,0.0,0.0,Leave Event,0.0,"{'node_level': {}, 'link_level': {}, 'path_level': {}}","{'node_level': {}, 'link_level': {}, 'path_level': {}}","{'node_level': {}, 'link_level': {}, 'path_level': {}}",[],-inf,-inf,True,True,False,0,[],0,0.0,,,2
165,7,2,5554.0,11367.0,3998222.968807812,8258845.640994372,0.4886073722178235,0.4841140206037829,28,277,0,1315.8939545875692,12575,2227,10348,0.19457504520795665,0.2803894297635605,117,381.89395458756917,934.0,7,9,False,{},{},{},{},0.0,0.0,0.0,0.0,0.0,0.0,0.0,0.0,0.0,0.0,0.0,0.0,0.0,0.0,Leave Event,0.0,"{'node_level': {}, 'link_level': {}, 'path_level': {}}","{'node_level': {}, 'link_level': {}, 'path_level': {}}","{'node_level': {}, 'link_level': {}, 'path_level': {}}",[],-inf,-inf,True,True,False,0,[],0,0.0,,,2
166,7,2,5554.0,11367.0,3998222.968807812,8258845.640994372,0.4886073722178235,0.4841140206037829,28,278,1,1320.0,12575,2227,10348,0.19457504520795665,0.2803894297635605,165,770.4175710640617,1320.0,7,10,False,{},{},{},{},0.0,0.0,686.0,343.0,735.0,0.0,0.0,0.0,0.0,0.0,0.0,0.0,0.0,0.0,Unknown Reason,0.0,"{'node_level': {}, 'link_level': {}, 'path_level': {}}","{'node_level': {}, 'link_level': {}, 'path_level': {}}","{'node_level': {}, 'link_level': {}, 'path_level': {}}",[],-inf,-inf,True,True,False,0,[],0,0.0,0.0,0.0,2
166,7,2,5554.0,11367.0,3998222.968807812,8258845.640994372,0.4886073722178235,0.4841140206037829,28,279,0,1322.7028743178764,12575,2227,10348,0.19457504520795665,0.2803894297635605,164,16.702874317876375,1306.0,6,9,False,{},{},{},{},0.0,0.0,0.0,0.0,0.0,0.0,0.0,0.0,0.0,0.0,0.0,0.0,0.0,0.0,Leave Event,0.0,"{'node_level': {}, 'link_level': {}, 'path_level': {}}","{'node_level': {}, 'link_level': {}, 'path_level': {}}","{'node_level': {}, 'link_level': {}, 'path_level': {}}",[],-inf,-inf,True,True,False,0,[],0,0.0,,,2
167,8,3,6255.0,12878.0,4194349.198140493,8681594.18952744,0.4857120670911632,0.4831312206691385,29,280,1,1324.0,11064,2040,9024,0.26220614828209765,0.372461752433936,166,279.78064098813286,1324.0,5,7,True,"{np.int64(0): np.int64(30), np.int64(1): np.int64(21), np.int64(2): np.int64(5), np.int64(3): np.int64(9), np.int64(4): np.int64(23)}","{(0, 1): [(np.int64(30), 29), (29, 2), (2, np.int64(21))], (1, 2): [(np.int64(21), 2), (2, np.int64(5))], (1, 3): [(np.int64(21), 2), (2, 5), (5, 6), (6, np.int64(9))], (1, 4): [(np.int64(21), 23)], (2, 3): [(np.int64(5), 6), (6, np.int64(9))], (2, 4): [(np.int64(5), 2), (2, 21), (21, np.int64(23))], (3, 4): [(np.int64(9), 6), (6, 4), (4, 1), (1, 20), (20, np.int64(23))]}","{(np.int64(0), np.int64(30)): {'cpu': 41}, (np.int64(1), np.int64(21)): {'cpu': 41}, (np.int64(2), np.int64(5)): {'cpu': 30}, (np.int64(3), np.int64(9)): {'cpu': 42}, (np.int64(4), np.int64(23)): {'cpu': 33}}","{((0, 1), (np.int64(30), 29)): {'bw': 41}, ((0, 1), (29, 2)): {'bw': 41}, ((0, 1), (2, np.int64(21))): {'bw': 41}, ((1, 2), (np.int64(21), 2)): {'bw': 41}, ((1, 2), (2, np.int64(5))): {'bw': 41}, ((1, 3), (np.int64(21), 2)): {'bw': 96}, ((1, 3), (2, 5)): {'bw': 96}, ((1, 3), (5, 6)): {'bw': 96}, ((1, 3), (6, np.int64(9))): {'bw': 96}, ((1, 4), (np.int64(21), 23)): {'bw': 120}, ((2, 3), (np.int64(5), 6)): {'bw': 117}, ((2, 3), (6, np.int64(9))): {'bw': 117}, ((2, 4), (np.int64(5), 2)): {'bw': 57}, ((2, 4), (2, 21)): {'bw': 57}, ((2, 4), (21, np.int64(23))): {'bw': 57}, ((3, 4), (np.int64(9), 6)): {'bw': 42}, ((3, 4), (6, 4)): {'bw': 42}, ((3, 4), (4, 1)): {'bw': 42}, ((3, 4), (1, 20)): {'bw': 42}, ((3, 4), (20, np.int64(23))): {'bw': 42}}",1511.0,701.0,561.0,187.0,514.0,187.0,514.0,187.0,1324.0,810.0,0.4639311714096625,422748.54853306874,196126.22933268113,129.79896051137072,Success,0.0,"{'node_level': {}, 'link_level': {}, 'path_level': {}}","{'node_level': {np.int64(0): {'cpu': -12}, np.int64(1): {'cpu': -12}, np.int64(2): {'cpu': -39}, np.int64(3): {'cpu': -15}, np.int64(4): {'cpu': -21}}, 'link_level': {(0, 1): {'bw': -180}, (1, 2): {'bw': -157}, (1, 3): {'bw': -61}, (1, 4): {'bw': -138}, (2, 3): {'bw': -57}, (2, 4): {'bw': -4}, (3, 4): {'bw': -50}}, 'path_level': {(0, 1): {}, (1, 2): {}, (1, 3): {}, (1, 4): {}, (2, 3): {}, (2, 4): {}, (3, 4): {}}}","{'node_level': {np.int64(0): {'cpu': 0}, np.int64(1): {'cpu': 0}, np.int64(2): {'cpu': 0}, np.int64(3): {'cpu': 0}, np.int64(4): {'cpu': 0}}, 'link_level': {(0, 1): {'bw': 0}, (1, 2): {'bw': 0}, (1, 3): {'bw': 0}, (1, 4): {'bw': 0}, (2, 3): {'bw': 0}, (2, 4): {'bw': 0}, (3, 4): {'bw': 0}}, 'path_level': {(0, 1): {}, (1, 2): {}, (1, 3): {}, (1, 4): {}, (2, 3): {}, (2, 4): {}, (3, 4): {}}}",[],-inf,-inf,True,True,False,0,[],0,0.0,5.0,7.0,2
167,8,3,6255.0,12878.0,4194349.198140493,8681594.18952744,0.4857120670911632,0.4831312206691385,29,281,0,1336.1816430678714,11064,2040,9024,0.26220614828209765,0.372461752433936,157,72.18164306787149,1264.0,8,16,False,{},{},{},{},0.0,0.0,0.0,0.0,0.0,0.0,0.0,0.0,0.0,0.0,0.0,0.0,0.0,0.0,Leave Event,0.0,"{'node_level': {}, 'link_level': {}, 'path_level': {}}","{'node_level': {}, 'link_level': {}, 'path_level': {}}","{'node_level': {}, 'link_level': {}, 'path_level': {}}",[],-inf,-inf,True,True,False,0,[],0,0.0,,,2
168,8,3,6255.0,12878.0,4194349.198140493,8681594.18952744,0.4857120670911632,0.4831312206691385,29,282,1,1339.0,11064,2040,9024,0.26220614828209765,0.372461752433936,167,495.78935385999097,1339.0,7,11,False,{},{},{},{},0.0,0.0,562.0,281.0,844.0,0.0,0.0,0.0,0.0,0.0,0.0,0.0,0.0,0.0,Unknown Reason,0.0,"{'node_level': {}, 'link_level': {}, 'path_level': {}}","{'node_level': {}, 'link_level': {}, 'path_level': {}}","{'node_level': {}, 'link_level': {}, 'path_level': {}}",[],-inf,-inf,True,True,False,0,[],0,0.0,0.0,0.0,2
169,8,3,6255.0,12878.0,4194349.198140493,8681594.18952744,0.4857120670911632,0.4831312206691385,29,283,1,1347.0,11064,2040,9024,0.26220614828209765,0.372461752433936,168,611.2432736368179,1347.0,5,6,False,{},{},{},{},0.0,0.0,458.0,229.0,509.0,0.0,0.0,0.0,0.0,0.0,0.0,0.0,0.0,0.0,Unknown Reason,0.0,"{'node_level': {}, 'link_level': {}, 'path_level': {}}","{'node_level': {}, 'link_level': {}, 'path_level': {}}","{'node_level': {}, 'link_level': {}, 'path_level': {}}",[],-inf,-inf,True,True,False,0,[],0,0.0,0.0,0.0,2
170,8,3,6255.0,12878.0,4194349.198140493,8681594.18952744,0.4857120670911632,0.4831312206691385,29,284,1,1354.0,11064,2040,9024,0.26220614828209765,0.372461752433936,169,51.830219371393,1354.0,9,15,False,{},{},{},{},0.0,0.0,694.0,347.0,1031.0,0.0,0.0,0.0,0.0,0.0,0.0,0.0,0.0,0.0,Unknown Reason,0.0,"{'node_level': {}, 'link_level': {}, 'path_level': {}}","{'node_level': {}, 'link_level': {}, 'path_level': {}}","{'node_level': {}, 'link_level': {}, 'path_level': {}}",[],-inf,-inf,True,True,False,0,[],0,0.0,0.0,0.0,2
170,8,3,6255.0,12878.0,4194349.198140493,8681594.18952744,0.4857120670911632,0.4831312206691385,29,285,0,1359.641334052943,11064,2040,9024,0.26220614828209765,0.372461752433936,144,186.641334052943,1173.0,6,11,False,{},{},{},{},0.0,0.0,0.0,0.0,0.0,0.0,0.0,0.0,0.0,0.0,0.0,0.0,0.0,0.0,Leave Event,0.0,"{'node_level': {}, 'link_level': {}, 'path_level': {}}","{'node_level': {}, 'link_level': {}, 'path_level': {}}","{'node_level': {}, 'link_level': {}, 'path_level': {}}",[],-inf,-inf,True,True,False,0,[],0,0.0,,,2
170,8,2,6255.0,12878.0,4194349.198140493,8681594.18952744,0.4857120670911632,0.4831312206691385,29,286,0,1361.936058750045,13456,2370,11086,0.1428571428571429,0.22906815020862303,7,1302.936058750045,59.0,7,11,False,{},{},{},{},0.0,0.0,0.0,0.0,0.0,0.0,0.0,0.0,0.0,0.0,0.0,0.0,0.0,0.0,Leave Event,0.0,"{'node_level': {}, 'link_level': {}, 'path_level': {}}","{'node_level': {}, 'link_level': {}, 'path_level': {}}","{'node_level': {}, 'link_level': {}, 'path_level': {}}",[],-inf,-inf,True,True,False,0,[],0,0.0,,,2
171,9,3,7783.0,16481.0,5983488.921666955,12900357.555931788,0.472240762089679,0.46382349448257365,31,287,1,1363.0,9853,2014,7839,0.27160940325497285,0.4548678720445063,170,1170.902960423077,1363.0,8,15,True,"{np.int64(0): np.int64(17), np.int64(1): np.int64(15), np.int64(2): np.int64(1), np.int64(3): np.int64(28), np.int64(4): np.int64(19), np.int64(5): np.int64(2), np.int64(6): np.int64(6), np.int64(7): np.int64(12)}","{(0, 3): [(np.int64(17), 14), (14, 12), (12, 0), (0, np.int64(28))], (0, 5): [(np.int64(17), 14), (14, 13), (13, np.int64(2))], (0, 7): [(np.int64(17), 14), (14, 12)], (1, 4): [(np.int64(15), 19)], (1, 5): [(np.int64(15), 13), (13, np.int64(2))], (1, 6): [(np.int64(15), 12), (12, 0), (0, 4), (4, np.int64(6))], (1, 7): [(np.int64(15), 12)], (2, 3): [(np.int64(1), 28)], (2, 5): [(np.int64(1), 28), (28, 30), (30, 29), (29, np.int64(2))], (2, 6): [(np.int64(1), 4), (4, np.int64(6))], (3, 6): [(np.int64(28), 1), (1, 4), (4, np.int64(6))], (3, 7): [(np.int64(28), 0), (0, np.int64(12))], (4, 5): [(np.int64(19), 15), (15, 13), (13, np.int64(2))], (4, 6): [(np.int64(19), 15), (15, 13), (13, 3), (3, 5), (5, np.int64(6))], (6, 7): [(np.int64(6), 5), (5, 7), (7, 4), (4, 1), (1, 12)]}","{(np.int64(0), np.int64(17)): {'cpu': 48}, (np.int64(1), np.int64(15)): {'cpu': 44}, (np.int64(2), np.int64(1)): {'cpu': 42}, (np.int64(3), np.int64(28)): {'cpu': 50}, (np.int64(4), np.int64(19)): {'cpu': 50}, (np.int64(5), np.int64(2)): {'cpu': 40}, (np.int64(6), np.int64(6)): {'cpu': 41}, (np.int64(7), np.int64(12)): {'cpu': 41}}","{((0, 3), (np.int64(17), 14)): {'bw': 103}, ((0, 3), (14, 12)): {'bw': 103}, ((0, 3), (12, 0)): {'bw': 103}, ((0, 3), (0, np.int64(28))): {'bw': 103}, ((0, 5), (np.int64(17), 14)): {'bw': 53}, ((0, 5), (14, 13)): {'bw': 53}, ((0, 5), (13, np.int64(2))): {'bw': 53}, ((0, 7), (np.int64(17), 14)): {'bw': 117}, ((0, 7), (14, 12)): {'bw': 117}, ((1, 4), (np.int64(15), 19)): {'bw': 41}, ((1, 5), (np.int64(15), 13)): {'bw': 79}, ((1, 5), (13, np.int64(2))): {'bw': 79}, ((1, 6), (np.int64(15), 12)): {'bw': 117}, ((1, 6), (12, 0)): {'bw': 117}, ((1, 6), (0, 4)): {'bw': 117}, ((1, 6), (4, np.int64(6))): {'bw': 117}, ((1, 7), (np.int64(15), 12)): {'bw': 101}, ((2, 3), (np.int64(1), 28)): {'bw': 69}, ((2, 5), (np.int64(1), 28)): {'bw': 104}, ((2, 5), (28, 30)): {'bw': 104}, ((2, 5), (30, 29)): {'bw': 104}, ((2, 5), (29, np.int64(2))): {'bw': 104}, ((2, 6), (np.int64(1), 4)): {'bw': 106}, ((2, 6), (4, np.int64(6))): {'bw': 106}, ((3, 6), (np.int64(28), 1)): {'bw': 69}, ((3, 6), (1, 4)): {'bw': 69}, ((3, 6), (4, np.int64(6))): {'bw': 69}, ((3, 7), (np.int64(28), 0)): {'bw': 65}, ((3, 7), (0, np.int64(12))): {'bw': 65}, ((4, 5), (np.int64(19), 15)): {'bw': 50}, ((4, 5), (15, 13)): {'bw': 50}, ((4, 5), (13, np.int64(2))): {'bw': 50}, ((4, 6), (np.int64(19), 15)): {'bw': 52}, ((4, 6), (15, 13)): {'bw': 52}, ((4, 6), (13, 3)): {'bw': 52}, ((4, 6), (3, 5)): {'bw': 52}, ((4, 6), (5, np.int64(6))): {'bw': 52}, ((6, 7), (np.int64(6), 5)): {'bw': 46}, ((6, 7), (5, 7)): {'bw': 46}, ((6, 7), (7, 4)): {'bw': 46}, ((6, 7), (4, 1)): {'bw': 46}, ((6, 7), (1, 12)): {'bw': 46}}",3603.0,1528.0,1068.0,356.0,1172.0,356.0,1172.0,356.0,3247.0,2075.0,0.4240910352484041,4218763.366404346,1789139.7235264617,496.5694486612439,Success,0.0,"{'node_level': {}, 'link_level': {}, 'path_level': {}}","{'node_level': {np.int64(0): {'cpu': -28}, np.int64(1): {'cpu': -53}, np.int64(2): {'cpu': -23}, np.int64(3): {'cpu': -42}, np.int64(4): {'cpu': -37}, np.int64(5): {'cpu': -55}, np.int64(6): {'cpu': -27}, np.int64(7): {'cpu': -40}}, 'link_level': {(0, 3): {'bw': -162}, (0, 5): {'bw': -180}, (0, 7): {'bw': -63}, (1, 4): {'bw': -297}, (1, 5): {'bw': -117}, (1, 6): {'bw': -65}, (1, 7): {'bw': -78}, (2, 3): {'bw': -181}, (2, 5): {'bw': -76}, (2, 6): {'bw': -80}, (3, 6): {'bw': -8}, (3, 7): {'bw': -36}, (4, 5): {'bw': -67}, (4, 6): {'bw': -51}, (6, 7): {'bw': -6}}, 'path_level': {(0, 3): {}, (0, 5): {}, (0, 7): {}, (1, 4): {}, (1, 5): {}, (1, 6): {}, (1, 7): {}, (2, 3): {}, (2, 5): {}, (2, 6): {}, (3, 6): {}, (3, 7): {}, (4, 5): {}, (4, 6): {}, (6, 7): {}}}","{'node_level': {np.int64(0): {'cpu': 0}, np.int64(1): {'cpu': 0}, np.int64(2): {'cpu': 0}, np.int64(3): {'cpu': 0}, np.int64(4): {'cpu': 0}, np.int64(5): {'cpu': 0}, np.int64(6): {'cpu': 0}, np.int64(7): {'cpu': 0}}, 'link_level': {(0, 3): {'bw': 0}, (0, 5): {'bw': 0}, (0, 7): {'bw': 0}, (1, 4): {'bw': 0}, (1, 5): {'bw': 0}, (1, 6): {'bw': 0}, (1, 7): {'bw': 0}, (2, 3): {'bw': 0}, (2, 5): {'bw': 0}, (2, 6): {'bw': 0}, (3, 6): {'bw': 0}, (3, 7): {'bw': 0}, (4, 5): {'bw': 0}, (4, 6): {'bw': 0}, (6, 7): {'bw': 0}}, 'path_level': {(0, 3): {}, (0, 5): {}, (0, 7): {}, (1, 4): {}, (1, 5): {}, (1, 6): {}, (1, 7): {}, (2, 3): {}, (2, 5): {}, (2, 6): {}, (3, 6): {}, (3, 7): {}, (4, 5): {}, (4, 6): {}, (6, 7): {}}}",[],-inf,-inf,True,True,False,0,[],0,0.0,8.0,15.0,2
171,9,3,7783.0,16481.0,5983488.921666955,12900357.555931788,0.472240762089679,0.46382349448257365,31,288,0,1366.7882553057225,9853,2014,7839,0.27160940325497285,0.4548678720445063,136,267.7882553057225,1099.0,5,8,False,{},{},{},{},0.0,0.0,0.0,0.0,0.0,0.0,0.0,0.0,0.0,0.0,0.0,0.0,0.0,0.0,Leave Event,0.0,"{'node_level': {}, 'link_level': {}, 'path_level': {}}","{'node_level': {}, 'link_level': {}, 'path_level': {}}","{'node_level': {}, 'link_level': {}, 'path_level': {}}",[],-inf,-inf,True,True,False,0,[],0,0.0,,,2
172,9,3,7783.0,16481.0,5983488.921666955,12900357.555931788,0.472240762089679,0.46382349448257365,31,289,1,1371.0,9853,2014,7839,0.27160940325497285,0.4548678720445063,171,863.8643564780338,1371.0,6,6,False,{},{},{},{},0.0,0.0,406.0,203.0,459.0,0.0,0.0,0.0,0.0,0.0,0.0,0.0,0.0,0.0,Unknown Reason,0.0,"{'node_level': {}, 'link_level': {}, 'path_level': {}}","{'node_level': {}, 'link_level': {}, 'path_level': {}}","{'node_level': {}, 'link_level': {}, 'path_level': {}}",[],-inf,-inf,True,True,False,0,[],0,0.0,0.0,0.0,2
172,9,3,7783.0,16481.0,5983488.921666955,12900357.555931788,0.472240762089679,0.46382349448257365,31,290,0,1379.934953461729,9853,2014,7839,0.27160940325497285,0.4548678720445063,121,406.9349534617289,973.0,8,11,False,{},{},{},{},0.0,0.0,0.0,0.0,0.0,0.0,0.0,0.0,0.0,0.0,0.0,0.0,0.0,0.0,Leave Event,0.0,"{'node_level': {}, 'link_level': {}, 'path_level': {}}","{'node_level': {}, 'link_level': {}, 'path_level': {}}","{'node_level': {}, 'link_level': {}, 'path_level': {}}",[],-inf,-inf,True,True,False,0,[],0,0.0,,,2
173,9,3,7783.0,16481.0,5983488.921666955,12900357.555931788,0.472240762089679,0.46382349448257365,31,291,1,1384.0,9853,2014,7839,0.27160940325497285,0.4548678720445063,172,235.3070575801732,1384.0,10,26,False,{},{},{},{},0.0,0.0,814.0,407.0,2055.0,0.0,0.0,0.0,0.0,0.0,0.0,0.0,0.0,0.0,Unknown Reason,0.0,"{'node_level': {}, 'link_level': {}, 'path_level': {}}","{'node_level': {}, 'link_level': {}, 'path_level': {}}","{'node_level': {}, 'link_level': {}, 'path_level': {}}",[],-inf,-inf,True,True,False,0,[],0,0.0,0.0,0.0,2
174,9,3,7783.0,16481.0,5983488.921666955,12900357.555931788,0.472240762089679,0.46382349448257365,31,292,1,1390.0,9853,2014,7839,0.27160940325497285,0.4548678720445063,173,108.32877082225491,1390.0,5,6,False,{},{},{},{},0.0,0.0,434.0,217.0,527.0,0.0,0.0,0.0,0.0,0.0,0.0,0.0,0.0,0.0,Unknown Reason,0.0,"{'node_level': {}, 'link_level': {}, 'path_level': {}}","{'node_level': {}, 'link_level': {}, 'path_level': {}}","{'node_level': {}, 'link_level': {}, 'path_level': {}}",[],-inf,-inf,True,True,False,0,[],0,0.0,0.0,0.0,2
175,9,3,7783.0,16481.0,5983488.921666955,12900357.555931788,0.472240762089679,0.46382349448257365,31,293,1,1397.0,9853,2014,7839,0.27160940325497285,0.4548678720445063,174,32.43218740750499,1397.0,10,22,False,{},{},{},{},0.0,0.0,910.0,455.0,1824.0,0.0,0.0,0.0,0.0,0.0,0.0,0.0,0.0,0.0,Unknown Reason,0.0,"{'node_level': {}, 'link_level': {}, 'path_level': {}}","{'node_level': {}, 'link_level': {}, 'path_level': {}}","{'node_level': {}, 'link_level': {}, 'path_level': {}}",[],-inf,-inf,True,True,False,0,[],0,0.0,0.0,0.0,2
176,9,3,7783.0,16481.0,5983488.921666955,12900357.555931788,0.472240762089679,0.46382349448257365,31,294,1,1402.0,9853,2014,7839,0.27160940325497285,0.4548678720445063,175,184.52483090917696,1402.0,6,7,False,{},{},{},{},0.0,0.0,388.0,194.0,689.0,0.0,0.0,0.0,0.0,0.0,0.0,0.0,0.0,0.0,Unknown Reason,0.0,"{'node_level': {}, 'link_level': {}, 'path_level': {}}","{'node_level': {}, 'link_level': {}, 'path_level': {}}","{'node_level': {}, 'link_level': {}, 'path_level': {}}",[],-inf,-inf,True,True,False,0,[],0,0.0,0.0,0.0,2
176,9,3,7783.0,16481.0,5983488.921666955,12900357.555931788,0.472240762089679,0.46382349448257365,31,295,0,1402.3117553354173,9853,2014,7839,0.27160940325497285,0.4548678720445063,131,343.3117553354174,1059.0,5,4,False,{},{},{},{},0.0,0.0,0.0,0.0,0.0,0.0,0.0,0.0,0.0,0.0,0.0,0.0,0.0,0.0,Leave Event,0.0,"{'node_level': {}, 'link_level': {}, 'path_level': {}}","{'node_level': {}, 'link_level': {}, 'path_level': {}}","{'node_level': {}, 'link_level': {}, 'path_level': {}}",[],-inf,-inf,True,True,False,0,[],0,0.0,,,2
176,9,3,7783.0,16481.0,5983488.921666955,12900357.555931788,0.472240762089679,0.46382349448257365,31,296,0,1405.008685853115,9853,2014,7839,0.27160940325497285,0.4548678720445063,135,312.008685853115,1093.0,8,14,False,{},{},{},{},0.0,0.0,0.0,0.0,0.0,0.0,0.0,0.0,0.0,0.0,0.0,0.0,0.0,0.0,Leave Event,0.0,"{'node_level': {}, 'link_level': {}, 'path_level': {}}","{'node_level': {}, 'link_level': {}, 'path_level': {}}","{'node_level': {}, 'link_level': {}, 'path_level': {}}",[],-inf,-inf,True,True,False,0,[],0,0.0,,,2
176,9,3,7783.0,16481.0,5983488.921666955,12900357.555931788,0.472240762089679,0.46382349448257365,31,297,0,1405.5633725736002,9853,2014,7839,0.27160940325497285,0.4548678720445063,149,196.56337257360008,1209.0,6,7,False,{},{},{},{},0.0,0.0,0.0,0.0,0.0,0.0,0.0,0.0,0.0,0.0,0.0,0.0,0.0,0.0,Leave Event,0.0,"{'node_level': {}, 'link_level': {}, 'path_level': {}}","{'node_level': {}, 'link_level': {}, 'path_level': {}}","{'node_level': {}, 'link_level': {}, 'path_level': {}}",[],-inf,-inf,True,True,False,0,[],0,0.0,,,2
176,9,3,7783.0,16481.0,5983488.921666955,12900357.555931788,0.472240762089679,0.46382349448257365,31,298,0,1405.830219371393,9853,2014,7839,0.27160940325497285,0.4548678720445063,169,51.830219371393,1354.0,9,15,False,{},{},{},{},0.0,0.0,0.0,0.0,0.0,0.0,0.0,0.0,0.0,0.0,0.0,0.0,0.0,0.0,Leave Event,0.0,"{'node_level': {}, 'link_level': {}, 'path_level': {}}","{'node_level': {}, 'link_level': {}, 'path_level': {}}","{'node_level': {}, 'link_level': {}, 'path_level': {}}",[],-inf,-inf,True,True,False,0,[],0,0.0,,,2
177,9,3,7783.0,16481.0,5983488.921666955,12900357.555931788,0.472240762089679,0.46382349448257365,31,299,1,1407.0,9853,2014,7839,0.27160940325497285,0.4548678720445063,176,624.4710696379794,1407.0,10,18,False,{},{},{},{},0.0,0.0,828.0,414.0,1358.0,0.0,0.0,0.0,0.0,0.0,0.0,0.0,0.0,0.0,Unknown Reason,0.0,"{'node_level': {}, 'link_level': {}, 'path_level': {}}","{'node_level': {}, 'link_level': {}, 'path_level': {}}","{'node_level': {}, 'link_level': {}, 'path_level': {}}",[],-inf,-inf,True,True,False,0,[],0,0.0,0.0,0.0,2
177,9,3,7783.0,16481.0,5983488.921666955,12900357.555931788,0.472240762089679,0.46382349448257365,31,300,0,1407.514883036704,9853,2014,7839,0.27160940325497285,0.4548678720445063,158,140.5148830367041,1267.0,5,6,False,{},{},{},{},0.0,0.0,0.0,0.0,0.0,0.0,0.0,0.0,0.0,0.0,0.0,0.0,0.0,0.0,Leave Event,0.0,"{'node_level': {}, 'link_level': {}, 'path_level': {}}","{'node_level': {}, 'link_level': {}, 'path_level': {}}","{'node_level': {}, 'link_level': {}, 'path_level': {}}",[],-inf,-inf,True,True,False,0,[],0,0.0,,,2
178,9,3,7783.0,16481.0,5983488.921666955,12900357.555931788,0.472240762089679,0.46382349448257365,31,301,1,1415.0,9853,2014,7839,0.27160940325497285,0.4548678720445063,177,838.8094394273076,1415.0,9,17,False,{},{},{},{},0.0,0.0,698.0,349.0,1379.0,0.0,0.0,0.0,0.0,0.0,0.0,0.0,0.0,0.0,Unknown Reason,0.0,"{'node_level': {}, 'link_level': {}, 'path_level': {}}","{'node_level': {}, 'link_level': {}, 'path_level': {}}","{'node_level': {}, 'link_level': {}, 'path_level': {}}",[],-inf,-inf,True,True,False,0,[],0,0.0,0.0,0.0,2
179,9,3,7783.0,16481.0,5983488.921666955,12900357.555931788,0.472240762089679,0.46382349448257365,31,302,1,1423.0,9853,2014,7839,0.27160940325497285,0.4548678720445063,178,197.69919984814732,1423.0,7,11,False,{},{},{},{},0.0,0.0,596.0,298.0,899.0,0.0,0.0,0.0,0.0,0.0,0.0,0.0,0.0,0.0,Unknown Reason,0.0,"{'node_level': {}, 'link_level': {}, 'path_level': {}}","{'node_level': {}, 'link_level': {}, 'path_level': {}}","{'node_level': {}, 'link_level': {}, 'path_level': {}}",[],-inf,-inf,True,True,False,0,[],0,0.0,0.0,0.0,2
180,9,3,7783.0,16481.0,5983488.921666955,12900357.555931788,0.472240762089679,0.46382349448257365,31,303,1,1429.0,9853,2014,7839,0.27160940325497285,0.4548678720445063,179,124.41653893724819,1429.0,5,7,False,{},{},{},{},0.0,0.0,394.0,197.0,584.0,0.0,0.0,0.0,0.0,0.0,0.0,0.0,0.0,0.0,Unknown Reason,0.0,"{'node_level': {}, 'link_level': {}, 'path_level': {}}","{'node_level': {}, 'link_level': {}, 'path_level': {}}","{'node_level': {}, 'link_level': {}, 'path_level': {}}",[],-inf,-inf,True,True,False,0,[],0,0.0,0.0,0.0,2
180,9,3,7783.0,16481.0,5983488.921666955,12900357.555931788,0.472240762089679,0.46382349448257365,31,304,0,1429.186234131041,9853,2014,7839,0.27160940325497285,0.4548678720445063,146,244.18623413104092,1185.0,10,21,False,{},{},{},{},0.0,0.0,0.0,0.0,0.0,0.0,0.0,0.0,0.0,0.0,0.0,0.0,0.0,0.0,Leave Event,0.0,"{'node_level': {}, 'link_level': {}, 'path_level': {}}","{'node_level': {}, 'link_level': {}, 'path_level': {}}","{'node_level': {}, 'link_level': {}, 'path_level': {}}",[],-inf,-inf,True,True,False,0,[],0,0.0,,,2
180,9,3,7783.0,16481.0,5983488.921666955,12900357.555931788,0.472240762089679,0.46382349448257365,31,305,0,1429.432187407505,9853,2014,7839,0.27160940325497285,0.4548678720445063,174,32.43218740750499,1397.0,10,22,False,{},{},{},{},0.0,0.0,0.0,0.0,0.0,0.0,0.0,0.0,0.0,0.0,0.0,0.0,0.0,0.0,Leave Event,0.0,"{'node_level': {}, 'link_level': {}, 'path_level': {}}","{'node_level': {}, 'link_level': {}, 'path_level': {}}","{'node_level': {}, 'link_level': {}, 'path_level': {}}",[],-inf,-inf,True,True,False,0,[],0,0.0,,,2
181,9,3,7783.0,16481.0,5983488.921666955,12900357.555931788,0.472240762089679,0.46382349448257365,31,306,1,1433.0,9853,2014,7839,0.27160940325497285,0.4548678720445063,180,198.29791607325697,1433.0,8,20,False,{},{},{},{},0.0,0.0,638.0,319.0,1583.0,0.0,0.0,0.0,0.0,0.0,0.0,0.0,0.0,0.0,Unknown Reason,0.0,"{'node_level': {}, 'link_level': {}, 'path_level': {}}","{'node_level': {}, 'link_level': {}, 'path_level': {}}","{'node_level': {}, 'link_level': {}, 'path_level': {}}",[],-inf,-inf,True,True,False,0,[],0,0.0,0.0,0.0,2
181,9,3,7783.0,16481.0,5983488.921666955,12900357.555931788,0.472240762089679,0.46382349448257365,31,307,0,1443.4597792631687,9853,2014,7839,0.27160940325497285,0.4548678720445063,111,551.4597792631687,892.0,6,8,False,{},{},{},{},0.0,0.0,0.0,0.0,0.0,0.0,0.0,0.0,0.0,0.0,0.0,0.0,0.0,0.0,Leave Event,0.0,"{'node_level': {}, 'link_level': {}, 'path_level': {}}","{'node_level': {}, 'link_level': {}, 'path_level': {}}","{'node_level': {}, 'link_level': {}, 'path_level': {}}",[],-inf,-inf,True,True,False,0,[],0,0.0,,,2
182,9,3,7783.0,16481.0,5983488.921666955,12900357.555931788,0.472240762089679,0.46382349448257365,31,308,1,1449.0,9853,2014,7839,0.27160940325497285,0.4548678720445063,181,1667.2392551578782,1449.0,8,13,False,{},{},{},{},0.0,0.0,558.0,279.0,1037.0,0.0,0.0,0.0,0.0,0.0,0.0,0.0,0.0,0.0,Unknown Reason,0.0,"{'node_level': {}, 'link_level': {}, 'path_level': {}}","{'node_level': {}, 'link_level': {}, 'path_level': {}}","{'node_level': {}, 'link_level': {}, 'path_level': {}}",[],-inf,-inf,True,True,False,0,[],0,0.0,0.0,0.0,2
183,9,3,7783.0,16481.0,5983488.921666955,12900357.555931788,0.472240762089679,0.46382349448257365,31,309,1,1454.0,9853,2014,7839,0.27160940325497285,0.4548678720445063,182,50.513127838897766,1454.0,7,8,False,{},{},{},{},0.0,0.0,512.0,256.0,597.0,0.0,0.0,0.0,0.0,0.0,0.0,0.0,0.0,0.0,Unknown Reason,0.0,"{'node_level': {}, 'link_level': {}, 'path_level': {}}","{'node_level': {}, 'link_level': {}, 'path_level': {}}","{'node_level': {}, 'link_level': {}, 'path_level': {}}",[],-inf,-inf,True,True,False,0,[],0,0.0,0.0,0.0,2
184,9,3,7783.0,16481.0,5983488.921666955,12900357.555931788,0.472240762089679,0.46382349448257365,31,310,1,1462.0,9853,2014,7839,0.27160940325497285,0.4548678720445063,183,88.4780568671202,1462.0,9,22,False,{},{},{},{},0.0,0.0,774.0,387.0,2034.0,0.0,0.0,0.0,0.0,0.0,0.0,0.0,0.0,0.0,Unknown Reason,0.0,"{'node_level': {}, 'link_level': {}, 'path_level': {}}","{'node_level': {}, 'link_level': {}, 'path_level': {}}","{'node_level': {}, 'link_level': {}, 'path_level': {}}",[],-inf,-inf,True,True,False,0,[],0,0.0,0.0,0.0,2
185,9,3,7783.0,16481.0,5983488.921666955,12900357.555931788,0.472240762089679,0.46382349448257365,31,311,1,1468.0,9853,2014,7839,0.27160940325497285,0.4548678720445063,184,592.4759584974906,1468.0,5,4,False,{},{},{},{},0.0,0.0,502.0,251.0,342.0,0.0,0.0,0.0,0.0,0.0,0.0,0.0,0.0,0.0,Unknown Reason,0.0,"{'node_level': {}, 'link_level': {}, 'path_level': {}}","{'node_level': {}, 'link_level': {}, 'path_level': {}}","{'node_level': {}, 'link_level': {}, 'path_level': {}}",[],-inf,-inf,True,True,False,0,[],0,0.0,0.0,0.0,2
186,9,3,7783.0,16481.0,5983488.921666955,12900357.555931788,0.472240762089679,0.46382349448257365,31,312,1,1477.0,9853,2014,7839,0.27160940325497285,0.4548678720445063,185,75.27396321660396,1477.0,8,17,False,{},{},{},{},0.0,0.0,722.0,361.0,1408.0,0.0,0.0,0.0,0.0,0.0,0.0,0.0,0.0,0.0,Unknown Reason,0.0,"{'node_level': {}, 'link_level': {}, 'path_level': {}}","{'node_level': {}, 'link_level': {}, 'path_level': {}}","{'node_level': {}, 'link_level': {}, 'path_level': {}}",[],-inf,-inf,True,True,False,0,[],0,0.0,0.0,0.0,2
186,9,3,7783.0,16481.0,5983488.921666955,12900357.555931788,0.472240762089679,0.46382349448257365,31,313,0,1477.9044599828883,9853,2014,7839,0.27160940325497285,0.4548678720445063,162,182.90445998288826,1295.0,6,9,False,{},{},{},{},0.0,0.0,0.0,0.0,0.0,0.0,0.0,0.0,0.0,0.0,0.0,0.0,0.0,0.0,Leave Event,0.0,"{'node_level': {}, 'link_level': {}, 'path_level': {}}","{'node_level': {}, 'link_level': {}, 'path_level': {}}","{'node_level': {}, 'link_level': {}, 'path_level': {}}",[],-inf,-inf,True,True,False,0,[],0,0.0,,,2
186,9,3,7783.0,16481.0,5983488.921666955,12900357.555931788,0.472240762089679,0.46382349448257365,31,314,0,1483.8197084288254,9853,2014,7839,0.27160940325497285,0.4548678720445063,104,652.8197084288254,831.0,6,11,False,{},{},{},{},0.0,0.0,0.0,0.0,0.0,0.0,0.0,0.0,0.0,0.0,0.0,0.0,0.0,0.0,Leave Event,0.0,"{'node_level': {}, 'link_level': {}, 'path_level': {}}","{'node_level': {}, 'link_level': {}, 'path_level': {}}","{'node_level': {}, 'link_level': {}, 'path_level': {}}",[],-inf,-inf,True,True,False,0,[],0,0.0,,,2
187,9,3,7783.0,16481.0,5983488.921666955,12900357.555931788,0.472240762089679,0.46382349448257365,31,315,1,1484.0,9853,2014,7839,0.27160940325497285,0.4548678720445063,186,155.04966444507232,1484.0,5,4,False,{},{},{},{},0.0,0.0,342.0,171.0,307.0,0.0,0.0,0.0,0.0,0.0,0.0,0.0,0.0,0.0,Unknown Reason,0.0,"{'node_level': {}, 'link_level': {}, 'path_level': {}}","{'node_level': {}, 'link_level': {}, 'path_level': {}}","{'node_level': {}, 'link_level': {}, 'path_level': {}}",[],-inf,-inf,True,True,False,0,[],0,0.0,0.0,0.0,2
187,9,3,7783.0,16481.0,5983488.921666955,12900357.555931788,0.472240762089679,0.46382349448257365,31,316,0,1485.0918630331812,9853,2014,7839,0.27160940325497285,0.4548678720445063,8,1416.0918630331812,69.0,6,8,False,{},{},{},{},0.0,0.0,0.0,0.0,0.0,0.0,0.0,0.0,0.0,0.0,0.0,0.0,0.0,0.0,Leave Event,0.0,"{'node_level': {}, 'link_level': {}, 'path_level': {}}","{'node_level': {}, 'link_level': {}, 'path_level': {}}","{'node_level': {}, 'link_level': {}, 'path_level': {}}",[],-inf,-inf,True,True,False,0,[],0,0.0,,,2
187,9,3,7783.0,16481.0,5983488.921666955,12900357.555931788,0.472240762089679,0.46382349448257365,31,317,0,1486.5173363460804,9853,2014,7839,0.27160940325497285,0.4548678720445063,73,895.5173363460804,591.0,9,19,False,{},{},{},{},0.0,0.0,0.0,0.0,0.0,0.0,0.0,0.0,0.0,0.0,0.0,0.0,0.0,0.0,Leave Event,0.0,"{'node_level': {}, 'link_level': {}, 'path_level': {}}","{'node_level': {}, 'link_level': {}, 'path_level': {}}","{'node_level': {}, 'link_level': {}, 'path_level': {}}",[],-inf,-inf,True,True,False,0,[],0,0.0,,,2
187,9,3,7783.0,16481.0,5983488.921666955,12900357.555931788,0.472240762089679,0.46382349448257365,31,318,0,1490.7835670134227,9853,2014,7839,0.27160940325497285,0.4548678720445063,77,874.7835670134227,616.0,6,7,False,{},{},{},{},0.0,0.0,0.0,0.0,0.0,0.0,0.0,0.0,0.0,0.0,0.0,0.0,0.0,0.0,Leave Event,0.0,"{'node_level': {}, 'link_level': {}, 'path_level': {}}","{'node_level': {}, 'link_level': {}, 'path_level': {}}","{'node_level': {}, 'link_level': {}, 'path_level': {}}",[],-inf,-inf,True,True,False,0,[],0,0.0,,,2
187,9,3,7783.0,16481.0,5983488.921666955,12900357.555931788,0.472240762089679,0.46382349448257365,31,319,0,1492.3027070881676,9853,2014,7839,0.27160940325497285,0.4548678720445063,161,202.3027070881677,1290.0,7,13,False,{},{},{},{},0.0,0.0,0.0,0.0,0.0,0.0,0.0,0.0,0.0,0.0,0.0,0.0,0.0,0.0,Leave Event,0.0,"{'node_level': {}, 'link_level': {}, 'path_level': {}}","{'node_level': {}, 'link_level': {}, 'path_level': {}}","{'node_level': {}, 'link_level': {}, 'path_level': {}}",[],-inf,-inf,True,True,False,0,[],0,0.0,,,2
188,9,3,7783.0,16481.0,5983488.921666955,12900357.555931788,0.472240762089679,0.46382349448257365,31,320,1,1493.0,9853,2014,7839,0.27160940325497285,0.4548678720445063,187,812.7223512901367,1493.0,5,6,False,{},{},{},{},0.0,0.0,348.0,174.0,459.0,0.0,0.0,0.0,0.0,0.0,0.0,0.0,0.0,0.0,Unknown Reason,0.0,"{'node_level': {}, 'link_level': {}, 'path_level': {}}","{'node_level': {}, 'link_level': {}, 'path_level': {}}","{'node_level': {}, 'link_level': {}, 'path_level': {}}",[],-inf,-inf,True,True,False,0,[],0,0.0,0.0,0.0,2
188,9,3,7783.0,16481.0,5983488.921666955,12900357.555931788,0.472240762089679,0.46382349448257365,31,321,0,1498.328770822255,9853,2014,7839,0.27160940325497285,0.4548678720445063,173,108.32877082225491,1390.0,5,6,False,{},{},{},{},0.0,0.0,0.0,0.0,0.0,0.0,0.0,0.0,0.0,0.0,0.0,0.0,0.0,0.0,Leave Event,0.0,"{'node_level': {}, 'link_level': {}, 'path_level': {}}","{'node_level': {}, 'link_level': {}, 'path_level': {}}","{'node_level': {}, 'link_level': {}, 'path_level': {}}",[],-inf,-inf,True,True,False,0,[],0,0.0,,,2
189,9,3,7783.0,16481.0,5983488.921666955,12900357.555931788,0.472240762089679,0.46382349448257365,31,322,1,1503.0,9853,2014,7839,0.27160940325497285,0.4548678720445063,188,178.7746515098864,1503.0,9,19,False,{},{},{},{},0.0,0.0,718.0,359.0,1706.0,0.0,0.0,0.0,0.0,0.0,0.0,0.0,0.0,0.0,Unknown Reason,0.0,"{'node_level': {}, 'link_level': {}, 'path_level': {}}","{'node_level': {}, 'link_level': {}, 'path_level': {}}","{'node_level': {}, 'link_level': {}, 'path_level': {}}",[],-inf,-inf,True,True,False,0,[],0,0.0,0.0,0.0,2
189,9,3,7783.0,16481.0,5983488.921666955,12900357.555931788,0.472240762089679,0.46382349448257365,31,323,0,1504.5131278388978,9853,2014,7839,0.27160940325497285,0.4548678720445063,182,50.513127838897766,1454.0,7,8,False,{},{},{},{},0.0,0.0,0.0,0.0,0.0,0.0,0.0,0.0,0.0,0.0,0.0,0.0,0.0,0.0,Leave Event,0.0,"{'node_level': {}, 'link_level': {}, 'path_level': {}}","{'node_level': {}, 'link_level': {}, 'path_level': {}}","{'node_level': {}, 'link_level': {}, 'path_level': {}}",[],-inf,-inf,True,True,False,0,[],0,0.0,,,2
190,9,3,7783.0,16481.0,5983488.921666955,12900357.555931788,0.472240762089679,0.46382349448257365,31,324,1,1512.0,9853,2014,7839,0.27160940325497285,0.4548678720445063,189,454.42989103763665,1512.0,10,27,False,{},{},{},{},0.0,0.0,772.0,386.0,2044.0,0.0,0.0,0.0,0.0,0.0,0.0,0.0,0.0,0.0,Unknown Reason,0.0,"{'node_level': {}, 'link_level': {}, 'path_level': {}}","{'node_level': {}, 'link_level': {}, 'path_level': {}}","{'node_level': {}, 'link_level': {}, 'path_level': {}}",[],-inf,-inf,True,True,False,0,[],0,0.0,0.0,0.0,2
190,9,3,7783.0,16481.0,5983488.921666955,12900357.555931788,0.472240762089679,0.46382349448257365,31,325,0,1517.9977562866611,9853,2014,7839,0.27160940325497285,0.4548678720445063,116,590.997756286661,927.0,5,5,False,{},{},{},{},0.0,0.0,0.0,0.0,0.0,0.0,0.0,0.0,0.0,0.0,0.0,0.0,0.0,0.0,Leave Event,0.0,"{'node_level': {}, 'link_level': {}, 'path_level': {}}","{'node_level': {}, 'link_level': {}, 'path_level': {}}","{'node_level': {}, 'link_level': {}, 'path_level': {}}",[],-inf,-inf,True,True,False,0,[],0,0.0,,,2
191,9,3,7783.0,16481.0,5983488.921666955,12900357.555931788,0.472240762089679,0.46382349448257365,31,326,1,1520.0,9853,2014,7839,0.27160940325497285,0.4548678720445063,190,425.2658776227573,1520.0,6,10,False,{},{},{},{},0.0,0.0,474.0,237.0,786.0,0.0,0.0,0.0,0.0,0.0,0.0,0.0,0.0,0.0,Unknown Reason,0.0,"{'node_level': {}, 'link_level': {}, 'path_level': {}}","{'node_level': {}, 'link_level': {}, 'path_level': {}}","{'node_level': {}, 'link_level': {}, 'path_level': {}}",[],-inf,-inf,True,True,False,0,[],0,0.0,0.0,0.0,2
192,9,3,7783.0,16481.0,5983488.921666955,12900357.555931788,0.472240762089679,0.46382349448257365,31,327,1,1531.0,9853,2014,7839,0.27160940325497285,0.4548678720445063,191,154.24416227894338,1531.0,8,15,False,{},{},{},{},0.0,0.0,620.0,310.0,1228.0,0.0,0.0,0.0,0.0,0.0,0.0,0.0,0.0,0.0,Unknown Reason,0.0,"{'node_level': {}, 'link_level': {}, 'path_level': {}}","{'node_level': {}, 'link_level': {}, 'path_level': {}}","{'node_level': {}, 'link_level': {}, 'path_level': {}}",[],-inf,-inf,True,True,False,0,[],0,0.0,0.0,0.0,2
193,9,3,7783.0,16481.0,5983488.921666955,12900357.555931788,0.472240762089679,0.46382349448257365,31,328,1,1535.0,9853,2014,7839,0.27160940325497285,0.4548678720445063,192,142.99794003185966,1535.0,8,16,False,{},{},{},{},0.0,0.0,608.0,304.0,1406.0,0.0,0.0,0.0,0.0,0.0,0.0,0.0,0.0,0.0,Unknown Reason,0.0,"{'node_level': {}, 'link_level': {}, 'path_level': {}}","{'node_level': {}, 'link_level': {}, 'path_level': {}}","{'node_level': {}, 'link_level': {}, 'path_level': {}}",[],-inf,-inf,True,True,False,0,[],0,0.0,0.0,0.0,2
194,9,3,7783.0,16481.0,5983488.921666955,12900357.555931788,0.472240762089679,0.46382349448257365,31,329,1,1543.0,9853,2014,7839,0.27160940325497285,0.4548678720445063,193,171.0166789795858,1543.0,8,12,False,{},{},{},{},0.0,0.0,630.0,315.0,911.0,0.0,0.0,0.0,0.0,0.0,0.0,0.0,0.0,0.0,Unknown Reason,0.0,"{'node_level': {}, 'link_level': {}, 'path_level': {}}","{'node_level': {}, 'link_level': {}, 'path_level': {}}","{'node_level': {}, 'link_level': {}, 'path_level': {}}",[],-inf,-inf,True,True,False,0,[],0,0.0,0.0,0.0,2
194,9,3,7783.0,16481.0,5983488.921666955,12900357.555931788,0.472240762089679,0.46382349448257365,31,330,0,1550.4780568671201,9853,2014,7839,0.27160940325497285,0.4548678720445063,183,88.4780568671202,1462.0,9,22,False,{},{},{},{},0.0,0.0,0.0,0.0,0.0,0.0,0.0,0.0,0.0,0.0,0.0,0.0,0.0,0.0,Leave Event,0.0,"{'node_level': {}, 'link_level': {}, 'path_level': {}}","{'node_level': {}, 'link_level': {}, 'path_level': {}}","{'node_level': {}, 'link_level': {}, 'path_level': {}}",[],-inf,-inf,True,True,False,0,[],0,0.0,,,2
195,9,3,7783.0,16481.0,5983488.921666955,12900357.555931788,0.472240762089679,0.46382349448257365,31,331,1,1552.0,9853,2014,7839,0.27160940325497285,0.4548678720445063,194,1043.4952716098144,1552.0,8,16,False,{},{},{},{},0.0,0.0,586.0,293.0,1267.0,0.0,0.0,0.0,0.0,0.0,0.0,0.0,0.0,0.0,Unknown Reason,0.0,"{'node_level': {}, 'link_level': {}, 'path_level': {}}","{'node_level': {}, 'link_level': {}, 'path_level': {}}","{'node_level': {}, 'link_level': {}, 'path_level': {}}",[],-inf,-inf,True,True,False,0,[],0,0.0,0.0,0.0,2
195,9,3,7783.0,16481.0,5983488.921666955,12900357.555931788,0.472240762089679,0.46382349448257365,31,332,0,1552.273963216604,9853,2014,7839,0.27160940325497285,0.4548678720445063,185,75.27396321660396,1477.0,8,17,False,{},{},{},{},0.0,0.0,0.0,0.0,0.0,0.0,0.0,0.0,0.0,0.0,0.0,0.0,0.0,0.0,Leave Event,0.0,"{'node_level': {}, 'link_level': {}, 'path_level': {}}","{'node_level': {}, 'link_level': {}, 'path_level': {}}","{'node_level': {}, 'link_level': {}, 'path_level': {}}",[],-inf,-inf,True,True,False,0,[],0,0.0,,,2
195,9,3,7783.0,16481.0,5983488.921666955,12900357.555931788,0.472240762089679,0.46382349448257365,31,333,0,1553.416538937248,9853,2014,7839,0.27160940325497285,0.4548678720445063,179,124.41653893724819,1429.0,5,7,False,{},{},{},{},0.0,0.0,0.0,0.0,0.0,0.0,0.0,0.0,0.0,0.0,0.0,0.0,0.0,0.0,Leave Event,0.0,"{'node_level': {}, 'link_level': {}, 'path_level': {}}","{'node_level': {}, 'link_level': {}, 'path_level': {}}","{'node_level': {}, 'link_level': {}, 'path_level': {}}",[],-inf,-inf,True,True,False,0,[],0,0.0,,,2
196,9,3,7783.0,16481.0,5983488.921666955,12900357.555931788,0.472240762089679,0.46382349448257365,31,334,1,1561.0,9853,2014,7839,0.27160940325497285,0.4548678720445063,195,9.468156180764042,1561.0,7,11,False,{},{},{},{},0.0,0.0,492.0,246.0,971.0,0.0,0.0,0.0,0.0,0.0,0.0,0.0,0.0,0.0,Unknown Reason,0.0,"{'node_level': {}, 'link_level': {}, 'path_level': {}}","{'node_level': {}, 'link_level': {}, 'path_level': {}}","{'node_level': {}, 'link_level': {}, 'path_level': {}}",[],-inf,-inf,True,True,False,0,[],0,0.0,0.0,0.0,2
197,9,3,7783.0,16481.0,5983488.921666955,12900357.555931788,0.472240762089679,0.46382349448257365,31,335,1,1569.0,9853,2014,7839,0.27160940325497285,0.4548678720445063,196,48.05527667066079,1569.0,10,22,False,{},{},{},{},0.0,0.0,824.0,412.0,1916.0,0.0,0.0,0.0,0.0,0.0,0.0,0.0,0.0,0.0,Unknown Reason,0.0,"{'node_level': {}, 'link_level': {}, 'path_level': {}}","{'node_level': {}, 'link_level': {}, 'path_level': {}}","{'node_level': {}, 'link_level': {}, 'path_level': {}}",[],-inf,-inf,True,True,False,0,[],0,0.0,0.0,0.0,2
197,9,3,7783.0,16481.0,5983488.921666955,12900357.555931788,0.472240762089679,0.46382349448257365,31,336,0,1570.296916307002,9853,2014,7839,0.27160940325497285,0.4548678720445063,148,370.2969163070019,1200.0,8,14,False,{},{},{},{},0.0,0.0,0.0,0.0,0.0,0.0,0.0,0.0,0.0,0.0,0.0,0.0,0.0,0.0,Leave Event,0.0,"{'node_level': {}, 'link_level': {}, 'path_level': {}}","{'node_level': {}, 'link_level': {}, 'path_level': {}}","{'node_level': {}, 'link_level': {}, 'path_level': {}}",[],-inf,-inf,True,True,False,0,[],0,0.0,,,2
197,9,3,7783.0,16481.0,5983488.921666955,12900357.555931788,0.472240762089679,0.46382349448257365,31,337,0,1570.468156180764,9853,2014,7839,0.27160940325497285,0.4548678720445063,195,9.468156180764042,1561.0,7,11,False,{},{},{},{},0.0,0.0,0.0,0.0,0.0,0.0,0.0,0.0,0.0,0.0,0.0,0.0,0.0,0.0,Leave Event,0.0,"{'node_level': {}, 'link_level': {}, 'path_level': {}}","{'node_level': {}, 'link_level': {}, 'path_level': {}}","{'node_level': {}, 'link_level': {}, 'path_level': {}}",[],-inf,-inf,True,True,False,0,[],0,0.0,,,2
198,9,3,7783.0,16481.0,5983488.921666955,12900357.555931788,0.472240762089679,0.46382349448257365,31,338,1,1578.0,9853,2014,7839,0.27160940325497285,0.4548678720445063,197,208.6751989531159,1578.0,10,18,False,{},{},{},{},0.0,0.0,672.0,336.0,1457.0,0.0,0.0,0.0,0.0,0.0,0.0,0.0,0.0,0.0,Unknown Reason,0.0,"{'node_level': {}, 'link_level': {}, 'path_level': {}}","{'node_level': {}, 'link_level': {}, 'path_level': {}}","{'node_level': {}, 'link_level': {}, 'path_level': {}}",[],-inf,-inf,True,True,False,0,[],0,0.0,0.0,0.0,2
198,9,3,7783.0,16481.0,5983488.921666955,12900357.555931788,0.472240762089679,0.46382349448257365,31,339,0,1583.1718395636135,9853,2014,7839,0.27160940325497285,0.4548678720445063,89,871.1718395636135,712.0,7,9,False,{},{},{},{},0.0,0.0,0.0,0.0,0.0,0.0,0.0,0.0,0.0,0.0,0.0,0.0,0.0,0.0,Leave Event,0.0,"{'node_level': {}, 'link_level': {}, 'path_level': {}}","{'node_level': {}, 'link_level': {}, 'path_level': {}}","{'node_level': {}, 'link_level': {}, 'path_level': {}}",[],-inf,-inf,True,True,False,0,[],0,0.0,,,2
199,9,3,7783.0,16481.0,5983488.921666955,12900357.555931788,0.472240762089679,0.46382349448257365,31,340,1,1586.0,9853,2014,7839,0.27160940325497285,0.4548678720445063,198,124.42408571677713,1586.0,7,12,False,{},{},{},{},0.0,0.0,512.0,256.0,774.0,0.0,0.0,0.0,0.0,0.0,0.0,0.0,0.0,0.0,Unknown Reason,0.0,"{'node_level': {}, 'link_level': {}, 'path_level': {}}","{'node_level': {}, 'link_level': {}, 'path_level': {}}","{'node_level': {}, 'link_level': {}, 'path_level': {}}",[],-inf,-inf,True,True,False,0,[],0,0.0,0.0,0.0,2
199,9,3,7783.0,16481.0,5983488.921666955,12900357.555931788,0.472240762089679,0.46382349448257365,31,341,0,1586.524830909177,9853,2014,7839,0.27160940325497285,0.4548678720445063,175,184.52483090917696,1402.0,6,7,False,{},{},{},{},0.0,0.0,0.0,0.0,0.0,0.0,0.0,0.0,0.0,0.0,0.0,0.0,0.0,0.0,Leave Event,0.0,"{'node_level': {}, 'link_level': {}, 'path_level': {}}","{'node_level': {}, 'link_level': {}, 'path_level': {}}","{'node_level': {}, 'link_level': {}, 'path_level': {}}",[],-inf,-inf,True,True,False,0,[],0,0.0,,,2
199,9,3,7783.0,16481.0,5983488.921666955,12900357.555931788,0.472240762089679,0.46382349448257365,31,342,0,1587.754154082035,9853,2014,7839,0.27160940325497285,0.4548678720445063,155,338.75415408203503,1249.0,8,16,False,{},{},{},{},0.0,0.0,0.0,0.0,0.0,0.0,0.0,0.0,0.0,0.0,0.0,0.0,0.0,0.0,Leave Event,0.0,"{'node_level': {}, 'link_level': {}, 'path_level': {}}","{'node_level': {}, 'link_level': {}, 'path_level': {}}","{'node_level': {}, 'link_level': {}, 'path_level': {}}",[],-inf,-inf,True,True,False,0,[],0,0.0,,,2
200,9,3,7783.0,16481.0,5983488.921666955,12900357.555931788,0.472240762089679,0.46382349448257365,31,343,1,1594.0,9853,2014,7839,0.27160940325497285,0.4548678720445063,199,413.74790942305543,1594.0,10,20,False,{},{},{},{},0.0,0.0,802.0,401.0,1637.0,0.0,0.0,0.0,0.0,0.0,0.0,0.0,0.0,0.0,Unknown Reason,0.0,"{'node_level': {}, 'link_level': {}, 'path_level': {}}","{'node_level': {}, 'link_level': {}, 'path_level': {}}","{'node_level': {}, 'link_level': {}, 'path_level': {}}",[],-inf,-inf,True,True,False,0,[],0,0.0,0.0,0.0,2
200,9,3,7783.0,16481.0,5983488.921666955,12900357.555931788,0.472240762089679,0.46382349448257365,31,344,0,1602.5593020591855,9853,2014,7839,0.27160940325497285,0.4548678720445063,64,1082.5593020591855,520.0,5,8,False,{},{},{},{},0.0,0.0,0.0,0.0,0.0,0.0,0.0,0.0,0.0,0.0,0.0,0.0,0.0,0.0,Leave Event,0.0,"{'node_level': {}, 'link_level': {}, 'path_level': {}}","{'node_level': {}, 'link_level': {}, 'path_level': {}}","{'node_level': {}, 'link_level': {}, 'path_level': {}}",[],-inf,-inf,True,True,False,0,[],0,0.0,,,2
200,9,2,7783.0,16481.0,5983488.921666955,12900357.555931788,0.472240762089679,0.46382349448257365,31,345,0,1603.7806409881327,11364,2201,9163,0.20397830018083185,0.3627955493741307,166,279.78064098813286,1324.0,5,7,False,{},{},{},{},0.0,0.0,0.0,0.0,0.0,0.0,0.0,0.0,0.0,0.0,0.0,0.0,0.0,0.0,Leave Event,0.0,"{'node_level': {}, 'link_level': {}, 'path_level': {}}","{'node_level': {}, 'link_level': {}, 'path_level': {}}","{'node_level': {}, 'link_level': {}, 'path_level': {}}",[],-inf,-inf,True,True,False,0,[],0,0.0,,,2
201,9,2,7783.0,16481.0,5983488.921666955,12900357.555931788,0.472240762089679,0.46382349448257365,31,346,1,1607.0,11364,2201,9163,0.20397830018083185,0.3627955493741307,200,387.67897083741605,1607.0,10,23,False,{},{},{},{},0.0,0.0,940.0,470.0,1783.0,0.0,0.0,0.0,0.0,0.0,0.0,0.0,0.0,0.0,Unknown Reason,0.0,"{'node_level': {}, 'link_level': {}, 'path_level': {}}","{'node_level': {}, 'link_level': {}, 'path_level': {}}","{'node_level': {}, 'link_level': {}, 'path_level': {}}",[],-inf,-inf,True,True,False,0,[],0,0.0,0.0,0.0,2
201,9,2,7783.0,16481.0,5983488.921666955,12900357.555931788,0.472240762089679,0.46382349448257365,31,347,0,1613.1605580926553,11364,2201,9163,0.20397830018083185,0.3627955493741307,82,956.1605580926552,657.0,9,23,False,{},{},{},{},0.0,0.0,0.0,0.0,0.0,0.0,0.0,0.0,0.0,0.0,0.0,0.0,0.0,0.0,Leave Event,0.0,"{'node_level': {}, 'link_level': {}, 'path_level': {}}","{'node_level': {}, 'link_level': {}, 'path_level': {}}","{'node_level': {}, 'link_level': {}, 'path_level': {}}",[],-inf,-inf,True,True,False,0,[],0,0.0,,,2
202,9,2,7783.0,16481.0,5983488.921666955,12900357.555931788,0.472240762089679,0.46382349448257365,31,348,1,1614.0,11364,2201,9163,0.20397830018083185,0.3627955493741307,201,341.9569719968636,1614.0,9,19,False,{},{},{},{},0.0,0.0,620.0,310.0,1786.0,0.0,0.0,0.0,0.0,0.0,0.0,0.0,0.0,0.0,Unknown Reason,0.0,"{'node_level': {}, 'link_level': {}, 'path_level': {}}","{'node_level': {}, 'link_level': {}, 'path_level': {}}","{'node_level': {}, 'link_level': {}, 'path_level': {}}",[],-inf,-inf,True,True,False,0,[],0,0.0,0.0,0.0,2
202,9,2,7783.0,16481.0,5983488.921666955,12900357.555931788,0.472240762089679,0.46382349448257365,31,349,0,1617.0552766706608,11364,2201,9163,0.20397830018083185,0.3627955493741307,196,48.05527667066079,1569.0,10,22,False,{},{},{},{},0.0,0.0,0.0,0.0,0.0,0.0,0.0,0.0,0.0,0.0,0.0,0.0,0.0,0.0,Leave Event,0.0,"{'node_level': {}, 'link_level': {}, 'path_level': {}}","{'node_level': {}, 'link_level': {}, 'path_level': {}}","{'node_level': {}, 'link_level': {}, 'path_level': {}}",[],-inf,-inf,True,True,False,0,[],0,0.0,,,2
202,9,2,7783.0,16481.0,5983488.921666955,12900357.555931788,0.472240762089679,0.46382349448257365,31,350,0,1619.3070575801733,11364,2201,9163,0.20397830018083185,0.3627955493741307,172,235.3070575801732,1384.0,10,26,False,{},{},{},{},0.0,0.0,0.0,0.0,0.0,0.0,0.0,0.0,0.0,0.0,0.0,0.0,0.0,0.0,Leave Event,0.0,"{'node_level': {}, 'link_level': {}, 'path_level': {}}","{'node_level': {}, 'link_level': {}, 'path_level': {}}","{'node_level': {}, 'link_level': {}, 'path_level': {}}",[],-inf,-inf,True,True,False,0,[],0,0.0,,,2
202,9,2,7783.0,16481.0,5983488.921666955,12900357.555931788,0.472240762089679,0.46382349448257365,31,351,0,1620.6991998481474,11364,2201,9163,0.20397830018083185,0.3627955493741307,178,197.69919984814732,1423.0,7,11,False,{},{},{},{},0.0,0.0,0.0,0.0,0.0,0.0,0.0,0.0,0.0,0.0,0.0,0.0,0.0,0.0,Leave Event,0.0,"{'node_level': {}, 'link_level': {}, 'path_level': {}}","{'node_level': {}, 'link_level': {}, 'path_level': {}}","{'node_level': {}, 'link_level': {}, 'path_level': {}}",[],-inf,-inf,True,True,False,0,[],0,0.0,,,2
203,9,2,7783.0,16481.0,5983488.921666955,12900357.555931788,0.472240762089679,0.46382349448257365,31,352,1,1622.0,11364,2201,9163,0.20397830018083185,0.3627955493741307,202,178.875668666404,1622.0,9,15,False,{},{},{},{},0.0,0.0,736.0,368.0,1204.0,0.0,0.0,0.0,0.0,0.0,0.0,0.0,0.0,0.0,Unknown Reason,0.0,"{'node_level': {}, 'link_level': {}, 'path_level': {}}","{'node_level': {}, 'link_level': {}, 'path_level': {}}","{'node_level': {}, 'link_level': {}, 'path_level': {}}",[],-inf,-inf,True,True,False,0,[],0,0.0,0.0,0.0,2
203,9,2,7783.0,16481.0,5983488.921666955,12900357.555931788,0.472240762089679,0.46382349448257365,31,353,0,1624.6613081565727,11364,2201,9163,0.20397830018083185,0.3627955493741307,159,351.66130815657266,1273.0,6,7,False,{},{},{},{},0.0,0.0,0.0,0.0,0.0,0.0,0.0,0.0,0.0,0.0,0.0,0.0,0.0,0.0,Leave Event,0.0,"{'node_level': {}, 'link_level': {}, 'path_level': {}}","{'node_level': {}, 'link_level': {}, 'path_level': {}}","{'node_level': {}, 'link_level': {}, 'path_level': {}}",[],-inf,-inf,True,True,False,0,[],0,0.0,,,2
204,9,2,7783.0,16481.0,5983488.921666955,12900357.555931788,0.472240762089679,0.46382349448257365,31,354,1,1627.0,11364,2201,9163,0.20397830018083185,0.3627955493741307,203,358.15542476193076,1627.0,6,7,False,{},{},{},{},0.0,0.0,480.0,240.0,515.0,0.0,0.0,0.0,0.0,0.0,0.0,0.0,0.0,0.0,Unknown Reason,0.0,"{'node_level': {}, 'link_level': {}, 'path_level': {}}","{'node_level': {}, 'link_level': {}, 'path_level': {}}","{'node_level': {}, 'link_level': {}, 'path_level': {}}",[],-inf,-inf,True,True,False,0,[],0,0.0,0.0,0.0,2
204,9,2,7783.0,16481.0,5983488.921666955,12900357.555931788,0.472240762089679,0.46382349448257365,31,355,0,1631.297916073257,11364,2201,9163,0.20397830018083185,0.3627955493741307,180,198.29791607325697,1433.0,8,20,False,{},{},{},{},0.0,0.0,0.0,0.0,0.0,0.0,0.0,0.0,0.0,0.0,0.0,0.0,0.0,0.0,Leave Event,0.0,"{'node_level': {}, 'link_level': {}, 'path_level': {}}","{'node_level': {}, 'link_level': {}, 'path_level': {}}","{'node_level': {}, 'link_level': {}, 'path_level': {}}",[],-inf,-inf,True,True,False,0,[],0,0.0,,,2
205,9,2,7783.0,16481.0,5983488.921666955,12900357.555931788,0.472240762089679,0.46382349448257365,31,356,1,1634.0,11364,2201,9163,0.20397830018083185,0.3627955493741307,204,771.4238348951095,1634.0,9,21,False,{},{},{},{},0.0,0.0,820.0,410.0,1753.0,0.0,0.0,0.0,0.0,0.0,0.0,0.0,0.0,0.0,Unknown Reason,0.0,"{'node_level': {}, 'link_level': {}, 'path_level': {}}","{'node_level': {}, 'link_level': {}, 'path_level': {}}","{'node_level': {}, 'link_level': {}, 'path_level': {}}",[],-inf,-inf,True,True,False,0,[],0,0.0,0.0,0.0,2
205,9,2,7783.0,16481.0,5983488.921666955,12900357.555931788,0.472240762089679,0.46382349448257365,31,357,0,1639.0496644450723,11364,2201,9163,0.20397830018083185,0.3627955493741307,186,155.04966444507232,1484.0,5,4,False,{},{},{},{},0.0,0.0,0.0,0.0,0.0,0.0,0.0,0.0,0.0,0.0,0.0,0.0,0.0,0.0,Leave Event,0.0,"{'node_level': {}, 'link_level': {}, 'path_level': {}}","{'node_level': {}, 'link_level': {}, 'path_level': {}}","{'node_level': {}, 'link_level': {}, 'path_level': {}}",[],-inf,-inf,True,True,False,0,[],0,0.0,,,2
206,9,2,7783.0,16481.0,5983488.921666955,12900357.555931788,0.472240762089679,0.46382349448257365,31,358,1,1644.0,11364,2201,9163,0.20397830018083185,0.3627955493741307,205,837.0031009866092,1644.0,10,22,False,{},{},{},{},0.0,0.0,710.0,355.0,1759.0,0.0,0.0,0.0,0.0,0.0,0.0,0.0,0.0,0.0,Unknown Reason,0.0,"{'node_level': {}, 'link_level': {}, 'path_level': {}}","{'node_level': {}, 'link_level': {}, 'path_level': {}}","{'node_level': {}, 'link_level': {}, 'path_level': {}}",[],-inf,-inf,True,True,False,0,[],0,0.0,0.0,0.0,2
207,9,2,7783.0,16481.0,5983488.921666955,12900357.555931788,0.472240762089679,0.46382349448257365,31,359,1,1651.0,11364,2201,9163,0.20397830018083185,0.3627955493741307,206,380.5426836710322,1651.0,5,7,False,{},{},{},{},0.0,0.0,434.0,217.0,588.0,0.0,0.0,0.0,0.0,0.0,0.0,0.0,0.0,0.0,Unknown Reason,0.0,"{'node_level': {}, 'link_level': {}, 'path_level': {}}","{'node_level': {}, 'link_level': {}, 'path_level': {}}","{'node_level': {}, 'link_level': {}, 'path_level': {}}",[],-inf,-inf,True,True,False,0,[],0,0.0,0.0,0.0,2
208,9,2,7783.0,16481.0,5983488.921666955,12900357.555931788,0.472240762089679,0.46382349448257365,31,360,1,1654.0,11364,2201,9163,0.20397830018083185,0.3627955493741307,207,820.8132619042947,1654.0,10,21,False,{},{},{},{},0.0,0.0,820.0,410.0,1778.0,0.0,0.0,0.0,0.0,0.0,0.0,0.0,0.0,0.0,Unknown Reason,0.0,"{'node_level': {}, 'link_level': {}, 'path_level': {}}","{'node_level': {}, 'link_level': {}, 'path_level': {}}","{'node_level': {}, 'link_level': {}, 'path_level': {}}",[],-inf,-inf,True,True,False,0,[],0,0.0,0.0,0.0,2
209,9,2,7783.0,16481.0,5983488.921666955,12900357.555931788,0.472240762089679,0.46382349448257365,31,361,1,1663.0,11364,2201,9163,0.20397830018083185,0.3627955493741307,208,17.43833050962485,1663.0,9,16,False,{},{},{},{},0.0,0.0,786.0,393.0,1230.0,0.0,0.0,0.0,0.0,0.0,0.0,0.0,0.0,0.0,Unknown Reason,0.0,"{'node_level': {}, 'link_level': {}, 'path_level': {}}","{'node_level': {}, 'link_level': {}, 'path_level': {}}","{'node_level': {}, 'link_level': {}, 'path_level': {}}",[],-inf,-inf,True,True,False,0,[],0,0.0,0.0,0.0,2
209,9,2,7783.0,16481.0,5983488.921666955,12900357.555931788,0.472240762089679,0.46382349448257365,31,362,0,1665.2027627596062,11364,2201,9163,0.20397830018083185,0.3627955493741307,147,472.2027627596061,1193.0,9,17,False,{},{},{},{},0.0,0.0,0.0,0.0,0.0,0.0,0.0,0.0,0.0,0.0,0.0,0.0,0.0,0.0,Leave Event,0.0,"{'node_level': {}, 'link_level': {}, 'path_level': {}}","{'node_level': {}, 'link_level': {}, 'path_level': {}}","{'node_level': {}, 'link_level': {}, 'path_level': {}}",[],-inf,-inf,True,True,False,0,[],0,0.0,,,2
210,9,2,7783.0,16481.0,5983488.921666955,12900357.555931788,0.472240762089679,0.46382349448257365,31,363,1,1672.0,11364,2201,9163,0.20397830018083185,0.3627955493741307,209,83.65703976097882,1672.0,5,4,False,{},{},{},{},0.0,0.0,500.0,250.0,420.0,0.0,0.0,0.0,0.0,0.0,0.0,0.0,0.0,0.0,Unknown Reason,0.0,"{'node_level': {}, 'link_level': {}, 'path_level': {}}","{'node_level': {}, 'link_level': {}, 'path_level': {}}","{'node_level': {}, 'link_level': {}, 'path_level': {}}",[],-inf,-inf,True,True,False,0,[],0,0.0,0.0,0.0,2
210,9,2,7783.0,16481.0,5983488.921666955,12900357.555931788,0.472240762089679,0.46382349448257365,31,364,0,1673.5757663510403,11364,2201,9163,0.20397830018083185,0.3627955493741307,34,1380.5757663510403,293.0,9,18,False,{},{},{},{},0.0,0.0,0.0,0.0,0.0,0.0,0.0,0.0,0.0,0.0,0.0,0.0,0.0,0.0,Leave Event,0.0,"{'node_level': {}, 'link_level': {}, 'path_level': {}}","{'node_level': {}, 'link_level': {}, 'path_level': {}}","{'node_level': {}, 'link_level': {}, 'path_level': {}}",[],-inf,-inf,True,True,False,0,[],0,0.0,,,2
210,9,2,7783.0,16481.0,5983488.921666955,12900357.555931788,0.472240762089679,0.46382349448257365,31,365,0,1677.9979400318596,11364,2201,9163,0.20397830018083185,0.3627955493741307,192,142.99794003185966,1535.0,8,16,False,{},{},{},{},0.0,0.0,0.0,0.0,0.0,0.0,0.0,0.0,0.0,0.0,0.0,0.0,0.0,0.0,Leave Event,0.0,"{'node_level': {}, 'link_level': {}, 'path_level': {}}","{'node_level': {}, 'link_level': {}, 'path_level': {}}","{'node_level': {}, 'link_level': {}, 'path_level': {}}",[],-inf,-inf,True,True,False,0,[],0,0.0,,,2
210,9,2,7783.0,16481.0,5983488.921666955,12900357.555931788,0.472240762089679,0.46382349448257365,31,366,0,1680.4383305096248,11364,2201,9163,0.20397830018083185,0.3627955493741307,208,17.43833050962485,1663.0,9,16,False,{},{},{},{},0.0,0.0,0.0,0.0,0.0,0.0,0.0,0.0,0.0,0.0,0.0,0.0,0.0,0.0,Leave Event,0.0,"{'node_level': {}, 'link_level': {}, 'path_level': {}}","{'node_level': {}, 'link_level': {}, 'path_level': {}}","{'node_level': {}, 'link_level': {}, 'path_level': {}}",[],-inf,-inf,True,True,False,0,[],0,0.0,,,2
210,9,1,7783.0,16481.0,5983488.921666955,12900357.555931788,0.472240762089679,0.46382349448257365,31,367,0,1680.7971678581255,13542,2409,11133,0.12875226039783005,0.22579972183588315,80,1040.7971678581255,640.0,6,9,False,{},{},{},{},0.0,0.0,0.0,0.0,0.0,0.0,0.0,0.0,0.0,0.0,0.0,0.0,0.0,0.0,Leave Event,0.0,"{'node_level': {}, 'link_level': {}, 'path_level': {}}","{'node_level': {}, 'link_level': {}, 'path_level': {}}","{'node_level': {}, 'link_level': {}, 'path_level': {}}",[],-inf,-inf,True,True,False,0,[],0,0.0,,,2
210,9,1,7783.0,16481.0,5983488.921666955,12900357.555931788,0.472240762089679,0.46382349448257365,31,368,0,1681.7746515098863,13542,2409,11133,0.12875226039783005,0.22579972183588315,188,178.7746515098864,1503.0,9,19,False,{},{},{},{},0.0,0.0,0.0,0.0,0.0,0.0,0.0,0.0,0.0,0.0,0.0,0.0,0.0,0.0,Leave Event,0.0,"{'node_level': {}, 'link_level': {}, 'path_level': {}}","{'node_level': {}, 'link_level': {}, 'path_level': {}}","{'node_level': {}, 'link_level': {}, 'path_level': {}}",[],-inf,-inf,True,True,False,0,[],0,0.0,,,2
210,9,1,7783.0,16481.0,5983488.921666955,12900357.555931788,0.472240762089679,0.46382349448257365,31,369,0,1684.1518507895037,13542,2409,11133,0.12875226039783005,0.22579972183588315,143,517.1518507895037,1167.0,7,8,False,{},{},{},{},0.0,0.0,0.0,0.0,0.0,0.0,0.0,0.0,0.0,0.0,0.0,0.0,0.0,0.0,Leave Event,0.0,"{'node_level': {}, 'link_level': {}, 'path_level': {}}","{'node_level': {}, 'link_level': {}, 'path_level': {}}","{'node_level': {}, 'link_level': {}, 'path_level': {}}",[],-inf,-inf,True,True,False,0,[],0,0.0,,,2
211,9,1,7783.0,16481.0,5983488.921666955,12900357.555931788,0.472240762089679,0.46382349448257365,31,370,1,1685.0,13542,2409,11133,0.12875226039783005,0.22579972183588315,210,689.5303489675072,1685.0,7,11,False,{},{},{},{},0.0,0.0,558.0,279.0,1016.0,0.0,0.0,0.0,0.0,0.0,0.0,0.0,0.0,0.0,Unknown Reason,0.0,"{'node_level': {}, 'link_level': {}, 'path_level': {}}","{'node_level': {}, 'link_level': {}, 'path_level': {}}","{'node_level': {}, 'link_level': {}, 'path_level': {}}",[],-inf,-inf,True,True,False,0,[],0,0.0,0.0,0.0,2
211,9,1,7783.0,16481.0,5983488.921666955,12900357.555931788,0.472240762089679,0.46382349448257365,31,371,0,1685.2441622789433,13542,2409,11133,0.12875226039783005,0.22579972183588315,191,154.24416227894338,1531.0,8,15,False,{},{},{},{},0.0,0.0,0.0,0.0,0.0,0.0,0.0,0.0,0.0,0.0,0.0,0.0,0.0,0.0,Leave Event,0.0,"{'node_level': {}, 'link_level': {}, 'path_level': {}}","{'node_level': {}, 'link_level': {}, 'path_level': {}}","{'node_level': {}, 'link_level': {}, 'path_level': {}}",[],-inf,-inf,True,True,False,0,[],0,0.0,,,2
212,9,1,7783.0,16481.0,5983488.921666955,12900357.555931788,0.472240762089679,0.46382349448257365,31,372,1,1691.0,13542,2409,11133,0.12875226039783005,0.22579972183588315,211,242.9607421584712,1691.0,8,14,False,{},{},{},{},0.0,0.0,618.0,309.0,1161.0,0.0,0.0,0.0,0.0,0.0,0.0,0.0,0.0,0.0,Unknown Reason,0.0,"{'node_level': {}, 'link_level': {}, 'path_level': {}}","{'node_level': {}, 'link_level': {}, 'path_level': {}}","{'node_level': {}, 'link_level': {}, 'path_level': {}}",[],-inf,-inf,True,True,False,0,[],0,0.0,0.0,0.0,2
213,9,1,7783.0,16481.0,5983488.921666955,12900357.555931788,0.472240762089679,0.46382349448257365,31,373,1,1699.0,13542,2409,11133,0.12875226039783005,0.22579972183588315,212,191.28839542932474,1699.0,10,22,False,{},{},{},{},0.0,0.0,738.0,369.0,1609.0,0.0,0.0,0.0,0.0,0.0,0.0,0.0,0.0,0.0,Unknown Reason,0.0,"{'node_level': {}, 'link_level': {}, 'path_level': {}}","{'node_level': {}, 'link_level': {}, 'path_level': {}}","{'node_level': {}, 'link_level': {}, 'path_level': {}}",[],-inf,-inf,True,True,False,0,[],0,0.0,0.0,0.0,2
214,9,1,7783.0,16481.0,5983488.921666955,12900357.555931788,0.472240762089679,0.46382349448257365,31,374,1,1710.0,13542,2409,11133,0.12875226039783005,0.22579972183588315,213,424.32633732834904,1710.0,6,9,False,{},{},{},{},0.0,0.0,522.0,261.0,615.0,0.0,0.0,0.0,0.0,0.0,0.0,0.0,0.0,0.0,Unknown Reason,0.0,"{'node_level': {}, 'link_level': {}, 'path_level': {}}","{'node_level': {}, 'link_level': {}, 'path_level': {}}","{'node_level': {}, 'link_level': {}, 'path_level': {}}",[],-inf,-inf,True,True,False,0,[],0,0.0,0.0,0.0,2
214,9,1,7783.0,16481.0,5983488.921666955,12900357.555931788,0.472240762089679,0.46382349448257365,31,375,0,1710.4240857167772,13542,2409,11133,0.12875226039783005,0.22579972183588315,198,124.42408571677713,1586.0,7,12,False,{},{},{},{},0.0,0.0,0.0,0.0,0.0,0.0,0.0,0.0,0.0,0.0,0.0,0.0,0.0,0.0,Leave Event,0.0,"{'node_level': {}, 'link_level': {}, 'path_level': {}}","{'node_level': {}, 'link_level': {}, 'path_level': {}}","{'node_level': {}, 'link_level': {}, 'path_level': {}}",[],-inf,-inf,True,True,False,0,[],0,0.0,,,2
214,9,1,7783.0,16481.0,5983488.921666955,12900357.555931788,0.472240762089679,0.46382349448257365,31,376,0,1714.0166789795858,13542,2409,11133,0.12875226039783005,0.22579972183588315,193,171.0166789795858,1543.0,8,12,False,{},{},{},{},0.0,0.0,0.0,0.0,0.0,0.0,0.0,0.0,0.0,0.0,0.0,0.0,0.0,0.0,Leave Event,0.0,"{'node_level': {}, 'link_level': {}, 'path_level': {}}","{'node_level': {}, 'link_level': {}, 'path_level': {}}","{'node_level': {}, 'link_level': {}, 'path_level': {}}",[],-inf,-inf,True,True,False,0,[],0,0.0,,,2
215,9,1,7783.0,16481.0,5983488.921666955,12900357.555931788,0.472240762089679,0.46382349448257365,31,377,1,1717.0,13542,2409,11133,0.12875226039783005,0.22579972183588315,214,232.94247344633993,1717.0,10,21,False,{},{},{},{},0.0,0.0,846.0,423.0,1672.0,0.0,0.0,0.0,0.0,0.0,0.0,0.0,0.0,0.0,Unknown Reason,0.0,"{'node_level': {}, 'link_level': {}, 'path_level': {}}","{'node_level': {}, 'link_level': {}, 'path_level': {}}","{'node_level': {}, 'link_level': {}, 'path_level': {}}",[],-inf,-inf,True,True,False,0,[],0,0.0,0.0,0.0,2
216,9,1,7783.0,16481.0,5983488.921666955,12900357.555931788,0.472240762089679,0.46382349448257365,31,378,1,1726.0,13542,2409,11133,0.12875226039783005,0.22579972183588315,215,1201.3679900228506,1726.0,9,21,False,{},{},{},{},0.0,0.0,666.0,333.0,1626.0,0.0,0.0,0.0,0.0,0.0,0.0,0.0,0.0,0.0,Unknown Reason,0.0,"{'node_level': {}, 'link_level': {}, 'path_level': {}}","{'node_level': {}, 'link_level': {}, 'path_level': {}}","{'node_level': {}, 'link_level': {}, 'path_level': {}}",[],-inf,-inf,True,True,False,0,[],0,0.0,0.0,0.0,2
217,9,1,7783.0,16481.0,5983488.921666955,12900357.555931788,0.472240762089679,0.46382349448257365,31,379,1,1738.0,13542,2409,11133,0.12875226039783005,0.22579972183588315,216,244.6717014563344,1738.0,10,25,False,{},{},{},{},0.0,0.0,732.0,366.0,2052.0,0.0,0.0,0.0,0.0,0.0,0.0,0.0,0.0,0.0,Unknown Reason,0.0,"{'node_level': {}, 'link_level': {}, 'path_level': {}}","{'node_level': {}, 'link_level': {}, 'path_level': {}}","{'node_level': {}, 'link_level': {}, 'path_level': {}}",[],-inf,-inf,True,True,False,0,[],0,0.0,0.0,0.0,2
217,9,1,7783.0,16481.0,5983488.921666955,12900357.555931788,0.472240762089679,0.46382349448257365,31,380,0,1742.3862908414335,13542,2409,11133,0.12875226039783005,0.22579972183588315,142,584.3862908414336,1158.0,10,25,False,{},{},{},{},0.0,0.0,0.0,0.0,0.0,0.0,0.0,0.0,0.0,0.0,0.0,0.0,0.0,0.0,Leave Event,0.0,"{'node_level': {}, 'link_level': {}, 'path_level': {}}","{'node_level': {}, 'link_level': {}, 'path_level': {}}","{'node_level': {}, 'link_level': {}, 'path_level': {}}",[],-inf,-inf,True,True,False,0,[],0,0.0,,,2
218,9,1,7783.0,16481.0,5983488.921666955,12900357.555931788,0.472240762089679,0.46382349448257365,31,381,1,1751.0,13542,2409,11133,0.12875226039783005,0.22579972183588315,217,904.7047454982771,1751.0,7,11,False,{},{},{},{},0.0,0.0,616.0,308.0,824.0,0.0,0.0,0.0,0.0,0.0,0.0,0.0,0.0,0.0,Unknown Reason,0.0,"{'node_level': {}, 'link_level': {}, 'path_level': {}}","{'node_level': {}, 'link_level': {}, 'path_level': {}}","{'node_level': {}, 'link_level': {}, 'path_level': {}}",[],-inf,-inf,True,True,False,0,[],0,0.0,0.0,0.0,2
218,9,1,7783.0,16481.0,5983488.921666955,12900357.555931788,0.472240762089679,0.46382349448257365,31,382,0,1755.657039760979,13542,2409,11133,0.12875226039783005,0.22579972183588315,209,83.65703976097882,1672.0,5,4,False,{},{},{},{},0.0,0.0,0.0,0.0,0.0,0.0,0.0,0.0,0.0,0.0,0.0,0.0,0.0,0.0,Leave Event,0.0,"{'node_level': {}, 'link_level': {}, 'path_level': {}}","{'node_level': {}, 'link_level': {}, 'path_level': {}}","{'node_level': {}, 'link_level': {}, 'path_level': {}}",[],-inf,-inf,True,True,False,0,[],0,0.0,,,2
219,9,1,7783.0,16481.0,5983488.921666955,12900357.555931788,0.472240762089679,0.46382349448257365,31,383,1,1764.0,13542,2409,11133,0.12875226039783005,0.22579972183588315,218,460.3548908719616,1764.0,10,23,False,{},{},{},{},0.0,0.0,796.0,398.0,1851.0,0.0,0.0,0.0,0.0,0.0,0.0,0.0,0.0,0.0,Unknown Reason,0.0,"{'node_level': {}, 'link_level': {}, 'path_level': {}}","{'node_level': {}, 'link_level': {}, 'path_level': {}}","{'node_level': {}, 'link_level': {}, 'path_level': {}}",[],-inf,-inf,True,True,False,0,[],0,0.0,0.0,0.0,2
220,9,1,7783.0,16481.0,5983488.921666955,12900357.555931788,0.472240762089679,0.46382349448257365,31,384,1,1771.0,13542,2409,11133,0.12875226039783005,0.22579972183588315,219,1215.3159336494066,1771.0,5,5,False,{},{},{},{},0.0,0.0,400.0,200.0,393.0,0.0,0.0,0.0,0.0,0.0,0.0,0.0,0.0,0.0,Unknown Reason,0.0,"{'node_level': {}, 'link_level': {}, 'path_level': {}}","{'node_level': {}, 'link_level': {}, 'path_level': {}}","{'node_level': {}, 'link_level': {}, 'path_level': {}}",[],-inf,-inf,True,True,False,0,[],0,0.0,0.0,0.0,2
221,9,1,7783.0,16481.0,5983488.921666955,12900357.555931788,0.472240762089679,0.46382349448257365,31,385,1,1777.0,13542,2409,11133,0.12875226039783005,0.22579972183588315,220,330.8761725798223,1777.0,10,21,False,{},{},{},{},0.0,0.0,690.0,345.0,1646.0,0.0,0.0,0.0,0.0,0.0,0.0,0.0,0.0,0.0,Unknown Reason,0.0,"{'node_level': {}, 'link_level': {}, 'path_level': {}}","{'node_level': {}, 'link_level': {}, 'path_level': {}}","{'node_level': {}, 'link_level': {}, 'path_level': {}}",[],-inf,-inf,True,True,False,0,[],0,0.0,0.0,0.0,2
222,9,1,7783.0,16481.0,5983488.921666955,12900357.555931788,0.472240762089679,0.46382349448257365,31,386,1,1785.0,13542,2409,11133,0.12875226039783005,0.22579972183588315,221,1591.2004316581374,1785.0,6,8,False,{},{},{},{},0.0,0.0,456.0,228.0,753.0,0.0,0.0,0.0,0.0,0.0,0.0,0.0,0.0,0.0,Unknown Reason,0.0,"{'node_level': {}, 'link_level': {}, 'path_level': {}}","{'node_level': {}, 'link_level': {}, 'path_level': {}}","{'node_level': {}, 'link_level': {}, 'path_level': {}}",[],-inf,-inf,True,True,False,0,[],0,0.0,0.0,0.0,2
222,9,1,7783.0,16481.0,5983488.921666955,12900357.555931788,0.472240762089679,0.46382349448257365,31,387,0,1786.6751989531158,13542,2409,11133,0.12875226039783005,0.22579972183588315,197,208.6751989531159,1578.0,10,18,False,{},{},{},{},0.0,0.0,0.0,0.0,0.0,0.0,0.0,0.0,0.0,0.0,0.0,0.0,0.0,0.0,Leave Event,0.0,"{'node_level': {}, 'link_level': {}, 'path_level': {}}","{'node_level': {}, 'link_level': {}, 'path_level': {}}","{'node_level': {}, 'link_level': {}, 'path_level': {}}",[],-inf,-inf,True,True,False,0,[],0,0.0,,,2
223,10,2,8262.0,17296.0,6189386.342025479,13250684.064474998,0.4776827012025902,0.46709938233447024,31,388,1,1794.0,12727,2205,10522,0.20253164556962022,0.2682892906815021,222,429.8484767401351,1794.0,5,4,True,"{np.int64(0): np.int64(25), np.int64(1): np.int64(13), np.int64(2): np.int64(27), np.int64(3): np.int64(12), np.int64(4): np.int64(3)}","{(0, 2): [(np.int64(25), 22), (22, 20), (20, 23), (23, np.int64(27))], (0, 4): [(np.int64(25), 22), (22, 21), (21, np.int64(3))], (1, 3): [(np.int64(13), 14), (14, np.int64(12))], (1, 4): [(np.int64(13), 3)]}","{(np.int64(0), np.int64(25)): {'cpu': 33}, (np.int64(1), np.int64(13)): {'cpu': 59}, (np.int64(2), np.int64(27)): {'cpu': 41}, (np.int64(3), np.int64(12)): {'cpu': 30}, (np.int64(4), np.int64(3)): {'cpu': 41}}","{((0, 2), (np.int64(25), 22)): {'bw': 64}, ((0, 2), (22, 20)): {'bw': 64}, ((0, 2), (20, 23)): {'bw': 64}, ((0, 2), (23, np.int64(27))): {'bw': 64}, ((0, 4), (np.int64(25), 22)): {'bw': 51}, ((0, 4), (22, 21)): {'bw': 51}, ((0, 4), (21, np.int64(3))): {'bw': 51}, ((1, 3), (np.int64(13), 14)): {'bw': 42}, ((1, 3), (14, np.int64(12))): {'bw': 42}, ((1, 4), (np.int64(13), 3)): {'bw': 118}}",815.0,479.0,1224.0,204.0,275.0,204.0,275.0,204.0,611.0,336.0,0.5877300613496933,350326.5085432101,205897.42035852472,252.6348716055518,Success,0.0,"{'node_level': {}, 'link_level': {}, 'path_level': {}}","{'node_level': {np.int64(0): {'cpu': -60}, np.int64(1): {'cpu': -2}, np.int64(2): {'cpu': -47}, np.int64(3): {'cpu': -10}, np.int64(4): {'cpu': -17}}, 'link_level': {(0, 2): {'bw': -155}, (0, 4): {'bw': -164}, (1, 3): {'bw': -21}, (1, 4): {'bw': -208}}, 'path_level': {(0, 2): {}, (0, 4): {}, (1, 3): {}, (1, 4): {}}}","{'node_level': {np.int64(0): {'cpu': 0}, np.int64(1): {'cpu': 0}, np.int64(2): {'cpu': 0}, np.int64(3): {'cpu': 0}, np.int64(4): {'cpu': 0}}, 'link_level': {(0, 2): {'bw': 0}, (0, 4): {'bw': 0}, (1, 3): {'bw': 0}, (1, 4): {'bw': 0}}, 'path_level': {(0, 2): {}, (0, 4): {}, (1, 3): {}, (1, 4): {}}}",[],-inf,-inf,True,True,False,0,[],0,0.0,5.0,4.0,2
223,10,2,8262.0,17296.0,6189386.342025479,13250684.064474998,0.4776827012025902,0.46709938233447024,31,389,0,1800.875668666404,12727,2205,10522,0.20253164556962022,0.2682892906815021,202,178.875668666404,1622.0,9,15,False,{},{},{},{},0.0,0.0,0.0,0.0,0.0,0.0,0.0,0.0,0.0,0.0,0.0,0.0,0.0,0.0,Leave Event,0.0,"{'node_level': {}, 'link_level': {}, 'path_level': {}}","{'node_level': {}, 'link_level': {}, 'path_level': {}}","{'node_level': {}, 'link_level': {}, 'path_level': {}}",[],-inf,-inf,True,True,False,0,[],0,0.0,,,2
224,10,2,8262.0,17296.0,6189386.342025479,13250684.064474998,0.4776827012025902,0.46709938233447024,31,390,1,1804.0,12727,2205,10522,0.20253164556962022,0.2682892906815021,223,14.068220601223496,1804.0,6,8,False,{},{},{},{},0.0,0.0,496.0,248.0,691.0,0.0,0.0,0.0,0.0,0.0,0.0,0.0,0.0,0.0,Unknown Reason,0.0,"{'node_level': {}, 'link_level': {}, 'path_level': {}}","{'node_level': {}, 'link_level': {}, 'path_level': {}}","{'node_level': {}, 'link_level': {}, 'path_level': {}}",[],-inf,-inf,True,True,False,0,[],0,0.0,0.0,0.0,2
225,10,2,8262.0,17296.0,6189386.342025479,13250684.064474998,0.4776827012025902,0.46709938233447024,31,391,1,1810.0,12727,2205,10522,0.20253164556962022,0.2682892906815021,224,671.3700817320447,1810.0,7,12,False,{},{},{},{},0.0,0.0,500.0,250.0,947.0,0.0,0.0,0.0,0.0,0.0,0.0,0.0,0.0,0.0,Unknown Reason,0.0,"{'node_level': {}, 'link_level': {}, 'path_level': {}}","{'node_level': {}, 'link_level': {}, 'path_level': {}}","{'node_level': {}, 'link_level': {}, 'path_level': {}}",[],-inf,-inf,True,True,False,0,[],0,0.0,0.0,0.0,2
225,10,2,8262.0,17296.0,6189386.342025479,13250684.064474998,0.4776827012025902,0.46709938233447024,31,392,0,1818.0682206012234,12727,2205,10522,0.20253164556962022,0.2682892906815021,223,14.068220601223496,1804.0,6,8,False,{},{},{},{},0.0,0.0,0.0,0.0,0.0,0.0,0.0,0.0,0.0,0.0,0.0,0.0,0.0,0.0,Leave Event,0.0,"{'node_level': {}, 'link_level': {}, 'path_level': {}}","{'node_level': {}, 'link_level': {}, 'path_level': {}}","{'node_level': {}, 'link_level': {}, 'path_level': {}}",[],-inf,-inf,True,True,False,0,[],0,0.0,,,2
225,10,2,8262.0,17296.0,6189386.342025479,13250684.064474998,0.4776827012025902,0.46709938233447024,31,393,0,1823.2403986936947,12727,2205,10522,0.20253164556962022,0.2682892906815021,88,1118.2403986936947,705.0,5,4,False,{},{},{},{},0.0,0.0,0.0,0.0,0.0,0.0,0.0,0.0,0.0,0.0,0.0,0.0,0.0,0.0,Leave Event,0.0,"{'node_level': {}, 'link_level': {}, 'path_level': {}}","{'node_level': {}, 'link_level': {}, 'path_level': {}}","{'node_level': {}, 'link_level': {}, 'path_level': {}}",[],-inf,-inf,True,True,False,0,[],0,0.0,,,2
226,10,2,8262.0,17296.0,6189386.342025479,13250684.064474998,0.4776827012025902,0.46709938233447024,31,394,1,1829.0,12727,2205,10522,0.20253164556962022,0.2682892906815021,225,988.0844697950573,1829.0,10,24,False,{},{},{},{},0.0,0.0,806.0,403.0,1962.0,0.0,0.0,0.0,0.0,0.0,0.0,0.0,0.0,0.0,Unknown Reason,0.0,"{'node_level': {}, 'link_level': {}, 'path_level': {}}","{'node_level': {}, 'link_level': {}, 'path_level': {}}","{'node_level': {}, 'link_level': {}, 'path_level': {}}",[],-inf,-inf,True,True,False,0,[],0,0.0,0.0,0.0,2
226,10,2,8262.0,17296.0,6189386.342025479,13250684.064474998,0.4776827012025902,0.46709938233447024,31,395,0,1834.789353859991,12727,2205,10522,0.20253164556962022,0.2682892906815021,167,495.78935385999097,1339.0,7,11,False,{},{},{},{},0.0,0.0,0.0,0.0,0.0,0.0,0.0,0.0,0.0,0.0,0.0,0.0,0.0,0.0,Leave Event,0.0,"{'node_level': {}, 'link_level': {}, 'path_level': {}}","{'node_level': {}, 'link_level': {}, 'path_level': {}}","{'node_level': {}, 'link_level': {}, 'path_level': {}}",[],-inf,-inf,True,True,False,0,[],0,0.0,,,2
227,10,2,8262.0,17296.0,6189386.342025479,13250684.064474998,0.4776827012025902,0.46709938233447024,31,396,1,1840.0,12727,2205,10522,0.20253164556962022,0.2682892906815021,226,51.875355712700156,1840.0,10,24,False,{},{},{},{},0.0,0.0,930.0,465.0,1962.0,0.0,0.0,0.0,0.0,0.0,0.0,0.0,0.0,0.0,Unknown Reason,0.0,"{'node_level': {}, 'link_level': {}, 'path_level': {}}","{'node_level': {}, 'link_level': {}, 'path_level': {}}","{'node_level': {}, 'link_level': {}, 'path_level': {}}",[],-inf,-inf,True,True,False,0,[],0,0.0,0.0,0.0,2
227,10,2,8262.0,17296.0,6189386.342025479,13250684.064474998,0.4776827012025902,0.46709938233447024,31,397,0,1845.256813844328,12727,2205,10522,0.20253164556962022,0.2682892906815021,160,567.2568138443279,1278.0,9,19,False,{},{},{},{},0.0,0.0,0.0,0.0,0.0,0.0,0.0,0.0,0.0,0.0,0.0,0.0,0.0,0.0,Leave Event,0.0,"{'node_level': {}, 'link_level': {}, 'path_level': {}}","{'node_level': {}, 'link_level': {}, 'path_level': {}}","{'node_level': {}, 'link_level': {}, 'path_level': {}}",[],-inf,-inf,True,True,False,0,[],0,0.0,,,2
228,10,2,8262.0,17296.0,6189386.342025479,13250684.064474998,0.4776827012025902,0.46709938233447024,31,398,1,1848.0,12727,2205,10522,0.20253164556962022,0.2682892906815021,227,1654.4418549705179,1848.0,9,17,False,{},{},{},{},0.0,0.0,782.0,391.0,1456.0,0.0,0.0,0.0,0.0,0.0,0.0,0.0,0.0,0.0,Unknown Reason,0.0,"{'node_level': {}, 'link_level': {}, 'path_level': {}}","{'node_level': {}, 'link_level': {}, 'path_level': {}}","{'node_level': {}, 'link_level': {}, 'path_level': {}}",[],-inf,-inf,True,True,False,0,[],0,0.0,0.0,0.0,2
229,10,2,8262.0,17296.0,6189386.342025479,13250684.064474998,0.4776827012025902,0.46709938233447024,31,399,1,1859.0,12727,2205,10522,0.20253164556962022,0.2682892906815021,228,414.3987352045433,1859.0,9,15,False,{},{},{},{},0.0,0.0,662.0,331.0,929.0,0.0,0.0,0.0,0.0,0.0,0.0,0.0,0.0,0.0,Unknown Reason,0.0,"{'node_level': {}, 'link_level': {}, 'path_level': {}}","{'node_level': {}, 'link_level': {}, 'path_level': {}}","{'node_level': {}, 'link_level': {}, 'path_level': {}}",[],-inf,-inf,True,True,False,0,[],0,0.0,0.0,0.0,2
230,10,2,8262.0,17296.0,6189386.342025479,13250684.064474998,0.4776827012025902,0.46709938233447024,31,400,1,1866.0,12727,2205,10522,0.20253164556962022,0.2682892906815021,229,674.8884780331829,1866.0,7,11,False,{},{},{},{},0.0,0.0,624.0,312.0,866.0,0.0,0.0,0.0,0.0,0.0,0.0,0.0,0.0,0.0,Unknown Reason,0.0,"{'node_level': {}, 'link_level': {}, 'path_level': {}}","{'node_level': {}, 'link_level': {}, 'path_level': {}}","{'node_level': {}, 'link_level': {}, 'path_level': {}}",[],-inf,-inf,True,True,False,0,[],0,0.0,0.0,0.0,2
231,10,2,8262.0,17296.0,6189386.342025479,13250684.064474998,0.4776827012025902,0.46709938233447024,31,401,1,1875.0,12727,2205,10522,0.20253164556962022,0.2682892906815021,230,126.80222863516887,1875.0,5,7,False,{},{},{},{},0.0,0.0,306.0,153.0,623.0,0.0,0.0,0.0,0.0,0.0,0.0,0.0,0.0,0.0,Unknown Reason,0.0,"{'node_level': {}, 'link_level': {}, 'path_level': {}}","{'node_level': {}, 'link_level': {}, 'path_level': {}}","{'node_level': {}, 'link_level': {}, 'path_level': {}}",[],-inf,-inf,True,True,False,0,[],0,0.0,0.0,0.0,2
232,10,2,8262.0,17296.0,6189386.342025479,13250684.064474998,0.4776827012025902,0.46709938233447024,31,402,1,1879.0,12727,2205,10522,0.20253164556962022,0.2682892906815021,231,1416.6578879946012,1879.0,5,9,False,{},{},{},{},0.0,0.0,404.0,202.0,731.0,0.0,0.0,0.0,0.0,0.0,0.0,0.0,0.0,0.0,Unknown Reason,0.0,"{'node_level': {}, 'link_level': {}, 'path_level': {}}","{'node_level': {}, 'link_level': {}, 'path_level': {}}","{'node_level': {}, 'link_level': {}, 'path_level': {}}",[],-inf,-inf,True,True,False,0,[],0,0.0,0.0,0.0,2
233,10,2,8262.0,17296.0,6189386.342025479,13250684.064474998,0.4776827012025902,0.46709938233447024,31,403,1,1886.0,12727,2205,10522,0.20253164556962022,0.2682892906815021,232,515.4699873810382,1886.0,10,25,False,{},{},{},{},0.0,0.0,854.0,427.0,1854.0,0.0,0.0,0.0,0.0,0.0,0.0,0.0,0.0,0.0,Unknown Reason,0.0,"{'node_level': {}, 'link_level': {}, 'path_level': {}}","{'node_level': {}, 'link_level': {}, 'path_level': {}}","{'node_level': {}, 'link_level': {}, 'path_level': {}}",[],-inf,-inf,True,True,False,0,[],0,0.0,0.0,0.0,2
233,10,2,8262.0,17296.0,6189386.342025479,13250684.064474998,0.4776827012025902,0.46709938233447024,31,404,0,1890.2883954293247,12727,2205,10522,0.20253164556962022,0.2682892906815021,212,191.28839542932474,1699.0,10,22,False,{},{},{},{},0.0,0.0,0.0,0.0,0.0,0.0,0.0,0.0,0.0,0.0,0.0,0.0,0.0,0.0,Leave Event,0.0,"{'node_level': {}, 'link_level': {}, 'path_level': {}}","{'node_level': {}, 'link_level': {}, 'path_level': {}}","{'node_level': {}, 'link_level': {}, 'path_level': {}}",[],-inf,-inf,True,True,False,0,[],0,0.0,,,2
233,10,2,8262.0,17296.0,6189386.342025479,13250684.064474998,0.4776827012025902,0.46709938233447024,31,405,0,1891.8753557127002,12727,2205,10522,0.20253164556962022,0.2682892906815021,226,51.875355712700156,1840.0,10,24,False,{},{},{},{},0.0,0.0,0.0,0.0,0.0,0.0,0.0,0.0,0.0,0.0,0.0,0.0,0.0,0.0,Leave Event,0.0,"{'node_level': {}, 'link_level': {}, 'path_level': {}}","{'node_level': {}, 'link_level': {}, 'path_level': {}}","{'node_level': {}, 'link_level': {}, 'path_level': {}}",[],-inf,-inf,True,True,False,0,[],0,0.0,,,2
233,10,2,8262.0,17296.0,6189386.342025479,13250684.064474998,0.4776827012025902,0.46709938233447024,31,406,0,1896.023616872072,12727,2205,10522,0.20253164556962022,0.2682892906815021,97,1117.023616872072,779.0,8,16,False,{},{},{},{},0.0,0.0,0.0,0.0,0.0,0.0,0.0,0.0,0.0,0.0,0.0,0.0,0.0,0.0,Leave Event,0.0,"{'node_level': {}, 'link_level': {}, 'path_level': {}}","{'node_level': {}, 'link_level': {}, 'path_level': {}}","{'node_level': {}, 'link_level': {}, 'path_level': {}}",[],-inf,-inf,True,True,False,0,[],0,0.0,,,2
234,10,2,8262.0,17296.0,6189386.342025479,13250684.064474998,0.4776827012025902,0.46709938233447024,31,407,1,1897.0,12727,2205,10522,0.20253164556962022,0.2682892906815021,233,391.884684818543,1897.0,8,14,False,{},{},{},{},0.0,0.0,780.0,390.0,1137.0,0.0,0.0,0.0,0.0,0.0,0.0,0.0,0.0,0.0,Unknown Reason,0.0,"{'node_level': {}, 'link_level': {}, 'path_level': {}}","{'node_level': {}, 'link_level': {}, 'path_level': {}}","{'node_level': {}, 'link_level': {}, 'path_level': {}}",[],-inf,-inf,True,True,False,0,[],0,0.0,0.0,0.0,2
235,10,2,8262.0,17296.0,6189386.342025479,13250684.064474998,0.4776827012025902,0.46709938233447024,31,408,1,1906.0,12727,2205,10522,0.20253164556962022,0.2682892906815021,234,1627.124537787036,1906.0,6,8,False,{},{},{},{},0.0,0.0,404.0,202.0,698.0,0.0,0.0,0.0,0.0,0.0,0.0,0.0,0.0,0.0,Unknown Reason,0.0,"{'node_level': {}, 'link_level': {}, 'path_level': {}}","{'node_level': {}, 'link_level': {}, 'path_level': {}}","{'node_level': {}, 'link_level': {}, 'path_level': {}}",[],-inf,-inf,True,True,False,0,[],0,0.0,0.0,0.0,2
236,10,2,8262.0,17296.0,6189386.342025479,13250684.064474998,0.4776827012025902,0.46709938233447024,31,409,1,1915.0,12727,2205,10522,0.20253164556962022,0.2682892906815021,235,407.0574652699055,1915.0,10,17,False,{},{},{},{},0.0,0.0,658.0,329.0,1428.0,0.0,0.0,0.0,0.0,0.0,0.0,0.0,0.0,0.0,Unknown Reason,0.0,"{'node_level': {}, 'link_level': {}, 'path_level': {}}","{'node_level': {}, 'link_level': {}, 'path_level': {}}","{'node_level': {}, 'link_level': {}, 'path_level': {}}",[],-inf,-inf,True,True,False,0,[],0,0.0,0.0,0.0,2
236,10,2,8262.0,17296.0,6189386.342025479,13250684.064474998,0.4776827012025902,0.46709938233447024,31,410,0,1919.3055150078635,12727,2205,10522,0.20253164556962022,0.2682892906815021,107,1065.3055150078635,854.0,8,15,False,{},{},{},{},0.0,0.0,0.0,0.0,0.0,0.0,0.0,0.0,0.0,0.0,0.0,0.0,0.0,0.0,Leave Event,0.0,"{'node_level': {}, 'link_level': {}, 'path_level': {}}","{'node_level': {}, 'link_level': {}, 'path_level': {}}","{'node_level': {}, 'link_level': {}, 'path_level': {}}",[],-inf,-inf,True,True,False,0,[],0,0.0,,,2
237,10,2,8262.0,17296.0,6189386.342025479,13250684.064474998,0.4776827012025902,0.46709938233447024,31,411,1,1926.0,12727,2205,10522,0.20253164556962022,0.2682892906815021,236,379.2893348793283,1926.0,6,8,False,{},{},{},{},0.0,0.0,576.0,288.0,701.0,0.0,0.0,0.0,0.0,0.0,0.0,0.0,0.0,0.0,Unknown Reason,0.0,"{'node_level': {}, 'link_level': {}, 'path_level': {}}","{'node_level': {}, 'link_level': {}, 'path_level': {}}","{'node_level': {}, 'link_level': {}, 'path_level': {}}",[],-inf,-inf,True,True,False,0,[],0,0.0,0.0,0.0,2
237,10,2,8262.0,17296.0,6189386.342025479,13250684.064474998,0.4776827012025902,0.46709938233447024,31,412,0,1933.9607421584712,12727,2205,10522,0.20253164556962022,0.2682892906815021,211,242.9607421584712,1691.0,8,14,False,{},{},{},{},0.0,0.0,0.0,0.0,0.0,0.0,0.0,0.0,0.0,0.0,0.0,0.0,0.0,0.0,Leave Event,0.0,"{'node_level': {}, 'link_level': {}, 'path_level': {}}","{'node_level': {}, 'link_level': {}, 'path_level': {}}","{'node_level': {}, 'link_level': {}, 'path_level': {}}",[],-inf,-inf,True,True,False,0,[],0,0.0,,,2
238,10,2,8262.0,17296.0,6189386.342025479,13250684.064474998,0.4776827012025902,0.46709938233447024,31,413,1,1941.0,12727,2205,10522,0.20253164556962022,0.2682892906815021,237,22.899974738252897,1941.0,10,22,False,{},{},{},{},0.0,0.0,776.0,388.0,1881.0,0.0,0.0,0.0,0.0,0.0,0.0,0.0,0.0,0.0,Unknown Reason,0.0,"{'node_level': {}, 'link_level': {}, 'path_level': {}}","{'node_level': {}, 'link_level': {}, 'path_level': {}}","{'node_level': {}, 'link_level': {}, 'path_level': {}}",[],-inf,-inf,True,True,False,0,[],0,0.0,0.0,0.0,2
238,10,2,8262.0,17296.0,6189386.342025479,13250684.064474998,0.4776827012025902,0.46709938233447024,31,414,0,1945.2658776227572,12727,2205,10522,0.20253164556962022,0.2682892906815021,190,425.2658776227573,1520.0,6,10,False,{},{},{},{},0.0,0.0,0.0,0.0,0.0,0.0,0.0,0.0,0.0,0.0,0.0,0.0,0.0,0.0,Leave Event,0.0,"{'node_level': {}, 'link_level': {}, 'path_level': {}}","{'node_level': {}, 'link_level': {}, 'path_level': {}}","{'node_level': {}, 'link_level': {}, 'path_level': {}}",[],-inf,-inf,True,True,False,0,[],0,0.0,,,2
239,10,2,8262.0,17296.0,6189386.342025479,13250684.064474998,0.4776827012025902,0.46709938233447024,31,415,1,1946.0,12727,2205,10522,0.20253164556962022,0.2682892906815021,238,395.25760510351677,1946.0,6,6,False,{},{},{},{},0.0,0.0,470.0,235.0,462.0,0.0,0.0,0.0,0.0,0.0,0.0,0.0,0.0,0.0,Unknown Reason,0.0,"{'node_level': {}, 'link_level': {}, 'path_level': {}}","{'node_level': {}, 'link_level': {}, 'path_level': {}}","{'node_level': {}, 'link_level': {}, 'path_level': {}}",[],-inf,-inf,True,True,False,0,[],0,0.0,0.0,0.0,2
239,10,2,8262.0,17296.0,6189386.342025479,13250684.064474998,0.4776827012025902,0.46709938233447024,31,416,0,1949.94247344634,12727,2205,10522,0.20253164556962022,0.2682892906815021,214,232.94247344633993,1717.0,10,21,False,{},{},{},{},0.0,0.0,0.0,0.0,0.0,0.0,0.0,0.0,0.0,0.0,0.0,0.0,0.0,0.0,Leave Event,0.0,"{'node_level': {}, 'link_level': {}, 'path_level': {}}","{'node_level': {}, 'link_level': {}, 'path_level': {}}","{'node_level': {}, 'link_level': {}, 'path_level': {}}",[],-inf,-inf,True,True,False,0,[],0,0.0,,,2
239,10,2,8262.0,17296.0,6189386.342025479,13250684.064474998,0.4776827012025902,0.46709938233447024,31,417,0,1955.9569719968636,12727,2205,10522,0.20253164556962022,0.2682892906815021,201,341.9569719968636,1614.0,9,19,False,{},{},{},{},0.0,0.0,0.0,0.0,0.0,0.0,0.0,0.0,0.0,0.0,0.0,0.0,0.0,0.0,Leave Event,0.0,"{'node_level': {}, 'link_level': {}, 'path_level': {}}","{'node_level': {}, 'link_level': {}, 'path_level': {}}","{'node_level': {}, 'link_level': {}, 'path_level': {}}",[],-inf,-inf,True,True,False,0,[],0,0.0,,,2
240,11,3,9558.0,20899.0,7073250.924393741,15707909.442771949,0.4573424565768697,0.45029868233984016,33,418,1,1956.0,9124,1830,7294,0.3381555153707052,0.4927677329624478,239,681.9942765187208,1956.0,9,12,True,"{np.int64(0): np.int64(28), np.int64(1): np.int64(26), np.int64(2): np.int64(8), np.int64(3): np.int64(14), np.int64(4): np.int64(30), np.int64(5): np.int64(34), np.int64(6): np.int64(23), np.int64(7): np.int64(2), np.int64(8): np.int64(35)}","{(0, 1): [(np.int64(28), 0), (0, 20), (20, 23), (23, np.int64(26))], (0, 8): [(np.int64(28), 31), (31, np.int64(35))], (1, 2): [(np.int64(26), 23), (23, 21), (21, 2), (2, 5), (5, 6), (6, np.int64(8))], (1, 6): [(np.int64(26), 23)], (2, 7): [(np.int64(8), 6), (6, 5), (5, np.int64(2))], (3, 5): [(np.int64(14), 13), (13, 3), (3, 29), (29, 31), (31, np.int64(34))], (3, 6): [(np.int64(14), 13), (13, 2), (2, 21), (21, np.int64(23))], (4, 5): [(np.int64(30), 28), (28, 31), (31, np.int64(34))], (4, 6): [(np.int64(30), 29), (29, 2), (2, 21), (21, np.int64(23))], (4, 7): [(np.int64(30), 29), (29, np.int64(2))], (4, 8): [(np.int64(30), 28), (28, 31), (31, np.int64(35))], (6, 8): [(np.int64(23), 21), (21, 3), (3, 29), (29, 31), (31, np.int64(35))]}","{(np.int64(0), np.int64(28)): {'cpu': 39}, (np.int64(1), np.int64(26)): {'cpu': 42}, (np.int64(2), np.int64(8)): {'cpu': 36}, (np.int64(3), np.int64(14)): {'cpu': 38}, (np.int64(4), np.int64(30)): {'cpu': 45}, (np.int64(5), np.int64(34)): {'cpu': 52}, (np.int64(6), np.int64(23)): {'cpu': 45}, (np.int64(7), np.int64(2)): {'cpu': 27}, (np.int64(8), np.int64(35)): {'cpu': 51}}","{((0, 1), (np.int64(28), 0)): {'bw': 92}, ((0, 1), (0, 20)): {'bw': 92}, ((0, 1), (20, 23)): {'bw': 92}, ((0, 1), (23, np.int64(26))): {'bw': 92}, ((0, 8), (np.int64(28), 31)): {'bw': 113}, ((0, 8), (31, np.int64(35))): {'bw': 113}, ((1, 2), (np.int64(26), 23)): {'bw': 60}, ((1, 2), (23, 21)): {'bw': 60}, ((1, 2), (21, 2)): {'bw': 60}, ((1, 2), (2, 5)): {'bw': 60}, ((1, 2), (5, 6)): {'bw': 60}, ((1, 2), (6, np.int64(8))): {'bw': 60}, ((1, 6), (np.int64(26), 23)): {'bw': 60}, ((2, 7), (np.int64(8), 6)): {'bw': 106}, ((2, 7), (6, 5)): {'bw': 106}, ((2, 7), (5, np.int64(2))): {'bw': 106}, ((3, 5), (np.int64(14), 13)): {'bw': 78}, ((3, 5), (13, 3)): {'bw': 78}, ((3, 5), (3, 29)): {'bw': 78}, ((3, 5), (29, 31)): {'bw': 78}, ((3, 5), (31, np.int64(34))): {'bw': 78}, ((3, 6), (np.int64(14), 13)): {'bw': 53}, ((3, 6), (13, 2)): {'bw': 53}, ((3, 6), (2, 21)): {'bw': 53}, ((3, 6), (21, np.int64(23))): {'bw': 53}, ((4, 5), (np.int64(30), 28)): {'bw': 65}, ((4, 5), (28, 31)): {'bw': 65}, ((4, 5), (31, np.int64(34))): {'bw': 65}, ((4, 6), (np.int64(30), 29)): {'bw': 107}, ((4, 6), (29, 2)): {'bw': 107}, ((4, 6), (2, 21)): {'bw': 107}, ((4, 6), (21, np.int64(23))): {'bw': 107}, ((4, 7), (np.int64(30), 29)): {'bw': 54}, ((4, 7), (29, np.int64(2))): {'bw': 54}, ((4, 8), (np.int64(30), 28)): {'bw': 51}, ((4, 8), (28, 31)): {'bw': 51}, ((4, 8), (31, np.int64(35))): {'bw': 51}, ((6, 8), (np.int64(23), 21)): {'bw': 82}, ((6, 8), (21, 3)): {'bw': 82}, ((6, 8), (3, 29)): {'bw': 82}, ((6, 8), (29, 31)): {'bw': 82}, ((6, 8), (31, np.int64(35))): {'bw': 82}}",3603.0,1296.0,1125.0,375.0,921.0,375.0,921.0,375.0,3228.0,2307.0,0.3597002497918401,2457225.378296951,883864.5823682621,245.31351162038914,Success,0.0,"{'node_level': {}, 'link_level': {}, 'path_level': {}}","{'node_level': {np.int64(0): {'cpu': -3}, np.int64(1): {'cpu': -47}, np.int64(2): {'cpu': -54}, np.int64(3): {'cpu': -33}, np.int64(4): {'cpu': -8}, np.int64(5): {'cpu': -44}, np.int64(6): {'cpu': -9}, np.int64(7): {'cpu': -28}, np.int64(8): {'cpu': -5}}, 'link_level': {(0, 1): {'bw': -78}, (0, 8): {'bw': -212}, (1, 2): {'bw': -159}, (1, 6): {'bw': -186}, (2, 7): {'bw': -53}, (3, 5): {'bw': -70}, (3, 6): {'bw': -14}, (4, 5): {'bw': -87}, (4, 6): {'bw': -19}, (4, 7): {'bw': -3}, (4, 8): {'bw': -36}, (6, 8): {'bw': -35}}, 'path_level': {(0, 1): {}, (0, 8): {}, (1, 2): {}, (1, 6): {}, (2, 7): {}, (3, 5): {}, (3, 6): {}, (4, 5): {}, (4, 6): {}, (4, 7): {}, (4, 8): {}, (6, 8): {}}}","{'node_level': {np.int64(0): {'cpu': 0}, np.int64(1): {'cpu': 0}, np.int64(2): {'cpu': 0}, np.int64(3): {'cpu': 0}, np.int64(4): {'cpu': 0}, np.int64(5): {'cpu': 0}, np.int64(6): {'cpu': 0}, np.int64(7): {'cpu': 0}, np.int64(8): {'cpu': 0}}, 'link_level': {(0, 1): {'bw': 0}, (0, 8): {'bw': 0}, (1, 2): {'bw': 0}, (1, 6): {'bw': 0}, (2, 7): {'bw': 0}, (3, 5): {'bw': 0}, (3, 6): {'bw': 0}, (4, 5): {'bw': 0}, (4, 6): {'bw': 0}, (4, 7): {'bw': 0}, (4, 8): {'bw': 0}, (6, 8): {'bw': 0}}, 'path_level': {(0, 1): {}, (0, 8): {}, (1, 2): {}, (1, 6): {}, (2, 7): {}, (3, 5): {}, (3, 6): {}, (4, 5): {}, (4, 6): {}, (4, 7): {}, (4, 8): {}, (6, 8): {}}}",[],-inf,-inf,True,True,False,0,[],0,0.0,9.0,12.0,2
240,11,3,9558.0,20899.0,7073250.924393741,15707909.442771949,0.4573424565768697,0.45029868233984016,33,419,0,1958.2432736368178,9124,1830,7294,0.3381555153707052,0.4927677329624478,168,611.2432736368179,1347.0,5,6,False,{},{},{},{},0.0,0.0,0.0,0.0,0.0,0.0,0.0,0.0,0.0,0.0,0.0,0.0,0.0,0.0,Leave Event,0.0,"{'node_level': {}, 'link_level': {}, 'path_level': {}}","{'node_level': {}, 'link_level': {}, 'path_level': {}}","{'node_level': {}, 'link_level': {}, 'path_level': {}}",[],-inf,-inf,True,True,False,0,[],0,0.0,,,2
241,11,3,9558.0,20899.0,7073250.924393741,15707909.442771949,0.4573424565768697,0.45029868233984016,33,420,1,1962.0,9124,1830,7294,0.3381555153707052,0.4927677329624478,240,229.75205533030567,1962.0,6,9,False,{},{},{},{},0.0,0.0,548.0,274.0,782.0,0.0,0.0,0.0,0.0,0.0,0.0,0.0,0.0,0.0,Unknown Reason,0.0,"{'node_level': {}, 'link_level': {}, 'path_level': {}}","{'node_level': {}, 'link_level': {}, 'path_level': {}}","{'node_level': {}, 'link_level': {}, 'path_level': {}}",[],-inf,-inf,True,True,False,0,[],0,0.0,0.0,0.0,2
241,11,3,9558.0,20899.0,7073250.924393741,15707909.442771949,0.4573424565768697,0.45029868233984016,33,421,0,1963.899974738253,9124,1830,7294,0.3381555153707052,0.4927677329624478,237,22.899974738252897,1941.0,10,22,False,{},{},{},{},0.0,0.0,0.0,0.0,0.0,0.0,0.0,0.0,0.0,0.0,0.0,0.0,0.0,0.0,Leave Event,0.0,"{'node_level': {}, 'link_level': {}, 'path_level': {}}","{'node_level': {}, 'link_level': {}, 'path_level': {}}","{'node_level': {}, 'link_level': {}, 'path_level': {}}",[],-inf,-inf,True,True,False,0,[],0,0.0,,,2
242,11,3,9558.0,20899.0,7073250.924393741,15707909.442771949,0.4573424565768697,0.45029868233984016,33,422,1,1965.0,9124,1830,7294,0.3381555153707052,0.4927677329624478,241,568.6651452876375,1965.0,5,6,False,{},{},{},{},0.0,0.0,448.0,224.0,437.0,0.0,0.0,0.0,0.0,0.0,0.0,0.0,0.0,0.0,Unknown Reason,0.0,"{'node_level': {}, 'link_level': {}, 'path_level': {}}","{'node_level': {}, 'link_level': {}, 'path_level': {}}","{'node_level': {}, 'link_level': {}, 'path_level': {}}",[],-inf,-inf,True,True,False,0,[],0,0.0,0.0,0.0,2
242,11,3,9558.0,20899.0,7073250.924393741,15707909.442771949,0.4573424565768697,0.45029868233984016,33,423,0,1966.4298910376367,9124,1830,7294,0.3381555153707052,0.4927677329624478,189,454.42989103763665,1512.0,10,27,False,{},{},{},{},0.0,0.0,0.0,0.0,0.0,0.0,0.0,0.0,0.0,0.0,0.0,0.0,0.0,0.0,Leave Event,0.0,"{'node_level': {}, 'link_level': {}, 'path_level': {}}","{'node_level': {}, 'link_level': {}, 'path_level': {}}","{'node_level': {}, 'link_level': {}, 'path_level': {}}",[],-inf,-inf,True,True,False,0,[],0,0.0,,,2
243,11,3,9558.0,20899.0,7073250.924393741,15707909.442771949,0.4573424565768697,0.45029868233984016,33,424,1,1975.0,9124,1830,7294,0.3381555153707052,0.4927677329624478,242,415.1801705869111,1975.0,8,13,False,{},{},{},{},0.0,0.0,744.0,372.0,991.0,0.0,0.0,0.0,0.0,0.0,0.0,0.0,0.0,0.0,Unknown Reason,0.0,"{'node_level': {}, 'link_level': {}, 'path_level': {}}","{'node_level': {}, 'link_level': {}, 'path_level': {}}","{'node_level': {}, 'link_level': {}, 'path_level': {}}",[],-inf,-inf,True,True,False,0,[],0,0.0,0.0,0.0,2
243,11,3,9558.0,20899.0,7073250.924393741,15707909.442771949,0.4573424565768697,0.45029868233984016,33,425,0,1982.6717014563344,9124,1830,7294,0.3381555153707052,0.4927677329624478,216,244.6717014563344,1738.0,10,25,False,{},{},{},{},0.0,0.0,0.0,0.0,0.0,0.0,0.0,0.0,0.0,0.0,0.0,0.0,0.0,0.0,Leave Event,0.0,"{'node_level': {}, 'link_level': {}, 'path_level': {}}","{'node_level': {}, 'link_level': {}, 'path_level': {}}","{'node_level': {}, 'link_level': {}, 'path_level': {}}",[],-inf,-inf,True,True,False,0,[],0,0.0,,,2
244,11,3,9558.0,20899.0,7073250.924393741,15707909.442771949,0.4573424565768697,0.45029868233984016,33,426,1,1983.0,9124,1830,7294,0.3381555153707052,0.4927677329624478,243,116.5811713471593,1983.0,9,18,False,{},{},{},{},0.0,0.0,710.0,355.0,1470.0,0.0,0.0,0.0,0.0,0.0,0.0,0.0,0.0,0.0,Unknown Reason,0.0,"{'node_level': {}, 'link_level': {}, 'path_level': {}}","{'node_level': {}, 'link_level': {}, 'path_level': {}}","{'node_level': {}, 'link_level': {}, 'path_level': {}}",[],-inf,-inf,True,True,False,0,[],0,0.0,0.0,0.0,2
244,11,3,9558.0,20899.0,7073250.924393741,15707909.442771949,0.4573424565768697,0.45029868233984016,33,427,0,1985.1554247619308,9124,1830,7294,0.3381555153707052,0.4927677329624478,203,358.15542476193076,1627.0,6,7,False,{},{},{},{},0.0,0.0,0.0,0.0,0.0,0.0,0.0,0.0,0.0,0.0,0.0,0.0,0.0,0.0,Leave Event,0.0,"{'node_level': {}, 'link_level': {}, 'path_level': {}}","{'node_level': {}, 'link_level': {}, 'path_level': {}}","{'node_level': {}, 'link_level': {}, 'path_level': {}}",[],-inf,-inf,True,True,False,0,[],0,0.0,,,2
245,11,3,9558.0,20899.0,7073250.924393741,15707909.442771949,0.4573424565768697,0.45029868233984016,33,428,1,1991.0,9124,1830,7294,0.3381555153707052,0.4927677329624478,244,395.72623605210805,1991.0,9,19,False,{},{},{},{},0.0,0.0,788.0,394.0,1392.0,0.0,0.0,0.0,0.0,0.0,0.0,0.0,0.0,0.0,Unknown Reason,0.0,"{'node_level': {}, 'link_level': {}, 'path_level': {}}","{'node_level': {}, 'link_level': {}, 'path_level': {}}","{'node_level': {}, 'link_level': {}, 'path_level': {}}",[],-inf,-inf,True,True,False,0,[],0,0.0,0.0,0.0,2
245,11,3,9558.0,20899.0,7073250.924393741,15707909.442771949,0.4573424565768697,0.45029868233984016,33,429,0,1994.678970837416,9124,1830,7294,0.3381555153707052,0.4927677329624478,200,387.67897083741605,1607.0,10,23,False,{},{},{},{},0.0,0.0,0.0,0.0,0.0,0.0,0.0,0.0,0.0,0.0,0.0,0.0,0.0,0.0,Leave Event,0.0,"{'node_level': {}, 'link_level': {}, 'path_level': {}}","{'node_level': {}, 'link_level': {}, 'path_level': {}}","{'node_level': {}, 'link_level': {}, 'path_level': {}}",[],-inf,-inf,True,True,False,0,[],0,0.0,,,2
246,11,3,9558.0,20899.0,7073250.924393741,15707909.442771949,0.4573424565768697,0.45029868233984016,33,430,1,2001.0,9124,1830,7294,0.3381555153707052,0.4927677329624478,245,323.1210540101414,2001.0,7,11,False,{},{},{},{},0.0,0.0,640.0,320.0,941.0,0.0,0.0,0.0,0.0,0.0,0.0,0.0,0.0,0.0,Unknown Reason,0.0,"{'node_level': {}, 'link_level': {}, 'path_level': {}}","{'node_level': {}, 'link_level': {}, 'path_level': {}}","{'node_level': {}, 'link_level': {}, 'path_level': {}}",[],-inf,-inf,True,True,False,0,[],0,0.0,0.0,0.0,2
246,11,3,9558.0,20899.0,7073250.924393741,15707909.442771949,0.4573424565768697,0.45029868233984016,33,431,0,2001.8022286351688,9124,1830,7294,0.3381555153707052,0.4927677329624478,230,126.80222863516887,1875.0,5,7,False,{},{},{},{},0.0,0.0,0.0,0.0,0.0,0.0,0.0,0.0,0.0,0.0,0.0,0.0,0.0,0.0,Leave Event,0.0,"{'node_level': {}, 'link_level': {}, 'path_level': {}}","{'node_level': {}, 'link_level': {}, 'path_level': {}}","{'node_level': {}, 'link_level': {}, 'path_level': {}}",[],-inf,-inf,True,True,False,0,[],0,0.0,,,2
246,11,3,9558.0,20899.0,7073250.924393741,15707909.442771949,0.4573424565768697,0.45029868233984016,33,432,0,2007.7479094230555,9124,1830,7294,0.3381555153707052,0.4927677329624478,199,413.74790942305543,1594.0,10,20,False,{},{},{},{},0.0,0.0,0.0,0.0,0.0,0.0,0.0,0.0,0.0,0.0,0.0,0.0,0.0,0.0,Leave Event,0.0,"{'node_level': {}, 'link_level': {}, 'path_level': {}}","{'node_level': {}, 'link_level': {}, 'path_level': {}}","{'node_level': {}, 'link_level': {}, 'path_level': {}}",[],-inf,-inf,True,True,False,0,[],0,0.0,,,2
247,11,3,9558.0,20899.0,7073250.924393741,15707909.442771949,0.4573424565768697,0.45029868233984016,33,433,1,2009.0,9124,1830,7294,0.3381555153707052,0.4927677329624478,246,206.03313951684984,2009.0,7,10,False,{},{},{},{},0.0,0.0,430.0,215.0,860.0,0.0,0.0,0.0,0.0,0.0,0.0,0.0,0.0,0.0,Unknown Reason,0.0,"{'node_level': {}, 'link_level': {}, 'path_level': {}}","{'node_level': {}, 'link_level': {}, 'path_level': {}}","{'node_level': {}, 'link_level': {}, 'path_level': {}}",[],-inf,-inf,True,True,False,0,[],0,0.0,0.0,0.0,2
248,11,3,9558.0,20899.0,7073250.924393741,15707909.442771949,0.4573424565768697,0.45029868233984016,33,434,1,2016.0,9124,1830,7294,0.3381555153707052,0.4927677329624478,247,543.2952217013379,2016.0,9,17,False,{},{},{},{},0.0,0.0,664.0,332.0,1437.0,0.0,0.0,0.0,0.0,0.0,0.0,0.0,0.0,0.0,Unknown Reason,0.0,"{'node_level': {}, 'link_level': {}, 'path_level': {}}","{'node_level': {}, 'link_level': {}, 'path_level': {}}","{'node_level': {}, 'link_level': {}, 'path_level': {}}",[],-inf,-inf,True,True,False,0,[],0,0.0,0.0,0.0,2
249,11,3,9558.0,20899.0,7073250.924393741,15707909.442771949,0.4573424565768697,0.45029868233984016,33,435,1,2023.0,9124,1830,7294,0.3381555153707052,0.4927677329624478,248,31.55178550201172,2023.0,8,14,False,{},{},{},{},0.0,0.0,564.0,282.0,1183.0,0.0,0.0,0.0,0.0,0.0,0.0,0.0,0.0,0.0,Unknown Reason,0.0,"{'node_level': {}, 'link_level': {}, 'path_level': {}}","{'node_level': {}, 'link_level': {}, 'path_level': {}}","{'node_level': {}, 'link_level': {}, 'path_level': {}}",[],-inf,-inf,True,True,False,0,[],0,0.0,0.0,0.0,2
250,11,3,9558.0,20899.0,7073250.924393741,15707909.442771949,0.4573424565768697,0.45029868233984016,33,436,1,2030.0,9124,1830,7294,0.3381555153707052,0.4927677329624478,249,233.22212617044428,2030.0,9,23,False,{},{},{},{},0.0,0.0,764.0,382.0,1927.0,0.0,0.0,0.0,0.0,0.0,0.0,0.0,0.0,0.0,Unknown Reason,0.0,"{'node_level': {}, 'link_level': {}, 'path_level': {}}","{'node_level': {}, 'link_level': {}, 'path_level': {}}","{'node_level': {}, 'link_level': {}, 'path_level': {}}",[],-inf,-inf,True,True,False,0,[],0,0.0,0.0,0.0,2
250,11,3,9558.0,20899.0,7073250.924393741,15707909.442771949,0.4573424565768697,0.45029868233984016,33,437,0,2031.4710696379793,9124,1830,7294,0.3381555153707052,0.4927677329624478,176,624.4710696379794,1407.0,10,18,False,{},{},{},{},0.0,0.0,0.0,0.0,0.0,0.0,0.0,0.0,0.0,0.0,0.0,0.0,0.0,0.0,Leave Event,0.0,"{'node_level': {}, 'link_level': {}, 'path_level': {}}","{'node_level': {}, 'link_level': {}, 'path_level': {}}","{'node_level': {}, 'link_level': {}, 'path_level': {}}",[],-inf,-inf,True,True,False,0,[],0,0.0,,,2
250,11,3,9558.0,20899.0,7073250.924393741,15707909.442771949,0.4573424565768697,0.45029868233984016,33,438,0,2031.5426836710321,9124,1830,7294,0.3381555153707052,0.4927677329624478,206,380.5426836710322,1651.0,5,7,False,{},{},{},{},0.0,0.0,0.0,0.0,0.0,0.0,0.0,0.0,0.0,0.0,0.0,0.0,0.0,0.0,Leave Event,0.0,"{'node_level': {}, 'link_level': {}, 'path_level': {}}","{'node_level': {}, 'link_level': {}, 'path_level': {}}","{'node_level': {}, 'link_level': {}, 'path_level': {}}",[],-inf,-inf,True,True,False,0,[],0,0.0,,,2
250,11,3,9558.0,20899.0,7073250.924393741,15707909.442771949,0.4573424565768697,0.45029868233984016,33,439,0,2032.051034257492,9124,1830,7294,0.3381555153707052,0.4927677329624478,108,1168.051034257492,864.0,9,17,False,{},{},{},{},0.0,0.0,0.0,0.0,0.0,0.0,0.0,0.0,0.0,0.0,0.0,0.0,0.0,0.0,Leave Event,0.0,"{'node_level': {}, 'link_level': {}, 'path_level': {}}","{'node_level': {}, 'link_level': {}, 'path_level': {}}","{'node_level': {}, 'link_level': {}, 'path_level': {}}",[],-inf,-inf,True,True,False,0,[],0,0.0,,,2
251,11,3,9558.0,20899.0,7073250.924393741,15707909.442771949,0.4573424565768697,0.45029868233984016,33,440,1,2034.0,9124,1830,7294,0.3381555153707052,0.4927677329624478,250,284.67720591007685,2034.0,10,29,False,{},{},{},{},0.0,0.0,662.0,331.0,2244.0,0.0,0.0,0.0,0.0,0.0,0.0,0.0,0.0,0.0,Unknown Reason,0.0,"{'node_level': {}, 'link_level': {}, 'path_level': {}}","{'node_level': {}, 'link_level': {}, 'path_level': {}}","{'node_level': {}, 'link_level': {}, 'path_level': {}}",[],-inf,-inf,True,True,False,0,[],0,0.0,0.0,0.0,2
251,11,3,9558.0,20899.0,7073250.924393741,15707909.442771949,0.4573424565768697,0.45029868233984016,33,441,0,2048.6037259010286,9124,1830,7294,0.3381555153707052,0.4927677329624478,163,747.6037259010285,1301.0,10,22,False,{},{},{},{},0.0,0.0,0.0,0.0,0.0,0.0,0.0,0.0,0.0,0.0,0.0,0.0,0.0,0.0,Leave Event,0.0,"{'node_level': {}, 'link_level': {}, 'path_level': {}}","{'node_level': {}, 'link_level': {}, 'path_level': {}}","{'node_level': {}, 'link_level': {}, 'path_level': {}}",[],-inf,-inf,True,True,False,0,[],0,0.0,,,2
252,11,3,9558.0,20899.0,7073250.924393741,15707909.442771949,0.4573424565768697,0.45029868233984016,33,442,1,2050.0,9124,1830,7294,0.3381555153707052,0.4927677329624478,251,1822.290088156181,2050.0,6,8,False,{},{},{},{},0.0,0.0,528.0,264.0,593.0,0.0,0.0,0.0,0.0,0.0,0.0,0.0,0.0,0.0,Unknown Reason,0.0,"{'node_level': {}, 'link_level': {}, 'path_level': {}}","{'node_level': {}, 'link_level': {}, 'path_level': {}}","{'node_level': {}, 'link_level': {}, 'path_level': {}}",[],-inf,-inf,True,True,False,0,[],0,0.0,0.0,0.0,2
252,11,3,9558.0,20899.0,7073250.924393741,15707909.442771949,0.4573424565768697,0.45029868233984016,33,443,0,2054.5517855020116,9124,1830,7294,0.3381555153707052,0.4927677329624478,248,31.55178550201172,2023.0,8,14,False,{},{},{},{},0.0,0.0,0.0,0.0,0.0,0.0,0.0,0.0,0.0,0.0,0.0,0.0,0.0,0.0,Leave Event,0.0,"{'node_level': {}, 'link_level': {}, 'path_level': {}}","{'node_level': {}, 'link_level': {}, 'path_level': {}}","{'node_level': {}, 'link_level': {}, 'path_level': {}}",[],-inf,-inf,True,True,False,0,[],0,0.0,,,2
253,11,3,9558.0,20899.0,7073250.924393741,15707909.442771949,0.4573424565768697,0.45029868233984016,33,444,1,2060.0,9124,1830,7294,0.3381555153707052,0.4927677329624478,252,598.9942970250611,2060.0,8,12,False,{},{},{},{},0.0,0.0,532.0,266.0,957.0,0.0,0.0,0.0,0.0,0.0,0.0,0.0,0.0,0.0,Unknown Reason,0.0,"{'node_level': {}, 'link_level': {}, 'path_level': {}}","{'node_level': {}, 'link_level': {}, 'path_level': {}}","{'node_level': {}, 'link_level': {}, 'path_level': {}}",[],-inf,-inf,True,True,False,0,[],0,0.0,0.0,0.0,2
253,11,3,9558.0,20899.0,7073250.924393741,15707909.442771949,0.4573424565768697,0.45029868233984016,33,445,0,2060.475958497491,9124,1830,7294,0.3381555153707052,0.4927677329624478,184,592.4759584974906,1468.0,5,4,False,{},{},{},{},0.0,0.0,0.0,0.0,0.0,0.0,0.0,0.0,0.0,0.0,0.0,0.0,0.0,0.0,Leave Event,0.0,"{'node_level': {}, 'link_level': {}, 'path_level': {}}","{'node_level': {}, 'link_level': {}, 'path_level': {}}","{'node_level': {}, 'link_level': {}, 'path_level': {}}",[],-inf,-inf,True,True,False,0,[],0,0.0,,,2
254,11,3,9558.0,20899.0,7073250.924393741,15707909.442771949,0.4573424565768697,0.45029868233984016,33,446,1,2066.0,9124,1830,7294,0.3381555153707052,0.4927677329624478,253,491.4672272029258,2066.0,10,21,False,{},{},{},{},0.0,0.0,912.0,456.0,1510.0,0.0,0.0,0.0,0.0,0.0,0.0,0.0,0.0,0.0,Unknown Reason,0.0,"{'node_level': {}, 'link_level': {}, 'path_level': {}}","{'node_level': {}, 'link_level': {}, 'path_level': {}}","{'node_level': {}, 'link_level': {}, 'path_level': {}}",[],-inf,-inf,True,True,False,0,[],0,0.0,0.0,0.0,2
255,11,3,9558.0,20899.0,7073250.924393741,15707909.442771949,0.4573424565768697,0.45029868233984016,33,447,1,2074.0,9124,1830,7294,0.3381555153707052,0.4927677329624478,254,84.76852150879361,2074.0,9,19,False,{},{},{},{},0.0,0.0,748.0,374.0,1441.0,0.0,0.0,0.0,0.0,0.0,0.0,0.0,0.0,0.0,Unknown Reason,0.0,"{'node_level': {}, 'link_level': {}, 'path_level': {}}","{'node_level': {}, 'link_level': {}, 'path_level': {}}","{'node_level': {}, 'link_level': {}, 'path_level': {}}",[],-inf,-inf,True,True,False,0,[],0,0.0,0.0,0.0,2
256,11,3,9558.0,20899.0,7073250.924393741,15707909.442771949,0.4573424565768697,0.45029868233984016,33,448,1,2083.0,9124,1830,7294,0.3381555153707052,0.4927677329624478,255,285.54657387479136,2083.0,9,24,False,{},{},{},{},0.0,0.0,728.0,364.0,1895.0,0.0,0.0,0.0,0.0,0.0,0.0,0.0,0.0,0.0,Unknown Reason,0.0,"{'node_level': {}, 'link_level': {}, 'path_level': {}}","{'node_level': {}, 'link_level': {}, 'path_level': {}}","{'node_level': {}, 'link_level': {}, 'path_level': {}}",[],-inf,-inf,True,True,False,0,[],0,0.0,0.0,0.0,2
256,11,3,9558.0,20899.0,7073250.924393741,15707909.442771949,0.4573424565768697,0.45029868233984016,33,449,0,2090.4175710640616,9124,1830,7294,0.3381555153707052,0.4927677329624478,165,770.4175710640617,1320.0,7,10,False,{},{},{},{},0.0,0.0,0.0,0.0,0.0,0.0,0.0,0.0,0.0,0.0,0.0,0.0,0.0,0.0,Leave Event,0.0,"{'node_level': {}, 'link_level': {}, 'path_level': {}}","{'node_level': {}, 'link_level': {}, 'path_level': {}}","{'node_level': {}, 'link_level': {}, 'path_level': {}}",[],-inf,-inf,True,True,False,0,[],0,0.0,,,2
257,11,3,9558.0,20899.0,7073250.924393741,15707909.442771949,0.4573424565768697,0.45029868233984016,33,450,1,2091.0,9124,1830,7294,0.3381555153707052,0.4927677329624478,256,231.99892913872512,2091.0,10,25,False,{},{},{},{},0.0,0.0,746.0,373.0,1874.0,0.0,0.0,0.0,0.0,0.0,0.0,0.0,0.0,0.0,Unknown Reason,0.0,"{'node_level': {}, 'link_level': {}, 'path_level': {}}","{'node_level': {}, 'link_level': {}, 'path_level': {}}","{'node_level': {}, 'link_level': {}, 'path_level': {}}",[],-inf,-inf,True,True,False,0,[],0,0.0,0.0,0.0,2
258,11,3,9558.0,20899.0,7073250.924393741,15707909.442771949,0.4573424565768697,0.45029868233984016,33,451,1,2099.0,9124,1830,7294,0.3381555153707052,0.4927677329624478,257,1410.02930073529,2099.0,6,5,False,{},{},{},{},0.0,0.0,576.0,288.0,451.0,0.0,0.0,0.0,0.0,0.0,0.0,0.0,0.0,0.0,Unknown Reason,0.0,"{'node_level': {}, 'link_level': {}, 'path_level': {}}","{'node_level': {}, 'link_level': {}, 'path_level': {}}","{'node_level': {}, 'link_level': {}, 'path_level': {}}",[],-inf,-inf,True,True,False,0,[],0,0.0,0.0,0.0,2
258,11,3,9558.0,20899.0,7073250.924393741,15707909.442771949,0.4573424565768697,0.45029868233984016,33,452,0,2099.5811713471594,9124,1830,7294,0.3381555153707052,0.4927677329624478,243,116.5811713471593,1983.0,9,18,False,{},{},{},{},0.0,0.0,0.0,0.0,0.0,0.0,0.0,0.0,0.0,0.0,0.0,0.0,0.0,0.0,Leave Event,0.0,"{'node_level': {}, 'link_level': {}, 'path_level': {}}","{'node_level': {}, 'link_level': {}, 'path_level': {}}","{'node_level': {}, 'link_level': {}, 'path_level': {}}",[],-inf,-inf,True,True,False,0,[],0,0.0,,,2
259,11,3,9558.0,20899.0,7073250.924393741,15707909.442771949,0.4573424565768697,0.45029868233984016,33,453,1,2102.0,9124,1830,7294,0.3381555153707052,0.4927677329624478,258,301.48656696018736,2102.0,7,8,False,{},{},{},{},0.0,0.0,606.0,303.0,634.0,0.0,0.0,0.0,0.0,0.0,0.0,0.0,0.0,0.0,Unknown Reason,0.0,"{'node_level': {}, 'link_level': {}, 'path_level': {}}","{'node_level': {}, 'link_level': {}, 'path_level': {}}","{'node_level': {}, 'link_level': {}, 'path_level': {}}",[],-inf,-inf,True,True,False,0,[],0,0.0,0.0,0.0,2
259,11,3,9558.0,20899.0,7073250.924393741,15707909.442771949,0.4573424565768697,0.45029868233984016,33,454,0,2107.876172579822,9124,1830,7294,0.3381555153707052,0.4927677329624478,220,330.8761725798223,1777.0,10,21,False,{},{},{},{},0.0,0.0,0.0,0.0,0.0,0.0,0.0,0.0,0.0,0.0,0.0,0.0,0.0,0.0,Leave Event,0.0,"{'node_level': {}, 'link_level': {}, 'path_level': {}}","{'node_level': {}, 'link_level': {}, 'path_level': {}}","{'node_level': {}, 'link_level': {}, 'path_level': {}}",[],-inf,-inf,True,True,False,0,[],0,0.0,,,2
260,11,3,9558.0,20899.0,7073250.924393741,15707909.442771949,0.4573424565768697,0.45029868233984016,33,455,1,2111.0,9124,1830,7294,0.3381555153707052,0.4927677329624478,259,965.855669701621,2111.0,9,20,False,{},{},{},{},0.0,0.0,750.0,375.0,1578.0,0.0,0.0,0.0,0.0,0.0,0.0,0.0,0.0,0.0,Unknown Reason,0.0,"{'node_level': {}, 'link_level': {}, 'path_level': {}}","{'node_level': {}, 'link_level': {}, 'path_level': {}}","{'node_level': {}, 'link_level': {}, 'path_level': {}}",[],-inf,-inf,True,True,False,0,[],0,0.0,0.0,0.0,2
261,11,3,9558.0,20899.0,7073250.924393741,15707909.442771949,0.4573424565768697,0.45029868233984016,33,456,1,2123.0,9124,1830,7294,0.3381555153707052,0.4927677329624478,260,530.0976579825917,2123.0,8,15,False,{},{},{},{},0.0,0.0,620.0,310.0,1361.0,0.0,0.0,0.0,0.0,0.0,0.0,0.0,0.0,0.0,Unknown Reason,0.0,"{'node_level': {}, 'link_level': {}, 'path_level': {}}","{'node_level': {}, 'link_level': {}, 'path_level': {}}","{'node_level': {}, 'link_level': {}, 'path_level': {}}",[],-inf,-inf,True,True,False,0,[],0,0.0,0.0,0.0,2
262,11,3,9558.0,20899.0,7073250.924393741,15707909.442771949,0.4573424565768697,0.45029868233984016,33,457,1,2134.0,9124,1830,7294,0.3381555153707052,0.4927677329624478,261,1057.169541147679,2134.0,8,16,False,{},{},{},{},0.0,0.0,616.0,308.0,1341.0,0.0,0.0,0.0,0.0,0.0,0.0,0.0,0.0,0.0,Unknown Reason,0.0,"{'node_level': {}, 'link_level': {}, 'path_level': {}}","{'node_level': {}, 'link_level': {}, 'path_level': {}}","{'node_level': {}, 'link_level': {}, 'path_level': {}}",[],-inf,-inf,True,True,False,0,[],0,0.0,0.0,0.0,2
262,11,3,9558.0,20899.0,7073250.924393741,15707909.442771949,0.4573424565768697,0.45029868233984016,33,458,0,2134.326337328349,9124,1830,7294,0.3381555153707052,0.4927677329624478,213,424.32633732834904,1710.0,6,9,False,{},{},{},{},0.0,0.0,0.0,0.0,0.0,0.0,0.0,0.0,0.0,0.0,0.0,0.0,0.0,0.0,Leave Event,0.0,"{'node_level': {}, 'link_level': {}, 'path_level': {}}","{'node_level': {}, 'link_level': {}, 'path_level': {}}","{'node_level': {}, 'link_level': {}, 'path_level': {}}",[],-inf,-inf,True,True,False,0,[],0,0.0,,,2
263,11,3,9558.0,20899.0,7073250.924393741,15707909.442771949,0.4573424565768697,0.45029868233984016,33,459,1,2139.0,9124,1830,7294,0.3381555153707052,0.4927677329624478,262,1.6705098976304684,2139.0,7,14,False,{},{},{},{},0.0,0.0,584.0,292.0,1204.0,0.0,0.0,0.0,0.0,0.0,0.0,0.0,0.0,0.0,Unknown Reason,0.0,"{'node_level': {}, 'link_level': {}, 'path_level': {}}","{'node_level': {}, 'link_level': {}, 'path_level': {}}","{'node_level': {}, 'link_level': {}, 'path_level': {}}",[],-inf,-inf,True,True,False,0,[],0,0.0,0.0,0.0,2
263,11,3,9558.0,20899.0,7073250.924393741,15707909.442771949,0.4573424565768697,0.45029868233984016,33,460,0,2140.6705098976304,9124,1830,7294,0.3381555153707052,0.4927677329624478,262,1.6705098976304684,2139.0,7,14,False,{},{},{},{},0.0,0.0,0.0,0.0,0.0,0.0,0.0,0.0,0.0,0.0,0.0,0.0,0.0,0.0,Leave Event,0.0,"{'node_level': {}, 'link_level': {}, 'path_level': {}}","{'node_level': {}, 'link_level': {}, 'path_level': {}}","{'node_level': {}, 'link_level': {}, 'path_level': {}}",[],-inf,-inf,True,True,False,0,[],0,0.0,,,2
264,11,3,9558.0,20899.0,7073250.924393741,15707909.442771949,0.4573424565768697,0.45029868233984016,33,461,1,2149.0,9124,1830,7294,0.3381555153707052,0.4927677329624478,263,1293.723813885088,2149.0,7,11,False,{},{},{},{},0.0,0.0,598.0,299.0,932.0,0.0,0.0,0.0,0.0,0.0,0.0,0.0,0.0,0.0,Unknown Reason,0.0,"{'node_level': {}, 'link_level': {}, 'path_level': {}}","{'node_level': {}, 'link_level': {}, 'path_level': {}}","{'node_level': {}, 'link_level': {}, 'path_level': {}}",[],-inf,-inf,True,True,False,0,[],0,0.0,0.0,0.0,2
264,11,3,9558.0,20899.0,7073250.924393741,15707909.442771949,0.4573424565768697,0.45029868233984016,33,462,0,2155.812316933456,9124,1830,7294,0.3381555153707052,0.4927677329624478,152,919.812316933456,1236.0,5,5,False,{},{},{},{},0.0,0.0,0.0,0.0,0.0,0.0,0.0,0.0,0.0,0.0,0.0,0.0,0.0,0.0,Leave Event,0.0,"{'node_level': {}, 'link_level': {}, 'path_level': {}}","{'node_level': {}, 'link_level': {}, 'path_level': {}}","{'node_level': {}, 'link_level': {}, 'path_level': {}}",[],-inf,-inf,True,True,False,0,[],0,0.0,,,2
264,11,3,9558.0,20899.0,7073250.924393741,15707909.442771949,0.4573424565768697,0.45029868233984016,33,463,0,2158.200373587617,9124,1830,7294,0.3381555153707052,0.4927677329624478,81,1513.200373587617,645.0,7,12,False,{},{},{},{},0.0,0.0,0.0,0.0,0.0,0.0,0.0,0.0,0.0,0.0,0.0,0.0,0.0,0.0,Leave Event,0.0,"{'node_level': {}, 'link_level': {}, 'path_level': {}}","{'node_level': {}, 'link_level': {}, 'path_level': {}}","{'node_level': {}, 'link_level': {}, 'path_level': {}}",[],-inf,-inf,True,True,False,0,[],0,0.0,,,2
264,11,3,9558.0,20899.0,7073250.924393741,15707909.442771949,0.4573424565768697,0.45029868233984016,33,464,0,2158.7685215087936,9124,1830,7294,0.3381555153707052,0.4927677329624478,254,84.76852150879361,2074.0,9,19,False,{},{},{},{},0.0,0.0,0.0,0.0,0.0,0.0,0.0,0.0,0.0,0.0,0.0,0.0,0.0,0.0,Leave Event,0.0,"{'node_level': {}, 'link_level': {}, 'path_level': {}}","{'node_level': {}, 'link_level': {}, 'path_level': {}}","{'node_level': {}, 'link_level': {}, 'path_level': {}}",[],-inf,-inf,True,True,False,0,[],0,0.0,,,2
265,11,3,9558.0,20899.0,7073250.924393741,15707909.442771949,0.4573424565768697,0.45029868233984016,33,465,1,2163.0,9124,1830,7294,0.3381555153707052,0.4927677329624478,264,1510.9740041211148,2163.0,7,8,False,{},{},{},{},0.0,0.0,502.0,251.0,624.0,0.0,0.0,0.0,0.0,0.0,0.0,0.0,0.0,0.0,Unknown Reason,0.0,"{'node_level': {}, 'link_level': {}, 'path_level': {}}","{'node_level': {}, 'link_level': {}, 'path_level': {}}","{'node_level': {}, 'link_level': {}, 'path_level': {}}",[],-inf,-inf,True,True,False,0,[],0,0.0,0.0,0.0,2
266,11,3,9558.0,20899.0,7073250.924393741,15707909.442771949,0.4573424565768697,0.45029868233984016,33,466,1,2167.0,9124,1830,7294,0.3381555153707052,0.4927677329624478,265,84.17117146552255,2167.0,10,23,False,{},{},{},{},0.0,0.0,728.0,364.0,1782.0,0.0,0.0,0.0,0.0,0.0,0.0,0.0,0.0,0.0,Unknown Reason,0.0,"{'node_level': {}, 'link_level': {}, 'path_level': {}}","{'node_level': {}, 'link_level': {}, 'path_level': {}}","{'node_level': {}, 'link_level': {}, 'path_level': {}}",[],-inf,-inf,True,True,False,0,[],0,0.0,0.0,0.0,2
266,11,3,9558.0,20899.0,7073250.924393741,15707909.442771949,0.4573424565768697,0.45029868233984016,33,467,0,2169.600347994635,9124,1830,7294,0.3381555153707052,0.4927677329624478,151,942.6003479946348,1227.0,8,14,False,{},{},{},{},0.0,0.0,0.0,0.0,0.0,0.0,0.0,0.0,0.0,0.0,0.0,0.0,0.0,0.0,Leave Event,0.0,"{'node_level': {}, 'link_level': {}, 'path_level': {}}","{'node_level': {}, 'link_level': {}, 'path_level': {}}","{'node_level': {}, 'link_level': {}, 'path_level': {}}",[],-inf,-inf,True,True,False,0,[],0,0.0,,,2
267,11,3,9558.0,20899.0,7073250.924393741,15707909.442771949,0.4573424565768697,0.45029868233984016,33,468,1,2171.0,9124,1830,7294,0.3381555153707052,0.4927677329624478,266,33.98456002411852,2171.0,6,7,False,{},{},{},{},0.0,0.0,508.0,254.0,581.0,0.0,0.0,0.0,0.0,0.0,0.0,0.0,0.0,0.0,Unknown Reason,0.0,"{'node_level': {}, 'link_level': {}, 'path_level': {}}","{'node_level': {}, 'link_level': {}, 'path_level': {}}","{'node_level': {}, 'link_level': {}, 'path_level': {}}",[],-inf,-inf,True,True,False,0,[],0,0.0,0.0,0.0,2
268,11,3,9558.0,20899.0,7073250.924393741,15707909.442771949,0.4573424565768697,0.45029868233984016,33,469,1,2178.0,9124,1830,7294,0.3381555153707052,0.4927677329624478,267,190.83768868505584,2178.0,7,10,False,{},{},{},{},0.0,0.0,650.0,325.0,837.0,0.0,0.0,0.0,0.0,0.0,0.0,0.0,0.0,0.0,Unknown Reason,0.0,"{'node_level': {}, 'link_level': {}, 'path_level': {}}","{'node_level': {}, 'link_level': {}, 'path_level': {}}","{'node_level': {}, 'link_level': {}, 'path_level': {}}",[],-inf,-inf,True,True,False,0,[],0,0.0,0.0,0.0,2
269,11,3,9558.0,20899.0,7073250.924393741,15707909.442771949,0.4573424565768697,0.45029868233984016,33,470,1,2185.0,9124,1830,7294,0.3381555153707052,0.4927677329624478,268,440.40804434672594,2185.0,8,19,False,{},{},{},{},0.0,0.0,686.0,343.0,1676.0,0.0,0.0,0.0,0.0,0.0,0.0,0.0,0.0,0.0,Unknown Reason,0.0,"{'node_level': {}, 'link_level': {}, 'path_level': {}}","{'node_level': {}, 'link_level': {}, 'path_level': {}}","{'node_level': {}, 'link_level': {}, 'path_level': {}}",[],-inf,-inf,True,True,False,0,[],0,0.0,0.0,0.0,2
270,11,3,9558.0,20899.0,7073250.924393741,15707909.442771949,0.4573424565768697,0.45029868233984016,33,471,1,2189.0,9124,1830,7294,0.3381555153707052,0.4927677329624478,269,371.3066988980091,2189.0,6,11,False,{},{},{},{},0.0,0.0,478.0,239.0,724.0,0.0,0.0,0.0,0.0,0.0,0.0,0.0,0.0,0.0,Unknown Reason,0.0,"{'node_level': {}, 'link_level': {}, 'path_level': {}}","{'node_level': {}, 'link_level': {}, 'path_level': {}}","{'node_level': {}, 'link_level': {}, 'path_level': {}}",[],-inf,-inf,True,True,False,0,[],0,0.0,0.0,0.0,2
270,11,3,9558.0,20899.0,7073250.924393741,15707909.442771949,0.4573424565768697,0.45029868233984016,33,472,0,2191.7520553303057,9124,1830,7294,0.3381555153707052,0.4927677329624478,240,229.75205533030567,1962.0,6,9,False,{},{},{},{},0.0,0.0,0.0,0.0,0.0,0.0,0.0,0.0,0.0,0.0,0.0,0.0,0.0,0.0,Leave Event,0.0,"{'node_level': {}, 'link_level': {}, 'path_level': {}}","{'node_level': {}, 'link_level': {}, 'path_level': {}}","{'node_level': {}, 'link_level': {}, 'path_level': {}}",[],-inf,-inf,True,True,False,0,[],0,0.0,,,2
271,11,3,9558.0,20899.0,7073250.924393741,15707909.442771949,0.4573424565768697,0.45029868233984016,33,473,1,2203.0,9124,1830,7294,0.3381555153707052,0.4927677329624478,270,285.57329785831075,2203.0,5,6,False,{},{},{},{},0.0,0.0,430.0,215.0,494.0,0.0,0.0,0.0,0.0,0.0,0.0,0.0,0.0,0.0,Unknown Reason,0.0,"{'node_level': {}, 'link_level': {}, 'path_level': {}}","{'node_level': {}, 'link_level': {}, 'path_level': {}}","{'node_level': {}, 'link_level': {}, 'path_level': {}}",[],-inf,-inf,True,True,False,0,[],0,0.0,0.0,0.0,2
271,11,3,9558.0,20899.0,7073250.924393741,15707909.442771949,0.4573424565768697,0.45029868233984016,33,474,0,2204.9845600241183,9124,1830,7294,0.3381555153707052,0.4927677329624478,266,33.98456002411852,2171.0,6,7,False,{},{},{},{},0.0,0.0,0.0,0.0,0.0,0.0,0.0,0.0,0.0,0.0,0.0,0.0,0.0,0.0,Leave Event,0.0,"{'node_level': {}, 'link_level': {}, 'path_level': {}}","{'node_level': {}, 'link_level': {}, 'path_level': {}}","{'node_level': {}, 'link_level': {}, 'path_level': {}}",[],-inf,-inf,True,True,False,0,[],0,0.0,,,2
272,11,3,9558.0,20899.0,7073250.924393741,15707909.442771949,0.4573424565768697,0.45029868233984016,33,475,1,2214.0,9124,1830,7294,0.3381555153707052,0.4927677329624478,271,1219.0715690271816,2214.0,10,24,False,{},{},{},{},0.0,0.0,782.0,391.0,1904.0,0.0,0.0,0.0,0.0,0.0,0.0,0.0,0.0,0.0,Unknown Reason,0.0,"{'node_level': {}, 'link_level': {}, 'path_level': {}}","{'node_level': {}, 'link_level': {}, 'path_level': {}}","{'node_level': {}, 'link_level': {}, 'path_level': {}}",[],-inf,-inf,True,True,False,0,[],0,0.0,0.0,0.0,2
272,11,3,9558.0,20899.0,7073250.924393741,15707909.442771949,0.4573424565768697,0.45029868233984016,33,476,0,2215.03313951685,9124,1830,7294,0.3381555153707052,0.4927677329624478,246,206.03313951684984,2009.0,7,10,False,{},{},{},{},0.0,0.0,0.0,0.0,0.0,0.0,0.0,0.0,0.0,0.0,0.0,0.0,0.0,0.0,Leave Event,0.0,"{'node_level': {}, 'link_level': {}, 'path_level': {}}","{'node_level': {}, 'link_level': {}, 'path_level': {}}","{'node_level': {}, 'link_level': {}, 'path_level': {}}",[],-inf,-inf,True,True,False,0,[],0,0.0,,,2
272,11,2,9558.0,20899.0,7073250.924393741,15707909.442771949,0.4573424565768697,0.45029868233984016,33,477,0,2223.848476740135,9939,2034,7905,0.26437613019891504,0.45027816411682897,222,429.8484767401351,1794.0,5,4,False,{},{},{},{},0.0,0.0,0.0,0.0,0.0,0.0,0.0,0.0,0.0,0.0,0.0,0.0,0.0,0.0,Leave Event,0.0,"{'node_level': {}, 'link_level': {}, 'path_level': {}}","{'node_level': {}, 'link_level': {}, 'path_level': {}}","{'node_level': {}, 'link_level': {}, 'path_level': {}}",[],-inf,-inf,True,True,False,0,[],0,0.0,,,2
272,11,2,9558.0,20899.0,7073250.924393741,15707909.442771949,0.4573424565768697,0.45029868233984016,33,478,0,2224.3548908719617,9939,2034,7905,0.26437613019891504,0.45027816411682897,218,460.3548908719616,1764.0,10,23,False,{},{},{},{},0.0,0.0,0.0,0.0,0.0,0.0,0.0,0.0,0.0,0.0,0.0,0.0,0.0,0.0,Leave Event,0.0,"{'node_level': {}, 'link_level': {}, 'path_level': {}}","{'node_level': {}, 'link_level': {}, 'path_level': {}}","{'node_level': {}, 'link_level': {}, 'path_level': {}}",[],-inf,-inf,True,True,False,0,[],0,0.0,,,2
273,11,2,9558.0,20899.0,7073250.924393741,15707909.442771949,0.4573424565768697,0.45029868233984016,33,479,1,2225.0,9939,2034,7905,0.26437613019891504,0.45027816411682897,272,421.9578870384258,2225.0,9,21,False,{},{},{},{},0.0,0.0,790.0,395.0,1576.0,0.0,0.0,0.0,0.0,0.0,0.0,0.0,0.0,0.0,Unknown Reason,0.0,"{'node_level': {}, 'link_level': {}, 'path_level': {}}","{'node_level': {}, 'link_level': {}, 'path_level': {}}","{'node_level': {}, 'link_level': {}, 'path_level': {}}",[],-inf,-inf,True,True,False,0,[],0,0.0,0.0,0.0,2
274,11,2,9558.0,20899.0,7073250.924393741,15707909.442771949,0.4573424565768697,0.45029868233984016,33,480,1,2233.0,9939,2034,7905,0.26437613019891504,0.45027816411682897,273,1360.0873181634229,2233.0,8,13,False,{},{},{},{},0.0,0.0,592.0,296.0,1071.0,0.0,0.0,0.0,0.0,0.0,0.0,0.0,0.0,0.0,Unknown Reason,0.0,"{'node_level': {}, 'link_level': {}, 'path_level': {}}","{'node_level': {}, 'link_level': {}, 'path_level': {}}","{'node_level': {}, 'link_level': {}, 'path_level': {}}",[],-inf,-inf,True,True,False,0,[],0,0.0,0.0,0.0,2
274,11,2,9558.0,20899.0,7073250.924393741,15707909.442771949,0.4573424565768697,0.45029868233984016,33,481,0,2234.8643564780336,9939,2034,7905,0.26437613019891504,0.45027816411682897,171,863.8643564780338,1371.0,6,6,False,{},{},{},{},0.0,0.0,0.0,0.0,0.0,0.0,0.0,0.0,0.0,0.0,0.0,0.0,0.0,0.0,Leave Event,0.0,"{'node_level': {}, 'link_level': {}, 'path_level': {}}","{'node_level': {}, 'link_level': {}, 'path_level': {}}","{'node_level': {}, 'link_level': {}, 'path_level': {}}",[],-inf,-inf,True,True,False,0,[],0,0.0,,,2
275,11,2,9558.0,20899.0,7073250.924393741,15707909.442771949,0.4573424565768697,0.45029868233984016,33,482,1,2239.0,9939,2034,7905,0.26437613019891504,0.45027816411682897,274,429.1929663074177,2239.0,10,24,False,{},{},{},{},0.0,0.0,966.0,483.0,1918.0,0.0,0.0,0.0,0.0,0.0,0.0,0.0,0.0,0.0,Unknown Reason,0.0,"{'node_level': {}, 'link_level': {}, 'path_level': {}}","{'node_level': {}, 'link_level': {}, 'path_level': {}}","{'node_level': {}, 'link_level': {}, 'path_level': {}}",[],-inf,-inf,True,True,False,0,[],0,0.0,0.0,0.0,2
275,11,2,9558.0,20899.0,7073250.924393741,15707909.442771949,0.4573424565768697,0.45029868233984016,33,483,0,2240.295314721212,9939,2034,7905,0.26437613019891504,0.45027816411682897,102,1427.2953147212122,813.0,10,20,False,{},{},{},{},0.0,0.0,0.0,0.0,0.0,0.0,0.0,0.0,0.0,0.0,0.0,0.0,0.0,0.0,Leave Event,0.0,"{'node_level': {}, 'link_level': {}, 'path_level': {}}","{'node_level': {}, 'link_level': {}, 'path_level': {}}","{'node_level': {}, 'link_level': {}, 'path_level': {}}",[],-inf,-inf,True,True,False,0,[],0,0.0,,,2
275,11,2,9558.0,20899.0,7073250.924393741,15707909.442771949,0.4573424565768697,0.45029868233984016,33,484,0,2240.3789729837417,9939,2034,7905,0.26437613019891504,0.45027816411682897,145,1061.378972983742,1179.0,8,16,False,{},{},{},{},0.0,0.0,0.0,0.0,0.0,0.0,0.0,0.0,0.0,0.0,0.0,0.0,0.0,0.0,Leave Event,0.0,"{'node_level': {}, 'link_level': {}, 'path_level': {}}","{'node_level': {}, 'link_level': {}, 'path_level': {}}","{'node_level': {}, 'link_level': {}, 'path_level': {}}",[],-inf,-inf,True,True,False,0,[],0,0.0,,,2
276,11,2,9558.0,20899.0,7073250.924393741,15707909.442771949,0.4573424565768697,0.45029868233984016,33,485,1,2247.0,9939,2034,7905,0.26437613019891504,0.45027816411682897,275,102.394143651418,2247.0,7,11,False,{},{},{},{},0.0,0.0,684.0,342.0,793.0,0.0,0.0,0.0,0.0,0.0,0.0,0.0,0.0,0.0,Unknown Reason,0.0,"{'node_level': {}, 'link_level': {}, 'path_level': {}}","{'node_level': {}, 'link_level': {}, 'path_level': {}}","{'node_level': {}, 'link_level': {}, 'path_level': {}}",[],-inf,-inf,True,True,False,0,[],0,0.0,0.0,0.0,2
276,11,2,9558.0,20899.0,7073250.924393741,15707909.442771949,0.4573424565768697,0.45029868233984016,33,486,0,2251.1711714655225,9939,2034,7905,0.26437613019891504,0.45027816411682897,265,84.17117146552255,2167.0,10,23,False,{},{},{},{},0.0,0.0,0.0,0.0,0.0,0.0,0.0,0.0,0.0,0.0,0.0,0.0,0.0,0.0,Leave Event,0.0,"{'node_level': {}, 'link_level': {}, 'path_level': {}}","{'node_level': {}, 'link_level': {}, 'path_level': {}}","{'node_level': {}, 'link_level': {}, 'path_level': {}}",[],-inf,-inf,True,True,False,0,[],0,0.0,,,2
276,11,2,9558.0,20899.0,7073250.924393741,15707909.442771949,0.4573424565768697,0.45029868233984016,33,487,0,2253.8094394273076,9939,2034,7905,0.26437613019891504,0.45027816411682897,177,838.8094394273076,1415.0,9,17,False,{},{},{},{},0.0,0.0,0.0,0.0,0.0,0.0,0.0,0.0,0.0,0.0,0.0,0.0,0.0,0.0,Leave Event,0.0,"{'node_level': {}, 'link_level': {}, 'path_level': {}}","{'node_level': {}, 'link_level': {}, 'path_level': {}}","{'node_level': {}, 'link_level': {}, 'path_level': {}}",[],-inf,-inf,True,True,False,0,[],0,0.0,,,2
277,11,2,9558.0,20899.0,7073250.924393741,15707909.442771949,0.4573424565768697,0.45029868233984016,33,488,1,2256.0,9939,2034,7905,0.26437613019891504,0.45027816411682897,276,2010.8829126484084,2256.0,7,8,False,{},{},{},{},0.0,0.0,526.0,263.0,617.0,0.0,0.0,0.0,0.0,0.0,0.0,0.0,0.0,0.0,Unknown Reason,0.0,"{'node_level': {}, 'link_level': {}, 'path_level': {}}","{'node_level': {}, 'link_level': {}, 'path_level': {}}","{'node_level': {}, 'link_level': {}, 'path_level': {}}",[],-inf,-inf,True,True,False,0,[],0,0.0,0.0,0.0,2
277,11,2,9558.0,20899.0,7073250.924393741,15707909.442771949,0.4573424565768697,0.45029868233984016,33,489,0,2263.2221261704444,9939,2034,7905,0.26437613019891504,0.45027816411682897,249,233.22212617044428,2030.0,9,23,False,{},{},{},{},0.0,0.0,0.0,0.0,0.0,0.0,0.0,0.0,0.0,0.0,0.0,0.0,0.0,0.0,Leave Event,0.0,"{'node_level': {}, 'link_level': {}, 'path_level': {}}","{'node_level': {}, 'link_level': {}, 'path_level': {}}","{'node_level': {}, 'link_level': {}, 'path_level': {}}",[],-inf,-inf,True,True,False,0,[],0,0.0,,,2
278,11,2,9558.0,20899.0,7073250.924393741,15707909.442771949,0.4573424565768697,0.45029868233984016,33,490,1,2266.0,9939,2034,7905,0.26437613019891504,0.45027816411682897,277,3252.2330719948627,2266.0,5,4,False,{},{},{},{},0.0,0.0,402.0,201.0,310.0,0.0,0.0,0.0,0.0,0.0,0.0,0.0,0.0,0.0,Unknown Reason,0.0,"{'node_level': {}, 'link_level': {}, 'path_level': {}}","{'node_level': {}, 'link_level': {}, 'path_level': {}}","{'node_level': {}, 'link_level': {}, 'path_level': {}}",[],-inf,-inf,True,True,False,0,[],0,0.0,0.0,0.0,2
278,11,2,9558.0,20899.0,7073250.924393741,15707909.442771949,0.4573424565768697,0.45029868233984016,33,491,0,2273.3987352045433,9939,2034,7905,0.26437613019891504,0.45027816411682897,228,414.3987352045433,1859.0,9,15,False,{},{},{},{},0.0,0.0,0.0,0.0,0.0,0.0,0.0,0.0,0.0,0.0,0.0,0.0,0.0,0.0,Leave Event,0.0,"{'node_level': {}, 'link_level': {}, 'path_level': {}}","{'node_level': {}, 'link_level': {}, 'path_level': {}}","{'node_level': {}, 'link_level': {}, 'path_level': {}}",[],-inf,-inf,True,True,False,0,[],0,0.0,,,2
279,11,2,9558.0,20899.0,7073250.924393741,15707909.442771949,0.4573424565768697,0.45029868233984016,33,492,1,2279.0,9939,2034,7905,0.26437613019891504,0.45027816411682897,278,295.71795515320537,2279.0,8,17,False,{},{},{},{},0.0,0.0,632.0,316.0,1341.0,0.0,0.0,0.0,0.0,0.0,0.0,0.0,0.0,0.0,Unknown Reason,0.0,"{'node_level': {}, 'link_level': {}, 'path_level': {}}","{'node_level': {}, 'link_level': {}, 'path_level': {}}","{'node_level': {}, 'link_level': {}, 'path_level': {}}",[],-inf,-inf,True,True,False,0,[],0,0.0,0.0,0.0,2
280,11,2,9558.0,20899.0,7073250.924393741,15707909.442771949,0.4573424565768697,0.45029868233984016,33,493,1,2285.0,9939,2034,7905,0.26437613019891504,0.45027816411682897,279,718.6476560750574,2285.0,6,7,False,{},{},{},{},0.0,0.0,516.0,258.0,628.0,0.0,0.0,0.0,0.0,0.0,0.0,0.0,0.0,0.0,Unknown Reason,0.0,"{'node_level': {}, 'link_level': {}, 'path_level': {}}","{'node_level': {}, 'link_level': {}, 'path_level': {}}","{'node_level': {}, 'link_level': {}, 'path_level': {}}",[],-inf,-inf,True,True,False,0,[],0,0.0,0.0,0.0,2
280,11,2,9558.0,20899.0,7073250.924393741,15707909.442771949,0.4573424565768697,0.45029868233984016,33,494,0,2288.884684818543,9939,2034,7905,0.26437613019891504,0.45027816411682897,233,391.884684818543,1897.0,8,14,False,{},{},{},{},0.0,0.0,0.0,0.0,0.0,0.0,0.0,0.0,0.0,0.0,0.0,0.0,0.0,0.0,Leave Event,0.0,"{'node_level': {}, 'link_level': {}, 'path_level': {}}","{'node_level': {}, 'link_level': {}, 'path_level': {}}","{'node_level': {}, 'link_level': {}, 'path_level': {}}",[],-inf,-inf,True,True,False,0,[],0,0.0,,,2
281,11,2,9558.0,20899.0,7073250.924393741,15707909.442771949,0.4573424565768697,0.45029868233984016,33,495,1,2292.0,9939,2034,7905,0.26437613019891504,0.45027816411682897,280,506.0752313307817,2292.0,7,15,False,{},{},{},{},0.0,0.0,522.0,261.0,1198.0,0.0,0.0,0.0,0.0,0.0,0.0,0.0,0.0,0.0,Unknown Reason,0.0,"{'node_level': {}, 'link_level': {}, 'path_level': {}}","{'node_level': {}, 'link_level': {}, 'path_level': {}}","{'node_level': {}, 'link_level': {}, 'path_level': {}}",[],-inf,-inf,True,True,False,0,[],0,0.0,0.0,0.0,2
282,11,2,9558.0,20899.0,7073250.924393741,15707909.442771949,0.4573424565768697,0.45029868233984016,33,496,1,2300.0,9939,2034,7905,0.26437613019891504,0.45027816411682897,281,102.4332831393677,2300.0,8,18,False,{},{},{},{},0.0,0.0,646.0,323.0,1521.0,0.0,0.0,0.0,0.0,0.0,0.0,0.0,0.0,0.0,Unknown Reason,0.0,"{'node_level': {}, 'link_level': {}, 'path_level': {}}","{'node_level': {}, 'link_level': {}, 'path_level': {}}","{'node_level': {}, 'link_level': {}, 'path_level': {}}",[],-inf,-inf,True,True,False,0,[],0,0.0,0.0,0.0,2
282,11,2,9558.0,20899.0,7073250.924393741,15707909.442771949,0.4573424565768697,0.45029868233984016,33,497,0,2305.289334879328,9939,2034,7905,0.26437613019891504,0.45027816411682897,236,379.2893348793283,1926.0,6,8,False,{},{},{},{},0.0,0.0,0.0,0.0,0.0,0.0,0.0,0.0,0.0,0.0,0.0,0.0,0.0,0.0,Leave Event,0.0,"{'node_level': {}, 'link_level': {}, 'path_level': {}}","{'node_level': {}, 'link_level': {}, 'path_level': {}}","{'node_level': {}, 'link_level': {}, 'path_level': {}}",[],-inf,-inf,True,True,False,0,[],0,0.0,,,2
282,11,2,9558.0,20899.0,7073250.924393741,15707909.442771949,0.4573424565768697,0.45029868233984016,33,498,0,2305.7223512901364,9939,2034,7905,0.26437613019891504,0.45027816411682897,187,812.7223512901367,1493.0,5,6,False,{},{},{},{},0.0,0.0,0.0,0.0,0.0,0.0,0.0,0.0,0.0,0.0,0.0,0.0,0.0,0.0,Leave Event,0.0,"{'node_level': {}, 'link_level': {}, 'path_level': {}}","{'node_level': {}, 'link_level': {}, 'path_level': {}}","{'node_level': {}, 'link_level': {}, 'path_level': {}}",[],-inf,-inf,True,True,False,0,[],0,0.0,,,2
283,11,2,9558.0,20899.0,7073250.924393741,15707909.442771949,0.4573424565768697,0.45029868233984016,33,499,1,2308.0,9939,2034,7905,0.26437613019891504,0.45027816411682897,282,432.80113776316006,2308.0,7,11,False,{},{},{},{},0.0,0.0,612.0,306.0,897.0,0.0,0.0,0.0,0.0,0.0,0.0,0.0,0.0,0.0,Unknown Reason,0.0,"{'node_level': {}, 'link_level': {}, 'path_level': {}}","{'node_level': {}, 'link_level': {}, 'path_level': {}}","{'node_level': {}, 'link_level': {}, 'path_level': {}}",[],-inf,-inf,True,True,False,0,[],0,0.0,0.0,0.0,2
284,11,2,9558.0,20899.0,7073250.924393741,15707909.442771949,0.4573424565768697,0.45029868233984016,33,500,1,2317.0,9939,2034,7905,0.26437613019891504,0.45027816411682897,283,531.0079907698325,2317.0,8,14,False,{},{},{},{},0.0,0.0,650.0,325.0,1093.0,0.0,0.0,0.0,0.0,0.0,0.0,0.0,0.0,0.0,Unknown Reason,0.0,"{'node_level': {}, 'link_level': {}, 'path_level': {}}","{'node_level': {}, 'link_level': {}, 'path_level': {}}","{'node_level': {}, 'link_level': {}, 'path_level': {}}",[],-inf,-inf,True,True,False,0,[],0,0.0,0.0,0.0,2
284,11,2,9558.0,20899.0,7073250.924393741,15707909.442771949,0.4573424565768697,0.45029868233984016,33,501,0,2317.2879632316167,9939,2034,7905,0.26437613019891504,0.45027816411682897,44,1968.2879632316167,349.0,10,24,False,{},{},{},{},0.0,0.0,0.0,0.0,0.0,0.0,0.0,0.0,0.0,0.0,0.0,0.0,0.0,0.0,Leave Event,0.0,"{'node_level': {}, 'link_level': {}, 'path_level': {}}","{'node_level': {}, 'link_level': {}, 'path_level': {}}","{'node_level': {}, 'link_level': {}, 'path_level': {}}",[],-inf,-inf,True,True,False,0,[],0,0.0,,,2
284,11,2,9558.0,20899.0,7073250.924393741,15707909.442771949,0.4573424565768697,0.45029868233984016,33,502,0,2318.6772059100767,9939,2034,7905,0.26437613019891504,0.45027816411682897,250,284.67720591007685,2034.0,10,29,False,{},{},{},{},0.0,0.0,0.0,0.0,0.0,0.0,0.0,0.0,0.0,0.0,0.0,0.0,0.0,0.0,Leave Event,0.0,"{'node_level': {}, 'link_level': {}, 'path_level': {}}","{'node_level': {}, 'link_level': {}, 'path_level': {}}","{'node_level': {}, 'link_level': {}, 'path_level': {}}",[],-inf,-inf,True,True,False,0,[],0,0.0,,,2
284,11,2,9558.0,20899.0,7073250.924393741,15707909.442771949,0.4573424565768697,0.45029868233984016,33,503,0,2322.0574652699056,9939,2034,7905,0.26437613019891504,0.45027816411682897,235,407.0574652699055,1915.0,10,17,False,{},{},{},{},0.0,0.0,0.0,0.0,0.0,0.0,0.0,0.0,0.0,0.0,0.0,0.0,0.0,0.0,Leave Event,0.0,"{'node_level': {}, 'link_level': {}, 'path_level': {}}","{'node_level': {}, 'link_level': {}, 'path_level': {}}","{'node_level': {}, 'link_level': {}, 'path_level': {}}",[],-inf,-inf,True,True,False,0,[],0,0.0,,,2
284,11,2,9558.0,20899.0,7073250.924393741,15707909.442771949,0.4573424565768697,0.45029868233984016,33,504,0,2322.998929138725,9939,2034,7905,0.26437613019891504,0.45027816411682897,256,231.99892913872512,2091.0,10,25,False,{},{},{},{},0.0,0.0,0.0,0.0,0.0,0.0,0.0,0.0,0.0,0.0,0.0,0.0,0.0,0.0,Leave Event,0.0,"{'node_level': {}, 'link_level': {}, 'path_level': {}}","{'node_level': {}, 'link_level': {}, 'path_level': {}}","{'node_level': {}, 'link_level': {}, 'path_level': {}}",[],-inf,-inf,True,True,False,0,[],0,0.0,,,2
284,11,2,9558.0,20899.0,7073250.924393741,15707909.442771949,0.4573424565768697,0.45029868233984016,33,505,0,2324.1210540101415,9939,2034,7905,0.26437613019891504,0.45027816411682897,245,323.1210540101414,2001.0,7,11,False,{},{},{},{},0.0,0.0,0.0,0.0,0.0,0.0,0.0,0.0,0.0,0.0,0.0,0.0,0.0,0.0,Leave Event,0.0,"{'node_level': {}, 'link_level': {}, 'path_level': {}}","{'node_level': {}, 'link_level': {}, 'path_level': {}}","{'node_level': {}, 'link_level': {}, 'path_level': {}}",[],-inf,-inf,True,True,False,0,[],0,0.0,,,2
285,11,2,9558.0,20899.0,7073250.924393741,15707909.442771949,0.4573424565768697,0.45029868233984016,33,506,1,2325.0,9939,2034,7905,0.26437613019891504,0.45027816411682897,284,450.38142074263,2325.0,9,20,False,{},{},{},{},0.0,0.0,776.0,388.0,1690.0,0.0,0.0,0.0,0.0,0.0,0.0,0.0,0.0,0.0,Unknown Reason,0.0,"{'node_level': {}, 'link_level': {}, 'path_level': {}}","{'node_level': {}, 'link_level': {}, 'path_level': {}}","{'node_level': {}, 'link_level': {}, 'path_level': {}}",[],-inf,-inf,True,True,False,0,[],0,0.0,0.0,0.0,2
286,11,2,9558.0,20899.0,7073250.924393741,15707909.442771949,0.4573424565768697,0.45029868233984016,33,507,1,2339.0,9939,2034,7905,0.26437613019891504,0.45027816411682897,285,389.8720188212307,2339.0,5,4,False,{},{},{},{},0.0,0.0,372.0,186.0,288.0,0.0,0.0,0.0,0.0,0.0,0.0,0.0,0.0,0.0,Unknown Reason,0.0,"{'node_level': {}, 'link_level': {}, 'path_level': {}}","{'node_level': {}, 'link_level': {}, 'path_level': {}}","{'node_level': {}, 'link_level': {}, 'path_level': {}}",[],-inf,-inf,True,True,False,0,[],0,0.0,0.0,0.0,2
286,11,2,9558.0,20899.0,7073250.924393741,15707909.442771949,0.4573424565768697,0.45029868233984016,33,508,0,2341.2576051035167,9939,2034,7905,0.26437613019891504,0.45027816411682897,238,395.25760510351677,1946.0,6,6,False,{},{},{},{},0.0,0.0,0.0,0.0,0.0,0.0,0.0,0.0,0.0,0.0,0.0,0.0,0.0,0.0,Leave Event,0.0,"{'node_level': {}, 'link_level': {}, 'path_level': {}}","{'node_level': {}, 'link_level': {}, 'path_level': {}}","{'node_level': {}, 'link_level': {}, 'path_level': {}}",[],-inf,-inf,True,True,False,0,[],0,0.0,,,2
287,11,2,9558.0,20899.0,7073250.924393741,15707909.442771949,0.4573424565768697,0.45029868233984016,33,509,1,2343.0,9939,2034,7905,0.26437613019891504,0.45027816411682897,286,448.0958739241901,2343.0,9,16,False,{},{},{},{},0.0,0.0,814.0,407.0,1315.0,0.0,0.0,0.0,0.0,0.0,0.0,0.0,0.0,0.0,Unknown Reason,0.0,"{'node_level': {}, 'link_level': {}, 'path_level': {}}","{'node_level': {}, 'link_level': {}, 'path_level': {}}","{'node_level': {}, 'link_level': {}, 'path_level': {}}",[],-inf,-inf,True,True,False,0,[],0,0.0,0.0,0.0,2
287,11,2,9558.0,20899.0,7073250.924393741,15707909.442771949,0.4573424565768697,0.45029868233984016,33,510,0,2349.394143651418,9939,2034,7905,0.26437613019891504,0.45027816411682897,275,102.394143651418,2247.0,7,11,False,{},{},{},{},0.0,0.0,0.0,0.0,0.0,0.0,0.0,0.0,0.0,0.0,0.0,0.0,0.0,0.0,Leave Event,0.0,"{'node_level': {}, 'link_level': {}, 'path_level': {}}","{'node_level': {}, 'link_level': {}, 'path_level': {}}","{'node_level': {}, 'link_level': {}, 'path_level': {}}",[],-inf,-inf,True,True,False,0,[],0,0.0,,,2
288,11,2,9558.0,20899.0,7073250.924393741,15707909.442771949,0.4573424565768697,0.45029868233984016,33,511,1,2353.0,9939,2034,7905,0.26437613019891504,0.45027816411682897,287,617.2008382549319,2353.0,9,22,False,{},{},{},{},0.0,0.0,702.0,351.0,1933.0,0.0,0.0,0.0,0.0,0.0,0.0,0.0,0.0,0.0,Unknown Reason,0.0,"{'node_level': {}, 'link_level': {}, 'path_level': {}}","{'node_level': {}, 'link_level': {}, 'path_level': {}}","{'node_level': {}, 'link_level': {}, 'path_level': {}}",[],-inf,-inf,True,True,False,0,[],0,0.0,0.0,0.0,2
289,11,2,9558.0,20899.0,7073250.924393741,15707909.442771949,0.4573424565768697,0.45029868233984016,33,512,1,2362.0,9939,2034,7905,0.26437613019891504,0.45027816411682897,288,736.9685475841313,2362.0,10,19,False,{},{},{},{},0.0,0.0,956.0,478.0,1427.0,0.0,0.0,0.0,0.0,0.0,0.0,0.0,0.0,0.0,Unknown Reason,0.0,"{'node_level': {}, 'link_level': {}, 'path_level': {}}","{'node_level': {}, 'link_level': {}, 'path_level': {}}","{'node_level': {}, 'link_level': {}, 'path_level': {}}",[],-inf,-inf,True,True,False,0,[],0,0.0,0.0,0.0,2
289,11,2,9558.0,20899.0,7073250.924393741,15707909.442771949,0.4573424565768697,0.45029868233984016,33,513,0,2368.546573874791,9939,2034,7905,0.26437613019891504,0.45027816411682897,255,285.54657387479136,2083.0,9,24,False,{},{},{},{},0.0,0.0,0.0,0.0,0.0,0.0,0.0,0.0,0.0,0.0,0.0,0.0,0.0,0.0,Leave Event,0.0,"{'node_level': {}, 'link_level': {}, 'path_level': {}}","{'node_level': {}, 'link_level': {}, 'path_level': {}}","{'node_level': {}, 'link_level': {}, 'path_level': {}}",[],-inf,-inf,True,True,False,0,[],0,0.0,,,2
289,11,2,9558.0,20899.0,7073250.924393741,15707909.442771949,0.4573424565768697,0.45029868233984016,33,514,0,2368.837688685056,9939,2034,7905,0.26437613019891504,0.45027816411682897,267,190.83768868505584,2178.0,7,10,False,{},{},{},{},0.0,0.0,0.0,0.0,0.0,0.0,0.0,0.0,0.0,0.0,0.0,0.0,0.0,0.0,Leave Event,0.0,"{'node_level': {}, 'link_level': {}, 'path_level': {}}","{'node_level': {}, 'link_level': {}, 'path_level': {}}","{'node_level': {}, 'link_level': {}, 'path_level': {}}",[],-inf,-inf,True,True,False,0,[],0,0.0,,,2
290,11,2,9558.0,20899.0,7073250.924393741,15707909.442771949,0.4573424565768697,0.45029868233984016,33,515,1,2372.0,9939,2034,7905,0.26437613019891504,0.45027816411682897,289,46.63374172866269,2372.0,7,11,False,{},{},{},{},0.0,0.0,584.0,292.0,859.0,0.0,0.0,0.0,0.0,0.0,0.0,0.0,0.0,0.0,Unknown Reason,0.0,"{'node_level': {}, 'link_level': {}, 'path_level': {}}","{'node_level': {}, 'link_level': {}, 'path_level': {}}","{'node_level': {}, 'link_level': {}, 'path_level': {}}",[],-inf,-inf,True,True,False,0,[],0,0.0,0.0,0.0,2
290,11,2,9558.0,20899.0,7073250.924393741,15707909.442771949,0.4573424565768697,0.45029868233984016,33,516,0,2374.530348967507,9939,2034,7905,0.26437613019891504,0.45027816411682897,210,689.5303489675072,1685.0,7,11,False,{},{},{},{},0.0,0.0,0.0,0.0,0.0,0.0,0.0,0.0,0.0,0.0,0.0,0.0,0.0,0.0,Leave Event,0.0,"{'node_level': {}, 'link_level': {}, 'path_level': {}}","{'node_level': {}, 'link_level': {}, 'path_level': {}}","{'node_level': {}, 'link_level': {}, 'path_level': {}}",[],-inf,-inf,True,True,False,0,[],0,0.0,,,2
291,11,2,9558.0,20899.0,7073250.924393741,15707909.442771949,0.4573424565768697,0.45029868233984016,33,517,1,2376.0,9939,2034,7905,0.26437613019891504,0.45027816411682897,290,1223.779366226354,2376.0,6,8,False,{},{},{},{},0.0,0.0,434.0,217.0,731.0,0.0,0.0,0.0,0.0,0.0,0.0,0.0,0.0,0.0,Unknown Reason,0.0,"{'node_level': {}, 'link_level': {}, 'path_level': {}}","{'node_level': {}, 'link_level': {}, 'path_level': {}}","{'node_level': {}, 'link_level': {}, 'path_level': {}}",[],-inf,-inf,True,True,False,0,[],0,0.0,0.0,0.0,2
291,11,2,9558.0,20899.0,7073250.924393741,15707909.442771949,0.4573424565768697,0.45029868233984016,33,518,0,2386.726236052108,9939,2034,7905,0.26437613019891504,0.45027816411682897,244,395.72623605210805,1991.0,9,19,False,{},{},{},{},0.0,0.0,0.0,0.0,0.0,0.0,0.0,0.0,0.0,0.0,0.0,0.0,0.0,0.0,Leave Event,0.0,"{'node_level': {}, 'link_level': {}, 'path_level': {}}","{'node_level': {}, 'link_level': {}, 'path_level': {}}","{'node_level': {}, 'link_level': {}, 'path_level': {}}",[],-inf,-inf,True,True,False,0,[],0,0.0,,,2
292,11,2,9558.0,20899.0,7073250.924393741,15707909.442771949,0.4573424565768697,0.45029868233984016,33,519,1,2387.0,9939,2034,7905,0.26437613019891504,0.45027816411682897,291,298.5777120479272,2387.0,8,15,False,{},{},{},{},0.0,0.0,686.0,343.0,1350.0,0.0,0.0,0.0,0.0,0.0,0.0,0.0,0.0,0.0,Unknown Reason,0.0,"{'node_level': {}, 'link_level': {}, 'path_level': {}}","{'node_level': {}, 'link_level': {}, 'path_level': {}}","{'node_level': {}, 'link_level': {}, 'path_level': {}}",[],-inf,-inf,True,True,False,0,[],0,0.0,0.0,0.0,2
292,11,2,9558.0,20899.0,7073250.924393741,15707909.442771949,0.4573424565768697,0.45029868233984016,33,520,0,2390.180170586911,9939,2034,7905,0.26437613019891504,0.45027816411682897,242,415.1801705869111,1975.0,8,13,False,{},{},{},{},0.0,0.0,0.0,0.0,0.0,0.0,0.0,0.0,0.0,0.0,0.0,0.0,0.0,0.0,Leave Event,0.0,"{'node_level': {}, 'link_level': {}, 'path_level': {}}","{'node_level': {}, 'link_level': {}, 'path_level': {}}","{'node_level': {}, 'link_level': {}, 'path_level': {}}",[],-inf,-inf,True,True,False,0,[],0,0.0,,,2
292,11,2,9558.0,20899.0,7073250.924393741,15707909.442771949,0.4573424565768697,0.45029868233984016,33,521,0,2392.8518200259173,9939,2034,7905,0.26437613019891504,0.45027816411682897,120,1433.8518200259173,959.0,9,18,False,{},{},{},{},0.0,0.0,0.0,0.0,0.0,0.0,0.0,0.0,0.0,0.0,0.0,0.0,0.0,0.0,Leave Event,0.0,"{'node_level': {}, 'link_level': {}, 'path_level': {}}","{'node_level': {}, 'link_level': {}, 'path_level': {}}","{'node_level': {}, 'link_level': {}, 'path_level': {}}",[],-inf,-inf,True,True,False,0,[],0,0.0,,,2
293,11,2,9558.0,20899.0,7073250.924393741,15707909.442771949,0.4573424565768697,0.45029868233984016,33,522,1,2394.0,9939,2034,7905,0.26437613019891504,0.45027816411682897,292,596.3864058789912,2394.0,6,9,False,{},{},{},{},0.0,0.0,584.0,292.0,687.0,0.0,0.0,0.0,0.0,0.0,0.0,0.0,0.0,0.0,Unknown Reason,0.0,"{'node_level': {}, 'link_level': {}, 'path_level': {}}","{'node_level': {}, 'link_level': {}, 'path_level': {}}","{'node_level': {}, 'link_level': {}, 'path_level': {}}",[],-inf,-inf,True,True,False,0,[],0,0.0,0.0,0.0,2
294,11,2,9558.0,20899.0,7073250.924393741,15707909.442771949,0.4573424565768697,0.45029868233984016,33,523,1,2400.0,9939,2034,7905,0.26437613019891504,0.45027816411682897,293,245.21669069184244,2400.0,6,6,False,{},{},{},{},0.0,0.0,542.0,271.0,545.0,0.0,0.0,0.0,0.0,0.0,0.0,0.0,0.0,0.0,Unknown Reason,0.0,"{'node_level': {}, 'link_level': {}, 'path_level': {}}","{'node_level': {}, 'link_level': {}, 'path_level': {}}","{'node_level': {}, 'link_level': {}, 'path_level': {}}",[],-inf,-inf,True,True,False,0,[],0,0.0,0.0,0.0,2
294,11,2,9558.0,20899.0,7073250.924393741,15707909.442771949,0.4573424565768697,0.45029868233984016,33,524,0,2401.469987381038,9939,2034,7905,0.26437613019891504,0.45027816411682897,232,515.4699873810382,1886.0,10,25,False,{},{},{},{},0.0,0.0,0.0,0.0,0.0,0.0,0.0,0.0,0.0,0.0,0.0,0.0,0.0,0.0,Leave Event,0.0,"{'node_level': {}, 'link_level': {}, 'path_level': {}}","{'node_level': {}, 'link_level': {}, 'path_level': {}}","{'node_level': {}, 'link_level': {}, 'path_level': {}}",[],-inf,-inf,True,True,False,0,[],0,0.0,,,2
294,11,2,9558.0,20899.0,7073250.924393741,15707909.442771949,0.4573424565768697,0.45029868233984016,33,525,0,2402.4332831393676,9939,2034,7905,0.26437613019891504,0.45027816411682897,281,102.4332831393677,2300.0,8,18,False,{},{},{},{},0.0,0.0,0.0,0.0,0.0,0.0,0.0,0.0,0.0,0.0,0.0,0.0,0.0,0.0,Leave Event,0.0,"{'node_level': {}, 'link_level': {}, 'path_level': {}}","{'node_level': {}, 'link_level': {}, 'path_level': {}}","{'node_level': {}, 'link_level': {}, 'path_level': {}}",[],-inf,-inf,True,True,False,0,[],0,0.0,,,2
294,11,2,9558.0,20899.0,7073250.924393741,15707909.442771949,0.4573424565768697,0.45029868233984016,33,526,0,2403.4865669601872,9939,2034,7905,0.26437613019891504,0.45027816411682897,258,301.48656696018736,2102.0,7,8,False,{},{},{},{},0.0,0.0,0.0,0.0,0.0,0.0,0.0,0.0,0.0,0.0,0.0,0.0,0.0,0.0,Leave Event,0.0,"{'node_level': {}, 'link_level': {}, 'path_level': {}}","{'node_level': {}, 'link_level': {}, 'path_level': {}}","{'node_level': {}, 'link_level': {}, 'path_level': {}}",[],-inf,-inf,True,True,False,0,[],0,0.0,,,2
294,11,2,9558.0,20899.0,7073250.924393741,15707909.442771949,0.4573424565768697,0.45029868233984016,33,527,0,2405.4238348951094,9939,2034,7905,0.26437613019891504,0.45027816411682897,204,771.4238348951095,1634.0,9,21,False,{},{},{},{},0.0,0.0,0.0,0.0,0.0,0.0,0.0,0.0,0.0,0.0,0.0,0.0,0.0,0.0,Leave Event,0.0,"{'node_level': {}, 'link_level': {}, 'path_level': {}}","{'node_level': {}, 'link_level': {}, 'path_level': {}}","{'node_level': {}, 'link_level': {}, 'path_level': {}}",[],-inf,-inf,True,True,False,0,[],0,0.0,,,2
295,11,2,9558.0,20899.0,7073250.924393741,15707909.442771949,0.4573424565768697,0.45029868233984016,33,528,1,2407.0,9939,2034,7905,0.26437613019891504,0.45027816411682897,294,26.203351079454187,2407.0,6,11,False,{},{},{},{},0.0,0.0,426.0,213.0,1027.0,0.0,0.0,0.0,0.0,0.0,0.0,0.0,0.0,0.0,Unknown Reason,0.0,"{'node_level': {}, 'link_level': {}, 'path_level': {}}","{'node_level': {}, 'link_level': {}, 'path_level': {}}","{'node_level': {}, 'link_level': {}, 'path_level': {}}",[],-inf,-inf,True,True,False,0,[],0,0.0,0.0,0.0,2
296,11,2,9558.0,20899.0,7073250.924393741,15707909.442771949,0.4573424565768697,0.45029868233984016,33,529,1,2412.0,9939,2034,7905,0.26437613019891504,0.45027816411682897,295,544.7885014664477,2412.0,6,6,False,{},{},{},{},0.0,0.0,506.0,253.0,434.0,0.0,0.0,0.0,0.0,0.0,0.0,0.0,0.0,0.0,Unknown Reason,0.0,"{'node_level': {}, 'link_level': {}, 'path_level': {}}","{'node_level': {}, 'link_level': {}, 'path_level': {}}","{'node_level': {}, 'link_level': {}, 'path_level': {}}",[],-inf,-inf,True,True,False,0,[],0,0.0,0.0,0.0,2
296,11,2,9558.0,20899.0,7073250.924393741,15707909.442771949,0.4573424565768697,0.45029868233984016,33,530,0,2418.6337417286627,9939,2034,7905,0.26437613019891504,0.45027816411682897,289,46.63374172866269,2372.0,7,11,False,{},{},{},{},0.0,0.0,0.0,0.0,0.0,0.0,0.0,0.0,0.0,0.0,0.0,0.0,0.0,0.0,Leave Event,0.0,"{'node_level': {}, 'link_level': {}, 'path_level': {}}","{'node_level': {}, 'link_level': {}, 'path_level': {}}","{'node_level': {}, 'link_level': {}, 'path_level': {}}",[],-inf,-inf,True,True,False,0,[],0,0.0,,,2
297,11,2,9558.0,20899.0,7073250.924393741,15707909.442771949,0.4573424565768697,0.45029868233984016,33,531,1,2421.0,9939,2034,7905,0.26437613019891504,0.45027816411682897,296,227.58554001799948,2421.0,8,11,False,{},{},{},{},0.0,0.0,580.0,290.0,849.0,0.0,0.0,0.0,0.0,0.0,0.0,0.0,0.0,0.0,Unknown Reason,0.0,"{'node_level': {}, 'link_level': {}, 'path_level': {}}","{'node_level': {}, 'link_level': {}, 'path_level': {}}","{'node_level': {}, 'link_level': {}, 'path_level': {}}",[],-inf,-inf,True,True,False,0,[],0,0.0,0.0,0.0,2
298,11,2,9558.0,20899.0,7073250.924393741,15707909.442771949,0.4573424565768697,0.45029868233984016,33,532,1,2427.0,9939,2034,7905,0.26437613019891504,0.45027816411682897,297,402.35227313730894,2427.0,5,5,False,{},{},{},{},0.0,0.0,382.0,191.0,393.0,0.0,0.0,0.0,0.0,0.0,0.0,0.0,0.0,0.0,Unknown Reason,0.0,"{'node_level': {}, 'link_level': {}, 'path_level': {}}","{'node_level': {}, 'link_level': {}, 'path_level': {}}","{'node_level': {}, 'link_level': {}, 'path_level': {}}",[],-inf,-inf,True,True,False,0,[],0,0.0,0.0,0.0,2
298,11,2,9558.0,20899.0,7073250.924393741,15707909.442771949,0.4573424565768697,0.45029868233984016,33,533,0,2433.203351079454,9939,2034,7905,0.26437613019891504,0.45027816411682897,294,26.203351079454187,2407.0,6,11,False,{},{},{},{},0.0,0.0,0.0,0.0,0.0,0.0,0.0,0.0,0.0,0.0,0.0,0.0,0.0,0.0,Leave Event,0.0,"{'node_level': {}, 'link_level': {}, 'path_level': {}}","{'node_level': {}, 'link_level': {}, 'path_level': {}}","{'node_level': {}, 'link_level': {}, 'path_level': {}}",[],-inf,-inf,True,True,False,0,[],0,0.0,,,2
298,11,2,9558.0,20899.0,7073250.924393741,15707909.442771949,0.4573424565768697,0.45029868233984016,33,534,0,2435.3886577549997,9939,2034,7905,0.26437613019891504,0.45027816411682897,115,1518.3886577549997,917.0,5,7,False,{},{},{},{},0.0,0.0,0.0,0.0,0.0,0.0,0.0,0.0,0.0,0.0,0.0,0.0,0.0,0.0,Leave Event,0.0,"{'node_level': {}, 'link_level': {}, 'path_level': {}}","{'node_level': {}, 'link_level': {}, 'path_level': {}}","{'node_level': {}, 'link_level': {}, 'path_level': {}}",[],-inf,-inf,True,True,False,0,[],0,0.0,,,2
298,11,2,9558.0,20899.0,7073250.924393741,15707909.442771949,0.4573424565768697,0.45029868233984016,33,535,0,2440.8666586618137,9939,2034,7905,0.26437613019891504,0.45027816411682897,133,1367.8666586618137,1073.0,8,11,False,{},{},{},{},0.0,0.0,0.0,0.0,0.0,0.0,0.0,0.0,0.0,0.0,0.0,0.0,0.0,0.0,Leave Event,0.0,"{'node_level': {}, 'link_level': {}, 'path_level': {}}","{'node_level': {}, 'link_level': {}, 'path_level': {}}","{'node_level': {}, 'link_level': {}, 'path_level': {}}",[],-inf,-inf,True,True,False,0,[],0,0.0,,,2
299,12,3,10298.0,22637.0,7187969.487632161,15977343.041296776,0.4549189380218227,0.44988515731641704,33,536,1,2441.0,8201,1849,6352,0.3312839059674503,0.5582753824756607,298,155.02508545732357,2441.0,5,6,True,"{np.int64(0): np.int64(5), np.int64(1): np.int64(31), np.int64(2): np.int64(27), np.int64(3): np.int64(13), np.int64(4): np.int64(7)}","{(0, 1): [(np.int64(5), 3), (3, 29), (29, np.int64(31))], (0, 3): [(np.int64(5), 3), (3, np.int64(13))], (0, 4): [(np.int64(5), 7)], (1, 4): [(np.int64(31), 28), (28, 0), (0, 4), (4, np.int64(7))], (2, 4): [(np.int64(27), 23), (23, 20), (20, 0), (0, 4), (4, np.int64(7))], (3, 4): [(np.int64(13), 3), (3, 5), (5, np.int64(7))]}","{(np.int64(0), np.int64(5)): {'cpu': 28}, (np.int64(1), np.int64(31)): {'cpu': 27}, (np.int64(2), np.int64(27)): {'cpu': 54}, (np.int64(3), np.int64(13)): {'cpu': 21}, (np.int64(4), np.int64(7)): {'cpu': 55}}","{((0, 1), (np.int64(5), 3)): {'bw': 118}, ((0, 1), (3, 29)): {'bw': 118}, ((0, 1), (29, np.int64(31))): {'bw': 118}, ((0, 3), (np.int64(5), 3)): {'bw': 117}, ((0, 3), (3, np.int64(13))): {'bw': 117}, ((0, 4), (np.int64(5), 7)): {'bw': 117}, ((1, 4), (np.int64(31), 28)): {'bw': 69}, ((1, 4), (28, 0)): {'bw': 69}, ((1, 4), (0, 4)): {'bw': 69}, ((1, 4), (4, np.int64(7))): {'bw': 69}, ((2, 4), (np.int64(27), 23)): {'bw': 85}, ((2, 4), (23, 20)): {'bw': 85}, ((2, 4), (20, 0)): {'bw': 85}, ((2, 4), (0, 4)): {'bw': 85}, ((2, 4), (4, np.int64(7))): {'bw': 85}, ((3, 4), (np.int64(13), 3)): {'bw': 49}, ((3, 4), (3, 5)): {'bw': 49}, ((3, 4), (5, np.int64(7))): {'bw': 49}}",1738.0,740.0,555.0,185.0,555.0,185.0,555.0,185.0,1553.0,998.0,0.42577675489067895,269433.5985248284,114718.56323841945,66.00607781266942,Success,0.0,"{'node_level': {}, 'link_level': {}, 'path_level': {}}","{'node_level': {np.int64(0): {'cpu': -65}, np.int64(1): {'cpu': -28}, np.int64(2): {'cpu': -34}, np.int64(3): {'cpu': -40}, np.int64(4): {'cpu': -6}}, 'link_level': {(0, 1): {'bw': -58}, (0, 3): {'bw': -49}, (0, 4): {'bw': -110}, (1, 4): {'bw': -31}, (2, 4): {'bw': -24}, (3, 4): {'bw': 0}}, 'path_level': {(0, 1): {}, (0, 3): {}, (0, 4): {}, (1, 4): {}, (2, 4): {}, (3, 4): {}}}","{'node_level': {np.int64(0): {'cpu': 0}, np.int64(1): {'cpu': 0}, np.int64(2): {'cpu': 0}, np.int64(3): {'cpu': 0}, np.int64(4): {'cpu': 0}}, 'link_level': {(0, 1): {'bw': 0}, (0, 3): {'bw': 0}, (0, 4): {'bw': 0}, (1, 4): {'bw': 0}, (2, 4): {'bw': 0}, (3, 4): {'bw': 0}}, 'path_level': {(0, 1): {}, (0, 3): {}, (0, 4): {}, (1, 4): {}, (2, 4): {}, (3, 4): {}}}",[],-inf,-inf,True,True,False,0,[],0,0.0,5.0,6.0,2
300,12,3,10298.0,22637.0,7187969.487632161,15977343.041296776,0.4549189380218227,0.44988515731641704,33,537,1,2455.0,8201,1849,6352,0.3312839059674503,0.5582753824756607,299,114.0002138531946,2455.0,5,7,False,{},{},{},{},0.0,0.0,336.0,168.0,541.0,0.0,0.0,0.0,0.0,0.0,0.0,0.0,0.0,0.0,Unknown Reason,0.0,"{'node_level': {}, 'link_level': {}, 'path_level': {}}","{'node_level': {}, 'link_level': {}, 'path_level': {}}","{'node_level': {}, 'link_level': {}, 'path_level': {}}",[],-inf,-inf,True,True,False,0,[],0,0.0,0.0,0.0,2
300,12,3,10298.0,22637.0,7187969.487632161,15977343.041296776,0.4549189380218227,0.44988515731641704,33,538,0,2474.8132619042944,8201,1849,6352,0.3312839059674503,0.5582753824756607,207,820.8132619042947,1654.0,10,21,False,{},{},{},{},0.0,0.0,0.0,0.0,0.0,0.0,0.0,0.0,0.0,0.0,0.0,0.0,0.0,0.0,Leave Event,0.0,"{'node_level': {}, 'link_level': {}, 'path_level': {}}","{'node_level': {}, 'link_level': {}, 'path_level': {}}","{'node_level': {}, 'link_level': {}, 'path_level': {}}",[],-inf,-inf,True,True,False,0,[],0,0.0,,,2
300,12,3,10298.0,22637.0,7187969.487632161,15977343.041296776,0.4549189380218227,0.44988515731641704,33,539,0,2481.0031009866093,8201,1849,6352,0.3312839059674503,0.5582753824756607,205,837.0031009866092,1644.0,10,22,False,{},{},{},{},0.0,0.0,0.0,0.0,0.0,0.0,0.0,0.0,0.0,0.0,0.0,0.0,0.0,0.0,Leave Event,0.0,"{'node_level': {}, 'link_level': {}, 'path_level': {}}","{'node_level': {}, 'link_level': {}, 'path_level': {}}","{'node_level': {}, 'link_level': {}, 'path_level': {}}",[],-inf,-inf,True,True,False,0,[],0,0.0,,,2
300,12,3,10298.0,22637.0,7187969.487632161,15977343.041296776,0.4549189380218227,0.44988515731641704,33,540,0,2481.3700817320446,8201,1849,6352,0.3312839059674503,0.5582753824756607,224,671.3700817320447,1810.0,7,12,False,{},{},{},{},0.0,0.0,0.0,0.0,0.0,0.0,0.0,0.0,0.0,0.0,0.0,0.0,0.0,0.0,Leave Event,0.0,"{'node_level': {}, 'link_level': {}, 'path_level': {}}","{'node_level': {}, 'link_level': {}, 'path_level': {}}","{'node_level': {}, 'link_level': {}, 'path_level': {}}",[],-inf,-inf,True,True,False,0,[],0,0.0,,,2
300,12,3,10298.0,22637.0,7187969.487632161,15977343.041296776,0.4549189380218227,0.44988515731641704,33,541,0,2488.573297858311,8201,1849,6352,0.3312839059674503,0.5582753824756607,270,285.57329785831075,2203.0,5,6,False,{},{},{},{},0.0,0.0,0.0,0.0,0.0,0.0,0.0,0.0,0.0,0.0,0.0,0.0,0.0,0.0,Leave Event,0.0,"{'node_level': {}, 'link_level': {}, 'path_level': {}}","{'node_level': {}, 'link_level': {}, 'path_level': {}}","{'node_level': {}, 'link_level': {}, 'path_level': {}}",[],-inf,-inf,True,True,False,0,[],0,0.0,,,2
300,12,3,10298.0,22637.0,7187969.487632161,15977343.041296776,0.4549189380218227,0.44988515731641704,33,542,0,2533.6651452876376,8201,1849,6352,0.3312839059674503,0.5582753824756607,241,568.6651452876375,1965.0,5,6,False,{},{},{},{},0.0,0.0,0.0,0.0,0.0,0.0,0.0,0.0,0.0,0.0,0.0,0.0,0.0,0.0,Leave Event,0.0,"{'node_level': {}, 'link_level': {}, 'path_level': {}}","{'node_level': {}, 'link_level': {}, 'path_level': {}}","{'node_level': {}, 'link_level': {}, 'path_level': {}}",[],-inf,-inf,True,True,False,0,[],0,0.0,,,2
300,12,2,10298.0,22637.0,7187969.487632161,15977343.041296776,0.4549189380218227,0.44988515731641704,33,543,0,2533.9029604230773,11804,2205,9599,0.20253164556962022,0.3324756606397775,170,1170.902960423077,1363.0,8,15,False,{},{},{},{},0.0,0.0,0.0,0.0,0.0,0.0,0.0,0.0,0.0,0.0,0.0,0.0,0.0,0.0,Leave Event,0.0,"{'node_level': {}, 'link_level': {}, 'path_level': {}}","{'node_level': {}, 'link_level': {}, 'path_level': {}}","{'node_level': {}, 'link_level': {}, 'path_level': {}}",[],-inf,-inf,True,True,False,0,[],0,0.0,,,2
300,12,2,10298.0,22637.0,7187969.487632161,15977343.041296776,0.4549189380218227,0.44988515731641704,33,544,0,2540.8884780331828,11804,2205,9599,0.20253164556962022,0.3324756606397775,229,674.8884780331829,1866.0,7,11,False,{},{},{},{},0.0,0.0,0.0,0.0,0.0,0.0,0.0,0.0,0.0,0.0,0.0,0.0,0.0,0.0,Leave Event,0.0,"{'node_level': {}, 'link_level': {}, 'path_level': {}}","{'node_level': {}, 'link_level': {}, 'path_level': {}}","{'node_level': {}, 'link_level': {}, 'path_level': {}}",[],-inf,-inf,True,True,False,0,[],0,0.0,,,2
300,12,2,10298.0,22637.0,7187969.487632161,15977343.041296776,0.4549189380218227,0.44988515731641704,33,545,0,2545.1352768410197,11804,2205,9599,0.20253164556962022,0.3324756606397775,150,1328.13527684102,1217.0,5,6,False,{},{},{},{},0.0,0.0,0.0,0.0,0.0,0.0,0.0,0.0,0.0,0.0,0.0,0.0,0.0,0.0,Leave Event,0.0,"{'node_level': {}, 'link_level': {}, 'path_level': {}}","{'node_level': {}, 'link_level': {}, 'path_level': {}}","{'node_level': {}, 'link_level': {}, 'path_level': {}}",[],-inf,-inf,True,True,False,0,[],0,0.0,,,2
300,12,2,10298.0,22637.0,7187969.487632161,15977343.041296776,0.4549189380218227,0.44988515731641704,33,546,0,2557.4672272029256,11804,2205,9599,0.20253164556962022,0.3324756606397775,253,491.4672272029258,2066.0,10,21,False,{},{},{},{},0.0,0.0,0.0,0.0,0.0,0.0,0.0,0.0,0.0,0.0,0.0,0.0,0.0,0.0,Leave Event,0.0,"{'node_level': {}, 'link_level': {}, 'path_level': {}}","{'node_level': {}, 'link_level': {}, 'path_level': {}}","{'node_level': {}, 'link_level': {}, 'path_level': {}}",[],-inf,-inf,True,True,False,0,[],0,0.0,,,2
300,12,2,10298.0,22637.0,7187969.487632161,15977343.041296776,0.4549189380218227,0.44988515731641704,33,547,0,2559.295221701338,11804,2205,9599,0.20253164556962022,0.3324756606397775,247,543.2952217013379,2016.0,9,17,False,{},{},{},{},0.0,0.0,0.0,0.0,0.0,0.0,0.0,0.0,0.0,0.0,0.0,0.0,0.0,0.0,Leave Event,0.0,"{'node_level': {}, 'link_level': {}, 'path_level': {}}","{'node_level': {}, 'link_level': {}, 'path_level': {}}","{'node_level': {}, 'link_level': {}, 'path_level': {}}",[],-inf,-inf,True,True,False,0,[],0,0.0,,,2
300,12,2,10298.0,22637.0,7187969.487632161,15977343.041296776,0.4549189380218227,0.44988515731641704,33,548,0,2560.306698898009,11804,2205,9599,0.20253164556962022,0.3324756606397775,269,371.3066988980091,2189.0,6,11,False,{},{},{},{},0.0,0.0,0.0,0.0,0.0,0.0,0.0,0.0,0.0,0.0,0.0,0.0,0.0,0.0,Leave Event,0.0,"{'node_level': {}, 'link_level': {}, 'path_level': {}}","{'node_level': {}, 'link_level': {}, 'path_level': {}}","{'node_level': {}, 'link_level': {}, 'path_level': {}}",[],-inf,-inf,True,True,False,0,[],0,0.0,,,2
300,12,2,10298.0,22637.0,7187969.487632161,15977343.041296776,0.4549189380218227,0.44988515731641704,33,549,0,2569.0002138531945,11804,2205,9599,0.20253164556962022,0.3324756606397775,299,114.0002138531946,2455.0,5,7,False,{},{},{},{},0.0,0.0,0.0,0.0,0.0,0.0,0.0,0.0,0.0,0.0,0.0,0.0,0.0,0.0,Leave Event,0.0,"{'node_level': {}, 'link_level': {}, 'path_level': {}}","{'node_level': {}, 'link_level': {}, 'path_level': {}}","{'node_level': {}, 'link_level': {}, 'path_level': {}}",[],-inf,-inf,True,True,False,0,[],0,0.0,,,2
300,12,2,10298.0,22637.0,7187969.487632161,15977343.041296776,0.4549189380218227,0.44988515731641704,33,550,0,2570.357060675401,11804,2205,9599,0.20253164556962022,0.3324756606397775,65,2041.3570606754013,529.0,7,10,False,{},{},{},{},0.0,0.0,0.0,0.0,0.0,0.0,0.0,0.0,0.0,0.0,0.0,0.0,0.0,0.0,Leave Event,0.0,"{'node_level': {}, 'link_level': {}, 'path_level': {}}","{'node_level': {}, 'link_level': {}, 'path_level': {}}","{'node_level': {}, 'link_level': {}, 'path_level': {}}",[],-inf,-inf,True,True,False,0,[],0,0.0,,,2
300,12,2,10298.0,22637.0,7187969.487632161,15977343.041296776,0.4549189380218227,0.44988515731641704,33,551,0,2574.7179551532054,11804,2205,9599,0.20253164556962022,0.3324756606397775,278,295.71795515320537,2279.0,8,17,False,{},{},{},{},0.0,0.0,0.0,0.0,0.0,0.0,0.0,0.0,0.0,0.0,0.0,0.0,0.0,0.0,Leave Event,0.0,"{'node_level': {}, 'link_level': {}, 'path_level': {}}","{'node_level': {}, 'link_level': {}, 'path_level': {}}","{'node_level': {}, 'link_level': {}, 'path_level': {}}",[],-inf,-inf,True,True,False,0,[],0,0.0,,,2
300,12,2,10298.0,22637.0,7187969.487632161,15977343.041296776,0.4549189380218227,0.44988515731641704,33,552,0,2593.3409174991903,11804,2205,9599,0.20253164556962022,0.3324756606397775,110,1707.3409174991905,886.0,8,15,False,{},{},{},{},0.0,0.0,0.0,0.0,0.0,0.0,0.0,0.0,0.0,0.0,0.0,0.0,0.0,0.0,Leave Event,0.0,"{'node_level': {}, 'link_level': {}, 'path_level': {}}","{'node_level': {}, 'link_level': {}, 'path_level': {}}","{'node_level': {}, 'link_level': {}, 'path_level': {}}",[],-inf,-inf,True,True,False,0,[],0,0.0,,,2
300,12,2,10298.0,22637.0,7187969.487632161,15977343.041296776,0.4549189380218227,0.44988515731641704,33,553,0,2595.495271609814,11804,2205,9599,0.20253164556962022,0.3324756606397775,194,1043.4952716098144,1552.0,8,16,False,{},{},{},{},0.0,0.0,0.0,0.0,0.0,0.0,0.0,0.0,0.0,0.0,0.0,0.0,0.0,0.0,Leave Event,0.0,"{'node_level': {}, 'link_level': {}, 'path_level': {}}","{'node_level': {}, 'link_level': {}, 'path_level': {}}","{'node_level': {}, 'link_level': {}, 'path_level': {}}",[],-inf,-inf,True,True,False,0,[],0,0.0,,,2
300,12,1,10298.0,22637.0,7187969.487632161,15977343.041296776,0.4549189380218227,0.44988515731641704,33,554,0,2596.0250854573237,13542,2390,11152,0.13562386980108498,0.2244784422809457,298,155.02508545732357,2441.0,5,6,False,{},{},{},{},0.0,0.0,0.0,0.0,0.0,0.0,0.0,0.0,0.0,0.0,0.0,0.0,0.0,0.0,Leave Event,0.0,"{'node_level': {}, 'link_level': {}, 'path_level': {}}","{'node_level': {}, 'link_level': {}, 'path_level': {}}","{'node_level': {}, 'link_level': {}, 'path_level': {}}",[],-inf,-inf,True,True,False,0,[],0,0.0,,,2
300,12,1,10298.0,22637.0,7187969.487632161,15977343.041296776,0.4549189380218227,0.44988515731641704,33,555,0,2625.408044346726,13542,2390,11152,0.13562386980108498,0.2244784422809457,268,440.40804434672594,2185.0,8,19,False,{},{},{},{},0.0,0.0,0.0,0.0,0.0,0.0,0.0,0.0,0.0,0.0,0.0,0.0,0.0,0.0,Leave Event,0.0,"{'node_level': {}, 'link_level': {}, 'path_level': {}}","{'node_level': {}, 'link_level': {}, 'path_level': {}}","{'node_level': {}, 'link_level': {}, 'path_level': {}}",[],-inf,-inf,True,True,False,0,[],0,0.0,,,2
300,12,0,10298.0,22637.0,7187969.487632161,15977343.041296776,0.4549189380218227,0.44988515731641704,33,556,0,2637.9942765187207,17145,2765,14380,0.0,0.0,239,681.9942765187208,1956.0,9,12,False,{},{},{},{},0.0,0.0,0.0,0.0,0.0,0.0,0.0,0.0,0.0,0.0,0.0,0.0,0.0,0.0,Leave Event,0.0,"{'node_level': {}, 'link_level': {}, 'path_level': {}}","{'node_level': {}, 'link_level': {}, 'path_level': {}}","{'node_level': {}, 'link_level': {}, 'path_level': {}}",[],-inf,-inf,True,True,False,0,[],0,0.0,,,2
300,12,0,10298.0,22637.0,7187969.487632161,15977343.041296776,0.4549189380218227,0.44988515731641704,33,557,0,2645.2166906918424,17145,2765,14380,0.0,0.0,293,245.21669069184244,2400.0,6,6,False,{},{},{},{},0.0,0.0,0.0,0.0,0.0,0.0,0.0,0.0,0.0,0.0,0.0,0.0,0.0,0.0,Leave Event,0.0,"{'node_level': {}, 'link_level': {}, 'path_level': {}}","{'node_level': {}, 'link_level': {}, 'path_level': {}}","{'node_level': {}, 'link_level': {}, 'path_level': {}}",[],-inf,-inf,True,True,False,0,[],0,0.0,,,2
300,12,0,10298.0,22637.0,7187969.487632161,15977343.041296776,0.4549189380218227,0.44988515731641704,33,558,0,2645.6102847197944,17145,2765,14380,0.0,0.0,156,1389.6102847197944,1256.0,10,19,False,{},{},{},{},0.0,0.0,0.0,0.0,0.0,0.0,0.0,0.0,0.0,0.0,0.0,0.0,0.0,0.0,Leave Event,0.0,"{'node_level': {}, 'link_level': {}, 'path_level': {}}","{'node_level': {}, 'link_level': {}, 'path_level': {}}","{'node_level': {}, 'link_level': {}, 'path_level': {}}",[],-inf,-inf,True,True,False,0,[],0,0.0,,,2
300,12,0,10298.0,22637.0,7187969.487632161,15977343.041296776,0.4549189380218227,0.44988515731641704,33,559,0,2646.9578870384257,17145,2765,14380,0.0,0.0,272,421.9578870384258,2225.0,9,21,False,{},{},{},{},0.0,0.0,0.0,0.0,0.0,0.0,0.0,0.0,0.0,0.0,0.0,0.0,0.0,0.0,Leave Event,0.0,"{'node_level': {}, 'link_level': {}, 'path_level': {}}","{'node_level': {}, 'link_level': {}, 'path_level': {}}","{'node_level': {}, 'link_level': {}, 'path_level': {}}",[],-inf,-inf,True,True,False,0,[],0,0.0,,,2
300,12,0,10298.0,22637.0,7187969.487632161,15977343.041296776,0.4549189380218227,0.44988515731641704,33,560,0,2648.5855400179994,17145,2765,14380,0.0,0.0,296,227.58554001799948,2421.0,8,11,False,{},{},{},{},0.0,0.0,0.0,0.0,0.0,0.0,0.0,0.0,0.0,0.0,0.0,0.0,0.0,0.0,Leave Event,0.0,"{'node_level': {}, 'link_level': {}, 'path_level': {}}","{'node_level': {}, 'link_level': {}, 'path_level': {}}","{'node_level': {}, 'link_level': {}, 'path_level': {}}",[],-inf,-inf,True,True,False,0,[],0,0.0,,,2
300,12,0,10298.0,22637.0,7187969.487632161,15977343.041296776,0.4549189380218227,0.44988515731641704,33,561,0,2653.097657982592,17145,2765,14380,0.0,0.0,260,530.0976579825917,2123.0,8,15,False,{},{},{},{},0.0,0.0,0.0,0.0,0.0,0.0,0.0,0.0,0.0,0.0,0.0,0.0,0.0,0.0,Leave Event,0.0,"{'node_level': {}, 'link_level': {}, 'path_level': {}}","{'node_level': {}, 'link_level': {}, 'path_level': {}}","{'node_level': {}, 'link_level': {}, 'path_level': {}}",[],-inf,-inf,True,True,False,0,[],0,0.0,,,2
300,12,0,10298.0,22637.0,7187969.487632161,15977343.041296776,0.4549189380218227,0.44988515731641704,33,562,0,2655.704745498277,17145,2765,14380,0.0,0.0,217,904.7047454982771,1751.0,7,11,False,{},{},{},{},0.0,0.0,0.0,0.0,0.0,0.0,0.0,0.0,0.0,0.0,0.0,0.0,0.0,0.0,Leave Event,0.0,"{'node_level': {}, 'link_level': {}, 'path_level': {}}","{'node_level': {}, 'link_level': {}, 'path_level': {}}","{'node_level': {}, 'link_level': {}, 'path_level': {}}",[],-inf,-inf,True,True,False,0,[],0,0.0,,,2
300,12,0,10298.0,22637.0,7187969.487632161,15977343.041296776,0.4549189380218227,0.44988515731641704,33,563,0,2658.9942970250613,17145,2765,14380,0.0,0.0,252,598.9942970250611,2060.0,8,12,False,{},{},{},{},0.0,0.0,0.0,0.0,0.0,0.0,0.0,0.0,0.0,0.0,0.0,0.0,0.0,0.0,Leave Event,0.0,"{'node_level': {}, 'link_level': {}, 'path_level': {}}","{'node_level': {}, 'link_level': {}, 'path_level': {}}","{'node_level': {}, 'link_level': {}, 'path_level': {}}",[],-inf,-inf,True,True,False,0,[],0,0.0,,,2
300,12,0,10298.0,22637.0,7187969.487632161,15977343.041296776,0.4549189380218227,0.44988515731641704,33,564,0,2668.192966307418,17145,2765,14380,0.0,0.0,274,429.1929663074177,2239.0,10,24,False,{},{},{},{},0.0,0.0,0.0,0.0,0.0,0.0,0.0,0.0,0.0,0.0,0.0,0.0,0.0,0.0,Leave Event,0.0,"{'node_level': {}, 'link_level': {}, 'path_level': {}}","{'node_level': {}, 'link_level': {}, 'path_level': {}}","{'node_level': {}, 'link_level': {}, 'path_level': {}}",[],-inf,-inf,True,True,False,0,[],0,0.0,,,2
300,12,0,10298.0,22637.0,7187969.487632161,15977343.041296776,0.4549189380218227,0.44988515731641704,33,565,0,2685.577712047927,17145,2765,14380,0.0,0.0,291,298.5777120479272,2387.0,8,15,False,{},{},{},{},0.0,0.0,0.0,0.0,0.0,0.0,0.0,0.0,0.0,0.0,0.0,0.0,0.0,0.0,Leave Event,0.0,"{'node_level': {}, 'link_level': {}, 'path_level': {}}","{'node_level': {}, 'link_level': {}, 'path_level': {}}","{'node_level': {}, 'link_level': {}, 'path_level': {}}",[],-inf,-inf,True,True,False,0,[],0,0.0,,,2
300,12,0,10298.0,22637.0,7187969.487632161,15977343.041296776,0.4549189380218227,0.44988515731641704,33,566,0,2728.8720188212305,17145,2765,14380,0.0,0.0,285,389.8720188212307,2339.0,5,4,False,{},{},{},{},0.0,0.0,0.0,0.0,0.0,0.0,0.0,0.0,0.0,0.0,0.0,0.0,0.0,0.0,Leave Event,0.0,"{'node_level': {}, 'link_level': {}, 'path_level': {}}","{'node_level': {}, 'link_level': {}, 'path_level': {}}","{'node_level': {}, 'link_level': {}, 'path_level': {}}",[],-inf,-inf,True,True,False,0,[],0,0.0,,,2
300,12,0,10298.0,22637.0,7187969.487632161,15977343.041296776,0.4549189380218227,0.44988515731641704,33,567,0,2740.80113776316,17145,2765,14380,0.0,0.0,282,432.80113776316006,2308.0,7,11,False,{},{},{},{},0.0,0.0,0.0,0.0,0.0,0.0,0.0,0.0,0.0,0.0,0.0,0.0,0.0,0.0,Leave Event,0.0,"{'node_level': {}, 'link_level': {}, 'path_level': {}}","{'node_level': {}, 'link_level': {}, 'path_level': {}}","{'node_level': {}, 'link_level': {}, 'path_level': {}}",[],-inf,-inf,True,True,False,0,[],0,0.0,,,2
300,12,0,10298.0,22637.0,7187969.487632161,15977343.041296776,0.4549189380218227,0.44988515731641704,33,568,0,2775.38142074263,17145,2765,14380,0.0,0.0,284,450.38142074263,2325.0,9,20,False,{},{},{},{},0.0,0.0,0.0,0.0,0.0,0.0,0.0,0.0,0.0,0.0,0.0,0.0,0.0,0.0,Leave Event,0.0,"{'node_level': {}, 'link_level': {}, 'path_level': {}}","{'node_level': {}, 'link_level': {}, 'path_level': {}}","{'node_level': {}, 'link_level': {}, 'path_level': {}}",[],-inf,-inf,True,True,False,0,[],0,0.0,,,2
300,12,0,10298.0,22637.0,7187969.487632161,15977343.041296776,0.4549189380218227,0.44988515731641704,33,569,0,2784.704179478307,17145,2765,14380,0.0,0.0,153,1542.7041794783074,1242.0,8,13,False,{},{},{},{},0.0,0.0,0.0,0.0,0.0,0.0,0.0,0.0,0.0,0.0,0.0,0.0,0.0,0.0,Leave Event,0.0,"{'node_level': {}, 'link_level': {}, 'path_level': {}}","{'node_level': {}, 'link_level': {}, 'path_level': {}}","{'node_level': {}, 'link_level': {}, 'path_level': {}}",[],-inf,-inf,True,True,False,0,[],0,0.0,,,2
300,12,0,10298.0,22637.0,7187969.487632161,15977343.041296776,0.4549189380218227,0.44988515731641704,33,570,0,2791.09587392419,17145,2765,14380,0.0,0.0,286,448.0958739241901,2343.0,9,16,False,{},{},{},{},0.0,0.0,0.0,0.0,0.0,0.0,0.0,0.0,0.0,0.0,0.0,0.0,0.0,0.0,Leave Event,0.0,"{'node_level': {}, 'link_level': {}, 'path_level': {}}","{'node_level': {}, 'link_level': {}, 'path_level': {}}","{'node_level': {}, 'link_level': {}, 'path_level': {}}",[],-inf,-inf,True,True,False,0,[],0,0.0,,,2
300,12,0,10298.0,22637.0,7187969.487632161,15977343.041296776,0.4549189380218227,0.44988515731641704,33,571,0,2798.0752313307817,17145,2765,14380,0.0,0.0,280,506.0752313307817,2292.0,7,15,False,{},{},{},{},0.0,0.0,0.0,0.0,0.0,0.0,0.0,0.0,0.0,0.0,0.0,0.0,0.0,0.0,Leave Event,0.0,"{'node_level': {}, 'link_level': {}, 'path_level': {}}","{'node_level': {}, 'link_level': {}, 'path_level': {}}","{'node_level': {}, 'link_level': {}, 'path_level': {}}",[],-inf,-inf,True,True,False,0,[],0,0.0,,,2
300,12,0,10298.0,22637.0,7187969.487632161,15977343.041296776,0.4549189380218227,0.44988515731641704,33,572,0,2817.0844697950574,17145,2765,14380,0.0,0.0,225,988.0844697950573,1829.0,10,24,False,{},{},{},{},0.0,0.0,0.0,0.0,0.0,0.0,0.0,0.0,0.0,0.0,0.0,0.0,0.0,0.0,Leave Event,0.0,"{'node_level': {}, 'link_level': {}, 'path_level': {}}","{'node_level': {}, 'link_level': {}, 'path_level': {}}","{'node_level': {}, 'link_level': {}, 'path_level': {}}",[],-inf,-inf,True,True,False,0,[],0,0.0,,,2
300,12,0,10298.0,22637.0,7187969.487632161,15977343.041296776,0.4549189380218227,0.44988515731641704,33,573,0,2829.352273137309,17145,2765,14380,0.0,0.0,297,402.35227313730894,2427.0,5,5,False,{},{},{},{},0.0,0.0,0.0,0.0,0.0,0.0,0.0,0.0,0.0,0.0,0.0,0.0,0.0,0.0,Leave Event,0.0,"{'node_level': {}, 'link_level': {}, 'path_level': {}}","{'node_level': {}, 'link_level': {}, 'path_level': {}}","{'node_level': {}, 'link_level': {}, 'path_level': {}}",[],-inf,-inf,True,True,False,0,[],0,0.0,,,2
300,12,0,10298.0,22637.0,7187969.487632161,15977343.041296776,0.4549189380218227,0.44988515731641704,33,574,0,2848.0079907698328,17145,2765,14380,0.0,0.0,283,531.0079907698325,2317.0,8,14,False,{},{},{},{},0.0,0.0,0.0,0.0,0.0,0.0,0.0,0.0,0.0,0.0,0.0,0.0,0.0,0.0,Leave Event,0.0,"{'node_level': {}, 'link_level': {}, 'path_level': {}}","{'node_level': {}, 'link_level': {}, 'path_level': {}}","{'node_level': {}, 'link_level': {}, 'path_level': {}}",[],-inf,-inf,True,True,False,0,[],0,0.0,,,2
300,12,0,10298.0,22637.0,7187969.487632161,15977343.041296776,0.4549189380218227,0.44988515731641704,33,575,0,2852.700486173692,17145,2765,14380,0.0,0.0,75,2248.700486173692,604.0,6,7,False,{},{},{},{},0.0,0.0,0.0,0.0,0.0,0.0,0.0,0.0,0.0,0.0,0.0,0.0,0.0,0.0,Leave Event,0.0,"{'node_level': {}, 'link_level': {}, 'path_level': {}}","{'node_level': {}, 'link_level': {}, 'path_level': {}}","{'node_level': {}, 'link_level': {}, 'path_level': {}}",[],-inf,-inf,True,True,False,0,[],0,0.0,,,2
300,12,0,10298.0,22637.0,7187969.487632161,15977343.041296776,0.4549189380218227,0.44988515731641704,33,576,0,2927.367990022851,17145,2765,14380,0.0,0.0,215,1201.3679900228506,1726.0,9,21,False,{},{},{},{},0.0,0.0,0.0,0.0,0.0,0.0,0.0,0.0,0.0,0.0,0.0,0.0,0.0,0.0,Leave Event,0.0,"{'node_level': {}, 'link_level': {}, 'path_level': {}}","{'node_level': {}, 'link_level': {}, 'path_level': {}}","{'node_level': {}, 'link_level': {}, 'path_level': {}}",[],-inf,-inf,True,True,False,0,[],0,0.0,,,2
300,12,0,10298.0,22637.0,7187969.487632161,15977343.041296776,0.4549189380218227,0.44988515731641704,33,577,0,2956.7885014664475,17145,2765,14380,0.0,0.0,295,544.7885014664477,2412.0,6,6,False,{},{},{},{},0.0,0.0,0.0,0.0,0.0,0.0,0.0,0.0,0.0,0.0,0.0,0.0,0.0,0.0,Leave Event,0.0,"{'node_level': {}, 'link_level': {}, 'path_level': {}}","{'node_level': {}, 'link_level': {}, 'path_level': {}}","{'node_level': {}, 'link_level': {}, 'path_level': {}}",[],-inf,-inf,True,True,False,0,[],0,0.0,,,2
300,12,0,10298.0,22637.0,7187969.487632161,15977343.041296776,0.4549189380218227,0.44988515731641704,33,578,0,2970.200838254932,17145,2765,14380,0.0,0.0,287,617.2008382549319,2353.0,9,22,False,{},{},{},{},0.0,0.0,0.0,0.0,0.0,0.0,0.0,0.0,0.0,0.0,0.0,0.0,0.0,0.0,Leave Event,0.0,"{'node_level': {}, 'link_level': {}, 'path_level': {}}","{'node_level': {}, 'link_level': {}, 'path_level': {}}","{'node_level': {}, 'link_level': {}, 'path_level': {}}",[],-inf,-inf,True,True,False,0,[],0,0.0,,,2
300,12,0,10298.0,22637.0,7187969.487632161,15977343.041296776,0.4549189380218227,0.44988515731641704,33,579,0,2986.3159336494064,17145,2765,14380,0.0,0.0,219,1215.3159336494066,1771.0,5,5,False,{},{},{},{},0.0,0.0,0.0,0.0,0.0,0.0,0.0,0.0,0.0,0.0,0.0,0.0,0.0,0.0,Leave Event,0.0,"{'node_level': {}, 'link_level': {}, 'path_level': {}}","{'node_level': {}, 'link_level': {}, 'path_level': {}}","{'node_level': {}, 'link_level': {}, 'path_level': {}}",[],-inf,-inf,True,True,False,0,[],0,0.0,,,2
300,12,0,10298.0,22637.0,7187969.487632161,15977343.041296776,0.4549189380218227,0.44988515731641704,33,580,0,2990.3864058789914,17145,2765,14380,0.0,0.0,292,596.3864058789912,2394.0,6,9,False,{},{},{},{},0.0,0.0,0.0,0.0,0.0,0.0,0.0,0.0,0.0,0.0,0.0,0.0,0.0,0.0,Leave Event,0.0,"{'node_level': {}, 'link_level': {}, 'path_level': {}}","{'node_level': {}, 'link_level': {}, 'path_level': {}}","{'node_level': {}, 'link_level': {}, 'path_level': {}}",[],-inf,-inf,True,True,False,0,[],0,0.0,,,2
300,12,0,10298.0,22637.0,7187969.487632161,15977343.041296776,0.4549189380218227,0.44988515731641704,33,581,0,3003.6476560750575,17145,2765,14380,0.0,0.0,279,718.6476560750574,2285.0,6,7,False,{},{},{},{},0.0,0.0,0.0,0.0,0.0,0.0,0.0,0.0,0.0,0.0,0.0,0.0,0.0,0.0,Leave Event,0.0,"{'node_level': {}, 'link_level': {}, 'path_level': {}}","{'node_level': {}, 'link_level': {}, 'path_level': {}}","{'node_level': {}, 'link_level': {}, 'path_level': {}}",[],-inf,-inf,True,True,False,0,[],0,0.0,,,2
300,12,0,10298.0,22637.0,7187969.487632161,15977343.041296776,0.4549189380218227,0.44988515731641704,33,582,0,3076.855669701621,17145,2765,14380,0.0,0.0,259,965.855669701621,2111.0,9,20,False,{},{},{},{},0.0,0.0,0.0,0.0,0.0,0.0,0.0,0.0,0.0,0.0,0.0,0.0,0.0,0.0,Leave Event,0.0,"{'node_level': {}, 'link_level': {}, 'path_level': {}}","{'node_level': {}, 'link_level': {}, 'path_level': {}}","{'node_level': {}, 'link_level': {}, 'path_level': {}}",[],-inf,-inf,True,True,False,0,[],0,0.0,,,2
300,12,0,10298.0,22637.0,7187969.487632161,15977343.041296776,0.4549189380218227,0.44988515731641704,33,583,0,3098.9685475841316,17145,2765,14380,0.0,0.0,288,736.9685475841313,2362.0,10,19,False,{},{},{},{},0.0,0.0,0.0,0.0,0.0,0.0,0.0,0.0,0.0,0.0,0.0,0.0,0.0,0.0,Leave Event,0.0,"{'node_level': {}, 'link_level': {}, 'path_level': {}}","{'node_level': {}, 'link_level': {}, 'path_level': {}}","{'node_level': {}, 'link_level': {}, 'path_level': {}}",[],-inf,-inf,True,True,False,0,[],0,0.0,,,2
300,12,0,10298.0,22637.0,7187969.487632161,15977343.041296776,0.4549189380218227,0.44988515731641704,33,584,0,3116.2392551578782,17145,2765,14380,0.0,0.0,181,1667.2392551578782,1449.0,8,13,False,{},{},{},{},0.0,0.0,0.0,0.0,0.0,0.0,0.0,0.0,0.0,0.0,0.0,0.0,0.0,0.0,Leave Event,0.0,"{'node_level': {}, 'link_level': {}, 'path_level': {}}","{'node_level': {}, 'link_level': {}, 'path_level': {}}","{'node_level': {}, 'link_level': {}, 'path_level': {}}",[],-inf,-inf,True,True,False,0,[],0,0.0,,,2
300,12,0,10298.0,22637.0,7187969.487632161,15977343.041296776,0.4549189380218227,0.44988515731641704,33,585,0,3191.169541147679,17145,2765,14380,0.0,0.0,261,1057.169541147679,2134.0,8,16,False,{},{},{},{},0.0,0.0,0.0,0.0,0.0,0.0,0.0,0.0,0.0,0.0,0.0,0.0,0.0,0.0,Leave Event,0.0,"{'node_level': {}, 'link_level': {}, 'path_level': {}}","{'node_level': {}, 'link_level': {}, 'path_level': {}}","{'node_level': {}, 'link_level': {}, 'path_level': {}}",[],-inf,-inf,True,True,False,0,[],0,0.0,,,2
300,12,0,10298.0,22637.0,7187969.487632161,15977343.041296776,0.4549189380218227,0.44988515731641704,33,586,0,3251.2092578954366,17145,2765,14380,0.0,0.0,76,2644.2092578954366,607.0,10,19,False,{},{},{},{},0.0,0.0,0.0,0.0,0.0,0.0,0.0,0.0,0.0,0.0,0.0,0.0,0.0,0.0,Leave Event,0.0,"{'node_level': {}, 'link_level': {}, 'path_level': {}}","{'node_level': {}, 'link_level': {}, 'path_level': {}}","{'node_level': {}, 'link_level': {}, 'path_level': {}}",[],-inf,-inf,True,True,False,0,[],0,0.0,,,2
300,12,0,10298.0,22637.0,7187969.487632161,15977343.041296776,0.4549189380218227,0.44988515731641704,33,587,0,3295.657887994601,17145,2765,14380,0.0,0.0,231,1416.6578879946012,1879.0,5,9,False,{},{},{},{},0.0,0.0,0.0,0.0,0.0,0.0,0.0,0.0,0.0,0.0,0.0,0.0,0.0,0.0,Leave Event,0.0,"{'node_level': {}, 'link_level': {}, 'path_level': {}}","{'node_level': {}, 'link_level': {}, 'path_level': {}}","{'node_level': {}, 'link_level': {}, 'path_level': {}}",[],-inf,-inf,True,True,False,0,[],0,0.0,,,2
300,12,0,10298.0,22637.0,7187969.487632161,15977343.041296776,0.4549189380218227,0.44988515731641704,33,588,0,3376.2004316581374,17145,2765,14380,0.0,0.0,221,1591.2004316581374,1785.0,6,8,False,{},{},{},{},0.0,0.0,0.0,0.0,0.0,0.0,0.0,0.0,0.0,0.0,0.0,0.0,0.0,0.0,Leave Event,0.0,"{'node_level': {}, 'link_level': {}, 'path_level': {}}","{'node_level': {}, 'link_level': {}, 'path_level': {}}","{'node_level': {}, 'link_level': {}, 'path_level': {}}",[],-inf,-inf,True,True,False,0,[],0,0.0,,,2
300,12,0,10298.0,22637.0,7187969.487632161,15977343.041296776,0.4549189380218227,0.44988515731641704,33,589,0,3433.071569027182,17145,2765,14380,0.0,0.0,271,1219.0715690271816,2214.0,10,24,False,{},{},{},{},0.0,0.0,0.0,0.0,0.0,0.0,0.0,0.0,0.0,0.0,0.0,0.0,0.0,0.0,Leave Event,0.0,"{'node_level': {}, 'link_level': {}, 'path_level': {}}","{'node_level': {}, 'link_level': {}, 'path_level': {}}","{'node_level': {}, 'link_level': {}, 'path_level': {}}",[],-inf,-inf,True,True,False,0,[],0,0.0,,,2
300,12,0,10298.0,22637.0,7187969.487632161,15977343.041296776,0.4549189380218227,0.44988515731641704,33,590,0,3442.723813885088,17145,2765,14380,0.0,0.0,263,1293.723813885088,2149.0,7,11,False,{},{},{},{},0.0,0.0,0.0,0.0,0.0,0.0,0.0,0.0,0.0,0.0,0.0,0.0,0.0,0.0,Leave Event,0.0,"{'node_level': {}, 'link_level': {}, 'path_level': {}}","{'node_level': {}, 'link_level': {}, 'path_level': {}}","{'node_level': {}, 'link_level': {}, 'path_level': {}}",[],-inf,-inf,True,True,False,0,[],0,0.0,,,2
300,12,0,10298.0,22637.0,7187969.487632161,15977343.041296776,0.4549189380218227,0.44988515731641704,33,591,0,3502.441854970518,17145,2765,14380,0.0,0.0,227,1654.4418549705179,1848.0,9,17,False,{},{},{},{},0.0,0.0,0.0,0.0,0.0,0.0,0.0,0.0,0.0,0.0,0.0,0.0,0.0,0.0,Leave Event,0.0,"{'node_level': {}, 'link_level': {}, 'path_level': {}}","{'node_level': {}, 'link_level': {}, 'path_level': {}}","{'node_level': {}, 'link_level': {}, 'path_level': {}}",[],-inf,-inf,True,True,False,0,[],0,0.0,,,2
300,12,0,10298.0,22637.0,7187969.487632161,15977343.041296776,0.4549189380218227,0.44988515731641704,33,592,0,3509.0293007352902,17145,2765,14380,0.0,0.0,257,1410.02930073529,2099.0,6,5,False,{},{},{},{},0.0,0.0,0.0,0.0,0.0,0.0,0.0,0.0,0.0,0.0,0.0,0.0,0.0,0.0,Leave Event,0.0,"{'node_level': {}, 'link_level': {}, 'path_level': {}}","{'node_level': {}, 'link_level': {}, 'path_level': {}}","{'node_level': {}, 'link_level': {}, 'path_level': {}}",[],-inf,-inf,True,True,False,0,[],0,0.0,,,2
300,12,0,10298.0,22637.0,7187969.487632161,15977343.041296776,0.4549189380218227,0.44988515731641704,33,593,0,3533.124537787036,17145,2765,14380,0.0,0.0,234,1627.124537787036,1906.0,6,8,False,{},{},{},{},0.0,0.0,0.0,0.0,0.0,0.0,0.0,0.0,0.0,0.0,0.0,0.0,0.0,0.0,Leave Event,0.0,"{'node_level': {}, 'link_level': {}, 'path_level': {}}","{'node_level': {}, 'link_level': {}, 'path_level': {}}","{'node_level': {}, 'link_level': {}, 'path_level': {}}",[],-inf,-inf,True,True,False,0,[],0,0.0,,,2
300,12,0,10298.0,22637.0,7187969.487632161,15977343.041296776,0.4549189380218227,0.44988515731641704,33,594,0,3593.087318163423,17145,2765,14380,0.0,0.0,273,1360.0873181634229,2233.0,8,13,False,{},{},{},{},0.0,0.0,0.0,0.0,0.0,0.0,0.0,0.0,0.0,0.0,0.0,0.0,0.0,0.0,Leave Event,0.0,"{'node_level': {}, 'link_level': {}, 'path_level': {}}","{'node_level': {}, 'link_level': {}, 'path_level': {}}","{'node_level': {}, 'link_level': {}, 'path_level': {}}",[],-inf,-inf,True,True,False,0,[],0,0.0,,,2
300,12,0,10298.0,22637.0,7187969.487632161,15977343.041296776,0.4549189380218227,0.44988515731641704,33,595,0,3599.779366226354,17145,2765,14380,0.0,0.0,290,1223.779366226354,2376.0,6,8,False,{},{},{},{},0.0,0.0,0.0,0.0,0.0,0.0,0.0,0.0,0.0,0.0,0.0,0.0,0.0,0.0,Leave Event,0.0,"{'node_level': {}, 'link_level': {}, 'path_level': {}}","{'node_level': {}, 'link_level': {}, 'path_level': {}}","{'node_level': {}, 'link_level': {}, 'path_level': {}}",[],-inf,-inf,True,True,False,0,[],0,0.0,,,2
300,12,0,10298.0,22637.0,7187969.487632161,15977343.041296776,0.4549189380218227,0.44988515731641704,33,596,0,3673.974004121115,17145,2765,14380,0.0,0.0,264,1510.9740041211148,2163.0,7,8,False,{},{},{},{},0.0,0.0,0.0,0.0,0.0,0.0,0.0,0.0,0.0,0.0,0.0,0.0,0.0,0.0,Leave Event,0.0,"{'node_level': {}, 'link_level': {}, 'path_level': {}}","{'node_level': {}, 'link_level': {}, 'path_level': {}}","{'node_level': {}, 'link_level': {}, 'path_level': {}}",[],-inf,-inf,True,True,False,0,[],0,0.0,,,2
300,12,0,10298.0,22637.0,7187969.487632161,15977343.041296776,0.4549189380218227,0.44988515731641704,33,597,0,3872.290088156181,17145,2765,14380,0.0,0.0,251,1822.290088156181,2050.0,6,8,False,{},{},{},{},0.0,0.0,0.0,0.0,0.0,0.0,0.0,0.0,0.0,0.0,0.0,0.0,0.0,0.0,Leave Event,0.0,"{'node_level': {}, 'link_level': {}, 'path_level': {}}","{'node_level': {}, 'link_level': {}, 'path_level': {}}","{'node_level': {}, 'link_level': {}, 'path_level': {}}",[],-inf,-inf,True,True,False,0,[],0,0.0,,,2
300,12,0,10298.0,22637.0,7187969.487632161,15977343.041296776,0.4549189380218227,0.44988515731641704,33,598,0,4266.882912648409,17145,2765,14380,0.0,0.0,276,2010.8829126484084,2256.0,7,8,False,{},{},{},{},0.0,0.0,0.0,0.0,0.0,0.0,0.0,0.0,0.0,0.0,0.0,0.0,0.0,0.0,Leave Event,0.0,"{'node_level': {}, 'link_level': {}, 'path_level': {}}","{'node_level': {}, 'link_level': {}, 'path_level': {}}","{'node_level': {}, 'link_level': {}, 'path_level': {}}",[],-inf,-inf,True,True,False,0,[],0,0.0,,,2
300,12,0,10298.0,22637.0,7187969.487632161,15977343.041296776,0.4549189380218227,0.44988515731641704,33,599,0,5518.233071994862,17145,2765,14380,0.0,0.0,277,3252.2330719948627,2266.0,5,4,False,{},{},{},{},0.0,0.0,0.0,0.0,0.0,0.0,0.0,0.0,0.0,0.0,0.0,0.0,0.0,0.0,Leave Event,0.0,"{'node_level': {}, 'link_level': {}, 'path_level': {}}","{'node_level': {}, 'link_level': {}, 'path_level': {}}","{'node_level': {}, 'link_level': {}, 'path_level': {}}",[],-inf,-inf,True,True,False,0,[],0,0.0,,,2
