v_net_num_nodes,v_net_num_edges,v_net_lifetime,v_net_demand,v_net_node_demand,v_net_link_demand,p_net_available_resource,p_net_node_available_resource,p_net_link_available_resource,p_net_node_resource_utilization,p_net_link_resource_utilization,inservice_count,num_running_p_net_nodes,v_net_time_cost,v_net_time_revenue,p_net_num_nodes,v_net_size_ratio,v_net_demand_per_node,v_net_demand_per_link,v_net_connectivity,v_net_total_demand,v_net_node_to_link_demand_ratio,p_net_overall_util,p_net_node_util,p_net_link_util,system_load,topology_encoded,best_for_rac,best_for_lrc,best_for_lar,best_for_ast,best_for_balanced,num_algos_accepted,network_stress_index,problem_complexity,resource_bottleneck_ratio,vnr_size_category,cpu_intensive_flag,bandwidth_intensive_flag,utilization_pressure,resource_efficiency
6,6,129.91263135531565,1152.0,144.0,265.0,7854.0,1202,6652.0,0.5391104294478528,0.5135648994515539,12,36,99642.98824952709,53134.26622432409,20.0,0.3,24.0,44.166666659305555,0.39999999997333335,409.0,0.5433962264130439,0.24892416563067798,0.5391104294478528,0.5135648994515539,0.08163265306066918,1.0,ga_meta,rw_rank_bfs,ga_meta,pl_rank,mcts,11,0.5263376644497033,163.59999998909333,0.5433962142023498,1,0,1,0.2768681934926706,19.202933938379136
5,7,561.7815729366181,1752.0,146.0,369.0,7416.0,1037,6379.0,0.6333097595473833,0.565107717480229,18,36,632566.051126632,289317.51006235834,20.0,0.25,29.2,52.7142857067551,0.69999999993,515.0,0.39566395663849413,0.2908099837429473,0.6333097595473833,0.565107717480229,0.12244897959100376,1.0,ga_meta,sa_meta,pso_meta,rw_rank_bfs,pso_meta,10,0.5992087385138062,360.49999996394996,0.5539295288663776,1,0,1,0.35788823267577446,14.399999972038835
4,4,1175.290128434007,46.0,23.0,83.0,8134.0,4343,3791.0,0.032739420935412,0.1421136003620728,6,63,0.0,0.0,31.0,0.12903225806451613,5.75,20.749999994812498,0.6666666665555555,106.0,0.2771084337316011,0.22214784354977524,0.032739420935412,0.1421136003620728,0.04081632653033459,0.0,pl_rank,pl_rank,pl_rank,pl_rank,pl_rank,2,0.0874265106487424,70.66666665488889,0.2771084204495942,0,0,1,0.004652716982900821,76.73584833268067
4,4,1293.8577687226698,876.0,438.0,798.0,9659.0,4735,4924.0,0.0,0.0,0,0,0.0,0.0,31.0,0.12903225806451613,109.5,199.499999950125,0.6666666665555555,1236.0,0.5488721804504401,0.07631251793057281,0.0,0.0,0.0,0.0,ga_meta,pso_meta,pso_meta,pl_rank,pl_rank,8,0.0,823.9999998626666,0.548872177837107,0,0,1,0.0,7.814724912771258
9,14,66.6703096914965,742.0,371.0,972.0,8475.0,1120,7355.0,0.5685670261941449,0.4883478260869565,7,34,0.0,0.0,20.0,0.45,41.22222222222222,69.42857142361224,0.3888888888780865,1343.0,0.38168724279796123,0.18953810844410446,0.5685670261941449,0.4883478260869565,0.04761904761872368,1.0,ga_meta,mip,sa_meta,rw_rank_bfs,sa_meta,9,0.5284574261405507,522.2777777632701,0.5937357025103226,2,0,1,0.2776584712266363,6.310498878398734
4,3,2563.632171770084,656.0,328.0,474.0,17304.0,2649,14655.0,0.0,0.0,0,0,0.0,0.0,20.0,0.2,82.0,157.99999994733332,0.49999999991666666,802.0,0.6919831223614094,-0.6547767045997896,0.0,0.0,0.0,1.0,ga_meta,pso_meta,pl_rank,pl_rank,pl_rank,16,0.0,400.99999993316663,0.5189873386604177,0,0,1,0.0,21.576059823471248
8,16,1894.77498028663,1554.0,777.0,4386.0,9659.0,4735,4924.0,0.0,0.0,0,0,0.0,0.0,31.0,0.25806451612903225,97.125,274.12499998286717,0.5714285714081633,5163.0,0.17715458276329749,0.07631251793057281,0.0,0.0,0.0,0.0,ga_meta,pso_meta,ga_meta,pl_rank,pl_rank,5,0.0,2950.285714180347,0.35430916425631065,2,0,1,0.0,1.8708115433138075
6,9,172.67818253610457,1364.0,682.0,2364.0,17304.0,2649,14655.0,0.0,0.0,0,0,0.0,0.0,20.0,0.3,113.66666666666667,262.66666663748146,0.59999999996,3046.0,0.28849407783405734,-0.6547767045997896,0.0,0.0,0.0,1.0,ga_meta,ga_meta,ga_meta,pl_rank,rw_rank_bfs,11,0.0,1827.59999987816,0.43274111515185987,1,0,1,0.0,5.680892972527612
2,1,244.613891842895,45.0,15.0,2.0,8585.0,4702,3883.0,0.0352892901107919,0.1613390928725702,7,57,4647.663945015005,4158.436161329215,31.0,0.06451612903225806,7.5,1.9999999979999998,0.9999999989999999,17.0,7.49999999625,0.17901883905517835,0.0352892901107919,0.1613390928725702,0.04761904761872368,0.0,ga_meta,mip,mip,pl_rank,rw_rank_bfs,14,0.09831419149168105,16.999999983,3.7499981287509336,0,1,0,0.005693542054592127,504.99997029411935
2,1,150.34879959843238,72.0,24.0,2.0,8179.0,4290,3889.0,0.0445434298440979,0.1199366372482462,8,63,3909.068789559242,3909.068789559242,31.0,0.06451612903225806,12.0,1.9999999979999998,0.9999999989999999,26.0,11.999999994,0.2178445060724873,0.0445434298440979,0.1199366372482462,0.05442176870711278,0.0,ga_meta,ga_meta,ga_meta,pl_rank,pl_rank,7,0.08224003354617204,25.999999973999998,5.999997006001494,0,1,0,0.0053423891870042735,314.5769109778111
7,12,865.9305130475818,1378.0,689.0,3403.0,9659.0,4735,4924.0,0.0,0.0,0,0,0.0,0.0,31.0,0.22580645161290322,98.42857142857143,283.5833333097014,0.5714285714013605,4092.0,0.20246841022621145,0.07631251793057281,0.0,0.0,0.0,0.0,ga_meta,ga_meta,ga_meta,pl_rank,pl_rank,6,0.0,2338.285714174367,0.34708870205002096,1,0,1,0.0,2.360459432463231
7,9,511.0619198341545,332.0,166.0,467.0,7953.0,1055,6898.0,0.626944837340877,0.5297245704935916,17,36,0.0,0.0,20.0,0.35,23.714285714285715,51.88888888312346,0.42857142855102043,633.0,0.355460385438211,0.23945682318064454,0.626944837340877,0.5297245704935916,0.11564625850261466,1.0,ga_meta,ga_meta,ga_meta,rw_rank_bfs,rw_rank_bfs,8,0.5783347039172343,271.28571427279593,0.4570204868074975,1,0,1,0.3321080846835707,12.563981022805716
4,3,905.0939355127696,714.0,119.0,102.0,7732.0,1050,6682.0,0.6287128712871287,0.5444505044995909,17,36,278768.93213793304,200025.75974832207,20.0,0.2,29.75,33.999999988666666,0.49999999991666666,221.0,1.1666666666552288,0.26059099168021416,0.6287128712871287,0.5444505044995909,0.11564625850261466,1.0,ga_meta,ga_meta,pl_rank,rw_rank_bfs,rw_rank_bfs,17,0.5865816878933598,110.49999998158333,0.8749999745563733,0,0,1,0.3423030399576636,34.9864251810569
2,1,301.1094999860071,63.0,21.0,25.0,8438.0,4329,4109.0,0.0358574610244989,0.0701516180131252,6,63,13851.036999356327,13851.036999356327,31.0,0.06451612903225806,10.5,24.999999974999998,0.9999999989999999,46.0,0.8399999999664,0.19307640814765226,0.0358574610244989,0.0701516180131252,0.04081632653033459,0.0,ga_meta,ga_meta,ga_meta,pl_rank,pl_rank,7,0.05300453951881205,45.999999953999996,0.4199999836200007,0,0,1,0.0025154589087111718,183.43477862098308
4,4,425.97917847259674,944.0,472.0,780.0,9659.0,4735,4924.0,0.0,0.0,0,0,0.0,0.0,31.0,0.12903225806451613,118.0,194.99999995125,0.6666666665555555,1252.0,0.6051282051274294,0.07631251793057281,0.0,0.0,0.0,0.0,ga_meta,mip,mip,pl_rank,rw_rank_bfs,11,0.0,834.6666665275555,0.6051282021762656,0,0,1,0.0,7.714856223869923
4,4,643.1928593238326,592.0,296.0,932.0,9625.0,4944,4681.0,0.0,0.0,0,0,0.0,0.0,31.0,0.12903225806451613,74.0,232.99999994175,0.6666666665555555,1228.0,0.3175965665232644,0.0795639284689682,0.0,0.0,0.0,0.0,ga_meta,mip,ga_meta,rw_rank_bfs,rw_rank_bfs,11,0.0,818.6666665302222,0.3175965652399289,0,0,1,0.0,7.837947876353462
5,5,112.521247410367,2436.0,203.0,272.0,10932.0,1761,9171.0,0.3216486902927581,0.3620173913043478,4,36,90804.64666016617,53447.59251992432,20.0,0.25,40.6,54.39999998912,0.49999999995,475.0,0.7463235294090209,-0.04542411781581723,0.3216486902927581,0.3620173913043478,0.02721088435355639,1.0,ga_meta,rw_rank_bfs,ga_meta,rw_rank_bfs,rw_rank_bfs,17,0.3418330407985529,237.49999997625,0.7463235158418472,1,0,1,0.11644241977624438,23.014736793653185
4,5,304.53223018485977,594.0,297.0,1120.0,9202.0,4586,4616.0,0.0,0.0,0,0,0.0,0.0,31.0,0.12903225806451613,74.25,223.9999999552,0.8333333331944445,1417.0,0.2651785714283347,0.12001530075547484,0.0,0.0,0.0,0.0,ga_meta,mip,ga_meta,rw_rank_bfs,ga_meta,2,0.0,1180.833333136528,0.3314732128722178,0,0,1,0.0,6.494001406849681
7,10,1877.445669276959,1892.0,172.0,468.0,8135.0,1238,6897.0,0.5622347949080622,0.5297927461139896,13,36,2506389.96848474,1201565.228337254,20.0,0.35,24.571428571428573,46.79999999532,0.47619047616780047,640.0,0.36752136752058223,0.22205221382805773,0.5622347949080622,0.5297927461139896,0.08843537414905826,1.0,ga_meta,ga_meta,ga_meta,rw_rank_bfs,pl_rank,13,0.546013770511026,304.7619047473923,0.5250305138644275,1,0,1,0.29786791595517803,12.71093748013916
7,12,340.935078484167,1722.0,861.0,2815.0,17304.0,2649,14655.0,0.0,0.0,0,0,0.0,0.0,20.0,0.35,123.0,234.58333331378472,0.5714285714013605,3676.0,0.30586145648301744,-0.6547767045997896,0.0,0.0,0.0,1.0,ga_meta,mip,mcts,pl_rank,rw_rank_bfs,17,0.0,2100.5714284714013,0.524333923208168,1,0,1,0.0,4.707290531907701
6,5,462.2878075350213,1134.0,567.0,1227.0,17304.0,2649,14655.0,0.0,0.0,0,0,0.0,0.0,20.0,0.3,94.5,245.39999995092,0.3333333333111111,1794.0,0.46210268948617594,-0.6547767045997896,0.0,0.0,0.0,1.0,ga_meta,mip,ga_meta,pl_rank,sa_meta,15,0.0,597.9999999601333,0.3850855730799284,1,0,1,0.0,9.645484944456252
7,14,160.5539384272126,1484.0,742.0,3262.0,17304.0,2649,14655.0,0.0,0.0,0,0,0.0,0.0,20.0,0.35,106.0,232.99999998335713,0.6666666666349206,4004.0,0.22746781115872855,-0.6547767045997896,0.0,0.0,0.0,1.0,ga_meta,ga_meta,mip,pl_rank,mip,8,0.0,2669.333333206222,0.4549356203975786,1,0,1,0.0,4.3216783205989815
6,8,550.4893419792496,1168.0,584.0,2346.0,9625.0,4944,4681.0,0.0,0.0,0,0,0.0,0.0,31.0,0.1935483870967742,97.33333333333333,293.2499999633437,0.5333333332977778,2930.0,0.24893435635113004,0.0795639284689682,0.0,0.0,0.0,0.0,ga_meta,mip,ga_meta,rw_rank_bfs,rw_rank_bfs,7,0.0,1562.666666562489,0.33191247404462926,1,0,1,0.0,3.284982934032429
6,9,254.60123897600369,1116.0,558.0,2609.0,9202.0,4586,4616.0,0.0,0.0,0,0,0.0,0.0,31.0,0.1935483870967742,93.0,289.888888856679,0.59999999996,3167.0,0.21387504791099507,0.12001530075547484,0.0,0.0,0.0,0.0,ga_meta,ga_meta,mip,rw_rank_bfs,pl_rank,3,0.0,1900.19999987332,0.32081257079558717,1,0,1,0.0,2.9055888844630284
8,14,671.0098725711038,738.0,369.0,1062.0,10719.0,1831,8888.0,0.2946841294298922,0.381704347826087,3,36,0.0,0.0,20.0,0.4,46.125,75.85714285172449,0.49999999998214284,1431.0,0.3474576271183169,-0.025054987089987657,0.2946841294298922,0.381704347826087,0.020408163265167294,1.0,ga_meta,mcts,pso_meta,rw_rank_bfs,pso_meta,10,0.3381942386279896,715.4999999744464,0.6080508394853232,2,0,1,0.1124822134387352,7.490566032501351
2,1,812.690520982483,60.0,15.0,26.0,8027.0,4303,3724.0,0.0416481069042316,0.1572754016745869,7,63,33320.311360281805,33320.311360281805,31.0,0.06451612903225806,7.5,25.999999973999998,0.9999999989999999,41.0,0.5769230769008876,0.23238022377354883,0.0416481069042316,0.1572754016745869,0.04761904761872368,0.0,ga_meta,ga_meta,ga_meta,pl_rank,pl_rank,5,0.09946175428940925,40.99999995899999,0.28846152765532584,0,0,1,0.00655022274234916,195.78048302974432
6,9,391.7323226629762,1162.0,581.0,2405.0,17304.0,2649,14655.0,0.0,0.0,0,0,0.0,0.0,20.0,0.3,96.83333333333333,267.22222219253086,0.59999999996,2986.0,0.24158004157994112,-0.6547767045997896,0.0,0.0,0.0,1.0,ga_meta,ga_meta,mip,pl_rank,mip,9,0.0,1791.5999998805598,0.3623700610542631,1,0,1,0.0,5.7950435345629465
4,3,531.7518580667729,592.0,296.0,649.0,9625.0,4944,4681.0,0.0,0.0,0,0,0.0,0.0,31.0,0.12903225806451613,74.0,216.3333332612222,0.49999999991666666,945.0,0.4560862865940584,0.0795639284689682,0.0,0.0,0.0,0.0,ga_meta,mip,ga_meta,rw_rank_bfs,rw_rank_bfs,6,0.0,472.49999992125,0.34206471347889966,0,0,1,0.0,10.185185174407211
7,10,308.74207685736656,386.0,193.0,555.0,7906.0,1170,6736.0,0.5862800565770863,0.5407690209980911,15,36,0.0,0.0,20.0,0.35,27.571428571428573,55.49999999445,0.47619047616780047,748.0,0.3477477477471212,0.2439514201013675,0.5862800565770863,0.5407690209980911,0.10204081632583646,1.0,ga_meta,ga_meta,mip,rw_rank_bfs,mip,8,0.5635245387875887,356.19047617351475,0.49678248788113927,1,0,1,0.3170420922258964,10.569518702447168
4,3,145.4213319345366,171.0,19.0,36.0,8193.0,4294,3899.0,0.043652561247216,0.1176736818284679,9,62,13233.34120604283,7998.173256399513,31.0,0.12903225806451613,4.75,11.999999996,0.49999999991666666,55.0,0.5277777777631173,0.21650568996844222,0.043652561247216,0.1176736818284679,0.06122448979550188,0.0,ga_meta,mip,ga_meta,pl_rank,pl_rank,4,0.08066312153784194,27.499999995416665,0.3958333004791694,0,0,1,0.005136757603202603,148.96363365520668
2,1,801.24006490012,288.0,24.0,8.0,7807.0,4239,3568.0,0.055902004454343,0.1925775062231274,11,58,25639.68207680384,25639.68207680384,31.0,0.06451612903225806,12.0,7.999999991999999,0.9999999989999999,32.0,2.999999999625,0.25341876255140094,0.055902004454343,0.1925775062231274,0.07482993197228008,0.0,ga_meta,ga_meta,ga_meta,pl_rank,pl_rank,8,0.12423975533873519,31.999999967999997,1.4999998140000232,0,1,0,0.010765468610691534,243.96874237597683
4,5,46.877694327468326,830.0,415.0,1057.0,9202.0,4586,4616.0,0.0,0.0,0,0,0.0,0.0,31.0,0.12903225806451613,103.75,211.39999995771998,0.8333333331944445,1472.0,0.39262062440833245,0.12001530075547484,0.0,0.0,0.0,0.0,ga_meta,pl_rank,ga_meta,rw_rank_bfs,pl_rank,4,0.0,1226.6666664622223,0.49077577828748453,0,0,1,0.0,6.2513586914053265
4,5,168.3358711736944,208.0,104.0,285.0,8489.0,1445,7044.0,0.4890381895332391,0.5197709299154623,14,36,0.0,0.0,20.0,0.2,26.0,56.9999999886,0.8333333331944445,389.0,0.364912280700474,0.18819929234005928,0.4890381895332391,0.5197709299154623,0.09523809523744736,1.0,ga_meta,rw_rank_bfs,mip,rw_rank_bfs,pl_rank,17,0.5044045597243507,324.1666666126389,0.4561403429659589,0,0,1,0.25418783453786575,21.822622051869867
6,8,268.6210124980085,310.0,155.0,473.0,9319.0,1350,7969.0,0.5226308345120226,0.4567084810471775,13,36,0.0,0.0,20.0,0.3,25.833333333333332,59.124999992609375,0.5333333332977778,628.0,0.327695560253007,0.1088266233145262,0.5226308345120226,0.4567084810471775,0.08843537414905826,1.0,ga_meta,mip,mcts,rw_rank_bfs,pl_rank,11,0.48966965777960003,334.93333331100445,0.43692740633632293,1,0,1,0.23868993457840465,14.839171950893038
4,4,114.6585888445059,854.0,427.0,1172.0,9202.0,4586,4616.0,0.0,0.0,0,0,0.0,0.0,31.0,0.12903225806451613,106.75,292.99999992675,0.6666666665555555,1599.0,0.3643344709894502,0.12001530075547484,0.0,0.0,0.0,0.0,ga_meta,pl_rank,ga_meta,rw_rank_bfs,pl_rank,2,0.0,1065.9999998223332,0.3643344698373824,0,0,1,0.0,5.754846775637994
10,22,734.5122842340511,968.0,0.0,44.0,3121.0,919,2202.0,0.2341666666666666,0.9388333333333332,7,16,237636.32725219295,94438.83678026924,,,0.0,1.999999999909091,0.48888888887802473,44.0,0.0,0.701539638519652,0.2341666666666666,0.9388333333333332,0.04761904761872368,,d_round,mip,mip,rw_rank_bfs,mip,7,0.5864999999999999,21.511111110633088,0.0,2,0,1,0.21984347222222214,70.93181656973145
7,10,320.6788047038289,181.0,13.0,9.0,2556.0,652,1866.0,0.4566666666666666,0.9481666666666668,46,16,0.0,0.0,,,1.8571428571428572,0.89999999991,0.47619047616780047,22.0,1.4444444442839506,0.755570431290045,0.4566666666666666,0.9481666666666668,0.3129251700658985,,mip,mip,mip,pl_rank,mip,1,0.7024166666666667,10.47619047569161,2.063489770932,1,1,0,0.43299611111111114,116.18181290082669
8,14,49.73345613365653,356.0,6.0,22.0,3121.0,919,2202.0,0.2341666666666666,0.9388333333333332,18,16,16090.235807947698,6394.405984949396,,,0.75,1.5714285713163265,0.49999999998214284,28.0,0.272727272714876,0.701539638519652,0.2341666666666666,0.9388333333333332,0.12244897959100376,,d_round,mip,mip,rw_rank_bfs,mip,7,0.5864999999999999,13.9999999995,0.4772724235880032,2,0,1,0.21984347222222214,111.4642817334185
5,5,538.225229833681,80.0,16.0,0.0,2556.0,652,1866.0,0.4566666666666666,0.9481666666666668,54,16,0.0,0.0,,,3.2,0.0,0.49999999995,16.0,15999999999.999998,0.755570431290045,0.4566666666666666,0.9481666666666668,0.3673469387730113,,mip,mip,mip,pl_rank,mip,1,0.7024166666666667,7.9999999992,3200000.0000000005,1,1,0,0.43299611111111114,159.74999001562563
7,10,1139.3501231624953,510.0,10.0,44.0,2556.0,652,1866.0,0.4566666666666666,0.9481666666666668,30,16,0.0,0.0,,,1.4285714285714286,4.39999999956,0.47619047616780047,54.0,0.227272727267562,0.755570431290045,0.4566666666666666,0.9481666666666668,0.20408163265167292,,ga_meta,mip,mip,pl_rank,mip,6,0.7024166666666667,25.714285713061226,0.3246752509179624,1,0,1,0.43299611111111114,47.33333245679014
8,19,858.2087730001672,1932.0,966.0,4977.0,17304.0,2649,14655.0,0.0,0.0,0,0,0.0,0.0,20.0,0.4,120.75,261.9473684072659,0.6785714285471939,5943.0,0.1940928270041804,-0.6547767045997896,0.0,0.0,0.0,1.0,ga_meta,ga_meta,mip,pl_rank,rw_rank_bfs,13,0.0,4032.7499998559733,0.46097046239949996,2,0,1,0.0,2.9116607768952276
4,5,29.325622328538273,216.0,108.0,232.0,8621.0,1346,7275.0,0.4838957055214724,0.4680073126142596,11,36,0.0,0.0,20.0,0.2,27.0,46.39999999072,0.8333333331944445,340.0,0.4655172413773038,0.17557616907334794,0.4838957055214724,0.4680073126142596,0.07482993197228008,1.0,ga_meta,sa_meta,rw_rank_bfs,pl_rank,rw_rank_bfs,12,0.475951509067866,283.3333332861111,0.5818965392996436,0,0,1,0.2264667287266854,25.35588227836505
6,8,693.1907098600102,330.0,165.0,471.0,8503.0,1511,6992.0,0.4206288343558282,0.4887020109689214,10,29,0.0,0.0,20.0,0.3,27.5,58.874999992640625,0.5333333332977778,636.0,0.35031847133683586,0.1868604762360142,0.4206288343558282,0.4887020109689214,0.06802721088389098,1.0,ga_meta,ga_meta,pso_meta,pl_rank,pso_meta,9,0.4546654226623748,339.19999997738665,0.4670912872415493,1,0,1,0.20556215722120658,13.369496834324691
4,5,85.53337504436854,816.0,408.0,1473.0,17304.0,2649,14655.0,0.0,0.0,0,0,0.0,0.0,20.0,0.2,102.0,294.59999994108,0.8333333331944445,1881.0,0.27698574338066734,-0.6547767045997896,0.0,0.0,0.0,1.0,ga_meta,ga_meta,ga_meta,pl_rank,sa_meta,16,0.0,1567.4999997387501,0.3462321781200537,0,0,1,0.0,9.199362036576629
8,12,598.5064510869279,1354.0,677.0,3178.0,9659.0,4735,4924.0,0.0,0.0,0,0,0.0,0.0,31.0,0.25806451612903225,84.625,264.8333333112639,0.42857142855612246,3855.0,0.21302706104461516,0.07631251793057281,0.0,0.0,0.0,0.0,mip,mip,mip,pl_rank,pl_rank,4,0.0,1652.142857083852,0.3195405903870792,2,0,1,0.0,2.5055771718532873
9,18,1034.9115963845345,918.0,4.0,49.0,2556.0,652,1866.0,0.4566666666666666,0.9481666666666668,15,16,380752.1466645784,160043.63147772936,,,0.4444444444444444,2.7222222220709877,0.49999999998611117,53.0,0.08163265305955852,0.755570431290045,0.4566666666666666,0.9481666666666668,0.10204081632583646,,d_round,mip,mip,pl_rank,mip,7,0.7024166666666667,26.499999999263892,0.16326524615653087,2,0,1,0.43299611111111114,48.22641418440728
4,3,142.99794003185966,155.0,31.0,51.0,8560.0,4648,3912.0,0.0463684858432499,0.1550755939524838,9,63,30458.561226786107,11725.831082612493,31.0,0.12903225806451613,7.75,16.999999994333333,0.49999999991666666,82.0,0.6078431372429836,0.18140958209811608,0.0463684858432499,0.1550755939524838,0.06122448979550188,0.0,ga_meta,rw_rank_bfs,rw_rank_bfs,pl_rank,rw_rank_bfs,7,0.10072203989786685,40.99999999316667,0.4558823262765298,0,0,1,0.007190620482819315,104.39024262938729
4,3,718.4470937408524,360.0,40.0,44.0,16099.0,2508,13591.0,0.0929475587703435,0.0548678720445062,10,35,74718.49774904865,60349.555874231606,20.0,0.2,10.0,14.666666661777777,0.49999999991666666,84.0,0.909090909070248,-0.5395428899301904,0.0929475587703435,0.0548678720445062,0.06802721088389098,1.0,ga_meta,mip,ga_meta,pl_rank,ga_meta,20,0.07390771540742486,41.999999993,0.6818181355578544,0,0,1,0.005099834761460427,191.65475962315762
4,5,221.75333457043297,1079.0,83.0,195.0,7520.0,1204,6316.0,0.5742574257425743,0.5694027815653122,17,36,123516.60735573116,61647.427010580366,20.0,0.2,20.75,38.9999999922,0.8333333331944445,278.0,0.4256410256388429,0.28086449268432634,0.5742574257425743,0.5694027815653122,0.11564625850261466,1.0,ga_meta,pl_rank,ga_meta,rw_rank_bfs,sa_meta,17,0.5718301036539433,231.66666662805557,0.5320512685153521,0,0,1,0.3269837755523575,27.050359614926766
4,5,364.4909446752792,828.0,414.0,1321.0,9625.0,4944,4681.0,0.0,0.0,0,0,0.0,0.0,31.0,0.12903225806451613,103.5,264.19999994716,0.8333333331944445,1735.0,0.3133989401965834,0.0795639284689682,0.0,0.0,0.0,0.0,ga_meta,rw_rank_bfs,mcts,rw_rank_bfs,rw_rank_bfs,8,0.0,1445.833333092361,0.3917486738416023,0,0,1,0.0,5.547550429079221
7,14,256.3573213852533,508.0,254.0,1244.0,9350.0,1166,8184.0,0.5508474576271186,0.4306782608695652,7,35,0.0,0.0,20.0,0.35,36.285714285714285,88.85714285079592,0.6666666666349206,1498.0,0.20418006430851754,0.10586210194128332,0.5508474576271186,0.4306782608695652,0.04761904761872368,1.0,ga_meta,mip,mip,rw_rank_bfs,mip,9,0.4907628592483419,998.6666666191111,0.40836012405083916,1,0,1,0.23723802505526895,6.241655536554301
3,2,278.1739498312324,142.0,71.0,158.0,7749.0,1410,6339.0,0.4593558282208588,0.5364533820840951,11,33,0.0,0.0,20.0,0.15,23.666666666666668,78.99999996049999,0.6666666664444444,229.0,0.4493670886047509,0.25896528641101657,0.4593558282208588,0.5364533820840951,0.07482993197228008,1.0,ga_meta,mip,mip,pl_rank,pl_rank,10,0.4979046051524769,152.66666661577776,0.29957805542939175,0,0,1,0.24642298762912032,33.838427799832196
4,4,381.8939545875692,240.0,40.0,53.0,15975.0,2417,13558.0,0.1258589511754069,0.0571627260083449,14,36,46972.95641427101,35516.13777664393,20.0,0.2,10.0,13.2499999966875,0.6666666665555555,93.0,0.7547169811178356,-0.5276848044372191,0.1258589511754069,0.0571627260083449,0.09523809523744736,1.0,ga_meta,pl_rank,mip,pl_rank,sa_meta,9,0.0915108385918759,61.99999998966666,0.7547169243609869,0,0,1,0.007194440741737443,171.77419170135278
3,2,904.7047454982772,120.0,15.0,33.0,16316.0,2568,13748.0,0.07124773960217,0.0439499304589707,9,36,43425.8277839173,43425.8277839173,20.0,0.15,5.0,16.49999999175,0.6666666664444444,48.0,0.4545454545316805,-0.56029453954289,0.07124773960217,0.0439499304589707,0.06122448979550188,1.0,ga_meta,ga_meta,ga_meta,pl_rank,ga_meta,9,0.05759883503057035,31.999999989333332,0.30303028481634636,0,0,1,0.0031313332008742244,339.9166595850696
2,1,51.54842644184209,136.0,17.0,5.0,16460.0,2570,13890.0,0.0705244122965641,0.0340751043115438,8,36,1134.065381720526,1134.065381720526,20.0,0.1,8.5,4.999999995,0.9999999989999999,22.0,3.39999999932,-0.5740652194702114,0.0705244122965641,0.0340751043115438,0.05442176870711278,1.0,ga_meta,ga_meta,mip,pl_rank,mip,16,0.05229975830405395,21.999999977999998,1.6999996617000674,0,1,0,0.002403126705515744,748.1817841735552
3,1,14.460952759182934,45.0,1.0,42.0,3608.0,956,2592.0,0.2033333333333333,0.928,19,16,0.0,0.0,,,0.3333333333333333,41.999999958,0.3333333332222222,43.0,0.023809523808956918,0.6549679640432247,0.2033333333333333,0.928,0.12925170067939284,,mip,mip,mip,pl_rank,mip,3,0.5656666666666667,14.333333328555554,0.007936507755479974,0,0,1,0.18869333333333332,83.90697479286105
7,13,1025.8724883723823,1476.0,738.0,3270.0,9659.0,4735,4924.0,0.0,0.0,0,0,0.0,0.0,31.0,0.22580645161290322,105.42857142857143,251.53846151911242,0.6190476190181405,4008.0,0.2256880733944264,0.07631251793057281,0.0,0.0,0.0,0.0,ga_meta,mip,ga_meta,pl_rank,pl_rank,8,0.0,2481.142857024707,0.41913499181287533,1,0,1,0.0,2.409930139119279
5,5,46.546478817052325,210.0,19.0,23.0,3121.0,919,2202.0,0.2341666666666666,0.9388333333333332,4,16,15059.15491139928,5984.64506319836,,,3.8,4.59999999908,0.49999999995,42.0,0.8260869564858223,0.701539638519652,0.2341666666666666,0.9388333333333332,0.02721088435355639,,d_round,mip,mip,rw_rank_bfs,mip,7,0.5864999999999999,20.999999997899998,0.8260867771028745,1,0,1,0.21984347222222214,74.30952204024948
2,0,153.55155418265613,32.0,16.0,37.0,3013.0,795,2170.0,0.3375,0.9397222222222222,23,16,50855.42168110581,20192.029375019283,,,8.0,37000000000.0,0.0,53.0,0.4324324324207451,0.7118676484651429,0.3375,0.9397222222222222,0.15646258503294924,,d_round,mip,mip,pl_rank,mip,7,0.6386111111111111,0.0,2.1621621621621621e-10,0,0,1,0.31715625000000003,56.8490555311499
6,8,665.3227175451742,774.0,387.0,2282.0,17304.0,2649,14655.0,0.0,0.0,0,0,0.0,0.0,20.0,0.3,64.5,285.2499999643438,0.5333333332977778,2669.0,0.1695880806309511,-0.6547767045997896,0.0,0.0,0.0,1.0,ga_meta,mip,ga_meta,pl_rank,pl_rank,13,0.0,1423.4666665717689,0.2261174400769327,1,0,1,0.0,6.48332708636818
8,14,84.27389801158485,292.0,19.0,10.0,2671.0,586,1993.0,0.5116666666666667,0.9446388888888888,29,16,0.0,0.0,,,2.375,0.7142857142346939,0.49999999998214284,29.0,1.89999999981,0.7445730132925313,0.5116666666666667,0.9446388888888888,0.19727891156328384,,ga_meta,mip,mip,rw_rank_bfs,mip,6,0.7281527777777778,14.499999999482142,3.324995345244016,2,1,0,0.4833402314814815,92.1034450998812
9,24,69.29341056812319,754.0,377.0,1743.0,10406.0,1475,8931.0,0.4318181818181817,0.3787130434782608,5,36,0.0,0.0,20.0,0.45,41.888888888888886,72.62499999697395,0.6666666666481482,2120.0,0.21629374641410426,0.00487711580759298,0.4318181818181817,0.3787130434782608,0.03401360544194549,1.0,ga_meta,rw_rank_bfs,sa_meta,rw_rank_bfs,pl_rank,9,0.40526561264822125,1413.3333332940742,0.5767833158533693,2,0,1,0.16353517786561259,4.9084905637224105
7,11,74.05441651711399,1530.0,153.0,568.0,8689.0,1176,7513.0,0.5490797546012269,0.4506032906764168,13,36,91457.20439863576,53393.234308839186,20.0,0.35,21.857142857142858,51.63636363166942,0.5238095237845805,721.0,0.26936619718262433,0.16907334799655738,0.5490797546012269,0.4506032906764168,0.08843537414905826,1.0,ga_meta,rw_rank_bfs,sa_meta,pl_rank,sa_meta,10,0.49984152263882187,377.6666666486825,0.42328973027155203,1,0,1,0.24741714426711225,12.051317597709684
10,27,23.367450878667313,756.0,378.0,2248.0,9662.0,1640,8022.0,0.3682588597842835,0.4419478260869565,4,36,0.0,0.0,20.0,0.5,37.8,83.25925925617558,0.5999999999866668,2626.0,0.16814946619209603,0.0760256287654203,0.3682588597842835,0.4419478260869565,0.02721088435355639,1.0,ga_meta,sa_meta,ga_meta,rw_rank_bfs,pl_rank,13,0.40510334293562,1575.5999999649869,0.45400355328278647,2,0,1,0.16275120251892541,3.679360242315552
8,14,111.85887314465836,214.0,4.0,13.0,3608.0,956,2592.0,0.2033333333333333,0.928,24,16,0.0,0.0,,,0.5,0.928571428505102,0.49999999998214284,17.0,0.30769230766863903,0.6549679640432247,0.2033333333333333,0.928,0.16326530612133835,,mip,mip,mip,pl_rank,mip,1,0.5656666666666667,8.499999999696428,0.5384609586189676,2,0,1,0.18869333333333332,212.2352816332187
5,6,408.2273176679187,848.0,424.0,1366.0,17304.0,2649,14655.0,0.0,0.0,0,0,0.0,0.0,20.0,0.25,84.8,227.66666662872223,0.59999999994,1790.0,0.31039531478747406,-0.6547767045997896,0.0,0.0,0.0,1.0,ga_meta,sa_meta,mip,pl_rank,pso_meta,10,0.0,1073.9999998926,0.3724743761712692,1,0,1,0.0,9.66703910074467
3,1,336.7512906029389,64.0,11.0,31.0,3121.0,919,2202.0,0.2341666666666666,0.9388333333333332,24,16,0.0,0.0,,,3.6666666666666665,30.999999968999997,0.3333333332222222,42.0,0.3548387096659729,0.701539638519652,0.2341666666666666,0.9388333333333332,0.16326530612133835,,ga_meta,mip,mip,rw_rank_bfs,mip,6,0.5864999999999999,13.999999995333333,0.1182795661952828,0,0,1,0.21984347222222214,74.30952204024948
2,1,372.9926757337478,30.0,10.0,26.0,15962.0,2537,13425.0,0.0824593128390597,0.0664116828929067,9,33,13427.73632641492,13427.73632641492,20.0,0.1,5.0,25.999999973999998,0.9999999989999999,36.0,0.3846153846005917,-0.5264416180548914,0.0824593128390597,0.0664116828929067,0.06122448979550188,1.0,ga_meta,ga_meta,d_round,pl_rank,d_round,10,0.0744354978659832,35.999999964,0.19230768510355056,0,0,1,0.005476261735834624,443.3888765725312
6,6,897.8141498092632,1080.0,135.0,282.0,8590.0,1238,7352.0,0.5622347949080622,0.4987728388328334,15,36,839456.2300716611,374388.5004704628,20.0,0.3,22.5,46.999999992166664,0.39999999997333335,417.0,0.4787234042536216,0.17854069044659082,0.5622347949080622,0.4987728388328334,0.10204081632583646,1.0,ga_meta,mip,mip,rw_rank_bfs,mip,14,0.5305038168704478,166.79999998888002,0.4787233941495023,1,0,1,0.28042744474689,20.599520334293718
4,3,931.2292077661882,375.0,25.0,57.0,8223.0,4353,3870.0,0.030512249443207,0.1242362525458248,7,63,208595.34253962617,76360.79503682743,31.0,0.12903225806451613,6.25,18.999999993666666,0.49999999991666666,82.0,0.43859649122037553,0.21363679831691684,0.030512249443207,0.1242362525458248,0.04761904761872368,0.0,ga_meta,pl_rank,ga_meta,pl_rank,pl_rank,6,0.07737425099451589,40.99999999316667,0.32894735121768326,0,0,1,0.003790727527567467,100.28048658194528
4,4,248.54969494481912,858.0,429.0,1125.0,17304.0,2649,14655.0,0.0,0.0,0,0,0.0,0.0,20.0,0.2,107.25,281.2499999296875,0.6666666665555555,1554.0,0.38133333333299435,-0.6547767045997896,0.0,0.0,0.0,1.0,ga_meta,sa_meta,mcts,pl_rank,sa_meta,14,0.0,1035.9999998273333,0.38133333207281483,0,0,1,0.0,11.135135127969667
9,19,79.50601052950354,714.0,357.0,1504.0,10406.0,1475,8931.0,0.4318181818181817,0.3787130434782608,5,36,0.0,0.0,20.0,0.45,39.666666666666664,79.1578947326759,0.5277777777631173,1861.0,0.2373670212764379,0.00487711580759298,0.4318181818181817,0.3787130434782608,0.03401360544194549,1.0,ga_meta,mip,ga_meta,rw_rank_bfs,pl_rank,16,0.40526561264822125,982.1944444171613,0.5011081497242543,2,0,1,0.16353517786561259,5.591617406989996
4,3,624.8642961706566,600.0,120.0,139.0,8032.0,1217,6815.0,0.5696605374823196,0.5353831469866376,16,36,304933.7765312804,161839.85270820008,20.0,0.2,30.0,46.333333317888886,0.49999999991666666,259.0,0.8633093525117748,0.2319020751649613,0.5696605374823196,0.5353831469866376,0.10884353741422556,1.0,ga_meta,mip,pl_rank,rw_rank_bfs,pl_rank,14,0.5525218422344786,129.49999997841667,0.6474820006298849,0,0,1,0.3049866512713837,31.01158289184717
8,14,15.350885463814084,1400.0,700.0,4144.0,9202.0,4586,4616.0,0.0,0.0,0,0,0.0,0.0,31.0,0.25806451612903225,87.5,295.99999997885715,0.49999999998214284,4844.0,0.16891891891887814,0.12001530075547484,0.0,0.0,0.0,0.0,ga_meta,ga_meta,ga_meta,rw_rank_bfs,ga_meta,1,0.0,2421.9999999135,0.2956081071305469,2,0,1,0.0,1.8996696940752125
8,11,473.05086654002577,724.0,362.0,808.0,9283.0,1565,7718.0,0.3971494607087827,0.463095652173913,5,36,0.0,0.0,20.0,0.4,45.25,73.45454544786777,0.39285714284311224,1170.0,0.44801980197964353,0.11226929329635649,0.3971494607087827,0.463095652173913,0.03401360544194549,1.0,ga_meta,ga_meta,ga_meta,rw_rank_bfs,pl_rank,10,0.4301225564413479,459.6428571264413,0.6160272193922656,2,0,1,0.18391818851745156,7.934188027406676
5,4,113.23018001622512,256.0,32.0,50.0,16169.0,2487,13682.0,0.1005424954792043,0.0485396383866481,12,36,18343.28916262847,9284.87476133046,20.0,0.25,6.4,12.499999996875,0.39999999996,82.0,0.6399999999872,-0.546236970450416,0.1005424954792043,0.0485396383866481,0.08163265306066918,1.0,ga_meta,pl_rank,mip,pl_rank,sa_meta,9,0.0745410669329262,32.799999996720004,0.5119999591680033,1,0,1,0.004880296373051778,197.1829244245985
5,7,171.6977764736158,824.0,412.0,1750.0,9659.0,4735,4924.0,0.0,0.0,0,0,0.0,0.0,31.0,0.16129032258064516,82.4,249.9999999642857,0.69999999993,2162.0,0.2354285714284369,0.07631251793057281,0.0,0.0,0.0,0.0,ga_meta,sa_meta,ga_meta,pl_rank,pl_rank,5,0.0,1513.39999984866,0.3295999987286858,1,0,1,0.0,4.467622569626447
8,12,175.08114936243655,1762.0,881.0,3413.0,9659.0,4735,4924.0,0.0,0.0,0,0,0.0,0.0,31.0,0.25806451612903225,110.125,284.41666664296525,0.42857142855612246,4294.0,0.25813067682383295,0.07631251793057281,0.0,0.0,0.0,0.0,pso_meta,pl_rank,pso_meta,pl_rank,pl_rank,2,0.0,1840.2857142199898,0.38719601390676034,2,0,1,0.0,2.24941779174443
7,10,1371.7230084156,108.0,4.0,8.0,3013.0,795,2170.0,0.3375,0.9397222222222222,26,16,0.0,0.0,,,0.5714285714285714,0.79999999992,0.47619047616780047,12.0,0.4999999999375,0.7118676484651429,0.3375,0.9397222222222222,0.17687074829811653,,ga_meta,mip,mip,pl_rank,mip,6,0.6386111111111111,5.714285714013606,0.7142848215011158,1,0,1,0.31715625000000003,251.083312409724
5,9,1046.007603664635,48.0,24.0,172.0,8641.0,4682,3959.0,0.0393926959376282,0.1449244060475162,7,51,0.0,0.0,31.0,0.16129032258064516,4.8,19.111111108987654,0.89999999991,196.0,0.139534883720119,0.17366357463899784,0.0393926959376282,0.1449244060475162,0.04761904761872368,0.0,mip,mip,mip,pl_rank,mip,1,0.0921585509925722,176.39999998236001,0.25116277758334304,1,0,1,0.005708963061371171,44.08673446894523
3,2,587.1133885538862,552.0,69.0,93.0,6567.0,648,5919.0,0.7515337423312883,0.5671663619744058,18,36,147952.57391557933,95112.36894572955,20.0,0.15,23.0,46.49999997675,0.6666666664444444,162.0,0.7419354838629899,0.3719996174811131,0.7515337423312883,0.5671663619744058,0.12244897959100376,1.0,ga_meta,mip,d_round,pl_rank,d_round,20,0.659350052152847,107.999999964,0.4946236455242227,0,0,1,0.4262446585390473,40.537036786808414
5,4,294.00719298993613,448.0,32.0,63.0,16038.0,2410,13628.0,0.1283905967450271,0.0522948539638387,11,34,40278.98543962125,27930.683334043933,20.0,0.25,6.4,15.749999996062499,0.39999999996,95.0,0.5079365079284455,-0.5337094769054223,0.1283905967450271,0.0522948539638387,0.07482993197228008,1.0,ga_meta,mip,mip,pl_rank,pl_rank,15,0.0903427253544329,37.9999999962,0.40634918065084574,1,0,1,0.006714167507111296,168.82105085451525
5,7,9.60103289007868,1168.0,584.0,1594.0,9625.0,4944,4681.0,0.0,0.0,0,0,0.0,0.0,31.0,0.16129032258064516,116.8,227.7142856817551,0.69999999993,2178.0,0.3663739021327689,0.0795639284689682,0.0,0.0,0.0,0.0,ga_meta,rw_rank_bfs,ga_meta,rw_rank_bfs,rw_rank_bfs,4,0.0,1524.59999984754,0.512923460806986,1,0,1,0.0,4.419191917162905
9,18,527.9444876436582,297.0,3.0,15.0,3121.0,919,2202.0,0.2341666666666666,0.9388333333333332,10,16,170805.56953177176,67879.68610983093,,,0.3333333333333333,0.8333333332870371,0.49999999998611117,18.0,0.19999999998666668,0.701539638519652,0.2341666666666666,0.9388333333333332,0.06802721088389098,,d_round,mip,mip,rw_rank_bfs,mip,7,0.5864999999999999,8.99999999975,0.3999995200227981,2,0,1,0.21984347222222214,173.38887925617337
6,10,31.757903967896446,930.0,465.0,2153.0,9659.0,4735,4924.0,0.0,0.0,0,0,0.0,0.0,31.0,0.1935483870967742,77.5,215.29999997847,0.6666666666222222,2618.0,0.21597770552707107,0.07631251793057281,0.0,0.0,0.0,0.0,ga_meta,mip,ga_meta,pl_rank,pl_rank,7,0.0,1745.3333332169777,0.3599628409093691,1,0,1,0.0,3.6894575998130414
9,20,71.62651006024915,778.0,389.0,1552.0,10803.0,1513,9290.0,0.4171802773497689,0.3537391304347825,5,36,0.0,0.0,20.0,0.45,43.22222222222222,77.59999999612,0.5555555555401235,1941.0,0.25064432989674573,-0.033087883714258304,0.4171802773497689,0.3537391304347825,0.03401360544194549,1.0,ga_meta,mip,ga_meta,rw_rank_bfs,rw_rank_bfs,8,0.3854597038922757,1078.3333333033797,0.5569873926210817,2,0,1,0.14757298854424866,5.5656877869316395
7,11,3680.187157976952,336.0,168.0,555.0,8740.0,1348,7392.0,0.5233380480905233,0.4960458140169075,12,36,0.0,0.0,20.0,0.35,24.0,50.45454544995868,0.5238095237845805,723.0,0.3027027027021573,0.1641962321889643,0.5233380480905233,0.4960458140169075,0.08163265306066918,1.0,ga_meta,ga_meta,pl_rank,rw_rank_bfs,pl_rank,8,0.5096919310537154,378.7142856962517,0.4756756662911129,1,0,1,0.2595996480710831,12.08852003860509
8,11,15.723098415478956,1872.0,936.0,3037.0,9625.0,4944,4681.0,0.0,0.0,0,0,0.0,0.0,31.0,0.25806451612903225,117.0,276.0909090658099,0.39285714284311224,3973.0,0.30819888047405064,0.0795639284689682,0.0,0.0,0.0,0.0,ga_meta,sa_meta,ga_meta,rw_rank_bfs,rw_rank_bfs,7,0.0,1560.8214285156848,0.4237734591555785,2,0,1,0.0,2.4226025667197075
2,1,150.2015914849124,39.0,13.0,18.0,15976.0,2495,13481.0,0.0976491862567812,0.0625173852573017,10,34,4656.249336032284,4656.249336032284,20.0,0.1,6.5,17.999999982,0.9999999989999999,31.0,0.7222222221820987,-0.5277804341589365,0.0976491862567812,0.0625173852573017,0.06802721088389098,1.0,ga_meta,ga_meta,ga_meta,pl_rank,pl_rank,14,0.08008328575704146,30.999999968999997,0.3611110914104949,0,0,1,0.006104771797277201,515.3548220853284
4,4,217.8698146119972,344.0,43.0,44.0,8629.0,4692,3937.0,0.0373409930242101,0.1496760259179266,7,62,43356.09310778745,18954.67387124376,31.0,0.12903225806451613,10.75,10.99999999725,0.6666666665555555,87.0,0.9772727272505166,0.1748111312996079,0.0373409930242101,0.1496760259179266,0.04761904761872368,0.0,ga_meta,mip,ga_meta,pl_rank,pl_rank,6,0.09350850947106834,57.99999999033333,0.9772726386740783,0,0,1,0.005589051439692787,99.1839069059321
6,8,279.16339100785,2261.0,323.0,554.0,7951.0,1487,6464.0,0.4271956856702619,0.5503304347826087,4,36,611646.9896981993,244826.29391388447,20.0,0.3,53.833333333333336,69.24999999134376,0.5333333332977778,877.0,0.5830324909736768,0.23964808262407955,0.4271956856702619,0.5503304347826087,0.02721088435355639,1.0,ga_meta,ga_meta,pl_rank,rw_rank_bfs,pl_rank,17,0.4887630602264353,467.7333333021511,0.7773766435044889,1,0,1,0.23509878743216986,9.066134539263244
4,5,366.3098600500891,92.0,23.0,95.0,8096.0,4341,3755.0,0.033184855233853,0.1502602398732745,7,63,76192.45089041853,43224.56348591052,31.0,0.12903225806451613,5.75,18.9999999962,0.8333333331944445,118.0,0.24210526315534625,0.22578177297504065,0.033184855233853,0.1502602398732745,0.04761904761872368,0.0,ga_meta,rw_rank_bfs,rw_rank_bfs,pl_rank,rw_rank_bfs,4,0.09172254755356375,98.33333331694445,0.30263156307991773,0,0,1,0.00498636430759864,68.61016891008332
2,1,113.6342954649191,56.0,14.0,3.0,8456.0,4450,4006.0,0.0089086859688195,0.0934600588368409,3,11,1931.783022903625,1931.783022903625,31.0,0.06451612903225806,7.0,2.9999999969999998,0.9999999989999999,17.0,4.666666665111111,0.19135507315673717,0.0089086859688195,0.0934600588368409,0.020408163265167294,0.0,ga_meta,ga_meta,mip,pl_rank,mip,9,0.0511843724028302,16.999999983,2.333332557889147,0,1,0,0.0008326063148048094,497.4117354463685
5,7,191.2883954293247,480.0,48.0,60.0,16431.0,2540,13891.0,0.0813743218806509,0.0340055632823366,9,36,25441.35659210019,20659.14670636707,20.0,0.25,9.6,8.571428570204082,0.69999999993,108.0,0.7999999999866667,-0.5712919575404036,0.0813743218806509,0.0340055632823366,0.06122448979550188,1.0,ga_meta,mip,ga_meta,pl_rank,ga_meta,15,0.05768994258149375,75.59999999243999,1.1199998694933486,1,1,0,0.002767179652269702,152.13888748019548
6,7,430.9847785484864,1200.0,600.0,1604.0,9625.0,4944,4681.0,0.0,0.0,0,0,0.0,0.0,31.0,0.1935483870967742,100.0,229.14285711012243,0.46666666663555556,2204.0,0.3740648379050037,0.0795639284689682,0.0,0.0,0.0,0.0,ga_meta,sa_meta,ga_meta,rw_rank_bfs,rw_rank_bfs,5,0.0,1028.5333332647645,0.43640897571392595,1,0,1,0.0,4.367059889125653
2,1,624.6970585020666,78.0,13.0,21.0,16605.0,2636,13969.0,0.0466546112115732,0.0285813630041724,6,35,21239.699989070265,21239.699989070265,20.0,0.1,6.5,20.999999979,0.9999999989999999,34.0,0.6190476190181405,-0.5879315291192502,0.0466546112115732,0.0285813630041724,0.04081632653033459,1.0,ga_meta,ga_meta,mip,pl_rank,pl_rank,14,0.0376179871078728,33.999999966,0.309523795094105,0,0,1,0.0013334523788565051,488.3823385769901
6,7,165.63614684275527,199.0,11.0,19.0,3608.0,956,2592.0,0.2033333333333333,0.928,16,16,0.0,0.0,,,1.8333333333333333,2.7142857138979593,0.46666666663555556,30.0,0.5789473683905817,0.6549679640432247,0.2033333333333333,0.928,0.10884353741422556,,ga_meta,mip,mip,pl_rank,mip,4,0.5656666666666667,13.999999999066667,0.6754383477420122,1,0,1,0.18869333333333332,120.26666265777791
5,6,208.6751989531159,432.0,48.0,105.0,16705.0,2596,14109.0,0.0611211573236889,0.0188456189151599,6,36,47369.27016235731,31927.305439826738,20.0,0.25,9.6,17.499999997083332,0.59999999994,153.0,0.4571428571385034,-0.5974945012910013,0.0611211573236889,0.0188456189151599,0.04081632653033459,1.0,ga_meta,pl_rank,ga_meta,pl_rank,ga_meta,13,0.039983388119424396,91.79999999082,0.5485713973159201,1,0,1,0.0011518660385757755,109.1830058223333
4,4,619.5182551313903,822.0,411.0,725.0,9202.0,4586,4616.0,0.0,0.0,0,0,0.0,0.0,31.0,0.12903225806451613,102.75,181.2499999546875,0.6666666665555555,1136.0,0.5668965517233561,0.12001530075547484,0.0,0.0,0.0,0.0,ga_meta,ga_meta,ga_meta,rw_rank_bfs,ga_meta,6,0.0,757.3333332071111,0.566896548738157,0,0,1,0.0,8.100352105545463
3,2,904.7047454982772,75.0,15.0,33.0,8877.0,4788,4089.0,0.0176446450553959,0.1168466522678185,5,63,56996.39896639146,43425.8277839173,31.0,0.0967741935483871,5.0,16.49999999175,0.6666666664444444,48.0,0.4545454545316805,0.15109496031366554,0.0176446450553959,0.1168466522678185,0.03401360544194549,0.0,ga_meta,rw_rank_bfs,ga_meta,pl_rank,pl_rank,5,0.0672456486616072,31.999999989333332,0.30303028481634636,0,0,1,0.002061717705176928,184.9374961471355
4,3,53.86941983211133,128.0,32.0,40.0,16047.0,2436,13611.0,0.1189873417721518,0.0534770514603616,11,34,4955.986624554243,3878.598227912016,20.0,0.2,8.0,13.33333332888889,0.49999999991666666,72.0,0.79999999998,-0.5345701444008797,0.1189873417721518,0.0534770514603616,0.07482993197228008,1.0,ga_meta,mip,mip,pl_rank,mip,12,0.0862321966162567,35.999999994,0.5999999552000034,0,0,1,0.0063630921990809955,222.87499690451395
2,1,420.9866512507837,300.0,30.0,29.0,8565.0,4654,3911.0,0.045137464095199,0.155291576673866,9,54,24838.21242379624,24838.21242379624,31.0,0.06451612903225806,15.0,28.999999970999998,0.9999999989999999,59.0,1.0344827585850178,0.18093143348952856,0.045137464095199,0.155291576673866,0.06122448979550188,0.0,ga_meta,ga_meta,ga_meta,pl_rank,pl_rank,7,0.1002145203845325,58.999999941,0.5172413619916771,0,0,1,0.007009467966403469,145.1694890649239
5,5,780.6801936426352,160.0,1.0,31.0,3013.0,795,2170.0,0.3375,0.9397222222222222,14,16,258556.9430222539,102659.44546400654,,,0.2,6.19999999876,0.49999999995,32.0,0.03225806451508845,0.7118676484651429,0.3375,0.9397222222222222,0.09523809523744736,,d_round,mip,mip,pl_rank,mip,7,0.6386111111111111,15.9999999984,0.03225805931966785,1,0,1,0.31715625000000003,94.15624705761729
2,1,605.7744500002178,12.0,4.0,10.0,15933.0,2439,13494.0,0.1179023508137432,0.0616133518776077,11,34,8480.842300003049,8480.842300003049,20.0,0.1,2.0,9.99999999,0.9999999989999999,14.0,0.39999999996,-0.5236683561250837,0.1179023508137432,0.0616133518776077,0.07482993197228008,1.0,ga_meta,ga_meta,mip,pl_rank,d_round,18,0.08975785134567545,13.999999985999999,0.19999998020000198,0,0,1,0.007264359027884307,1138.071347280618
4,3,226.26052988888063,665.0,95.0,74.0,8428.0,1261,7167.0,0.554101838755304,0.5113853286064903,14,36,65389.2931378865,38238.029551220825,20.0,0.2,23.75,24.666666658444445,0.49999999991666666,169.0,1.2837837837664352,0.19403270536482742,0.554101838755304,0.5113853286064903,0.09523809523744736,1.0,ga_meta,mip,ga_meta,rw_rank_bfs,pl_rank,15,0.5327435836808971,84.49999998591666,0.9628377991248189,0,0,1,0.2833595508933417,49.86982219011939
4,3,277.218747853436,822.0,411.0,734.0,17304.0,2649,14655.0,0.0,0.0,0,0,0.0,0.0,20.0,0.2,102.75,244.6666665851111,0.49999999991666666,1145.0,0.5599455040864306,-0.6547767045997896,0.0,0.0,0.0,1.0,ga_meta,ga_meta,ga_meta,pl_rank,pl_rank,16,0.0,572.4999999045833,0.4199591264889273,0,0,1,0.0,15.11266374225968
9,19,1207.0082350679163,616.0,308.0,1569.0,9258.0,1285,7973.0,0.5050077041602465,0.4453565217391304,6,36,0.0,0.0,20.0,0.45,34.22222222222222,82.57894736407479,0.5277777777631173,1877.0,0.1963033779476123,0.11466003633929422,0.5050077041602465,0.4453565217391304,0.04081632653033459,1.0,ga_meta,mip,pl_rank,rw_rank_bfs,pl_rank,14,0.4751821129496885,990.6388888613711,0.4144182373374748,2,0,1,0.22490847457627117,4.932338835944412
4,4,1289.5565791278689,1082.0,541.0,1086.0,9202.0,4586,4616.0,0.0,0.0,0,0,0.0,0.0,31.0,0.12903225806451613,135.25,271.499999932125,0.6666666665555555,1627.0,0.4981583793733903,0.12001530075547484,0.0,0.0,0.0,0.0,ga_meta,ga_meta,ga_meta,rw_rank_bfs,ga_meta,5,0.0,1084.6666664858888,0.49815837766355114,0,0,1,0.0,5.65580823254099
5,6,146.21216106535908,70.0,35.0,112.0,8524.0,4697,3827.0,0.036315141567501,0.1734341252699783,9,63,0.0,0.0,31.0,0.16129032258064516,7.0,18.666666663555556,0.59999999994,147.0,0.3124999999972098,0.1848522520799465,0.036315141567501,0.1734341252699783,0.06122448979550188,0.0,rw_rank_bfs,rw_rank_bfs,rw_rank_bfs,pl_rank,rw_rank_bfs,2,0.10487463341873965,88.19999999118,0.3749999799732153,1,0,1,0.0062982848118149646,57.986394163357865
6,7,46.8152087597213,186.0,17.0,12.0,3121.0,919,2202.0,0.2341666666666666,0.9388333333333332,24,16,0.0,0.0,,,2.8333333333333335,1.7142857140408163,0.46666666663555556,29.0,1.4166666665486112,0.701539638519652,0.2341666666666666,0.9388333333333332,0.16326530612133835,,ga_meta,mip,mip,rw_rank_bfs,mip,5,0.5864999999999999,13.533333332431111,1.6527768138940808,1,1,0,0.21984347222222214,107.62068594411427
4,4,960.0620218741612,886.0,443.0,818.0,17304.0,2649,14655.0,0.0,0.0,0,0,0.0,0.0,20.0,0.2,110.75,204.499999948875,0.6666666665555555,1261.0,0.5415647921753771,-0.6547767045997896,0.0,0.0,0.0,1.0,ga_meta,ga_meta,ga_meta,pl_rank,rw_rank_bfs,18,0.0,840.6666665265554,0.5415647896631918,0,0,1,0.0,13.722442495065469
5,5,89.81404541823294,76.0,38.0,93.0,8898.0,4731,4167.0,0.0293393516618793,0.0999999999999999,6,39,0.0,0.0,31.0,0.16129032258064516,7.6,18.59999999628,0.49999999995,131.0,0.40860215053324084,0.14908673615759782,0.0293393516618793,0.0999999999999999,0.04081632653033459,0.0,mip,mip,mip,pl_rank,rw_rank_bfs,5,0.0646696758309396,65.49999999345,0.40860212865149836,1,0,1,0.002933935166187927,67.92366360363616
4,4,202.86317045669784,602.0,301.0,923.0,9202.0,4586,4616.0,0.0,0.0,0,0,0.0,0.0,31.0,0.12903225806451613,75.25,230.74999994231248,0.6666666665555555,1224.0,0.32611050920874746,0.12001530075547484,0.0,0.0,0.0,0.0,ga_meta,pl_rank,ga_meta,rw_rank_bfs,pl_rank,3,0.0,815.999999864,0.3261105078773651,0,0,1,0.0,7.517973850067015
6,7,553.2433196229554,210.0,7.0,24.0,2671.0,586,1993.0,0.5116666666666667,0.9446388888888888,12,16,189313.88296611453,74314.03509529968,,,1.1666666666666667,3.4285714280816326,0.46666666663555556,31.0,0.2916666666545139,0.7445730132925313,0.5116666666666667,0.9446388888888888,0.08163265306066918,,d_round,mip,mip,rw_rank_bfs,mip,7,0.7281527777777778,14.466666665702222,0.34027767857873265,1,0,1,0.4833402314814815,86.16128754318427
4,4,150.34879959843238,320.0,80.0,149.0,8961.0,1082,7879.0,0.5851226993865031,0.4238391224862888,15,36,56230.45104981371,34429.875108041015,20.0,0.2,20.0,37.2499999906875,0.6666666665555555,229.0,0.5369127516742489,0.14306206368939467,0.5851226993865031,0.4238391224862888,0.10204081632583646,1.0,ga_meta,mip,pso_meta,pl_rank,pso_meta,15,0.5044809109363959,152.6666666412222,0.5369127373983158,0,0,1,0.24799789145478401,39.13100419593448
8,17,9.372749359043606,1182.0,591.0,4794.0,9625.0,4944,4681.0,0.0,0.0,0,0,0.0,0.0,31.0,0.25806451612903225,73.875,281.9999999834118,0.6071428571211734,5385.0,0.12327909887356626,0.0795639284689682,0.0,0.0,0.0,0.0,ga_meta,rw_rank_bfs,ga_meta,rw_rank_bfs,rw_rank_bfs,5,0.0,3269.464285597519,0.261968084192828,2,0,1,0.0,1.787372330215901
5,5,382.4725370294312,1080.0,540.0,1284.0,9659.0,4735,4924.0,0.0,0.0,0,0,0.0,0.0,31.0,0.16129032258064516,108.0,256.79999994864,0.49999999995,1824.0,0.4205607476632239,0.07631251793057281,0.0,0.0,0.0,0.0,ga_meta,mip,ga_meta,pl_rank,rw_rank_bfs,4,0.0,911.9999999088,0.42056074610996597,1,0,1,0.0,5.295504383061675
7,12,1261.7444146115831,1654.0,827.0,3007.0,9659.0,4735,4924.0,0.0,0.0,0,0,0.0,0.0,31.0,0.22580645161290322,118.14285714285714,250.5833333124514,0.5714285714013605,3834.0,0.27502494180236947,0.07631251793057281,0.0,0.0,0.0,0.0,ga_meta,ga_meta,ga_meta,pl_rank,pl_rank,8,0.0,2190.8571427528163,0.4714713269620128,1,0,1,0.0,2.5193009904748824
4,3,27.59413511628533,171.0,12.0,41.0,2556.0,652,1866.0,0.4566666666666666,0.9481666666666668,25,16,10152.1001577165,4267.28776344344,,,3.0,13.66666666211111,0.49999999991666666,53.0,0.2926829268221297,0.755570431290045,0.4566666666666666,0.9481666666666668,0.17006802720972744,,d_round,mip,mip,pl_rank,mip,7,0.7024166666666667,26.499999995583334,0.21951217913325521,0,0,1,0.43299611111111114,48.22641418440728
5,6,312.008685853115,615.0,41.0,58.0,16384.0,2585,13799.0,0.0650994575045208,0.0404033379694019,7,36,54913.528710148246,30888.859899458388,20.0,0.25,8.2,9.666666665055555,0.59999999994,99.0,0.7068965517119501,-0.5667973606196806,0.0650994575045208,0.0404033379694019,0.04761904761872368,1.0,ga_meta,pl_rank,mip,pl_rank,pl_rank,13,0.052751397736961345,59.399999994059996,0.8482757744576785,1,0,1,0.0026302353831798705,165.49494782328335
6,8,708.121988637141,1350.0,675.0,1725.0,9625.0,4944,4681.0,0.0,0.0,0,0,0.0,0.0,31.0,0.1935483870967742,112.5,215.62499997304687,0.5333333332977778,2400.0,0.3913043478258601,0.0795639284689682,0.0,0.0,0.0,0.0,ga_meta,pl_rank,ga_meta,rw_rank_bfs,rw_rank_bfs,7,0.0,1279.9999999146667,0.5217391280803403,1,0,1,0.0,4.01041666499566
7,15,643.9809884108412,1760.0,880.0,4258.0,9202.0,4586,4616.0,0.0,0.0,0,0,0.0,0.0,31.0,0.22580645161290322,125.71428571428571,283.8666666477422,0.7142857142517007,5138.0,0.2066697980271943,0.12001530075547484,0.0,0.0,0.0,0.0,ga_meta,ga_meta,mip,rw_rank_bfs,pl_rank,3,0.0,3669.9999998252383,0.44286385138493245,1,0,1,0.0,1.7909692483863429
5,5,165.3218290272246,165.0,7.0,26.0,2556.0,652,1866.0,0.4566666666666666,0.9481666666666668,10,16,60823.20607145035,25566.150744170667,,,1.4,5.19999999896,0.49999999995,33.0,0.2692307692204142,0.755570431290045,0.4566666666666666,0.9481666666666668,0.06802721088389098,,d_round,mip,mip,pl_rank,mip,7,0.7024166666666667,16.49999999835,0.26923071750947736,1,0,1,0.43299611111111114,77.4545431074381
5,5,407.5091708522285,984.0,492.0,1147.0,9202.0,4586,4616.0,0.0,0.0,0,0,0.0,0.0,31.0,0.16129032258064516,98.4,229.39999995412,0.49999999995,1639.0,0.4289450741059905,0.12001530075547484,0.0,0.0,0.0,0.0,mip,mip,mip,rw_rank_bfs,pl_rank,3,0.0,819.49999991805,0.428945072322297,1,0,1,0.0,5.614399020369494
7,11,557.4437176744732,1136.0,568.0,2844.0,9202.0,4586,4616.0,0.0,0.0,0,0,0.0,0.0,31.0,0.22580645161290322,81.14285714285714,258.54545452195043,0.5238095237845805,3412.0,0.19971870604774974,0.12001530075547484,0.0,0.0,0.0,0.0,ga_meta,mip,ga_meta,rw_rank_bfs,d_round,6,0.0,1787.2380951529885,0.3138436797469377,1,0,1,0.0,2.696951933558924
5,6,210.50790096529104,1082.0,541.0,1845.0,9625.0,4944,4681.0,0.0,0.0,0,0,0.0,0.0,31.0,0.16129032258064516,108.2,307.49999994875,0.59999999994,2386.0,0.2932249322491636,0.0795639284689682,0.0,0.0,0.0,0.0,ga_meta,pl_rank,rw_rank_bfs,rw_rank_bfs,rw_rank_bfs,7,0.0,1431.59999985684,0.3518699176135396,1,0,1,0.0,4.033948028485353
8,15,337.33144816201013,1578.0,789.0,4089.0,9625.0,4944,4681.0,0.0,0.0,0,0,0.0,0.0,31.0,0.25806451612903225,98.625,272.59999998182667,0.5357142856951531,4878.0,0.19295671313274812,0.0795639284689682,0.0,0.0,0.0,0.0,ga_meta,pl_rank,ga_meta,rw_rank_bfs,rw_rank_bfs,5,0.0,2613.214285620957,0.361793835820914,2,0,1,0.0,1.9731447310428156
4,4,381.6089317019422,862.0,431.0,775.0,17304.0,2649,14655.0,0.0,0.0,0,0,0.0,0.0,20.0,0.2,107.75,193.7499999515625,0.6666666665555555,1206.0,0.5561290322573469,-0.6547767045997896,0.0,0.0,0.0,1.0,ga_meta,ga_meta,mip,pl_rank,mip,16,0.0,803.9999998659999,0.5561290295267534,0,0,1,0.0,14.348258694570266
4,3,527.0605173955836,532.0,133.0,146.0,7695.0,1144,6551.0,0.5954738330975955,0.553381510771748,16,36,377902.39097263344,147049.88435336782,20.0,0.2,33.25,48.66666665044444,0.49999999991666666,279.0,0.9109589041033497,0.26412929138376207,0.5954738330975955,0.553381510771748,0.10884353741422556,1.0,ga_meta,rw_rank_bfs,rw_rank_bfs,rw_rank_bfs,rw_rank_bfs,12,0.5744276719346717,139.49999997675,0.6832191642711817,0,0,1,0.32952420938459115,27.580645062434964
5,8,178.875668666404,48.0,16.0,135.0,16594.0,2634,13960.0,0.0473779385171789,0.0292072322670375,7,36,48475.30620859549,27010.225968627004,20.0,0.25,3.2,16.874999997890626,0.79999999992,151.0,0.11851851851764061,-0.5868796021803577,0.0473779385171789,0.0292072322670375,0.04761904761872368,1.0,ga_meta,pl_rank,mip,pl_rank,sa_meta,10,0.0382925853921082,120.79999998792,0.1896296184160226,1,0,1,0.0013837784546046662,109.89403900732425
2,1,429.8484767401351,90.0,30.0,8.0,16425.0,2535,13890.0,0.0831826401446654,0.0340751043115438,9,36,16334.242116125131,16334.242116125131,20.0,0.1,15.0,7.999999991999999,0.9999999989999999,38.0,3.74999999953125,-0.5707181792100986,0.0831826401446654,0.0340751043115438,0.06122448979550188,1.0,ga_meta,ga_meta,mcts,pl_rank,pl_rank,10,0.0586288722281046,37.999999962,1.8749997675000292,0,1,0,0.0028344571398390846,432.23683073060977
2,0,126.03876323878885,24.0,12.0,40.0,3013.0,795,2170.0,0.3375,0.9397222222222222,38,16,0.0,0.0,,,6.0,40000000000.0,0.0,52.0,0.29999999999250004,0.7118676484651429,0.3375,0.9397222222222222,0.2585034013587857,,mip,mip,mip,pl_rank,mip,2,0.6386111111111111,0.0,1.5e-10,0,0,1,0.31715625000000003,57.94230657803257
5,5,161.4640372350744,175.0,5.0,30.0,3013.0,795,2170.0,0.3375,0.9397222222222222,31,16,0.0,0.0,,,1.0,5.9999999988,0.49999999995,35.0,0.1666666666611111,0.7118676484651429,0.3375,0.9397222222222222,0.21088435374006204,,ga_meta,mip,mip,pl_rank,mip,6,0.6386111111111111,17.49999999825,0.16666663892222683,1,0,1,0.31715625000000003,86.08571182612252
6,8,296.81150261738003,1018.0,509.0,2082.0,9659.0,4735,4924.0,0.0,0.0,0,0,0.0,0.0,31.0,0.1935483870967742,84.83333333333333,260.24999996746874,0.5333333332977778,2591.0,0.24447646493744263,0.07631251793057281,0.0,0.0,0.0,0.0,ga_meta,pl_rank,ga_meta,pl_rank,pl_rank,3,0.0,1381.8666665745423,0.3259686187049717,1,0,1,0.0,3.727904282621419
5,4,286.9447317034216,108.0,36.0,20.0,15574.0,2365,13209.0,0.1446654611211573,0.0814325452016689,14,36,20946.96541434978,16068.90497539161,20.0,0.25,7.2,4.99999999875,0.39999999996,56.0,1.79999999991,-0.4893372860284977,0.1446654611211573,0.0814325452016689,0.09523809523744736,1.0,ga_meta,mip,rw_rank_bfs,pl_rank,rw_rank_bfs,10,0.1130490031614131,22.399999997760002,1.4399997123600574,1,1,0,0.011780476701868917,278.107137890944
5,5,20.67568972989068,245.0,8.0,41.0,3013.0,795,2170.0,0.3375,0.9397222222222222,41,16,0.0,0.0,,,1.6,8.19999999836,0.49999999995,49.0,0.19512195121475315,0.7118676484651429,0.3375,0.9397222222222222,0.278911564623953,,mip,mip,mip,pl_rank,mip,2,0.6386111111111111,24.49999999755,0.19512192746317963,1,0,1,0.31715625000000003,61.48979466347358
10,24,175.66064188653792,818.0,409.0,1945.0,9548.0,1641,7907.0,0.3678736517719568,0.4499478260869565,4,36,0.0,0.0,20.0,0.5,40.9,81.04166666328993,0.5333333333214815,2354.0,0.2102827763495063,0.08692741704121643,0.3678736517719568,0.4499478260869565,0.02721088435355639,1.0,ga_meta,ga_meta,d_round,rw_rank_bfs,d_round,14,0.4089107389294566,1255.4666666387675,0.5046786570327055,2,0,1,0.165523949889462,4.056074764632084
4,3,750.5227476258572,180.0,30.0,48.0,16280.0,2572,13708.0,0.0698010849909583,0.04673157162726,8,33,81056.45674359257,58540.77431481686,20.0,0.2,7.5,15.999999994666666,0.49999999991666666,78.0,0.6249999999869792,-0.5568518695610596,0.0698010849909583,0.04673157162726,0.05442176870711278,1.0,ga_meta,mip,mip,pl_rank,mip,15,0.05826632830910915,38.9999999935,0.4687499708593768,0,0,1,0.003261914402915431,208.7179460420776
4,3,422.8181143017558,1308.0,109.0,208.0,8041.0,1150,6891.0,0.5590490797546013,0.4960877513711151,13,36,165744.70080628828,134033.3422336566,20.0,0.2,27.25,69.33333331022222,0.49999999991666666,317.0,0.5240384615359421,0.23104140766950365,0.5590490797546013,0.4960877513711151,0.08843537414905826,1.0,ga_meta,sa_meta,ga_meta,pl_rank,pl_rank,17,0.5275684155628582,158.49999997358333,0.3930288406161706,0,0,1,0.27733740088155134,25.36593051935038
2,0,462.82881412793927,20.0,10.0,13.0,3608.0,956,2592.0,0.2033333333333333,0.928,2,16,142562.294485075,54746.036871133394,,,5.0,13000000000.0,0.0,23.0,0.7692307691715976,0.6549679640432247,0.2033333333333333,0.928,0.013605442176778195,,d_round,mip,mip,pl_rank,mip,7,0.5656666666666667,0.0,3.8461538461538457e-10,0,0,1,0.18869333333333332,156.86955839697572
7,13,911.6423341389176,1318.0,659.0,3600.0,9659.0,4735,4924.0,0.0,0.0,0,0,0.0,0.0,31.0,0.22580645161290322,94.14285714285714,276.9230769017751,0.6190476190181405,4259.0,0.1830555555555047,0.07631251793057281,0.0,0.0,0.0,0.0,rw_rank_bfs,rw_rank_bfs,rw_rank_bfs,pl_rank,rw_rank_bfs,1,0.0,2636.5238093982607,0.33996031625883383,1,0,1,0.0,2.2679032631444227
3,3,57.39499962774077,204.0,51.0,198.0,7990.0,1243,6747.0,0.5604667609618105,0.5400190891737116,14,36,32829.93978706772,14291.354907307452,20.0,0.15,17.0,65.999999978,0.9999999996666666,249.0,0.2575757575744567,0.23591852347709663,0.5604667609618105,0.5400190891737116,0.09523809523744736,1.0,ga_meta,pso_meta,ga_meta,rw_rank_bfs,sa_meta,14,0.550242925067761,248.999999917,0.2575757537589532,0,0,1,0.3026627497667372,32.08835328478573
7,9,694.2953355693655,1174.0,587.0,2622.0,17304.0,2649,14655.0,0.0,0.0,0,0,0.0,0.0,20.0,0.35,83.85714285714286,291.333333300963,0.42857142855102043,3209.0,0.22387490465285131,-0.6547767045997896,0.0,0.0,0.0,1.0,ga_meta,ga_meta,ga_meta,pl_rank,pso_meta,10,0.0,1375.2857142202245,0.28783916216918015,1,0,1,0.0,5.392334058774592
4,3,62.51629411680762,722.0,361.0,843.0,9202.0,4586,4616.0,0.0,0.0,0,0,0.0,0.0,31.0,0.12903225806451613,90.25,280.9999999063333,0.49999999991666666,1204.0,0.4282325029650911,0.12001530075547484,0.0,0.0,0.0,0.0,ga_meta,mip,ga_meta,rw_rank_bfs,d_round,6,0.0,601.9999998996667,0.32117437618828815,0,0,1,0.0,7.642857136509254
6,6,103.900718434029,1166.0,106.0,278.0,8958.0,1551,7407.0,0.4052914110429447,0.4583546617915904,10,36,77925.53882552174,39897.87587866713,20.0,0.3,17.666666666666668,46.33333332561111,0.39999999997333335,384.0,0.3812949640274054,0.14334895285454718,0.4052914110429447,0.4583546617915904,0.06802721088389098,1.0,ga_meta,ga_meta,mip,pl_rank,sa_meta,15,0.43182303641726755,153.59999998976002,0.38129495586293866,1,0,1,0.18576720763562538,23.328124939249676
4,4,319.5270626266553,300.0,30.0,66.0,15990.0,2493,13497.0,0.0983725135623869,0.061404728789986,10,34,39940.88282833192,30674.59801215891,20.0,0.2,7.5,16.499999995875,0.6666666665555555,96.0,0.4545454545385675,-0.5291192502629818,0.0983725135623869,0.061404728789986,0.06802721088389098,1.0,ga_meta,mip,mip,pl_rank,sa_meta,12,0.07988862117618645,63.99999998933333,0.45454542711088314,0,0,1,0.006040537515687587,166.56249826497398
5,4,9.468156180764042,273.0,39.0,46.0,16330.0,2542,13788.0,0.0806509945750452,0.0411682892906815,8,36,1202.4558349570334,804.7932753649436,20.0,0.25,7.8,11.499999997125,0.39999999996,85.0,0.8478260869380908,-0.5616333556469351,0.0806509945750452,0.0411682892906815,0.05442176870711278,1.0,ga_meta,mip,ga_meta,pl_rank,pl_rank,11,0.06090964193286335,33.9999999966,0.6782608107555816,1,0,1,0.0033202634762466454,192.11764479861594
4,4,757.0711899562169,808.0,404.0,943.0,17304.0,2649,14655.0,0.0,0.0,0,0,0.0,0.0,20.0,0.2,101.0,235.7499999410625,0.6666666665555555,1347.0,0.42841993637282244,-0.6547767045997896,0.0,0.0,0.0,1.0,ga_meta,pso_meta,mip,pl_rank,mip,19,0.0,897.9999998503333,0.428419934663118,0,0,1,0.0,12.846325157500871
10,22,75.49076852678826,610.0,6.0,25.0,3013.0,795,2170.0,0.3375,0.9397222222222222,27,16,0.0,0.0,,,0.6,1.1363636363119836,0.48888888887802473,31.0,0.2399999999904,0.7118676484651429,0.3375,0.9397222222222222,0.18367346938650564,,ga_meta,mip,mip,pl_rank,mip,6,0.6386111111111111,15.155555555218767,0.5279995353844088,2,0,1,0.31715625000000003,97.19354525182112
5,5,58.885180474725104,220.0,15.0,29.0,3608.0,956,2592.0,0.2033333333333333,0.928,15,16,0.0,0.0,,,3.0,5.79999999884,0.49999999995,44.0,0.5172413792925089,0.6549679640432247,0.2033333333333333,0.928,0.10204081632583646,,ga_meta,mip,mip,pl_rank,mip,4,0.5656666666666667,21.9999999978,0.5172412902342604,1,0,1,0.18869333333333332,81.99999813636369
8,14,219.72769743358484,1558.0,779.0,3495.0,9202.0,4586,4616.0,0.0,0.0,0,0,0.0,0.0,31.0,0.25806451612903225,97.375,249.6428571250255,0.49999999998214284,4274.0,0.22288984263226813,0.12001530075547484,0.0,0.0,0.0,0.0,ga_meta,mip,ga_meta,rw_rank_bfs,ga_meta,7,0.0,2136.9999999236784,0.3900572230719811,2,0,1,0.0,2.1530182493792656
5,5,46.93727423938378,1132.0,566.0,1125.0,9202.0,4586,4616.0,0.0,0.0,0,0,0.0,0.0,31.0,0.16129032258064516,113.2,224.999999955,0.49999999995,1691.0,0.5031111111106639,0.12001530075547484,0.0,0.0,0.0,0.0,ga_meta,ga_meta,ga_meta,rw_rank_bfs,ga_meta,6,0.0,845.49999991545,0.503111108975684,1,0,1,0.0,5.441750440306475
5,4,754.107613768702,964.0,482.0,1069.0,9202.0,4586,4616.0,0.0,0.0,0,0,0.0,0.0,31.0,0.16129032258064516,96.4,267.2499999331875,0.39999999996,1551.0,0.45088868100986823,0.12001530075547484,0.0,0.0,0.0,0.0,mip,mip,mip,rw_rank_bfs,sa_meta,2,0.0,620.39999993796,0.3607109435486962,1,0,1,0.0,5.932946482312736
10,22,17.340350095750555,900.0,2.0,40.0,3608.0,956,2592.0,0.2033333333333333,0.928,7,16,5341.2406949696415,2051.1156970402085,,,0.2,1.8181818180991736,0.48888888887802473,42.0,0.04999999999875,0.6549679640432247,0.2033333333333333,0.928,0.04761904761872368,,d_round,mip,mip,pl_rank,mip,7,0.5656666666666667,20.53333333287704,0.10999993950503328,2,0,1,0.18869333333333332,85.90475985941049
6,8,803.6739103089274,1048.0,524.0,2090.0,9625.0,4944,4681.0,0.0,0.0,0,0,0.0,0.0,31.0,0.1935483870967742,87.33333333333333,261.24999996734374,0.5333333332977778,2614.0,0.2507177033491623,0.0795639284689682,0.0,0.0,0.0,0.0,ga_meta,sa_meta,ga_meta,rw_rank_bfs,rw_rank_bfs,6,0.0,1394.133333240391,0.3342902698945827,1,0,1,0.0,3.6820964025699707
5,4,211.9550927632243,1090.0,545.0,1357.0,9659.0,4735,4924.0,0.0,0.0,0,0,0.0,0.0,31.0,0.16129032258064516,109.0,339.2499999151875,0.39999999996,1902.0,0.4016212232863658,0.07631251793057281,0.0,0.0,0.0,0.0,ga_meta,ga_meta,ga_meta,pl_rank,pl_rank,8,0.0,760.79999992392,0.3212969777625734,1,0,1,0.0,5.078338588286888
4,5,50.39289489713439,390.0,26.0,70.0,15345.0,2414,12931.0,0.1269439421338155,0.1007649513212796,12,36,8466.006342718578,4837.717910124901,20.0,0.2,6.5,13.9999999972,0.8333333331944445,96.0,0.3714285714232653,-0.4674380797551878,0.1269439421338155,0.1007649513212796,0.08163265306066918,1.0,ga_meta,mip,ga_meta,pl_rank,ga_meta,16,0.11385444672754755,79.99999998666667,0.4642856812153085,0,0,1,0.012791500149645254,159.84374833496096
8,11,695.9217694374233,1864.0,932.0,3160.0,9625.0,4944,4681.0,0.0,0.0,0,0,0.0,0.0,31.0,0.25806451612903225,116.5,287.27272724661157,0.39285714284311224,4092.0,0.29493670886066614,0.0795639284689682,0.0,0.0,0.0,0.0,rw_rank_bfs,rw_rank_bfs,rw_rank_bfs,rw_rank_bfs,rw_rank_bfs,1,0.0,1607.5714285140152,0.4055379733087286,2,0,1,0.0,2.352150537059592
3,2,22.231859787849743,216.0,18.0,19.0,8253.0,4631,3622.0,0.0498563807960606,0.2177105831533476,11,63,1044.897410028938,822.5788121504406,31.0,0.0967741935483871,6.0,9.49999999525,0.6666666664444444,37.0,0.9473684210027701,0.21076790666539158,0.0498563807960606,0.2177105831533476,0.07482993197228008,0.0,ga_meta,rw_rank_bfs,ga_meta,pl_rank,pl_rank,6,0.1337834819747041,24.66666665844444,0.631578881202223,0,0,1,0.010854261737025713,223.0540480255663
6,10,719.0094988332306,1072.0,536.0,2822.0,17304.0,2649,14655.0,0.0,0.0,0,0,0.0,0.0,20.0,0.3,89.33333333333333,282.19999997178,0.6666666666222222,3358.0,0.18993621544996814,-0.6547767045997896,0.0,0.0,0.0,1.0,ga_meta,rw_rank_bfs,rw_rank_bfs,pl_rank,rw_rank_bfs,17,0.0,2238.666666517422,0.3165603579932895,1,0,1,0.0,5.153067300430892
4,4,267.57526084600323,686.0,343.0,1181.0,17304.0,2649,14655.0,0.0,0.0,0,0,0.0,0.0,20.0,0.2,85.75,295.2499999261875,0.6666666665555555,1524.0,0.2904318374256643,-0.6547767045997896,0.0,0.0,0.0,1.0,ga_meta,ga_meta,mip,pl_rank,pl_rank,16,0.0,1015.9999998306666,0.2904318365148371,0,0,1,0.0,11.354330701211069
7,10,20.078528472529666,1424.0,712.0,2312.0,17304.0,2649,14655.0,0.0,0.0,0,0,0.0,0.0,20.0,0.35,101.71428571428571,231.19999997688,0.47619047616780047,3024.0,0.30795847750851735,-0.6547767045997896,0.0,0.0,0.0,1.0,ga_meta,mip,ga_meta,pl_rank,ga_meta,10,0.0,1439.9999999314286,0.43994068029635147,1,0,1,0.0,5.722222220329953
4,3,1154.8595769365904,938.0,469.0,669.0,9659.0,4735,4924.0,0.0,0.0,0,0,0.0,0.0,31.0,0.12903225806451613,117.25,222.99999992566666,0.49999999991666666,1138.0,0.7010463378165904,0.07631251793057281,0.0,0.0,0.0,0.0,ga_meta,mip,ga_meta,pl_rank,rw_rank_bfs,12,0.0,568.9999999051666,0.5257847511807111,0,0,1,0.0,8.487697707831547
5,5,635.5738418425525,910.0,455.0,1633.0,17304.0,2649,14655.0,0.0,0.0,0,0,0.0,0.0,20.0,0.25,91.0,326.59999993468,0.49999999995,2088.0,0.27862829148788815,-0.6547767045997896,0.0,0.0,0.0,1.0,ga_meta,mip,ga_meta,pl_rank,pl_rank,13,0.0,1043.9999998956,0.2786282906906666,1,0,1,0.0,8.28735631787004
2,1,837.0031009866092,42.0,14.0,19.0,16547.0,2625,13922.0,0.0506329113924051,0.0318497913769123,9,36,27621.102332558105,27621.102332558105,20.0,0.1,7.0,18.999999981,0.9999999989999999,33.0,0.7368421052243768,-0.5823850052596347,0.0506329113924051,0.0318497913769123,0.06122448979550188,1.0,ga_meta,ga_meta,mcts,pl_rank,pl_rank,14,0.0412413513846587,32.999999966999994,0.3684210336094193,0,0,1,0.0016126476646537886,501.4242272295689
3,2,580.1363328625386,1152.0,96.0,101.0,8308.0,1240,7068.0,0.5615275813295615,0.5181347150259068,17,36,114286.85757392008,114286.85757392008,20.0,0.15,32.0,50.49999997475,0.6666666664444444,197.0,0.9504950494955396,0.20550827197092858,0.5615275813295615,0.5181347150259068,0.11564625850261466,1.0,ga_meta,ga_meta,d_round,rw_rank_bfs,d_round,16,0.5398311481777341,131.33333328955555,0.6336633541056762,0,0,1,0.29094693333137905,42.17258861841326
3,2,389.30003717566854,56.0,28.0,46.0,7606.0,4248,3358.0,0.0538975501113585,0.2400995700384702,10,63,0.0,0.0,31.0,0.0967741935483871,9.333333333333334,22.9999999885,0.6666666664444444,74.0,0.6086956521606806,0.27264033661662046,0.0538975501113585,0.2400995700384702,0.06802721088389098,0.0,mcts,rw_rank_bfs,mcts,pl_rank,pl_rank,4,0.14699856007491435,49.33333331688888,0.4057970840088224,0,0,1,0.012940778607864079,102.78378239481376
5,5,1179.0596505352946,156.0,39.0,44.0,8369.0,4351,4018.0,0.030957683741648,0.0907445123331069,6,63,194544.8423383236,97861.95099442946,31.0,0.16129032258064516,7.8,8.79999999824,0.49999999995,83.0,0.8863636363434918,0.19967485894616044,0.030957683741648,0.0907445123331069,0.04081632653033459,0.0,ga_meta,pl_rank,rw_rank_bfs,pl_rank,rw_rank_bfs,6,0.060851098037377455,41.49999999585,0.88636353581778,1,0,1,0.0028092399140984,100.83132408636959
4,3,460.3548908719616,294.0,42.0,46.0,16225.0,2526,13699.0,0.0864376130198915,0.0473574408901251,10,36,41892.2950693485,40511.230396732615,20.0,0.2,10.5,15.333333328222222,0.49999999991666666,88.0,0.9130434782410208,-0.5515922348665965,0.0864376130198915,0.0473574408901251,0.06802721088389098,1.0,ga_meta,rw_rank_bfs,ga_meta,pl_rank,pl_rank,16,0.06689752695500831,43.999999992666666,0.6847825642641806,0,0,1,0.004093464149273019,184.37499790482957
10,22,122.2413355747754,194.0,15.0,2.0,3121.0,919,2202.0,0.2341666666666666,0.9388333333333332,7,16,39548.667391839095,15716.99995485678,,,1.5,0.09090909090495868,0.48888888887802473,17.0,7.49999999625,0.701539638519652,0.2341666666666666,0.9388333333333332,0.04761904761872368,,d_round,mip,mip,rw_rank_bfs,mip,7,0.5864999999999999,8.31111111092642,16.49981850274646,2,1,0,0.21984347222222214,183.5882244948103
9,18,58.22014427784,540.0,6.0,27.0,3013.0,795,2170.0,0.3375,0.9397222222222222,16,16,19282.18833957462,7655.94897253596,,,0.6666666666666666,1.4999999999166667,0.49999999998611117,33.0,0.22222222221399177,0.7118676484651429,0.3375,0.9397222222222222,0.10884353741422556,,d_round,mip,mip,pl_rank,mip,7,0.6386111111111111,16.499999999541668,0.444444148173037,2,0,1,0.31715625000000003,91.3030275362719
2,0,73.77879748567845,34.0,17.0,9.0,3013.0,795,2170.0,0.3375,0.9397222222222222,11,16,24435.12784504845,9701.911869366715,,,8.5,9000000000.0,0.0,26.0,1.8888888886790123,0.7118676484651429,0.3375,0.9397222222222222,0.07482993197228008,,d_round,mip,mip,pl_rank,mip,7,0.6386111111111111,0.0,9.444444444444441e-10,0,0,1,0.31715625000000003,115.88461092751496
7,10,326.435809265077,509.0,7.0,46.0,2556.0,652,1866.0,0.4566666666666666,0.9481666666666668,6,16,120098.3113534318,50481.5798196375,,,1.0,4.59999999954,0.47619047616780047,53.0,0.15217391304017014,0.755570431290045,0.4566666666666666,0.9481666666666668,0.04081632653033459,,d_round,mip,mip,pl_rank,mip,7,0.7024166666666667,25.238095236893425,0.2173912571105963,1,0,1,0.43299611111111114,48.22641418440728
4,4,381.8939545875692,160.0,40.0,53.0,8265.0,4642,3623.0,0.0475995075913008,0.2174946004319654,11,63,56902.199233547806,35516.13777664393,31.0,0.12903225806451613,10.0,13.2499999966875,0.6666666665555555,93.0,0.7547169811178356,0.20962035000478152,0.0475995075913008,0.2174946004319654,0.07482993197228008,0.0,ga_meta,rw_rank_bfs,ga_meta,pl_rank,pl_rank,6,0.13254705401163308,61.99999998966666,0.7547169243609869,0,0,1,0.010352635884328271,88.8709667863337
2,1,1170.902960423077,24.0,8.0,0.0,8713.0,4680,4033.0,0.0398030365203118,0.1289416846652268,8,63,9367.223683384616,9367.223683384616,31.0,0.06451612903225806,4.0,0.0,0.9999999989999999,8.0,7999999999.999999,0.16677823467533714,0.0398030365203118,0.1289416846652268,0.05442176870711278,0.0,ga_meta,ga_meta,ga_meta,pl_rank,pl_rank,7,0.0843723605927693,7.999999991999999,4000000.0,0,1,0,0.00513227058372055,1089.124863859392
5,5,35.845714822325036,260.0,18.0,34.0,2671.0,586,1993.0,0.5116666666666667,0.9446388888888888,22,16,12266.016090958305,4814.951423431227,,,3.6,6.79999999864,0.49999999995,52.0,0.5294117646903115,0.7445730132925313,0.5116666666666667,0.9446388888888888,0.14965986394456016,,d_round,mip,mip,rw_rank_bfs,mip,7,0.7281527777777778,25.9999999974,0.5294116869571048,1,0,1,0.4833402314814815,51.36538362758878
8,14,443.8572039974662,368.0,18.0,16.0,3608.0,956,2592.0,0.2033333333333333,0.928,6,16,136718.5868598862,52501.966415700284,,,2.25,1.14285714277551,0.49999999998214284,34.0,1.1249999999296876,0.6549679640432247,0.2033333333333333,0.928,0.04081632653033459,,d_round,mip,mip,pl_rank,mip,7,0.5656666666666667,16.999999999392855,1.9687482774858824,2,1,0,0.18869333333333332,106.11764393771637
7,12,375.56310294007534,1462.0,731.0,3292.0,17304.0,2649,14655.0,0.0,0.0,0,0,0.0,0.0,20.0,0.35,104.42857142857143,274.3333333104722,0.5714285714013605,4023.0,0.22205346294039427,-0.6547767045997896,0.0,0.0,0.0,1.0,ga_meta,rw_rank_bfs,mip,pl_rank,mip,9,0.0,2298.857142747673,0.38066307797063453,1,0,1,0.0,4.301267709594515
8,14,1187.6280756280405,142.0,2.0,9.0,3608.0,956,2592.0,0.2033333333333333,0.928,3,16,365817.7241523799,140479.43523143107,,,0.25,0.6428571428112245,0.49999999998214284,11.0,0.22222222219753085,0.6549679640432247,0.2033333333333333,0.928,0.020408163265167294,,d_round,mip,mip,pl_rank,mip,7,0.5656666666666667,5.499999999803571,0.38888828397933595,2,0,1,0.18869333333333332,327.9999701818209
5,4,15.767350543136263,924.0,462.0,704.0,9625.0,4944,4681.0,0.0,0.0,0,0,0.0,0.0,31.0,0.16129032258064516,92.4,175.999999956,0.39999999996,1166.0,0.6562499999990679,0.0795639284689682,0.0,0.0,0.0,0.0,ga_meta,ga_meta,mip,rw_rank_bfs,mip,9,0.0,466.39999995336,0.5249999971482955,1,0,1,0.0,8.254716974052558
8,14,94.19292034951413,278.0,5.0,17.0,2556.0,652,1866.0,0.4566666666666666,0.9481666666666668,45,16,0.0,0.0,,,0.625,1.2142857141989796,0.49999999998214284,22.0,0.2941176470415225,0.755570431290045,0.4566666666666666,0.9481666666666668,0.3061224489775094,,mip,mip,mip,pl_rank,mip,1,0.7024166666666667,10.999999999607143,0.5147054585146225,2,0,1,0.43299611111111114,116.18181290082669
8,10,270.2661915770329,1454.0,727.0,2496.0,9659.0,4735,4924.0,0.0,0.0,0,0,0.0,0.0,31.0,0.25806451612903225,90.875,249.59999997504,0.357142857130102,3223.0,0.291266025640909,0.07631251793057281,0.0,0.0,0.0,0.0,ga_meta,mip,ga_meta,pl_rank,pl_rank,5,0.0,1151.0714285303188,0.36408253062902635,2,0,1,0.0,2.99689729972172
8,16,570.7949184245264,1578.0,789.0,3782.0,9625.0,4944,4681.0,0.0,0.0,0,0,0.0,0.0,31.0,0.25806451612903225,98.625,236.37499998522657,0.5714285714081633,4571.0,0.20861977789523833,0.0795639284689682,0.0,0.0,0.0,0.0,ga_meta,pl_rank,ga_meta,rw_rank_bfs,rw_rank_bfs,7,0.0,2611.9999999067145,0.41723955405150503,2,0,1,0.0,2.105666155741486
6,7,95.4582604759614,1148.0,574.0,1844.0,9659.0,4735,4924.0,0.0,0.0,0,0,0.0,0.0,31.0,0.1935483870967742,95.66666666666667,263.42857139093877,0.46666666663555556,2418.0,0.31127982646403946,0.07631251793057281,0.0,0.0,0.0,0.0,ga_meta,ga_meta,ga_meta,pl_rank,pl_rank,4,0.0,1128.3999999247733,0.36315979621486705,1,0,1,0.0,3.994623654261942
5,6,14.088303613730236,891.0,99.0,238.0,9457.0,1501,7956.0,0.4244631901840491,0.4182084095063986,11,36,9988.607262134738,4747.75831782709,20.0,0.25,19.8,39.666666660055554,0.59999999994,337.0,0.4159663865528741,0.09562972171750983,0.4244631901840491,0.4182084095063986,0.07482993197228008,1.0,ga_meta,ga_meta,ga_meta,pl_rank,pl_rank,16,0.42133579984522385,202.19999997978,0.49915965136488283,1,0,1,0.17751407566088315,28.062314456788386
5,6,1302.936058750045,342.0,38.0,123.0,15450.0,2433,13017.0,0.1200723327305606,0.0947844228094575,11,34,285342.99686625984,209772.7054587573,20.0,0.25,7.6,20.499999996583334,0.59999999994,161.0,0.30894308942838256,-0.4774792005355264,0.1200723327305606,0.0947844228094575,0.07482993197228008,1.0,ga_meta,mip,ga_meta,pl_rank,ga_meta,11,0.10742837777000905,96.59999999034,0.3707316892943891,1,0,1,0.011380986753251318,95.96273232321285
9,18,10.949679422826836,225.0,5.0,10.0,2556.0,652,1866.0,0.4566666666666666,0.9481666666666668,5,16,4028.4735044955414,1693.3102928484711,,,0.5555555555555556,0.5555555555246914,0.49999999998611117,15.0,0.49999999995,0.755570431290045,0.4566666666666666,0.9481666666666668,0.03401360544194549,,d_round,mip,mip,pl_rank,mip,7,0.7024166666666667,7.499999999791667,0.9999982000587953,2,1,0,0.43299611111111114,170.39998864000077
8,12,1087.9075370070036,1926.0,963.0,2846.0,9659.0,4735,4924.0,0.0,0.0,0,0,0.0,0.0,31.0,0.25806451612903225,120.375,237.16666664690277,0.42857142855612246,3809.0,0.3383696416021299,0.07631251793057281,0.0,0.0,0.0,0.0,mip,mip,mip,pl_rank,pl_rank,5,0.0,1632.4285713702704,0.5075544603055944,2,0,1,0.0,2.535836176808654
2,1,429.8484767401351,150.0,30.0,8.0,8490.0,4672,3818.0,0.0414443988510463,0.175377969762419,8,63,16334.242116125131,16334.242116125131,31.0,0.06451612903225806,15.0,7.999999991999999,0.9999999989999999,38.0,3.74999999953125,0.18810366261834177,0.0414443988510463,0.175377969762419,0.05442176870711278,0.0,ga_meta,ga_meta,ga_meta,pl_rank,pl_rank,6,0.10841118430673266,37.999999962,1.8749997675000292,0,1,0,0.007268434528520432,223.42104675207773
6,9,308.43439349217965,1238.0,619.0,2190.0,9659.0,4735,4924.0,0.0,0.0,0,0,0.0,0.0,31.0,0.1935483870967742,103.16666666666667,243.33333330629628,0.59999999996,2809.0,0.282648401826355,0.07631251793057281,0.0,0.0,0.0,0.0,ga_meta,mip,ga_meta,pl_rank,pl_rank,8,0.0,1685.39999988764,0.423972601044481,1,0,1,0.0,3.4385902444148844
4,4,514.2434158630444,288.0,36.0,62.0,15772.0,2434,13338.0,0.1197106690777577,0.072461752433936,11,34,73022.56505255231,50395.85475457836,20.0,0.2,9.0,15.499999996125,0.6666666665555555,98.0,0.5806451612809573,-0.5082719709285646,0.1197106690777577,0.072461752433936,0.07482993197228008,1.0,ga_meta,mip,mip,pl_rank,pso_meta,10,0.09608621075584685,65.33333332244445,0.5806451239745082,0,0,1,0.008674444866413316,160.9387738679717
5,5,550.4893419792496,588.0,84.0,256.0,10755.0,1574,9181.0,0.4434229137199434,0.374079629124625,11,35,311576.96756025526,187166.37627294488,20.0,0.25,16.8,51.19999998976,0.49999999995,340.0,0.3281249999987183,-0.02849765707181784,0.4434229137199434,0.374079629124625,0.07482993197228008,1.0,ga_meta,mip,mip,rw_rank_bfs,sa_meta,17,0.4087512714222842,169.999999983,0.32812499365693376,1,0,1,0.16587547910971703,31.63235284814014
5,7,1013.1105305575325,1120.0,560.0,1636.0,9659.0,4735,4924.0,0.0,0.0,0,0,0.0,0.0,31.0,0.16129032258064516,112.0,233.71428568089794,0.69999999993,2196.0,0.3422982885083482,0.07631251793057281,0.0,0.0,0.0,0.0,mcts,pl_rank,mcts,pl_rank,pl_rank,3,0.0,1537.19999984628,0.47921760192999807,1,0,1,0.0,4.398451728416005
7,11,1653.6099784510766,1310.0,655.0,2823.0,9625.0,4944,4681.0,0.0,0.0,0,0,0.0,0.0,31.0,0.22580645161290322,93.57142857142857,256.63636361303304,0.5238095237845805,3478.0,0.2320226709173815,0.0795639284689682,0.0,0.0,0.0,0.0,pl_rank,rw_rank_bfs,pl_rank,rw_rank_bfs,rw_rank_bfs,2,0.0,1821.8095237227708,0.3646070529113029,1,0,1,0.0,2.7673950538334116
7,14,40.4796464312135,1678.0,839.0,3151.0,9625.0,4944,4681.0,0.0,0.0,0,0,0.0,0.0,31.0,0.22580645161290322,119.85714285714286,225.07142855535204,0.6666666666349206,3990.0,0.26626467787995356,0.0795639284689682,0.0,0.0,0.0,0.0,mip,mip,mip,rw_rank_bfs,rw_rank_bfs,2,0.0,2659.9999998733333,0.532529353432068,1,0,1,0.0,2.4122807011498044
5,5,171.54576801743667,407.0,37.0,89.0,16595.0,2640,13955.0,0.0452079566003617,0.0295549374130736,5,31,30020.50940305142,21614.76677019702,20.0,0.25,7.4,17.79999999644,0.49999999995,126.0,0.41573033707398055,-0.5869752319020751,0.0452079566003617,0.0295549374130736,0.03401360544194549,1.0,ga_meta,mip,mip,pl_rank,sa_meta,10,0.03738144700671765,62.9999999937,0.41573031380616216,1,0,1,0.0013361183278966374,131.70634816106073
9,18,599.979416741366,882.0,6.0,46.0,3121.0,919,2202.0,0.2341666666666666,0.9388333333333332,34,16,0.0,0.0,,,0.6666666666666666,2.55555555541358,0.49999999998611117,52.0,0.1304347826058601,0.701539638519652,0.2341666666666666,0.9388333333333332,0.23129251700522932,,mip,mip,mip,rw_rank_bfs,mip,1,0.5864999999999999,25.99999999927778,0.2608694631525289,2,0,1,0.21984347222222214,60.019229615014815
8,14,413.663520995845,1488.0,744.0,3330.0,9625.0,4944,4681.0,0.0,0.0,0,0,0.0,0.0,31.0,0.25806451612903225,93.0,237.85714284015307,0.49999999998214284,4074.0,0.22342342342335633,0.0795639284689682,0.0,0.0,0.0,0.0,mip,mip,mip,rw_rank_bfs,rw_rank_bfs,3,0.0,2036.99999992725,0.39099098937511295,2,0,1,0.0,2.3625429547465533
10,22,519.3319630210792,980.0,10.0,40.0,2556.0,652,1866.0,0.4566666666666666,0.9481666666666668,19,16,191066.32918463676,80311.95475508874,,,1.0,1.8181818180991736,0.48888888887802473,50.0,0.24999999999375003,0.755570431290045,0.4566666666666666,0.9481666666666668,0.12925170067939284,,d_round,mip,mip,pl_rank,mip,7,0.7024166666666667,24.444444443901236,0.5499996975251664,2,0,1,0.43299611111111114,51.11999897760003
3,3,22.043365422586767,220.0,22.0,31.0,8177.0,4629,3548.0,0.0502667213787443,0.2336933045356372,9,56,1851.6426954972883,1168.298367397099,31.0,0.0967741935483871,7.333333333333333,10.33333332988889,0.9999999996666666,53.0,0.7096774193319458,0.2180357655159223,0.0502667213787443,0.2336933045356372,0.06122448979550188,0.0,ga_meta,mip,ga_meta,pl_rank,pl_rank,6,0.14198001295719076,52.999999982333335,0.7096773509129445,0,0,1,0.011746996227170917,154.28301595692423
7,10,898.2373110315194,1612.0,806.0,2520.0,9625.0,4944,4681.0,0.0,0.0,0,0,0.0,0.0,31.0,0.22580645161290322,115.14285714285714,251.9999999748,0.47619047616780047,3326.0,0.3198412698411429,0.0795639284689682,0.0,0.0,0.0,0.0,ga_meta,ga_meta,ga_meta,rw_rank_bfs,rw_rank_bfs,7,0.0,1583.8095237341045,0.4569160980057751,1,0,1,0.0,2.8938665054438166
3,1,533.4829204814504,54.0,6.0,36.0,2556.0,652,1866.0,0.4566666666666666,0.9481666666666668,55,16,0.0,0.0,,,2.0,35.999999964,0.3333333332222222,42.0,0.16666666666203706,0.755570431290045,0.4566666666666666,0.9481666666666668,0.37414965986140036,,mip,mip,mip,pl_rank,mip,1,0.7024166666666667,13.999999995333333,0.05555555406790128,0,0,1,0.43299611111111114,60.8571414081633
4,3,270.50175156711845,266.0,38.0,31.0,8427.0,4625,3802.0,0.0510874025441115,0.1788336933045357,9,51,33271.71544275557,18664.620858131173,31.0,0.12903225806451613,9.5,10.33333332988889,0.49999999991666666,69.0,1.225806451573361,0.19412833508654492,0.0510874025441115,0.1788336933045357,0.06122448979550188,0.0,ga_meta,mip,mip,pl_rank,mip,9,0.1149605479243236,34.49999999425,0.9193547500463145,0,0,1,0.009136148878298993,122.13043301260242
6,11,286.1154105525816,1102.0,551.0,2597.0,9625.0,4944,4681.0,0.0,0.0,0,0,0.0,0.0,31.0,0.1935483870967742,91.83333333333333,236.09090906944627,0.7333333332844444,3148.0,0.21216788602225176,0.0795639284689682,0.0,0.0,0.0,0.0,mip,mip,mip,rw_rank_bfs,rw_rank_bfs,5,0.0,2308.533333179431,0.3889744560954105,1,0,1,0.0,3.057496822408673
7,14,546.3215174064401,1428.0,714.0,3577.0,9625.0,4944,4681.0,0.0,0.0,0,0,0.0,0.0,31.0,0.22580645161290322,102.0,255.49999998175,0.6666666666349206,4291.0,0.19960861056745888,0.0795639284689682,0.0,0.0,0.0,0.0,ga_meta,pl_rank,ga_meta,rw_rank_bfs,rw_rank_bfs,6,0.0,2860.666666530444,0.3992172196010509,1,0,1,0.0,2.243066883653445
5,5,1242.8155720664208,482.0,241.0,475.0,10719.0,1831,8888.0,0.2946841294298922,0.381704347826087,3,36,0.0,0.0,20.0,0.25,48.2,94.999999981,0.49999999995,716.0,0.5073684210515634,-0.025054987089987657,0.2946841294298922,0.381704347826087,0.020408163265167294,1.0,ga_meta,mip,mcts,rw_rank_bfs,mcts,14,0.3381942386279896,357.9999999642,0.5073684158133851,1,0,1,0.1124822134387352,14.970670370152694
8,19,3680.187157976952,1878.0,939.0,4705.0,9625.0,4944,4681.0,0.0,0.0,0,0,0.0,0.0,31.0,0.25806451612903225,117.375,247.63157893433518,0.6785714285471939,5644.0,0.19957492029751336,0.0795639284689682,0.0,0.0,0.0,0.0,ga_meta,sa_meta,ga_meta,rw_rank_bfs,rw_rank_bfs,6,0.0,3829.8571427203624,0.47399043381754663,2,0,1,0.0,1.7053508147226522
4,4,557.304388440088,840.0,420.0,1091.0,9625.0,4944,4681.0,0.0,0.0,0,0,0.0,0.0,31.0,0.12903225806451613,105.0,272.7499999318125,0.6666666665555555,1511.0,0.38496791933970215,0.0795639284689682,0.0,0.0,0.0,0.0,ga_meta,rw_rank_bfs,ga_meta,rw_rank_bfs,rw_rank_bfs,4,0.0,1007.3333331654444,0.3849679180248656,0,0,1,0.0,6.369953668848475
4,4,274.65843346046614,614.0,307.0,1128.0,9625.0,4944,4681.0,0.0,0.0,0,0,0.0,0.0,31.0,0.12903225806451613,76.75,281.9999999295,0.6666666665555555,1435.0,0.2721631205671346,0.0795639284689682,0.0,0.0,0.0,0.0,ga_meta,mip,mip,rw_rank_bfs,rw_rank_bfs,12,0.0,956.6666665072222,0.2721631196702992,0,0,1,0.0,6.707317068496643
2,1,551.9537106094183,42.0,14.0,14.0,16854.0,2676,14178.0,0.0321880650994574,0.0140472878998608,3,20,15454.703897063711,15454.703897063711,20.0,0.1,7.0,13.999999985999999,0.9999999989999999,28.0,0.9999999999285715,-0.6117433298269102,0.0321880650994574,0.0140472878998608,0.020408163265167294,1.0,ga_meta,ga_meta,ga_meta,pl_rank,ga_meta,11,0.023117676499659102,27.999999971999998,0.49999996478571684,0,0,1,0.0004521550173915397,601.9285499311231
5,5,58.76788978186175,368.0,46.0,76.0,8386.0,4342,4044.0,0.0329621380846325,0.0848608282416836,7,63,13927.989878301234,7169.682553387133,31.0,0.16129032258064516,9.2,15.199999996959999,0.49999999995,122.0,0.6052631578867729,0.19804915367696285,0.0329621380846325,0.0848608282416836,0.04761904761872368,0.0,ga_meta,pl_rank,pl_rank,pl_rank,pl_rank,7,0.05891148316315805,60.9999999939,0.6052631181958475,1,0,1,0.002797194338478656,68.73770435460898
5,6,141.53666708401337,958.0,479.0,1146.0,17304.0,2649,14655.0,0.0,0.0,0,0,0.0,0.0,20.0,0.25,95.8,190.99999996816666,0.59999999994,1625.0,0.4179755671898622,-0.6547767045997896,0.0,0.0,0.0,1.0,ga_meta,mip,ga_meta,pl_rank,sa_meta,18,0.0,974.9999999025,0.5015706780858429,1,0,1,0.0,10.64861537806239
10,14,609.4996669472318,750.0,375.0,1324.0,8475.0,1120,7355.0,0.5685670261941449,0.4883478260869565,7,34,0.0,0.0,20.0,0.5,37.5,94.57142856467347,0.31111111110419754,1699.0,0.2832326283985776,0.18953810844410446,0.5685670261941449,0.4883478260869565,0.04761904761872368,1.0,ga_meta,ga_meta,mip,rw_rank_bfs,mip,13,0.5284574261405507,528.5777777660317,0.39652567559376173,2,0,1,0.2776584712266363,4.988228366693214
7,10,418.9322518647083,151.0,3.0,13.0,2556.0,652,1866.0,0.4566666666666666,0.9481666666666668,44,16,0.0,0.0,,,0.42857142857142855,1.29999999987,0.47619047616780047,16.0,0.2307692307514793,0.755570431290045,0.4566666666666666,0.9481666666666668,0.2993197278891203,,mip,mip,mip,pl_rank,mip,1,0.7024166666666667,7.6190476186848075,0.3296700761109304,1,0,1,0.43299611111111114,159.74999001562563
4,5,43.99045923107179,842.0,421.0,1208.0,17304.0,2649,14655.0,0.0,0.0,0,0,0.0,0.0,20.0,0.2,105.25,241.59999995168,0.8333333331944445,1629.0,0.3485099337745459,-0.6547767045997896,0.0,0.0,0.0,1.0,ga_meta,ga_meta,mip,pl_rank,mip,13,0.0,1357.49999977375,0.43563741550253554,0,0,1,0.0,10.62246776511819
3,3,267.83053215402174,255.0,85.0,142.0,7511.0,1069,6442.0,0.6219943422913721,0.5608126533951459,18,36,122666.38372654196,60797.53079896294,20.0,0.15,28.333333333333332,47.33333331755556,0.9999999996666666,227.0,0.5985915492915592,0.2817251601797839,0.6219943422913721,0.5608126533951459,0.12244897959100376,1.0,ga_meta,ga_meta,ga_meta,rw_rank_bfs,rw_rank_bfs,15,0.591403497843259,226.99999992433334,0.5985915368490051,0,0,1,0.34882229749719296,33.088105581109666
7,11,213.52432619695543,1380.0,690.0,2420.0,9659.0,4735,4924.0,0.0,0.0,0,0,0.0,0.0,31.0,0.22580645161290322,98.57142857142857,219.99999998,0.5238095237845805,3110.0,0.28512396694203096,0.07631251793057281,0.0,0.0,0.0,0.0,ga_meta,pl_rank,ga_meta,pl_rank,pl_rank,5,0.0,1629.0476189700453,0.4480519460560803,1,0,1,0.0,3.105787780351837
6,7,1551.279572706339,1118.0,559.0,1625.0,9625.0,4944,4681.0,0.0,0.0,0,0,0.0,0.0,31.0,0.1935483870967742,93.16666666666667,232.14285710969386,0.46666666663555556,2184.0,0.3439999999997883,0.0795639284689682,0.0,0.0,0.0,0.0,mip,mip,mip,rw_rank_bfs,rw_rank_bfs,3,0.0,1019.1999999320533,0.4013333316618462,1,0,1,0.0,4.407051280033402
8,17,225.326373609575,1824.0,912.0,4352.0,9659.0,4735,4924.0,0.0,0.0,0,0,0.0,0.0,31.0,0.25806451612903225,114.0,255.99999998494118,0.6071428571211734,5264.0,0.20955882352936359,0.07631251793057281,0.0,0.0,0.0,0.0,mip,mip,mip,pl_rank,pl_rank,6,0.0,3195.999999885857,0.44531249828669284,2,0,1,0.0,1.8349164130252817
5,5,112.0985178767175,252.0,18.0,71.0,15987.0,2478,13509.0,0.1037974683544303,0.0605702364394993,10,34,18496.255449658387,9976.768091027858,20.0,0.25,3.6,14.199999997159999,0.49999999995,89.0,0.2535211267569926,-0.5288323610978292,0.1037974683544303,0.0605702364394993,0.06802721088389098,1.0,ga_meta,mip,ga_meta,pl_rank,ga_meta,14,0.0821838523969648,44.49999999555,0.25352110895766844,1,0,1,0.006287037200049289,179.62921146484032
7,10,129.20437213916242,330.0,10.0,26.0,2556.0,652,1866.0,0.4566666666666666,0.9481666666666668,32,16,0.0,0.0,,,1.4285714285714286,2.59999999974,0.47619047616780047,36.0,0.3846153846005917,0.755570431290045,0.4566666666666666,0.9481666666666668,0.21768707482845112,,ga_meta,mip,mip,pl_rank,mip,6,0.7024166666666667,17.142857142040818,0.5494503381784414,1,0,1,0.43299611111111114,70.99999802777783
9,18,64.29011561675306,692.0,346.0,1509.0,9350.0,1166,8184.0,0.5508474576271186,0.4306782608695652,7,35,0.0,0.0,20.0,0.45,38.44444444444444,83.83333332867592,0.49999999998611117,1855.0,0.22929092113967575,0.10586210194128332,0.5508474576271186,0.4306782608695652,0.04761904761872368,1.0,ga_meta,ga_meta,ga_meta,rw_rank_bfs,pl_rank,11,0.4907628592483419,927.4999999742362,0.4585818368349711,2,0,1,0.23723802505526895,5.040431264129147
5,7,122.07971195182846,1234.0,617.0,1743.0,17304.0,2649,14655.0,0.0,0.0,0,0,0.0,0.0,20.0,0.25,123.4,248.99999996442858,0.69999999993,2360.0,0.3539873780835605,-0.6547767045997896,0.0,0.0,0.0,1.0,ga_meta,mip,mip,pl_rank,rw_rank_bfs,17,0.0,1651.9999998347998,0.4955823273977761,1,0,1,0.0,7.332203386723643
4,4,580.1363328625386,900.0,450.0,816.0,9625.0,4944,4681.0,0.0,0.0,0,0,0.0,0.0,31.0,0.12903225806451613,112.5,203.999999949,0.6666666665555555,1266.0,0.5514705882346183,0.0795639284689682,0.0,0.0,0.0,0.0,ga_meta,ga_meta,pl_rank,rw_rank_bfs,pl_rank,8,0.0,843.9999998593332,0.5514705856698746,0,0,1,0.0,7.6026856180073565
3,1,507.2561863658159,49.0,12.0,13.0,2671.0,586,1993.0,0.5116666666666667,0.9446388888888888,21,16,173577.5831237188,68136.84449292177,,,4.0,12.999999986999999,0.3333333332222222,25.0,0.9230769230059171,0.7445730132925313,0.5116666666666667,0.9446388888888888,0.14285714285617104,,d_round,mip,mip,rw_rank_bfs,mip,7,0.7281527777777778,8.333333330555554,0.30769228433136275,0,0,1,0.4833402314814815,106.83999572640016
4,3,124.42408571677711,14.0,7.0,56.0,8811.0,4705,4106.0,0.0346737792367665,0.1131749460043196,6,63,0.0,0.0,31.0,0.12903225806451613,1.75,18.666666660444445,0.49999999991666666,63.0,0.12499999999776787,0.1574065219470211,0.0346737792367665,0.1131749460043196,0.04081632653033459,0.0,sa_meta,rw_rank_bfs,sa_meta,pl_rank,pl_rank,4,0.07392436262054305,31.49999999475,0.09374999500892883,0,0,1,0.003924203092886746,139.85714063718825
4,3,194.61638695435283,149.0,20.0,23.0,3013.0,795,2170.0,0.3375,0.9397222222222222,1,16,64455.86615713192,25592.054884497396,,,5.0,7.666666664111111,0.49999999991666666,43.0,0.8695652173534971,0.7118676484651429,0.3375,0.9397222222222222,0.0068027210883890975,,d_round,mip,mip,pl_rank,mip,7,0.6386111111111111,21.499999996416665,0.652173828194718,0,0,1,0.31715625000000003,70.06976581233103
7,11,341.4694495781517,1256.0,628.0,2422.0,9625.0,4944,4681.0,0.0,0.0,0,0,0.0,0.0,31.0,0.22580645161290322,89.71428571428571,220.18181816180166,0.5238095237845805,3050.0,0.25928984310476494,0.0795639284689682,0.0,0.0,0.0,0.0,ga_meta,rw_rank_bfs,ga_meta,rw_rank_bfs,rw_rank_bfs,5,0.0,1597.6190475429703,0.4074554659227279,1,0,1,0.0,3.1557377038833647
9,27,9.74464748498644,712.0,356.0,1893.0,10257.0,1703,8554.0,0.3439907550077041,0.4049391304347826,4,36,0.0,0.0,20.0,0.45,39.55555555555556,70.11111110851441,0.7499999999791668,2249.0,0.18806127839398412,0.01912594434350201,0.3439907550077041,0.4049391304347826,0.02721088435355639,1.0,ga_meta,rw_rank_bfs,rw_rank_bfs,rw_rank_bfs,rw_rank_bfs,14,0.3744649427212433,1686.749999953146,0.5641838271561501,2,0,1,0.13929531721042404,4.560693639590621
6,7,107.47546033692886,1374.0,687.0,2078.0,9625.0,4944,4681.0,0.0,0.0,0,0,0.0,0.0,31.0,0.1935483870967742,114.5,296.8571428147347,0.46666666663555556,2765.0,0.3306063522616311,0.0795639284689682,0.0,0.0,0.0,0.0,ga_meta,sa_meta,ga_meta,rw_rank_bfs,rw_rank_bfs,7,0.0,1290.3333332473112,0.38570740972788653,1,0,1,0.0,3.4810126569688924
7,17,150.1625393109284,1434.0,717.0,4976.0,9202.0,4586,4616.0,0.0,0.0,0,0,0.0,0.0,31.0,0.22580645161290322,102.42857142857143,292.7058823357232,0.8095238094852608,5693.0,0.14409163987135368,0.12001530075547484,0.0,0.0,0.0,0.0,ga_meta,ga_meta,ga_meta,rw_rank_bfs,pl_rank,4,0.0,4608.61904739959,0.3499368385127043,1,0,1,0.0,1.6163709816236833
4,5,526.7778748210492,1040.0,104.0,267.0,10224.0,1215,9009.0,0.5341257668711656,0.3412065813528336,13,36,260228.2701615983,195434.59155860925,20.0,0.2,26.0,53.39999998932,0.8333333331944445,371.0,0.3895131086127734,0.02228172516017979,0.5341257668711656,0.3412065813528336,0.08843537414905826,1.0,ga_meta,mip,ga_meta,pl_rank,pl_rank,13,0.4376661741119996,309.1666666151389,0.4868913767473525,0,0,1,0.18224722692657103,27.557951408199592
5,5,299.65333903967206,1098.0,549.0,1505.0,9625.0,4944,4681.0,0.0,0.0,0,0,0.0,0.0,31.0,0.16129032258064516,109.8,300.9999999398,0.49999999995,2054.0,0.3647840531559038,0.0795639284689682,0.0,0.0,0.0,0.0,ga_meta,mip,mip,rw_rank_bfs,mip,7,0.0,1026.9999998973,0.3647840520171959,1,0,1,0.0,4.68597857610225
4,3,152.02300637296565,1016.0,127.0,149.0,6779.0,503,6276.0,0.8071319018404908,0.5410603290676417,20,36,71450.81299529385,41958.349758938515,20.0,0.2,31.75,49.66666665011111,0.49999999991666666,276.0,0.8523489932828702,0.351726116477001,0.8071319018404908,0.5410603290676417,0.13605442176778196,1.0,ga_meta,mip,ga_meta,pl_rank,pl_rank,13,0.6740961154540662,137.999999977,0.6392617323084886,0,0,1,0.4367070524108074,24.56159411390727
7,10,1156.3912062914412,1464.0,732.0,2303.0,9659.0,4735,4924.0,0.0,0.0,0,0,0.0,0.0,31.0,0.22580645161290322,104.57142857142857,230.29999997696999,0.47619047616780047,3035.0,0.3178462874510127,0.07631251793057281,0.0,0.0,0.0,0.0,ga_meta,pl_rank,ga_meta,pl_rank,pl_rank,3,0.0,1445.2380951692744,0.454066123003993,1,0,1,0.0,3.182537066496693
5,5,77.64279177408001,2460.0,205.0,369.0,9312.0,1260,8052.0,0.514637904468413,0.4398608695652174,6,36,76322.86431392065,44566.962478321926,20.0,0.25,41.0,73.79999998523999,0.49999999995,574.0,0.55555555555405,0.10949603136654873,0.514637904468413,0.4398608695652174,0.04081632653033459,1.0,ga_meta,mip,ga_meta,rw_rank_bfs,pso_meta,15,0.4772493870168152,286.9999999713,0.5555555481388138,1,0,1,0.2263690761706974,16.22299648741638
8,15,433.82587822326946,1574.0,787.0,3808.0,9625.0,4944,4681.0,0.0,0.0,0,0,0.0,0.0,31.0,0.25806451612903225,98.375,253.86666664974223,0.5357142856951531,4595.0,0.20667016806717262,0.0795639284689682,0.0,0.0,0.0,0.0,mip,mip,mip,rw_rank_bfs,rw_rank_bfs,2,0.0,2461.6071427692286,0.38750656362546654,2,0,1,0.0,2.094668117063184
2,1,655.9278799349253,66.0,22.0,0.0,15320.0,2376,12944.0,0.1406871609403255,0.0998609179415855,13,34,14430.413358568356,14430.413358568356,20.0,0.1,11.0,0.0,0.9999999989999999,22.0,22000000000.0,-0.46504733671225007,0.1406871609403255,0.0998609179415855,0.08843537414905826,1.0,ga_meta,ga_meta,pl_rank,pl_rank,pl_rank,17,0.1202740394409555,21.999999977999998,11000000.0,0,1,0,0.014049149034096476,696.3636047107452
2,1,481.83999545689215,66.0,22.0,0.0,8384.0,4362,4022.0,0.0285077951002227,0.0898393301651957,6,63,10600.479900051629,10600.479900051629,31.0,0.06451612903225806,11.0,0.0,0.9999999989999999,22.0,22000000000.0,0.19824041312039786,0.0285077951002227,0.0898393301651957,0.04081632653033459,0.0,ga_meta,ga_meta,ga_meta,pl_rank,pl_rank,7,0.0591735626327092,21.999999977999998,11000000.0,0,1,0,0.0025611212162906555,381.09089176859584
4,3,664.6247754682353,924.0,462.0,638.0,17304.0,2649,14655.0,0.0,0.0,0,0,0.0,0.0,20.0,0.2,115.5,212.66666659577777,0.49999999991666666,1100.0,0.7241379310333478,-0.6547767045997896,0.0,0.0,0.0,1.0,ga_meta,mip,mip,pl_rank,mip,16,0.0,549.9999999083333,0.5431034459031187,0,0,1,0.0,15.730909076608263
6,9,1128.7383935063365,1096.0,548.0,2454.0,9202.0,4586,4616.0,0.0,0.0,0,0,0.0,0.0,31.0,0.1935483870967742,91.33333333333333,272.6666666363704,0.59999999996,3002.0,0.2233088834554917,0.12001530075547484,0.0,0.0,0.0,0.0,ga_meta,pl_rank,ga_meta,rw_rank_bfs,ga_meta,5,0.0,1801.19999987992,0.33496332399212037,1,0,1,0.0,3.065289805774387
5,6,766.9043555764688,1008.0,504.0,1750.0,9625.0,4944,4681.0,0.0,0.0,0,0,0.0,0.0,31.0,0.16129032258064516,100.8,291.66666661805556,0.59999999994,2254.0,0.28799999999983544,0.0795639284689682,0.0,0.0,0.0,0.0,ga_meta,ga_meta,ga_meta,rw_rank_bfs,rw_rank_bfs,7,0.0,1352.39999986476,0.3455999988726857,1,0,1,0.0,4.270186333509234
4,3,1491.1003440590173,980.0,490.0,780.0,9202.0,4586,4616.0,0.0,0.0,0,0,0.0,0.0,31.0,0.12903225806451613,122.5,259.99999991333334,0.49999999991666666,1270.0,0.6282051282043228,0.12001530075547484,0.0,0.0,0.0,0.0,ga_meta,ga_meta,mip,rw_rank_bfs,pl_rank,3,0.0,634.9999998941666,0.47115384449876724,0,0,1,0.0,7.245669285633331
5,5,229.08943123002103,220.0,4.0,40.0,3121.0,919,2202.0,0.2341666666666666,0.9388333333333332,32,16,0.0,0.0,,,0.8,7.9999999984,0.49999999995,44.0,0.0999999999975,0.701539638519652,0.2341666666666666,0.9388333333333332,0.21768707482845112,,mip,mip,mip,rw_rank_bfs,mip,2,0.5864999999999999,21.9999999978,0.09999998752000157,1,0,1,0.21984347222222214,70.93181656973145
3,2,810.1510674911598,1060.0,106.0,102.0,7949.0,1312,6637.0,0.4969325153374233,0.5146617915904936,11,34,287603.6289593617,168511.42203816122,20.0,0.15,35.333333333333336,50.9999999745,0.6666666664444444,208.0,1.0392156862643214,0.23983934206751456,0.4969325153374233,0.5146617915904936,0.07482993197228008,1.0,ga_meta,mip,d_round,pl_rank,d_round,17,0.5057971534639585,138.66666662044443,0.6928104442782267,0,0,1,0.2557521786431287,38.21634597011372
8,16,3424.008470637874,1384.0,692.0,3775.0,17304.0,2649,14655.0,0.0,0.0,0,0,0.0,0.0,20.0,0.4,86.5,235.9374999852539,0.5714285714081633,4467.0,0.18331125827809713,-0.6547767045997896,0.0,0.0,0.0,1.0,ga_meta,ga_meta,mip,pl_rank,mip,9,0.0,2552.5714284802652,0.36662251502530857,2,0,1,0.0,3.8737407647473154
10,29,569.8977017345588,814.0,407.0,2490.0,9548.0,1641,7907.0,0.3678736517719568,0.4499478260869565,4,36,0.0,0.0,20.0,0.5,40.7,85.86206896255648,0.6444444444301235,2897.0,0.16345381526097855,0.08692741704121643,0.3678736517719568,0.4499478260869565,0.02721088435355639,1.0,ga_meta,sa_meta,pl_rank,rw_rank_bfs,pl_rank,8,0.4089107389294566,1866.9555555140678,0.4740160587527046,2,0,1,0.165523949889462,3.295823264309347
2,1,1236.1315572040126,51.0,17.0,26.0,7882.0,4278,3604.0,0.0472160356347438,0.1844308667119257,10,49,53153.65695977254,53153.65695977254,31.0,0.06451612903225806,8.5,25.999999973999998,0.9999999989999999,43.0,0.6538461538210059,0.24624653342258773,0.0472160356347438,0.1844308667119257,0.06802721088389098,0.0,ga_meta,ga_meta,mip,pl_rank,rw_rank_bfs,10,0.11582345117333476,42.999999957,0.326923064676036,0,0,1,0.008708094374816969,183.30232131855067
5,4,33.95940257622652,440.0,40.0,46.0,9197.0,4781,4416.0,0.0190808370947886,0.0462203023758099,3,18,5739.139035382283,2920.508621555481,31.0,0.16129032258064516,8.0,11.499999997125,0.39999999996,86.0,0.8695652173724008,0.12049344936406237,0.0190808370947886,0.0462203023758099,0.020408163265167294,0.0,ga_meta,mip,ga_meta,pl_rank,pl_rank,12,0.03265056973529925,34.39999999656,0.6956521135954684,1,0,1,0.0008819220601046993,106.9418592216063
6,6,132.5465483755852,570.0,285.0,579.0,8621.0,1336,7285.0,0.485362095531587,0.4932173913043478,5,36,0.0,0.0,20.0,0.3,47.5,96.49999998391667,0.39999999997333335,864.0,0.4922279792737613,0.17557616907334794,0.485362095531587,0.4932173913043478,0.03401360544194549,1.0,ga_meta,ga_meta,ga_meta,rw_rank_bfs,pl_rank,13,0.4892897434179674,345.59999997696,0.49222797425584136,1,0,1,0.23938902659610098,9.978009247710638
3,2,319.5512718537111,222.0,74.0,101.0,7039.0,963,6076.0,0.6594766619519095,0.5857649304608672,19,36,120470.8294888491,55921.47257439944,20.0,0.15,24.666666666666668,50.49999997475,0.6666666664444444,175.0,0.7326732673194785,0.3268623888304485,0.6594766619519095,0.5857649304608672,0.12925170067939284,1.0,ga_meta,mcts,ga_meta,rw_rank_bfs,pl_rank,18,0.6226207962063883,116.66666662777777,0.4884488354564588,0,0,1,0.38629830102882506,40.222856913012244
5,4,405.5705173349021,1070.0,214.0,317.0,8908.0,1127,7781.0,0.5658705701078582,0.4587130434782609,7,35,318778.426625233,215357.94470483295,20.0,0.25,42.8,79.2499999801875,0.39999999996,531.0,0.6750788643511827,0.14813043894042266,0.5658705701078582,0.4587130434782609,0.04761904761872368,1.0,ga_meta,mip,rw_rank_bfs,rw_rank_bfs,rw_rank_bfs,11,0.5122918067930595,212.39999997876,0.5400630848029895,1,0,1,0.25957221142895426,16.77589450701338
6,7,470.94069920524873,1046.0,523.0,1538.0,9625.0,4944,4681.0,0.0,0.0,0,0,0.0,0.0,31.0,0.1935483870967742,87.16666666666667,219.71428568289795,0.46666666663555556,2061.0,0.3400520156044603,0.0795639284689682,0.0,0.0,0.0,0.0,ga_meta,mip,ga_meta,rw_rank_bfs,rw_rank_bfs,5,0.0,961.79999993588,0.3967273497898192,1,0,1,0.0,4.6700630739106925
7,9,234.0532253598176,1288.0,644.0,2047.0,9202.0,4586,4616.0,0.0,0.0,0,0,0.0,0.0,31.0,0.22580645161290322,92.0,227.44444441917284,0.42857142855102043,2691.0,0.31460674157288004,0.12001530075547484,0.0,0.0,0.0,0.0,ga_meta,ga_meta,ga_meta,rw_rank_bfs,ga_meta,7,0.0,1153.285714230796,0.40449438028898416,1,0,1,0.0,3.419546635667207
5,6,303.5608093119981,552.0,92.0,292.0,7093.0,1045,6048.0,0.6304809052333804,0.5876738478320153,18,36,272294.0459528623,116567.35077580728,20.0,0.25,18.4,48.666666658555556,0.59999999994,384.0,0.31506849314960594,0.321698383857703,0.6304809052333804,0.5876738478320153,0.12244897959100376,1.0,ga_meta,mip,ga_meta,rw_rank_bfs,rw_rank_bfs,13,0.6090773765326978,230.39999997695998,0.3780821840750236,1,0,1,0.37051713956311283,18.471354118564182
3,2,693.4921261160094,133.0,19.0,17.0,7902.0,4245,3657.0,0.05456570155902,0.1724372029871012,11,63,36755.0826841485,24965.71654017634,31.0,0.0967741935483871,6.333333333333333,8.49999999575,0.6666666664444444,36.0,1.1176470587577854,0.24433393898823752,0.05456570155902,0.1724372029871012,0.07482993197228008,0.0,ga_meta,rw_rank_bfs,ga_meta,pl_rank,pl_rank,7,0.11350145227306059,23.999999992,0.7450979519296527,0,0,1,0.009409156955866315,219.49999390277796
9,15,359.12323779550707,722.0,361.0,1333.0,9785.0,1349,8436.0,0.4803543913713405,0.4131478260869565,6,35,0.0,0.0,20.0,0.45,40.111111111111114,88.86666666074223,0.4166666666550926,1694.0,0.27081770442590336,0.06426317299416662,0.4803543913713405,0.4131478260869565,0.04081632653033459,1.0,ga_meta,mip,mip,rw_rank_bfs,pl_rank,19,0.44675110872914847,705.8333333137268,0.45136283566116675,2,0,1,0.19845737254639242,5.776269181950254
2,1,175.85276369443173,14.0,1.0,11.0,16177.0,2497,13680.0,0.0969258589511754,0.0486787204450626,11,35,2110.233164333181,2110.233164333181,20.0,0.1,0.5,10.999999988999999,0.9999999989999999,12.0,0.09090909090082644,-0.547002008224156,0.0969258589511754,0.0486787204450626,0.07482993197228008,1.0,ga_meta,ga_meta,mip,pl_rank,pl_rank,18,0.072802289698119,11.999999987999999,0.04545454136776897,0,0,1,0.004718226791781836,1348.083220993065
5,5,48.583842765390166,1005.0,201.0,416.0,8559.0,1140,7419.0,0.5608628659476117,0.483895652173913,7,35,55142.66153871784,29976.230986245733,20.0,0.25,40.2,83.19999998336,0.49999999995,617.0,0.48317307692191547,0.1815052118198336,0.5608628659476117,0.483895652173913,0.04761904761872368,1.0,ga_meta,mip,ga_meta,rw_rank_bfs,d_round,13,0.5223792590607623,308.49999996915,0.48317307121234293,1,0,1,0.2713991022978495,13.87196107962405
4,3,64.58406673420883,602.0,301.0,694.0,9625.0,4944,4681.0,0.0,0.0,0,0,0.0,0.0,31.0,0.12903225806451613,75.25,231.3333332562222,0.49999999991666666,995.0,0.4337175792500955,0.0795639284689682,0.0,0.0,0.0,0.0,ga_meta,ga_meta,ga_meta,rw_rank_bfs,rw_rank_bfs,6,0.0,497.4999999170833,0.32528818314032487,0,0,1,0.0,9.673366824448877
10,24,597.2449825008521,796.0,398.0,2054.0,10719.0,1831,8888.0,0.2946841294298922,0.381704347826087,3,36,0.0,0.0,20.0,0.5,39.8,85.58333332976736,0.5333333333214815,2452.0,0.19376825705930195,-0.025054987089987657,0.2946841294298922,0.381704347826087,0.020408163265167294,1.0,ga_meta,ga_meta,ga_meta,rw_rank_bfs,mcts,10,0.3381942386279896,1307.7333333042725,0.46504381152811514,2,0,1,0.1124822134387352,4.371533440305248
3,2,22.899974738252897,300.0,30.0,21.0,15771.0,2397,13374.0,0.1330922242314647,0.0699582753824756,14,36,1213.6986611274035,1167.8987116508977,20.0,0.15,10.0,10.49999999475,0.6666666664444444,51.0,1.4285714285034015,-0.5081763412068472,0.1330922242314647,0.0699582753824756,0.09523809523744736,1.0,ga_meta,sa_meta,ga_meta,pl_rank,ga_meta,12,0.10152524980697014,33.999999988666666,0.9523808621542036,0,0,1,0.009310902474050997,309.23528805421006
4,3,542.3070467411391,384.0,32.0,40.0,8792.0,4724,4068.0,0.030775543701272,0.1213822894168467,5,48,84057.59224487655,39046.10736536201,31.0,0.12903225806451613,8.0,13.33333332888889,0.49999999991666666,72.0,0.79999999998,0.1592234866596538,0.030775543701272,0.1213822894168467,0.03401360544194549,0.0,ga_meta,mip,ga_meta,pl_rank,pl_rank,8,0.07607891655905935,35.999999994,0.5999999552000034,0,0,1,0.0037356059525086114,122.11110941512348
6,7,63.78678734452135,1631.0,233.0,487.0,8448.0,1298,7150.0,0.5,0.5026086956521739,5,36,110989.00997946716,45926.48688805537,20.0,0.3,38.833333333333336,69.5714285614898,0.46666666663555556,720.0,0.4784394250503523,0.1921201109304772,0.5,0.5026086956521739,0.03401360544194549,1.0,ga_meta,pl_rank,rw_rank_bfs,rw_rank_bfs,rw_rank_bfs,13,0.501304347826087,335.9999999776,0.5581793212831857,1,0,1,0.25130434782608696,11.733333317037037
7,16,305.6959695221308,406.0,203.0,755.0,9924.0,1329,8595.0,0.4904141104294478,0.3714808043875686,12,36,0.0,0.0,20.0,0.35,29.0,47.18749999705078,0.7619047618684808,958.0,0.26887417218507437,0.05097064167543275,0.4904141104294478,0.3714808043875686,0.08163265306066918,1.0,ga_meta,ga_meta,ga_meta,pl_rank,pl_rank,7,0.4309474574085082,729.9047618700046,0.6145695234382618,1,0,1,0.18217942822534516,10.35908140881098
4,4,9.60103289007868,763.0,109.0,242.0,8059.0,1431,6628.0,0.493988684582744,0.5481319880010909,14,36,8957.76368644341,3369.962544417617,20.0,0.2,27.25,60.499999984875,0.6666666665555555,351.0,0.4504132231386347,0.22932007267858856,0.493988684582744,0.5481319880010909,0.09523809523744736,1.0,ga_meta,pl_rank,ga_meta,rw_rank_bfs,pl_rank,13,0.5210603362919174,233.999999961,0.45041321580825266,0,0,1,0.27077099973038327,22.96011389470053
3,2,597.0961249348794,312.0,78.0,155.0,8186.0,1155,7031.0,0.5915841584158417,0.5206572129806382,16,36,231076.2003497983,139123.3971098269,20.0,0.15,26.0,77.49999996125,0.6666666664444444,233.0,0.5032258064483663,0.21717509802046475,0.5915841584158417,0.5206572129806382,0.10884353741422556,1.0,ga_meta,ga_meta,mip,rw_rank_bfs,mip,15,0.5561206856982399,155.33333328155555,0.3354838668066598,0,0,1,0.30801255916428844,35.13304705951482
4,3,110.98190746580214,508.0,127.0,194.0,9669.0,1491,8178.0,0.4727722772277227,0.442459776383965,12,35,66700.12638694709,35625.19229652249,20.0,0.2,31.75,64.6666666451111,0.49999999991666666,321.0,0.6546391752543576,0.07535622071339776,0.4727722772277227,0.442459776383965,0.08163265306066918,1.0,ga_meta,ga_meta,mip,rw_rank_bfs,mip,14,0.45761602680584385,160.49999997325,0.49097937401449426,0,0,1,0.2091827160627161,30.12149523326637
8,16,148.6867652917633,568.0,284.0,1261.0,10719.0,1831,8888.0,0.2946841294298922,0.381704347826087,3,36,0.0,0.0,20.0,0.4,35.5,78.81249999507422,0.5714285714081633,1545.0,0.22521808088800538,-0.025054987089987657,0.2946841294298922,0.381704347826087,0.020408163265167294,1.0,ga_meta,ga_meta,d_round,rw_rank_bfs,d_round,8,0.3381942386279896,882.8571428256123,0.450436156089232,2,0,1,0.1124822134387352,6.937864073179376
4,3,1277.105786594851,208.0,16.0,48.0,3608.0,956,2592.0,0.2033333333333333,0.928,22,16,0.0,0.0,,,4.0,15.999999994666666,0.49999999991666666,64.0,0.3333333333263889,0.6549679640432247,0.2033333333333333,0.928,0.14965986394456016,,mip,mip,mip,pl_rank,mip,1,0.5656666666666667,31.999999994666666,0.2499999844583343,0,0,1,0.18869333333333332,56.37499911914064
2,1,358.15542476193076,56.0,8.0,13.0,16573.0,2626,13947.0,0.0502712477396021,0.0301112656467316,8,36,7521.263920000546,7521.263920000546,20.0,0.1,4.0,12.999999986999999,0.9999999989999999,21.0,0.6153846153372781,-0.58487137802429,0.0502712477396021,0.0301112656467316,0.05442176870711278,1.0,ga_meta,ga_meta,ga_meta,pl_rank,pl_rank,13,0.04019125669316685,20.999999979,0.30769228433136275,0,0,1,0.0015137308950798143,789.1904386099791
3,3,220.91021349937847,81.0,27.0,50.0,17049.0,2738,14311.0,0.009764918625678,0.004798331015299,1,9,21207.380495940335,17010.08643945214,20.0,0.15,9.0,16.666666661111112,0.9999999996666666,77.0,0.5399999999892,-0.6303911255618246,0.009764918625678,0.004798331015299,0.0068027210883890975,1.0,ga_meta,mip,mip,pl_rank,mip,25,0.0072816248204885005,76.99999997433333,0.5399999677800018,0,0,1,4.6855311903461634e-05,221.4155815400574
4,3,690.6299799204094,57.0,12.0,3.0,3121.0,919,2202.0,0.2341666666666666,0.9388333333333332,2,16,223439.11115072065,88796.73403594321,,,3.0,0.9999999996666666,0.49999999991666666,15.0,3.9999999986666666,0.701539638519652,0.2341666666666666,0.9388333333333332,0.013605442176778195,,d_round,mip,mip,rw_rank_bfs,mip,7,0.5864999999999999,7.49999999875,2.999997001002998,0,1,0,0.21984347222222214,208.06665279555648
4,4,333.5127835498802,588.0,98.0,205.0,7420.0,910,6510.0,0.6782178217821782,0.556176711208072,17,36,136740.2412554509,101054.3734156137,20.0,0.2,24.5,51.2499999871875,0.6666666665555555,303.0,0.47804878048547295,0.2904274648560773,0.6782178217821782,0.556176711208072,0.11564625850261466,1.0,ga_meta,ga_meta,ga_meta,rw_rank_bfs,sa_meta,11,0.6171972664951251,201.99999996633332,0.4780487712795362,0,0,1,0.3772089576015141,24.488448764064525
7,9,1058.544439889222,1606.0,803.0,1545.0,9625.0,4944,4681.0,0.0,0.0,0,0,0.0,0.0,31.0,0.22580645161290322,114.71428571428571,171.6666666475926,0.42857142855102043,2348.0,0.5197411003232882,0.0795639284689682,0.0,0.0,0.0,0.0,ga_meta,rw_rank_bfs,ga_meta,rw_rank_bfs,rw_rank_bfs,3,0.0,1006.285714237796,0.6682385537405429,1,0,1,0.0,4.09923338837341
3,2,41.276938139525015,406.0,29.0,30.0,16137.0,2467,13670.0,0.1077757685352621,0.0493741307371349,11,35,3054.493422324851,2435.339350231976,20.0,0.15,9.666666666666666,14.9999999925,0.6666666664444444,59.0,0.9666666666344444,-0.5431768193554556,0.1077757685352621,0.0493741307371349,0.07482993197228008,1.0,ga_meta,mip,mip,pl_rank,pl_rank,13,0.0785749496361985,39.333333320222216,0.6444444018037065,0,0,1,0.005321334885955221,273.50846994053444
2,1,349.5894409100426,40.0,8.0,17.0,8614.0,4699,3915.0,0.0359048009848174,0.1544276457883369,10,63,8739.736022751065,8739.736022751065,31.0,0.06451612903225806,4.0,16.999999983,0.9999999989999999,25.0,0.470588235266436,0.1762455771253706,0.0359048009848174,0.1544276457883369,0.06802721088389098,0.0,ga_meta,ga_meta,ga_meta,pl_rank,pl_rank,5,0.09516622338657715,24.999999974999998,0.2352941040415233,0,0,1,0.0055446938885841115,344.5599862176005
3,2,407.0574652699055,56.0,28.0,41.0,8424.0,4626,3798.0,0.0508822322527697,0.1796976241900647,11,63,0.0,0.0,31.0,0.0967741935483871,9.333333333333334,20.49999998975,0.6666666664444444,69.0,0.682926829251636,0.19441522425169744,0.0508822322527697,0.1796976241900647,0.07482993197228008,0.0,sa_meta,rw_rank_bfs,sa_meta,pl_rank,pl_rank,4,0.11528992822141719,45.999999984666665,0.45528453086416926,0,0,1,0.009143416249309798,122.08695475236298
9,19,628.6185066153091,704.0,352.0,1616.0,9785.0,1349,8436.0,0.4803543913713405,0.4131478260869565,6,35,0.0,0.0,20.0,0.45,39.111111111111114,85.05263157447091,0.5277777777631173,1968.0,0.21782178217808304,0.06426317299416662,0.4803543913713405,0.4131478260869565,0.04081632653033459,1.0,ga_meta,ga_meta,ga_meta,rw_rank_bfs,pl_rank,18,0.44675110872914847,1038.6666666378148,0.4598459792160574,2,0,1,0.19845737254639242,4.972052843002006
4,3,702.9659230629579,225.0,25.0,28.0,7999.0,4321,3678.0,0.0376391982182627,0.1676849966055669,6,63,85761.84261368087,37257.19392233677,31.0,0.12903225806451613,6.25,9.333333330222223,0.49999999991666666,53.0,0.8928571428252551,0.23505785598163909,0.0376391982182627,0.1676849966055669,0.04081632653033459,0.0,ga_meta,rw_rank_bfs,ga_meta,pl_rank,pl_rank,7,0.1026620974119148,26.499999995583334,0.6696427856186301,0,0,1,0.0063115288254656406,150.92452545425425
3,2,589.4762948660839,90.0,10.0,17.0,16231.0,2571,13660.0,0.0701627486437612,0.0500695410292072,9,34,17684.288845982515,15915.859961384263,20.0,0.15,3.3333333333333335,8.49999999575,0.6666666664444444,27.0,0.588235294083045,-0.5521660131969015,0.0701627486437612,0.0500695410292072,0.06122448979550188,1.0,ga_meta,mip,ga_meta,pl_rank,pl_rank,12,0.0601161448364842,17.999999994,0.39215681680508035,0,0,1,0.003513016621940753,601.1481258834027
6,10,386.7745324892392,298.0,149.0,500.0,8038.0,1446,6592.0,0.4455521472392638,0.5179524680073126,11,36,0.0,0.0,20.0,0.3,24.833333333333332,49.999999995,0.6666666666222222,649.0,0.297999999999404,0.23132829683465617,0.4455521472392638,0.5179524680073126,0.07482993197228008,1.0,ga_meta,rw_rank_bfs,ga_meta,pl_rank,pl_rank,7,0.48175230762328825,432.6666666378222,0.49666665678300015,1,0,1,0.23077483428853424,12.385207993243132
4,3,922.7594210773108,640.0,320.0,817.0,9625.0,4944,4681.0,0.0,0.0,0,0,0.0,0.0,31.0,0.12903225806451613,80.0,272.33333324255557,0.49999999991666666,1137.0,0.3916768665845879,0.0795639284689682,0.0,0.0,0.0,0.0,ga_meta,mip,mip,rw_rank_bfs,rw_rank_bfs,8,0.0,568.49999990525,0.29375764895805023,0,0,1,0.0,8.465259447260106
3,1,195.1769377607765,28.0,6.0,10.0,2671.0,586,1993.0,0.5116666666666667,0.9446388888888888,22,16,66787.43808078895,26217.010288407004,,,2.0,9.99999999,0.3333333332222222,16.0,0.59999999994,0.7445730132925313,0.5116666666666667,0.9446388888888888,0.14965986394456016,,d_round,mip,mip,rw_rank_bfs,mip,7,0.7281527777777778,5.333333331555555,0.19999998020000198,0,0,1,0.4833402314814815,166.9374895664069
5,5,441.952116949239,80.0,40.0,102.0,8368.0,4329,4039.0,0.0358574610244989,0.0859923059515727,7,60,0.0,0.0,31.0,0.16129032258064516,8.0,20.39999999592,0.49999999995,142.0,0.39215686274125333,0.19977048866787794,0.0358574610244989,0.0859923059515727,0.04761904761872368,0.0,mip,mip,mip,pl_rank,pl_rank,2,0.060924883488035805,70.9999999929,0.39215684360015474,1,0,1,0.0030834657590653033,58.92957704979171
2,1,513.0056596259482,42.0,7.0,19.0,7856.0,4271,3585.0,0.0487750556792873,0.1887304820095043,11,50,13338.147150274652,13338.147150274652,31.0,0.06451612903225806,3.5,18.999999981,0.9999999989999999,26.0,0.3684210526121884,0.24873290618724297,0.0487750556792873,0.1887304820095043,0.07482993197228008,0.0,ga_meta,ga_meta,ga_meta,pl_rank,pl_rank,7,0.1187527688443958,25.999999973999998,0.18421051680470965,0,0,1,0.009205339768392301,302.1538345325448
8,11,140.64963268782287,1382.0,691.0,2677.0,17304.0,2649,14655.0,0.0,0.0,0,0,0.0,0.0,20.0,0.4,86.375,243.3636363415124,0.39285714284311224,3368.0,0.258124766529601,-0.6547767045997896,0.0,0.0,0.0,1.0,ga_meta,pso_meta,mip,pl_rank,mip,8,0.0,1323.142857095602,0.3549215525521994,2,0,1,0.0,5.137767219377148
4,3,2300.34901843911,214.0,107.0,220.0,9128.0,1515,7613.0,0.4190950920245399,0.4432906764168189,10,36,0.0,0.0,20.0,0.2,26.75,73.33333330888888,0.49999999991666666,327.0,0.48636363636142566,0.12709190016257055,0.4190950920245399,0.4432906764168189,0.06802721088389098,1.0,ga_meta,ga_meta,ga_meta,pl_rank,ga_meta,12,0.43119288422067936,163.49999997275,0.36477272242014475,0,0,1,0.18578094682652724,27.91437300331996
5,9,219.79942430456225,288.0,144.0,528.0,6966.0,813,6153.0,0.6882668711656441,0.550054844606947,18,36,0.0,0.0,20.0,0.25,28.8,58.666666660148145,0.89999999991,672.0,0.27272727272675623,0.3338433585158267,0.6882668711656441,0.550054844606947,0.12244897959100376,1.0,ga_meta,mip,ga_meta,pl_rank,pl_rank,14,0.6191608578862955,604.79999993952,0.49090908259586796,1,0,1,0.37858452686712796,10.366071413145727
7,12,13.284201131548215,372.0,186.0,615.0,6966.0,813,6153.0,0.6882668711656441,0.550054844606947,18,36,0.0,0.0,20.0,0.35,26.571428571428573,51.24999999572917,0.5714285714013605,801.0,0.3024390243897521,0.3338433585158267,0.6882668711656441,0.550054844606947,0.12244897959100376,1.0,ga_meta,mip,pso_meta,pl_rank,pso_meta,9,0.6191608578862955,457.71428569248974,0.5184668888814823,1,0,1,0.37858452686712796,8.696629202625932
4,4,264.504428927572,214.0,107.0,142.0,7677.0,1488,6189.0,0.4294478527607361,0.5474223034734917,10,33,0.0,0.0,20.0,0.2,26.75,35.499999991125,0.6666666665555555,249.0,0.753521126755257,0.26585062637467727,0.4294478527607361,0.5474223034734917,0.06802721088389098,1.0,ga_meta,mip,pl_rank,pl_rank,pl_rank,14,0.48843507811711395,165.9999999723333,0.753521105722997,0,0,1,0.23508933278002708,30.831325177384237
7,16,5.7466268790237285,1210.0,605.0,4905.0,9202.0,4586,4616.0,0.0,0.0,0,0,0.0,0.0,31.0,0.22580645161290322,86.42857142857143,306.56249998083985,0.7619047618684808,5510.0,0.12334352701322662,0.12001530075547484,0.0,0.0,0.0,0.0,ga_meta,ga_meta,ga_meta,rw_rank_bfs,ga_meta,5,0.0,4198.095237895329,0.281928060842553,1,0,1,0.0,1.6700544461578848
5,5,406.44918146423714,422.0,211.0,432.0,9306.0,1294,8012.0,0.5015408320493067,0.4426434782608696,6,36,0.0,0.0,20.0,0.25,42.2,86.39999998272,0.49999999995,643.0,0.48842592592479533,0.11006980969685376,0.5015408320493067,0.4426434782608696,0.04081632653033459,1.0,ga_meta,mip,rw_rank_bfs,rw_rank_bfs,rw_rank_bfs,14,0.4720921551550881,321.49999996785,0.48842592037053334,1,0,1,0.22200377838815571,14.472783803308268
4,5,132.22651868241505,678.0,339.0,1505.0,9625.0,4944,4681.0,0.0,0.0,0,0,0.0,0.0,31.0,0.12903225806451613,84.75,300.9999999398,0.8333333331944445,1844.0,0.2252491694350663,0.0795639284689682,0.0,0.0,0.0,0.0,rw_rank_bfs,rw_rank_bfs,rw_rank_bfs,rw_rank_bfs,rw_rank_bfs,1,0.0,1536.6666664105555,0.28156146091491213,0,0,1,0.0,5.2196312336119135
4,4,629.1827796674944,846.0,423.0,958.0,9659.0,4735,4924.0,0.0,0.0,0,0,0.0,0.0,31.0,0.12903225806451613,105.75,239.499999940125,0.6666666665555555,1381.0,0.44154488517699214,0.07631251793057281,0.0,0.0,0.0,0.0,mip,mip,mip,pl_rank,pl_rank,3,0.0,920.6666665132221,0.44154488344422804,0,0,1,0.0,6.994207091242427
6,6,36.75318790450657,1054.0,527.0,1597.0,9202.0,4586,4616.0,0.0,0.0,0,0,0.0,0.0,31.0,0.1935483870967742,87.83333333333333,266.16666662230557,0.39999999997333335,2124.0,0.32999373825902945,0.12001530075547484,0.0,0.0,0.0,0.0,ga_meta,ga_meta,ga_meta,rw_rank_bfs,d_round,5,0.0,849.59999994336,0.32999373707443386,1,0,1,0.0,4.332391711707913
6,5,235.3498022244366,270.0,135.0,257.0,6595.0,1087,5508.0,0.5832055214723926,0.5972212065813529,14,36,0.0,0.0,20.0,0.3,22.5,51.39999998972,0.3333333333111111,392.0,0.5252918287917304,0.36932198527302285,0.5832055214723926,0.5972212065813529,0.09523809523744736,1.0,ga_meta,ga_meta,mip,pl_rank,pl_rank,11,0.5902133640268727,130.66666665795555,0.43774318223262293,1,0,1,0.3483027052186494,16.82397954891842
5,5,201.63903511487771,416.0,32.0,60.0,15967.0,2485,13482.0,0.1012658227848101,0.0624478442280945,9,34,28834.382021427515,18550.79123056875,20.0,0.25,6.4,11.9999999976,0.49999999995,92.0,0.5333333333244444,-0.5269197666634791,0.1012658227848101,0.0624478442280945,0.06122448979550188,1.0,ga_meta,mip,mip,pl_rank,pso_meta,10,0.0818568335064523,45.9999999954,0.5333332889955593,1,0,1,0.006323832326895643,173.55434593962667
5,4,1651.9790106988205,70.0,35.0,88.0,7945.0,4274,3671.0,0.0481069042316257,0.1692690653994116,11,52,0.0,0.0,31.0,0.16129032258064516,7.0,21.9999999945,0.39999999996,123.0,0.3977272727227531,0.24022186095438458,0.0481069042316257,0.1692690653994116,0.07482993197228008,0.0,mip,mip,mip,pl_rank,mip,1,0.10868798481551865,49.19999999508,0.3181818037985543,1,0,1,0.00814301071854628,64.59349540980898
5,7,1200.0615011665068,216.0,108.0,357.0,8887.0,1445,7442.0,0.4459355828220859,0.4557952468007312,11,36,0.0,0.0,20.0,0.25,21.6,50.99999999271429,0.69999999993,465.0,0.30252100840251395,0.15013866309649038,0.4459355828220859,0.4557952468007312,0.07482993197228008,1.0,ga_meta,ga_meta,mip,pl_rank,pl_rank,9,0.4508654148114085,325.49999996745,0.423529403520712,1,0,1,0.20325531902962055,19.111827915888544
7,8,171.77030351864866,1366.0,683.0,2235.0,9625.0,4944,4681.0,0.0,0.0,0,0,0.0,0.0,31.0,0.22580645161290322,97.57142857142857,279.37499996507813,0.3809523809342404,2918.0,0.30559284116317426,0.0795639284689682,0.0,0.0,0.0,0.0,sa_meta,pl_rank,sa_meta,rw_rank_bfs,rw_rank_bfs,3,0.0,1111.6190475661135,0.34924896012304624,1,0,1,0.0,3.2984921167585703
7,10,94.28236186210796,1420.0,710.0,2227.0,9202.0,4586,4616.0,0.0,0.0,0,0,0.0,0.0,31.0,0.22580645161290322,101.42857142857143,222.69999997773,0.47619047616780047,2937.0,0.3188145487201083,0.12001530075547484,0.0,0.0,0.0,0.0,ga_meta,sa_meta,ga_meta,rw_rank_bfs,ga_meta,6,0.0,1398.57142850483,0.45544935331506486,1,0,1,0.0,3.133129042174624
8,10,125.3317053682515,1592.0,796.0,2519.0,9625.0,4944,4681.0,0.0,0.0,0,0,0.0,0.0,31.0,0.25806451612903225,99.5,251.89999997481,0.357142857130102,3315.0,0.3159984120681556,0.0795639284689682,0.0,0.0,0.0,0.0,ga_meta,ga_meta,ga_meta,rw_rank_bfs,rw_rank_bfs,5,0.0,1183.9285713862882,0.3949980135567765,2,0,1,0.0,2.9034690790638105
4,4,211.69137568551432,36.0,12.0,78.0,8312.0,4380,3932.0,0.0244988864142539,0.1102059289431998,7,63,49324.09053472483,19052.223811696287,31.0,0.12903225806451613,3.0,19.499999995125,0.6666666665555555,90.0,0.15384615384418146,0.20512575308405856,0.0244988864142539,0.1102059289431998,0.04761904761872368,0.0,ga_meta,mip,ga_meta,pl_rank,rw_rank_bfs,4,0.06735240767872686,59.99999999,0.15384614599506943,0,0,1,0.0026999225353567884,92.35555452938273
6,6,1196.4760244714907,1302.0,651.0,1486.0,9625.0,4944,4681.0,0.0,0.0,0,0,0.0,0.0,31.0,0.1935483870967742,108.5,247.6666666253889,0.39999999997333335,2137.0,0.43808882907103763,0.0795639284689682,0.0,0.0,0.0,0.0,mip,mip,mip,rw_rank_bfs,pl_rank,3,0.0,854.7999999430134,0.4380888273754825,1,0,1,0.0,4.503977536497905
5,6,486.1743001305523,84.0,42.0,91.0,8028.0,4327,3701.0,0.0363028953229398,0.1624801991400769,8,63,0.0,0.0,31.0,0.16129032258064516,8.4,15.166666664138889,0.59999999994,133.0,0.4615384615333897,0.23228459405183133,0.0363028953229398,0.1624801991400769,0.05442176870711278,0.0,mcts,rw_rank_bfs,mcts,pl_rank,rw_rank_bfs,3,0.09939154723150834,79.79999999201999,0.5538461174211352,1,0,1,0.005898501661432624,60.36090180179773
4,3,217.70919515440852,1404.0,108.0,179.0,7682.0,1256,6426.0,0.5184049079754601,0.530091407678245,12,36,101452.48494195438,62482.539009315245,20.0,0.2,27.0,59.66666664677778,0.49999999991666666,287.0,0.603351955303892,0.26537247776608974,0.5184049079754601,0.530091407678245,0.08163265306066918,1.0,ga_meta,ga_meta,rw_rank_bfs,pl_rank,rw_rank_bfs,13,0.5242481578268525,143.49999997608333,0.4525139590472521,0,0,1,0.27480198741602274,26.766550429384843
8,14,455.0312870553969,462.0,7.0,29.0,2556.0,652,1866.0,0.4566666666666666,0.9481666666666668,12,16,167409.60285994672,70368.19364160631,,,0.875,2.071428571280612,0.49999999998214284,36.0,0.24137931033650417,0.755570431290045,0.4566666666666666,0.9481666666666668,0.08163265306066918,,d_round,mip,mip,pl_rank,mip,7,0.7024166666666667,17.999999999357144,0.422413589209819,2,0,1,0.43299611111111114,70.99999802777783
5,5,137.65820926997773,315.0,17.0,46.0,3121.0,919,2202.0,0.2341666666666666,0.9388333333333332,16,16,44536.47946969867,17699.20181834434,,,3.4,9.19999999816,0.49999999995,63.0,0.36956521738327036,0.701539638519652,0.2341666666666666,0.9388333333333332,0.10884353741422556,,d_round,mip,mip,rw_rank_bfs,mip,7,0.5864999999999999,31.49999999685,0.3695651772950895,1,0,1,0.21984347222222214,49.539681753338385
2,1,420.65127736835586,144.0,16.0,8.0,8322.0,4410,3912.0,0.0178173719376392,0.1147318397827562,5,28,10095.630656840542,10095.630656840542,31.0,0.06451612903225806,8.0,7.999999991999999,0.9999999989999999,24.0,1.99999999975,0.2041694558668834,0.0178173719376392,0.1147318397827562,0.03401360544194549,0.0,ga_meta,ga_meta,ga_meta,pl_rank,pl_rank,7,0.0662746058601977,23.999999975999998,0.9999998760000155,0,1,0,0.002044219862498997,346.7499855520839
4,3,144.46555249550426,806.0,403.0,787.0,9625.0,4944,4681.0,0.0,0.0,0,0,0.0,0.0,31.0,0.12903225806451613,100.75,262.33333324588887,0.49999999991666666,1190.0,0.5120711562890571,0.0795639284689682,0.0,0.0,0.0,0.0,ga_meta,pl_rank,pl_rank,rw_rank_bfs,rw_rank_bfs,7,0.0,594.9999999008334,0.3840533658813087,0,0,1,0.0,8.08823528732081
4,3,436.1732189558521,136.0,7.0,36.0,2671.0,586,1993.0,0.5116666666666667,0.9446388888888888,25,16,149253.7601405417,58588.67292461041,,,1.75,11.999999996,0.49999999991666666,43.0,0.19444444443904324,0.7445730132925313,0.5116666666666667,0.9446388888888888,0.17006802720972744,,d_round,mip,mip,rw_rank_bfs,mip,7,0.7281527777777778,21.499999996416665,0.14583332122916767,0,0,1,0.4833402314814815,62.11627762520285
8,17,519.6028215272596,638.0,319.0,1344.0,9791.0,1331,8460.0,0.4872881355932204,0.4114782608695652,6,33,0.0,0.0,20.0,0.4,39.875,79.05882352476125,0.6071428571211734,1663.0,0.23735119047601388,0.06368939466386148,0.4872881355932204,0.4114782608695652,0.04081632653033459,1.0,ga_meta,mip,d_round,rw_rank_bfs,d_round,16,0.4493831982313928,1009.6785713925115,0.5043712734118775,2,0,1,0.2005084745762712,5.88755261221434
4,4,35.32355614636076,742.0,53.0,194.0,8059.0,1330,6729.0,0.4900306748466257,0.5079341864716636,12,34,11833.391309030854,8724.918368151108,20.0,0.2,13.25,48.499999987875,0.6666666665555555,247.0,0.27319587628725156,0.22932007267858856,0.4900306748466257,0.5079341864716636,0.08163265306066918,1.0,ga_meta,ga_meta,pl_rank,pl_rank,pl_rank,13,0.4989824306591446,164.6666666392222,0.2731958707240542,0,0,1,0.24890333217438113,32.62753023227721
8,12,7.607975449502545,1722.0,861.0,3118.0,9659.0,4735,4924.0,0.0,0.0,0,0,0.0,0.0,31.0,0.25806451612903225,107.625,259.8333333116806,0.42857142855612246,3979.0,0.2761385503527017,0.07631251793057281,0.0,0.0,0.0,0.0,ga_meta,sa_meta,ga_meta,pl_rank,pl_rank,7,0.0,1705.2857142248113,0.4142078239695738,2,0,1,0.0,2.4274943447028163
10,22,109.7138394433602,304.0,15.0,7.0,3121.0,919,2202.0,0.2341666666666666,0.9388333333333332,1,16,35495.65393755771,14106.295562548505,,,1.5,0.31818181816735536,0.48888888887802473,22.0,2.1428571425510206,0.701539638519652,0.2341666666666666,0.9388333333333332,0.0068027210883890975,,d_round,mip,mip,rw_rank_bfs,mip,7,0.5864999999999999,10.755555555316544,4.714270898220034,2,1,0,0.21984347222222214,141.86362991528955
6,6,306.80210973277576,1310.0,655.0,1391.0,9202.0,4586,4616.0,0.0,0.0,0,0,0.0,0.0,31.0,0.1935483870967742,109.16666666666667,231.83333329469446,0.39999999997333335,2046.0,0.47088425593064637,0.12001530075547484,0.0,0.0,0.0,0.0,ga_meta,mip,ga_meta,rw_rank_bfs,d_round,5,0.0,818.3999999454401,0.47088425397833295,1,0,1,0.0,4.497556205035408
6,6,408.0092834649193,462.0,231.0,512.0,8621.0,1336,7285.0,0.485362095531587,0.4932173913043478,5,36,0.0,0.0,20.0,0.3,38.5,85.3333333191111,0.39999999997333335,743.0,0.4511718749991188,0.17557616907334794,0.485362095531587,0.4932173913043478,0.03401360544194549,1.0,ga_meta,ga_meta,ga_meta,rw_rank_bfs,rw_rank_bfs,7,0.4892897434179674,297.1999999801867,0.451171869788025,1,0,1,0.23938902659610098,11.602960953428047
8,14,479.28545495418336,338.0,9.0,19.0,2671.0,586,1993.0,0.5116666666666667,0.9446388888888888,35,16,0.0,0.0,,,1.125,1.3571428570459183,0.49999999998214284,28.0,0.47368421050138504,0.7445730132925313,0.5116666666666667,0.9446388888888888,0.2380952380936184,,ga_meta,mip,mip,rw_rank_bfs,mip,6,0.7281527777777778,13.9999999995,0.8289467576773891,2,0,1,0.4833402314814815,95.39285373596951
3,2,13.73719456498983,372.0,93.0,107.0,8834.0,1203,7631.0,0.5746110325318246,0.4797518407417507,16,36,3750.254116242223,2747.438912997966,20.0,0.15,31.0,53.49999997325,0.6666666664444444,200.0,0.8691588784965499,0.15520703834751837,0.5746110325318246,0.4797518407417507,0.10884353741422556,1.0,ga_meta,sa_meta,ga_meta,rw_rank_bfs,rw_rank_bfs,18,0.5271814366367876,133.33333328888887,0.5794392417955282,0,0,1,0.2756707005676608,44.169999779150004
5,5,703.4162939255713,524.0,131.0,277.0,7482.0,1422,6060.0,0.4547546012269938,0.5568555758683729,10,32,785716.000314863,286993.8479216331,20.0,0.25,26.2,55.39999998892,0.49999999995,408.0,0.47292418772392447,0.28449842210959164,0.4547546012269938,0.5568555758683729,0.06802721088389098,1.0,ga_meta,ga_meta,ga_meta,pl_rank,rw_rank_bfs,14,0.5058050885476834,203.9999999796,0.4729241792836791,1,0,1,0.2532326353450499,18.338235249170992
6,7,16.145288148619578,361.0,3.0,49.0,2671.0,586,1993.0,0.5116666666666667,0.9446388888888888,16,16,5524.743060801959,2168.704921584846,,,0.5,6.999999999,0.46666666663555556,52.0,0.06122448979466889,0.7445730132925313,0.5116666666666667,0.9446388888888888,0.10884353741422556,,d_round,mip,mip,rw_rank_bfs,mip,7,0.7281527777777778,24.266666665048888,0.07142856123469533,1,0,1,0.4833402314814815,51.36538362758878
4,3,275.95164441107164,834.0,417.0,384.0,9659.0,4735,4924.0,0.0,0.0,0,0,0.0,0.0,31.0,0.12903225806451613,104.25,127.99999995733333,0.49999999991666666,801.0,1.085937499997172,0.07631251793057281,0.0,0.0,0.0,0.0,ga_meta,ga_meta,rw_rank_bfs,pl_rank,rw_rank_bfs,9,0.0,400.49999993324997,0.8144531189085694,0,0,1,0.0,12.058676639127745
8,8,539.4634550387468,694.0,347.0,781.0,8677.0,1350,7327.0,0.4799691833590138,0.490295652173913,5,36,0.0,0.0,20.0,0.4,43.375,97.62499998779687,0.28571428570408164,1128.0,0.444302176695974,0.17022090465716744,0.4799691833590138,0.490295652173913,0.03401360544194549,1.0,ga_meta,ga_meta,ga_meta,rw_rank_bfs,d_round,15,0.48513241776646343,322.2857142742041,0.4443021722009701,2,0,1,0.2353268037783881,7.69237587970534
8,13,743.7148691822122,1608.0,804.0,3307.0,9202.0,4586,4616.0,0.0,0.0,0,0,0.0,0.0,31.0,0.25806451612903225,100.5,254.38461536504732,0.4642857142691327,4111.0,0.2431206531598902,0.12001530075547484,0.0,0.0,0.0,0.0,ga_meta,ga_meta,mip,rw_rank_bfs,d_round,5,0.0,1908.6785713604045,0.39507105986228497,2,0,1,0.0,2.238384820666897
2,1,78.0612096202704,57.0,19.0,21.0,8339.0,4358,3981.0,0.0293986636971046,0.0991174473862864,8,63,3122.448384810816,3122.448384810816,31.0,0.06451612903225806,9.5,20.999999979,0.9999999989999999,40.0,0.9047619047188209,0.2025437505976858,0.0293986636971046,0.0991174473862864,0.05442176870711278,0.0,ga_meta,ga_meta,ga_meta,pl_rank,pl_rank,6,0.0642580555416955,39.99999996,0.45238093129138424,0,0,1,0.0029139205022248936,208.47499478812514
4,3,195.4324913848476,540.0,36.0,58.0,16054.0,2496,13558.0,0.0972875226039783,0.0571627260083449,9,36,30292.036164651377,18370.654190175675,20.0,0.2,9.0,19.333333326888887,0.49999999991666666,94.0,0.6206896551617123,-0.5352395524529023,0.0972875226039783,0.0571627260083449,0.06122448979550188,1.0,ga_meta,rw_rank_bfs,ga_meta,pl_rank,ga_meta,18,0.0772251243061616,46.999999992166664,0.465517217456006,0,0,1,0.005561219998641872,170.78723222566774
10,22,183.49920493768607,222.0,9.0,6.0,3608.0,956,2592.0,0.2033333333333333,0.928,21,16,0.0,0.0,,,0.9,0.272727272714876,0.48888888887802473,15.0,1.49999999975,0.6549679640432247,0.2033333333333333,0.928,0.14285714285617104,,mip,mip,mip,pl_rank,mip,1,0.5656666666666667,7.333333333170371,3.299987900194366,2,1,0,0.18869333333333332,240.53331729777886
2,0,200.1480651856793,14.0,7.0,27.0,3121.0,919,2202.0,0.2341666666666666,0.9388333333333332,1,16,64753.78579536681,25733.74314585873,,,3.5,27000000000.0,0.0,34.0,0.25925925924965704,0.701539638519652,0.2341666666666666,0.9388333333333332,0.0068027210883890975,,d_round,mip,mip,rw_rank_bfs,mip,7,0.5864999999999999,0.0,1.2962962962962962e-10,0,0,1,0.21984347222222214,91.79411494723192
7,10,78.49650036304767,1648.0,824.0,2601.0,17304.0,2649,14655.0,0.0,0.0,0,0,0.0,0.0,20.0,0.35,117.71428571428571,260.09999997399,0.47619047616780047,3425.0,0.31680123029591817,-0.6547767045997896,0.0,0.0,0.0,1.0,ga_meta,mip,mip,pl_rank,d_round,18,0.0,1630.9523808747167,0.4525731844424604,1,0,1,0.0,5.052262772247515
7,8,991.506912687122,2295.0,153.0,426.0,6795.0,736,6059.0,0.7177914110429449,0.556928702010969,18,36,1464455.7100388792,574082.5024458437,20.0,0.35,21.857142857142858,53.24999999334375,0.3809523809342404,579.0,0.3591549295766217,0.35019604092952095,0.7177914110429449,0.556928702010969,0.12244897959100376,1.0,ga_meta,ga_meta,d_round,pl_rank,d_round,12,0.6373600565269569,220.57142856092517,0.4104627690030466,1,0,1,0.3997586388667692,11.735751275067788
6,7,26.057331073211863,972.0,486.0,1560.0,9659.0,4735,4924.0,0.0,0.0,0,0,0.0,0.0,31.0,0.1935483870967742,81.0,222.8571428253061,0.46666666663555556,2046.0,0.3115384615382618,0.07631251793057281,0.0,0.0,0.0,0.0,ga_meta,mip,mip,pl_rank,rw_rank_bfs,8,0.0,954.7999999363467,0.3634615368825444,1,0,1,0.0,4.720918863772766
4,5,319.5512718537111,858.0,429.0,1158.0,9625.0,4944,4681.0,0.0,0.0,0,0,0.0,0.0,31.0,0.12903225806451613,107.25,231.59999995368,0.8333333331944445,1587.0,0.3704663212432034,0.0795639284689682,0.0,0.0,0.0,0.0,ga_meta,pl_rank,mcts,rw_rank_bfs,rw_rank_bfs,7,0.0,1322.4999997795833,0.46308289964752636,0,0,1,0.0,6.064902327621359
5,6,6.611701001781013,1078.0,77.0,287.0,7366.0,1287,6079.0,0.5065184049079754,0.5554661791590494,12,36,5170.350183392752,2406.6591646482884,20.0,0.25,15.4,47.83333332536111,0.59999999994,364.0,0.2682926829258945,0.2955914698288228,0.5065184049079754,0.5554661791590494,0.08163265306066918,1.0,ga_meta,ga_meta,ga_meta,pl_rank,ga_meta,12,0.5309922920335124,218.39999997816,0.3219512128351663,1,0,1,0.2813538430479694,20.236263680669605
5,6,1254.2009243439702,68.0,34.0,92.0,8308.0,4350,3958.0,0.0311804008908685,0.1043222448517764,7,59,0.0,0.0,31.0,0.16129032258064516,6.8,15.333333330777778,0.59999999994,126.0,0.3695652173872873,0.20550827197092858,0.0311804008908685,0.1043222448517764,0.04761904761872368,0.0,mip,mip,mip,pl_rank,mip,4,0.06775132287132245,75.59999999243999,0.44347823202098485,1,0,1,0.0032528094163137306,65.93650741320232
6,10,424.99543697613734,938.0,469.0,2014.0,9625.0,4944,4681.0,0.0,0.0,0,0,0.0,0.0,31.0,0.1935483870967742,78.16666666666667,201.39999997985998,0.6666666666222222,2483.0,0.23286991062550502,0.0795639284689682,0.0,0.0,0.0,0.0,ga_meta,ga_meta,ga_meta,rw_rank_bfs,rw_rank_bfs,8,0.0,1655.3333332229777,0.3881165158210865,1,0,1,0.0,3.87635924129023
3,2,124.79588479393624,69.0,23.0,29.0,15477.0,2424,13053.0,0.1233273056057866,0.0922809457579971,12,34,6489.386009284685,6489.386009284685,20.0,0.15,7.666666666666667,14.49999999275,0.6666666664444444,52.0,0.7931034482485136,-0.48006120302189914,0.1233273056057866,0.0922809457579971,0.08163265306066918,1.0,ga_meta,ga_meta,mip,pl_rank,mip,13,0.10780412568189185,34.66666665511111,0.528735595983752,0,0,1,0.011380760399087525,297.6346096608729
5,4,286.9447317034216,252.0,36.0,20.0,8541.0,4693,3848.0,0.0371358227328683,0.1688984881209503,8,62,34433.36780441059,16068.90497539161,31.0,0.16129032258064516,7.2,4.99999999875,0.39999999996,56.0,1.79999999991,0.1832265468107488,0.0371358227328683,0.1688984881209503,0.05442176870711278,0.0,ga_meta,rw_rank_bfs,ga_meta,pl_rank,ga_meta,6,0.1030171554269093,22.399999997760002,1.4399997123600574,1,1,0,0.006272184314709072,152.51785441932404
5,7,1634.2481352453326,966.0,483.0,1691.0,9202.0,4586,4616.0,0.0,0.0,0,0,0.0,0.0,31.0,0.16129032258064516,96.6,241.57142853691838,0.69999999993,2174.0,0.2856298048490327,0.12001530075547484,0.0,0.0,0.0,0.0,ga_meta,mip,ga_meta,rw_rank_bfs,d_round,5,0.0,1521.79999984782,0.3998817251906729,1,0,1,0.0,4.232750688025414
8,9,403.0827312764007,1266.0,633.0,2001.0,9659.0,4735,4924.0,0.0,0.0,0,0,0.0,0.0,31.0,0.25806451612903225,79.125,222.33333330862962,0.32142857141709186,2634.0,0.3163418290852992,0.07631251793057281,0.0,0.0,0.0,0.0,ga_meta,ga_meta,ga_meta,pl_rank,pl_rank,8,0.0,846.6428571126199,0.35588455616000203,2,0,1,0.0,3.6670463159958064
3,2,255.63928215422405,219.0,73.0,98.0,8443.0,1154,7289.0,0.5919377652050919,0.5030679029179166,16,36,55473.72422746662,43714.31724837231,20.0,0.15,24.333333333333332,48.999999975499996,0.6666666664444444,171.0,0.7448979591760725,0.19259825953906473,0.5919377652050919,0.5030679029179166,0.10884353741422556,1.0,ga_meta,pl_rank,mip,rw_rank_bfs,mip,21,0.5475028340615042,113.99999996199999,0.49659862956941575,0,0,1,0.29778489019964366,49.37426871710954
7,9,242.3740285982141,2212.0,158.0,405.0,13932.0,2155,11777.0,0.2379773691654879,0.197095718571039,6,21,251341.867656348,136456.57810079455,20.0,0.35,22.571428571428573,44.999999995,0.42857142855102043,563.0,0.3901234567891602,-0.3323132829683466,0.2379773691654879,0.197095718571039,0.04081632653033459,1.0,ga_meta,ga_meta,rw_rank_bfs,rw_rank_bfs,rw_rank_bfs,18,0.21753654386826343,241.2857142742245,0.5015872904966493,1,0,1,0.04690432057931725,24.746003508444044
2,1,372.9926757337478,30.0,10.0,26.0,8898.0,4731,4167.0,0.0293393516618793,0.0999999999999999,6,39,23125.545895492363,13427.73632641492,31.0,0.06451612903225806,5.0,25.999999973999998,0.9999999989999999,36.0,0.3846153846005917,0.14908673615759782,0.0293393516618793,0.0999999999999999,0.04081632653033459,0.0,ga_meta,mip,ga_meta,pl_rank,pl_rank,6,0.0646696758309396,35.999999964,0.19230768510355056,0,0,1,0.002933935166187927,247.16665980092614
7,10,630.870766893907,314.0,2.0,30.0,2671.0,586,1993.0,0.5116666666666667,0.9446388888888888,13,16,215877.156206588,84741.28949899237,,,0.2857142857142857,2.9999999997,0.47619047616780047,32.0,0.06666666666444444,0.7445730132925313,0.5116666666666667,0.9446388888888888,0.08843537414905826,,d_round,mip,mip,rw_rank_bfs,mip,7,0.7281527777777778,15.238095237369615,0.09523806350159787,1,0,1,0.4833402314814815,83.46874739160165
5,5,962.4698406299832,50.0,25.0,96.0,8173.0,4332,3841.0,0.0351893095768374,0.1307988232631817,6,63,0.0,0.0,31.0,0.16129032258064516,5.0,19.19999999616,0.49999999995,121.0,0.26041666666395397,0.21841828440279243,0.0351893095768374,0.1307988232631817,0.04081632653033459,0.0,rw_rank_bfs,rw_rank_bfs,rw_rank_bfs,pl_rank,rw_rank_bfs,1,0.08299406642000956,60.49999999395,0.26041665315538265,1,0,1,0.0046027202840941426,67.54545398722766
4,3,98.19593720777934,116.0,29.0,44.0,8566.0,4699,3867.0,0.0359048009848174,0.1647948164146868,7,57,16104.133702075813,7168.303416167892,31.0,0.12903225806451613,7.25,14.666666661777777,0.49999999991666666,73.0,0.6590909090759298,0.18083580376781105,0.0359048009848174,0.1647948164146868,0.04761904761872368,0.0,ga_meta,mip,ga_meta,pl_rank,pl_rank,6,0.1003498086997521,36.49999999391667,0.4943181482794445,0,0,1,0.0059169250866988495,117.34246414599365
5,7,171.6977764736158,824.0,412.0,1750.0,17304.0,2649,14655.0,0.0,0.0,0,0,0.0,0.0,20.0,0.25,82.4,249.9999999642857,0.69999999993,2162.0,0.2354285714284369,-0.6547767045997896,0.0,0.0,0.0,1.0,ga_meta,mip,sa_meta,pl_rank,pl_rank,15,0.0,1513.39999984866,0.3295999987286858,1,0,1,0.0,8.003700273818826
3,1,106.99843809961676,85.0,16.0,37.0,3013.0,795,2170.0,0.3375,0.9397222222222222,40,16,0.0,0.0,,,5.333333333333333,36.999999963,0.3333333332222222,53.0,0.4324324324207451,0.7118676484651429,0.3375,0.9397222222222222,0.2721088435355639,,mip,mip,mip,pl_rank,mip,2,0.6386111111111111,17.666666660777775,0.1441441403925007,0,0,1,0.31715625000000003,56.8490555311499
2,0,45.494824464556935,34.0,17.0,3.0,2556.0,652,1866.0,0.4566666666666666,0.9481666666666668,17,16,16737.90509017732,7035.53515699918,,,8.5,3000000000.0,0.0,20.0,5.666666664777778,0.755570431290045,0.4566666666666666,0.9481666666666668,0.11564625850261466,,d_round,mip,mip,pl_rank,mip,7,0.7024166666666667,0.0,2.8333333333333322e-09,0,0,1,0.43299611111111114,127.79999361000031
7,7,657.8780635409381,1610.0,161.0,313.0,8530.0,1044,7486.0,0.5996932515337423,0.4525776965265082,15,36,630247.1848722188,311834.2021184047,20.0,0.35,23.0,44.71428570789796,0.3333333333174603,474.0,0.5143769968034685,0.18427847374964135,0.5996932515337423,0.4525776965265082,0.10204081632583646,1.0,ga_meta,mip,ga_meta,pl_rank,mcts,12,0.5261354740301253,157.99999999247618,0.5143769853749557,1,0,1,0.271407790401633,17.99578055275152
8,18,71.06275669071039,1670.0,835.0,4518.0,9202.0,4586,4616.0,0.0,0.0,0,0,0.0,0.0,31.0,0.25806451612903225,104.375,250.99999998605554,0.6428571428341837,5353.0,0.1848162903939387,0.12001530075547484,0.0,0.0,0.0,0.0,ga_meta,ga_meta,mip,rw_rank_bfs,pl_rank,5,0.0,3441.2142855913853,0.4158366517528365,2,0,1,0.0,1.7190360542277159
7,11,169.33211481135936,316.0,158.0,535.0,9657.0,1264,8393.0,0.553041018387553,0.4278020179983638,15,36,0.0,0.0,20.0,0.35,22.571428571428573,48.636363631942146,0.5238095237845805,693.0,0.2953271028031863,0.07650377737400782,0.553041018387553,0.4278020179983638,0.10204081632583646,1.0,ga_meta,mip,ga_meta,rw_rank_bfs,pso_meta,12,0.4904215181929584,362.99999998271426,0.46408543776326344,1,0,1,0.23659206370206542,13.935064914956616
5,5,1570.3512005386167,350.0,50.0,62.0,16110.0,2517,13593.0,0.0896925858951175,0.0547287899860917,8,34,215138.11447379048,175879.33446032507,20.0,0.25,10.0,12.39999999752,0.49999999995,112.0,0.8064516128902186,-0.5405948168690828,0.0896925858951175,0.0547287899860917,0.05442176870711278,1.0,ga_meta,mip,ga_meta,pl_rank,pl_rank,8,0.0722106879406046,55.9999999944,0.806451548028101,1,0,1,0.004908766696763376,143.8392844300064
4,5,277.0121054077156,114.0,38.0,78.0,15896.0,2527,13369.0,0.0860759493670886,0.0703059805285117,8,33,53186.32423828139,32133.404227295006,20.0,0.2,9.5,15.59999999688,0.8333333331944445,116.0,0.4871794871732413,-0.5201300564215359,0.0860759493670886,0.0703059805285117,0.05442176870711278,1.0,ga_meta,mip,ga_meta,pl_rank,ga_meta,16,0.07819096494780015,96.66666665055556,0.6089743200593385,0,0,1,0.006051654020175689,137.03448157728894
9,14,1536.5376049707982,766.0,383.0,1034.0,8621.0,1336,7285.0,0.485362095531587,0.4932173913043478,5,36,0.0,0.0,20.0,0.45,42.55555555555556,73.85714285186735,0.3888888888780865,1417.0,0.3704061895547675,0.17557616907334794,0.485362095531587,0.4932173913043478,0.03401360544194549,1.0,ga_meta,pso_meta,sa_meta,rw_rank_bfs,rw_rank_bfs,11,0.4892897434179674,551.0555555402485,0.5761873982144196,2,0,1,0.23938902659610098,6.083980235649978
8,18,497.7318234706012,1496.0,748.0,4567.0,9202.0,4586,4616.0,0.0,0.0,0,0,0.0,0.0,31.0,0.25806451612903225,93.5,253.72222220812654,0.6428571428341837,5315.0,0.16378366542584544,0.12001530075547484,0.0,0.0,0.0,0.0,mip,pl_rank,mip,rw_rank_bfs,pl_rank,2,0.0,3416.7857141636864,0.368513245776278,2,0,1,0.0,1.7313264342932593
5,7,205.7679699090613,147.0,49.0,82.0,16268.0,2502,13766.0,0.0951175406871609,0.0426981919332406,12,36,37038.234583631034,26955.60405808703,20.0,0.25,9.8,11.714285712612245,0.69999999993,131.0,0.5975609756024688,-0.5557043129004495,0.0951175406871609,0.0426981919332406,0.08163265306066918,1.0,ga_meta,mip,sa_meta,pl_rank,sa_meta,13,0.06890786631020075,91.69999999083,0.836585294557353,1,0,1,0.004061347008478218,124.18320515890683
8,17,195.1073297675038,1562.0,781.0,4486.0,9659.0,4735,4924.0,0.0,0.0,0,0,0.0,0.0,31.0,0.25806451612903225,97.625,263.882352925654,0.6071428571211734,5267.0,0.17409719126166426,0.07631251793057281,0.0,0.0,0.0,0.0,ga_meta,ga_meta,ga_meta,pl_rank,pl_rank,6,0.0,3197.8214284572205,0.3699565300509059,2,0,1,0.0,1.8338712736218203
7,12,777.6471890050256,436.0,218.0,808.0,9350.0,1166,8184.0,0.5508474576271186,0.4306782608695652,7,35,0.0,0.0,20.0,0.35,31.142857142857142,67.33333332772222,0.5714285714013605,1026.0,0.26980198019768586,0.10586210194128332,0.5508474576271186,0.4306782608695652,0.04761904761872368,1.0,ga_meta,mip,mip,rw_rank_bfs,rw_rank_bfs,11,0.4907628592483419,586.2857142577959,0.46251767350893136,1,0,1,0.23723802505526895,9.113060419967777
7,11,1046.898049250677,1400.0,700.0,2881.0,9625.0,4944,4681.0,0.0,0.0,0,0,0.0,0.0,31.0,0.22580645161290322,100.0,261.909090885281,0.5238095237845805,3581.0,0.2429711905587494,0.0795639284689682,0.0,0.0,0.0,0.0,ga_meta,mip,ga_meta,rw_rank_bfs,rw_rank_bfs,5,0.0,1875.7619046725827,0.38181186945507445,1,0,1,0.0,2.687796704080481
7,9,3.957673690402678,1306.0,653.0,2155.0,9202.0,4586,4616.0,0.0,0.0,0,0,0.0,0.0,31.0,0.22580645161290322,93.28571428571429,239.4444444178395,0.42857142855102043,2808.0,0.3030162412991633,0.12001530075547484,0.0,0.0,0.0,0.0,ga_meta,pl_rank,ga_meta,rw_rank_bfs,pl_rank,3,0.0,1203.4285713712654,0.3895923086581827,1,0,1,0.0,3.277065525898481
7,12,312.31172371562775,1618.0,809.0,3493.0,17304.0,2649,14655.0,0.0,0.0,0,0,0.0,0.0,20.0,0.35,115.57142857142857,291.0833333090764,0.5714285714013605,4302.0,0.2316060692813537,-0.6547767045997896,0.0,0.0,0.0,1.0,ga_meta,mip,sa_meta,pl_rank,sa_meta,9,0.0,2458.2857141686527,0.39703897458008774,1,0,1,0.0,4.022315201296533
6,6,301.1094999860071,384.0,128.0,360.0,8278.0,1321,6957.0,0.4934815950920245,0.4912614259597806,13,36,507369.507476422,146941.43599317147,20.0,0.3,21.333333333333332,59.99999999,0.39999999997333335,488.0,0.3555555555545679,0.20837716362245384,0.4934815950920245,0.4912614259597806,0.08843537414905826,1.0,ga_meta,mip,ga_meta,pl_rank,pl_rank,11,0.49237151052590256,195.19999998698668,0.35555554968888897,1,0,1,0.24242847208981502,16.96311471933788
10,27,337.4754830456183,796.0,398.0,2168.0,9757.0,1314,8443.0,0.4938366718027734,0.4126608695652174,6,36,0.0,0.0,20.0,0.5,39.8,80.29629629332236,0.5999999999866668,2566.0,0.18357933579327326,0.06694080520225687,0.4938366718027734,0.4126608695652174,0.04081632653033459,1.0,ga_meta,mip,ga_meta,rw_rank_bfs,mcts,12,0.4532487706839954,1539.599999965787,0.4956642004874846,2,0,1,0.20378707040932537,3.802416210521272
6,6,137.45244132352144,870.0,145.0,298.0,8797.0,1346,7451.0,0.4838957055214724,0.4551371115173674,11,36,137040.08399955087,60891.43150632,20.0,0.3,24.166666666666668,49.66666665838889,0.39999999997333335,443.0,0.4865771812064209,0.15874533805106628,0.4838957055214724,0.4551371115173674,0.07482993197228008,1.0,ga_meta,rw_rank_bfs,ga_meta,pl_rank,rw_rank_bfs,12,0.4695164085194199,177.19999998818668,0.4865771714922941,1,0,1,0.22023889368670155,19.85778776555804
2,0,554.1195915413507,14.0,7.0,11.0,2556.0,652,1866.0,0.4566666666666666,0.9481666666666668,27,16,203864.9723564172,85691.67841296704,,,3.5,11000000000.0,0.0,18.0,0.6363636363057851,0.755570431290045,0.4566666666666666,0.9481666666666668,0.18367346938650564,,d_round,mip,mip,pl_rank,mip,7,0.7024166666666667,0.0,3.181818181818181e-10,0,0,1,0.43299611111111114,141.99999211111154
6,9,334.09623959343236,1168.0,584.0,2643.0,17304.0,2649,14655.0,0.0,0.0,0,0,0.0,0.0,20.0,0.3,97.33333333333333,293.666666634037,0.59999999996,3227.0,0.22096102913347673,-0.6547767045997896,0.0,0.0,0.0,1.0,ga_meta,pso_meta,sa_meta,pl_rank,pl_rank,13,0.0,1936.19999987092,0.33144154260853553,1,0,1,0.0,5.362255963631157
5,5,1044.1202157449604,235.0,1.0,46.0,3013.0,795,2170.0,0.3375,0.9397222222222222,0,16,345806.81478686567,137301.8083704623,,,0.2,9.19999999816,0.49999999995,47.0,0.02173913043431002,0.7118676484651429,0.3375,0.9397222222222222,0.0,,d_round,mip,mip,pl_rank,mip,7,0.6386111111111111,23.49999999765,0.021739128076181734,1,0,1,0.31715625000000003,64.10638161475784
4,4,3.3583625805757333,774.0,387.0,951.0,17304.0,2649,14655.0,0.0,0.0,0,0,0.0,0.0,20.0,0.2,96.75,237.7499999405625,0.6666666665555555,1338.0,0.40694006309105474,-0.6547767045997896,0.0,0.0,0.0,1.0,ga_meta,ga_meta,ga_meta,pl_rank,pl_rank,19,0.0,891.9999998513333,0.40694006148158757,0,0,1,0.0,12.932735416343245
7,11,23.54963548354487,1324.0,662.0,2612.0,9202.0,4586,4616.0,0.0,0.0,0,0,0.0,0.0,31.0,0.22580645161290322,94.57142857142857,237.45454543295867,0.5238095237845805,3274.0,0.25344563552823374,0.12001530075547484,0.0,0.0,0.0,0.0,ga_meta,sa_meta,ga_meta,rw_rank_bfs,d_round,4,0.0,1714.9523808707163,0.39827171133204325,1,0,1,0.0,2.810629198897181
8,14,189.73181874573223,194.0,19.0,3.0,3013.0,795,2170.0,0.3375,0.9397222222222222,17,16,62838.12430292683,24949.73416506379,,,2.375,0.21428571427040816,0.49999999998214284,22.0,6.333333331222222,0.7118676484651429,0.3375,0.9397222222222222,0.11564625850261466,,d_round,mip,mip,pl_rank,mip,7,0.6386111111111111,10.999999999607143,11.08328161214414,2,1,0,0.31715625000000003,136.95453922933913
7,8,1012.35672716458,1360.0,680.0,2214.0,9625.0,4944,4681.0,0.0,0.0,0,0,0.0,0.0,31.0,0.22580645161290322,97.14285714285714,276.74999996540623,0.3809523809342404,2894.0,0.30713640469724157,0.0795639284689682,0.0,0.0,0.0,0.0,ga_meta,mip,ga_meta,rw_rank_bfs,rw_rank_bfs,6,0.0,1102.4761904236916,0.3510130327154001,1,0,1,0.0,3.3258465779800117
7,10,763.1655142983649,257.0,1.0,25.0,2671.0,586,1993.0,0.5116666666666667,0.9446388888888888,38,16,0.0,0.0,,,0.14285714285714285,2.49999999975,0.47619047616780047,26.0,0.0399999999984,0.7445730132925313,0.5116666666666667,0.9446388888888888,0.2585034013587857,,ga_meta,mip,mip,rw_rank_bfs,mip,5,0.7281527777777778,12.380952380362812,0.057142834291437704,1,0,1,0.4833402314814815,102.73076527958595
2,0,655.2862079748444,8.0,4.0,8.0,2556.0,652,1866.0,0.4566666666666666,0.9481666666666668,14,16,241084.96922611343,101336.56318853088,,,2.0,7999999999.999999,0.0,12.0,0.4999999999375,0.755570431290045,0.4566666666666666,0.9481666666666668,0.09523809523744736,,d_round,mip,mip,pl_rank,mip,7,0.7024166666666667,0.0,2.5e-10,0,0,1,0.43299611111111114,212.9999822500015
4,4,657.8780635409381,68.0,34.0,81.0,8205.0,4314,3891.0,0.0391982182628062,0.1194840461642905,7,63,0.0,0.0,31.0,0.12903225806451613,8.5,20.2499999949375,0.6666666665555555,115.0,0.41975308641457093,0.21535813330783204,0.0391982182628062,0.1194840461642905,0.04761904761872368,0.0,rw_rank_bfs,rw_rank_bfs,rw_rank_bfs,pl_rank,rw_rank_bfs,1,0.07934113221354835,76.66666665388888,0.41975306579614485,0,0,1,0.004683561720471071,71.34782546654066
10,22,344.24321259986107,1250.0,15.0,50.0,3013.0,795,2170.0,0.3375,0.9397222222222222,44,16,0.0,0.0,,,1.5,2.272727272623967,0.48888888887802473,65.0,0.299999999994,0.7118676484651429,0.3375,0.9397222222222222,0.2993197278891203,,mip,mip,mip,pl_rank,mip,1,0.6386111111111111,31.777777777071606,0.6599997096301277,2,0,1,0.31715625000000003,46.353845440710074
3,2,364.4909446752792,984.0,82.0,89.0,8412.0,1277,7135.0,0.5484441301272984,0.5135669484592309,15,36,94767.6456155726,62327.95153947274,20.0,0.15,27.333333333333332,44.49999997775,0.6666666664444444,171.0,0.9213483145963893,0.1955627809123075,0.5484441301272984,0.5135669484592309,0.10204081632583646,1.0,ga_meta,pso_meta,ga_meta,rw_rank_bfs,pl_rank,17,0.5310055392932647,113.99999996199999,0.6142321962419731,0,0,1,0.281662778309854,49.192982168462095
6,8,665.3227175451742,774.0,387.0,2282.0,9659.0,4735,4924.0,0.0,0.0,0,0,0.0,0.0,31.0,0.1935483870967742,64.5,285.2499999643438,0.5333333332977778,2669.0,0.1695880806309511,0.07631251793057281,0.0,0.0,0.0,0.0,ga_meta,rw_rank_bfs,mip,pl_rank,rw_rank_bfs,7,0.0,1423.4666665717689,0.2261174400769327,1,0,1,0.0,3.618958410034111
2,1,12.76220885343204,64.0,16.0,14.0,16070.0,2425,13645.0,0.1229656419529837,0.0511126564673156,11,34,382.8662656029611,382.8662656029611,20.0,0.1,8.0,13.999999985999999,0.9999999989999999,30.0,1.14285714277551,-0.5367696280003824,0.1229656419529837,0.0511126564673156,0.07482993197228008,1.0,ga_meta,ga_meta,ga_meta,pl_rank,ga_meta,23,0.08703914921014966,29.999999969999998,0.5714285311836764,0,0,1,0.006285100614425787,535.6666488111117
8,16,239.69667421153625,1454.0,727.0,3276.0,17304.0,2649,14655.0,0.0,0.0,0,0,0.0,0.0,20.0,0.4,90.875,204.74999998720313,0.5714285714081633,4003.0,0.22191697191690418,-0.6547767045997896,0.0,0.0,0.0,1.0,ga_meta,ga_meta,mip,pl_rank,mip,10,0.0,2287.4285713468776,0.4438339416939963,2,0,1,0.0,4.322757930471457
9,18,198.4164596289631,342.0,10.0,14.0,3608.0,956,2592.0,0.2033333333333333,0.928,9,16,0.0,0.0,,,1.1111111111111112,0.7777777777345679,0.49999999998611117,24.0,0.7142857142346939,0.6549679640432247,0.2033333333333333,0.928,0.06122448979550188,,ga_meta,mip,mip,pl_rank,mip,6,0.5656666666666667,11.999999999666668,1.4285695919184611,2,1,0,0.18869333333333332,150.3333270694447
4,3,96.54915148785676,88.0,22.0,32.0,16305.0,2552,13753.0,0.0770343580470163,0.0436022253129346,8,35,8303.227027955681,5213.654180344265,20.0,0.2,5.5,10.66666666311111,0.49999999991666666,54.0,0.6874999999785157,-0.5592426126039973,0.0770343580470163,0.0436022253129346,0.05442176870711278,1.0,ga_meta,mip,mip,pl_rank,mip,9,0.060318291679975454,26.999999995499998,0.5156249518320358,0,0,1,0.0033588694364032816,301.94443885288075
3,2,1427.2953147212122,147.0,21.0,52.0,8491.0,4733,3758.0,0.0289290110791957,0.1883369330453563,6,62,323996.03644171514,104192.55797464847,31.0,0.0967741935483871,7.0,25.999999987,0.6666666664444444,73.0,0.4038461538383876,0.18800803289662427,0.0289290110791957,0.1883369330453563,0.04081632653033459,0.0,ga_meta,sa_meta,ga_meta,pl_rank,pl_rank,5,0.108632972062276,48.66666665044444,0.2692307590103554,0,0,1,0.00544840122269085,116.3150668997936
2,0,827.9365893451834,0.0,0.0,46.0,3121.0,919,2202.0,0.2341666666666666,0.9388333333333332,23,16,0.0,0.0,,,0.0,46000000000.0,0.0,46.0,0.0,0.701539638519652,0.2341666666666666,0.9388333333333332,0.15646258503294924,,ga_meta,mip,mip,rw_rank_bfs,mip,6,0.5864999999999999,0.0,0.0,0,0,1,0.21984347222222214,67.84782461200382
7,10,28.754254294835015,1270.0,635.0,2632.0,17304.0,2649,14655.0,0.0,0.0,0,0,0.0,0.0,20.0,0.35,90.71428571428571,263.19999997368,0.47619047616780047,3267.0,0.24126139817620013,-0.6547767045997896,0.0,0.0,0.0,1.0,ga_meta,ga_meta,ga_meta,pl_rank,ga_meta,8,0.0,1555.714285640204,0.3446591389768161,1,0,1,0.0,5.296602385890235
6,8,2066.5130421840827,330.0,165.0,353.0,8337.0,1170,7167.0,0.5862800565770863,0.5113853286064903,16,36,0.0,0.0,20.0,0.3,27.5,44.12499999448438,0.5333333332977778,518.0,0.4674220963159563,0.20273501004112082,0.5862800565770863,0.5113853286064903,0.10884353741422556,1.0,ga_meta,ga_meta,rw_rank_bfs,rw_rank_bfs,rw_rank_bfs,10,0.5488326925917884,276.2666666482489,0.6232294477100975,1,0,1,0.299815019388105,16.09459456352395
4,3,382.8326778496837,1008.0,504.0,733.0,9659.0,4735,4924.0,0.0,0.0,0,0,0.0,0.0,31.0,0.12903225806451613,126.0,244.3333332518889,0.49999999991666666,1237.0,0.6875852660290757,0.07631251793057281,0.0,0.0,0.0,0.0,ga_meta,mip,mip,pl_rank,pl_rank,10,0.0,618.4999998969166,0.5156889475838106,0,0,1,0.0,7.8084074310360485
5,5,118.8733192667044,377.0,29.0,54.0,15959.0,2480,13479.0,0.1030741410488246,0.0626564673157162,9,36,14264.798312004526,9866.485499136465,20.0,0.25,5.8,10.79999999784,0.49999999995,83.0,0.5370370370270919,-0.526154728889739,0.1030741410488246,0.0626564673157162,0.06122448979550188,1.0,ga_meta,ga_meta,pl_rank,pl_rank,pl_rank,17,0.0828653041822704,41.49999999585,0.5370369874187975,1,0,1,0.0064582615497212,192.27710611714332
5,5,439.0769910470904,1106.0,553.0,1018.0,9625.0,4944,4681.0,0.0,0.0,0,0,0.0,0.0,31.0,0.16129032258064516,110.6,203.59999995927998,0.49999999995,1571.0,0.5432220039287394,0.0795639284689682,0.0,0.0,0.0,0.0,ga_meta,rw_rank_bfs,ga_meta,rw_rank_bfs,rw_rank_bfs,4,0.0,785.49999992145,0.543222001369833,1,0,1,0.0,6.126670906348395
4,3,566.292787477087,168.0,84.0,129.0,7245.0,1318,5927.0,0.4946319018404908,0.5665813528336381,12,33,0.0,0.0,20.0,0.2,21.0,42.99999998566667,0.49999999991666666,213.0,0.6511627906926267,0.30716266615664145,0.4946319018404908,0.5665813528336381,0.08163265306066918,1.0,ga_meta,mip,mip,pl_rank,pl_rank,11,0.5306066273370644,106.49999998225,0.48837208182855624,0,0,1,0.2802492120994605,34.01408434735172
3,3,551.4597792631687,385.0,35.0,37.0,8639.0,4707,3932.0,0.0342634386540828,0.150755939524838,9,63,49631.38013368518,39705.10410694814,31.0,0.0967741935483871,11.666666666666666,12.333333329222222,0.9999999996666666,72.0,0.94594594592038,0.17385483408243285,0.0342634386540828,0.150755939524838,0.06122448979550188,0.0,ga_meta,pl_rank,ga_meta,pl_rank,pl_rank,6,0.0925096890894604,71.999999976,0.9459458695629475,0,0,1,0.005165416885647904,119.98610944463738
5,5,962.0519073504825,145.0,19.0,10.0,3121.0,919,2202.0,0.2341666666666666,0.9388333333333332,12,16,311252.08767221484,123694.40920537156,,,3.8,1.9999999996,0.49999999995,29.0,1.89999999981,0.701539638519652,0.2341666666666666,0.9388333333333332,0.08163265306066918,,d_round,mip,mip,rw_rank_bfs,mip,7,0.5864999999999999,14.499999998549999,1.8999990503804745,1,1,0,0.21984347222222214,107.62068594411427
3,2,2237.7799911377056,24.0,6.0,46.0,7912.0,4375,3537.0,0.0256124721603563,0.1995926680244398,7,32,201400.1992023935,116364.55953916068,31.0,0.0967741935483871,2.0,22.9999999885,0.6666666664444444,52.0,0.1304347826058601,0.24337764177106247,0.0256124721603563,0.1995926680244398,0.04761904761872368,0.0,ga_meta,mip,mip,pl_rank,rw_rank_bfs,8,0.11260257009239806,34.66666665511111,0.08695651800189051,0,0,1,0.005112061653187202,152.1538432278107
5,6,663.1063409747441,1176.0,588.0,1186.0,9625.0,4944,4681.0,0.0,0.0,0,0,0.0,0.0,31.0,0.16129032258064516,117.6,197.66666663372223,0.59999999994,1774.0,0.49578414839755836,0.0795639284689682,0.0,0.0,0.0,0.0,ga_meta,mip,mip,rw_rank_bfs,mip,5,0.0,1064.3999998935599,0.594940975166909,1,0,1,0.0,5.42559187969245
9,18,803.447189067195,180.0,2.0,9.0,2556.0,652,1866.0,0.4566666666666666,0.9481666666666668,48,16,0.0,0.0,,,0.2222222222222222,0.4999999999722222,0.49999999998611117,11.0,0.22222222219753085,0.755570431290045,0.4566666666666666,0.9481666666666668,0.3265306122426767,,mip,mip,mip,pl_rank,mip,1,0.7024166666666667,5.499999999847223,0.44444355558202453,2,0,1,0.43299611111111114,232.36361523967136
4,3,57.079681501455106,1078.0,98.0,190.0,8672.0,1359,7313.0,0.5194483734087694,0.5014316880283611,14,36,45207.10774915244,16438.94827241907,20.0,0.2,24.5,63.33333331222222,0.49999999991666666,288.0,0.5157894736814959,0.17069905326575496,0.5194483734087694,0.5014316880283611,0.09523809523744736,1.0,ga_meta,rw_rank_bfs,ga_meta,rw_rank_bfs,pl_rank,13,0.5104400307185653,143.999999976,0.38684209928407215,0,0,1,0.26046787472194566,30.11111100655864
6,7,40.4796464312135,1310.0,131.0,320.0,8197.0,1130,7067.0,0.6004243281471005,0.5182028906463049,16,36,42908.42521708631,18256.32054047729,20.0,0.3,21.833333333333332,45.7142857077551,0.46666666663555556,451.0,0.40937499999872073,0.2161231710815722,0.6004243281471005,0.5182028906463049,0.10884353741422556,1.0,ga_meta,ga_meta,ga_meta,rw_rank_bfs,pl_rank,13,0.5593136093967026,210.46666665263555,0.4776041562873049,1,0,1,0.31114162246019295,18.175166256817814
4,4,224.69448412877023,182.0,91.0,222.0,8078.0,1200,6878.0,0.5756718528995757,0.5310880829015544,16,36,0.0,0.0,20.0,0.2,22.75,55.499999986125,0.6666666665555555,313.0,0.4099099099080635,0.22750310796595585,0.5756718528995757,0.5310880829015544,0.10884353741422556,1.0,ga_meta,ga_meta,ga_meta,rw_rank_bfs,pl_rank,14,0.5533799679005651,208.6666666318889,0.4099099026266234,0,0,1,0.30573246073682125,25.808306626810523
6,8,603.3335992903258,346.0,173.0,465.0,8319.0,1194,7125.0,0.5777934936350778,0.5142487046632125,15,36,0.0,0.0,20.0,0.3,28.833333333333332,58.124999992734374,0.5333333332977778,638.0,0.3720430107518881,0.2044563450320359,0.5777934936350778,0.5142487046632125,0.10204081632583646,1.0,ga_meta,ga_meta,rw_rank_bfs,rw_rank_bfs,rw_rank_bfs,8,0.5460210991491452,340.2666666439822,0.49605733919793826,1,0,1,0.29712955566467086,13.039184932540463
4,3,228.28165595598995,648.0,108.0,133.0,8272.0,889,7383.0,0.6591257668711656,0.4601096892138939,17,36,84692.49435967227,55015.87908539358,20.0,0.2,27.0,44.33333331855555,0.49999999991666666,241.0,0.8120300751818645,0.20895094195275887,0.6591257668711656,0.4601096892138939,0.11564625850261466,1.0,ga_meta,mip,mip,pl_rank,mip,22,0.5596177280425297,120.49999997991667,0.6090225428566345,0,0,1,0.3032701517479615,34.32365130986037
5,6,363.0878132011632,850.0,425.0,1489.0,17304.0,2649,14655.0,0.0,0.0,0,0,0.0,0.0,20.0,0.25,85.0,248.16666662530554,0.59999999994,1914.0,0.2854264607116955,-0.6547767045997896,0.0,0.0,0.0,1.0,ga_meta,mip,mip,pl_rank,mip,16,0.0,1148.39999988516,0.3425117515311817,1,0,1,0.0,9.040752346373692
7,10,212.70566792618513,573.0,19.0,44.0,2671.0,586,1993.0,0.5116666666666667,0.9446388888888888,10,16,72785.58004360621,28571.54512413892,,,2.7142857142857144,4.39999999956,0.47619047616780047,63.0,0.4318181818083678,0.7445730132925313,0.5116666666666667,0.9446388888888888,0.06802721088389098,,d_round,mip,mip,rw_rank_bfs,mip,7,0.7281527777777778,29.99999999857143,0.6168829767441286,1,0,1,0.4833402314814815,42.39682472385993
3,1,6.125043452777722,87.0,13.0,48.0,3121.0,919,2202.0,0.2341666666666666,0.9388333333333332,29,16,0.0,0.0,,,4.333333333333333,47.999999951999996,0.3333333332222222,61.0,0.270833333327691,0.701539638519652,0.2341666666666666,0.9388333333333332,0.19727891156328384,,ga_meta,mip,mip,rw_rank_bfs,mip,3,0.5864999999999999,20.333333326555554,0.09027777598726856,0,0,1,0.21984347222222214,51.1639335874765
4,3,515.4699873810382,165.0,11.0,64.0,8401.0,4615,3786.0,0.0531391054575297,0.1822894168466522,12,63,150001.76632788213,38660.24905357786,31.0,0.12903225806451613,2.75,21.33333332622222,0.49999999991666666,75.0,0.17187499999731445,0.19661470785120017,0.0531391054575297,0.1822894168466522,0.08163265306066918,0.0,ga_meta,pl_rank,ga_meta,pl_rank,pl_rank,3,0.11771426115209095,37.49999999375,0.12890624400048856,0,0,1,0.009686696545605843,112.01333183982224
5,4,1135.355061475523,954.0,477.0,873.0,9202.0,4586,4616.0,0.0,0.0,0,0,0.0,0.0,31.0,0.16129032258064516,95.4,218.2499999454375,0.39999999996,1350.0,0.5463917525766937,0.12001530075547484,0.0,0.0,0.0,0.0,ga_meta,ga_meta,ga_meta,rw_rank_bfs,pl_rank,5,0.0,539.999999946,0.4371134001683235,1,0,1,0.0,6.816296291247188
2,0,1127.112311394956,14.0,7.0,15.0,3121.0,919,2202.0,0.2341666666666666,0.9388333333333332,11,16,364653.9830983681,144916.80791950147,,,3.5,15000000000.0,0.0,22.0,0.46666666663555556,0.701539638519652,0.2341666666666666,0.9388333333333332,0.07482993197228008,,d_round,mip,mip,rw_rank_bfs,mip,7,0.5864999999999999,0.0,2.333333333333333e-10,0,0,1,0.21984347222222214,141.86362991528955
9,18,1545.913076565954,513.0,3.0,27.0,2556.0,652,1866.0,0.4566666666666666,0.9481666666666668,8,16,568753.6254455347,239067.32090631127,,,0.3333333333333333,1.4999999999166667,0.49999999998611117,30.0,0.11111111110699588,0.755570431290045,0.4566666666666666,0.9481666666666668,0.05442176870711278,,d_round,mip,mip,pl_rank,mip,7,0.7024166666666667,14.999999999583334,0.2222220740865185,2,0,1,0.43299611111111114,85.1999971600001
6,5,326.66315027805,1222.0,611.0,1195.0,9625.0,4944,4681.0,0.0,0.0,0,0,0.0,0.0,31.0,0.1935483870967742,101.83333333333333,238.9999999522,0.3333333333111111,1806.0,0.5112970711292792,0.0795639284689682,0.0,0.0,0.0,0.0,ga_meta,ga_meta,ga_meta,rw_rank_bfs,rw_rank_bfs,8,0.0,601.9999999598666,0.4260808909105402,1,0,1,0.0,5.329457361390112
3,2,359.01991616372993,957.0,87.0,114.0,7907.0,1031,6876.0,0.6046779141104295,0.4971846435100548,14,36,89754.97904093248,72163.00314890972,20.0,0.15,29.0,56.999999971499996,0.6666666664444444,201.0,0.7631578947301477,0.24385579037965,0.6046779141104295,0.4971846435100548,0.09523809523744736,1.0,ga_meta,pl_rank,ga_meta,pl_rank,pl_rank,20,0.5509312788102422,133.99999995533332,0.5087719211531242,0,0,1,0.30063657316539744,39.33830826199846
3,1,94.08229076696,41.0,6.0,23.0,2671.0,586,1993.0,0.5116666666666667,0.9446388888888888,37,16,0.0,0.0,,,2.0,22.999999976999998,0.3333333332222222,29.0,0.26086956520604915,0.7445730132925313,0.5116666666666667,0.9446388888888888,0.2517006802703966,,ga_meta,mip,mip,rw_rank_bfs,mip,5,0.7281527777777778,9.666666663444444,0.08695651804536877,0,0,1,0.4833402314814815,92.1034450998812
7,13,977.070391494275,376.0,188.0,516.0,8599.0,1553,7046.0,0.4045245398773006,0.4847531992687386,9,29,0.0,0.0,20.0,0.35,26.857142857142858,39.692307689254434,0.6190476190181405,704.0,0.36434108527061176,0.17768002295113317,0.4045245398773006,0.4847531992687386,0.06122448979550188,1.0,ga_meta,mip,ga_meta,pl_rank,pl_rank,8,0.44463886957301957,435.80952378877095,0.6766334270803872,1,0,1,0.1960945648882359,12.21448861901351
6,7,264.7495531294306,251.0,15.0,23.0,2671.0,586,1993.0,0.5116666666666667,0.9446388888888888,9,16,90594.43492356,35562.30483927757,,,2.5,3.285714285244898,0.46666666663555556,38.0,0.6521739130151228,0.7445730132925313,0.5116666666666667,0.9446388888888888,0.06122448979550188,,d_round,mip,mip,rw_rank_bfs,mip,7,0.7281527777777778,17.733333332151112,0.7608693337571593,1,0,1,0.4833402314814815,70.28947183448759
2,1,1591.2004316581374,98.0,14.0,24.0,16280.0,2508,13772.0,0.0929475587703435,0.0422809457579972,10,36,60465.61640300922,60465.61640300922,20.0,0.1,7.0,23.999999975999998,0.9999999989999999,38.0,0.5833333333090278,-0.5568518695610596,0.0929475587703435,0.0422809457579972,0.06802721088389098,1.0,ga_meta,ga_meta,ga_meta,pl_rank,pl_rank,7,0.06761425226417035,37.999999962,0.29166665480555604,0,0,1,0.00392991069070715,428.42104135734104
8,14,196.886408291357,118.0,13.0,1.0,3013.0,795,2170.0,0.3375,0.9397222222222222,37,16,0.0,0.0,,,1.625,0.07142857142346938,0.49999999998214284,14.0,12.999999986999999,0.7118676484651429,0.3375,0.9397222222222222,0.2517006802703966,,mip,mip,mip,pl_rank,mip,2,0.6386111111111111,6.99999999975,22.749681506083895,2,1,0,0.31715625000000003,215.21427034183785
8,18,21.253186108160808,1698.0,849.0,5045.0,9659.0,4735,4924.0,0.0,0.0,0,0,0.0,0.0,31.0,0.25806451612903225,106.125,280.27777776220677,0.6428571428341837,5894.0,0.16828543111988734,0.07631251793057281,0.0,0.0,0.0,0.0,ga_meta,ga_meta,ga_meta,pl_rank,pl_rank,7,0.0,3788.999999864679,0.3786422186899039,2,0,1,0.0,1.6387852050154759
6,6,1005.016768108463,1158.0,579.0,1370.0,17304.0,2649,14655.0,0.0,0.0,0,0,0.0,0.0,20.0,0.3,96.5,228.33333329527778,0.39999999997333335,1949.0,0.4226277372259689,-0.6547767045997896,0.0,0.0,0.0,1.0,ga_meta,pl_rank,ga_meta,pl_rank,pl_rank,11,0.0,779.5999999480267,0.4226277354457909,1,0,1,0.0,8.878399174510825
5,5,172.60699758086142,810.0,405.0,964.0,17304.0,2649,14655.0,0.0,0.0,0,0,0.0,0.0,20.0,0.25,81.0,192.79999996144,0.49999999995,1369.0,0.420124481327365,-0.6547767045997896,0.0,0.0,0.0,1.0,ga_meta,ga_meta,mip,pl_rank,mip,15,0.0,684.49999993155,0.42012447923275686,1,0,1,0.0,12.63988311713668
2,1,435.6316849730798,110.0,10.0,20.0,8111.0,4286,3825.0,0.0454342984409799,0.1344195519348269,10,63,13068.950549192396,13068.950549192396,31.0,0.06451612903225806,5.0,19.99999998,0.9999999989999999,30.0,0.499999999975,0.22434732714927796,0.0454342984409799,0.1344195519348269,0.06802721088389098,0.0,ga_meta,ga_meta,ga_meta,pl_rank,pl_rank,6,0.0899269251879034,29.999999969999998,0.2499999877500006,0,0,1,0.0061072580389097235,270.36665765444474
10,21,805.666007825886,840.0,420.0,1657.0,10241.0,1490,8751.0,0.426040061633282,0.3912347826086956,5,36,0.0,0.0,20.0,0.5,42.0,78.90476190100453,0.46666666665629636,2077.0,0.2534701267349104,0.02065601989098209,0.426040061633282,0.3912347826086956,0.03401360544194549,1.0,ga_meta,sa_meta,d_round,rw_rank_bfs,d_round,12,0.4086374221209888,969.2666666451275,0.5322872594230341,2,0,1,0.16668169089569235,4.930669232098859
5,6,556.7161537804143,840.0,420.0,1287.0,9659.0,4735,4924.0,0.0,0.0,0,0,0.0,0.0,31.0,0.16129032258064516,84.0,214.49999996425,0.59999999994,1707.0,0.32634032634007276,0.07631251793057281,0.0,0.0,0.0,0.0,mip,mip,mip,pl_rank,mip,4,0.0,1024.19999989758,0.3916083898479795,1,0,1,0.0,5.658465140211795
10,22,1340.7591465347523,1140.0,15.0,45.0,2671.0,586,1993.0,0.5116666666666667,0.9446388888888888,0,16,458793.2852507162,180096.56643993838,,,1.5,2.0454545453615705,0.48888888887802473,60.0,0.33333333332592596,0.7445730132925313,0.5116666666666667,0.9446388888888888,0.0,,d_round,mip,mip,rw_rank_bfs,mip,7,0.7281527777777778,29.333333332681484,0.7333329748483233,2,0,1,0.4833402314814815,44.51666592472224
6,11,137.23176077858778,1220.0,610.0,2465.0,9202.0,4586,4616.0,0.0,0.0,0,0,0.0,0.0,31.0,0.1935483870967742,101.66666666666667,224.09090907053718,0.7333333332844444,3075.0,0.24746450304249595,0.12001530075547484,0.0,0.0,0.0,0.0,ga_meta,mip,ga_meta,rw_rank_bfs,ga_meta,6,0.0,2254.9999998496664,0.45368492026144663,1,0,1,0.0,2.9925203242300746
7,8,1478.8119097663823,1442.0,721.0,2044.0,9625.0,4944,4681.0,0.0,0.0,0,0,0.0,0.0,31.0,0.22580645161290322,103.0,255.4999999680625,0.3809523809342404,2765.0,0.3527397260272247,0.0795639284689682,0.0,0.0,0.0,0.0,mip,mip,mip,rw_rank_bfs,mip,1,0.0,1053.3333332831746,0.4031311139324614,1,0,1,0.0,3.4810126569688924
2,1,954.1641990155044,66.0,11.0,24.0,8314.0,4346,3968.0,0.0320712694877505,0.1020592894319981,8,63,79195.62851828686,33395.746965542654,31.0,0.06451612903225806,5.5,23.999999975999998,0.9999999989999999,35.0,0.4583333333142361,0.20493449364062355,0.0320712694877505,0.1020592894319981,0.05442176870711278,0.0,ga_meta,mip,ga_meta,pl_rank,pl_rank,8,0.0670652794598743,34.999999965,0.2291666573472226,0,0,1,0.0032731709751019377,237.54285035591857
5,8,904.1179262291876,1170.0,117.0,274.0,9186.0,1560,7626.0,0.4483734087694484,0.4800927188437415,13,36,804664.954343977,353510.10915561236,20.0,0.25,23.4,34.24999999571875,0.79999999992,391.0,0.4270072992685146,0.12154537630295492,0.4483734087694484,0.4800927188437415,0.08843537414905826,1.0,ga_meta,pl_rank,ga_meta,rw_rank_bfs,pl_rank,21,0.46423306380659496,312.79999996872,0.6832116589697326,1,0,1,0.21526080887336077,23.493606078021468
4,3,267.6104373790477,328.0,41.0,20.0,8285.0,4639,3646.0,0.0482150184653262,0.2125269978401728,7,46,25690.601988388586,16324.23668012191,31.0,0.12903225806451613,10.25,6.666666664444445,0.49999999991666666,61.0,2.0499999998975,0.2077077555704313,0.0482150184653262,0.2125269978401728,0.04761904761872368,0.0,ga_meta,mip,ga_meta,pl_rank,pl_rank,10,0.1303710081527495,30.499999994916667,1.5374997698875343,0,1,0,0.010246993125244273,135.81966990459557
4,4,190.8955870892065,87.0,29.0,78.0,8002.0,4381,3621.0,0.0242761692650333,0.1805838424983028,6,30,61086.58786854606,20425.82781854509,31.0,0.12903225806451613,7.25,19.499999995125,0.6666666665555555,107.0,0.3717948717901052,0.23477096681648657,0.0242761692650333,0.1805838424983028,0.04081632653033459,0.0,ga_meta,mip,ga_meta,pl_rank,pl_rank,4,0.10243000588166806,71.33333332144444,0.37179485282141783,0,0,1,0.004383883927018913,74.7850460300463
3,2,53.65053808811481,88.0,22.0,6.0,8402.0,4680,3722.0,0.0398030365203118,0.1961123110151188,7,59,2467.9247520532813,1502.215066467215,31.0,0.0967741935483871,7.333333333333333,2.9999999985,0.6666666664444444,28.0,3.6666666660555554,0.19651907812948266,0.0398030365203118,0.1961123110151188,0.04761904761872368,0.0,ga_meta,mip,ga_meta,pl_rank,ga_meta,10,0.11795767376771531,18.66666666044444,2.4444436308521227,0,1,0,0.00780586547741752,300.0714178545922
7,10,386.57225327571194,354.0,177.0,437.0,8051.0,1174,6877.0,0.5498466257668712,0.4971115173674588,13,36,0.0,0.0,20.0,0.35,25.285714285714285,43.69999999563,0.47619047616780047,614.0,0.4050343249418649,0.2300851104523286,0.5498466257668712,0.4971115173674588,0.08843537414905826,1.0,ga_meta,mip,sa_meta,pl_rank,sa_meta,9,0.523479071567165,292.38095236702947,0.5786204510211077,1,0,1,0.27333509045434656,13.112377828807203
4,3,927.9629986253004,1331.0,121.0,158.0,8172.0,1133,7039.0,0.5993635077793493,0.5201118080174529,15,36,373041.1254473708,258901.6766164589,20.0,0.2,30.25,52.66666664911111,0.49999999991666666,279.0,0.7658227848052797,0.21851391412450993,0.5993635077793493,0.5201118080174529,0.10204081632583646,1.0,ga_meta,ga_meta,pl_rank,rw_rank_bfs,pl_rank,13,0.5597376578984011,139.49999997675,0.5743670778933467,0,0,1,0.3117360376908001,29.290322475661927
6,8,1380.302201282079,534.0,267.0,673.0,10188.0,1531,8657.0,0.410246533127889,0.3977739130434783,4,36,0.0,0.0,20.0,0.3,44.5,84.12499998948438,0.5333333332977778,940.0,0.39673105497712224,0.02572439514201008,0.410246533127889,0.3977739130434783,0.02721088435355639,1.0,ga_meta,rw_rank_bfs,ga_meta,rw_rank_bfs,rw_rank_bfs,7,0.4040102230856837,501.3333332999111,0.528974733748443,1,0,1,0.16318536879480136,10.838297860810322
4,3,299.65333903967206,1166.0,106.0,209.0,8750.0,1110,7640.0,0.6074964639321074,0.4791382601581674,17,36,189380.91027307275,94390.8017974967,20.0,0.2,26.5,69.66666664344444,0.49999999991666666,315.0,0.5071770334903963,0.16323993497178924,0.6074964639321074,0.4791382601581674,0.11564625850261466,1.0,ga_meta,mip,mip,rw_rank_bfs,mip,15,0.5433173620451375,157.49999997375,0.38038276978637175,0,0,1,0.29107479878066883,27.777777689594355
3,2,78.65346260915629,365.0,73.0,136.0,8903.0,1544,7359.0,0.4079754601226993,0.4618647166361974,10,36,32798.49390801817,16438.573685313666,20.0,0.15,24.333333333333332,67.999999966,0.6666666664444444,209.0,0.5367647058784062,0.14860858754901018,0.4079754601226993,0.4618647166361974,0.06802721088389098,1.0,ga_meta,mip,ga_meta,pl_rank,pl_rank,17,0.43492008837944834,139.3333332868889,0.3578431321714245,0,0,1,0.18842947028409276,42.59808592058332
7,10,322.14414668348286,1464.0,732.0,2757.0,9625.0,4944,4681.0,0.0,0.0,0,0,0.0,0.0,31.0,0.22580645161290322,104.57142857142857,275.69999997243,0.47619047616780047,3489.0,0.2655059847659538,0.0795639284689682,0.0,0.0,0.0,0.0,ga_meta,mip,ga_meta,rw_rank_bfs,rw_rank_bfs,6,0.0,1661.4285713494558,0.3792942626136795,1,0,1,0.0,2.758670105256902
6,9,42.66498277640848,1218.0,609.0,2064.0,17304.0,2649,14655.0,0.0,0.0,0,0,0.0,0.0,20.0,0.3,101.5,229.33333330785186,0.59999999996,2673.0,0.29505813953474075,-0.6547767045997896,0.0,0.0,0.0,1.0,ga_meta,ga_meta,ga_meta,pl_rank,pl_rank,15,0.0,1603.79999989308,0.44258720742161584,1,0,1,0.0,6.473625137869949
4,3,495.63975233866466,738.0,369.0,941.0,9202.0,4586,4616.0,0.0,0.0,0,0,0.0,0.0,31.0,0.12903225806451613,92.25,313.6666665621111,0.49999999991666666,1310.0,0.39213602550436544,0.12001530075547484,0.0,0.0,0.0,0.0,ga_meta,pl_rank,pl_rank,rw_rank_bfs,pl_rank,2,0.0,654.9999998908334,0.2941020182889946,0,0,1,0.0,7.024427475553871
7,10,463.945728968324,333.0,9.0,27.0,3121.0,919,2202.0,0.2341666666666666,0.9388333333333332,38,16,0.0,0.0,,,1.2857142857142858,2.69999999973,0.47619047616780047,36.0,0.33333333332098763,0.701539638519652,0.2341666666666666,0.9388333333333332,0.2585034013587857,,mip,mip,mip,rw_rank_bfs,mip,1,0.5864999999999999,17.142857142040818,0.47619029987131745,1,0,1,0.21984347222222214,86.6944420362655
7,10,975.7726601046296,30.0,0.0,3.0,2671.0,586,1993.0,0.5116666666666667,0.9446388888888888,0,16,333898.85539418145,131070.00326270291,,,0.0,0.29999999997,0.47619047616780047,3.0,0.0,0.7445730132925313,0.5116666666666667,0.9446388888888888,0.0,,d_round,mip,mip,rw_rank_bfs,mip,7,0.7281527777777778,1.4285714285034015,0.0,1,0,1,0.4833402314814815,890.3330365556544
2,1,512.1309926314782,72.0,24.0,14.0,8559.0,4694,3865.0,0.0369306524415264,0.1652267818574514,8,61,19460.97771999617,19460.97771999617,31.0,0.06451612903225806,12.0,13.999999985999999,0.9999999989999999,38.0,1.7142857141632653,0.1815052118198336,0.0369306524415264,0.1652267818574514,0.05442176870711278,0.0,ga_meta,ga_meta,ga_meta,pl_rank,pl_rank,7,0.1010787171494889,37.999999962,0.8571427967755145,0,0,1,0.006101932854809438,225.236836177978
6,7,927.1931608144812,389.0,17.0,41.0,2556.0,652,1866.0,0.4566666666666666,0.9481666666666668,26,16,341121.6838096541,143385.54235595526,,,2.8333333333333335,5.8571428563061225,0.46666666663555556,58.0,0.41463414633135043,0.755570431290045,0.4566666666666666,0.9481666666666668,0.17687074829811653,,d_round,mip,mip,pl_rank,mip,7,0.7024166666666667,27.066666664862222,0.48373975487776544,1,0,1,0.43299611111111114,44.068964757431644
4,5,1380.5757663510403,494.0,38.0,67.0,15914.0,2470,13444.0,0.1066907775768535,0.0650904033379694,10,34,207086.3649526561,144960.45546685925,20.0,0.2,9.5,13.39999999732,0.8333333331944445,105.0,0.5671641790960125,-0.521851391412451,0.1066907775768535,0.0650904033379694,0.06802721088389098,1.0,ga_meta,mip,ga_meta,pl_rank,pl_rank,14,0.08589059045741144,87.49999998541666,0.7089551711152857,0,0,1,0.006944545744918975,151.56190331845806
8,15,1197.231013875081,1406.0,703.0,3631.0,9625.0,4944,4681.0,0.0,0.0,0,0,0.0,0.0,31.0,0.25806451612903225,87.875,242.0666666505289,0.5357142856951531,4334.0,0.19361057559895523,0.0795639284689682,0.0,0.0,0.0,0.0,ga_meta,pl_rank,ga_meta,rw_rank_bfs,rw_rank_bfs,6,0.0,2321.7857142027938,0.3630198277726735,2,0,1,0.0,2.2208121822287
7,9,92.72736882716204,1390.0,695.0,2054.0,9625.0,4944,4681.0,0.0,0.0,0,0,0.0,0.0,31.0,0.22580645161290322,99.28571428571429,228.2222221968642,0.42857142855102043,2749.0,0.3383641674779268,0.0795639284689682,0.0,0.0,0.0,0.0,ga_meta,rw_rank_bfs,ga_meta,rw_rank_bfs,rw_rank_bfs,6,0.0,1178.1428570867552,0.43503964204253043,1,0,1,0.0,3.501273188977347
8,9,405.2465767755126,726.0,363.0,767.0,9548.0,1641,7907.0,0.3678736517719568,0.4499478260869565,4,36,0.0,0.0,20.0,0.4,45.375,85.22222221275308,0.32142857141709186,1130.0,0.47327249022102574,0.08692741704121643,0.3678736517719568,0.4499478260869565,0.02721088435355639,1.0,ga_meta,rw_rank_bfs,sa_meta,rw_rank_bfs,pl_rank,10,0.4089107389294566,363.2142857013138,0.5324315453109402,2,0,1,0.165523949889462,8.449557514646408
3,2,435.6316849730798,544.0,68.0,62.0,6635.0,631,6004.0,0.7580521472392638,0.5609506398537477,19,36,83641.28351483133,56632.11904650038,20.0,0.15,22.666666666666668,30.9999999845,0.6666666664444444,130.0,1.0967741935306972,0.3654967964043224,0.7580521472392638,0.5609506398537477,0.12925170067939284,1.0,ga_meta,ga_meta,ga_meta,pl_rank,ga_meta,17,0.6595013935465057,86.66666663777777,0.731182772477975,0,0,1,0.4252298370363724,51.038461145857994
6,8,67.13233421003828,356.0,178.0,354.0,7300.0,1190,6110.0,0.5437116564417178,0.5531992687385741,14,36,0.0,0.0,20.0,0.3,29.666666666666668,44.24999999446875,0.5333333332977778,532.0,0.5028248587556418,0.30190303146217845,0.5437116564417178,0.5531992687385741,0.09523809523744736,1.0,ga_meta,ga_meta,ga_meta,pl_rank,pl_rank,7,0.5484554625901459,283.7333333144178,0.6704331299421892,1,0,1,0.3007808907481971,13.72180448548533
5,7,591.0151405214398,858.0,429.0,1655.0,9625.0,4944,4681.0,0.0,0.0,0,0,0.0,0.0,31.0,0.16129032258064516,85.8,236.4285713947959,0.69999999993,2084.0,0.2592145015104174,0.0795639284689682,0.0,0.0,0.0,0.0,ga_meta,pl_rank,pl_rank,rw_rank_bfs,rw_rank_bfs,7,0.0,1458.79999985412,0.3629003006317208,1,0,1,0.0,4.618522070720479
6,7,1455.7628358084437,1256.0,628.0,2105.0,9659.0,4735,4924.0,0.0,0.0,0,0,0.0,0.0,31.0,0.1935483870967742,104.66666666666667,300.71428567132654,0.46666666663555556,2733.0,0.29833729216137844,0.07631251793057281,0.0,0.0,0.0,0.0,ga_meta,ga_meta,rw_rank_bfs,pl_rank,rw_rank_bfs,9,0.0,1275.3999999149733,0.34806017308071835,1,0,1,0.0,3.534211487912839
7,10,806.9616278634671,128.0,14.0,3.0,3013.0,795,2170.0,0.3375,0.9397222222222222,13,16,267261.2080282255,106115.45406404592,,,2.0,0.29999999997,0.47619047616780047,17.0,4.666666665111111,0.7118676484651429,0.3375,0.9397222222222222,0.08843537414905826,,d_round,mip,mip,pl_rank,mip,7,0.6386111111111111,8.095238094852608,6.666644445185181,1,1,0,0.31715625000000003,177.23528369204212
2,1,584.3862908414336,160.0,16.0,13.0,9259.0,4816,4443.0,0.0118998768978252,0.040388768898488,4,63,16947.202434401574,16947.202434401574,31.0,0.06451612903225806,8.0,12.999999986999999,0.9999999989999999,29.0,1.2307692306745561,0.11456440661757672,0.0118998768978252,0.040388768898488,0.02721088435355639,0.0,ga_meta,ga_meta,ga_meta,pl_rank,pl_rank,7,0.0261443228981566,28.999999970999998,0.6153845686627255,0,0,1,0.0004806213779467183,319.2758510594534
4,3,42.49251473356067,58.0,29.0,37.0,7914.0,4360,3554.0,0.0289532293986637,0.1957456438108169,6,63,0.0,0.0,31.0,0.12903225806451613,7.25,12.333333329222222,0.49999999991666666,66.0,0.7837837837626005,0.24318638232762746,0.0289532293986637,0.1957456438108169,0.04081632653033459,0.0,mcts,pl_rank,mcts,pl_rank,pl_rank,4,0.11234943660474031,32.9999999945,0.5878377903712603,0,0,1,0.005667468529043697,119.90908909228654
8,16,1491.9166496514383,1496.0,748.0,4523.0,9625.0,4944,4681.0,0.0,0.0,0,0,0.0,0.0,31.0,0.25806451612903225,93.5,282.68749998233204,0.5714285714081633,5271.0,0.165376962193198,0.0795639284689682,0.0,0.0,0.0,0.0,ga_meta,rw_rank_bfs,ga_meta,rw_rank_bfs,rw_rank_bfs,6,0.0,3011.9999998924286,0.3307539232371075,2,0,1,0.0,1.826029216121034
3,2,201.2205186916432,630.0,90.0,97.0,8505.0,1336,7169.0,0.5275813295615276,0.5112489773656941,16,36,45677.057743003,37628.23699533728,20.0,0.15,30.0,48.49999997575,0.6666666664444444,187.0,0.9278350515368264,0.18666921679257908,0.5275813295615276,0.5112489773656941,0.10884353741422556,1.0,ga_meta,mip,mcts,rw_rank_bfs,pl_rank,16,0.5194151534636109,124.6666666251111,0.6185566885864601,0,0,1,0.2697254152155642,45.48128317924448
5,5,681.9942765187208,259.0,37.0,108.0,15683.0,2443,13240.0,0.1164556962025316,0.0792767732962448,13,36,171862.55768271763,98889.17009521452,20.0,0.25,7.4,21.59999999568,0.49999999995,145.0,0.34259259258942043,-0.4997609256957063,0.1164556962025316,0.0792767732962448,0.08843537414905826,1.0,ga_meta,d_round,sa_meta,pl_rank,sa_meta,14,0.0978662347493882,72.49999999275,0.34259257680034366,1,0,1,0.009232231826904455,108.15861994373365
5,4,15.533553425706222,280.0,28.0,58.0,9268.0,4846,4422.0,0.0057447681575707,0.0449244060475162,1,7,3665.918608466669,1335.885594610735,31.0,0.16129032258064516,5.6,14.499999996375,0.39999999996,86.0,0.4827586206813318,0.11370373912211917,0.0057447681575707,0.0449244060475162,0.0068027210883890975,0.0,ga_meta,mip,mip,pl_rank,rw_rank_bfs,10,0.02533458710254345,34.39999999656,0.3862068700133193,1,0,1,0.0002580802973595477,107.76744060735534
7,10,306.3727246039089,1456.0,728.0,2613.0,9202.0,4586,4616.0,0.0,0.0,0,0,0.0,0.0,31.0,0.22580645161290322,104.0,261.29999997387,0.47619047616780047,3341.0,0.2786069651740227,0.12001530075547484,0.0,0.0,0.0,0.0,ga_meta,ga_meta,ga_meta,rw_rank_bfs,d_round,7,0.0,1590.9523808766214,0.39800994876536566,1,0,1,0.0,2.754265189238472
6,6,889.8976594307727,2100.0,175.0,334.0,8473.0,1190,7283.0,0.5792079207920793,0.5034769566403055,15,36,664753.5515947872,452957.9086502633,20.0,0.3,29.166666666666668,55.66666665738889,0.39999999997333335,509.0,0.5239520958068146,0.18972936788753947,0.5792079207920793,0.5034769566403055,0.10204081632583646,1.0,ga_meta,mip,ga_meta,rw_rank_bfs,sa_meta,11,0.5413424387161924,203.59999998642667,0.5239520864833958,1,0,1,0.2916178412223552,16.6463653896928
5,5,1602.4164581148743,100.0,50.0,61.0,7606.0,4248,3358.0,0.0538975501113585,0.2400995700384702,10,63,0.0,0.0,31.0,0.16129032258064516,10.0,12.199999997559999,0.49999999995,111.0,0.8196721311341038,0.27264033661662046,0.0538975501113585,0.2400995700384702,0.06802721088389098,0.0,pl_rank,rw_rank_bfs,pl_rank,pl_rank,pl_rank,3,0.14699856007491435,55.49999999445,0.8196720641252407,1,0,1,0.012940778607864079,68.52252190520251
6,10,363.60723217201274,1328.0,664.0,2855.0,9625.0,4944,4681.0,0.0,0.0,0,0,0.0,0.0,31.0,0.1935483870967742,110.66666666666667,285.49999997145,0.6666666666222222,3519.0,0.2325744308230359,0.0795639284689682,0.0,0.0,0.0,0.0,ga_meta,mip,ga_meta,rw_rank_bfs,rw_rank_bfs,6,0.0,2345.9999998435997,0.3876240500529222,1,0,1,0.0,2.7351520310499713
6,8,120.09416142659552,1144.0,572.0,1883.0,17304.0,2649,14655.0,0.0,0.0,0,0,0.0,0.0,20.0,0.3,95.33333333333333,235.37499997057813,0.5333333332977778,2455.0,0.30377057886335435,-0.6547767045997896,0.0,0.0,0.0,1.0,ga_meta,ga_meta,mip,pl_rank,pl_rank,10,0.0,1309.3333332460445,0.40502743681454084,1,0,1,0.0,7.048472502220582
8,14,226.29192750587725,496.0,13.0,28.0,3121.0,919,2202.0,0.2341666666666666,0.9388333333333332,19,16,73212.09419307792,29095.151796821832,,,1.625,1.999999999857143,0.49999999998214284,41.0,0.4642857142691327,0.701539638519652,0.2341666666666666,0.9388333333333332,0.12925170067939284,,d_round,mip,mip,rw_rank_bfs,mip,7,0.5864999999999999,20.499999999267857,0.8124995938082388,2,0,1,0.21984347222222214,76.12194936287929
7,13,337.7231356459802,1286.0,643.0,3740.0,9625.0,4944,4681.0,0.0,0.0,0,0,0.0,0.0,31.0,0.22580645161290322,91.85714285714286,287.6923076701775,0.6190476190181405,4383.0,0.1719251336897936,0.0795639284689682,0.0,0.0,0.0,0.0,mip,mip,mip,rw_rank_bfs,rw_rank_bfs,2,0.0,2713.28571415651,0.31928953291014717,1,0,1,0.0,2.195984485011183
6,9,260.3894316349999,1128.0,564.0,2053.0,9202.0,4586,4616.0,0.0,0.0,0,0,0.0,0.0,31.0,0.1935483870967742,94.0,228.11111108576543,0.59999999996,2617.0,0.2747199220651365,0.12001530075547484,0.0,0.0,0.0,0.0,sa_meta,pl_rank,sa_meta,rw_rank_bfs,pl_rank,2,0.0,1570.19999989532,0.41207988133720463,1,0,1,0.0,3.516239968087031
7,10,1270.5874195820809,196.0,8.0,14.0,3013.0,795,2170.0,0.3375,0.9397222222222222,37,16,0.0,0.0,,,1.1428571428571428,1.39999999986,0.47619047616780047,22.0,0.571428571387755,0.7118676484651429,0.3375,0.9397222222222222,0.2517006802703966,,mip,mip,mip,pl_rank,mip,2,0.6386111111111111,10.47619047569161,0.816325947603915,1,0,1,0.31715625000000003,136.95453922933913
4,4,530.8567696476852,66.0,33.0,80.0,8121.0,4348,3773.0,0.0316258351893096,0.1461869201176736,8,63,0.0,0.0,31.0,0.12903225806451613,8.25,19.999999995,0.6666666665555555,113.0,0.4124999999948437,0.2233910299321029,0.0316258351893096,0.1461869201176736,0.05442176870711278,0.0,ga_meta,pl_rank,ga_meta,pl_rank,pl_rank,7,0.0889063776534916,75.33333332077777,0.412499979478126,0,0,1,0.004623283442474313,71.86725600117472
8,19,397.8190342954006,1352.0,676.0,4429.0,9659.0,4735,4924.0,0.0,0.0,0,0,0.0,0.0,31.0,0.25806451612903225,84.5,233.10526314562603,0.6785714285471939,5105.0,0.1526303906073261,0.07631251793057281,0.0,0.0,0.0,0.0,sa_meta,rw_rank_bfs,sa_meta,pl_rank,pl_rank,4,0.0,3464.1071427334246,0.36249717615648086,2,0,1,0.0,1.8920666010005744
3,2,330.8761725798223,57.0,19.0,48.0,8533.0,4702,3831.0,0.0352892901107919,0.1725701943844492,7,63,31764.11256766294,22168.703562848095,31.0,0.0967741935483871,6.333333333333333,23.999999988,0.6666666664444444,67.0,0.39583333332508686,0.18399158458448883,0.0352892901107919,0.1725701943844492,0.04761904761872368,0.0,ga_meta,ga_meta,ga_meta,pl_rank,ga_meta,4,0.10392974224762055,44.666666651777774,0.2638888780254634,0,0,1,0.006089879654108578,127.35820705435512
5,6,260.53941516662553,372.0,186.0,586.0,9350.0,1166,8184.0,0.5508474576271186,0.4306782608695652,7,35,0.0,0.0,20.0,0.25,37.2,97.66666665038889,0.59999999994,772.0,0.3174061433441683,0.10586210194128332,0.5508474576271186,0.4306782608695652,0.04761904761872368,1.0,ga_meta,ga_meta,sa_meta,rw_rank_bfs,rw_rank_bfs,10,0.4907628592483419,463.19999995368,0.3808873681772625,1,0,1,0.23723802505526895,12.111398948042229
5,4,169.17305956518376,764.0,382.0,642.0,9202.0,4586,4616.0,0.0,0.0,0,0,0.0,0.0,31.0,0.16129032258064516,76.4,160.499999959875,0.39999999996,1024.0,0.5950155763230607,0.12001530075547484,0.0,0.0,0.0,0.0,ga_meta,pso_meta,ga_meta,rw_rank_bfs,d_round,5,0.0,409.59999995904,0.47601245821238347,1,0,1,0.0,8.986328116224287
6,7,91.09718208053071,267.0,20.0,21.0,3121.0,919,2202.0,0.2341666666666666,0.9388333333333332,5,16,29472.61773193641,11712.68621956,,,3.3333333333333335,2.9999999995714286,0.46666666663555556,41.0,0.9523809523356009,0.701539638519652,0.2341666666666666,0.9388333333333332,0.03401360544194549,,d_round,mip,mip,rw_rank_bfs,mip,7,0.5864999999999999,19.133333332057777,1.1111107408995942,1,1,0,0.21984347222222214,76.12194936287929
3,3,22.043365422586767,66.0,22.0,31.0,15229.0,2366,12863.0,0.1443037974683544,0.1054937413073713,13,34,1851.6426954972883,1168.298367397099,20.0,0.15,7.333333333333333,10.33333332988889,0.9999999996666666,53.0,0.7096774193319458,-0.4563450320359568,0.1443037974683544,0.1054937413073713,0.08843537414905826,1.0,ga_meta,mip,mip,pl_rank,mip,10,0.12489876938786285,52.999999982333335,0.7096773509129445,0,0,1,0.01522314747979788,287.33961722000726
10,22,326.13550933295187,86.0,2.0,3.0,3121.0,919,2202.0,0.2341666666666666,0.9388333333333332,0,16,105514.42949007264,41932.39350144115,,,0.2,0.136363636357438,0.48888888887802473,5.0,0.6666666664444444,0.701539638519652,0.2341666666666666,0.9388333333333332,0.0,,d_round,mip,mip,rw_rank_bfs,mip,7,0.5864999999999999,2.4444444443901236,1.4666559112566504,2,1,0,0.21984347222222214,624.1998751600249
2,1,1410.4736355378006,70.0,14.0,12.0,16139.0,2468,13671.0,0.1074141048824592,0.0493045897079277,10,34,36672.314523982815,36672.314523982815,20.0,0.1,7.0,11.999999987999999,0.9999999989999999,26.0,1.1666666665694445,-0.5433680787988906,0.1074141048824592,0.0493045897079277,0.06802721088389098,1.0,ga_meta,ga_meta,ga_meta,pl_rank,ga_meta,12,0.07835934729519345,25.999999973999998,0.5833332853055596,0,0,1,0.005296008370073964,620.7307453565097
6,7,122.4639647840027,122.0,11.0,8.0,3121.0,919,2202.0,0.2341666666666666,0.9388333333333332,29,16,0.0,0.0,,,1.8333333333333333,1.1428571426938776,0.46666666663555556,19.0,1.374999999828125,0.701539638519652,0.2341666666666666,0.9388333333333332,0.19727891156328384,,ga_meta,mip,mip,rw_rank_bfs,mip,3,0.5864999999999999,8.866666666075556,1.6041652632512278,1,1,0,0.21984347222222214,164.26314924930793
7,11,32.403578889451786,1402.0,701.0,2797.0,9625.0,4944,4681.0,0.0,0.0,0,0,0.0,0.0,31.0,0.22580645161290322,100.14285714285714,254.27272724961156,0.5238095237845805,3498.0,0.2506256703610116,0.0795639284689682,0.0,0.0,0.0,0.0,sa_meta,pl_rank,sa_meta,rw_rank_bfs,rw_rank_bfs,4,0.0,1832.2857141984625,0.3938403376257875,1,0,1,0.0,2.751572326257412
3,2,174.18834730144647,990.0,90.0,118.0,8021.0,1150,6871.0,0.5933521923620934,0.5315653122443414,16,36,36231.176238700864,36231.176238700864,20.0,0.15,30.0,58.9999999705,0.6666666664444444,208.0,0.762711864400316,0.23295400210385386,0.5933521923620934,0.5315653122443414,0.10884353741422556,1.0,ga_meta,ga_meta,ga_meta,rw_rank_bfs,ga_meta,15,0.5624587523032174,138.66666662044443,0.5084745679072107,0,0,1,0.3154054434038207,38.56249981460336
5,6,234.3382394171621,1044.0,522.0,1810.0,9202.0,4586,4616.0,0.0,0.0,0,0,0.0,0.0,31.0,0.16129032258064516,104.4,301.6666666163889,0.59999999994,2332.0,0.2883977900550893,0.12001530075547484,0.0,0.0,0.0,0.0,ga_meta,mip,ga_meta,rw_rank_bfs,ga_meta,4,0.0,1399.19999986008,0.3460773469767602,1,0,1,0.0,3.9459691235223118
5,6,747.6037259010285,560.0,40.0,114.0,15682.0,2431,13251.0,0.1207956600361663,0.0785118219749652,11,36,204095.8171709808,115130.9737887584,20.0,0.25,8.0,18.999999996833335,0.59999999994,154.0,0.35087719297937825,-0.4996652959739887,0.1207956600361663,0.0785118219749652,0.07482993197228008,1.0,ga_meta,pl_rank,sa_meta,pl_rank,pl_rank,9,0.09965374100556576,92.39999999076,0.4210526094884591,1,0,1,0.009483887356107907,101.83116816992748
5,5,1352.3263068341162,235.0,1.0,46.0,2671.0,586,1993.0,0.5116666666666667,0.9446388888888888,29,16,0.0,0.0,,,0.2,9.19999999816,0.49999999995,47.0,0.02173913043431002,0.7445730132925313,0.5116666666666667,0.9446388888888888,0.19727891156328384,,ga_meta,mip,mip,rw_rank_bfs,mip,6,0.7281527777777778,23.49999999765,0.021739128076181734,1,0,1,0.4833402314814815,56.82978602489817
5,5,828.2557839193081,70.0,1.0,13.0,3608.0,956,2592.0,0.2033333333333333,0.928,6,16,255122.50182295448,97970.8270121696,,,0.2,2.59999999948,0.49999999995,14.0,0.07692307691715976,0.6549679640432247,0.2033333333333333,0.928,0.04081632653033459,,d_round,mip,mip,pl_rank,mip,7,0.5656666666666667,6.9999999993,0.07692304735267409,1,0,1,0.18869333333333332,257.71426730612376
4,3,325.1212427507794,182.0,14.0,42.0,2671.0,586,1993.0,0.5116666666666667,0.9446388888888888,33,16,0.0,0.0,,,3.5,13.999999995333333,0.49999999991666666,56.0,0.33333333332539683,0.7445730132925313,0.5116666666666667,0.9446388888888888,0.22448979591684023,,ga_meta,mip,mip,rw_rank_bfs,mip,6,0.7281527777777778,27.999999995333333,0.24999998222619177,0,0,1,0.4833402314814815,47.69642771970665
6,6,691.6582338509919,378.0,189.0,331.0,8559.0,1140,7419.0,0.5608628659476117,0.483895652173913,7,35,0.0,0.0,20.0,0.3,31.5,55.16666665747222,0.39999999997333335,520.0,0.5709969788502387,0.1815052118198336,0.5608628659476117,0.483895652173913,0.04761904761872368,1.0,ga_meta,mip,mcts,rw_rank_bfs,d_round,13,0.5223792590607623,207.99999998613333,0.5709969685967318,1,0,1,0.2713991022978495,16.459615352962278
5,5,113.16415583222616,110.0,3.0,19.0,3608.0,956,2592.0,0.2033333333333333,0.928,23,16,0.0,0.0,,,0.6,3.7999999992399998,0.49999999995,22.0,0.157894736833795,0.6549679640432247,0.2033333333333333,0.928,0.15646258503294924,,mip,mip,mip,pl_rank,mip,1,0.5656666666666667,10.9999999989,0.1578946953224486,1,0,1,0.18869333333333332,163.9999925454549
4,4,657.8353377825421,632.0,316.0,947.0,9659.0,4735,4924.0,0.0,0.0,0,0,0.0,0.0,31.0,0.12903225806451613,79.0,236.7499999408125,0.6666666665555555,1263.0,0.33368532206934143,0.07631251793057281,0.0,0.0,0.0,0.0,ga_meta,mip,mip,pl_rank,rw_rank_bfs,8,0.0,841.9999998596666,0.3336853207436734,0,0,1,0.0,7.647664285314596
5,7,80.64590716764503,956.0,478.0,1954.0,17304.0,2649,14655.0,0.0,0.0,0,0,0.0,0.0,20.0,0.25,95.6,279.1428571029796,0.69999999993,2432.0,0.24462640736937327,-0.6547767045997896,0.0,0.0,0.0,1.0,ga_meta,ga_meta,ga_meta,pl_rank,rw_rank_bfs,17,0.0,1702.39999982976,0.34247696913933534,1,0,1,0.0,7.115131576021739
10,22,265.6864873686764,1202.0,19.0,46.0,2671.0,586,1993.0,0.5116666666666667,0.9446388888888888,26,16,90915.04369121112,35688.157897900586,,,1.9,2.0909090908140495,0.48888888887802473,65.0,0.4130434782518904,0.7445730132925313,0.5116666666666667,0.9446388888888888,0.17687074829811653,,d_round,mip,mip,rw_rank_bfs,mip,7,0.7281527777777778,31.777777777071606,0.9086952176218523,2,0,1,0.4833402314814815,41.09230706011835
4,3,239.65748978791973,540.0,36.0,50.0,8687.0,4707,3980.0,0.0342634386540828,0.1403887688984881,7,57,52724.64775334234,20610.544121761097,31.0,0.12903225806451613,9.0,16.666666661111112,0.49999999991666666,86.0,0.7199999999856,0.1692646074399924,0.0342634386540828,0.1403887688984881,0.04761904761872368,0.0,ga_meta,mip,ga_meta,pl_rank,pl_rank,6,0.08732610377628544,42.99999999283333,0.5399999677800018,0,0,1,0.0048102019708755545,101.01162673242295
6,7,40.474722821720974,265.0,15.0,25.0,2556.0,652,1866.0,0.4566666666666666,0.9481666666666668,19,16,14890.97006339658,6259.202859522192,,,2.5,3.5714285709183673,0.46666666663555556,40.0,0.599999999976,0.755570431290045,0.4566666666666666,0.9481666666666668,0.12925170067939284,,d_round,mip,mip,pl_rank,mip,7,0.7024166666666667,18.666666665422223,0.6999998041000548,1,0,1,0.43299611111111114,63.899998402500046
9,18,376.6111174647989,783.0,13.0,37.0,2556.0,652,1866.0,0.4566666666666666,0.9481666666666668,7,16,138558.20336096367,58240.92715215501,,,1.4444444444444444,2.055555555441358,0.49999999998611117,50.0,0.3513513513418554,0.755570431290045,0.4566666666666666,0.9481666666666668,0.04761904761872368,,d_round,mip,mip,pl_rank,mip,7,0.7024166666666667,24.999999999305558,0.7027023608865391,2,0,1,0.43299611111111114,51.11999897760003
6,9,124.9754105019314,1264.0,632.0,2554.0,9202.0,4586,4616.0,0.0,0.0,0,0,0.0,0.0,31.0,0.1935483870967742,105.33333333333333,283.7777777462469,0.59999999996,3186.0,0.24745497259191565,0.12001530075547484,0.0,0.0,0.0,0.0,pl_rank,pl_rank,pl_rank,rw_rank_bfs,pl_rank,1,0.0,1911.59999987256,0.37118245762125734,1,0,1,0.0,2.888261141591883
4,3,1319.129271178974,1170.0,90.0,138.0,7809.0,1071,6738.0,0.6212871287128713,0.5406326697572947,18,36,403653.55698076606,300761.4738288061,20.0,0.2,22.5,45.999999984666665,0.49999999991666666,228.0,0.6521739130387524,0.25322750310796593,0.6212871287128713,0.5406326697572947,0.12244897959100376,1.0,ga_meta,mip,ga_meta,rw_rank_bfs,rw_rank_bfs,15,0.5809598992350831,113.999999981,0.48913042431238213,0,0,1,0.3358881190818836,34.2499998497807
6,7,1231.8602718285645,1098.0,122.0,323.0,7582.0,1084,6498.0,0.6166902404526167,0.5569948186528497,17,36,1130847.729538622,548177.8209637111,20.0,0.3,20.333333333333332,46.142857136265306,0.46666666663555556,445.0,0.377708978327004,0.2749354499378407,0.6166902404526167,0.5569948186528497,0.11564625850261466,1.0,ga_meta,mip,mip,rw_rank_bfs,mip,15,0.5868425295527332,207.66666665282222,0.4406604652292366,1,0,1,0.34349326864588753,17.038202208902916
4,3,98.19593720777934,145.0,29.0,44.0,15903.0,2458,13445.0,0.1110307414104883,0.0650208623087621,11,34,7757.479039414568,7168.303416167892,20.0,0.2,7.25,14.666666661777777,0.49999999991666666,73.0,0.6590909090759298,-0.5207994644735583,0.1110307414104883,0.0650208623087621,0.07482993197228008,1.0,ga_meta,mip,ga_meta,pl_rank,pl_rank,8,0.08802580185962519,36.49999999391667,0.4943181482794445,0,0,1,0.00721931454929113,217.849312084256
8,12,323.5873488308029,606.0,303.0,1065.0,8677.0,1350,7327.0,0.4799691833590138,0.490295652173913,5,36,0.0,0.0,20.0,0.4,37.875,88.74999999260416,0.42857142855612246,1368.0,0.28450704225325396,0.17022090465716744,0.4799691833590138,0.490295652173913,0.03401360544194549,1.0,ga_meta,ga_meta,mip,rw_rank_bfs,pl_rank,18,0.48513241776646343,586.2857142647755,0.42676055860727546,2,0,1,0.2353268037783881,6.342836252673365
6,9,391.7323226629762,1162.0,581.0,2405.0,9659.0,4735,4924.0,0.0,0.0,0,0,0.0,0.0,31.0,0.1935483870967742,96.83333333333333,267.22222219253086,0.59999999996,2986.0,0.24158004157994112,0.07631251793057281,0.0,0.0,0.0,0.0,ga_meta,mip,ga_meta,pl_rank,pl_rank,8,0.0,1791.5999998805598,0.3623700610542631,1,0,1,0.0,3.2347622226273405
8,14,441.89282938075206,1608.0,804.0,2767.0,9202.0,4586,4616.0,0.0,0.0,0,0,0.0,0.0,31.0,0.25806451612903225,100.5,197.6428571287398,0.49999999998214284,3571.0,0.2905674015177844,0.12001530075547484,0.0,0.0,0.0,0.0,ga_meta,ga_meta,ga_meta,rw_rank_bfs,ga_meta,4,0.0,1785.4999999362321,0.5084929501198405,2,0,1,0.0,2.576869223585307
4,6,815.1165719069824,786.0,393.0,1717.0,9659.0,4735,4924.0,0.0,0.0,0,0,0.0,0.0,31.0,0.12903225806451613,98.25,286.1666666189722,0.9999999998333333,2110.0,0.22888759464168382,0.07631251793057281,0.0,0.0,0.0,0.0,ga_meta,pl_rank,ga_meta,pl_rank,pl_rank,7,0.0,2109.9999996483334,0.3433313908201873,0,0,1,0.0,4.577725116313875
4,3,941.498790798472,187.0,19.0,37.0,2671.0,586,1993.0,0.5116666666666667,0.9446388888888888,47,16,0.0,0.0,,,4.75,12.333333329222222,0.49999999991666666,56.0,0.5135135134996348,0.7445730132925313,0.5116666666666667,0.9446388888888888,0.31972789115428757,,mip,mip,mip,rw_rank_bfs,mip,1,0.7281527777777778,27.999999995333333,0.38513510403634293,0,0,1,0.4833402314814815,47.69642771970665
7,9,1009.7922512838076,1626.0,813.0,2532.0,9202.0,4586,4616.0,0.0,0.0,0,0,0.0,0.0,31.0,0.22580645161290322,116.14285714285714,281.3333333020741,0.42857142855102043,3345.0,0.3210900473932381,0.12001530075547484,0.0,0.0,0.0,0.0,ga_meta,ga_meta,pso_meta,rw_rank_bfs,pso_meta,2,0.0,1433.5714285031634,0.4128300595127909,1,0,1,0.0,2.75097159857968
3,3,379.2893348793283,39.0,13.0,43.0,15741.0,2403,13338.0,0.1309222423146473,0.072461752433936,14,36,21619.49208812171,21240.202753242385,20.0,0.15,4.333333333333333,14.333333328555556,0.9999999996666666,56.0,0.30232558138831805,-0.5053074495553218,0.1309222423146473,0.072461752433936,0.09523809523744736,1.0,ga_meta,ga_meta,rw_rank_bfs,pl_rank,rw_rank_bfs,8,0.10169199737429166,55.99999998133333,0.30232556040364306,0,0,1,0.009486855110699754,281.08928069483426
7,11,96.01636908882544,316.0,158.0,511.0,8433.0,1259,7174.0,0.5172546012269938,0.4753930530164534,12,36,0.0,0.0,20.0,0.35,22.571428571428573,46.454545450322314,0.5238095237845805,669.0,0.3091976516628,0.1935545567562399,0.5172546012269938,0.4753930530164534,0.08163265306066918,1.0,ga_meta,ga_meta,ga_meta,pl_rank,ga_meta,8,0.4963238271217236,350.4285714118843,0.48588201362736516,1,0,1,0.24589924406410876,12.605381147077159
7,12,196.0930245159851,408.0,204.0,699.0,7880.0,1264,6616.0,0.553041018387553,0.5489500954458686,14,36,0.0,0.0,20.0,0.35,29.142857142857142,58.249999995145835,0.5714285714013605,903.0,0.2918454935618143,0.24643779286602274,0.553041018387553,0.5489500954458686,0.09523809523744736,1.0,ga_meta,mip,pso_meta,rw_rank_bfs,pso_meta,9,0.5509955569167109,515.9999999754285,0.5003065518451358,1,0,1,0.3035919198293276,8.726467321454631
8,14,18.85746668580878,536.0,4.0,36.0,2556.0,652,1866.0,0.4566666666666666,0.9481666666666668,32,16,0.0,0.0,,,0.5,2.571428571244898,0.49999999998214284,40.0,0.1111111111080247,0.755570431290045,0.4566666666666666,0.9481666666666668,0.21768707482845112,,ga_meta,mip,mip,pl_rank,mip,6,0.7024166666666667,19.999999999285713,0.19444436884107877,2,0,1,0.43299611111111114,63.899998402500046
3,2,1215.3159336494066,200.0,25.0,54.0,16252.0,2522,13730.0,0.087884267631103,0.045201668984701,10,36,126392.85709953828,96009.95875830312,20.0,0.15,8.333333333333334,26.9999999865,0.6666666664444444,79.0,0.4629629629543896,-0.5541742373529692,0.087884267631103,0.045201668984701,0.06802721088389098,1.0,ga_meta,pso_meta,ga_meta,pl_rank,ga_meta,11,0.066542968307902,52.66666664911111,0.3086419640317791,0,0,1,0.003972515574423991,205.72151638327196
6,7,347.544990213238,315.0,0.0,45.0,2556.0,652,1866.0,0.4566666666666666,0.9481666666666668,44,16,0.0,0.0,,,0.0,6.428571427653061,0.46666666663555556,45.0,0.0,0.755570431290045,0.4566666666666666,0.9481666666666668,0.2993197278891203,,ga_meta,mip,mip,pl_rank,mip,3,0.7024166666666667,20.9999999986,0.0,1,0,1,0.43299611111111114,56.799998737777806
7,13,812.690520982483,342.0,171.0,599.0,8595.0,1364,7231.0,0.4769938650306748,0.4712248628884826,13,36,0.0,0.0,20.0,0.35,24.428571428571427,46.0769230733787,0.6190476190181405,770.0,0.28547579298783726,0.1780625418380033,0.4769938650306748,0.4712248628884826,0.08843537414905826,1.0,ga_meta,rw_rank_bfs,mip,pl_rank,sa_meta,9,0.4741093639595787,476.6666666439682,0.5301693183700433,1,0,1,0.22477136864772712,11.16233764784112
6,7,119.10331895967344,1820.0,182.0,383.0,8418.0,969,7449.0,0.6284509202453987,0.4552833638025594,15,36,117793.18245111704,67293.3752122155,20.0,0.3,30.333333333333332,54.71428570646939,0.46666666663555556,565.0,0.4751958224530674,0.19498900258200247,0.6284509202453987,0.4552833638025594,0.10204081632583646,1.0,ga_meta,mip,ga_meta,pl_rank,pl_rank,14,0.5418671420239791,263.6666666490889,0.5543951161433442,1,0,1,0.2861232489541391,14.899115017877673
8,14,1228.2284447655989,260.0,8.0,14.0,3608.0,956,2592.0,0.2033333333333333,0.928,0,16,378323.6045222036,145281.87889513085,,,1.0,0.9999999999285715,0.49999999998214284,22.0,0.571428571387755,0.6549679640432247,0.2033333333333333,0.928,0.0,,d_round,mip,mip,pl_rank,mip,7,0.5656666666666667,10.999999999607143,0.9999990000724284,2,1,0,0.18869333333333332,163.9999925454549
2,1,267.62682798335686,189.0,21.0,22.0,15247.0,2307,12940.0,0.165641952983725,0.1001390820584144,15,34,11507.953603284344,11507.953603284344,20.0,0.1,10.5,21.999999977999998,0.9999999989999999,43.0,0.9545454545020661,-0.45806636702687187,0.165641952983725,0.1001390820584144,0.10204081632583646,1.0,ga_meta,ga_meta,ga_meta,pl_rank,ga_meta,17,0.1328905175210697,42.999999957,0.4772727060557861,0,0,1,0.01658723312215326,354.58138710275847
6,9,238.958997409046,1564.0,782.0,2420.0,9202.0,4586,4616.0,0.0,0.0,0,0,0.0,0.0,31.0,0.1935483870967742,130.33333333333334,268.88888885901235,0.59999999996,3202.0,0.32314049586763505,0.12001530075547484,0.0,0.0,0.0,0.0,ga_meta,mip,ga_meta,rw_rank_bfs,ga_meta,4,0.0,1921.19999987192,0.4847107420528664,1,0,1,0.0,2.8738288560668868
5,7,1110.6070684938436,434.0,217.0,537.0,10719.0,1831,8888.0,0.2946841294298922,0.381704347826087,3,36,0.0,0.0,20.0,0.25,43.4,76.71428570332652,0.69999999993,754.0,0.40409683426367954,-0.025054987089987657,0.2946841294298922,0.381704347826087,0.020408163265167294,1.0,ga_meta,mcts,mip,rw_rank_bfs,d_round,11,0.3381942386279896,527.7999999472199,0.5657355606764453,1,0,1,0.1124822134387352,14.216180352498435
5,6,115.9974535283044,585.0,39.0,69.0,9040.0,4759,4281.0,0.0235945835043085,0.075377969762419,4,36,25751.434683283576,12527.724981056874,31.0,0.16129032258064516,7.8,11.499999998083334,0.59999999994,108.0,0.5652173912961562,0.13550731567371144,0.0235945835043085,0.075377969762419,0.02721088435355639,0.0,ga_meta,mip,ga_meta,pl_rank,pl_rank,5,0.04948627663336375,64.79999999352,0.67826081069906,1,0,1,0.0017785118019446363,83.70370292866941
9,18,426.45828507292146,702.0,8.0,35.0,3013.0,795,2170.0,0.3375,0.9397222222222222,30,16,0.0,0.0,,,0.8888888888888888,1.9444444443364197,0.49999999998611117,43.0,0.22857142856489798,0.7118676484651429,0.3375,0.9397222222222222,0.20408163265167292,,ga_meta,mip,mip,pl_rank,mip,6,0.6386111111111111,21.49999999940278,0.45714262206633405,2,0,1,0.31715625000000003,70.06976581233103
5,7,166.52018677759213,297.0,27.0,88.0,16152.0,2496,13656.0,0.0972875226039783,0.0503477051460361,9,34,34636.198849739165,19149.821479423095,20.0,0.25,5.4,12.571428569632653,0.69999999993,115.0,0.3068181818146952,-0.5446112651812183,0.0972875226039783,0.0503477051460361,0.06122448979550188,1.0,ga_meta,pso_meta,mip,pl_rank,pl_rank,18,0.0738176138750072,80.49999999194999,0.4295454204384325,1,0,1,0.004898203502453421,140.45217269172025
6,7,10.84668079670353,1006.0,503.0,1636.0,17304.0,2649,14655.0,0.0,0.0,0,0,0.0,0.0,20.0,0.3,83.83333333333333,233.71428568089794,0.46666666663555556,2139.0,0.3074572127137485,-0.6547767045997896,0.0,0.0,0.0,1.0,ga_meta,sa_meta,pl_rank,pl_rank,pl_rank,8,0.0,998.1999999334533,0.3587000800160551,1,0,1,0.0,8.08976156704546
6,6,610.4824948790204,1186.0,593.0,1904.0,9659.0,4735,4924.0,0.0,0.0,0,0,0.0,0.0,31.0,0.1935483870967742,98.83333333333333,317.33333328044444,0.39999999997333335,2497.0,0.3114495798317692,0.07631251793057281,0.0,0.0,0.0,0.0,ga_meta,pl_rank,ga_meta,pl_rank,pl_rank,7,0.0,998.7999999334133,0.3114495789023823,1,0,1,0.0,3.8682418887191665
3,2,492.0674010246415,504.0,84.0,102.0,7389.0,1138,6251.0,0.5975954738330975,0.5738341968911918,16,36,157461.5683278853,91524.53659058332,20.0,0.15,28.0,50.9999999745,0.6666666664444444,186.0,0.8235294117566321,0.29339198622932006,0.5975954738330975,0.5738341968911918,0.10884353741422556,1.0,ga_meta,mip,sa_meta,rw_rank_bfs,sa_meta,14,0.5857148353621446,123.99999995866666,0.5490195973525569,0,0,1,0.3429207187928267,39.7258062380333
8,14,101.32425215907456,544.0,19.0,28.0,2671.0,586,1993.0,0.5116666666666667,0.9446388888888888,15,16,34672.06369151467,13610.311708935147,,,2.375,1.999999999857143,0.49999999998214284,47.0,0.6785714285471939,0.7445730132925313,0.5116666666666667,0.9446388888888888,0.10204081632583646,,d_round,mip,mip,rw_rank_bfs,mip,7,0.7281527777777778,23.499999999160714,1.1874994063351183,2,1,0,0.4833402314814815,56.82978602489817
3,2,168.91750786586164,657.0,73.0,101.0,9107.0,1277,7830.0,0.5484441301272984,0.4661848922825198,14,36,35810.51166756267,29391.646368659924,20.0,0.15,24.333333333333332,50.49999997475,0.6666666664444444,174.0,0.7227722772205666,0.12910012431863827,0.5484441301272984,0.4661848922825198,0.09523809523744736,1.0,ga_meta,mip,mip,rw_rank_bfs,pso_meta,18,0.5073145112049091,115.99999996133333,0.4818481755178579,0,0,1,0.25567636772637486,52.3390801589708
5,7,372.1891250251885,902.0,451.0,1876.0,9202.0,4586,4616.0,0.0,0.0,0,0,0.0,0.0,31.0,0.16129032258064516,90.2,267.9999999617143,0.69999999993,2327.0,0.24040511727066077,0.12001530075547484,0.0,0.0,0.0,0.0,ga_meta,ga_meta,ga_meta,rw_rank_bfs,pl_rank,4,0.0,1628.8999998371098,0.3365671629713379,1,0,1,0.0,3.954447785150646
5,5,746.2792421426904,295.0,14.0,45.0,3121.0,919,2202.0,0.2341666666666666,0.9388333333333332,37,16,0.0,0.0,,,2.8,8.9999999982,0.49999999995,59.0,0.31111111110419754,0.701539638519652,0.2341666666666666,0.9388333333333332,0.2517006802703966,,mip,mip,mip,rw_rank_bfs,mip,1,0.5864999999999999,29.49999999705,0.3111110766054359,1,0,1,0.21984347222222214,52.89830418816434
4,4,244.18623413104092,48.0,12.0,78.0,16117.0,2543,13574.0,0.0802893309222423,0.0560500695410292,8,36,33941.886544214685,21976.761071793684,20.0,0.2,3.0,19.499999995125,0.6666666665555555,90.0,0.15384615384418146,-0.5412642249211055,0.0802893309222423,0.0560500695410292,0.05442176870711278,1.0,ga_meta,ga_meta,mip,pl_rank,mip,19,0.06816970023163575,59.99999999,0.15384614599506943,0,0,1,0.004500222581594387,179.07777578802472
4,3,61.43911487000543,762.0,381.0,656.0,9625.0,4944,4681.0,0.0,0.0,0,0,0.0,0.0,31.0,0.12903225806451613,95.25,218.66666659377776,0.49999999991666666,1037.0,0.5807926829259439,0.0795639284689682,0.0,0.0,0.0,0.0,ga_meta,mip,ga_meta,rw_rank_bfs,rw_rank_bfs,8,0.0,518.4999999135833,0.43559451034827207,0,0,1,0.0,9.281581476102621
10,22,1099.187965099617,394.0,13.0,12.0,3013.0,795,2170.0,0.3375,0.9397222222222222,2,16,364044.94744118705,144543.21741059964,,,1.3,0.545454545429752,0.48888888887802473,25.0,1.0833333332430555,0.7118676484651429,0.3375,0.9397222222222222,0.013605442176778195,,d_round,mip,mip,pl_rank,mip,7,0.6386111111111111,12.222222221950618,2.3833289640052326,2,1,0,0.31715625000000003,120.5199951792002
2,1,189.34694068788937,42.0,14.0,0.0,8171.0,4291,3880.0,0.0443207126948774,0.1219732971260466,8,59,2650.8571696304507,2650.8571696304507,31.0,0.06451612903225806,7.0,0.0,0.9999999989999999,14.0,14000000000.0,0.21860954384622744,0.0443207126948774,0.1219732971260466,0.05442176870711278,0.0,ga_meta,ga_meta,ga_meta,pl_rank,pl_rank,8,0.083147004910462,13.999999985999999,7000000.0,0,1,0,0.0054059434583704265,583.6428154540846
5,7,614.0416171896121,1024.0,512.0,2051.0,9625.0,4944,4681.0,0.0,0.0,0,0,0.0,0.0,31.0,0.16129032258064516,102.4,292.99999995814284,0.69999999993,2563.0,0.24963432471952723,0.0795639284689682,0.0,0.0,0.0,0.0,pl_rank,rw_rank_bfs,pl_rank,rw_rank_bfs,pl_rank,2,0.0,1794.0999998205898,0.34948805346464346,1,0,1,0.0,3.755364805401731
9,18,117.51520273659943,468.0,8.0,22.0,2671.0,586,1993.0,0.5116666666666667,0.9446388888888888,47,16,0.0,0.0,,,0.8888888888888888,1.222222222154321,0.49999999998611117,30.0,0.3636363636198347,0.7445730132925313,0.5116666666666667,0.9446388888888888,0.31972789115428757,,mip,mip,mip,rw_rank_bfs,mip,1,0.7281527777777778,14.999999999583334,0.7272721322722957,2,0,1,0.4833402314814815,89.03333036555566
4,3,436.7743533394435,157.0,10.0,39.0,3013.0,795,2170.0,0.3375,0.9397222222222222,27,16,0.0,0.0,,,2.5,12.999999995666666,0.49999999991666666,49.0,0.2564102564036818,0.7118676484651429,0.3375,0.9397222222222222,0.18367346938650564,,ga_meta,mip,mip,pl_rank,mip,6,0.6386111111111111,24.499999995916667,0.1923076775788966,0,0,1,0.31715625000000003,61.48979466347358
2,0,1970.8572573609547,12.0,6.0,46.0,2556.0,652,1866.0,0.4566666666666666,0.9481666666666668,21,16,725093.9443824954,304782.70191793813,,,3.0,46000000000.0,0.0,52.0,0.1304347826058601,0.755570431290045,0.4566666666666666,0.9481666666666668,0.14285714285617104,,d_round,mip,mip,pl_rank,mip,7,0.7024166666666667,0.0,6.521739130434783e-11,0,0,1,0.43299611111111114,49.1538452085799
6,6,36.34933606399567,1148.0,574.0,1352.0,9659.0,4735,4924.0,0.0,0.0,0,0,0.0,0.0,31.0,0.1935483870967742,95.66666666666667,225.33333329577778,0.39999999997333335,1926.0,0.42455621301743746,0.07631251793057281,0.0,0.0,0.0,0.0,ga_meta,sa_meta,ga_meta,pl_rank,pl_rank,7,0.0,770.39999994864,0.4245562112043857,1,0,1,0.0,5.015057110584082
4,3,555.5278804517299,198.0,22.0,42.0,7704.0,4238,3466.0,0.0561247216035635,0.2156596515048653,8,61,71107.56869782142,35553.78434891071,31.0,0.12903225806451613,5.5,13.999999995333333,0.49999999991666666,64.0,0.5238095237970521,0.2632686238883045,0.0561247216035635,0.2156596515048653,0.05442176870711278,0.0,ga_meta,mip,ga_meta,pl_rank,pl_rank,7,0.1358921865542144,31.999999994666666,0.39285711492687275,0,0,1,0.01210383790183209,120.37499811914066
3,2,620.8762067117425,637.0,49.0,129.0,8821.0,1466,7355.0,0.437883435582822,0.4621572212065813,11,36,190608.99546050496,110515.96479469015,20.0,0.15,16.333333333333332,64.49999996775,0.6666666664444444,178.0,0.37984496123736555,0.15645022472984604,0.437883435582822,0.4621572212065813,0.07482993197228008,1.0,ga_meta,mip,sa_meta,pl_rank,sa_meta,15,0.45002032839470163,118.6666666271111,0.25322997036077566,0,0,1,0.20237099180134807,49.556179496875394
7,9,369.4600096038272,630.0,315.0,741.0,10284.0,1591,8693.0,0.3871340523882897,0.3952695652173913,4,36,0.0,0.0,20.0,0.35,45.0,82.33333332418519,0.42857142855102043,1056.0,0.4251012145743251,0.016543941857129152,0.3871340523882897,0.3952695652173913,0.02721088435355639,1.0,ga_meta,rw_rank_bfs,mip,rw_rank_bfs,mip,8,0.3912018088028405,452.57142854987757,0.5465586978758052,1,0,1,0.15302230856836604,9.738636354414169
6,11,882.04369243976,1374.0,687.0,2933.0,9202.0,4586,4616.0,0.0,0.0,0,0,0.0,0.0,31.0,0.1935483870967742,114.5,266.63636361212394,0.7333333332844444,3620.0,0.23423116263203742,0.12001530075547484,0.0,0.0,0.0,0.0,ga_meta,ga_meta,pl_rank,rw_rank_bfs,pl_rank,2,0.0,2654.666666489689,0.429423796587398,1,0,1,0.0,2.541988949574036
5,7,201.78114059119895,94.0,47.0,126.0,8072.0,4278,3794.0,0.0472160356347438,0.1414347137361393,10,57,0.0,0.0,31.0,0.16129032258064516,9.4,17.99999999742857,0.69999999993,173.0,0.37301587301291256,0.22807688629626088,0.0472160356347438,0.1414347137361393,0.06802721088389098,0.0,mip,mip,mip,pl_rank,mip,1,0.09432537468544155,121.09999998788999,0.5222221932844814,1,0,1,0.0066779864837553425,46.65895926786729
7,13,172.14893206224505,1224.0,612.0,3172.0,9659.0,4735,4924.0,0.0,0.0,0,0,0.0,0.0,31.0,0.22580645161290322,87.42857142857143,243.99999998123076,0.6190476190181405,3784.0,0.19293820933159114,0.07631251793057281,0.0,0.0,0.0,0.0,ga_meta,ga_meta,ga_meta,pl_rank,pl_rank,6,0.0,2342.4761903646436,0.35831381588927413,1,0,1,0.0,2.5525898513338823
3,2,229.75205533030567,264.0,33.0,24.0,15615.0,2410,13205.0,0.1283905967450271,0.0817107093184978,14,36,15623.139762460783,13095.867153827425,20.0,0.15,11.0,11.999999994,0.6666666664444444,57.0,1.3749999999427083,-0.4932581046189155,0.1283905967450271,0.0817107093184978,0.09523809523744736,1.0,ga_meta,rw_rank_bfs,ga_meta,pl_rank,pl_rank,7,0.10505065303176245,37.99999998733333,0.9166665907361174,0,0,1,0.01049088672986138,273.94736361495853
5,6,591.5697840435189,882.0,441.0,1602.0,17304.0,2649,14655.0,0.0,0.0,0,0,0.0,0.0,20.0,0.25,88.2,266.9999999555,0.59999999994,2043.0,0.27528089887623264,-0.6547767045997896,0.0,0.0,0.0,1.0,ga_meta,ga_meta,ga_meta,pl_rank,ga_meta,15,0.0,1225.7999998774199,0.33033707746952407,1,0,1,0.0,8.469897205839501
10,22,116.49100218688189,676.0,6.0,28.0,3121.0,919,2202.0,0.2341666666666666,0.9388333333333332,6,16,37688.26541340296,14977.659295881002,,,0.6,1.2727272726694214,0.48888888887802473,34.0,0.21428571427806123,0.701539638519652,0.2341666666666666,0.9388333333333332,0.04081632653033459,,d_round,mip,mip,rw_rank_bfs,mip,7,0.5864999999999999,16.62222222185284,0.4714282010421278,2,0,1,0.21984347222222214,91.79411494723192
3,2,148.6092289760868,60.0,20.0,20.0,8525.0,4353,4172.0,0.030512249443207,0.0558949988685223,7,63,9213.77219651738,5944.369159043472,31.0,0.0967741935483871,6.666666666666667,9.999999995,0.6666666664444444,40.0,0.99999999995,0.18475662235822898,0.030512249443207,0.0558949988685223,0.04761904761872368,0.0,ga_meta,mip,ga_meta,pl_rank,pl_rank,8,0.04320362415586465,26.666666657777775,0.66666660033334,0,0,1,0.0017054821481041255,213.12499467187516
5,6,682.4845783045753,890.0,445.0,1564.0,9659.0,4735,4924.0,0.0,0.0,0,0,0.0,0.0,31.0,0.16129032258064516,89.0,260.6666666232222,0.59999999994,2009.0,0.2845268542197669,0.07631251793057281,0.0,0.0,0.0,0.0,ga_meta,mip,mip,pl_rank,mip,7,0.0,1205.39999987946,0.3414322238110017,1,0,1,0.0,4.8078646068651745
7,10,2031.9206874082113,376.0,188.0,465.0,9331.0,1456,7875.0,0.4417177914110429,0.4241316270566727,11,34,0.0,0.0,20.0,0.35,26.857142857142858,46.49999999535,0.47619047616780047,653.0,0.40430107526794773,0.10767906665391602,0.4417177914110429,0.4241316270566727,0.07482993197228008,1.0,ga_meta,ga_meta,rw_rank_bfs,pl_rank,rw_rank_bfs,10,0.4329247092338578,310.9523809375737,0.5775729523065725,1,0,1,0.18734648557104558,14.28943336249704
4,3,1179.00830431883,100.0,25.0,37.0,7856.0,4270,3586.0,0.0489977728285078,0.1885041864675265,10,58,73098.51486776747,73098.51486776747,31.0,0.12903225806451613,6.25,12.333333329222222,0.49999999991666666,62.0,0.6756756756574143,0.24873290618724297,0.0489977728285078,0.1885041864675265,0.06802721088389098,0.0,ga_meta,ga_meta,mip,pl_rank,pl_rank,10,0.11875097964801715,30.99999999483333,0.5067567158372933,0,0,1,0.009236285305758539,126.7096753756504
2,1,1389.6102847197944,48.0,16.0,5.0,16238.0,2542,13696.0,0.0806509945750452,0.0475660639777468,9,36,29181.815979115683,29181.815979115683,20.0,0.1,8.0,4.999999995,0.9999999989999999,21.0,3.19999999936,-0.5528354212489242,0.0806509945750452,0.0475660639777468,0.06122448979550188,1.0,ga_meta,ga_meta,mip,pl_rank,pl_rank,11,0.064108529276396,20.999999979,1.5999996816000635,0,1,0,0.00383625036782551,773.2380584172353
2,1,9.37545338455472,18.0,6.0,26.0,8022.0,4357,3665.0,0.0296213808463251,0.1706268386512786,8,26,300.014508305751,300.014508305751,31.0,0.06451612903225806,3.0,25.999999973999998,0.9999999989999999,32.0,0.23076923076035502,0.23285837238213636,0.0296213808463251,0.1706268386512786,0.05442176870711278,0.0,ga_meta,ga_meta,ga_meta,pl_rank,pl_rank,6,0.10012410974880184,31.999999967999997,0.11538461106213034,0,0,1,0.005054202570293987,250.6874921660159
7,10,42.28974457079073,1350.0,675.0,2386.0,9202.0,4586,4616.0,0.0,0.0,0,0,0.0,0.0,31.0,0.22580645161290322,96.42857142857143,238.59999997614,0.47619047616780047,3061.0,0.2829002514667716,0.12001530075547484,0.0,0.0,0.0,0.0,mip,mip,mip,rw_rank_bfs,d_round,3,0.0,1457.6190475496373,0.4041432147278754,1,0,1,0.0,3.006207120873503
4,3,1201.3679900228506,312.0,26.0,47.0,8611.0,4733,3878.0,0.0289290110791957,0.1624190064794816,6,63,188614.77443358753,87699.86327166809,31.0,0.12903225806451613,6.5,15.666666661444443,0.49999999991666666,73.0,0.5531914893499321,0.1765324662905231,0.0289290110791957,0.1624190064794816,0.04081632653033459,0.0,ga_meta,pl_rank,ga_meta,pl_rank,pl_rank,4,0.09567400877933865,36.49999999391667,0.4148935906770049,0,0,1,0.0046986212379168816,117.95890249371367
5,5,10.615547576614237,185.0,1.0,36.0,2556.0,652,1866.0,0.4566666666666666,0.9481666666666668,8,16,3905.543760390929,1641.6385614203566,,,0.2,7.19999999856,0.49999999995,37.0,0.027777777777006175,0.755570431290045,0.4566666666666666,0.9481666666666668,0.05442176870711278,,d_round,mip,mip,pl_rank,mip,7,0.7024166666666667,18.49999999815,0.02777777392530918,1,0,1,0.43299611111111114,69.0810792140249
4,3,689.905709121674,62.0,31.0,63.0,8084.0,4648,3436.0,0.0463684858432499,0.2578833693304535,7,45,0.0,0.0,31.0,0.12903225806451613,7.75,20.999999993,0.49999999991666666,94.0,0.49206349205568156,0.2269293296356507,0.0463684858432499,0.2578833693304535,0.04761904761872368,0.0,mip,mip,mip,pl_rank,rw_rank_bfs,2,0.15212592758685173,46.999999992166664,0.3690476015969396,0,0,1,0.01195766136000872,85.9999990851064
10,22,170.74327655263193,800.0,3.0,35.0,3608.0,956,2592.0,0.2033333333333333,0.928,2,16,52592.99449431903,20196.49042651132,,,0.3,1.590909090836777,0.48888888887802473,38.0,0.08571428571183674,0.6549679640432247,0.2033333333333333,0.928,0.013605442176778195,,d_round,mip,mip,pl_rank,mip,7,0.5656666666666667,18.57777777736494,0.18857131004946226,2,0,1,0.18869333333333332,94.94736592243774
5,7,2142.4399196061,1610.0,115.0,362.0,16694.0,2713,13981.0,0.0406647807637906,0.046836651213526,1,5,1718236.8155240922,1021943.8416521096,20.0,0.25,23.0,51.71428570689796,0.69999999993,477.0,0.31767955801017217,-0.5964425743521087,0.0406647807637906,0.046836651213526,0.0068027210883890975,1.0,ga_meta,mip,mip,rw_rank_bfs,mip,19,0.043750715988658304,333.89999996661,0.44475137267884085,1,0,1,0.0019046021533081618,34.99790349057043
4,5,422.3039854022498,80.0,40.0,129.0,8900.0,4731,4169.0,0.0293393516618793,0.0995680345572354,5,50,0.0,0.0,31.0,0.12903225806451613,10.0,25.79999999484,0.8333333331944445,169.0,0.31007751937744127,0.1488954767141628,0.0293393516618793,0.0995680345572354,0.03401360544194549,0.0,mip,mip,mip,pl_rank,mip,1,0.06445369310955734,140.8333333098611,0.38759688427919053,0,0,1,0.00292126158015688,52.662721581877385
4,4,157.2908413973881,540.0,108.0,268.0,6019.0,940,5079.0,0.6676096181046676,0.6537360239978184,19,36,114822.31422009332,59141.35636541793,20.0,0.2,27.0,66.99999998324999,0.6666666665555555,376.0,0.40298507462536204,0.42440470498230853,0.6676096181046676,0.6537360239978184,0.12925170067939284,1.0,ga_meta,rw_rank_bfs,mip,rw_rank_bfs,pl_rank,13,0.6606728210512429,250.66666662488888,0.40298506871290946,0,0,1,0.43644045732244735,16.007978680829844
2,1,309.70576469989254,108.0,18.0,28.0,16279.0,2531,13748.0,0.084629294755877,0.0439499304589707,9,35,14246.465176195055,14246.465176195055,20.0,0.1,9.0,27.999999971999998,0.9999999989999999,46.0,0.6428571428341837,-0.556756239839342,0.084629294755877,0.0439499304589707,0.06122448979550188,1.0,ga_meta,ga_meta,mip,pl_rank,mip,9,0.06428961260742384,45.999999953999996,0.32142856027040856,0,0,1,0.0037194516193125274,353.89129665453703
8,17,859.5346585210547,1356.0,678.0,4180.0,9202.0,4586,4616.0,0.0,0.0,0,0,0.0,0.0,31.0,0.25806451612903225,84.75,245.8823529267128,0.6071428571211734,4858.0,0.1622009569377602,0.12001530075547484,0.0,0.0,0.0,0.0,ga_meta,ga_meta,ga_meta,rw_rank_bfs,ga_meta,1,0.0,2949.4999998946605,0.3446770321113016,2,0,1,0.0,1.894195141643846
10,21,95.64802501542326,908.0,454.0,1690.0,10873.0,1489,9384.0,0.4264252696456087,0.3471999999999999,5,36,0.0,0.0,20.0,0.5,45.4,80.47619047235828,0.46666666665629636,2144.0,0.2686390532542789,-0.0397819642344841,0.4264252696456087,0.3471999999999999,0.03401360544194549,1.0,ga_meta,pso_meta,ga_meta,rw_rank_bfs,rw_rank_bfs,19,0.38681263482280426,1000.5333333110993,0.5641420048511349,2,0,1,0.1480548536209553,5.071361937933133
5,5,7.585314259313696,112.0,28.0,61.0,15410.0,2337,13073.0,0.1547920433996383,0.0908901251738525,15,36,1243.9915385274462,675.0929690789189,20.0,0.25,5.6,12.199999997559999,0.49999999995,89.0,0.4590163934350981,-0.47365401166682597,0.1547920433996383,0.0908901251738525,0.10204081632583646,1.0,ga_meta,pl_rank,ga_meta,pl_rank,pl_rank,14,0.12284108428674541,44.49999999555,0.4590163559101348,1,0,1,0.014069068200509535,173.14606547026892
5,7,661.509189756853,770.0,55.0,114.0,15611.0,2468,13143.0,0.1074141048824592,0.0860222531293463,10,36,201760.30287584016,111795.05306890816,20.0,0.25,11.0,16.285714283387755,0.69999999993,169.0,0.4824561403466451,-0.4928755857320455,0.1074141048824592,0.0860222531293463,0.06802721088389098,1.0,ga_meta,pl_rank,mip,pl_rank,mip,21,0.09671817900590275,118.29999998816999,0.675438555113422,1,0,1,0.009240003319861058,92.37278051850426
7,14,552.414944282084,290.0,145.0,657.0,7318.0,1222,6096.0,0.531441717791411,0.5542230347349177,12,36,0.0,0.0,20.0,0.35,20.714285714285715,46.92857142521939,0.6666666666349206,802.0,0.2207001522066656,0.30018169647126325,0.531441717791411,0.5542230347349177,0.08163265306066918,1.0,ga_meta,ga_meta,mip,pl_rank,pl_rank,11,0.5428323762631644,534.6666666412063,0.44140029503974154,1,0,1,0.29453724161909356,9.124688267924329
5,6,168.13952482849388,804.0,134.0,235.0,8503.0,1511,6992.0,0.4206288343558282,0.4887020109689214,10,29,150653.0142463305,62043.48466171424,20.0,0.25,26.8,39.16666666013889,0.59999999994,369.0,0.5702127659550204,0.1868604762360142,0.4206288343558282,0.4887020109689214,0.06802721088389098,1.0,ga_meta,mip,mip,pl_rank,pl_rank,15,0.4546654226623748,221.39999997785998,0.6842553017926307,1,0,1,0.20556215722120658,23.043360371156204
6,9,595.4907275414971,448.0,224.0,871.0,9283.0,1565,7718.0,0.3971494607087827,0.463095652173913,5,36,0.0,0.0,20.0,0.3,37.333333333333336,96.77777776702469,0.59999999996,1095.0,0.2571756601604395,0.11226929329635649,0.3971494607087827,0.463095652173913,0.03401360544194549,1.0,ga_meta,mcts,ga_meta,rw_rank_bfs,rw_rank_bfs,7,0.4301225564413479,656.9999999562,0.38576348629788976,1,0,1,0.18391818851745156,8.477625563034131
4,3,57.39499962774077,728.0,364.0,756.0,9625.0,4944,4681.0,0.0,0.0,0,0,0.0,0.0,31.0,0.12903225806451613,91.0,251.999999916,0.49999999991666666,1120.0,0.48148148148084463,0.0795639284689682,0.0,0.0,0.0,0.0,ga_meta,ga_meta,ga_meta,rw_rank_bfs,rw_rank_bfs,6,0.0,559.9999999066666,0.36111110979850086,0,0,1,0.0,8.593749992327009
8,16,239.69667421153625,1454.0,727.0,3276.0,9659.0,4735,4924.0,0.0,0.0,0,0,0.0,0.0,31.0,0.25806451612903225,90.875,204.74999998720313,0.5714285714081633,4003.0,0.22191697191690418,0.07631251793057281,0.0,0.0,0.0,0.0,ga_meta,sa_meta,ga_meta,pl_rank,pl_rank,7,0.0,2287.4285713468776,0.4438339416939963,2,0,1,0.0,2.412940294176133
9,14,680.9658679428017,690.0,345.0,1091.0,10804.0,1821,8983.0,0.2985362095531587,0.375095652173913,3,18,0.0,0.0,20.0,0.45,38.333333333333336,77.9285714230051,0.3888888888780865,1436.0,0.31622364802904107,-0.03318351343597592,0.2985362095531587,0.375095652173913,0.020408163265167294,1.0,ga_meta,mip,ga_meta,rw_rank_bfs,pl_rank,18,0.33681593086353584,558.4444444289322,0.49190344621297144,2,0,1,0.11197963421987,7.5236768749835115
5,4,481.83999545689215,224.0,112.0,185.0,7446.0,1252,6194.0,0.5199386503067485,0.547056672760512,13,36,0.0,0.0,20.0,0.25,22.4,46.2499999884375,0.39999999996,297.0,0.605405405402133,0.28794109209142205,0.5199386503067485,0.547056672760512,0.08843537414905826,1.0,ga_meta,rw_rank_bfs,mcts,pl_rank,mcts,8,0.5334976615336302,118.79999998812,0.4843243139735283,1,0,1,0.2844359080764012,25.070706986293917
2,0,810.2030235342864,18.0,9.0,44.0,3608.0,956,2592.0,0.2033333333333333,0.928,15,16,0.0,0.0,,,4.5,44000000000.0,0.0,53.0,0.2045454545408058,0.6549679640432247,0.2033333333333333,0.928,0.10204081632583646,,ga_meta,mip,mip,pl_rank,mip,4,0.5656666666666667,0.0,1.0227272727272727e-10,0,0,1,0.18869333333333332,68.07547041367037
7,10,80.36502273794092,614.0,307.0,739.0,10257.0,1703,8554.0,0.3439907550077041,0.4049391304347826,4,36,0.0,0.0,20.0,0.35,43.857142857142854,73.89999999261,0.47619047616780047,1046.0,0.41542625169091285,0.01912594434350201,0.3439907550077041,0.4049391304347826,0.02721088435355639,1.0,ga_meta,rw_rank_bfs,pl_rank,rw_rank_bfs,pl_rank,9,0.3744649427212433,498.0952380715193,0.5934660658736468,1,0,1,0.13929531721042404,9.805927332881522
2,1,194.8064579614232,0.0,0.0,20.0,7832.0,4260,3572.0,0.0512249443207126,0.191672324055216,7,60,3896.129159228464,3896.129159228464,31.0,0.06451612903225806,0.0,19.99999998,0.9999999989999999,20.0,0.0,0.2510280195084632,0.0512249443207126,0.191672324055216,0.04761904761872368,0.0,ga_meta,ga_meta,ga_meta,pl_rank,pl_rank,8,0.1214486341879643,19.99999998,0.0,0,0,1,0.009818404127550022,391.599980420001
5,4,62.27451933872182,54.0,27.0,68.0,8839.0,4722,4117.0,0.0311858842839556,0.1107991360691145,6,63,0.0,0.0,31.0,0.16129032258064516,5.4,16.99999999575,0.39999999996,95.0,0.39705882352357263,0.15472888973893084,0.0311858842839556,0.1107991360691145,0.04081632653033459,0.0,sa_meta,rw_rank_bfs,sa_meta,pl_rank,sa_meta,2,0.07099251017653505,37.9999999962,0.3176470402178212,1,0,1,0.003455369036213656,93.04210428376733
10,18,421.4893908623418,808.0,404.0,1535.0,13206.0,2240,10966.0,0.1371340523882896,0.2371478260869565,1,9,0.0,0.0,20.0,0.5,40.4,85.27777777304013,0.39999999999111113,1939.0,0.263192182410252,-0.2628861050014344,0.1371340523882896,0.2371478260869565,0.0068027210883890975,1.0,ga_meta,mip,mip,rw_rank_bfs,mip,21,0.18714093923762304,775.5999999827645,0.47374592280975464,2,0,1,0.03252104240637768,6.810727175445731
9,18,1228.0309953512442,315.0,19.0,8.0,3013.0,795,2170.0,0.3375,0.9397222222222222,41,16,0.0,0.0,,,2.111111111111111,0.44444444441975306,0.49999999998611117,27.0,2.374999999703125,0.7118676484651429,0.3375,0.9397222222222222,0.278911564623953,,mip,mip,mip,pl_rank,mip,2,0.6386111111111111,13.499999999625002,4.749989312787935,2,1,0,0.31715625000000003,111.59258845953376
7,14,652.0543626090407,360.0,180.0,702.0,8875.0,1289,7586.0,0.5057515337423313,0.4452650822669104,12,36,0.0,0.0,20.0,0.35,25.714285714285715,50.14285713927551,0.6666666666349206,882.0,0.2564102564098912,0.15128621975710055,0.5057515337423313,0.4452650822669104,0.08163265306066918,1.0,ga_meta,mip,mip,pl_rank,mip,9,0.47550830800462085,587.999999972,0.5128205026299534,1,0,1,0.22519349827839527,10.06235826523542
4,4,563.880222736697,856.0,428.0,1012.0,9202.0,4586,4616.0,0.0,0.0,0,0,0.0,0.0,31.0,0.12903225806451613,107.0,252.99999993675,0.6666666665555555,1440.0,0.42292490118535286,0.12001530075547484,0.0,0.0,0.0,0.0,sa_meta,pl_rank,sa_meta,rw_rank_bfs,pl_rank,3,0.0,959.99999984,0.42292489961986207,0,0,1,0.0,6.390277773340085
4,3,782.3617907767425,816.0,408.0,763.0,17304.0,2649,14655.0,0.0,0.0,0,0,0.0,0.0,20.0,0.2,102.0,254.33333324855556,0.49999999991666666,1171.0,0.5347313237214486,-0.6547767045997896,0.0,0.0,0.0,1.0,ga_meta,ga_meta,ga_meta,pl_rank,ga_meta,15,0.0,585.4999999024167,0.4010484913484332,0,0,1,0.0,14.777113565519116
8,12,300.57732418803977,1752.0,876.0,2294.0,9202.0,4586,4616.0,0.0,0.0,0,0,0.0,0.0,31.0,0.25806451612903225,109.5,191.16666665073612,0.42857142855612246,3170.0,0.3818657367042799,0.12001530075547484,0.0,0.0,0.0,0.0,ga_meta,sa_meta,ga_meta,rw_rank_bfs,d_round,4,0.0,1358.5714285229083,0.5727986021080718,2,0,1,0.0,2.9028391158035207
6,9,29.036180058802465,496.0,248.0,656.0,12023.0,2042,9981.0,0.2134052388289676,0.3056695652173913,2,13,0.0,0.0,20.0,0.3,41.333333333333336,72.88888888079012,0.59999999996,904.0,0.37804878048722856,-0.14975614420962025,0.2134052388289676,0.3056695652173913,0.013605442176778195,1.0,ga_meta,mip,mip,rw_rank_bfs,sa_meta,14,0.25953740202317943,542.39999996384,0.5670731630147483,1,0,1,0.06523148656796408,13.299778746349803
8,15,1224.0124821447937,1822.0,911.0,3992.0,17304.0,2649,14655.0,0.0,0.0,0,0,0.0,0.0,20.0,0.4,113.875,266.13333331559113,0.5357142856951531,4903.0,0.22820641282559415,-0.6547767045997896,0.0,0.0,0.0,1.0,ga_meta,mip,ga_meta,pl_rank,pl_rank,8,0.0,2626.6071427633356,0.42788702246883004,2,0,1,0.0,3.5292677945075934
5,5,349.3600929825318,120.0,30.0,47.0,16211.0,2557,13654.0,0.0752260397830018,0.0504867872044506,8,34,37032.16985614837,26900.727159654947,20.0,0.25,6.0,9.39999999812,0.49999999995,77.0,0.6382978723268448,-0.5502534187625514,0.0752260397830018,0.0504867872044506,0.05442176870711278,1.0,ga_meta,mip,d_round,pl_rank,d_round,15,0.0628564134937262,38.49999999615,0.6382978045640634,1,0,1,0.003797921062757947,210.53246479827968
5,6,35.10832406063858,1197.0,133.0,245.0,9296.0,1370,7926.0,0.5155586987270155,0.4596400327242977,13,36,29455.88388687577,13270.946494921383,20.0,0.25,26.6,40.83333332652778,0.59999999994,378.0,0.5428571428549271,0.11102610691402892,0.5155586987270155,0.4596400327242977,0.08843537414905826,1.0,ga_meta,mip,ga_meta,rw_rank_bfs,rw_rank_bfs,16,0.48759936572565665,226.79999997732,0.6514285555837905,1,0,1,0.23697141715418177,24.592592527532823
5,4,48.398736361972155,1140.0,190.0,322.0,9258.0,1285,7973.0,0.5050077041602465,0.4453565217391304,6,36,55561.749343544034,24780.153017329743,20.0,0.25,38.0,80.499999979875,0.39999999996,512.0,0.5900621117994098,0.11466003633929422,0.5050077041602465,0.4453565217391304,0.04081632653033459,1.0,ga_meta,ga_meta,ga_meta,rw_rank_bfs,d_round,16,0.4751821129496885,204.79999997952,0.472049683695035,1,0,1,0.22490847457627117,18.082031214683532
9,24,774.5058456312997,800.0,400.0,1775.0,9785.0,1349,8436.0,0.4803543913713405,0.4131478260869565,6,35,0.0,0.0,20.0,0.45,44.44444444444444,73.95833333025173,0.6666666666481482,2175.0,0.2253521126759294,0.06426317299416662,0.4803543913713405,0.4131478260869565,0.04081632653033459,1.0,ga_meta,ga_meta,mip,rw_rank_bfs,rw_rank_bfs,11,0.44675110872914847,1449.9999999597223,0.6009389590358175,2,0,1,0.19845737254639242,4.498850572644207
8,15,615.3594272924116,702.0,351.0,1273.0,9283.0,1565,7718.0,0.3971494607087827,0.463095652173913,5,36,0.0,0.0,20.0,0.4,43.875,84.86666666100889,0.5357142856951531,1624.0,0.27572663000763886,0.11226929329635649,0.3971494607087827,0.463095652173913,0.03401360544194549,1.0,ga_meta,rw_rank_bfs,ga_meta,rw_rank_bfs,mcts,11,0.4301225564413479,869.9999999689287,0.5169874252074341,2,0,1,0.18391818851745156,5.716133001406321
5,5,875.5208932465456,66.0,33.0,110.0,8173.0,4332,3841.0,0.0351893095768374,0.1307988232631817,6,63,0.0,0.0,31.0,0.16129032258064516,6.6,21.9999999956,0.49999999995,143.0,0.2999999999972727,0.21841828440279243,0.0351893095768374,0.1307988232631817,0.04081632653033459,0.0,rw_rank_bfs,rw_rank_bfs,rw_rank_bfs,pl_rank,rw_rank_bfs,1,0.08299406642000956,71.49999999285,0.29999998642363696,1,0,1,0.0046027202840941426,57.15384575416891
2,1,543.4206383907914,69.0,23.0,25.0,8300.0,4296,4004.0,0.043207126948775,0.0939126499207965,9,61,26084.19064275799,26084.19064275799,31.0,0.06451612903225806,11.5,24.999999974999998,0.9999999989999999,48.0,0.9199999999632,0.20627330974466862,0.043207126948775,0.0939126499207965,0.06122448979550188,0.0,ga_meta,ga_meta,ga_meta,pl_rank,pl_rank,7,0.06855988843478575,47.999999951999996,0.4599999820600007,0,0,1,0.0040576957872237186,172.9166630642362
6,8,441.4402679220898,1142.0,571.0,1585.0,9202.0,4586,4616.0,0.0,0.0,0,0,0.0,0.0,31.0,0.1935483870967742,95.16666666666667,198.12499997523437,0.5333333332977778,2156.0,0.3602523659303721,0.12001530075547484,0.0,0.0,0.0,0.0,ga_meta,ga_meta,ga_meta,rw_rank_bfs,sa_meta,4,0.0,1149.866666590009,0.48033648554309666,1,0,1,0.0,4.268089051823707
8,12,723.3545188764052,1784.0,892.0,2642.0,9625.0,4944,4681.0,0.0,0.0,0,0,0.0,0.0,31.0,0.25806451612903225,111.5,220.16666664831945,0.42857142855612246,3534.0,0.33762301286891083,0.0795639284689682,0.0,0.0,0.0,0.0,ga_meta,pl_rank,ga_meta,rw_rank_bfs,rw_rank_bfs,4,0.0,1514.5714285173367,0.5064345170455283,2,0,1,0.0,2.7235427270165413
8,14,1768.0969519980367,314.0,13.0,15.0,2671.0,586,1993.0,0.5116666666666667,0.9446388888888888,32,16,0.0,0.0,,,1.625,1.0714285713520408,0.49999999998214284,28.0,0.8666666666088889,0.7445730132925313,0.5116666666666667,0.9446388888888888,0.21768707482845112,,ga_meta,mip,mip,rw_rank_bfs,mip,6,0.7281527777777778,13.9999999995,1.5166652512207655,2,1,0,0.4833402314814815,95.39285373596951
4,4,84.42928134162814,606.0,303.0,1105.0,9625.0,4944,4681.0,0.0,0.0,0,0,0.0,0.0,31.0,0.12903225806451613,75.75,276.2499999309375,0.6666666665555555,1408.0,0.2742081447961319,0.0795639284689682,0.0,0.0,0.0,0.0,sa_meta,pl_rank,pl_rank,rw_rank_bfs,rw_rank_bfs,4,0.0,938.6666665102222,0.27420814387232345,0,0,1,0.0,6.83593749514493
6,11,338.3062152822045,1252.0,626.0,2224.0,17304.0,2649,14655.0,0.0,0.0,0,0,0.0,0.0,20.0,0.3,104.33333333333333,202.181818163438,0.7333333332844444,2850.0,0.28147482014375835,-0.6547767045997896,0.0,0.0,0.0,1.0,ga_meta,rw_rank_bfs,mip,pl_rank,mip,9,0.0,2089.9999998606663,0.5160371677583593,1,0,1,0.0,6.071578945238043
9,18,557.1242649721172,648.0,6.0,33.0,3608.0,956,2592.0,0.2033333333333333,0.928,4,16,171607.5384748638,65899.84162813044,,,0.6666666666666666,1.8333333332314814,0.49999999998611117,39.0,0.1818181818126722,0.6549679640432247,0.2033333333333333,0.928,0.02721088435355639,,d_round,mip,mip,pl_rank,mip,7,0.5656666666666667,19.499999999458336,0.3636361653095664,2,0,1,0.18869333333333332,92.51281814069698
10,22,1192.26652413866,330.0,0.0,15.0,2671.0,586,1993.0,0.5116666666666667,0.9446388888888888,32,16,0.0,0.0,,,0.0,0.6818181817871901,0.48888888887802473,15.0,0.0,0.7445730132925313,0.5116666666666667,0.9446388888888888,0.21768707482845112,,ga_meta,mip,mip,rw_rank_bfs,mip,6,0.7281527777777778,7.333333333170371,0.0,2,0,1,0.4833402314814815,178.06665479555636
7,12,565.6893915631181,570.0,285.0,927.0,9355.0,1409,7946.0,0.4572419106317411,0.4472347826086956,5,36,0.0,0.0,20.0,0.35,40.714285714285715,77.2499999935625,0.5714285714013605,1212.0,0.3074433656954612,0.10538395333269579,0.4572419106317411,0.4472347826086956,0.03401360544194549,1.0,ga_meta,mip,mcts,rw_rank_bfs,mcts,9,0.45223834662021833,692.5714285384489,0.5270457629855381,1,0,1,0.20449448650097135,7.718646858317947
6,5,93.1587758775829,1152.0,576.0,1235.0,17304.0,2649,14655.0,0.0,0.0,0,0,0.0,0.0,20.0,0.3,96.0,246.9999999506,0.3333333333111111,1811.0,0.4663967611332256,-0.6547767045997896,0.0,0.0,0.0,1.0,ga_meta,mip,ga_meta,pl_rank,ga_meta,14,0.0,603.6666666264222,0.3886639661155305,1,0,1,0.0,9.554942015706823
6,9,176.7982853227982,488.0,244.0,804.0,9350.0,1166,8184.0,0.5508474576271186,0.4306782608695652,7,35,0.0,0.0,20.0,0.3,40.666666666666664,89.3333333234074,0.59999999996,1048.0,0.30348258706429915,0.10586210194128332,0.5508474576271186,0.4306782608695652,0.04761904761872368,1.0,ga_meta,ga_meta,mip,rw_rank_bfs,mip,13,0.4907628592483419,628.79999995808,0.4552238755518057,1,0,1,0.23723802505526895,8.921755716677714
4,4,3.3583625805757333,774.0,387.0,951.0,9659.0,4735,4924.0,0.0,0.0,0,0,0.0,0.0,31.0,0.12903225806451613,96.75,237.7499999405625,0.6666666665555555,1338.0,0.40694006309105474,0.07631251793057281,0.0,0.0,0.0,0.0,ga_meta,mip,pl_rank,pl_rank,pl_rank,10,0.0,891.9999998513333,0.40694006148158757,0,0,1,0.0,7.218983552153225
8,13,107.05905652106505,1700.0,850.0,3029.0,9659.0,4735,4924.0,0.0,0.0,0,0,0.0,0.0,31.0,0.25806451612903225,106.25,232.99999998207693,0.4642857142691327,3879.0,0.28062066688666865,0.07631251793057281,0.0,0.0,0.0,0.0,ga_meta,mip,ga_meta,pl_rank,pl_rank,8,0.0,1800.9642856499656,0.4560085817689463,2,0,1,0.0,2.490074760894541
5,6,1151.5227149574398,982.0,491.0,1272.0,9659.0,4735,4924.0,0.0,0.0,0,0,0.0,0.0,31.0,0.16129032258064516,98.2,211.99999996466667,0.59999999994,1763.0,0.3860062893078726,0.07631251793057281,0.0,0.0,0.0,0.0,ga_meta,pl_rank,pl_rank,pl_rank,pl_rank,9,0.0,1057.79999989422,0.46320754506207135,1,0,1,0.0,5.478729435349558
7,11,803.7580345194381,244.0,122.0,564.0,9923.0,1291,8632.0,0.5049846625766872,0.3687751371115173,13,36,0.0,0.0,20.0,0.35,17.428571428571427,51.27272726806611,0.5238095237845805,686.0,0.21631205673720513,0.051066271397150254,0.5049846625766872,0.3687751371115173,0.08843537414905826,1.0,ga_meta,mip,mip,pl_rank,mip,12,0.43687989984410225,359.3333333162222,0.339918939703202,1,0,1,0.18622578818093113,14.465014556173449
7,11,232.04558021711776,362.0,181.0,592.0,8583.0,1227,7356.0,0.5295245398773006,0.4620840950639854,12,36,0.0,0.0,20.0,0.35,25.857142857142858,53.81818181328926,0.5238095237845805,773.0,0.3057432432427268,0.17921009849861336,0.5295245398773006,0.4620840950639854,0.08163265306066918,1.0,ga_meta,sa_meta,ga_meta,pl_rank,mcts,10,0.495804317470643,404.9047618854807,0.4804536590699972,1,0,1,0.24468486782337573,11.103492870500009
9,19,1066.7816233285018,636.0,318.0,1359.0,9750.0,1313,8437.0,0.4942218798151001,0.4130782608695652,6,28,0.0,0.0,20.0,0.45,35.333333333333336,71.52631578570914,0.5277777777631173,1677.0,0.23399558498879028,0.0676102132542794,0.4942218798151001,0.4130782608695652,0.04081632653033459,1.0,ga_meta,mip,mip,rw_rank_bfs,pl_rank,18,0.4536500703423326,885.0833333087477,0.493990672540724,2,0,1,0.2041523145977088,5.813953484905215
2,1,154.24416227894338,32.0,8.0,14.0,8711.0,4659,4052.0,0.0441116126384899,0.1248380129589632,9,63,7712.208113947169,3393.371570136754,31.0,0.06451612903225806,4.0,13.999999985999999,0.9999999989999999,22.0,0.571428571387755,0.16696949411877215,0.0441116126384899,0.1248380129589632,0.06122448979550188,0.0,ga_meta,sa_meta,ga_meta,pl_rank,ga_meta,11,0.08447481279872655,21.999999977999998,0.2857142655918382,0,0,1,0.005506806070204567,395.95452745661237
3,2,424.2255245312888,533.0,41.0,139.0,7586.0,944,6642.0,0.6661951909476662,0.5471775293155168,19,36,157811.89512563942,76360.59441563197,20.0,0.15,13.666666666666666,69.49999996525,0.6666666664444444,180.0,0.2949640287748564,0.27455293105097067,0.6661951909476662,0.5471775293155168,0.12925170067939284,1.0,ga_meta,mip,ga_meta,rw_rank_bfs,pl_rank,21,0.6066863601315915,119.99999996,0.19664268312024916,0,0,1,0.36452703862462293,42.14444421030864
6,10,914.2862750958378,974.0,487.0,2680.0,17304.0,2649,14655.0,0.0,0.0,0,0,0.0,0.0,20.0,0.3,81.16666666666667,267.9999999732,0.6666666666222222,3167.0,0.18171641791037996,-0.6547767045997896,0.0,0.0,0.0,1.0,ga_meta,pso_meta,sa_meta,pl_rank,sa_meta,15,0.0,2111.333333192578,0.30286069541762184,1,0,1,0.0,5.463845909231498
10,22,99.8422370576711,656.0,15.0,23.0,3013.0,795,2170.0,0.3375,0.9397222222222222,38,16,0.0,0.0,,,1.5,1.0454545454070248,0.48888888887802473,38.0,0.6521739130151228,0.7118676484651429,0.3375,0.9397222222222222,0.2585034013587857,,mip,mip,mip,pl_rank,mip,2,0.6386111111111111,18.57777777736494,1.4347812363614263,2,1,0,0.31715625000000003,79.28947159764549
4,5,1055.1920759646175,794.0,397.0,1376.0,17304.0,2649,14655.0,0.0,0.0,0,0,0.0,0.0,20.0,0.2,99.25,275.19999994496,0.8333333331944445,1773.0,0.28851744186025546,-0.6547767045997896,0.0,0.0,0.0,1.0,ga_meta,ga_meta,ga_meta,pl_rank,pl_rank,12,0.0,1477.49999975375,0.36064680108722097,0,0,1,0.0,9.759729266914986
4,3,311.2970691296686,196.0,28.0,17.0,8535.0,4703,3832.0,0.0350841198194501,0.1723542116630669,8,62,19611.715355169123,14008.368110835088,31.0,0.12903225806451613,7.0,5.666666664777778,0.49999999991666666,45.0,1.6470588234325259,0.18380032514105382,0.0350841198194501,0.1723542116630669,0.05442176870711278,0.0,ga_meta,mip,ga_meta,pl_rank,pl_rank,7,0.1037191657412585,22.49999999625,1.235293900065782,0,1,0,0.006046895813373903,189.66666245185195
8,14,946.3371717334276,506.0,2.0,35.0,2556.0,652,1866.0,0.4566666666666666,0.9481666666666668,40,16,0.0,0.0,,,0.25,2.4999999998214286,0.49999999998214284,37.0,0.057142857141224496,0.755570431290045,0.4566666666666666,0.9481666666666668,0.2721088435355639,,ga_meta,mip,mip,pl_rank,mip,6,0.7024166666666667,18.499999999339284,0.09999996000715884,2,0,1,0.43299611111111114,69.0810792140249
8,14,1071.5498599595344,564.0,282.0,1115.0,10873.0,1489,9384.0,0.4264252696456087,0.3471999999999999,5,36,0.0,0.0,20.0,0.4,35.25,79.64285713716836,0.49999999998214284,1397.0,0.2529147982060512,-0.0397819642344841,0.4264252696456087,0.3471999999999999,0.03401360544194549,1.0,ga_meta,mip,ga_meta,rw_rank_bfs,rw_rank_bfs,15,0.38681263482280426,698.4999999750536,0.4426008913352803,2,0,1,0.1480548536209553,7.783106651551104
2,0,376.4073845632402,26.0,13.0,41.0,2556.0,652,1866.0,0.4566666666666666,0.9481666666666668,30,16,0.0,0.0,,,6.5,41000000000.0,0.0,54.0,0.31707317072397384,0.755570431290045,0.4566666666666666,0.9481666666666668,0.20408163265167292,,ga_meta,mip,mip,pl_rank,mip,6,0.7024166666666667,0.0,1.5853658536585365e-10,0,0,1,0.43299611111111114,47.33333245679014
6,6,1301.9095728357777,1292.0,646.0,1186.0,9659.0,4735,4924.0,0.0,0.0,0,0,0.0,0.0,31.0,0.1935483870967742,107.66666666666667,197.66666663372223,0.39999999997333335,1832.0,0.544688026980991,0.07631251793057281,0.0,0.0,0.0,0.0,ga_meta,ga_meta,ga_meta,pl_rank,pl_rank,6,0.0,732.7999999511467,0.544688024316643,1,0,1,0.0,5.272379909785818
9,18,583.3434534988977,144.0,8.0,4.0,2556.0,652,1866.0,0.4566666666666666,0.9481666666666668,49,16,0.0,0.0,,,0.8888888888888888,0.22222222220987653,0.49999999998611117,12.0,1.9999999995,0.755570431290045,0.4566666666666666,0.9481666666666668,0.3333333333310658,,mip,mip,mip,pl_rank,mip,1,0.7024166666666667,5.999999999833334,3.99998200030322,2,1,0,0.43299611111111114,212.9999822500015
2,1,96.62504407821687,84.0,28.0,2.0,8553.0,4668,3885.0,0.0422650800164136,0.1609071274298056,9,58,3092.0014105029404,2898.751322346506,31.0,0.06451612903225806,14.0,1.9999999979999998,0.9999999989999999,30.0,13.999999993,0.18207899015013862,0.0422650800164136,0.1609071274298056,0.06122448979550188,0.0,ga_meta,mip,ga_meta,pl_rank,pl_rank,8,0.1015861037231096,29.999999969999998,6.999996507001743,0,1,0,0.006800752616031994,285.099990496667
6,9,700.3378526924544,538.0,269.0,753.0,8830.0,1137,7693.0,0.5620184899845917,0.4648347826086957,7,35,0.0,0.0,20.0,0.3,44.833333333333336,83.66666665737037,0.59999999996,1022.0,0.3572377158029784,0.1555895572343885,0.5620184899845917,0.4648347826086957,0.04761904761872368,1.0,ga_meta,ga_meta,ga_meta,rw_rank_bfs,pl_rank,13,0.5134266362966438,613.19999995912,0.5358565673600588,1,0,1,0.2612457426140551,8.639921713659568
5,6,869.3117796796065,312.0,104.0,218.0,7318.0,1222,6096.0,0.531441717791411,0.5542230347349177,12,36,394667.5479745414,279918.3930568333,20.0,0.25,20.8,36.33333332727778,0.59999999994,322.0,0.4770642201812979,0.30018169647126325,0.531441717791411,0.5542230347349177,0.08163265306066918,1.0,ga_meta,pl_rank,ga_meta,pl_rank,pl_rank,13,0.5428323762631644,193.19999998068,0.5724770485593473,1,0,1,0.29453724161909356,22.72670800395432
10,27,296.5407942972622,822.0,411.0,1928.0,10188.0,1531,8657.0,0.410246533127889,0.3977739130434783,4,36,0.0,0.0,20.0,0.5,41.1,71.4074074047627,0.5999999999866668,2339.0,0.2131742738588106,0.02572439514201008,0.410246533127889,0.3977739130434783,0.02721088435355639,1.0,ga_meta,ga_meta,ga_meta,rw_rank_bfs,sa_meta,10,0.4040102230856837,1403.3999999688135,0.5755705313800289,2,0,1,0.16318536879480136,4.355707565474259
2,0,906.7633093526896,12.0,6.0,26.0,2556.0,652,1866.0,0.4566666666666666,0.9481666666666668,40,16,0.0,0.0,,,3.0,26000000000.0,0.0,32.0,0.23076923076035502,0.755570431290045,0.4566666666666666,0.9481666666666668,0.2721088435355639,,ga_meta,mip,mip,pl_rank,mip,6,0.7024166666666667,0.0,1.1538461538461539e-10,0,0,1,0.43299611111111114,79.87499750390633
7,12,518.6225517185468,1418.0,709.0,2699.0,9202.0,4586,4616.0,0.0,0.0,0,0,0.0,0.0,31.0,0.22580645161290322,101.28571428571429,224.91666664792362,0.5714285714013605,3408.0,0.2626898851425481,0.12001530075547484,0.0,0.0,0.0,0.0,ga_meta,mip,ga_meta,rw_rank_bfs,d_round,6,0.0,1947.4285713358365,0.450325515422731,1,0,1,0.0,2.700117370099731
7,11,213.52432619695543,1380.0,690.0,2420.0,17304.0,2649,14655.0,0.0,0.0,0,0,0.0,0.0,20.0,0.35,98.57142857142857,219.99999998,0.5238095237845805,3110.0,0.28512396694203096,-0.6547767045997896,0.0,0.0,0.0,1.0,ga_meta,mcts,ga_meta,pl_rank,pl_rank,7,0.0,1629.0476189700453,0.4480519460560803,1,0,1,0.0,5.563987136474602
6,10,322.10905811128873,1038.0,519.0,2548.0,9625.0,4944,4681.0,0.0,0.0,0,0,0.0,0.0,31.0,0.1935483870967742,86.5,254.79999997452,0.6666666666222222,3067.0,0.20368916797480233,0.0795639284689682,0.0,0.0,0.0,0.0,pl_rank,pl_rank,pl_rank,rw_rank_bfs,pl_rank,1,0.0,2044.6666665303555,0.33948194532640524,1,0,1,0.0,3.1382458418199395
4,5,809.0226488823106,1050.0,105.0,162.0,7806.0,1175,6631.0,0.5845120226308345,0.5479274611398963,14,36,457906.8192673878,216009.04725157697,20.0,0.2,26.25,32.39999999352,0.8333333331944445,267.0,0.6481481481441472,0.25351439227311845,0.5845120226308345,0.5479274611398963,0.09523809523744736,1.0,ga_meta,mip,mcts,rw_rank_bfs,mcts,13,0.5662197418853654,222.49999996291666,0.8101851603415074,0,0,1,0.32027018856585876,29.23595494668182
2,1,323.1210540101414,51.0,17.0,12.0,15812.0,2452,13360.0,0.1132007233273055,0.0709318497913769,11,36,9370.5105662941,9370.5105662941,20.0,0.1,8.5,11.999999987999999,0.9999999989999999,29.0,1.4166666665486112,-0.512097159797265,0.1132007233273055,0.0709318497913769,0.07482993197228008,1.0,ga_meta,ga_meta,ga_meta,pl_rank,pl_rank,7,0.09206628655934121,28.999999970999998,0.7083332750138938,0,0,1,0.00802953670332765,545.2413605089185
2,1,371.8733148292612,66.0,22.0,14.0,8116.0,4327,3789.0,0.0363028953229398,0.1425661914460285,7,43,13387.439333853405,13387.439333853405,31.0,0.06451612903225806,11.0,13.999999985999999,0.9999999989999999,36.0,1.5714285713163265,0.22386917854069044,0.0363028953229398,0.1425661914460285,0.04761904761872368,0.0,ga_meta,ga_meta,ga_meta,pl_rank,pl_rank,7,0.08943454338448414,35.999999964,0.7857142303775551,0,0,1,0.005175565524655369,225.44443818209896
7,8,596.6821307477655,362.0,181.0,410.0,7782.0,1206,6576.0,0.5375766871165644,0.5191224862888483,13,36,0.0,0.0,20.0,0.35,25.857142857142858,51.24999999359375,0.3809523809342404,591.0,0.4414634146330696,0.2558095055943387,0.5375766871165644,0.5191224862888483,0.08843537414905826,1.0,ga_meta,ga_meta,ga_meta,pl_rank,pl_rank,8,0.5283495867027064,225.14285713213607,0.5045296069433248,1,0,1,0.27906814638687316,13.167512668075275
3,3,61.43911487000543,1118.0,86.0,172.0,8665.0,1202,7463.0,0.574964639321075,0.4912053449686392,16,36,32316.974421622857,15851.2916364614,20.0,0.15,28.666666666666668,57.33333331422222,0.9999999996666666,258.0,0.49999999999709305,0.1713684613177776,0.574964639321075,0.4912053449686392,0.10884353741422556,1.0,ga_meta,ga_meta,ga_meta,rw_rank_bfs,pl_rank,18,0.533084992144857,257.999999914,0.4999999914457366,0,0,1,0.28242570400247785,33.58527118765399
5,6,236.26766745147216,52.0,26.0,105.0,8374.0,4343,4031.0,0.032739420935412,0.0878026702873953,7,60,0.0,0.0,31.0,0.16129032258064516,5.2,17.499999997083332,0.59999999994,131.0,0.24761904761668935,0.1991967103375729,0.032739420935412,0.0878026702873953,0.04761904761872368,0.0,mip,mip,mip,pl_rank,pl_rank,4,0.06027104561140365,78.59999999214,0.2971428402127901,1,0,1,0.002874608581792227,63.92366363417051
3,2,761.4110932755659,876.0,73.0,102.0,8204.0,1275,6929.0,0.5491513437057991,0.527611126261249,16,36,133246.94132322405,133246.94132322405,20.0,0.15,24.333333333333332,50.9999999745,0.6666666664444444,175.0,0.7156862745027873,0.21545376302954955,0.5491513437057991,0.527611126261249,0.10884353741422556,1.0,ga_meta,ga_meta,rw_rank_bfs,rw_rank_bfs,rw_rank_bfs,20,0.538381234983524,116.66666662777777,0.47712417388972206,0,0,1,0.2897383589404949,46.879999732114285
10,24,894.9948106947311,896.0,448.0,1733.0,8908.0,1127,7781.0,0.5658705701078582,0.4587130434782609,7,35,0.0,0.0,20.0,0.5,44.8,72.20833333032465,0.5333333333214815,2181.0,0.2585112521637285,0.14813043894042266,0.5658705701078582,0.4587130434782609,0.04761904761872368,1.0,ga_meta,mip,mip,rw_rank_bfs,rw_rank_bfs,13,0.5122918067930595,1163.199999974151,0.6204269966269775,2,0,1,0.25957221142895426,4.084364968324454
4,3,7.024905478186797,520.0,40.0,39.0,7786.0,4270,3516.0,0.0489977728285078,0.2043448744059741,8,46,1053.7358217280196,554.967532776757,31.0,0.12903225806451613,10.0,12.999999995666666,0.49999999991666666,79.0,1.0256410256147273,0.25542698670746866,0.0489977728285078,0.2043448744059741,0.05442176870711278,0.0,ga_meta,mip,ga_meta,pl_rank,pl_rank,4,0.12667132361724096,39.499999993416665,0.7692307103155864,0,0,1,0.010012443734813876,98.55696077776
7,10,617.8818291517013,374.0,187.0,588.0,8043.0,1023,7020.0,0.6077453987730062,0.486654478976234,16,36,0.0,0.0,20.0,0.35,26.714285714285715,58.79999999412,0.47619047616780047,775.0,0.31802721088381286,0.23085014822606864,0.6077453987730062,0.486654478976234,0.10884353741422556,1.0,ga_meta,ga_meta,mip,pl_rank,rw_rank_bfs,11,0.54719993887462,369.0476190300454,0.4543245792964722,1,0,1,0.29576202039008087,10.378064502737981
5,6,1324.5941587231453,900.0,450.0,1738.0,9202.0,4586,4616.0,0.0,0.0,0,0,0.0,0.0,31.0,0.16129032258064516,90.0,289.6666666183889,0.59999999994,2188.0,0.25891829689283147,0.12001530075547484,0.0,0.0,0.0,0.0,ga_meta,pl_rank,ga_meta,rw_rank_bfs,ga_meta,3,0.0,1312.7999998687199,0.31070195525074124,1,0,1,0.0,4.205667274129037
8,10,169.0773559050017,644.0,322.0,836.0,8559.0,1140,7419.0,0.5608628659476117,0.483895652173913,7,35,0.0,0.0,20.0,0.4,40.25,83.59999999164,0.357142857130102,1158.0,0.3851674641143718,0.1815052118198336,0.5608628659476117,0.483895652173913,0.04761904761872368,1.0,ga_meta,ga_meta,ga_meta,rw_rank_bfs,ga_meta,9,0.5223792590607623,413.57142855665813,0.48145932443260375,2,0,1,0.2713991022978495,7.391191703461837
10,22,206.80149286218847,1022.0,12.0,41.0,3013.0,795,2170.0,0.3375,0.9397222222222222,11,16,68491.50553877426,27194.396311377783,,,1.2,1.8636363635516529,0.48888888887802473,53.0,0.2926829268221297,0.7118676484651429,0.3375,0.9397222222222222,0.07482993197228008,,d_round,mip,mip,pl_rank,mip,7,0.6386111111111111,25.91111111053531,0.6439020935452181,2,0,1,0.31715625000000003,56.8490555311499
4,4,1415.935990528551,658.0,329.0,947.0,9625.0,4944,4681.0,0.0,0.0,0,0,0.0,0.0,31.0,0.12903225806451613,82.25,236.7499999408125,0.6666666665555555,1276.0,0.3474128827873839,0.0795639284689682,0.0,0.0,0.0,0.0,ga_meta,pso_meta,ga_meta,rw_rank_bfs,rw_rank_bfs,7,0.0,850.6666665248888,0.34741288140717896,0,0,1,0.0,7.543103442364338
5,5,17.93486312013481,215.0,18.0,25.0,3013.0,795,2170.0,0.3375,0.9397222222222222,25,16,0.0,0.0,,,3.6,4.999999999,0.49999999995,43.0,0.7199999999712,0.7118676484651429,0.3375,0.9397222222222222,0.17006802720972744,,ga_meta,mip,mip,pl_rank,mip,6,0.6386111111111111,21.49999999785,0.7199998561440287,1,0,1,0.31715625000000003,70.06976581233103
8,7,308.74207685736656,1680.0,840.0,1650.0,9625.0,4944,4681.0,0.0,0.0,0,0,0.0,0.0,31.0,0.25806451612903225,105.0,235.71428568061225,0.24999999999107142,2490.0,0.5090909090906005,0.0795639284689682,0.0,0.0,0.0,0.0,ga_meta,ga_meta,ga_meta,rw_rank_bfs,rw_rank_bfs,7,0.0,622.4999999777679,0.44545454362837467,2,0,1,0.0,3.865461845837164
6,7,46.83437460068302,1248.0,624.0,2086.0,9625.0,4944,4681.0,0.0,0.0,0,0,0.0,0.0,31.0,0.1935483870967742,104.0,297.99999995742854,0.46666666663555556,2710.0,0.2991371045060886,0.0795639284689682,0.0,0.0,0.0,0.0,rw_rank_bfs,rw_rank_bfs,rw_rank_bfs,rw_rank_bfs,rw_rank_bfs,1,0.0,1264.6666665823557,0.34899328746934183,1,0,1,0.0,3.55166051529459
8,16,2734.707737930094,1446.0,723.0,4223.0,9659.0,4735,4924.0,0.0,0.0,0,0,0.0,0.0,31.0,0.25806451612903225,90.375,263.9374999835039,0.5714285714081633,4946.0,0.17120530428601202,0.07631251793057281,0.0,0.0,0.0,0.0,ga_meta,mip,ga_meta,pl_rank,pl_rank,8,0.0,2826.2857141847758,0.3424106072961888,2,0,1,0.0,1.9528912248376684
7,8,11.291763483750268,324.0,162.0,465.0,8697.0,1390,7307.0,0.4670245398773006,0.4656672760511883,11,36,0.0,0.0,20.0,0.35,23.142857142857142,58.124999992734374,0.3809523809342404,627.0,0.3483870967734443,0.16830831022281723,0.4670245398773006,0.4656672760511883,0.07482993197228008,1.0,ga_meta,ga_meta,mip,pl_rank,pso_meta,11,0.46634590796424447,238.85714284576872,0.39815667522741205,1,0,1,0.21747804533372211,13.870813375006676
8,16,559.4477658450609,1608.0,804.0,4239.0,9659.0,4735,4924.0,0.0,0.0,0,0,0.0,0.0,31.0,0.25806451612903225,100.5,264.9374999834414,0.5714285714081633,5043.0,0.1896673743807054,0.07631251793057281,0.0,0.0,0.0,0.0,ga_meta,mip,ga_meta,pl_rank,pl_rank,7,0.0,2881.7142856113674,0.3793347473534192,2,0,1,0.0,1.915328177292221
4,4,240.4918774883856,840.0,420.0,1134.0,17304.0,2649,14655.0,0.0,0.0,0,0,0.0,0.0,20.0,0.2,105.0,283.499999929125,0.6666666665555555,1554.0,0.3703703703700438,-0.6547767045997896,0.0,0.0,0.0,1.0,ga_meta,ga_meta,ga_meta,pl_rank,ga_meta,15,0.0,1035.9999998273333,0.3703703691565419,0,0,1,0.0,11.135135127969667
10,20,433.9849886482504,778.0,389.0,1544.0,11389.0,1680,9709.0,0.3528505392912172,0.3245913043478261,4,36,0.0,0.0,20.0,0.5,38.9,77.19999999614,0.44444444443456793,1933.0,0.25194300518118395,-0.08912690064071915,0.3528505392912172,0.3245913043478261,0.02721088435355639,1.0,ga_meta,rw_rank_bfs,ga_meta,rw_rank_bfs,rw_rank_bfs,15,0.3387209218195216,859.1111110920198,0.5038860038608679,2,0,1,0.11453221678837006,5.891877906936431
8,18,249.1784359937621,1596.0,798.0,4802.0,9659.0,4735,4924.0,0.0,0.0,0,0,0.0,0.0,31.0,0.25806451612903225,99.75,266.7777777629568,0.6428571428341837,5600.0,0.1661807580174581,0.07631251793057281,0.0,0.0,0.0,0.0,mip,mip,mip,pl_rank,pl_rank,4,0.0,3599.999999871429,0.37390670415856503,2,0,1,0.0,1.7248214282634247
7,10,790.5083190200861,1524.0,762.0,2269.0,9659.0,4735,4924.0,0.0,0.0,0,0,0.0,0.0,31.0,0.22580645161290322,108.85714285714286,226.89999997731,0.47619047616780047,3031.0,0.33583076245027066,0.07631251793057281,0.0,0.0,0.0,0.0,ga_meta,rw_rank_bfs,ga_meta,pl_rank,rw_rank_bfs,2,0.0,1443.3333332646032,0.47975823000559875,1,0,1,0.0,3.1867370494270086
7,10,1290.2203422379753,489.0,7.0,44.0,3013.0,795,2170.0,0.3375,0.9397222222222222,10,16,427313.8094584272,169663.97500429375,,,1.0,4.39999999956,0.47619047616780047,51.0,0.1590909090872934,0.7118676484651429,0.3375,0.9397222222222222,0.06802721088389098,,d_round,mip,mip,pl_rank,mip,7,0.6386111111111111,24.285714284557823,0.2272726756425737,1,0,1,0.31715625000000003,59.07843021414843
3,2,509.25099301340936,810.0,81.0,117.0,6291.0,970,5321.0,0.657001414427157,0.6372375238614671,19,36,131896.00719047303,100831.69661665506,20.0,0.15,27.0,58.49999997075,0.6666666664444444,198.0,0.6923076923017751,0.3983934206751458,0.657001414427157,0.6372375238614671,0.12925170067939284,1.0,ga_meta,mip,ga_meta,rw_rank_bfs,ga_meta,15,0.6471194691443121,131.99999995599998,0.4615384538796846,0,0,1,0.4186659545030431,31.772727112258956
5,6,73.79801599506654,1932.0,161.0,390.0,11221.0,1563,9658.0,0.3979198767334361,0.3281391304347826,5,25,53208.36953244297,40662.706813281664,20.0,0.25,32.2,64.99999998916667,0.59999999994,551.0,0.4128205128194543,-0.07306110739217742,0.3979198767334361,0.3281391304347826,0.03401360544194549,1.0,ga_meta,ga_meta,d_round,rw_rank_bfs,d_round,20,0.36302950358410935,330.59999996694,0.4953846078458779,1,0,1,0.1305730823340256,20.36479125160655
5,4,875.5208932465456,1040.0,130.0,126.0,8612.0,1062,7550.0,0.5927914110429449,0.4478976234003656,14,36,270535.9560131826,224133.34867111567,20.0,0.25,26.0,31.499999992124998,0.39999999996,256.0,1.0317460317378433,0.1764368365688056,0.5927914110429449,0.4478976234003656,0.09523809523744736,1.0,ga_meta,pso_meta,ga_meta,pl_rank,pl_rank,15,0.5203445172216552,102.39999998976,0.8253967994001016,1,0,1,0.26550986417828426,33.64062486859131
3,2,414.3987352045433,144.0,24.0,37.0,8908.0,4673,4235.0,0.0412392285597045,0.0853131749460043,9,63,25278.322847477142,25278.322847477142,31.0,0.0967741935483871,8.0,18.49999999075,0.6666666664444444,61.0,0.6486486486311177,0.14813043894042266,0.0412392285597045,0.0853131749460043,0.06122448979550188,0.0,ga_meta,ga_meta,ga_meta,pl_rank,pl_rank,5,0.0632762017528544,40.66666665311111,0.43243240927392385,0,0,1,0.003518249520752327,146.03278449126583
10,22,1307.0372761034323,380.0,5.0,15.0,3608.0,956,2592.0,0.2033333333333333,0.928,10,16,0.0,0.0,,,0.5,0.6818181817871901,0.48888888887802473,20.0,0.3333333333111111,0.6549679640432247,0.2033333333333333,0.928,0.06802721088389098,,ga_meta,mip,mip,pl_rank,mip,6,0.5656666666666667,9.777777777560495,0.7333322578126884,2,0,1,0.18869333333333332,180.39999098000044
10,22,184.2914727831404,816.0,408.0,1721.0,8621.0,1336,7285.0,0.485362095531587,0.4932173913043478,5,36,0.0,0.0,20.0,0.5,40.8,78.22727272371694,0.48888888887802473,2129.0,0.23707147007539972,0.17557616907334794,0.485362095531587,0.4932173913043478,0.03401360544194549,1.0,ga_meta,pl_rank,ga_meta,rw_rank_bfs,pl_rank,11,0.4892897434179674,1040.8444444213146,0.5215572275226851,2,0,1,0.23938902659610098,4.049318927172702
5,5,2290.3220943071806,84.0,21.0,90.0,7931.0,4280,3651.0,0.0467706013363028,0.1737949762389681,10,63,831386.9202335066,254225.75246809705,31.0,0.16129032258064516,4.2,17.9999999964,0.49999999995,111.0,0.23333333333074074,0.24156067705842976,0.0467706013363028,0.1737949762389681,0.06802721088389098,0.0,ga_meta,rw_rank_bfs,rw_rank_bfs,pl_rank,rw_rank_bfs,5,0.11028278878763545,55.49999999445,0.23333332041703775,1,0,1,0.008128495547924995,71.4504498067527
6,7,676.1536003725059,1454.0,727.0,1721.0,9659.0,4735,4924.0,0.0,0.0,0,0,0.0,0.0,31.0,0.1935483870967742,121.16666666666667,245.8571428220204,0.46666666663555556,2448.0,0.4224288204529794,0.07631251793057281,0.0,0.0,0.0,0.0,ga_meta,ga_meta,ga_meta,pl_rank,pl_rank,7,0.0,1142.39999992384,0.4928336219279478,1,0,1,0.0,3.94566993302873
5,6,271.8405369569273,928.0,464.0,1418.0,17304.0,2649,14655.0,0.0,0.0,0,0,0.0,0.0,20.0,0.25,92.8,236.33333329394443,0.59999999994,1882.0,0.3272214386457495,-0.6547767045997896,0.0,0.0,0.0,1.0,ga_meta,ga_meta,ga_meta,pl_rank,pl_rank,14,0.0,1129.19999988708,0.39266572477912953,1,0,1,0.0,9.194473958982744
3,2,245.784597408048,138.0,23.0,33.0,8327.0,4686,3641.0,0.038572014772261,0.2136069114470842,7,50,13763.937454850688,13763.937454850688,31.0,0.0967741935483871,7.666666666666667,16.49999999175,0.6666666664444444,56.0,0.6969696969485768,0.20369130725829587,0.038572014772261,0.2136069114470842,0.04761904761872368,0.0,ga_meta,ga_meta,ga_meta,pl_rank,pl_rank,5,0.12608946310967262,37.33333332088888,0.4646464367183978,0,0,1,0.00823924894379398,148.69642591613527
4,3,270.50175156711845,114.0,38.0,31.0,15916.0,2421,13495.0,0.1244122965641952,0.0615438108484005,11,34,24074.655889473543,18664.620858131173,20.0,0.2,9.5,10.33333332988889,0.49999999991666666,69.0,1.225806451573361,-0.522042650855886,0.1244122965641952,0.0615438108484005,0.07482993197228008,1.0,ga_meta,mip,ga_meta,pl_rank,pl_rank,12,0.09297805370629784,34.49999999425,0.9193547500463145,0,0,1,0.007656806846961937,230.66666332367154
7,11,78.26653146618015,1598.0,799.0,2960.0,17304.0,2649,14655.0,0.0,0.0,0,0,0.0,0.0,20.0,0.35,114.14285714285714,269.0909090664463,0.5238095237845805,3759.0,0.2699324324323412,-0.6547767045997896,0.0,0.0,0.0,1.0,ga_meta,ga_meta,rw_rank_bfs,pl_rank,rw_rank_bfs,16,0.0,1968.999999906238,0.4241795351417556,1,0,1,0.0,4.603351954082641
7,11,930.7158268577372,602.0,301.0,923.0,8830.0,1137,7693.0,0.5620184899845917,0.4648347826086957,7,35,0.0,0.0,20.0,0.35,43.0,83.9090909014628,0.5238095237845805,1224.0,0.32611050920874746,0.1555895572343885,0.5620184899845917,0.4648347826086957,0.04761904761872368,1.0,ga_meta,mip,mip,rw_rank_bfs,rw_rank_bfs,10,0.5134266362966438,641.1428571123265,0.5124593655535721,1,0,1,0.2612457426140551,7.214052281687865
4,3,555.5278804517299,168.0,84.0,139.0,7034.0,1424,5610.0,0.4539877300613497,0.589762340036563,10,32,0.0,0.0,20.0,0.2,21.0,46.333333317888886,0.49999999991666666,223.0,0.6043165467582424,0.327340537439036,0.4539877300613497,0.589762340036563,0.06802721088389098,1.0,ga_meta,mip,ga_meta,pl_rank,ga_meta,15,0.5218750350489564,111.49999998141666,0.4532374004409195,0,0,1,0.2677448660288691,31.542600755414348
6,6,361.70860305779536,1780.0,178.0,319.0,9107.0,1296,7811.0,0.5417256011315417,0.4674802290700846,15,36,377262.07298928057,179769.1757197243,20.0,0.3,29.666666666666668,53.16666665780556,0.39999999997333335,497.0,0.5579937304057744,0.12910012431863827,0.5417256011315417,0.4674802290700846,0.10204081632583646,1.0,ga_meta,ga_meta,ga_meta,rw_rank_bfs,pl_rank,12,0.5046029151008131,198.79999998674668,0.5579937200053429,1,0,1,0.25324600811010234,18.32394362510273
4,4,236.26766745147216,1620.0,108.0,213.0,12506.0,2055,10451.0,0.2120398773006134,0.2357586837294333,6,19,145068.3478152039,75841.92125192255,20.0,0.2,27.0,53.2499999866875,0.6666666665555555,321.0,0.5070422535187463,-0.19594529979917752,0.2120398773006134,0.2357586837294333,0.04081632653033459,1.0,ga_meta,ga_meta,rw_rank_bfs,pl_rank,rw_rank_bfs,22,0.22389928051502334,213.9999999643333,0.5070422441259673,0,0,1,0.049990242370543156,38.95950143626324
5,4,561.7302510471959,1477.0,211.0,334.0,8475.0,1120,7355.0,0.5685670261941449,0.4883478260869565,7,34,739237.0103781098,306142.98682072177,20.0,0.25,42.2,83.499999979125,0.39999999996,545.0,0.6317365269442163,0.18953810844410446,0.5685670261941449,0.4883478260869565,0.04761904761872368,1.0,ga_meta,mip,ga_meta,rw_rank_bfs,pl_rank,14,0.5284574261405507,217.9999999782,0.5053892156306682,1,0,1,0.2776584712266363,15.55045868706338
10,24,1829.8285844814889,830.0,415.0,1958.0,8830.0,1137,7693.0,0.5620184899845917,0.4648347826086957,7,35,0.0,0.0,20.0,0.5,41.5,81.58333332993402,0.5333333333214815,2373.0,0.21195097037782842,0.1555895572343885,0.5620184899845917,0.4648347826086957,0.04761904761872368,1.0,ga_meta,mip,mip,rw_rank_bfs,rw_rank_bfs,12,0.5134266362966438,1265.5999999718756,0.5086823226931176,2,0,1,0.2612457426140551,3.7210282327345015
5,6,556.7161537804143,840.0,420.0,1287.0,17304.0,2649,14655.0,0.0,0.0,0,0,0.0,0.0,20.0,0.25,84.0,214.49999996425,0.59999999994,1707.0,0.32634032634007276,-0.6547767045997896,0.0,0.0,0.0,1.0,ga_meta,mip,mip,pl_rank,pso_meta,19,0.0,1024.19999989758,0.3916083898479795,1,0,1,0.0,10.137082595115944
5,5,424.32633732834904,516.0,43.0,80.0,16281.0,2497,13784.0,0.0969258589511754,0.0414464534075104,10,36,63648.950599252355,52192.13949138693,20.0,0.25,8.6,15.9999999968,0.49999999995,123.0,0.5374999999932812,-0.556947499282777,0.0969258589511754,0.0414464534075104,0.06802721088389098,1.0,ga_meta,rw_rank_bfs,rw_rank_bfs,pl_rank,rw_rank_bfs,8,0.0691861561793429,61.49999999385,0.5374999665137521,1,0,1,0.004017233097002817,132.36585258239145
6,7,19.237988887569244,1454.0,727.0,1855.0,9625.0,4944,4681.0,0.0,0.0,0,0,0.0,0.0,31.0,0.1935483870967742,121.16666666666667,264.99999996214285,0.46666666663555556,2582.0,0.3919137466305165,0.0795639284689682,0.0,0.0,0.0,0.0,ga_meta,ga_meta,ga_meta,rw_rank_bfs,rw_rank_bfs,8,0.0,1204.9333332530045,0.4572327027424283,1,0,1,0.0,3.7277304400744655
9,18,132.39498920092342,756.0,16.0,34.0,3608.0,956,2592.0,0.2033333333333333,0.928,13,16,0.0,0.0,,,1.7777777777777777,1.8888888887839506,0.49999999998611117,50.0,0.4705882352802769,0.6549679640432247,0.2033333333333333,0.928,0.08843537414905826,,ga_meta,mip,mip,pl_rank,mip,6,0.5656666666666667,24.999999999305558,0.9411759723708905,2,0,1,0.18869333333333332,72.15999855680003
6,7,229.75758446053203,254.0,19.0,20.0,3121.0,919,2202.0,0.2341666666666666,0.9388333333333332,25,16,0.0,0.0,,,3.1666666666666665,2.857142856734694,0.46666666663555556,39.0,0.9499999999525,0.701539638519652,0.2341666666666666,0.9388333333333332,0.17006802720972744,,ga_meta,mip,mip,rw_rank_bfs,mip,5,0.5864999999999999,18.199999998786666,1.1083329455751356,1,1,0,0.21984347222222214,80.02563897370158
8,14,324.803734363595,230.0,6.0,13.0,3608.0,956,2592.0,0.2033333333333333,0.928,6,16,100047.28360623402,38419.64172186524,,,0.75,0.928571428505102,0.49999999998214284,19.0,0.4615384615029586,0.6549679640432247,0.2033333333333333,0.928,0.04081632653033459,,d_round,mip,mip,pl_rank,mip,7,0.5656666666666667,9.499999999660714,0.8076914379284514,2,0,1,0.18869333333333332,189.89472684764596
5,4,324.791373867923,82.0,41.0,63.0,8467.0,4704,3763.0,0.0348789495281083,0.1872570194384449,7,60,0.0,0.0,31.0,0.16129032258064516,8.2,15.749999996062499,0.39999999996,104.0,0.6507936507833207,0.1903031462178445,0.0348789495281083,0.1872570194384449,0.04761904761872368,0.0,mip,mip,mip,pl_rank,pl_rank,4,0.1110679844832766,41.59999999584,0.520634887708896,1,0,1,0.006531328129777514,81.4134607556398
4,4,168.91750786586164,918.0,459.0,987.0,9625.0,4944,4681.0,0.0,0.0,0,0,0.0,0.0,31.0,0.12903225806451613,114.75,246.7499999383125,0.6666666665555555,1446.0,0.46504559270469603,0.0795639284689682,0.0,0.0,0.0,0.0,mip,mip,mip,rw_rank_bfs,rw_rank_bfs,4,0.0,963.9999998393332,0.46504559093674536,0,0,1,0.0,6.656293218080018
8,16,169.90826139383,1498.0,749.0,3847.0,9625.0,4944,4681.0,0.0,0.0,0,0,0.0,0.0,31.0,0.25806451612903225,93.625,240.43749998497265,0.5714285714081633,4596.0,0.19469716662329226,0.0795639284689682,0.0,0.0,0.0,0.0,ga_meta,mip,ga_meta,rw_rank_bfs,rw_rank_bfs,4,0.0,2626.2857141919185,0.3893943316514988,2,0,1,0.0,2.094212358117012
2,0,177.08535661370385,26.0,13.0,4.0,2671.0,586,1993.0,0.5116666666666667,0.9446388888888888,31,16,0.0,0.0,,,6.5,3999999999.9999995,0.0,17.0,3.2499999991875,0.7445730132925313,0.5116666666666667,0.9446388888888888,0.21088435374006204,,ga_meta,mip,mip,rw_rank_bfs,mip,6,0.7281527777777778,0.0,1.6249999999999999e-09,0,0,1,0.4833402314814815,157.11763781660954
3,2,895.363735163005,16.0,4.0,32.0,8175.0,4628,3547.0,0.0504718916700861,0.2339092872570194,9,55,78792.00869434443,32233.09446586818,31.0,0.0967741935483871,1.3333333333333333,15.999999992,0.6666666664444444,36.0,0.12499999999609376,0.21822702495935742,0.0504718916700861,0.2339092872570194,0.06122448979550188,0.0,ga_meta,mip,ga_meta,pl_rank,pl_rank,6,0.14219058946355276,23.999999992,0.08333332816666698,0,0,1,0.011805844207063335,227.08332702546315
9,15,138.2363573478816,716.0,358.0,1245.0,10719.0,1831,8888.0,0.2946841294298922,0.381704347826087,3,36,0.0,0.0,20.0,0.45,39.77777777777778,82.99999999446666,0.4166666666550926,1603.0,0.2875502008029819,-0.025054987089987657,0.2946841294298922,0.381704347826087,0.020408163265167294,1.0,ga_meta,ga_meta,ga_meta,rw_rank_bfs,ga_meta,8,0.3381942386279896,667.9166666481135,0.47925032892987113,2,0,1,0.1124822134387352,6.686837176115509
6,9,773.6048729855386,1352.0,676.0,2106.0,9659.0,4735,4924.0,0.0,0.0,0,0,0.0,0.0,31.0,0.1935483870967742,112.66666666666667,233.999999974,0.59999999996,2782.0,0.32098765432083526,0.07631251793057281,0.0,0.0,0.0,0.0,ga_meta,ga_meta,ga_meta,pl_rank,pl_rank,7,0.0,1669.19999988872,0.4814814794773663,1,0,1,0.0,3.4719626155744203
5,5,332.9212451704587,1908.0,212.0,332.0,8830.0,1137,7693.0,0.5620184899845917,0.4648347826086957,7,35,317939.78913778806,181109.15737272953,20.0,0.25,42.4,66.39999998672,0.49999999995,544.0,0.6385542168655466,0.1555895572343885,0.5620184899845917,0.4648347826086957,0.04761904761872368,1.0,ga_meta,mip,mip,rw_rank_bfs,sa_meta,24,0.5134266362966438,271.99999997279997,0.6385542073784004,1,0,1,0.2612457426140551,16.231617617221293
6,8,424.1112864850133,1188.0,594.0,2074.0,9625.0,4944,4681.0,0.0,0.0,0,0,0.0,0.0,31.0,0.1935483870967742,99.0,259.24999996759374,0.5333333332977778,2668.0,0.28640308582435564,0.0795639284689682,0.0,0.0,0.0,0.0,ga_meta,mip,mip,rw_rank_bfs,mip,8,0.0,1422.933333238471,0.38187077967407607,1,0,1,0.0,3.6075712130406408
6,7,302.71688885599394,1188.0,594.0,2073.0,9202.0,4586,4616.0,0.0,0.0,0,0,0.0,0.0,31.0,0.1935483870967742,99.0,296.142857100551,0.46666666663555556,2667.0,0.2865412445729443,0.12001530075547484,0.0,0.0,0.0,0.0,ga_meta,pl_rank,ga_meta,rw_rank_bfs,d_round,5,0.0,1244.5999999170267,0.33429811758751243,1,0,1,0.0,3.4503187088675222
8,18,134.8867418735272,1720.0,860.0,4103.0,9659.0,4735,4924.0,0.0,0.0,0,0,0.0,0.0,31.0,0.25806451612903225,107.5,227.94444443178085,0.6428571428341837,4963.0,0.2096027297099172,0.07631251793057281,0.0,0.0,0.0,0.0,ga_meta,pl_rank,ga_meta,pl_rank,pl_rank,7,0.0,3190.499999886054,0.47160613980467697,2,0,1,0.0,1.9462018936235739
3,2,931.2292077661882,368.0,92.0,109.0,8051.0,1174,6877.0,0.5498466257668712,0.4971115173674588,13,36,276575.0747065579,187177.07076100385,20.0,0.15,30.666666666666668,54.49999997275,0.6666666664444444,201.0,0.8440366972399629,0.2300851104523286,0.5498466257668712,0.4971115173674588,0.08843537414905826,1.0,ga_meta,mip,mip,pl_rank,sa_meta,16,0.523479071567165,133.99999995533332,0.5626911214552088,0,0,1,0.27333509045434656,40.05472616888196
10,19,1307.8204495798702,926.0,463.0,1715.0,10142.0,1810,8332.0,0.3027734976887519,0.4203826086956521,3,36,0.0,0.0,20.0,0.5,46.3,90.26315788998615,0.42222222221283956,2178.0,0.2699708454808922,0.030123362341015536,0.3027734976887519,0.4203826086956521,0.020408163265167294,1.0,ga_meta,ga_meta,sa_meta,rw_rank_bfs,rw_rank_bfs,10,0.361578053192202,919.5999999795646,0.5129446007582231,2,0,1,0.12728071280230452,4.656565654427656
9,20,2077.985562753536,696.0,348.0,1385.0,8908.0,1127,7781.0,0.5658705701078582,0.4587130434782609,7,35,0.0,0.0,20.0,0.45,38.666666666666664,69.2499999965375,0.5555555555401235,1733.0,0.2512635379059558,0.14813043894042266,0.5658705701078582,0.4587130434782609,0.04761904761872368,1.0,ga_meta,ga_meta,mip,rw_rank_bfs,mcts,10,0.5122918067930595,962.777777751034,0.5583634095341024,2,0,1,0.25957221142895426,5.140219269971022
4,5,256.64732086654544,1050.0,105.0,217.0,8251.0,1497,6754.0,0.4259969325153374,0.5061060329067641,10,33,150651.9773486622,82640.43731902764,20.0,0.2,26.25,43.39999999132,0.8333333331944445,322.0,0.48387096773970567,0.2109591661088266,0.4259969325153374,0.5061060329067641,0.06802721088389098,1.0,ga_meta,ga_meta,ga_meta,pl_rank,ga_meta,15,0.4660514827110508,268.33333328861113,0.6048386958620117,0,0,1,0.21559961754578794,25.62422352290614
8,10,270.2661915770329,1454.0,727.0,2496.0,17304.0,2649,14655.0,0.0,0.0,0,0,0.0,0.0,20.0,0.4,90.875,249.59999997504,0.357142857130102,3223.0,0.291266025640909,-0.6547767045997896,0.0,0.0,0.0,1.0,ga_meta,mip,mip,pl_rank,mip,9,0.0,1151.0714285303188,0.36408253062902635,2,0,1,0.0,5.3689109508628885
6,10,31.757903967896446,930.0,465.0,2153.0,17304.0,2649,14655.0,0.0,0.0,0,0,0.0,0.0,20.0,0.3,77.5,215.29999997847,0.6666666666222222,2618.0,0.21597770552707107,-0.6547767045997896,0.0,0.0,0.0,1.0,ga_meta,mip,mip,pl_rank,d_round,17,0.0,1745.3333332169777,0.3599628409093691,1,0,1,0.0,6.609625665924513
5,7,500.6735788469735,324.0,162.0,354.0,7318.0,1222,6096.0,0.531441717791411,0.5542230347349177,12,36,0.0,0.0,20.0,0.25,32.4,50.57142856420408,0.69999999993,516.0,0.45762711864277505,0.30018169647126325,0.531441717791411,0.5542230347349177,0.08163265306066918,1.0,ga_meta,ga_meta,mip,pl_rank,mip,9,0.5428323762631644,361.19999996388,0.6406779535244472,1,0,1,0.29453724161909356,14.182170515150833
8,13,344.2569439641151,572.0,286.0,1182.0,10142.0,1810,8332.0,0.3027734976887519,0.4203826086956521,3,36,0.0,0.0,20.0,0.4,35.75,90.92307691608283,0.4642857142691327,1468.0,0.2419627749574941,0.030123362341015536,0.3027734976887519,0.4203826086956521,0.020408163265167294,1.0,ga_meta,mip,ga_meta,rw_rank_bfs,pl_rank,13,0.361578053192202,681.5714285470867,0.3931895050120867,2,0,1,0.12728071280230452,6.908719341342834
3,2,954.1641990155044,288.0,72.0,134.0,8176.0,1155,7021.0,0.5571319018404908,0.486581352833638,14,36,324415.82766527147,196557.82499719388,20.0,0.15,24.0,66.9999999665,0.6666666664444444,206.0,0.5373134328318111,0.2181313952376399,0.5571319018404908,0.486581352833638,0.09523809523744736,1.0,ga_meta,ga_meta,ga_meta,pl_rank,rw_rank_bfs,17,0.5218566273370644,137.33333328755555,0.3582089500565829,0,0,1,0.27108999450432364,39.68932019568291
6,7,613.3451074339646,121.0,12.0,7.0,3013.0,795,2170.0,0.3375,0.9397222222222222,36,16,0.0,0.0,,,2.0,0.9999999998571428,0.46666666663555556,19.0,1.7142857140408163,0.7118676484651429,0.3375,0.9397222222222222,0.24489795918200752,,mip,mip,mip,pl_rank,mip,2,0.6386111111111111,8.866666666075556,1.9999980002877138,1,1,0,0.31715625000000003,158.5789390221611
7,16,981.0341511296018,1380.0,690.0,3906.0,9659.0,4735,4924.0,0.0,0.0,0,0,0.0,0.0,31.0,0.22580645161290322,98.57142857142857,244.12499998474217,0.7619047618684808,4596.0,0.17665130568351853,0.07631251793057281,0.0,0.0,0.0,0.0,ga_meta,ga_meta,ga_meta,pl_rank,pl_rank,7,0.0,3501.7142855475377,0.40377441136227293,1,0,1,0.0,2.1016100952781525
5,6,114.01914629021704,86.0,43.0,72.0,7931.0,4280,3651.0,0.0467706013363028,0.1737949762389681,10,63,0.0,0.0,31.0,0.16129032258064516,8.6,11.999999998,0.59999999994,115.0,0.5972222222139274,0.24156067705842976,0.0467706013363028,0.1737949762389681,0.06802721088389098,0.0,sa_meta,rw_rank_bfs,sa_meta,pl_rank,pl_rank,3,0.11028278878763545,68.99999999309999,0.7166666070638938,1,0,1,0.008128495547924995,68.9652167916068
6,9,525.8293003112843,1054.0,527.0,2062.0,9659.0,4735,4924.0,0.0,0.0,0,0,0.0,0.0,31.0,0.1935483870967742,87.83333333333333,229.11111108565433,0.59999999996,2589.0,0.25557710960220387,0.07631251793057281,0.0,0.0,0.0,0.0,ga_meta,mip,mip,pl_rank,mip,8,0.0,1553.39999989644,0.3833656627728139,1,0,1,0.0,3.7307840850788785
2,1,1654.441854970518,85.0,17.0,11.0,16608.0,2546,14062.0,0.0792043399638335,0.0221140472878998,9,36,46324.371939174496,46324.371939174496,20.0,0.1,8.5,10.999999988999999,0.9999999989999999,28.0,1.5454545453140496,-0.5882184182844028,0.0792043399638335,0.0221140472878998,0.06122448979550188,1.0,ga_meta,ga_meta,ga_meta,pl_rank,ga_meta,10,0.05065919362586665,27.999999971999998,0.7727272032520724,0,0,1,0.0017515285193671058,593.1428359591844
5,4,669.7680460357386,954.0,477.0,915.0,17304.0,2649,14655.0,0.0,0.0,0,0,0.0,0.0,20.0,0.25,95.4,228.7499999428125,0.39999999996,1392.0,0.5213114754092664,-0.6547767045997896,0.0,0.0,0.0,1.0,ga_meta,mip,ga_meta,pl_rank,ga_meta,17,0.0,556.79999994432,0.41704917860896534,1,0,1,0.0,12.431034473828278
7,9,694.2953355693655,1174.0,587.0,2622.0,9659.0,4735,4924.0,0.0,0.0,0,0,0.0,0.0,31.0,0.22580645161290322,83.85714285714286,291.333333300963,0.42857142855102043,3209.0,0.22387490465285131,0.07631251793057281,0.0,0.0,0.0,0.0,ga_meta,sa_meta,ga_meta,pl_rank,pl_rank,6,0.0,1375.2857142202245,0.28783916216918015,1,0,1,0.0,3.009971952941735
4,4,280.6987287576031,74.0,37.0,69.0,8603.0,4697,3906.0,0.036315141567501,0.1563714902807775,5,58,0.0,0.0,31.0,0.12903225806451613,9.25,17.2499999956875,0.6666666665555555,106.0,0.5362318840501995,0.17729750406426315,0.036315141567501,0.1563714902807775,0.03401360544194549,0.0,mip,mip,rw_rank_bfs,pl_rank,rw_rank_bfs,5,0.09634331592413925,70.66666665488889,0.5362318531061244,0,0,1,0.005678652806667541,81.16037659282664
5,6,1010.139486896337,100.0,50.0,100.0,8408.0,4666,3742.0,0.0426754205990972,0.191792656587473,8,53,0.0,0.0,31.0,0.16129032258064516,10.0,16.66666666388889,0.59999999994,150.0,0.499999999995,0.19594529979917763,0.0426754205990972,0.191792656587473,0.05442176870711278,0.0,mip,rw_rank_bfs,mip,pl_rank,rw_rank_bfs,2,0.1172340385932851,89.999999991,0.5999999641000021,1,0,1,0.00818483228768862,56.05333295964445
7,14,268.6210124980085,1330.0,665.0,3193.0,9625.0,4944,4681.0,0.0,0.0,0,0,0.0,0.0,31.0,0.22580645161290322,95.0,228.07142855513774,0.6666666666349206,3858.0,0.20826808643902028,0.0795639284689682,0.0,0.0,0.0,0.0,ga_meta,mip,ga_meta,rw_rank_bfs,rw_rank_bfs,4,0.0,2571.999999877524,0.41653617108158275,1,0,1,0.0,2.494815966175527
3,2,283.1595610954763,220.0,22.0,15.0,16427.0,2593,13834.0,0.0622061482820976,0.0379694019471488,6,27,12459.020688200955,10476.903760532625,20.0,0.15,7.333333333333333,7.49999999625,0.6666666664444444,37.0,1.4666666665688888,-0.5709094386535336,0.0622061482820976,0.0379694019471488,0.04081632653033459,1.0,ga_meta,mip,mip,pl_rank,mip,9,0.0500877751146232,24.66666665844444,0.9777776478963135,0,0,1,0.0023619302477069035,443.9729609737038
10,22,18.64089044846478,920.0,4.0,40.0,2556.0,652,1866.0,0.4566666666666666,0.9481666666666668,22,16,6858.130760914785,2882.7155979053496,,,0.4,1.8181818180991736,0.48888888887802473,44.0,0.0999999999975,0.755570431290045,0.4566666666666666,0.9481666666666668,0.14965986394456016,,d_round,mip,mip,pl_rank,mip,7,0.7024166666666667,21.511111110633088,0.21999987901006657,2,0,1,0.43299611111111114,58.09090777066119
2,0,26.98574843812218,16.0,8.0,29.0,3121.0,919,2202.0,0.2341666666666666,0.9388333333333332,5,16,8730.683318215999,3469.6529205073853,,,4.0,29000000000.0,0.0,37.0,0.27586206895600474,0.701539638519652,0.2341666666666666,0.9388333333333332,0.03401360544194549,,d_round,mip,mip,rw_rank_bfs,mip,7,0.5864999999999999,0.0,1.3793103448275863e-10,0,0,1,0.21984347222222214,84.35134907158516
8,10,1630.8210271142057,1558.0,779.0,2577.0,9625.0,4944,4681.0,0.0,0.0,0,0,0.0,0.0,31.0,0.25806451612903225,97.375,257.69999997423,0.357142857130102,3356.0,0.3022894838958858,0.0795639284689682,0.0,0.0,0.0,0.0,pl_rank,rw_rank_bfs,pl_rank,rw_rank_bfs,rw_rank_bfs,2,0.0,1198.5714285286224,0.37786185344150425,2,0,1,0.0,2.8679976153551854
6,7,676.1536003725059,1454.0,727.0,1721.0,17304.0,2649,14655.0,0.0,0.0,0,0,0.0,0.0,20.0,0.3,121.16666666666667,245.8571428220204,0.46666666663555556,2448.0,0.4224288204529794,-0.6547767045997896,0.0,0.0,0.0,1.0,ga_meta,ga_meta,mip,pl_rank,pl_rank,13,0.0,1142.39999992384,0.4928336219279478,1,0,1,0.0,7.068627448092881
10,22,355.90805423525165,426.0,14.0,13.0,3013.0,795,2170.0,0.3375,0.9397222222222222,6,16,117874.77029574738,46801.909131935594,,,1.4,0.5909090908822314,0.48888888887802473,27.0,1.0769230768402367,0.7118676484651429,0.3375,0.9397222222222222,0.04081632653033459,,d_round,mip,mip,pl_rank,mip,7,0.6386111111111111,13.199999999706668,2.3692267598777903,2,1,0,0.31715625000000003,111.59258845953376
8,15,305.52878002485943,1444.0,722.0,3485.0,9202.0,4586,4616.0,0.0,0.0,0,0,0.0,0.0,31.0,0.25806451612903225,90.25,232.33333331784445,0.5357142856951531,4207.0,0.20717360114771674,0.12001530075547484,0.0,0.0,0.0,0.0,ga_meta,ga_meta,ga_meta,rw_rank_bfs,d_round,6,0.0,2253.7499999195093,0.38845050050602364,2,0,1,0.0,2.187306868983288
5,6,107.48495003928689,448.0,32.0,59.0,8190.0,4357,3833.0,0.0296213808463251,0.1326091875990043,6,41,28161.05691029317,9781.130453575106,31.0,0.16129032258064516,6.4,9.833333331694444,0.59999999994,91.0,0.5423728813467394,0.21679257913359473,0.0296213808463251,0.1326091875990043,0.04081632653033459,0.0,ga_meta,mip,ga_meta,pl_rank,pl_rank,6,0.0811152842226647,54.59999999454,0.650847391547723,1,0,1,0.003928067249591878,89.99999901098903
5,6,1753.612211171093,78.0,39.0,92.0,8316.0,4421,3895.0,0.0153674832962138,0.1185788639963792,4,15,0.0,0.0,31.0,0.16129032258064516,7.8,15.333333330777778,0.59999999994,131.0,0.4239130434736531,0.20474323419718854,0.0153674832962138,0.1185788639963792,0.02721088435355639,0.0,mip,mip,mip,pl_rank,pl_rank,4,0.0669731736462965,78.59999999214,0.5086956190828944,1,0,1,0.001822258711748365,63.48091554594721
6,5,209.7989343444143,298.0,149.0,299.0,8394.0,1383,7011.0,0.4697085889570552,0.4873126142595978,11,34,0.0,0.0,20.0,0.3,24.833333333333332,59.79999998804,0.3333333333111111,448.0,0.4983277591956578,0.1972841159032227,0.4697085889570552,0.4873126142595978,0.07482993197228008,1.0,ga_meta,ga_meta,pso_meta,pl_rank,rw_rank_bfs,11,0.4785106016083265,149.33333332337776,0.415273125803125,1,0,1,0.22889492042484944,18.73660710103436
10,24,185.5808575682447,728.0,364.0,1776.0,9662.0,1640,8022.0,0.3682588597842835,0.4419478260869565,4,36,0.0,0.0,20.0,0.5,36.4,73.99999999691667,0.5333333333214815,2140.0,0.20495495495483956,0.0760256287654203,0.3682588597842835,0.4419478260869565,0.02721088435355639,1.0,ga_meta,ga_meta,ga_meta,rw_rank_bfs,pl_rank,13,0.40510334293562,1141.3333333079704,0.4918918852651997,2,0,1,0.16275120251892541,4.514953268918246
5,9,1301.180646118038,110.0,55.0,107.0,8327.0,4686,3641.0,0.038572014772261,0.2136069114470842,7,50,0.0,0.0,31.0,0.16129032258064516,11.0,11.888888887567902,0.89999999991,162.0,0.5140186915839812,0.20369130725829587,0.038572014772261,0.2136069114470842,0.04761904761872368,0.0,mip,mip,mip,pl_rank,rw_rank_bfs,2,0.12608946310967262,145.79999998542002,0.9252335671392327,1,0,1,0.00823924894379398,51.40123425060967
4,3,267.7882553057225,480.0,40.0,35.0,8899.0,4723,4176.0,0.0309807139926138,0.0980561555075594,6,63,32670.167147298143,20084.11914792919,31.0,0.12903225806451613,10.0,11.666666662777777,0.49999999991666666,75.0,1.1428571428244898,0.14899110643588032,0.0309807139926138,0.0980561555075594,0.04081632653033459,0.0,ga_meta,rw_rank_bfs,ga_meta,pl_rank,pl_rank,7,0.0645184347500866,37.49999999375,0.8571427839591901,0,0,1,0.0030378497089949604,118.65333175128892
7,12,276.4191884368743,1256.0,628.0,3341.0,9202.0,4586,4616.0,0.0,0.0,0,0,0.0,0.0,31.0,0.22580645161290322,89.71428571428571,278.41666664346525,0.5714285714013605,3969.0,0.18796767434894104,0.12001530075547484,0.0,0.0,0.0,0.0,ga_meta,mip,ga_meta,rw_rank_bfs,d_round,7,0.0,2267.999999892,0.3222302977534808,1,0,1,0.0,2.3184681274077934
4,4,596.6821307477655,238.0,34.0,23.0,8235.0,4359,3876.0,0.0291759465478841,0.1228784792939579,6,63,68618.44503599303,34010.881452622634,31.0,0.12903225806451613,8.5,5.7499999985625,0.6666666665555555,57.0,1.4782608695009452,0.21248924165630678,0.0291759465478841,0.1228784792939579,0.04081632653033459,0.0,ga_meta,rw_rank_bfs,ga_meta,pl_rank,pl_rank,6,0.076027212920921,37.99999999366666,1.4782606128459803,0,1,0,0.003585095943765799,144.47368167590034
3,2,871.1718395636135,21.0,7.0,16.0,14962.0,2273,12689.0,0.1779385171790235,0.1175938803894297,15,36,30491.014384726474,20036.95230996311,20.0,0.15,2.3333333333333335,7.999999996,0.6666666664444444,23.0,0.43749999997265626,-0.4308118963373817,0.1779385171790235,0.1175938803894297,0.10204081632583646,1.0,ga_meta,mip,sa_meta,pl_rank,sa_meta,17,0.1477661987842266,15.33333332822222,0.29166663035417123,0,0,1,0.020924480705822573,650.5217108468821
8,12,1087.9075370070036,1926.0,963.0,2846.0,17304.0,2649,14655.0,0.0,0.0,0,0,0.0,0.0,20.0,0.4,120.375,237.16666664690277,0.42857142855612246,3809.0,0.3383696416021299,-0.6547767045997896,0.0,0.0,0.0,1.0,ga_meta,mip,ga_meta,pl_rank,ga_meta,11,0.0,1632.4285713702704,0.5075544603055944,2,0,1,0.0,4.542924650946988
3,2,1216.0926395176373,312.0,78.0,104.0,7927.0,1177,6750.0,0.5838048090523338,0.539814562312517,16,36,342938.1243439737,221328.86039221,20.0,0.15,26.0,51.999999974,0.6666666664444444,182.0,0.7499999999927884,0.24194319594529978,0.5838048090523338,0.539814562312517,0.10884353741422556,1.0,ga_meta,ga_meta,ga_meta,rw_rank_bfs,pl_rank,12,0.5618096856824254,121.33333329288888,0.4999999906346156,0,0,1,0.31514633747452814,43.55494481563217
4,4,86.82828133034454,888.0,444.0,1166.0,9202.0,4586,4616.0,0.0,0.0,0,0,0.0,0.0,31.0,0.12903225806451613,111.0,291.499999927125,0.6666666665555555,1610.0,0.38078902229812966,0.12001530075547484,0.0,0.0,0.0,0.0,ga_meta,mip,ga_meta,rw_rank_bfs,ga_meta,5,0.0,1073.3333331544443,0.38078902108734475,0,0,1,0.0,5.715527946760541
7,10,28.754254294835015,1270.0,635.0,2632.0,9659.0,4735,4924.0,0.0,0.0,0,0,0.0,0.0,31.0,0.22580645161290322,90.71428571428571,263.19999997368,0.47619047616780047,3267.0,0.24126139817620013,0.07631251793057281,0.0,0.0,0.0,0.0,ga_meta,rw_rank_bfs,ga_meta,pl_rank,pl_rank,6,0.0,1555.714285640204,0.3446591389768161,1,0,1,0.0,2.956535046539169
4,5,570.5216652912101,732.0,366.0,1141.0,9202.0,4586,4616.0,0.0,0.0,0,0,0.0,0.0,31.0,0.12903225806451613,91.5,228.19999995436,0.8333333331944445,1507.0,0.32077125328630957,0.12001530075547484,0.0,0.0,0.0,0.0,ga_meta,pl_rank,sa_meta,rw_rank_bfs,pl_rank,3,0.0,1255.8333331240278,0.40096406493135817,0,0,1,0.0,6.106171197009839
2,0,246.77994797207575,16.0,8.0,48.0,3121.0,919,2202.0,0.2341666666666666,0.9388333333333332,34,16,0.0,0.0,,,4.0,48000000000.0,0.0,56.0,0.16666666666319446,0.701539638519652,0.2341666666666666,0.9388333333333332,0.23129251700522932,,mip,mip,mip,rw_rank_bfs,mip,1,0.5864999999999999,0.0,8.333333333333333e-11,0,0,1,0.21984347222222214,55.73214186192604
3,1,58.01760125508565,25.0,8.0,1.0,2671.0,586,1993.0,0.5116666666666667,0.9446388888888888,49,16,0.0,0.0,,,2.6666666666666665,0.9999999989999999,0.3333333332222222,9.0,7.999999991999999,0.7445730132925313,0.5116666666666667,0.9446388888888888,0.3333333333310658,,mip,mip,mip,rw_rank_bfs,mip,1,0.7281527777777778,2.999999999,2.6666640026693282,0,1,0,0.4833402314814815,296.77774480247285
5,5,211.3396051687376,145.0,6.0,23.0,2556.0,652,1866.0,0.4566666666666666,0.9481666666666668,55,16,0.0,0.0,,,1.2,4.59999999908,0.49999999995,29.0,0.26086956520604915,0.755570431290045,0.4566666666666666,0.9481666666666668,0.37414965986140036,,mip,mip,mip,pl_rank,mip,1,0.7024166666666667,14.499999998549999,0.2608695085588025,1,0,1,0.43299611111111114,88.13792799524386
7,13,1897.0119908704685,1428.0,714.0,3078.0,9202.0,4586,4616.0,0.0,0.0,0,0,0.0,0.0,31.0,0.22580645161290322,102.0,236.76923075101774,0.6190476190181405,3792.0,0.23196881091610397,0.12001530075547484,0.0,0.0,0.0,0.0,ga_meta,ga_meta,ga_meta,rw_rank_bfs,d_round,6,0.0,2347.4285713167887,0.430799218486553,1,0,1,0.0,2.4266877630731307
3,3,32.48346120726308,128.0,16.0,49.0,8667.0,4753,3914.0,0.0248256052523594,0.1546436285097192,7,63,4287.816879358727,2111.4249784721005,31.0,0.0967741935483871,5.333333333333333,16.333333327888887,0.9999999996666666,65.0,0.3265306122382341,0.1711772018743426,0.0248256052523594,0.1546436285097192,0.04761904761872368,0.0,ga_meta,rw_rank_bfs,ga_meta,pl_rank,pl_rank,6,0.0897346168810393,64.99999997833334,0.32653059236207255,0,0,1,0.0038391216761748006,133.33845948710064
2,1,309.70576469989254,126.0,18.0,28.0,8597.0,4697,3900.0,0.036315141567501,0.1576673866090713,7,58,22918.226587792047,14246.465176195055,31.0,0.06451612903225806,9.0,27.999999971999998,0.9999999989999999,46.0,0.6428571428341837,0.1778712823945683,0.036315141567501,0.1576673866090713,0.04761904761872368,0.0,ga_meta,mip,ga_meta,pl_rank,pl_rank,7,0.09699126408828615,45.999999953999996,0.32142856027040856,0,0,1,0.005725713465286336,186.89130028497175
2,0,770.8038248378939,18.0,9.0,34.0,3013.0,795,2170.0,0.3375,0.9397222222222222,46,16,0.0,0.0,,,4.5,33999999999.999996,0.0,43.0,0.26470588234515574,0.7118676484651429,0.3375,0.9397222222222222,0.3129251700658985,,mip,mip,mip,pl_rank,mip,1,0.6386111111111111,0.0,1.323529411764706e-10,0,0,1,0.31715625000000003,70.06976581233103
7,8,29.263951339702537,1534.0,767.0,1976.0,9202.0,4586,4616.0,0.0,0.0,0,0,0.0,0.0,31.0,0.22580645161290322,109.57142857142857,246.99999996912499,0.3809523809342404,2743.0,0.3881578947366457,0.12001530075547484,0.0,0.0,0.0,0.0,ga_meta,mip,ga_meta,rw_rank_bfs,d_round,4,0.0,1044.9523809026214,0.4436090208158542,1,0,1,0.0,3.3547211070525993
5,6,290.4443974466298,532.0,133.0,313.0,9214.0,1408,7806.0,0.5021216407355021,0.4678211071720752,12,35,222770.8528415651,129538.2012611969,20.0,0.25,26.6,52.16666665797222,0.59999999994,446.0,0.4249201277941696,0.11886774409486467,0.5021216407355021,0.4678211071720752,0.08163265306066918,1.0,ga_meta,mip,ga_meta,rw_rank_bfs,ga_meta,11,0.48497137395378864,267.59999997323996,0.5099041436650963,1,0,1,0.2349031019039416,20.65919277879105
7,12,1171.9348102589215,1578.0,789.0,2779.0,9202.0,4586,4616.0,0.0,0.0,0,0,0.0,0.0,31.0,0.22580645161290322,112.71428571428571,231.58333331403472,0.5714285714013605,3568.0,0.2839150773658568,0.12001530075547484,0.0,0.0,0.0,0.0,ga_meta,ga_meta,ga_meta,rw_rank_bfs,ga_meta,6,0.0,2038.8571427600543,0.4867115591376769,1,0,1,0.0,2.579035873716638
3,2,110.8841810536786,224.0,32.0,34.0,8508.0,4674,3834.0,0.0410340582683627,0.1719222462203024,8,58,13749.638450656146,7318.355949542788,31.0,0.0967741935483871,10.666666666666666,16.9999999915,0.6666666664444444,66.0,0.9411764705605538,0.18638232762742657,0.0410340582683627,0.1719222462203024,0.05442176870711278,0.0,ga_meta,mip,ga_meta,pl_rank,pl_rank,5,0.10647815224433255,43.99999998533333,0.6274509437970032,0,0,1,0.0070546674690316865,128.9090889559229
4,3,311.2970691296686,140.0,28.0,17.0,15430.0,2356,13074.0,0.1479204339963833,0.0908205841446453,14,36,15876.1505256131,14008.368110835088,20.0,0.2,7.0,5.666666664777778,0.49999999991666666,45.0,1.6470588234325259,-0.4755666061011763,0.1479204339963833,0.0908205841446453,0.09523809523744736,1.0,ga_meta,mip,mip,pl_rank,sa_meta,20,0.1193705090705143,22.49999999625,1.235293900065782,0,1,0,0.013434220222480982,342.888881269136
6,7,1628.8124679451244,169.0,6.0,19.0,2556.0,652,1866.0,0.4566666666666666,0.9481666666666668,53,16,0.0,0.0,,,1.0,2.7142857138979593,0.46666666663555556,25.0,0.31578947366759,0.755570431290045,0.4566666666666666,0.9481666666666668,0.3605442176846222,,mip,mip,mip,pl_rank,mip,1,0.7024166666666667,11.666666665888888,0.36842091695018847,1,0,1,0.43299611111111114,102.23999591040015
3,2,472.2027627596061,108.0,9.0,21.0,8515.0,4724,3791.0,0.030775543701272,0.1812095032397408,6,63,29276.57129109558,14166.082882788183,31.0,0.0967741935483871,3.0,10.49999999475,0.6666666664444444,30.0,0.42857142855102043,0.18571291957540403,0.030775543701272,0.1812095032397408,0.04081632653033459,0.0,ga_meta,rw_rank_bfs,ga_meta,pl_rank,pl_rank,6,0.1059925234705064,19.999999993333333,0.2857142586462611,0,0,1,0.005576820986040433,283.83332387222254
7,13,335.1159365770544,714.0,357.0,1017.0,10873.0,1489,9384.0,0.4264252696456087,0.3471999999999999,5,36,0.0,0.0,20.0,0.35,51.0,78.23076922475148,0.6190476190181405,1374.0,0.35103244837723596,-0.0397819642344841,0.4264252696456087,0.3471999999999999,0.03401360544194549,1.0,ga_meta,mip,ga_meta,rw_rank_bfs,mcts,11,0.38681263482280426,850.5714285309251,0.6519173958466803,1,0,1,0.1480548536209553,7.913391551736978
7,10,431.5630612500587,486.0,8.0,43.0,3013.0,795,2170.0,0.3375,0.9397222222222222,6,16,142931.28831345696,56750.542554382715,,,1.1428571428571428,4.29999999957,0.47619047616780047,51.0,0.18604651162358032,0.7118676484651429,0.3375,0.9397222222222222,0.04081632653033459,,d_round,mip,mip,pl_rank,mip,7,0.6386111111111111,24.285714284557823,0.26578066911413006,1,0,1,0.31715625000000003,59.07843021414843
6,7,27.07486631930791,162.0,20.0,6.0,3013.0,795,2170.0,0.3375,0.9397222222222222,20,16,8967.045309030784,3560.3449209889905,,,3.3333333333333335,0.8571428570204082,0.46666666663555556,26.0,3.333333332777778,0.7118676484651429,0.3375,0.9397222222222222,0.13605442176778196,,d_round,mip,mip,pl_rank,mip,7,0.6386111111111111,12.133333332524444,3.8888843524126995,1,1,0,0.31715625000000003,115.88461092751496
9,14,123.42963815745752,4984.0,356.0,1044.0,13206.0,2240,10966.0,0.1371340523882896,0.2371478260869565,1,9,464712.5876628276,172801.49342044056,20.0,0.45,39.55555555555556,74.57142856610204,0.3888888888780865,1400.0,0.34099616858204884,-0.2628861050014344,0.1371340523882896,0.2371478260869565,0.0068027210883890975,1.0,ga_meta,ga_meta,ga_meta,rw_rank_bfs,rw_rank_bfs,20,0.18714093923762304,544.444444429321,0.5304384773862018,2,0,1,0.03252104240637768,9.432857136119386
5,4,863.8643564780338,208.0,26.0,41.0,8611.0,4667,3944.0,0.0424702503077554,0.1481641468682505,8,63,120077.14555044669,57878.91188402826,31.0,0.16129032258064516,5.2,10.2499999974375,0.39999999996,67.0,0.6341463414479477,0.1765324662905231,0.0424702503077554,0.1481641468682505,0.05442176870711278,0.0,ga_meta,rw_rank_bfs,ga_meta,pl_rank,pl_rank,6,0.09531719858800294,26.79999999732,0.5073170238032172,1,0,1,0.006292568404129632,128.52238614145693
5,7,29.30708621830008,54.0,27.0,114.0,7853.0,4285,3568.0,0.0456570155902004,0.1925775062231274,9,63,0.0,0.0,31.0,0.16129032258064516,5.4,16.285714283387755,0.69999999993,141.0,0.23684210526108032,0.2490197953523955,0.0456570155902004,0.1925775062231274,0.06122448979550188,0.0,rw_rank_bfs,rw_rank_bfs,rw_rank_bfs,pl_rank,rw_rank_bfs,1,0.11911726090666389,98.69999999013,0.33157892705567993,1,0,1,0.00879251420395124,55.69503506599266
5,5,337.67793524531174,368.0,184.0,464.0,8029.0,1369,6660.0,0.4726502311248074,0.536695652173913,5,36,0.0,0.0,20.0,0.25,36.8,92.79999998144,0.49999999995,648.0,0.3965517241370764,0.23218896433011382,0.4726502311248074,0.536695652173913,0.03401360544194549,1.0,ga_meta,pl_rank,mip,rw_rank_bfs,d_round,13,0.5046729416493603,323.9999999676,0.39655171994405475,1,0,1,0.25366932404367926,12.390432079644395
3,3,975.3993538436496,66.0,33.0,25.0,8084.0,4648,3436.0,0.0463684858432499,0.2578833693304535,7,45,0.0,0.0,31.0,0.0967741935483871,11.0,8.333333330555556,0.9999999996666666,58.0,1.3199999999472,0.2269293296356507,0.0463684858432499,0.2578833693304535,0.04761904761872368,0.0,mip,mip,mip,pl_rank,rw_rank_bfs,9,0.15212592758685173,57.999999980666665,1.319999842040019,0,1,0,0.01195766136000872,139.37930794173607
9,15,60.415698816393274,590.0,295.0,1220.0,10719.0,1831,8888.0,0.2946841294298922,0.381704347826087,3,36,0.0,0.0,20.0,0.45,32.77777777777778,81.3333333279111,0.4166666666550926,1515.0,0.2418032786883264,-0.025054987089987657,0.2946841294298922,0.381704347826087,0.020408163265167294,1.0,ga_meta,rw_rank_bfs,mip,rw_rank_bfs,rw_rank_bfs,10,0.3381942386279896,631.2499999824653,0.40300545955275624,2,0,1,0.1124822134387352,7.075247520082344
7,12,1626.0068994073667,1402.0,701.0,3321.0,9625.0,4944,4681.0,0.0,0.0,0,0,0.0,0.0,31.0,0.22580645161290322,100.14285714285714,276.7499999769375,0.5714285714013605,4022.0,0.21108099969882232,0.0795639284689682,0.0,0.0,0.0,0.0,ga_meta,ga_meta,ga_meta,rw_rank_bfs,rw_rank_bfs,7,0.0,2298.285714176272,0.36185314106359256,1,0,1,0.0,2.393088015317482
8,13,56.452751411561366,1544.0,772.0,3378.0,17304.0,2649,14655.0,0.0,0.0,0,0,0.0,0.0,20.0,0.4,96.5,259.8461538261657,0.4642857142691327,4150.0,0.22853759621070796,-0.6547767045997896,0.0,0.0,0.0,1.0,ga_meta,sa_meta,mip,pl_rank,pl_rank,12,0.0,1926.7857142169007,0.3713735924418719,2,0,1,0.0,4.169638553212135
7,9,300.49657780782024,2160.0,144.0,430.0,6595.0,1087,5508.0,0.5832055214723926,0.5972212065813529,14,36,530676.9564086106,172485.03566168883,20.0,0.35,20.571428571428573,47.777777772469136,0.42857142855102043,574.0,0.3348837209294538,0.36932198527302285,0.5832055214723926,0.5972212065813529,0.09523809523744736,1.0,ga_meta,pl_rank,ga_meta,pl_rank,pso_meta,9,0.5902133640268727,245.99999998828574,0.43056477508917584,1,0,1,0.3483027052186494,11.489547018310894
5,5,739.5953931826461,52.0,26.0,92.0,8295.0,4357,3938.0,0.0296213808463251,0.1088481556913328,6,43,0.0,0.0,31.0,0.16129032258064516,5.2,18.39999999632,0.49999999995,118.0,0.28260869564910207,0.20675145835325615,0.0296213808463251,0.1088481556913328,0.04081632653033459,0.0,ga_meta,mip,ga_meta,pl_rank,rw_rank_bfs,6,0.06923476826882895,58.9999999941,0.28260868034952824,1,0,1,0.0032242326741530576,70.29660957375755
4,3,63.93929545784591,126.0,14.0,46.0,16438.0,2580,13858.0,0.0669077757685352,0.0363004172461752,8,35,5626.65800029044,3836.3577274707545,20.0,0.2,3.5,15.333333328222222,0.49999999991666666,60.0,0.3043478260803403,-0.571961365592426,0.0669077757685352,0.0363004172461752,0.05442176870711278,1.0,ga_meta,mip,ga_meta,pl_rank,ga_meta,13,0.0516040965073552,29.999999995,0.22826085475472688,0,0,1,0.0024287801774113583,273.96666210055565
7,13,900.0043655881793,314.0,157.0,724.0,8166.0,1100,7066.0,0.611032531824611,0.518271066266703,18,36,0.0,0.0,20.0,0.35,22.428571428571427,55.69230768802367,0.6190476190181405,881.0,0.21685082872898226,0.21908769245481496,0.611032531824611,0.518271066266703,0.12244897959100376,1.0,ga_meta,pso_meta,mip,rw_rank_bfs,mip,9,0.564651799045657,545.3809523549818,0.40272296043986,1,0,1,0.31668048179238434,9.269012475290564
6,7,509.628488861213,118.0,8.0,10.0,2556.0,652,1866.0,0.4566666666666666,0.9481666666666668,3,16,187496.34443484704,78811.36354718205,,,1.3333333333333333,1.428571428367347,0.46666666663555556,18.0,0.79999999992,0.755570431290045,0.4566666666666666,0.9481666666666668,0.020408163265167294,,d_round,mip,mip,pl_rank,mip,7,0.7024166666666667,8.39999999944,0.9333326801337904,1,0,1,0.43299611111111114,141.99999211111154
3,2,184.52483090917696,93.0,31.0,20.0,8927.0,4716,4211.0,0.0324169060320065,0.0904967602591793,8,63,20482.256230918643,9410.766376368025,31.0,0.0967741935483871,10.333333333333334,9.999999995,0.6666666664444444,51.0,1.5499999999225,0.14631347422778995,0.0324169060320065,0.0904967602591793,0.05442176870711278,0.0,ga_meta,sa_meta,ga_meta,pl_rank,pl_rank,5,0.0614568331455929,33.999999988666666,1.0333332305166771,0,1,0,0.0029336249735228354,175.0392122541331
2,0,820.5089106339283,20.0,10.0,38.0,2556.0,652,1866.0,0.4566666666666666,0.9481666666666668,14,16,301871.70592414826,126887.3845615863,,,5.0,38000000000.0,0.0,48.0,0.2631578947299169,0.755570431290045,0.4566666666666666,0.9481666666666668,0.09523809523744736,,d_round,mip,mip,pl_rank,mip,7,0.7024166666666667,0.0,1.3157894736842104e-10,0,0,1,0.43299611111111114,53.24999889062503
3,2,17.43833050962485,70.0,5.0,35.0,9042.0,4770,4272.0,0.0213377102995486,0.0773218142548596,7,63,1464.8197628084874,697.533220384994,31.0,0.0967741935483871,1.6666666666666667,17.49999999125,0.6666666664444444,40.0,0.14285714285306123,0.13531605623027632,0.0213377102995486,0.0773218142548596,0.04761904761872368,0.0,ga_meta,pl_rank,ga_meta,pl_rank,pl_rank,7,0.0493297622772041,26.666666657777775,0.09523808984353772,0,0,1,0.0016498704724057013,226.04999434875015
4,3,74.13974538383783,884.0,442.0,640.0,17304.0,2649,14655.0,0.0,0.0,0,0,0.0,0.0,20.0,0.2,110.5,213.33333326222223,0.49999999991666666,1082.0,0.6906249999989209,-0.6547767045997896,0.0,0.0,0.0,1.0,ga_meta,mip,mip,pl_rank,sa_meta,19,0.0,540.9999999098334,0.5179687477446777,0,0,1,0.0,15.992606269877442
5,7,574.8706965009721,894.0,447.0,1471.0,9202.0,4586,4616.0,0.0,0.0,0,0,0.0,0.0,31.0,0.16129032258064516,89.4,210.14285711283674,0.69999999993,1918.0,0.30387491502358677,0.12001530075547484,0.0,0.0,0.0,0.0,ga_meta,ga_meta,ga_meta,rw_rank_bfs,ga_meta,7,0.0,1342.5999998657398,0.4254248790696301,1,0,1,0.0,4.797705941189934
4,4,591.0151405214398,595.0,85.0,166.0,8372.0,1280,7092.0,0.5473833097595474,0.5164985001363512,13,36,166666.269627046,148344.8002708814,20.0,0.2,21.25,41.499999989624996,0.6666666665555555,251.0,0.5120481927679997,0.19938796978100792,0.5473833097595474,0.5164985001363512,0.08843537414905826,1.0,ga_meta,mip,sa_meta,rw_rank_bfs,pl_rank,17,0.5319409049479493,167.33333330544443,0.5120481805605861,0,0,1,0.282722658490478,33.35458154041999
6,8,23.34387240554858,514.0,257.0,688.0,8559.0,1140,7419.0,0.5608628659476117,0.483895652173913,7,35,0.0,0.0,20.0,0.3,42.833333333333336,85.99999998925,0.5333333332977778,945.0,0.373546511627364,0.1815052118198336,0.5608628659476117,0.483895652173913,0.04761904761872368,1.0,ga_meta,ga_meta,pl_rank,rw_rank_bfs,rw_rank_bfs,16,0.5223792590607623,503.99999996639997,0.49806200977471504,1,0,1,0.2713991022978495,9.057142847558579
8,19,900.0043655881793,1884.0,942.0,4681.0,9625.0,4944,4681.0,0.0,0.0,0,0,0.0,0.0,31.0,0.25806451612903225,117.75,246.3684210396648,0.6785714285471939,5623.0,0.20123905148468246,0.0795639284689682,0.0,0.0,0.0,0.0,pl_rank,pl_rank,pl_rank,rw_rank_bfs,rw_rank_bfs,3,0.0,3815.6071427208713,0.4779427453614266,2,0,1,0.0,1.71171972226361
5,5,269.9216904511026,75.0,6.0,9.0,2556.0,652,1866.0,0.4566666666666666,0.9481666666666668,30,16,0.0,0.0,,,1.2,1.79999999964,0.49999999995,15.0,0.6666666665925925,0.755570431290045,0.4566666666666666,0.9481666666666668,0.20408163265167292,,ga_meta,mip,mip,pl_rank,mip,6,0.7024166666666667,7.49999999925,0.6666662964298352,1,0,1,0.43299611111111114,170.39998864000077
5,7,15.435671937111186,1452.0,132.0,333.0,7791.0,865,6926.0,0.6683282208588956,0.4935283363802559,17,36,13151.19249041873,7177.587450756701,20.0,0.25,26.4,47.571428564632654,0.69999999993,465.0,0.396396396395206,0.25494883809888114,0.6683282208588956,0.4935283363802559,0.11564625850261466,1.0,ga_meta,mip,ga_meta,pl_rank,pl_rank,12,0.5809282786195757,325.49999996745,0.5549549433685147,1,0,1,0.329838914996467,16.75483867364551
4,3,220.5774058238976,766.0,383.0,921.0,9202.0,4586,4616.0,0.0,0.0,0,0,0.0,0.0,31.0,0.12903225806451613,95.75,306.99999989766667,0.49999999991666666,1304.0,0.41585233441865815,0.12001530075547484,0.0,0.0,0.0,0.0,ga_meta,pl_rank,ga_meta,rw_rank_bfs,d_round,6,0.0,651.9999998913333,0.31188924990236944,0,0,1,0.0,7.056748460846051
7,10,1038.5888542990858,405.0,5.0,37.0,3608.0,956,2592.0,0.2033333333333333,0.928,7,16,319910.09543017315,122850.224479949,,,0.7142857142857143,3.69999999963,0.47619047616780047,42.0,0.13513513513148284,0.6549679640432247,0.2033333333333333,0.928,0.04761904761872368,,d_round,mip,mip,pl_rank,mip,7,0.5656666666666667,19.99999999904762,0.1930501408937843,1,0,1,0.18869333333333332,85.90475985941049
10,22,357.5201530144074,206.0,3.0,8.0,2671.0,586,1993.0,0.5116666666666667,0.9446388888888888,1,16,122339.53127879492,48023.65298598932,,,0.3,0.3636363636198347,0.48888888887802473,11.0,0.374999999953125,0.7445730132925313,0.5116666666666667,0.9446388888888888,0.0068027210883890975,,d_round,mip,mip,rw_rank_bfs,mip,7,0.7281527777777778,5.377777777658272,0.8249977312937389,2,0,1,0.4833402314814815,242.81815974380368
2,1,635.9251806544353,84.0,14.0,26.0,8565.0,4707,3858.0,0.0342634386540828,0.1667386609071274,7,56,25437.00722617741,25437.00722617741,31.0,0.06451612903225806,7.0,25.999999973999998,0.9999999989999999,40.0,0.5384615384408284,0.18093143348952856,0.0342634386540828,0.1667386609071274,0.04761904761872368,0.0,ga_meta,ga_meta,ga_meta,pl_rank,pl_rank,7,0.1005010497806051,39.99999996,0.2692307591449708,0,0,1,0.005713039879255274,214.12499464687514
4,3,974.9884582552896,784.0,392.0,819.0,9202.0,4586,4616.0,0.0,0.0,0,0,0.0,0.0,31.0,0.12903225806451613,98.0,272.999999909,0.49999999991666666,1211.0,0.47863247863189423,0.12001530075547484,0.0,0.0,0.0,0.0,ga_meta,ga_meta,mip,rw_rank_bfs,mip,2,0.0,605.4999998990834,0.3589743577790927,0,0,1,0.0,7.598678771594814
5,4,830.5821426838758,970.0,485.0,1219.0,9625.0,4944,4681.0,0.0,0.0,0,0,0.0,0.0,31.0,0.16129032258064516,97.0,304.7499999238125,0.39999999996,1704.0,0.3978671041834308,0.0795639284689682,0.0,0.0,0.0,0.0,pl_rank,pl_rank,pl_rank,rw_rank_bfs,rw_rank_bfs,2,0.0,681.59999993184,0.31829368238213723,1,0,1,0.0,5.648474175088923
3,1,1246.3390756429883,81.0,15.0,36.0,3121.0,919,2202.0,0.2341666666666666,0.9388333333333332,27,16,0.0,0.0,,,5.0,35.999999964,0.3333333332222222,51.0,0.4166666666550926,0.701539638519652,0.2341666666666666,0.9388333333333332,0.18367346938650564,,ga_meta,mip,mip,rw_rank_bfs,mip,4,0.5864999999999999,16.999999994333333,0.1388888851697532,0,0,1,0.21984347222222214,61.19607723144947
4,4,158.58525199755755,816.0,68.0,236.0,7420.0,978,6442.0,0.6541725601131542,0.5608126533951459,17,36,102921.82854641484,48209.916607257495,20.0,0.2,17.0,58.99999998525,0.6666666665555555,304.0,0.2881355932191181,0.2904274648560773,0.6541725601131542,0.5608126533951459,0.11564625850261466,1.0,ga_meta,ga_meta,ga_meta,rw_rank_bfs,pl_rank,15,0.60749260675415,202.66666663288888,0.28813558840871883,0,0,1,0.36686824921535355,24.40789465655298
3,1,365.7395394343135,47.0,1.0,44.0,2556.0,652,1866.0,0.4566666666666666,0.9481666666666668,9,16,134558.46397530052,56559.69482857219,,,0.3333333333333333,43.999999955999996,0.3333333332222222,45.0,0.0227272727267562,0.755570431290045,0.4566666666666666,0.9481666666666668,0.06122448979550188,,d_round,mip,mip,pl_rank,mip,7,0.7024166666666667,14.999999995,0.007575757411157029,0,0,1,0.43299611111111114,56.799998737777806
4,3,382.8326778496837,1008.0,504.0,733.0,17304.0,2649,14655.0,0.0,0.0,0,0,0.0,0.0,20.0,0.2,126.0,244.3333332518889,0.49999999991666666,1237.0,0.6875852660290757,-0.6547767045997896,0.0,0.0,0.0,1.0,ga_meta,mip,mip,pl_rank,mip,17,0.0,618.4999998969166,0.5156889475838106,0,0,1,0.0,13.988682284568567
5,6,363.0878132011632,850.0,425.0,1489.0,9659.0,4735,4924.0,0.0,0.0,0,0,0.0,0.0,31.0,0.16129032258064516,85.0,248.16666662530554,0.59999999994,1914.0,0.2854264607116955,0.07631251793057281,0.0,0.0,0.0,0.0,mip,mip,mip,pl_rank,rw_rank_bfs,5,0.0,1148.39999988516,0.3425117515311817,1,0,1,0.0,5.0464994748973355
4,3,1707.3409174991905,228.0,19.0,35.0,8353.0,4704,3649.0,0.0348789495281083,0.2118790496760259,9,63,170734.09174991903,92196.40954495627,31.0,0.12903225806451613,4.75,11.666666662777777,0.49999999991666666,54.0,0.5428571428416327,0.20120493449364063,0.0348789495281083,0.2118790496760259,0.06122448979550188,0.0,ga_meta,rw_rank_bfs,ga_meta,pl_rank,pl_rank,5,0.1233789996020671,26.999999995499998,0.4071428223806153,0,0,1,0.007390118679713658,154.68518232064477
4,3,709.4487770217535,113.0,8.0,27.0,2556.0,652,1866.0,0.4566666666666666,0.9481666666666668,24,16,261011.80597770063,109712.51942548247,,,2.0,8.999999997,0.49999999991666666,35.0,0.29629629628532234,0.755570431290045,0.4566666666666666,0.9481666666666668,0.16326530612133835,,d_round,mip,mip,pl_rank,mip,7,0.7024166666666667,17.499999997083332,0.22222219760494102,0,0,1,0.43299611111111114,73.02856934204088
8,14,121.5233969384568,388.0,3.0,26.0,3121.0,919,2202.0,0.2341666666666666,0.9388333333333332,16,16,39316.39312714779,15624.692050484233,,,0.375,1.857142857010204,0.49999999998214284,29.0,0.11538461538017751,0.701539638519652,0.2341666666666666,0.9388333333333332,0.10884353741422556,,d_round,mip,mip,rw_rank_bfs,mip,7,0.5864999999999999,14.499999999482142,0.2019229682097479,2,0,1,0.21984347222222214,107.62068594411427
5,6,324.17451880825666,1076.0,538.0,1478.0,9659.0,4735,4924.0,0.0,0.0,0,0,0.0,0.0,31.0,0.16129032258064516,107.6,246.33333329227779,0.59999999994,2016.0,0.3640054127196455,0.07631251793057281,0.0,0.0,0.0,0.0,ga_meta,ga_meta,mip,pl_rank,mip,9,0.0,1209.5999998790398,0.43680649356343776,1,0,1,0.0,4.791170632544062
10,24,196.0806465277573,880.0,440.0,2016.0,9548.0,1641,7907.0,0.3678736517719568,0.4499478260869565,4,36,0.0,0.0,20.0,0.5,44.0,83.9999999965,0.5333333333214815,2456.0,0.21825396825385998,0.08692741704121643,0.3678736517719568,0.4499478260869565,0.02721088435355639,1.0,ga_meta,ga_meta,ga_meta,rw_rank_bfs,ga_meta,8,0.4089107389294566,1309.8666666375584,0.5238095175955216,2,0,1,0.165523949889462,3.8876221482542257
8,13,24.957804009073215,1492.0,746.0,3453.0,9202.0,4586,4616.0,0.0,0.0,0,0,0.0,0.0,31.0,0.25806451612903225,93.25,265.6153845949527,0.4642857142691327,4199.0,0.216044019692958,0.12001530075547484,0.0,0.0,0.0,0.0,ga_meta,pl_rank,ga_meta,rw_rank_bfs,pl_rank,4,0.0,1949.535714216088,0.351071530706435,2,0,1,0.0,2.191474159992504
4,4,1170.8810738473196,336.0,28.0,46.0,8348.0,4319,4029.0,0.0380846325167038,0.0882552613713509,8,61,149872.7774524569,86645.19946470165,31.0,0.12903225806451613,7.0,11.499999997125,0.6666666665555555,74.0,0.6086956521606806,0.20168308310222816,0.0380846325167038,0.0882552613713509,0.05442176870711278,0.0,ga_meta,mip,ga_meta,pl_rank,pl_rank,6,0.06316994694402735,49.333333325111106,0.6086955993960349,0,0,1,0.003361169196993543,112.81080928634042
8,14,1877.445669276959,1420.0,710.0,3318.0,9625.0,4944,4681.0,0.0,0.0,0,0,0.0,0.0,31.0,0.25806451612903225,88.75,236.99999998307143,0.49999999998214284,4028.0,0.21398432790831404,0.0795639284689682,0.0,0.0,0.0,0.0,ga_meta,sa_meta,ga_meta,rw_rank_bfs,rw_rank_bfs,7,0.0,2013.9999999280712,0.37447257228635744,2,0,1,0.0,2.3895233360502672
6,7,547.3447597155255,90.0,15.0,0.0,2556.0,652,1866.0,0.4566666666666666,0.9481666666666668,53,16,0.0,0.0,,,2.5,0.0,0.46666666663555556,15.0,15000000000.0,0.755570431290045,0.4566666666666666,0.9481666666666668,0.3605442176846222,,mip,mip,mip,pl_rank,mip,1,0.7024166666666667,6.999999999533333,2500000.0,1,1,0,0.43299611111111114,170.39998864000077
5,5,97.86448596467396,878.0,439.0,1192.0,9659.0,4735,4924.0,0.0,0.0,0,0,0.0,0.0,31.0,0.16129032258064516,87.8,238.39999995232,0.49999999995,1631.0,0.3682885906037179,0.07631251793057281,0.0,0.0,0.0,0.0,ga_meta,ga_meta,ga_meta,pl_rank,pl_rank,7,0.0,815.49999991845,0.36828858913284984,1,0,1,0.0,5.922133656700102
8,13,334.55686024872097,664.0,332.0,1083.0,12023.0,2042,9981.0,0.2134052388289676,0.3056695652173913,2,13,0.0,0.0,20.0,0.4,41.5,83.30769230128402,0.4642857142691327,1415.0,0.3065558633422839,-0.14975614420962025,0.2134052388289676,0.3056695652173913,0.013605442176778195,1.0,ga_meta,mip,rw_rank_bfs,rw_rank_bfs,rw_rank_bfs,17,0.25953740202317943,656.9642856908227,0.4981532719903116,2,0,1,0.06523148656796408,8.496819781981046
8,10,646.5739223750678,1618.0,809.0,2243.0,9202.0,4586,4616.0,0.0,0.0,0,0,0.0,0.0,31.0,0.25806451612903225,101.125,224.29999997757,0.357142857130102,3052.0,0.3606776638429065,0.12001530075547484,0.0,0.0,0.0,0.0,ga_meta,ga_meta,ga_meta,rw_rank_bfs,ga_meta,7,0.0,1089.9999999610714,0.4508470778389007,2,0,1,0.0,3.015072082891523
5,5,775.4176286499844,108.0,54.0,85.0,7984.0,4308,3676.0,0.0405345211581291,0.1681375876895224,8,59,0.0,0.0,31.0,0.16129032258064516,10.8,16.9999999966,0.49999999995,139.0,0.6352941176395848,0.23649230180740177,0.0405345211581291,0.1681375876895224,0.05442176870711278,0.0,mip,mip,mip,pl_rank,rw_rank_bfs,2,0.10433605442382574,69.49999999305,0.6352940804038776,1,0,1,0.006815376605677732,57.438848507634184
5,5,167.44345328066032,80.0,9.0,7.0,2671.0,586,1993.0,0.5116666666666667,0.9446388888888888,35,16,0.0,0.0,,,1.8,1.3999999997199999,0.49999999995,16.0,1.2857142855306123,0.7445730132925313,0.5116666666666667,0.9446388888888888,0.2380952380936184,,ga_meta,mip,mip,rw_rank_bfs,mip,6,0.7281527777777778,7.9999999992,1.2857133676047374,1,1,0,0.4833402314814815,166.9374895664069
4,3,1082.5593020591857,152.0,19.0,53.0,8583.0,4748,3835.0,0.0258514567090685,0.17170626349892,6,60,161301.33600681863,77944.26974826136,31.0,0.12903225806451613,4.75,17.66666666077778,0.49999999991666666,72.0,0.3584905660309719,0.17921009849861336,0.0258514567090685,0.17170626349892,0.04081632653033459,0.0,ga_meta,mip,ga_meta,pl_rank,pl_rank,5,0.09877886010399424,35.999999994,0.26886790939898625,0,0,1,0.0044388570375182386,119.20833167766206
5,7,2003.9749076568264,726.0,363.0,2020.0,9202.0,4586,4616.0,0.0,0.0,0,0,0.0,0.0,31.0,0.16129032258064516,72.6,288.57142853020406,0.69999999993,2383.0,0.17970297029694074,0.12001530075547484,0.0,0.0,0.0,0.0,ga_meta,ga_meta,ga_meta,rw_rank_bfs,ga_meta,6,0.0,1668.09999983319,0.2515841575799559,1,0,1,0.0,3.861519091959077
5,4,31.804992940808095,1044.0,522.0,1044.0,9625.0,4944,4681.0,0.0,0.0,0,0,0.0,0.0,31.0,0.16129032258064516,104.4,260.99999993475,0.39999999996,1566.0,0.4999999999995211,0.0795639284689682,0.0,0.0,0.0,0.0,ga_meta,mip,ga_meta,rw_rank_bfs,rw_rank_bfs,6,0.0,626.39999993736,0.39999999856743296,1,0,1,0.0,6.14623243541109
2,1,126.80222863516887,66.0,11.0,12.0,8835.0,4638,4197.0,0.0484201887566679,0.0935205183585313,11,63,2916.451258608884,2916.451258608884,31.0,0.06451612903225806,5.5,11.999999987999999,0.9999999989999999,23.0,0.9166666665902777,0.15511140862580086,0.0484201887566679,0.0935205183585313,0.07482993197228008,0.0,ga_meta,ga_meta,ga_meta,pl_rank,pl_rank,6,0.07097035355759959,22.999999976999998,0.4583332955972254,0,0,1,0.0045282811515415106,384.13041808128617
8,14,65.91999061211168,554.0,8.0,35.0,3608.0,956,2592.0,0.2033333333333333,0.928,15,16,0.0,0.0,,,1.0,2.4999999998214286,0.49999999998214284,43.0,0.22857142856489798,0.6549679640432247,0.2033333333333333,0.928,0.10204081632583646,,ga_meta,mip,mip,pl_rank,mip,5,0.5656666666666667,21.49999999923214,0.39999984002863537,2,0,1,0.18869333333333332,83.90697479286105
2,1,7.566453892334835,75.0,25.0,7.0,8153.0,4276,3877.0,0.0476614699331848,0.12265218375198,10,57,242.1265245547147,242.1265245547147,31.0,0.06451612903225806,12.5,6.999999992999999,0.9999999989999999,32.0,3.5714285709183673,0.22033087883714253,0.0476614699331848,0.12265218375198,0.06802721088389098,0.0,ga_meta,ga_meta,ga_meta,pl_rank,pl_rank,8,0.0851568268425824,31.999999967999997,1.7857140323979952,0,1,0,0.005845783368134452,254.78124203808622
4,4,93.57792722223468,200.0,40.0,42.0,8427.0,4666,3761.0,0.0426754205990972,0.1876889848812095,10,63,10293.571994445814,7673.390032223244,31.0,0.12903225806451613,10.0,10.499999997375,0.6666666665555555,82.0,0.9523809523582767,0.19412833508654492,0.0426754205990972,0.1876889848812095,0.06802721088389098,0.0,ga_meta,pl_rank,ga_meta,pl_rank,pl_rank,5,0.11518220274015335,54.66666665755555,0.9523808619161085,0,0,1,0.008009706371623211,102.76829142965498
7,10,1048.6854886787369,227.0,1.0,22.0,2671.0,586,1993.0,0.5116666666666667,0.9446388888888888,3,16,358848.8370854456,140863.9696954952,,,0.14285714285714285,2.19999999978,0.47619047616780047,23.0,0.04545454545247934,0.7445730132925313,0.5116666666666667,0.9446388888888888,0.020408163265167294,,d_round,mip,mip,rw_rank_bfs,mip,7,0.7281527777777778,10.95238095185941,0.06493503542563324,1,0,1,0.4833402314814815,116.13042973345956
3,1,675.8329492409015,81.0,17.0,30.0,3608.0,956,2592.0,0.2033333333333333,0.928,23,16,0.0,0.0,,,5.666666666666667,29.999999969999998,0.3333333332222222,47.0,0.5666666666477778,0.6549679640432247,0.2033333333333333,0.928,0.15646258503294924,,mip,mip,mip,pl_rank,mip,1,0.5656666666666667,15.666666661444443,0.1888888827814817,0,0,1,0.18869333333333332,76.76595581349031
6,7,352.202114725285,1250.0,625.0,1837.0,17304.0,2649,14655.0,0.0,0.0,0,0,0.0,0.0,20.0,0.3,104.16666666666667,262.4285713910816,0.46666666663555556,2462.0,0.3402286336416221,-0.6547767045997896,0.0,0.0,0.0,1.0,ga_meta,ga_meta,pl_rank,pl_rank,pl_rank,14,0.0,1148.9333332567378,0.39693340445960784,1,0,1,0.0,7.028432166113554
2,1,1542.7041794783074,189.0,21.0,14.0,15969.0,2501,13468.0,0.0954792043399638,0.0634214186369958,11,36,53994.64628174076,53994.64628174076,20.0,0.1,10.5,13.999999985999999,0.9999999989999999,35.0,1.499999999892857,-0.5271110261069141,0.0954792043399638,0.0634214186369958,0.07482993197228008,1.0,ga_meta,ga_meta,ga_meta,pl_rank,pl_rank,7,0.07945031148847981,34.999999965,0.7499999471785752,0,0,1,0.006055426589572111,456.2571298212249
8,16,284.0852402597483,544.0,272.0,1394.0,8677.0,1350,7327.0,0.4799691833590138,0.490295652173913,5,36,0.0,0.0,20.0,0.4,34.0,87.12499999455468,0.5714285714081633,1666.0,0.19512195121937223,0.17022090465716744,0.4799691833590138,0.490295652173913,0.03401360544194549,1.0,ga_meta,mip,ga_meta,rw_rank_bfs,pl_rank,13,0.48513241776646343,951.999999966,0.39024389798428816,2,0,1,0.2353268037783881,5.20828331019911
4,3,424.8870652977719,707.0,101.0,97.0,7630.0,1211,6419.0,0.535659509202454,0.5306032906764169,12,34,135538.97382998923,84127.63892895884,20.0,0.2,25.25,32.33333332255555,0.49999999991666666,198.0,1.0412371133913274,0.2703452232954002,0.535659509202454,0.5306032906764169,0.08163265306066918,1.0,ga_meta,mip,pl_rank,pl_rank,pl_rank,14,0.5331313999394354,98.9999999835,0.7809278111594492,0,0,1,0.2842226982649365,38.53535334073054
4,5,439.10753528544217,738.0,369.0,1029.0,9202.0,4586,4616.0,0.0,0.0,0,0,0.0,0.0,31.0,0.12903225806451613,92.25,205.79999995884,0.8333333331944445,1398.0,0.3586005830900305,0.12001530075547484,0.0,0.0,0.0,0.0,ga_meta,mip,ga_meta,rw_rank_bfs,ga_meta,4,0.0,1164.9999998058333,0.44825072677453487,0,0,1,0.0,6.582260367251601
2,1,237.4095293378929,84.0,7.0,28.0,8585.0,4697,3888.0,0.036315141567501,0.1602591792656588,10,63,8309.33352682625,8309.33352682625,31.0,0.06451612903225806,3.5,27.999999971999998,0.9999999989999999,35.0,0.24999999999107142,0.17901883905517835,0.036315141567501,0.1602591792656588,0.06802721088389098,0.0,ga_meta,ga_meta,ga_meta,pl_rank,pl_rank,5,0.0982871604165799,34.999999965,0.12499999566071444,0,0,1,0.00581983478252392,245.28570727755124
6,8,585.9591551902396,290.0,145.0,419.0,8150.0,1142,7008.0,0.5621165644171779,0.4875319926873858,13,36,0.0,0.0,20.0,0.3,24.166666666666668,52.37499999345312,0.5333333332977778,564.0,0.34606205250514066,0.22061776800229516,0.5621165644171779,0.4875319926873858,0.08843537414905826,1.0,ga_meta,rw_rank_bfs,pso_meta,pl_rank,pso_meta,8,0.5248242785522819,300.7999999799467,0.46141606125577933,1,0,1,0.27404980877289403,14.450354584307883
2,1,611.2432736368179,52.0,13.0,13.0,8758.0,4701,4057.0,0.0354944604021337,0.1237580993520518,6,63,15892.325114557265,15892.325114557265,31.0,0.06451612903225806,6.5,12.999999986999999,0.9999999989999999,26.0,0.9999999999230769,0.1624748971980492,0.0354944604021337,0.1237580993520518,0.04081632653033459,0.0,ga_meta,ga_meta,ga_meta,pl_rank,pl_rank,7,0.07962627987709275,25.999999973999998,0.4999999620384645,0,0,1,0.0043927269568947306,336.84614089053304
4,4,82.71054538256782,728.0,364.0,1135.0,17304.0,2649,14655.0,0.0,0.0,0,0,0.0,0.0,20.0,0.2,91.0,283.7499999290625,0.6666666665555555,1499.0,0.32070484581469544,-0.6547767045997896,0.0,0.0,0.0,1.0,ga_meta,ga_meta,rw_rank_bfs,pl_rank,rw_rank_bfs,13,0.0,999.3333331667777,0.32070484476491684,0,0,1,0.0,11.5436957894972
7,11,306.71954341938437,612.0,306.0,919.0,8677.0,1350,7327.0,0.4799691833590138,0.490295652173913,5,36,0.0,0.0,20.0,0.35,43.714285714285715,83.5454545378595,0.5238095237845805,1225.0,0.33297062023902835,0.17022090465716744,0.4799691833590138,0.490295652173913,0.03401360544194549,1.0,ga_meta,mip,rw_rank_bfs,rw_rank_bfs,rw_rank_bfs,16,0.48513241776646343,641.666666636111,0.5232395398751059,1,0,1,0.2353268037783881,7.083265300340191
5,5,399.4176833791185,878.0,439.0,1130.0,9625.0,4944,4681.0,0.0,0.0,0,0,0.0,0.0,31.0,0.16129032258064516,87.8,225.9999999548,0.49999999995,1569.0,0.3884955752208951,0.0795639284689682,0.0,0.0,0.0,0.0,mip,mip,mip,rw_rank_bfs,rw_rank_bfs,5,0.0,784.4999999215499,0.3884955735799311,1,0,1,0.0,6.134480556956991
8,12,927.08404086713,1488.0,744.0,3246.0,17304.0,2649,14655.0,0.0,0.0,0,0,0.0,0.0,20.0,0.4,93.0,270.49999997745834,0.42857142855612246,3990.0,0.22920517560066875,-0.6547767045997896,0.0,0.0,0.0,1.0,ga_meta,pl_rank,ga_meta,pl_rank,pl_rank,7,0.0,1709.9999999389286,0.3438077621587513,2,0,1,0.0,4.33684210417623
2,1,116.71971017495972,70.0,14.0,25.0,8428.0,4384,4044.0,0.0236080178173719,0.0848608282416836,6,63,4552.0686968234295,4552.0686968234295,31.0,0.06451612903225806,7.0,24.999999974999998,0.9999999989999999,39.0,0.5599999999776,0.19403270536482742,0.0236080178173719,0.0848608282416836,0.04081632653033459,0.0,ga_meta,ga_meta,ga_meta,pl_rank,pl_rank,7,0.05423442302952775,38.999999961,0.27999998908000046,0,0,1,0.002003395945126603,216.10255856147288
8,11,464.701435255523,1754.0,877.0,2789.0,17304.0,2649,14655.0,0.0,0.0,0,0,0.0,0.0,20.0,0.4,109.625,253.54545452240495,0.39285714284311224,3666.0,0.31444962352086253,-0.6547767045997896,0.0,0.0,0.0,1.0,ga_meta,ga_meta,ga_meta,pl_rank,sa_meta,13,0.0,1440.2142856628495,0.4323682306753584,2,0,1,0.0,4.720130931609348
6,12,91.95137903680518,328.0,164.0,579.0,7710.0,1333,6377.0,0.4888803680981595,0.5336745886654479,11,36,0.0,0.0,20.0,0.3,27.333333333333332,48.24999999597917,0.7999999999466667,743.0,0.2832469775470065,0.2626948455579994,0.4888803680981595,0.5336745886654479,0.07482993197228008,1.0,ga_meta,pl_rank,ga_meta,pl_rank,pl_rank,7,0.5112774783818037,594.3999999603734,0.566493943401392,1,0,1,0.26090302935139803,10.376850591686608
4,3,66.88858366579424,116.0,17.0,16.0,2556.0,652,1866.0,0.4566666666666666,0.9481666666666668,54,16,0.0,0.0,,,4.25,5.333333331555555,0.49999999991666666,33.0,1.0624999999335938,0.755570431290045,0.4566666666666666,0.9481666666666668,0.3673469387730113,,mip,mip,mip,pl_rank,mip,1,0.7024166666666667,16.49999999725,0.7968748508515905,0,0,1,0.43299611111111114,77.4545431074381
3,2,722.4043999209265,410.0,82.0,98.0,9894.0,1408,8486.0,0.5021216407355021,0.4214616853013362,13,36,130032.79198576676,130032.79198576676,20.0,0.15,27.333333333333332,48.999999975499996,0.6666666664444444,180.0,0.8367346938690129,0.05383953332695801,0.5021216407355021,0.4214616853013362,0.08843537414905826,1.0,ga_meta,ga_meta,ga_meta,rw_rank_bfs,pl_rank,18,0.4617916630184192,119.99999996,0.557823118146467,0,0,1,0.2116250329306568,54.9666663612963
4,4,761.4110932755659,670.0,335.0,1346.0,9625.0,4944,4681.0,0.0,0.0,0,0,0.0,0.0,31.0,0.12903225806451613,83.75,336.499999915875,0.6666666665555555,1681.0,0.248885586924035,0.0795639284689682,0.0,0.0,0.0,0.0,mip,rw_rank_bfs,pso_meta,rw_rank_bfs,rw_rank_bfs,5,0.0,1120.6666664798888,0.24888558624681106,0,0,1,0.0,5.725758473690804
6,12,89.84745782970349,1116.0,558.0,2891.0,17304.0,2649,14655.0,0.0,0.0,0,0,0.0,0.0,20.0,0.3,93.0,240.91666664659027,0.7999999999466667,3449.0,0.19301279833960808,-0.6547767045997896,0.0,0.0,0.0,1.0,ga_meta,ga_meta,ga_meta,pl_rank,pl_rank,17,0.0,2759.1999998160536,0.38602559510919854,1,0,1,0.0,5.017106406199737
3,2,178.7746515098864,60.0,20.0,22.0,16270.0,2531,13739.0,0.084629294755877,0.0445757997218358,9,36,11441.57769663273,7508.535363415229,20.0,0.15,6.666666666666667,10.9999999945,0.6666666664444444,42.0,0.9090909090495868,-0.5558955723438845,0.084629294755877,0.0445757997218358,0.06122448979550188,1.0,ga_meta,sa_meta,pl_rank,pl_rank,pl_rank,14,0.06460254723885639,27.999999990666666,0.6060605512672227,0,0,1,0.0037724184936381816,387.3809431575966
4,3,812.842371594315,84.0,6.0,20.0,3013.0,795,2170.0,0.3375,0.9397222222222222,32,16,0.0,0.0,,,1.5,6.666666664444445,0.49999999991666666,26.0,0.299999999985,0.7118676484651429,0.3375,0.9397222222222222,0.21768707482845112,,ga_meta,mip,mip,pl_rank,mip,6,0.6386111111111111,12.999999997833333,0.22499996632500502,0,0,1,0.31715625000000003,115.88461092751496
5,6,155.2381468807392,968.0,121.0,257.0,7008.0,1122,5886.0,0.6032531824611033,0.5987182983365149,15,36,152443.8602368859,58680.01952091942,20.0,0.25,24.2,42.83333332619444,0.59999999994,378.0,0.47081712062073616,0.32982691020369126,0.6032531824611033,0.5987182983365149,0.10204081632583646,1.0,ga_meta,rw_rank_bfs,sa_meta,rw_rank_bfs,sa_meta,13,0.600985740398809,226.79999997732,0.5649805316510382,1,0,1,0.3611787188691989,18.539682490635762
4,4,411.6650229571929,698.0,349.0,1275.0,9625.0,4944,4681.0,0.0,0.0,0,0,0.0,0.0,31.0,0.12903225806451613,87.25,318.7499999203125,0.6666666665555555,1624.0,0.27372549019586373,0.0795639284689682,0.0,0.0,0.0,0.0,ga_meta,mip,mip,rw_rank_bfs,rw_rank_bfs,8,0.0,1082.666666486222,0.27372548940576313,0,0,1,0.0,5.9267241342815735
9,17,291.7118841114527,810.0,405.0,1373.0,8677.0,1350,7327.0,0.4799691833590138,0.490295652173913,5,36,0.0,0.0,20.0,0.45,45.0,80.76470587760208,0.472222222209105,1778.0,0.2949745083756045,0.17022090465716744,0.4799691833590138,0.490295652173913,0.03401360544194549,1.0,ga_meta,ga_meta,ga_meta,rw_rank_bfs,pl_rank,12,0.48513241776646343,839.6111110877887,0.5571740645105906,2,0,1,0.2353268037783881,4.880202471945893
8,12,87.09758201034975,626.0,313.0,890.0,9306.0,1294,8012.0,0.5015408320493067,0.4426434782608696,6,36,0.0,0.0,20.0,0.4,39.125,74.16666666048611,0.42857142855612246,1203.0,0.35168539325803183,0.11006980969685376,0.5015408320493067,0.4426434782608696,0.04081632653033459,1.0,ga_meta,mip,ga_meta,rw_rank_bfs,mcts,11,0.4720921551550881,515.5714285530153,0.5275280828188629,2,0,1,0.22200377838815571,7.73566084144999
3,2,1427.2953147212122,210.0,21.0,52.0,15492.0,2455,13037.0,0.1121157323688969,0.0933936022253129,10,36,104192.55797464847,104192.55797464847,20.0,0.15,7.0,25.999999987,0.6666666664444444,73.0,0.4038461538383876,-0.48149564884766183,0.1121157323688969,0.0933936022253129,0.06802721088389098,1.0,ga_meta,ga_meta,ga_meta,pl_rank,pl_rank,10,0.10275466729710489,48.66666665044444,0.2692307590103554,0,0,1,0.010470892112060395,212.2191751750798
2,1,38.169744915379454,63.0,21.0,21.0,8616.0,4695,3921.0,0.0367254821501846,0.1531317494600431,8,62,2404.6939296689056,1603.129286445937,31.0,0.06451612903225806,10.5,20.999999979,0.9999999989999999,42.0,0.999999999952381,0.17605431768193558,0.0367254821501846,0.1531317494600431,0.05442176870711278,0.0,ga_meta,mip,pl_rank,pl_rank,pl_rank,8,0.09492861580511384,41.999999958,0.4999999766904773,0,0,1,0.005623837331421353,205.14285225850352
9,18,204.7834101214007,72.0,4.0,2.0,3121.0,919,2202.0,0.2341666666666666,0.9388333333333332,35,16,0.0,0.0,,,0.4444444444444444,0.11111111110493826,0.49999999998611117,6.0,1.999999999,0.701539638519652,0.2341666666666666,0.9388333333333332,0.2380952380936184,,mip,mip,mip,rw_rank_bfs,mip,1,0.5864999999999999,2.999999999916667,3.9999640005462154,2,1,0,0.21984347222222214,520.1665799722366
3,2,152.78507077359487,58.0,29.0,49.0,8348.0,4382,3966.0,0.0240534521158128,0.1025118805159538,5,43,0.0,0.0,31.0,0.0967741935483871,9.666666666666666,24.499999987749998,0.6666666664444444,78.0,0.5918367346817993,0.20168308310222816,0.0240534521158128,0.1025118805159538,0.03401360544194549,0.0,mip,mip,mip,pl_rank,pl_rank,3,0.06328266631588329,51.999999982666665,0.3945578072221303,0,0,1,0.002465764609292418,107.02563965351744
7,9,45.16862189037337,598.0,299.0,758.0,8677.0,1350,7327.0,0.4799691833590138,0.490295652173913,5,36,0.0,0.0,20.0,0.35,42.714285714285715,84.2222222128642,0.42857142855102043,1057.0,0.39445910290185426,0.17022090465716744,0.4799691833590138,0.490295652173913,0.03401360544194549,1.0,ga_meta,ga_meta,sa_meta,rw_rank_bfs,pl_rank,20,0.48513241776646343,452.9999999784286,0.5071616977662671,1,0,1,0.2353268037783881,8.209082300653659
7,13,172.14893206224505,1224.0,612.0,3172.0,17304.0,2649,14655.0,0.0,0.0,0,0,0.0,0.0,20.0,0.35,87.42857142857143,243.99999998123076,0.6190476190181405,3784.0,0.19293820933159114,-0.6547767045997896,0.0,0.0,0.0,1.0,ga_meta,ga_meta,ga_meta,pl_rank,ga_meta,10,0.0,2342.4761903646436,0.35831381588927413,1,0,1,0.0,4.572938688009266
6,8,279.84937076880203,1968.0,164.0,405.0,8002.0,1237,6765.0,0.5256901840490797,0.5053016453382084,13,36,320707.3789010471,159234.29196744834,20.0,0.3,27.333333333333332,50.62499999367188,0.5333333332977778,569.0,0.4049382716039384,0.23477096681648657,0.5256901840490797,0.5053016453382084,0.08843537414905826,1.0,ga_meta,mip,ga_meta,pl_rank,pl_rank,13,0.5154959146936441,303.46666664643556,0.5399176848757,1,0,1,0.2656321149381456,14.063268868078614
6,7,822.5857464057614,1182.0,591.0,1367.0,9625.0,4944,4681.0,0.0,0.0,0,0,0.0,0.0,31.0,0.1935483870967742,98.5,195.28571425781632,0.46666666663555556,1958.0,0.4323335771759822,0.0795639284689682,0.0,0.0,0.0,0.0,ga_meta,rw_rank_bfs,ga_meta,rw_rank_bfs,rw_rank_bfs,3,0.0,913.7333332724178,0.5043891708615771,1,0,1,0.0,4.915730334568064
3,2,814.7205532427729,1222.0,94.0,99.0,6705.0,855,5850.0,0.6721625766871165,0.5722120658135283,17,36,185756.28613935225,157241.06677585517,20.0,0.15,31.333333333333332,49.49999997525,0.6666666664444444,193.0,0.9494949494853586,0.35880271588409673,0.6721625766871165,0.5722120658135283,0.11564625850261466,1.0,ga_meta,pso_meta,pl_rank,pl_rank,pl_rank,17,0.6221873212503224,128.66666662377776,0.6329966205253208,0,0,1,0.38461953656867914,34.74093246248221
7,11,61.04553485762224,1408.0,704.0,2516.0,9659.0,4735,4924.0,0.0,0.0,0,0,0.0,0.0,31.0,0.22580645161290322,100.57142857142857,228.72727270647934,0.5238095237845805,3220.0,0.27980922098558036,0.07631251793057281,0.0,0.0,0.0,0.0,ga_meta,mip,ga_meta,pl_rank,pl_rank,7,0.0,1686.666666586349,0.4397002025236818,1,0,1,0.0,2.9996894400622085
8,14,265.0431362163708,76.0,6.0,2.0,3121.0,919,2202.0,0.2341666666666666,0.9388333333333332,20,16,85749.24995235524,34077.531469701906,,,0.75,0.14285714284693876,0.49999999998214284,8.0,2.9999999985,0.701539638519652,0.2341666666666666,0.9388333333333332,0.13605442176778196,,d_round,mip,mip,rw_rank_bfs,mip,7,0.5864999999999999,3.9999999998571427,5.249963250632243,2,1,0,0.21984347222222214,390.1249512343811
7,12,153.4647152235408,292.0,146.0,587.0,8769.0,1439,7330.0,0.4482361963190184,0.4639853747714808,11,36,0.0,0.0,20.0,0.35,20.857142857142858,48.91666666259028,0.5714285714013605,733.0,0.24872231686499366,0.16142297025915653,0.4482361963190184,0.4639853747714808,0.07482993197228008,1.0,ga_meta,rw_rank_bfs,mip,pl_rank,pso_meta,9,0.4561107855452496,418.8571428371972,0.4263811059454824,1,0,1,0.20797503953522278,11.963165058713281
5,4,1061.3733212584032,1505.0,215.0,309.0,8388.0,1088,7300.0,0.5808936825885979,0.4921739130434782,7,32,1161142.413456693,556159.6203394033,20.0,0.25,43.0,77.2499999806875,0.39999999996,524.0,0.695792880256648,0.19785789423352773,0.5808936825885979,0.4921739130434782,0.04761904761872368,1.0,ga_meta,mip,ga_meta,rw_rank_bfs,sa_meta,12,0.536533797816038,209.59999997904,0.5566342971406564,1,0,1,0.2859007168218664,16.00763355723734
4,4,96.80055693325929,792.0,396.0,701.0,9625.0,4944,4681.0,0.0,0.0,0,0,0.0,0.0,31.0,0.12903225806451613,99.0,175.2499999561875,0.6666666665555555,1097.0,0.5649072753201642,0.0795639284689682,0.0,0.0,0.0,0.0,ga_meta,rw_rank_bfs,ga_meta,rw_rank_bfs,rw_rank_bfs,7,0.0,731.3333332114444,0.5649072722387602,0,0,1,0.0,8.773928888993684
4,3,21.17390148200908,150.0,3.0,46.0,2671.0,586,1993.0,0.5116666666666667,0.9446388888888888,46,16,0.0,0.0,,,0.75,15.333333328222222,0.49999999991666666,49.0,0.06521739130293006,0.7445730132925313,0.5116666666666667,0.9446388888888888,0.3129251700658985,,mip,mip,mip,rw_rank_bfs,mip,1,0.7281527777777778,24.499999995916667,0.04891304030458433,0,0,1,0.4833402314814815,54.51020296917953
7,10,1030.9754374390554,258.0,14.0,16.0,2556.0,652,1866.0,0.4566666666666666,0.9481666666666668,7,16,379304.0027135977,159434.9252134371,,,2.0,1.59999999984,0.47619047616780047,30.0,0.8749999999453125,0.755570431290045,0.4566666666666666,0.9481666666666668,0.04761904761872368,,d_round,mip,mip,pl_rank,mip,7,0.7024166666666667,14.285714285034015,1.249999218875488,1,1,0,0.43299611111111114,85.1999971600001
5,6,55.88105997560869,1308.0,654.0,1496.0,9659.0,4735,4924.0,0.0,0.0,0,0,0.0,0.0,31.0,0.16129032258064516,130.8,249.33333329177776,0.59999999994,2150.0,0.4371657754007773,0.07631251793057281,0.0,0.0,0.0,0.0,ga_meta,ga_meta,mcts,pl_rank,pl_rank,11,0.0,1289.999999871,0.5245989284647102,1,0,1,0.0,4.492558137445322
6,7,690.6218591957276,114.0,19.0,0.0,3121.0,919,2202.0,0.2341666666666666,0.9388333333333332,31,16,0.0,0.0,,,3.1666666666666665,0.0,0.46666666663555556,19.0,19000000000.0,0.701539638519652,0.2341666666666666,0.9388333333333332,0.21088435374006204,,mip,mip,mip,rw_rank_bfs,mip,2,0.5864999999999999,8.866666666075556,3166666.6666666665,1,1,0,0.21984347222222214,164.26314924930793
8,14,208.87763496470305,1566.0,783.0,2893.0,9659.0,4735,4924.0,0.0,0.0,0,0,0.0,0.0,31.0,0.25806451612903225,97.875,206.64285712809695,0.49999999998214284,3676.0,0.27065330107145846,0.07631251793057281,0.0,0.0,0.0,0.0,ga_meta,pl_rank,ga_meta,pl_rank,pl_rank,6,0.0,1837.999999934357,0.4736432746169613,2,0,1,0.0,2.6275843300795474
8,19,267.7021816518967,658.0,329.0,1507.0,10873.0,1489,9384.0,0.4264252696456087,0.3471999999999999,5,36,0.0,0.0,20.0,0.4,41.125,79.3157894695097,0.6785714285471939,1836.0,0.21831453218300045,-0.0397819642344841,0.4264252696456087,0.3471999999999999,0.03401360544194549,1.0,ga_meta,mip,mcts,rw_rank_bfs,pl_rank,17,0.38681263482280426,1245.857142812648,0.5184970074251373,2,0,1,0.1480548536209553,5.922113286534796
5,6,1196.4760244714907,770.0,110.0,357.0,8701.0,1313,7388.0,0.5357142857142857,0.4963185164985001,14,36,930858.3470388198,558754.3034281862,20.0,0.25,22.0,59.49999999008333,0.59999999994,467.0,0.3081232492988568,0.1679257913359472,0.5357142857142857,0.4963185164985001,0.09523809523744736,1.0,ga_meta,mip,ga_meta,rw_rank_bfs,rw_rank_bfs,12,0.5160164011063929,280.19999997198,0.36974789300703825,1,0,1,0.26588491955276794,18.631691608925713
6,8,85.76931646187187,406.0,203.0,551.0,8621.0,1336,7285.0,0.485362095531587,0.4932173913043478,5,36,0.0,0.0,20.0,0.3,33.833333333333336,68.87499999139062,0.5333333332977778,754.0,0.3684210526309103,0.17557616907334794,0.485362095531587,0.4932173913043478,0.03401360544194549,1.0,ga_meta,pso_meta,mip,rw_rank_bfs,mip,8,0.4892897434179674,402.13333330652443,0.49122806310467426,1,0,1,0.23938902659610098,11.433686987488478
7,11,186.88164703572036,484.0,242.0,704.0,9750.0,1313,8437.0,0.4942218798151001,0.4130782608695652,6,28,0.0,0.0,20.0,0.35,34.57142857142857,63.99999999418182,0.5238095237845805,946.0,0.3437499999995117,0.0676102132542794,0.4942218798151001,0.4130782608695652,0.04081632653033459,1.0,ga_meta,ga_meta,pso_meta,rw_rank_bfs,pso_meta,10,0.4536500703423326,495.52380950021313,0.5401785630373885,1,0,1,0.2041523145977088,10.306553900310197
6,7,179.61728772549435,212.0,12.0,20.0,2671.0,586,1993.0,0.5116666666666667,0.9446388888888888,41,16,0.0,0.0,,,2.0,2.857142856734694,0.46666666663555556,32.0,0.59999999997,0.7445730132925313,0.5116666666666667,0.9446388888888888,0.278911564623953,,ga_meta,mip,mip,rw_rank_bfs,mip,2,0.7281527777777778,14.933333332337778,0.6999997551000856,1,0,1,0.4833402314814815,83.46874739160165
10,22,48.30058672179441,260.0,4.0,10.0,2556.0,652,1866.0,0.4566666666666666,0.9481666666666668,55,16,0.0,0.0,,,0.4,0.4545454545247934,0.48888888887802473,14.0,0.39999999996,0.755570431290045,0.4566666666666666,0.9481666666666668,0.37414965986140036,,mip,mip,mip,pl_rank,mip,1,0.7024166666666667,6.844444444292346,0.8799980640442591,2,0,1,0.43299611111111114,182.5714155306132
6,9,660.5202828400759,408.0,204.0,425.0,7630.0,1211,6419.0,0.535659509202454,0.5306032906764169,12,34,0.0,0.0,20.0,0.3,34.0,47.22222221697531,0.59999999996,629.0,0.4799999999988706,0.2703452232954002,0.535659509202454,0.5306032906764169,0.08163265306066918,1.0,ga_meta,mip,ga_meta,pl_rank,pl_rank,8,0.5331313999394354,377.39999997484,0.7199999848329415,1,0,1,0.2842226982649365,12.130365640492265
5,8,1513.200373587617,174.0,58.0,99.0,15251.0,2372,12879.0,0.142133815551537,0.1043810848400556,12,36,426722.505351708,237572.45865325583,20.0,0.25,11.6,12.374999998453125,0.79999999992,157.0,0.585858585852668,-0.4584488859137419,0.142133815551537,0.1043810848400556,0.08163265306066918,1.0,ga_meta,mip,sa_meta,pl_rank,sa_meta,15,0.1232574501957963,125.59999998744,0.9373736617435425,1,0,1,0.014836081859725797,97.1401267698081
8,11,513.394598691001,1666.0,833.0,2605.0,9625.0,4944,4681.0,0.0,0.0,0,0,0.0,0.0,31.0,0.25806451612903225,104.125,236.81818179665288,0.39285714284311224,3438.0,0.3197696737042918,0.0795639284689682,0.0,0.0,0.0,0.0,pl_rank,rw_rank_bfs,pl_rank,rw_rank_bfs,rw_rank_bfs,2,0.0,1350.6428570946198,0.43968329952691315,2,0,1,0.0,2.7995927856894727
4,5,370.2969163070019,45.0,15.0,50.0,16115.0,2566,13549.0,0.0719710669077757,0.05778859527121,9,36,44435.629956840225,24069.29955995512,20.0,0.2,3.75,9.999999998,0.8333333331944445,65.0,0.299999999994,-0.5410729654776705,0.0719710669077757,0.05778859527121,0.06122448979550188,1.0,ga_meta,sa_meta,pso_meta,pl_rank,pso_meta,8,0.06487983108949286,54.16666665763889,0.3749999625750038,0,0,1,0.004159106856770625,247.9230731088758
8,11,464.701435255523,1754.0,877.0,2789.0,9659.0,4735,4924.0,0.0,0.0,0,0,0.0,0.0,31.0,0.25806451612903225,109.625,253.54545452240495,0.39285714284311224,3666.0,0.31444962352086253,0.07631251793057281,0.0,0.0,0.0,0.0,ga_meta,ga_meta,ga_meta,pl_rank,pl_rank,7,0.0,1440.2142856628495,0.4323682306753584,2,0,1,0.0,2.634751772330946
2,1,137.11827442572147,21.0,7.0,30.0,8229.0,4396,3833.0,0.0209354120267261,0.1326091875990043,6,17,5073.376153751694,5073.376153751694,31.0,0.06451612903225806,3.5,29.999999969999998,0.9999999989999999,37.0,0.23333333332555556,0.2130630199866118,0.0209354120267261,0.1326091875990043,0.04081632653033459,0.0,ga_meta,ga_meta,ga_meta,pl_rank,pl_rank,5,0.07677229981286521,36.99999996299999,0.11666666289444458,0,0,1,0.0027762279809145727,222.4053993944487
8,17,993.9697259470512,596.0,298.0,1436.0,8621.0,1336,7285.0,0.485362095531587,0.4932173913043478,5,36,0.0,0.0,20.0,0.4,37.25,84.47058823032526,0.6071428571211734,1734.0,0.207520891364758,0.17557616907334794,0.485362095531587,0.4932173913043478,0.03401360544194549,1.0,ga_meta,ga_meta,ga_meta,rw_rank_bfs,pl_rank,18,0.4892897434179674,1052.7857142481148,0.44098188895582024,2,0,1,0.23938902659610098,4.971741634964393
3,2,200.06130094633517,1079.0,83.0,137.0,7935.0,1049,6886.0,0.629066478076379,0.5305426779383693,17,36,44013.48620819374,44013.48620819374,20.0,0.15,27.666666666666668,68.49999996574999,0.6666666664444444,220.0,0.6058394160539721,0.24117815817155974,0.629066478076379,0.5305426779383693,0.11564625850261466,1.0,ga_meta,ga_meta,mip,rw_rank_bfs,pl_rank,17,0.5798045780073742,146.66666661777776,0.4038929383446287,0,0,1,0.3337466138799006,36.06818165423554
4,3,333.4583037388232,824.0,412.0,962.0,9659.0,4735,4924.0,0.0,0.0,0,0,0.0,0.0,31.0,0.12903225806451613,103.0,320.66666655977775,0.49999999991666666,1374.0,0.4282744282739831,0.07631251793057281,0.0,0.0,0.0,0.0,ga_meta,mip,mip,pl_rank,mip,6,0.0,686.9999998855,0.3212058203112085,0,0,1,0.0,7.029839878435341
4,3,397.7751201325795,688.0,344.0,900.0,17304.0,2649,14655.0,0.0,0.0,0,0,0.0,0.0,20.0,0.2,86.0,299.9999999,0.49999999991666666,1244.0,0.3822222222217975,-0.6547767045997896,0.0,0.0,0.0,1.0,ga_meta,ga_meta,rw_rank_bfs,pl_rank,rw_rank_bfs,15,0.0,621.9999998963333,0.2866666658066667,0,0,1,0.0,13.909967834477516
4,3,347.7915241262213,270.0,45.0,69.0,8628.0,4682,3946.0,0.0393926959376282,0.1477321814254859,7,51,90773.58779694376,39648.23375038923,31.0,0.12903225806451613,11.25,22.999999992333333,0.49999999991666666,114.0,0.6521739130340264,0.1749067610213254,0.0393926959376282,0.1477321814254859,0.04761904761872368,0.0,ga_meta,mip,ga_meta,pl_rank,pl_rank,5,0.09356243868155704,56.9999999905,0.4891304136791124,0,0,1,0.00581956890309669,75.68420986241921
3,3,285.53880582204164,252.0,18.0,60.0,15117.0,2359,12758.0,0.1468354430379747,0.1127955493741307,14,34,27697.26416473804,22272.02685411925,20.0,0.15,6.0,19.999999993333333,0.9999999996666666,78.0,0.29999999999500004,-0.44563450320359577,0.1468354430379747,0.1127955493741307,0.09523809523744736,1.0,ga_meta,mip,ga_meta,pl_rank,ga_meta,16,0.1298154962060527,77.99999997399999,0.29999998510000075,0,0,1,0.016562384465062228,193.80768982297835
7,13,214.22051409883127,1152.0,576.0,2646.0,9202.0,4586,4616.0,0.0,0.0,0,0,0.0,0.0,31.0,0.22580645161290322,82.28571428571429,203.53846152280474,0.6190476190181405,3222.0,0.2176870748298497,0.12001530075547484,0.0,0.0,0.0,0.0,ga_meta,ga_meta,ga_meta,rw_rank_bfs,ga_meta,1,0.0,1994.5714284764488,0.4042759941575902,1,0,1,0.0,2.8559900673941683
5,4,233.43217208535285,1296.0,648.0,860.0,9202.0,4586,4616.0,0.0,0.0,0,0,0.0,0.0,31.0,0.16129032258064516,129.6,214.99999994625,0.39999999996,1508.0,0.7534883720921471,0.12001530075547484,0.0,0.0,0.0,0.0,ga_meta,sa_meta,ga_meta,rw_rank_bfs,d_round,5,0.0,603.1999999396801,0.6027906950214386,1,0,1,0.0,6.102122011868619
7,9,463.3192984431422,1378.0,689.0,2272.0,9202.0,4586,4616.0,0.0,0.0,0,0,0.0,0.0,31.0,0.22580645161290322,98.42857142857143,252.44444441639507,0.42857142855102043,2961.0,0.3032570422533877,0.12001530075547484,0.0,0.0,0.0,0.0,ga_meta,ga_meta,ga_meta,rw_rank_bfs,ga_meta,6,0.0,1268.9999999395716,0.3899019099676295,1,0,1,0.0,3.107733872641765
5,5,378.3299249938461,175.0,11.0,24.0,3608.0,956,2592.0,0.2033333333333333,0.928,5,16,116534.62475346158,44751.02541355779,,,2.2,4.79999999904,0.49999999995,35.0,0.4583333333142361,0.6549679640432247,0.2033333333333333,0.928,0.03401360544194549,,d_round,mip,mip,pl_rank,mip,7,0.5656666666666667,17.49999999825,0.4583332379389088,1,0,1,0.18869333333333332,103.08571134040825
5,6,142.21094672270127,180.0,36.0,102.0,15970.0,2437,13533.0,0.1186256781193489,0.0589012517385257,13,36,31286.408278994277,19625.110647732778,20.0,0.25,7.2,16.999999997166668,0.59999999994,138.0,0.352941176467128,-0.5272066558286315,0.1186256781193489,0.0589012517385257,0.08843537414905826,1.0,ga_meta,rw_rank_bfs,ga_meta,pl_rank,ga_meta,10,0.0887634649289373,82.79999999172,0.4235293869218007,1,0,1,0.006987200929561089,115.7246368425751
8,13,265.8397536115622,1372.0,686.0,3692.0,17304.0,2649,14655.0,0.0,0.0,0,0,0.0,0.0,20.0,0.4,85.75,283.9999999781538,0.4642857142691327,4378.0,0.18580715059583267,-0.6547767045997896,0.0,0.0,0.0,1.0,ga_meta,ga_meta,ga_meta,pl_rank,pl_rank,8,0.0,2032.6428570702628,0.3019366186783787,2,0,1,0.0,3.952489720431135
7,11,1619.9815287615754,1214.0,607.0,2969.0,9202.0,4586,4616.0,0.0,0.0,0,0,0.0,0.0,31.0,0.22580645161290322,86.71428571428571,269.90909088455373,0.5238095237845805,3576.0,0.20444594139434002,0.12001530075547484,0.0,0.0,0.0,0.0,ga_meta,ga_meta,ga_meta,rw_rank_bfs,ga_meta,7,0.0,1873.1428570536598,0.32127219245869415,1,0,1,0.0,2.5732662185197803
4,3,187.1793619718783,210.0,35.0,36.0,8093.0,4307,3786.0,0.0407572383073496,0.1432450780719619,10,63,18343.577473244077,13289.734700003362,31.0,0.12903225806451613,8.75,11.999999996,0.49999999991666666,71.0,0.9722222221952161,0.22606866214019317,0.0407572383073496,0.1432450780719619,0.06802721088389098,0.0,ga_meta,mip,ga_meta,pl_rank,pl_rank,5,0.09200115818965575,35.49999999408333,0.7291666061458384,0,0,1,0.00583827378333385,113.98591388752234
4,3,1061.378972983742,176.0,44.0,42.0,8477.0,4714,3763.0,0.0328272466146901,0.1872570194384449,6,63,133733.75059595148,91278.5916766018,31.0,0.12903225806451613,11.0,13.999999995333333,0.49999999991666666,86.0,1.0476190475941043,0.18934684900066945,0.0328272466146901,0.1872570194384449,0.04081632653033459,0.0,ga_meta,rw_rank_bfs,ga_meta,pl_rank,pl_rank,6,0.1100421330265675,42.99999999283333,0.7857142298537455,0,0,1,0.0061471323574376485,98.56976629570039
10,21,421.06815550826786,972.0,486.0,1683.0,9350.0,1166,8184.0,0.5508474576271186,0.4306782608695652,7,35,0.0,0.0,20.0,0.5,48.6,80.14285713904081,0.46666666665629636,2169.0,0.28877005347576423,0.10586210194128332,0.5508474576271186,0.4306782608695652,0.04761904761872368,1.0,ga_meta,mip,mip,rw_rank_bfs,d_round,10,0.4907628592483419,1012.1999999775068,0.6064171047616405,2,0,1,0.23723802505526895,4.310742275559824
8,11,450.8835213951323,1538.0,769.0,2535.0,9625.0,4944,4681.0,0.0,0.0,0,0,0.0,0.0,31.0,0.25806451612903225,96.125,230.45454543359503,0.39285714284311224,3304.0,0.3033530571990914,0.0795639284689682,0.0,0.0,0.0,0.0,ga_meta,mip,ga_meta,rw_rank_bfs,rw_rank_bfs,5,0.0,1297.9999999536428,0.4171104518768876,2,0,1,0.0,2.9131355923386395
6,10,719.0094988332306,1072.0,536.0,2822.0,9659.0,4735,4924.0,0.0,0.0,0,0,0.0,0.0,31.0,0.1935483870967742,89.33333333333333,282.19999997178,0.6666666666222222,3358.0,0.18993621544996814,0.07631251793057281,0.0,0.0,0.0,0.0,pl_rank,pl_rank,pl_rank,pl_rank,pl_rank,2,0.0,2238.666666517422,0.3165603579932895,1,0,1,0.0,2.876414531603212
5,8,192.40876832824677,1215.0,135.0,329.0,7554.0,1067,6487.0,0.6227015558698727,0.5577447504772293,17,36,180671.83346022372,89277.6685043065,20.0,0.25,27.0,41.12499999485937,0.79999999992,464.0,0.4103343465033121,0.27761308214593095,0.6227015558698727,0.5577447504772293,0.11564625850261466,1.0,ga_meta,ga_meta,ga_meta,rw_rank_bfs,pl_rank,14,0.590223153173551,371.19999996288004,0.6565349385249863,1,0,1,0.3473085239004246,16.280172378706524
4,4,131.78855704244657,530.0,265.0,802.0,9202.0,4586,4616.0,0.0,0.0,0,0,0.0,0.0,31.0,0.12903225806451613,66.25,200.499999949875,0.6666666665555555,1067.0,0.33042394014921395,0.12001530075547484,0.0,0.0,0.0,0.0,ga_meta,mip,ga_meta,rw_rank_bfs,pl_rank,6,0.0,711.3333332147778,0.33042393858423225,0,0,1,0.0,8.624179935684928
5,6,1151.5227149574398,982.0,491.0,1272.0,17304.0,2649,14655.0,0.0,0.0,0,0,0.0,0.0,20.0,0.25,98.2,211.99999996466667,0.59999999994,1763.0,0.3860062893078726,-0.6547767045997896,0.0,0.0,0.0,1.0,ga_meta,sa_meta,ga_meta,pl_rank,pl_rank,12,0.0,1057.79999989422,0.46320754506207135,1,0,1,0.0,9.815087912753778
7,13,619.849048179235,1368.0,684.0,2183.0,9202.0,4586,4616.0,0.0,0.0,0,0,0.0,0.0,31.0,0.22580645161290322,97.71428571428571,167.92307691015975,0.6190476190181405,2867.0,0.31333027943183084,0.12001530075547484,0.0,0.0,0.0,0.0,pso_meta,pl_rank,pso_meta,rw_rank_bfs,pl_rank,2,0.0,1774.8095237250088,0.5818990869531564,1,0,1,0.0,3.2096267864633323
7,10,683.9637252839972,1478.0,739.0,2562.0,17304.0,2649,14655.0,0.0,0.0,0,0,0.0,0.0,20.0,0.35,105.57142857142857,256.19999997438,0.47619047616780047,3301.0,0.2884465261513316,-0.6547767045997896,0.0,0.0,0.0,1.0,ga_meta,ga_meta,ga_meta,pl_rank,pl_rank,8,0.0,1571.9047618299094,0.41206646436346317,1,0,1,0.0,5.242047862695532
5,4,41.43113418526711,674.0,337.0,843.0,9202.0,4586,4616.0,0.0,0.0,0,0,0.0,0.0,31.0,0.16129032258064516,67.4,210.7499999473125,0.39999999996,1180.0,0.39976275207544515,0.12001530075547484,0.0,0.0,0.0,0.0,ga_meta,mip,mip,rw_rank_bfs,mip,2,0.0,471.9999999528,0.31981020022320195,1,0,1,0.0,7.7983050781370284
6,8,1626.0068994073667,2160.0,144.0,406.0,7528.0,1276,6252.0,0.5487977369165489,0.5737660212707936,14,36,2012996.54146632,894303.7946740517,20.0,0.3,24.0,50.749999993656246,0.5333333332977778,550.0,0.35467980295479146,0.2800994549105862,0.5487977369165489,0.5737660212707936,0.09523809523744736,1.0,ga_meta,mip,ga_meta,rw_rank_bfs,rw_rank_bfs,13,0.5612818790936712,293.33333331377776,0.47290639468164747,1,0,1,0.31488149399302395,13.687272702386776
2,1,129.78076160090816,12.0,4.0,0.0,15474.0,2378,13096.0,0.1399638336347197,0.0892906815020861,13,34,519.1230464036327,519.1230464036327,20.0,0.1,2.0,0.0,0.9999999989999999,4.0,3999999999.9999995,-0.47977431385674674,0.1399638336347197,0.0892906815020861,0.08843537414905826,1.0,ga_meta,ga_meta,rw_rank_bfs,pl_rank,rw_rank_bfs,12,0.1146272575684029,3.9999999959999997,2000000.0,0,1,0,0.012497466090888724,3868.4990328752415
6,8,64.51925301523175,532.0,266.0,496.0,10719.0,1831,8888.0,0.2946841294298922,0.381704347826087,3,36,0.0,0.0,20.0,0.3,44.333333333333336,61.99999999225,0.5333333332977778,762.0,0.536290322579564,-0.025054987089987657,0.2946841294298922,0.381704347826087,0.020408163265167294,1.0,ga_meta,ga_meta,mip,rw_rank_bfs,d_round,13,0.3381942386279896,406.39999997290664,0.715053751997117,1,0,1,0.1124822134387352,14.06692911539773
3,1,64.79123753382537,49.0,1.0,46.0,2556.0,652,1866.0,0.4566666666666666,0.9481666666666668,50,16,0.0,0.0,,,0.3333333333333333,45.999999953999996,0.3333333332222222,47.0,0.02173913043431002,0.755570431290045,0.4566666666666666,0.9481666666666668,0.3401360544194549,,mip,mip,mip,pl_rank,mip,1,0.7024166666666667,15.666666661444443,0.007246376661310653,0,0,1,0.43299611111111114,54.38297756631963
8,13,913.7631384400366,1520.0,760.0,3611.0,9202.0,4586,4616.0,0.0,0.0,0,0,0.0,0.0,31.0,0.25806451612903225,95.0,277.7692307478639,0.4642857142691327,4371.0,0.21046801440038482,0.12001530075547484,0.0,0.0,0.0,0.0,ga_meta,pl_rank,sa_meta,rw_rank_bfs,pl_rank,3,0.0,2029.392857070379,0.3420105221957528,2,0,1,0.0,2.1052390752447403
4,3,295.2177839948812,488.0,244.0,747.0,17304.0,2649,14655.0,0.0,0.0,0,0,0.0,0.0,20.0,0.2,61.0,248.999999917,0.49999999991666666,991.0,0.3266398929045159,-0.6547767045997896,0.0,0.0,0.0,1.0,ga_meta,mip,mip,pl_rank,pl_rank,16,0.0,495.4999999174167,0.24497991877651976,0,0,1,0.0,17.46115033555888
5,8,484.6130654714875,926.0,463.0,1751.0,9625.0,4944,4681.0,0.0,0.0,0,0,0.0,0.0,31.0,0.16129032258064516,92.6,218.8749999726406,0.79999999992,2214.0,0.2644203312391408,0.0795639284689682,0.0,0.0,0.0,0.0,mcts,pl_rank,rw_rank_bfs,rw_rank_bfs,rw_rank_bfs,6,0.0,1771.19999982288,0.4230725281028097,1,0,1,0.0,4.347335138054501
4,3,601.3568890336401,966.0,483.0,884.0,9202.0,4586,4616.0,0.0,0.0,0,0,0.0,0.0,31.0,0.12903225806451613,120.75,294.66666656844444,0.49999999991666666,1367.0,0.5463800904971194,0.12001530075547484,0.0,0.0,0.0,0.0,ga_meta,mip,ga_meta,rw_rank_bfs,pl_rank,4,0.0,683.4999998860833,0.40978506661922487,0,0,1,0.0,6.731528890467059
3,1,789.6615653454517,59.0,7.0,38.0,3013.0,795,2170.0,0.3375,0.9397222222222222,10,16,261531.52343371723,103840.49584292687,,,2.3333333333333335,37.999999962,0.3333333332222222,45.0,0.18421052631094184,0.7118676484651429,0.3375,0.9397222222222222,0.06802721088389098,,d_round,mip,mip,pl_rank,mip,7,0.6386111111111111,14.999999995,0.061403507217451574,0,0,1,0.31715625000000003,66.95555406765436
7,7,251.0583867326255,1466.0,733.0,1810.0,9659.0,4735,4924.0,0.0,0.0,0,0,0.0,0.0,31.0,0.22580645161290322,104.71428571428571,258.57142853448977,0.3333333333174603,2543.0,0.404972375690384,0.07631251793057281,0.0,0.0,0.0,0.0,ga_meta,mip,ga_meta,pl_rank,pl_rank,5,0.0,847.6666666263015,0.40497237418226945,1,0,1,0.0,3.7982697586322183
8,12,196.0930245159851,1634.0,817.0,2648.0,9625.0,4944,4681.0,0.0,0.0,0,0,0.0,0.0,31.0,0.25806451612903225,102.125,220.66666664827778,0.42857142855612246,3465.0,0.3085347432023004,0.0795639284689682,0.0,0.0,0.0,0.0,ga_meta,rw_rank_bfs,ga_meta,rw_rank_bfs,rw_rank_bfs,5,0.0,1484.9999999469644,0.4628021127449017,2,0,1,0.0,2.7777777769761105
8,14,831.4828804207492,550.0,275.0,1215.0,9355.0,1409,7946.0,0.4572419106317411,0.4472347826086956,5,36,0.0,0.0,20.0,0.4,34.375,86.7857142795153,0.49999999998214284,1490.0,0.2263374485594845,0.10538395333269579,0.4572419106317411,0.4472347826086956,0.03401360544194549,1.0,ga_meta,mip,mip,rw_rank_bfs,rw_rank_bfs,11,0.45223834662021833,744.9999999733928,0.39609053044370995,2,0,1,0.20449448650097135,6.278523485719111
5,5,51.83541829823771,274.0,137.0,460.0,10284.0,1591,8693.0,0.3871340523882897,0.3952695652173913,4,36,0.0,0.0,20.0,0.25,27.4,91.9999999816,0.49999999995,597.0,0.2978260869558743,0.016543941857129152,0.3871340523882897,0.3952695652173913,0.02721088435355639,1.0,ga_meta,rw_rank_bfs,mip,rw_rank_bfs,pl_rank,12,0.3912018088028405,298.49999997015,0.2978260837788469,1,0,1,0.15302230856836604,17.22613062441184
2,1,142.53179076484057,81.0,27.0,4.0,8397.0,4357,4040.0,0.0296213808463251,0.0857660104095949,7,63,4418.485513710058,4418.485513710058,31.0,0.06451612903225806,13.5,3.9999999959999997,0.9999999989999999,31.0,6.7499999983125,0.19699722673807019,0.0296213808463251,0.0857660104095949,0.04761904761872368,0.0,ga_meta,ga_meta,ga_meta,pl_rank,pl_rank,8,0.05769369562796,30.999999968999997,3.3749991596252094,0,1,0,0.0025405076580124935,270.8709590041626
3,2,144.46555249550426,852.0,71.0,84.0,8551.0,1092,7459.0,0.6138613861386139,0.4914780474502318,18,36,22392.16063680316,22392.16063680316,20.0,0.15,23.666666666666668,41.999999979,0.6666666664444444,155.0,0.8452380952280328,0.18227024959357363,0.6138613861386139,0.4914780474502318,0.12244897959100376,1.0,ga_meta,ga_meta,ga_meta,rw_rank_bfs,ga_meta,16,0.5526697167944228,103.33333329888887,0.5634920503573322,0,0,1,0.30169939546449875,55.16774157956296
8,12,1774.076036388154,1364.0,682.0,2897.0,17304.0,2649,14655.0,0.0,0.0,0,0,0.0,0.0,20.0,0.4,85.25,241.4166666465486,0.42857142855612246,3579.0,0.23541594753184833,-0.6547767045997896,0.0,0.0,0.0,1.0,ga_meta,mip,ga_meta,pl_rank,pl_rank,12,0.0,1533.8571428023622,0.3531239198646058,2,0,1,0.0,4.834870074089167
2,1,395.21114240467216,138.0,23.0,23.0,7839.0,4263,3576.0,0.0505567928730512,0.1907671418873048,10,58,18179.71255061492,18179.71255061492,31.0,0.06451612903225806,11.5,22.999999976999998,0.9999999989999999,46.0,0.9999999999565218,0.25035861145644067,0.0505567928730512,0.1907671418873048,0.06802721088389098,0.0,ga_meta,ga_meta,ga_meta,pl_rank,pl_rank,8,0.120661967380178,45.999999953999996,0.4999999787608705,0,0,1,0.009644574879380438,170.41303977362958
5,5,172.60699758086142,810.0,405.0,964.0,9659.0,4735,4924.0,0.0,0.0,0,0,0.0,0.0,31.0,0.16129032258064516,81.0,192.79999996144,0.49999999995,1369.0,0.420124481327365,0.07631251793057281,0.0,0.0,0.0,0.0,ga_meta,mip,ga_meta,pl_rank,pl_rank,8,0.0,684.49999993155,0.42012447923275686,1,0,1,0.0,7.05551496928012
6,9,538.9108739554525,1132.0,566.0,1918.0,9659.0,4735,4924.0,0.0,0.0,0,0,0.0,0.0,31.0,0.1935483870967742,94.33333333333333,213.1111110874321,0.59999999996,2484.0,0.29509906152226534,0.07631251793057281,0.0,0.0,0.0,0.0,ga_meta,rw_rank_bfs,ga_meta,pl_rank,pl_rank,5,0.0,1490.3999999006398,0.44264859025573305,1,0,1,0.0,3.888486310833943
4,3,2563.632171770084,656.0,328.0,474.0,9659.0,4735,4924.0,0.0,0.0,0,0,0.0,0.0,31.0,0.12903225806451613,82.0,157.99999994733332,0.49999999991666666,802.0,0.6919831223614094,0.07631251793057281,0.0,0.0,0.0,0.0,ga_meta,rw_rank_bfs,rw_rank_bfs,pl_rank,rw_rank_bfs,6,0.0,400.99999993316663,0.5189873386604177,0,0,1,0.0,12.043640882738602
6,9,766.8185533463725,1154.0,577.0,2544.0,9659.0,4735,4924.0,0.0,0.0,0,0,0.0,0.0,31.0,0.1935483870967742,96.16666666666667,282.6666666352593,0.59999999996,3121.0,0.22680817610053977,0.07631251793057281,0.0,0.0,0.0,0.0,ga_meta,sa_meta,ga_meta,pl_rank,pl_rank,7,0.0,1872.59999987516,0.34021226298516366,1,0,1,0.0,3.0948413959965264
7,10,927.0896655836634,2484.0,207.0,504.0,9094.0,1347,7747.0,0.5236916548797736,0.4718434687755658,13,36,1431426.4436611764,659160.7522299847,20.0,0.35,29.571428571428573,50.39999999496,0.47619047616780047,711.0,0.4107142857134708,0.13034331070096583,0.5236916548797736,0.4718434687755658,0.08843537414905826,1.0,ga_meta,sa_meta,ga_meta,rw_rank_bfs,rw_rank_bfs,12,0.49776756182766974,338.5714285553061,0.5867346822946634,1,0,1,0.24710048700728887,12.790435987636517
8,14,32.55643084343409,708.0,354.0,1072.0,9694.0,1341,8353.0,0.4834360554699538,0.4189217391304347,6,35,0.0,0.0,20.0,0.4,44.25,76.57142856595918,0.49999999998214284,1426.0,0.3302238805967069,0.07296547767046002,0.4834360554699538,0.4189217391304347,0.04081632653033459,1.0,ga_meta,ga_meta,mcts,rw_rank_bfs,pl_rank,10,0.4511788973001942,712.9999999745357,0.57789178353896,2,0,1,0.20252187311583034,6.798036460870942
4,4,93.57792722223468,160.0,40.0,42.0,15866.0,2443,13423.0,0.1164556962025316,0.0665507649513212,13,36,11229.351266668162,7673.390032223244,20.0,0.2,10.0,10.499999997375,0.6666666665555555,82.0,0.9523809523582767,-0.5172611647700105,0.1164556962025316,0.0665507649513212,0.08843537414905826,1.0,ga_meta,pl_rank,sa_meta,pl_rank,sa_meta,10,0.0915032305769264,54.66666665755555,0.9523808619161085,0,0,1,0.007750215665217149,193.48780251844144
8,18,275.9244271557935,1378.0,689.0,4487.0,17304.0,2649,14655.0,0.0,0.0,0,0,0.0,0.0,20.0,0.4,86.125,249.277777763929,0.6428571428341837,5176.0,0.15355471361708187,-0.6547767045997896,0.0,0.0,0.0,1.0,ga_meta,ga_meta,ga_meta,pl_rank,ga_meta,9,0.0,3327.4285713097347,0.3454981042717092,2,0,1,0.0,3.343122101363384
8,12,175.08114936243655,1762.0,881.0,3413.0,17304.0,2649,14655.0,0.0,0.0,0,0,0.0,0.0,20.0,0.4,110.125,284.41666664296525,0.42857142855612246,4294.0,0.25813067682383295,-0.6547767045997896,0.0,0.0,0.0,1.0,ga_meta,pl_rank,ga_meta,pl_rank,pl_rank,7,0.0,1840.2857142199898,0.38719601390676034,2,0,1,0.0,4.029809034925521
5,7,592.3344078953928,410.0,41.0,69.0,8363.0,4707,3656.0,0.0342634386540828,0.2103671706263499,8,61,116689.8783553924,65156.78486849321,31.0,0.16129032258064516,8.2,9.857142855734693,0.69999999993,110.0,0.594202898542113,0.20024863727646558,0.0342634386540828,0.2103671706263499,0.05442176870711278,0.0,ga_meta,mip,ga_meta,pl_rank,pl_rank,3,0.12231530464021635,76.99999999229999,0.8318839736958288,1,0,1,0.00720790264558891,76.0272720361157
9,18,2884.920466590633,540.0,0.0,30.0,2671.0,586,1993.0,0.5116666666666667,0.9446388888888888,44,16,0.0,0.0,,,0.0,1.6666666665740741,0.49999999998611117,30.0,0.0,0.7445730132925313,0.5116666666666667,0.9446388888888888,0.2993197278891203,,mip,mip,mip,rw_rank_bfs,mip,1,0.7281527777777778,14.999999999583334,0.0,2,0,1,0.4833402314814815,89.03333036555566
4,3,529.0811906916113,132.0,44.0,37.0,16229.0,2546,13683.0,0.0792043399638335,0.0484700973574409,8,35,54495.36264123596,42855.57644602051,20.0,0.2,11.0,12.333333329222222,0.49999999991666666,81.0,1.189189189157049,-0.5519747537534665,0.0792043399638335,0.0484700973574409,0.05442176870711278,1.0,ga_meta,mip,mip,pl_rank,mip,14,0.0638372186606372,40.49999999325,0.8918918198736362,0,0,1,0.0038390420691788566,200.3580222178022
2,1,351.66130815657266,50.0,10.0,9.0,8935.0,4679,4256.0,0.0400082068116536,0.0807775377969762,7,63,9846.516628384034,6681.56485497488,31.0,0.06451612903225806,5.0,8.999999991,0.9999999989999999,19.0,1.1111111109876544,0.1455484364540499,0.0400082068116536,0.0807775377969762,0.04761904761872368,0.0,ga_meta,sa_meta,rw_rank_bfs,pl_rank,rw_rank_bfs,8,0.06039287230431491,18.999999981,0.5555554943827229,0,0,1,0.0032317644379175896,470.2631331440456
5,4,144.6970497051178,92.0,46.0,68.0,8551.0,4749,3802.0,0.0256462864177267,0.1788336933045357,7,63,0.0,0.0,31.0,0.16129032258064516,9.2,16.99999999575,0.39999999996,114.0,0.676470588225346,0.18227024959357363,0.0256462864177267,0.1788336933045357,0.04761904761872368,0.0,pso_meta,rw_rank_bfs,pso_meta,pl_rank,pl_rank,3,0.1022399898611312,45.59999999544,0.5411764388896212,1,0,1,0.004586420119628017,75.00877127185288
5,6,660.5202828400759,322.0,46.0,62.0,8015.0,4274,3741.0,0.0481069042316257,0.153428377460964,9,62,190890.36174078193,71336.19054672819,31.0,0.16129032258064516,9.2,10.333333331611112,0.59999999994,108.0,0.7419354838590011,0.2335277804341589,0.0481069042316257,0.153428377460964,0.06122448979550188,0.0,ga_meta,mip,ga_meta,pl_rank,pl_rank,5,0.10076764084629485,64.79999999352,0.8903224946333069,1,0,1,0.007380964260928313,74.2129622758059
4,4,553.1703784252045,46.0,23.0,63.0,8231.0,4388,3843.0,0.0227171492204899,0.130346232179226,6,35,0.0,0.0,31.0,0.12903225806451613,5.75,15.749999996062499,0.6666666665555555,86.0,0.3650793650735702,0.2128717605431768,0.0227171492204899,0.130346232179226,0.04081632653033459,0.0,mip,mip,mip,pl_rank,pl_rank,3,0.07653169069985795,57.33333332377777,0.3650793419909942,0,0,1,0.0029610948067440995,95.70930121268255
7,12,851.1817108850397,1580.0,790.0,2991.0,9625.0,4944,4681.0,0.0,0.0,0,0,0.0,0.0,31.0,0.22580645161290322,112.85714285714286,249.24999997922916,0.5714285714013605,3781.0,0.26412571046463923,0.0795639284689682,0.0,0.0,0.0,0.0,ga_meta,pl_rank,ga_meta,rw_rank_bfs,rw_rank_bfs,3,0.0,2160.571428468544,0.4527869304463819,1,0,1,0.0,2.5456228504243263
2,1,343.3117553354174,39.0,13.0,12.0,16670.0,2610,14060.0,0.0560578661844484,0.0222531293463142,7,36,8582.793883385435,8582.793883385435,20.0,0.1,6.5,11.999999987999999,0.9999999989999999,25.0,1.0833333332430555,-0.5941474610308883,0.0560578661844484,0.0222531293463142,0.04761904761872368,1.0,ga_meta,ga_meta,ga_meta,pl_rank,pl_rank,15,0.0391554977653813,24.999999974999998,0.5416666220694482,0,0,1,0.001247462947080903,666.799973328001
4,4,607.2302711986198,950.0,475.0,842.0,9625.0,4944,4681.0,0.0,0.0,0,0,0.0,0.0,31.0,0.12903225806451613,118.75,210.499999947375,0.6666666665555555,1317.0,0.5641330166264084,0.0795639284689682,0.0,0.0,0.0,0.0,mip,mip,mip,rw_rank_bfs,rw_rank_bfs,5,0.0,877.9999998536666,0.5641330140881449,0,0,1,0.0,7.308276380175948
5,4,273.5515138601787,910.0,455.0,1203.0,9659.0,4735,4924.0,0.0,0.0,0,0,0.0,0.0,31.0,0.16129032258064516,91.0,300.74999992481247,0.39999999996,1658.0,0.37822111388164736,0.07631251793057281,0.0,0.0,0.0,0.0,ga_meta,mcts,ga_meta,pl_rank,pl_rank,7,0.0,663.19999993368,0.3025768901751392,1,0,1,0.0,5.825693603241439
4,5,50.39289489713439,52.0,26.0,70.0,8735.0,4742,3993.0,0.0270824784571194,0.1375809935205183,6,62,0.0,0.0,31.0,0.12903225806451613,6.5,13.9999999972,0.8333333331944445,96.0,0.3714285714232653,0.16467438079755192,0.0270824784571194,0.1375809935205183,0.04081632653033459,0.0,mcts,pl_rank,mcts,pl_rank,pl_rank,4,0.08233173598881885,79.99999998666667,0.4642856812153085,0,0,1,0.003726034293128521,90.98958238552518
3,2,219.79942430456225,220.0,22.0,50.0,7965.0,4255,3710.0,0.0523385300668151,0.1604435392622765,11,63,26815.529765156596,15825.558549928484,31.0,0.0967741935483871,7.333333333333333,24.9999999875,0.6666666664444444,72.0,0.43999999999120004,0.23830926652003448,0.0523385300668151,0.1604435392622765,0.07482993197228008,0.0,ga_meta,rw_rank_bfs,ga_meta,pl_rank,pl_rank,3,0.1063910346645458,47.999999984,0.2933333217466671,0,0,1,0.008397379003704889,110.62499846354169
8,13,345.38023389308626,1542.0,771.0,3364.0,9659.0,4735,4924.0,0.0,0.0,0,0,0.0,0.0,31.0,0.25806451612903225,96.375,258.76923074932546,0.4642857142691327,4135.0,0.2291914387633088,0.07631251793057281,0.0,0.0,0.0,0.0,ga_meta,pso_meta,ga_meta,pl_rank,pl_rank,6,0.0,1919.8214285028637,0.37243608657987687,2,0,1,0.0,2.3359129377664054
6,9,214.2538067347141,1152.0,576.0,1771.0,9202.0,4586,4616.0,0.0,0.0,0,0,0.0,0.0,31.0,0.1935483870967742,96.0,196.77777775591358,0.59999999996,2347.0,0.3252399774137068,0.12001530075547484,0.0,0.0,0.0,0.0,sa_meta,pl_rank,sa_meta,rw_rank_bfs,pl_rank,2,0.0,1408.19999990612,0.4878599636957992,1,0,1,0.0,3.920749891810503
7,12,695.9217694374233,306.0,153.0,526.0,7806.0,1175,6631.0,0.5845120226308345,0.5479274611398963,14,36,0.0,0.0,20.0,0.35,21.857142857142858,43.833333329680556,0.5714285714013605,679.0,0.2908745247142759,0.25351439227311845,0.5845120226308345,0.5479274611398963,0.09523809523744736,1.0,ga_meta,mip,mip,rw_rank_bfs,sa_meta,10,0.5662197418853654,387.9999999815238,0.4986420310339678,1,0,1,0.32027018856585876,11.496318097943567
7,8,109.3659987062436,1376.0,688.0,2033.0,9659.0,4735,4924.0,0.0,0.0,0,0,0.0,0.0,31.0,0.22580645161290322,98.28571428571429,254.12499996823436,0.3809523809342404,2721.0,0.33841613379225854,0.07631251793057281,0.0,0.0,0.0,0.0,ga_meta,mip,ga_meta,pl_rank,pl_rank,6,0.0,1036.5714285220681,0.3867612942891833,1,0,1,0.0,3.549797867126131
7,7,488.6016738904192,1402.0,701.0,1104.0,9659.0,4735,4924.0,0.0,0.0,0,0,0.0,0.0,31.0,0.22580645161290322,100.14285714285714,157.7142856917551,0.3333333333174603,1805.0,0.6349637681153669,0.07631251793057281,0.0,0.0,0.0,0.0,ga_meta,rw_rank_bfs,ga_meta,pl_rank,pl_rank,4,0.0,601.6666666380158,0.6349637641806128,1,0,1,0.0,5.351246534431442
6,7,259.15915401225277,149.0,5.0,17.0,3013.0,795,2170.0,0.3375,0.9397222222222222,0,16,85832.07203578028,34079.42875261124,,,0.8333333333333334,2.42857142822449,0.46666666663555556,22.0,0.2941176470415225,0.7118676484651429,0.3375,0.9397222222222222,0.0,,d_round,mip,mip,pl_rank,mip,7,0.6386111111111111,10.266666665982223,0.34313711365922767,1,0,1,0.31715625000000003,136.95453922933913
7,10,20.078528472529666,1424.0,712.0,2312.0,9659.0,4735,4924.0,0.0,0.0,0,0,0.0,0.0,31.0,0.22580645161290322,101.71428571428571,231.19999997688,0.47619047616780047,3024.0,0.30795847750851735,0.07631251793057281,0.0,0.0,0.0,0.0,ga_meta,mip,ga_meta,pl_rank,pl_rank,7,0.0,1439.9999999314286,0.43994068029635147,1,0,1,0.0,3.194113755557502
5,6,251.31365248343067,1116.0,558.0,1597.0,17304.0,2649,14655.0,0.0,0.0,0,0,0.0,0.0,20.0,0.25,111.6,266.16666662230557,0.59999999994,2155.0,0.3494051346272076,-0.6547767045997896,0.0,0.0,0.0,1.0,ga_meta,ga_meta,rw_rank_bfs,pl_rank,rw_rank_bfs,16,0.0,1292.9999998706999,0.41928616004751595,1,0,1,0.0,8.029698372143992
6,10,565.177769411672,468.0,234.0,815.0,14569.0,2177,12392.0,0.161402157164869,0.1379478260869565,2,18,0.0,0.0,20.0,0.3,39.0,81.49999999185,0.6666666666222222,1049.0,0.28711656441682565,-0.39322941570240033,0.161402157164869,0.1379478260869565,0.013605442176778195,1.0,ga_meta,ga_meta,mip,rw_rank_bfs,rw_rank_bfs,18,0.14967499162591275,699.3333332867111,0.47852760153831164,1,0,1,0.022265076706638968,13.888465191717382
7,10,1820.6838792914969,2760.0,184.0,521.0,10656.0,1871,8785.0,0.2825920245398773,0.3575868372943327,7,21,3368265.176689269,1283582.1349005052,20.0,0.35,26.285714285714285,52.09999999479,0.47619047616780047,705.0,0.35316698656362155,-0.019030314621784505,0.2825920245398773,0.3575868372943327,0.04761904761872368,1.0,ga_meta,mip,ga_meta,pl_rank,pl_rank,16,0.320089430917105,335.7142856982993,0.5045242568871133,1,0,1,0.10105118829981719,15.11489359558171
6,7,143.0819301495445,250.0,9.0,28.0,2671.0,586,1993.0,0.5116666666666667,0.9446388888888888,27,16,0.0,0.0,,,1.5,3.9999999994285713,0.46666666663555556,37.0,0.32142857141709186,0.7445730132925313,0.5116666666666667,0.9446388888888888,0.18367346938650564,,ga_meta,mip,mip,rw_rank_bfs,mip,6,0.7281527777777778,17.266666665515555,0.37499990630359487,1,0,1,0.4833402314814815,72.18918723813007
2,1,18.882631353760583,21.0,7.0,23.0,8289.0,4398,3891.0,0.020489977728285,0.1194840461642905,5,63,566.4789406128175,566.4789406128175,31.0,0.06451612903225806,3.5,22.999999976999998,0.9999999989999999,30.0,0.304347826073724,0.2073252366835613,0.020489977728285,0.1194840461642905,0.03401360544194549,0.0,ga_meta,ga_meta,ga_meta,pl_rank,pl_rank,7,0.06998701194628774,29.999999969999998,0.15217390657939536,0,0,1,0.002448225444791689,276.2999907900003
6,8,37.856141114457934,1190.0,595.0,2237.0,17304.0,2649,14655.0,0.0,0.0,0,0,0.0,0.0,20.0,0.3,99.16666666666667,279.62499996504687,0.5333333332977778,2832.0,0.26598122485459724,-0.6547767045997896,0.0,0.0,0.0,1.0,ga_meta,ga_meta,pl_rank,pl_rank,pl_rank,9,0.0,1510.3999998993067,0.35464163191567594,1,0,1,0.0,6.110169489367879
8,14,266.26797264271437,478.0,16.0,25.0,2556.0,652,1866.0,0.4566666666666666,0.9481666666666668,17,16,97962.08925082812,41176.94055881345,,,2.0,1.7857142855867347,0.49999999998214284,41.0,0.6399999999744,0.755570431290045,0.4566666666666666,0.9481666666666668,0.11564625850261466,,d_round,mip,mip,pl_rank,mip,7,0.7024166666666667,20.499999999267857,1.1199993728803512,2,1,0,0.43299611111111114,62.34146189411069
3,2,155.04966444507232,120.0,20.0,50.0,16284.0,2537,13747.0,0.0824593128390597,0.0440194714881779,8,36,14264.569128946654,10853.476511155062,20.0,0.15,6.666666666666667,24.9999999875,0.6666666664444444,70.0,0.39999999999200003,-0.5572343884479296,0.0824593128390597,0.0440194714881779,0.05442176870711278,1.0,ga_meta,sa_meta,d_round,pl_rank,d_round,8,0.0632393921636188,46.66666665111111,0.26666665613333373,0,0,1,0.0036298153704537304,232.6285681053062
4,4,166.13031461358287,880.0,440.0,907.0,9202.0,4586,4616.0,0.0,0.0,0,0,0.0,0.0,31.0,0.12903225806451613,110.0,226.7499999433125,0.6666666665555555,1347.0,0.4851157662618687,0.12001530075547484,0.0,0.0,0.0,0.0,ga_meta,ga_meta,sa_meta,rw_rank_bfs,pl_rank,3,0.0,897.9999998503333,0.4851157642442524,0,0,1,0.0,6.831477352018204
4,4,116.91427565457391,286.0,26.0,52.0,8408.0,4666,3742.0,0.0426754205990972,0.191792656587473,8,53,16134.170040331202,9119.313501056766,31.0,0.12903225806451613,6.5,12.99999999675,0.6666666665555555,78.0,0.49999999999038464,0.19594529979917763,0.0426754205990972,0.191792656587473,0.05442176870711278,0.0,ga_meta,mip,ga_meta,pl_rank,pl_rank,5,0.1172340385932851,51.99999999133333,0.4999999616634645,0,0,1,0.00818483228768862,107.79487041288628
6,8,751.2064056435634,1242.0,621.0,1635.0,9202.0,4586,4616.0,0.0,0.0,0,0,0.0,0.0,31.0,0.1935483870967742,103.5,204.37499997445312,0.5333333332977778,2256.0,0.3798165137612356,0.12001530075547484,0.0,0.0,0.0,0.0,ga_meta,ga_meta,ga_meta,rw_rank_bfs,ga_meta,7,0.0,1203.1999999197867,0.5064220159340207,1,0,1,0.0,4.078900707411835
7,11,132.46746693568275,1466.0,733.0,2929.0,9202.0,4586,4616.0,0.0,0.0,0,0,0.0,0.0,31.0,0.22580645161290322,104.71428571428571,266.27272724852065,0.5238095237845805,3662.0,0.25025606008868206,0.12001530075547484,0.0,0.0,0.0,0.0,ga_meta,pso_meta,ga_meta,rw_rank_bfs,d_round,3,0.0,1918.1904760991335,0.3932595215554805,1,0,1,0.0,2.5128345159713725
7,11,654.6536759961137,1458.0,729.0,3050.0,9625.0,4944,4681.0,0.0,0.0,0,0,0.0,0.0,31.0,0.22580645161290322,104.14285714285714,277.27272724752066,0.5238095237845805,3779.0,0.23901639344254458,0.0795639284689682,0.0,0.0,0.0,0.0,ga_meta,mip,ga_meta,rw_rank_bfs,rw_rank_bfs,8,0.0,1979.4761903819294,0.3755971883750827,1,0,1,0.0,2.54697009723552
10,26,316.9650055146148,704.0,352.0,1993.0,11942.0,1724,10218.0,0.3359013867488444,0.2891826086956521,4,23,0.0,0.0,20.0,0.5,35.2,76.65384615089793,0.5777777777649383,2345.0,0.17661816357241514,-0.142010136750502,0.3359013867488444,0.2891826086956521,0.02721088435355639,1.0,ga_meta,mip,pso_meta,rw_rank_bfs,pso_meta,17,0.3125419977222482,1354.8888888587803,0.45920721931551045,2,0,1,0.09713683928451797,5.092537311261179
2,0,485.83217961841945,16.0,8.0,3.0,3608.0,956,2592.0,0.2033333333333333,0.928,4,16,149647.87875532123,57467.00638915019,,,4.0,3000000000.0,0.0,11.0,2.6666666657777776,0.6549679640432247,0.2033333333333333,0.928,0.02721088435355639,,d_round,mip,mip,pl_rank,mip,7,0.5656666666666667,0.0,1.3333333333333329e-09,0,0,1,0.18869333333333332,327.9999701818209
2,1,237.4095293378929,35.0,7.0,28.0,16448.0,2551,13897.0,0.0773960216998191,0.0335883171070932,11,36,8309.33352682625,8309.33352682625,20.0,0.1,3.5,27.999999971999998,0.9999999989999999,35.0,0.24999999999107142,-0.5729176628096013,0.0773960216998191,0.0335883171070932,0.07482993197228008,1.0,ga_meta,ga_meta,rw_rank_bfs,pl_rank,rw_rank_bfs,11,0.05549216940345615,34.999999965,0.12499999566071444,0,0,1,0.0025996021196809907,469.9428437159188
7,8,117.67540137587906,1450.0,725.0,2161.0,9659.0,4735,4924.0,0.0,0.0,0,0,0.0,0.0,31.0,0.22580645161290322,103.57142857142857,270.1249999662344,0.3809523809342404,2886.0,0.3354928273945694,0.07631251793057281,0.0,0.0,0.0,0.0,mip,mip,mip,pl_rank,rw_rank_bfs,2,0.0,1099.4285713762179,0.38342037279390884,1,0,1,0.0,3.346846845687163
3,3,557.304388440088,728.0,91.0,143.0,8818.0,1469,7349.0,0.4805516265912305,0.4989773656940278,14,36,205088.0149459524,130409.2268949806,20.0,0.15,30.333333333333332,47.66666665077778,0.9999999996666666,234.0,0.6363636363591864,0.15673711389499856,0.4805516265912305,0.4989773656940278,0.09523809523744736,1.0,ga_meta,pso_meta,ga_meta,rw_rank_bfs,sa_meta,12,0.4897644961426292,233.999999922,0.6363636232254718,0,0,1,0.23978438471647232,37.68376052271897
7,13,442.880321126444,1054.0,527.0,2848.0,9202.0,4586,4616.0,0.0,0.0,0,0,0.0,0.0,31.0,0.22580645161290322,75.28571428571429,219.076923060071,0.6190476190181405,3375.0,0.1850421348313957,0.12001530075547484,0.0,0.0,0.0,0.0,ga_meta,mip,ga_meta,rw_rank_bfs,d_round,5,0.0,2089.285714186224,0.34364967743052166,1,0,1,0.0,2.7265185177106614
7,12,141.22335710416922,1536.0,768.0,2491.0,9202.0,4586,4616.0,0.0,0.0,0,0,0.0,0.0,31.0,0.22580645161290322,109.71428571428571,207.58333331603473,0.5714285714013605,3259.0,0.30830991569638366,0.12001530075547484,0.0,0.0,0.0,0.0,ga_meta,ga_meta,ga_meta,rw_rank_bfs,ga_meta,2,0.0,1862.285714197034,0.5285312815490837,1,0,1,0.0,2.823565510026522
6,8,959.2516029454856,290.0,145.0,353.0,7954.0,960,6994.0,0.6605374823196606,0.5231797109353695,17,36,0.0,0.0,20.0,0.3,24.166666666666668,44.12499999448438,0.5333333332977778,498.0,0.4107648725200828,0.23936119345892704,0.6605374823196606,0.5231797109353695,0.11564625850261466,1.0,ga_meta,mip,mcts,rw_rank_bfs,mcts,12,0.591858596627515,265.59999998229335,0.5476864843512979,1,0,1,0.3455798090619768,15.97188751812874
7,10,628.1761205168879,414.0,2.0,40.0,2671.0,586,1993.0,0.5116666666666667,0.9446388888888888,7,16,214955.07734768424,84379.33294510629,,,0.2857142857142857,3.9999999996,0.47619047616780047,42.0,0.04999999999875,0.7445730132925313,0.5116666666666667,0.9446388888888888,0.04761904761872368,,d_round,mip,mip,rw_rank_bfs,mip,7,0.7281527777777778,19.99999999904762,0.07142855357857589,1,0,1,0.4833402314814815,63.5952365810658
5,5,61.9961644919781,185.0,0.0,37.0,3121.0,919,2202.0,0.2341666666666666,0.9388333333333332,17,16,20057.58262975762,7971.065678725949,,,0.0,7.39999999852,0.49999999995,37.0,0.0,0.701539638519652,0.2341666666666666,0.9388333333333332,0.11564625850261466,,d_round,mip,mip,rw_rank_bfs,mip,7,0.5864999999999999,18.49999999815,0.0,1,0,1,0.21984347222222214,84.35134907158516
5,6,939.559236067706,368.0,184.0,525.0,12139.0,1764,10375.0,0.3204930662557781,0.2782608695652173,4,36,0.0,0.0,20.0,0.25,36.8,87.49999998541666,0.59999999994,709.0,0.3504761904755229,-0.1608491919288515,0.3204930662557781,0.2782608695652173,0.02721088435355639,1.0,ga_meta,mip,rw_rank_bfs,rw_rank_bfs,rw_rank_bfs,14,0.2993769679104977,425.39999995745995,0.42057142383499324,1,0,1,0.08918067930595562,17.121297578108184
6,6,929.7153691939768,1064.0,532.0,1462.0,9625.0,4944,4681.0,0.0,0.0,0,0,0.0,0.0,31.0,0.1935483870967742,88.66666666666667,243.66666662605556,0.39999999997333335,1994.0,0.36388508891903976,0.0795639284689682,0.0,0.0,0.0,0.0,pl_rank,rw_rank_bfs,pl_rank,rw_rank_bfs,rw_rank_bfs,2,0.0,797.5999999468268,0.36388508748656373,1,0,1,0.0,4.826980940407733
4,4,198.7973881419041,890.0,445.0,1072.0,17304.0,2649,14655.0,0.0,0.0,0,0,0.0,0.0,20.0,0.2,111.25,267.99999993299997,0.6666666665555555,1517.0,0.4151119402981202,-0.6547767045997896,0.0,0.0,0.0,1.0,ga_meta,mip,ga_meta,pl_rank,pl_rank,15,0.0,1011.3333331647777,0.41511193885336034,0,0,1,0.0,11.406723789448435
5,6,392.2783481387217,1114.0,557.0,1246.0,9202.0,4586,4616.0,0.0,0.0,0,0,0.0,0.0,31.0,0.16129032258064516,111.4,207.66666663205555,0.59999999994,1803.0,0.4470304975919366,0.12001530075547484,0.0,0.0,0.0,0.0,ga_meta,pso_meta,ga_meta,rw_rank_bfs,d_round,5,0.0,1081.7999998918199,0.5364365946169988,1,0,1,0.0,5.10371602601014
5,4,1356.3100998143718,992.0,496.0,830.0,9625.0,4944,4681.0,0.0,0.0,0,0,0.0,0.0,31.0,0.16129032258064516,99.2,207.499999948125,0.39999999996,1326.0,0.5975903614450632,0.0795639284689682,0.0,0.0,0.0,0.0,ga_meta,pl_rank,ga_meta,rw_rank_bfs,rw_rank_bfs,4,0.0,530.3999999469601,0.47807228697218174,1,0,1,0.0,7.258672694375058
5,6,950.578946726142,224.0,112.0,341.0,7946.0,982,6964.0,0.6527581329561527,0.5252249795473138,19,36,0.0,0.0,20.0,0.25,22.4,56.83333332386111,0.59999999994,453.0,0.3284457477996233,0.24012623123266708,0.6527581329561527,0.5252249795473138,0.12925170067939284,1.0,ga_meta,pso_meta,mip,rw_rank_bfs,rw_rank_bfs,9,0.5889915562517333,271.79999997282,0.3941348904914682,1,0,1,0.34284487703123806,17.540838813375633
8,18,249.1784359937621,1596.0,798.0,4802.0,17304.0,2649,14655.0,0.0,0.0,0,0,0.0,0.0,20.0,0.4,99.75,266.7777777629568,0.6428571428341837,5600.0,0.1661807580174581,-0.6547767045997896,0.0,0.0,0.0,1.0,ga_meta,mip,pl_rank,pl_rank,pl_rank,9,0.0,3599.999999871429,0.37390670415856503,2,0,1,0.0,3.089999999448214
5,4,55.1950391331951,1134.0,567.0,858.0,9625.0,4944,4681.0,0.0,0.0,0,0,0.0,0.0,31.0,0.16129032258064516,113.4,214.499999946375,0.39999999996,1425.0,0.6608391608383907,0.0795639284689682,0.0,0.0,0.0,0.0,ga_meta,mip,ga_meta,rw_rank_bfs,rw_rank_bfs,7,0.0,569.999999943,0.5286713263388283,1,0,1,0.0,6.75438596017236
5,7,183.22564535018236,896.0,448.0,1829.0,9202.0,4586,4616.0,0.0,0.0,0,0,0.0,0.0,31.0,0.16129032258064516,89.6,261.28571424838776,0.69999999993,2277.0,0.24494259157996448,0.12001530075547484,0.0,0.0,0.0,0.0,mip,mip,mip,rw_rank_bfs,pl_rank,2,0.0,1593.8999998406098,0.34291962694869466,1,0,1,0.0,4.0412823873336485
4,4,365.9606201754722,440.0,88.0,183.0,8433.0,1259,7174.0,0.5172546012269938,0.4753930530164534,12,36,152971.53923334737,99175.32806755295,20.0,0.2,22.0,45.7499999885625,0.6666666665555555,271.0,0.480874316937263,0.1935545567562399,0.5172546012269938,0.4753930530164534,0.08163265306066918,1.0,ga_meta,rw_rank_bfs,sa_meta,pl_rank,sa_meta,14,0.4963238271217236,180.66666663655553,0.4808743065491955,0,0,1,0.24589924406410876,31.118081065984942
8,17,1343.105266177096,1688.0,844.0,4197.0,9659.0,4735,4924.0,0.0,0.0,0,0,0.0,0.0,31.0,0.25806451612903225,105.5,246.88235292665397,0.6071428571211734,5041.0,0.2010960209673097,0.07631251793057281,0.0,0.0,0.0,0.0,ga_meta,ga_meta,ga_meta,pl_rank,pl_rank,7,0.0,3060.6071427478355,0.4273290428498705,2,0,1,0.0,1.9160880773822477
5,6,382.9710701090818,268.0,134.0,304.0,8167.0,1248,6919.0,0.5586987270155587,0.5282928824652304,15,36,0.0,0.0,20.0,0.25,26.8,50.66666665822222,0.59999999994,438.0,0.44078947368276056,0.21899206273309746,0.5586987270155587,0.5282928824652304,0.10204081632583646,1.0,ga_meta,mip,ga_meta,rw_rank_bfs,ga_meta,12,0.5434958047403946,262.79999997372,0.5289473580694601,1,0,1,0.2951565609247044,18.64611867889014
7,10,576.3611164088562,51.0,3.0,3.0,2671.0,586,1993.0,0.5116666666666667,0.9446388888888888,13,16,197224.5431041224,77419.31752843285,,,0.42857142857142855,0.29999999997,0.47619047616780047,6.0,0.9999999996666666,0.7445730132925313,0.5116666666666667,0.9446388888888888,0.08843537414905826,,d_round,mip,mip,rw_rank_bfs,mip,7,0.7281527777777778,2.857142857006803,1.428566666825396,1,1,0,0.4833402314814815,445.1665924722346
6,7,579.2389574334763,1911.0,147.0,395.0,8958.0,1314,7644.0,0.5353606789250354,0.4788655576765749,14,36,731578.8032384806,313947.5149289442,20.0,0.3,24.5,56.4285714205102,0.46666666663555556,542.0,0.37215189873323506,0.14334895285454718,0.5353606789250354,0.4788655576765749,0.09523809523744736,1.0,ga_meta,mip,pl_rank,rw_rank_bfs,pl_rank,14,0.5071131183008051,252.9333333164711,0.4341772075576191,1,0,1,0.2563657900715468,16.5276752462589
2,1,483.73375123777464,45.0,15.0,4.0,8110.0,4390,3720.0,0.022271714922049,0.1581805838424983,7,22,11125.876278468815,9190.941273517716,31.0,0.06451612903225806,7.5,3.9999999959999997,0.9999999989999999,19.0,3.7499999990625,0.22444295687099547,0.022271714922049,0.1581805838424983,0.04761904761872368,0.0,ga_meta,mip,ga_meta,pl_rank,pl_rank,7,0.09022614938227365,18.999999981,1.8749995331251164,0,1,0,0.003522952869543393,426.8420827977851
2,0,310.5074443872417,38.0,19.0,14.0,2671.0,586,1993.0,0.5116666666666667,0.9446388888888888,37,16,0.0,0.0,,,9.5,14000000000.0,0.0,33.0,1.3571428570459183,0.7445730132925313,0.5116666666666667,0.9446388888888888,0.2517006802703966,,ga_meta,mip,mip,rw_rank_bfs,mip,5,0.7281527777777778,0.0,6.785714285714285e-10,0,0,1,0.4833402314814815,80.93939148668511
4,3,716.0342047209195,420.0,105.0,90.0,8056.0,1135,6921.0,0.5986562942008486,0.5281565312244341,18,36,180440.61958967173,139626.6699205793,20.0,0.2,26.25,29.99999999,0.49999999991666666,195.0,1.1666666666537036,0.22960696184374108,0.5986562942008486,0.5281565312244341,0.12244897959100376,1.0,ga_meta,ga_meta,ga_meta,rw_rank_bfs,pl_rank,13,0.5634064127126414,97.49999998375,0.8749999711250009,0,0,1,0.3161842317407945,41.3128203009599
7,7,488.6016738904192,1402.0,701.0,1104.0,17304.0,2649,14655.0,0.0,0.0,0,0,0.0,0.0,20.0,0.35,100.14285714285714,157.7142856917551,0.3333333333174603,1805.0,0.6349637681153669,-0.6547767045997896,0.0,0.0,0.0,1.0,ga_meta,rw_rank_bfs,ga_meta,pl_rank,pl_rank,7,0.0,601.6666666380158,0.6349637641806128,1,0,1,0.0,9.58670359579684
6,7,847.3658694307512,1884.0,157.0,394.0,8783.0,1299,7484.0,0.5019171779141105,0.4527239488117002,12,36,1256643.584365804,466898.5940563439,20.0,0.3,26.166666666666668,56.28571427767347,0.46666666663555556,551.0,0.39847715735939476,0.16008415415511146,0.5019171779141105,0.4527239488117002,0.08163265306066918,1.0,ga_meta,ga_meta,ga_meta,pl_rank,ga_meta,9,0.47732056336290535,257.1333333161911,0.4648900087274195,1,0,1,0.22722992676170078,15.940108863992544
8,18,587.1482727199309,1564.0,782.0,3847.0,17304.0,2649,14655.0,0.0,0.0,0,0,0.0,0.0,20.0,0.4,97.75,213.72222221034878,0.6428571428341837,4629.0,0.20327527943847068,-0.6547767045997896,0.0,0.0,0.0,1.0,ga_meta,mip,pso_meta,pl_rank,pso_meta,9,0.0,2975.7857141794366,0.45736937662206945,2,0,1,0.0,3.7381723906376814
3,1,451.18700653051286,52.0,16.0,4.0,3013.0,795,2170.0,0.3375,0.9397222222222222,44,16,0.0,0.0,,,5.333333333333333,3.9999999959999997,0.3333333332222222,20.0,3.999999999,0.7118676484651429,0.3375,0.9397222222222222,0.2993197278891203,,mip,mip,mip,pl_rank,mip,1,0.6386111111111111,6.666666664444444,1.333333001333416,0,1,0,0.31715625000000003,150.64999246750037
8,12,2273.912044423475,1550.0,775.0,2952.0,9202.0,4586,4616.0,0.0,0.0,0,0,0.0,0.0,31.0,0.25806451612903225,96.875,245.9999999795,0.42857142855612246,3727.0,0.26253387533866446,0.12001530075547484,0.0,0.0,0.0,0.0,ga_meta,ga_meta,ga_meta,rw_rank_bfs,d_round,5,0.0,1597.2857142286684,0.3938008114401305,2,0,1,0.0,2.469009926893209
3,2,141.34964621752465,232.0,29.0,40.0,16256.0,2552,13704.0,0.0770343580470163,0.047009735744089,9,35,9753.125589009202,9753.125589009202,20.0,0.15,9.666666666666666,19.99999999,0.6666666664444444,69.0,0.724999999981875,-0.5545567562398392,0.0770343580470163,0.047009735744089,0.06122448979550188,1.0,ga_meta,ga_meta,mip,pl_rank,rw_rank_bfs,10,0.06202204689555266,45.999999984666665,0.48333330940833447,0,0,1,0.0036213648150057727,235.59419948414205
6,7,608.5923517686017,169.0,13.0,13.0,2556.0,652,1866.0,0.4566666666666666,0.9481666666666668,4,16,223905.9308921299,94115.60408337336,,,2.1666666666666665,1.857142856877551,0.46666666663555556,26.0,0.9999999999230769,0.755570431290045,0.4566666666666666,0.9481666666666668,0.02721088435355639,,d_round,mip,mip,pl_rank,mip,7,0.7024166666666667,12.133333332524444,1.1666660386285432,1,1,0,0.43299611111111114,98.30768852662736
4,3,1509.9488138593558,364.0,26.0,37.0,8534.0,4390,4144.0,0.022271714922049,0.0622312740439013,5,63,149484.9325720762,95126.7752731394,31.0,0.12903225806451613,6.5,12.333333329222222,0.49999999991666666,63.0,0.7027027026837108,0.18389595486277133,0.022271714922049,0.0622312740439013,0.03401360544194549,0.0,ga_meta,pso_meta,ga_meta,pl_rank,pl_rank,6,0.042251494482975153,31.49999999475,0.527026984470785,0,0,1,0.0013859971947416774,135.46031531015373
5,7,495.78935385999097,462.0,42.0,95.0,15492.0,2371,13121.0,0.1424954792043399,0.0875521557719054,11,36,117502.07686481786,67923.14147881877,20.0,0.25,8.4,13.571428569489795,0.69999999993,137.0,0.442105263153241,-0.48149564884766183,0.1424954792043399,0.0875521557719054,0.07482993197228008,1.0,ga_meta,rw_rank_bfs,d_round,pl_rank,d_round,15,0.11502381748812264,95.89999999041,0.618947322902829,1,0,1,0.012475786392090672,113.08029114539934
2,1,387.6789708374161,36.0,12.0,24.0,8896.0,4745,4151.0,0.0264669675830939,0.1034557235421166,6,63,23260.73825024496,13956.44295014698,31.0,0.06451612903225806,6.0,23.999999975999998,0.9999999989999999,36.0,0.49999999997916666,0.14927799560103283,0.0264669675830939,0.1034557235421166,0.04081632653033459,0.0,ga_meta,mcts,ga_meta,pl_rank,pl_rank,7,0.06496134556260524,35.999999964,0.24999998983333377,0,0,1,0.0027381592812747244,247.11110424691378
5,6,1118.2403986936947,570.0,38.0,89.0,8253.0,4654,3599.0,0.045137464095199,0.2226781857451404,8,62,420458.3899088293,142016.53063409924,31.0,0.16129032258064516,7.6,14.83333333086111,0.59999999994,127.0,0.42696629213003406,0.21076790666539158,0.045137464095199,0.2226781857451404,0.05442176870711278,0.0,ga_meta,rw_rank_bfs,ga_meta,pl_rank,ga_meta,3,0.1339078249201697,76.19999999238,0.5123595161061001,1,0,1,0.010051128613855327,64.98425145681692
5,8,2028.1630351149151,826.0,413.0,2147.0,9659.0,4735,4924.0,0.0,0.0,0,0,0.0,0.0,31.0,0.16129032258064516,82.6,268.3749999664531,0.79999999992,2560.0,0.19236143455976137,0.07631251793057281,0.0,0.0,0.0,0.0,ga_meta,mip,mip,pl_rank,mip,8,0.0,2047.9999997952,0.30777829418741204,1,0,1,0.0,3.7730468735261535
6,7,1487.371363853959,1270.0,635.0,1821.0,9625.0,4944,4681.0,0.0,0.0,0,0,0.0,0.0,31.0,0.1935483870967742,105.83333333333333,260.14285710569385,0.46666666663555556,2456.0,0.3487095002743829,0.0795639284689682,0.0,0.0,0.0,0.0,ga_meta,rw_rank_bfs,rw_rank_bfs,rw_rank_bfs,rw_rank_bfs,5,0.0,1146.1333332569245,0.40682774881459227,1,0,1,0.0,3.918973939772405
9,20,1998.7817433777532,718.0,359.0,1553.0,8029.0,1369,6660.0,0.4726502311248074,0.536695652173913,5,36,0.0,0.0,20.0,0.45,39.888888888888886,77.6499999961175,0.5555555555401235,1912.0,0.23116548615567858,0.23218896433011382,0.4726502311248074,0.536695652173913,0.03401360544194549,1.0,ga_meta,ga_meta,ga_meta,rw_rank_bfs,rw_rank_bfs,12,0.5046729416493603,1062.2222221927161,0.5137010737563716,2,0,1,0.25366932404367926,4.1992677802305085
3,2,53.77437595390768,177.0,59.0,97.0,8027.0,1071,6956.0,0.589340490797546,0.4913345521023766,15,36,8388.802648809598,8388.802648809598,20.0,0.15,19.666666666666668,48.49999997575,0.6666666664444444,156.0,0.6082474226741418,0.23238022377354883,0.589340490797546,0.4913345521023766,0.10204081632583646,1.0,ga_meta,ga_meta,ga_meta,pl_rank,pl_rank,16,0.5403375214499613,103.99999996533333,0.4054982736289016,0,0,1,0.28956334608180706,51.455127875287644
4,4,337.2674369299655,934.0,467.0,1222.0,17304.0,2649,14655.0,0.0,0.0,0,0,0.0,0.0,20.0,0.2,116.75,305.499999923625,0.6666666665555555,1689.0,0.38216039279837793,-0.6547767045997896,0.0,0.0,0.0,1.0,ga_meta,mip,mip,pl_rank,sa_meta,16,0.0,1125.9999998123333,0.38216039164329657,0,0,1,0.0,10.24511544686494
5,4,148.6092289760868,412.0,103.0,172.0,7813.0,1183,6630.0,0.5463957055214723,0.5151736745886655,13,36,80397.59287606296,40867.53796842387,20.0,0.25,20.6,42.99999998925,0.39999999996,275.0,0.598837209298844,0.2528449842210959,0.5463957055214723,0.5151736745886655,0.08843537414905826,1.0,ga_meta,mip,mcts,pl_rank,mcts,16,0.5307846900550689,109.999999989,0.47906975642047084,1,0,1,0.2814886833929633,28.410908987596695
5,5,241.28760809497072,1122.0,561.0,878.0,9202.0,4586,4616.0,0.0,0.0,0,0,0.0,0.0,31.0,0.16129032258064516,112.2,175.59999996488,0.49999999995,1439.0,0.6389521640083838,0.12001530075547484,0.0,0.0,0.0,0.0,sa_meta,pl_rank,sa_meta,rw_rank_bfs,pl_rank,2,0.0,719.49999992805,0.6389521604982223,1,0,1,0.0,6.394718550107909
5,6,716.0342047209195,1152.0,576.0,1682.0,9625.0,4944,4681.0,0.0,0.0,0,0,0.0,0.0,31.0,0.16129032258064516,115.2,280.3333332866111,0.59999999994,2258.0,0.34244946492250744,0.0795639284689682,0.0,0.0,0.0,0.0,ga_meta,ga_meta,ga_meta,rw_rank_bfs,rw_rank_bfs,6,0.0,1354.79999986452,0.41093935650984775,1,0,1,0.0,4.262621787306191
2,1,877.5656853759356,63.0,21.0,20.0,8185.0,4301,3884.0,0.0420935412026726,0.1210681149581353,9,57,53531.50680793207,35980.19310041336,31.0,0.06451612903225806,10.5,19.99999998,0.9999999989999999,41.0,1.0499999999475,0.21727072774218226,0.0420935412026726,0.1210681149581353,0.06122448979550188,0.0,ga_meta,mip,ga_meta,pl_rank,pl_rank,8,0.08158082808040396,40.99999995899999,0.5249999742750012,0,0,1,0.005096185685320171,199.63414147233803
3,2,1.511259917021735,30.0,10.0,10.0,8581.0,4390,4191.0,0.022271714922049,0.0515953835709436,6,63,30.225198340434694,30.225198340434694,31.0,0.0967741935483871,3.3333333333333335,4.9999999975,0.6666666664444444,20.0,0.9999999999,0.17940135794204837,0.022271714922049,0.0515953835709436,0.04081632653033459,0.0,ga_meta,ga_meta,ga_meta,pl_rank,pl_rank,7,0.0369335492464963,13.333333328888887,0.6666665336666933,0,0,1,0.0011491176741858264,429.04997854750104
5,4,304.35920466172354,960.0,480.0,852.0,9659.0,4735,4924.0,0.0,0.0,0,0,0.0,0.0,31.0,0.16129032258064516,96.0,212.99999994675,0.39999999996,1332.0,0.5633802816894796,0.07631251793057281,0.0,0.0,0.0,0.0,ga_meta,mip,ga_meta,pl_rank,pl_rank,6,0.0,532.79999994672,0.4507042233488065,1,0,1,0.0,7.251501496057431
9,18,418.9744720839424,981.0,15.0,47.0,3121.0,919,2202.0,0.2341666666666666,0.9388333333333332,12,16,135550.56449774606,53869.02660926336,,,1.6666666666666667,2.6111111109660494,0.49999999998611117,62.0,0.3191489361634224,0.701539638519652,0.2341666666666666,0.9388333333333332,0.08163265306066918,,d_round,mip,mip,rw_rank_bfs,mip,7,0.5864999999999999,30.999999999138893,0.6382976279214758,2,0,1,0.21984347222222214,50.3387088655047
4,4,654.8355979548215,938.0,67.0,234.0,6824.0,1086,5738.0,0.5835889570552147,0.5804021937842778,14,36,318904.9362039981,197105.5149844013,20.0,0.2,16.75,58.499999985375,0.6666666665555555,301.0,0.28632478632356273,0.3474227789997131,0.5835889570552147,0.5804021937842778,0.09523809523744736,1.0,ga_meta,mcts,ga_meta,pl_rank,pso_meta,15,0.5819955754197463,200.6666666332222,0.2863247815019268,0,0,1,0.3387163109431253,22.671096270195694
4,4,78.6749963784867,846.0,423.0,865.0,17304.0,2649,14655.0,0.0,0.0,0,0,0.0,0.0,20.0,0.2,105.75,216.2499999459375,0.6666666665555555,1288.0,0.4890173410398971,-0.6547767045997896,0.0,0.0,0.0,1.0,ga_meta,mip,rw_rank_bfs,pl_rank,rw_rank_bfs,18,0.0,858.6666665235555,0.4890173389013649,0,0,1,0.0,13.434782598264919
5,5,633.4701065701232,280.0,6.0,50.0,2671.0,586,1993.0,0.5116666666666667,0.9446388888888888,49,16,0.0,0.0,,,1.2,9.999999998,0.49999999995,56.0,0.11999999999760001,0.7445730132925313,0.5116666666666667,0.9446388888888888,0.3333333333310658,,mip,mip,mip,rw_rank_bfs,mip,1,0.7281527777777778,27.9999999972,0.1199999880240012,1,0,1,0.4833402314814815,47.69642771970665
6,9,62.873496034144246,1318.0,659.0,2106.0,9659.0,4735,4924.0,0.0,0.0,0,0,0.0,0.0,31.0,0.1935483870967742,109.83333333333333,233.999999974,0.59999999996,2765.0,0.31291547958199767,0.07631251793057281,0.0,0.0,0.0,0.0,ga_meta,ga_meta,ga_meta,pl_rank,pl_rank,5,0.0,1658.9999998894,0.4693732174195035,1,0,1,0.0,3.493309221159744
3,2,352.26806019114156,310.0,31.0,38.0,7962.0,4270,3692.0,0.0489977728285078,0.1645168590178773,11,53,32056.39347739388,24306.496153188767,31.0,0.0967741935483871,10.333333333333334,18.9999999905,0.6666666664444444,69.0,0.8157894736627425,0.238596155685187,0.0489977728285078,0.1645168590178773,0.07482993197228008,0.0,ga_meta,mip,mip,pl_rank,rw_rank_bfs,8,0.10675731592319254,45.999999984666665,0.5438596207705463,0,0,1,0.008060959684617596,115.39130267548838
7,10,367.6158994781241,190.0,10.0,12.0,2671.0,586,1993.0,0.5116666666666667,0.9446388888888888,49,16,0.0,0.0,,,1.4285714285714286,1.19999999988,0.47619047616780047,22.0,0.8333333332638889,0.7445730132925313,0.5116666666666667,0.9446388888888888,0.3333333333310658,,mip,mip,mip,rw_rank_bfs,mip,1,0.7281527777777778,10.47619047569161,1.1904751985325728,1,1,0,0.4833402314814815,121.40908539049612
3,1,136.94312031477202,62.0,18.0,8.0,3608.0,956,2592.0,0.2033333333333333,0.928,0,16,42181.74160743347,16198.41480294732,,,6.0,7.999999991999999,0.3333333332222222,26.0,2.24999999971875,0.6549679640432247,0.2033333333333333,0.928,0.0,,d_round,mip,mip,pl_rank,mip,7,0.5656666666666667,8.666666663777777,0.7499999070000116,0,0,1,0.18869333333333332,138.76922543195286
5,6,1130.431501087978,886.0,443.0,1190.0,17304.0,2649,14655.0,0.0,0.0,0,0,0.0,0.0,20.0,0.25,88.6,198.3333333002778,0.59999999994,1633.0,0.37226890756271236,-0.6547767045997896,0.0,0.0,0.0,1.0,ga_meta,mip,mip,pl_rank,mip,20,0.0,979.79999990202,0.44672268689770067,1,0,1,0.0,10.59644824825692
3,2,479.5708774197891,44.0,11.0,38.0,7957.0,4296,3661.0,0.043207126948775,0.1715320208191898,8,46,63782.92669683195,23498.972993569667,31.0,0.0967741935483871,3.6666666666666665,18.9999999905,0.6666666664444444,49.0,0.2894736842029086,0.23907430429377452,0.043207126948775,0.1715320208191898,0.05442176870711278,0.0,ga_meta,mip,ga_meta,pl_rank,pl_rank,12,0.10736957388398241,32.666666655777775,0.19298244607987122,0,0,1,0.00741140579931465,162.38775178800506
5,6,110.34023847205124,54.0,27.0,116.0,9135.0,4785,4350.0,0.0182601559294214,0.060475161987041,3,25,0.0,0.0,31.0,0.16129032258064516,5.4,19.33333333011111,0.59999999994,143.0,0.23275862068764863,0.126422492110548,0.0182601559294214,0.060475161987041,0.020408163265167294,0.0,mip,mip,mip,pl_rank,sa_meta,3,0.0393676589582312,85.79999999142,0.2793103304270519,1,0,1,0.0011042858877403864,63.88111843439778
4,3,272.8288616163447,946.0,473.0,1062.0,9202.0,4586,4616.0,0.0,0.0,0,0,0.0,0.0,31.0,0.12903225806451613,118.25,353.999999882,0.49999999991666666,1535.0,0.4453860640297124,0.12001530075547484,0.0,0.0,0.0,0.0,ga_meta,mip,ga_meta,rw_rank_bfs,sa_meta,5,0.0,767.4999998720833,0.33403954719033085,0,0,1,0.0,5.994788269710235
5,5,1179.0596505352946,2055.0,137.0,245.0,8443.0,1437,7006.0,0.4490030674846625,0.4876782449725777,11,36,1509196.3526851772,450400.78650448256,20.0,0.25,27.4,48.9999999902,0.49999999995,382.0,0.5591836734671054,0.19259825953906473,0.4490030674846625,0.4876782449725777,0.07482993197228008,1.0,ga_meta,ga_meta,ga_meta,pl_rank,pl_rank,12,0.4683406562286201,190.9999999809,0.559183662169313,1,0,1,0.2189690279382241,22.10209418297881
8,14,45.25373525865887,672.0,336.0,1126.0,10284.0,1591,8693.0,0.3871340523882897,0.3952695652173913,4,36,0.0,0.0,20.0,0.4,42.0,80.42857142282654,0.49999999998214284,1462.0,0.2984014209588824,0.016543941857129152,0.3871340523882897,0.3952695652173913,0.02721088435355639,1.0,ga_meta,pso_meta,ga_meta,rw_rank_bfs,rw_rank_bfs,10,0.3912018088028405,730.9999999738928,0.5222024802230597,2,0,1,0.15302230856836604,7.034199721590834
9,18,602.2029754305388,369.0,9.0,16.0,3013.0,795,2170.0,0.3375,0.9397222222222222,0,16,199446.2798905087,79189.69126911585,,,1.0,0.8888888888395061,0.49999999998611117,25.0,0.5624999999648438,0.7118676484651429,0.3375,0.9397222222222222,0.0,,d_round,mip,mip,pl_rank,mip,7,0.6386111111111111,12.499999999652779,1.1249987344389236,2,1,0,0.31715625000000003,120.5199951792002
6,7,469.5589550530273,1330.0,665.0,1935.0,17304.0,2649,14655.0,0.0,0.0,0,0,0.0,0.0,20.0,0.3,110.83333333333333,276.42857138908164,0.46666666663555556,2600.0,0.3436692506458172,-0.6547767045997896,0.0,0.0,0.0,1.0,ga_meta,mip,mcts,pl_rank,sa_meta,10,0.0,1213.3333332524444,0.40094745769381623,1,0,1,0.0,6.655384612824852
5,5,964.1800589528864,356.0,178.0,413.0,10804.0,1821,8983.0,0.2985362095531587,0.375095652173913,3,18,0.0,0.0,20.0,0.25,35.6,82.59999998348,0.49999999995,591.0,0.4309927360764383,-0.03318351343597592,0.2985362095531587,0.375095652173913,0.020408163265167294,1.0,ga_meta,ga_meta,mip,rw_rank_bfs,rw_rank_bfs,17,0.33681593086353584,295.49999997045,0.4309927309458507,1,0,1,0.11197963421987,18.280879833704095
10,27,277.82945862473224,796.0,398.0,2061.0,10241.0,1490,8751.0,0.426040061633282,0.3912347826086956,5,36,0.0,0.0,20.0,0.5,39.8,76.33333333050618,0.5999999999866668,2459.0,0.1931101407083003,0.02065601989098209,0.426040061633282,0.3912347826086956,0.03401360544194549,1.0,ga_meta,pso_meta,mip,rw_rank_bfs,pl_rank,9,0.4086374221209888,1475.3999999672135,0.5213973731014414,2,0,1,0.16668169089569235,4.164701096313664
6,7,466.1511232716555,416.0,18.0,44.0,3608.0,956,2592.0,0.2033333333333333,0.928,9,16,0.0,0.0,,,3.0,6.2857142848163265,0.46666666663555556,62.0,0.4090909090816116,0.6549679640432247,0.2033333333333333,0.928,0.06122448979550188,,ga_meta,mip,mip,pl_rank,mip,6,0.5656666666666667,28.933333331404445,0.4772726514111691,1,0,1,0.18869333333333332,58.193547448491174
5,4,476.56126879013186,930.0,465.0,1058.0,9202.0,4586,4616.0,0.0,0.0,0,0,0.0,0.0,31.0,0.16129032258064516,93.0,264.499999933875,0.39999999996,1523.0,0.4395085066158417,0.12001530075547484,0.0,0.0,0.0,0.0,ga_meta,sa_meta,ga_meta,rw_rank_bfs,d_round,5,0.0,609.19999993908,0.35160680405158107,1,0,1,0.0,6.042022320392631
3,2,335.9877338046161,168.0,21.0,37.0,15650.0,2390,13260.0,0.1356238698010849,0.0778859527121001,14,36,28558.957373392368,19487.288560667737,20.0,0.15,7.0,18.49999999075,0.6666666664444444,58.0,0.5675675675522279,-0.4966051448790283,0.1356238698010849,0.0778859527121001,0.09523809523744736,1.0,ga_meta,mip,pl_rank,pl_rank,pl_rank,9,0.1067549112565925,38.666666653777774,0.37837835811468334,0,0,1,0.010563194309959318,269.8275815546969
2,1,1234.168267274561,105.0,21.0,15.0,8184.0,4308,3876.0,0.0405345211581291,0.1228784792939579,8,63,44430.05762188419,44430.05762188419,31.0,0.06451612903225806,10.5,14.999999984999999,0.9999999989999999,36.0,1.3999999999066666,0.21736635746389976,0.0405345211581291,0.1228784792939579,0.05442176870711278,0.0,ga_meta,ga_meta,ga_meta,pl_rank,ga_meta,8,0.0817065002260435,35.999999964,0.6999999540333365,0,0,1,0.004980820318819665,227.3333270185187
4,4,100.20988373129651,1118.0,86.0,200.0,8983.0,1428,7555.0,0.4524539877300614,0.4475319926873857,11,34,52910.81861012456,28660.0267471508,20.0,0.2,21.5,49.9999999875,0.6666666665555555,286.0,0.42999999999785005,0.14095820981160945,0.4524539877300614,0.4475319926873857,0.07482993197228008,1.0,ga_meta,ga_meta,rw_rank_bfs,pl_rank,rw_rank_bfs,14,0.4499929902087235,190.66666663488888,0.42999999150750023,0,0,1,0.20248763472818834,31.409090799268913
8,15,537.7884240699008,1616.0,808.0,4012.0,9625.0,4944,4681.0,0.0,0.0,0,0,0.0,0.0,31.0,0.25806451612903225,101.0,267.46666664883554,0.5357142856951531,4820.0,0.20139581256226285,0.0795639284689682,0.0,0.0,0.0,0.0,ga_meta,ga_meta,ga_meta,rw_rank_bfs,rw_rank_bfs,7,0.0,2582.142857050638,0.3776171471676827,2,0,1,0.0,1.996887966390687
5,6,101.22937979015217,1174.0,587.0,981.0,9202.0,4586,4616.0,0.0,0.0,0,0,0.0,0.0,31.0,0.16129032258064516,117.4,163.49999997275,0.59999999994,1568.0,0.5983690112124379,0.12001530075547484,0.0,0.0,0.0,0.0,ga_meta,ga_meta,ga_meta,rw_rank_bfs,ga_meta,4,0.0,940.79999990592,0.7180428091836322,1,0,1,0.0,5.868622445236848
6,10,94.8192096302492,1268.0,634.0,2326.0,9659.0,4735,4924.0,0.0,0.0,0,0,0.0,0.0,31.0,0.1935483870967742,105.66666666666667,232.59999997674,0.6666666666222222,2960.0,0.2725709372311812,0.07631251793057281,0.0,0.0,0.0,0.0,pl_rank,rw_rank_bfs,pl_rank,pl_rank,pl_rank,2,0.0,1973.3333332017776,0.4542848934778523,1,0,1,0.0,3.2631756745732514
4,3,20.597540212923416,1110.0,111.0,138.0,6381.0,957,5424.0,0.6615983026874116,0.6302154349604581,19,36,7538.699717929971,5128.787513017931,20.0,0.2,27.75,45.999999984666665,0.49999999991666666,249.0,0.804347826081128,0.3897867457205699,0.6615983026874116,0.6302154349604581,0.12925170067939284,1.0,ga_meta,mip,ga_meta,rw_rank_bfs,rw_rank_bfs,15,0.6459068688239349,124.49999997924999,0.603260856651938,0,0,1,0.41694946209724787,25.62650592117869
3,2,425.2658776227573,99.0,33.0,10.0,8761.0,4667,4094.0,0.0424702503077554,0.1157667386609071,8,63,26791.750290233707,18286.432737778563,31.0,0.0967741935483871,11.0,4.9999999975,0.6666666664444444,43.0,3.29999999967,0.16218800803289657,0.0424702503077554,0.1157667386609071,0.05442176870711278,0.0,ga_meta,pso_meta,ga_meta,pl_rank,pl_rank,7,0.07911849448433125,28.666666657111108,2.1999995611000878,0,1,0,0.004916642368241229,203.74418130827488
2,1,674.8884780331829,72.0,24.0,26.0,16566.0,2540,14026.0,0.0813743218806509,0.0246175243393602,10,36,33744.423901659145,33744.423901659145,20.0,0.1,12.0,25.999999973999998,0.9999999989999999,50.0,0.9230769230414201,-0.5842019699722674,0.0813743218806509,0.0246175243393602,0.06802721088389098,1.0,ga_meta,ga_meta,ga_meta,pl_rank,pl_rank,7,0.05299592311000555,49.999999949999996,0.46153844424852136,0,0,1,0.002003234349495855,331.31999337360014
5,5,456.9932509266149,90.0,9.0,9.0,3608.0,956,2592.0,0.2033333333333333,0.928,14,16,0.0,0.0,,,1.8,1.79999999964,0.49999999995,18.0,0.9999999998888889,0.6549679640432247,0.2033333333333333,0.928,0.09523809523744736,,ga_meta,mip,mip,pl_rank,mip,6,0.5656666666666667,8.9999999991,0.9999994446447529,1,1,0,0.18869333333333332,200.44443330864257
4,3,750.5227476258572,210.0,30.0,48.0,8969.0,4743,4226.0,0.0268773081657776,0.0872570194384448,6,43,123085.73061064056,58540.77431481686,31.0,0.12903225806451613,7.5,15.999999994666666,0.49999999991666666,78.0,0.6249999999869792,0.14229702591565463,0.0268773081657776,0.0872570194384448,0.04081632653033459,0.0,ga_meta,mip,ga_meta,pl_rank,pl_rank,5,0.0570671638021112,38.9999999935,0.4687499708593768,0,0,1,0.002345233801074327,114.9871780129849
6,7,344.610358720321,1358.0,679.0,1923.0,9625.0,4944,4681.0,0.0,0.0,0,0,0.0,0.0,31.0,0.1935483870967742,113.16666666666667,274.7142856750408,0.46666666663555556,2602.0,0.353094123764767,0.0795639284689682,0.0,0.0,0.0,0.0,ga_meta,ga_meta,ga_meta,rw_rank_bfs,rw_rank_bfs,8,0.0,1214.2666665857155,0.41194314295175843,1,0,1,0.0,3.6990776311686866
7,11,486.1743001305523,326.0,163.0,657.0,8718.0,1267,7451.0,0.5141871165644172,0.4551371115173674,13,36,0.0,0.0,20.0,0.35,23.285714285714285,59.72727272184297,0.5238095237845805,820.0,0.2480974124805965,0.1663000860667495,0.5141871165644172,0.4551371115173674,0.08843537414905826,1.0,ga_meta,ga_meta,ga_meta,pl_rank,pl_rank,8,0.4846621140408923,429.52380950335595,0.38986735597808514,1,0,1,0.23402563901257273,10.631707304107675
5,6,414.3415594310883,66.0,22.0,88.0,15898.0,2456,13442.0,0.111754068716094,0.0652294853963838,10,34,58007.81832035236,45577.57153741971,20.0,0.25,4.4,14.666666664222221,0.59999999994,110.0,0.24999999999715908,-0.5203213158649709,0.111754068716094,0.0652294853963838,0.06802721088389098,1.0,ga_meta,mip,mip,pl_rank,mip,10,0.0884917770562389,65.9999999934,0.299999979595456,1,0,1,0.007289660393302926,144.52727141338843
5,6,1397.5110588237703,1260.0,105.0,320.0,8875.0,1297,7578.0,0.5026840490797546,0.4458500914076783,12,36,1116611.3360001924,593942.2000001024,20.0,0.25,21.0,53.333333324444446,0.59999999994,425.0,0.3281249999989746,0.15128621975710055,0.5026840490797546,0.4458500914076783,0.08163265306066918,1.0,ga_meta,mip,ga_meta,pl_rank,rw_rank_bfs,12,0.47426707024371645,254.99999997449999,0.39374999268281263,1,0,1,0.22412172923139043,20.882352892041524
9,14,49.05976220429037,790.0,395.0,1048.0,10241.0,1490,8751.0,0.426040061633282,0.3912347826086956,5,36,0.0,0.0,20.0,0.45,43.888888888888886,74.85714285179591,0.3888888888780865,1443.0,0.37690839694620526,0.02065601989098209,0.426040061633282,0.3912347826086956,0.03401360544194549,1.0,ga_meta,mip,ga_meta,rw_rank_bfs,rw_rank_bfs,16,0.4086374221209888,561.1666666510788,0.5863019430153684,2,0,1,0.16668169089569235,7.0970200921018565
7,13,341.13881773263665,400.0,200.0,633.0,8846.0,1209,7637.0,0.5724893917963225,0.4793427870193618,15,36,0.0,0.0,20.0,0.35,28.571428571428573,48.69230768856213,0.6190476190181405,833.0,0.31595576619223387,0.1540594816869083,0.5724893917963225,0.4793427870193618,0.10204081632583646,1.0,ga_meta,rw_rank_bfs,mip,rw_rank_bfs,mip,8,0.5259160894078422,515.6666666421111,0.5867749823523983,1,0,1,0.27441866060266856,10.619447766363209
2,1,232.02761538398053,60.0,12.0,4.0,15476.0,2443,13033.0,0.1164556962025316,0.0936717663421419,11,36,3712.441846143689,3712.441846143689,20.0,0.1,6.0,3.9999999959999997,0.9999999989999999,16.0,2.99999999925,-0.47996557330018175,0.1164556962025316,0.0936717663421419,0.07482993197228008,1.0,ga_meta,ga_meta,mip,pl_rank,pl_rank,14,0.10506373127233676,15.999999983999999,1.499999626500093,0,1,0,0.010908610763895002,967.2499395468787
8,20,402.32689733113864,1424.0,712.0,5372.0,9659.0,4735,4924.0,0.0,0.0,0,0,0.0,0.0,31.0,0.25806451612903225,89.0,268.59999998657,0.714285714260204,6084.0,0.1325390915859768,0.07631251793057281,0.0,0.0,0.0,0.0,ga_meta,mip,ga_meta,pl_rank,pl_rank,8,0.0,4345.714285559081,0.3313477277479608,2,0,1,0.0,1.5876068373458896
4,3,1788.2645323295176,79.0,16.0,5.0,3121.0,919,2202.0,0.2341666666666666,0.9388333333333332,6,16,578556.1722242556,229923.48244348489,,,4.0,1.6666666661111111,0.49999999991666666,21.0,3.19999999936,0.701539638519652,0.2341666666666666,0.9388333333333332,0.04081632653033459,,d_round,mip,mip,rw_rank_bfs,mip,7,0.5864999999999999,10.49999999825,2.399998560800863,0,1,0,0.21984347222222214,148.61904054195045
8,14,43.9134989826473,1442.0,721.0,3176.0,9659.0,4735,4924.0,0.0,0.0,0,0,0.0,0.0,31.0,0.25806451612903225,90.125,226.85714284093876,0.49999999998214284,3897.0,0.22701511335005448,0.07631251793057281,0.0,0.0,0.0,0.0,ga_meta,mip,ga_meta,pl_rank,pl_rank,7,0.0,1948.4999999304107,0.3972764466398787,2,0,1,0.0,2.4785732608471713
6,7,341.4694495781517,324.0,162.0,385.0,6723.0,1030,5693.0,0.6357850070721358,0.6118761930733569,15,36,0.0,0.0,20.0,0.3,27.0,54.999999992142854,0.46666666663555556,547.0,0.42077922077812785,0.35708138089318164,0.6357850070721358,0.6118761930733569,0.10204081632583646,1.0,ga_meta,sa_meta,rw_rank_bfs,rw_rank_bfs,rw_rank_bfs,8,0.6238306000727464,255.2666666496489,0.4909090820536012,1,0,1,0.3890217097404158,12.290676394349768
2,0,38.2981941558957,6.0,3.0,35.0,3608.0,956,2592.0,0.2033333333333333,0.928,20,16,0.0,0.0,,,1.5,35000000000.0,0.0,38.0,0.08571428571183674,0.6549679640432247,0.2033333333333333,0.928,0.13605442176778196,,mip,mip,mip,pl_rank,mip,1,0.5656666666666667,0.0,4.285714285714286e-11,0,0,1,0.18869333333333332,94.94736592243774
3,2,181.78914989083657,385.0,55.0,117.0,7899.0,1166,6733.0,0.5876944837340876,0.5409735478592855,15,36,44174.76342347328,31267.73378122389,20.0,0.15,18.333333333333332,58.49999997075,0.6666666664444444,172.0,0.47008547008145224,0.24462082815339004,0.5876944837340876,0.5409735478592855,0.10204081632583646,1.0,ga_meta,mip,mip,rw_rank_bfs,pl_rank,20,0.5643340157966865,114.66666662844443,0.31339030818990926,0,0,1,0.31792716992296055,45.92441833764873
4,3,50.513127838897766,300.0,30.0,68.0,16285.0,2487,13798.0,0.1005424954792043,0.0404728789986091,11,36,6061.575340667732,4950.286528211981,20.0,0.2,7.5,22.66666665911111,0.49999999991666666,98.0,0.44117647058174736,-0.5573300181696472,0.1005424954792043,0.0404728789986091,0.07482993197228008,1.0,ga_meta,rw_rank_bfs,rw_rank_bfs,pl_rank,rw_rank_bfs,10,0.0705076872389067,48.999999991833334,0.33088233845372034,0,0,1,0.004069244253748038,166.17346769210747
5,5,175.1944972054797,798.0,399.0,1312.0,17304.0,2649,14655.0,0.0,0.0,0,0,0.0,0.0,20.0,0.25,79.8,262.39999994752,0.49999999995,1711.0,0.3041158536583048,-0.6547767045997896,0.0,0.0,0.0,1.0,ga_meta,sa_meta,pl_rank,pl_rank,pl_rank,12,0.0,855.49999991445,0.3041158525603817,1,0,1,0.0,10.113383980062311
5,6,20.597540212923416,882.0,441.0,1772.0,9625.0,4944,4681.0,0.0,0.0,0,0,0.0,0.0,31.0,0.16129032258064516,88.2,295.3333332841111,0.59999999994,2213.0,0.24887133182830198,0.0795639284689682,0.0,0.0,0.0,0.0,pl_rank,pl_rank,pl_rank,rw_rank_bfs,rw_rank_bfs,2,0.0,1327.7999998672199,0.29864559723268985,1,0,1,0.0,4.349299591346905
4,3,473.4151478979741,84.0,42.0,59.0,7984.0,4308,3676.0,0.0405345211581291,0.1681375876895224,8,59,0.0,0.0,31.0,0.12903225806451613,10.5,19.66666666011111,0.49999999991666666,101.0,0.7118644067675955,0.23649230180740177,0.0405345211581291,0.1681375876895224,0.05442176870711278,0.0,mip,mip,mip,pl_rank,mip,4,0.10433605442382574,50.49999999158333,0.5338982781153417,0,0,1,0.006815376605677732,79.0495041678267
5,6,251.31365248343067,1116.0,558.0,1597.0,9659.0,4735,4924.0,0.0,0.0,0,0,0.0,0.0,31.0,0.16129032258064516,111.6,266.16666662230557,0.59999999994,2155.0,0.3494051346272076,0.07631251793057281,0.0,0.0,0.0,0.0,ga_meta,ga_meta,mip,pl_rank,pl_rank,10,0.0,1292.9999998706999,0.41928616004751595,1,0,1,0.0,4.482134568685785
9,15,890.4673342951672,832.0,416.0,1225.0,9662.0,1640,8022.0,0.3682588597842835,0.4419478260869565,4,36,0.0,0.0,20.0,0.45,46.22222222222222,81.66666666122222,0.4166666666550926,1641.0,0.3395918367344167,0.0760256287654203,0.3682588597842835,0.4419478260869565,0.02721088435355639,1.0,ga_meta,mip,ga_meta,rw_rank_bfs,d_round,14,0.40510334293562,683.749999981007,0.56598638766511,2,0,1,0.16275120251892541,5.887873244431521
5,6,366.6126732379284,392.0,196.0,517.0,10932.0,1761,9171.0,0.3216486902927581,0.3620173913043478,4,36,0.0,0.0,20.0,0.25,39.2,86.16666665230555,0.59999999994,713.0,0.3791102514499437,-0.04542411781581723,0.3216486902927581,0.3620173913043478,0.02721088435355639,1.0,ga_meta,pl_rank,ga_meta,rw_rank_bfs,pl_rank,16,0.3418330407985529,427.79999995722,0.454932296536956,1,0,1,0.11644241977624438,15.332398295466483
5,6,1627.124537787036,94.0,47.0,98.0,8424.0,4626,3798.0,0.0508822322527697,0.1796976241900647,11,63,0.0,0.0,31.0,0.16129032258064516,9.4,16.33333333061111,0.59999999994,145.0,0.47959183672980005,0.19441522425169744,0.0508822322527697,0.1796976241900647,0.07482993197228008,0.0,sa_meta,rw_rank_bfs,sa_meta,pl_rank,sa_meta,2,0.11528992822141719,86.9999999913,0.5755101689422345,1,0,1,0.009143416249309798,58.09655132347206
7,15,450.8835213951323,296.0,148.0,706.0,12701.0,1990,10711.0,0.2963224893917963,0.2697709299154622,8,25,0.0,0.0,20.0,0.35,21.142857142857142,47.06666666352889,0.7142857142517007,854.0,0.20963172804502886,-0.214593095534092,0.2963224893917963,0.2697709299154622,0.05442176870711278,1.0,ga_meta,mip,mcts,rw_rank_bfs,rw_rank_bfs,14,0.2830467096536292,609.9999999709524,0.4492108362972202,1,0,1,0.07993919351808956,14.872365322163507
5,6,277.79920506089843,304.0,152.0,316.0,8590.0,1238,7352.0,0.5622347949080622,0.4987728388328334,15,36,0.0,0.0,20.0,0.25,30.4,52.66666665788889,0.59999999994,468.0,0.48101265822632594,0.17854069044659082,0.5622347949080622,0.4987728388328334,0.10204081632583646,1.0,ga_meta,mip,mcts,rw_rank_bfs,sa_meta,10,0.5305038168704478,280.79999997192,0.5772151790098383,1,0,1,0.28042744474689,18.354700815481408
9,25,359.82244543050905,738.0,369.0,2045.0,10284.0,1591,8693.0,0.3871340523882897,0.3952695652173913,4,36,0.0,0.0,20.0,0.45,41.0,81.799999996728,0.6944444444251544,2414.0,0.18044009779942277,0.016543941857129152,0.3871340523882897,0.3952695652173913,0.02721088435355639,1.0,ga_meta,ga_meta,ga_meta,rw_rank_bfs,pl_rank,13,0.3912018088028405,1676.3888888423228,0.5012224877801652,2,0,1,0.15302230856836604,4.260149128309798
8,11,180.3557097190893,1810.0,905.0,3106.0,17304.0,2649,14655.0,0.0,0.0,0,0,0.0,0.0,20.0,0.4,113.125,282.36363633796697,0.39285714284311224,4011.0,0.2913715389567639,-0.6547767045997896,0.0,0.0,0.0,1.0,ga_meta,mip,ga_meta,pl_rank,pl_rank,8,0.0,1575.7499999437232,0.4006358646832358,2,0,1,0.0,4.314136124578874
7,12,60.14792662664672,2865.0,191.0,633.0,8689.0,1447,7242.0,0.4451687116564417,0.4704204753199269,11,36,122761.91824498597,49561.8915403569,20.0,0.35,27.285714285714285,52.74999999560416,0.5714285714013605,824.0,0.3017377567135834,0.16907334799655738,0.4451687116564417,0.4704204753199269,0.07482993197228008,1.0,ga_meta,ga_meta,ga_meta,pl_rank,ga_meta,9,0.4577945934881843,470.85714283472106,0.5172647160326708,1,0,1,0.20941647693498278,10.544902899824146
9,18,267.5429073174441,207.0,17.0,3.0,3121.0,919,2202.0,0.2341666666666666,0.9388333333333332,26,16,0.0,0.0,,,1.8888888888888888,0.1666666666574074,0.49999999998611117,20.0,5.666666664777778,0.701539638519652,0.2341666666666666,0.9388333333333332,0.17687074829811653,,ga_meta,mip,mip,rw_rank_bfs,mip,5,0.5864999999999999,9.999999999722224,11.333265334370953,2,1,0,0.21984347222222214,156.0499921975004
2,0,1456.2556364298391,8.0,4.0,0.0,3121.0,919,2202.0,0.2341666666666666,0.9388333333333332,19,16,471141.52943318326,187235.92690156007,,,2.0,0.0,0.0,4.0,3999999999.9999995,0.701539638519652,0.2341666666666666,0.9388333333333332,0.12925170067939284,,d_round,mip,mip,rw_rank_bfs,mip,7,0.5864999999999999,0.0,2000000.0,0,1,0,0.21984347222222214,780.2498049375488
5,5,470.94069920524873,1098.0,122.0,207.0,13021.0,1983,11038.0,0.2987977369165487,0.2474775020452686,8,28,282093.478823944,154939.49003852683,20.0,0.25,24.4,41.39999999172,0.49999999995,329.0,0.5893719806734813,-0.24519460648369518,0.2987977369165487,0.2474775020452686,0.05442176870711278,1.0,ga_meta,mip,ga_meta,rw_rank_bfs,pl_rank,20,0.27313761948090864,164.49999998355,0.589371966558165,1,0,1,0.07394571754888682,39.57750747848782
7,11,324.2217124838453,374.0,187.0,579.0,9230.0,1327,7903.0,0.491180981595092,0.4220840950639853,13,36,0.0,0.0,20.0,0.35,26.714285714285715,52.63636363157851,0.5238095237845805,766.0,0.3229706390322574,0.11733766854738448,0.491180981595092,0.4220840950639853,0.08843537414905826,1.0,ga_meta,mip,ga_meta,pl_rank,pl_rank,8,0.45663253832953865,401.23809521898863,0.5075252803127446,1,0,1,0.20731968012920443,12.049608339360825
7,8,52.69806330672536,544.0,272.0,636.0,9283.0,1565,7718.0,0.3971494607087827,0.463095652173913,5,36,0.0,0.0,20.0,0.35,38.857142857142854,79.4999999900625,0.3809523809342404,908.0,0.4276729559741703,0.11226929329635649,0.3971494607087827,0.463095652173913,0.03401360544194549,1.0,ga_meta,pl_rank,mip,rw_rank_bfs,rw_rank_bfs,12,0.4301225564413479,345.9047618882903,0.4887690864557347,1,0,1,0.18391818851745156,10.22356827067889
5,8,297.11694671508167,74.0,37.0,108.0,8881.0,4739,4142.0,0.0276979893311448,0.1053995680345571,5,33,0.0,0.0,31.0,0.16129032258064516,7.4,13.4999999983125,0.79999999992,145.0,0.34259259258942043,0.1507124414267954,0.0276979893311448,0.1053995680345571,0.03401360544194549,0.0,mip,mip,mip,pl_rank,pl_rank,3,0.06654877868285095,115.9999999884,0.5481481076131032,1,0,1,0.0029193561109284332,61.24827543966707
4,5,597.0961249348794,680.0,340.0,1076.0,9625.0,4944,4681.0,0.0,0.0,0,0,0.0,0.0,31.0,0.12903225806451613,85.0,215.19999995696,0.8333333331944445,1416.0,0.3159851301112305,0.0795639284689682,0.0,0.0,0.0,0.0,ga_meta,ga_meta,mip,rw_rank_bfs,rw_rank_bfs,9,0.0,1179.9999998033334,0.394981410882986,0,0,1,0.0,6.797316379380426
4,4,197.56814558694313,1008.0,84.0,130.0,7646.0,1210,6436.0,0.5721357850070721,0.5612217071175347,16,36,58085.03480256128,42279.58315560583,20.0,0.2,21.0,32.499999991875,0.6666666665555555,214.0,0.6461538461488758,0.26881514774792004,0.5721357850070721,0.5612217071175347,0.10884353741422556,1.0,ga_meta,ga_meta,sa_meta,rw_rank_bfs,sa_meta,18,0.5666787460623034,142.66666664288888,0.6461538264337284,0,0,1,0.3210950219646998,35.728971795659014
6,7,417.1645500540659,1352.0,676.0,1851.0,9659.0,4735,4924.0,0.0,0.0,0,0,0.0,0.0,31.0,0.1935483870967742,112.66666666666667,264.4285713907959,0.46666666663555556,2527.0,0.3652079956778146,0.07631251793057281,0.0,0.0,0.0,0.0,ga_meta,rw_rank_bfs,ga_meta,pl_rank,pl_rank,4,0.0,1179.2666665880488,0.42607599340724006,1,0,1,0.0,3.8223189537703526
6,8,1058.544439889222,334.0,167.0,420.0,8056.0,1135,6921.0,0.5986562942008486,0.5281565312244341,18,36,0.0,0.0,20.0,0.3,27.833333333333332,52.4999999934375,0.5333333332977778,587.0,0.3976190476181009,0.22960696184374108,0.5986562942008486,0.5281565312244341,0.12244897959100376,1.0,ga_meta,rw_rank_bfs,mip,rw_rank_bfs,pso_meta,9,0.5634064127126414,313.0666666457955,0.5301587201267387,1,0,1,0.3161842317407945,13.724020419550222
5,6,310.4473558106736,1755.0,135.0,325.0,9958.0,1543,8415.0,0.4543847241867044,0.4263021543496046,14,36,315104.0661478337,142805.78367290986,20.0,0.25,27.0,54.166666657638885,0.59999999994,460.0,0.4153846153833373,0.047719231137037355,0.4543847241867044,0.4263021543496046,0.09523809523744736,1.0,ga_meta,ga_meta,ga_meta,rw_rank_bfs,rw_rank_bfs,13,0.4403434392681545,275.99999997239996,0.49846152934224874,1,0,1,0.19370518682434298,21.64782603989603
3,3,96.9114758411132,230.0,23.0,40.0,8072.0,4278,3794.0,0.0472160356347438,0.1414347137361393,10,57,10950.996770045793,6105.422977990131,31.0,0.0967741935483871,7.666666666666667,13.33333332888889,0.9999999996666666,63.0,0.574999999985625,0.22807688629626088,0.0472160356347438,0.1414347137361393,0.06802721088389098,0.0,ga_meta,mip,ga_meta,pl_rank,pl_rank,7,0.09432537468544155,62.999999978999995,0.57499995706667,0,0,1,0.0066779864837553425,128.12698209322252
7,9,37.451986013645005,1742.0,871.0,2424.0,9625.0,4944,4681.0,0.0,0.0,0,0,0.0,0.0,31.0,0.22580645161290322,124.42857142857143,269.3333333034074,0.42857142855102043,3295.0,0.3593234323430861,0.0795639284689682,0.0,0.0,0.0,0.0,mip,mip,mip,rw_rank_bfs,rw_rank_bfs,2,0.0,1412.1428570756123,0.46198726849161964,1,0,1,0.0,2.9210925636051313
5,7,257.6159277591568,765.0,51.0,95.0,15385.0,2343,13042.0,0.1526220614828209,0.0930458970792768,15,36,50750.337768553894,37611.9254528369,20.0,0.25,10.2,13.571428569489795,0.69999999993,146.0,0.5368421052575069,-0.47126326862388823,0.1526220614828209,0.0930458970792768,0.10204081632583646,1.0,ga_meta,mip,mip,pl_rank,sa_meta,10,0.12283397928104885,102.19999998978,0.7515788920962923,1,0,1,0.014200856624757608,105.37671160700883
7,11,358.0226592019341,1562.0,781.0,2789.0,9202.0,4586,4616.0,0.0,0.0,0,0,0.0,0.0,31.0,0.22580645161290322,111.57142857142857,253.54545452240495,0.5238095237845805,3570.0,0.2800286841160703,0.12001530075547484,0.0,0.0,0.0,0.0,mip,mip,mip,rw_rank_bfs,mip,1,0.0,1869.9999999109523,0.44004507334413406,1,0,1,0.0,2.5775910356925515
2,1,464.0755202668502,48.0,16.0,16.0,8502.0,4366,4136.0,0.0276169265033408,0.0640416383797238,6,60,14850.416648539209,14850.416648539209,31.0,0.06451612903225806,8.0,15.999999983999999,0.9999999989999999,32.0,0.9999999999375,0.1869561059577317,0.0276169265033408,0.0640416383797238,0.04081632653033459,0.0,ga_meta,ga_meta,ga_meta,pl_rank,pl_rank,7,0.0458292824415323,31.999999967999997,0.4999999692500019,0,0,1,0.0017686332202863618,265.6874916972659
3,2,240.71655038562056,770.0,70.0,116.0,7677.0,1488,6189.0,0.4294478527607361,0.5474223034734917,10,33,60901.287247561995,44773.27837172542,20.0,0.15,23.333333333333332,57.999999971,0.6666666664444444,186.0,0.6034482758568668,0.26585062637467727,0.4294478527607361,0.5474223034734917,0.06802721088389098,1.0,ga_meta,ga_meta,mip,pl_rank,mip,15,0.48843507811711395,123.99999995866666,0.40229884383967507,0,0,1,0.23508933278002708,41.27419332648283
10,22,618.3963626510082,982.0,8.0,41.0,3608.0,956,2592.0,0.2033333333333333,0.928,11,16,0.0,0.0,,,0.8,1.8636363635516529,0.48888888887802473,49.0,0.19512195121475315,0.6549679640432247,0.2033333333333333,0.928,0.07482993197228008,,ga_meta,mip,mip,pl_rank,mip,6,0.5656666666666667,23.95555555502321,0.42926806236347875,2,0,1,0.18869333333333332,73.63265155851732
3,1,281.5170343986269,72.0,18.0,18.0,3121.0,919,2202.0,0.2341666666666666,0.9388333333333332,23,16,0.0,0.0,,,6.0,17.999999982,0.3333333332222222,36.0,0.9999999999444444,0.701539638519652,0.2341666666666666,0.9388333333333332,0.15646258503294924,,ga_meta,mip,mip,rw_rank_bfs,mip,6,0.5864999999999999,11.999999996,0.3333333151481491,0,0,1,0.21984347222222214,86.6944420362655
7,12,2320.139762384285,1434.0,717.0,3337.0,9202.0,4586,4616.0,0.0,0.0,0,0,0.0,0.0,31.0,0.22580645161290322,102.42857142857143,278.08333331015973,0.5714285714013605,4054.0,0.21486364998495208,0.12001530075547484,0.0,0.0,0.0,0.0,ga_meta,ga_meta,ga_meta,rw_rank_bfs,ga_meta,1,0.0,2316.5714284611154,0.36833768439473585,1,0,1,0.0,2.269856930865847
2,0,65.0827414470702,40.0,20.0,6.0,2671.0,586,1993.0,0.5116666666666667,0.9446388888888888,14,16,22270.61052598259,8742.195270052403,,,10.0,6000000000.0,0.0,26.0,3.333333332777778,0.7445730132925313,0.5116666666666667,0.9446388888888888,0.09523809523744736,,d_round,mip,mip,rw_rank_bfs,mip,7,0.7281527777777778,0.0,1.6666666666666665e-09,0,0,1,0.4833402314814815,102.73076527958595
8,14,418.9158535394746,180.0,5.0,10.0,3121.0,919,2202.0,0.2341666666666666,0.9388333333333332,38,16,0.0,0.0,,,0.625,0.7142857142346939,0.49999999998214284,15.0,0.49999999995,0.701539638519652,0.2341666666666666,0.9388333333333332,0.2585034013587857,,mip,mip,mip,rw_rank_bfs,mip,1,0.5864999999999999,7.499999999732142,0.8749987750642148,2,0,1,0.21984347222222214,208.06665279555648
5,5,67.42905537955637,92.0,46.0,74.0,8551.0,4749,3802.0,0.0256462864177267,0.1788336933045357,7,63,0.0,0.0,31.0,0.16129032258064516,9.2,14.79999999704,0.49999999995,120.0,0.6216216216132213,0.18227024959357363,0.0256462864177267,0.1788336933045357,0.04761904761872368,0.0,pl_rank,rw_rank_bfs,pl_rank,pl_rank,pl_rank,2,0.1022399898611312,59.999999994,0.6216215797444878,1,0,1,0.004586420119628017,71.25833273951389
2,1,78.65346260915629,338.0,26.0,19.0,8139.0,4282,3857.0,0.0463251670378619,0.1271780945915365,9,63,3539.4058174120332,3539.4058174120332,31.0,0.06451612903225806,13.0,18.999999981,0.9999999989999999,45.0,1.3684210525595568,0.2216696949411877,0.0463251670378619,0.1271780945915365,0.06122448979550188,0.0,ga_meta,ga_meta,ga_meta,pl_rank,pl_rank,7,0.08675163081469921,44.99999995499999,0.6842104909889215,0,0,1,0.00589154647550993,180.8666626474075
2,1,164.43837915794091,36.0,12.0,29.0,15918.0,2468,13450.0,0.1074141048824592,0.064673157162726,10,36,6741.973545475577,6741.973545475577,20.0,0.1,6.0,28.999999970999998,0.9999999989999999,41.0,0.41379310343400716,-0.522233910299321,0.1074141048824592,0.064673157162726,0.06802721088389098,1.0,ga_meta,ga_meta,mip,pl_rank,pl_rank,12,0.0860436310225926,40.99999995899999,0.20689654479667088,0,0,1,0.006946809286556817,388.24389296966115
5,5,813.5362441929522,1170.0,585.0,1008.0,9625.0,4944,4681.0,0.0,0.0,0,0,0.0,0.0,31.0,0.16129032258064516,117.0,201.59999995968,0.49999999995,1593.0,0.5803571428565671,0.0795639284689682,0.0,0.0,0.0,0.0,ga_meta,ga_meta,ga_meta,rw_rank_bfs,rw_rank_bfs,6,0.0,796.49999992035,0.5803571400944587,1,0,1,0.0,6.042059004367822
7,10,108.08328913662412,1478.0,739.0,2954.0,9625.0,4944,4681.0,0.0,0.0,0,0,0.0,0.0,31.0,0.22580645161290322,105.57142857142857,295.39999997046,0.47619047616780047,3693.0,0.25016926201751855,0.0795639284689682,0.0,0.0,0.0,0.0,ga_meta,rw_rank_bfs,ga_meta,rw_rank_bfs,rw_rank_bfs,2,0.0,1758.5714284876872,0.357384658851053,1,0,1,0.0,2.6062821547234547
7,11,594.5524276169494,1580.0,790.0,2688.0,17304.0,2649,14655.0,0.0,0.0,0,0,0.0,0.0,20.0,0.35,112.85714285714286,244.36363634142148,0.5238095237845805,3478.0,0.2938988095237002,-0.6547767045997896,0.0,0.0,0.0,1.0,ga_meta,mip,rw_rank_bfs,pl_rank,rw_rank_bfs,13,0.0,1821.8095237227708,0.46184098454656913,1,0,1,0.0,4.975273144055413
6,5,1175.290128434007,730.0,146.0,194.0,8342.0,1337,7005.0,0.4873466257668711,0.4877513711151736,13,36,761588.0032252365,399598.6436675624,20.0,0.3,24.333333333333332,38.79999999224,0.3333333333111111,340.0,0.7525773195837496,0.20225686143253319,0.4873466257668711,0.4877513711151736,0.08843537414905826,1.0,ga_meta,pl_rank,ga_meta,pl_rank,pl_rank,13,0.48754899844102234,113.33333332577777,0.6271477502848518,1,0,1,0.23770398492614475,24.53529404548443
4,5,235.3070575801732,420.0,30.0,38.0,15890.0,2490,13400.0,0.0994575045207957,0.0681502086230876,10,36,25883.776333819053,16000.879915451776,20.0,0.2,7.5,7.5999999984799995,0.8333333331944445,68.0,0.7894736841897507,-0.5195562780912308,0.0994575045207957,0.0681502086230876,0.06802721088389098,1.0,ga_meta,rw_rank_bfs,mip,pl_rank,rw_rank_bfs,9,0.08380385657194164,56.66666665722222,0.986841975612898,0,0,1,0.006778049682223905,233.67646715181667
5,5,708.121988637141,212.0,106.0,292.0,7906.0,1170,6736.0,0.5862800565770863,0.5407690209980911,15,36,0.0,0.0,20.0,0.25,21.2,58.39999998832,0.49999999995,398.0,0.3630136986288938,0.2439514201013675,0.5862800565770863,0.5407690209980911,0.10204081632583646,1.0,ga_meta,mcts,pl_rank,rw_rank_bfs,pl_rank,10,0.5635245387875887,198.9999999801,0.36301369248675186,1,0,1,0.3170420922258964,19.864321558129845
6,11,338.3062152822045,1252.0,626.0,2224.0,9659.0,4735,4924.0,0.0,0.0,0,0,0.0,0.0,31.0,0.1935483870967742,104.33333333333333,202.181818163438,0.7333333332844444,2850.0,0.28147482014375835,0.07631251793057281,0.0,0.0,0.0,0.0,ga_meta,rw_rank_bfs,ga_meta,pl_rank,pl_rank,5,0.0,2089.9999998606663,0.5160371677583593,1,0,1,0.0,3.389122805828378
3,2,355.1631914457431,497.0,71.0,117.0,7996.0,870,7126.0,0.6664110429447853,0.4789031078610604,16,36,127503.58572902178,66770.6799917997,20.0,0.15,23.666666666666668,58.49999997075,0.6666666664444444,188.0,0.6068376068324202,0.2353447451467916,0.6664110429447853,0.4789031078610604,0.10884353741422556,1.0,ga_meta,ga_meta,mip,pl_rank,mip,17,0.5726570754029228,125.33333329155555,0.4045583978451556,0,0,1,0.31914631957918826,42.53191466738343
7,14,1658.6502541548718,1496.0,748.0,3962.0,9625.0,4944,4681.0,0.0,0.0,0,0,0.0,0.0,31.0,0.22580645161290322,106.85714285714286,282.9999999797857,0.6666666666349206,4710.0,0.18879353861681253,0.0795639284689682,0.0,0.0,0.0,0.0,ga_meta,ga_meta,ga_meta,rw_rank_bfs,rw_rank_bfs,6,0.0,3139.999999850476,0.37758707592646096,1,0,1,0.0,2.0435244157020116
2,0,444.4282704594963,4.0,2.0,43.0,3013.0,795,2170.0,0.3375,0.9397222222222222,35,16,0.0,0.0,,,1.0,43000000000.0,0.0,45.0,0.04651162790589508,0.7118676484651429,0.3375,0.9397222222222222,0.2380952380936184,,mcts,mip,mip,pl_rank,mip,3,0.6386111111111111,0.0,2.3255813953488374e-11,0,0,1,0.31715625000000003,66.95555406765436
5,6,1097.7746054371978,1364.0,124.0,295.0,14969.0,2313,12656.0,0.1821074964639321,0.1371693482410689,5,17,582918.3154871521,459967.5596781859,20.0,0.25,24.8,49.166666658472224,0.59999999994,419.0,0.4203389830494226,-0.43148130438940413,0.1821074964639321,0.1371693482410689,0.03401360544194549,1.0,ga_meta,mip,sa_meta,rw_rank_bfs,sa_meta,17,0.1596384223525005,251.39999997485998,0.5044067694859641,1,0,1,0.024979566599770325,35.725536907576284
2,1,169.5826104764788,20.0,5.0,1.0,8453.0,4723,3730.0,0.0309807139926138,0.1943844492440605,8,63,1017.4956628588728,1017.4956628588728,31.0,0.06451612903225806,2.5,0.9999999989999999,0.9999999989999999,6.0,4.999999995,0.19164196232188968,0.0309807139926138,0.1943844492440605,0.05442176870711278,0.0,ga_meta,ga_meta,rw_rank_bfs,pl_rank,rw_rank_bfs,8,0.11268258161833715,5.9999999939999995,2.499997502502495,0,1,0,0.006022169026641992,1408.833098527817
8,14,17.051331883810203,464.0,16.0,24.0,3013.0,795,2170.0,0.3375,0.9397222222222222,11,16,5647.306390296363,2242.250142721042,,,2.0,1.7142857141632653,0.49999999998214284,40.0,0.6666666666388888,0.7118676484651429,0.3375,0.9397222222222222,0.07482993197228008,,d_round,mip,mip,pl_rank,mip,7,0.6386111111111111,19.999999999285713,1.1666659861948414,2,1,0,0.31715625000000003,75.32499811687505
2,0,929.7614290763216,18.0,9.0,15.0,3121.0,919,2202.0,0.2341666666666666,0.9388333333333332,19,16,300805.1682305746,119542.7084472688,,,4.5,15000000000.0,0.0,24.0,0.59999999996,0.701539638519652,0.2341666666666666,0.9388333333333332,0.12925170067939284,,d_round,mip,mip,rw_rank_bfs,mip,7,0.5864999999999999,0.0,2.9999999999999995e-10,0,0,1,0.21984347222222214,130.04166124826412
3,3,426.9151790302305,744.0,62.0,159.0,8407.0,1284,7123.0,0.5076687116564418,0.4791224862888482,12,36,166496.9198217899,94348.25456568094,20.0,0.15,20.666666666666668,52.999999982333335,0.9999999996666666,221.0,0.3899371069157866,0.19604092952089514,0.5076687116564418,0.4791224862888482,0.08163265306066918,1.0,ga_meta,ga_meta,mip,pl_rank,pso_meta,16,0.49339559897264496,220.99999992633332,0.3899370996909143,0,0,1,0.24323549533989075,38.04072380977048
4,5,295.42729188124565,46.0,23.0,90.0,8187.0,4314,3873.0,0.0391982182628062,0.1235573659198914,8,63,0.0,0.0,31.0,0.12903225806451613,5.75,17.9999999964,0.8333333331944445,113.0,0.25555555555271603,0.21707946829874725,0.0391982182628062,0.1235573659198914,0.05442176870711278,0.0,pl_rank,pl_rank,pl_rank,pl_rank,pl_rank,2,0.0813777920913488,94.16666665097223,0.3194444267614207,0,0,1,0.004843228597305315,72.45132679246613
2,1,846.4618066680757,192.0,16.0,8.0,8753.0,4712,4041.0,0.0332375871973738,0.1272138228941685,7,52,20315.083360033816,20315.083360033816,31.0,0.06451612903225806,8.0,7.999999991999999,0.9999999989999999,24.0,1.99999999975,0.16295304580663672,0.0332375871973738,0.1272138228941685,0.04761904761872368,0.0,ga_meta,ga_meta,ga_meta,pl_rank,pl_rank,8,0.08022570504577115,23.999999975999998,0.9999998760000155,0,1,0,0.004228280531156192,364.7083181371534
4,4,166.94272104645393,1062.0,531.0,1229.0,9659.0,4735,4924.0,0.0,0.0,0,0,0.0,0.0,31.0,0.12903225806451613,132.75,307.2499999231875,0.6666666665555555,1760.0,0.43205858421445725,0.07631251793057281,0.0,0.0,0.0,0.0,ga_meta,pl_rank,pl_rank,pl_rank,pl_rank,8,0.0,1173.3333331377778,0.43205858291661164,0,0,1,0.0,5.488068178699961
5,7,728.2801043577435,430.0,215.0,552.0,8621.0,1336,7285.0,0.485362095531587,0.4932173913043478,5,36,0.0,0.0,20.0,0.25,43.0,78.85714284587755,0.69999999993,767.0,0.3894927536224828,0.17557616907334794,0.485362095531587,0.4932173913043478,0.03401360544194549,1.0,ga_meta,rw_rank_bfs,ga_meta,rw_rank_bfs,rw_rank_bfs,11,0.4892897434179674,536.89999994631,0.5452898482354549,1,0,1,0.23938902659610098,11.239895682868454
7,10,427.2092795057113,1760.0,880.0,2471.0,9659.0,4735,4924.0,0.0,0.0,0,0,0.0,0.0,31.0,0.22580645161290322,125.71428571428571,247.09999997529,0.47619047616780047,3351.0,0.35613112100349814,0.07631251793057281,0.0,0.0,0.0,0.0,mip,mip,mip,pl_rank,pl_rank,4,0.0,1595.7142856382993,0.508758742282875,1,0,1,0.0,2.8824231564063196
5,5,248.604640208895,1910.0,191.0,312.0,7208.0,1107,6101.0,0.5735747303543914,0.5755826086956521,6,36,308269.7538590298,125048.1340250742,20.0,0.25,38.2,62.39999998752,0.49999999995,503.0,0.6121794871775251,0.31070096586018936,0.5735747303543914,0.5755826086956521,0.04081632653033459,1.0,ga_meta,pl_rank,ga_meta,rw_rank_bfs,pso_meta,17,0.5745786695250218,251.49999997485,0.6121794774913546,1,0,1,0.3301396395792859,14.3300198522266
4,4,217.8698146119972,344.0,43.0,44.0,15172.0,2318,12854.0,0.1616636528028933,0.1061196105702364,13,36,24401.419236543687,18954.67387124376,20.0,0.2,10.75,10.99999999725,0.6666666665555555,87.0,0.9772727272505166,-0.45089413789805866,0.1616636528028933,0.1061196105702364,0.08843537414905826,1.0,ga_meta,mip,sa_meta,pl_rank,sa_meta,9,0.13389163168656484,57.99999999033333,0.9772726386740783,0,0,1,0.017155683878804943,174.39080259320917
4,3,174.18834730144647,634.0,317.0,586.0,9625.0,4944,4681.0,0.0,0.0,0,0,0.0,0.0,31.0,0.12903225806451613,79.25,195.33333326822222,0.49999999991666666,903.0,0.5409556313983943,0.0795639284689682,0.0,0.0,0.0,0.0,ga_meta,rw_rank_bfs,rw_rank_bfs,rw_rank_bfs,rw_rank_bfs,6,0.0,451.49999992475,0.4057167216076789,0,0,1,0.0,10.658914716878279
8,14,264.716393000755,348.0,5.0,22.0,2671.0,586,1993.0,0.5116666666666667,0.9446388888888888,21,16,90583.0878860151,35557.85062739871,,,0.625,1.5714285713163265,0.49999999998214284,27.0,0.2272727272623967,0.7445730132925313,0.5116666666666667,0.9446388888888888,0.14285714285617104,,d_round,mip,mip,rw_rank_bfs,mip,7,0.7281527777777778,13.499999999517856,0.3977270196566693,2,0,1,0.4833402314814815,98.92592226200287
5,7,103.93829242189808,260.0,130.0,381.0,8639.0,1278,7361.0,0.5480905233380481,0.4981592582492501,14,36,0.0,0.0,20.0,0.25,26.0,54.42857142079592,0.69999999993,511.0,0.3412073490804693,0.17385483408243285,0.5480905233380481,0.4981592582492501,0.09523809523744736,1.0,ga_meta,ga_meta,mip,rw_rank_bfs,rw_rank_bfs,11,0.5231248907936491,357.69999996422996,0.4776902800056904,1,0,1,0.27303636855952534,16.906066503119245
4,3,22.2378650511505,96.0,24.0,71.0,9181.0,4797,4384.0,0.0157981124333196,0.0531317494600431,3,21,4114.005034462843,2112.5971798592973,31.0,0.12903225806451613,6.0,23.66666665877778,0.49999999991666666,95.0,0.33802816900932353,0.12202352491154256,0.0157981124333196,0.0531317494600431,0.020408163265167294,0.0,ga_meta,mip,ga_meta,pl_rank,pl_rank,5,0.03446493094668135,47.49999999208333,0.25352111613291056,0,0,1,0.0008393813517487287,96.64210424587259
3,1,930.1413158135232,36.0,1.0,33.0,2556.0,652,1866.0,0.4566666666666666,0.9481666666666668,7,16,342206.3333087095,143841.45900995182,,,0.3333333333333333,32.999999967,0.3333333332222222,34.0,0.03030303030211203,0.755570431290045,0.4566666666666666,0.9481666666666668,0.04761904761872368,,d_round,mip,mip,pl_rank,mip,7,0.7024166666666667,11.333333329555554,0.010101009805019904,0,0,1,0.43299611111111114,75.1764683771627
6,7,264.08780479495465,1494.0,747.0,1686.0,17304.0,2649,14655.0,0.0,0.0,0,0,0.0,0.0,20.0,0.3,124.5,240.8571428227347,0.46666666663555556,2433.0,0.4430604982203778,-0.6547767045997896,0.0,0.0,0.0,1.0,ga_meta,mip,ga_meta,pl_rank,ga_meta,23,0.0,1135.3999999243067,0.5169039125184891,1,0,1,0.0,7.112207148741387
7,7,12.998874958791893,1592.0,796.0,1594.0,9202.0,4586,4616.0,0.0,0.0,0,0,0.0,0.0,31.0,0.22580645161290322,113.71428571428571,227.7142856817551,0.3333333333174603,2390.0,0.49937264742754117,0.12001530075547484,0.0,0.0,0.0,0.0,ga_meta,mip,ga_meta,rw_rank_bfs,ga_meta,8,0.0,796.6666666287301,0.49937264530621445,1,0,1,0.0,3.8502092034099547
6,8,143.9670136877853,1300.0,650.0,2000.0,9659.0,4735,4924.0,0.0,0.0,0,0,0.0,0.0,31.0,0.1935483870967742,108.33333333333333,249.99999996875,0.5333333332977778,2650.0,0.3249999999998375,0.07631251793057281,0.0,0.0,0.0,0.0,ga_meta,mip,ga_meta,pl_rank,pl_rank,5,0.0,1413.333333239111,0.43333333165416665,1,0,1,0.0,3.6449056590019224
5,5,592.4759584974906,210.0,42.0,67.0,16192.0,2476,13716.0,0.1045207956600361,0.0461752433936022,10,36,113162.9080730207,64579.87947622648,20.0,0.25,8.4,13.39999999732,0.49999999995,109.0,0.6268656716324348,-0.5484364540499187,0.1045207956600361,0.0461752433936022,0.06802721088389098,1.0,ga_meta,ga_meta,ga_meta,pl_rank,pl_rank,17,0.07534801952681915,54.49999999455,0.6268656249861474,1,0,1,0.004826273179295127,148.5504573527481
9,21,49.61076235804667,816.0,408.0,1665.0,10188.0,1531,8657.0,0.410246533127889,0.3977739130434783,4,36,0.0,0.0,20.0,0.45,45.333333333333336,79.28571428193878,0.5833333333171297,2073.0,0.24504504504489788,0.02572439514201008,0.410246533127889,0.3977739130434783,0.02721088435355639,1.0,ga_meta,ga_meta,mip,rw_rank_bfs,sa_meta,9,0.4040102230856837,1209.2499999664099,0.5717717645874633,2,0,1,0.16318536879480136,4.914616495458458
5,6,895.5173363460804,88.0,44.0,117.0,8910.0,4753,4157.0,0.0248256052523594,0.1021598272138228,6,61,0.0,0.0,31.0,0.16129032258064516,8.8,19.49999999675,0.59999999994,161.0,0.3760683760651618,0.14793917949698765,0.0248256052523594,0.1021598272138228,0.04081632653033459,0.0,mip,mip,mip,pl_rank,mip,1,0.0634927162330911,96.59999999034,0.4512820282145969,1,0,1,0.002536179543059608,55.34161456309556
5,5,1301.0603242640616,120.0,6.0,18.0,2671.0,586,1993.0,0.5116666666666667,0.9446388888888888,42,16,0.0,0.0,,,1.2,3.59999999928,0.49999999995,24.0,0.3333333333148148,0.7445730132925313,0.5116666666666667,0.9446388888888888,0.2857142857123421,,mip,mip,mip,rw_rank_bfs,mip,1,0.7281527777777778,11.9999999988,0.33333324080743304,1,0,1,0.4833402314814815,111.29166202951407
8,11,167.95385035375222,1720.0,860.0,2405.0,9625.0,4944,4681.0,0.0,0.0,0,0,0.0,0.0,31.0,0.25806451612903225,107.5,218.6363636164876,0.39285714284311224,3265.0,0.3575883575882089,0.0795639284689682,0.0,0.0,0.0,0.0,mip,mip,mip,rw_rank_bfs,mip,1,0.0,1282.6785713827614,0.4916839894798237,2,0,1,0.0,2.9479326177801126
4,4,380.5426836710322,468.0,39.0,84.0,16649.0,2602,14047.0,0.0589511754068715,0.0231571627260083,9,36,64311.71354040444,46806.75009153696,20.0,0.2,9.75,20.99999999475,0.6666666665555555,123.0,0.46428571428018706,-0.5921392368748206,0.0589511754068715,0.0231571627260083,0.06122448979550188,1.0,ga_meta,rw_rank_bfs,pso_meta,pl_rank,pso_meta,8,0.041054169066439904,81.99999998633332,0.46428569229294325,0,0,1,0.001365141961786382,135.3577224767665
10,19,1945.4550269343165,836.0,418.0,1558.0,10257.0,1703,8554.0,0.3439907550077041,0.4049391304347826,4,36,0.0,0.0,20.0,0.5,41.8,81.9999999956842,0.42222222221283956,1976.0,0.2682926829266571,0.01912594434350201,0.3439907550077041,0.4049391304347826,0.02721088435355639,1.0,ga_meta,pl_rank,ga_meta,rw_rank_bfs,ga_meta,12,0.3744649427212433,834.311111092571,0.5097560913712672,2,0,1,0.13929531721042404,5.190789471057292
9,18,1115.6823489314145,639.0,15.0,28.0,3013.0,795,2170.0,0.3375,0.9397222222222222,14,16,369507.7957308126,146712.22888448098,,,1.6666666666666667,1.5555555554691358,0.49999999998611117,43.0,0.5357142856951531,0.7118676484651429,0.3375,0.9397222222222222,0.09523809523744736,,d_round,mip,mip,pl_rank,mip,7,0.6386111111111111,21.49999999940278,1.071427882713028,2,1,0,0.31715625000000003,70.06976581233103
4,5,72.76029004006438,200.0,100.0,265.0,6966.0,813,6153.0,0.6882668711656441,0.550054844606947,18,36,0.0,0.0,20.0,0.2,25.0,52.9999999894,0.8333333331944445,365.0,0.37735849056461374,0.3338433585158267,0.6882668711656441,0.550054844606947,0.12244897959100376,1.0,ga_meta,ga_meta,mip,pl_rank,d_round,11,0.6191608578862955,304.16666661597225,0.47169810440192256,0,0,1,0.37858452686712796,19.084931454561833
5,6,55.88105997560869,1308.0,654.0,1496.0,17304.0,2649,14655.0,0.0,0.0,0,0,0.0,0.0,20.0,0.25,130.8,249.33333329177776,0.59999999994,2150.0,0.4371657754007773,-0.6547767045997896,0.0,0.0,0.0,1.0,ga_meta,ga_meta,ga_meta,pl_rank,pl_rank,13,0.0,1289.999999871,0.5245989284647102,1,0,1,0.0,8.048372089279827
6,9,35.10832406063858,1206.0,603.0,3005.0,9625.0,4944,4681.0,0.0,0.0,0,0,0.0,0.0,31.0,0.1935483870967742,100.5,333.8888888517901,0.59999999996,3608.0,0.20066555740425934,0.0795639284689682,0.0,0.0,0.0,0.0,ga_meta,rw_rank_bfs,ga_meta,rw_rank_bfs,rw_rank_bfs,5,0.0,2164.7999998556797,0.30099833523844094,1,0,1,0.0,2.6676829260898884
8,14,835.0886157977397,350.0,0.0,25.0,3013.0,795,2170.0,0.3375,0.9397222222222222,25,16,276576.71017101256,109814.15297740276,,,0.0,1.7857142855867347,0.49999999998214284,25.0,0.0,0.7118676484651429,0.3375,0.9397222222222222,0.17006802720972744,,d_round,mip,mip,pl_rank,mip,7,0.6386111111111111,12.499999999553571,0.0,2,0,1,0.31715625000000003,120.5199951792002
6,8,429.90314024103515,342.0,171.0,342.0,8692.0,1244,7448.0,0.5230061349693251,0.4553564899451554,11,36,0.0,0.0,20.0,0.3,28.5,42.74999999465625,0.5333333332977778,513.0,0.499999999998538,0.16878645883140475,0.5230061349693251,0.4553564899451554,0.07482993197228008,1.0,ga_meta,ga_meta,mip,pl_rank,mcts,10,0.4891813124572403,273.59999998176,0.6666666511554585,1,0,1,0.23815423783941408,16.943469752546843
10,27,16.501992296812546,848.0,424.0,2153.0,10284.0,1591,8693.0,0.3871340523882897,0.3952695652173913,4,36,0.0,0.0,20.0,0.5,42.4,79.74074073778738,0.5999999999866668,2577.0,0.19693450998597448,0.016543941857129152,0.3871340523882897,0.3952695652173913,0.02721088435355639,1.0,ga_meta,ga_meta,mip,rw_rank_bfs,sa_meta,9,0.3912018088028405,1546.1999999656402,0.5317231703139221,2,0,1,0.15302230856836604,3.9906868436202227
6,10,484.11910254347055,1252.0,626.0,2658.0,17304.0,2649,14655.0,0.0,0.0,0,0,0.0,0.0,20.0,0.3,104.33333333333333,265.79999997342,0.6666666666222222,3284.0,0.23551542513158935,-0.6547767045997896,0.0,0.0,0.0,1.0,ga_meta,sa_meta,mip,pl_rank,rw_rank_bfs,11,0.0,2189.333333187378,0.3925257071152783,1,0,1,0.0,5.269183920441783
7,13,9.372749359043606,334.0,167.0,590.0,7385.0,1053,6332.0,0.6276520509193777,0.568311971638942,18,36,0.0,0.0,20.0,0.35,23.857142857142858,45.38461538112426,0.6190476190181405,757.0,0.28305084745714737,0.2937745051161901,0.6276520509193777,0.568311971638942,0.12244897959100376,1.0,ga_meta,pl_rank,mip,rw_rank_bfs,mip,8,0.5979820112791598,468.6190475967324,0.5256658480221327,1,0,1,0.35670217456121717,9.755614253955596
3,2,316.146791535382,1067.0,97.0,103.0,9924.0,1329,8595.0,0.4904141104294478,0.3714808043875686,12,36,83778.89975687624,63229.35830707641,20.0,0.15,32.333333333333336,51.499999974249995,0.6666666664444444,200.0,0.9417475728063908,0.05097064167543275,0.4904141104294478,0.3714808043875686,0.08163265306066918,1.0,ga_meta,ga_meta,ga_meta,pl_rank,pl_rank,14,0.4309474574085082,133.33333328888887,0.6278317033333651,0,0,1,0.18217942822534516,49.619999751900004
5,5,467.55947178311294,130.0,20.0,6.0,3013.0,795,2170.0,0.3375,0.9397222222222222,42,16,0.0,0.0,,,4.0,1.19999999976,0.49999999995,26.0,3.333333332777778,0.7118676484651429,0.3375,0.9397222222222222,0.2857142857123421,,mip,mip,mip,pl_rank,mip,2,0.6386111111111111,12.9999999987,3.3333305562245363,1,1,0,0.31715625000000003,115.88461092751496
9,19,469.7509974740347,706.0,353.0,1482.0,10284.0,1591,8693.0,0.3871340523882897,0.3952695652173913,4,36,0.0,0.0,20.0,0.45,39.22222222222222,77.99999999589474,0.5277777777631173,1835.0,0.2381916329283143,0.016543941857129152,0.3871340523882897,0.3952695652173913,0.02721088435355639,1.0,ga_meta,rw_rank_bfs,ga_meta,rw_rank_bfs,ga_meta,8,0.3912018088028405,968.4722221953202,0.5028489964286865,2,0,1,0.15302230856836604,5.604359669970376
3,1,118.69342084431352,42.0,11.0,9.0,3608.0,956,2592.0,0.2033333333333333,0.928,12,16,0.0,0.0,,,3.6666666666666665,8.999999991,0.3333333332222222,20.0,1.2222222220864198,0.6549679640432247,0.2033333333333333,0.928,0.08163265306066918,,ga_meta,mip,mip,pl_rank,mip,6,0.5656666666666667,6.666666664444444,0.4074073625473301,0,0,1,0.18869333333333332,180.39999098000044
7,12,486.9393038266122,1316.0,658.0,3069.0,9202.0,4586,4616.0,0.0,0.0,0,0,0.0,0.0,31.0,0.22580645161290322,94.0,255.7499999786875,0.5714285714013605,3727.0,0.21440208536975744,0.12001530075547484,0.0,0.0,0.0,0.0,ga_meta,ga_meta,ga_meta,rw_rank_bfs,d_round,5,0.0,2129.7142856128708,0.3675464306560583,1,0,1,0.0,2.469009926893209
7,13,170.11860575843852,1464.0,732.0,2838.0,9202.0,4586,4616.0,0.0,0.0,0,0,0.0,0.0,31.0,0.22580645161290322,104.57142857142857,218.3076922908994,0.6190476190181405,3570.0,0.2579281183931438,0.12001530075547484,0.0,0.0,0.0,0.0,ga_meta,ga_meta,ga_meta,rw_rank_bfs,d_round,5,0.0,2209.999999894762,0.47900936057294613,1,0,1,0.0,2.5775910356925515
4,4,478.8629233183817,884.0,442.0,903.0,9659.0,4735,4924.0,0.0,0.0,0,0,0.0,0.0,31.0,0.12903225806451613,110.5,225.7499999435625,0.6666666665555555,1345.0,0.4894795127347846,0.07631251793057281,0.0,0.0,0.0,0.0,sa_meta,rw_rank_bfs,rw_rank_bfs,pl_rank,rw_rank_bfs,5,0.0,896.6666665172222,0.48947951068945955,0,0,1,0.0,7.181412634065864
7,10,238.7931526242663,1520.0,760.0,2184.0,17304.0,2649,14655.0,0.0,0.0,0,0,0.0,0.0,20.0,0.35,108.57142857142857,218.39999997816,0.47619047616780047,2944.0,0.34798534798518865,-0.6547767045997896,0.0,0.0,0.0,1.0,ga_meta,rw_rank_bfs,mip,pl_rank,mip,8,0.0,1401.9047618380046,0.4971219234668672,1,0,1,0.0,5.877717389307841
3,2,1215.3159336494066,100.0,25.0,54.0,8620.0,4721,3899.0,0.0313910545752974,0.1578833693304535,7,63,96009.95875830312,96009.95875830312,31.0,0.0967741935483871,8.333333333333334,26.9999999865,0.6666666664444444,79.0,0.4629629629543896,0.17567179879506556,0.0313910545752974,0.1578833693304535,0.04761904761872368,0.0,ga_meta,ga_meta,ga_meta,pl_rank,pl_rank,6,0.09463721195287544,52.66666664911111,0.3086419640317791,0,0,1,0.004956125463184102,109.11392266944402
8,14,82.64650785246344,1526.0,763.0,2984.0,9202.0,4586,4616.0,0.0,0.0,0,0,0.0,0.0,31.0,0.25806451612903225,95.375,213.14285712763265,0.49999999998214284,3747.0,0.2556970509382521,0.12001530075547484,0.0,0.0,0.0,0.0,pl_rank,pl_rank,pl_rank,rw_rank_bfs,d_round,2,0.0,1873.4999999330892,0.447469837074664,2,0,1,0.0,2.4558313310766398
8,11,2.0281610653467816,670.0,335.0,894.0,10580.0,1368,9212.0,0.4730354391371341,0.3591652173913043,6,35,0.0,0.0,20.0,0.4,41.875,81.27272726533884,0.39285714284311224,1229.0,0.3747203579414153,-0.011762455771253677,0.4730354391371341,0.3591652173913043,0.04081632653033459,1.0,ga_meta,ga_meta,mip,rw_rank_bfs,pl_rank,17,0.41610032826421917,482.82142855418493,0.5152404858772144,2,0,1,0.16989787633147985,8.608624891286716
7,10,117.90483467769717,335.0,15.0,23.0,3013.0,795,2170.0,0.3375,0.9397222222222222,2,16,39049.42621839398,15504.485760117175,,,2.142857142857143,2.29999999977,0.47619047616780047,38.0,0.6521739130151228,0.7118676484651429,0.3375,0.9397222222222222,0.013605442176778195,,d_round,mip,mip,pl_rank,mip,7,0.6386111111111111,18.095238094376416,0.9316766136499195,1,0,1,0.31715625000000003,79.28947159764549
10,24,4.907220019494586,748.0,374.0,1768.0,8621.0,1336,7285.0,0.485362095531587,0.4932173913043478,5,36,0.0,0.0,20.0,0.5,37.4,73.66666666359723,0.5333333333214815,2142.0,0.21153846153834188,0.17557616907334794,0.485362095531587,0.4932173913043478,0.03401360544194549,1.0,ga_meta,mcts,ga_meta,rw_rank_bfs,rw_rank_bfs,12,0.4892897434179674,1142.3999999746134,0.5076923008217108,2,0,1,0.23938902659610098,4.024743228746619
8,14,452.9523135510795,214.0,11.0,9.0,2671.0,586,1993.0,0.5116666666666667,0.9446388888888888,25,16,154995.38491541127,60842.513468888246,,,1.375,0.6428571428112245,0.49999999998214284,20.0,1.2222222220864198,0.7445730132925313,0.5116666666666667,0.9446388888888888,0.17006802720972744,,d_round,mip,mip,rw_rank_bfs,mip,7,0.7281527777777778,9.999999999642856,2.138885561886348,2,1,0,0.4833402314814815,133.5499933225003
5,4,211.9550927632243,1090.0,545.0,1357.0,17304.0,2649,14655.0,0.0,0.0,0,0,0.0,0.0,20.0,0.25,109.0,339.2499999151875,0.39999999996,1902.0,0.4016212232863658,-0.6547767045997896,0.0,0.0,0.0,1.0,ga_meta,ga_meta,ga_meta,pl_rank,ga_meta,11,0.0,760.79999992392,0.3212969777625734,1,0,1,0.0,9.097791793323978
8,14,71.24315648514144,376.0,5.0,24.0,3121.0,919,2202.0,0.2341666666666666,0.9388333333333332,21,16,23049.2565098987,9159.984075729288,,,0.625,1.7142857141632653,0.49999999998214284,29.0,0.2083333333246528,0.701539638519652,0.2341666666666666,0.9388333333333332,0.14285714285617104,,d_round,mip,mip,rw_rank_bfs,mip,7,0.5864999999999999,14.499999999482142,0.36458312068588794,2,0,1,0.21984347222222214,107.62068594411427
4,3,1452.9598021498157,758.0,379.0,777.0,9202.0,4586,4616.0,0.0,0.0,0,0,0.0,0.0,31.0,0.12903225806451613,94.75,258.99999991366667,0.49999999991666666,1156.0,0.48777348777286,0.12001530075547484,0.0,0.0,0.0,0.0,ga_meta,ga_meta,ga_meta,rw_rank_bfs,ga_meta,1,0.0,577.9999999036667,0.3658301145395877,0,0,1,0.0,7.960207605570754
8,13,502.5578276427101,1682.0,841.0,3244.0,9202.0,4586,4616.0,0.0,0.0,0,0,0.0,0.0,31.0,0.25806451612903225,105.125,249.53846151926626,0.4642857142691327,4085.0,0.2592478421700804,0.12001530075547484,0.0,0.0,0.0,0.0,ga_meta,sa_meta,ga_meta,rw_rank_bfs,ga_meta,4,0.0,1896.607142789407,0.4212777418706888,2,0,1,0.0,2.2526315783959285
6,7,130.1757058141047,1250.0,250.0,475.0,9750.0,1313,8437.0,0.4942218798151001,0.4130782608695652,6,28,191488.463252548,94377.3867152259,20.0,0.3,41.666666666666664,67.85714284744898,0.46666666663555556,725.0,0.5263157894725762,0.0676102132542794,0.4942218798151001,0.4130782608695652,0.04081632653033459,1.0,ga_meta,mip,ga_meta,rw_rank_bfs,d_round,17,0.4536500703423326,338.3333333107778,0.6140350787580795,1,0,1,0.2041523145977088,13.44827584351962
4,3,239.65748978791973,216.0,36.0,50.0,15811.0,2424,13387.0,0.1233273056057866,0.0690542420027816,12,34,24205.40646857989,20610.544121761097,20.0,0.2,9.0,16.666666661111112,0.49999999991666666,86.0,0.7199999999856,-0.5120015300755474,0.1233273056057866,0.0690542420027816,0.08163265306066918,1.0,ga_meta,mip,ga_meta,pl_rank,ga_meta,11,0.09619077380428409,42.99999999283333,0.5399999677800018,0,0,1,0.008516273606852991,183.84883507152517
7,8,209.4331346703202,1342.0,671.0,2601.0,9659.0,4735,4924.0,0.0,0.0,0,0,0.0,0.0,31.0,0.22580645161290322,95.85714285714286,325.1249999593594,0.3809523809342404,3272.0,0.2579777008841761,0.07631251793057281,0.0,0.0,0.0,0.0,ga_meta,rw_rank_bfs,ga_meta,pl_rank,pl_rank,7,0.0,1246.4761904168345,0.29483165728348587,1,0,1,0.0,2.95201711401222
3,1,202.08005895427436,74.0,16.0,26.0,3121.0,919,2202.0,0.2341666666666666,0.9388333333333332,14,16,65378.84260285347,25982.14640348854,,,5.333333333333333,25.999999973999998,0.3333333332222222,42.0,0.6153846153609468,0.701539638519652,0.2341666666666666,0.9388333333333332,0.09523809523744736,,d_round,mip,mip,rw_rank_bfs,mip,7,0.5864999999999999,13.999999995333333,0.20512819744378727,0,0,1,0.21984347222222214,74.30952204024948
5,4,463.56271151578983,44.0,22.0,70.0,7745.0,4273,3472.0,0.0483296213808462,0.2143018782529984,11,51,0.0,0.0,31.0,0.16129032258064516,4.4,17.499999995625,0.39999999996,92.0,0.3142857142812245,0.2593478052978866,0.0483296213808462,0.2143018782529984,0.07482993197228008,0.0,mip,mip,mip,pl_rank,pl_rank,3,0.1313157498169223,36.799999996320004,0.25142855712408246,1,0,1,0.01035712863717161,84.18478169364369
5,5,923.6351787030457,564.0,47.0,82.0,8511.0,4663,3848.0,0.0432909314731226,0.1688984881209503,8,52,342668.6512988299,119148.93805269289,31.0,0.16129032258064516,9.4,16.39999999672,0.49999999995,129.0,0.5731707317003272,0.18609543846227405,0.0432909314731226,0.1688984881209503,0.05442176870711278,0.0,ga_meta,mip,mip,pl_rank,rw_rank_bfs,8,0.10609470979703645,64.49999999355,0.5731706968725185,1,0,1,0.00731177287515807,65.9767436745989
8,12,25.15022660618941,1732.0,866.0,3058.0,9659.0,4735,4924.0,0.0,0.0,0,0,0.0,0.0,31.0,0.25806451612903225,108.25,254.8333333120972,0.42857142855612246,3924.0,0.2831916285152769,0.07631251793057281,0.0,0.0,0.0,0.0,mip,mip,mip,pl_rank,pl_rank,4,0.0,1681.7142856542246,0.42478744114153066,2,0,1,0.0,2.461518857680551
4,3,395.7262360521081,300.0,25.0,58.0,8403.0,4669,3734.0,0.0420599097250717,0.1935205183585313,8,63,108824.71491432971,32845.277592324965,31.0,0.12903225806451613,6.25,19.333333326888887,0.49999999991666666,83.0,0.4310344827511891,0.19642344840776516,0.0420599097250717,0.1935205183585313,0.05442176870711278,0.0,ga_meta,pl_rank,ga_meta,pl_rank,pl_rank,6,0.1177902140418015,41.499999993083335,0.3232758454555597,0,0,1,0.008139455532108906,101.24096263565106
5,6,76.50882700913002,790.0,395.0,1945.0,17304.0,2649,14655.0,0.0,0.0,0,0,0.0,0.0,20.0,0.25,79.0,324.1666666126389,0.59999999994,2340.0,0.2030848329047799,-0.6547767045997896,0.0,0.0,0.0,1.0,ga_meta,ga_meta,mcts,pl_rank,mcts,13,0.0,1403.9999998596,0.24370179877469883,1,0,1,0.0,7.394871791711593
2,0,1407.525611755594,22.0,11.0,26.0,3121.0,919,2202.0,0.2341666666666666,0.9388333333333332,4,16,455375.93321504514,180970.53564087,,,5.5,26000000000.0,0.0,37.0,0.42307692306065087,0.701539638519652,0.2341666666666666,0.9388333333333332,0.02721088435355639,,d_round,mip,mip,rw_rank_bfs,mip,7,0.5864999999999999,0.0,2.1153846153846153e-10,0,0,1,0.21984347222222214,84.35134907158516
6,10,657.8131255485464,502.0,251.0,786.0,8559.0,1140,7419.0,0.5608628659476117,0.483895652173913,7,35,0.0,0.0,20.0,0.3,41.833333333333336,78.59999999214,0.6666666666222222,1037.0,0.3193384223914512,0.1815052118198336,0.5608628659476117,0.483895652173913,0.04761904761872368,1.0,ga_meta,mip,mip,rw_rank_bfs,mip,9,0.5223792590607623,691.3333332872444,0.5322306972682694,1,0,1,0.2713991022978495,8.253616192619463
5,5,325.9641377703833,240.0,4.0,44.0,3608.0,956,2592.0,0.2033333333333333,0.928,15,16,0.0,0.0,,,0.8,8.79999999824,0.49999999995,48.0,0.0909090909070248,0.6549679640432247,0.2033333333333333,0.928,0.10204081632583646,,ga_meta,mip,mip,pl_rank,mip,4,0.5656666666666667,23.9999999976,0.09090908059669539,1,0,1,0.18869333333333332,75.16666510069449
2,1,413.74790942305543,195.0,13.0,6.0,8956.0,4757,4199.0,0.0240049240869921,0.0930885529157667,5,63,7861.210279038053,7861.210279038053,31.0,0.06451612903225806,6.5,5.9999999939999995,0.9999999989999999,19.0,2.1666666663055554,0.1435402122979822,0.0240049240869921,0.0930885529157667,0.03401360544194549,0.0,ga_meta,ga_meta,rw_rank_bfs,pl_rank,rw_rank_bfs,8,0.058546738501379404,18.999999981,1.0833331538611408,0,1,0,0.002234583646110927,471.3683962437686
5,7,257.6159277591568,102.0,51.0,95.0,8442.0,4706,3736.0,0.0344686089454246,0.1930885529157667,8,62,0.0,0.0,31.0,0.16129032258064516,10.2,13.571428569489795,0.69999999993,146.0,0.5368421052575069,0.19269388926078224,0.0344686089454246,0.1930885529157667,0.05442176870711278,0.0,pl_rank,rw_rank_bfs,pl_rank,pl_rank,pl_rank,2,0.11377858093059565,102.19999998978,0.7515788920962923,1,0,1,0.006655493822291487,57.82191741217865
3,2,283.84673444976397,114.0,38.0,74.0,9257.0,1261,7996.0,0.554101838755304,0.4548677392964275,15,36,59891.6609689002,31790.834258373565,20.0,0.15,12.666666666666666,36.9999999815,0.6666666664444444,112.0,0.5135135135065741,0.11475566606101173,0.554101838755304,0.4548677392964275,0.10204081632583646,1.0,ga_meta,ga_meta,ga_meta,rw_rank_bfs,pl_rank,25,0.5044847890258658,74.66666664177777,0.34234233326101804,0,0,1,0.25204305073461875,82.65178497632336
8,15,319.6014686352014,1624.0,812.0,3871.0,9659.0,4735,4924.0,0.0,0.0,0,0,0.0,0.0,31.0,0.25806451612903225,101.5,258.0666666494622,0.5357142856951531,4683.0,0.20976491862562394,0.07631251793057281,0.0,0.0,0.0,0.0,ga_meta,rw_rank_bfs,ga_meta,pl_rank,pl_rank,4,0.0,2508.749999910402,0.39330922092530657,2,0,1,0.0,2.0625667302877284
6,9,70.82101546574671,1352.0,676.0,2496.0,9202.0,4586,4616.0,0.0,0.0,0,0,0.0,0.0,31.0,0.1935483870967742,112.66666666666667,277.3333333025185,0.59999999996,3172.0,0.27083333333322485,0.12001530075547484,0.0,0.0,0.0,0.0,ga_meta,ga_meta,ga_meta,rw_rank_bfs,ga_meta,7,0.0,1903.1999998731199,0.4062499985802952,1,0,1,0.0,2.9010088263237677
3,2,607.8826789051379,512.0,64.0,92.0,9892.0,1151,8741.0,0.5586656441717792,0.3608043875685557,14,36,201817.04939650575,94829.69790920152,20.0,0.15,21.333333333333332,45.999999977,0.6666666664444444,156.0,0.6956521739054821,0.05403079277039302,0.5586656441717792,0.3608043875685557,0.09523809523744736,1.0,ga_meta,ga_meta,mip,pl_rank,pl_rank,17,0.45973501587016746,103.99999996533333,0.46376810609199765,0,0,1,0.20156901560099147,63.41025600378041
7,14,959.2516029454856,1696.0,848.0,3460.0,9625.0,4944,4681.0,0.0,0.0,0,0,0.0,0.0,31.0,0.22580645161290322,121.14285714285714,247.14285712520407,0.6666666666349206,4308.0,0.2450867052022413,0.0795639284689682,0.0,0.0,0.0,0.0,mip,mip,mip,rw_rank_bfs,rw_rank_bfs,5,0.0,2871.999999863238,0.49017340845627605,1,0,1,0.0,2.234215412666152
3,2,956.1605580926552,264.0,24.0,40.0,15288.0,2379,12909.0,0.1396021699819167,0.1022948539638386,12,36,76492.8446474124,61194.27571792993,20.0,0.15,8.0,19.99999999,0.6666666664444444,64.0,0.5999999999850001,-0.4619871856172899,0.1396021699819167,0.1022948539638386,0.08163265306066918,1.0,ga_meta,mip,ga_meta,pl_rank,ga_meta,18,0.12094851197287765,42.66666665244444,0.399999980200001,0,0,1,0.014280583591335142,238.87499626757818
4,3,328.3672823909719,588.0,42.0,52.0,8084.0,4648,3436.0,0.0463684858432499,0.2578833693304535,7,45,66986.92560775827,30866.52454475136,31.0,0.12903225806451613,10.5,17.333333327555554,0.49999999991666666,94.0,0.8076923076767752,0.2269293296356507,0.0463684858432499,0.2578833693304535,0.04761904761872368,0.0,ga_meta,mip,ga_meta,pl_rank,pl_rank,5,0.15212592758685173,46.999999992166664,0.605769196022931,0,0,1,0.01195766136000872,85.9999990851064
3,2,124.79588479393624,69.0,23.0,29.0,8581.0,4705,3876.0,0.0346737792367665,0.1628509719222461,7,56,13727.547327332988,6489.386009284685,31.0,0.0967741935483871,7.666666666666667,14.49999999275,0.6666666664444444,52.0,0.7931034482485136,0.17940135794204837,0.0346737792367665,0.1628509719222461,0.04761904761872368,0.0,ga_meta,mip,ga_meta,pl_rank,pl_rank,7,0.09876237557950629,34.66666665511111,0.528735595983752,0,0,1,0.005646658648924821,165.0192275957841
3,2,87.41197482552799,165.0,11.0,22.0,8115.0,4286,3829.0,0.0454342984409799,0.1335143697669155,10,63,3933.538867148759,2884.5951692424237,31.0,0.0967741935483871,3.6666666666666665,10.9999999945,0.6666666664444444,33.0,0.49999999997727274,0.22396480826240794,0.0454342984409799,0.1335143697669155,0.06802721088389098,0.0,ga_meta,sa_meta,ga_meta,pl_rank,pl_rank,5,0.0894743341039477,21.999999992666666,0.33333330319697246,0,0,1,0.0060661317221493835,245.9090834573005
3,2,333.10183054409396,144.0,18.0,29.0,8140.0,4396,3744.0,0.0209354120267261,0.1527494908350305,6,27,25981.942782439328,15655.786035572415,31.0,0.0967741935483871,6.0,14.49999999275,0.6666666664444444,47.0,0.6206896551510107,0.2215740652194702,0.0209354120267261,0.1527494908350305,0.04081632653033459,0.0,ga_meta,mip,ga_meta,pl_rank,pl_rank,8,0.0868424514308783,31.333333322888887,0.41379307511771896,0,0,1,0.0031978735275039858,173.19148567677692
8,13,1126.1807718918235,1450.0,725.0,3314.0,17304.0,2649,14655.0,0.0,0.0,0,0,0.0,0.0,20.0,0.4,90.625,254.92307690346746,0.4642857142691327,4039.0,0.2187688593843637,-0.6547767045997896,0.0,0.0,0.0,1.0,ga_meta,ga_meta,ga_meta,pl_rank,pl_rank,7,0.0,1875.2499999330269,0.3554993951325084,2,0,1,0.0,4.2842287684366855
5,7,122.07971195182846,1234.0,617.0,1743.0,9659.0,4735,4924.0,0.0,0.0,0,0,0.0,0.0,31.0,0.16129032258064516,123.4,248.99999996442858,0.69999999993,2360.0,0.3539873780835605,0.07631251793057281,0.0,0.0,0.0,0.0,mip,mip,mip,pl_rank,mip,5,0.0,1651.9999998347998,0.4955823273977761,1,0,1,0.0,4.092796608435256
8,17,303.8762452467725,1684.0,842.0,4080.0,9659.0,4735,4924.0,0.0,0.0,0,0,0.0,0.0,31.0,0.25806451612903225,105.25,239.99999998588234,0.6071428571211734,4922.0,0.20637254901955726,0.07631251793057281,0.0,0.0,0.0,0.0,ga_meta,rw_rank_bfs,ga_meta,pl_rank,pl_rank,7,0.0,2988.3571427504157,0.43854166486520635,2,0,1,0.0,1.9624136525878881
5,7,1013.1105305575325,1120.0,560.0,1636.0,17304.0,2649,14655.0,0.0,0.0,0,0,0.0,0.0,20.0,0.25,112.0,233.71428568089794,0.69999999993,2196.0,0.3422982885083482,-0.6547767045997896,0.0,0.0,0.0,1.0,ga_meta,mip,ga_meta,pl_rank,pl_rank,13,0.0,1537.19999984628,0.47921760192999807,1,0,1,0.0,7.879781417176785
3,2,384.3056223065453,66.0,33.0,43.0,8597.0,4697,3900.0,0.036315141567501,0.1576673866090713,7,58,0.0,0.0,31.0,0.0967741935483871,11.0,21.49999998925,0.6666666664444444,76.0,0.7674418604472688,0.1778712823945683,0.036315141567501,0.1576673866090713,0.04761904761872368,0.0,mip,mip,mip,pl_rank,pl_rank,3,0.09699126408828615,50.666666649777774,0.5116278834359124,0,0,1,0.005725713465286336,113.11841956423133
8,16,1048.3181270674625,544.0,272.0,1294.0,10241.0,1490,8751.0,0.426040061633282,0.3912347826086956,5,36,0.0,0.0,20.0,0.4,34.0,80.87499999494531,0.5714285714081633,1566.0,0.21020092735687002,0.02065601989098209,0.426040061633282,0.3912347826086956,0.03401360544194549,1.0,ga_meta,ga_meta,ga_meta,rw_rank_bfs,pl_rank,11,0.4086374221209888,894.8571428251837,0.4204018495421719,2,0,1,0.16668169089569235,6.5395913112774
6,7,1046.898049250677,336.0,168.0,442.0,9034.0,1286,7748.0,0.5452616690240453,0.4717752931551677,14,36,0.0,0.0,20.0,0.3,28.0,63.142857133836735,0.46666666663555556,610.0,0.3800904977366966,0.13608109400401647,0.5452616690240453,0.4717752931551677,0.09523809523744736,1.0,ga_meta,ga_meta,mip,rw_rank_bfs,rw_rank_bfs,12,0.5085184810896065,284.6666666476889,0.4434389070677096,1,0,1,0.25724098375009496,14.80983604129535
6,9,42.66498277640848,1218.0,609.0,2064.0,9659.0,4735,4924.0,0.0,0.0,0,0,0.0,0.0,31.0,0.1935483870967742,101.5,229.33333330785186,0.59999999996,2673.0,0.29505813953474075,0.07631251793057281,0.0,0.0,0.0,0.0,ga_meta,ga_meta,ga_meta,pl_rank,pl_rank,6,0.0,1603.79999989308,0.44258720742161584,1,0,1,0.0,3.6135428344131904
5,4,324.791373867923,574.0,41.0,63.0,16066.0,2505,13561.0,0.0940325497287523,0.0569541029207232,9,35,52940.99394047145,33778.302882264,20.0,0.25,8.2,15.749999996062499,0.39999999996,104.0,0.6507936507833207,-0.5363871091135124,0.0940325497287523,0.0569541029207232,0.06122448979550188,1.0,ga_meta,mip,sa_meta,pl_rank,pl_rank,15,0.07549332632473775,41.59999999584,0.520634887708896,1,0,1,0.005355539515149381,154.48076774537725
7,9,647.6202392747227,1376.0,688.0,2791.0,17304.0,2649,14655.0,0.0,0.0,0,0,0.0,0.0,20.0,0.35,98.28571428571429,310.1111110766543,0.42857142855102043,3479.0,0.2465066284484964,-0.6547767045997896,0.0,0.0,0.0,1.0,ga_meta,mip,mip,pl_rank,pl_rank,12,0.0,1490.999999929,0.3169370927328128,1,0,1,0.0,4.973843056920424
8,12,182.00185757307167,1834.0,917.0,2903.0,9659.0,4735,4924.0,0.0,0.0,0,0,0.0,0.0,31.0,0.25806451612903225,114.625,241.91666664650694,0.42857142855612246,3820.0,0.3158801240095364,0.07631251793057281,0.0,0.0,0.0,0.0,ga_meta,sa_meta,ga_meta,pl_rank,pl_rank,6,0.0,1637.1428570843877,0.4738201840953437,2,0,1,0.0,2.528534030751693
10,22,273.1798313451167,140.0,14.0,0.0,3121.0,919,2202.0,0.2341666666666666,0.9388333333333332,5,16,88381.71014106717,35123.69508015228,,,1.4,0.0,0.48888888887802473,14.0,14000000000.0,0.701539638519652,0.2341666666666666,0.9388333333333332,0.03401360544194549,,d_round,mip,mip,rw_rank_bfs,mip,7,0.5864999999999999,6.844444444292346,1400000.0,2,1,0,0.21984347222222214,222.9285555051032
4,4,615.4513754151476,136.0,17.0,49.0,16438.0,2627,13811.0,0.0499095840867992,0.0395688456189151,6,33,60929.686166099615,40619.79077739974,20.0,0.2,4.25,12.2499999969375,0.6666666665555555,66.0,0.34693877550312374,-0.571961365592426,0.0499095840867992,0.0395688456189151,0.04081632653033459,1.0,ga_meta,mip,ga_meta,pl_rank,pl_rank,14,0.044739214852857145,43.999999992666666,0.3469387472754084,0,0,1,0.0019748646276348193,249.06060228696057
4,4,568.6651452876375,360.0,40.0,64.0,15765.0,2411,13354.0,0.1280289330922241,0.0713490959666203,14,36,76201.12946854343,59141.1751099143,20.0,0.2,10.0,15.999999996,0.6666666665555555,104.0,0.6249999999902344,-0.5076025628765419,0.1280289330922241,0.0713490959666203,0.09523809523744736,1.0,ga_meta,pl_rank,ga_meta,pl_rank,pl_rank,7,0.09968901452942219,69.33333332177777,0.6249999610937524,0,0,1,0.009134748633701107,151.58653700397562
4,4,652.8197084288254,306.0,34.0,65.0,16008.0,2496,13512.0,0.0972875226039783,0.0603616133518776,10,36,77032.72559460139,64629.151134453714,20.0,0.2,8.5,16.2499999959375,0.6666666665555555,99.0,0.5230769230688758,-0.5308405852538969,0.0972875226039783,0.0603616133518776,0.06802721088389098,1.0,ga_meta,mip,ga_meta,pl_rank,ga_meta,12,0.07882456797792795,65.99999998899999,0.5230768910183451,0,0,1,0.00587243182338339,161.696968063667
4,3,25.27813677597215,110.0,5.0,30.0,2556.0,652,1866.0,0.4566666666666666,0.9481666666666668,28,16,0.0,0.0,,,1.25,9.999999996666666,0.49999999991666666,35.0,0.1666666666611111,0.755570431290045,0.4566666666666666,0.9481666666666668,0.19047619047489472,,ga_meta,mip,mip,pl_rank,mip,6,0.7024166666666667,17.499999997083332,0.12499998754166793,0,0,1,0.43299611111111114,73.02856934204088
7,13,323.9462635998079,1308.0,654.0,3594.0,9625.0,4944,4681.0,0.0,0.0,0,0,0.0,0.0,31.0,0.22580645161290322,93.42857142857143,276.4615384402722,0.6190476190181405,4248.0,0.18196994991647691,0.0795639284689682,0.0,0.0,0.0,0.0,mip,mip,mip,rw_rank_bfs,rw_rank_bfs,4,0.0,2629.714285589061,0.33794419150572697,1,0,1,0.0,2.2657721275268896
7,10,196.04926488179936,456.0,228.0,520.0,8697.0,1390,7307.0,0.4670245398773006,0.4656672760511883,11,36,0.0,0.0,20.0,0.35,32.57142857142857,51.9999999948,0.47619047616780047,748.0,0.4384615384606953,0.16830831022281723,0.4670245398773006,0.4656672760511883,0.07482993197228008,1.0,ga_meta,mip,ga_meta,pl_rank,pl_rank,8,0.46634590796424447,356.19047617351475,0.6263736143906173,1,0,1,0.21747804533372211,11.627005332049459
5,5,436.75758646371435,265.0,12.0,41.0,2671.0,586,1993.0,0.5116666666666667,0.9446388888888888,48,16,0.0,0.0,,,2.4,8.19999999836,0.49999999995,53.0,0.2926829268221297,0.7445730132925313,0.5116666666666667,0.9446388888888888,0.3265306122426767,,mip,mip,mip,rw_rank_bfs,mip,1,0.7281527777777778,26.49999999735,0.2926828911947694,1,0,1,0.4833402314814815,50.39622546422216
5,6,373.9478754592252,238.0,17.0,58.0,15041.0,2297,12744.0,0.1692585895117541,0.1137691237830319,15,36,40760.31842505555,28046.09065944189,20.0,0.25,3.4,9.666666665055555,0.59999999994,75.0,0.2931034482708086,-0.43836664435306494,0.1692585895117541,0.1137691237830319,0.10204081632583646,1.0,ga_meta,mip,ga_meta,pl_rank,pl_rank,12,0.141513856647393,44.9999999955,0.3517241016044033,1,0,1,0.019256401421504137,200.54666399271116
9,18,138.8808555110168,594.0,8.0,29.0,2671.0,586,1993.0,0.5116666666666667,0.9446388888888888,20,16,47523.52734121577,18655.077078101443,,,0.8888888888888888,1.611111111021605,0.49999999998611117,37.0,0.27586206895600474,0.7445730132925313,0.5116666666666667,0.9446388888888888,0.13605442176778196,,d_round,mip,mip,rw_rank_bfs,mip,7,0.7281527777777778,18.499999999486114,0.5517237955124334,2,0,1,0.4833402314814815,72.18918723813007
5,5,1500.7028117966709,35.0,7.0,0.0,2556.0,652,1866.0,0.4566666666666666,0.9481666666666668,0,16,552120.4121137725,232075.79140850357,,,1.4,0.0,0.49999999995,7.0,7000000000.0,0.755570431290045,0.4566666666666666,0.9481666666666668,0.0,,d_round,mip,mip,pl_rank,mip,7,0.7024166666666667,3.49999999965,1400000.0,1,1,0,0.43299611111111114,365.1428049795993
6,7,627.1016410399593,1386.0,231.0,643.0,11942.0,1724,10218.0,0.3359013867488444,0.2891826086956521,4,23,1097427.8718199288,548086.8342689244,20.0,0.3,38.5,91.8571428440204,0.46666666663555556,874.0,0.3592534992218363,-0.142010136750502,0.3359013867488444,0.2891826086956521,0.02721088435355639,1.0,ga_meta,ga_meta,pl_rank,rw_rank_bfs,d_round,19,0.3125419977222482,407.86666663947557,0.41912907792316717,1,0,1,0.09713683928451797,13.663615545007305
3,2,1433.8518200259173,132.0,11.0,32.0,8644.0,4697,3947.0,0.036315141567501,0.1475161987041037,8,63,107538.8865019438,61655.62826111444,31.0,0.0967741935483871,3.6666666666666665,15.999999992,0.6666666664444444,43.0,0.34374999998925787,0.17337668547384522,0.036315141567501,0.1475161987041037,0.05442176870711278,0.0,ga_meta,rw_rank_bfs,ga_meta,pl_rank,pl_rank,5,0.09191567013580235,28.666666657111108,0.2291666524583342,0,0,1,0.005357071639439133,201.02325113899417
2,1,125.14994361598144,135.0,9.0,16.0,7834.0,4340,3494.0,0.0334075723830734,0.2093233763294862,7,63,7133.546786110942,3128.748590399536,31.0,0.06451612903225806,4.5,15.999999983999999,0.9999999989999999,25.0,0.5624999999648438,0.2508367600650282,0.0334075723830734,0.2093233763294862,0.04761904761872368,0.0,ga_meta,sa_meta,ga_meta,pl_rank,pl_rank,7,0.1213654743562798,24.999999974999998,0.28124998270312607,0,0,1,0.006992985846196624,313.3599874656005
5,6,526.4155497029448,1050.0,525.0,1355.0,9625.0,4944,4681.0,0.0,0.0,0,0,0.0,0.0,31.0,0.16129032258064516,105.0,225.83333329569444,0.59999999994,1880.0,0.3874538745384594,0.0795639284689682,0.0,0.0,0.0,0.0,mip,mip,mip,rw_rank_bfs,rw_rank_bfs,3,0.0,1127.9999998872,0.46494464746518976,1,0,1,0.0,5.119680848340595
3,2,684.496827976847,270.0,27.0,40.0,7988.0,4259,3729.0,0.0514476614699331,0.1561439239646979,11,63,86931.09715305957,45861.28747444875,31.0,0.0967741935483871,9.0,19.99999999,0.6666666664444444,67.0,0.6749999999831251,0.23610978292053175,0.0514476614699331,0.1561439239646979,0.07482993197228008,0.0,ga_meta,rw_rank_bfs,ga_meta,pl_rank,pl_rank,4,0.1037957927173155,44.666666651777774,0.4499999777250011,0,0,1,0.008033239740722752,119.22387881755405
5,7,765.424203430539,468.0,234.0,515.0,9306.0,1294,8012.0,0.5015408320493067,0.4426434782608696,6,36,0.0,0.0,20.0,0.25,46.8,73.57142856091836,0.69999999993,749.0,0.4543689320379527,0.11006980969685376,0.5015408320493067,0.4426434782608696,0.04081632653033459,1.0,ga_meta,mip,rw_rank_bfs,rw_rank_bfs,rw_rank_bfs,17,0.4720921551550881,524.29999994757,0.6361164962989991,1,0,1,0.22200377838815571,12.424566071529284
7,13,933.907145899788,324.0,162.0,607.0,8320.0,1227,7093.0,0.5661244695898161,0.5164303245159532,14,36,0.0,0.0,20.0,0.35,23.142857142857142,46.69230768871598,0.6190476190181405,769.0,0.266886326193959,0.2043607153103184,0.5661244695898161,0.5164303245159532,0.09523809523744736,1.0,ga_meta,mip,mip,rw_rank_bfs,rw_rank_bfs,10,0.5412773970528846,476.04761902495005,0.495646023783999,1,0,1,0.2923638435466906,10.819245759662879
3,2,471.1130994476061,224.0,28.0,28.0,8133.0,4325,3808.0,0.0367483296213808,0.1382665761484498,6,63,39573.50035359891,26382.33356906594,31.0,0.0967741935483871,9.333333333333334,13.999999993,0.6666666664444444,56.0,0.9999999999642857,0.22224347327149274,0.0367483296213808,0.1382665761484498,0.04081632653033459,0.0,ga_meta,rw_rank_bfs,ga_meta,pl_rank,pl_rank,6,0.08750745288491531,37.33333332088888,0.6666666193809558,0,0,1,0.0050810657159229815,145.23214026371178
4,4,422.22723157625694,890.0,445.0,928.0,9659.0,4735,4924.0,0.0,0.0,0,0,0.0,0.0,31.0,0.12903225806451613,111.25,231.999999942,0.6666666665555555,1373.0,0.47952586206844877,0.07631251793057281,0.0,0.0,0.0,0.0,ga_meta,ga_meta,ga_meta,pl_rank,rw_rank_bfs,11,0.0,915.3333331807777,0.4795258601219252,0,0,1,0.0,7.034959936609643
6,9,62.873496034144246,1318.0,659.0,2106.0,17304.0,2649,14655.0,0.0,0.0,0,0,0.0,0.0,20.0,0.3,109.83333333333333,233.999999974,0.59999999996,2765.0,0.31291547958199767,-0.6547767045997896,0.0,0.0,0.0,1.0,ga_meta,rw_rank_bfs,mip,pl_rank,pl_rank,13,0.0,1658.9999998894,0.4693732174195035,1,0,1,0.0,6.258227845837893
4,4,135.77789636896406,868.0,434.0,1236.0,9202.0,4586,4616.0,0.0,0.0,0,0,0.0,0.0,31.0,0.12903225806451613,108.5,308.99999992275,0.6666666665555555,1670.0,0.35113268608385834,0.12001530075547484,0.0,0.0,0.0,0.0,ga_meta,ga_meta,ga_meta,rw_rank_bfs,d_round,5,0.0,1113.3333331477777,0.3511326850355738,0,0,1,0.0,5.5101796374190535
10,20,36.52582678958013,712.0,356.0,1461.0,10142.0,1810,8332.0,0.3027734976887519,0.4203826086956521,3,36,0.0,0.0,20.0,0.5,35.6,73.0499999963475,0.44444444443456793,1817.0,0.24366872005459023,0.030123362341015536,0.3027734976887519,0.4203826086956521,0.020408163265167294,1.0,ga_meta,pl_rank,ga_meta,rw_rank_bfs,ga_meta,9,0.361578053192202,807.55555553761,0.4873374334625951,2,0,1,0.12728071280230452,5.581728120208185
5,6,1328.13527684102,234.0,26.0,105.0,16069.0,2558,13511.0,0.0748643761301989,0.0604311543810848,10,36,262970.78481452196,173985.7212661736,20.0,0.25,5.2,17.499999997083332,0.59999999994,131.0,0.24761904761668935,-0.536673998278665,0.0748643761301989,0.0604311543810848,0.06802721088389098,1.0,ga_meta,sa_meta,ga_meta,pl_rank,pl_rank,11,0.06764776525564185,78.59999999214,0.2971428402127901,1,0,1,0.00452414067156765,122.66412120103725
2,0,489.6469992325494,34.0,17.0,11.0,2556.0,652,1866.0,0.4566666666666666,0.9481666666666668,47,16,0.0,0.0,,,8.5,11000000000.0,0.0,28.0,1.5454545453140496,0.755570431290045,0.4566666666666666,0.9481666666666668,0.31972789115428757,,mip,mip,mip,pl_rank,mip,1,0.7024166666666667,0.0,7.727272727272726e-10,0,0,1,0.43299611111111114,91.28571102551032
8,16,9.070504469959818,1514.0,757.0,3614.0,9659.0,4735,4924.0,0.0,0.0,0,0,0.0,0.0,31.0,0.25806451612903225,94.625,225.87499998588282,0.5714285714081633,4371.0,0.20946319867177382,0.07631251793057281,0.0,0.0,0.0,0.0,ga_meta,rw_rank_bfs,ga_meta,pl_rank,pl_rank,7,0.0,2497.7142856250816,0.418926395515164,2,0,1,0.0,2.2097918091489834
3,3,703.4162939255713,480.0,40.0,46.0,7758.0,4248,3510.0,0.0538975501113585,0.2057026476578412,8,60,111843.19073416584,60493.80127759913,31.0,0.0967741935483871,13.333333333333334,15.333333328222222,0.9999999996666666,86.0,0.8695652173724008,0.2581046189155589,0.0538975501113585,0.2057026476578412,0.05442176870711278,0.0,ga_meta,mip,ga_meta,pl_rank,pl_rank,7,0.12980009888459984,85.99999997133332,0.869565160970388,0,0,1,0.011086868760177617,90.20930127663604
7,13,15.719021684425794,396.0,198.0,702.0,9256.0,1381,7875.0,0.4704754601226993,0.4241316270566727,11,36,0.0,0.0,20.0,0.35,28.285714285714285,53.99999999584615,0.6190476190181405,900.0,0.28205128205088026,0.11485129578272923,0.4704754601226993,0.4241316270566727,0.07482993197228008,1.0,ga_meta,pso_meta,mip,pl_rank,rw_rank_bfs,9,0.447303543589686,557.1428571163265,0.5238095141496407,1,0,1,0.19954352239207718,10.284444433017285
6,9,53.86734405724127,1020.0,510.0,2313.0,9659.0,4735,4924.0,0.0,0.0,0,0,0.0,0.0,31.0,0.1935483870967742,85.0,256.9999999714444,0.59999999996,2823.0,0.22049286640716798,0.07631251793057281,0.0,0.0,0.0,0.0,ga_meta,mip,ga_meta,pl_rank,pl_rank,3,0.0,1693.7999998870798,0.33073929836072047,1,0,1,0.0,3.421537370378485
4,4,594.7481246287949,1016.0,508.0,1101.0,9202.0,4586,4616.0,0.0,0.0,0,0,0.0,0.0,31.0,0.12903225806451613,127.0,275.2499999311875,0.6666666665555555,1609.0,0.4613987284282821,0.12001530075547484,0.0,0.0,0.0,0.0,ga_meta,mip,ga_meta,rw_rank_bfs,pl_rank,4,0.0,1072.6666664878887,0.4613987268677612,0,0,1,0.0,5.719080170466699
5,5,7.585314259313696,392.0,28.0,61.0,8391.0,4665,3726.0,0.042880590890439,0.1952483801295896,9,62,1137.7971388970543,675.0929690789189,31.0,0.16129032258064516,5.6,12.199999997559999,0.49999999995,89.0,0.4590163934350981,0.19757100506837522,0.042880590890439,0.1952483801295896,0.06122448979550188,0.0,ga_meta,rw_rank_bfs,ga_meta,pl_rank,ga_meta,4,0.11906448551001429,44.49999999555,0.4590163559101348,1,0,1,0.008372365910357851,94.28089781706856
7,10,246.5368289327808,299.0,7.0,25.0,3013.0,795,2170.0,0.3375,0.9397222222222222,45,16,0.0,0.0,,,1.0,2.49999999975,0.47619047616780047,32.0,0.2799999999888,0.7118676484651429,0.3375,0.9397222222222222,0.3061224489775094,,mip,mip,mip,pl_rank,mip,1,0.6386111111111111,15.238095237369615,0.39999984004006395,1,0,1,0.31715625000000003,94.15624705761729
2,1,153.88767020064228,57.0,19.0,12.0,8200.0,4369,3831.0,0.0269487750556792,0.1330617786829599,7,35,4770.517776219911,4770.517776219911,31.0,0.06451612903225806,9.5,11.999999987999999,0.9999999989999999,31.0,1.5833333332013888,0.21583628191641957,0.0269487750556792,0.1330617786829599,0.04761904761872368,0.0,ga_meta,ga_meta,ga_meta,pl_rank,pl_rank,6,0.08000527686931955,30.999999968999997,0.7916666014861166,0,0,1,0.003585851942235656,264.51612049948
7,10,1156.3912062914412,1464.0,732.0,2303.0,17304.0,2649,14655.0,0.0,0.0,0,0,0.0,0.0,20.0,0.35,104.57142857142857,230.29999997696999,0.47619047616780047,3035.0,0.3178462874510127,-0.6547767045997896,0.0,0.0,0.0,1.0,ga_meta,rw_rank_bfs,ga_meta,pl_rank,ga_meta,11,0.0,1445.2380951692744,0.454066123003993,1,0,1,0.0,5.701482699933614
6,6,736.1020783608142,1280.0,640.0,1577.0,9202.0,4586,4616.0,0.0,0.0,0,0,0.0,0.0,31.0,0.1935483870967742,106.66666666666667,262.8333332895278,0.39999999997333335,2217.0,0.4058338617625835,0.12001530075547484,0.0,0.0,0.0,0.0,mip,mip,mip,rw_rank_bfs,mip,1,0.0,886.7999999408801,0.4058338602864068,1,0,1,0.0,4.150654035114726
3,2,409.2994165546682,165.0,15.0,40.0,16255.0,2552,13703.0,0.0770343580470163,0.0470792767732962,8,35,30697.456241600114,22511.46791050675,20.0,0.15,5.0,19.99999999,0.6666666664444444,55.0,0.37499999999062505,-0.5544611265181218,0.0770343580470163,0.0470792767732962,0.05442176870711278,1.0,ga_meta,mip,mip,pl_rank,mip,10,0.062056817410156256,36.66666665444444,0.2499999876250006,0,0,1,0.003626721863548678,295.54544917190094
8,16,120.95982251665195,724.0,362.0,1237.0,9791.0,1331,8460.0,0.4872881355932204,0.4114782608695652,6,33,0.0,0.0,20.0,0.4,45.25,77.31249999516797,0.5714285714081633,1599.0,0.2926434923198928,0.06368939466386148,0.4872881355932204,0.4114782608695652,0.04081632653033459,1.0,ga_meta,mip,ga_meta,rw_rank_bfs,rw_rank_bfs,8,0.4493831982313928,913.7142856816531,0.5852869771064336,2,0,1,0.2005084745762712,6.123201997421386
6,6,405.43667617435693,1136.0,568.0,1185.0,9625.0,4944,4681.0,0.0,0.0,0,0,0.0,0.0,31.0,0.1935483870967742,94.66666666666667,197.49999996708334,0.39999999997333335,1753.0,0.47932489451436344,0.0795639284689682,0.0,0.0,0.0,0.0,ga_meta,pl_rank,ga_meta,rw_rank_bfs,rw_rank_bfs,4,0.0,701.1999999532534,0.47932489216769397,1,0,1,0.0,5.490587561043589
7,10,299.6324009525478,475.0,5.0,44.0,2556.0,652,1866.0,0.4566666666666666,0.9481666666666668,37,16,0.0,0.0,,,0.7142857142857143,4.39999999956,0.47619047616780047,49.0,0.113636363633781,0.755570431290045,0.4566666666666666,0.9481666666666668,0.2517006802703966,,ga_meta,mip,mip,pl_rank,mip,6,0.7024166666666667,23.333333332222224,0.1623376254589812,1,0,1,0.43299611111111114,52.16326424156604
3,2,251.1398558754044,300.0,100.0,126.0,9348.0,1423,7925.0,0.4543711656441718,0.4204753199268738,12,36,91414.9075386472,56757.60742784139,20.0,0.15,33.333333333333336,62.9999999685,0.6666666664444444,226.0,0.7936507936444949,0.10605336138471833,0.4543711656441718,0.4204753199268738,0.08163265306066918,1.0,ga_meta,mip,ga_meta,pl_rank,pl_rank,16,0.4374232427855228,150.66666661644445,0.5291005209666585,0,0,1,0.1910518612397797,41.3628316753857
8,13,482.90762872728857,1668.0,834.0,3464.0,9659.0,4735,4924.0,0.0,0.0,0,0,0.0,0.0,31.0,0.25806451612903225,104.25,266.4615384410414,0.4642857142691327,4298.0,0.2407621247112469,0.07631251793057281,0.0,0.0,0.0,0.0,ga_meta,mip,ga_meta,pl_rank,pl_rank,8,0.0,1995.4999999287322,0.39123845121771084,2,0,1,0.0,2.247324336378007
4,4,802.7293882343262,628.0,314.0,1138.0,9202.0,4586,4616.0,0.0,0.0,0,0,0.0,0.0,31.0,0.12903225806451613,78.5,284.499999928875,0.6666666665555555,1452.0,0.27592267135300885,0.12001530075547484,0.0,0.0,0.0,0.0,mip,mip,mip,rw_rank_bfs,pl_rank,2,0.0,967.9999998386666,0.2759226704523808,0,0,1,0.0,6.337465560373646
10,22,438.3138831883412,74.0,3.0,2.0,3121.0,919,2202.0,0.2341666666666666,0.9388333333333332,31,16,0.0,0.0,,,0.3,0.09090909090495868,0.48888888887802473,5.0,1.49999999925,0.701539638519652,0.2341666666666666,0.9388333333333332,0.21088435374006204,,mip,mip,mip,rw_rank_bfs,mip,2,0.5864999999999999,2.4444444443901236,3.2999637005492923,2,1,0,0.21984347222222214,624.1998751600249
8,16,1894.77498028663,1554.0,777.0,4386.0,17304.0,2649,14655.0,0.0,0.0,0,0,0.0,0.0,20.0,0.4,97.125,274.12499998286717,0.5714285714081633,5163.0,0.17715458276329749,-0.6547767045997896,0.0,0.0,0.0,1.0,ga_meta,ga_meta,sa_meta,pl_rank,sa_meta,8,0.0,2950.285714180347,0.35430916425631065,2,0,1,0.0,3.3515398017912954
2,1,760.8495838383803,255.0,17.0,19.0,15867.0,2441,13426.0,0.1171790235081374,0.0663421418636995,12,34,27390.585018181693,27390.585018181693,20.0,0.1,8.5,18.999999981,0.9999999989999999,36.0,0.8947368420581717,-0.5173567944917281,0.1171790235081374,0.0663421418636995,0.08163265306066918,1.0,ga_meta,ga_meta,mip,pl_rank,mip,15,0.09176058268591844,35.999999964,0.44736839795429484,0,0,1,0.0077739074010266295,440.7499877569448
8,11,282.9472727562595,590.0,295.0,950.0,9355.0,1409,7946.0,0.4572419106317411,0.4472347826086956,5,36,0.0,0.0,20.0,0.4,36.875,86.36363635578512,0.39285714284311224,1245.0,0.3105263157891468,0.10538395333269579,0.4572419106317411,0.4472347826086956,0.03401360544194549,1.0,ga_meta,ga_meta,pl_rank,rw_rank_bfs,rw_rank_bfs,13,0.45223834662021833,489.10714283967474,0.4269736793054364,2,0,1,0.20449448650097135,7.514056218864211
5,5,24.311771949033524,95.0,5.0,14.0,3121.0,919,2202.0,0.2341666666666666,0.9388333333333332,8,16,7865.573277628492,3125.8503257411776,,,1.0,2.7999999994399998,0.49999999995,19.0,0.35714285711734695,0.701539638519652,0.2341666666666666,0.9388333333333332,0.05442176870711278,,d_round,mip,mip,rw_rank_bfs,mip,7,0.5864999999999999,9.49999999905,0.35714272966331084,1,0,1,0.21984347222222214,164.26314924930793
7,7,185.8078777327777,1464.0,732.0,1651.0,9202.0,4586,4616.0,0.0,0.0,0,0,0.0,0.0,31.0,0.22580645161290322,104.57142857142857,235.85714282344898,0.3333333333174603,2383.0,0.4433676559658126,0.12001530075547484,0.0,0.0,0.0,0.0,ga_meta,sa_meta,ga_meta,rw_rank_bfs,ga_meta,6,0.0,794.3333332955078,0.443367654149605,1,0,1,0.0,3.861519091959077
7,12,336.97172564520304,1426.0,713.0,3007.0,9202.0,4586,4616.0,0.0,0.0,0,0,0.0,0.0,31.0,0.22580645161290322,101.85714285714286,250.5833333124514,0.5714285714013605,3720.0,0.2371134020617768,0.12001530075547484,0.0,0.0,0.0,0.0,ga_meta,ga_meta,ga_meta,rw_rank_bfs,ga_meta,6,0.0,2125.714285613061,0.40648011623206187,1,0,1,0.0,2.4736559133135336
3,2,1240.2913266847772,738.0,82.0,101.0,7465.0,1212,6253.0,0.5352760736196319,0.5427422303473493,12,36,501077.69598065,226973.31278331424,20.0,0.15,27.333333333333332,50.49999997475,0.6666666664444444,183.0,0.8118811881107735,0.28612412737878934,0.5352760736196319,0.5427422303473493,0.08163265306066918,1.0,ga_meta,mip,ga_meta,pl_rank,pl_rank,16,0.5390091519834905,121.99999995933332,0.5412541149652651,0,0,1,0.2905169300478909,40.792349503866944
4,3,488.2655374417354,140.0,35.0,78.0,15183.0,2342,12841.0,0.1529837251356238,0.1070236439499304,13,36,79099.01706556113,55174.0057309161,20.0,0.2,8.75,25.999999991333333,0.49999999991666666,113.0,0.4487179487121959,-0.4519460648369513,0.1529837251356238,0.1070236439499304,0.08843537414905826,1.0,ga_meta,mip,ga_meta,pl_rank,pl_rank,13,0.1300036845427771,56.49999999058333,0.3365384487068545,0,0,1,0.01637287572904902,134.36283066935547
3,2,1343.918455517098,220.0,20.0,23.0,7900.0,4288,3612.0,0.044988864142539,0.1826205023761031,8,45,103481.72107481654,57788.493587235214,31.0,0.0967741935483871,6.666666666666667,11.49999999425,0.6666666664444444,43.0,0.8695652173534971,0.24452519843167253,0.044988864142539,0.1826205023761031,0.05442176870711278,0.0,ga_meta,mip,ga_meta,pl_rank,pl_rank,7,0.11380468325932105,28.666666657111108,0.5797100948078179,0,0,1,0.008215888971040723,183.72092595997847
2,1,323.1210540101414,51.0,17.0,12.0,8481.0,4685,3796.0,0.0387771850636028,0.1801295896328293,8,63,9370.5105662941,9370.5105662941,31.0,0.06451612903225806,8.5,11.999999987999999,0.9999999989999999,29.0,1.4166666665486112,0.18896433011379932,0.0387771850636028,0.1801295896328293,0.05442176870711278,0.0,ga_meta,ga_meta,ga_meta,pl_rank,pl_rank,7,0.10945338734821605,28.999999970999998,0.7083332750138938,0,0,1,0.006984918432623051,292.448265777646
2,1,674.8884780331829,96.0,24.0,26.0,8858.0,4649,4209.0,0.0461633155519081,0.0909287257019438,10,63,33744.423901659145,33744.423901659145,31.0,0.06451612903225806,12.0,25.999999973999998,0.9999999989999999,50.0,0.9230769230414201,0.15291192502629813,0.0461633155519081,0.0909287257019438,0.06802721088389098,0.0,ga_meta,ga_meta,ga_meta,pl_rank,pl_rank,6,0.06854602062692594,49.999999949999996,0.46153844424852136,0,0,1,0.004197571457311727,177.1599964568001
8,14,109.73408203219842,1554.0,777.0,3311.0,9202.0,4586,4616.0,0.0,0.0,0,0,0.0,0.0,31.0,0.25806451612903225,97.125,236.49999998310713,0.49999999998214284,4088.0,0.23467230443967543,0.12001530075547484,0.0,0.0,0.0,0.0,ga_meta,mip,ga_meta,rw_rank_bfs,ga_meta,5,0.0,2043.9999999269999,0.41067653106241425,2,0,1,0.0,2.2509784730305826
3,3,379.2893348793283,26.0,13.0,43.0,8487.0,4641,3846.0,0.0478046778826426,0.1693304535637149,10,63,0.0,0.0,31.0,0.0967741935483871,4.333333333333333,14.333333328555556,0.9999999996666666,56.0,0.30232558138831805,0.1883905517834943,0.0478046778826426,0.1693304535637149,0.06802721088389098,0.0,sa_meta,sa_meta,sa_meta,pl_rank,pl_rank,3,0.10856756572317874,55.99999998133333,0.30232556040364306,0,0,1,0.008094787788335162,151.55356872225772
7,7,160.67015091298566,1460.0,730.0,1552.0,9202.0,4586,4616.0,0.0,0.0,0,0,0.0,0.0,31.0,0.22580645161290322,104.28571428571429,221.71428568261223,0.3333333333174603,2282.0,0.470360824741965,0.12001530075547484,0.0,0.0,0.0,0.0,ga_meta,ga_meta,ga_meta,rw_rank_bfs,pl_rank,4,0.0,760.6666666304444,0.47036082268798973,1,0,1,0.0,4.032427693237324
8,16,404.06984966947465,1470.0,735.0,3972.0,17304.0,2649,14655.0,0.0,0.0,0,0,0.0,0.0,20.0,0.4,91.875,248.24999998448436,0.5714285714081633,4707.0,0.18504531722049722,-0.6547767045997896,0.0,0.0,0.0,1.0,ga_meta,sa_meta,sa_meta,pl_rank,sa_meta,9,0.0,2689.7142856182245,0.3700906329734202,2,0,1,0.0,3.6762268953311605
8,11,387.8859005113563,1800.0,900.0,2406.0,9625.0,4944,4681.0,0.0,0.0,0,0,0.0,0.0,31.0,0.25806451612903225,112.5,218.72727270738844,0.39285714284311224,3306.0,0.37406483790508144,0.0795639284689682,0.0,0.0,0.0,0.0,ga_meta,rw_rank_bfs,ga_meta,rw_rank_bfs,rw_rank_bfs,5,0.0,1298.785714239329,0.5143391498149499,2,0,1,0.0,2.911373259857419
4,3,280.0041896806344,672.0,336.0,720.0,9202.0,4586,4616.0,0.0,0.0,0,0,0.0,0.0,31.0,0.12903225806451613,84.0,239.99999992,0.49999999991666666,1056.0,0.4666666666660185,0.12001530075547484,0.0,0.0,0.0,0.0,ga_meta,ga_meta,ga_meta,rw_rank_bfs,ga_meta,1,0.0,527.999999912,0.34999999865833337,0,0,1,0.0,8.714015143263243
3,2,107.5349675859121,243.0,81.0,142.0,9549.0,1550,7999.0,0.4519094766619519,0.4546632124352331,11,31,31507.745502672245,23980.2977716584,20.0,0.15,27.0,70.99999996449999,0.6666666664444444,223.0,0.5704225352072506,0.08683178731949892,0.4519094766619519,0.4546632124352331,0.07482993197228008,1.0,ga_meta,mip,ga_meta,rw_rank_bfs,rw_rank_bfs,19,0.4532863445485925,148.6666666171111,0.3802816849749059,0,0,1,0.20546661438904806,42.82062761066983
8,14,1507.4841634567697,1394.0,697.0,3540.0,9202.0,4586,4616.0,0.0,0.0,0,0,0.0,0.0,31.0,0.25806451612903225,87.125,252.85714283908163,0.49999999998214284,4237.0,0.196892655367176,0.12001530075547484,0.0,0.0,0.0,0.0,ga_meta,pl_rank,ga_meta,rw_rank_bfs,pl_rank,3,0.0,2118.499999924339,0.3445621455545918,2,0,1,0.0,2.17181968322591
6,5,848.6842434917116,1677.0,129.0,200.0,8130.0,1165,6965.0,0.55329754601227,0.4906764168190127,13,36,575407.9170873805,279217.1161087731,20.0,0.3,21.5,39.999999992,0.3333333333111111,329.0,0.644999999996775,0.22253036243664526,0.55329754601227,0.4906764168190127,0.08843537414905826,1.0,ga_meta,rw_rank_bfs,ga_meta,pl_rank,pl_rank,13,0.5219869814156414,109.66666665935554,0.5374999866700003,1,0,1,0.27149005731205345,24.711246125497734
5,7,518.9250360441685,382.0,191.0,524.0,9750.0,1313,8437.0,0.4942218798151001,0.4130782608695652,6,28,0.0,0.0,20.0,0.25,38.2,74.85714284644898,0.69999999993,715.0,0.36450381679319754,0.0676102132542794,0.4942218798151001,0.4130782608695652,0.04081632653033459,1.0,ga_meta,mip,ga_meta,rw_rank_bfs,pl_rank,12,0.4536500703423326,500.49999994994994,0.5103053367672952,1,0,1,0.2041523145977088,13.6363636172918
4,4,1293.8577687226698,876.0,438.0,798.0,17304.0,2649,14655.0,0.0,0.0,0,0,0.0,0.0,20.0,0.2,109.5,199.499999950125,0.6666666665555555,1236.0,0.5488721804504401,-0.6547767045997896,0.0,0.0,0.0,1.0,ga_meta,ga_meta,sa_meta,pl_rank,sa_meta,14,0.0,823.9999998626666,0.548872177837107,0,0,1,0.0,13.999999988673139
4,4,354.79829551403145,770.0,385.0,1095.0,9659.0,4735,4924.0,0.0,0.0,0,0,0.0,0.0,31.0,0.12903225806451613,96.25,273.7499999315625,0.6666666665555555,1480.0,0.35159817351566064,0.07631251793057281,0.0,0.0,0.0,0.0,mip,mip,mip,pl_rank,mip,1,0.0,986.6666665022221,0.35159817231950435,0,0,1,0.0,6.526351346941654
6,7,965.1589703385094,352.0,176.0,300.0,8131.0,1330,6801.0,0.4900306748466257,0.5026691042047532,11,34,0.0,0.0,20.0,0.3,29.333333333333332,42.857142851020406,0.46666666663555556,476.0,0.5866666666647111,0.22243473271492775,0.4900306748466257,0.5026691042047532,0.07482993197228008,1.0,ga_meta,mip,mip,pl_rank,mip,9,0.4963498895256895,222.13333331852445,0.6844444285718523,1,0,1,0.24632328035800402,17.081932737222832
4,4,228.2923486742173,624.0,104.0,186.0,8337.0,1188,7149.0,0.544478527607362,0.4772212065813528,12,36,158434.8899799068,66204.78111552302,20.0,0.2,26.0,46.499999988375,0.6666666665555555,290.0,0.5591397849432305,0.20273501004112082,0.544478527607362,0.4772212065813528,0.08163265306066918,1.0,ga_meta,ga_meta,ga_meta,pl_rank,pl_rank,12,0.5108498670943574,193.3333333011111,0.5591397730615103,0,0,1,0.25983669990242375,28.74827576293698
3,1,939.4569217579532,107.0,19.0,50.0,2556.0,652,1866.0,0.4566666666666666,0.9481666666666668,4,16,345633.6182799227,145282.0684397529,,,6.333333333333333,49.999999949999996,0.3333333332222222,69.0,0.37999999999240003,0.755570431290045,0.4566666666666666,0.9481666666666668,0.02721088435355639,,d_round,mip,mip,pl_rank,mip,7,0.7024166666666667,22.999999992333333,0.12666666426000006,0,0,1,0.43299611111111114,37.04347772400757
4,4,279.44363544613395,1261.0,97.0,184.0,7767.0,1020,6747.0,0.6393210749646393,0.5400190891737116,17,36,138883.48681672855,78523.66156036365,20.0,0.2,24.25,45.9999999885,0.6666666665555555,281.0,0.5271739130406132,0.25724395142010137,0.6393210749646393,0.5400190891737116,0.11564625850261466,1.0,ga_meta,mip,ga_meta,rw_rank_bfs,pl_rank,17,0.5896700820691754,187.3333333021111,0.5271739017149696,0,0,1,0.3452455845919627,27.640569296652778
3,2,87.41197482552799,870.0,58.0,137.0,6924.0,822,6102.0,0.6848159509202454,0.5537842778793418,18,36,32255.01871061983,17045.33509097796,20.0,0.15,19.333333333333332,68.49999996574999,0.6666666664444444,195.0,0.4233576642304865,0.33785980682796213,0.6848159509202454,0.5537842778793418,0.12244897959100376,1.0,ga_meta,ga_meta,mip,pl_rank,d_round,16,0.6193001143997936,129.99999995666664,0.2822384388432345,0,0,1,0.3792403068606229,35.50769212560158
6,6,1083.406455026893,1254.0,114.0,292.0,7086.0,1105,5981.0,0.6092644978783592,0.592241614398691,17,36,1047654.0420110056,439863.0207409185,20.0,0.3,19.0,48.666666658555556,0.39999999997333335,406.0,0.39041095890277255,0.32236779190972553,0.6092644978783592,0.592241614398691,0.11564625850261466,1.0,ga_meta,rw_rank_bfs,ga_meta,rw_rank_bfs,pl_rank,11,0.6007530561385251,162.39999998917335,0.39041095094703526,1,0,1,0.3608317898192874,17.45320192745517
10,22,466.4142249253762,380.0,16.0,10.0,3608.0,956,2592.0,0.2033333333333333,0.928,17,16,0.0,0.0,,,1.6,0.4545454545247934,0.48888888887802473,26.0,1.59999999984,0.6549679640432247,0.2033333333333333,0.928,0.11564625850261466,,mip,mip,mip,pl_rank,mip,3,0.5656666666666667,12.711111110828643,3.5199922561770363,2,1,0,0.18869333333333332,138.76922543195286
2,1,51.98263463365352,81.0,27.0,19.0,8127.0,4305,3822.0,0.0412026726057906,0.1350984385607603,7,63,2391.201193148062,2391.201193148062,31.0,0.06451612903225806,13.5,18.999999981,0.9999999989999999,46.0,1.4210526315041552,0.22281725160179788,0.0412026726057906,0.1350984385607603,0.04761904761872368,0.0,ga_meta,ga_meta,ga_meta,pl_rank,pl_rank,7,0.08815055558327545,45.999999953999996,0.71052627910388,0,0,1,0.005566416733572522,176.6739092027411
6,7,37.451986013645005,1414.0,202.0,367.0,9545.0,1296,8249.0,0.5417256011315417,0.4376193073356967,13,36,36515.68636330388,21310.180041764008,20.0,0.3,33.666666666666664,52.428571421081635,0.46666666663555556,569.0,0.5504087193445493,0.08721430620636894,0.5417256011315417,0.4376193073356967,0.08843537414905826,1.0,ga_meta,mip,rw_rank_bfs,rw_rank_bfs,rw_rank_bfs,11,0.48967245423361916,265.5333333156311,0.6421434937474901,1,0,1,0.2370695823331992,16.775043907249483
5,7,612.1833152656892,968.0,484.0,2175.0,17304.0,2649,14655.0,0.0,0.0,0,0,0.0,0.0,20.0,0.25,96.8,310.71428566989795,0.69999999993,2659.0,0.2225287356320816,-0.6547767045997896,0.0,0.0,0.0,1.0,ga_meta,mip,pso_meta,pl_rank,pso_meta,19,0.0,1861.2999998138698,0.311540228926905,1,0,1,0.0,6.507709662840275
7,10,384.1266658141331,1280.0,640.0,2692.0,9202.0,4586,4616.0,0.0,0.0,0,0,0.0,0.0,31.0,0.22580645161290322,91.42857142857143,269.19999997308,0.47619047616780047,3332.0,0.23774145616633072,0.12001530075547484,0.0,0.0,0.0,0.0,ga_meta,mip,mip,rw_rank_bfs,d_round,4,0.0,1586.6666665911112,0.3396306504386465,1,0,1,0.0,2.761704681043906
2,1,164.43837915794091,48.0,12.0,29.0,8694.0,4682,4012.0,0.0393926959376282,0.1334773218142548,7,63,6741.973545475577,6741.973545475577,31.0,0.06451612903225806,6.0,28.999999970999998,0.9999999989999999,41.0,0.41379310343400716,0.16859519938796974,0.0393926959376282,0.1334773218142548,0.04761904761872368,0.0,ga_meta,ga_meta,ga_meta,pl_rank,pl_rank,5,0.08643500887594151,40.99999995899999,0.20689654479667088,0,0,1,0.005258031552797888,212.04877531588355
5,8,14.351031677155596,890.0,445.0,1766.0,17304.0,2649,14655.0,0.0,0.0,0,0,0.0,0.0,20.0,0.25,89.0,220.74999997240624,0.79999999992,2211.0,0.25198187995455723,-0.6547767045997896,0.0,0.0,0.0,1.0,ga_meta,mip,ga_meta,pl_rank,pl_rank,16,0.0,1768.79999982312,0.403171006151547,1,0,1,0.0,7.826322927260822
5,4,554.2048836871099,900.0,450.0,1251.0,9202.0,4586,4616.0,0.0,0.0,0,0,0.0,0.0,31.0,0.16129032258064516,90.0,312.7499999218125,0.39999999996,1701.0,0.3597122302155398,0.12001530075547484,0.0,0.0,0.0,0.0,ga_meta,ga_meta,ga_meta,rw_rank_bfs,d_round,6,0.0,680.39999993196,0.2877697833244771,1,0,1,0.0,5.40975896213418
6,8,22.819026805322828,1250.0,625.0,2561.0,9202.0,4586,4616.0,0.0,0.0,0,0,0.0,0.0,31.0,0.1935483870967742,104.16666666666667,320.1249999599844,0.5333333332977778,3186.0,0.24404529480662082,0.12001530075547484,0.0,0.0,0.0,0.0,ga_meta,ga_meta,ga_meta,rw_rank_bfs,pl_rank,5,0.0,1699.19999988672,0.3253937254331707,1,0,1,0.0,2.888261141591883
3,2,13.83321706153306,996.0,83.0,132.0,9392.0,1317,8075.0,0.4950153374233128,0.4095063985374771,12,36,3804.134691921591,2974.1416682296076,20.0,0.15,27.666666666666668,65.999999967,0.6666666664444444,215.0,0.6287878787831153,0.10184565362914799,0.4950153374233128,0.4095063985374771,0.08163265306066918,1.0,ga_meta,mip,ga_meta,pl_rank,mcts,11,0.45226086798039494,143.33333328555554,0.4191919130501226,0,0,1,0.20271194804903483,43.68372072705246
2,1,352.69777679303024,54.0,18.0,28.0,15961.0,2427,13534.0,0.1222423146473778,0.0588317107093184,11,34,16224.097732479391,16224.097732479391,20.0,0.1,9.0,27.999999971999998,0.9999999989999999,46.0,0.6428571428341837,-0.526345988333174,0.1222423146473778,0.0588317107093184,0.07482993197228008,1.0,ga_meta,ga_meta,ga_meta,pl_rank,ga_meta,14,0.0905370126783481,45.999999953999996,0.32142856027040856,0,0,1,0.007191724491772005,346.97825332655975
7,12,312.31172371562775,1618.0,809.0,3493.0,9659.0,4735,4924.0,0.0,0.0,0,0,0.0,0.0,31.0,0.22580645161290322,115.57142857142857,291.0833333090764,0.5714285714013605,4302.0,0.2316060692813537,0.07631251793057281,0.0,0.0,0.0,0.0,ga_meta,rw_rank_bfs,ga_meta,pl_rank,pl_rank,4,0.0,2458.2857141686527,0.39703897458008774,1,0,1,0.0,2.2452347740015726
5,7,382.77865769651936,882.0,441.0,2179.0,9659.0,4735,4924.0,0.0,0.0,0,0,0.0,0.0,31.0,0.16129032258064516,88.2,311.2857142412449,0.69999999993,2620.0,0.2023864157869654,0.07631251793057281,0.0,0.0,0.0,0.0,ga_meta,ga_meta,ga_meta,pl_rank,pl_rank,8,0.0,1833.9999998166,0.28334098123213086,1,0,1,0.0,3.686641219966931
4,3,298.2749589626804,812.0,406.0,697.0,9202.0,4586,4616.0,0.0,0.0,0,0,0.0,0.0,31.0,0.12903225806451613,101.5,232.33333325588887,0.49999999991666666,1103.0,0.5824964131985904,0.12001530075547484,0.0,0.0,0.0,0.0,ga_meta,pl_rank,ga_meta,rw_rank_bfs,pl_rank,4,0.0,551.4999999080833,0.4368723081648251,0,0,1,0.0,8.342701715011149
4,4,500.24845641318694,1358.0,97.0,217.0,8351.0,985,7366.0,0.6223159509202454,0.4613528336380256,16,36,305151.558412044,157078.0153137407,20.0,0.2,24.25,54.2499999864375,0.6666666665555555,314.0,0.447004608292871,0.20139619393707564,0.6223159509202454,0.4613528336380256,0.10884353741422556,1.0,ga_meta,mip,ga_meta,pl_rank,pl_rank,11,0.5418343922791355,209.33333329844444,0.4470046001669659,0,0,1,0.28710722737519767,26.59554131657471
4,3,1170.2459814875444,940.0,470.0,869.0,9202.0,4586,4616.0,0.0,0.0,0,0,0.0,0.0,31.0,0.12903225806451613,117.5,289.6666665701111,0.49999999991666666,1339.0,0.540851553509159,0.12001530075547484,0.0,0.0,0.0,0.0,ga_meta,ga_meta,ga_meta,rw_rank_bfs,ga_meta,6,0.0,669.4999998884167,0.40563866386718533,0,0,1,0.0,6.872292750655494
6,8,94.68411448629094,918.0,459.0,2066.0,9659.0,4735,4924.0,0.0,0.0,0,0,0.0,0.0,31.0,0.1935483870967742,76.5,258.24999996771874,0.5333333332977778,2525.0,0.2221684414326127,0.07631251793057281,0.0,0.0,0.0,0.0,ga_meta,mip,ga_meta,pl_rank,pl_rank,7,0.0,1346.666666576889,0.2962245874669426,1,0,1,0.0,3.8253465331384766
8,14,114.75178368093408,260.0,15.0,10.0,2671.0,586,1993.0,0.5116666666666667,0.9446388888888888,46,16,0.0,0.0,,,1.875,0.7142857142346939,0.49999999998214284,25.0,1.49999999985,0.7445730132925313,0.5116666666666667,0.9446388888888888,0.3129251700658985,,mip,mip,mip,rw_rank_bfs,mip,1,0.7281527777777778,12.499999999553571,2.6249963251926443,2,1,0,0.4833402314814815,106.83999572640016
3,3,2550.8019862998763,128.0,32.0,38.0,8229.0,4317,3912.0,0.0385300668151448,0.1147318397827562,8,63,272935.81253408676,178556.13904099134,31.0,0.0967741935483871,10.666666666666666,12.666666662444444,0.9999999996666666,70.0,0.8421052631357342,0.2130630199866118,0.0385300668151448,0.1147318397827562,0.05442176870711278,0.0,ga_meta,rw_rank_bfs,ga_meta,pl_rank,pl_rank,4,0.0766309532989505,69.99999997666666,0.8421051969566073,0,0,1,0.004420625452654084,117.55714117775513
5,5,250.52060749193305,10.0,2.0,0.0,2556.0,652,1866.0,0.4566666666666666,0.9481666666666668,50,16,0.0,0.0,,,0.4,0.0,0.49999999995,2.0,1999999999.9999998,0.755570431290045,0.4566666666666666,0.9481666666666668,0.3401360544194549,,mip,mip,mip,pl_rank,mip,1,0.7024166666666667,0.9999999999,400000.00000000006,1,1,0,0.43299611111111114,1277.9993610003194
8,16,379.4823818841862,590.0,295.0,1363.0,7208.0,1107,6101.0,0.5735747303543914,0.5755826086956521,6,36,0.0,0.0,20.0,0.4,36.875,85.18749999467578,0.5714285714081633,1658.0,0.21643433602331882,0.31070096586018936,0.5735747303543914,0.5755826086956521,0.04081632653033459,1.0,ga_meta,pso_meta,ga_meta,rw_rank_bfs,d_round,15,0.5745786695250218,947.4285713947347,0.4328686669926459,2,0,1,0.3301396395792859,4.347406511250056
8,12,451.5425827716288,1524.0,762.0,2912.0,17304.0,2649,14655.0,0.0,0.0,0,0,0.0,0.0,20.0,0.4,95.25,242.66666664644444,0.42857142855612246,3674.0,0.2616758241757343,-0.6547767045997896,0.0,0.0,0.0,1.0,ga_meta,rw_rank_bfs,ga_meta,pl_rank,pl_rank,7,0.0,1574.571428515194,0.39251373467894407,2,0,1,0.0,4.7098530199483255
5,5,927.9629986253004,878.0,439.0,1472.0,9625.0,4944,4681.0,0.0,0.0,0,0,0.0,0.0,31.0,0.16129032258064516,87.8,294.39999994112,0.49999999995,1911.0,0.29823369565197133,0.0795639284689682,0.0,0.0,0.0,0.0,ga_meta,ga_meta,rw_rank_bfs,rw_rank_bfs,rw_rank_bfs,8,0.0,955.49999990445,0.2982336946987986,1,0,1,0.0,5.036630033994437
4,3,124.4165389372482,510.0,34.0,51.0,8616.0,4658,3958.0,0.0443167829298317,0.1451403887688984,9,63,23639.14239807716,10575.405809666096,31.0,0.12903225806451613,8.5,16.999999994333333,0.49999999991666666,85.0,0.6666666666535949,0.17605431768193558,0.0443167829298317,0.1451403887688984,0.06122448979550188,0.0,ga_meta,rw_rank_bfs,ga_meta,pl_rank,pl_rank,5,0.09472858584936505,42.49999999291666,0.49999997075490366,0,0,1,0.0064321551034226526,101.36470468982701
9,18,351.41478641519916,576.0,2.0,31.0,2556.0,652,1866.0,0.4566666666666666,0.9481666666666668,29,16,0.0,0.0,,,0.2222222222222222,1.7222222221265433,0.49999999998611117,33.0,0.0645161290301769,0.755570431290045,0.4566666666666666,0.9481666666666668,0.19727891156328384,,ga_meta,mip,mip,pl_rank,mip,6,0.7024166666666667,16.499999999541668,0.12903218314977177,2,0,1,0.43299611111111114,77.4545431074381
5,8,307.9596465485727,1104.0,552.0,1909.0,9202.0,4586,4616.0,0.0,0.0,0,0,0.0,0.0,31.0,0.16129032258064516,110.4,238.62499997017187,0.79999999992,2461.0,0.28915662650587265,0.12001530075547484,0.0,0.0,0.0,0.0,ga_meta,ga_meta,ga_meta,rw_rank_bfs,pl_rank,4,0.0,1968.79999980312,0.46265060052865126,1,0,1,0.0,3.739130433263255
5,5,648.4661320045739,820.0,410.0,1179.0,9659.0,4735,4924.0,0.0,0.0,0,0,0.0,0.0,31.0,0.16129032258064516,82.0,235.79999995283998,0.49999999995,1589.0,0.347752332484862,0.07631251793057281,0.0,0.0,0.0,0.0,ga_meta,pl_rank,pl_rank,pl_rank,pl_rank,8,0.0,794.49999992055,0.34775233107993075,1,0,1,0.0,6.07866582373904
3,1,286.1933626205326,93.0,19.0,36.0,3121.0,919,2202.0,0.2341666666666666,0.9388333333333332,26,16,0.0,0.0,,,6.333333333333333,35.999999964,0.3333333332222222,55.0,0.5277777777631173,0.701539638519652,0.2341666666666666,0.9388333333333332,0.17687074829811653,,ga_meta,mip,mip,rw_rank_bfs,mip,5,0.5864999999999999,18.33333332722222,0.1759259212150207,0,0,1,0.21984347222222214,56.74545351371903
8,18,587.1482727199309,1564.0,782.0,3847.0,9659.0,4735,4924.0,0.0,0.0,0,0,0.0,0.0,31.0,0.25806451612903225,97.75,213.72222221034878,0.6428571428341837,4629.0,0.20327527943847068,0.07631251793057281,0.0,0.0,0.0,0.0,ga_meta,mip,ga_meta,pl_rank,pl_rank,7,0.0,2975.7857141794366,0.45736937662206945,2,0,1,0.0,2.0866277809274942
3,2,762.4101824924626,767.0,59.0,114.0,8077.0,1287,6790.0,0.5449080622347949,0.5370875374965912,16,36,131896.96157119604,131896.96157119604,20.0,0.15,19.666666666666668,56.999999971499996,0.6666666664444444,173.0,0.5175438596445829,0.22759873768767336,0.5449080622347949,0.5370875374965912,0.10884353741422556,1.0,ga_meta,ga_meta,pso_meta,rw_rank_bfs,pso_meta,13,0.5409977998656931,115.33333329488887,0.3450292338854521,0,0,1,0.29266332930772526,46.68786100180427
8,14,535.651979821252,836.0,17.0,50.0,3608.0,956,2592.0,0.2033333333333333,0.928,20,16,0.0,0.0,,,2.125,3.5714285711734695,0.49999999998214284,67.0,0.3399999999932,0.6549679640432247,0.2033333333333333,0.928,0.13605442176778196,,mip,mip,mip,pl_rank,mip,1,0.5656666666666667,33.49999999880357,0.5949998334425466,2,0,1,0.18869333333333332,53.85074546491425
8,17,341.13881773263665,1560.0,780.0,4218.0,9625.0,4944,4681.0,0.0,0.0,0,0,0.0,0.0,31.0,0.25806451612903225,97.5,248.11764704422836,0.6071428571211734,4998.0,0.18492176386908843,0.0795639284689682,0.0,0.0,0.0,0.0,ga_meta,pl_rank,ga_meta,rw_rank_bfs,rw_rank_bfs,7,0.0,3034.499999891625,0.39295874666126157,2,0,1,0.0,1.925770307737941
4,4,257.41056413510296,62.0,31.0,57.0,8027.0,4303,3724.0,0.0416481069042316,0.1572754016745869,7,63,0.0,0.0,31.0,0.12903225806451613,7.75,14.2499999964375,0.6666666665555555,88.0,0.5438596491132657,0.23238022377354883,0.0416481069042316,0.1572754016745869,0.04761904761872368,0.0,mcts,rw_rank_bfs,mcts,pl_rank,pl_rank,3,0.09946175428940925,58.666666656888886,0.5438596110931851,0,0,1,0.00655022274234916,91.21590805436469
5,4,200.79657653216137,68.0,34.0,69.0,8395.0,4691,3704.0,0.0375461633155519,0.1999999999999999,7,56,0.0,0.0,31.0,0.16129032258064516,6.8,17.2499999956875,0.39999999996,103.0,0.4927536231812644,0.1971884861815052,0.0375461633155519,0.1999999999999999,0.04761904761872368,0.0,mip,mip,mip,pl_rank,pl_rank,3,0.11877308165777589,41.19999999588,0.3942028757969347,1,0,1,0.007509232663110376,81.50485357762278
3,2,435.37067725642675,238.0,17.0,23.0,8316.0,4421,3895.0,0.0153674832962138,0.1185788639963792,4,15,30911.318085206294,17414.82709025707,31.0,0.0967741935483871,5.666666666666667,11.49999999425,0.6666666664444444,40.0,0.7391304347504726,0.20474323419718854,0.0153674832962138,0.1185788639963792,0.02721088435355639,0.0,ga_meta,mip,ga_meta,pl_rank,pl_rank,6,0.0669731736462965,26.666666657777775,0.4927535805866452,0,0,1,0.001822258711748365,207.89999480250015
5,7,598.2147325525265,1134.0,567.0,1743.0,9659.0,4735,4924.0,0.0,0.0,0,0,0.0,0.0,31.0,0.16129032258064516,113.4,248.99999996442858,0.69999999993,2310.0,0.3253012048190905,0.07631251793057281,0.0,0.0,0.0,0.0,ga_meta,pl_rank,pso_meta,pl_rank,pl_rank,8,0.0,1616.9999998382998,0.45542168498304547,1,0,1,0.0,4.181385279575158
7,11,687.3399754100747,652.0,326.0,880.0,9791.0,1331,8460.0,0.4872881355932204,0.4114782608695652,6,33,0.0,0.0,20.0,0.35,46.57142857142857,79.99999999272727,0.5238095237845805,1206.0,0.3704545454541245,0.06368939466386148,0.4872881355932204,0.4114782608695652,0.04081632653033459,1.0,ga_meta,mip,ga_meta,rw_rank_bfs,pl_rank,12,0.4493831982313928,631.714285684204,0.5821428499189937,1,0,1,0.2005084745762712,8.118573790946455
8,20,402.32689733113864,1424.0,712.0,5372.0,17304.0,2649,14655.0,0.0,0.0,0,0,0.0,0.0,20.0,0.4,89.0,268.59999998657,0.714285714260204,6084.0,0.1325390915859768,-0.6547767045997896,0.0,0.0,0.0,1.0,ga_meta,ga_meta,mip,pl_rank,rw_rank_bfs,10,0.0,4345.714285559081,0.3313477277479608,2,0,1,0.0,2.844181459098589
8,15,202.5914379911804,1474.0,737.0,3447.0,9202.0,4586,4616.0,0.0,0.0,0,0,0.0,0.0,31.0,0.25806451612903225,92.125,229.79999998468,0.5357142856951531,4184.0,0.21380910937040504,0.12001530075547484,0.0,0.0,0.0,0.0,ga_meta,ga_meta,ga_meta,rw_rank_bfs,ga_meta,5,0.0,2241.4285713485206,0.4008920783518259,2,0,1,0.0,2.1993307834131617
3,2,343.83121801455354,146.0,73.0,136.0,7854.0,1202,6652.0,0.5391104294478528,0.5135648994515539,12,36,0.0,0.0,20.0,0.15,24.333333333333332,67.999999966,0.6666666664444444,209.0,0.5367647058784062,0.24892416563067798,0.5391104294478528,0.5135648994515539,0.08163265306066918,1.0,ga_meta,sa_meta,pl_rank,pl_rank,pl_rank,15,0.5263376644497033,139.3333332868889,0.3578431321714245,0,0,1,0.2768681934926706,37.57894718861748
7,14,464.0755202668502,418.0,209.0,585.0,10656.0,1871,8785.0,0.2825920245398773,0.3575868372943327,7,21,0.0,0.0,20.0,0.35,29.857142857142858,41.78571428272959,0.6666666666349206,794.0,0.35726495726434654,-0.019030314621784505,0.2825920245398773,0.3575868372943327,0.04761904761872368,1.0,ga_meta,ga_meta,mip,pl_rank,mip,10,0.320089430917105,529.333333308127,0.7145298974810916,1,0,1,0.10105118829981719,13.420654894936202
4,3,67.2124001131856,72.0,36.0,53.0,8597.0,4697,3900.0,0.036315141567501,0.1576673866090713,7,58,0.0,0.0,31.0,0.12903225806451613,9.0,17.66666666077778,0.49999999991666666,89.0,0.679245283006052,0.1778712823945683,0.036315141567501,0.1576673866090713,0.04761904761872368,0.0,mip,mip,mip,pl_rank,pl_rank,3,0.09699126408828615,44.499999992583334,0.5094339335980792,0,0,1,0.005725713465286336,96.59550453263478
4,3,124.4165389372482,238.0,34.0,51.0,16210.0,2496,13714.0,0.0972875226039783,0.0463143254520166,10,36,14556.73505565804,10575.405809666096,20.0,0.2,8.5,16.999999994333333,0.49999999991666666,85.0,0.6666666666535949,-0.5501577890408338,0.0972875226039783,0.0463143254520166,0.06802721088389098,1.0,ga_meta,rw_rank_bfs,rw_rank_bfs,pl_rank,rw_rank_bfs,9,0.07180092402799745,42.49999999291666,0.49999997075490366,0,0,1,0.004505805984301073,190.7058801093426
5,5,704.3302686324715,1068.0,534.0,1273.0,17304.0,2649,14655.0,0.0,0.0,0,0,0.0,0.0,20.0,0.25,106.8,254.59999994908,0.49999999995,1807.0,0.41948153966974117,-0.6547767045997896,0.0,0.0,0.0,1.0,ga_meta,ga_meta,ga_meta,pl_rank,pl_rank,17,0.0,903.49999990965,0.41948153810635685,1,0,1,0.0,9.576092966476981
8,14,178.62871703362887,590.0,9.0,37.0,2556.0,652,1866.0,0.4566666666666666,0.9481666666666668,52,16,0.0,0.0,,,1.125,2.642857142668367,0.49999999998214284,46.0,0.24324324323666913,0.755570431290045,0.4566666666666666,0.9481666666666668,0.35374149659623305,,mip,mip,mip,pl_rank,mip,1,0.7024166666666667,22.99999999917857,0.4256755146396701,2,0,1,0.43299611111111114,55.56521618336487
4,3,198.54047794015423,754.0,377.0,714.0,9202.0,4586,4616.0,0.0,0.0,0,0,0.0,0.0,31.0,0.12903225806451613,94.25,237.99999992066665,0.49999999991666666,1091.0,0.5280112044810532,0.12001530075547484,0.0,0.0,0.0,0.0,ga_meta,ga_meta,ga_meta,rw_rank_bfs,pl_rank,4,0.0,545.4999999090833,0.3960084018294465,0,0,1,0.0,8.434463786952827
5,4,113.23018001622512,64.0,32.0,50.0,8482.0,4675,3807.0,0.0408288879770208,0.1777537796976241,10,63,0.0,0.0,31.0,0.16129032258064516,6.4,12.499999996875,0.39999999996,82.0,0.6399999999872,0.1888687003920818,0.0408288879770208,0.1777537796976241,0.06802721088389098,0.0,sa_meta,rw_rank_bfs,sa_meta,pl_rank,pl_rank,4,0.10929133383732245,32.799999996720004,0.5119999591680033,1,0,1,0.007257489158766328,103.4390231287924
3,2,454.42989103763665,352.0,32.0,31.0,16193.0,2499,13694.0,0.0962025316455695,0.0477051460361613,10,36,34991.101609898025,28629.083135371107,20.0,0.15,10.666666666666666,15.49999999225,0.6666666664444444,63.0,1.0322580644828303,-0.5485320837716363,0.0962025316455695,0.0477051460361613,0.06802721088389098,1.0,ga_meta,sa_meta,mcts,pl_rank,mcts,11,0.0719538388408654,41.999999986,0.6881719989566452,0,0,1,0.004589355821200322,257.0317419518771
8,14,1387.0550029208707,1548.0,774.0,3672.0,9659.0,4735,4924.0,0.0,0.0,0,0,0.0,0.0,31.0,0.25806451612903225,96.75,262.2857142669796,0.49999999998214284,4446.0,0.2107843137254328,0.07631251793057281,0.0,0.0,0.0,0.0,ga_meta,mip,ga_meta,pl_rank,pl_rank,8,0.0,2222.999999920607,0.36887254763957905,2,0,1,0.0,2.172514619394396
4,3,1077.8997903217555,150.0,12.0,34.0,3608.0,956,2592.0,0.2033333333333333,0.928,3,16,332018.7996998226,127500.14662663052,,,3.0,11.333333329555556,0.49999999991666666,46.0,0.3529411764602077,0.6549679640432247,0.2033333333333333,0.928,0.020408163265167294,,d_round,mip,mip,pl_rank,mip,7,0.5656666666666667,22.999999996166665,0.2647058590847771,0,0,1,0.18869333333333332,78.43478090359173
5,7,1169.1460465847467,1254.0,627.0,1688.0,9625.0,4944,4681.0,0.0,0.0,0,0,0.0,0.0,31.0,0.16129032258064516,125.4,241.14285710840815,0.69999999993,2315.0,0.3714454976301117,0.0795639284689682,0.0,0.0,0.0,0.0,ga_meta,ga_meta,ga_meta,rw_rank_bfs,rw_rank_bfs,7,0.0,1620.4999998379499,0.5200236946002572,1,0,1,0.0,4.157667384813103
4,3,27.15134056288695,12.0,3.0,0.0,2671.0,586,1993.0,0.5116666666666667,0.9446388888888888,8,16,9290.895212613828,3647.085475609409,,,0.75,0.0,0.49999999991666666,3.0,3000000000.0,0.7445730132925313,0.5116666666666667,0.9446388888888888,0.05442176870711278,,d_round,mip,mip,rw_rank_bfs,mip,7,0.7281527777777778,1.49999999975,750000.0,0,1,0,0.4833402314814815,890.3330365556544
7,10,453.89102789641294,466.0,8.0,41.0,2671.0,586,1993.0,0.5116666666666667,0.9446388888888888,28,16,0.0,0.0,,,1.1428571428571428,4.09999999959,0.47619047616780047,49.0,0.19512195121475315,0.7445730132925313,0.5116666666666667,0.9446388888888888,0.19047619047489472,,ga_meta,mip,mip,rw_rank_bfs,mip,6,0.7281527777777778,23.333333332222224,0.2787455766404517,1,0,1,0.4833402314814815,54.51020296917953
8,9,403.0827312764007,1266.0,633.0,2001.0,17304.0,2649,14655.0,0.0,0.0,0,0,0.0,0.0,20.0,0.4,79.125,222.33333330862962,0.32142857141709186,2634.0,0.3163418290852992,-0.6547767045997896,0.0,0.0,0.0,1.0,ga_meta,ga_meta,mip,pl_rank,rw_rank_bfs,10,0.0,846.6428571126199,0.35588455616000203,2,0,1,0.0,6.56947607951045
8,16,98.23094039267914,656.0,328.0,1322.0,10803.0,1513,9290.0,0.4171802773497689,0.3537391304347825,5,36,0.0,0.0,20.0,0.4,41.0,82.62499999483593,0.5714285714081633,1650.0,0.24810892586970643,-0.033087883714258304,0.4171802773497689,0.3537391304347825,0.03401360544194549,1.0,ga_meta,mip,ga_meta,rw_rank_bfs,rw_rank_bfs,14,0.3854597038922757,942.8571428234694,0.4962178457651396,2,0,1,0.14757298854424866,6.547272723304682
4,4,166.94272104645393,1062.0,531.0,1229.0,17304.0,2649,14655.0,0.0,0.0,0,0,0.0,0.0,20.0,0.2,132.75,307.2499999231875,0.6666666665555555,1760.0,0.43205858421445725,-0.6547767045997896,0.0,0.0,0.0,1.0,ga_meta,mip,ga_meta,pl_rank,pl_rank,13,0.0,1173.3333331377778,0.43205858291661164,0,0,1,0.0,9.831818176231922
4,3,277.218747853436,822.0,411.0,734.0,9659.0,4735,4924.0,0.0,0.0,0,0,0.0,0.0,31.0,0.12903225806451613,102.75,244.6666665851111,0.49999999991666666,1145.0,0.5599455040864306,0.07631251793057281,0.0,0.0,0.0,0.0,ga_meta,sa_meta,rw_rank_bfs,pl_rank,rw_rank_bfs,8,0.0,572.4999999045833,0.4199591264889273,0,0,1,0.0,8.43580785289449
5,6,1139.549469660817,264.0,132.0,327.0,9186.0,1560,7626.0,0.4483734087694484,0.4800927188437415,13,36,0.0,0.0,20.0,0.25,26.4,54.49999999091666,0.59999999994,459.0,0.40366972476940777,0.12154537630295492,0.4483734087694484,0.4800927188437415,0.08843537414905826,1.0,ga_meta,rw_rank_bfs,mip,rw_rank_bfs,pl_rank,10,0.46423306380659496,275.39999997245997,0.48440366091736403,1,0,1,0.21526080887336077,20.013071851823373
5,6,423.6684739536506,1136.0,568.0,1640.0,9625.0,4944,4681.0,0.0,0.0,0,0,0.0,0.0,31.0,0.16129032258064516,113.6,273.33333328777775,0.59999999994,2208.0,0.34634146341442296,0.0795639284689682,0.0,0.0,0.0,0.0,rw_rank_bfs,rw_rank_bfs,rw_rank_bfs,rw_rank_bfs,rw_rank_bfs,1,0.0,1324.79999986752,0.4156097546463058,1,0,1,0.0,4.359148548750386
5,6,251.3880197766324,686.0,49.0,75.0,9163.0,4799,4364.0,0.015387771850636,0.0574514038876889,2,23,75165.01791321309,31172.114452302416,31.0,0.16129032258064516,9.8,12.499999997916667,0.59999999994,124.0,0.6533333333246222,0.12374485990245765,0.015387771850636,0.0574514038876889,0.013605442176778195,0.0,ga_meta,rw_rank_bfs,mip,pl_rank,mip,6,0.036419587869162454,74.39999999256,0.7839999374106718,1,0,1,0.0008840490955224989,73.89516069439387
6,7,509.2490884323171,1138.0,569.0,2019.0,9625.0,4944,4681.0,0.0,0.0,0,0,0.0,0.0,31.0,0.1935483870967742,94.83333333333333,288.42857138736736,0.46666666663555556,2588.0,0.2818226844971363,0.0795639284689682,0.0,0.0,0.0,0.0,ga_meta,mip,ga_meta,rw_rank_bfs,rw_rank_bfs,5,0.0,1207.7333332528178,0.3287931308205125,1,0,1,0.0,3.7190880974810328
3,2,41.276938139525015,377.0,29.0,30.0,8481.0,4649,3832.0,0.0461633155519081,0.1723542116630669,9,58,4911.9556386034765,2435.339350231976,31.0,0.0967741935483871,9.666666666666666,14.9999999925,0.6666666664444444,59.0,0.9666666666344444,0.18896433011379932,0.0461633155519081,0.1723542116630669,0.06122448979550188,0.0,ga_meta,mip,ga_meta,pl_rank,pl_rank,6,0.10925876360748749,39.333333320222216,0.6444444018037065,0,0,1,0.007956441859702516,143.7457602754956
2,0,488.00405910104456,16.0,8.0,40.0,3013.0,795,2170.0,0.3375,0.9397222222222222,3,16,161624.23324060428,64172.53377178736,,,4.0,40000000000.0,0.0,48.0,0.199999999995,0.7118676484651429,0.3375,0.9397222222222222,0.020408163265167294,,d_round,mip,mip,pl_rank,mip,7,0.6386111111111111,0.0,1e-10,0,0,1,0.31715625000000003,62.77083202560767
4,3,813.3280597182231,84.0,42.0,41.0,8149.0,4620,3529.0,0.0521132540008206,0.2377969762419006,9,56,0.0,0.0,31.0,0.12903225806451613,10.5,13.66666666211111,0.49999999991666666,83.0,1.024390243877454,0.22071339772401266,0.0521132540008206,0.2377969762419006,0.06122448979550188,0.0,mip,mip,mip,pl_rank,pl_rank,5,0.1449551151213606,41.499999993083335,0.7682926269663932,0,0,1,0.012392374223521267,98.18072170866601
5,5,223.5564925642024,70.0,12.0,2.0,3013.0,795,2170.0,0.3375,0.9397222222222222,5,16,74040.6683567496,29397.678772192612,,,2.4,0.39999999992,0.49999999995,14.0,5.999999997,0.7118676484651429,0.3375,0.9397222222222222,0.03401360544194549,,d_round,mip,mip,pl_rank,mip,7,0.6386111111111111,6.9999999993,5.999985001237494,1,1,0,0.31715625000000003,215.21427034183785
5,5,1122.8136793783997,295.0,13.0,46.0,2556.0,652,1866.0,0.4566666666666666,0.9481666666666668,33,16,0.0,0.0,,,2.6,9.19999999816,0.49999999995,59.0,0.28260869564603025,0.755570431290045,0.4566666666666666,0.9481666666666668,0.22448979591684023,,ga_meta,mip,mip,pl_rank,mip,6,0.7024166666666667,29.49999999705,0.2826086649903626,1,0,1,0.43299611111111114,43.322033164033336
6,12,89.84745782970349,1116.0,558.0,2891.0,9659.0,4735,4924.0,0.0,0.0,0,0,0.0,0.0,31.0,0.1935483870967742,93.0,240.91666664659027,0.7999999999466667,3449.0,0.19301279833960808,0.07631251793057281,0.0,0.0,0.0,0.0,ga_meta,rw_rank_bfs,rw_rank_bfs,pl_rank,rw_rank_bfs,7,0.0,2759.1999998160536,0.38602559510919854,1,0,1,0.0,2.8005218895910344
9,16,253.3616014373183,704.0,352.0,1444.0,10719.0,1831,8888.0,0.2946841294298922,0.381704347826087,3,36,0.0,0.0,20.0,0.45,39.111111111111114,90.24999999435937,0.4444444444320988,1796.0,0.24376731301922178,-0.025054987089987657,0.2946841294298922,0.381704347826087,0.020408163265167294,1.0,ga_meta,rw_rank_bfs,ga_meta,rw_rank_bfs,rw_rank_bfs,7,0.3381942386279896,798.2222222000495,0.4333641072597391,2,0,1,0.1124822134387352,5.968262802912994
4,5,1117.4586900373372,216.0,108.0,273.0,6531.0,866,5665.0,0.6937765205091937,0.6137851104445051,20,36,0.0,0.0,20.0,0.2,27.0,54.59999998908,0.8333333331944445,381.0,0.3956043956029465,0.3754422874629435,0.6937765205091937,0.6137851104445051,0.13605442176778196,1.0,ga_meta,sa_meta,mip,rw_rank_bfs,pl_rank,11,0.6537808154768494,317.4999999470833,0.4945054855475186,0,0,1,0.4258296982645399,17.141732238473143
6,10,904.1179262291876,1100.0,550.0,2702.0,9625.0,4944,4681.0,0.0,0.0,0,0,0.0,0.0,31.0,0.1935483870967742,91.66666666666667,270.19999997298,0.6666666666222222,3252.0,0.2035529237601023,0.0795639284689682,0.0,0.0,0.0,0.0,ga_meta,pl_rank,ga_meta,rw_rank_bfs,rw_rank_bfs,5,0.0,2167.9999998554667,0.3392548717119855,1,0,1,0.0,2.95971709626085
4,5,1356.3100998143718,380.0,95.0,264.0,7079.0,887,6192.0,0.6863507779349364,0.5778565584946823,20,36,1175920.8565390604,486915.3258333595,20.0,0.2,23.75,52.799999989439996,0.8333333331944445,359.0,0.3598484848471218,0.32303719996174807,0.6863507779349364,0.5778565584946823,0.13605442176778196,1.0,ga_meta,rw_rank_bfs,ga_meta,rw_rank_bfs,ga_meta,12,0.6321036682148093,299.16666661680557,0.4498105976314281,0,0,1,0.3966122984576303,19.718662897719604
6,10,1566.4146970149457,1456.0,728.0,2986.0,9202.0,4586,4616.0,0.0,0.0,0,0,0.0,0.0,31.0,0.1935483870967742,121.33333333333333,298.59999997014,0.6666666666222222,3714.0,0.24380442062952318,0.12001530075547484,0.0,0.0,0.0,0.0,mip,mip,mip,rw_rank_bfs,d_round,4,0.0,2475.999999834933,0.40634069972915593,1,0,1,0.0,2.4776521264195877
5,5,44.416190195082734,404.0,202.0,411.0,10188.0,1531,8657.0,0.410246533127889,0.3977739130434783,4,36,0.0,0.0,20.0,0.25,40.4,82.19999998356,0.49999999995,613.0,0.49148418491364604,0.02572439514201008,0.410246533127889,0.3977739130434783,0.02721088435355639,1.0,ga_meta,ga_meta,mip,rw_rank_bfs,d_round,13,0.4040102230856837,306.49999996935,0.49148417903401237,1,0,1,0.16318536879480136,16.61990209360538
7,10,235.72623859944977,266.0,8.0,21.0,2671.0,586,1993.0,0.5116666666666667,0.9446388888888888,24,16,80662.97045696307,31663.76772538555,,,1.1428571428571428,2.09999999979,0.47619047616780047,29.0,0.3809523809342404,0.7445730132925313,0.5116666666666667,0.9446388888888888,0.16326530612133835,,d_round,mip,mip,rw_rank_bfs,mip,7,0.7281527777777778,13.809523808866214,0.5442174279780954,1,0,1,0.4833402314814815,92.1034450998812
4,3,303.8923848465144,950.0,475.0,834.0,9202.0,4586,4616.0,0.0,0.0,0,0,0.0,0.0,31.0,0.12903225806451613,118.75,277.99999990733335,0.49999999991666666,1309.0,0.5695443645077104,0.12001530075547484,0.0,0.0,0.0,0.0,ga_meta,ga_meta,ga_meta,rw_rank_bfs,ga_meta,1,0.0,654.4999998909167,0.4271582719871405,0,0,1,0.0,7.029793730305734
6,10,248.3806282996702,1196.0,598.0,2598.0,17304.0,2649,14655.0,0.0,0.0,0,0,0.0,0.0,20.0,0.3,99.66666666666667,259.79999997402,0.6666666666222222,3196.0,0.23017705927627785,-0.6547767045997896,0.0,0.0,0.0,1.0,ga_meta,ga_meta,mip,pl_rank,pl_rank,11,0.0,2130.666666524622,0.3836284306890104,1,0,1,0.0,5.414267833099416
4,3,689.905709121674,155.0,31.0,63.0,16083.0,2478,13605.0,0.1037974683544303,0.053894297635605,9,34,91757.45931318264,64851.13665743736,20.0,0.2,7.75,20.999999993,0.49999999991666666,94.0,0.49206349205568156,-0.5380128143827101,0.1037974683544303,0.053894297635605,0.06122448979550188,1.0,ga_meta,mip,ga_meta,pl_rank,pl_rank,11,0.07884588299501764,46.999999992166664,0.3690476015969396,0,0,1,0.005594091653315958,171.0957428606836
3,2,1105.722884318288,201.0,67.0,138.0,8250.0,1346,6904.0,0.5240452616690241,0.5293155167712027,15,36,300756.62453457434,226673.19128524905,20.0,0.15,22.333333333333332,68.9999999655,0.6666666664444444,205.0,0.48550724637329346,0.2110547958305441,0.5240452616690241,0.5293155167712027,0.10204081632583646,1.0,ga_meta,ga_meta,ga_meta,rw_rank_bfs,rw_rank_bfs,13,0.5266803892201134,136.6666666211111,0.32367149305548565,0,0,1,0.27738528849183963,40.24390224271267
4,3,868.5253714712403,976.0,488.0,839.0,9659.0,4735,4924.0,0.0,0.0,0,0,0.0,0.0,31.0,0.12903225806451613,122.0,279.66666657344445,0.49999999991666666,1327.0,0.5816448152555642,0.07631251793057281,0.0,0.0,0.0,0.0,ga_meta,ga_meta,ga_meta,pl_rank,pl_rank,8,0.0,663.4999998894167,0.43623361002777017,0,0,1,0.0,7.278824410490712
5,6,822.5857464057614,1353.0,123.0,275.0,8489.0,1445,7044.0,0.4890381895332391,0.5197709299154623,14,36,622697.4100291614,327389.127069493,20.0,0.25,24.6,45.83333332569445,0.59999999994,398.0,0.44727272727110085,0.18819929234005928,0.4890381895332391,0.5197709299154623,0.09523809523744736,1.0,ga_meta,mip,sa_meta,rw_rank_bfs,sa_meta,12,0.5044045597243507,238.79999997611998,0.5367272611063143,1,0,1,0.25418783453786575,21.3291456750524
5,6,298.99736750729016,435.0,29.0,86.0,8043.0,4300,3743.0,0.0423162583518931,0.1529757863770083,7,63,118103.9601653796,34384.69726333837,31.0,0.16129032258064516,5.8,14.333333330944445,0.59999999994,115.0,0.33720930232166035,0.23085014822606864,0.0423162583518931,0.1529757863770083,0.04761904761872368,0.0,ga_meta,pl_rank,pl_rank,pl_rank,pl_rank,6,0.09764602236445069,68.99999999309999,0.404651134626665,1,0,1,0.006473362897913492,69.93912982661627
3,1,983.684439743667,48.0,6.0,30.0,3013.0,795,2170.0,0.3375,0.9397222222222222,9,16,325790.8215295484,129354.5038262922,,,2.0,29.999999969999998,0.3333333332222222,36.0,0.19999999999333334,0.7118676484651429,0.3375,0.9397222222222222,0.06122448979550188,,d_round,mip,mip,pl_rank,mip,7,0.6386111111111111,11.999999996,0.06666666451111118,0,0,1,0.31715625000000003,83.69444211959883
6,8,1401.7588926315352,1218.0,609.0,2079.0,17304.0,2649,14655.0,0.0,0.0,0,0,0.0,0.0,20.0,0.3,101.5,259.87499996751563,0.5333333332977778,2688.0,0.29292929292915204,-0.6547767045997896,0.0,0.0,0.0,1.0,ga_meta,ga_meta,pl_rank,pl_rank,pl_rank,14,0.0,1433.5999999044266,0.39057238911828807,1,0,1,0.0,6.437499997605097
4,3,634.9678321737264,122.0,2.0,38.0,2671.0,586,1993.0,0.5116666666666667,0.9446388888888888,45,16,0.0,0.0,,,0.5,12.666666662444444,0.49999999991666666,40.0,0.05263157894598339,0.7445730132925313,0.5116666666666667,0.9446388888888888,0.3061224489775094,,mip,mip,mip,rw_rank_bfs,mip,1,0.7281527777777778,19.999999996666666,0.039473681107340966,0,0,1,0.4833402314814815,66.77499833062505
4,3,1190.0690833797198,792.0,396.0,864.0,9625.0,4944,4681.0,0.0,0.0,0,0,0.0,0.0,31.0,0.12903225806451613,99.0,287.999999904,0.49999999991666666,1260.0,0.45833333333280285,0.0795639284689682,0.0,0.0,0.0,0.0,ga_meta,mip,ga_meta,rw_rank_bfs,rw_rank_bfs,7,0.0,629.999999895,0.34374999892100694,0,0,1,0.0,7.638888882826278
4,3,174.56140844684336,870.0,435.0,799.0,17304.0,2649,14655.0,0.0,0.0,0,0,0.0,0.0,20.0,0.2,108.75,266.33333324455555,0.49999999991666666,1234.0,0.5444305381720345,-0.6547767045997896,0.0,0.0,0.0,1.0,ga_meta,ga_meta,ga_meta,pl_rank,pl_rank,14,0.0,616.9999998971666,0.40832290223251727,0,0,1,0.0,14.02269042623769
5,5,40.21990821494319,155.0,0.0,31.0,2671.0,586,1993.0,0.5116666666666667,0.9446388888888888,16,16,13762.817781335018,5402.511995358585,,,0.0,6.19999999876,0.49999999995,31.0,0.0,0.7445730132925313,0.5116666666666667,0.9446388888888888,0.10884353741422556,,d_round,mip,mip,rw_rank_bfs,mip,7,0.7281527777777778,15.49999999845,0.0,1,0,1,0.4833402314814815,86.16128754318427
6,7,582.6094255862571,315.0,0.0,45.0,3608.0,956,2592.0,0.2033333333333333,0.928,4,16,179457.57473355733,68914.37205506013,,,0.0,6.428571427653061,0.46666666663555556,45.0,0.0,0.6549679640432247,0.2033333333333333,0.928,0.02721088435355639,,d_round,mip,mip,pl_rank,mip,7,0.5656666666666667,20.9999999986,0.0,1,0,1,0.18869333333333332,80.17777599604943
4,4,82.71054538256782,728.0,364.0,1135.0,9659.0,4735,4924.0,0.0,0.0,0,0,0.0,0.0,31.0,0.12903225806451613,91.0,283.7499999290625,0.6666666665555555,1499.0,0.32070484581469544,0.07631251793057281,0.0,0.0,0.0,0.0,ga_meta,ga_meta,rw_rank_bfs,pl_rank,rw_rank_bfs,9,0.0,999.3333331667777,0.32070484476491684,0,0,1,0.0,6.443629081758752
3,2,119.10331895967344,77.0,7.0,18.0,7848.0,4310,3538.0,0.0400890868596881,0.1993663724824621,8,63,7503.509094459427,2977.5829739918363,31.0,0.0967741935483871,2.3333333333333335,8.9999999955,0.6666666664444444,25.0,0.38888888886728395,0.24949794396098313,0.0400890868596881,0.1993663724824621,0.05442176870711278,0.0,ga_meta,sa_meta,ga_meta,pl_rank,pl_rank,6,0.1197277296710751,16.66666666111111,0.25925923058230776,0,0,1,0.007992415823350356,313.9199874432005
2,1,1591.2004316581374,56.0,14.0,24.0,8495.0,4688,3807.0,0.0381616741895773,0.1777537796976241,8,63,60465.61640300922,60465.61640300922,31.0,0.06451612903225806,7.0,23.999999975999998,0.9999999989999999,38.0,0.5833333333090278,0.18762551400975425,0.0381616741895773,0.1777537796976241,0.05442176870711278,0.0,ga_meta,ga_meta,ga_meta,pl_rank,pl_rank,6,0.1079577269436007,37.999999962,0.29166665480555604,0,0,1,0.00678338182678663,223.55262569598355
4,3,41.480376307083425,802.0,401.0,931.0,17304.0,2649,14655.0,0.0,0.0,0,0,0.0,0.0,20.0,0.2,100.25,310.33333322988886,0.49999999991666666,1332.0,0.43071965628310344,-0.6547767045997896,0.0,0.0,0.0,1.0,ga_meta,rw_rank_bfs,ga_meta,pl_rank,ga_meta,13,0.0,665.999999889,0.3230397412794101,0,0,1,0.0,12.990990981237994
7,10,46.7348635860208,584.0,12.0,50.0,3608.0,956,2592.0,0.2033333333333333,0.928,13,16,0.0,0.0,,,1.7142857142857142,4.9999999995,0.47619047616780047,62.0,0.23999999999520003,0.6549679640432247,0.2033333333333333,0.928,0.08843537414905826,,ga_meta,mip,mip,pl_rank,mip,6,0.5656666666666667,29.523809522403628,0.34285707432001367,1,0,1,0.18869333333333332,58.193547448491174
5,5,424.136169231782,155.0,14.0,17.0,3013.0,795,2170.0,0.3375,0.9397222222222222,3,16,140471.54293751493,55773.90625397933,,,2.8,3.39999999932,0.49999999995,31.0,0.8235294117162629,0.7118676484651429,0.3375,0.9397222222222222,0.020408163265167294,,d_round,mip,mip,pl_rank,mip,7,0.6386111111111111,15.49999999845,0.8235291697149499,1,0,1,0.31715625000000003,97.19354525182112
8,16,225.99060088364624,1574.0,787.0,3877.0,9659.0,4735,4924.0,0.0,0.0,0,0,0.0,0.0,31.0,0.25806451612903225,98.375,242.31249998485546,0.5714285714081633,4664.0,0.2029920041268499,0.07631251793057281,0.0,0.0,0.0,0.0,ga_meta,mip,ga_meta,pl_rank,pl_rank,7,0.0,2665.1428570476737,0.4059840066037222,2,0,1,0.0,2.070969124770375
6,8,1097.7746054371978,1018.0,509.0,1701.0,9625.0,4944,4681.0,0.0,0.0,0,0,0.0,0.0,31.0,0.1935483870967742,84.83333333333333,212.62499997342186,0.5333333332977778,2210.0,0.2992357436800122,0.0795639284689682,0.0,0.0,0.0,0.0,mip,mip,mip,rw_rank_bfs,rw_rank_bfs,2,0.0,1178.666666588089,0.39898098974700297,1,0,1,0.0,4.355203617938822
9,19,12.464048148675245,684.0,342.0,1581.0,10932.0,1761,9171.0,0.3216486902927581,0.3620173913043478,4,36,0.0,0.0,20.0,0.45,38.0,83.21052631140998,0.5277777777631173,1923.0,0.2163187855786108,-0.04542411781581723,0.3216486902927581,0.3620173913043478,0.02721088435355639,1.0,ga_meta,ga_meta,ga_meta,rw_rank_bfs,rw_rank_bfs,11,0.3418330407985529,1014.9166666384746,0.45667298631322784,2,0,1,0.11644241977624438,5.684867391739538
5,4,152.02300637296565,104.0,52.0,99.0,7887.0,4252,3635.0,0.0530066815144766,0.1774157049106133,11,63,0.0,0.0,31.0,0.16129032258064516,10.4,24.749999993812498,0.39999999996,151.0,0.5252525252472197,0.2457683848140002,0.0530066815144766,0.1774157049106133,0.07482993197228008,0.0,pl_rank,pl_rank,pl_rank,pl_rank,pl_rank,1,0.11521119321254494,60.39999999396,0.42020200332921204,1,0,1,0.00940421776586324,52.23178773356432
7,9,74.41210401633118,1240.0,620.0,2033.0,17304.0,2649,14655.0,0.0,0.0,0,0,0.0,0.0,20.0,0.35,88.57142857142857,225.88888886379013,0.42857142855102043,2653.0,0.30496802754534924,-0.6547767045997896,0.0,0.0,0.0,1.0,ga_meta,ga_meta,ga_meta,pl_rank,sa_meta,15,0.0,1136.999999945857,0.39210174800910613,1,0,1,0.0,6.522427438174735
9,15,338.9010026609595,688.0,344.0,1062.0,9785.0,1349,8436.0,0.4803543913713405,0.4131478260869565,6,35,0.0,0.0,20.0,0.45,38.22222222222222,70.79999999528,0.4166666666550926,1406.0,0.3239171374761545,0.06426317299416662,0.4803543913713405,0.4131478260869565,0.04081632653033459,1.0,ga_meta,mip,pl_rank,rw_rank_bfs,pl_rank,10,0.44675110872914847,585.8333333170602,0.5398618882049221,2,0,1,0.19845737254639242,6.95945945450963
7,11,594.5524276169494,1580.0,790.0,2688.0,9659.0,4735,4924.0,0.0,0.0,0,0,0.0,0.0,31.0,0.22580645161290322,112.85714285714286,244.36363634142148,0.5238095237845805,3478.0,0.2938988095237002,0.07631251793057281,0.0,0.0,0.0,0.0,pl_rank,pl_rank,pl_rank,pl_rank,pl_rank,2,0.0,1821.8095237227708,0.46184098454656913,1,0,1,0.0,2.7771707870105895
3,3,1415.935990528551,460.0,46.0,153.0,7499.0,1129,6370.0,0.6007779349363508,0.5657212980638124,15,36,434692.3490922651,281771.26211518166,20.0,0.15,15.333333333333334,50.999999983,0.9999999996666666,199.0,0.3006535947692768,0.28287271684039395,0.6007779349363508,0.5657212980638124,0.10204081632583646,1.0,ga_meta,mip,rw_rank_bfs,rw_rank_bfs,rw_rank_bfs,17,0.5832496165000816,198.99999993366666,0.3006535889762913,0,0,1,0.339872873200289,37.683416896063235
3,3,1839.2739218415477,420.0,30.0,53.0,8227.0,4300,3927.0,0.0423162583518931,0.1113374066530888,9,63,200480.85748072868,152659.73551284845,31.0,0.0967741935483871,10.0,17.66666666077778,0.9999999996666666,83.0,0.5660377358383767,0.21325427943004682,0.0423162583518931,0.1113374066530888,0.06122448979550188,0.0,ga_meta,pl_rank,ga_meta,pl_rank,pl_rank,6,0.07682683250249095,82.99999997233333,0.5660377039978658,0,0,1,0.004711382464161888,99.1204807334882
8,16,261.48382993231735,1568.0,784.0,3892.0,9202.0,4586,4616.0,0.0,0.0,0,0,0.0,0.0,31.0,0.25806451612903225,98.0,243.2499999847969,0.5714285714081633,4676.0,0.20143884892081154,0.12001530075547484,0.0,0.0,0.0,0.0,ga_meta,ga_meta,ga_meta,rw_rank_bfs,pl_rank,5,0.0,2671.9999999045713,0.4028776962106775,2,0,1,0.0,1.9679212998357738
7,12,279.9806019168252,534.0,178.0,610.0,8482.0,1293,7189.0,0.504217791411043,0.4742961608775137,13,36,435369.8359806632,220624.71431045825,20.0,0.35,25.428571428571427,50.83333332909722,0.5714285714013605,788.0,0.29180327868804623,0.1888687003920818,0.504217791411043,0.4742961608775137,0.08843537414905826,1.0,ga_meta,mip,ga_meta,pl_rank,ga_meta,15,0.4892569761442783,450.2857142642721,0.5002341822384845,1,0,1,0.23914856271239668,10.763959377203097
8,12,25.15022660618941,1732.0,866.0,3058.0,17304.0,2649,14655.0,0.0,0.0,0,0,0.0,0.0,20.0,0.4,108.25,254.8333333120972,0.42857142855612246,3924.0,0.2831916285152769,-0.6547767045997896,0.0,0.0,0.0,1.0,ga_meta,mip,pl_rank,pl_rank,pl_rank,9,0.0,1681.7142856542246,0.42478744114153066,2,0,1,0.0,4.409785931597914
3,2,931.3091862384885,252.0,21.0,43.0,7865.0,4278,3587.0,0.0472160356347438,0.1882778909255488,10,58,171360.89026788186,59603.78791926325,31.0,0.0967741935483871,7.0,21.49999998925,0.6666666664444444,64.0,0.4883720930118984,0.24787223869178543,0.0472160356347438,0.1882778909255488,0.06802721088389098,0.0,ga_meta,mip,mip,pl_rank,pl_rank,9,0.1177469632801463,42.66666665244444,0.32558138036830786,0,0,1,0.008889735607175119,122.89062307983401
6,7,10.84668079670353,1006.0,503.0,1636.0,9659.0,4735,4924.0,0.0,0.0,0,0,0.0,0.0,31.0,0.1935483870967742,83.83333333333333,233.71428568089794,0.46666666663555556,2139.0,0.3074572127137485,0.07631251793057281,0.0,0.0,0.0,0.0,ga_meta,rw_rank_bfs,ga_meta,pl_rank,pl_rank,5,0.0,998.1999999334533,0.3587000800160551,1,0,1,0.0,4.515661521965563
7,15,565.1557189446125,404.0,202.0,725.0,8493.0,1202,7291.0,0.574964639321075,0.5029315516771202,16,36,0.0,0.0,20.0,0.35,28.857142857142858,48.33333333011111,0.7142857142517007,927.0,0.2786206896547881,0.18781677345318926,0.574964639321075,0.5029315516771202,0.10884353741422556,1.0,ga_meta,mip,mip,rw_rank_bfs,mip,9,0.5389480954990976,662.1428571113266,0.5970443226625313,1,0,1,0.28916785821322405,9.161812287851335
4,3,41.480376307083425,802.0,401.0,931.0,9659.0,4735,4924.0,0.0,0.0,0,0,0.0,0.0,31.0,0.12903225806451613,100.25,310.33333322988886,0.49999999991666666,1332.0,0.43071965628310344,0.07631251793057281,0.0,0.0,0.0,0.0,ga_meta,rw_rank_bfs,ga_meta,pl_rank,pl_rank,6,0.0,665.999999889,0.3230397412794101,0,0,1,0.0,7.251501496057431
7,11,263.3382880477799,378.0,189.0,575.0,9034.0,1286,7748.0,0.5452616690240453,0.4717752931551677,14,36,0.0,0.0,20.0,0.35,27.0,52.272727267975206,0.5238095237845805,764.0,0.3286956521733414,0.13608109400401647,0.5452616690240453,0.4717752931551677,0.09523809523744736,1.0,ga_meta,ga_meta,ga_meta,rw_rank_bfs,rw_rank_bfs,8,0.5085184810896065,400.19047617141945,0.5165217292961061,1,0,1,0.25724098375009496,11.824607314365696
8,20,242.3740285982141,1658.0,829.0,5549.0,9625.0,4944,4681.0,0.0,0.0,0,0,0.0,0.0,31.0,0.25806451612903225,103.625,277.4499999861275,0.714285714260204,6378.0,0.14939628761936394,0.0795639284689682,0.0,0.0,0.0,0.0,ga_meta,ga_meta,ga_meta,rw_rank_bfs,rw_rank_bfs,8,0.0,4555.714285551581,0.3734907177209967,2,0,1,0.0,1.5090937595627008
5,5,405.43667617435693,1274.0,91.0,297.0,7889.0,1257,6632.0,0.5555162659123055,0.5478592855194983,13,36,345026.61142437777,157309.4303556505,20.0,0.25,18.2,59.39999998812,0.49999999995,388.0,0.30639730639627477,0.2455771253705652,0.5555162659123055,0.5478592855194983,0.08843537414905826,1.0,ga_meta,rw_rank_bfs,ga_meta,rw_rank_bfs,rw_rank_bfs,11,0.5516877757159019,193.9999999806,0.3063973013003821,1,0,1,0.3043447445371753,20.33247417440084
7,10,264.9807886015373,518.0,259.0,709.0,9350.0,1166,8184.0,0.5508474576271186,0.4306782608695652,7,35,0.0,0.0,20.0,0.35,37.0,70.89999999291,0.47619047616780047,968.0,0.36530324400512654,0.10586210194128332,0.5508474576271186,0.4306782608695652,0.04761904761872368,1.0,ga_meta,mip,ga_meta,rw_rank_bfs,rw_rank_bfs,13,0.4907628592483419,460.9523809304309,0.5218617698425703,1,0,1,0.23723802505526895,9.65909089911251
2,0,237.96916776859356,38.0,19.0,14.0,2556.0,652,1866.0,0.4566666666666666,0.9481666666666668,11,16,87550.73552602163,36800.67932610895,,,9.5,14000000000.0,0.0,33.0,1.3571428570459183,0.755570431290045,0.4566666666666666,0.9481666666666668,0.07482993197228008,,d_round,mip,mip,pl_rank,mip,7,0.7024166666666667,0.0,6.785714285714285e-10,0,0,1,0.43299611111111114,77.4545431074381
10,22,1668.2274058570554,808.0,17.0,29.0,2556.0,652,1866.0,0.4566666666666666,0.9481666666666668,22,16,613754.0328311727,257982.58817155223,,,1.7,1.3181818181219007,0.48888888887802473,46.0,0.5862068965315101,0.755570431290045,0.4566666666666666,0.9481666666666668,0.14965986394456016,,d_round,mip,mip,pl_rank,mip,7,0.7024166666666667,22.488888888389138,1.2896541941140598,2,1,0,0.43299611111111114,55.56521618336487
8,14,143.93565260246453,1604.0,802.0,3822.0,9625.0,4944,4681.0,0.0,0.0,0,0,0.0,0.0,31.0,0.25806451612903225,100.25,272.9999999805,0.49999999998214284,4624.0,0.2098377812662978,0.0795639284689682,0.0,0.0,0.0,0.0,mip,mip,mip,rw_rank_bfs,rw_rank_bfs,6,0.0,2311.9999999174283,0.367216115897233,2,0,1,0.0,2.081531141418354
6,7,292.60843774033543,90.0,15.0,0.0,2671.0,586,1993.0,0.5116666666666667,0.9446388888888888,3,16,100127.44406028072,39304.43069106668,,,2.5,0.0,0.46666666663555556,15.0,15000000000.0,0.7445730132925313,0.5116666666666667,0.9446388888888888,0.020408163265167294,,d_round,mip,mip,rw_rank_bfs,mip,7,0.7281527777777778,6.999999999533333,2500000.0,1,1,0,0.4833402314814815,178.06665479555636
2,1,346.1579337770725,208.0,16.0,10.0,8532.0,4368,4164.0,0.0271714922048997,0.0577053632043448,7,63,9000.106278203886,9000.106278203886,31.0,0.06451612903225806,8.0,9.99999999,0.9999999989999999,26.0,1.59999999984,0.18408721430620634,0.0271714922048997,0.0577053632043448,0.04761904761872368,0.0,ga_meta,ga_meta,ga_meta,pl_rank,pl_rank,8,0.04243842770462225,25.999999973999998,0.7999999208000079,0,0,1,0.0015679408264877607,328.15383353254487
4,3,479.44917435978914,384.0,128.0,154.0,8183.0,1130,7053.0,0.566717791411043,0.4842413162705667,14,36,256025.8591081274,135204.66716946053,20.0,0.2,32.0,51.33333331622222,0.49999999991666666,282.0,0.831168831163434,0.21746198718561727,0.566717791411043,0.4842413162705667,0.09523809523744736,1.0,ga_meta,mip,mip,pl_rank,mip,15,0.5254795538408048,140.9999999765,0.6233766114407153,0,0,1,0.2744281692668319,29.01773039355415
7,7,706.8916575260805,1322.0,661.0,2106.0,9202.0,4586,4616.0,0.0,0.0,0,0,0.0,0.0,31.0,0.22580645161290322,94.42857142857143,300.85714281416324,0.3333333333174603,2767.0,0.3138651471983315,0.12001530075547484,0.0,0.0,0.0,0.0,ga_meta,mip,ga_meta,rw_rank_bfs,pl_rank,4,0.0,922.3333332894126,0.313865146200082,1,0,1,0.0,3.3256234176633095
4,4,105.2666429289596,744.0,372.0,834.0,9202.0,4586,4616.0,0.0,0.0,0,0,0.0,0.0,31.0,0.12903225806451613,93.0,208.49999994787498,0.6666666665555555,1206.0,0.4460431654670911,0.12001530075547484,0.0,0.0,0.0,0.0,mip,mip,mip,rw_rank_bfs,sa_meta,3,0.0,803.9999998659999,0.44604316343984096,0,0,1,0.0,7.630182414900346
5,4,365.9560913452528,98.0,49.0,94.0,8015.0,4274,3741.0,0.0481069042316257,0.153428377460964,9,62,0.0,0.0,31.0,0.16129032258064516,9.8,23.499999994124998,0.39999999996,143.0,0.5212765957391353,0.2335277804341589,0.0481069042316257,0.153428377460964,0.06122448979550188,0.0,mip,mip,mip,pl_rank,pl_rank,4,0.10076764084629485,57.199999994280006,0.41702125895441455,1,0,1,0.007380964260928313,56.04895065700035
7,9,125.14994361598144,366.0,183.0,462.0,8235.0,1091,7144.0,0.5816717791411044,0.4775868372943327,15,36,0.0,0.0,20.0,0.35,26.142857142857142,51.33333332762963,0.42857142855102043,645.0,0.39610389610303876,0.21248924165630678,0.5816717791411044,0.4775868372943327,0.10204081632583646,1.0,ga_meta,ga_meta,ga_meta,pl_rank,pl_rank,8,0.5296293082177186,276.42857141540816,0.5092764279834833,1,0,1,0.27779878534336766,12.767441840670633
3,2,430.6216388996423,910.0,91.0,72.0,9034.0,1286,7748.0,0.5452616690240453,0.4717752931551677,14,36,86554.9494188281,70191.32714064169,20.0,0.15,30.333333333333332,35.999999982,0.6666666664444444,163.0,1.2638888888713349,0.13608109400401647,0.5452616690240453,0.4717752931551677,0.09523809523744736,1.0,ga_meta,ga_meta,mip,rw_rank_bfs,d_round,19,0.5085184810896065,108.66666663044444,0.8425925696085398,0,0,1,0.25724098375009496,55.423312543415264
5,7,483.3204772704707,126.0,18.0,105.0,16549.0,2628,13921.0,0.0495479204339963,0.0319193324061196,5,30,101013.97974952836,59448.4187042679,20.0,0.25,3.6,14.999999997857143,0.69999999993,123.0,0.17142857142693876,-0.5825762647030697,0.0495479204339963,0.0319193324061196,0.03401360544194549,1.0,ga_meta,mip,ga_meta,pl_rank,ga_meta,13,0.04073362642005795,86.09999999138999,0.2399999840342868,1,0,1,0.0015815365423646934,134.544714353295
5,4,336.9208900184202,110.0,55.0,58.0,7807.0,4239,3568.0,0.055902004454343,0.1925775062231274,11,58,0.0,0.0,31.0,0.16129032258064516,11.0,14.499999996375,0.39999999996,113.0,0.9482758620526159,0.25341876255140094,0.055902004454343,0.1925775062231274,0.07482993197228008,0.0,mip,mip,mip,pl_rank,pl_rank,4,0.12423975533873519,45.19999999548,0.758620637526163,1,0,1,0.010765468610691534,69.08849496381863
4,4,151.03928303810676,40.0,20.0,68.0,8404.0,4682,3722.0,0.0393926959376282,0.1961123110151188,9,62,0.0,0.0,31.0,0.12903225806451613,5.0,16.99999999575,0.6666666665555555,88.0,0.2941176470544983,0.19632781868604765,0.0393926959376282,0.1961123110151188,0.06122448979550188,0.0,mip,rw_rank_bfs,sa_meta,pl_rank,sa_meta,5,0.1177525034763735,58.666666656888886,0.2941176298313159,0,0,1,0.007725392637444149,95.49999891477275
5,6,33.803192467379795,204.0,102.0,294.0,8082.0,1148,6934.0,0.5598159509202454,0.4929433272394881,14,36,0.0,0.0,20.0,0.25,20.4,48.999999991833334,0.59999999994,396.0,0.346938775509024,0.22712058907908583,0.5598159509202454,0.4929433272394881,0.09523809523744736,1.0,ga_meta,ga_meta,rw_rank_bfs,pl_rank,rw_rank_bfs,10,0.5263796390798667,237.59999997623999,0.416326522185173,1,0,1,0.2759575374883637,20.4090908575528
4,3,568.2643114888076,920.0,92.0,206.0,14522.0,2360,12162.0,0.0950920245398773,0.1106398537477147,3,13,286405.21299035905,169342.76482366468,20.0,0.2,23.0,68.66666664377777,0.49999999991666666,298.0,0.44660194174540485,-0.38873481878167726,0.0950920245398773,0.1106398537477147,0.020408163265167294,1.0,ga_meta,ga_meta,mip,pl_rank,mip,25,0.102865939143796,148.99999997516667,0.3349514515443964,0,0,1,0.010520967687666123,48.7315434606324
5,5,589.9291509612043,1410.0,141.0,262.0,6487.0,653,5834.0,0.7496165644171779,0.573382084095064,18,36,399382.0352007353,237741.44783736533,20.0,0.25,28.2,52.39999998952,0.49999999995,403.0,0.5381679389292436,0.37964999521851395,0.7496165644171779,0.573382084095064,0.12244897959100376,1.0,ga_meta,ga_meta,ga_meta,pl_rank,pl_rank,14,0.6614993242561209,201.49999997985,0.538167928768551,1,0,1,0.42981670797770327,16.09677415360602
6,9,1045.7782980075951,1198.0,599.0,2584.0,9202.0,4586,4616.0,0.0,0.0,0,0,0.0,0.0,31.0,0.1935483870967742,99.83333333333333,287.1111110792099,0.59999999996,3183.0,0.2318111455107462,0.12001530075547484,0.0,0.0,0.0,0.0,ga_meta,mip,ga_meta,rw_rank_bfs,d_round,5,0.0,1909.79999987268,0.3477167170938014,1,0,1,0.0,2.890983348133527
7,10,683.9637252839972,1478.0,739.0,2562.0,9659.0,4735,4924.0,0.0,0.0,0,0,0.0,0.0,31.0,0.22580645161290322,105.57142857142857,256.19999997438,0.47619047616780047,3301.0,0.2884465261513316,0.07631251793057281,0.0,0.0,0.0,0.0,ga_meta,ga_meta,ga_meta,pl_rank,pl_rank,8,0.0,1571.9047618299094,0.41206646436346317,1,0,1,0.0,2.9260830042635315
8,17,225.326373609575,1824.0,912.0,4352.0,17304.0,2649,14655.0,0.0,0.0,0,0,0.0,0.0,20.0,0.4,114.0,255.99999998494118,0.6071428571211734,5264.0,0.20955882352936359,-0.6547767045997896,0.0,0.0,0.0,1.0,ga_meta,mip,ga_meta,pl_rank,pl_rank,8,0.0,3195.999999885857,0.44531249828669284,2,0,1,0.0,3.2872340419287167
5,5,11.692429432505412,260.0,12.0,40.0,2556.0,652,1866.0,0.4566666666666666,0.9481666666666668,0,16,4301.737096872155,1808.1726726346856,,,2.4,7.9999999984,0.49999999995,52.0,0.29999999999250004,0.755570431290045,0.4566666666666666,0.9481666666666668,0.0,,d_round,mip,mip,pl_rank,mip,7,0.7024166666666667,25.9999999974,0.2999999625600047,1,0,1,0.43299611111111114,49.1538452085799
8,14,967.0706962563348,692.0,13.0,42.0,3608.0,956,2592.0,0.2033333333333333,0.928,3,16,297880.79993971915,114390.6480714636,,,1.625,2.999999999785714,0.49999999998214284,55.0,0.30952380951643993,0.6549679640432247,0.2033333333333333,0.928,0.020408163265167294,,d_round,mip,mip,pl_rank,mip,7,0.5656666666666667,27.499999999017856,0.5416664861498618,2,0,1,0.18869333333333332,65.59999880727275
5,5,88.4780568671202,138.0,46.0,66.0,16383.0,2518,13865.0,0.0893309222423146,0.0358136300417246,9,36,13802.576871270752,9909.542369117462,20.0,0.25,9.2,13.199999997359999,0.49999999995,112.0,0.6969696969591368,-0.5667017308979632,0.0893309222423146,0.0358136300417246,0.06122448979550188,1.0,ga_meta,pl_rank,ga_meta,pl_rank,pl_rank,7,0.0625722761420196,55.9999999944,0.6969696443083603,1,0,1,0.0031992646004723227,146.276784408243
9,18,129.17202105149613,252.0,14.0,7.0,3608.0,956,2592.0,0.2033333333333333,0.928,17,16,0.0,0.0,,,1.5555555555555556,0.38888888886728395,0.49999999998611117,21.0,1.9999999997142857,0.6549679640432247,0.2033333333333333,0.928,0.11564625850261466,,mip,mip,mip,pl_rank,mip,3,0.5656666666666667,10.499999999708335,3.999989714534385,2,1,0,0.18869333333333332,171.8095156281183
6,8,37.856141114457934,1190.0,595.0,2237.0,9659.0,4735,4924.0,0.0,0.0,0,0,0.0,0.0,31.0,0.1935483870967742,99.16666666666667,279.62499996504687,0.5333333332977778,2832.0,0.26598122485459724,0.07631251793057281,0.0,0.0,0.0,0.0,ga_meta,ga_meta,ga_meta,pl_rank,pl_rank,6,0.0,1510.3999998993067,0.35464163191567594,1,0,1,0.0,3.410663840603579
5,6,171.0166789795858,42.0,21.0,123.0,8560.0,4648,3912.0,0.0463684858432499,0.1550755939524838,9,63,0.0,0.0,31.0,0.16129032258064516,4.2,20.499999996583334,0.59999999994,144.0,0.1707317073156851,0.18140958209811608,0.0463684858432499,0.1550755939524838,0.06122448979550188,0.0,rw_rank_bfs,rw_rank_bfs,rw_rank_bfs,pl_rank,rw_rank_bfs,1,0.10072203989786685,86.39999999135999,0.20487803882058347,1,0,1,0.007190620482819315,59.444444031635804
5,5,171.54576801743667,518.0,37.0,89.0,9008.0,4767,4241.0,0.021953221173574,0.0840172786177105,4,32,57639.37805385872,21614.76677019702,31.0,0.16129032258064516,7.4,17.79999999644,0.49999999995,126.0,0.41573033707398055,0.1385674667686717,0.021953221173574,0.0840172786177105,0.02721088435355639,0.0,ga_meta,mip,ga_meta,pl_rank,ga_meta,6,0.052985249895642246,62.9999999937,0.41573031380616216,1,0,1,0.0018444498998963883,71.49206292466617
3,2,17.43833050962485,15.0,5.0,35.0,16559.0,2594,13965.0,0.0618444846292947,0.0288595271210013,9,36,697.533220384994,697.533220384994,20.0,0.15,1.6666666666666667,17.49999999125,0.6666666664444444,40.0,0.14285714285306123,-0.5835325619202447,0.0618444846292947,0.0288595271210013,0.06122448979550188,1.0,ga_meta,ga_meta,ga_meta,pl_rank,pl_rank,11,0.045352005875147997,26.666666657777775,0.09523808984353772,0,0,1,0.0017848025814434783,413.9749896506253
7,10,655.6057761683718,468.0,4.0,44.0,2671.0,586,1993.0,0.5116666666666667,0.9446388888888888,8,16,224341.20897480415,88063.80290694075,,,0.5714285714285714,4.39999999956,0.47619047616780047,48.0,0.0909090909070248,0.7445730132925313,0.5116666666666667,0.9446388888888888,0.05442176870711278,,d_round,mip,mip,rw_rank_bfs,mip,7,0.7281527777777778,22.857142856054423,0.12987010036718497,1,0,1,0.4833402314814815,55.64583217404517
3,1,1165.9033328465327,56.0,14.0,14.0,3608.0,956,2592.0,0.2033333333333333,0.928,7,16,359125.98611989507,137909.70851384703,,,4.666666666666667,13.999999985999999,0.3333333332222222,28.0,0.9999999999285715,0.6549679640432247,0.2033333333333333,0.928,0.04761904761872368,,d_round,mip,mip,pl_rank,mip,7,0.5656666666666667,9.33333333022222,0.3333333098571446,0,0,1,0.18869333333333332,128.8571382551022
4,4,31.49549967887874,986.0,493.0,654.0,17304.0,2649,14655.0,0.0,0.0,0,0,0.0,0.0,20.0,0.2,123.25,163.499999959125,0.6666666665555555,1147.0,0.7538226299682663,-0.6547767045997896,0.0,0.0,0.0,1.0,ga_meta,mip,rw_rank_bfs,pl_rank,rw_rank_bfs,16,0.0,764.6666665392222,0.7538226255473387,0,0,1,0.0,15.086312105417338
6,8,158.48868846217607,1100.0,550.0,1979.0,9202.0,4586,4616.0,0.0,0.0,0,0,0.0,0.0,31.0,0.1935483870967742,91.66666666666667,247.37499996907812,0.5333333332977778,2529.0,0.2779181404748469,0.12001530075547484,0.0,0.0,0.0,0.0,ga_meta,pl_rank,ga_meta,rw_rank_bfs,pl_rank,3,0.0,1348.79999991008,0.37055751918167756,1,0,1,0.0,3.638592327545041
4,4,1416.6578879946012,336.0,42.0,67.0,16428.0,2517,13911.0,0.0896925858951175,0.0326147426981919,11,36,216748.656863174,154415.70979141153,20.0,0.2,10.5,16.749999995812498,0.6666666665555555,109.0,0.6268656716324348,-0.571005068375251,0.0896925858951175,0.0326147426981919,0.07482993197228008,1.0,ga_meta,pl_rank,ga_meta,pl_rank,pl_rank,7,0.0611536642966547,72.66666665455556,0.6268656343736935,0,0,1,0.0029253006109047335,150.71559494756335
7,10,709.5655461311529,246.0,8.0,19.0,2671.0,586,1993.0,0.5116666666666667,0.9446388888888888,17,16,242805.6589072034,95311.9125478873,,,1.1428571428571428,1.89999999981,0.47619047616780047,27.0,0.4210526315567867,0.7445730132925313,0.5116666666666667,0.9446388888888888,0.11564625850261466,,d_round,mip,mip,rw_rank_bfs,mip,7,0.7281527777777778,12.857142856530613,0.6015034428778872,1,0,1,0.4833402314814815,98.92592226200287
6,7,352.202114725285,1250.0,625.0,1837.0,9659.0,4735,4924.0,0.0,0.0,0,0,0.0,0.0,31.0,0.1935483870967742,104.16666666666667,262.4285713910816,0.46666666663555556,2462.0,0.3402286336416221,0.07631251793057281,0.0,0.0,0.0,0.0,ga_meta,rw_rank_bfs,ga_meta,pl_rank,pl_rank,7,0.0,1148.9333332567378,0.39693340445960784,1,0,1,0.0,3.923233142192026
6,10,94.8192096302492,1268.0,634.0,2326.0,17304.0,2649,14655.0,0.0,0.0,0,0,0.0,0.0,20.0,0.3,105.66666666666667,232.59999997674,0.6666666666222222,2960.0,0.2725709372311812,-0.6547767045997896,0.0,0.0,0.0,1.0,ga_meta,mip,rw_rank_bfs,pl_rank,rw_rank_bfs,12,0.0,1973.3333332017776,0.4542848934778523,1,0,1,0.0,5.845945943970964
4,4,763.3519105482605,946.0,86.0,178.0,7638.0,853,6785.0,0.6729294478527608,0.5038391224862888,18,36,440454.05238634633,201524.90438474077,20.0,0.2,21.5,44.499999988875,0.6666666665555555,264.0,0.4831460674130161,0.2695801855216602,0.6729294478527608,0.5038391224862888,0.12244897959100376,1.0,ga_meta,mip,pso_meta,pl_rank,pso_meta,13,0.5883842851695248,175.99999997066666,0.48314605667930216,0,0,1,0.33904818250131785,28.931818072227962
6,10,440.5624085485201,296.0,148.0,451.0,8229.0,1240,6989.0,0.5615275813295615,0.5235205890373602,15,36,0.0,0.0,20.0,0.3,24.666666666666668,45.09999999549,0.6666666666222222,599.0,0.32815964523208835,0.2130630199866118,0.5615275813295615,0.5235205890373602,0.10204081632583646,1.0,ga_meta,pso_meta,pso_meta,rw_rank_bfs,pso_meta,8,0.5425240851834608,399.3333333067111,0.546932729982275,1,0,1,0.2939712501383762,13.737896471222209
2,1,127.47190471388012,39.0,13.0,29.0,8241.0,4367,3874.0,0.0273942093541202,0.1233310703779135,8,63,9050.505234685488,5353.819997982965,31.0,0.06451612903225806,6.5,28.999999970999998,0.9999999989999999,42.0,0.4482758620535077,0.21191546332600175,0.0273942093541202,0.1233310703779135,0.05442176870711278,0.0,ga_meta,mip,ga_meta,pl_rank,pl_rank,5,0.07536263986601685,41.999999958,0.22413792352972678,0,0,1,0.003378557161800295,196.21428104251714
6,6,2020.424152917951,2618.0,187.0,310.0,8856.0,1387,7469.0,0.4681748466257669,0.4538208409506399,10,36,1723421.802439012,1004150.8040002215,20.0,0.3,31.166666666666668,51.666666658055554,0.39999999997333335,497.0,0.6032258064496671,0.15310318446973314,0.4681748466257669,0.4538208409506399,0.06802721088389098,1.0,ga_meta,pl_rank,ga_meta,pl_rank,pl_rank,13,0.4609978437882034,198.79999998674668,0.6032257948768126,1,0,1,0.2124675026076424,17.81891344503237
4,5,398.7517908198642,48.0,24.0,92.0,7878.0,4284,3594.0,0.0458797327394209,0.186693822131704,10,51,0.0,0.0,31.0,0.12903225806451613,6.0,18.39999999632,0.8333333331944445,116.0,0.26086956521455573,0.24662905230945775,0.0458797327394209,0.186693822131704,0.06802721088389098,0.0,mip,mip,mip,pl_rank,mip,5,0.11628677743556244,96.66666665055556,0.3260869388648403,0,0,1,0.008565462663503562,67.91379251798455
10,22,376.0295048113327,730.0,7.0,30.0,3608.0,956,2592.0,0.2033333333333333,0.928,0,16,115826.04056533836,44478.91856911193,,,0.7,1.3636363635743802,0.48888888887802473,37.0,0.23333333332555556,0.6549679640432247,0.2033333333333333,0.928,0.0,,d_round,mip,mip,pl_rank,mip,7,0.5656666666666667,18.088888888486913,0.5133329569124983,2,0,1,0.18869333333333332,97.51351087801322
5,5,479.9239135417691,340.0,20.0,48.0,3608.0,956,2592.0,0.2033333333333333,0.928,8,16,0.0,0.0,,,4.0,9.59999999808,0.49999999995,68.0,0.41666666665798613,0.6549679640432247,0.2033333333333333,0.928,0.05442176870711278,,ga_meta,mip,mip,pl_rank,mip,6,0.5656666666666667,33.999999996599996,0.41666662334722676,1,0,1,0.18869333333333332,53.05882274913496
6,7,1056.953404167141,1246.0,623.0,1787.0,9202.0,4586,4616.0,0.0,0.0,0,0,0.0,0.0,31.0,0.1935483870967742,103.83333333333333,255.2857142492449,0.46666666663555556,2410.0,0.34862898712907187,0.12001530075547484,0.0,0.0,0.0,0.0,ga_meta,pl_rank,ga_meta,rw_rank_bfs,pl_rank,2,0.0,1124.666666591689,0.40673381678233345,1,0,1,0.0,3.8182572598264493
5,6,796.2625666179285,1872.0,144.0,237.0,8215.0,939,7276.0,0.6399539877300613,0.4679341864716636,17,36,645768.9415271401,303376.03788143076,20.0,0.25,28.8,39.499999993416665,0.59999999994,381.0,0.607594936706297,0.214401836090657,0.6399539877300613,0.4679341864716636,0.11564625850261466,1.0,ga_meta,mip,ga_meta,pl_rank,pl_rank,13,0.5539440871008625,228.59999997714,0.729113905713572,1,0,1,0.2994563486277632,21.561679733433913
4,3,1120.6630651858964,88.0,19.0,4.0,3608.0,956,2592.0,0.2033333333333333,0.928,20,16,0.0,0.0,,,4.75,1.3333333328888888,0.49999999991666666,23.0,4.7499999988125,0.6549679640432247,0.2033333333333333,0.928,0.13605442176778196,,mip,mip,mip,pl_rank,mip,1,0.5656666666666667,11.499999998083332,3.562497329314503,0,1,0,0.18869333333333332,156.86955839697572
7,9,277.9766913070865,368.0,184.0,426.0,8452.0,1189,7263.0,0.5440950920245399,0.4688848263254113,12,36,0.0,0.0,20.0,0.35,26.285714285714285,47.333333328074076,0.42857142855102043,610.0,0.4319248826280941,0.19173759204360719,0.5440950920245399,0.4688848263254113,0.08163265306066918,1.0,ga_meta,rw_rank_bfs,pso_meta,pl_rank,pso_meta,8,0.5064899591749756,261.42857141612245,0.555331980281048,1,0,1,0.255117932728435,13.855737682203708
4,4,757.0711899562169,808.0,404.0,943.0,9659.0,4735,4924.0,0.0,0.0,0,0,0.0,0.0,31.0,0.12903225806451613,101.0,235.7499999410625,0.6666666665555555,1347.0,0.42841993637282244,0.07631251793057281,0.0,0.0,0.0,0.0,ga_meta,mip,ga_meta,pl_rank,pl_rank,8,0.0,897.9999998503333,0.428419934663118,0,0,1,0.0,7.170749809078878
10,23,432.469054825705,800.0,400.0,1828.0,10406.0,1475,8931.0,0.4318181818181817,0.3787130434782608,5,36,0.0,0.0,20.0,0.5,40.0,79.47826086610964,0.5111111110997532,2228.0,0.21881838074386278,0.00487711580759298,0.4318181818181817,0.3787130434782608,0.03401360544194549,1.0,ga_meta,ga_meta,ga_meta,rw_rank_bfs,sa_meta,10,0.40526561264822125,1138.75555553025,0.5032822694007155,2,0,1,0.16353517786561259,4.6705565508659985
3,1,230.08492990588277,44.0,12.0,8.0,3013.0,795,2170.0,0.3375,0.9397222222222222,34,16,0.0,0.0,,,4.0,7.999999991999999,0.3333333332222222,20.0,1.4999999998125,0.7118676484651429,0.3375,0.9397222222222222,0.23129251700522932,,ga_meta,mip,mip,pl_rank,mip,4,0.6386111111111111,6.666666664444444,0.49999993800000775,0,0,1,0.31715625000000003,150.64999246750037
4,4,717.9857244161908,664.0,332.0,1146.0,9659.0,4735,4924.0,0.0,0.0,0,0,0.0,0.0,31.0,0.12903225806451613,83.0,286.499999928375,0.6666666665555555,1478.0,0.28970331588107356,0.07631251793057281,0.0,0.0,0.0,0.0,ga_meta,mip,mip,pl_rank,rw_rank_bfs,11,0.0,985.333333169111,0.2897033149425713,0,0,1,0.0,6.535182674874707
2,1,294.01018439175385,108.0,18.0,26.0,8997.0,4756,4241.0,0.0242100943783339,0.0840172786177105,4,37,12936.44811323717,12936.44811323717,31.0,0.06451612903225806,9.0,25.999999973999998,0.9999999989999999,44.0,0.692307692281065,0.13961939370756427,0.0242100943783339,0.0840172786177105,0.02721088435355639,0.0,ga_meta,ga_meta,ga_meta,pl_rank,pl_rank,7,0.0541136864980222,43.999999955999996,0.34615383318639104,0,0,1,0.002034066244745546,204.4772680800621
7,12,256.8428009533686,1298.0,649.0,2706.0,9202.0,4586,4616.0,0.0,0.0,0,0,0.0,0.0,31.0,0.22580645161290322,92.71428571428571,225.49999998120833,0.5714285714013605,3355.0,0.23983739837389512,0.12001530075547484,0.0,0.0,0.0,0.0,ga_meta,pl_rank,ga_meta,rw_rank_bfs,pl_rank,2,0.0,1917.1428570515645,0.41114982399495376,1,0,1,0.0,2.7427719812987266
6,9,223.5699522098631,1544.0,772.0,2493.0,9202.0,4586,4616.0,0.0,0.0,0,0,0.0,0.0,31.0,0.1935483870967742,128.66666666666666,276.99999996922224,0.59999999996,3265.0,0.3096670677896873,0.12001530075547484,0.0,0.0,0.0,0.0,ga_meta,ga_meta,ga_meta,rw_rank_bfs,ga_meta,6,0.0,1958.9999998694,0.46450060005943083,1,0,1,0.0,2.8183767219545555
3,2,431.20583488403906,228.0,19.0,36.0,7894.0,4259,3635.0,0.0514476614699331,0.1774157049106133,10,59,50882.28851631661,23716.32091862215,31.0,0.0967741935483871,6.333333333333333,17.999999991,0.6666666664444444,55.0,0.5277777777631173,0.24509897676197767,0.0514476614699331,0.1774157049106133,0.06802721088389098,0.0,ga_meta,mip,ga_meta,pl_rank,pl_rank,6,0.11443168319027319,36.66666665444444,0.3518518324804537,0,0,1,0.00912762312569078,143.52727011768602
5,5,313.4081445191288,68.0,34.0,49.0,7912.0,4246,3666.0,0.0543429844097995,0.1704005431093007,10,62,0.0,0.0,31.0,0.16129032258064516,6.8,9.79999999804,0.49999999995,83.0,0.6938775510062475,0.24337764177106247,0.0543429844097995,0.1704005431093007,0.06802721088389098,0.0,mip,mip,mip,pl_rank,pl_rank,5,0.1123717637595501,41.49999999585,0.6938774803553591,1,0,1,0.009260074057610096,95.3253000563217
8,10,675.1034514207436,1922.0,961.0,2416.0,17304.0,2649,14655.0,0.0,0.0,0,0,0.0,0.0,20.0,0.4,120.125,241.59999997584,0.357142857130102,3377.0,0.39776490066208703,-0.6547767045997896,0.0,0.0,0.0,1.0,ga_meta,ga_meta,mip,pl_rank,pso_meta,14,0.0,1206.0714285283545,0.4972061238195628,2,0,1,0.0,5.124074620928613
5,5,835.2809952992309,54.0,27.0,81.0,8002.0,4259,3743.0,0.0514476614699331,0.1529757863770083,9,63,0.0,0.0,31.0,0.16129032258064516,5.4,16.19999999676,0.49999999995,108.0,0.3333333333292181,0.23477096681648657,0.0514476614699331,0.1529757863770083,0.06122448979550188,0.0,mip,mip,mip,pl_rank,pl_rank,4,0.1022117239234707,53.9999999946,0.3333333128238696,1,0,1,0.007870246470621126,74.09259190655008
6,9,140.56638107031222,1250.0,625.0,2028.0,9625.0,4944,4681.0,0.0,0.0,0,0,0.0,0.0,31.0,0.1935483870967742,104.16666666666667,225.3333333082963,0.59999999996,2653.0,0.3081854043390985,0.0795639284689682,0.0,0.0,0.0,0.0,ga_meta,ga_meta,ga_meta,rw_rank_bfs,rw_rank_bfs,6,0.0,1591.7999998938799,0.46227810450871,1,0,1,0.0,3.627968336363374
4,3,1829.7809777355772,814.0,407.0,864.0,9202.0,4586,4616.0,0.0,0.0,0,0,0.0,0.0,31.0,0.12903225806451613,101.75,287.999999904,0.49999999991666666,1271.0,0.4710648148142696,0.12001530075547484,0.0,0.0,0.0,0.0,ga_meta,pl_rank,ga_meta,rw_rank_bfs,d_round,4,0.0,635.4999998940833,0.353298610002146,0,0,1,0.0,7.239968523021267
6,7,112.46173310103602,144.0,17.0,6.0,3121.0,919,2202.0,0.2341666666666666,0.9388333333333332,28,16,0.0,0.0,,,2.8333333333333335,0.8571428570204082,0.46666666663555556,23.0,2.833333332861111,0.701539638519652,0.2341666666666666,0.9388333333333332,0.19047619047489472,,ga_meta,mip,mip,rw_rank_bfs,mip,3,0.5864999999999999,10.733333332617779,3.3055516995507945,1,1,0,0.21984347222222214,135.69564627410233
3,2,565.9576239147773,119.0,17.0,2.0,8621.0,4665,3956.0,0.042880590890439,0.145572354211663,8,51,11319.152478295546,10753.194854380768,31.0,0.0967741935483871,5.666666666666667,0.9999999995,0.6666666664444444,19.0,8.49999999575,0.17557616907334794,0.042880590890439,0.145572354211663,0.05442176870711278,0.0,ga_meta,mip,mip,pl_rank,pl_rank,11,0.094226472551051,12.666666662444444,5.666661002838995,0,1,0,0.006242228565908396,453.73681822437794
8,17,173.3766522279259,1672.0,836.0,4207.0,9202.0,4586,4616.0,0.0,0.0,0,0,0.0,0.0,31.0,0.25806451612903225,104.5,247.47058822073703,0.6071428571211734,5043.0,0.19871642500589523,0.12001530075547484,0.0,0.0,0.0,0.0,ga_meta,ga_meta,ga_meta,rw_rank_bfs,pl_rank,3,0.0,3061.8214284620776,0.42227240145611344,2,0,1,0.0,1.8247075150060068
8,17,4.64151388540433,570.0,285.0,1421.0,8908.0,1127,7781.0,0.5658705701078582,0.4587130434782609,7,35,0.0,0.0,20.0,0.4,35.625,83.5882352892007,0.6071428571211734,1706.0,0.2005629838140742,0.14813043894042266,0.5658705701078582,0.4587130434782609,0.04761904761872368,1.0,ga_meta,mip,sa_meta,rw_rank_bfs,sa_meta,9,0.5122918067930595,1035.785714248722,0.42619633553151814,2,0,1,0.25957221142895426,5.221570923082314
7,8,256.46349905667944,1482.0,741.0,2103.0,9202.0,4586,4616.0,0.0,0.0,0,0,0.0,0.0,31.0,0.22580645161290322,105.85714285714286,262.87499996714064,0.3809523809342404,2844.0,0.3523537803136698,0.12001530075547484,0.0,0.0,0.0,0.0,ga_meta,ga_meta,ga_meta,rw_rank_bfs,d_round,4,0.0,1083.4285713769796,0.40269003316285296,1,0,1,0.0,3.2355836838130863
8,14,378.0831238599362,1590.0,795.0,3606.0,9202.0,4586,4616.0,0.0,0.0,0,0,0.0,0.0,31.0,0.25806451612903225,99.375,257.5714285530306,0.49999999998214284,4401.0,0.22046589018296714,0.12001530075547484,0.0,0.0,0.0,0.0,ga_meta,ga_meta,ga_meta,rw_rank_bfs,d_round,5,0.0,2200.4999999214106,0.38581530634996136,2,0,1,0.0,2.0908884339716227
4,3,181.78914989083657,776.0,388.0,992.0,9625.0,4944,4681.0,0.0,0.0,0,0,0.0,0.0,31.0,0.12903225806451613,97.0,330.66666655644445,0.49999999991666666,1380.0,0.39112903225767026,0.0795639284689682,0.0,0.0,0.0,0.0,ga_meta,ga_meta,mip,rw_rank_bfs,rw_rank_bfs,9,0.0,689.999999885,0.29334677340419324,0,0,1,0.0,6.974637676105335
5,7,490.6029216634582,1188.0,594.0,1449.0,9625.0,4944,4681.0,0.0,0.0,0,0,0.0,0.0,31.0,0.16129032258064516,118.8,206.99999997042858,0.69999999993,2043.0,0.4099378881984749,0.0795639284689682,0.0,0.0,0.0,0.0,ga_meta,mip,pl_rank,rw_rank_bfs,rw_rank_bfs,7,0.0,1430.0999998569898,0.5739130407877217,1,0,1,0.0,4.711209004057166
7,10,1264.156705380767,354.0,177.0,514.0,9738.0,1349,8389.0,0.4827453987730061,0.3865447897623401,12,36,0.0,0.0,20.0,0.35,25.285714285714285,51.399999994859996,0.47619047616780047,691.0,0.34435797665302653,0.06875776991488958,0.4827453987730061,0.3865447897623401,0.08163265306066918,1.0,ga_meta,pl_rank,mip,pl_rank,mip,10,0.43464509426767306,329.04761903195015,0.4919399571265156,1,0,1,0.18660271867744865,14.09261937179071
6,8,400.1798115176719,1548.0,774.0,2265.0,9659.0,4735,4924.0,0.0,0.0,0,0,0.0,0.0,31.0,0.1935483870967742,129.0,283.12499996460934,0.5333333332977778,3039.0,0.3417218543044849,0.07631251793057281,0.0,0.0,0.0,0.0,ga_meta,ga_meta,ga_meta,pl_rank,pl_rank,8,0.0,1620.7999998919465,0.45562913752051526,1,0,1,0.0,3.1783481397899482
5,5,567.2568138443279,624.0,52.0,42.0,16021.0,2441,13580.0,0.1171790235081374,0.0556328233657857,11,36,64100.01996440905,53322.14050136682,20.0,0.25,10.4,8.39999999832,0.49999999995,94.0,1.2380952380657597,-0.5320837716362246,0.1171790235081374,0.0556328233657857,0.07482993197228008,1.0,ga_meta,pso_meta,ga_meta,pl_rank,pl_rank,12,0.08640592343696155,46.9999999953,1.2380950909505846,1,1,0,0.006518999917003458,170.43616839961524
6,9,1408.4558302488294,1330.0,665.0,2480.0,9202.0,4586,4616.0,0.0,0.0,0,0,0.0,0.0,31.0,0.1935483870967742,110.83333333333333,275.55555552493826,0.59999999996,3145.0,0.2681451612902145,0.12001530075547484,0.0,0.0,0.0,0.0,ga_meta,pl_rank,ga_meta,rw_rank_bfs,ga_meta,5,0.0,1886.9999998741998,0.40221774052051357,1,0,1,0.0,2.9259141485132227
8,13,327.6288577500364,1528.0,764.0,3011.0,9659.0,4735,4924.0,0.0,0.0,0,0,0.0,0.0,31.0,0.25806451612903225,95.5,231.61538459756804,0.4642857142691327,3775.0,0.2537363002323966,0.07631251793057281,0.0,0.0,0.0,0.0,ga_meta,mip,ga_meta,pl_rank,pl_rank,5,0.0,1752.6785713659758,0.4123214861292995,2,0,1,0.0,2.558675496010947
5,9,1599.955175148315,1214.0,607.0,2276.0,9659.0,4735,4924.0,0.0,0.0,0,0,0.0,0.0,31.0,0.16129032258064516,121.4,252.88888886079013,0.89999999991,2883.0,0.26669595782062094,0.07631251793057281,0.0,0.0,0.0,0.0,ga_meta,rw_rank_bfs,ga_meta,pl_rank,pl_rank,3,0.0,2594.69999974053,0.4800527222323926,1,0,1,0.0,3.3503295167012386
3,2,196.56337257360008,95.0,19.0,19.0,16267.0,2584,13683.0,0.0654611211573237,0.0484700973574409,9,36,11400.675609268805,7469.408157796803,20.0,0.15,6.333333333333333,9.49999999525,0.6666666664444444,38.0,0.9999999999473684,-0.5556086831787319,0.0654611211573237,0.0484700973574409,0.06122448979550188,1.0,ga_meta,sa_meta,ga_meta,pl_rank,pl_rank,7,0.0569656092573823,25.333333324888887,0.6666665968245687,0,0,1,0.0031729069156227144,428.0789361031859
6,5,566.9734909058881,1130.0,565.0,1350.0,9659.0,4735,4924.0,0.0,0.0,0,0,0.0,0.0,31.0,0.1935483870967742,94.16666666666667,269.999999946,0.3333333333111111,1915.0,0.4185185185182085,0.07631251793057281,0.0,0.0,0.0,0.0,ga_meta,sa_meta,ga_meta,pl_rank,pl_rank,7,0.0,638.3333332907778,0.34876543087679474,1,0,1,0.0,5.043864227131141
5,5,21.490037552167237,992.0,496.0,1479.0,17304.0,2649,14655.0,0.0,0.0,0,0,0.0,0.0,20.0,0.25,99.2,295.79999994084,0.49999999995,1975.0,0.3353617308990295,-0.6547767045997896,0.0,0.0,0.0,1.0,ga_meta,mip,ga_meta,pl_rank,pl_rank,14,0.0,987.49999990125,0.3353617298325838,1,0,1,0.0,8.76151898290556
4,6,1647.382103520985,918.0,459.0,1421.0,17304.0,2649,14655.0,0.0,0.0,0,0,0.0,0.0,20.0,0.2,114.75,236.8333332938611,0.9999999998333333,1880.0,0.3230119634058248,-0.6547767045997896,0.0,0.0,0.0,1.0,ga_meta,mip,pso_meta,pl_rank,pso_meta,15,0.0,1879.9999996866666,0.4845179431440129,0,0,1,0.0,9.204255314253055
4,4,80.075913765248,810.0,405.0,912.0,9625.0,4944,4681.0,0.0,0.0,0,0,0.0,0.0,31.0,0.12903225806451613,101.25,227.999999943,0.6666666665555555,1317.0,0.44407894736793413,0.0795639284689682,0.0,0.0,0.0,0.0,pl_rank,rw_rank_bfs,rw_rank_bfs,rw_rank_bfs,rw_rank_bfs,3,0.0,877.9999998536666,0.4440789455317261,0,0,1,0.0,7.308276380175948
7,14,21.469852536087064,1260.0,630.0,4219.0,17304.0,2649,14655.0,0.0,0.0,0,0,0.0,0.0,20.0,0.35,90.0,301.35714283561737,0.6666666666349206,4849.0,0.14932448447495866,-0.6547767045997896,0.0,0.0,0.0,1.0,ga_meta,mip,ga_meta,pl_rank,pl_rank,14,0.0,3232.66666651273,0.2986489679803068,1,0,1,0.0,3.5685708386123793
5,4,132.39113809083543,882.0,441.0,1076.0,9202.0,4586,4616.0,0.0,0.0,0,0,0.0,0.0,31.0,0.16129032258064516,88.2,268.99999993275,0.39999999996,1517.0,0.40985130111486073,0.12001530075547484,0.0,0.0,0.0,0.0,ga_meta,pl_rank,ga_meta,rw_rank_bfs,pl_rank,2,0.0,606.7999999393201,0.327881039755275,1,0,1,0.0,6.065919574116071
3,2,364.1464065135163,522.0,87.0,109.0,8459.0,1160,7299.0,0.5552147239263804,0.4662522851919561,12,36,123809.77821459556,71372.69567664921,20.0,0.15,29.0,54.49999997275,0.6666666664444444,196.0,0.7981651376073563,0.19106818399158454,0.5552147239263804,0.4662522851919561,0.08163265306066918,1.0,ga_meta,ga_meta,rw_rank_bfs,pl_rank,rw_rank_bfs,15,0.5107335045591682,130.6666666231111,0.5321100822456866,0,0,1,0.25887013380289586,43.158163045111415
5,5,306.1600506643858,165.0,12.0,21.0,3608.0,956,2592.0,0.2033333333333333,0.928,20,16,0.0,0.0,,,2.4,4.19999999916,0.49999999995,33.0,0.5714285714013605,0.6549679640432247,0.2033333333333333,0.928,0.13605442176778196,,mip,mip,mip,pl_rank,mip,1,0.5656666666666667,16.49999999835,0.5714284354884677,1,0,1,0.18869333333333332,109.33333002020213
9,18,179.04604259525794,630.0,8.0,31.0,2556.0,652,1866.0,0.4566666666666666,0.9481666666666668,3,16,65872.4525921843,27688.528139764036,,,0.8888888888888888,1.7222222221265433,0.49999999998611117,39.0,0.2580645161207076,0.755570431290045,0.4566666666666666,0.9481666666666668,0.020408163265167294,,d_round,mip,mip,pl_rank,mip,7,0.7024166666666667,19.499999999458336,0.5161287325990871,2,0,1,0.43299611111111114,65.53845985798822
6,8,120.09416142659552,1144.0,572.0,1883.0,9659.0,4735,4924.0,0.0,0.0,0,0,0.0,0.0,31.0,0.1935483870967742,95.33333333333333,235.37499997057813,0.5333333332977778,2455.0,0.30377057886335435,0.07631251793057281,0.0,0.0,0.0,0.0,ga_meta,sa_meta,ga_meta,pl_rank,pl_rank,7,0.0,1309.3333332460445,0.40502743681454084,1,0,1,0.0,3.9344195503322124
5,4,146.66679957696255,155.0,31.0,29.0,8537.0,4706,3831.0,0.0344686089454246,0.1725701943844492,9,63,19946.68474246691,8800.007974617754,31.0,0.16129032258064516,6.2,7.2499999981875,0.39999999996,60.0,1.0689655172045185,0.1836090656976188,0.0344686089454246,0.1725701943844492,0.06122448979550188,0.0,ga_meta,rw_rank_bfs,ga_meta,pl_rank,pl_rank,7,0.1035194016649369,23.9999999976,0.8551722960520971,1,0,1,0.005948254545873487,142.2833309619445
4,5,197.78279652670705,804.0,402.0,1646.0,9202.0,4586,4616.0,0.0,0.0,0,0,0.0,0.0,31.0,0.12903225806451613,100.5,329.19999993416,0.8333333331944445,2048.0,0.24422843256364263,0.12001530075547484,0.0,0.0,0.0,0.0,pl_rank,pl_rank,pl_rank,rw_rank_bfs,pl_rank,1,0.0,1706.6666663822223,0.30528553983844003,0,0,1,0.0,4.493164060306072
3,1,2302.256108094573,26.0,0.0,26.0,3608.0,956,2592.0,0.2033333333333333,0.928,15,16,0.0,0.0,,,0.0,25.999999973999998,0.3333333332222222,26.0,0.0,0.6549679640432247,0.2033333333333333,0.928,0.10204081632583646,,ga_meta,mip,mip,pl_rank,mip,5,0.5656666666666667,8.666666663777777,0.0,0,0,1,0.18869333333333332,138.76922543195286
7,10,420.65887761176054,324.0,162.0,493.0,8314.0,1323,6991.0,0.4927147239263804,0.4887751371115173,11,34,0.0,0.0,20.0,0.35,23.142857142857142,49.29999999507,0.47619047616780047,655.0,0.3286004056788467,0.20493449364062355,0.4927147239263804,0.4887751371115173,0.07482993197228008,1.0,ga_meta,mip,rw_rank_bfs,pl_rank,rw_rank_bfs,10,0.49074493051894885,311.9047618899093,0.46942914149578674,1,0,1,0.24082670674397996,12.693129751613542
5,7,438.8664325293968,1740.0,116.0,339.0,15077.0,2326,12751.0,0.1775106082036774,0.1306926643032451,5,15,354165.2110512232,199684.22680087553,20.0,0.25,23.2,48.42857142165306,0.69999999993,455.0,0.34218289085444786,-0.44180931433489534,0.1775106082036774,0.1306926643032451,0.03401360544194549,1.0,ga_meta,mip,ga_meta,rw_rank_bfs,pl_rank,20,0.15410163625346124,318.49999996814995,0.47905603737406416,1,0,1,0.02319933432822808,33.136263663436786
3,1,2101.746245533533,57.0,7.0,36.0,3013.0,795,2170.0,0.3375,0.9397222222222222,22,16,696086.6801526755,276379.6312876596,,,2.3333333333333335,35.999999964,0.3333333332222222,43.0,0.19444444443904324,0.7118676484651429,0.3375,0.9397222222222222,0.14965986394456016,,d_round,mip,mip,pl_rank,mip,7,0.6386111111111111,14.333333328555554,0.06481481307921817,0,0,1,0.31715625000000003,70.06976581233103
6,9,734.0879291075967,1446.0,723.0,2191.0,17304.0,2649,14655.0,0.0,0.0,0,0,0.0,0.0,20.0,0.3,120.5,243.44444441739506,0.59999999996,2914.0,0.32998630762193976,-0.6547767045997896,0.0,0.0,0.0,1.0,ga_meta,mip,mip,pl_rank,mip,12,0.0,1748.39999988344,0.4949794594548995,1,0,1,0.0,5.938229236122777
7,10,140.28796666056314,590.0,295.0,823.0,8029.0,1369,6660.0,0.4726502311248074,0.536695652173913,5,36,0.0,0.0,20.0,0.35,42.142857142857146,82.29999999177,0.47619047616780047,1118.0,0.3584447144588597,0.23218896433011382,0.4726502311248074,0.536695652173913,0.03401360544194549,1.0,ga_meta,mip,sa_meta,rw_rank_bfs,pl_rank,16,0.5046729416493603,532.3809523556009,0.5120638716282815,1,0,1,0.25366932404367926,7.181574233290183
7,15,159.48055134355334,1536.0,768.0,4191.0,9625.0,4944,4681.0,0.0,0.0,0,0,0.0,0.0,31.0,0.22580645161290322,109.71428571428571,279.39999998137336,0.7142857142517007,4959.0,0.18324982104505289,0.0795639284689682,0.0,0.0,0.0,0.0,mip,mip,mip,rw_rank_bfs,rw_rank_bfs,6,0.0,3542.142856974184,0.39267818657452325,1,0,1,0.0,1.9409155067673087
7,10,38.43104427519972,1384.0,692.0,2276.0,9625.0,4944,4681.0,0.0,0.0,0,0,0.0,0.0,31.0,0.22580645161290322,98.85714285714286,227.59999997724,0.47619047616780047,2968.0,0.30404217926172933,0.0795639284689682,0.0,0.0,0.0,0.0,ga_meta,mip,ga_meta,rw_rank_bfs,rw_rank_bfs,4,0.0,1413.3333332660318,0.4343459685091503,1,0,1,0.0,3.2429245272092575
5,4,424.1112864850133,344.0,172.0,264.0,7380.0,1012,6368.0,0.6421499292786421,0.5658576493046087,18,36,0.0,0.0,20.0,0.25,34.4,65.9999999835,0.39999999996,436.0,0.6515151515126837,0.2942526537247777,0.6421499292786421,0.5658576493046087,0.12244897959100376,1.0,ga_meta,mip,rw_rank_bfs,rw_rank_bfs,rw_rank_bfs,10,0.6040037892916255,174.39999998256002,0.521212113445271,1,0,1,0.36336544948273314,16.926605465764666
7,14,1187.2291653473658,370.0,185.0,641.0,7292.0,891,6401.0,0.6849363507779349,0.5636078538314699,18,36,0.0,0.0,20.0,0.35,26.428571428571427,45.78571428244388,0.6666666666349206,826.0,0.28861154446132825,0.3026680692359185,0.6849363507779349,0.5636078538314699,0.12244897959100376,1.0,ga_meta,mip,ga_meta,rw_rank_bfs,rw_rank_bfs,8,0.6242721023047024,550.6666666404444,0.5772230763577308,1,0,1,0.38603550667311076,8.82808715638246
6,7,1139.549469660817,934.0,467.0,2063.0,9625.0,4944,4681.0,0.0,0.0,0,0,0.0,0.0,31.0,0.1935483870967742,77.83333333333333,294.7142856721837,0.46666666663555556,2530.0,0.22636936500231392,0.0795639284689682,0.0,0.0,0.0,0.0,ga_meta,rw_rank_bfs,ga_meta,rw_rank_bfs,rw_rank_bfs,5,0.0,1180.6666665879557,0.26409759164444185,1,0,1,0.0,3.804347824583262
8,16,404.06984966947465,1470.0,735.0,3972.0,9659.0,4735,4924.0,0.0,0.0,0,0,0.0,0.0,31.0,0.25806451612903225,91.875,248.24999998448436,0.5714285714081633,4707.0,0.18504531722049722,0.07631251793057281,0.0,0.0,0.0,0.0,ga_meta,rw_rank_bfs,ga_meta,pl_rank,pl_rank,6,0.0,2689.7142856182245,0.3700906329734202,2,0,1,0.0,2.052050137656246
4,3,472.8518356433432,722.0,361.0,727.0,17304.0,2649,14655.0,0.0,0.0,0,0,0.0,0.0,20.0,0.2,90.25,242.33333325255555,0.49999999991666666,1088.0,0.4965612104532372,-0.6547767045997896,0.0,0.0,0.0,1.0,ga_meta,ga_meta,ga_meta,pl_rank,pso_meta,19,0.0,543.9999999093334,0.37242090642776793,0,0,1,0.0,15.904411750087855
8,14,210.04400455315803,280.0,7.0,16.0,2556.0,652,1866.0,0.4566666666666666,0.9481666666666668,47,16,0.0,0.0,,,0.875,1.14285714277551,0.49999999998214284,23.0,0.43749999997265626,0.755570431290045,0.4566666666666666,0.9481666666666668,0.31972789115428757,,mip,mip,mip,pl_rank,mip,1,0.7024166666666667,11.499999999589285,0.7656243301333987,2,0,1,0.43299611111111114,111.13042995085087
2,1,211.54472395112268,60.0,20.0,29.0,16199.0,2487,13712.0,0.1005424954792043,0.0464534075104311,12,36,10365.691473605011,10365.691473605011,20.0,0.1,10.0,28.999999970999998,0.9999999989999999,49.0,0.6896551723900118,-0.5491058621019413,0.1005424954792043,0.0464534075104311,0.08163265306066918,1.0,ga_meta,ga_meta,mip,pl_rank,d_round,16,0.07349795149481769,48.99999995099999,0.34482757466111813,0,0,1,0.004670541514611154,330.59182998792187
3,2,108.32877082225492,143.0,13.0,34.0,9038.0,4747,4291.0,0.0260566270004103,0.0732181425485961,7,63,8774.630436602647,5091.4522286459805,31.0,0.0967741935483871,4.333333333333333,16.9999999915,0.6666666664444444,47.0,0.38235294116522495,0.13569857511714645,0.0260566270004103,0.0732181425485961,0.04761904761872368,0.0,ga_meta,rw_rank_bfs,ga_meta,pl_rank,pl_rank,6,0.0496373847745032,31.333333322888887,0.2549019459175325,0,0,1,0.0019078178300516392,192.29786824898153
9,18,1217.2289577031738,135.0,7.0,4.0,3608.0,956,2592.0,0.2033333333333333,0.928,12,16,0.0,0.0,,,0.7777777777777778,0.22222222220987653,0.49999999998611117,11.0,1.7499999995625,0.6549679640432247,0.2033333333333333,0.928,0.08163265306066918,,ga_meta,mip,mip,pl_rank,mip,6,0.5656666666666667,5.499999999847223,3.499984250265318,2,1,0,0.18869333333333332,327.9999701818209
5,5,467.0301665080763,666.0,222.0,353.0,13692.0,1955,11737.0,0.2469183359013868,0.1835130434782609,3,21,409585.4560275829,268542.34574214387,20.0,0.25,44.4,70.59999998588,0.49999999995,575.0,0.6288951841341958,-0.3093621497561443,0.2469183359013868,0.1835130434782609,0.020408163265167294,1.0,ga_meta,ga_meta,pso_meta,rw_rank_bfs,pso_meta,23,0.21521568968982385,287.49999997125,0.6288951753538927,1,0,1,0.04531273531185102,23.812173871631003
3,3,820.8132619042947,140.0,28.0,50.0,16544.0,2574,13970.0,0.0690777576853526,0.0285118219749652,10,36,86185.39249995095,64023.43442853499,20.0,0.15,9.333333333333334,16.666666661111112,0.9999999996666666,78.0,0.5599999999888,-0.5820981160944823,0.0690777576853526,0.0285118219749652,0.06802721088389098,1.0,ga_meta,sa_meta,ga_meta,pl_rank,pl_rank,10,0.0487947898301589,77.99999997399999,0.5599999665866686,0,0,1,0.0019695327295545574,212.1025613833005
4,3,213.2679107610464,832.0,416.0,568.0,9202.0,4586,4616.0,0.0,0.0,0,0,0.0,0.0,31.0,0.12903225806451613,104.0,189.33333327022223,0.49999999991666666,984.0,0.7323943661958937,0.12001530075547484,0.0,0.0,0.0,0.0,ga_meta,mip,ga_meta,rw_rank_bfs,ga_meta,7,0.0,491.999999918,0.5492957719297759,0,0,1,0.0,9.351626006756478
5,5,635.5738418425525,910.0,455.0,1633.0,9659.0,4735,4924.0,0.0,0.0,0,0,0.0,0.0,31.0,0.16129032258064516,91.0,326.59999993468,0.49999999995,2088.0,0.27862829148788815,0.07631251793057281,0.0,0.0,0.0,0.0,ga_meta,mip,rw_rank_bfs,pl_rank,rw_rank_bfs,8,0.0,1043.9999998956,0.2786282906906666,1,0,1,0.0,4.625957852190633
3,2,407.0574652699055,392.0,28.0,41.0,15750.0,2401,13349.0,0.1316455696202532,0.0716968011126564,14,36,35006.942013211876,28086.96510362348,20.0,0.15,9.333333333333334,20.49999998975,0.6666666664444444,69.0,0.682926829251636,-0.5061681170507795,0.1316455696202532,0.0716968011126564,0.09523809523744736,1.0,ga_meta,sa_meta,pso_meta,pl_rank,pso_meta,10,0.10167118536645481,45.999999984666665,0.45528453086416926,0,0,1,0.009438566222425655,228.2608662570889
10,22,48.27064073612664,762.0,381.0,1701.0,10284.0,1591,8693.0,0.3871340523882897,0.3952695652173913,4,36,0.0,0.0,20.0,0.5,38.1,77.31818181466735,0.48888888887802473,2082.0,0.22398589065242563,0.016543941857129152,0.3871340523882897,0.3952695652173913,0.02721088435355639,1.0,ga_meta,ga_meta,sa_meta,rw_rank_bfs,sa_meta,8,0.3912018088028405,1017.8666666440475,0.4927689530847637,2,0,1,0.15302230856836604,4.939481265639058
7,13,1025.8724883723823,1476.0,738.0,3270.0,17304.0,2649,14655.0,0.0,0.0,0,0,0.0,0.0,20.0,0.35,105.42857142857143,251.53846151911242,0.6190476190181405,4008.0,0.2256880733944264,-0.6547767045997896,0.0,0.0,0.0,1.0,ga_meta,ga_meta,pso_meta,pl_rank,pso_meta,10,0.0,2481.142857024707,0.41913499181287533,1,0,1,0.0,4.317365268383891
4,5,370.2969163070019,180.0,15.0,50.0,8258.0,4709,3549.0,0.0338530980713992,0.2334773218142548,7,63,95166.30749089947,24069.29955995512,31.0,0.12903225806451613,3.75,9.999999998,0.8333333331944445,65.0,0.299999999994,0.21028975805680405,0.0338530980713992,0.2334773218142548,0.04761904761872368,0.0,ga_meta,rw_rank_bfs,ga_meta,pl_rank,pl_rank,5,0.133665209942827,54.16666665763889,0.3749999625750038,0,0,1,0.007903930672825599,127.04615189159767
6,9,130.85525752258337,1082.0,541.0,2246.0,9625.0,4944,4681.0,0.0,0.0,0,0,0.0,0.0,31.0,0.1935483870967742,90.16666666666667,249.55555552782715,0.59999999996,2787.0,0.24087266251102366,0.0795639284689682,0.0,0.0,0.0,0.0,ga_meta,ga_meta,ga_meta,rw_rank_bfs,rw_rank_bfs,7,0.0,1672.1999998885199,0.36130899235903197,1,0,1,0.0,3.453534264996938
7,10,5.116665297187617,395.0,5.0,36.0,3608.0,956,2592.0,0.2033333333333333,0.928,19,16,0.0,0.0,,,0.7142857142857143,3.59999999964,0.47619047616780047,41.0,0.13888888888503087,0.6549679640432247,0.2033333333333333,0.928,0.12925170067939284,,mip,mip,mip,pl_rank,mip,1,0.5656666666666667,19.52380952287982,0.19841264331791653,1,0,1,0.18869333333333332,87.9999978536586
5,6,202.3027070881677,198.0,33.0,114.0,15782.0,2408,13374.0,0.1291139240506329,0.0699582753824756,12,36,48350.346994072075,29738.49794196065,20.0,0.25,6.6,18.999999996833335,0.59999999994,147.0,0.2894736842079871,-0.5092282681457396,0.1291139240506329,0.0699582753824756,0.08163265306066918,1.0,ga_meta,rw_rank_bfs,ga_meta,pl_rank,ga_meta,11,0.09953609971655425,88.19999999118,0.3473684028279787,1,0,1,0.009032587454446215,107.36054348734325
5,6,197.56814558694313,884.0,442.0,1532.0,9625.0,4944,4681.0,0.0,0.0,0,0,0.0,0.0,31.0,0.16129032258064516,88.4,255.33333329077777,0.59999999994,1974.0,0.2885117493470702,0.0795639284689682,0.0,0.0,0.0,0.0,ga_meta,mip,ga_meta,rw_rank_bfs,rw_rank_bfs,8,0.0,1184.39999988156,0.3462140979184827,1,0,1,0.0,4.875886522352641
5,5,1586.4590072748983,1136.0,568.0,1209.0,9625.0,4944,4681.0,0.0,0.0,0,0,0.0,0.0,31.0,0.16129032258064516,113.6,241.79999995164,0.49999999995,1777.0,0.4698097601319522,0.0795639284689682,0.0,0.0,0.0,0.0,ga_meta,mcts,ga_meta,rw_rank_bfs,rw_rank_bfs,6,0.0,888.49999991115,0.4698097582833343,1,0,1,0.0,5.416432186034647
5,8,178.875668666404,32.0,16.0,135.0,9094.0,4759,4335.0,0.0235945835043085,0.0637149028077753,6,63,0.0,0.0,31.0,0.16129032258064516,3.2,16.874999997890626,0.79999999992,151.0,0.11851851851764061,0.13034331070096583,0.0235945835043085,0.0637149028077753,0.04081632653033459,0.0,rw_rank_bfs,rw_rank_bfs,rw_rank_bfs,pl_rank,rw_rank_bfs,1,0.0436547431560419,120.79999998792,0.1896296184160226,1,0,1,0.0015033265947669544,60.225165164071754
3,1,1015.8942943896942,73.0,12.0,37.0,3121.0,919,2202.0,0.2341666666666666,0.9388333333333332,18,16,328671.6834790187,130617.1149389573,,,4.0,36.999999963,0.3333333332222222,49.0,0.32432432431555885,0.701539638519652,0.2341666666666666,0.9388333333333332,0.12244897959100376,,d_round,mip,mip,rw_rank_bfs,mip,7,0.5864999999999999,16.333333327888887,0.10810810529437553,0,0,1,0.21984347222222214,63.69387625114538
7,16,4.696275093955521,264.0,132.0,673.0,8692.0,1244,7448.0,0.5230061349693251,0.4553564899451554,11,36,0.0,0.0,20.0,0.35,18.857142857142858,42.06249999737109,0.7619047618684808,805.0,0.19613670133700425,0.16878645883140475,0.5230061349693251,0.4553564899451554,0.07482993197228008,1.0,ga_meta,pso_meta,ga_meta,pl_rank,pl_rank,7,0.4891813124572403,613.333333304127,0.44831244956930716,1,0,1,0.23815423783941408,10.797515514537247
3,1,14.638961876562266,45.0,3.0,36.0,3121.0,919,2202.0,0.2341666666666666,0.9388333333333332,10,16,4736.134724770144,1882.182995393881,,,1.0,35.999999964,0.3333333332222222,39.0,0.08333333333101853,0.701539638519652,0.2341666666666666,0.9388333333333332,0.06802721088389098,,d_round,mip,mip,rw_rank_bfs,mip,7,0.5864999999999999,12.999999995666666,0.02777777703395064,0,0,1,0.21984347222222214,80.02563897370158
7,11,818.3750552996919,1428.0,714.0,2864.0,9625.0,4944,4681.0,0.0,0.0,0,0,0.0,0.0,31.0,0.22580645161290322,102.0,260.36363633996694,0.5238095237845805,3578.0,0.24930167597756658,0.0795639284689682,0.0,0.0,0.0,0.0,ga_meta,rw_rank_bfs,ga_meta,rw_rank_bfs,rw_rank_bfs,3,0.0,1874.1904761012288,0.39175977506726345,1,0,1,0.0,2.6900503066824903
8,13,107.05905652106505,1700.0,850.0,3029.0,17304.0,2649,14655.0,0.0,0.0,0,0,0.0,0.0,20.0,0.4,106.25,232.99999998207693,0.4642857142691327,3879.0,0.28062066688666865,-0.6547767045997896,0.0,0.0,0.0,1.0,ga_meta,ga_meta,ga_meta,pl_rank,pl_rank,8,0.0,1800.9642856499656,0.4560085817689463,2,0,1,0.0,4.460943541000015
6,11,45.24588361144339,1080.0,540.0,3104.0,9659.0,4735,4924.0,0.0,0.0,0,0,0.0,0.0,31.0,0.1935483870967742,90.0,282.18181815616526,0.7333333332844444,3644.0,0.1739690721648924,0.07631251793057281,0.0,0.0,0.0,0.0,ga_meta,ga_meta,ga_meta,pl_rank,pl_rank,7,0.0,2672.2666664885155,0.3189432978677912,1,0,1,0.0,2.650658616177097
4,3,585.3683382635979,111.0,0.0,37.0,2671.0,586,1993.0,0.5116666666666667,0.9446388888888888,34,16,0.0,0.0,,,0.0,12.333333329222222,0.49999999991666666,37.0,0.0,0.7445730132925313,0.5116666666666667,0.9446388888888888,0.23129251700522932,,ga_meta,mip,mip,rw_rank_bfs,mip,6,0.7281527777777778,18.499999996916667,0.0,0,0,1,0.4833402314814815,72.18918723813007
4,5,561.6727257019453,710.0,355.0,1301.0,17304.0,2649,14655.0,0.0,0.0,0,0,0.0,0.0,20.0,0.2,88.75,260.19999994796,0.8333333331944445,1656.0,0.27286702536489404,-0.6547767045997896,0.0,0.0,0.0,1.0,ga_meta,ga_meta,mcts,pl_rank,pl_rank,16,0.0,1379.99999977,0.3410837804637441,0,0,1,0.0,10.449275356008892
3,2,96.80055693325929,600.0,100.0,100.0,7502.0,1080,6422.0,0.6181046676096181,0.5621761658031088,16,36,39881.82945650282,19360.111386651857,20.0,0.15,33.333333333333336,49.999999975,0.6666666664444444,200.0,0.99999999999,0.28258582767524143,0.6181046676096181,0.5621761658031088,0.10884353741422556,1.0,ga_meta,sa_meta,ga_meta,rw_rank_bfs,sa_meta,16,0.5901404167063635,133.33333328888887,0.666666653666667,0,0,1,0.34748371210178014,37.509999812450005
10,25,222.57466964153085,672.0,336.0,2138.0,9350.0,1166,8184.0,0.5508474576271186,0.4306782608695652,7,35,0.0,0.0,20.0,0.5,33.6,85.5199999965792,0.5555555555432099,2474.0,0.15715622076699853,0.10586210194128332,0.5508474576271186,0.4306782608695652,0.04761904761872368,1.0,ga_meta,ga_meta,ga_meta,rw_rank_bfs,d_round,10,0.4907628592483419,1374.4444444139012,0.39289054733925927,2,0,1,0.23723802505526895,3.7793047680762717
2,1,771.4238348951095,0.0,0.0,9.0,16580.0,2639,13941.0,0.0455696202531645,0.0305285118219749,8,36,6942.8145140559855,6942.8145140559855,20.0,0.1,0.0,8.999999991,0.9999999989999999,9.0,0.0,-0.5855407860763124,0.0455696202531645,0.0305285118219749,0.05442176870711278,1.0,ga_meta,ga_meta,ga_meta,pl_rank,pl_rank,7,0.038049066037569704,8.999999991,0.0,0,0,1,0.0013911726906216393,1842.2220175308871
8,13,211.52449845796343,1298.0,649.0,3169.0,17304.0,2649,14655.0,0.0,0.0,0,0,0.0,0.0,20.0,0.4,81.125,243.7692307504793,0.4642857142691327,3818.0,0.20479646576200544,-0.6547767045997896,0.0,0.0,0.0,1.0,ga_meta,mip,mip,pl_rank,sa_meta,10,0.0,1772.6428570795485,0.33279425552376135,2,0,1,0.0,4.532215818613878
5,8,233.3189570218752,75.0,25.0,168.0,15316.0,2389,12927.0,0.1359855334538878,0.1010431154381085,12,36,109893.2287573032,45030.55870522191,20.0,0.25,5.0,20.999999997375,0.79999999992,193.0,0.14880952380863804,-0.46466481782538005,0.1359855334538878,0.1010431154381085,0.08163265306066918,1.0,ga_meta,mip,mip,pl_rank,pl_rank,10,0.11851432444599816,154.39999998456,0.23809522678713205,1,0,1,0.01374040195469395,79.35751254218906
3,2,170.43941274216854,704.0,88.0,117.0,7341.0,1122,6219.0,0.6032531824611033,0.5760158167439324,17,36,51984.0208863614,34940.07961214455,20.0,0.15,29.333333333333332,58.49999997075,0.6666666664444444,205.0,0.7521367521303236,0.2979822128717605,0.6032531824611033,0.5760158167439324,0.11564625850261466,1.0,ga_meta,mip,ga_meta,rw_rank_bfs,rw_rank_bfs,15,0.5896344996025178,136.6666666211111,0.5014244931038548,0,0,1,0.34748337459870887,35.80975592287924
7,10,781.4731080484186,1618.0,809.0,2558.0,9625.0,4944,4681.0,0.0,0.0,0,0,0.0,0.0,31.0,0.22580645161290322,115.57142857142857,255.79999997442,0.47619047616780047,3367.0,0.31626270523834393,0.0795639284689682,0.0,0.0,0.0,0.0,ga_meta,ga_meta,ga_meta,rw_rank_bfs,rw_rank_bfs,5,0.0,1603.3333332569841,0.4518038629053239,1,0,1,0.0,2.8586278577788455
4,3,1374.218773921043,656.0,328.0,370.0,9659.0,4735,4924.0,0.0,0.0,0,0,0.0,0.0,31.0,0.12903225806451613,82.0,123.33333329222222,0.49999999991666666,698.0,0.8864864864840906,0.07631251793057281,0.0,0.0,0.0,0.0,ga_meta,ga_meta,ga_meta,pl_rank,pl_rank,11,0.0,348.9999999418333,0.6648648596956903,0,0,1,0.0,13.838108862696119
7,12,340.935078484167,1722.0,861.0,2815.0,9659.0,4735,4924.0,0.0,0.0,0,0,0.0,0.0,31.0,0.22580645161290322,123.0,234.58333331378472,0.5714285714013605,3676.0,0.30586145648301744,0.07631251793057281,0.0,0.0,0.0,0.0,mip,mip,mip,pl_rank,pl_rank,4,0.0,2100.5714284714013,0.524333923208168,1,0,1,0.0,2.6275843300795474
5,7,60.14792662664672,116.0,58.0,134.0,8006.0,4312,3694.0,0.0396436525612472,0.1640642679339217,6,63,0.0,0.0,31.0,0.16129032258064516,11.6,19.142857140122448,0.69999999993,192.0,0.4328358208922923,0.23438844792961655,0.0396436525612472,0.1640642679339217,0.04081632653033459,0.0,pl_rank,pl_rank,pl_rank,pl_rank,pl_rank,1,0.10185396024758445,134.39999998655998,0.6059701176851431,1,0,1,0.006504106835687763,41.697916449490016
9,18,99.17240562123472,585.0,17.0,24.0,3608.0,956,2592.0,0.2033333333333333,0.928,21,16,0.0,0.0,,,1.8888888888888888,1.3333333332592592,0.49999999998611117,41.0,0.7083333333038194,0.6549679640432247,0.2033333333333333,0.928,0.14285714285617104,,mip,mip,mip,pl_rank,mip,1,0.5656666666666667,20.499999999430557,1.4166656042461672,2,1,0,0.18869333333333332,87.9999978536586
2,1,420.9866512507837,150.0,30.0,29.0,15267.0,2378,12889.0,0.1399638336347197,0.1036856745479832,13,34,24838.21242379624,24838.21242379624,20.0,0.1,15.0,28.999999970999998,0.9999999989999999,59.0,1.0344827585850178,-0.4599789614612222,0.1399638336347197,0.1036856745479832,0.08843537414905826,1.0,ga_meta,ga_meta,ga_meta,pl_rank,pl_rank,10,0.12182475409135146,58.999999941,0.5172413619916771,0,0,1,0.014512244502737612,258.7627074785982
6,6,972.6876602953972,882.0,441.0,1269.0,9659.0,4735,4924.0,0.0,0.0,0,0,0.0,0.0,31.0,0.1935483870967742,73.5,211.49999996475,0.39999999997333335,1710.0,0.34751773049618007,0.07631251793057281,0.0,0.0,0.0,0.0,ga_meta,ga_meta,ga_meta,pl_rank,pl_rank,8,0.0,683.9999999544,0.3475177289112637,1,0,1,0.0,5.648538008392667
2,1,812.7223512901367,117.0,13.0,3.0,16334.0,2551,13783.0,0.0773960216998191,0.0415159944367177,8,36,13003.557620642188,13003.557620642188,20.0,0.1,6.5,2.9999999969999998,0.9999999989999999,16.0,4.3333333318888885,-0.5620158745338051,0.0773960216998191,0.0415159944367177,0.05442176870711278,1.0,ga_meta,ga_meta,pso_meta,pl_rank,pso_meta,16,0.059456008068268396,15.999999983999999,2.1666659466113507,0,1,0,0.003213172806313772,1020.8749361953164
6,6,764.4694351726606,1048.0,524.0,1826.0,9202.0,4586,4616.0,0.0,0.0,0,0,0.0,0.0,31.0,0.1935483870967742,87.33333333333333,304.3333332826111,0.39999999997333335,2350.0,0.2869660460020334,0.12001530075547484,0.0,0.0,0.0,0.0,ga_meta,ga_meta,ga_meta,rw_rank_bfs,ga_meta,6,0.0,939.9999999373334,0.28696604510708495,1,0,1,0.0,3.91574467918479
4,4,965.1589703385094,115.0,23.0,39.0,8087.0,4271,3816.0,0.0487750556792873,0.1364562118126272,10,62,102306.850855882,59839.85616098758,31.0,0.12903225806451613,5.75,9.7499999975625,0.6666666665555555,62.0,0.5897435897284682,0.2266424404704982,0.0487750556792873,0.1364562118126272,0.06802721088389098,0.0,ga_meta,mip,ga_meta,pl_rank,pl_rank,5,0.09261563374595726,41.33333332644444,0.5897435294045099,0,0,1,0.006655659328945514,130.43548176716965
7,11,257.41056413510296,398.0,199.0,588.0,8595.0,1364,7231.0,0.4769938650306748,0.4712248628884826,13,36,0.0,0.0,20.0,0.35,28.428571428571427,53.45454544968595,0.5238095237845805,787.0,0.3384353741490843,0.1780625418380033,0.4769938650306748,0.4712248628884826,0.08843537414905826,1.0,ga_meta,sa_meta,mip,pl_rank,mip,11,0.4741093639595787,412.2380952184648,0.5318270066200973,1,0,1,0.22477136864772712,10.92121980823225
7,14,794.7366244819447,400.0,200.0,691.0,8646.0,1524,7122.0,0.4156441717791411,0.4791956124314442,10,36,0.0,0.0,20.0,0.35,28.571428571428573,49.35714285361735,0.6666666666349206,891.0,0.28943560057845236,0.1731854260304102,0.4156441717791411,0.4791956124314442,0.06802721088389098,1.0,ga_meta,pso_meta,ga_meta,pl_rank,pl_rank,7,0.44741989210529265,593.9999999717143,0.5788711894708752,1,0,1,0.1991748634492659,9.703703692812903
2,1,87.7552643872657,160.0,20.0,27.0,8323.0,4320,4003.0,0.0378619153674832,0.0941389454627743,8,63,4124.4974262014875,4124.4974262014875,31.0,0.06451612903225806,10.0,26.999999972999998,0.9999999989999999,47.0,0.7407407407133059,0.2040738261451659,0.0378619153674832,0.0941389454627743,0.05442176870711278,0.0,ga_meta,ga_meta,ga_meta,pl_rank,pl_rank,5,0.06600043041512875,46.999999953,0.3703703570233201,0,0,1,0.0035642807858956775,177.0851026152106
6,7,991.4062862426916,1238.0,619.0,2069.0,9202.0,4586,4616.0,0.0,0.0,0,0,0.0,0.0,31.0,0.1935483870967742,103.16666666666667,295.57142852920407,0.46666666663555556,2688.0,0.2991783470274049,0.12001530075547484,0.0,0.0,0.0,0.0,ga_meta,ga_meta,ga_meta,rw_rank_bfs,ga_meta,6,0.0,1254.3999999163734,0.3490414037344338,1,0,1,0.0,3.423363093964523
7,11,688.2153420231319,1492.0,746.0,2730.0,9625.0,4944,4681.0,0.0,0.0,0,0,0.0,0.0,31.0,0.22580645161290322,106.57142857142857,248.1818181592562,0.5238095237845805,3476.0,0.27326007325997315,0.0795639284689682,0.0,0.0,0.0,0.0,pl_rank,rw_rank_bfs,pl_rank,rw_rank_bfs,rw_rank_bfs,2,0.0,1820.7619046752015,0.42940868486036265,1,0,1,0.0,2.7689873409755505
5,4,868.663683702404,205.0,41.0,26.0,7778.0,4213,3565.0,0.0616926503340756,0.1932563928490608,9,63,120744.25203463416,58200.466808061065,31.0,0.16129032258064516,8.2,6.499999998375,0.39999999996,67.0,1.576923076862426,0.2561920244812088,0.0616926503340756,0.1932563928490608,0.06122448979550188,0.0,ga_meta,rw_rank_bfs,ga_meta,pl_rank,pl_rank,7,0.1274745215915682,26.79999999732,1.2615382677710354,1,1,0,0.011922499068861857,116.08955050612612
5,6,598.7589219859557,882.0,63.0,56.0,7679.0,4198,3481.0,0.065033407572383,0.2122652183751979,8,60,142504.62343265745,71252.31171632872,31.0,0.16129032258064516,12.6,9.333333331777778,0.59999999994,119.0,1.1249999999799107,0.26565936693124226,0.065033407572383,0.2122652183751979,0.05442176870711278,0.0,ga_meta,mip,ga_meta,pl_rank,pl_rank,6,0.13864931297379046,71.39999999286,1.3499998555821584,1,1,0,0.013804330460035128,64.52941122244192
7,9,145.9730376843157,1498.0,749.0,2817.0,9202.0,4586,4616.0,0.0,0.0,0,0,0.0,0.0,31.0,0.22580645161290322,107.0,312.99999996522223,0.42857142855102043,3566.0,0.26588569400061557,0.12001530075547484,0.0,0.0,0.0,0.0,ga_meta,pl_rank,ga_meta,rw_rank_bfs,pl_rank,4,0.0,1528.285714212939,0.3418530340895714,1,0,1,0.0,2.5804823324227475
6,8,236.10352458957144,258.0,129.0,432.0,8315.0,1244,7071.0,0.5601131541725601,0.5179301881647123,16,36,0.0,0.0,20.0,0.3,21.5,53.99999999325,0.5333333332977778,561.0,0.2986111111104199,0.20483886391890604,0.5601131541725601,0.5179301881647123,0.10884353741422556,1.0,ga_meta,ga_meta,mip,rw_rank_bfs,rw_rank_bfs,10,0.5390216711686362,299.19999998005335,0.398148140824803,1,0,1,0.29009951133412454,14.821746854150184
8,13,1126.1807718918235,1450.0,725.0,3314.0,9659.0,4735,4924.0,0.0,0.0,0,0,0.0,0.0,31.0,0.25806451612903225,90.625,254.92307690346746,0.4642857142691327,4039.0,0.2187688593843637,0.07631251793057281,0.0,0.0,0.0,0.0,ga_meta,mcts,ga_meta,pl_rank,pl_rank,6,0.0,1875.2499999330269,0.3554993951325084,2,0,1,0.0,2.3914335225572088
8,10,197.8599506638967,1692.0,846.0,2052.0,9625.0,4944,4681.0,0.0,0.0,0,0,0.0,0.0,31.0,0.25806451612903225,105.75,205.19999997948,0.357142857130102,2898.0,0.4122807017541851,0.0795639284689682,0.0,0.0,0.0,0.0,mip,mip,mip,rw_rank_bfs,rw_rank_bfs,3,0.0,1034.9999999630356,0.5153508747330611,2,0,1,0.0,3.321256037501292
8,16,225.99060088364624,1574.0,787.0,3877.0,17304.0,2649,14655.0,0.0,0.0,0,0,0.0,0.0,20.0,0.4,98.375,242.31249998485546,0.5714285714081633,4664.0,0.2029920041268499,-0.6547767045997896,0.0,0.0,0.0,1.0,ga_meta,ga_meta,ga_meta,pl_rank,pl_rank,8,0.0,2665.1428570476737,0.4059840066037222,2,0,1,0.0,3.7101200678151542
7,9,74.41210401633118,1240.0,620.0,2033.0,9659.0,4735,4924.0,0.0,0.0,0,0,0.0,0.0,31.0,0.22580645161290322,88.57142857142857,225.88888886379013,0.42857142855102043,2653.0,0.30496802754534924,0.07631251793057281,0.0,0.0,0.0,0.0,ga_meta,ga_meta,ga_meta,pl_rank,pl_rank,7,0.0,1136.999999945857,0.39210174800910613,1,0,1,0.0,3.640784016720398
9,18,433.2521107337212,117.0,9.0,2.0,2556.0,652,1866.0,0.4566666666666666,0.9481666666666668,51,16,0.0,0.0,,,1.0,0.11111111110493826,0.49999999998611117,11.0,4.49999999775,0.755570431290045,0.4566666666666666,0.9481666666666668,0.34693877550784397,,mip,mip,mip,pl_rank,mip,1,0.7024166666666667,5.499999999847223,8.999919001228985,2,1,0,0.43299611111111114,232.36361523967136
4,3,399.4176833791185,1965.0,131.0,126.0,7001.0,994,6007.0,0.6485148514851485,0.5904690482683392,17,36,169752.51543612537,102650.34462843343,20.0,0.2,32.75,41.999999986,0.49999999991666666,257.0,1.0396825396742881,0.3304963182557139,0.6485148514851485,0.5904690482683392,0.11564625850261466,1.0,ga_meta,mip,ga_meta,rw_rank_bfs,rw_rank_bfs,16,0.6194919498767439,128.49999997858333,0.7797618864560663,0,0,1,0.38292794714431905,27.24124503018971
4,3,267.7882553057225,280.0,40.0,35.0,16280.0,2545,13735.0,0.0795660036166365,0.0448539638386648,8,36,27849.97855179514,20084.11914792919,20.0,0.2,10.0,11.666666662777777,0.49999999991666666,75.0,1.1428571428244898,-0.5568518695610596,0.0795660036166365,0.0448539638386648,0.05442176870711278,1.0,ga_meta,mcts,mip,pl_rank,mcts,9,0.06220998372765065,37.49999999375,0.8571427839591901,0,0,1,0.0035688506490076863,217.06666377244449
4,4,1110.2933752037009,828.0,414.0,1173.0,9659.0,4735,4924.0,0.0,0.0,0,0,0.0,0.0,31.0,0.12903225806451613,103.5,293.2499999266875,0.6666666665555555,1587.0,0.35294117647028733,0.07631251793057281,0.0,0.0,0.0,0.0,ga_meta,mip,mip,pl_rank,pl_rank,8,0.0,1057.9999998236665,0.35294117535527303,0,0,1,0.0,6.086326398181268
5,4,539.9154622170771,900.0,450.0,1055.0,9659.0,4735,4924.0,0.0,0.0,0,0,0.0,0.0,31.0,0.16129032258064516,90.0,263.7499999340625,0.39999999996,1505.0,0.42654028435978525,0.07631251793057281,0.0,0.0,0.0,0.0,mip,mip,mip,pl_rank,pl_rank,6,0.0,601.9999999398,0.34123222627968824,1,0,1,0.0,6.417940195071136
5,7,19.237988887569244,1988.0,142.0,342.0,11550.0,1848,9702.0,0.3465346534653465,0.3385601308971911,9,27,22142.9252095922,9311.186621583514,20.0,0.25,28.4,48.857142850163264,0.69999999993,484.0,0.41520467836135905,-0.10452328583723824,0.3465346534653465,0.3385601308971911,0.06122448979550188,1.0,ga_meta,ga_meta,ga_meta,rw_rank_bfs,pl_rank,15,0.34254739218126884,338.79999996611997,0.5812865378929656,1,0,1,0.11732281763764048,23.86363631433133
4,3,267.6104373790477,574.0,41.0,20.0,16096.0,2436,13660.0,0.1189873417721518,0.0500695410292072,10,34,17394.6784296381,16324.23668012191,20.0,0.2,10.25,6.666666664444445,0.49999999991666666,61.0,2.0499999998975,-0.5392560007650378,0.1189873417721518,0.0500695410292072,0.06802721088389098,1.0,ga_meta,mip,rw_rank_bfs,pl_rank,rw_rank_bfs,16,0.0845284414006795,30.499999994916667,1.5374997698875343,0,1,0,0.005957641590817055,263.8688481332976
5,5,156.99894740535194,2020.0,202.0,412.0,9350.0,1166,8184.0,0.5508474576271186,0.4306782608695652,7,35,193108.7053085829,96397.35370688608,20.0,0.25,40.4,82.39999998352,0.49999999995,614.0,0.49029126213473234,0.10586210194128332,0.5508474576271186,0.4306782608695652,0.04761904761872368,1.0,ga_meta,mip,mip,rw_rank_bfs,mip,18,0.4907628592483419,306.9999999693,0.49029125628384396,1,0,1,0.23723802505526895,15.228013004514636
2,1,70.2042614479265,33.0,11.0,24.0,8227.0,4310,3917.0,0.0400890868596881,0.1136003620728671,9,58,2457.1491506774273,2457.1491506774273,31.0,0.06451612903225806,5.5,23.999999975999998,0.9999999989999999,35.0,0.4583333333142361,0.21325427943004682,0.0400890868596881,0.1136003620728671,0.06122448979550188,0.0,ga_meta,ga_meta,ga_meta,pl_rank,pl_rank,8,0.0768447244662776,34.999999965,0.2291666573472226,0,0,1,0.004554134782431187,235.0571361412247
8,11,575.3312932272195,642.0,321.0,951.0,10142.0,1810,8332.0,0.3027734976887519,0.4203826086956521,3,36,0.0,0.0,20.0,0.4,40.125,86.45454544668596,0.39285714284311224,1272.0,0.3375394321763012,0.030123362341015536,0.3027734976887519,0.4203826086956521,0.020408163265167294,1.0,ga_meta,sa_meta,mip,rw_rank_bfs,mip,16,0.361578053192202,499.71428569643876,0.4641167139167625,2,0,1,0.12728071280230452,7.973270433983277
5,4,67.13233421003828,232.0,29.0,81.0,8406.0,4384,4022.0,0.0236080178173719,0.0898393301651957,5,63,13896.393181477924,7384.55676310421,31.0,0.16129032258064516,5.8,20.2499999949375,0.39999999996,110.0,0.3580246913536046,0.19613655924261264,0.0236080178173719,0.0898393301651957,0.03401360544194549,0.0,ga_meta,rw_rank_bfs,ga_meta,pl_rank,pl_rank,3,0.0567236739912838,43.9999999956,0.28641973901384,1,0,1,0.002120928507240697,76.41818112347109
9,18,84.61725113115057,909.0,7.0,47.0,3013.0,795,2170.0,0.3375,0.9397222222222222,16,16,28024.763478797453,11127.1685237463,,,0.7777777777777778,2.6111111109660494,0.49999999998611117,54.0,0.14893617020959712,0.7118676484651429,0.3375,0.9397222222222222,0.10884353741422556,,d_round,mip,mip,pl_rank,mip,7,0.6386111111111111,26.999999999250004,0.29787222636335536,2,0,1,0.31715625000000003,55.796295263031574
2,1,944.1941561255088,72.0,24.0,3.0,8258.0,4615,3643.0,0.0531391054575297,0.2131749460043196,8,47,25493.24221538874,25493.24221538874,31.0,0.06451612903225806,12.0,2.9999999969999998,0.9999999989999999,27.0,7.999999997333333,0.21028975805680405,0.0531391054575297,0.2131749460043196,0.05442176870711278,0.0,ga_meta,ga_meta,mip,pl_rank,rw_rank_bfs,10,0.13315702573092464,26.999999972999998,3.9999986706671087,0,1,0,0.011327925936626739,305.8518405240059
4,4,219.51350183573592,912.0,456.0,905.0,9625.0,4944,4681.0,0.0,0.0,0,0,0.0,0.0,31.0,0.12903225806451613,114.0,226.2499999434375,0.6666666665555555,1361.0,0.5038674033143604,0.0795639284689682,0.0,0.0,0.0,0.0,ga_meta,mip,mip,rw_rank_bfs,rw_rank_bfs,8,0.0,907.333333182111,0.5038674012138458,0,0,1,0.0,7.0720058728346755
10,16,37.59590520563883,710.0,355.0,1234.0,10257.0,1703,8554.0,0.3439907550077041,0.4049391304347826,4,36,0.0,0.0,20.0,0.5,35.5,77.12499999517969,0.35555555554765433,1589.0,0.28768233387334874,0.01912594434350201,0.3439907550077041,0.4049391304347826,0.02721088435355639,1.0,ga_meta,ga_meta,sa_meta,rw_rank_bfs,rw_rank_bfs,9,0.3744649427212433,564.9777777652228,0.46029172825837306,2,0,1,0.13929531721042404,6.4550031425707965
3,1,880.245713958475,32.0,4.0,20.0,2556.0,652,1866.0,0.4566666666666666,0.9481666666666668,15,16,323849.34747359104,136125.36679149943,,,1.3333333333333333,19.99999998,0.3333333332222222,24.0,0.19999999999,0.755570431290045,0.4566666666666666,0.9481666666666668,0.10204081632583646,,d_round,mip,mip,pl_rank,mip,7,0.7024166666666667,7.999999997333333,0.06666666340000016,0,0,1,0.43299611111111114,106.49999556250017
4,4,291.61239571736553,140.0,70.0,172.0,6217.0,602,5615.0,0.7691717791411044,0.5893967093235832,19,36,0.0,0.0,20.0,0.2,17.5,42.99999998925,0.6666666665555555,242.0,0.4069767441836804,0.40547002008224153,0.7691717791411044,0.5893967093235832,0.12925170067939284,1.0,ga_meta,mip,mip,pl_rank,pl_rank,13,0.6792842442323438,161.33333330644444,0.4069767348232155,0,0,1,0.45334731553033286,25.690082538470733
7,11,598.7589219859557,342.0,171.0,601.0,7482.0,1422,6060.0,0.4547546012269938,0.5568555758683729,10,32,0.0,0.0,20.0,0.35,24.428571428571427,54.63636363139669,0.5238095237845805,772.0,0.2845257903489442,0.28449842210959164,0.4547546012269938,0.5568555758683729,0.06802721088389098,1.0,ga_meta,mip,ga_meta,pl_rank,pl_rank,8,0.5058050885476834,404.38095236169613,0.4471119481206038,1,0,1,0.2532326353450499,9.691709832005557
4,3,221.2084199109948,203.0,29.0,31.0,8434.0,4662,3772.0,0.0434961017644645,0.1853131749460043,10,63,23005.675670743454,13272.505194659689,31.0,0.12903225806451613,7.25,10.33333332988889,0.49999999991666666,60.0,0.935483870937565,0.19345892703452228,0.0434961017644645,0.1853131749460043,0.06802721088389098,0.0,ga_meta,rw_rank_bfs,rw_rank_bfs,pl_rank,rw_rank_bfs,7,0.1144046383552344,29.999999995,0.7016128355616611,0,0,1,0.008060400715747417,140.56666432388894
3,1,205.29007499426424,8.0,1.0,5.0,3013.0,795,2170.0,0.3375,0.9397222222222222,31,16,0.0,0.0,,,0.3333333333333333,4.999999995,0.3333333332222222,6.0,0.19999999996,0.7118676484651429,0.3375,0.9397222222222222,0.21088435374006204,,ga_meta,mip,mip,pl_rank,mip,6,0.6386111111111111,1.9999999993333333,0.06666665340000263,0,0,1,0.31715625000000003,502.16658297223614
4,4,381.6089317019422,862.0,431.0,775.0,9659.0,4735,4924.0,0.0,0.0,0,0,0.0,0.0,31.0,0.12903225806451613,107.75,193.7499999515625,0.6666666665555555,1206.0,0.5561290322573469,0.07631251793057281,0.0,0.0,0.0,0.0,mip,mip,mip,pl_rank,pl_rank,5,0.0,803.9999998659999,0.5561290295267534,0,0,1,0.0,8.009121054718804
4,3,50.513127838897766,180.0,30.0,68.0,8305.0,4596,3709.0,0.0570373409930241,0.1989200863930885,11,63,13032.386982435624,4950.286528211981,31.0,0.12903225806451613,7.5,22.66666665911111,0.49999999991666666,98.0,0.44117647058174736,0.2057951611360811,0.0570373409930241,0.1989200863930885,0.07482993197228008,0.0,ga_meta,rw_rank_bfs,ga_meta,pl_rank,ga_meta,3,0.1279787136930563,48.999999991833334,0.33088233845372034,0,0,1,0.011345872797964403,84.74489709443982
7,7,251.0583867326255,1466.0,733.0,1810.0,17304.0,2649,14655.0,0.0,0.0,0,0,0.0,0.0,20.0,0.35,104.71428571428571,258.57142853448977,0.3333333333174603,2543.0,0.404972375690384,-0.6547767045997896,0.0,0.0,0.0,1.0,ga_meta,mip,rw_rank_bfs,pl_rank,rw_rank_bfs,14,0.0,847.6666666263015,0.40497237418226945,1,0,1,0.0,6.804561538810633
3,2,956.1605580926552,48.0,24.0,40.0,8597.0,4718,3879.0,0.0320065654493229,0.1622030237580993,7,61,0.0,0.0,31.0,0.0967741935483871,8.0,19.99999999,0.6666666664444444,64.0,0.5999999999850001,0.1778712823945683,0.0320065654493229,0.1622030237580993,0.04761904761872368,0.0,mip,mip,mip,pl_rank,pl_rank,6,0.0971047946037111,42.66666665244444,0.399999980200001,0,0,1,0.005191561695991683,134.3281229011231
6,7,632.8987431437517,229.0,9.0,25.0,3013.0,795,2170.0,0.3375,0.9397222222222222,39,16,0.0,0.0,,,1.5,3.5714285709183673,0.46666666663555556,34.0,0.3599999999856,0.7118676484651429,0.3375,0.9397222222222222,0.26530612244717483,,mip,mip,mip,pl_rank,mip,2,0.6386111111111111,15.86666666560889,0.4199998824600329,1,0,1,0.31715625000000003,88.61764445242223
4,4,629.1827796674944,846.0,423.0,958.0,17304.0,2649,14655.0,0.0,0.0,0,0,0.0,0.0,20.0,0.2,105.75,239.499999940125,0.6666666665555555,1381.0,0.44154488517699214,-0.6547767045997896,0.0,0.0,0.0,1.0,ga_meta,mip,sa_meta,pl_rank,sa_meta,14,0.0,920.6666665132221,0.44154488344422804,0,0,1,0.0,12.53005067883414
2,0,661.8018396727474,26.0,13.0,3.0,3013.0,795,2170.0,0.3375,0.9397222222222222,5,16,219185.0926227269,87026.94191696629,,,6.5,3000000000.0,0.0,16.0,4.3333333318888885,0.7118676484651429,0.3375,0.9397222222222222,0.03401360544194549,,d_round,mip,mip,pl_rank,mip,7,0.6386111111111111,0.0,2.166666666666666e-09,0,0,1,0.31715625000000003,188.31248823046948
6,8,133.06867731962973,370.0,185.0,476.0,8183.0,1130,7053.0,0.566717791411043,0.4842413162705667,14,36,0.0,0.0,20.0,0.3,30.833333333333332,59.4999999925625,0.5333333332977778,661.0,0.38865546218405744,0.21746198718561727,0.566717791411043,0.4842413162705667,0.09523809523744736,1.0,ga_meta,mip,mip,pl_rank,mip,11,0.5254795538408048,352.5333333098311,0.5182072742685753,1,0,1,0.2744281692668319,12.379727666596478
5,4,161.1729662852628,1090.0,545.0,1132.0,17304.0,2649,14655.0,0.0,0.0,0,0,0.0,0.0,20.0,0.25,109.0,282.99999992925,0.39999999996,1677.0,0.4814487632504581,-0.6547767045997896,0.0,0.0,0.0,1.0,ga_meta,mip,mip,pl_rank,pl_rank,28,0.0,670.7999999329201,0.38515900933601055,1,0,1,0.0,10.318425754133317
5,6,237.3466477428016,252.0,126.0,242.0,8059.0,1330,6729.0,0.4900306748466257,0.5079341864716636,12,34,0.0,0.0,20.0,0.25,25.2,40.33333332661111,0.59999999994,368.0,0.5206611570226419,0.22932007267858856,0.4900306748466257,0.5079341864716636,0.08163265306066918,1.0,ga_meta,mip,ga_meta,pl_rank,ga_meta,11,0.4989824306591446,220.79999997791998,0.6247933730431395,1,0,1,0.24890333217438113,21.89945646222974
2,1,72.76029004006438,39.0,13.0,0.0,8087.0,4277,3810.0,0.0474387527839643,0.1378139850644942,10,63,945.8837705208368,945.8837705208368,31.0,0.06451612903225806,6.5,0.0,0.9999999989999999,13.0,13000000000.0,0.2266424404704982,0.0474387527839643,0.1378139850644942,0.06802721088389098,0.0,ga_meta,ga_meta,ga_meta,pl_rank,pl_rank,7,0.09262636892422924,12.999999986999999,6500000.0,0,1,0,0.006537723567647488,622.0768752248558
10,22,13.327580172443604,504.0,13.0,17.0,3121.0,919,2202.0,0.2341666666666666,0.9388333333333332,20,16,4311.864173437637,1713.57402128933,,,1.3,0.7727272726921488,0.48888888887802473,30.0,0.7647058823079584,0.701539638519652,0.2341666666666666,0.9388333333333332,0.13605442176778196,,d_round,mip,mip,rw_rank_bfs,mip,7,0.5864999999999999,14.666666666340742,1.6823507640931286,2,1,0,0.21984347222222214,104.03332986555567
4,3,252.13996582016048,810.0,405.0,781.0,9202.0,4586,4616.0,0.0,0.0,0,0,0.0,0.0,31.0,0.12903225806451613,101.25,260.3333332465555,0.49999999991666666,1186.0,0.5185659411004884,0.12001530075547484,0.0,0.0,0.0,0.0,mip,mip,mip,rw_rank_bfs,pl_rank,2,0.0,592.9999999011667,0.3889244544615578,0,0,1,0.0,7.758853281822214
6,9,525.8293003112843,1054.0,527.0,2062.0,17304.0,2649,14655.0,0.0,0.0,0,0,0.0,0.0,20.0,0.3,87.83333333333333,229.11111108565433,0.59999999996,2589.0,0.25557710960220387,-0.6547767045997896,0.0,0.0,0.0,1.0,ga_meta,mip,ga_meta,pl_rank,pl_rank,15,0.0,1553.39999989644,0.3833656627728139,1,0,1,0.0,6.683661642841383
4,3,254.1097269059306,1002.0,501.0,722.0,9202.0,4586,4616.0,0.0,0.0,0,0,0.0,0.0,31.0,0.12903225806451613,125.25,240.66666658644445,0.49999999991666666,1223.0,0.6939058171735542,0.12001530075547484,0.0,0.0,0.0,0.0,ga_meta,ga_meta,ga_meta,rw_rank_bfs,ga_meta,1,0.0,611.4999998980833,0.520429360891914,0,0,1,0.0,7.524121007748061
7,10,273.0025842851147,439.0,7.0,39.0,2556.0,652,1866.0,0.4566666666666666,0.9481666666666668,39,16,0.0,0.0,,,1.0,3.89999999961,0.47619047616780047,46.0,0.17948717948257728,0.755570431290045,0.4566666666666666,0.9481666666666668,0.26530612244717483,,ga_meta,mip,mip,pl_rank,mip,6,0.7024166666666667,21.90476190371882,0.2564101906896947,1,0,1,0.43299611111111114,55.56521618336487
5,5,349.2414687203314,150.0,4.0,26.0,3013.0,795,2170.0,0.3375,0.9397222222222222,10,16,115666.83420979198,45925.25313672358,,,0.8,5.19999999896,0.49999999995,30.0,0.1538461538402367,0.7118676484651429,0.3375,0.9397222222222222,0.06802721088389098,,d_round,mip,mip,pl_rank,mip,7,0.6386111111111111,14.9999999985,0.15384612429112993,1,0,1,0.31715625000000003,100.43332998555566
6,7,497.82773817974675,249.0,10.0,27.0,3608.0,956,2592.0,0.2033333333333333,0.928,10,16,0.0,0.0,,,1.6666666666666667,3.8571428565918366,0.46666666663555556,37.0,0.37037037035665293,0.6549679640432247,0.2033333333333333,0.928,0.06802721088389098,,ga_meta,mip,mip,pl_rank,mip,6,0.5656666666666667,17.266666665515555,0.4320986534682503,1,0,1,0.18869333333333332,97.51351087801322
4,3,544.7892446465298,149.0,8.0,39.0,2671.0,586,1993.0,0.5116666666666667,0.9446388888888888,30,16,0.0,0.0,,,2.0,12.999999995666666,0.49999999991666666,47.0,0.20512820512294544,0.7445730132925313,0.5116666666666667,0.9446388888888888,0.20408163265167292,,ga_meta,mip,mip,rw_rank_bfs,mip,6,0.7281527777777778,23.499999996083332,0.15384614206311728,0,0,1,0.4833402314814815,56.82978602489817
5,5,579.0101352860464,75.0,10.0,5.0,2671.0,586,1993.0,0.5116666666666667,0.9446388888888888,24,16,198131.00872585495,77775.1451992338,,,2.0,0.9999999998,0.49999999995,15.0,1.9999999996,0.7445730132925313,0.5116666666666667,0.9446388888888888,0.16326530612133835,,d_round,mip,mip,rw_rank_bfs,mip,7,0.7281527777777778,7.49999999925,1.9999980004019995,1,1,0,0.4833402314814815,178.06665479555636
6,9,298.0859463645943,464.0,232.0,784.0,10719.0,1831,8888.0,0.2946841294298922,0.381704347826087,3,36,0.0,0.0,20.0,0.3,38.666666666666664,87.1111111014321,0.59999999996,1016.0,0.29591836734656135,-0.025054987089987657,0.2946841294298922,0.381704347826087,0.020408163265167294,1.0,ga_meta,ga_meta,ga_meta,rw_rank_bfs,rw_rank_bfs,7,0.3381942386279896,609.5999999593599,0.4438775459741948,1,0,1,0.1124822134387352,10.550196840009649
5,6,486.32389686512266,96.0,48.0,90.0,7465.0,4174,3291.0,0.0703786191536748,0.2552613713509843,10,61,0.0,0.0,31.0,0.16129032258064516,9.6,14.9999999975,0.59999999994,138.0,0.5333333333274074,0.28612412737878934,0.0703786191536748,0.2552613713509843,0.06802721088389098,0.0,mip,mip,mip,pl_rank,mip,1,0.16281999525232954,82.79999999172,0.6399999574400028,1,0,1,0.01796494283895568,54.094202506563754
8,13,296.32871034492206,696.0,348.0,1099.0,7951.0,1487,6464.0,0.4271956856702619,0.5503304347826087,4,36,0.0,0.0,20.0,0.4,43.5,84.53846153195857,0.4642857142691327,1447.0,0.316651501364589,0.23964808262407955,0.4271956856702619,0.5503304347826087,0.02721088435355639,1.0,ga_meta,ga_meta,sa_meta,rw_rank_bfs,sa_meta,12,0.4887630602264353,671.821428547435,0.5145586836708255,2,0,1,0.23509878743216986,5.494816858676699
4,4,838.8094394273076,546.0,39.0,61.0,15585.0,2404,13181.0,0.1305605786618444,0.0833796940194715,12,36,128337.84423237806,83880.94394273075,20.0,0.2,9.75,15.2499999961875,0.6666666665555555,100.0,0.639344262284601,-0.49038921296739035,0.1305605786618444,0.0833796940194715,0.08163265306066918,1.0,ga_meta,pso_meta,ga_meta,pl_rank,ga_meta,10,0.10697013634065794,66.66666665555555,0.6393442205307069,0,0,1,0.010886101099829725,155.84999844150002
7,11,61.04553485762224,1408.0,704.0,2516.0,17304.0,2649,14655.0,0.0,0.0,0,0,0.0,0.0,20.0,0.35,100.57142857142857,228.72727270647934,0.5238095237845805,3220.0,0.27980922098558036,-0.6547767045997896,0.0,0.0,0.0,1.0,ga_meta,mip,pso_meta,pl_rank,pso_meta,11,0.0,1686.666666586349,0.4397002025236818,1,0,1,0.0,5.373913041809344
5,6,350.52275709832765,396.0,198.0,466.0,9548.0,1641,7907.0,0.3678736517719568,0.4499478260869565,4,36,0.0,0.0,20.0,0.25,39.6,77.66666665372222,0.59999999994,664.0,0.42489270386174915,0.08692741704121643,0.3678736517719568,0.4499478260869565,0.02721088435355639,1.0,ga_meta,mip,ga_meta,rw_rank_bfs,pl_rank,14,0.4089107389294566,398.39999996015996,0.509871238155306,1,0,1,0.165523949889462,14.379518050633257
10,16,933.3202266892956,958.0,479.0,1172.0,8544.0,1358,7186.0,0.4768875192604006,0.5001043478260869,5,36,0.0,0.0,20.0,0.5,47.9,73.24999999542187,0.35555555554765433,1651.0,0.40870307167200626,0.18293965764559628,0.4768875192604006,0.5001043478260869,0.03401360544194549,1.0,ga_meta,ga_meta,pl_rank,rw_rank_bfs,pl_rank,14,0.4884959335432438,587.0222222091774,0.6539249057893358,2,0,1,0.23849352180612313,5.175045423879439
8,14,314.21133883299524,648.0,18.0,36.0,2556.0,652,1866.0,0.4566666666666666,0.9481666666666668,18,16,115600.83217249184,48591.12980663412,,,2.25,2.571428571244898,0.49999999998214284,54.0,0.49999999998611117,0.755570431290045,0.4566666666666666,0.9481666666666668,0.12244897959100376,,d_round,mip,mip,pl_rank,mip,7,0.7024166666666667,26.999999999035712,0.8749996597848544,2,0,1,0.43299611111111114,47.33333245679014
6,8,103.93829242189808,1334.0,667.0,2168.0,9625.0,4944,4681.0,0.0,0.0,0,0,0.0,0.0,31.0,0.1935483870967742,111.16666666666667,270.999999966125,0.5333333332977778,2835.0,0.30765682656812376,0.0795639284689682,0.0,0.0,0.0,0.0,ga_meta,sa_meta,ga_meta,rw_rank_bfs,rw_rank_bfs,7,0.0,1511.9999998992,0.4102091006286103,1,0,1,0.0,3.3950617271975094
4,4,1031.4785848940098,1364.0,124.0,201.0,8348.0,1266,7082.0,0.5145705521472392,0.4821206581352834,12,36,359986.0261280094,335230.5400905532,20.0,0.2,31.0,50.2499999874375,0.6666666665555555,325.0,0.6169154228825029,0.20168308310222816,0.5145705521472392,0.4821206581352834,0.08163265306066918,1.0,ga_meta,mip,ga_meta,pl_rank,d_round,23,0.4983456051412613,216.66666663055554,0.6169154107628775,0,0,1,0.24808509325826314,25.686153767119528
6,7,1612.6580642734502,783.0,261.0,521.0,10257.0,1703,8554.0,0.3439907550077041,0.4049391304347826,4,36,2389959.2512532533,1261098.606261838,20.0,0.3,43.5,74.42857141793877,0.46666666663555556,782.0,0.500959692897311,0.01912594434350201,0.3439907550077041,0.4049391304347826,0.02721088435355639,1.0,ga_meta,ga_meta,rw_rank_bfs,rw_rank_bfs,rw_rank_bfs,11,0.3744649427212433,364.93333330900447,0.5844529672789429,1,0,1,0.13929531721042404,13.116368269672163
3,1,696.0584753388952,83.0,14.0,41.0,3608.0,956,2592.0,0.2033333333333333,0.928,1,16,214402.5832252211,82333.77394008647,,,4.666666666666667,40.999999959,0.3333333332222222,55.0,0.341463414625818,0.6549679640432247,0.2033333333333333,0.928,0.0068027210883890975,,d_round,mip,mip,pl_rank,mip,7,0.5656666666666667,18.33333332722222,0.11382113554907801,0,0,1,0.18869333333333332,65.59999880727275
6,8,65.7476666854208,266.0,133.0,497.0,8733.0,1204,7529.0,0.5742574257425743,0.4867057540223616,16,36,0.0,0.0,20.0,0.3,22.166666666666668,62.12499999223437,0.5333333332977778,630.0,0.2676056338022785,0.16486564024098693,0.5742574257425743,0.4867057540223616,0.10884353741422556,1.0,ga_meta,mip,mip,rw_rank_bfs,pl_rank,11,0.530481589882468,335.9999999776,0.3568075060383098,1,0,1,0.27949439339897997,13.861904739901739
7,11,349.2462066130651,1720.0,860.0,2274.0,9625.0,4944,4681.0,0.0,0.0,0,0,0.0,0.0,31.0,0.22580645161290322,122.85714285714286,206.72727270847935,0.5238095237845805,3134.0,0.3781882145996578,0.0795639284689682,0.0,0.0,0.0,0.0,mip,mip,mip,rw_rank_bfs,rw_rank_bfs,7,0.0,1641.619047540875,0.5942957629789689,1,0,1,0.0,3.0711550724086933
4,3,96.54915148785676,132.0,22.0,32.0,8370.0,4698,3672.0,0.0361099712761592,0.2069114470842332,7,59,13903.077814251374,5213.654180344265,31.0,0.12903225806451613,5.5,10.66666666311111,0.49999999991666666,54.0,0.6874999999785157,0.19957922922444293,0.0361099712761592,0.2069114470842332,0.04761904761872368,0.0,ga_meta,mip,ga_meta,pl_rank,pl_rank,7,0.1215107091801962,26.999999995499998,0.5156249518320358,0,0,1,0.007471566410920194,154.9999971296297
5,5,75.9143310157476,250.0,0.0,50.0,3013.0,795,2170.0,0.3375,0.9397222222222222,6,16,25142.404686132188,9982.73452857081,,,0.0,9.999999998,0.49999999995,50.0,0.0,0.7118676484651429,0.3375,0.9397222222222222,0.04081632653033459,,d_round,mip,mip,pl_rank,mip,7,0.6386111111111111,24.999999997499998,0.0,1,0,1,0.31715625000000003,60.259998794800026
4,4,1062.7304519303366,162.0,27.0,87.0,15742.0,2421,13321.0,0.1244122965641952,0.0736439499304589,12,34,247616.1952997684,121151.27152005838,20.0,0.2,6.75,21.7499999945625,0.6666666665555555,114.0,0.3103448275826397,-0.5054030792770392,0.1244122965641952,0.0736439499304589,0.08163265306066918,1.0,ga_meta,mip,sa_meta,pl_rank,sa_meta,9,0.09902812324732704,75.99999998733333,0.31034481339506603,0,0,1,0.009162212938906995,138.08771808694985
7,15,143.93565260246453,392.0,196.0,780.0,10759.0,1488,9271.0,0.4738330975954739,0.3679438232887919,12,36,0.0,0.0,20.0,0.35,28.0,51.99999999653333,0.7142857142517007,976.0,0.25128205128172915,-0.02888017595868786,0.4738330975954739,0.3679438232887919,0.08163265306066918,1.0,ga_meta,mip,mip,rw_rank_bfs,rw_rank_bfs,12,0.4208884604421329,697.1428571096599,0.5384615281424066,1,0,1,0.1743439615300499,11.023565562475856
5,8,450.0025939105891,714.0,102.0,244.0,8008.0,1090,6918.0,0.5820552147239264,0.4941133455210238,14,36,312301.8001739488,155700.89749306382,20.0,0.25,20.4,30.4999999961875,0.79999999992,346.0,0.4180327868835327,0.23419718848618154,0.5820552147239264,0.4941133455210238,0.09523809523744736,1.0,ga_meta,mip,ga_meta,pl_rank,pl_rank,16,0.5380842801224751,276.79999997232,0.6688524371704118,1,0,1,0.28760124942519716,23.144508603628587
5,5,101.67671304531154,66.0,33.0,100.0,7894.0,4259,3635.0,0.0514476614699331,0.1774157049106133,10,59,0.0,0.0,31.0,0.16129032258064516,6.6,19.999999996,0.49999999995,133.0,0.3299999999967,0.24509897676197767,0.0514476614699331,0.1774157049106133,0.06802721088389098,0.0,mip,mip,mip,pl_rank,rw_rank_bfs,5,0.11443168319027319,66.49999999335,0.3299999835660008,1,0,1,0.00912762312569078,59.35338301238058
9,18,955.473629524012,360.0,20.0,10.0,2671.0,586,1993.0,0.5116666666666667,0.9446388888888888,39,16,0.0,0.0,,,2.2222222222222223,0.5555555555246914,0.49999999998611117,30.0,1.9999999998,0.7445730132925313,0.5116666666666667,0.9446388888888888,0.26530612244717483,,ga_meta,mip,mip,rw_rank_bfs,mip,2,0.7281527777777778,14.999999999583334,3.999992800235181,2,1,0,0.4833402314814815,89.03333036555566
4,4,365.1138353006334,950.0,475.0,788.0,9202.0,4586,4616.0,0.0,0.0,0,0,0.0,0.0,31.0,0.12903225806451613,118.75,196.99999995075,0.6666666665555555,1263.0,0.6027918781718239,0.12001530075547484,0.0,0.0,0.0,0.0,ga_meta,mip,mip,rw_rank_bfs,pl_rank,4,0.0,841.9999998596666,0.6027918752634296,0,0,1,0.0,7.285827389322384
8,15,181.5394221593087,1806.0,903.0,3730.0,9202.0,4586,4616.0,0.0,0.0,0,0,0.0,0.0,31.0,0.25806451612903225,112.875,248.6666666500889,0.5357142856951531,4633.0,0.2420911528149485,0.12001530075547484,0.0,0.0,0.0,0.0,ga_meta,pl_rank,ga_meta,rw_rank_bfs,pl_rank,4,0.0,2481.964285625644,0.4539209097329923,2,0,1,0.0,1.9861860561221267
5,5,281.53908532485366,1168.0,584.0,1366.0,9625.0,4944,4681.0,0.0,0.0,0,0,0.0,0.0,31.0,0.16129032258064516,116.8,273.19999994536,0.49999999995,1950.0,0.42752562225444546,0.0795639284689682,0.0,0.0,0.0,0.0,ga_meta,rw_rank_bfs,ga_meta,rw_rank_bfs,rw_rank_bfs,8,0.0,974.9999999025,0.4275256207753821,1,0,1,0.0,4.935897433366206
6,6,758.0344693759318,498.0,249.0,599.0,8830.0,1137,7693.0,0.5620184899845917,0.4648347826086957,7,35,0.0,0.0,20.0,0.3,41.5,99.83333331669445,0.39999999997333335,848.0,0.41569282136825425,0.1555895572343885,0.5620184899845917,0.4648347826086957,0.04761904761872368,1.0,ga_meta,mip,pso_meta,rw_rank_bfs,pso_meta,16,0.5134266362966438,339.1999999773867,0.4156928172743624,1,0,1,0.2612457426140551,10.412735836777435
3,2,72.55864421525345,24.0,6.0,42.0,7718.0,4247,3471.0,0.054120267260579,0.2145281737949762,12,52,6530.2779793728105,3482.8149223321657,31.0,0.0967741935483871,2.0,20.9999999895,0.6666666664444444,48.0,0.14285714285374151,0.26192980778425934,0.054120267260579,0.2145281737949762,0.08163265306066918,0.0,ga_meta,mip,ga_meta,pl_rank,pl_rank,5,0.1343242205277776,31.999999989333332,0.09523809075056709,0,0,1,0.011610322100708054,160.79166331684036
7,9,55.257940173074886,1406.0,703.0,2239.0,9202.0,4586,4616.0,0.0,0.0,0,0,0.0,0.0,31.0,0.22580645161290322,100.42857142857143,248.7777777501358,0.42857142855102043,2942.0,0.3139794551137499,0.12001530075547484,0.0,0.0,0.0,0.0,ga_meta,ga_meta,sa_meta,rw_rank_bfs,pl_rank,3,0.0,1260.8571427971021,0.40368786928288547,1,0,1,0.0,3.127804213756695
5,5,567.2568138443279,468.0,52.0,42.0,8724.0,4627,4097.0,0.0506770619614279,0.1151187904967602,8,63,119691.18772115318,53322.14050136682,31.0,0.16129032258064516,10.4,8.39999999832,0.49999999995,94.0,1.2380952380657597,0.16572630773644448,0.0506770619614279,0.1151187904967602,0.05442176870711278,0.0,ga_meta,rw_rank_bfs,ga_meta,pl_rank,pl_rank,5,0.08289792622909405,46.9999999953,1.2380950909505846,1,1,0,0.005833882078928954,92.8085096509733
6,8,950.578946726142,1236.0,618.0,2094.0,9625.0,4944,4681.0,0.0,0.0,0,0,0.0,0.0,31.0,0.1935483870967742,103.0,261.74999996728127,0.5333333332977778,2712.0,0.2951289398279393,0.0795639284689682,0.0,0.0,0.0,0.0,ga_meta,pl_rank,ga_meta,rw_rank_bfs,rw_rank_bfs,6,0.0,1446.3999999035734,0.39350525164993216,1,0,1,0.0,3.5490412966264597
7,12,128.93850223226715,408.0,204.0,690.0,9053.0,1354,7699.0,0.4808282208588957,0.4370018281535649,11,36,0.0,0.0,20.0,0.35,29.142857142857142,57.499999995208334,0.5714285714013605,894.0,0.295652173912615,0.13426412929138376,0.4808282208588957,0.4370018281535649,0.07482993197228008,1.0,ga_meta,ga_meta,mip,pl_rank,rw_rank_bfs,9,0.45891502450623034,510.8571428328163,0.5068322893644074,1,0,1,0.2101228115431635,10.126398198963761
6,7,38.43104427519972,1608.0,134.0,360.0,7620.0,1054,6566.0,0.6272984441301273,0.5523588764657759,17,36,53380.720498252405,18984.93587194866,20.0,0.3,22.333333333333332,51.42857142122449,0.46666666663555556,494.0,0.3722222222211883,0.2713015205125753,0.6272984441301273,0.5523588764657759,0.11564625850261466,1.0,ga_meta,mip,ga_meta,rw_rank_bfs,rw_rank_bfs,12,0.5898286602979516,230.53333331796443,0.43425925087736644,1,0,1,0.3464938638084464,15.425101183349998
9,18,655.4861767268447,774.0,387.0,1450.0,9791.0,1331,8460.0,0.4872881355932204,0.4114782608695652,6,33,0.0,0.0,20.0,0.45,43.0,80.55555555108025,0.49999999998611117,1837.0,0.2668965517239539,0.06368939466386148,0.4872881355932204,0.4114782608695652,0.04081632653033459,1.0,ga_meta,ga_meta,mip,rw_rank_bfs,rw_rank_bfs,20,0.4493831982313928,918.4999999744862,0.533793096851534,2,0,1,0.2005084745762712,5.329885680277688
2,1,175.85276369443173,4.0,1.0,11.0,8585.0,4696,3889.0,0.0365203118588428,0.1600431965442764,8,58,2110.233164333181,2110.233164333181,31.0,0.06451612903225806,0.5,10.999999988999999,0.9999999989999999,12.0,0.09090909090082644,0.17901883905517835,0.0365203118588428,0.1600431965442764,0.05442176870711278,0.0,ga_meta,ga_meta,mip,pl_rank,mip,8,0.0982817542015596,11.999999987999999,0.04545454136776897,0,0,1,0.005844827448683047,715.4166070486161
5,6,212.63117042815423,910.0,455.0,1126.0,17304.0,2649,14655.0,0.0,0.0,0,0,0.0,0.0,20.0,0.25,91.0,187.66666663538888,0.59999999994,1581.0,0.4040852575484866,-0.6547767045997896,0.0,0.0,0.0,1.0,ga_meta,ga_meta,ga_meta,pl_rank,pl_rank,13,0.0,948.59999990514,0.48490230655558275,1,0,1,0.0,10.944971530079082
7,10,325.61536518143015,572.0,286.0,799.0,10804.0,1821,8983.0,0.2985362095531587,0.375095652173913,3,18,0.0,0.0,20.0,0.35,40.857142857142854,79.89999999201,0.47619047616780047,1085.0,0.3579474342924181,-0.03318351343597592,0.2985362095531587,0.375095652173913,0.020408163265167294,1.0,ga_meta,mip,mip,rw_rank_bfs,mip,15,0.33681593086353584,516.6666666420635,0.5113534712124543,1,0,1,0.11197963421987,9.95760367745843
3,2,1433.8518200259173,165.0,11.0,32.0,16080.0,2473,13607.0,0.1056057866184448,0.0537552155771905,11,36,98935.77558178829,61655.62826111444,20.0,0.15,3.6666666666666665,15.999999992,0.6666666664444444,43.0,0.34374999998925787,-0.5377259252175577,0.1056057866184448,0.0537552155771905,0.07482993197228008,1.0,ga_meta,pl_rank,pl_rank,pl_rank,pl_rank,14,0.07968050109781766,28.666666657111108,0.2291666524583342,0,0,1,0.0056768618258732795,373.9534796755005
7,8,570.7949184245264,288.0,144.0,409.0,8220.0,1264,6956.0,0.553041018387553,0.5257703845104991,14,36,0.0,0.0,20.0,0.35,20.571428571428573,51.12499999360937,0.3809523809342404,553.0,0.35207823960794116,0.21392368748206947,0.553041018387553,0.5257703845104991,0.09523809523744736,1.0,ga_meta,sa_meta,mip,rw_rank_bfs,sa_meta,10,0.5394057014490261,210.66666665663493,0.40237512316136687,1,0,1,0.29077258888770174,14.864376103319392
3,2,565.9576239147773,51.0,17.0,2.0,15729.0,2455,13274.0,0.1121157323688969,0.0769123783031988,11,34,10753.194854380768,10753.194854380768,20.0,0.15,5.666666666666667,0.9999999995,0.6666666664444444,19.0,8.49999999575,-0.5041598928947117,0.1121157323688969,0.0769123783031988,0.07482993197228008,1.0,ga_meta,ga_meta,ga_meta,pl_rank,pl_rank,15,0.09451405533604784,12.666666662444444,5.666661002838995,0,1,0,0.00862308762169679,827.842061692523
8,14,549.0273183246783,1410.0,705.0,3066.0,9659.0,4735,4924.0,0.0,0.0,0,0,0.0,0.0,31.0,0.25806451612903225,88.125,218.99999998435715,0.49999999998214284,3771.0,0.2299412915850522,0.07631251793057281,0.0,0.0,0.0,0.0,ga_meta,ga_meta,ga_meta,pl_rank,pl_rank,5,0.0,1885.4999999326606,0.40239725846528485,2,0,1,0.0,2.561389551163779
5,7,523.929053023313,920.0,460.0,2018.0,17304.0,2649,14655.0,0.0,0.0,0,0,0.0,0.0,20.0,0.25,92.0,288.2857142445306,0.69999999993,2478.0,0.22794846382545692,-0.6547767045997896,0.0,0.0,0.0,1.0,ga_meta,sa_meta,pl_rank,pl_rank,pl_rank,18,0.0,1734.59999982654,0.31912784829440294,1,0,1,0.0,6.9830508446396085
6,9,192.40876832824677,1404.0,702.0,2267.0,9625.0,4944,4681.0,0.0,0.0,0,0,0.0,0.0,31.0,0.1935483870967742,117.0,251.88888886090123,0.59999999996,2969.0,0.3096603440669124,0.0795639284689682,0.0,0.0,0.0,0.0,ga_meta,mip,ga_meta,rw_rank_bfs,rw_rank_bfs,5,0.0,1781.3999998812399,0.46449051430815413,1,0,1,0.0,3.24183226566459
6,9,1176.6674020481812,1386.0,693.0,2754.0,9202.0,4586,4616.0,0.0,0.0,0,0,0.0,0.0,31.0,0.1935483870967742,115.5,305.999999966,0.59999999996,3447.0,0.2516339869280132,0.12001530075547484,0.0,0.0,0.0,0.0,ga_meta,ga_meta,ga_meta,rw_rank_bfs,pl_rank,4,0.0,2068.19999986212,0.3774509792005959,1,0,1,0.0,2.6695677392893624
2,0,131.65145229409416,16.0,8.0,0.0,3013.0,795,2170.0,0.3375,0.9397222222222222,24,16,43602.2296028468,17312.165976673383,,,4.0,0.0,0.0,8.0,7999999999.999999,0.7118676484651429,0.3375,0.9397222222222222,0.16326530612133835,,d_round,mip,mip,pl_rank,mip,7,0.6386111111111111,0.0,4000000.0,0,1,0,0.31715625000000003,376.62495292188095
6,8,1720.4719555422344,986.0,493.0,2246.0,9202.0,4586,4616.0,0.0,0.0,0,0,0.0,0.0,31.0,0.1935483870967742,82.16666666666667,280.74999996490624,0.5333333332977778,2739.0,0.21950133570782748,0.12001530075547484,0.0,0.0,0.0,0.0,ga_meta,ga_meta,ga_meta,rw_rank_bfs,ga_meta,2,0.0,1460.7999999026133,0.2926684466046984,1,0,1,0.0,3.359620298152749
3,3,212.80585874725213,192.0,24.0,57.0,8546.0,4692,3854.0,0.0373409930242101,0.1676025917926565,7,53,49158.15337061524,17237.274558527424,31.0,0.0967741935483871,8.0,18.999999993666666,0.9999999996666666,81.0,0.42105263157156053,0.18274839820216127,0.0373409930242101,0.1676025917926565,0.04761904761872368,0.0,ga_meta,mip,ga_meta,pl_rank,pl_rank,5,0.1024717924084333,80.999999973,0.42105260955863455,0,0,1,0.006258447210969119,105.50617153696085
6,9,270.0129964594614,1224.0,612.0,1929.0,17304.0,2649,14655.0,0.0,0.0,0,0,0.0,0.0,20.0,0.3,102.0,214.3333333095185,0.59999999996,2541.0,0.31726283048195064,-0.6547767045997896,0.0,0.0,0.0,1.0,ga_meta,ga_meta,ga_meta,pl_rank,pl_rank,16,0.0,1524.59999989836,0.4758942435557034,1,0,1,0.0,6.809917352691887
6,7,1029.3647001623096,1898.0,146.0,322.0,7715.0,1219,6496.0,0.5689533239038189,0.5571311698936461,16,36,932604.4183470524,481742.6796759609,20.0,0.3,24.333333333333332,45.999999993428574,0.46666666663555556,468.0,0.45341614906691485,0.26221669694941185,0.5689533239038189,0.5571311698936461,0.10884353741422556,1.0,ga_meta,ga_meta,ga_meta,rw_rank_bfs,pl_rank,12,0.5630422468987325,218.39999998544,0.5289854958222614,1,0,1,0.3169816309614132,16.485042699818283
5,6,527.0605173955836,800.0,400.0,1414.0,9625.0,4944,4681.0,0.0,0.0,0,0,0.0,0.0,31.0,0.16129032258064516,80.0,235.66666662738888,0.59999999994,1814.0,0.2828854314000828,0.0795639284689682,0.0,0.0,0.0,0.0,ga_meta,pl_rank,pl_rank,rw_rank_bfs,pl_rank,7,0.0,1088.39999989116,0.33946251629648155,1,0,1,0.0,5.305953690570036
5,6,107.47546033692886,1134.0,126.0,309.0,9756.0,1581,8175.0,0.440947666195191,0.4426643032451595,13,36,76307.57683921949,46751.825246564054,20.0,0.25,25.2,51.499999991416665,0.59999999994,435.0,0.4077669902899425,0.06703643492397438,0.440947666195191,0.4426643032451595,0.08843537414905826,1.0,ga_meta,ga_meta,ga_meta,rw_rank_bfs,pl_rank,12,0.44180598472017524,260.9999999739,0.4893203789297014,1,0,1,0.19519179142387338,22.427586155338883
5,6,682.4714936500981,1272.0,636.0,1562.0,17304.0,2649,14655.0,0.0,0.0,0,0,0.0,0.0,20.0,0.25,127.2,260.33333328994445,0.59999999994,2198.0,0.4071702944939775,-0.6547767045997896,0.0,0.0,0.0,1.0,ga_meta,pl_rank,ga_meta,pl_rank,ga_meta,13,0.0,1318.79999986812,0.48860435159767857,1,0,1,0.0,7.8726114613864375
2,0,468.6835176812073,14.0,7.0,41.0,3013.0,795,2170.0,0.3375,0.9397222222222222,21,16,155225.37725869543,61631.882575078766,,,3.5,41000000000.0,0.0,48.0,0.170731707312909,0.7118676484651429,0.3375,0.9397222222222222,0.14285714285617104,,d_round,mip,mip,pl_rank,mip,7,0.6386111111111111,0.0,8.536585365853658e-11,0,0,1,0.31715625000000003,62.77083202560767
10,22,653.1280401911738,464.0,9.0,17.0,2556.0,652,1866.0,0.4566666666666666,0.9481666666666668,3,16,240290.96226033437,101002.81389956402,,,0.9,0.7727272726921488,0.48888888887802473,26.0,0.5294117646747405,0.755570431290045,0.4566666666666666,0.9481666666666668,0.020408163265167294,,d_round,mip,mip,pl_rank,mip,7,0.7024166666666667,12.711111110828643,1.1647043751413968,2,1,0,0.43299611111111114,98.30768852662736
5,5,203.8980013602853,310.0,13.0,49.0,3608.0,956,2592.0,0.2033333333333333,0.928,22,16,0.0,0.0,,,2.6,9.79999999804,0.49999999995,62.0,0.2653061224435652,0.6549679640432247,0.2033333333333333,0.928,0.14965986394456016,,mip,mip,mip,pl_rank,mip,1,0.5656666666666667,30.9999999969,0.2653060954299903,1,0,1,0.18869333333333332,58.193547448491174
4,5,813.5362441929522,256.0,128.0,237.0,8339.0,1120,7219.0,0.6039603960396039,0.5078401963457868,17,36,0.0,0.0,20.0,0.2,32.0,47.39999999052,0.8333333331944445,365.0,0.5400843881833752,0.2025437505976858,0.6039603960396039,0.5078401963457868,0.11564625850261466,1.0,ga_meta,ga_meta,mcts,rw_rank_bfs,pl_rank,11,0.5559002961926953,304.16666661597225,0.6751054711243571,0,0,1,0.30671536610983163,22.846575279872397
4,5,67.58768888749623,792.0,396.0,986.0,17304.0,2649,14655.0,0.0,0.0,0,0,0.0,0.0,20.0,0.2,99.0,197.19999996056,0.8333333331944445,1382.0,0.401622718052331,-0.6547767045997896,0.0,0.0,0.0,1.0,ga_meta,ga_meta,rw_rank_bfs,pl_rank,rw_rank_bfs,16,0.0,1151.6666664747222,0.5020283951205456,0,0,1,0.0,12.520984071981921
8,12,1687.1257134326838,1624.0,812.0,3212.0,17304.0,2649,14655.0,0.0,0.0,0,0,0.0,0.0,20.0,0.4,101.5,267.6666666443611,0.42857142855612246,4024.0,0.2528019925279412,-0.6547767045997896,0.0,0.0,0.0,1.0,ga_meta,ga_meta,ga_meta,pl_rank,pl_rank,7,0.0,1724.5714285098368,0.3792029874069316,2,0,1,0.0,4.30019880608842
3,1,137.31625522824214,28.0,2.0,22.0,3013.0,795,2170.0,0.3375,0.9397222222222222,19,16,45478.3808635092,18057.087562513843,,,0.6666666666666666,21.999999977999998,0.3333333332222222,24.0,0.09090909090495868,0.7118676484651429,0.3375,0.9397222222222222,0.12925170067939284,,d_round,mip,mip,pl_rank,mip,7,0.6386111111111111,7.999999997333333,0.030303028955922923,0,0,1,0.31715625000000003,125.5416614357641
5,7,912.873047099461,225.0,45.0,78.0,8529.0,4701,3828.0,0.0354944604021337,0.1732181425485961,7,58,309463.9629667173,112283.38479323372,31.0,0.16129032258064516,9.0,11.142857141265306,0.69999999993,123.0,0.5769230769156805,0.18437410347135885,0.0354944604021337,0.1732181425485961,0.04761904761872368,0.0,ga_meta,mip,ga_meta,pl_rank,ga_meta,5,0.1043563014753649,86.09999999138999,0.8076922353224917,1,0,1,0.006148284501622295,69.34146285088242
5,5,352.5757491009,1196.0,598.0,1128.0,9659.0,4735,4924.0,0.0,0.0,0,0,0.0,0.0,31.0,0.16129032258064516,119.6,225.59999995488,0.49999999995,1726.0,0.5301418439711613,0.07631251793057281,0.0,0.0,0.0,0.0,mcts,rw_rank_bfs,mcts,pl_rank,pl_rank,3,0.0,862.9999999137,0.53014184172774,1,0,1,0.0,5.596176126537557
3,2,513.3483154231568,170.0,17.0,46.0,16025.0,2461,13564.0,0.1099457504520795,0.0567454798331015,9,35,32340.943871658877,32340.943871658877,20.0,0.15,5.666666666666667,22.9999999885,0.6666666664444444,63.0,0.36956521738327036,-0.5324662905230946,0.1099457504520795,0.0567454798331015,0.06122448979550188,1.0,ga_meta,ga_meta,mip,pl_rank,mip,9,0.08334561514259049,41.999999986,0.24637680100535647,0,0,1,0.006238924365013687,254.3650753275385
3,3,32.48346120726308,112.0,16.0,49.0,16296.0,2565,13731.0,0.0723327305605786,0.0451321279554937,9,36,4222.849956944201,2111.4249784721005,20.0,0.15,5.333333333333333,16.333333327888887,0.9999999996666666,65.0,0.3265306122382341,-0.5583819451085397,0.0723327305605786,0.0451321279554937,0.06122448979550188,1.0,ga_meta,mcts,pl_rank,pl_rank,pl_rank,9,0.05873242925803615,64.99999997833334,0.32653059236207255,0,0,1,0.0032645300510302827,250.70768845065095
3,2,664.1372010258053,250.0,25.0,14.0,8295.0,4357,3938.0,0.0296213808463251,0.1088481556913328,6,43,35199.27165436768,25901.35084000641,31.0,0.0967741935483871,8.333333333333334,6.9999999965,0.6666666664444444,39.0,1.7857142855867347,0.20675145835325615,0.0296213808463251,0.1088481556913328,0.04081632653033459,0.0,ga_meta,mip,mip,pl_rank,rw_rank_bfs,8,0.06923476826882895,25.999999991333333,1.1904760210034255,0,1,0,0.0032242326741530576,212.69230223865893
3,2,239.83802760129245,105.0,35.0,33.0,7989.0,4267,3722.0,0.0496659242761692,0.1577279927585426,10,63,21105.746428913735,16308.985876887888,31.0,0.0967741935483871,11.666666666666666,16.49999999175,0.6666666664444444,68.0,1.0606060605739211,0.23601415319881414,0.0496659242761692,0.1577279927585426,0.06802721088389098,0.0,ga_meta,pl_rank,rw_rank_bfs,pl_rank,rw_rank_bfs,5,0.1036969585173559,45.333333318222216,0.7070706645714748,0,0,1,0.007833706544577941,117.48529238992218
4,5,1216.0926395176373,950.0,475.0,1274.0,9625.0,4944,4681.0,0.0,0.0,0,0,0.0,0.0,31.0,0.12903225806451613,118.75,254.79999994904,0.8333333331944445,1749.0,0.37284144426972304,0.0795639284689682,0.0,0.0,0.0,0.0,ga_meta,rw_rank_bfs,mcts,rw_rank_bfs,rw_rank_bfs,8,0.0,1457.4999997570833,0.4660518036016413,0,0,1,0.0,5.503144650941598
4,3,1085.0346353837938,155.0,17.0,29.0,3608.0,956,2592.0,0.2033333333333333,0.928,18,16,0.0,0.0,,,4.25,9.666666663444444,0.49999999991666666,46.0,0.5862068965315101,0.6549679640432247,0.2033333333333333,0.928,0.12244897959100376,,mip,mip,mip,pl_rank,mip,3,0.5656666666666667,22.999999996166665,0.43965512707878,0,0,1,0.18869333333333332,78.43478090359173
3,3,874.7835670134227,184.0,23.0,55.0,15834.0,2500,13334.0,0.0958408679927667,0.0727399165507649,11,36,87478.35670134227,68233.11822704697,20.0,0.15,7.666666666666667,18.33333332722222,0.9999999996666666,78.0,0.4181818181742149,-0.5142010136750501,0.0958408679927667,0.0727399165507649,0.07482993197228008,1.0,ga_meta,mip,mip,pl_rank,rw_rank_bfs,19,0.0842903922717658,77.99999997399999,0.41818179551129603,0,0,1,0.006971456739946724,202.99999739743595
6,7,85.6585030901122,1042.0,521.0,1677.0,17304.0,2649,14655.0,0.0,0.0,0,0,0.0,0.0,20.0,0.3,86.83333333333333,239.57142853720407,0.46666666663555556,2198.0,0.310673822301544,-0.6547767045997896,0.0,0.0,0.0,1.0,ga_meta,rw_rank_bfs,rw_rank_bfs,pl_rank,rw_rank_bfs,8,0.0,1025.7333332649512,0.3624527912242082,1,0,1,0.0,7.8726114613864375
8,14,37.42947871365255,628.0,19.0,34.0,2556.0,652,1866.0,0.4566666666666666,0.9481666666666668,34,16,0.0,0.0,,,2.375,2.428571428397959,0.49999999998214284,53.0,0.5588235293953288,0.755570431290045,0.4566666666666666,0.9481666666666668,0.23129251700522932,,ga_meta,mip,mip,pl_rank,mip,6,0.7024166666666667,26.49999999905357,0.977940773858946,2,0,1,0.43299611111111114,48.22641418440728
3,3,436.1538851755814,88.0,11.0,37.0,7991.0,4267,3724.0,0.0496659242761692,0.1572754016745869,11,58,34456.15692887093,20935.38648842791,31.0,0.0967741935483871,3.6666666666666665,12.333333329222222,0.9999999996666666,48.0,0.29729729728926224,0.23582289375537913,0.0496659242761692,0.1572754016745869,0.07482993197228008,0.0,ga_meta,mip,mip,pl_rank,mip,7,0.10347066297537805,47.999999984,0.2972972732912121,0,0,1,0.007811228190074127,166.47916319835076
3,2,219.51350183573592,876.0,73.0,135.0,10221.0,1461,8760.0,0.4833804809052333,0.4027815653122443,13,36,79024.86066086493,45658.80838183307,20.0,0.15,24.333333333333332,67.49999996625,0.6666666664444444,208.0,0.5407407407367353,0.022568614325332303,0.4833804809052333,0.4027815653122443,0.08843537414905826,1.0,ga_meta,ga_meta,pl_rank,rw_rank_bfs,pl_rank,16,0.44308102310873876,138.66666662044443,0.3604938220000915,0,0,1,0.19469674674039528,49.139422840675856
10,22,1136.8535748496722,892.0,446.0,1650.0,10719.0,1831,8888.0,0.2946841294298922,0.381704347826087,3,36,0.0,0.0,20.0,0.5,44.6,74.99999999659092,0.48888888887802473,2096.0,0.2703030303028665,-0.025054987089987657,0.2946841294298922,0.381704347826087,0.020408163265167294,1.0,ga_meta,ga_meta,ga_meta,rw_rank_bfs,rw_rank_bfs,7,0.3381942386279896,1024.7111110883397,0.5946666587648082,2,0,1,0.1124822134387352,5.114026715117354
4,3,663.1063409747441,504.0,126.0,202.0,8177.0,1187,6990.0,0.5802687411598303,0.523452413416962,15,36,347467.7226707659,217498.87983971604,20.0,0.2,31.5,67.33333331088889,0.49999999991666666,328.0,0.6237623762345359,0.2180357655159223,0.5802687411598303,0.523452413416962,0.10204081632583646,1.0,ga_meta,mip,mip,rw_rank_bfs,pso_meta,19,0.5518605772883962,163.99999997266667,0.46782177538631026,0,0,1,0.3037430729905356,24.92987797277476
4,3,72.20360507476114,56.0,2.0,16.0,2556.0,652,1866.0,0.4566666666666666,0.9481666666666668,16,16,26564.27633546574,11165.907505837731,,,0.5,5.333333331555555,0.49999999991666666,18.0,0.1249999999921875,0.755570431290045,0.4566666666666666,0.9481666666666668,0.10884353741422556,,d_round,mip,mip,pl_rank,mip,7,0.7024166666666667,8.9999999985,0.0937499824531283,0,0,1,0.43299611111111114,141.99999211111154
6,7,50.111004279537816,73.0,11.0,1.0,3121.0,919,2202.0,0.2341666666666666,0.9388333333333332,15,16,16212.383737497528,6442.948682588222,,,1.8333333333333333,0.1428571428367347,0.46666666663555556,12.0,10.999999988999999,0.701539638519652,0.2341666666666666,0.9388333333333332,0.10204081632583646,,d_round,mip,mip,rw_rank_bfs,mip,7,0.5864999999999999,5.599999999626666,12.833243502462135,1,1,0,0.21984347222222214,260.083311659724
6,5,157.5800155060661,1170.0,585.0,1096.0,9202.0,4586,4616.0,0.0,0.0,0,0,0.0,0.0,31.0,0.1935483870967742,97.5,219.19999995615999,0.3333333333111111,1681.0,0.5337591240871042,0.12001530075547484,0.0,0.0,0.0,0.0,ga_meta,ga_meta,ga_meta,rw_rank_bfs,ga_meta,5,0.0,560.3333332959777,0.44479926813275883,1,0,1,0.0,5.4741225428470415
2,0,173.74098354469876,24.0,12.0,40.0,3013.0,795,2170.0,0.3375,0.9397222222222222,43,16,0.0,0.0,,,6.0,40000000000.0,0.0,52.0,0.29999999999250004,0.7118676484651429,0.3375,0.9397222222222222,0.29251700680073117,,mip,mip,mip,pl_rank,mip,2,0.6386111111111111,0.0,1.5e-10,0,0,1,0.31715625000000003,57.94230657803257
4,5,233.6339530957456,746.0,373.0,1507.0,9625.0,4944,4681.0,0.0,0.0,0,0,0.0,0.0,31.0,0.12903225806451613,93.25,301.39999993972,0.8333333331944445,1880.0,0.24751161247495188,0.0795639284689682,0.0,0.0,0.0,0.0,ga_meta,mip,ga_meta,rw_rank_bfs,rw_rank_bfs,7,0.0,1566.6666664055556,0.30938951462926506,0,0,1,0.0,5.119680848340595
5,6,1326.2792483368744,1008.0,504.0,1769.0,9202.0,4586,4616.0,0.0,0.0,0,0,0.0,0.0,31.0,0.16129032258064516,100.8,294.83333328419445,0.59999999994,2273.0,0.2849067269642256,0.12001530075547484,0.0,0.0,0.0,0.0,ga_meta,pl_rank,pl_rank,rw_rank_bfs,pl_rank,2,0.0,1363.7999998636199,0.34188807125464754,1,0,1,0.0,4.048394190915797
6,6,159.48055134355334,1331.0,121.0,212.0,8436.0,1130,7306.0,0.6004243281471005,0.5019089173711481,16,36,77029.10629893627,53107.02359740326,20.0,0.3,20.166666666666668,35.33333332744444,0.39999999997333335,333.0,0.5707547169784398,0.19326766759108727,0.6004243281471005,0.5019089173711481,0.10884353741422556,1.0,ga_meta,mip,ga_meta,rw_rank_bfs,pso_meta,14,0.5511666227591243,133.19999999112,0.570754700922823,1,0,1,0.3013583245036101,25.33333325725726
4,4,142.3319171342423,816.0,102.0,240.0,7249.0,630,6619.0,0.7584355828220859,0.5159780621572212,19,36,78709.550175236,48677.51565991087,20.0,0.2,25.5,59.999999985,0.6666666665555555,342.0,0.4249999999982292,0.30678014726977143,0.7584355828220859,0.5159780621572212,0.12925170067939284,1.0,ga_meta,mip,mip,pl_rank,mip,12,0.6372068224896535,227.99999996199998,0.4249999930229168,0,0,1,0.39133612229562253,21.195906370772203
7,10,591.125964250909,256.0,18.0,13.0,3013.0,795,2170.0,0.3375,0.9397222222222222,26,16,0.0,0.0,,,2.5714285714285716,1.29999999987,0.47619047616780047,31.0,1.3846153845088758,0.7118676484651429,0.3375,0.9397222222222222,0.17687074829811653,,ga_meta,mip,mip,pl_rank,mip,6,0.6386111111111111,14.761904761201814,1.9780204566655828,1,1,0,0.31715625000000003,97.19354525182112
4,3,82.83349507145984,215.0,43.0,46.0,8028.0,4327,3701.0,0.0363028953229398,0.1624801991400769,8,63,13833.193676933794,7372.181061359925,31.0,0.12903225806451613,10.75,15.333333328222222,0.49999999991666666,89.0,0.9347826086753309,0.23228459405183133,0.0363028953229398,0.1624801991400769,0.05442176870711278,0.0,ga_meta,pl_rank,ga_meta,pl_rank,pl_rank,9,0.09939154723150834,44.499999992583334,0.7010869110323754,0,0,1,0.005898501661432624,90.20224617750286
4,4,492.0674010246415,820.0,410.0,824.0,9625.0,4944,4681.0,0.0,0.0,0,0,0.0,0.0,31.0,0.12903225806451613,102.5,205.9999999485,0.6666666665555555,1234.0,0.49757281553337673,0.0795639284689682,0.0,0.0,0.0,0.0,ga_meta,mip,ga_meta,rw_rank_bfs,pl_rank,4,0.0,822.6666665295555,0.49757281324297176,0,0,1,0.0,7.799837919124928
3,2,517.1518507895037,165.0,33.0,54.0,9034.0,4783,4251.0,0.018670496512105,0.0818574514038876,5,63,116359.16642763832,44992.211018686816,31.0,0.0967741935483871,11.0,26.9999999865,0.6666666664444444,87.0,0.6111111110997943,0.13608109400401647,0.018670496512105,0.0818574514038876,0.03401360544194549,0.0,ga_meta,rw_rank_bfs,ga_meta,pl_rank,pl_rank,5,0.0502639739579963,57.999999980666665,0.4074073925219484,0,0,1,0.001528319260926088,103.83907926621748
9,19,616.4402335034371,736.0,368.0,1523.0,8830.0,1137,7693.0,0.5620184899845917,0.4648347826086957,7,35,0.0,0.0,20.0,0.45,40.888888888888886,80.15789473262326,0.5277777777631173,1891.0,0.2416283650687842,0.1555895572343885,0.5620184899845917,0.4648347826086957,0.04761904761872368,1.0,ga_meta,mip,ga_meta,rw_rank_bfs,rw_rank_bfs,15,0.5134266362966438,998.0277777500548,0.5101043199197608,2,0,1,0.2612457426140551,4.669487041422799
5,7,793.6786128530658,304.0,152.0,588.0,9548.0,1641,7907.0,0.3678736517719568,0.4499478260869565,4,36,0.0,0.0,20.0,0.25,30.4,83.999999988,0.69999999993,740.0,0.2585034013601046,0.08692741704121643,0.3678736517719568,0.4499478260869565,0.02721088435355639,1.0,ga_meta,ga_meta,mip,rw_rank_bfs,rw_rank_bfs,14,0.4089107389294566,517.9999999482,0.3619047576480726,1,0,1,0.165523949889462,12.902702685266618
4,3,423.42221946515326,1140.0,95.0,89.0,8168.0,1059,7109.0,0.6255304101838755,0.5153395145895827,17,36,116441.11035291717,77909.6883815882,20.0,0.2,23.75,29.666666656777778,0.49999999991666666,184.0,1.067415730325085,0.21889643301137995,0.6255304101838755,0.5153395145895827,0.11564625850261466,1.0,ga_meta,rw_rank_bfs,pso_meta,rw_rank_bfs,pso_meta,16,0.5704349623867291,91.99999998466666,0.8005617710344346,0,0,1,0.32236053794518094,44.391304106569
8,13,1717.8116840122784,1436.0,718.0,3491.0,9202.0,4586,4616.0,0.0,0.0,0,0,0.0,0.0,31.0,0.25806451612903225,89.75,268.5384615178047,0.4642857142691327,4209.0,0.20567172729870933,0.12001530075547484,0.0,0.0,0.0,0.0,ga_meta,ga_meta,sa_meta,rw_rank_bfs,sa_meta,2,0.0,1954.1785713587794,0.33421655564163133,2,0,1,0.0,2.1862675214572898
7,10,138.58300049101408,483.0,9.0,42.0,2671.0,586,1993.0,0.5116666666666667,0.9446388888888888,50,16,0.0,0.0,,,1.2857142857142858,4.19999999958,0.47619047616780047,51.0,0.21428571428061227,0.7445730132925313,0.5116666666666667,0.9446388888888888,0.3401360544194549,,mip,mip,mip,rw_rank_bfs,mip,1,0.7281527777777778,24.285714284557823,0.30612237612392407,1,0,1,0.4833402314814815,52.37254799269514
2,0,3.0288232223351974,28.0,14.0,37.0,3121.0,919,2202.0,0.2341666666666666,0.9388333333333332,3,16,979.9133954613872,389.4264916599504,,,7.0,37000000000.0,0.0,51.0,0.37837837836815197,0.701539638519652,0.2341666666666666,0.9388333333333332,0.020408163265167294,,d_round,mip,mip,rw_rank_bfs,mip,7,0.5864999999999999,0.0,1.891891891891892e-10,0,0,1,0.21984347222222214,61.19607723144947
5,5,108.72333042017232,78.0,39.0,83.0,8387.0,4438,3949.0,0.0115812917594654,0.1063589047295768,3,13,0.0,0.0,31.0,0.16129032258064516,7.8,16.59999999668,0.49999999995,122.0,0.4698795180666279,0.19795352395524524,0.0115812917594654,0.1063589047295768,0.020408163265167294,0.0,mip,mip,mip,pl_rank,rw_rank_bfs,6,0.0589700982445211,60.9999999939,0.4698794898602716,1,0,1,0.0012317735068904136,68.74590107585327
5,5,451.56952386374695,45.0,9.0,0.0,3608.0,956,2592.0,0.2033333333333333,0.928,19,16,0.0,0.0,,,1.8,0.0,0.49999999995,9.0,9000000000.0,0.6549679640432247,0.2033333333333333,0.928,0.12925170067939284,,mip,mip,mip,pl_rank,mip,2,0.5656666666666667,4.49999999955,1800000.0000000002,1,1,0,0.18869333333333332,400.888844345684
8,14,6.584571864642202,1728.0,864.0,3287.0,9659.0,4735,4924.0,0.0,0.0,0,0,0.0,0.0,31.0,0.25806451612903225,108.0,234.78571426894388,0.49999999998214284,4151.0,0.26285366595671955,0.07631251793057281,0.0,0.0,0.0,0.0,ga_meta,mip,ga_meta,pl_rank,pl_rank,6,0.0,2075.499999925875,0.45999391349804847,2,0,1,0.0,2.326909177950636
6,11,45.24588361144339,1080.0,540.0,3104.0,17304.0,2649,14655.0,0.0,0.0,0,0,0.0,0.0,20.0,0.3,90.0,282.18181815616526,0.7333333332844444,3644.0,0.1739690721648924,-0.6547767045997896,0.0,0.0,0.0,1.0,ga_meta,ga_meta,mcts,pl_rank,sa_meta,16,0.0,2672.2666664885155,0.3189432978677912,1,0,1,0.0,4.748627880145821
8,12,1917.6502648004457,1544.0,772.0,3704.0,17304.0,2649,14655.0,0.0,0.0,0,0,0.0,0.0,20.0,0.4,96.5,308.66666664094447,0.42857142855612246,4476.0,0.20842332613385303,-0.6547767045997896,0.0,0.0,0.0,1.0,ga_meta,mip,sa_meta,pl_rank,pl_rank,16,0.0,1918.285714217204,0.3126349882140605,2,0,1,0.0,3.865951741763639
6,9,851.1817108850397,266.0,133.0,495.0,7732.0,1050,6682.0,0.6287128712871287,0.5444505044995909,17,36,0.0,0.0,20.0,0.3,22.166666666666668,54.99999999388889,0.59999999996,628.0,0.2686868686863259,0.26059099168021416,0.6287128712871287,0.5444505044995909,0.11564625850261466,1.0,ga_meta,rw_rank_bfs,mip,rw_rank_bfs,rw_rank_bfs,10,0.5865816878933598,376.79999997488,0.4030302957472606,1,0,1,0.3423030399576636,12.312101891222767
6,7,849.7780730729035,344.0,6.0,44.0,2671.0,586,1993.0,0.5116666666666667,0.9446388888888888,35,16,0.0,0.0,,,1.0,6.2857142848163265,0.46666666663555556,50.0,0.1363636363605372,0.7445730132925313,0.5116666666666667,0.9446388888888888,0.2380952380936184,,ga_meta,mip,mip,rw_rank_bfs,mip,6,0.7281527777777778,23.333333331777776,0.15909088380372302,1,0,1,0.4833402314814815,53.41999893160003
4,6,70.43317415415201,38.0,19.0,84.0,8777.0,4716,4061.0,0.0324169060320065,0.1228941684665226,6,52,0.0,0.0,31.0,0.12903225806451613,4.75,13.999999997666666,0.9999999998333333,103.0,0.22619047618778343,0.1606579324854165,0.0324169060320065,0.1228941684665226,0.04081632653033459,0.0,mip,mip,mip,pl_rank,mip,4,0.07765553724926455,102.99999998283333,0.33928569010756976,0,0,1,0.003983848711060839,85.2135914056933
5,7,391.884684818543,574.0,41.0,108.0,16067.0,2476,13591.0,0.1045207956600361,0.0548678720445062,12,36,111295.25048846622,58390.818037962905,20.0,0.25,8.2,15.428571426367347,0.69999999993,149.0,0.3796296296261145,-0.53648273883523,0.1045207956600361,0.0548678720445062,0.08163265306066918,1.0,ga_meta,rw_rank_bfs,ga_meta,pl_rank,pl_rank,13,0.07969433385227115,104.29999998957,0.5314814471095358,1,0,1,0.005734833642264839,107.83221404139454
6,7,965.8375862074244,112.0,0.0,16.0,3121.0,919,2202.0,0.2341666666666666,0.9388333333333332,9,16,312476.8661259314,124181.14729722808,,,0.0,2.2857142853877552,0.46666666663555556,16.0,0.0,0.701539638519652,0.2341666666666666,0.9388333333333332,0.06122448979550188,,d_round,mip,mip,rw_rank_bfs,mip,7,0.5864999999999999,7.466666666168889,0.0,1,0,1,0.21984347222222214,195.0624878085945
5,5,409.75489930284607,235.0,19.0,28.0,3608.0,956,2592.0,0.2033333333333333,0.928,9,16,0.0,0.0,,,3.8,5.5999999988799996,0.49999999995,47.0,0.6785714285471939,0.6549679640432247,0.2033333333333333,0.928,0.06122448979550188,,ga_meta,mip,mip,pl_rank,mip,6,0.5656666666666667,23.49999999765,0.6785713075336951,1,0,1,0.18869333333333332,76.76595581349031
5,7,430.9847785484864,242.0,121.0,376.0,7520.0,1204,6316.0,0.5742574257425743,0.5694027815653122,17,36,0.0,0.0,20.0,0.25,24.2,53.714285706612245,0.69999999993,497.0,0.321808510637442,0.28086449268432634,0.5742574257425743,0.5694027815653122,0.11564625850261466,1.0,ga_meta,ga_meta,d_round,rw_rank_bfs,d_round,10,0.5718301036539433,347.89999996521,0.45053190657041664,1,0,1,0.3269837755523575,15.130784677805263
5,6,471.1130994476061,1020.0,102.0,387.0,9238.0,1160,8078.0,0.5552147239263804,0.4092870201096892,14,36,526704.4451824236,230374.30562987935,20.0,0.25,20.4,64.49999998925,0.59999999994,489.0,0.2635658914721872,0.11657263077364444,0.5552147239263804,0.4092870201096892,0.09523809523744736,1.0,ga_meta,mip,ga_meta,pl_rank,pl_rank,13,0.4822508720180348,293.39999997065996,0.3162790649166036,1,0,1,0.227242179876852,18.89161550328913
4,3,1181.551700964263,110.0,2.0,34.0,2671.0,586,1993.0,0.5116666666666667,0.9446388888888888,44,16,0.0,0.0,,,0.5,11.333333329555556,0.49999999991666666,36.0,0.05882352941003461,0.7445730132925313,0.5116666666666667,0.9446388888888888,0.2993197278891203,,mip,mip,mip,rw_rank_bfs,mip,1,0.7281527777777778,17.999999997,0.04411764318079619,0,0,1,0.4833402314814815,74.19444238348771
5,6,312.008685853115,492.0,41.0,58.0,9021.0,4763,4258.0,0.0227739023389412,0.0803455723542116,5,63,37129.03361652069,30888.859899458388,31.0,0.16129032258064516,8.2,9.666666665055555,0.59999999994,99.0,0.7068965517119501,0.13732428038634403,0.0227739023389412,0.0803455723542116,0.03401360544194549,0.0,ga_meta,ga_meta,ga_meta,pl_rank,pl_rank,6,0.0515597373465764,59.399999994059996,0.8482757744576785,1,0,1,0.001829782218161149,91.12121120079586
6,7,563.500615369933,1364.0,682.0,2067.0,9659.0,4735,4924.0,0.0,0.0,0,0,0.0,0.0,31.0,0.1935483870967742,113.66666666666667,295.2857142435306,0.46666666663555556,2749.0,0.32994678277681183,0.07631251793057281,0.0,0.0,0.0,0.0,ga_meta,mip,ga_meta,pl_rank,pl_rank,6,0.0,1282.8666665811422,0.3849379119911795,1,0,1,0.0,3.5136413228397085
6,7,70.2378564731614,1326.0,663.0,1780.0,9202.0,4586,4616.0,0.0,0.0,0,0,0.0,0.0,31.0,0.1935483870967742,110.5,254.28571424938775,0.46666666663555556,2443.0,0.3724719101121503,0.12001530075547484,0.0,0.0,0.0,0.0,ga_meta,ga_meta,ga_meta,rw_rank_bfs,pl_rank,3,0.0,1140.0666665906622,0.43455056015092475,1,0,1,0.0,3.766680309551093
4,5,277.0121054077156,190.0,38.0,78.0,8791.0,4721,4070.0,0.0313910545752974,0.1209503239740821,5,36,68976.01424652118,32133.404227295006,31.0,0.12903225806451613,9.5,15.59999999688,0.8333333331944445,116.0,0.4871794871732413,0.1593191163813713,0.0313910545752974,0.1209503239740821,0.03401360544194549,0.0,ga_meta,mip,ga_meta,pl_rank,pl_rank,3,0.07617068927468976,96.66666665055556,0.6089743200593385,0,0,1,0.003796758220770313,75.7844821053062
9,18,241.13825700815673,747.0,11.0,36.0,3608.0,956,2592.0,0.2033333333333333,0.928,13,16,0.0,0.0,,,1.2222222222222223,1.9999999998888889,0.49999999998611117,47.0,0.3055555555470679,0.6549679640432247,0.2033333333333333,0.928,0.08843537414905826,,ga_meta,mip,mip,pl_rank,mip,6,0.5656666666666667,23.499999999347224,0.6111108055896589,2,0,1,0.18869333333333332,76.76595581349031
8,15,1187.2291653473658,1338.0,669.0,4032.0,9625.0,4944,4681.0,0.0,0.0,0,0,0.0,0.0,31.0,0.25806451612903225,83.625,268.79999998208,0.5357142856951531,4701.0,0.1659226190475779,0.0795639284689682,0.0,0.0,0.0,0.0,ga_meta,mip,ga_meta,rw_rank_bfs,rw_rank_bfs,8,0.0,2518.3928570529147,0.3111049095776417,2,0,1,0.0,2.047436715156895
3,2,186.57946943530635,304.0,76.0,117.0,8453.0,1168,7285.0,0.5521472392638036,0.4672760511882998,12,36,44592.493195038216,36009.83760101413,20.0,0.15,25.333333333333332,58.49999997075,0.6666666664444444,193.0,0.6495726495670977,0.19164196232188968,0.5521472392638036,0.4672760511882998,0.08163265306066918,1.0,ga_meta,sa_meta,ga_meta,pl_rank,pl_rank,14,0.5097116452260517,128.66666662377776,0.4330484258624201,0,0,1,0.2580051816377115,43.797927234207634
5,6,509.2490884323171,1050.0,150.0,313.0,8264.0,1117,7147.0,0.605021216407355,0.5127488410144532,16,36,394158.7944466134,235782.3279441628,20.0,0.25,30.0,52.16666665797222,0.59999999994,463.0,0.4792332268355296,0.20971597972649902,0.605021216407355,0.5127488410144532,0.10884353741422556,1.0,ga_meta,mip,mip,rw_rank_bfs,mip,10,0.5588850287109041,277.79999997222,0.5750798612764244,1,0,1,0.31022392750202593,17.848812056482046
6,9,538.9108739554525,1132.0,566.0,1918.0,17304.0,2649,14655.0,0.0,0.0,0,0,0.0,0.0,20.0,0.3,94.33333333333333,213.1111110874321,0.59999999996,2484.0,0.29509906152226534,-0.6547767045997896,0.0,0.0,0.0,1.0,ga_meta,ga_meta,ga_meta,pl_rank,pl_rank,13,0.0,1490.3999999006398,0.44264859025573305,1,0,1,0.0,6.966183572074805
5,5,670.4508623296095,312.0,156.0,443.0,9548.0,1641,7907.0,0.3678736517719568,0.4499478260869565,4,36,0.0,0.0,20.0,0.25,31.2,88.59999998228,0.49999999995,599.0,0.3521444695251645,0.08692741704121643,0.3678736517719568,0.4499478260869565,0.02721088435355639,1.0,ga_meta,ga_meta,pl_rank,rw_rank_bfs,pl_rank,15,0.4089107389294566,299.49999997005,0.35214446562184576,1,0,1,0.165523949889462,15.939899806444242
8,18,134.8867418735272,1720.0,860.0,4103.0,17304.0,2649,14655.0,0.0,0.0,0,0,0.0,0.0,20.0,0.4,107.5,227.94444443178085,0.6428571428341837,4963.0,0.2096027297099172,-0.6547767045997896,0.0,0.0,0.0,1.0,ga_meta,mcts,mip,pl_rank,d_round,9,0.0,3190.499999886054,0.47160613980467697,2,0,1,0.0,3.4866008455598223
2,1,589.9291509612043,198.0,22.0,6.0,8143.0,4298,3845.0,0.042761692650334,0.1298936410952704,8,63,16518.01622691372,16518.01622691372,31.0,0.06451612903225806,11.0,5.9999999939999995,0.9999999989999999,28.0,3.6666666660555554,0.2212871760543177,0.042761692650334,0.1298936410952704,0.05442176870711278,0.0,ga_meta,ga_meta,ga_meta,pl_rank,pl_rank,13,0.0863276668728022,27.999999971999998,1.8333330296111616,0,1,0,0.005554471957748747,290.8214181849493
5,5,0.4535407446703668,2072.0,148.0,252.0,7847.0,1120,6727.0,0.6039603960396039,0.5413826015816744,14,36,379.1600625444267,181.41629786814676,20.0,0.25,29.6,50.39999998992,0.49999999995,400.0,0.5873015872992567,0.24959357368270063,0.6039603960396039,0.5413826015816744,0.09523809523744736,1.0,ga_meta,pl_rank,ga_meta,rw_rank_bfs,rw_rank_bfs,12,0.5726714988106392,199.99999997999998,0.5873015757662386,1,0,1,0.3269736504602192,19.61749995095625
4,3,20.31177279629453,922.0,461.0,959.0,9625.0,4944,4681.0,0.0,0.0,0,0,0.0,0.0,31.0,0.12903225806451613,115.25,319.6666665601111,0.49999999991666666,1420.0,0.4807090719494466,0.0795639284689682,0.0,0.0,0.0,0.0,ga_meta,sa_meta,ga_meta,rw_rank_bfs,rw_rank_bfs,6,0.0,709.9999998816667,0.3605318029548015,0,0,1,0.0,6.778169009311148
7,7,1630.8210271142057,304.0,152.0,390.0,9296.0,1370,7926.0,0.5155586987270155,0.4596400327242977,13,36,0.0,0.0,20.0,0.35,21.714285714285715,55.71428570632653,0.3333333333174603,542.0,0.38974358974259043,0.11102610691402892,0.5155586987270155,0.4596400327242977,0.08843537414905826,1.0,ga_meta,ga_meta,ga_meta,rw_rank_bfs,rw_rank_bfs,12,0.48759936572565665,180.6666666580635,0.38974358280386984,1,0,1,0.23697141715418177,17.15129148127068
6,8,357.8410765199365,471.0,157.0,391.0,8704.0,1150,7554.0,0.5590490797546013,0.4476051188299816,14,36,433345.5436656431,196096.9099329252,20.0,0.3,26.166666666666668,48.874999993890626,0.5333333332977778,548.0,0.401534526853193,0.1676389021707947,0.5590490797546013,0.4476051188299816,0.09523809523744736,1.0,ga_meta,mip,ga_meta,pl_rank,pl_rank,12,0.5033270992922915,292.2666666471822,0.535379358251829,1,0,1,0.2502332297753502,15.883211649848153
4,3,99.92732112292434,434.0,31.0,31.0,8622.0,4720,3902.0,0.0315962248666392,0.1572354211663067,7,60,15788.516737422044,6195.493909621309,31.0,0.12903225806451613,7.75,10.33333332988889,0.49999999991666666,62.0,0.9999999999677419,0.17548053935163044,0.0315962248666392,0.1572354211663067,0.04761904761872368,0.0,ga_meta,mip,ga_meta,pl_rank,pl_rank,7,0.09441582301647294,30.99999999483333,0.7499999276693619,0,0,1,0.004968045724171347,139.06451388605623
6,7,216.83242546104904,452.0,226.0,552.0,9548.0,1641,7907.0,0.3678736517719568,0.4499478260869565,4,36,0.0,0.0,20.0,0.3,37.666666666666664,78.85714284587755,0.46666666663555556,778.0,0.40942028985433077,0.08692741704121643,0.3678736517719568,0.4499478260869565,0.02721088435355639,1.0,ga_meta,pso_meta,mip,rw_rank_bfs,d_round,9,0.4089107389294566,363.0666666424622,0.47765699884191004,1,0,1,0.165523949889462,12.272493557490368
8,14,315.5866800704873,376.0,5.0,24.0,2556.0,652,1866.0,0.4566666666666666,0.9481666666666668,41,16,0.0,0.0,,,0.625,1.7142857141632653,0.49999999998214284,29.0,0.2083333333246528,0.755570431290045,0.4566666666666666,0.9481666666666668,0.278911564623953,,ga_meta,mip,mip,pl_rank,mip,6,0.7024166666666667,14.499999999482142,0.36458312068588794,2,0,1,0.43299611111111114,88.13792799524386
3,2,513.3483154231568,51.0,17.0,46.0,8494.0,4680,3814.0,0.0398030365203118,0.1762419006479482,6,58,55954.96638112409,32340.943871658877,31.0,0.0967741935483871,5.666666666666667,22.9999999885,0.6666666664444444,63.0,0.36956521738327036,0.18772114373147175,0.0398030365203118,0.1762419006479482,0.04081632653033459,0.0,ga_meta,mip,ga_meta,pl_rank,pl_rank,6,0.10802246858413,41.999999986,0.24637680100535647,0,0,1,0.007014962807899447,134.8253946853112
7,13,401.6958796214675,1470.0,735.0,3330.0,9202.0,4586,4616.0,0.0,0.0,0,0,0.0,0.0,31.0,0.22580645161290322,105.0,256.153846134142,0.6190476190181405,4065.0,0.22072072072065443,0.12001530075547484,0.0,0.0,0.0,0.0,ga_meta,mip,ga_meta,rw_rank_bfs,d_round,5,0.0,2516.428571308741,0.4099099083411926,1,0,1,0.0,2.263714636589492
5,7,142.78446341406072,714.0,357.0,1748.0,9202.0,4586,4616.0,0.0,0.0,0,0,0.0,0.0,31.0,0.16129032258064516,71.4,249.71428567861224,0.69999999993,2105.0,0.20423340961086714,0.12001530075547484,0.0,0.0,0.0,0.0,pso_meta,pl_rank,pso_meta,rw_rank_bfs,pl_rank,2,0.0,1473.4999998526498,0.2859267723512086,1,0,1,0.0,4.371496434977912
4,4,140.5148830367041,432.0,48.0,45.0,8963.0,4689,4274.0,0.0379565038982355,0.076889848812095,6,63,22341.866402835953,13067.88412241348,31.0,0.12903225806451613,12.0,11.2499999971875,0.6666666665555555,93.0,1.066666666642963,0.14287080424595966,0.0379565038982355,0.076889848812095,0.04081632653033459,0.0,ga_meta,rw_rank_bfs,ga_meta,pl_rank,pl_rank,7,0.05742317635516525,61.99999998966666,1.0666665721185271,0,1,0,0.002918469846171022,96.37634304971674
7,10,441.952116949239,308.0,154.0,534.0,8503.0,1511,6992.0,0.4206288343558282,0.4887020109689214,10,29,0.0,0.0,20.0,0.35,22.0,53.39999999466,0.47619047616780047,688.0,0.2883895131080742,0.1868604762360142,0.4206288343558282,0.4887020109689214,0.06802721088389098,1.0,ga_meta,mip,mip,pl_rank,mip,9,0.4546654226623748,327.61904760344675,0.4119850110527152,1,0,1,0.20556215722120658,12.359011609943297
7,10,74.94339259546538,47.0,1.0,4.0,2671.0,586,1993.0,0.5116666666666667,0.9446388888888888,5,16,25644.818747329384,10066.720572958458,,,0.14285714285714285,0.39999999996,0.47619047616780047,5.0,0.2499999999375,0.7445730132925313,0.5116666666666667,0.9446388888888888,0.03401360544194549,,d_round,mip,mip,rw_rank_bfs,mip,7,0.7281527777777778,2.3809523808390023,0.3571419643236605,1,0,1,0.4833402314814815,534.1998931600214
7,10,43.36503943742113,205.0,5.0,17.0,2556.0,652,1866.0,0.4566666666666666,0.9481666666666668,34,16,0.0,0.0,,,0.7142857142857143,1.69999999983,0.47619047616780047,22.0,0.2941176470415225,0.755570431290045,0.4566666666666666,0.9481666666666668,0.23129251700522932,,ga_meta,mip,mip,pl_rank,mip,6,0.7024166666666667,10.47619047569161,0.42016782011136633,1,0,1,0.43299611111111114,116.18181290082669
8,12,2216.1445591984884,1810.0,905.0,3003.0,9659.0,4735,4924.0,0.0,0.0,0,0,0.0,0.0,31.0,0.25806451612903225,113.125,250.24999997914583,0.42857142855612246,3908.0,0.301365301365201,0.07631251793057281,0.0,0.0,0.0,0.0,mip,mip,mip,pl_rank,rw_rank_bfs,2,0.0,1674.8571427973266,0.45204795027923733,2,0,1,0.0,2.4715967240349035
3,2,406.9349534617289,90.0,6.0,50.0,8538.0,4691,3847.0,0.0375461633155519,0.1691144708423326,9,63,43135.105066943266,22788.35739385682,31.0,0.0967741935483871,2.0,24.9999999875,0.6666666664444444,56.0,0.11999999999760001,0.1835134359759013,0.0375461633155519,0.1691144708423326,0.06122448979550188,0.0,ga_meta,rw_rank_bfs,ga_meta,pl_rank,pl_rank,3,0.10333031707894225,37.33333332088888,0.07999999684000011,0,0,1,0.006349599541269359,152.46428299170924
7,11,795.2697551268346,1328.0,664.0,2688.0,9625.0,4944,4681.0,0.0,0.0,0,0,0.0,0.0,31.0,0.22580645161290322,94.85714285714286,244.36363634142148,0.5238095237845805,3352.0,0.24702380952371764,0.0795639284689682,0.0,0.0,0.0,0.0,mip,rw_rank_bfs,mip,rw_rank_bfs,rw_rank_bfs,3,0.0,1755.8095237259138,0.38818027055559734,1,0,1,0.0,2.871420046876068
7,11,1116.8831627245718,1544.0,772.0,2817.0,9625.0,4944,4681.0,0.0,0.0,0,0,0.0,0.0,31.0,0.22580645161290322,110.28571428571429,256.0909090676281,0.5238095237845805,3589.0,0.27405040823561444,0.0795639284689682,0.0,0.0,0.0,0.0,ga_meta,ga_meta,ga_meta,rw_rank_bfs,rw_rank_bfs,6,0.0,1879.9523808628592,0.4306506398707795,1,0,1,0.0,2.681805516109834
8,14,1387.0550029208707,1548.0,774.0,3672.0,17304.0,2649,14655.0,0.0,0.0,0,0,0.0,0.0,20.0,0.4,96.75,262.2857142669796,0.49999999998214284,4446.0,0.2107843137254328,-0.6547767045997896,0.0,0.0,0.0,1.0,ga_meta,mip,sa_meta,pl_rank,sa_meta,9,0.0,2222.999999920607,0.36887254763957905,2,0,1,0.0,3.8920377858992263
2,1,142.3319171342423,196.0,28.0,8.0,7887.0,4252,3635.0,0.0530066815144766,0.1774157049106133,11,63,6262.604353906661,5123.949016832723,31.0,0.06451612903225806,14.0,7.999999991999999,0.9999999989999999,36.0,3.4999999995625,0.2457683848140002,0.0530066815144766,0.1774157049106133,0.07482993197228008,0.0,ga_meta,mcts,ga_meta,pl_rank,pl_rank,7,0.11521119321254494,35.999999964,1.7499997830000271,0,1,0,0.00940421776586324,219.08332724768536
3,3,107.19271544260012,168.0,14.0,38.0,8321.0,4338,3983.0,0.0338530066815144,0.0986648563023308,7,63,8682.60995085061,5574.021203015207,31.0,0.0967741935483871,4.666666666666667,12.666666662444444,0.9999999996666666,52.0,0.3684210526218837,0.2042650855886009,0.0338530066815144,0.0986648563023308,0.04761904761872368,0.0,ga_meta,mip,ga_meta,pl_rank,pl_rank,7,0.06625893149192259,51.999999982666665,0.36842102366851576,0,0,1,0.0033401020396334625,160.01922769193794
6,8,300.7505950085731,1248.0,624.0,1486.0,9659.0,4735,4924.0,0.0,0.0,0,0,0.0,0.0,31.0,0.1935483870967742,104.0,185.74999997678125,0.5333333332977778,2110.0,0.41991924629850613,0.07631251793057281,0.0,0.0,0.0,0.0,ga_meta,mip,ga_meta,pl_rank,pl_rank,8,0.0,1125.333333258311,0.5598923254541462,1,0,1,0.0,4.577725116313875
4,3,197.25502605793244,1106.0,79.0,156.0,7854.0,1131,6723.0,0.5663343558282208,0.5083729433272395,13,36,68250.23901604462,46354.93112361412,20.0,0.2,19.75,51.999999982666665,0.49999999991666666,235.0,0.5064102564070102,0.24892416563067798,0.5663343558282208,0.5083729433272395,0.08843537414905826,1.0,ga_meta,mip,rw_rank_bfs,pl_rank,rw_rank_bfs,12,0.5373536495777301,117.49999998041666,0.37980768513030094,0,0,1,0.28790906337972877,33.42127645352648
6,7,1473.9373806093115,194.0,97.0,412.0,8235.0,1091,7144.0,0.5816717791411044,0.4775868372943327,15,36,0.0,0.0,20.0,0.3,16.166666666666668,58.857142848734696,0.46666666663555556,509.0,0.23543689320331204,0.21248924165630678,0.5816717791411044,0.4775868372943327,0.10204081632583646,1.0,ga_meta,mip,mip,pl_rank,mip,9,0.5296293082177186,237.53333331749778,0.2746763707769387,1,0,1,0.27779878534336766,16.178781893558384
9,17,617.3399277299684,594.0,297.0,1357.0,9283.0,1565,7718.0,0.3971494607087827,0.463095652173913,5,36,0.0,0.0,20.0,0.45,33.0,79.8235294070692,0.472222222209105,1654.0,0.21886514369917548,0.11226929329635649,0.3971494607087827,0.463095652173913,0.03401360544194549,1.0,ga_meta,ga_meta,ga_meta,rw_rank_bfs,ga_meta,13,0.4301225564413479,781.0555555338597,0.41341193294399203,2,0,1,0.18391818851745156,5.612454651987633
3,3,628.9164279405528,40.0,10.0,49.0,16120.0,2516,13604.0,0.0900542495479204,0.0539638386648122,8,35,38363.90210437372,37106.06924849262,20.0,0.15,3.3333333333333335,16.333333327888887,0.9999999996666666,59.0,0.2040816326488963,-0.5415511140862581,0.0900542495479204,0.0539638386648122,0.05442176870711278,1.0,ga_meta,ga_meta,mip,pl_rank,pl_rank,13,0.0720090441063663,58.99999998033333,0.20408162022629536,0,0,1,0.004859672993684713,273.2203343521977
5,5,929.7153691939768,1764.0,147.0,277.0,8172.0,1076,7096.0,0.6195190947666196,0.5162257976547586,18,36,698216.2422646765,394199.3165382461,20.0,0.25,29.4,55.39999998892,0.49999999995,424.0,0.5306859205757015,0.21851391412450993,0.6195190947666196,0.5162257976547586,0.12244897959100376,1.0,ga_meta,mip,mip,rw_rank_bfs,sa_meta,15,0.5678724462106891,211.9999999788,0.5306859111045864,1,0,1,0.3198117388582522,19.27358486020381
4,3,1201.3679900228506,208.0,26.0,47.0,16309.0,2532,13777.0,0.0842676311030741,0.041933240611961,9,36,98512.17518187374,87699.86327166809,20.0,0.2,6.5,15.666666661444443,0.49999999991666666,73.0,0.5531914893499321,-0.5596251314908673,0.0842676311030741,0.041933240611961,0.06122448979550188,1.0,ga_meta,ga_meta,ga_meta,pl_rank,pl_rank,11,0.06310043585751755,36.49999999391667,0.4148935906770049,0,0,1,0.0035336148508451747,223.41095584368554
6,7,95.4582604759614,1148.0,574.0,1844.0,17304.0,2649,14655.0,0.0,0.0,0,0,0.0,0.0,20.0,0.3,95.66666666666667,263.42857139093877,0.46666666663555556,2418.0,0.31127982646403946,-0.6547767045997896,0.0,0.0,0.0,1.0,ga_meta,ga_meta,ga_meta,pl_rank,pl_rank,13,0.0,1128.3999999247733,0.36315979621486705,1,0,1,0.0,7.156327540464712
3,2,424.8870652977719,390.0,26.0,22.0,8209.0,4290,3919.0,0.0445434298440979,0.1131477709889114,9,62,23793.675656675223,20394.579134293053,31.0,0.0967741935483871,8.666666666666666,10.9999999945,0.6666666664444444,48.0,1.1818181817644628,0.21497561442096202,0.0445434298440979,0.1131477709889114,0.06122448979550188,0.0,ga_meta,mip,ga_meta,pl_rank,pl_rank,8,0.07884560041650465,31.999999989333332,0.7878787166473894,0,0,1,0.005039989799060631,171.0208297703994
6,6,392.6423300477022,1965.0,131.0,239.0,8388.0,1242,7146.0,0.5237730061349692,0.4774405850091407,13,36,268959.996082676,145277.66211764983,20.0,0.3,21.833333333333332,39.833333326694444,0.39999999997333335,370.0,0.5481171548094221,0.19785789423352773,0.5237730061349692,0.4774405850091407,0.08843537414905826,1.0,ga_meta,mip,ga_meta,pl_rank,pl_rank,13,0.500606795572055,147.99999999013335,0.5481171411428054,1,0,1,0.250070490461076,22.67027020899927
5,4,161.1729662852628,1090.0,545.0,1132.0,9659.0,4735,4924.0,0.0,0.0,0,0,0.0,0.0,31.0,0.16129032258064516,109.0,282.99999992925,0.39999999996,1677.0,0.4814487632504581,0.07631251793057281,0.0,0.0,0.0,0.0,ga_meta,mip,mip,pl_rank,mip,9,0.0,670.7999999329201,0.38515900933601055,1,0,1,0.0,5.7596899190460995
6,7,87.20045234110518,102.0,3.0,12.0,3121.0,919,2202.0,0.2341666666666666,0.9388333333333332,12,16,28211.911051534025,11211.669923798272,,,0.5,1.7142857140408163,0.46666666663555556,15.0,0.24999999997916666,0.701539638519652,0.2341666666666666,0.9388333333333332,0.08163265306066918,,d_round,mip,mip,rw_rank_bfs,mip,7,0.5864999999999999,6.999999999533333,0.2916664965695437,1,0,1,0.21984347222222214,208.06665279555648
5,4,613.0661039835774,1124.0,562.0,1043.0,9202.0,4586,4616.0,0.0,0.0,0,0,0.0,0.0,31.0,0.16129032258064516,112.4,260.7499999348125,0.39999999996,1605.0,0.5388302972190424,0.12001530075547484,0.0,0.0,0.0,0.0,ga_meta,ga_meta,ga_meta,rw_rank_bfs,ga_meta,5,0.0,641.9999999358,0.4310642362302427,1,0,1,0.0,5.733333329761162
6,8,400.1798115176719,1548.0,774.0,2265.0,17304.0,2649,14655.0,0.0,0.0,0,0,0.0,0.0,20.0,0.3,129.0,283.12499996460934,0.5333333332977778,3039.0,0.3417218543044849,-0.6547767045997896,0.0,0.0,0.0,1.0,ga_meta,ga_meta,ga_meta,pl_rank,pl_rank,19,0.0,1620.7999998919465,0.45562913752051526,1,0,1,0.0,5.693978280456078
5,6,803.2867844522009,720.0,120.0,267.0,7174.0,1015,6159.0,0.6410891089108911,0.5801063539678211,19,36,708498.9438868412,310871.98558300175,20.0,0.25,24.0,44.499999992583334,0.59999999994,387.0,0.44943820224550773,0.31395237639858464,0.6410891089108911,0.5801063539678211,0.12925170067939284,1.0,ga_meta,pso_meta,ga_meta,rw_rank_bfs,rw_rank_bfs,9,0.610597731439356,232.19999997678,0.5393258306668353,1,0,1,0.3718998655387764,18.537467652357964
5,5,195.5976736419636,1862.0,133.0,287.0,8391.0,1109,7282.0,0.6078500707213579,0.5035451322607036,17,36,148654.23196789235,82151.02292962471,20.0,0.25,26.6,57.39999998852,0.49999999995,420.0,0.4634146341447268,0.19757100506837522,0.6078500707213579,0.5035451322607036,0.11564625850261466,1.0,ga_meta,mip,mip,rw_rank_bfs,mip,17,0.5556976014910308,209.999999979,0.46341462616559886,1,0,1,0.3060799442560642,19.978571381003402
6,10,270.2013514538551,1146.0,573.0,2140.0,9202.0,4586,4616.0,0.0,0.0,0,0,0.0,0.0,31.0,0.1935483870967742,95.5,213.9999999786,0.6666666666222222,2713.0,0.26775700934566926,0.12001530075547484,0.0,0.0,0.0,0.0,ga_meta,pl_rank,ga_meta,rw_rank_bfs,ga_meta,5,0.0,1808.666666546089,0.4462616802022819,1,0,1,0.0,3.3918171753071076
4,4,354.79829551403145,770.0,385.0,1095.0,17304.0,2649,14655.0,0.0,0.0,0,0,0.0,0.0,20.0,0.2,96.25,273.7499999315625,0.6666666665555555,1480.0,0.35159817351566064,-0.6547767045997896,0.0,0.0,0.0,1.0,ga_meta,mip,ga_meta,pl_rank,ga_meta,18,0.0,986.6666665022221,0.35159817231950435,0,0,1,0.0,11.691891883991964
7,10,674.3189756921565,253.0,19.0,12.0,3608.0,956,2592.0,0.2033333333333333,0.928,6,16,207706.29972689116,79762.30169615794,,,2.7142857142857144,1.19999999988,0.47619047616780047,31.0,1.5833333332013888,0.6549679640432247,0.2033333333333333,0.928,0.04081632653033459,,d_round,mip,mip,pl_rank,mip,7,0.5656666666666667,14.761904761201814,2.261902877211888,1,1,0,0.18869333333333332,116.38709301977119
5,6,245.6946978618924,1140.0,570.0,1344.0,17304.0,2649,14655.0,0.0,0.0,0,0,0.0,0.0,20.0,0.25,114.0,223.99999996266666,0.59999999994,1914.0,0.4241071428568273,-0.6547767045997896,0.0,0.0,0.0,1.0,ga_meta,ga_meta,mip,pl_rank,mcts,11,0.0,1148.39999988516,0.5089285692413903,1,0,1,0.0,9.040752346373692
5,6,285.70935425001045,369.0,123.0,340.0,9760.0,1365,8395.0,0.5173267326732673,0.4276656667575674,13,36,285423.64489576046,132283.43101775483,20.0,0.25,24.6,56.66666665722222,0.59999999994,463.0,0.36176470588128895,0.06665391603710435,0.5173267326732673,0.4276656667575674,0.08843537414905826,1.0,ga_meta,mip,mcts,rw_rank_bfs,pso_meta,15,0.47249619971541734,277.79999997222,0.434117639470277,1,0,1,0.22124288206022671,21.079913561382476
7,10,465.8852298132563,362.0,181.0,449.0,8717.0,1176,7541.0,0.5841584158415842,0.4858876465775839,15,36,0.0,0.0,20.0,0.35,25.857142857142858,44.89999999551,0.47619047616780047,630.0,0.4031180400881891,0.166395715788467,0.5841584158415842,0.4858876465775839,0.10204081632583646,1.0,ga_meta,mip,mip,rw_rank_bfs,pl_rank,13,0.535023031209584,299.9999999857143,0.5758829016446697,1,0,1,0.28383535790175696,13.836507914545226
6,9,473.4151478979741,1596.0,114.0,445.0,15122.0,2494,12628.0,0.0437116564417178,0.076563071297989,1,6,549634.9867095479,264639.0676749675,20.0,0.3,19.0,49.44444443895062,0.59999999996,559.0,0.2561797752803232,-0.4461126518121832,0.0437116564417178,0.076563071297989,0.0068027210883890975,1.0,ga_meta,mip,ga_meta,pl_rank,pl_rank,16,0.060137363869853404,335.39999997764,0.3842696551922991,1,0,1,0.0033466986687004405,27.051878305810593
7,12,375.9125499814566,1462.0,731.0,3170.0,9659.0,4735,4924.0,0.0,0.0,0,0,0.0,0.0,31.0,0.22580645161290322,104.42857142857143,264.16666664465276,0.5714285714013605,3901.0,0.23059936908510076,0.07631251793057281,0.0,0.0,0.0,0.0,sa_meta,rw_rank_bfs,sa_meta,pl_rank,pl_rank,3,0.0,2229.1428570367075,0.39531320268250075,1,0,1,0.0,2.4760317860866365
3,3,32.43218740750499,143.0,13.0,41.0,15687.0,2464,13223.0,0.1088607594936709,0.0804589707927677,12,36,3470.244052603034,1751.3381200052695,20.0,0.15,4.333333333333333,13.66666666211111,0.9999999996666666,54.0,0.31707317072397384,-0.5001434445825763,0.1088607594936709,0.0804589707927677,0.08163265306066918,1.0,ga_meta,sa_meta,ga_meta,pl_rank,pl_rank,12,0.09465986514321931,53.999999982,0.3170731476369242,0,0,1,0.008758824668579777,290.4999946203705
5,5,389.9622512575213,808.0,101.0,274.0,6845.0,832,6013.0,0.6809815950920246,0.5602925045703839,18,36,455085.9472175273,146235.84422157047,20.0,0.25,20.2,54.799999989039996,0.49999999995,375.0,0.3686131386847861,0.34541455484364536,0.6809815950920246,0.5602925045703839,0.12244897959100376,1.0,ga_meta,mip,ga_meta,pl_rank,pl_rank,12,0.6206370498312043,187.49999998125,0.368613132033337,1,0,1,0.3815488834804455,18.253333284657778
5,4,1477.9694316123027,448.0,32.0,68.0,7928.0,4273,3655.0,0.0483296213808462,0.1728897940710567,9,56,370970.327334688,147796.94316123027,31.0,0.16129032258064516,6.4,16.99999999575,0.39999999996,100.0,0.47058823528719723,0.24184756622358228,0.0483296213808462,0.1728897940710567,0.06122448979550188,0.0,ga_meta,mip,mip,pl_rank,mip,6,0.11060970772595145,39.999999996,0.37647056618408437,1,0,1,0.008355698288066638,79.2799992072
4,6,466.1204582908398,60.0,30.0,95.0,8260.0,4400,3860.0,0.020044543429844,0.1264992079656031,5,27,0.0,0.0,31.0,0.12903225806451613,7.5,15.833333330694444,0.9999999998333333,125.0,0.3157894736808864,0.21009849861336904,0.020044543429844,0.1264992079656031,0.03401360544194549,0.0,mip,mip,mip,pl_rank,pl_rank,3,0.07327187569772355,124.99999997916666,0.4736841806883676,0,0,1,0.002535618867907399,66.07999947136001
3,3,281.27641036700527,72.0,18.0,51.0,7492.0,4205,3287.0,0.0634743875278396,0.2561665535188957,9,61,59911.87540817212,19408.072315323363,31.0,0.0967741935483871,6.0,16.999999994333333,0.9999999996666666,69.0,0.35294117646366785,0.2835421248924166,0.0634743875278396,0.2561665535188957,0.06122448979550188,0.0,ga_meta,rw_rank_bfs,rw_rank_bfs,pl_rank,rw_rank_bfs,5,0.15982047052336767,68.999999977,0.3529411558269908,0,0,1,0.01626001508972945,108.57970857130857
4,3,782.3617907767425,816.0,408.0,763.0,9659.0,4735,4924.0,0.0,0.0,0,0,0.0,0.0,31.0,0.12903225806451613,102.0,254.33333324855556,0.49999999991666666,1171.0,0.5347313237214486,0.07631251793057281,0.0,0.0,0.0,0.0,ga_meta,ga_meta,mip,pl_rank,pl_rank,10,0.0,585.4999999024167,0.4010484913484332,0,0,1,0.0,8.248505543767287
5,8,2028.1630351149151,826.0,413.0,2147.0,17304.0,2649,14655.0,0.0,0.0,0,0,0.0,0.0,20.0,0.25,82.6,268.3749999664531,0.79999999992,2560.0,0.19236143455976137,-0.6547767045997896,0.0,0.0,0.0,1.0,ga_meta,ga_meta,ga_meta,pl_rank,pl_rank,15,0.0,2047.9999997952,0.30777829418741204,1,0,1,0.0,6.759374997359619
7,11,231.69501307997635,1130.0,565.0,2758.0,9202.0,4586,4616.0,0.0,0.0,0,0,0.0,0.0,31.0,0.22580645161290322,80.71428571428571,250.72727270447933,0.5238095237845805,3323.0,0.204858593183392,0.12001530075547484,0.0,0.0,0.0,0.0,ga_meta,mip,ga_meta,rw_rank_bfs,ga_meta,7,0.0,1740.619047536161,0.32192064517647934,1,0,1,0.0,2.769184471029436
3,2,477.58669659025975,308.0,28.0,53.0,8881.0,4739,4142.0,0.0276979893311448,0.1053995680345571,5,33,60653.51046696299,38684.52242381104,31.0,0.0967741935483871,9.333333333333334,26.499999986749998,0.6666666664444444,81.0,0.5283018867824849,0.1507124414267954,0.0276979893311448,0.1053995680345571,0.03401360544194549,0.0,ga_meta,mip,ga_meta,pl_rank,pl_rank,6,0.06654877868285095,53.999999982,0.3522012447471229,0,0,1,0.0029193561109284332,109.64197395503736
3,2,421.3974883372368,980.0,98.0,119.0,7360.0,1195,6165.0,0.5417944785276074,0.5491773308957952,13,34,108299.15450266987,91443.2549691804,20.0,0.15,32.666666666666664,59.499999970249995,0.6666666664444444,217.0,0.8235294117577855,0.2961652481591278,0.5417944785276074,0.5491773308957952,0.08843537414905826,1.0,ga_meta,ga_meta,ga_meta,pl_rank,pl_rank,13,0.5454859047117013,144.66666661844442,0.549019598890427,0,0,1,0.2975412456118707,33.917050534944465
3,2,1159.1671550476713,112.0,56.0,131.0,7330.0,1074,6256.0,0.5881901840490797,0.5425228519195613,14,36,0.0,0.0,20.0,0.15,18.666666666666668,65.49999996724999,0.6666666664444444,187.0,0.4274809160272712,0.2990341398106532,0.5881901840490797,0.5425228519195613,0.09523809523744736,1.0,ga_meta,ga_meta,ga_meta,pl_rank,ga_meta,18,0.5653565179843205,124.6666666251111,0.28498727314523253,0,0,1,0.3191066161213984,39.197860752952614
4,3,1174.3026352883162,129.0,3.0,39.0,2671.0,586,1993.0,0.5116666666666667,0.9446388888888888,33,16,0.0,0.0,,,0.75,12.999999995666666,0.49999999991666666,42.0,0.07692307692110455,0.7445730132925313,0.5116666666666667,0.9446388888888888,0.22448979591684023,,ga_meta,mip,mip,rw_rank_bfs,mip,6,0.7281527777777778,20.9999999965,0.057692303273668984,0,0,1,0.4833402314814815,63.5952365810658
7,13,557.2291119107364,712.0,356.0,1043.0,9283.0,1565,7718.0,0.3971494607087827,0.463095652173913,5,36,0.0,0.0,20.0,0.35,50.857142857142854,80.23076922459764,0.6190476190181405,1399.0,0.3413231064234503,0.11226929329635649,0.3971494607087827,0.463095652173913,0.03401360544194549,1.0,ga_meta,sa_meta,pl_rank,rw_rank_bfs,pl_rank,9,0.4301225564413479,866.0476190063786,0.6338857612207088,1,0,1,0.18391818851745156,6.635453890896744
6,8,990.9451825625172,962.0,481.0,2221.0,9202.0,4586,4616.0,0.0,0.0,0,0,0.0,0.0,31.0,0.1935483870967742,80.16666666666667,277.62499996529687,0.5333333332977778,2702.0,0.21656911301205917,0.12001530075547484,0.0,0.0,0.0,0.0,ga_meta,mip,ga_meta,rw_rank_bfs,ga_meta,5,0.0,1441.0666665705955,0.28875881634553335,1,0,1,0.0,3.405625461359872
5,5,424.32633732834904,86.0,43.0,80.0,8696.0,4716,3980.0,0.0324169060320065,0.1403887688984881,7,63,0.0,0.0,31.0,0.16129032258064516,8.6,15.9999999968,0.49999999995,123.0,0.5374999999932812,0.16840393994453473,0.0324169060320065,0.1403887688984881,0.04761904761872368,0.0,pl_rank,rw_rank_bfs,pl_rank,pl_rank,pl_rank,2,0.0864028374652473,61.49999999385,0.5374999665137521,1,0,1,0.0045509695293313645,70.69918641707979
5,5,97.86448596467396,878.0,439.0,1192.0,17304.0,2649,14655.0,0.0,0.0,0,0,0.0,0.0,20.0,0.25,87.8,238.39999995232,0.49999999995,1631.0,0.3682885906037179,-0.6547767045997896,0.0,0.0,0.0,1.0,ga_meta,ga_meta,ga_meta,pl_rank,pl_rank,13,0.0,815.49999991845,0.36828858913284984,1,0,1,0.0,10.609442053580967
4,3,299.71361990638303,222.0,111.0,102.0,7034.0,1424,5610.0,0.4539877300613497,0.589762340036563,10,32,0.0,0.0,20.0,0.2,27.75,33.999999988666666,0.49999999991666666,213.0,1.088235294106978,0.327340537439036,0.4539877300613497,0.589762340036563,0.06802721088389098,1.0,ga_meta,mip,mip,pl_rank,mip,13,0.5218750350489564,106.49999998225,0.8161764468551046,0,0,1,0.2677448660288691,33.023474023363974
4,4,155.05839780065594,588.0,84.0,168.0,8475.0,1303,7172.0,0.5003834355828221,0.4755393053016453,11,36,59077.24956204991,39074.716245765296,20.0,0.2,21.0,41.9999999895,0.6666666665555555,252.0,0.4999999999970238,0.18953810844410446,0.5003834355828221,0.4755393053016453,0.07482993197228008,1.0,ga_meta,pl_rank,ga_meta,pl_rank,pl_rank,12,0.48796137044223364,167.99999997199998,0.49999998822023844,0,0,1,0.23795199134150577,33.630952247496225
2,0,84.38610480464048,36.0,18.0,17.0,3013.0,795,2170.0,0.3375,0.9397222222222222,43,16,0.0,0.0,,,9.0,16999999999.999998,0.0,35.0,1.058823529349481,0.7118676484651429,0.3375,0.9397222222222222,0.29251700680073117,,mip,mip,mip,pl_rank,mip,1,0.6386111111111111,0.0,5.294117647058823e-10,0,0,1,0.31715625000000003,86.08571182612252
7,12,266.86498094983335,368.0,184.0,718.0,9691.0,1321,8370.0,0.4934815950920245,0.3879341864716636,12,36,0.0,0.0,20.0,0.35,26.285714285714285,59.83333332834722,0.5714285714013605,902.0,0.25626740947039517,0.07325236683561254,0.4934815950920245,0.3879341864716636,0.08163265306066918,1.0,ga_meta,rw_rank_bfs,ga_meta,pl_rank,pl_rank,9,0.440707890781844,515.4285714040271,0.4393155517870063,1,0,1,0.19143838113076342,10.74390242711319
7,10,15.723098415478956,336.0,168.0,391.0,8021.0,1150,6871.0,0.5933521923620934,0.5315653122443414,16,36,0.0,0.0,20.0,0.35,24.0,39.09999999609,0.47619047616780047,559.0,0.4296675191804868,0.23295400210385386,0.5933521923620934,0.5315653122443414,0.10884353741422556,1.0,ga_meta,pso_meta,sa_meta,rw_rank_bfs,pl_rank,12,0.5624587523032174,266.19047617780046,0.6138107260508766,1,0,1,0.3154054434038207,14.348837183633565
10,22,72.46634618915918,572.0,0.0,26.0,3013.0,795,2170.0,0.3375,0.9397222222222222,34,16,0.0,0.0,,,0.0,1.1818181817644628,0.48888888887802473,26.0,0.0,0.7118676484651429,0.3375,0.9397222222222222,0.23129251700522932,,ga_meta,mip,mip,pl_rank,mip,4,0.6386111111111111,12.711111110828643,0.0,2,0,1,0.31715625000000003,115.88461092751496
6,7,285.9639180312326,252.0,14.0,24.0,3608.0,956,2592.0,0.2033333333333333,0.928,9,16,0.0,0.0,,,2.3333333333333335,3.4285714280816326,0.46666666663555556,38.0,0.5833333333090278,0.6549679640432247,0.2033333333333333,0.928,0.06122448979550188,,ga_meta,mip,mip,pl_rank,mip,6,0.5656666666666667,17.733333332151112,0.6805553571574653,1,0,1,0.18869333333333332,94.94736592243774
3,2,517.1518507895037,363.0,33.0,54.0,16462.0,2605,13857.0,0.0578661844484629,0.0363699582753824,7,36,60506.76654237193,44992.211018686816,20.0,0.15,11.0,26.9999999865,0.6666666664444444,87.0,0.6111111110997943,-0.5742564789136464,0.0578661844484629,0.0363699582753824,0.04761904761872368,1.0,ga_meta,rw_rank_bfs,mip,pl_rank,mcts,10,0.04711807136192265,57.999999980666665,0.4074073925219484,0,0,1,0.0021045907139461773,189.2183886296737
10,22,27.94836556338064,230.0,12.0,5.0,2671.0,586,1993.0,0.5116666666666667,0.9446388888888888,5,16,9563.628551296277,3754.1453202703183,,,1.2,0.2272727272623967,0.48888888887802473,17.0,2.39999999952,0.7445730132925313,0.5116666666666667,0.9446388888888888,0.03401360544194549,,d_round,mip,mip,rw_rank_bfs,mip,7,0.7281527777777778,8.31111111092642,5.279976768342218,2,1,0,0.4833402314814815,157.11763781660954
7,10,156.09348174968545,49.0,7.0,0.0,3608.0,956,2592.0,0.2033333333333333,0.928,22,16,0.0,0.0,,,1.0,0.0,0.47619047616780047,7.0,7000000000.0,0.6549679640432247,0.2033333333333333,0.928,0.14965986394456016,,mip,mip,mip,pl_rank,mip,1,0.5656666666666667,3.333333333174603,1000000.0,1,1,0,0.18869333333333332,515.4284977959288
6,8,1254.2009243439702,423.0,141.0,389.0,13306.0,2219,11087.0,0.1491564417177914,0.1892504570383912,4,16,1525108.3240022678,664726.4899023043,20.0,0.3,23.5,48.624999993921875,0.5333333332977778,530.0,0.3624678663229757,-0.27244907717318534,0.1491564417177914,0.1892504570383912,0.02721088435355639,1.0,ga_meta,mip,mip,pl_rank,sa_meta,16,0.1692034493780913,282.66666664782224,0.48329047855315216,1,0,1,0.028227924765312183,25.10566032998932
6,11,347.1394648096214,1242.0,621.0,2860.0,9659.0,4735,4924.0,0.0,0.0,0,0,0.0,0.0,31.0,0.1935483870967742,103.5,259.99999997636365,0.7333333332844444,3481.0,0.2171328671327912,0.07631251793057281,0.0,0.0,0.0,0.0,mip,mip,mip,pl_rank,mip,1,0.0,2552.7333331631507,0.39807692158204677,1,0,1,0.0,2.774777362029653
7,8,957.4211296686576,558.0,279.0,603.0,8677.0,1350,7327.0,0.4799691833590138,0.490295652173913,5,36,0.0,0.0,20.0,0.35,39.857142857142854,75.37499999057812,0.3809523809342404,882.0,0.4626865671634118,0.17022090465716744,0.4799691833590138,0.490295652173913,0.03401360544194549,1.0,ga_meta,ga_meta,mip,rw_rank_bfs,mip,10,0.48513241776646343,335.999999984,0.5287846412383465,1,0,1,0.2353268037783881,9.837868469571578
4,4,142.10806728146488,432.0,108.0,230.0,8583.0,1227,7356.0,0.5295245398773006,0.4620840950639854,12,36,73469.87078451735,48032.52674113513,20.0,0.2,27.0,57.499999985624996,0.6666666665555555,338.0,0.46956521738926277,0.17921009849861336,0.5295245398773006,0.4620840950639854,0.08163265306066918,1.0,ga_meta,mcts,ga_meta,pl_rank,mcts,11,0.495804317470643,225.33333329577775,0.46956520934234425,0,0,1,0.24468486782337573,25.393491049131683
2,1,395.2576051035168,18.0,6.0,26.0,15853.0,2454,13399.0,0.1124773960216998,0.0682197496522948,13,36,12648.243363312537,12648.243363312537,20.0,0.1,3.0,25.999999973999998,0.9999999989999999,32.0,0.23076923076035502,-0.5160179783876828,0.1124773960216998,0.0682197496522948,0.08843537414905826,1.0,ga_meta,ga_meta,mip,pl_rank,mip,10,0.09034857283699729,31.999999967999997,0.11538461106213034,0,0,1,0.007673179798142379,495.4062345185552
6,9,277.79920506089843,1506.0,753.0,2264.0,9625.0,4944,4681.0,0.0,0.0,0,0,0.0,0.0,31.0,0.1935483870967742,125.5,251.55555552760492,0.59999999996,3017.0,0.3325971731447294,0.0795639284689682,0.0,0.0,0.0,0.0,ga_meta,mip,ga_meta,rw_rank_bfs,rw_rank_bfs,4,0.0,1810.1999998793199,0.4988957577895045,1,0,1,0.0,3.1902552193602074
3,2,42.49251473356067,264.0,88.0,87.0,8896.0,1332,7564.0,0.4892638036809815,0.4468738574040219,13,36,7436.190078373117,7436.190078373117,20.0,0.15,29.333333333333332,43.499999978249996,0.6666666664444444,175.0,1.0114942528619368,0.14927799560103283,0.4892638036809815,0.4468738574040219,0.08843537414905826,1.0,ga_meta,ga_meta,ga_meta,pl_rank,pl_rank,16,0.4680688305425017,116.66666662777777,0.6743294867510463,0,0,1,0.21863920323908428,50.83428542380408
4,3,347.7915241262213,630.0,45.0,69.0,16007.0,2445,13562.0,0.1157323688969258,0.056884561891516,10,34,51473.145570680754,39648.23375038923,20.0,0.2,11.25,22.999999992333333,0.49999999991666666,114.0,0.6521739130340264,-0.5307449555321795,0.1157323688969258,0.056884561891516,0.06802721088389098,1.0,ga_meta,mip,ga_meta,pl_rank,ga_meta,12,0.0863084653942209,56.9999999905,0.4891304136791124,0,0,1,0.006583385101368937,140.41227947006772
4,3,3.214602582533736,154.0,13.0,34.0,2556.0,652,1866.0,0.4566666666666666,0.9481666666666668,27,16,1182.6776685556024,497.1213704278816,,,3.25,11.333333329555556,0.49999999991666666,47.0,0.38235294116522495,0.755570431290045,0.4566666666666666,0.9481666666666668,0.18367346938650564,,d_round,mip,mip,pl_rank,mip,7,0.7024166666666667,23.499999996083332,0.28676468067517524,0,0,1,0.43299611111111114,54.38297756631963
5,5,168.13952482849388,52.0,26.0,78.0,8368.0,4329,4039.0,0.0358574610244989,0.0859923059515727,7,60,0.0,0.0,31.0,0.16129032258064516,5.2,15.59999999688,0.49999999995,104.0,0.3333333333290598,0.19977048866787794,0.0358574610244989,0.0859923059515727,0.04761904761872368,0.0,mip,rw_rank_bfs,mip,pl_rank,pl_rank,4,0.060924883488035805,51.9999999948,0.33333331203248,1,0,1,0.0030834657590653033,80.46153768786984
5,5,648.4661320045739,820.0,410.0,1179.0,17304.0,2649,14655.0,0.0,0.0,0,0,0.0,0.0,20.0,0.25,82.0,235.79999995283998,0.49999999995,1589.0,0.347752332484862,-0.6547767045997896,0.0,0.0,0.0,1.0,ga_meta,rw_rank_bfs,ga_meta,pl_rank,pl_rank,14,0.0,794.49999992055,0.34775233107993075,1,0,1,0.0,10.889867834556407
4,4,882.5952105292063,1027.0,79.0,209.0,10179.0,1792,8387.0,0.312883435582822,0.386691042047532,8,23,420997.91542243137,254187.4206324114,20.0,0.2,19.75,52.249999986937496,0.6666666665555555,288.0,0.37799043062020105,0.026585062637467738,0.312883435582822,0.386691042047532,0.05442176870711278,1.0,ga_meta,mip,ga_meta,pl_rank,pl_rank,12,0.34978723881517704,191.999999968,0.37799042348224077,0,0,1,0.1209892217449333,35.34374987727865
8,14,468.1152292728675,788.0,18.0,46.0,2671.0,586,1993.0,0.5116666666666667,0.9446388888888888,27,16,160183.9707519939,62879.261878004094,,,2.25,3.285714285479592,0.49999999998214284,64.0,0.3913043478175804,0.7445730132925313,0.5116666666666667,0.9446388888888888,0.18367346938650564,,d_round,mip,mip,rw_rank_bfs,mip,7,0.7281527777777778,31.99999999885714,0.6847824003325302,2,0,1,0.4833402314814815,41.7343743479004
10,22,455.68667184959173,310.0,9.0,10.0,2556.0,652,1866.0,0.4566666666666666,0.9481666666666668,31,16,0.0,0.0,,,0.9,0.4545454545247934,0.48888888887802473,19.0,0.89999999991,0.755570431290045,0.4566666666666666,0.9481666666666668,0.21088435374006204,,ga_meta,mip,mip,pl_rank,mip,6,0.7024166666666667,9.28888888868247,1.979995644099583,2,1,0,0.43299611111111114,134.52630870914163
5,7,492.2097908690325,100.0,50.0,71.0,8479.0,4697,3782.0,0.036315141567501,0.1831533477321814,7,56,0.0,0.0,31.0,0.16129032258064516,10.0,10.142857141408163,0.69999999993,121.0,0.7042253521027574,0.18915558955723444,0.036315141567501,0.1831533477321814,0.04761904761872368,0.0,ga_meta,mip,ga_meta,pl_rank,ga_meta,5,0.10973424464984119,84.69999999152999,0.9859153958956653,1,0,1,0.006651239751455905,70.07437958616215
5,7,190.9113619133215,78.0,39.0,102.0,7465.0,4174,3291.0,0.0703786191536748,0.2552613713509843,10,61,0.0,0.0,31.0,0.16129032258064516,7.8,14.571428569346939,0.69999999993,141.0,0.382352941172722,0.28612412737878934,0.0703786191536748,0.2552613713509843,0.06802721088389098,0.0,mip,mip,mip,pl_rank,mip,1,0.16281999525232954,98.69999999013,0.5352940809876612,1,0,1,0.01796494283895568,52.94326203586339
3,3,362.6874982033705,120.0,24.0,42.0,7900.0,4294,3606.0,0.043652561247216,0.1839782756279701,9,63,55128.49972691232,23937.374881422453,31.0,0.0967741935483871,8.0,13.999999995333333,0.9999999996666666,66.0,0.5714285714149661,0.24452519843167253,0.043652561247216,0.1839782756279701,0.06122448979550188,0.0,ga_meta,pl_rank,ga_meta,pl_rank,pl_rank,6,0.11381541843759305,65.999999978,0.571428530802724,0,0,1,0.00803112294500715,119.69696788337927
4,5,1380.5757663510403,228.0,38.0,67.0,8604.0,4717,3887.0,0.0322117357406647,0.160475161987041,6,57,284398.6078683143,144960.45546685925,31.0,0.12903225806451613,9.5,13.39999999732,0.8333333331944445,105.0,0.5671641790960125,0.17720187434254564,0.0322117357406647,0.160475161987041,0.04081632653033459,0.0,ga_meta,mip,mip,pl_rank,mip,5,0.09634344886385285,87.49999998541666,0.7089551711152857,0,0,1,0.005169183510866926,81.94285636244899
3,2,133.5229591422886,405.0,27.0,23.0,8090.0,4307,3783.0,0.0407572383073496,0.1439239646978954,7,46,7877.854589395029,6676.147957114431,31.0,0.0967741935483871,9.0,11.49999999425,0.6666666664444444,50.0,1.1739130434272211,0.22635555130534568,0.0407572383073496,0.1439239646978954,0.04761904761872368,0.0,ga_meta,mip,ga_meta,pl_rank,pl_rank,7,0.0923406015026225,33.33333332222222,0.7826086279905541,0,0,1,0.005865943327330693,161.79999676400007
9,18,210.47221593522931,351.0,5.0,17.0,2556.0,652,1866.0,0.4566666666666666,0.9481666666666668,42,16,0.0,0.0,,,0.5555555555555556,0.9444444443919753,0.49999999998611117,22.0,0.2941176470415225,0.755570431290045,0.4566666666666666,0.9481666666666668,0.2857142857123421,,ga_meta,mip,mip,pl_rank,mip,4,0.7024166666666667,10.999999999694445,0.588234671313616,2,0,1,0.43299611111111114,116.18181290082669
2,1,2248.700486173692,8.0,2.0,14.0,15823.0,2477,13346.0,0.1041591320072332,0.0719054242002781,11,35,35979.20777877907,35979.20777877907,20.0,0.1,1.0,13.999999985999999,0.9999999989999999,16.0,0.14285714284693876,-0.5131490867361577,0.1041591320072332,0.0719054242002781,0.07482993197228008,1.0,ga_meta,ga_meta,mip,pl_rank,pl_rank,12,0.08803227810375565,15.999999983999999,0.07142856639795955,0,0,1,0.007489606571312867,988.93743819141
9,18,197.35637213771815,441.0,11.0,19.0,2556.0,652,1866.0,0.4566666666666666,0.9481666666666668,25,16,72608.96738608865,30520.124233350023,,,1.2222222222222223,1.0555555554969136,0.49999999998611117,30.0,0.5789473683905817,0.755570431290045,0.4566666666666666,0.9481666666666668,0.17006802720972744,,d_round,mip,mip,pl_rank,mip,7,0.7024166666666667,14.999999999583334,1.1578936399545634,2,1,0,0.43299611111111114,85.1999971600001
5,5,2228.8571513327997,105.0,0.0,21.0,3121.0,919,2202.0,0.2341666666666666,0.9388333333333332,31,16,0.0,0.0,,,0.0,4.19999999916,0.49999999995,21.0,0.0,0.701539638519652,0.2341666666666666,0.9388333333333332,0.21088435374006204,,mip,mip,mip,rw_rank_bfs,mip,2,0.5864999999999999,10.499999998949999,0.0,1,0,1,0.21984347222222214,148.61904054195045
9,18,490.2808016000331,378.0,12.0,15.0,3013.0,795,2170.0,0.3375,0.9397222222222222,45,16,0.0,0.0,,,1.3333333333333333,0.8333333332870371,0.49999999998611117,27.0,0.7999999999466667,0.7118676484651429,0.3375,0.9397222222222222,0.3061224489775094,,mip,mip,mip,pl_rank,mip,1,0.6386111111111111,13.499999999625002,1.5999980800911924,2,1,0,0.31715625000000003,111.59258845953376
4,4,79.46659204590503,532.0,266.0,1134.0,9202.0,4586,4616.0,0.0,0.0,0,0,0.0,0.0,31.0,0.12903225806451613,66.5,283.499999929125,0.6666666665555555,1400.0,0.23456790123436105,0.12001530075547484,0.0,0.0,0.0,0.0,ga_meta,mip,mip,rw_rank_bfs,pl_rank,3,0.0,933.3333331777777,0.23456790046580986,0,0,1,0.0,6.572857138162244
4,4,2023.116398345093,916.0,458.0,670.0,9625.0,4944,4681.0,0.0,0.0,0,0,0.0,0.0,31.0,0.12903225806451613,114.5,167.499999958125,0.6666666665555555,1128.0,0.6835820895512186,0.0795639284689682,0.0,0.0,0.0,0.0,mip,mip,mip,rw_rank_bfs,rw_rank_bfs,5,0.0,751.9999998746666,0.6835820856420473,0,0,1,0.0,8.532801410875175
7,14,1083.406455026893,1302.0,651.0,3328.0,9625.0,4944,4681.0,0.0,0.0,0,0,0.0,0.0,31.0,0.22580645161290322,93.0,237.7142856973061,0.6666666666349206,3979.0,0.195612980769172,0.0795639284689682,0.0,0.0,0.0,0.0,ga_meta,rw_rank_bfs,ga_meta,rw_rank_bfs,rw_rank_bfs,4,0.0,2652.666666540349,0.391225959920624,1,0,1,0.0,2.418949484187246
4,4,1968.287963231617,66.0,22.0,51.0,16136.0,2549,13587.0,0.0781193490054249,0.0551460361613351,10,35,186987.3565070036,143685.02131590803,20.0,0.2,5.5,12.7499999968125,0.6666666665555555,73.0,0.4313725490111496,-0.5430811896337382,0.0781193490054249,0.0551460361613351,0.06802721088389098,1.0,ga_meta,mip,mip,pl_rank,sa_meta,12,0.06663269258338,48.66666665855555,0.43137251529431253,0,0,1,0.0043079724451531186,221.0410928624508
5,4,15.533553425706222,196.0,28.0,58.0,17029.0,2737,14292.0,0.010126582278481,0.0061196105702364,1,7,1801.8921973819215,1335.885594610735,20.0,0.25,5.6,14.499999996375,0.39999999996,86.0,0.4827586206813318,-0.6284785311274743,0.010126582278481,0.0061196105702364,0.0068027210883890975,1.0,ga_meta,mip,mip,pl_rank,mip,17,0.0081230964243587,34.39999999656,0.3862068700133193,1,0,1,6.197073995176093e-05,198.01162560451598
4,3,50.01043650313037,96.0,15.0,12.0,3121.0,919,2202.0,0.2341666666666666,0.9388333333333332,9,16,16179.84710395394,6430.018328630423,,,3.75,3.9999999986666666,0.49999999991666666,27.0,1.2499999998958333,0.701539638519652,0.2341666666666666,0.9388333333333332,0.06122448979550188,,d_round,mip,mip,rw_rank_bfs,mip,7,0.5864999999999999,13.499999997749999,0.9374997659375585,0,0,1,0.21984347222222214,115.59258831138561
5,6,158.58525199755755,1000.0,500.0,1381.0,9625.0,4944,4681.0,0.0,0.0,0,0,0.0,0.0,31.0,0.16129032258064516,100.0,230.16666662830556,0.59999999994,1881.0,0.3620564808107444,0.0795639284689682,0.0,0.0,0.0,0.0,ga_meta,ga_meta,ga_meta,rw_rank_bfs,rw_rank_bfs,7,0.0,1128.59999988714,0.4344677751579966,1,0,1,0.0,5.116959061607146
7,11,440.5624085485201,1444.0,722.0,2199.0,9625.0,4944,4681.0,0.0,0.0,0,0,0.0,0.0,31.0,0.22580645161290322,103.14285714285714,199.90909089091735,0.5238095237845805,2921.0,0.3283310595723837,0.0795639284689682,0.0,0.0,0.0,0.0,ga_meta,rw_rank_bfs,ga_meta,rw_rank_bfs,rw_rank_bfs,7,0.0,1530.0476189747594,0.5159488053656819,1,0,1,0.0,3.295104415167715
10,20,650.4187249178359,588.0,294.0,1536.0,10188.0,1531,8657.0,0.410246533127889,0.3977739130434783,4,36,0.0,0.0,20.0,0.5,29.4,76.79999999616,0.44444444443456793,1830.0,0.19140624999987538,0.02572439514201008,0.410246533127889,0.3977739130434783,0.02721088435355639,1.0,ga_meta,pl_rank,ga_meta,rw_rank_bfs,sa_meta,16,0.4040102230856837,813.3333333152593,0.38281249503460296,2,0,1,0.16318536879480136,5.567213111711905
5,5,448.5265079888126,1104.0,552.0,1377.0,9202.0,4586,4616.0,0.0,0.0,0,0,0.0,0.0,31.0,0.16129032258064516,110.4,275.39999994492,0.49999999995,1929.0,0.400871459694698,0.12001530075547484,0.0,0.0,0.0,0.0,ga_meta,ga_meta,pl_rank,rw_rank_bfs,pl_rank,2,0.0,964.49999990355,0.4008714583195662,1,0,1,0.0,4.770347327749949
4,5,162.58543754149804,628.0,314.0,1312.0,9202.0,4586,4616.0,0.0,0.0,0,0,0.0,0.0,31.0,0.12903225806451613,78.5,262.39999994752,0.8333333331944445,1626.0,0.2393292682925005,0.12001530075547484,0.0,0.0,0.0,0.0,ga_meta,mip,ga_meta,rw_rank_bfs,d_round,6,0.0,1354.9999997741668,0.29916158428558853,0,0,1,0.0,5.659286589385432
5,6,321.2307656097135,78.0,39.0,141.0,8068.0,4318,3750.0,0.0383073496659243,0.1513917175831636,6,63,0.0,0.0,31.0,0.16129032258064516,7.8,23.499999996083332,0.59999999994,180.0,0.2765957446788894,0.2284594051831309,0.0383073496659243,0.1513917175831636,0.04081632653033459,0.0,rw_rank_bfs,rw_rank_bfs,rw_rank_bfs,pl_rank,rw_rank_bfs,1,0.09484953362454396,107.99999998919999,0.331914879548303,1,0,1,0.0057994154619831085,44.82222197320988
8,14,381.50527975032907,164.0,17.0,2.0,2671.0,586,1993.0,0.5116666666666667,0.9446388888888888,4,16,130546.9823491599,51245.43892862528,,,2.125,0.14285714284693876,0.49999999998214284,19.0,8.49999999575,0.7445730132925313,0.5116666666666667,0.9446388888888888,0.02721088435355639,,d_round,mip,mip,rw_rank_bfs,mip,7,0.7281527777777778,9.499999999660714,14.874895876791356,2,1,0,0.4833402314814815,140.57893996952947
7,8,510.09354385576535,1336.0,668.0,1713.0,9202.0,4586,4616.0,0.0,0.0,0,0,0.0,0.0,31.0,0.22580645161290322,95.42857142857143,214.12499997323437,0.3809523809342404,2381.0,0.38995913601845306,0.12001530075547484,0.0,0.0,0.0,0.0,ga_meta,ga_meta,ga_meta,rw_rank_bfs,ga_meta,7,0.0,907.0476190044263,0.44566758199571477,1,0,1,0.0,3.8647627031227376
3,1,2318.718917155545,82.0,16.0,34.0,3608.0,956,2592.0,0.2033333333333333,0.928,17,16,0.0,0.0,,,5.333333333333333,33.999999966,0.3333333332222222,50.0,0.4705882352802769,0.6549679640432247,0.2033333333333333,0.928,0.11564625850261466,,mip,mip,mip,pl_rank,mip,3,0.5656666666666667,16.66666666111111,0.15686274064129196,0,0,1,0.18869333333333332,72.15999855680003
5,5,704.3302686324715,1068.0,534.0,1273.0,9659.0,4735,4924.0,0.0,0.0,0,0,0.0,0.0,31.0,0.16129032258064516,106.8,254.59999994908,0.49999999995,1807.0,0.41948153966974117,0.07631251793057281,0.0,0.0,0.0,0.0,ga_meta,ga_meta,ga_meta,pl_rank,pl_rank,8,0.0,903.49999990965,0.41948153810635685,1,0,1,0.0,5.345323738049073
2,1,988.0844697950572,153.0,17.0,30.0,8723.0,4653,4070.0,0.0453426343865408,0.1209503239740821,9,63,76082.50417421942,46439.9700803677,31.0,0.06451612903225806,8.5,29.999999969999998,0.9999999989999999,47.0,0.5666666666477778,0.16582193745816198,0.0453426343865408,0.1209503239740821,0.06122448979550188,0.0,ga_meta,pl_rank,ga_meta,pl_rank,pl_rank,5,0.08314647918031146,46.999999953,0.2833333241722225,0,0,1,0.005484206318890465,185.59574073200554
5,6,115.9974535283044,507.0,39.0,69.0,16088.0,2565,13523.0,0.0723327305605786,0.0595966620305981,7,33,17979.60529688718,12527.724981056874,20.0,0.25,7.8,11.499999998083334,0.59999999994,108.0,0.5652173912961562,-0.5384909629912977,0.0723327305605786,0.0595966620305981,0.04761904761872368,1.0,ga_meta,mip,mip,pl_rank,d_round,12,0.06596469629558835,64.79999999352,0.67826081069906,1,0,1,0.0043107892969691175,148.96296158367628
6,7,642.7092634104054,151.0,3.0,19.0,2671.0,586,1993.0,0.5116666666666667,0.9446388888888888,2,16,219928.1617307876,86331.48754458688,,,0.5,2.7142857138979593,0.46666666663555556,22.0,0.157894736833795,0.7445730132925313,0.5116666666666667,0.9446388888888888,0.013605442176778195,,d_round,mip,mip,rw_rank_bfs,mip,7,0.7281527777777778,10.266666665982223,0.18421045847509424,1,0,1,0.4833402314814815,121.40908539049612
6,7,129.32078960170017,405.0,135.0,265.0,9402.0,1290,8112.0,0.5053680981595092,0.4068007312614259,12,36,74359.4540209776,51728.315840680065,20.0,0.3,22.5,37.85714285173469,0.46666666663555556,400.0,0.5094339622622286,0.10088935641197283,0.5053680981595092,0.4068007312614259,0.08163265306066918,1.0,ga_meta,rw_rank_bfs,mip,pl_rank,rw_rank_bfs,14,0.45608441471046757,186.6666666542222,0.5943396070268784,1,0,1,0.20558411188748443,23.5049999412375
5,4,817.7152567269313,689.0,53.0,63.0,8263.0,4632,3631.0,0.0496512105047188,0.2157667386609071,8,55,284564.9093409721,94854.96978032404,31.0,0.16129032258064516,10.6,15.749999996062499,0.39999999996,116.0,0.8412698412564878,0.20981160944821653,0.0496512105047188,0.2157667386609071,0.05442176870711278,0.0,ga_meta,mip,ga_meta,pl_rank,pl_rank,4,0.13270897458281294,46.399999995360005,0.6730158304529632,1,0,1,0.010713079761169347,71.23275800661416
4,3,35.25097298438929,758.0,379.0,825.0,9202.0,4586,4616.0,0.0,0.0,0,0,0.0,0.0,31.0,0.12903225806451613,94.75,274.99999990833334,0.49999999991666666,1204.0,0.4593939393933826,0.12001530075547484,0.0,0.0,0.0,0.0,ga_meta,ga_meta,ga_meta,rw_rank_bfs,ga_meta,4,0.0,601.9999998996667,0.3445454534074105,0,0,1,0.0,7.642857136509254
10,22,736.7965639513695,514.0,3.0,22.0,3121.0,919,2202.0,0.2341666666666666,0.9388333333333332,0,16,238375.35892544303,94732.53468568856,,,0.3,0.9999999999545455,0.48888888887802473,25.0,0.136363636357438,0.701539638519652,0.2341666666666666,0.9388333333333332,0.0,,d_round,mip,mip,rw_rank_bfs,mip,7,0.5864999999999999,12.222222221950618,0.29999970001393633,2,0,1,0.21984347222222214,124.8399950064002
2,1,635.9251806544353,42.0,14.0,26.0,15726.0,2423,13303.0,0.1236889692585895,0.0748956884561891,12,34,25437.00722617741,25437.00722617741,20.0,0.1,7.0,25.999999973999998,0.9999999989999999,40.0,0.5384615384408284,-0.5038730037295591,0.1236889692585895,0.0748956884561891,0.08163265306066918,1.0,ga_meta,ga_meta,ga_meta,pl_rank,pl_rank,15,0.09929232885738931,39.99999996,0.2692307591449708,0,0,1,0.009263770507058471,393.1499901712503
6,7,29.30708621830008,585.0,195.0,342.0,8088.0,845,7243.0,0.6759969325153374,0.4703473491773309,16,36,28603.71614906088,15737.905299227144,20.0,0.3,32.5,48.857142850163264,0.46666666663555556,537.0,0.5701754385948241,0.2265468107487807,0.6759969325153374,0.4703473491773309,0.10884353741422556,1.0,ga_meta,mip,ga_meta,pl_rank,pl_rank,13,0.5731721408463342,250.59999998329334,0.6652046648423022,1,0,1,0.31795336526059603,15.061452485919084
4,3,107.5349675859121,612.0,306.0,900.0,9625.0,4944,4681.0,0.0,0.0,0,0,0.0,0.0,31.0,0.12903225806451613,76.5,299.9999999,0.49999999991666666,1206.0,0.3399999999996222,0.0795639284689682,0.0,0.0,0.0,0.0,ga_meta,mip,mip,rw_rank_bfs,rw_rank_bfs,5,0.0,602.9999998995,0.254999999235,0,0,1,0.0,7.980928683266227
5,5,1367.8666586618135,44.0,22.0,100.0,9304.0,4831,4473.0,0.0088223225276979,0.0339092872570194,3,63,0.0,0.0,31.0,0.16129032258064516,4.4,19.999999996,0.49999999995,122.0,0.21999999999779998,0.11026106914028877,0.0088223225276979,0.0339092872570194,0.020408163265167294,0.0,mcts,rw_rank_bfs,mcts,pl_rank,pl_rank,3,0.02136580489235865,60.9999999939,0.21999998904400056,1,0,1,0.0002991586688657816,76.26229445686644
4,5,624.1492383005581,156.0,39.0,70.0,15649.0,2407,13242.0,0.1294755877034358,0.0791376912378303,12,34,80515.25174077199,68032.26697476083,20.0,0.2,9.75,13.9999999972,0.8333333331944445,109.0,0.557142857134898,-0.4965095151573109,0.1294755877034358,0.0791376912378303,0.08163265306066918,1.0,ga_meta,mip,ga_meta,pl_rank,ga_meta,16,0.10430663947063305,90.83333331819445,0.6964285218229628,0,0,1,0.01024639908251112,143.56880602230453
6,8,314.5043910709967,402.0,201.0,400.0,7533.0,1185,6348.0,0.5456288343558282,0.5357952468007312,13,34,0.0,0.0,20.0,0.3,33.5,49.99999999375,0.5333333332977778,601.0,0.5024999999987437,0.27962130630199866,0.5456288343558282,0.5357952468007312,0.08843537414905826,1.0,ga_meta,mip,mip,pl_rank,pl_rank,11,0.5407120405782797,320.53333331196444,0.6699999866837503,1,0,1,0.2923453359652763,12.53410979611629
4,3,1158.7759517114705,146.0,14.0,30.0,3608.0,956,2592.0,0.2033333333333333,0.928,11,16,0.0,0.0,,,3.5,9.999999996666666,0.49999999991666666,44.0,0.4666666666511111,0.6549679640432247,0.2033333333333333,0.928,0.07482993197228008,,ga_meta,mip,mip,pl_rank,mip,6,0.5656666666666667,21.999999996333333,0.3499999651166702,0,0,1,0.18869333333333332,81.99999813636369
7,19,60.20554014482442,1384.0,692.0,5132.0,9659.0,4735,4924.0,0.0,0.0,0,0,0.0,0.0,31.0,0.22580645161290322,98.85714285714286,270.10526314367866,0.9047619047188209,5824.0,0.13484021823847722,0.07631251793057281,0.0,0.0,0.0,0.0,ga_meta,mip,ga_meta,pl_rank,pl_rank,6,0.0,5269.3333330824125,0.3659948767401927,1,0,1,0.0,1.658482142572376
5,6,545.4746949397799,302.0,151.0,298.0,7854.0,1202,6652.0,0.5391104294478528,0.5135648994515539,12,36,0.0,0.0,20.0,0.25,30.2,49.66666665838889,0.59999999994,449.0,0.5067114093942728,0.24892416563067798,0.5391104294478528,0.5135648994515539,0.08163265306066918,1.0,ga_meta,mip,rw_rank_bfs,pl_rank,rw_rank_bfs,12,0.5263376644497033,269.39999997306,0.6080536791338186,1,0,1,0.2768681934926706,17.492204860819143
4,4,172.1880982922502,320.0,40.0,47.0,8918.0,4710,4208.0,0.0336479277800574,0.0911447084233261,6,63,24967.27425237628,14980.364551425768,31.0,0.12903225806451613,10.0,11.749999997062499,0.6666666665555555,87.0,0.8510638297691263,0.1471741417232476,0.0336479277800574,0.0911447084233261,0.04081632653033459,0.0,ga_meta,rw_rank_bfs,ga_meta,pl_rank,pl_rank,7,0.06239631810169175,57.99999999033333,0.851063757569042,0,0,1,0.003066830566562466,102.50574594820982
8,14,125.23947002593792,320.0,12.0,16.0,2671.0,586,1993.0,0.5116666666666667,0.9446388888888888,45,16,0.0,0.0,,,1.5,1.14285714277551,0.49999999998214284,28.0,0.749999999953125,0.7445730132925313,0.5116666666666667,0.9446388888888888,0.3061224489775094,,mip,mip,mip,rw_rank_bfs,mip,1,0.7281527777777778,13.9999999995,1.3124988516572549,2,1,0,0.4833402314814815,95.39285373596951
8,10,548.0962856123045,1984.0,992.0,3112.0,9202.0,4586,4616.0,0.0,0.0,0,0,0.0,0.0,31.0,0.25806451612903225,124.0,311.19999996888,0.357142857130102,4104.0,0.31876606683794384,0.12001530075547484,0.0,0.0,0.0,0.0,ga_meta,ga_meta,ga_meta,rw_rank_bfs,pl_rank,2,0.0,1465.7142856619387,0.39845758230701295,2,0,1,0.0,2.2422027284984885
8,13,523.4955450643123,1834.0,917.0,3956.0,9625.0,4944,4681.0,0.0,0.0,0,0,0.0,0.0,31.0,0.25806451612903225,114.625,304.30769228428403,0.4642857142691327,4873.0,0.23179979777547224,0.0795639284689682,0.0,0.0,0.0,0.0,ga_meta,mip,ga_meta,rw_rank_bfs,rw_rank_bfs,7,0.0,2262.4642856334835,0.376674670176404,2,0,1,0.0,1.9751692998204042
5,7,452.68520511730213,268.0,134.0,351.0,7330.0,1074,6256.0,0.5881901840490797,0.5425228519195613,14,36,0.0,0.0,20.0,0.25,26.8,50.14285713569388,0.69999999993,485.0,0.38176638176529415,0.2990341398106532,0.5881901840490797,0.5425228519195613,0.09523809523744736,1.0,ga_meta,ga_meta,ga_meta,pl_rank,pl_rank,7,0.5653565179843205,339.49999996605,0.5344729238902836,1,0,1,0.3191066161213984,15.113402030694017
5,5,923.6351787030457,470.0,47.0,82.0,15623.0,2453,13170.0,0.1128390596745027,0.084144645340751,11,34,234603.33539057357,119148.93805269289,20.0,0.25,9.4,16.39999999672,0.49999999995,129.0,0.5731707317003272,-0.49402314239265555,0.1128390596745027,0.084144645340751,0.07482993197228008,1.0,ga_meta,mip,rw_rank_bfs,pl_rank,rw_rank_bfs,14,0.09849185250762685,64.49999999355,0.5731706968725185,1,0,1,0.009494802656894867,121.10852619295716
8,16,132.13523246799224,1832.0,916.0,4133.0,9202.0,4586,4616.0,0.0,0.0,0,0,0.0,0.0,31.0,0.25806451612903225,114.5,258.31249998385545,0.5714285714081633,5049.0,0.2216307766754847,0.12001530075547484,0.0,0.0,0.0,0.0,ga_meta,ga_meta,ga_meta,rw_rank_bfs,pl_rank,5,0.0,2885.1428570398166,0.443261551662791,2,0,1,0.0,1.8225391162957933
6,8,670.1379806675602,472.0,236.0,617.0,7951.0,1487,6464.0,0.4271956856702619,0.5503304347826087,4,36,0.0,0.0,20.0,0.3,39.333333333333336,77.12499999035937,0.5333333332977778,853.0,0.3824959481355227,0.23964808262407955,0.4271956856702619,0.5503304347826087,0.02721088435355639,1.0,ga_meta,ga_meta,rw_rank_bfs,rw_rank_bfs,rw_rank_bfs,9,0.4887630602264353,454.9333333030044,0.5099945909660345,1,0,1,0.23509878743216986,9.321219215332686
8,10,1397.040282358352,1620.0,810.0,2067.0,9625.0,4944,4681.0,0.0,0.0,0,0,0.0,0.0,31.0,0.25806451612903225,101.25,206.69999997933,0.357142857130102,2877.0,0.3918722786645419,0.0795639284689682,0.0,0.0,0.0,0.0,mip,mip,mip,rw_rank_bfs,rw_rank_bfs,3,0.0,1027.4999999633035,0.48984034601008547,2,0,1,0.0,3.3454987822921454
6,9,337.7231356459802,328.0,164.0,414.0,8757.0,1207,7550.0,0.5731966053748232,0.4852740659940006,15,36,0.0,0.0,20.0,0.3,27.333333333333332,45.99999999488889,0.59999999996,578.0,0.39613526569952623,0.1625705269197667,0.5731966053748232,0.4852740659940006,0.10204081632583646,1.0,ga_meta,mip,mip,rw_rank_bfs,pl_rank,10,0.529235335684412,346.79999997688,0.5942028856992931,1,0,1,0.27815744730419906,15.150519004929897
7,10,103.42336513609146,403.0,19.0,27.0,3121.0,919,2202.0,0.2341666666666666,0.9388333333333332,27,16,0.0,0.0,,,2.7142857142857144,2.69999999973,0.47619047616780047,46.0,0.7037037036776406,0.701539638519652,0.2341666666666666,0.9388333333333332,0.18367346938650564,,ga_meta,mip,mip,rw_rank_bfs,mip,4,0.5864999999999999,21.90476190371882,1.0052906330616702,1,1,0,0.21984347222222214,67.84782461200382
5,7,416.6891251163398,1032.0,516.0,2066.0,9202.0,4586,4616.0,0.0,0.0,0,0,0.0,0.0,31.0,0.16129032258064516,103.2,295.1428571006939,0.69999999993,2582.0,0.24975798644712016,0.12001530075547484,0.0,0.0,0.0,0.0,ga_meta,mip,ga_meta,rw_rank_bfs,ga_meta,3,0.0,1807.3999998192598,0.34966117989137063,1,0,1,0.0,3.5639039490457383
4,3,997.0196176603264,722.0,361.0,796.0,9202.0,4586,4616.0,0.0,0.0,0,0,0.0,0.0,31.0,0.12903225806451613,90.25,265.3333332448889,0.49999999991666666,1157.0,0.4535175879391288,0.12001530075547484,0.0,0.0,0.0,0.0,ga_meta,ga_meta,mip,rw_rank_bfs,pl_rank,4,0.0,578.4999999035833,0.34013818978622545,0,0,1,0.0,7.953327564431004
8,19,100.4923215295006,1824.0,912.0,4760.0,9625.0,4944,4681.0,0.0,0.0,0,0,0.0,0.0,31.0,0.25806451612903225,114.0,250.5263157762881,0.6785714285471939,5672.0,0.19159663865542192,0.0795639284689682,0.0,0.0,0.0,0.0,ga_meta,pl_rank,ga_meta,rw_rank_bfs,rw_rank_bfs,4,0.0,3848.8571427196835,0.45504201501432806,2,0,1,0.0,1.6969322987135167
6,10,194.791706517122,288.0,144.0,497.0,7717.0,1022,6695.0,0.6386138613861386,0.5435642214344151,17,36,0.0,0.0,20.0,0.3,24.0,49.69999999503,0.6666666666222222,641.0,0.28973843058291804,0.26202543750597684,0.6386138613861386,0.5435642214344151,0.11564625850261466,1.0,ga_meta,mip,pl_rank,rw_rank_bfs,rw_rank_bfs,11,0.5910890414102768,427.3333333048444,0.48289737463787985,1,0,1,0.3471276463615819,12.03900154128081
3,2,895.363735163005,60.0,4.0,32.0,15128.0,2352,12776.0,0.1493670886075949,0.1115438108484005,13,34,32233.09446586818,32233.09446586818,20.0,0.15,1.3333333333333333,15.999999992,0.6666666664444444,36.0,0.12499999999609376,-0.4466864301424882,0.1493670886075949,0.1115438108484005,0.08843537414905826,1.0,ga_meta,ga_meta,rw_rank_bfs,pl_rank,rw_rank_bfs,13,0.1304554497279977,23.999999992,0.08333332816666698,0,0,1,0.016660974278621843,420.2222105493831
4,4,337.2674369299655,934.0,467.0,1222.0,9659.0,4735,4924.0,0.0,0.0,0,0,0.0,0.0,31.0,0.12903225806451613,116.75,305.499999923625,0.6666666665555555,1689.0,0.38216039279837793,0.07631251793057281,0.0,0.0,0.0,0.0,ga_meta,mip,ga_meta,pl_rank,pl_rank,6,0.0,1125.9999998123333,0.38216039164329657,0,0,1,0.0,5.718768498686342
2,0,918.3611031821182,12.0,6.0,31.0,2556.0,652,1866.0,0.4566666666666666,0.9481666666666668,36,16,0.0,0.0,,,3.0,30999999999.999996,0.0,37.0,0.1935483870905307,0.755570431290045,0.4566666666666666,0.9481666666666668,0.24489795918200752,,ga_meta,mip,mip,pl_rank,mip,6,0.7024166666666667,0.0,9.67741935483871e-11,0,0,1,0.43299611111111114,69.0810792140249
8,14,173.2166639945844,1630.0,815.0,3232.0,9202.0,4586,4616.0,0.0,0.0,0,0,0.0,0.0,31.0,0.25806451612903225,101.875,230.85714284065307,0.49999999998214284,4047.0,0.2521658415840804,0.12001530075547484,0.0,0.0,0.0,0.0,sa_meta,pl_rank,sa_meta,rw_rank_bfs,pl_rank,2,0.0,2023.499999927732,0.44129022089226855,2,0,1,0.0,2.2737830486103823
5,6,721.9448878739046,1276.0,638.0,1488.0,9625.0,4944,4681.0,0.0,0.0,0,0,0.0,0.0,31.0,0.16129032258064516,127.6,247.99999995866668,0.59999999994,2126.0,0.4287634408599269,0.0795639284689682,0.0,0.0,0.0,0.0,pl_rank,rw_rank_bfs,pl_rank,rw_rank_bfs,pl_rank,3,0.0,1275.5999998724399,0.5145161270433489,1,0,1,0.0,4.527281277268448
4,4,328.74176686681676,650.0,325.0,1173.0,17304.0,2649,14655.0,0.0,0.0,0,0,0.0,0.0,20.0,0.2,81.25,293.2499999266875,0.6666666665555555,1498.0,0.2770673486783657,-0.6547767045997896,0.0,0.0,0.0,1.0,ga_meta,mip,ga_meta,pl_rank,pl_rank,20,0.0,998.6666665002222,0.27706734780305253,0,0,1,0.0,11.551401861447662
6,9,570.1394308816525,460.0,230.0,556.0,8544.0,1358,7186.0,0.4768875192604006,0.5001043478260869,5,36,0.0,0.0,20.0,0.3,38.333333333333336,61.77777777091358,0.59999999996,786.0,0.41366906474745746,0.18293965764559628,0.4768875192604006,0.5001043478260869,0.03401360544194549,1.0,ga_meta,mcts,pl_rank,rw_rank_bfs,pl_rank,15,0.4884959335432438,471.59999996856,0.6205035871471243,1,0,1,0.23849352180612313,10.87022899380378
3,2,934.91937268766,192.0,48.0,137.0,9343.0,1369,7974.0,0.4750766871165643,0.4168921389396709,13,36,172960.08394721712,172960.08394721712,20.0,0.15,16.0,68.49999996574999,0.6666666664444444,185.0,0.35036496350109225,0.10653150999330596,0.4750766871165643,0.4168921389396709,0.08843537414905826,1.0,ga_meta,ga_meta,rw_rank_bfs,pl_rank,rw_rank_bfs,17,0.44598441302811764,123.3333332922222,0.23357663904267684,0,0,1,0.1980557362523973,50.50270242971512
7,12,413.663520995845,428.0,214.0,566.0,10074.0,1490,8584.0,0.4731258840169731,0.4147804745023179,12,36,0.0,0.0,20.0,0.35,30.571428571428573,47.16666666273611,0.5714285714013605,780.0,0.37809187279085144,0.03662618341780621,0.4731258840169731,0.4147804745023179,0.08163265306066918,1.0,ga_meta,mip,rw_rank_bfs,rw_rank_bfs,rw_rank_bfs,9,0.4439531792596455,445.7142856930612,0.6481574825261918,1,0,1,0.19624337867188874,12.91538459882643
4,5,617.8818291517013,54.0,27.0,73.0,7747.0,4302,3445.0,0.0418708240534521,0.2204118578863996,8,63,0.0,0.0,31.0,0.12903225806451613,6.75,14.59999999708,0.8333333331944445,100.0,0.3698630136935635,0.2591565458544516,0.0418708240534521,0.2204118578863996,0.05442176870711278,0.0,sa_meta,rw_rank_bfs,sa_meta,pl_rank,pl_rank,3,0.13114134096992586,83.33333331944445,0.46232873554940174,0,0,1,0.009228826120855927,77.46999922530001
3,2,306.7835025729192,620.0,62.0,62.0,10336.0,1502,8834.0,0.424079754601227,0.3540036563071298,12,36,44790.3913756462,38041.154319041976,20.0,0.15,20.666666666666668,30.9999999845,0.6666666664444444,124.0,0.999999999983871,0.011571196327818667,0.424079754601227,0.3540036563071298,0.08163265306066918,1.0,ga_meta,mip,ga_meta,pl_rank,pso_meta,18,0.3890417054541784,82.6666666391111,0.6666666454946243,0,0,1,0.15012578369466473,83.35483803746098
5,5,571.0026309493538,90.0,5.0,13.0,2556.0,652,1866.0,0.4566666666666666,0.9481666666666668,41,16,0.0,0.0,,,1.0,2.59999999948,0.49999999995,18.0,0.3846153845857988,0.755570431290045,0.4566666666666666,0.9481666666666668,0.278911564623953,,ga_meta,mip,mip,pl_rank,mip,4,0.7024166666666667,8.9999999991,0.3846152367633704,1,0,1,0.43299611111111114,141.99999211111154
5,7,810.1510674911598,56.0,28.0,91.0,8213.0,4290,3923.0,0.0445434298440979,0.1122425888210002,9,62,0.0,0.0,31.0,0.16129032258064516,5.6,12.999999998142856,0.69999999993,119.0,0.30769230768892647,0.214593095534092,0.0445434298440979,0.1122425888210002,0.06122448979550188,0.0,mip,mip,mip,pl_rank,rw_rank_bfs,2,0.07839300933254906,83.29999999166999,0.43076919769467714,1,0,1,0.0049996698806681495,69.01680614271592
8,14,528.2975716912028,414.0,1.0,29.0,3608.0,956,2592.0,0.2033333333333333,0.928,1,16,162728.23059450218,62490.05562290229,,,0.125,2.071428571280612,0.49999999998214284,30.0,0.03448275861950059,0.6549679640432247,0.2033333333333333,0.928,0.0068027210883890975,,d_round,mip,mip,pl_rank,mip,7,0.5656666666666667,14.999999999464285,0.06034479845854557,2,0,1,0.18869333333333332,120.26666265777791
7,13,135.36219745371537,570.0,285.0,1131.0,10284.0,1591,8693.0,0.3871340523882897,0.3952695652173913,4,36,0.0,0.0,20.0,0.35,40.714285714285715,86.9999999933077,0.6190476190181405,1416.0,0.2519893899202016,0.016543941857129152,0.3871340523882897,0.3952695652173913,0.02721088435355639,1.0,ga_meta,ga_meta,ga_meta,rw_rank_bfs,rw_rank_bfs,7,0.3912018088028405,876.571428529687,0.46798029022341714,1,0,1,0.15302230856836604,7.262711859277745
4,3,284.2947713166084,175.0,35.0,13.0,7990.0,4271,3719.0,0.0487750556792873,0.1584068793844761,8,58,21606.402620062236,13646.149023197202,31.0,0.12903225806451613,8.75,4.3333333318888885,0.49999999991666666,48.0,2.6923076921005915,0.23591852347709663,0.0487750556792873,0.1584068793844761,0.05442176870711278,0.0,ga_meta,mip,ga_meta,pl_rank,pl_rank,7,0.1035909675318817,23.999999996,2.019230303927622,0,1,0,0.007726304361959969,166.45832986545147
6,7,818.7806769524339,1304.0,652.0,1237.0,17304.0,2649,14655.0,0.0,0.0,0,0,0.0,0.0,20.0,0.3,108.66666666666667,176.71428568904082,0.46666666663555556,1889.0,0.5270816491507461,-0.6547767045997896,0.0,0.0,0.0,1.0,ga_meta,ga_meta,ga_meta,pl_rank,ga_meta,9,0.0,881.5333332745645,0.6149285872844246,1,0,1,0.0,9.160402324425409
3,2,477.58669659025975,84.0,28.0,53.0,16484.0,2612,13872.0,0.0553345388788426,0.0353268428372739,6,32,53012.12332151883,38684.52242381104,20.0,0.15,9.333333333333334,26.499999986749998,0.6666666664444444,81.0,0.5283018867824849,-0.5763603327914315,0.0553345388788426,0.0353268428372739,0.04081632653033459,1.0,ga_meta,mip,ga_meta,pl_rank,ga_meta,11,0.04533069085805825,53.999999982,0.3522012447471229,0,0,1,0.0019547945584458947,203.50617032708433
6,8,57.71595561910469,328.0,164.0,475.0,8177.0,1325,6852.0,0.4919478527607361,0.4989396709323583,12,36,0.0,0.0,20.0,0.3,27.333333333333332,59.374999992578125,0.5333333332977778,639.0,0.34526315789400996,0.2180357655159223,0.4919478527607361,0.4989396709323583,0.08163265306066918,1.0,ga_meta,ga_meta,mip,pl_rank,mcts,10,0.4954437618465472,340.79999997728,0.4603508694972485,1,0,1,0.2454522997723219,12.796557100474871
8,14,231.19564159229907,1640.0,820.0,3905.0,9625.0,4944,4681.0,0.0,0.0,0,0,0.0,0.0,31.0,0.25806451612903225,102.5,278.92857140864794,0.49999999998214284,4725.0,0.2099871959026351,0.0795639284689682,0.0,0.0,0.0,0.0,ga_meta,rw_rank_bfs,ga_meta,rw_rank_bfs,rw_rank_bfs,4,0.0,2362.499999915625,0.36747759153849263,2,0,1,0.0,2.037037036605918
5,5,689.5303489675072,155.0,31.0,71.0,9004.0,4778,4226.0,0.0196963479688141,0.0872570194384448,6,63,251678.5773731401,70332.09559468573,31.0,0.16129032258064516,6.2,14.199999997159999,0.49999999995,102.0,0.43661971830370955,0.13894998565554173,0.0196963479688141,0.0872570194384448,0.04081632653033459,0.0,ga_meta,pl_rank,ga_meta,pl_rank,pl_rank,3,0.05347668370362945,50.9999999949,0.43661968764931786,1,0,1,0.0017186446175811848,88.27450893848521
2,1,696.2121899466456,105.0,21.0,23.0,8612.0,4387,4225.0,0.0229398663697104,0.0439013351436976,7,63,30633.33635765241,30633.33635765241,31.0,0.06451612903225806,10.5,22.999999976999998,0.9999999989999999,44.0,0.913043478221172,0.1764368365688056,0.0229398663697104,0.0439013351436976,0.04761904761872368,0.0,ga_meta,ga_meta,ga_meta,pl_rank,pl_rank,5,0.033420600756704,43.999999955999996,0.4565217197381861,0,0,1,0.001007090761648294,195.72726827892572
8,15,88.93838040361416,1848.0,924.0,3600.0,9202.0,4586,4616.0,0.0,0.0,0,0,0.0,0.0,31.0,0.25806451612903225,115.5,239.999999984,0.5357142856951531,4524.0,0.2566666666665954,0.12001530075547484,0.0,0.0,0.0,0.0,sa_meta,sa_meta,sa_meta,rw_rank_bfs,sa_meta,1,0.0,2423.5714284848727,0.481249998026875,2,0,1,0.0,2.0340406715220953
7,16,27.708403815125063,350.0,175.0,935.0,15122.0,2494,12628.0,0.0437116564417178,0.076563071297989,1,6,0.0,0.0,20.0,0.35,25.0,58.437499996347654,0.7619047618684808,1110.0,0.18716577540086934,-0.4461126518121832,0.0437116564417178,0.076563071297989,0.0068027210883890975,1.0,ga_meta,mip,ga_meta,pl_rank,pl_rank,15,0.060137363869853404,845.7142856740137,0.4278074793369843,1,0,1,0.0033466986687004405,13.623423411150068
3,1,106.30015540284704,51.0,15.0,6.0,2671.0,586,1993.0,0.5116666666666667,0.9446388888888888,6,16,36374.76398798503,14278.696550058105,,,5.0,5.9999999939999995,0.3333333332222222,21.0,2.4999999995833333,0.7445730132925313,0.5116666666666667,0.9446388888888888,0.04081632653033459,,d_round,mip,mip,rw_rank_bfs,mip,7,0.7281527777777778,6.9999999976666665,0.8333331952778007,0,0,1,0.4833402314814815,127.19047013378713
2,0,107.96109718670088,24.0,12.0,47.0,2556.0,652,1866.0,0.4566666666666666,0.9481666666666668,15,16,39719.73997943872,16695.615463622307,,,6.0,47000000000.0,0.0,59.0,0.2553191489307379,0.755570431290045,0.4566666666666666,0.9481666666666668,0.10204081632583646,,d_round,mip,mip,pl_rank,mip,7,0.7024166666666667,0.0,1.276595744680851e-10,0,0,1,0.43299611111111114,43.322033164033336
4,4,55.97226857514492,822.0,411.0,655.0,9202.0,4586,4616.0,0.0,0.0,0,0,0.0,0.0,31.0,0.12903225806451613,102.75,163.7499999590625,0.6666666665555555,1066.0,0.6274809160295763,0.12001530075547484,0.0,0.0,0.0,0.0,ga_meta,ga_meta,ga_meta,rw_rank_bfs,pl_rank,4,0.0,710.6666665482222,0.6274809123554601,0,0,1,0.0,8.63227016075772
4,6,506.1316154843517,158.0,79.0,311.0,6624.0,763,5861.0,0.7074386503067485,0.5714076782449726,19,36,0.0,0.0,20.0,0.2,19.75,51.83333332469444,0.9999999998333333,390.0,0.25401929260368483,0.3665487233432151,0.7074386503067485,0.5714076782449726,0.12925170067939284,1.0,ga_meta,ga_meta,mip,pl_rank,mip,9,0.6394231642758605,389.999999935,0.3810289316192168,0,0,1,0.40423587667253624,16.98461534106509
4,3,43.22768749034984,1199.0,109.0,150.0,10148.0,1403,8745.0,0.5038896746817538,0.4038041996182165,13,36,20662.83462038722,11195.971060000607,20.0,0.2,27.25,49.99999998333333,0.49999999991666666,259.0,0.7266666666618222,0.029549584010710506,0.5038896746817538,0.4038041996182165,0.08843537414905826,1.0,ga_meta,ga_meta,ga_meta,rw_rank_bfs,ga_meta,15,0.45384693714998514,129.49999997841667,0.5449999892816669,0,0,1,0.2034727667807491,39.181467030187385
3,3,206.03313951684984,95.0,19.0,20.0,8594.0,4703,3891.0,0.0350841198194501,0.1596112311015118,7,63,10301.656975842492,8035.292441157144,31.0,0.0967741935483871,6.333333333333333,6.666666664444445,0.9999999996666666,39.0,0.9499999999525,0.1781581715597208,0.0350841198194501,0.1596112311015118,0.04761904761872368,0.0,ga_meta,rw_rank_bfs,ga_meta,pl_rank,pl_rank,7,0.09734767546048095,38.999999986999995,0.9499998578166878,0,0,1,0.00559981955649538,220.3589687087444
4,3,15.435671937111186,392.0,28.0,23.0,8035.0,4252,3783.0,0.0530066815144766,0.1439239646978954,10,63,1219.4180830317837,787.2192687926705,31.0,0.12903225806451613,7.0,7.666666664111111,0.49999999991666666,51.0,1.217391304294896,0.2316151859998088,0.0530066815144766,0.1439239646978954,0.06802721088389098,0.0,ga_meta,pl_rank,ga_meta,pl_rank,pl_rank,6,0.098465323106186,25.49999999575,0.9130433594726052,0,0,1,0.007628931759042115,157.54901651864674
3,2,79.92419731900254,936.0,78.0,114.0,6786.0,952,5834.0,0.6633663366336633,0.6022634305972184,18,36,20700.36710562166,15345.44588524849,20.0,0.15,26.0,56.999999971499996,0.6666666664444444,192.0,0.6842105263097876,0.3510567084249785,0.6633663366336633,0.6022634305972184,0.12244897959100376,1.0,ga_meta,ga_meta,ga_meta,rw_rank_bfs,pl_rank,16,0.6328148836154408,127.99999995733333,0.45614034310280105,0,0,1,0.3995212856436993,35.34374981591797
6,6,610.4824948790204,1186.0,593.0,1904.0,17304.0,2649,14655.0,0.0,0.0,0,0,0.0,0.0,20.0,0.3,98.83333333333333,317.33333328044444,0.39999999997333335,2497.0,0.3114495798317692,-0.6547767045997896,0.0,0.0,0.0,1.0,ga_meta,sa_meta,mip,pl_rank,pso_meta,10,0.0,998.7999999334133,0.3114495789023823,1,0,1,0.0,6.929915896303599
3,1,302.7263313896709,64.0,16.0,16.0,3121.0,919,2202.0,0.2341666666666666,0.9388333333333332,37,16,0.0,0.0,,,5.333333333333333,15.999999983999999,0.3333333332222222,32.0,0.9999999999375,0.701539638519652,0.2341666666666666,0.9388333333333332,0.2517006802703966,,mip,mip,mip,rw_rank_bfs,mip,1,0.5864999999999999,10.66666666311111,0.33333331283333456,0,0,1,0.21984347222222214,97.53124695214854
4,3,174.56140844684336,870.0,435.0,799.0,9659.0,4735,4924.0,0.0,0.0,0,0,0.0,0.0,31.0,0.12903225806451613,108.75,266.33333324455555,0.49999999991666666,1234.0,0.5444305381720345,0.07631251793057281,0.0,0.0,0.0,0.0,ga_meta,mip,mip,pl_rank,pl_rank,11,0.0,616.9999998971666,0.40832290223251727,0,0,1,0.0,7.827390593332746
5,5,95.55341730089268,420.0,28.0,57.0,7782.0,4246,3536.0,0.0543429844097995,0.1998189635664177,12,52,15575.20702004551,8122.040470575878,31.0,0.16129032258064516,5.6,11.39999999772,0.49999999995,85.0,0.4912280701668206,0.2558095055943387,0.0543429844097995,0.1998189635664177,0.08163265306066918,0.0,ga_meta,mip,ga_meta,pl_rank,pl_rank,5,0.1270809739881086,42.49999999575,0.4912280271835064,1,0,1,0.01085875882187213,91.55294009937718
4,3,594.5821013546022,57.0,6.0,11.0,3608.0,956,2592.0,0.2033333333333333,0.928,5,16,183145.4439339164,70330.5685602301,,,1.5,3.666666665444444,0.49999999991666666,17.0,0.5454545454049586,0.6549679640432247,0.2033333333333333,0.928,0.03401360544194549,,d_round,mip,mip,pl_rank,mip,7,0.5656666666666667,8.499999998583334,0.40909079765705514,0,0,1,0.18869333333333332,212.2352816332187
4,4,1044.8124147174806,136.0,34.0,25.0,16471.0,2615,13856.0,0.054249547920434,0.0364394993045896,5,26,98212.36698344318,61643.93246833135,20.0,0.2,8.5,6.2499999984375,0.6666666665555555,59.0,1.3599999999456,-0.575117146409104,0.054249547920434,0.0364394993045896,0.03401360544194549,1.0,ga_meta,mip,ga_meta,pl_rank,pl_rank,12,0.0453445236125118,39.333333326777776,1.3599997827400347,0,1,0,0.001976826363720955,279.1694867937375
7,10,629.0833945127293,552.0,16.0,44.0,2556.0,652,1866.0,0.4566666666666666,0.9481666666666668,26,16,231444.74728908457,97284.43599615931,,,2.2857142857142856,4.39999999956,0.47619047616780047,60.0,0.3636363636280992,0.755570431290045,0.4566666666666666,0.9481666666666668,0.17687074829811653,,d_round,mip,mip,pl_rank,mip,7,0.7024166666666667,28.57142857006803,0.5194804014687399,1,0,1,0.43299611111111114,42.599999290000014
2,0,37.384976416989545,10.0,5.0,50.0,3608.0,956,2592.0,0.2033333333333333,0.928,22,16,0.0,0.0,,,2.5,50000000000.0,0.0,55.0,0.09999999999800001,0.6549679640432247,0.2033333333333333,0.928,0.14965986394456016,,mip,mip,mip,pl_rank,mip,1,0.5656666666666667,0.0,5e-11,0,0,1,0.18869333333333332,65.59999880727275
3,2,41.48762711390137,754.0,58.0,122.0,8214.0,1325,6889.0,0.4919478527607361,0.4962340036563071,12,34,7467.772880502246,7467.772880502246,20.0,0.15,19.333333333333332,60.999999969499996,0.6666666664444444,180.0,0.47540983606167697,0.2144974658123745,0.4919478527607361,0.4962340036563071,0.08163265306066918,1.0,ga_meta,ga_meta,mip,pl_rank,mip,16,0.49409092820852163,119.99999996,0.31693988567311665,0,0,1,0.24412125256558354,45.63333307981482
9,18,112.40882448724064,261.0,19.0,5.0,2556.0,652,1866.0,0.4566666666666666,0.9481666666666668,19,16,41356.09396694389,17383.433081559728,,,2.111111111111111,0.2777777777623457,0.49999999998611117,24.0,3.7999999992399998,0.755570431290045,0.4566666666666666,0.9481666666666668,0.12925170067939284,,d_round,mip,mip,pl_rank,mip,7,0.7024166666666667,11.999999999666668,7.599972640520716,2,1,0,0.43299611111111114,106.49999556250017
9,18,83.40151148730948,657.0,5.0,34.0,3121.0,919,2202.0,0.2341666666666666,0.9388333333333332,36,16,0.0,0.0,,,0.5555555555555556,1.8888888887839506,0.49999999998611117,39.0,0.1470588235250865,0.701539638519652,0.2341666666666666,0.9388333333333332,0.24489795918200752,,mip,mip,mip,rw_rank_bfs,mip,1,0.5864999999999999,19.499999999458336,0.2941174913659033,2,0,1,0.21984347222222214,80.02563897370158
3,3,531.7518580667729,325.0,65.0,166.0,7881.0,1063,6818.0,0.6241159830268741,0.5351786201254431,17,36,248859.86957524973,122834.67921342456,20.0,0.15,21.666666666666668,55.33333331488889,0.9999999996666666,231.0,0.39156626505788217,0.24634216314430524,0.6241159830268741,0.5351786201254431,0.11564625850261466,1.0,ga_meta,ga_meta,mip,rw_rank_bfs,rw_rank_bfs,20,0.5796473015761586,230.999999923,0.39156625811426443,0,0,1,0.33401353059455696,34.11688296919098
4,3,78.23788332426555,944.0,472.0,714.0,9202.0,4586,4616.0,0.0,0.0,0,0,0.0,0.0,31.0,0.12903225806451613,118.0,237.99999992066665,0.49999999991666666,1186.0,0.6610644257693823,0.12001530075547484,0.0,0.0,0.0,0.0,ga_meta,mip,ga_meta,rw_rank_bfs,sa_meta,3,0.0,592.9999999011667,0.495798317409811,0,0,1,0.0,7.758853281822214
3,2,671.3700817320447,297.0,33.0,22.0,8800.0,4670,4130.0,0.0418547394337299,0.1079913606911446,8,63,36925.35449526246,36925.35449526246,31.0,0.0967741935483871,11.0,10.9999999945,0.6666666664444444,55.0,1.499999999931818,0.15845844888591376,0.0418547394337299,0.1079913606911446,0.05442176870711278,0.0,ga_meta,ga_meta,ga_meta,pl_rank,pl_rank,6,0.07492305006243724,36.66666665444444,0.9999999095909173,0,1,0,0.004519950262821799,159.99999709090915
6,9,644.3969380523919,338.0,169.0,456.0,8349.0,1128,7221.0,0.6011315417256011,0.5077038451049904,16,36,0.0,0.0,20.0,0.3,28.166666666666668,50.666666661037034,0.59999999996,625.0,0.37061403508690655,0.20158745338051065,0.6011315417256011,0.5077038451049904,0.10884353741422556,1.0,ga_meta,ga_meta,pso_meta,rw_rank_bfs,pso_meta,9,0.5544176934152958,374.999999975,0.5559210417212223,1,0,1,0.3051967951479787,13.35839997862656
4,3,536.5350726563485,94.0,19.0,6.0,3121.0,919,2202.0,0.2341666666666666,0.9388333333333332,33,16,0.0,0.0,,,4.75,1.9999999993333333,0.49999999991666666,25.0,3.1666666661388887,0.701539638519652,0.2341666666666666,0.9388333333333332,0.22448979591684023,,mip,mip,mip,rw_rank_bfs,mip,1,0.5864999999999999,12.499999997916667,2.3749988132922595,0,1,0,0.21984347222222214,124.8399950064002
5,5,8.84460347115676,1110.0,555.0,1151.0,9625.0,4944,4681.0,0.0,0.0,0,0,0.0,0.0,31.0,0.16129032258064516,111.0,230.19999995396,0.49999999995,1706.0,0.4821894005208669,0.0795639284689682,0.0,0.0,0.0,0.0,ga_meta,mip,ga_meta,rw_rank_bfs,rw_rank_bfs,7,0.0,852.9999999147,0.4821893985230695,1,0,1,0.0,5.641852282742173
4,4,590.997756286661,64.0,32.0,61.0,8207.0,4648,3559.0,0.0463684858432499,0.2313174946004319,11,63,0.0,0.0,31.0,0.12903225806451613,8.0,15.2499999961875,0.6666666665555555,93.0,0.5245901639258265,0.21516687386439703,0.0463684858432499,0.2313174946004319,0.07482993197228008,0.0,pso_meta,rw_rank_bfs,rw_rank_bfs,pl_rank,rw_rank_bfs,3,0.1388429902218409,61.99999998966666,0.5245901296662211,0,0,1,0.010725841973676162,88.24731087906117
5,5,592.4759584974906,378.0,42.0,67.0,8314.0,4585,3729.0,0.0592942141977841,0.1946004319654427,10,63,148118.98962437265,64579.87947622648,31.0,0.16129032258064516,8.4,13.39999999732,0.49999999995,109.0,0.6268656716324348,0.20493449364062355,0.0592942141977841,0.1946004319654427,0.06802721088389098,0.0,ga_meta,pl_rank,ga_meta,pl_rank,pl_rank,6,0.12694732308161338,54.49999999455,0.6268656249861474,1,0,1,0.01153867969594027,76.27522865802543
6,7,1947.7300375652649,156.0,19.0,6.0,2556.0,652,1866.0,0.4566666666666666,0.9481666666666668,41,16,0.0,0.0,,,3.1666666666666665,0.8571428570204082,0.46666666663555556,25.0,3.1666666661388887,0.755570431290045,0.4566666666666666,0.9481666666666668,0.278911564623953,,ga_meta,mip,mip,pl_rank,mip,6,0.7024166666666667,11.666666665888888,3.694440134792064,1,1,0,0.43299611111111114,102.23999591040015
2,1,169.5826104764788,15.0,5.0,1.0,16205.0,2519,13686.0,0.0889692585895117,0.0482614742698191,10,36,1017.4956628588728,1017.4956628588728,20.0,0.1,2.5,0.9999999989999999,0.9999999989999999,6.0,4.999999995,-0.5496796404322464,0.0889692585895117,0.0482614742698191,0.06802721088389098,1.0,ga_meta,ga_meta,mip,pl_rank,mip,17,0.0686153664296654,5.9999999939999995,2.499997502502495,0,1,0,0.004293787584222601,2700.8328831945196
4,3,702.9659230629579,308.0,77.0,168.0,9712.0,1523,8189.0,0.4160276073619632,0.4011700182815356,11,36,319146.5290705829,172226.6511504247,20.0,0.2,19.25,55.99999998133333,0.49999999991666666,245.0,0.45833333333060516,0.07124414267954482,0.4160276073619632,0.4011700182815356,0.07482993197228008,1.0,ga_meta,mip,ga_meta,pl_rank,pl_rank,15,0.40859881282174937,122.49999997958334,0.3437499939761906,0,0,1,0.1668978028510223,39.64081616473136
3,2,425.2658776227573,231.0,33.0,10.0,16547.0,2558,13989.0,0.0748643761301989,0.0271905424200278,8,36,20412.76212589235,18286.432737778563,20.0,0.15,11.0,4.9999999975,0.6666666664444444,43.0,3.29999999967,-0.5823850052596347,0.0748643761301989,0.0271905424200278,0.05442176870711278,1.0,ga_meta,sa_meta,ga_meta,pl_rank,pl_rank,13,0.05102745927511335,28.666666657111108,2.1999995611000878,0,1,0,0.0020356029949170898,384.81394453921064
4,3,974.1829027389822,758.0,379.0,608.0,9625.0,4944,4681.0,0.0,0.0,0,0,0.0,0.0,31.0,0.12903225806451613,94.75,202.6666665991111,0.49999999991666666,987.0,0.6233552631568695,0.0795639284689682,0.0,0.0,0.0,0.0,mip,mip,mip,rw_rank_bfs,pl_rank,7,0.0,493.49999991775,0.46751644521743535,0,0,1,0.0,9.751773039765174
4,4,1416.0918630331812,123.0,41.0,46.0,8437.0,4678,3759.0,0.0402133771029954,0.1881209503239741,7,52,344110.322717063,123199.99208388675,31.0,0.12903225806451613,10.25,11.499999997125,0.6666666665555555,87.0,0.8913043478067109,0.19317203786936976,0.0402133771029954,0.1881209503239741,0.04761904761872368,0.0,ga_meta,mip,ga_meta,pl_rank,pl_rank,6,0.11416716371348476,57.99999999033333,0.8913042705441939,0,0,1,0.0075649787163518355,96.9770103795746
8,14,291.72968532269306,186.0,11.0,7.0,2556.0,652,1866.0,0.4566666666666666,0.9481666666666668,35,16,0.0,0.0,,,1.375,0.49999999996428574,0.49999999998214284,18.0,1.5714285712040816,0.755570431290045,0.4566666666666666,0.9481666666666668,0.2380952380936184,,ga_meta,mip,mip,pl_rank,mip,6,0.7024166666666667,8.999999999678572,2.749994500207428,2,1,0,0.43299611111111114,141.99999211111154
6,9,129.33193121276108,268.0,134.0,551.0,7717.0,1291,6426.0,0.5434936350777935,0.5619034633215163,16,36,0.0,0.0,20.0,0.3,22.333333333333332,61.222222215419755,0.59999999996,685.0,0.24319419237705409,0.26202543750597684,0.5434936350777935,0.5619034633215163,0.10884353741422556,1.0,ga_meta,ga_meta,sa_meta,rw_rank_bfs,sa_meta,10,0.5526985491996549,410.9999999726,0.36479128264829724,1,0,1,0.30539095584341247,11.265693414210666
6,5,543.4206383907914,1463.0,133.0,216.0,9076.0,1566,7510.0,0.3995398773006134,0.4508226691042047,9,34,401587.8517707948,189653.8027983862,20.0,0.3,22.166666666666668,43.19999999136,0.3333333333111111,349.0,0.6157407407378901,0.13206464569188103,0.3995398773006134,0.4508226691042047,0.06122448979550188,1.0,ga_meta,mip,ga_meta,pl_rank,pl_rank,15,0.42518127320240906,116.33333332557777,0.5131172721755262,1,0,1,0.180121633898229,26.0057305845108
7,11,928.4384515314292,394.0,197.0,649.0,8008.0,1090,6918.0,0.5820552147239264,0.4941133455210238,14,36,0.0,0.0,20.0,0.35,28.142857142857142,58.99999999463636,0.5238095237845805,846.0,0.30354391371293754,0.23419718848618154,0.5820552147239264,0.4941133455210238,0.09523809523744736,1.0,ga_meta,mip,ga_meta,pl_rank,pl_rank,8,0.5380842801224751,443.14285712175507,0.4769975706511528,1,0,1,0.28760124942519716,9.46572102900033
10,22,296.6652856810655,728.0,364.0,1838.0,9283.0,1565,7718.0,0.3971494607087827,0.463095652173913,5,36,0.0,0.0,20.0,0.5,36.4,83.54545454165702,0.48888888887802473,2202.0,0.19804134929260173,0.11226929329635649,0.3971494607087827,0.463095652173913,0.03401360544194549,1.0,ga_meta,pso_meta,ga_meta,rw_rank_bfs,mcts,13,0.4301225564413479,1076.5333333094104,0.435690963248748,2,0,1,0.18391818851745156,4.21571298627806
5,7,945.364586278052,796.0,398.0,1727.0,9202.0,4586,4616.0,0.0,0.0,0,0,0.0,0.0,31.0,0.16129032258064516,79.6,246.7142856790408,0.69999999993,2125.0,0.23045744064839002,0.12001530075547484,0.0,0.0,0.0,0.0,sa_meta,sa_meta,sa_meta,rw_rank_bfs,sa_meta,1,0.0,1487.4999998512499,0.3226404156462751,1,0,1,0.0,4.330352939138658
3,1,601.8745814969085,70.0,14.0,28.0,2556.0,652,1866.0,0.4566666666666666,0.9481666666666668,28,16,221434.41017414548,93076.73626754164,,,4.666666666666667,27.999999971999998,0.3333333332222222,42.0,0.49999999998214284,0.755570431290045,0.4566666666666666,0.9481666666666668,0.19047619047489472,,d_round,mip,mip,pl_rank,mip,7,0.7024166666666667,13.999999995333333,0.1666666608809526,0,0,1,0.43299611111111114,60.8571414081633
7,11,1474.3629474939034,1564.0,782.0,2753.0,9625.0,4944,4681.0,0.0,0.0,0,0,0.0,0.0,31.0,0.22580645161290322,111.71428571428571,250.27272724997522,0.5238095237845805,3535.0,0.2840537595349495,0.0795639284689682,0.0,0.0,0.0,0.0,ga_meta,ga_meta,ga_meta,rw_rank_bfs,rw_rank_bfs,6,0.0,1851.666666578492,0.4463701918121267,1,0,1,0.0,2.72277227645749
6,7,154.02797445698337,34.0,1.0,4.0,3121.0,919,2202.0,0.2341666666666666,0.9388333333333332,30,16,0.0,0.0,,,0.16666666666666666,0.5714285713469388,0.46666666663555556,5.0,0.2499999999375,0.701539638519652,0.2341666666666666,0.9388333333333332,0.20408163265167292,,mip,mip,mip,rw_rank_bfs,mip,2,0.5864999999999999,2.333333333177778,0.2916661562925597,1,0,1,0.21984347222222214,624.1998751600249
5,8,322.4542431716464,2535.0,195.0,490.0,9306.0,1294,8012.0,0.5015408320493067,0.4426434782608696,6,36,505285.7990499699,220881.15657257775,20.0,0.25,39.0,61.24999999234375,0.79999999992,685.0,0.39795918367265726,0.11006980969685376,0.5015408320493067,0.4426434782608696,0.04081632653033459,1.0,ga_meta,pso_meta,ga_meta,rw_rank_bfs,d_round,18,0.4720921551550881,547.9999999452,0.6367346835614746,1,0,1,0.22200377838815571,13.585401440021311
4,4,105.0870585101534,1050.0,105.0,215.0,6330.0,910,5420.0,0.6782178217821782,0.6304881374420508,20,36,88693.47738256949,33627.85872324909,20.0,0.2,26.25,53.7499999865625,0.6666666665555555,320.0,0.48837209302098433,0.3946638615281629,0.6782178217821782,0.6304881374420508,0.13605442176778196,1.0,ga_meta,rw_rank_bfs,pso_meta,rw_rank_bfs,pso_meta,11,0.6543529796121145,213.33333329777776,0.4883720840593566,0,0,1,0.42760829123545024,19.781249938183596
5,5,64.3003937837447,938.0,469.0,1077.0,17304.0,2649,14655.0,0.0,0.0,0,0,0.0,0.0,20.0,0.25,93.8,215.39999995692,0.49999999995,1546.0,0.4354688950785186,-0.6547767045997896,0.0,0.0,0.0,1.0,ga_meta,mip,mip,pl_rank,mip,11,0.0,772.9999999227,0.43546889314434123,1,0,1,0.0,11.192755490819692
3,3,355.1631914457431,32.0,16.0,55.0,7853.0,4285,3568.0,0.0456570155902004,0.1925775062231274,9,63,0.0,0.0,31.0,0.0967741935483871,5.333333333333333,18.33333332722222,0.9999999996666666,71.0,0.2909090909038017,0.2490197953523955,0.0456570155902004,0.1925775062231274,0.06122448979550188,0.0,sa_meta,pl_rank,sa_meta,pl_rank,pl_rank,3,0.11911726090666389,70.99999997633333,0.29090907513829284,0,0,1,0.00879251420395124,110.6056322449911
5,6,394.90702468261975,286.0,143.0,289.0,7233.0,909,6324.0,0.6514570552147239,0.5375502742230347,17,36,0.0,0.0,20.0,0.25,28.6,48.16666665863889,0.59999999994,432.0,0.4948096885796028,0.3083102228172516,0.6514570552147239,0.5375502742230347,0.11564625850261466,1.0,ga_meta,mip,rw_rank_bfs,pl_rank,rw_rank_bfs,9,0.5945036647188793,259.19999997408,0.5937716140691015,1,0,1,0.35019091867520546,16.74305551679848
5,8,14.351031677155596,890.0,445.0,1766.0,9659.0,4735,4924.0,0.0,0.0,0,0,0.0,0.0,31.0,0.16129032258064516,89.0,220.74999997240624,0.79999999992,2211.0,0.25198187995455723,0.07631251793057281,0.0,0.0,0.0,0.0,ga_meta,rw_rank_bfs,ga_meta,pl_rank,pl_rank,3,0.0,1768.79999982312,0.403171006151547,1,0,1,0.0,4.3686114860386205
3,2,922.7594210773108,795.0,53.0,120.0,9233.0,1460,7773.0,0.4837340876944838,0.4700709026452141,12,35,246376.76542764195,159637.37984637474,20.0,0.15,17.666666666666668,59.99999997,0.6666666664444444,173.0,0.4416666666629861,0.11705077938223196,0.4837340876944838,0.4700709026452141,0.08163265306066918,1.0,ga_meta,mip,mip,rw_rank_bfs,pl_rank,19,0.47690249516984895,115.33333329488887,0.2944444396842594,0,0,1,0.22738931924280514,53.36994188803502
6,6,1005.016768108463,1158.0,579.0,1370.0,9659.0,4735,4924.0,0.0,0.0,0,0,0.0,0.0,31.0,0.1935483870967742,96.5,228.33333329527778,0.39999999997333335,1949.0,0.4226277372259689,0.07631251793057281,0.0,0.0,0.0,0.0,ga_meta,rw_rank_bfs,ga_meta,pl_rank,rw_rank_bfs,3,0.0,779.5999999480267,0.4226277354457909,1,0,1,0.0,4.955874805050859
3,2,312.7456506837732,76.0,38.0,42.0,7891.0,4349,3542.0,0.0314031180400891,0.1984611903145507,6,63,0.0,0.0,31.0,0.0967741935483871,12.666666666666666,20.9999999895,0.6666666664444444,80.0,0.9047619047403629,0.2453858659271302,0.0314031180400891,0.1984611903145507,0.04081632653033459,0.0,mcts,pl_rank,mcts,pl_rank,pl_rank,5,0.1149321541773199,53.33333331555555,0.6031745747535916,0,0,1,0.006232300185824423,98.63749876703127
8,17,524.6710820254234,524.0,262.0,1486.0,10284.0,1591,8693.0,0.3871340523882897,0.3952695652173913,4,36,0.0,0.0,20.0,0.4,32.75,87.41176470074048,0.6071428571211734,1748.0,0.17631224764456507,0.016543941857129152,0.3871340523882897,0.3952695652173913,0.02721088435355639,1.0,ga_meta,sa_meta,sa_meta,rw_rank_bfs,sa_meta,9,0.3912018088028405,1061.2857142478113,0.37466352198080094,2,0,1,0.15302230856836604,5.883295191142279
10,22,260.7506132895091,514.0,3.0,22.0,3121.0,919,2202.0,0.2341666666666666,0.9388333333333332,17,16,84360.49253484116,33525.62664691438,,,0.3,0.9999999999545455,0.48888888887802473,25.0,0.136363636357438,0.701539638519652,0.2341666666666666,0.9388333333333332,0.11564625850261466,,d_round,mip,mip,rw_rank_bfs,mip,7,0.5864999999999999,12.222222221950618,0.29999970001393633,2,0,1,0.21984347222222214,124.8399950064002
4,3,766.9043555764688,381.0,127.0,141.0,6531.0,866,5665.0,0.6937765205091937,0.6137851104445051,20,36,273017.95058522286,205530.36729449363,20.0,0.2,31.75,46.999999984333336,0.49999999991666666,268.0,0.9007092198517681,0.3754422874629435,0.6937765205091937,0.6137851104445051,0.13605442176778196,1.0,ga_meta,ga_meta,ga_meta,rw_rank_bfs,pl_rank,11,0.6537808154768494,133.99999997766668,0.6755319007457752,0,0,1,0.4258296982645399,24.36940289414402
6,6,36.34933606399567,1148.0,574.0,1352.0,17304.0,2649,14655.0,0.0,0.0,0,0,0.0,0.0,20.0,0.3,95.66666666666667,225.33333329577778,0.39999999997333335,1926.0,0.42455621301743746,-0.6547767045997896,0.0,0.0,0.0,1.0,ga_meta,ga_meta,sa_meta,pl_rank,sa_meta,13,0.0,770.39999994864,0.4245562112043857,1,0,1,0.0,8.98442367134765
6,8,346.1579337770725,318.0,159.0,482.0,8287.0,1177,7110.0,0.5486963190184049,0.480073126142596,13,36,0.0,0.0,20.0,0.3,26.5,60.24999999246875,0.5333333332977778,641.0,0.32987551867151477,0.2075164961269963,0.5486963190184049,0.480073126142596,0.08843537414905826,1.0,ga_meta,ga_meta,mip,pl_rank,mip,9,0.5143847225805005,341.86666664387553,0.43983401765109514,1,0,1,0.2634143571741008,12.928237109316322
5,7,777.5514398528638,840.0,420.0,1561.0,17304.0,2649,14655.0,0.0,0.0,0,0,0.0,0.0,20.0,0.25,84.0,222.99999996814284,0.69999999993,1981.0,0.2690582959639532,-0.6547767045997896,0.0,0.0,0.0,1.0,ga_meta,mip,ga_meta,pl_rank,pl_rank,17,0.0,1386.6999998613298,0.37668161271443223,1,0,1,0.0,8.734982327746096
4,5,1068.7108251299394,820.0,410.0,1524.0,9202.0,4586,4616.0,0.0,0.0,0,0,0.0,0.0,31.0,0.12903225806451613,102.5,304.79999993904,0.8333333331944445,1934.0,0.2690288713908996,0.12001530075547484,0.0,0.0,0.0,0.0,ga_meta,mip,ga_meta,rw_rank_bfs,pl_rank,4,0.0,1611.6666663980557,0.33628608820280154,0,0,1,0.0,4.758014475306093
5,7,523.929053023313,920.0,460.0,2018.0,9659.0,4735,4924.0,0.0,0.0,0,0,0.0,0.0,31.0,0.16129032258064516,92.0,288.2857142445306,0.69999999993,2478.0,0.22794846382545692,0.07631251793057281,0.0,0.0,0.0,0.0,ga_meta,pl_rank,ga_meta,pl_rank,pl_rank,7,0.0,1734.59999982654,0.31912784829440294,1,0,1,0.0,3.897901531921751
6,9,221.66719801380972,406.0,203.0,650.0,10719.0,1831,8888.0,0.2946841294298922,0.381704347826087,3,36,0.0,0.0,20.0,0.3,33.833333333333336,72.22222221419753,0.59999999996,853.0,0.31230769230721184,-0.025054987089987657,0.2946841294298922,0.381704347826087,0.020408163265167294,1.0,ga_meta,ga_meta,sa_meta,rw_rank_bfs,pl_rank,10,0.3381942386279896,511.79999996588,0.46846153202719937,1,0,1,0.1124822134387352,12.566236796522583
5,5,1367.8666586618135,198.0,22.0,100.0,16624.0,2653,13971.0,0.040506329113924,0.0284422809457579,5,36,284516.26500165724,166879.73235674127,20.0,0.25,4.4,19.999999996,0.49999999995,122.0,0.21999999999779998,-0.5897484938318829,0.040506329113924,0.0284422809457579,0.03401360544194549,1.0,ga_meta,mip,ga_meta,pl_rank,pl_rank,13,0.03447430502984095,60.9999999939,0.21999998904400056,1,0,1,0.0011520923927395591,136.26229396506318
7,12,311.4146563747142,1364.0,682.0,2795.0,9202.0,4586,4616.0,0.0,0.0,0,0,0.0,0.0,31.0,0.22580645161290322,97.42857142857143,232.91666664725693,0.5714285714013605,3477.0,0.2440071556349753,0.12001530075547484,0.0,0.0,0.0,0.0,ga_meta,ga_meta,ga_meta,rw_rank_bfs,d_round,6,0.0,1986.8571427625304,0.41829797932762436,1,0,1,0.0,2.6465343679475026
7,8,117.67540137587906,1450.0,725.0,2161.0,17304.0,2649,14655.0,0.0,0.0,0,0,0.0,0.0,20.0,0.35,103.57142857142857,270.1249999662344,0.3809523809342404,2886.0,0.3354928273945694,-0.6547767045997896,0.0,0.0,0.0,1.0,ga_meta,mip,mcts,pl_rank,pso_meta,13,0.0,1099.4285713762179,0.38342037279390884,1,0,1,0.0,5.995841993764435
7,12,928.7813696528694,1566.0,783.0,3070.0,9659.0,4735,4924.0,0.0,0.0,0,0,0.0,0.0,31.0,0.22580645161290322,111.85714285714286,255.83333331201388,0.5714285714013605,3853.0,0.25504885993477033,0.07631251793057281,0.0,0.0,0.0,0.0,ga_meta,sa_meta,ga_meta,pl_rank,pl_rank,7,0.0,2201.714285609442,0.43722661535858376,1,0,1,0.0,2.5068777569408573
2,1,351.66130815657266,30.0,10.0,9.0,16134.0,2493,13641.0,0.0983725135623869,0.0513908205841446,10,36,6681.56485497488,6681.56485497488,20.0,0.1,5.0,8.999999991,0.9999999989999999,19.0,1.1111111109876544,-0.5428899301903032,0.0983725135623869,0.0513908205841446,0.06802721088389098,1.0,ga_meta,ga_meta,ga_meta,pl_rank,pl_rank,14,0.07488166707326574,18.999999981,0.5555554943827229,0,0,1,0.005055444194895956,849.1578500443236
6,9,1478.8119097663823,344.0,172.0,528.0,8919.0,1251,7668.0,0.5576379066478077,0.4772293427870193,15,36,0.0,0.0,20.0,0.3,28.666666666666668,58.666666660148145,0.59999999996,700.0,0.3257575757569588,0.1470785120015301,0.5576379066478077,0.4772293427870193,0.10204081632583646,1.0,ga_meta,mip,d_round,rw_rank_bfs,d_round,11,0.5174336247174135,419.99999997199996,0.48863635536162786,1,0,1,0.2661211717026625,12.74142855322653
3,2,281.27641036700527,1144.0,88.0,85.0,7245.0,1318,5927.0,0.4946319018404908,0.5665813528336381,12,33,48660.818993491914,48660.818993491914,20.0,0.15,29.333333333333332,42.49999997875,0.6666666664444444,173.0,1.0352941176348789,0.30716266615664145,0.4946319018404908,0.5665813528336381,0.08163265306066918,1.0,ga_meta,ga_meta,mip,pl_rank,d_round,15,0.5306066273370644,115.33333329488887,0.6901960625365633,0,0,1,0.2802492120994605,41.8786124746901
2,1,210.29920029509057,48.0,16.0,21.0,8161.0,4328,3833.0,0.0360801781737193,0.1326091875990043,6,61,7781.070410918351,7781.070410918351,31.0,0.06451612903225806,8.0,20.999999979,0.9999999989999999,37.0,0.7619047618684808,0.2195658410634025,0.0360801781737193,0.1326091875990043,0.04081632653033459,0.0,ga_meta,ga_meta,ga_meta,pl_rank,pl_rank,8,0.08434468288636181,36.99999996299999,0.3809523631927446,0,0,1,0.004784563116044243,220.56756160628214
5,6,593.8097543689009,1182.0,591.0,1903.0,9625.0,4944,4681.0,0.0,0.0,0,0,0.0,0.0,31.0,0.16129032258064516,118.2,317.16666661380555,0.59999999994,2494.0,0.3105622700996792,0.0795639284689682,0.0,0.0,0.0,0.0,ga_meta,mip,rw_rank_bfs,rw_rank_bfs,rw_rank_bfs,8,0.0,1496.39999985036,0.372674723006911,1,0,1,0.0,3.8592622278030224
10,22,379.9625062249896,608.0,19.0,19.0,3013.0,795,2170.0,0.3375,0.9397222222222222,46,16,0.0,0.0,,,1.9,0.8636363635971074,0.48888888887802473,38.0,0.9999999999473684,0.7118676484651429,0.3375,0.9397222222222222,0.3129251700658985,,mip,mip,mip,pl_rank,mip,1,0.6386111111111111,18.57777777736494,2.1999974527345283,2,1,0,0.31715625000000003,79.28947159764549
5,6,115.71048684596111,700.0,175.0,501.0,12139.0,1764,10375.0,0.3204930662557781,0.2782608695652173,4,36,129132.9033200926,78220.28910786971,20.0,0.25,35.0,83.49999998608334,0.59999999994,676.0,0.3493013972048916,-0.1608491919288515,0.3204930662557781,0.2782608695652173,0.02721088435355639,1.0,ga_meta,mip,ga_meta,rw_rank_bfs,rw_rank_bfs,15,0.2993769679104977,405.59999995943997,0.41916167169666657,1,0,1,0.08918067930595562,17.957100565152217
9,20,239.60634740598368,724.0,362.0,1686.0,10142.0,1810,8332.0,0.3027734976887519,0.4203826086956521,3,36,0.0,0.0,20.0,0.45,40.22222222222222,84.299999995785,0.5555555555401235,2048.0,0.21470937129287385,0.030123362341015536,0.3027734976887519,0.4203826086956521,0.020408163265167294,1.0,ga_meta,ga_meta,pso_meta,rw_rank_bfs,pso_meta,13,0.361578053192202,1137.777777746173,0.4771319305705979,2,0,1,0.12728071280230452,4.952148435081959
3,3,110.67875388692596,174.0,87.0,183.0,7749.0,1410,6339.0,0.4593558282208588,0.5364533820840951,11,33,0.0,0.0,20.0,0.15,29.0,60.99999997966667,0.9999999996666666,270.0,0.47540983606297593,0.25896528641101657,0.4593558282208588,0.5364533820840951,0.07482993197228008,1.0,ga_meta,ga_meta,mip,pl_rank,mip,14,0.4979046051524769,269.99999991,0.47540982843044,0,0,1,0.24642298762912032,28.699999893703705
5,7,770.4175710640617,795.0,53.0,90.0,15434.0,2378,13056.0,0.1399638336347197,0.0920723226703755,12,36,191063.5576238873,110169.71266216082,20.0,0.25,10.6,12.857142855306122,0.69999999993,143.0,0.5888888888823457,-0.4759491249880463,0.1399638336347197,0.0920723226703755,0.08163265306066918,1.0,ga_meta,pl_rank,ga_meta,pl_rank,pl_rank,12,0.11601807815254761,100.09999998999,0.8244443804387704,1,0,1,0.012886795252598669,107.9300691753142
5,6,408.2273176679187,848.0,424.0,1366.0,9659.0,4735,4924.0,0.0,0.0,0,0,0.0,0.0,31.0,0.16129032258064516,84.8,227.66666662872223,0.59999999994,1790.0,0.31039531478747406,0.07631251793057281,0.0,0.0,0.0,0.0,ga_meta,rw_rank_bfs,ga_meta,pl_rank,pl_rank,4,0.0,1073.9999998926,0.3724743761712692,1,0,1,0.0,5.396089382460285
5,5,80.1670477863293,872.0,436.0,1447.0,9202.0,4586,4616.0,0.0,0.0,0,0,0.0,0.0,31.0,0.16129032258064516,87.2,289.39999994212,0.49999999995,1883.0,0.30131306150635706,0.12001530075547484,0.0,0.0,0.0,0.0,mip,mip,mip,rw_rank_bfs,sa_meta,2,0.0,941.49999990585,0.3013130605256632,1,0,1,0.0,4.886882631499265
5,8,1.24275629848267,375.0,25.0,80.0,15934.0,2528,13406.0,0.0857142857142857,0.0677329624478442,10,36,260.97882268136067,130.48941134068033,20.0,0.25,5.0,9.99999999875,0.79999999992,105.0,0.31249999999609374,-0.5237639858468013,0.0857142857142857,0.0677329624478442,0.06802721088389098,1.0,ga_meta,rw_rank_bfs,mip,pl_rank,pl_rank,15,0.07672362408106495,83.9999999916,0.49999995006250497,1,0,1,0.005805682495529502,151.7523795071202
10,21,393.2795467285974,716.0,358.0,1626.0,10284.0,1591,8693.0,0.3871340523882897,0.3952695652173913,4,36,0.0,0.0,20.0,0.5,35.8,77.42857142488435,0.46666666665629636,1984.0,0.22017220172188182,0.016543941857129152,0.3871340523882897,0.3952695652173913,0.02721088435355639,1.0,ga_meta,mip,rw_rank_bfs,rw_rank_bfs,rw_rank_bfs,14,0.3912018088028405,925.866666646092,0.46236161766679335,2,0,1,0.15302230856836604,5.1834677393228485
7,10,52.84358576063194,1476.0,738.0,2562.0,9202.0,4586,4616.0,0.0,0.0,0,0,0.0,0.0,31.0,0.22580645161290322,105.42857142857143,256.19999997438,0.47619047616780047,3300.0,0.28805620608888055,0.12001530075547484,0.0,0.0,0.0,0.0,ga_meta,mip,ga_meta,rw_rank_bfs,d_round,5,0.0,1571.4285713537415,0.4115088642763678,1,0,1,0.0,2.7884848476398534
8,13,211.52449845796343,1298.0,649.0,3169.0,9659.0,4735,4924.0,0.0,0.0,0,0,0.0,0.0,31.0,0.25806451612903225,81.125,243.7692307504793,0.4642857142691327,3818.0,0.20479646576200544,0.07631251793057281,0.0,0.0,0.0,0.0,mip,rw_rank_bfs,mip,pl_rank,pl_rank,3,0.0,1772.6428570795485,0.33279425552376135,2,0,1,0.0,2.5298585640309432
5,5,543.1016570216467,824.0,412.0,1157.0,9202.0,4586,4616.0,0.0,0.0,0,0,0.0,0.0,31.0,0.16129032258064516,82.4,231.39999995372,0.49999999995,1569.0,0.35609334485708205,0.12001530075547484,0.0,0.0,0.0,0.0,ga_meta,ga_meta,ga_meta,rw_rank_bfs,ga_meta,6,0.0,784.4999999215499,0.3560933433897436,1,0,1,0.0,5.8648820867655305
7,10,281.41260086887553,1480.0,740.0,2483.0,9202.0,4586,4616.0,0.0,0.0,0,0,0.0,0.0,31.0,0.22580645161290322,105.71428571428571,248.29999997517,0.47619047616780047,3223.0,0.2980265807489738,0.12001530075547484,0.0,0.0,0.0,0.0,mip,mip,mip,rw_rank_bfs,pso_meta,2,0.0,1534.761904688821,0.4257522565408976,1,0,1,0.0,2.8551039395423197
4,3,593.8097543689009,2025.0,135.0,116.0,7958.0,985,6973.0,0.6516973125884017,0.5246113989637305,18,36,226241.51641455127,149046.24834659413,20.0,0.2,33.75,38.666666653777774,0.49999999991666666,251.0,1.1637931034382432,0.23897867457205701,0.6516973125884017,0.5246113989637305,0.12244897959100376,1.0,ga_meta,mip,sa_meta,rw_rank_bfs,sa_meta,15,0.5881543557760661,125.49999997908333,0.8728448053035828,0,0,1,0.341887838857905,31.705179156553072
4,3,425.3225575290778,676.0,338.0,846.0,9659.0,4735,4924.0,0.0,0.0,0,0,0.0,0.0,31.0,0.12903225806451613,84.5,281.99999990599997,0.49999999991666666,1184.0,0.39952718676075705,0.07631251793057281,0.0,0.0,0.0,0.0,ga_meta,mip,rw_rank_bfs,pl_rank,rw_rank_bfs,9,0.0,591.9999999013334,0.2996453891082315,0,0,1,0.0,8.157939182299037
7,8,559.1980610268962,240.0,120.0,418.0,7646.0,1210,6436.0,0.5721357850070721,0.5612217071175347,16,36,0.0,0.0,20.0,0.35,17.142857142857142,52.24999999346875,0.3809523809342404,538.0,0.2870813397122319,0.26881514774792004,0.5721357850070721,0.5612217071175347,0.10884353741422556,1.0,ga_meta,mip,mip,rw_rank_bfs,rw_rank_bfs,11,0.5666787460623034,204.95238094262132,0.3280929534336277,1,0,1,0.3210950219646998,14.211895884364505
8,13,56.452751411561366,1544.0,772.0,3378.0,9659.0,4735,4924.0,0.0,0.0,0,0,0.0,0.0,31.0,0.25806451612903225,96.5,259.8461538261657,0.4642857142691327,4150.0,0.22853759621070796,0.07631251793057281,0.0,0.0,0.0,0.0,ga_meta,pl_rank,ga_meta,pl_rank,pl_rank,7,0.0,1926.7857142169007,0.3713735924418719,2,0,1,0.0,2.327469878957236
4,4,830.5821426838758,490.0,70.0,240.0,6837.0,1084,5753.0,0.6166902404526167,0.6077856558494683,16,36,737556.9427032816,257480.46423200148,20.0,0.2,17.5,59.999999985,0.6666666665555555,310.0,0.2916666666654514,0.3461795926173855,0.6166902404526167,0.6077856558494683,0.10884353741422556,1.0,ga_meta,rw_rank_bfs,ga_meta,rw_rank_bfs,pl_rank,12,0.6122379481510425,206.66666663222222,0.2916666618784723,0,0,1,0.37481548224945993,22.05483863853278
4,3,423.6684739536506,590.0,118.0,171.0,8319.0,1194,7125.0,0.5777934936350778,0.5142487046632125,15,36,191921.81870100377,122440.18897260504,20.0,0.2,29.5,56.999999981,0.49999999991666666,289.0,0.6900584795281284,0.2044563450320359,0.5777934936350778,0.5142487046632125,0.10204081632583646,1.0,ga_meta,mip,ga_meta,rw_rank_bfs,pl_rank,12,0.5460210991491452,144.49999997591667,0.5175438507419208,0,0,1,0.29712955566467086,28.78546702842399
7,11,1231.8602718285645,1322.0,661.0,2841.0,9625.0,4944,4681.0,0.0,0.0,0,0,0.0,0.0,31.0,0.22580645161290322,94.42857142857143,258.2727272492479,0.5238095237845805,3502.0,0.2326645547341666,0.0795639284689682,0.0,0.0,0.0,0.0,pso_meta,rw_rank_bfs,pso_meta,rw_rank_bfs,rw_rank_bfs,2,0.0,1834.3809522936008,0.36561572748572385,1,0,1,0.0,2.748429468090112
5,5,67.42905537955637,138.0,46.0,74.0,15839.0,2450,13389.0,0.1139240506329114,0.0689151599443671,11,36,11395.510359145028,8091.4866455467645,20.0,0.25,9.2,14.79999999704,0.49999999995,120.0,0.6216216216132213,-0.5146791622836377,0.1139240506329114,0.0689151599443671,0.07482993197228008,1.0,ga_meta,mip,pl_rank,pl_rank,pl_rank,9,0.09141960528863925,59.999999994,0.6216215797444878,1,0,1,0.007851094170877265,131.99166556673612
8,16,515.4420381029943,1568.0,784.0,4510.0,9625.0,4944,4681.0,0.0,0.0,0,0,0.0,0.0,31.0,0.25806451612903225,98.0,281.8749999823828,0.5714285714081633,5294.0,0.17383592017734503,0.0795639284689682,0.0,0.0,0.0,0.0,mip,mip,mip,rw_rank_bfs,mip,1,0.0,3025.142857034816,0.3476718391430711,2,0,1,0.0,1.8180959573445228
4,4,170.43941274216854,890.0,445.0,876.0,9625.0,4944,4681.0,0.0,0.0,0,0,0.0,0.0,31.0,0.12903225806451613,111.25,218.99999994524998,0.6666666665555555,1321.0,0.5079908675793288,0.0795639284689682,0.0,0.0,0.0,0.0,mip,rw_rank_bfs,rw_rank_bfs,rw_rank_bfs,rw_rank_bfs,3,0.0,880.6666665198888,0.5079908653873134,0,0,1,0.0,7.286146852924945
3,2,328.98447424036755,165.0,55.0,103.0,7459.0,1272,6187.0,0.5502121640735502,0.5781974365966731,15,36,75666.42907528454,51979.546929978074,20.0,0.15,18.333333333333332,51.499999974249995,0.6666666664444444,158.0,0.5339805825190875,0.28669790570909437,0.5502121640735502,0.5781974365966731,0.10204081632583646,1.0,ga_meta,ga_meta,sa_meta,rw_rank_bfs,sa_meta,16,0.5642048003351117,105.33333329822221,0.3559870482818049,0,0,1,0.31813126285163484,47.20886046070341
7,9,148.57625377691403,258.0,129.0,479.0,8961.0,1082,7879.0,0.5851226993865031,0.4238391224862888,15,36,0.0,0.0,20.0,0.35,18.428571428571427,53.222222216308644,0.42857142855102043,608.0,0.26931106471760063,0.14306206368939467,0.5851226993865031,0.4238391224862888,0.10204081632583646,1.0,ga_meta,mip,mip,pl_rank,mip,9,0.5044809109363959,260.57142855902043,0.3462570767416654,1,0,1,0.24799789145478401,14.738486817864331
3,1,1624.5198535569928,44.0,6.0,26.0,3608.0,956,2592.0,0.2033333333333333,0.928,5,16,500390.7939396861,192157.49124931288,,,2.0,25.999999973999998,0.3333333332222222,32.0,0.23076923076035502,0.6549679640432247,0.2033333333333333,0.928,0.03401360544194549,,d_round,mip,mip,pl_rank,mip,7,0.5656666666666667,10.66666666311111,0.07692307404142024,0,0,1,0.18869333333333332,112.74999647656261
8,14,345.5909414511088,104.0,6.0,4.0,2556.0,652,1866.0,0.4566666666666666,0.9481666666666668,33,16,0.0,0.0,,,0.75,0.2857142856938775,0.49999999998214284,10.0,1.499999999625,0.755570431290045,0.4566666666666666,0.9481666666666668,0.22448979591684023,,ga_meta,mip,mip,pl_rank,mip,6,0.7024166666666667,4.999999999821428,2.6249908127196555,2,1,0,0.43299611111111114,255.59997444000257
4,3,472.6484464098267,166.0,16.0,34.0,2671.0,586,1993.0,0.5116666666666667,0.9446388888888888,11,16,161735.1886485085,63488.18320694158,,,4.0,11.333333329555556,0.49999999991666666,50.0,0.4705882352802769,0.7445730132925313,0.5116666666666667,0.9446388888888888,0.07482993197228008,,d_round,mip,mip,rw_rank_bfs,mip,7,0.7281527777777778,24.999999995833335,0.3529411454463695,0,0,1,0.4833402314814815,53.41999893160003
5,5,1303.2858841835675,426.0,213.0,499.0,9350.0,1166,8184.0,0.5508474576271186,0.4306782608695652,7,35,0.0,0.0,20.0,0.25,42.6,99.79999998004,0.49999999995,712.0,0.42685370741397427,0.10586210194128332,0.5508474576271186,0.4306782608695652,0.04761904761872368,1.0,ga_meta,ga_meta,mip,rw_rank_bfs,d_round,11,0.4907628592483419,355.9999999644,0.4268537032231092,1,0,1,0.23723802505526895,13.132022453466261
6,9,795.2697551268346,390.0,195.0,449.0,8620.0,1118,7502.0,0.6046676096181047,0.4885464957731115,17,36,0.0,0.0,20.0,0.3,32.5,49.88888888334568,0.59999999996,644.0,0.43429844097898823,0.17567179879506556,0.6046676096181047,0.4885464957731115,0.11564625850261466,1.0,ga_meta,mip,ga_meta,rw_rank_bfs,rw_rank_bfs,8,0.5466070526956082,386.39999997423996,0.6514476484843456,1,0,1,0.2954082417864288,13.385093146917557
2,1,361.1871411954342,80.0,8.0,16.0,8582.0,4712,3870.0,0.0332375871973738,0.1641468682505399,8,61,14447.485647817368,8668.491388690421,31.0,0.06451612903225806,4.0,15.999999983999999,0.9999999989999999,24.0,0.49999999996875,0.17930572822033086,0.0332375871973738,0.1641468682505399,0.05442176870711278,0.0,ga_meta,mip,ga_meta,pl_rank,pl_rank,7,0.09869222772395685,23.999999975999998,0.24999998462500095,0,0,1,0.005455845846653149,357.5833184340284
2,1,1242.741079428085,345.0,23.0,20.0,8857.0,4708,4149.0,0.034058268362741,0.1038876889848812,6,50,53437.866415407654,53437.866415407654,31.0,0.06451612903225806,11.5,19.99999998,0.9999999989999999,43.0,1.1499999999425,0.15300755474801564,0.034058268362741,0.1038876889848812,0.04081632653033459,0.0,ga_meta,ga_meta,ga_meta,pl_rank,pl_rank,7,0.0689729786738111,42.999999957,0.5749999718250014,0,0,1,0.0035382347910320557,205.97673939588978
4,5,157.4980379972429,336.0,112.0,237.0,8392.0,1454,6938.0,0.4424846625766871,0.4926508226691042,10,34,107728.65799011417,54966.81526103777,20.0,0.2,28.0,47.39999999052,0.8333333331944445,349.0,0.4725738396604533,0.1974753753466577,0.4424846625766871,0.4926508226691042,0.06802721088389098,1.0,ga_meta,ga_meta,mcts,pl_rank,pso_meta,17,0.4675677426228957,290.8333332848611,0.5907172872338126,0,0,1,0.21799043303686588,24.045845203307035
2,0,131.3072506875826,32.0,16.0,17.0,2671.0,586,1993.0,0.5116666666666667,0.9446388888888888,43,16,0.0,0.0,,,8.0,16999999999.999998,0.0,33.0,0.941176470532872,0.7445730132925313,0.5116666666666667,0.9446388888888888,0.29251700680073117,,mip,mip,mip,rw_rank_bfs,mip,1,0.7281527777777778,0.0,4.705882352941176e-10,0,0,1,0.4833402314814815,80.93939148668511
2,1,38.169744915379454,105.0,21.0,21.0,15303.0,2356,12947.0,0.1479204339963833,0.0996522948539638,13,36,1603.129286445937,1603.129286445937,20.0,0.1,10.5,20.999999979,0.9999999989999999,42.0,0.999999999952381,-0.4634216314430526,0.1479204339963833,0.0996522948539638,0.08843537414905826,1.0,ga_meta,ga_meta,sa_meta,pl_rank,pl_rank,19,0.12378636442517355,41.999999958,0.4999999766904773,0,0,1,0.01474061070353388,364.35713418197304
4,3,628.7939240498878,97.0,7.0,23.0,2556.0,652,1866.0,0.4566666666666666,0.9481666666666668,2,16,231338.24882051197,97239.6709126096,,,1.75,7.666666664111111,0.49999999991666666,30.0,0.304347826073724,0.755570431290045,0.4566666666666666,0.9481666666666668,0.013605442176778195,,d_round,mip,mip,pl_rank,mip,7,0.7024166666666667,14.9999999975,0.2282608398681513,0,0,1,0.43299611111111114,85.1999971600001
4,3,673.7244084316038,818.0,409.0,756.0,9202.0,4586,4616.0,0.0,0.0,0,0,0.0,0.0,31.0,0.12903225806451613,102.25,251.999999916,0.49999999991666666,1165.0,0.5410052910045754,0.12001530075547484,0.0,0.0,0.0,0.0,ga_meta,pl_rank,ga_meta,rw_rank_bfs,pl_rank,3,0.0,582.4999999029167,0.40575396677908476,0,0,1,0.0,7.89871243957192
4,3,829.027112690544,370.0,37.0,50.0,8126.0,4304,3822.0,0.041425389755011,0.1350984385607603,9,58,159173.20563658443,72125.35880407732,31.0,0.12903225806451613,9.25,16.666666661111112,0.49999999991666666,87.0,0.7399999999852,0.2229128813235154,0.041425389755011,0.1350984385607603,0.06122448979550188,0.0,ga_meta,mip,mip,pl_rank,mip,6,0.08826191415788565,43.49999999275,0.554999966885002,0,0,1,0.005596505472672902,93.40229777698508
7,12,863.3166849829781,1400.0,700.0,2532.0,9202.0,4586,4616.0,0.0,0.0,0,0,0.0,0.0,31.0,0.22580645161290322,100.0,210.99999998241665,0.5714285714013605,3232.0,0.2764612954185322,0.12001530075547484,0.0,0.0,0.0,0.0,mip,mip,mip,rw_rank_bfs,d_round,5,0.0,1846.857142769197,0.473933647082463,1,0,1,0.0,2.8471534644656087
5,5,72.18164306787149,490.0,35.0,116.0,15969.0,2516,13453.0,0.0900542495479204,0.0644645340751043,9,36,22159.76442183655,10899.428103248596,20.0,0.25,7.0,23.19999999536,0.49999999995,151.0,0.3017241379284334,-0.5271110261069141,0.0900542495479204,0.0644645340751043,0.06122448979550188,1.0,ga_meta,rw_rank_bfs,sa_meta,pl_rank,sa_meta,13,0.07725939181151235,75.49999999245,0.3017241249860291,1,0,1,0.005805305238589862,105.7549661870532
7,9,1973.816646633371,546.0,273.0,712.0,9350.0,1166,8184.0,0.5508474576271186,0.4306782608695652,7,35,0.0,0.0,20.0,0.35,39.0,79.11111110232099,0.42857142855102043,985.0,0.38342696629159634,0.10586210194128332,0.5508474576271186,0.4306782608695652,0.04761904761872368,1.0,ga_meta,mip,mip,rw_rank_bfs,mip,16,0.4907628592483419,422.1428571227551,0.4929775219132055,1,0,1,0.23723802505526895,9.49238577716509
5,4,628.9454444181525,196.0,28.0,85.0,15886.0,2382,13504.0,0.1385171790235081,0.0609179415855354,12,34,95599.7075515592,71070.83521925124,20.0,0.25,5.6,21.2499999946875,0.39999999996,113.0,0.3294117647020069,-0.5191737592043608,0.1385171790235081,0.0609179415855354,0.08163265306066918,1.0,ga_meta,mip,ga_meta,pl_rank,pl_rank,16,0.09971756030452175,45.19999999548,0.2635293994292047,1,0,1,0.008438181420347217,140.58406955235338
5,5,33.205926479236474,310.0,20.0,42.0,2671.0,586,1993.0,0.5116666666666667,0.9446388888888888,2,16,11362.709058205755,4460.3636378866295,,,4.0,8.39999999832,0.49999999995,62.0,0.47619047617913834,0.7445730132925313,0.5116666666666667,0.9446388888888888,0.013605442176778195,,d_round,mip,mip,rw_rank_bfs,mip,7,0.7281527777777778,30.9999999969,0.47619041959637864,1,0,1,0.4833402314814815,43.08064446644122
3,2,1201.9520319734054,670.0,67.0,130.0,7138.0,1145,5993.0,0.5609662576687117,0.5617550274223035,13,36,393038.31445530354,236784.55029876085,20.0,0.15,22.333333333333332,64.9999999675,0.6666666664444444,197.0,0.515384615380651,0.31739504638041505,0.5609662576687117,0.5617550274223035,0.08843537414905826,1.0,ga_meta,ga_meta,pl_rank,pl_rank,pl_rank,14,0.5613606425455075,131.33333328955555,0.34358973847554247,0,0,1,0.3151256154596741,36.23350235414466
8,14,284.4819685367381,94.0,3.0,5.0,3013.0,795,2170.0,0.3375,0.9397222222222222,33,16,0.0,0.0,,,0.375,0.35714285711734695,0.49999999998214284,8.0,0.59999999988,0.7118676484651429,0.3375,0.9397222222222222,0.22448979591684023,,ga_meta,mip,mip,pl_rank,mip,6,0.6386111111111111,3.9999999998571427,1.0499970600832316,2,1,0,0.31715625000000003,376.62495292188095
10,20,502.4666597158526,794.0,397.0,1614.0,10142.0,1810,8332.0,0.3027734976887519,0.4203826086956521,3,36,0.0,0.0,20.0,0.5,39.7,80.699999995965,0.44444444443456793,2011.0,0.2459727385376419,0.030123362341015536,0.3027734976887519,0.4203826086956521,0.020408163265167294,1.0,ga_meta,ga_meta,pso_meta,rw_rank_bfs,pso_meta,8,0.361578053192202,893.777777757916,0.4919454710042073,2,0,1,0.12728071280230452,5.043262056169437
8,17,86.58330088995689,1728.0,864.0,4244.0,9659.0,4735,4924.0,0.0,0.0,0,0,0.0,0.0,31.0,0.25806451612903225,108.0,249.6470588088443,0.6071428571211734,5108.0,0.20358152686140346,0.07631251793057281,0.0,0.0,0.0,0.0,ga_meta,ga_meta,ga_meta,pl_rank,pl_rank,6,0.0,3101.285714174954,0.43261074287314266,2,0,1,0.0,1.8909553637644958
7,11,1033.784555245744,1496.0,748.0,2811.0,17304.0,2649,14655.0,0.0,0.0,0,0,0.0,0.0,20.0,0.35,106.85714285714286,255.54545452222314,0.5238095237845805,3559.0,0.2660974742083721,-0.6547767045997896,0.0,0.0,0.0,1.0,ga_meta,mip,ga_meta,pl_rank,pl_rank,13,0.0,1864.238095149322,0.41815317215785974,1,0,1,0.0,4.862039897481866
7,11,209.04583043540111,1166.0,583.0,2990.0,9202.0,4586,4616.0,0.0,0.0,0,0,0.0,0.0,31.0,0.22580645161290322,83.28571428571429,271.81818179347107,0.5238095237845805,3573.0,0.19498327759190803,0.12001530075547484,0.0,0.0,0.0,0.0,ga_meta,pl_rank,ga_meta,rw_rank_bfs,ga_meta,5,0.0,1871.571428482306,0.3064022922594374,1,0,1,0.0,2.5754268114818286
5,6,251.3880197766324,294.0,49.0,75.0,16882.0,2690,14192.0,0.0271247739602169,0.0130737134909596,2,20,55556.75237063575,31172.114452302416,20.0,0.25,9.8,12.499999997916667,0.59999999994,124.0,0.6533333333246222,-0.6144209620350005,0.0271247739602169,0.0130737134909596,0.013605442176778195,1.0,ga_meta,mip,pso_meta,pl_rank,pso_meta,15,0.020099243725588252,74.39999999256,0.7839999374106718,1,0,1,0.0003546215232629173,136.14516019237774
3,2,51.87535571270016,231.0,33.0,3.0,8684.0,4620,4064.0,0.0521132540008206,0.1222462203023758,10,63,2023.138872795306,1867.5128056572055,31.0,0.0967741935483871,11.0,1.49999999925,0.6666666664444444,36.0,10.999999996333333,0.1695514966051449,0.0521132540008206,0.1222462203023758,0.06802721088389098,0.0,ga_meta,sa_meta,ga_meta,pl_rank,pl_rank,7,0.0871797371515982,23.999999992,7.333328448114366,0,1,0,0.006370648329257982,241.22221552160514
4,3,263.0153988497282,810.0,405.0,648.0,9202.0,4586,4616.0,0.0,0.0,0,0,0.0,0.0,31.0,0.12903225806451613,101.25,215.999999928,0.49999999991666666,1053.0,0.6249999999990355,0.12001530075547484,0.0,0.0,0.0,0.0,ga_meta,pl_rank,ga_meta,rw_rank_bfs,pl_rank,3,0.0,526.49999991225,0.4687499979861111,0,0,1,0.0,8.738841397209077
5,4,539.9154622170771,900.0,450.0,1055.0,17304.0,2649,14655.0,0.0,0.0,0,0,0.0,0.0,20.0,0.25,90.0,263.7499999340625,0.39999999996,1505.0,0.42654028435978525,-0.6547767045997896,0.0,0.0,0.0,1.0,ga_meta,ga_meta,mip,pl_rank,sa_meta,16,0.0,601.9999999398,0.34123222627968824,1,0,1,0.0,11.497674410964999
3,2,1303.0724541975976,273.0,21.0,24.0,7823.0,4263,3560.0,0.0505567928730512,0.19438787055895,11,51,71668.98498086787,58638.26043889189,31.0,0.0967741935483871,7.0,11.999999994,0.6666666664444444,45.0,0.8749999999635417,0.25188868700392086,0.0505567928730512,0.19438787055895,0.07482993197228008,0.0,ga_meta,mip,mip,pl_rank,rw_rank_bfs,8,0.1224723317160006,29.99999999,0.5833332850138929,0,0,1,0.009827627308882321,173.84444058123466
7,13,729.378484442178,266.0,133.0,693.0,7354.0,1238,6116.0,0.5253067484662577,0.5527605118829981,12,36,0.0,0.0,20.0,0.35,19.0,53.307692303591715,0.6190476190181405,826.0,0.191919191918915,0.29673902648943296,0.5253067484662577,0.5527605118829981,0.08163265306066918,1.0,ga_meta,ga_meta,rw_rank_bfs,pl_rank,rw_rank_bfs,8,0.5390336301746279,511.3333333089841,0.3564213497626587,1,0,1,0.29036882717780194,8.90314768897924
7,10,238.7931526242663,1520.0,760.0,2184.0,9659.0,4735,4924.0,0.0,0.0,0,0,0.0,0.0,31.0,0.22580645161290322,108.57142857142857,218.39999997816,0.47619047616780047,2944.0,0.34798534798518865,0.07631251793057281,0.0,0.0,0.0,0.0,ga_meta,pl_rank,ga_meta,pl_rank,pl_rank,3,0.0,1401.9047618380046,0.4971219234668672,1,0,1,0.0,3.280910324972517
7,10,1084.3704789463372,233.0,19.0,10.0,2671.0,586,1993.0,0.5116666666666667,0.9446388888888888,48,16,0.0,0.0,,,2.7142857142857144,0.9999999999,0.47619047616780047,29.0,1.89999999981,0.7445730132925313,0.5116666666666667,0.9446388888888888,0.3265306122426767,,mip,mip,mip,rw_rank_bfs,mip,1,0.7281527777777778,13.809523808866214,2.7142830002741425,1,1,0,0.4833402314814815,92.1034450998812
6,9,734.0879291075967,1446.0,723.0,2191.0,9659.0,4735,4924.0,0.0,0.0,0,0,0.0,0.0,31.0,0.1935483870967742,120.5,243.44444441739506,0.59999999996,2914.0,0.32998630762193976,0.07631251793057281,0.0,0.0,0.0,0.0,mip,mip,mip,pl_rank,pl_rank,5,0.0,1748.39999988344,0.4949794594548995,1,0,1,0.0,3.314687713344308
6,7,344.45237408252547,34.0,1.0,4.0,2671.0,586,1993.0,0.5116666666666667,0.9446388888888888,36,16,0.0,0.0,,,0.16666666666666666,0.5714285713469388,0.46666666663555556,5.0,0.2499999999375,0.7445730132925313,0.5116666666666667,0.9446388888888888,0.24489795918200752,,ga_meta,mip,mip,rw_rank_bfs,mip,6,0.7281527777777778,2.333333333177778,0.2916661562925597,1,0,1,0.4833402314814815,534.1998931600214
4,3,775.9006361541212,73.0,13.0,7.0,3013.0,795,2170.0,0.3375,0.9397222222222222,12,16,256973.98013515523,102030.93365426696,,,3.25,2.3333333325555556,0.49999999991666666,20.0,1.857142856877551,0.7118676484651429,0.3375,0.9397222222222222,0.08163265306066918,,d_round,mip,mip,pl_rank,mip,7,0.6386111111111111,9.999999998333333,1.3928565463829083,0,1,0,0.31715625000000003,150.64999246750037
7,13,65.7476666854208,1402.0,701.0,2707.0,9625.0,4944,4681.0,0.0,0.0,0,0,0.0,0.0,31.0,0.22580645161290322,100.14285714285714,208.2307692147515,0.6190476190181405,3408.0,0.25895825637227227,0.0795639284689682,0.0,0.0,0.0,0.0,mip,mip,mip,rw_rank_bfs,rw_rank_bfs,3,0.0,2109.714285613823,0.480922473847541,1,0,1,0.0,2.82423708837317
9,18,347.356728908239,144.0,10.0,3.0,2671.0,586,1993.0,0.5116666666666667,0.9446388888888888,29,16,0.0,0.0,,,1.1111111111111112,0.1666666666574074,0.49999999998611117,13.0,3.3333333322222223,0.7445730132925313,0.5116666666666667,0.9446388888888888,0.19727891156328384,,ga_meta,mip,mip,rw_rank_bfs,mip,6,0.7281527777777778,6.499999999819445,6.666626667277032,2,1,0,0.4833402314814815,205.46152265680595
7,9,440.32586569745774,388.0,194.0,389.0,6291.0,970,5321.0,0.657001414427157,0.6372375238614671,19,36,0.0,0.0,20.0,0.35,27.714285714285715,43.222222217419755,0.42857142855102043,583.0,0.49871465295501616,0.3983934206751458,0.657001414427157,0.6372375238614671,0.12925170067939284,1.0,ga_meta,pl_rank,ga_meta,rw_rank_bfs,rw_rank_bfs,7,0.6471194691443121,249.8571428452449,0.6412045390371334,1,0,1,0.4186659545030431,10.790737545813487
10,21,149.67650487795495,634.0,317.0,1677.0,10257.0,1703,8554.0,0.3439907550077041,0.4049391304347826,4,36,0.0,0.0,20.0,0.5,31.7,79.85714285334014,0.46666666665629636,1994.0,0.18902802623721585,0.01912594434350201,0.3439907550077041,0.4049391304347826,0.02721088435355639,1.0,ga_meta,sa_meta,ga_meta,rw_rank_bfs,rw_rank_bfs,7,0.3744649427212433,930.5333333126549,0.3969588501464306,2,0,1,0.13929531721042404,5.143931792806453
7,11,433.82587822326946,420.0,210.0,424.0,7709.0,1222,6487.0,0.5678925035360679,0.5577447504772293,15,36,0.0,0.0,20.0,0.35,30.0,38.54545454195041,0.5238095237845805,634.0,0.4952830188667564,0.2627904752797169,0.5678925035360679,0.5577447504772293,0.10204081632583646,1.0,ga_meta,mip,ga_meta,rw_rank_bfs,rw_rank_bfs,11,0.5628186270066486,332.095238079424,0.7783018666714139,1,0,1,0.31673906268261326,12.159305974512137
7,8,2.137780683530025,1410.0,705.0,1735.0,9659.0,4735,4924.0,0.0,0.0,0,0,0.0,0.0,31.0,0.22580645161290322,100.71428571428571,216.87499997289063,0.3809523809342404,2440.0,0.40634005763665343,0.07631251793057281,0.0,0.0,0.0,0.0,ga_meta,mip,ga_meta,pl_rank,pl_rank,4,0.0,929.5238094795466,0.46438863521607543,1,0,1,0.0,3.9586065557546695
7,14,218.60521787307712,1336.0,668.0,3506.0,17304.0,2649,14655.0,0.0,0.0,0,0,0.0,0.0,20.0,0.35,95.42857142857143,250.42857141068367,0.6666666666349206,4174.0,0.19053051911004262,-0.6547767045997896,0.0,0.0,0.0,1.0,ga_meta,ga_meta,mip,pl_rank,pso_meta,10,0.0,2782.6666665341586,0.38106103672577696,1,0,1,0.0,4.145663631014455
4,4,46.8779394453398,606.0,303.0,1257.0,9659.0,4735,4924.0,0.0,0.0,0,0,0.0,0.0,31.0,0.12903225806451613,75.75,314.2499999214375,0.6666666665555555,1560.0,0.2410501193315505,0.07631251793057281,0.0,0.0,0.0,0.0,ga_meta,mip,mip,pl_rank,pl_rank,8,0.0,1039.9999998266667,0.24105011862493994,0,0,1,0.0,6.191666662697649
6,9,766.8185533463725,1154.0,577.0,2544.0,17304.0,2649,14655.0,0.0,0.0,0,0,0.0,0.0,20.0,0.3,96.16666666666667,282.6666666352593,0.59999999996,3121.0,0.22680817610053977,-0.6547767045997896,0.0,0.0,0.0,1.0,ga_meta,ga_meta,mip,pl_rank,pl_rank,9,0.0,1872.59999987516,0.34021226298516366,1,0,1,0.0,5.544376800530479
4,4,1067.3511895895217,722.0,361.0,1193.0,9202.0,4586,4616.0,0.0,0.0,0,0,0.0,0.0,31.0,0.12903225806451613,90.25,298.2499999254375,0.6666666665555555,1554.0,0.3025984911984052,0.12001530075547484,0.0,0.0,0.0,0.0,ga_meta,pl_rank,ga_meta,rw_rank_bfs,d_round,4,0.0,1035.9999998273333,0.3025984902597284,0,0,1,0.0,5.9214929176824365
5,4,350.0128194435873,340.0,170.0,328.0,8621.0,1336,7285.0,0.485362095531587,0.4932173913043478,5,36,0.0,0.0,20.0,0.25,34.0,81.9999999795,0.39999999996,498.0,0.5182926829252491,0.17557616907334794,0.485362095531587,0.4932173913043478,0.03401360544194549,1.0,ga_meta,ga_meta,pso_meta,rw_rank_bfs,pl_rank,12,0.4892897434179674,199.19999998008,0.41463414138860805,1,0,1,0.23938902659610098,17.311244945158144
3,1,66.74689209971612,37.0,5.0,22.0,2671.0,586,1993.0,0.5116666666666667,0.9446388888888888,10,16,22840.064888500154,8965.73118204295,,,1.6666666666666667,21.999999977999998,0.3333333332222222,27.0,0.2272727272623967,0.7445730132925313,0.5116666666666667,0.9446388888888888,0.06802721088389098,,d_round,mip,mip,rw_rank_bfs,mip,7,0.7281527777777778,8.999999997,0.07575757238980732,0,0,1,0.4833402314814815,98.92592226200287
4,3,868.5253714712403,976.0,488.0,839.0,17304.0,2649,14655.0,0.0,0.0,0,0,0.0,0.0,20.0,0.2,122.0,279.66666657344445,0.49999999991666666,1327.0,0.5816448152555642,-0.6547767045997896,0.0,0.0,0.0,1.0,ga_meta,ga_meta,mip,pl_rank,pl_rank,13,0.0,663.4999998894167,0.43623361002777017,0,0,1,0.0,13.039939703813157
7,10,124.44632329109982,1438.0,719.0,2906.0,17304.0,2649,14655.0,0.0,0.0,0,0,0.0,0.0,20.0,0.35,102.71428571428571,290.59999997094,0.47619047616780047,3625.0,0.24741913282854527,-0.6547767045997896,0.0,0.0,0.0,1.0,ga_meta,mip,mip,pl_rank,sa_meta,11,0.0,1726.1904761082767,0.35345590285994916,1,0,1,0.0,4.773517240062478
7,8,379.8876995735875,1434.0,717.0,1538.0,9625.0,4944,4681.0,0.0,0.0,0,0,0.0,0.0,31.0,0.22580645161290322,102.42857142857143,192.24999997596873,0.3809523809342404,2255.0,0.466189856956784,0.0795639284689682,0.0,0.0,0.0,0.0,ga_meta,mip,ga_meta,rw_rank_bfs,ga_meta,2,0.0,859.0476190067121,0.5327884052462242,1,0,1,0.0,4.2682926810340165
2,1,2644.2092578954366,44.0,11.0,15.0,8528.0,4712,3816.0,0.0332375871973738,0.1758099352051836,8,61,148075.71844214445,68749.44070528135,31.0,0.06451612903225806,5.5,14.999999984999999,0.9999999989999999,26.0,0.7333333332844444,0.18446973319307636,0.0332375871973738,0.1758099352051836,0.05442176870711278,0.0,ga_meta,mip,ga_meta,pl_rank,pl_rank,8,0.1045237612012787,25.999999973999998,0.36666664258889053,0,0,1,0.005843498051546927,327.99998738461585
5,5,95.23543871704268,1470.0,105.0,270.0,6904.0,1206,5698.0,0.5375766871165644,0.583327239488117,13,36,69902.81201830933,35713.289518891004,20.0,0.25,21.0,53.9999999892,0.49999999995,375.0,0.38888888888744855,0.33977240126231234,0.5375766871165644,0.583327239488117,0.08843537414905826,1.0,ga_meta,sa_meta,ga_meta,pl_rank,rw_rank_bfs,11,0.5604519633023407,187.49999998125,0.38888888176502073,1,0,1,0.3135831249088727,18.410666617571557
4,5,724.6030157471803,748.0,374.0,1465.0,9625.0,4944,4681.0,0.0,0.0,0,0,0.0,0.0,31.0,0.12903225806451613,93.5,292.9999999414,0.8333333331944445,1839.0,0.25529010238890426,0.0795639284689682,0.0,0.0,0.0,0.0,ga_meta,mcts,rw_rank_bfs,rw_rank_bfs,rw_rank_bfs,8,0.0,1532.4999997445834,0.31911262696104903,0,0,1,0.0,5.233822726898411
5,5,1709.8283048658066,117.0,13.0,99.0,8497.0,4477,4020.0,0.0028953229398663,0.0902919212491514,1,7,704449.2616047123,191500.77014497033,31.0,0.16129032258064516,2.6,19.79999999604,0.49999999995,112.0,0.13131313131180491,0.18743425456631924,0.0028953229398663,0.0902919212491514,0.0068027210883890975,0.0,ga_meta,mip,ga_meta,pl_rank,rw_rank_bfs,6,0.04659362209450885,55.9999999944,0.13131312470741793,1,0,1,0.00026142427087726946,75.86607075119579
9,15,123.20791539158272,798.0,399.0,1284.0,9785.0,1349,8436.0,0.4803543913713405,0.4131478260869565,6,35,0.0,0.0,20.0,0.45,44.333333333333336,85.59999999429333,0.4166666666550926,1683.0,0.31074766355115985,0.06426317299416662,0.4803543913713405,0.4131478260869565,0.04081632653033459,1.0,ga_meta,ga_meta,mip,rw_rank_bfs,mip,20,0.44675110872914847,701.2499999805209,0.5179127665698146,2,0,1,0.19845737254639242,5.814022575273902
8,13,327.6288577500364,1528.0,764.0,3011.0,17304.0,2649,14655.0,0.0,0.0,0,0,0.0,0.0,20.0,0.4,95.5,231.61538459756804,0.4642857142691327,3775.0,0.2537363002323966,-0.6547767045997896,0.0,0.0,0.0,1.0,ga_meta,mip,ga_meta,pl_rank,pl_rank,8,0.0,1752.6785713659758,0.4123214861292995,2,0,1,0.0,4.583841058388386
6,8,569.5288276963363,404.0,202.0,486.0,9482.0,1303,8179.0,0.4980739599383667,0.4310260869565218,6,29,0.0,0.0,20.0,0.3,33.666666666666664,60.74999999240625,0.5333333332977778,688.0,0.4156378600814493,0.09323897867457209,0.4980739599383667,0.4310260869565218,0.04081632653033459,1.0,ga_meta,mip,mip,rw_rank_bfs,mip,18,0.4645500234474442,366.9333333088711,0.5541838043899785,1,0,1,0.2146828699671736,13.781976724154104
3,3,1060.124637165195,240.0,20.0,68.0,8476.0,4347,4129.0,0.03184855233853,0.0656257071735686,7,61,113433.33617667588,93290.96807053716,31.0,0.0967741935483871,6.666666666666667,22.66666665911111,0.9999999996666666,88.0,0.2941176470544983,0.18944247872238695,0.03184855233853,0.0656257071735686,0.04761904761872368,0.0,ga_meta,ga_meta,ga_meta,pl_rank,pl_rank,5,0.0487371297560493,87.99999997066666,0.2941176341810848,0,0,1,0.002090083769670443,96.31818072365704
2,0,54.82695821968635,38.0,19.0,4.0,2556.0,652,1866.0,0.4566666666666666,0.9481666666666668,13,16,20171.2707734296,8478.700525736494,,,9.5,3999999999.9999995,0.0,23.0,4.7499999988125,0.755570431290045,0.4566666666666666,0.9481666666666668,0.08843537414905826,,d_round,mip,mip,pl_rank,mip,7,0.7024166666666667,0.0,2.3749999999999998e-09,0,0,1,0.43299611111111114,111.13042995085087
5,6,798.8505395560865,332.0,166.0,274.0,8782.0,1627,7155.0,0.3761503067484663,0.476782449725777,9,33,0.0,0.0,20.0,0.25,33.2,45.66666665905556,0.59999999994,440.0,0.6058394160561831,0.16017978387682896,0.3761503067484663,0.476782449725777,0.06122448979550188,1.0,ga_meta,mip,mip,pl_rank,pl_rank,11,0.42646637823712163,263.9999999736,0.7270072834713734,1,0,1,0.1793418647166362,19.95909086372934
6,10,438.8664325293968,1340.0,670.0,2702.0,9625.0,4944,4681.0,0.0,0.0,0,0,0.0,0.0,31.0,0.1935483870967742,111.66666666666667,270.19999997298,0.6666666666222222,3372.0,0.24796447076230646,0.0795639284689682,0.0,0.0,0.0,0.0,ga_meta,mip,ga_meta,rw_rank_bfs,rw_rank_bfs,8,0.0,2247.999999850133,0.4132741164491459,1,0,1,0.0,2.854389085748995
5,5,424.99543697613734,525.0,105.0,250.0,6768.0,765,6003.0,0.7294908062234795,0.5907417507499318,19,36,326821.4910346496,150873.38012652876,20.0,0.25,21.0,49.99999999,0.49999999995,355.0,0.41999999999832,0.3527780434158937,0.7294908062234795,0.5907417507499318,0.12925170067939284,1.0,ga_meta,ga_meta,pso_meta,rw_rank_bfs,pso_meta,12,0.6601162784867056,177.49999998225,0.4199999916840002,1,0,1,0.4309406760244376,19.064788678690736
4,4,171.58674721351258,854.0,427.0,1272.0,17304.0,2649,14655.0,0.0,0.0,0,0,0.0,0.0,20.0,0.2,106.75,317.9999999205,0.6666666665555555,1699.0,0.3356918238991072,-0.6547767045997896,0.0,0.0,0.0,1.0,ga_meta,mip,ga_meta,pl_rank,pl_rank,14,0.0,1132.6666664778888,0.33569182292765937,0,0,1,0.0,10.184814590827065
5,6,324.17451880825666,1076.0,538.0,1478.0,17304.0,2649,14655.0,0.0,0.0,0,0,0.0,0.0,20.0,0.25,107.6,246.33333329227779,0.59999999994,2016.0,0.3640054127196455,-0.6547767045997896,0.0,0.0,0.0,1.0,ga_meta,ga_meta,ga_meta,pl_rank,pl_rank,12,0.0,1209.5999998790398,0.43680649356343776,1,0,1,0.0,8.583333329075726
5,6,1518.3886577549997,94.0,47.0,76.0,8207.0,4648,3559.0,0.0463684858432499,0.2313174946004319,11,63,0.0,0.0,31.0,0.16129032258064516,9.4,12.666666664555555,0.59999999994,123.0,0.6184210526234418,0.21516687386439703,0.0463684858432499,0.2313174946004319,0.07482993197228008,0.0,rw_rank_bfs,rw_rank_bfs,rw_rank_bfs,pl_rank,rw_rank_bfs,1,0.1388429902218409,73.79999999262,0.7421052046943261,1,0,1,0.010725841973676162,66.72357669330425
5,6,624.4710696379794,138.0,46.0,72.0,8772.0,4683,4089.0,0.0391875256462864,0.1168466522678185,8,63,147375.17243456314,73687.58621728157,31.0,0.16129032258064516,9.2,11.999999998,0.59999999994,118.0,0.6388888888800154,0.161136081094004,0.0391875256462864,0.1168466522678185,0.05442176870711278,0.0,ga_meta,rw_rank_bfs,rw_rank_bfs,pl_rank,rw_rank_bfs,5,0.07801708895705245,70.79999999292,0.7666666029055609,1,0,1,0.004578931182427847,74.33898242085608
5,4,930.0082832642656,348.0,174.0,210.0,8271.0,1159,7112.0,0.5555981595092024,0.479926873857404,13,36,0.0,0.0,20.0,0.25,34.8,52.499999986875,0.39999999996,384.0,0.828571428567483,0.20904657167447638,0.5555981595092024,0.479926873857404,0.08843537414905826,1.0,ga_meta,ga_meta,pso_meta,pl_rank,pso_meta,9,0.5177625166833032,153.59999998464002,0.6628571303970071,1,0,1,0.2666464878141788,21.53906244390869
4,3,26.8178744144784,132.0,33.0,18.0,16946.0,2679,14267.0,0.0311030741410488,0.0078581363004172,3,11,1635.8903392831824,1367.7115951383985,20.0,0.2,8.25,5.999999998,0.49999999991666666,51.0,1.8333333332314814,-0.6205412642249211,0.0311030741410488,0.0078581363004172,0.020408163265167294,1.0,ga_meta,mip,mip,pl_rank,pl_rank,18,0.019480605220733,25.49999999575,1.3749997712917048,0,1,0,0.0002444121959623431,332.2745032887352
5,5,100.34881897293046,270.0,5.0,49.0,2671.0,586,1993.0,0.5116666666666667,0.9446388888888888,6,16,34338.2810004398,13479.287305282822,,,1.0,9.79999999804,0.49999999995,54.0,0.10204081632444816,0.7445730132925313,0.5116666666666667,0.9446388888888888,0.04081632653033459,,d_round,mip,mip,rw_rank_bfs,mip,7,0.7281527777777778,26.9999999973,0.10204080593461164,1,0,1,0.4833402314814815,49.462962046982184
5,6,312.7456506837732,268.0,134.0,325.0,8235.0,1091,7144.0,0.5816717791411044,0.4775868372943327,15,36,0.0,0.0,20.0,0.25,26.8,54.166666657638885,0.59999999994,459.0,0.41230769230642367,0.21248924165630678,0.5816717791411044,0.4775868372943327,0.10204081632583646,1.0,ga_meta,mip,rw_rank_bfs,pl_rank,rw_rank_bfs,12,0.5296293082177186,275.39999997245997,0.4947692217174914,1,0,1,0.27779878534336766,17.941176431500704
2,1,14.088303613730236,195.0,15.0,9.0,8097.0,4331,3766.0,0.0354120267260579,0.1477709889115184,6,63,338.1192867295257,338.1192867295257,31.0,0.06451612903225806,7.5,8.999999991,0.9999999989999999,24.0,1.6666666664814815,0.22568614325332315,0.0354120267260579,0.1477709889115184,0.04081632653033459,0.0,ga_meta,ga_meta,ga_meta,pl_rank,pl_rank,7,0.09159150781878815,23.999999975999998,0.8333332415740843,0,0,1,0.005232870208670696,337.3749859427089
7,14,197.8599506638967,330.0,165.0,729.0,8512.0,1232,7280.0,0.5643564356435644,0.5036814835014999,15,36,0.0,0.0,20.0,0.35,23.571428571428573,52.071428567709184,0.6666666666349206,894.0,0.2263374485593603,0.18599980874055655,0.5643564356435644,0.5036814835014999,0.10204081632583646,1.0,ga_meta,mip,ga_meta,rw_rank_bfs,ga_meta,9,0.5340189595725322,595.999999971619,0.45267488845833065,1,0,1,0.2842558867285693,9.521252785770411
7,9,537.7884240699008,324.0,162.0,469.0,8056.0,1135,6921.0,0.5986562942008486,0.5281565312244341,18,36,0.0,0.0,20.0,0.35,23.142857142857142,52.11111110532099,0.42857142855102043,631.0,0.34541577825086267,0.22960696184374108,0.5986562942008486,0.5281565312244341,0.12244897959100376,1.0,ga_meta,ga_meta,sa_meta,rw_rank_bfs,sa_meta,9,0.5634064127126414,270.4285714156939,0.4441059921362542,1,0,1,0.3161842317407945,12.767036429846218
2,1,1065.3055150078635,72.0,12.0,3.0,16093.0,2494,13599.0,0.098010849909584,0.0543115438108483,10,36,15979.582725117953,15979.582725117953,20.0,0.1,6.0,2.9999999969999998,0.9999999989999999,15.0,3.9999999986666666,-0.5389691115998851,0.098010849909584,0.0543115438108483,0.06802721088389098,1.0,ga_meta,ga_meta,pl_rank,pl_rank,pl_rank,10,0.07616119686021615,14.999999984999999,1.9999993353335543,0,1,0,0.005323120568802849,1072.866595142227
5,6,1518.3886577549997,470.0,47.0,76.0,16112.0,2455,13657.0,0.1121157323688969,0.0502781641168289,13,36,236868.63060977997,186761.80490386495,20.0,0.25,9.4,12.666666664555555,0.59999999994,123.0,0.6184210526234418,-0.5407860763125178,0.1121157323688969,0.0502781641168289,0.08843537414905826,1.0,ga_meta,ga_meta,mip,pl_rank,pl_rank,11,0.0811969482428629,73.79999999262,0.7421052046943261,1,0,1,0.005636973192121864,130.99186885372464
8,14,899.504391908521,1460.0,730.0,3254.0,17304.0,2649,14655.0,0.0,0.0,0,0,0.0,0.0,20.0,0.4,91.25,232.4285714119694,0.49999999998214284,3984.0,0.2243392747387141,-0.6547767045997896,0.0,0.0,0.0,1.0,ga_meta,ga_meta,mip,pl_rank,pl_rank,9,0.0,1991.999999928857,0.3925937291318186,2,0,1,0.0,4.3433734928857
6,9,166.7016678667516,1324.0,662.0,2484.0,9202.0,4586,4616.0,0.0,0.0,0,0,0.0,0.0,31.0,0.1935483870967742,110.33333333333333,275.9999999693333,0.59999999996,3146.0,0.2665056360707462,0.12001530075547484,0.0,0.0,0.0,0.0,ga_meta,ga_meta,ga_meta,rw_rank_bfs,ga_meta,1,0.0,1887.59999987416,0.3997584527022976,1,0,1,0.0,2.9249841058725417
4,3,202.32642150204768,1044.0,87.0,207.0,8045.0,1191,6854.0,0.5788543140028288,0.53272429779111,15,36,120181.89437221632,59483.967921602016,20.0,0.2,21.75,68.999999977,0.49999999991666666,294.0,0.4202898550704334,0.23065888878263363,0.5788543140028288,0.53272429779111,0.10204081632583646,1.0,ga_meta,mip,mip,rw_rank_bfs,pl_rank,15,0.5557893058969694,146.9999999755,0.3152173868410524,0,0,1,0.30836975795051164,27.36394548515665
3,1,299.59325427451773,15.0,1.0,12.0,3013.0,795,2170.0,0.3375,0.9397222222222222,12,16,99223.62140875208,39396.51293709908,,,0.3333333333333333,11.999999987999999,0.3333333332222222,13.0,0.08333333332638888,0.7118676484651429,0.3375,0.9397222222222222,0.08163265306066918,,d_round,mip,mip,pl_rank,mip,7,0.6386111111111111,4.3333333318888885,0.02777777549074093,0,0,1,0.31715625000000003,231.7692129408298
3,1,203.7981571865228,21.0,7.0,0.0,2671.0,586,1993.0,0.5116666666666667,0.9446388888888888,28,16,0.0,0.0,,,2.3333333333333335,0.0,0.3333333332222222,7.0,7000000000.0,0.7445730132925313,0.5116666666666667,0.9446388888888888,0.19047619047489472,,ga_meta,mip,mip,rw_rank_bfs,mip,6,0.7281527777777778,2.333333332555555,2333333.3333333335,0,1,0,0.4833402314814815,381.5713740612323
8,10,795.9022346050847,1554.0,777.0,2716.0,9625.0,4944,4681.0,0.0,0.0,0,0,0.0,0.0,31.0,0.25806451612903225,97.125,271.59999997284,0.357142857130102,3493.0,0.2860824742266988,0.0795639284689682,0.0,0.0,0.0,0.0,ga_meta,ga_meta,ga_meta,rw_rank_bfs,rw_rank_bfs,8,0.0,1247.4999999554464,0.35760309150261194,2,0,1,0.0,2.755511021255222
3,3,32.43218740750499,156.0,13.0,41.0,8931.0,4734,4197.0,0.0287238407878539,0.0935205183585313,8,63,3470.244052603034,1751.3381200052695,31.0,0.0967741935483871,4.333333333333333,13.66666666211111,0.9999999996666666,54.0,0.31707317072397384,0.14593095534091993,0.0287238407878539,0.0935205183585313,0.05442176870711278,0.0,ga_meta,pl_rank,ga_meta,pl_rank,pl_rank,5,0.0611221795731926,53.999999982,0.3170731476369242,0,0,1,0.0026862684797280207,165.38888582613174
5,5,102.27652125774458,230.0,6.0,40.0,2671.0,586,1993.0,0.5116666666666667,0.9446388888888888,8,16,34997.91988227849,13738.224612188931,,,1.2,7.9999999984,0.49999999995,46.0,0.14999999999625002,0.7445730132925313,0.5116666666666667,0.9446388888888888,0.05442176870711278,,d_round,mip,mip,rw_rank_bfs,mip,7,0.7281527777777778,22.9999999977,0.14999998128000236,1,0,1,0.4833402314814815,58.065216129017045
7,14,125.54595924754403,402.0,201.0,677.0,8846.0,1327,7519.0,0.491180981595092,0.450164533820841,12,36,0.0,0.0,20.0,0.35,28.714285714285715,48.35714285368878,0.6666666666349206,878.0,0.2968980797632247,0.1540594816869083,0.491180981595092,0.450164533820841,0.08163265306066918,1.0,ga_meta,mip,pl_rank,pl_rank,pl_rank,9,0.47067275770796646,585.3333333054603,0.5937961472903519,1,0,1,0.22111225760141767,10.075170831349464
2,1,751.6116744769311,100.0,25.0,25.0,16388.0,2602,13786.0,0.0589511754068715,0.041307371349096,7,33,37580.583723846554,37580.583723846554,20.0,0.1,12.5,24.999999974999998,0.9999999989999999,50.0,0.99999999996,-0.5671798795065506,0.0589511754068715,0.041307371349096,0.04761904761872368,1.0,ga_meta,ga_meta,mip,pl_rank,mip,16,0.05012927337798375,49.999999949999996,0.4999999805000008,0,0,1,0.0024351180939973364,327.75999344480016
4,4,140.5148830367041,432.0,48.0,45.0,15846.0,2468,13378.0,0.1074141048824592,0.0696801112656467,10,36,17283.330613514605,13067.88412241348,20.0,0.2,12.0,11.2499999971875,0.6666666665555555,93.0,1.066666666642963,-0.5153485703356604,0.1074141048824592,0.0696801112656467,0.06802721088389098,1.0,ga_meta,pl_rank,ga_meta,pl_rank,pl_rank,7,0.08854710807405294,61.99999998966666,1.0666665721185271,0,1,0,0.007484626779709602,170.38709494207424
5,7,382.77865769651936,882.0,441.0,2179.0,17304.0,2649,14655.0,0.0,0.0,0,0,0.0,0.0,20.0,0.25,88.2,311.2857142412449,0.69999999993,2620.0,0.2023864157869654,-0.6547767045997896,0.0,0.0,0.0,1.0,ga_meta,ga_meta,mip,pl_rank,mip,14,0.0,1833.9999998166,0.28334098123213086,1,0,1,0.0,6.604580150150924
4,6,70.43317415415201,247.0,19.0,84.0,15361.0,2449,12912.0,0.1142857142857143,0.1020862308762169,11,34,12325.805476976602,7254.616937877658,20.0,0.2,4.75,13.999999997666666,0.9999999998333333,103.0,0.22619047618778343,-0.4689681553026681,0.1142857142857143,0.1020862308762169,0.07482993197228008,1.0,ga_meta,mip,mip,pl_rank,mip,18,0.1081859725809656,102.99999998283333,0.33928569010756976,0,0,1,0.01166699781442479,149.13592088217553
7,10,854.8755343827125,376.0,188.0,495.0,9503.0,1544,7959.0,0.4079754601226993,0.4179890310786106,10,36,0.0,0.0,20.0,0.35,26.857142857142858,49.49999999505,0.47619047616780047,683.0,0.3797979797972125,0.09123075451850438,0.4079754601226993,0.4179890310786106,0.06802721088389098,1.0,ga_meta,ga_meta,ga_meta,pl_rank,pl_rank,7,0.41298224560065494,325.23809522260774,0.5425685316618191,1,0,1,0.1705292672805374,13.913616377871719
5,7,64.84802742269375,1122.0,561.0,1488.0,9625.0,4944,4681.0,0.0,0.0,0,0,0.0,0.0,31.0,0.16129032258064516,112.2,212.5714285410612,0.69999999993,2049.0,0.3770161290320047,0.0795639284689682,0.0,0.0,0.0,0.0,rw_rank_bfs,rw_rank_bfs,rw_rank_bfs,rw_rank_bfs,rw_rank_bfs,1,0.0,1434.29999985657,0.5278225782375282,1,0,1,0.0,4.69741337008423
5,5,344.610358720321,1170.0,90.0,214.0,7537.0,870,6667.0,0.6923620933521923,0.5454731388055631,18,36,143702.51958637388,104761.54905097758,20.0,0.25,18.0,42.79999999144,0.49999999995,304.0,0.4205607476615862,0.27923878741512864,0.6923620933521923,0.5454731388055631,0.12244897959100376,1.0,ga_meta,ga_meta,mip,rw_rank_bfs,mip,16,0.6189176160788777,151.9999999848,0.42056073792147813,1,0,1,0.37766492425081066,24.792763076339597
4,3,22.2378650511505,264.0,24.0,71.0,16830.0,2688,14142.0,0.0278481012658228,0.0165507649513212,3,16,3936.1021140536386,2112.5971798592973,20.0,0.2,6.0,23.66666665877778,0.49999999991666666,95.0,0.33802816900932353,-0.60944821650569,0.0278481012658228,0.0165507649513212,0.020408163265167294,1.0,ga_meta,mip,ga_meta,pl_rank,pl_rank,18,0.022199433108572003,47.49999999208333,0.25352111613291056,0,0,1,0.0004609073783912236,177.1578928720222
5,5,353.1987975543446,270.0,5.0,49.0,3013.0,795,2170.0,0.3375,0.9397222222222222,23,16,116977.47953445696,46445.64187839632,,,1.0,9.79999999804,0.49999999995,54.0,0.10204081632444816,0.7118676484651429,0.3375,0.9397222222222222,0.15646258503294924,,d_round,mip,mip,pl_rank,mip,7,0.6386111111111111,26.9999999973,0.10204080593461164,1,0,1,0.31715625000000003,55.796295263031574
8,10,1014.581989320236,1790.0,895.0,2664.0,17304.0,2649,14655.0,0.0,0.0,0,0,0.0,0.0,20.0,0.4,111.875,266.39999997336,0.357142857130102,3559.0,0.33596096096083483,-0.6547767045997896,0.0,0.0,0.0,1.0,ga_meta,mip,mcts,pl_rank,pso_meta,10,0.0,1271.071428526033,0.4199511996668029,2,0,1,0.0,4.862039897481866
4,3,232.94247344633993,105.0,21.0,59.0,16319.0,2515,13804.0,0.0904159132007232,0.0400556328233657,10,36,30515.464021470532,18635.397875707196,20.0,0.2,5.25,19.66666666011111,0.49999999991666666,80.0,0.3559322033837978,-0.5605814287080424,0.0904159132007232,0.0400556328233657,0.06802721088389098,1.0,ga_meta,pl_rank,mip,pl_rank,pl_rank,14,0.06523577301204445,39.99999999333333,0.26694913905767087,0,0,1,0.0036216666205574725,203.9874974501563
3,1,1931.057282756911,24.0,6.0,6.0,3121.0,919,2202.0,0.2341666666666666,0.9388333333333332,22,16,624753.8267742947,248282.85034034812,,,2.0,5.9999999939999995,0.3333333332222222,12.0,0.9999999998333333,0.701539638519652,0.2341666666666666,0.9388333333333332,0.14965986394456016,,d_round,mip,mip,rw_rank_bfs,mip,7,0.5864999999999999,3.9999999986666666,0.3333332781111203,0,0,1,0.21984347222222214,260.083311659724
3,2,279.84937076880203,66.0,22.0,21.0,7928.0,4347,3581.0,0.03184855233853,0.1896356641774157,6,63,12033.522943058488,12033.522943058488,31.0,0.0967741935483871,7.333333333333333,10.49999999475,0.6666666664444444,43.0,1.047619047569161,0.24184756622358228,0.03184855233853,0.1896356641774157,0.04081632653033459,0.0,ga_meta,ga_meta,ga_meta,pl_rank,pl_rank,7,0.11074210825797284,28.666666657111108,0.6984126322464159,0,0,1,0.006039621375806322,184.37208873553283
5,5,1036.8807185302517,1258.0,629.0,1087.0,9202.0,4586,4616.0,0.0,0.0,0,0,0.0,0.0,31.0,0.16129032258064516,125.8,217.39999995652,0.49999999995,1716.0,0.5786568537253186,0.12001530075547484,0.0,0.0,0.0,0.0,ga_meta,mip,ga_meta,rw_rank_bfs,d_round,5,0.0,857.9999999142,0.5786568511798673,1,0,1,0.0,5.362470859345879
2,1,197.69919984814732,104.0,13.0,4.0,8695.0,4661,4034.0,0.0437012720558063,0.1287257019438444,9,63,3360.886397418504,3360.886397418504,31.0,0.06451612903225806,6.5,3.9999999959999997,0.9999999989999999,17.0,3.2499999991875,0.16849956966625224,0.0437012720558063,0.1287257019438444,0.06122448979550188,0.0,ga_meta,ga_meta,ga_meta,pl_rank,pl_rank,7,0.08621348699982534,16.999999983,1.6249995953751009,0,1,0,0.005625476921222578,511.47055814879064
4,3,488.2655374417354,70.0,35.0,78.0,8679.0,4716,3963.0,0.0324169060320065,0.144060475161987,7,62,0.0,0.0,31.0,0.12903225806451613,8.75,25.999999991333333,0.49999999991666666,113.0,0.4487179487121959,0.17002964521373243,0.0324169060320065,0.144060475161987,0.04761904761872368,0.0,mip,mip,mip,pl_rank,mcts,3,0.08823869059699675,56.49999999058333,0.3365384487068545,0,0,1,0.004669994886252338,76.80530905482027
7,13,99.92776829199636,1548.0,774.0,3377.0,9202.0,4586,4616.0,0.0,0.0,0,0,0.0,0.0,31.0,0.22580645161290322,110.57142857142857,259.7692307492485,0.6190476190181405,4151.0,0.22919751258506688,0.12001530075547484,0.0,0.0,0.0,0.0,ga_meta,ga_meta,ga_meta,rw_rank_bfs,d_round,5,0.0,2569.6666665443013,0.42565252176655616,1,0,1,0.0,2.2168152247128847
4,3,132.60978549174447,125.0,8.0,31.0,2671.0,586,1993.0,0.5116666666666667,0.9446388888888888,44,16,0.0,0.0,,,2.0,10.33333332988889,0.49999999991666666,39.0,0.2580645161207076,0.7445730132925313,0.5116666666666667,0.9446388888888888,0.2993197278891203,,mip,mip,mip,rw_rank_bfs,mip,1,0.7281527777777778,19.49999999675,0.19354836843080306,0,0,1,0.4833402314814815,68.48717773109801
4,3,722.4043999209265,798.0,399.0,1009.0,9625.0,4944,4681.0,0.0,0.0,0,0,0.0,0.0,31.0,0.12903225806451613,99.75,336.33333322122223,0.49999999991666666,1408.0,0.3954410307230967,0.0795639284689682,0.0,0.0,0.0,0.0,ga_meta,mip,mip,rw_rank_bfs,rw_rank_bfs,12,0.0,703.9999998826667,0.29658077225967067,0,0,1,0.0,6.83593749514493
3,2,188.71340254766497,682.0,62.0,113.0,8839.0,1292,7547.0,0.504601226993865,0.4481170018281536,12,36,40384.668145200296,33024.84544584136,20.0,0.15,20.666666666666668,56.49999997175,0.6666666664444444,175.0,0.5486725663668259,0.15472888973893084,0.504601226993865,0.4481170018281536,0.08163265306066918,1.0,ga_meta,ga_meta,mcts,pl_rank,mcts,15,0.4763591144110093,116.66666662777777,0.3657817046233327,0,0,1,0.22612038895929837,50.50857113995102
8,20,1165.2313302805376,1440.0,720.0,5291.0,9659.0,4735,4924.0,0.0,0.0,0,0,0.0,0.0,31.0,0.25806451612903225,90.0,264.5499999867725,0.714285714260204,6011.0,0.13608013608011035,0.07631251793057281,0.0,0.0,0.0,0.0,ga_meta,sa_meta,ga_meta,pl_rank,pl_rank,7,0.0,4293.571428418087,0.3402003389313917,2,0,1,0.0,1.6068873728819018
6,7,124.33053222000464,328.0,15.0,34.0,3013.0,795,2170.0,0.3375,0.9397222222222222,15,16,41177.581546086534,16349.464986930609,,,2.5,4.85714285644898,0.46666666663555556,49.0,0.44117647057525955,0.7118676484651429,0.3375,0.9397222222222222,0.10204081632583646,,d_round,mip,mip,pl_rank,mip,7,0.6386111111111111,22.866666665142223,0.5147057764576342,1,0,1,0.31715625000000003,61.48979466347358
7,10,832.1144709189612,1312.0,656.0,2140.0,9625.0,4944,4681.0,0.0,0.0,0,0,0.0,0.0,31.0,0.22580645161290322,93.71428571428571,213.9999999786,0.47619047616780047,2796.0,0.3065420560746231,0.0795639284689682,0.0,0.0,0.0,0.0,ga_meta,ga_meta,ga_meta,rw_rank_bfs,rw_rank_bfs,6,0.0,1331.42857136517,0.4379172209614015,1,0,1,0.0,3.4424177383968466
8,10,1014.581989320236,1790.0,895.0,2664.0,9659.0,4735,4924.0,0.0,0.0,0,0,0.0,0.0,31.0,0.25806451612903225,111.875,266.39999997336,0.357142857130102,3559.0,0.33596096096083483,0.07631251793057281,0.0,0.0,0.0,0.0,ga_meta,mip,ga_meta,pl_rank,pl_rank,5,0.0,1271.071428526033,0.4199511996668029,2,0,1,0.0,2.7139645960342893
3,2,338.75415408203503,78.0,26.0,7.0,16139.0,2543,13596.0,0.0802893309222423,0.05452016689847,9,36,11517.64123878919,11178.887084707156,20.0,0.15,8.666666666666666,3.49999999825,0.6666666664444444,33.0,3.714285713755102,-0.5433680787988906,0.0802893309222423,0.05452016689847,0.06122448979550188,1.0,ga_meta,pso_meta,pl_rank,pl_rank,pl_rank,13,0.06740474891035615,21.999999992666666,2.4761897699457793,0,1,0,0.004377387722047139,489.06059124058817
5,5,221.75333457043297,1194.0,597.0,1242.0,9625.0,4944,4681.0,0.0,0.0,0,0,0.0,0.0,31.0,0.16129032258064516,119.4,248.39999995032,0.49999999995,1839.0,0.48067632850202846,0.0795639284689682,0.0,0.0,0.0,0.0,ga_meta,pl_rank,ga_meta,rw_rank_bfs,rw_rank_bfs,4,0.0,919.49999990805,0.4806763266634609,1,0,1,0.0,5.233822726898411
6,7,244.86313093684032,2254.0,161.0,248.0,7748.0,1051,6697.0,0.6283592644978784,0.5434278701936188,16,36,215969.28148629316,100149.02055316768,20.0,0.3,26.833333333333332,35.428571423510206,0.46666666663555556,409.0,0.6491935483844791,0.2590609161327341,0.6283592644978784,0.5434278701936188,0.10884353741422556,1.0,ga_meta,ga_meta,mip,rw_rank_bfs,d_round,13,0.5858935673457486,190.86666665394222,0.7573924518484657,1,0,1,0.34146793682251086,18.94376523485632
5,5,942.6003479946348,319.0,29.0,92.0,15937.0,2540,13397.0,0.0813743218806509,0.0683588317107093,10,36,189462.6699469216,114054.6421073508,20.0,0.25,5.8,18.39999999632,0.49999999995,121.0,0.3152173913009215,-0.5240508750119537,0.0813743218806509,0.0683588317107093,0.06802721088389098,1.0,ga_meta,pl_rank,mip,pl_rank,pl_rank,10,0.0748665767956801,60.49999999395,0.31521737423601226,1,0,1,0.0055626535750125045,131.71074271313435
5,5,349.3600929825318,450.0,30.0,47.0,8776.0,4728,4048.0,0.0299548625359048,0.1257019438444924,6,43,80352.82138598232,26900.727159654947,31.0,0.16129032258064516,6.0,9.39999999812,0.49999999995,77.0,0.6382978723268448,0.160753562207134,0.0299548625359048,0.1257019438444924,0.04081632653033459,0.0,ga_meta,mip,ga_meta,pl_rank,pl_rank,12,0.0778284031901986,38.49999999615,0.6382978045640634,1,0,1,0.003765384448357794,113.97402449384384
4,4,726.6689549053337,136.0,34.0,38.0,8092.0,4340,3752.0,0.0334075723830734,0.1509391264992079,6,63,120627.0465142854,52320.16475318403,31.0,0.12903225806451613,8.5,9.499999997625,0.6666666665555555,72.0,0.8947368420817176,0.22616429186191067,0.0334075723830734,0.1509391264992079,0.04081632653033459,0.0,ga_meta,rw_rank_bfs,ga_meta,pl_rank,pl_rank,5,0.09217334944114065,47.999999992,0.8947367481461318,0,0,1,0.005042509793960161,112.38888732793212
7,11,116.26250712390988,1570.0,785.0,2850.0,9202.0,4586,4616.0,0.0,0.0,0,0,0.0,0.0,31.0,0.22580645161290322,112.14285714285714,259.09090906735537,0.5238095237845805,3635.0,0.27543859649113145,0.12001530075547484,0.0,0.0,0.0,0.0,ga_meta,mip,ga_meta,rw_rank_bfs,ga_meta,7,0.0,1904.04761895695,0.43283207856926964,1,0,1,0.0,2.531499311545667
2,1,751.6116744769311,275.0,25.0,25.0,9133.0,4773,4360.0,0.0207221994255232,0.0583153347732181,5,41,56370.87558576983,37580.583723846554,31.0,0.06451612903225806,12.5,24.999999974999998,0.9999999989999999,50.0,0.99999999996,0.12661375155398302,0.0207221994255232,0.0583153347732181,0.03401360544194549,0.0,ga_meta,mip,ga_meta,pl_rank,pl_rank,7,0.03951876709937065,49.999999949999996,0.4999999805000008,0,0,1,0.001208421996736773,182.65999634680009
6,9,696.2121899466456,332.0,166.0,530.0,8846.0,1327,7519.0,0.491180981595092,0.450164533820841,12,36,0.0,0.0,20.0,0.3,27.666666666666668,58.888888882345675,0.59999999996,696.0,0.3132075471692204,0.1540594816869083,0.491180981595092,0.450164533820841,0.08163265306066918,1.0,ga_meta,mip,mip,pl_rank,pl_rank,13,0.47067275770796646,417.59999997216,0.46981131282899036,1,0,1,0.22111225760141767,12.709770096681364
9,21,214.455921644252,754.0,377.0,1731.0,10932.0,1761,9171.0,0.3216486902927581,0.3620173913043478,4,36,0.0,0.0,20.0,0.45,41.888888888888886,82.42857142464626,0.5833333333171297,2108.0,0.21779318313101226,-0.04542411781581723,0.3216486902927581,0.3620173913043478,0.02721088435355639,1.0,ga_meta,mip,sa_meta,rw_rank_bfs,pl_rank,16,0.3418330407985529,1229.6666666325093,0.5081840878317098,2,0,1,0.11644241977624438,5.185958251809318
6,11,90.13714778408298,506.0,253.0,879.0,8475.0,1120,7355.0,0.5685670261941449,0.4883478260869565,7,34,0.0,0.0,20.0,0.3,42.166666666666664,79.90909090182645,0.7333333332844444,1132.0,0.2878270762226532,0.18953810844410446,0.5685670261941449,0.4883478260869565,0.04761904761872368,1.0,ga_meta,mip,sa_meta,rw_rank_bfs,sa_meta,12,0.5284574261405507,830.133333277991,0.5276829665198947,1,0,1,0.2776584712266363,7.4867491099940375
2,1,53.77437595390768,84.0,21.0,28.0,8052.0,4318,3734.0,0.0383073496659243,0.1550124462548088,8,63,2634.944421741476,2634.944421741476,31.0,0.06451612903225806,10.5,27.999999971999998,0.9999999989999999,49.0,0.7499999999732143,0.2299894807306111,0.0383073496659243,0.1550124462548088,0.05442176870711278,0.0,ga_meta,ga_meta,ga_meta,pl_rank,pl_rank,6,0.09665989796036656,48.99999995099999,0.3749999869821433,0,0,1,0.005938115981253259,164.3265272586423
5,4,242.9607421584712,242.0,22.0,21.0,8979.0,4764,4215.0,0.0225687320475994,0.0896328293736501,6,63,11176.194139289675,10447.31191281426,31.0,0.16129032258064516,4.4,5.2499999986875,0.39999999996,43.0,1.047619047569161,0.14134072869847947,0.0225687320475994,0.0896328293736501,0.04081632653033459,0.0,ga_meta,ga_meta,ga_meta,pl_rank,pl_rank,6,0.05610078071062475,17.19999999828,0.8380950786676041,1,0,1,0.0020228993088021057,208.81394863223377
7,13,1195.7599835880349,444.0,222.0,608.0,9032.0,1302,7730.0,0.5396039603960396,0.4730024543223343,14,36,0.0,0.0,20.0,0.35,31.714285714285715,46.76923076563313,0.6190476190181405,830.0,0.3651315789467679,0.13627235344745148,0.5396039603960396,0.4730024543223343,0.09523809523744736,1.0,ga_meta,ga_meta,mip,rw_rank_bfs,mip,9,0.506303207359187,513.8095237850566,0.6781014893126798,1,0,1,0.25523399762937843,10.881927697732618
3,2,313.4081445191288,256.0,64.0,77.0,8394.0,1383,7011.0,0.4697085889570552,0.4873126142595978,11,34,56726.87415796232,44190.54837719716,20.0,0.15,21.333333333333332,38.49999998075,0.6666666664444444,141.0,0.8311688311580367,0.1972841159032227,0.4697085889570552,0.4873126142595978,0.07482993197228008,1.0,ga_meta,ga_meta,ga_meta,pl_rank,ga_meta,17,0.4785106016083265,93.99999996866666,0.5541125399970769,0,0,1,0.22889492042484944,59.53191447140486
10,22,1064.335062217361,746.0,373.0,1913.0,12023.0,2042,9981.0,0.2134052388289676,0.3056695652173913,2,13,0.0,0.0,20.0,0.5,37.3,86.95454545059297,0.48888888887802473,2286.0,0.1949817041295374,-0.14975614420962025,0.2134052388289676,0.3056695652173913,0.013605442176778195,1.0,ga_meta,mip,ga_meta,rw_rank_bfs,pl_rank,12,0.25953740202317943,1117.5999999751646,0.42895974417155547,2,0,1,0.06523148656796408,5.259405072065002
3,3,820.8132619042947,56.0,28.0,50.0,9047.0,4750,4297.0,0.0254411161263848,0.0719222462203024,8,63,0.0,0.0,31.0,0.0967741935483871,9.333333333333334,16.666666661111112,0.9999999996666666,78.0,0.5599999999888,0.1348379076216888,0.0254411161263848,0.0719222462203024,0.05442176870711278,0.0,mcts,rw_rank_bfs,mcts,pl_rank,pl_rank,4,0.0486816811733436,77.99999997399999,0.5599999665866686,0,0,1,0.0018297822181611537,115.98717800016439
5,6,1302.936058750045,76.0,38.0,123.0,8557.0,4681,3876.0,0.0395978662289699,0.1628509719222461,7,52,0.0,0.0,31.0,0.16129032258064516,7.6,20.499999996583334,0.59999999994,161.0,0.30894308942838256,0.1816964712632686,0.0395978662289699,0.1628509719222461,0.04761904761872368,0.0,mip,mip,mip,pl_rank,mip,1,0.101224419075608,96.59999999034,0.3707316892943891,1,0,1,0.006448551001434834,53.14906799286293
5,5,82.83349507145984,952.0,119.0,260.0,8718.0,1267,7451.0,0.5141871165644172,0.4551371115173674,13,36,55332.774707735174,31393.894632083277,20.0,0.25,23.8,51.9999999896,0.49999999995,379.0,0.45769230769054736,0.1663000860667495,0.5141871165644172,0.4551371115173674,0.08843537414905826,1.0,ga_meta,ga_meta,mip,pl_rank,mip,14,0.4846621140408923,189.49999998105,0.4576922989820712,1,0,1,0.23402563901257273,23.002638461734463
5,4,33.95940257622652,160.0,40.0,46.0,16889.0,2672,14217.0,0.0336347197106691,0.0113351877607789,3,14,4007.20950399473,2920.508621555481,20.0,0.25,8.0,11.499999997125,0.39999999996,86.0,0.8695652173724008,-0.6150903700870229,0.0336347197106691,0.0113351877607789,0.020408163265167294,1.0,ga_meta,ga_meta,ga_meta,pl_rank,pl_rank,21,0.022484953735724,34.39999999656,0.6956521135954684,1,0,1,0.0003812558632016052,196.38371864670094
2,1,314.5043910709967,16.0,4.0,19.0,8428.0,4344,4084.0,0.0325167037861915,0.0758090065625707,8,63,7233.600994632924,7233.600994632924,31.0,0.06451612903225806,2.0,18.999999981,0.9999999989999999,23.0,0.21052631577839334,0.19403270536482742,0.0325167037861915,0.0758090065625707,0.05442176870711278,0.0,ga_meta,ga_meta,ga_meta,pl_rank,pl_rank,7,0.0541628551743811,22.999999976999998,0.10526315245983407,0,0,1,0.002465059010720559,366.43476667674923
6,7,898.2373110315194,268.0,134.0,319.0,7980.0,1214,6766.0,0.5707213578500707,0.5387237523861468,15,36,0.0,0.0,20.0,0.3,22.333333333333332,45.571428564918364,0.46666666663555556,453.0,0.4200626959234481,0.2368748206942718,0.5707213578500707,0.5387237523861468,0.10204081632583646,1.0,ga_meta,ga_meta,mcts,rw_rank_bfs,pl_rank,10,0.5547225551181088,211.39999998590667,0.4900731345616136,1,0,1,0.307461151467907,17.615894000847916
4,4,425.97917847259674,944.0,472.0,780.0,17304.0,2649,14655.0,0.0,0.0,0,0,0.0,0.0,20.0,0.2,118.0,194.99999995125,0.6666666665555555,1252.0,0.6051282051274294,-0.6547767045997896,0.0,0.0,0.0,1.0,ga_meta,ga_meta,rw_rank_bfs,pl_rank,rw_rank_bfs,17,0.0,834.6666665275555,0.6051282021762656,0,0,1,0.0,13.821086250941622
5,4,669.7680460357386,954.0,477.0,915.0,9659.0,4735,4924.0,0.0,0.0,0,0,0.0,0.0,31.0,0.16129032258064516,95.4,228.7499999428125,0.39999999996,1392.0,0.5213114754092664,0.07631251793057281,0.0,0.0,0.0,0.0,ga_meta,mip,ga_meta,pl_rank,pl_rank,5,0.0,556.79999994432,0.41704917860896534,1,0,1,0.0,6.938936776624327
2,1,13.99710957669094,3.0,1.0,21.0,7825.0,4272,3553.0,0.0485523385300667,0.1959719393527947,10,63,307.9364106872007,307.9364106872007,31.0,0.06451612903225806,0.5,20.999999979,0.9999999989999999,22.0,0.04761904761678005,0.25169742756048585,0.0485523385300667,0.1959719393527947,0.06802721088389098,0.0,ga_meta,ga_meta,ga_meta,pl_rank,pl_rank,5,0.1222621389414307,21.999999977999998,0.02380952269954654,0,0,1,0.009514895941850588,355.6818020144635
3,3,5.996478459453351,1032.0,86.0,110.0,9887.0,1417,8470.0,0.498939179632249,0.4225524952277065,13,36,1487.126657944431,1175.3097780528567,20.0,0.15,28.666666666666668,36.66666665444444,0.9999999996666666,196.0,0.7818181818110743,0.05450894137898055,0.498939179632249,0.4225524952277065,0.08843537414905826,1.0,ga_meta,ga_meta,ga_meta,rw_rank_bfs,pso_meta,17,0.46074583742997777,195.99999993466668,0.7818181607564746,0,0,1,0.2108279953204717,50.443877293653685
7,15,282.75119403581584,1246.0,623.0,3386.0,9659.0,4735,4924.0,0.0,0.0,0,0,0.0,0.0,31.0,0.22580645161290322,89.0,225.73333331828445,0.7142857142517007,4009.0,0.18399291199049497,0.07631251793057281,0.0,0.0,0.0,0.0,ga_meta,mip,ga_meta,pl_rank,pl_rank,5,0.0,2863.5714284350684,0.3942705239736982,1,0,1,0.0,2.409329009127132
7,11,28.483268112510835,1364.0,682.0,2833.0,9202.0,4586,4616.0,0.0,0.0,0,0,0.0,0.0,31.0,0.22580645161290322,97.42857142857143,257.5454545220413,0.5238095237845805,3515.0,0.24073420402391785,0.12001530075547484,0.0,0.0,0.0,0.0,mip,mip,mip,rw_rank_bfs,mip,1,0.0,1841.1904761028004,0.3782966048889699,1,0,1,0.0,2.617923185599453
6,13,30.064188191722614,1064.0,532.0,2940.0,9202.0,4586,4616.0,0.0,0.0,0,0,0.0,0.0,31.0,0.1935483870967742,88.66666666666667,226.15384613644972,0.8666666666088889,3472.0,0.1809523809523194,0.12001530075547484,0.0,0.0,0.0,0.0,ga_meta,ga_meta,ga_meta,rw_rank_bfs,ga_meta,4,0.0,3009.066666466062,0.39206349036003674,1,0,1,0.0,2.6503456213564673
3,1,753.2395753446605,68.0,14.0,26.0,3608.0,956,2592.0,0.2033333333333333,0.928,16,16,0.0,0.0,,,4.666666666666667,25.999999973999998,0.3333333332222222,40.0,0.5384615384408284,0.6549679640432247,0.2033333333333333,0.928,0.10884353741422556,,ga_meta,mip,mip,pl_rank,mip,4,0.5656666666666667,13.333333328888887,0.17948717276331388,0,0,1,0.18869333333333332,90.19999774500006
4,5,655.9815339031248,786.0,393.0,985.0,9202.0,4586,4616.0,0.0,0.0,0,0,0.0,0.0,31.0,0.12903225806451613,98.25,196.9999999606,0.8333333331944445,1378.0,0.398984771573199,0.12001530075547484,0.0,0.0,0.0,0.0,ga_meta,pl_rank,ga_meta,rw_rank_bfs,ga_meta,3,0.0,1148.3333331419444,0.498730962035122,0,0,1,0.0,6.677793899362994
5,5,627.9467424127336,356.0,178.0,420.0,9757.0,1314,8443.0,0.4938366718027734,0.4126608695652174,6,36,0.0,0.0,20.0,0.25,35.6,83.9999999832,0.49999999995,598.0,0.4238095238085148,0.06694080520225687,0.4938366718027734,0.4126608695652174,0.04081632653033459,1.0,ga_meta,mip,mip,rw_rank_bfs,mip,10,0.4532487706839954,298.9999999701,0.4238095188489343,1,0,1,0.20378707040932537,16.316053484421314
6,5,159.2919277089881,1294.0,647.0,1058.0,9202.0,4586,4616.0,0.0,0.0,0,0,0.0,0.0,31.0,0.1935483870967742,107.83333333333333,211.59999995767998,0.3333333333111111,1705.0,0.611531190925698,0.12001530075547484,0.0,0.0,0.0,0.0,ga_meta,mip,ga_meta,rw_rank_bfs,pl_rank,4,0.0,568.3333332954444,0.509609323465457,1,0,1,0.0,5.397067445514916
5,9,630.9063390227499,1108.0,554.0,2016.0,9202.0,4586,4616.0,0.0,0.0,0,0,0.0,0.0,31.0,0.16129032258064516,110.8,223.9999999751111,0.89999999991,2570.0,0.274801587301451,0.12001530075547484,0.0,0.0,0.0,0.0,mip,mip,mip,rw_rank_bfs,mip,1,0.0,2312.9999997687,0.49464285498959043,1,0,1,0.0,3.580544745688504
4,3,74.13974538383783,884.0,442.0,640.0,9659.0,4735,4924.0,0.0,0.0,0,0,0.0,0.0,31.0,0.12903225806451613,110.5,213.33333326222223,0.49999999991666666,1082.0,0.6906249999989209,0.07631251793057281,0.0,0.0,0.0,0.0,ga_meta,mip,ga_meta,pl_rank,pl_rank,11,0.0,540.9999999098334,0.5179687477446777,0,0,1,0.0,8.9269870527477
4,4,368.1529652096488,624.0,78.0,157.0,6769.0,987,5782.0,0.650990099009901,0.605808562857922,16,36,167141.44620518055,86515.94682426746,20.0,0.2,19.5,39.2499999901875,0.6666666665555555,235.0,0.4968152866210394,0.3526824136941762,0.650990099009901,0.605808562857922,0.10884353741422556,1.0,ga_meta,rw_rank_bfs,ga_meta,rw_rank_bfs,rw_rank_bfs,12,0.6283993309339115,156.66666664055555,0.4968152740906937,0,0,1,0.39437537631592445,28.80425519657764
5,4,35.32355614636076,56.0,28.0,62.0,7967.0,4242,3725.0,0.0552338530066814,0.1570491061326091,9,62,0.0,0.0,31.0,0.16129032258064516,5.6,15.499999996125,0.39999999996,90.0,0.4516129032185224,0.23811800707659936,0.0552338530066814,0.1570491061326091,0.06122448979550188,0.0,mip,mip,mip,pl_rank,rw_rank_bfs,2,0.10614147956964526,35.9999999964,0.36129029936191615,1,0,1,0.008674427242959238,88.52222123864199
3,2,1108.290652232164,1183.0,91.0,118.0,8335.0,1185,7150.0,0.5456288343558282,0.4771480804387569,13,36,362411.0432799177,231632.7463165223,20.0,0.15,30.333333333333332,58.9999999705,0.6666666664444444,209.0,0.7711864406714306,0.20292626948455583,0.5456288343558282,0.4771480804387569,0.08843537414905826,1.0,ga_meta,pso_meta,pl_rank,pl_rank,pl_rank,16,0.5113884573972926,139.3333332868889,0.5141242853284019,0,0,1,0.26034575094491985,39.88038258430439
3,3,244.6717014563344,38.0,19.0,75.0,8940.0,4803,4137.0,0.0145670906852687,0.1064794816414687,4,63,0.0,0.0,31.0,0.0967741935483871,6.333333333333333,24.999999991666666,0.9999999996666666,94.0,0.25333333332995556,0.1450702878454624,0.0145670906852687,0.1064794816414687,0.02721088435355639,0.0,rw_rank_bfs,rw_rank_bfs,rw_rank_bfs,pl_rank,rw_rank_bfs,1,0.0605232861633687,93.99999996866666,0.2533333232844448,0,0,1,0.0015510962651916784,95.10638196695339
6,6,22.28006852294926,1164.0,582.0,1488.0,9625.0,4944,4681.0,0.0,0.0,0,0,0.0,0.0,31.0,0.1935483870967742,97.0,247.99999995866668,0.39999999997333335,2070.0,0.39112903225780166,0.0795639284689682,0.0,0.0,0.0,0.0,pso_meta,rw_rank_bfs,pso_meta,rw_rank_bfs,rw_rank_bfs,4,0.0,827.9999999448,0.3911290307461195,1,0,1,0.0,4.64975845186002
5,6,404.4898446098609,930.0,465.0,1561.0,9202.0,4586,4616.0,0.0,0.0,0,0,0.0,0.0,31.0,0.16129032258064516,93.0,260.16666662330556,0.59999999994,2026.0,0.2978859705315196,0.12001530075547484,0.0,0.0,0.0,0.0,ga_meta,pl_rank,ga_meta,rw_rank_bfs,pl_rank,3,0.0,1215.59999987844,0.35746316332365213,1,0,1,0.0,4.541954588083931
7,14,336.7319676523125,1416.0,708.0,3706.0,17304.0,2649,14655.0,0.0,0.0,0,0,0.0,0.0,20.0,0.35,101.14285714285714,264.71428569537755,0.6666666666349206,4414.0,0.1910415542363219,-0.6547767045997896,0.0,0.0,0.0,1.0,ga_meta,ga_meta,mip,pl_rank,pl_rank,11,0.0,2942.6666665265393,0.38208310705665927,1,0,1,0.0,3.920253737217885
7,8,1.511259917021735,374.0,187.0,398.0,8038.0,1446,6592.0,0.4455521472392638,0.5179524680073126,11,36,0.0,0.0,20.0,0.35,26.714285714285715,49.74999999378125,0.3809523809342404,585.0,0.46984924622997526,0.23132829683465617,0.4455521472392638,0.5179524680073126,0.07482993197228008,1.0,ga_meta,mcts,pso_meta,pl_rank,pso_meta,9,0.48175230762328825,222.85714284653062,0.5369705563950642,1,0,1,0.23077483428853424,13.740170916683468
6,7,43.750828717376,73.0,4.0,7.0,3121.0,919,2202.0,0.2341666666666666,0.9388333333333332,10,16,14154.67987915106,5625.198462882623,,,0.6666666666666666,0.9999999998571428,0.46666666663555556,11.0,0.5714285713469388,0.701539638519652,0.2341666666666666,0.9388333333333332,0.06802721088389098,,d_round,mip,mip,rw_rank_bfs,mip,7,0.5864999999999999,5.1333333329911115,0.6666660000959045,1,0,1,0.21984347222222214,283.72724693388665
4,4,305.30026128856275,416.0,32.0,38.0,7726.0,4258,3468.0,0.0516703786191536,0.2152070604209097,10,63,72966.7624479665,21371.01829019939,31.0,0.12903225806451613,8.0,9.499999997625,0.6666666665555555,70.0,0.8421052631357342,0.2611647700105193,0.0516703786191536,0.2152070604209097,0.06802721088389098,0.0,ga_meta,pl_rank,ga_meta,pl_rank,pl_rank,4,0.13343871952003164,46.666666658888886,0.8421051747257711,0,0,1,0.01111983029346347,110.3714269946939
4,4,734.5329845795372,38.0,19.0,77.0,8395.0,4691,3704.0,0.0375461633155519,0.1999999999999999,7,56,0.0,0.0,31.0,0.12903225806451613,4.75,19.2499999951875,0.6666666665555555,96.0,0.24675324675004215,0.1971884861815052,0.0375461633155519,0.1999999999999999,0.04761904761872368,0.0,mip,mip,mip,pl_rank,rw_rank_bfs,5,0.11877308165777589,63.99999998933333,0.24675323399658522,0,0,1,0.007509232663110376,87.44791575575088
4,3,240.99719077776183,137.0,11.0,31.0,2556.0,652,1866.0,0.4566666666666666,0.9481666666666668,1,16,88664.76909653946,37268.947147513616,,,2.75,10.33333332988889,0.49999999991666666,42.0,0.3548387096659729,0.755570431290045,0.4566666666666666,0.9481666666666668,0.0068027210883890975,,d_round,mip,mip,pl_rank,mip,7,0.7024166666666667,20.9999999965,0.2661290065923542,0,0,1,0.43299611111111114,60.8571414081633
5,5,105.0870585101534,1028.0,514.0,1478.0,9625.0,4944,4681.0,0.0,0.0,0,0,0.0,0.0,31.0,0.16129032258064516,102.8,295.59999994087997,0.49999999995,1992.0,0.34776725304441963,0.0795639284689682,0.0,0.0,0.0,0.0,ga_meta,pl_rank,ga_meta,rw_rank_bfs,rw_rank_bfs,6,0.0,995.9999999004,0.3477672519377292,1,0,1,0.0,4.8318273068113315
6,9,18.882631353760583,264.0,132.0,430.0,8342.0,1337,7005.0,0.4873466257668711,0.4877513711151736,13,36,0.0,0.0,20.0,0.3,22.0,47.777777772469136,0.59999999996,562.0,0.3069767441853326,0.20225686143253319,0.4873466257668711,0.4877513711151736,0.08843537414905826,1.0,ga_meta,rw_rank_bfs,pl_rank,pl_rank,pl_rank,9,0.48754899844102234,337.19999997752,0.46046510669259083,1,0,1,0.23770398492614475,14.843416343694988
3,2,1880.921865552549,392.0,56.0,98.0,13120.0,2163,10957.0,0.1706288343558282,0.1987568555758684,5,18,349851.4669927741,289661.96729509253,20.0,0.15,18.666666666666668,48.999999975499996,0.6666666664444444,154.0,0.5714285714227405,-0.2546619489337285,0.1706288343558282,0.1987568555758684,0.03401360544194549,1.0,ga_meta,mip,ga_meta,pl_rank,pl_rank,21,0.1846928449658483,102.66666663244443,0.380952373368319,0,0,1,0.03391365058714012,85.19480464159219
7,9,306.0225506174574,1258.0,629.0,2169.0,9625.0,4944,4681.0,0.0,0.0,0,0,0.0,0.0,31.0,0.22580645161290322,89.85714285714286,240.99999997322223,0.42857142855102043,2798.0,0.2899953895803181,0.0795639284689682,0.0,0.0,0.0,0.0,ga_meta,ga_meta,ga_meta,rw_rank_bfs,rw_rank_bfs,6,0.0,1199.1428570857552,0.37285121366919405,1,0,1,0.0,3.4399571109935825
3,2,362.6874982033705,324.0,81.0,81.0,8675.0,1129,7546.0,0.567101226993865,0.4481901279707495,15,36,80516.62460114826,58755.37470894602,20.0,0.15,27.0,40.49999997975,0.6666666664444444,162.0,0.9999999999876543,0.17041216410060245,0.567101226993865,0.4481901279707495,0.10204081632583646,1.0,ga_meta,mip,mip,pl_rank,mip,16,0.5076456774823073,107.999999964,0.666666650539095,0,0,1,0.2541691714987494,53.54938238549764
6,10,147.9509329004596,472.0,236.0,765.0,8677.0,1350,7327.0,0.4799691833590138,0.490295652173913,5,36,0.0,0.0,20.0,0.3,39.333333333333336,76.49999999235,0.6666666666222222,1001.0,0.3084967320257405,0.17022090465716744,0.4799691833590138,0.490295652173913,0.03401360544194549,1.0,ga_meta,mip,mip,rw_rank_bfs,pso_meta,12,0.48513241776646343,667.3333332888444,0.5141612133739275,1,0,1,0.2353268037783881,8.668331659671995
3,2,196.56337257360008,266.0,19.0,19.0,8653.0,4727,3926.0,0.0301600328272466,0.1520518358531317,7,63,15135.379688167206,7469.408157796803,31.0,0.0967741935483871,6.333333333333333,9.49999999525,0.6666666664444444,38.0,0.9999999999473684,0.17251601797838767,0.0301600328272466,0.1520518358531317,0.04761904761872368,0.0,ga_meta,sa_meta,ga_meta,pl_rank,pl_rank,6,0.09110593434018915,25.333333324888887,0.6666665968245687,0,0,1,0.004585888360773564,227.71052032340737
5,5,1378.6466057169089,185.0,12.0,25.0,3013.0,795,2170.0,0.3375,0.9397222222222222,46,16,0.0,0.0,,,2.4,4.999999999,0.49999999995,37.0,0.4799999999808,0.7118676484651429,0.3375,0.9397222222222222,0.3129251700658985,,mip,mip,mip,pl_rank,mip,1,0.6386111111111111,18.49999999815,0.4799999040960191,1,0,1,0.31715625000000003,81.43243023155594
2,0,899.5888392236944,26.0,13.0,29.0,3608.0,956,2592.0,0.2033333333333333,0.928,1,16,277094.78126278415,106408.50841103127,,,6.5,29000000000.0,0.0,42.0,0.4482758620535077,0.6549679640432247,0.2033333333333333,0.928,0.0068027210883890975,,d_round,mip,mip,pl_rank,mip,7,0.5656666666666667,0.0,2.2413793103448277e-10,0,0,1,0.18869333333333332,85.90475985941049
5,4,768.9143613013771,1004.0,502.0,967.0,9202.0,4586,4616.0,0.0,0.0,0,0,0.0,0.0,31.0,0.16129032258064516,100.4,241.74999993956249,0.39999999996,1469.0,0.5191313340222139,0.12001530075547484,0.0,0.0,0.0,0.0,mip,mip,mip,rw_rank_bfs,pl_rank,3,0.0,587.5999999412401,0.4153050656041156,1,0,1,0.0,6.264125251011487
2,1,154.24416227894338,32.0,8.0,14.0,16525.0,2550,13975.0,0.077757685352622,0.028164116828929,9,36,3393.371570136754,3393.371570136754,20.0,0.1,4.0,13.999999985999999,0.9999999989999999,22.0,0.571428571387755,-0.5802811513818495,0.077757685352622,0.028164116828929,0.06122448979550188,1.0,ga_meta,ga_meta,ga_meta,pl_rank,pl_rank,14,0.052960901090775496,21.999999977999998,0.2857142655918382,0,0,1,0.002189976534618347,751.1363294938031
10,22,22.64048874826416,154.0,0.0,7.0,3121.0,919,2202.0,0.2341666666666666,0.9388333333333332,32,16,0.0,0.0,,,0.0,0.31818181816735536,0.48888888887802473,7.0,0.0,0.701539638519652,0.2341666666666666,0.9388333333333332,0.21768707482845112,,mip,mip,mip,rw_rank_bfs,mip,2,0.5864999999999999,3.422222222146173,0.0,2,0,1,0.21984347222222214,445.8570791632744
6,5,93.1587758775829,1152.0,576.0,1235.0,9659.0,4735,4924.0,0.0,0.0,0,0,0.0,0.0,31.0,0.1935483870967742,96.0,246.9999999506,0.3333333333111111,1811.0,0.4663967611332256,0.07631251793057281,0.0,0.0,0.0,0.0,mip,mip,mip,pl_rank,pl_rank,4,0.0,603.6666666264222,0.3886639661155305,1,0,1,0.0,5.3335173907600675
8,14,344.7172659957731,672.0,336.0,1045.0,8830.0,1137,7693.0,0.5620184899845917,0.4648347826086957,7,35,0.0,0.0,20.0,0.4,42.0,74.64285713752551,0.49999999998214284,1381.0,0.3215311004781612,0.1555895572343885,0.5620184899845917,0.4648347826086957,0.04761904761872368,1.0,ga_meta,mip,rw_rank_bfs,rw_rank_bfs,rw_rank_bfs,13,0.5134266362966438,690.4999999753393,0.5626794183392231,2,0,1,0.2612457426140551,6.393917446492456
4,4,1416.0918630331812,287.0,41.0,46.0,15409.0,2430,12979.0,0.1211573236889692,0.0974269819193324,11,34,184091.94219431357,123199.99208388675,20.0,0.2,10.25,11.499999997125,0.6666666665555555,87.0,0.8913043478067109,-0.4735583819451086,0.1211573236889692,0.0974269819193324,0.07482993197228008,1.0,ga_meta,mip,ga_meta,pl_rank,pl_rank,16,0.1092921528041508,57.99999999033333,0.8913042705441939,0,0,1,0.011803992384439905,177.11494049293174
3,2,16.702874317876375,55.0,11.0,19.0,15652.0,2420,13232.0,0.1247739602169981,0.0798331015299026,12,36,501.0862295362913,501.0862295362913,20.0,0.15,3.6666666666666665,9.49999999525,0.6666666664444444,30.0,0.5789473683905817,-0.4967964043224635,0.1247739602169981,0.0798331015299026,0.08163265306066918,1.0,ga_meta,ga_meta,pl_rank,pl_rank,pl_rank,12,0.10230353087345034,19.999999993333333,0.3859648718458029,0,0,1,0.009961092234291638,521.7333159422228
4,4,34.52768545536941,54.0,27.0,70.0,7947.0,4274,3673.0,0.0481069042316257,0.168816474315456,6,63,0.0,0.0,31.0,0.12903225806451613,6.75,17.499999995625,0.6666666665555555,97.0,0.3857142857087755,0.24003060151094957,0.0481069042316257,0.168816474315456,0.04081632653033459,0.0,pso_meta,pl_rank,pso_meta,pl_rank,pl_rank,3,0.10846168927354084,64.66666665588889,0.3857142637698992,0,0,1,0.00812123796261434,81.92783420692955
5,6,146.21216106535908,420.0,35.0,112.0,15959.0,2474,13485.0,0.105244122965642,0.0622392211404728,12,36,44156.07264173844,21493.187676607784,20.0,0.25,7.0,18.666666663555556,0.59999999994,147.0,0.3124999999972098,-0.526154728889739,0.105244122965642,0.0622392211404728,0.08163265306066918,1.0,ga_meta,mip,ga_meta,pl_rank,ga_meta,14,0.08374167205305741,88.19999999118,0.3749999799732153,1,0,1,0.006550312242993705,108.56462511180527
6,11,29.72911009720399,244.0,122.0,561.0,7642.0,1133,6509.0,0.5993635077793493,0.5562448868284702,16,36,0.0,0.0,20.0,0.3,20.333333333333332,50.99999999536364,0.7333333332844444,683.0,0.2174688057037122,0.26919766663479006,0.5993635077793493,0.5562448868284702,0.10884353741422556,1.0,ga_meta,mip,mip,rw_rank_bfs,pl_rank,11,0.5778041973039098,500.86666663327554,0.3986928026762552,1,0,1,0.3333928865538391,11.188872604408678
6,8,726.6689549053337,286.0,143.0,430.0,7782.0,1206,6576.0,0.5375766871165644,0.5191224862888483,13,36,0.0,0.0,20.0,0.3,23.833333333333332,53.74999999328125,0.5333333332977778,573.0,0.33255813953411034,0.2558095055943387,0.5375766871165644,0.5191224862888483,0.08843537414905826,1.0,ga_meta,ga_meta,mip,pl_rank,pso_meta,10,0.5283495867027064,305.59999997962666,0.44341084451910057,1,0,1,0.27906814638687316,13.581151808758898
5,6,552.4976755453773,978.0,489.0,1668.0,17304.0,2649,14655.0,0.0,0.0,0,0,0.0,0.0,20.0,0.25,97.8,277.99999995366665,0.59999999994,2157.0,0.29316546762572354,-0.6547767045997896,0.0,0.0,0.0,1.0,ga_meta,mip,ga_meta,pl_rank,ga_meta,14,0.0,1294.1999998705799,0.3517985599442498,1,0,1,0.0,8.022253125627143
8,14,992.4479625253966,1704.0,852.0,3454.0,17304.0,2649,14655.0,0.0,0.0,0,0,0.0,0.0,20.0,0.4,106.5,246.71428569666327,0.49999999998214284,4306.0,0.24667052692523259,-0.6547767045997896,0.0,0.0,0.0,1.0,ga_meta,mip,mip,pl_rank,mip,9,0.0,2152.999999923107,0.4316734204004262,2,0,1,0.0,4.018578726423924
4,3,502.2697469798704,357.0,119.0,117.0,7782.0,1206,6576.0,0.5375766871165644,0.5191224862888483,13,36,198396.5500570488,118535.6602872494,20.0,0.2,29.75,38.999999987,0.49999999991666666,236.0,1.017094017085324,0.2558095055943387,0.5375766871165644,0.5191224862888483,0.08843537414905826,1.0,ga_meta,mip,ga_meta,pl_rank,pl_rank,16,0.5283495867027064,117.99999998033333,0.7628204935152865,0,0,1,0.27906814638687316,32.974576131463664
3,2,22.899974738252897,120.0,30.0,21.0,8491.0,4635,3856.0,0.0490356996306934,0.167170626349892,10,63,1305.2985600804152,1167.8987116508977,31.0,0.0967741935483871,10.0,10.49999999475,0.6666666664444444,51.0,1.4285714285034015,0.18800803289662427,0.0490356996306934,0.167170626349892,0.06802721088389098,0.0,ga_meta,pl_rank,rw_rank_bfs,pl_rank,rw_rank_bfs,6,0.1081031629902927,33.999999988666666,0.9523808621542036,0,0,1,0.008197328620768184,166.4901928139178
7,10,211.69137568551432,278.0,139.0,494.0,7533.0,1185,6348.0,0.5456288343558282,0.5357952468007312,13,34,0.0,0.0,20.0,0.35,19.857142857142858,49.39999999506,0.47619047616780047,633.0,0.2813765182180539,0.27962130630199866,0.5456288343558282,0.5357952468007312,0.08843537414905826,1.0,ga_meta,mip,mip,pl_rank,pl_rank,11,0.5407120405782797,301.4285714142177,0.4019664465012576,1,0,1,0.2923453359652763,11.900473914849172
7,12,336.1914577304299,546.0,273.0,1074.0,10719.0,1831,8888.0,0.2946841294298922,0.381704347826087,3,36,0.0,0.0,20.0,0.35,39.0,89.49999999254166,0.5714285714013605,1347.0,0.25418994413384155,-0.025054987089987657,0.2946841294298922,0.381704347826087,0.020408163265167294,1.0,ga_meta,pso_meta,mcts,rw_rank_bfs,mcts,8,0.3381942386279896,769.7142856776326,0.4357541851116851,1,0,1,0.1124822134387352,7.957683735740398
9,18,522.0599677279364,918.0,12.0,45.0,2556.0,652,1866.0,0.4566666666666666,0.9481666666666668,20,16,192069.9836531688,80733.8263250847,,,1.3333333333333333,2.499999999861111,0.49999999998611117,57.0,0.26666666666074074,0.755570431290045,0.4566666666666666,0.9481666666666668,0.13605442176778196,,d_round,mip,mip,pl_rank,mip,7,0.7024166666666667,28.499999999208338,0.5333331200297149,2,0,1,0.43299611111111114,44.84210447645431
6,8,35.80025966326311,302.0,151.0,480.0,8166.0,1100,7066.0,0.611032531824611,0.518271066266703,18,36,0.0,0.0,20.0,0.3,25.166666666666668,59.9999999925,0.5333333332977778,631.0,0.31458333333267796,0.21908769245481496,0.611032531824611,0.518271066266703,0.12244897959100376,1.0,ga_meta,pl_rank,mip,rw_rank_bfs,rw_rank_bfs,11,0.564651799045657,336.5333333108978,0.4194444375061344,1,0,1,0.31668048179238434,12.941362895497047
3,2,823.4674311612376,130.0,26.0,15.0,7993.0,4268,3725.0,0.0494432071269488,0.1570491061326091,8,58,35409.09953993322,33762.164677610745,31.0,0.0967741935483871,8.666666666666666,7.49999999625,0.6666666664444444,41.0,1.7333333332177778,0.23563163431194412,0.0494432071269488,0.1570491061326091,0.05442176870711278,0.0,ga_meta,mip,ga_meta,pl_rank,pl_rank,7,0.10324615662977896,27.33333332422222,1.1555554020592795,0,1,0,0.007765011483616757,194.95121475728746
3,2,90.02923369140416,62.0,31.0,52.0,8629.0,4692,3937.0,0.0373409930242101,0.1496760259179266,7,62,0.0,0.0,31.0,0.0967741935483871,10.333333333333334,25.999999987,0.6666666664444444,83.0,0.5961538461423816,0.1748111312996079,0.0373409930242101,0.1496760259179266,0.04761904761872368,0.0,mip,mip,mip,pl_rank,pl_rank,3,0.09350850947106834,55.33333331488888,0.39743588234861993,0,0,1,0.005589051439692787,103.96385416911019
4,3,521.4934919646926,57.0,12.0,3.0,3608.0,956,2592.0,0.2033333333333333,0.928,5,16,160632.41203683877,61685.230192395065,,,3.0,0.9999999996666666,0.49999999991666666,15.0,3.9999999986666666,0.6549679640432247,0.2033333333333333,0.928,0.03401360544194549,,d_round,mip,mip,pl_rank,mip,7,0.5656666666666667,7.49999999875,2.999997001002998,0,1,0,0.18869333333333332,240.53331729777886
6,7,384.2312961608812,436.0,218.0,460.0,8544.0,1358,7186.0,0.4768875192604006,0.5001043478260869,5,36,0.0,0.0,20.0,0.3,36.333333333333336,65.71428570489796,0.46666666663555556,678.0,0.4739130434772306,0.18293965764559628,0.4768875192604006,0.5001043478260869,0.03401360544194549,1.0,ga_meta,ga_meta,mip,rw_rank_bfs,pl_rank,11,0.4884959335432438,316.3999999789067,0.5528985423899497,1,0,1,0.23849352180612313,12.601769892917744
4,3,1820.6838792914969,210.0,30.0,16.0,8534.0,4382,4152.0,0.0240534521158128,0.0604209097080787,5,60,172964.9685326922,83751.45844740886,31.0,0.12903225806451613,7.5,5.333333331555555,0.49999999991666666,46.0,1.8749999998828124,0.18389595486277133,0.0240534521158128,0.0604209097080787,0.03401360544194549,0.0,ga_meta,mip,ga_meta,pl_rank,pl_rank,8,0.042237180911945754,22.999999996166665,1.4062497367969244,0,1,0,0.0014533314584571197,185.5217350973536
7,9,277.57841215019715,1538.0,769.0,2312.0,9625.0,4944,4681.0,0.0,0.0,0,0,0.0,0.0,31.0,0.22580645161290322,109.85714285714286,256.8888888603457,0.42857142855102043,3081.0,0.332612456747261,0.0795639284689682,0.0,0.0,0.0,0.0,pl_rank,rw_rank_bfs,pl_rank,rw_rank_bfs,rw_rank_bfs,2,0.0,1320.4285713656939,0.42764458562947305,1,0,1,0.0,3.123985717908476
4,3,181.44822166970937,700.0,350.0,714.0,9625.0,4944,4681.0,0.0,0.0,0,0,0.0,0.0,31.0,0.12903225806451613,87.5,237.99999992066665,0.49999999991666666,1064.0,0.490196078430686,0.0795639284689682,0.0,0.0,0.0,0.0,ga_meta,rw_rank_bfs,ga_meta,rw_rank_bfs,rw_rank_bfs,5,0.0,531.9999999113334,0.3676470574013429,0,0,1,0.0,9.046052623077017
2,1,1499.630438349828,208.0,16.0,13.0,7934.0,4290,3644.0,0.0445434298440979,0.1753790450328128,9,47,43489.28271214501,43489.28271214501,31.0,0.06451612903225806,8.0,12.999999986999999,0.9999999989999999,29.0,1.2307692306745561,0.24127378789327725,0.0445434298440979,0.1753790450328128,0.06122448979550188,0.0,ga_meta,ga_meta,ga_meta,pl_rank,pl_rank,8,0.10996123743845534,28.999999970999998,0.6153845686627255,0,0,1,0.007811984188543983,273.58619746254493
5,6,34.44464679240664,958.0,479.0,1734.0,17304.0,2649,14655.0,0.0,0.0,0,0,0.0,0.0,20.0,0.25,95.8,288.99999995183333,0.59999999994,2213.0,0.2762399077276377,-0.6547767045997896,0.0,0.0,0.0,1.0,ga_meta,pso_meta,sa_meta,pl_rank,pl_rank,16,0.0,1327.7999998672199,0.3314878881815875,1,0,1,0.0,7.819249883497854
7,13,911.6423341389176,1318.0,659.0,3600.0,17304.0,2649,14655.0,0.0,0.0,0,0,0.0,0.0,20.0,0.35,94.14285714285714,276.9230769017751,0.6190476190181405,4259.0,0.1830555555555047,-0.6547767045997896,0.0,0.0,0.0,1.0,ga_meta,rw_rank_bfs,ga_meta,pl_rank,sa_meta,10,0.0,2636.5238093982607,0.33996031625883383,1,0,1,0.0,4.062925568428522
5,5,889.8991493742752,305.0,14.0,47.0,2671.0,586,1993.0,0.5116666666666667,0.9446388888888888,1,16,304513.8683845324,119535.10195649049,,,2.8,9.39999999812,0.49999999995,61.0,0.29787234041919425,0.7445730132925313,0.5116666666666667,0.9446388888888888,0.0068027210883890975,,d_round,mip,mip,rw_rank_bfs,mip,7,0.7281527777777778,30.49999999695,0.2978723087965629,1,0,1,0.4833402314814815,43.78688452808386
2,1,251.1398558754044,72.0,18.0,7.0,7974.0,4303,3671.0,0.0416481069042316,0.1692690653994116,7,63,6278.49639688511,6278.49639688511,31.0,0.06451612903225806,9.0,6.999999992999999,0.9999999989999999,25.0,2.5714285710612246,0.23744859902457682,0.0416481069042316,0.1692690653994116,0.04761904761872368,0.0,ga_meta,ga_meta,rw_rank_bfs,pl_rank,rw_rank_bfs,8,0.1054585861518216,24.999999974999998,1.2857141033265567,0,1,0,0.007049736131334064,318.9599872416005
7,11,103.592590429747,1198.0,599.0,3207.0,9202.0,4586,4616.0,0.0,0.0,0,0,0.0,0.0,31.0,0.22580645161290322,85.57142857142857,291.5454545189504,0.5238095237845805,3806.0,0.18677892111001348,0.12001530075547484,0.0,0.0,0.0,0.0,ga_meta,ga_meta,ga_meta,rw_rank_bfs,ga_meta,3,0.0,1993.6190475241133,0.2935097321929151,1,0,1,0.0,2.417761428686873
4,5,85.53337504436854,816.0,408.0,1473.0,9659.0,4735,4924.0,0.0,0.0,0,0,0.0,0.0,31.0,0.12903225806451613,102.0,294.59999994108,0.8333333331944445,1881.0,0.27698574338066734,0.07631251793057281,0.0,0.0,0.0,0.0,ga_meta,sa_meta,mcts,pl_rank,pl_rank,11,0.0,1567.4999997387501,0.3462321781200537,0,0,1,0.0,5.135034553357238
5,7,661.509189756853,110.0,55.0,114.0,8747.0,4756,3991.0,0.0242100943783339,0.1380129589632829,6,61,0.0,0.0,31.0,0.16129032258064516,11.0,16.285714283387755,0.69999999993,169.0,0.4824561403466451,0.16352682413694175,0.0242100943783339,0.1380129589632829,0.04081632653033459,0.0,ga_meta,ga_meta,mip,pl_rank,pl_rank,6,0.0811115266708084,118.29999998816999,0.675438555113422,1,0,1,0.0033413067619342024,51.75739614344736
6,8,320.4867771375508,504.0,252.0,730.0,11389.0,1680,9709.0,0.3528505392912172,0.3245913043478261,4,36,0.0,0.0,20.0,0.3,42.0,91.24999998859374,0.5333333332977778,982.0,0.3452054794515819,-0.08912690064071915,0.3528505392912172,0.3245913043478261,0.02721088435355639,1.0,ga_meta,ga_meta,pso_meta,rw_rank_bfs,pso_meta,14,0.3387209218195216,523.7333332984177,0.4602739676161757,1,0,1,0.11453221678837006,11.597759662324073
7,10,510.85917391857595,588.0,294.0,749.0,9662.0,1640,8022.0,0.3682588597842835,0.4419478260869565,4,36,0.0,0.0,20.0,0.35,42.0,74.89999999251,0.47619047616780047,1043.0,0.39252336448545727,0.0760256287654203,0.3682588597842835,0.4419478260869565,0.02721088435355639,1.0,ga_meta,ga_meta,sa_meta,rw_rank_bfs,d_round,17,0.40510334293562,496.6666666430159,0.5607476561208591,1,0,1,0.16275120251892541,9.26366250310291
6,7,563.500615369933,1364.0,682.0,2067.0,17304.0,2649,14655.0,0.0,0.0,0,0,0.0,0.0,20.0,0.3,113.66666666666667,295.2857142435306,0.46666666663555556,2749.0,0.32994678277681183,-0.6547767045997896,0.0,0.0,0.0,1.0,ga_meta,mip,mip,pl_rank,rw_rank_bfs,12,0.0,1282.8666665811422,0.3849379119911795,1,0,1,0.0,6.294652598656001
8,14,6.584571864642202,1728.0,864.0,3287.0,17304.0,2649,14655.0,0.0,0.0,0,0,0.0,0.0,20.0,0.4,108.0,234.78571426894388,0.49999999998214284,4151.0,0.26285366595671955,-0.6547767045997896,0.0,0.0,0.0,1.0,ga_meta,mip,ga_meta,pl_rank,pl_rank,8,0.0,2075.499999925875,0.45999391349804847,2,0,1,0.0,4.168634063076696
10,15,264.23361126391796,766.0,383.0,1231.0,9350.0,1166,8184.0,0.5508474576271186,0.4306782608695652,7,35,0.0,0.0,20.0,0.5,38.3,82.06666666119555,0.33333333332592596,1614.0,0.3111291632816319,0.10586210194128332,0.5508474576271186,0.4306782608695652,0.04761904761872368,1.0,ga_meta,mip,mip,rw_rank_bfs,d_round,14,0.4907628592483419,537.9999999880445,0.46669373926717617,2,0,1,0.23723802505526895,5.793060715122019
6,11,1181.21795468168,322.0,161.0,496.0,8711.0,1442,7269.0,0.4470858895705522,0.4684460694698354,11,36,0.0,0.0,20.0,0.3,26.833333333333332,45.090909086809916,0.7333333332844444,657.0,0.32459677419289396,0.16696949411877215,0.4470858895705522,0.4684460694698354,0.07482993197228008,1.0,ga_meta,pl_rank,ga_meta,pl_rank,pl_rank,7,0.4577659795201938,481.79999996787996,0.595094072877954,1,0,1,0.20943562768475005,13.25875188240677
7,7,585.2178643792881,1196.0,598.0,1364.0,9202.0,4586,4616.0,0.0,0.0,0,0,0.0,0.0,31.0,0.22580645161290322,85.42857142857143,194.85714282930613,0.3333333333174603,1962.0,0.4384164222870686,0.12001530075547484,0.0,0.0,0.0,0.0,pso_meta,pl_rank,pso_meta,rw_rank_bfs,pl_rank,2,0.0,653.9999999688571,0.4384164201000833,1,0,1,0.0,4.690112128088628
7,10,123.11455654110478,485.0,5.0,45.0,2671.0,586,1993.0,0.5116666666666667,0.9446388888888888,11,16,42128.470280187226,16537.279621872724,,,0.7142857142857143,4.49999999955,0.47619047616780047,50.0,0.11111111110864198,0.7445730132925313,0.5116666666666667,0.9446388888888888,0.07482993197228008,,d_round,mip,mip,rw_rank_bfs,mip,7,0.7281527777777778,23.809523808390022,0.15873012347267096,1,0,1,0.4833402314814815,53.41999893160003
10,23,1296.224277056168,926.0,463.0,2067.0,9757.0,1314,8443.0,0.4938366718027734,0.4126608695652174,6,36,0.0,0.0,20.0,0.5,46.3,89.86956521348394,0.5111111110997532,2530.0,0.22399612965639865,0.06694080520225687,0.4938366718027734,0.4126608695652174,0.04081632653033459,1.0,ga_meta,ga_meta,ga_meta,rw_rank_bfs,d_round,11,0.4532487706839954,1293.1111110823756,0.5151910924997121,2,0,1,0.20378707040932537,3.8565217376061183
3,2,178.7746515098864,160.0,20.0,22.0,8396.0,4640,3756.0,0.0480098481739844,0.1887688984881209,9,63,11084.028393612958,7508.535363415229,31.0,0.0967741935483871,6.666666666666667,10.9999999945,0.6666666664444444,42.0,0.9090909090495868,0.1970928564597877,0.0480098481739844,0.1887688984881209,0.06122448979550188,0.0,ga_meta,pl_rank,ga_meta,pl_rank,pl_rank,7,0.11838937333105265,27.999999990666666,0.6060605512672227,0,0,1,0.009062766156384957,199.90475714512485
4,5,1055.1920759646175,794.0,397.0,1376.0,9659.0,4735,4924.0,0.0,0.0,0,0,0.0,0.0,31.0,0.12903225806451613,99.25,275.19999994496,0.8333333331944445,1773.0,0.28851744186025546,0.07631251793057281,0.0,0.0,0.0,0.0,ga_meta,sa_meta,pl_rank,pl_rank,pl_rank,7,0.0,1477.49999975375,0.36064680108722097,0,0,1,0.0,5.447828536126436
4,4,1977.9778279875643,204.0,102.0,171.0,6330.0,910,5420.0,0.6782178217821782,0.6304881374420508,20,36,0.0,0.0,20.0,0.2,25.5,42.7499999893125,0.6666666665555555,273.0,0.5964912280666872,0.3946638615281629,0.6782178217821782,0.6304881374420508,0.13605442176778196,1.0,ga_meta,sa_meta,pl_rank,rw_rank_bfs,pl_rank,12,0.6543529796121145,181.99999996966665,0.5964912142662874,0,0,1,0.42760829123545024,23.186813101879807
8,14,204.05757035657652,536.0,18.0,28.0,3013.0,795,2170.0,0.3375,0.9397222222222222,20,16,67582.7336489295,26833.57050188981,,,2.25,1.999999999857143,0.49999999998214284,46.0,0.6428571428341837,0.7118676484651429,0.3375,0.9397222222222222,0.13605442176778196,,d_round,mip,mip,pl_rank,mip,7,0.6386111111111111,22.99999999917857,1.1249994375806383,2,1,0,0.31715625000000003,65.499998576087
5,5,601.2786703249863,976.0,488.0,890.0,9202.0,4586,4616.0,0.0,0.0,0,0,0.0,0.0,31.0,0.16129032258064516,97.6,177.9999999644,0.49999999995,1378.0,0.548314606740957,0.12001530075547484,0.0,0.0,0.0,0.0,ga_meta,ga_meta,ga_meta,rw_rank_bfs,sa_meta,3,0.0,688.9999999311,0.5483146037708169,1,0,1,0.0,6.677793899362994
10,27,1184.4590759968828,980.0,490.0,2181.0,11942.0,1724,10218.0,0.3359013867488444,0.2891826086956521,4,23,0.0,0.0,20.0,0.5,49.0,80.777777774786,0.5999999999866668,2671.0,0.2246675836771093,-0.142010136750502,0.3359013867488444,0.2891826086956521,0.02721088435355639,1.0,ga_meta,mip,ga_meta,rw_rank_bfs,d_round,14,0.3125419977222482,1602.5999999643868,0.6066024684414184,2,0,1,0.09713683928451797,4.470984648269942
6,7,423.686428521478,288.0,6.0,36.0,2556.0,652,1866.0,0.4566666666666666,0.9481666666666668,42,16,0.0,0.0,,,1.0,5.142857142122449,0.46666666663555556,42.0,0.16666666666203706,0.755570431290045,0.4566666666666666,0.9481666666666668,0.2857142857123421,,ga_meta,mip,mip,pl_rank,mip,4,0.7024166666666667,19.599999998693335,0.1944444066635876,1,0,1,0.43299611111111114,60.8571414081633
9,18,730.6248482705951,837.0,7.0,43.0,2556.0,652,1866.0,0.4566666666666666,0.9481666666666668,43,16,0.0,0.0,,,0.7777777777777778,2.388888888756173,0.49999999998611117,50.0,0.16279069767063278,0.755570431290045,0.4566666666666666,0.9481666666666668,0.29251700680073117,,ga_meta,mip,mip,pl_rank,mip,3,0.7024166666666667,24.999999999305558,0.3255812590770957,2,0,1,0.43299611111111114,51.11999897760003
4,3,267.83053215402174,708.0,354.0,777.0,9625.0,4944,4681.0,0.0,0.0,0,0,0.0,0.0,31.0,0.12903225806451613,88.5,258.99999991366667,0.49999999991666666,1131.0,0.45559845559786927,0.0795639284689682,0.0,0.0,0.0,0.0,ga_meta,ga_meta,rw_rank_bfs,rw_rank_bfs,rw_rank_bfs,7,0.0,565.49999990575,0.3416988404934408,0,0,1,0.0,8.51016798540215
6,8,171.77030351864866,2041.0,157.0,379.0,7725.0,1154,6571.0,0.5919377652050919,0.5520179983637852,15,36,198051.15995700192,92068.88268599568,20.0,0.3,26.166666666666668,47.374999994078124,0.5333333332977778,536.0,0.4142480211070864,0.2612603997322368,0.5919377652050919,0.5520179983637852,0.10204081632583646,1.0,ga_meta,rw_rank_bfs,ga_meta,rw_rank_bfs,sa_meta,9,0.5719778817844385,285.8666666476089,0.5523306832212521,1,0,1,0.3267603003044471,14.412313405947177
4,3,933.8033968057684,150.0,18.0,26.0,3121.0,919,2202.0,0.2341666666666666,0.9388333333333332,27,16,0.0,0.0,,,4.5,8.666666663777777,0.49999999991666666,44.0,0.692307692281065,0.701539638519652,0.2341666666666666,0.9388333333333332,0.18367346938650564,,ga_meta,mip,mip,rw_rank_bfs,mip,5,0.5864999999999999,21.999999996333333,0.5192307094926105,0,0,1,0.21984347222222214,70.93181656973145
6,10,484.11910254347055,1252.0,626.0,2658.0,9659.0,4735,4924.0,0.0,0.0,0,0,0.0,0.0,31.0,0.1935483870967742,104.33333333333333,265.79999997342,0.6666666666222222,3284.0,0.23551542513158935,0.07631251793057281,0.0,0.0,0.0,0.0,ga_meta,rw_rank_bfs,ga_meta,pl_rank,pl_rank,7,0.0,2189.333333187378,0.3925257071152783,1,0,1,0.0,2.9412302061689313
7,13,234.3978443270448,514.0,257.0,927.0,9548.0,1641,7907.0,0.3678736517719568,0.4499478260869565,4,36,0.0,0.0,20.0,0.35,36.714285714285715,71.3076923022071,0.6190476190181405,1184.0,0.2772384034516966,0.08692741704121643,0.3678736517719568,0.4499478260869565,0.02721088435355639,1.0,ga_meta,ga_meta,ga_meta,rw_rank_bfs,rw_rank_bfs,7,0.4089107389294566,732.9523809174784,0.5148713135157513,1,0,1,0.165523949889462,8.064189182378218
6,10,914.2862750958378,974.0,487.0,2680.0,9659.0,4735,4924.0,0.0,0.0,0,0,0.0,0.0,31.0,0.1935483870967742,81.16666666666667,267.9999999732,0.6666666666222222,3167.0,0.18171641791037996,0.07631251793057281,0.0,0.0,0.0,0.0,ga_meta,rw_rank_bfs,ga_meta,pl_rank,pl_rank,5,0.0,2111.333333192578,0.30286069541762184,1,0,1,0.0,3.0498894843543134
4,3,40.402695447868055,202.0,13.0,50.0,3121.0,919,2202.0,0.2341666666666666,0.9388333333333332,7,16,13071.460291957312,5194.717151481035,,,3.25,16.666666661111112,0.49999999991666666,63.0,0.2599999999948,0.701539638519652,0.2341666666666666,0.9388333333333332,0.04761904761872368,,d_round,mip,mip,rw_rank_bfs,mip,7,0.5864999999999999,31.49999999475,0.19499998836500068,0,0,1,0.21984347222222214,49.539681753338385
3,2,687.0613597166047,48.0,16.0,16.0,8108.0,4321,3787.0,0.0376391982182627,0.1430187825299841,7,63,21985.96351093135,21985.96351093135,31.0,0.0967741935483871,5.333333333333333,7.999999996,0.6666666664444444,32.0,0.9999999999375,0.22463421631443048,0.0376391982182627,0.1430187825299841,0.04761904761872368,0.0,ga_meta,ga_meta,ga_meta,pl_rank,pl_rank,7,0.0903289903741234,21.33333332622222,0.6666665836666771,0,0,1,0.005383112304580677,253.37499208203153
8,14,783.5348075405833,246.0,8.0,13.0,2556.0,652,1866.0,0.4566666666666666,0.9481666666666668,49,16,0.0,0.0,,,1.0,0.928571428505102,0.49999999998214284,21.0,0.6153846153372781,0.755570431290045,0.4566666666666666,0.9481666666666668,0.3333333333310658,,mip,mip,mip,pl_rank,mip,1,0.7024166666666667,10.499999999625,1.0769219172379352,2,1,0,0.43299611111111114,121.71427991836762
7,10,77.05696290838142,236.0,8.0,18.0,2556.0,652,1866.0,0.4566666666666666,0.9481666666666668,23,16,28349.864998437537,11916.453750818511,,,1.1428571428571428,1.79999999982,0.47619047616780047,26.0,0.44444444441975306,0.755570431290045,0.4566666666666666,0.9481666666666668,0.15646258503294924,,d_round,mip,mip,pl_rank,mip,7,0.7024166666666667,12.380952380362812,0.6349202822506368,1,0,1,0.43299611111111114,98.30768852662736
5,5,654.6180364776343,1030.0,515.0,1205.0,9659.0,4735,4924.0,0.0,0.0,0,0,0.0,0.0,31.0,0.16129032258064516,103.0,240.9999999518,0.49999999995,1720.0,0.4273858921158279,0.07631251793057281,0.0,0.0,0.0,0.0,ga_meta,mip,ga_meta,pl_rank,pl_rank,7,0.0,859.999999914,0.42738589042827435,1,0,1,0.0,5.615697671153664
3,2,40.81488728721125,56.0,28.0,30.0,7947.0,4274,3673.0,0.0481069042316257,0.168816474315456,6,63,0.0,0.0,31.0,0.0967741935483871,9.333333333333334,14.9999999925,0.6666666664444444,58.0,0.9333333333022222,0.24003060151094957,0.0481069042316257,0.168816474315456,0.04081632653033459,0.0,mcts,rw_rank_bfs,mcts,pl_rank,pl_rank,6,0.10846168927354084,38.666666653777774,0.6222221810518547,0,0,1,0.00812123796261434,137.01723901694416
2,0,193.54748396990857,6.0,3.0,12.0,2671.0,586,1993.0,0.5116666666666667,0.9446388888888888,15,16,66229.8566092706,25998.13500893096,,,1.5,12000000000.0,0.0,15.0,0.24999999997916666,0.7445730132925313,0.5116666666666667,0.9446388888888888,0.10204081632583646,,d_round,mip,mip,rw_rank_bfs,mip,7,0.7281527777777778,0.0,1.2499999999999998e-10,0,0,1,0.4833402314814815,178.06665479555636
3,3,763.3519105482605,85.0,17.0,12.0,8184.0,4307,3877.0,0.0407572383073496,0.12265218375198,8,63,28244.02069028564,22137.205405899556,31.0,0.0967741935483871,5.666666666666667,3.9999999986666666,0.9999999996666666,29.0,1.4166666665486112,0.21736635746389976,0.0407572383073496,0.12265218375198,0.05442176870711278,0.0,ga_meta,pl_rank,ga_meta,pl_rank,pl_rank,7,0.0817047110296648,28.999999990333333,1.4166663129723105,0,1,0,0.004998964282096281,282.20688682045216
5,5,88.4780568671202,598.0,46.0,66.0,8564.0,4627,3937.0,0.0506770619614279,0.1496760259179266,9,63,18226.479714626763,9909.542369117462,31.0,0.16129032258064516,9.2,13.199999997359999,0.49999999995,112.0,0.6969696969591368,0.18102706321124606,0.0506770619614279,0.1496760259179266,0.06122448979550188,0.0,ga_meta,rw_rank_bfs,ga_meta,pl_rank,pl_rank,5,0.10017654393967725,55.9999999944,0.6969696443083603,1,0,1,0.007585141239583053,76.46428503156889
7,13,690.4815385526072,1306.0,653.0,3159.0,9202.0,4586,4616.0,0.0,0.0,0,0,0.0,0.0,31.0,0.22580645161290322,93.28571428571429,242.9999999813077,0.6190476190181405,3812.0,0.20671098448869682,0.12001530075547484,0.0,0.0,0.0,0.0,ga_meta,ga_meta,mip,rw_rank_bfs,pl_rank,3,0.0,2359.8095236971517,0.3838918267860012,1,0,1,0.0,2.413955928013128
3,3,206.03313951684984,76.0,19.0,20.0,15862.0,2470,13392.0,0.1066907775768535,0.0687065368567454,10,36,10301.656975842492,8035.292441157144,20.0,0.15,6.333333333333333,6.666666664444445,0.9999999996666666,39.0,0.9499999999525,-0.5168786458831405,0.1066907775768535,0.0687065368567454,0.06802721088389098,1.0,ga_meta,pso_meta,pso_meta,pl_rank,pso_meta,11,0.08769865721679945,38.999999986999995,0.9499998578166878,0,0,1,0.00733035384185891,406.71793828928367
5,7,605.1237743053804,1668.0,139.0,306.0,9794.0,1491,8303.0,0.42829754601227,0.3928336380255941,10,36,493175.876058885,269280.07956589427,20.0,0.25,27.8,43.71428570804082,0.69999999993,445.0,0.4542483660115874,0.06340250549870896,0.42829754601227,0.3928336380255941,0.06802721088389098,1.0,ga_meta,rw_rank_bfs,ga_meta,pl_rank,pl_rank,14,0.41056559201893206,311.49999996885,0.6359476979613272,1,0,1,0.16824968315743433,22.008988714586543
5,6,13.721049180585696,414.0,207.0,432.0,8621.0,1336,7285.0,0.485362095531587,0.4932173913043478,5,36,0.0,0.0,20.0,0.25,41.4,71.999999988,0.59999999994,639.0,0.4791666666655575,0.17557616907334794,0.485362095531587,0.4932173913043478,0.03401360544194549,1.0,ga_meta,ga_meta,sa_meta,rw_rank_bfs,sa_meta,15,0.4892897434179674,383.39999996166,0.5749999921097223,1,0,1,0.23938902659610098,13.491392780138666
8,14,181.62110973587468,646.0,323.0,1116.0,8919.0,1216,7703.0,0.5315870570107859,0.4641391304347826,6,36,0.0,0.0,20.0,0.4,40.375,79.71428570859183,0.49999999998214284,1439.0,0.2894265232972317,0.1470785120015301,0.5315870570107859,0.4641391304347826,0.04081632653033459,1.0,ga_meta,mip,ga_meta,rw_rank_bfs,rw_rank_bfs,13,0.49786309372278426,719.4999999743036,0.5064964094528901,2,0,1,0.24673035439137136,6.198054200001351
6,7,217.6822419727936,271.0,16.0,25.0,2556.0,652,1866.0,0.4566666666666666,0.9481666666666668,53,16,0.0,0.0,,,2.6666666666666665,3.5714285709183673,0.46666666663555556,41.0,0.6399999999744,0.755570431290045,0.4566666666666666,0.9481666666666668,0.3605442176846222,,mip,mip,mip,pl_rank,mip,1,0.7024166666666667,19.133333332057777,0.7466664577067251,1,0,1,0.43299611111111114,62.34146189411069
8,15,29.2769386077246,1470.0,735.0,3333.0,9659.0,4735,4924.0,0.0,0.0,0,0,0.0,0.0,31.0,0.25806451612903225,91.875,222.19999998518668,0.5357142856951531,4068.0,0.22052205220515436,0.07631251793057281,0.0,0.0,0.0,0.0,mip,mip,mip,pl_rank,pl_rank,5,0.0,2179.285714207883,0.4134788460515128,2,0,1,0.0,2.374385446810623
4,3,79.92419731900254,816.0,408.0,444.0,9625.0,4944,4681.0,0.0,0.0,0,0,0.0,0.0,31.0,0.12903225806451613,102.0,147.99999995066668,0.49999999991666666,852.0,0.9189189189168493,0.0795639284689682,0.0,0.0,0.0,0.0,ga_meta,ga_meta,mip,rw_rank_bfs,sa_meta,10,0.0,425.999999929,0.6891891847622352,0,0,1,0.0,11.296948343548182
6,7,26.057331073211863,972.0,486.0,1560.0,17304.0,2649,14655.0,0.0,0.0,0,0,0.0,0.0,20.0,0.3,81.0,222.8571428253061,0.46666666663555556,2046.0,0.3115384615382618,-0.6547767045997896,0.0,0.0,0.0,1.0,ga_meta,mip,ga_meta,pl_rank,pl_rank,18,0.0,954.7999999363467,0.3634615368825444,1,0,1,0.0,8.457478001731438
4,3,1216.9151116477194,980.0,70.0,138.0,8069.0,1046,7023.0,0.6301272984441302,0.5212026179438233,16,36,348037.72193124774,253118.34322272564,20.0,0.2,17.5,45.999999984666665,0.49999999991666666,208.0,0.5072463768079185,0.2283637754614134,0.6301272984441302,0.5212026179438233,0.10884353741422556,1.0,ga_meta,mip,ga_meta,rw_rank_bfs,rw_rank_bfs,13,0.5756649581939768,103.99999998266667,0.3804347744651861,0,0,1,0.3284239975869495,38.79326904426313
6,8,597.0066851481693,1120.0,560.0,1824.0,9202.0,4586,4616.0,0.0,0.0,0,0,0.0,0.0,31.0,0.1935483870967742,93.33333333333333,227.9999999715,0.5333333332977778,2384.0,0.3070175438594808,0.12001530075547484,0.0,0.0,0.0,0.0,ga_meta,ga_meta,ga_meta,rw_rank_bfs,ga_meta,7,0.0,1271.4666665819022,0.4093567234019442,1,0,1,0.0,3.859899327239975
4,4,148.57625377691403,82.0,41.0,45.0,8179.0,4290,3889.0,0.0445434298440979,0.1199366372482462,8,63,0.0,0.0,31.0,0.12903225806451613,10.25,11.2499999971875,0.6666666665555555,86.0,0.9111111110908643,0.2178445060724873,0.0445434298440979,0.1199366372482462,0.05442176870711278,0.0,sa_meta,rw_rank_bfs,rw_rank_bfs,pl_rank,rw_rank_bfs,4,0.08224003354617204,57.33333332377777,0.9111110303512419,0,0,1,0.0053423891870042735,95.10465005692268
7,10,1429.9256888427913,90.0,0.0,9.0,2671.0,586,1993.0,0.5116666666666667,0.9446388888888888,18,16,489305.1120659075,192073.80198780197,,,0.0,0.89999999991,0.47619047616780047,9.0,0.0,0.7445730132925313,0.5116666666666667,0.9446388888888888,0.12244897959100376,,d_round,mip,mip,rw_rank_bfs,mip,7,0.7281527777777778,4.285714285510204,0.0,1,0,1,0.4833402314814815,296.77774480247285
5,9,1599.955175148315,1214.0,607.0,2276.0,17304.0,2649,14655.0,0.0,0.0,0,0,0.0,0.0,20.0,0.25,121.4,252.88888886079013,0.89999999991,2883.0,0.26669595782062094,-0.6547767045997896,0.0,0.0,0.0,1.0,ga_meta,mip,pl_rank,pl_rank,pl_rank,15,0.0,2594.69999974053,0.4800527222323926,1,0,1,0.0,6.002081163370766
4,5,33.76707893774786,750.0,375.0,1303.0,9202.0,4586,4616.0,0.0,0.0,0,0,0.0,0.0,31.0,0.12903225806451613,93.75,260.59999994788,0.8333333331944445,1678.0,0.2877973906367707,0.12001530075547484,0.0,0.0,0.0,0.0,ga_meta,ga_meta,ga_meta,rw_rank_bfs,d_round,5,0.0,1398.3333331002777,0.3597467369877332,0,0,1,0.0,5.483909412703272
8,11,430.1618763584557,1562.0,781.0,2749.0,9659.0,4735,4924.0,0.0,0.0,0,0,0.0,0.0,31.0,0.25806451612903225,97.625,249.9090908863719,0.39285714284311224,3530.0,0.28410331029454927,0.07631251793057281,0.0,0.0,0.0,0.0,ga_meta,mip,ga_meta,pl_rank,pl_rank,7,0.0,1386.785714236186,0.3906420501275236,2,0,1,0.0,2.736260622454317
8,15,374.2900471713494,1436.0,718.0,3693.0,9659.0,4735,4924.0,0.0,0.0,0,0,0.0,0.0,31.0,0.25806451612903225,89.75,246.19999998358668,0.5357142856951531,4411.0,0.19442187923092488,0.07631251793057281,0.0,0.0,0.0,0.0,ga_meta,pl_rank,ga_meta,pl_rank,pl_rank,3,0.0,2363.0357142013204,0.3645410221017153,2,0,1,0.0,2.18975289000459
4,3,542.3070467411391,384.0,32.0,40.0,16252.0,2493,13759.0,0.0983725135623869,0.0431849791376912,9,34,40130.72145884429,39046.10736536201,20.0,0.2,8.0,13.33333332888889,0.49999999991666666,72.0,0.79999999998,-0.5541742373529692,0.0983725135623869,0.0431849791376912,0.06122448979550188,1.0,ga_meta,mip,mcts,pl_rank,sa_meta,11,0.07077874635003904,35.999999994,0.5999999552000034,0,0,1,0.004248214945913922,225.7222190871914
8,13,69.0473408893945,1644.0,822.0,3290.0,9625.0,4944,4681.0,0.0,0.0,0,0,0.0,0.0,31.0,0.25806451612903225,102.75,253.07692305745562,0.4642857142691327,4112.0,0.24984802431603348,0.0795639284689682,0.0,0.0,0.0,0.0,sa_meta,rw_rank_bfs,sa_meta,rw_rank_bfs,rw_rank_bfs,2,0.0,1909.1428570746737,0.4060030379406415,2,0,1,0.0,2.3407101161622785
7,10,542.3974026694723,99.0,7.0,5.0,3608.0,956,2592.0,0.2033333333333333,0.928,10,16,0.0,0.0,,,1.0,0.49999999995,0.47619047616780047,12.0,1.3999999997199999,0.6549679640432247,0.2033333333333333,0.928,0.06802721088389098,,ga_meta,mip,mip,pl_rank,mip,6,0.5656666666666667,5.714285714013606,1.999996000207999,1,1,0,0.18869333333333332,300.6666416111132
6,7,178.53841640735527,302.0,151.0,374.0,7701.0,1054,6647.0,0.6272984441301273,0.5468366512135261,17,36,0.0,0.0,20.0,0.3,25.166666666666668,53.42857142093877,0.46666666663555556,525.0,0.40374331550694187,0.26355551305345704,0.6272984441301273,0.5468366512135261,0.11564625850261466,1.0,ga_meta,sa_meta,ga_meta,rw_rank_bfs,rw_rank_bfs,7,0.5870675476718267,244.99999998366667,0.4710338593438405,1,0,1,0.343029780499574,14.668571400631293
5,5,56.109746177659666,110.0,3.0,19.0,2556.0,652,1866.0,0.4566666666666666,0.9481666666666668,1,16,20643.218590441335,8677.076931921501,,,0.6,3.7999999992399998,0.49999999995,22.0,0.157894736833795,0.755570431290045,0.4566666666666666,0.9481666666666668,0.0068027210883890975,,d_round,mip,mip,pl_rank,mip,7,0.7024166666666667,10.9999999989,0.1578946953224486,1,0,1,0.43299611111111114,116.18181290082669
4,3,295.2177839948812,488.0,244.0,747.0,9659.0,4735,4924.0,0.0,0.0,0,0,0.0,0.0,31.0,0.12903225806451613,61.0,248.999999917,0.49999999991666666,991.0,0.3266398929045159,0.07631251793057281,0.0,0.0,0.0,0.0,ga_meta,mip,mip,pl_rank,pl_rank,8,0.0,495.4999999174167,0.24497991877651976,0,0,1,0.0,9.746720474523995
9,18,839.2153171211422,171.0,5.0,7.0,2556.0,652,1866.0,0.4566666666666666,0.9481666666666668,25,16,308753.9405529507,129780.23187006295,,,0.5555555555555556,0.38888888886728395,0.49999999998611117,12.0,0.7142857141836735,0.755570431290045,0.4566666666666666,0.9481666666666668,0.17006802720972744,,d_round,mip,mip,pl_rank,mip,7,0.7024166666666667,5.999999999833334,1.4285677551908518,2,1,0,0.43299611111111114,212.9999822500015
7,10,1384.572241565492,488.0,244.0,824.0,10719.0,1831,8888.0,0.2946841294298922,0.381704347826087,3,36,0.0,0.0,20.0,0.35,34.857142857142854,82.39999999176,0.47619047616780047,1068.0,0.2961165048540096,-0.025054987089987657,0.2946841294298922,0.381704347826087,0.020408163265167294,1.0,ga_meta,mcts,ga_meta,rw_rank_bfs,rw_rank_bfs,7,0.3381942386279896,508.5714285472109,0.4230235732719053,1,0,1,0.1124822134387352,10.036516844535095
9,18,62.77297795915723,810.0,4.0,43.0,3121.0,919,2202.0,0.2341666666666666,0.9388333333333332,30,16,0.0,0.0,,,0.4444444444444444,2.388888888756173,0.49999999998611117,47.0,0.09302325581179016,0.701539638519652,0.2341666666666666,0.9388333333333332,0.20408163265167292,,mip,mip,mip,rw_rank_bfs,mip,2,0.5864999999999999,23.499999999347224,0.18604643375834037,2,0,1,0.21984347222222214,66.40425390629247
3,2,9.251384125191588,42.0,21.0,39.0,7947.0,4274,3673.0,0.0481069042316257,0.168816474315456,6,63,0.0,0.0,31.0,0.0967741935483871,7.0,19.49999999025,0.6666666664444444,60.0,0.5384615384477318,0.24003060151094957,0.0481069042316257,0.168816474315456,0.04081632653033459,0.0,mcts,rw_rank_bfs,mcts,pl_rank,pl_rank,5,0.10846168927354084,39.999999986666666,0.3589743407449056,0,0,1,0.00812123796261434,132.44999779250006
4,5,91.79931059919478,575.0,115.0,301.0,13013.0,2040,10973.0,0.2786421499292786,0.251908917371148,7,23,84363.56644066001,38188.51320926503,20.0,0.2,28.75,60.19999998796,0.8333333331944445,416.0,0.3820598006631825,-0.24442956870995514,0.2786421499292786,0.251908917371148,0.04761904761872368,1.0,ga_meta,mip,mip,rw_rank_bfs,mip,15,0.2652755336502133,346.6666666088889,0.4775747429929445,0,0,1,0.07019244232265368,31.281249924804687
8,13,265.8397536115622,1372.0,686.0,3692.0,9659.0,4735,4924.0,0.0,0.0,0,0,0.0,0.0,31.0,0.25806451612903225,85.75,283.9999999781538,0.4642857142691327,4378.0,0.18580715059583267,0.07631251793057281,0.0,0.0,0.0,0.0,ga_meta,mip,ga_meta,pl_rank,pl_rank,7,0.0,2032.6428570702628,0.3019366186783787,2,0,1,0.0,2.2062585650511055
9,18,269.05895592257866,837.0,1.0,46.0,2556.0,652,1866.0,0.4566666666666666,0.9481666666666668,0,16,98988.9140335687,41608.55143365877,,,0.1111111111111111,2.55555555541358,0.49999999998611117,47.0,0.02173913043431002,0.755570431290045,0.4566666666666666,0.9481666666666668,0.0,,d_round,mip,mip,pl_rank,mip,7,0.7024166666666667,23.499999999347224,0.04347824385875482,2,0,1,0.43299611111111114,54.38297756631963
8,14,1005.9473830027256,538.0,20.0,27.0,3121.0,919,2202.0,0.2341666666666666,0.9388333333333332,15,16,325453.5650891171,129338.20543518868,,,2.5,1.9285714284336735,0.49999999998214284,47.0,0.7407407407133059,0.701539638519652,0.2341666666666666,0.9388333333333332,0.10204081632583646,,d_round,mip,mip,rw_rank_bfs,mip,7,0.5864999999999999,23.499999999160714,1.2962956242356023,2,1,0,0.21984347222222214,66.40425390629247
3,1,272.9039814692492,86.0,20.0,26.0,3121.0,919,2202.0,0.2341666666666666,0.9388333333333332,26,16,0.0,0.0,,,6.666666666666667,25.999999973999998,0.3333333332222222,46.0,0.7692307692011834,0.701539638519652,0.2341666666666666,0.9388333333333332,0.17687074829811653,,ga_meta,mip,mip,rw_rank_bfs,mip,5,0.5864999999999999,15.33333332822222,0.2564102468047341,0,0,1,0.21984347222222214,67.84782461200382
6,10,486.8442522757859,1544.0,772.0,2716.0,17304.0,2649,14655.0,0.0,0.0,0,0,0.0,0.0,20.0,0.3,128.66666666666666,271.59999997284,0.6666666666222222,3488.0,0.2842415316641074,-0.6547767045997896,0.0,0.0,0.0,1.0,ga_meta,ga_meta,ga_meta,pl_rank,pl_rank,12,0.0,2325.333333178311,0.4737358844101526,1,0,1,0.0,4.961009172889619
5,7,334.770291563555,776.0,388.0,1515.0,9202.0,4586,4616.0,0.0,0.0,0,0,0.0,0.0,31.0,0.16129032258064516,77.6,216.42857139765306,0.69999999993,1903.0,0.25610561056088704,0.12001530075547484,0.0,0.0,0.0,0.0,ga_meta,ga_meta,mip,rw_rank_bfs,sa_meta,3,0.0,1332.0999998667899,0.3585478531800429,1,0,1,0.0,4.835522856103245
10,25,311.01846281361196,846.0,423.0,1970.0,8475.0,1120,7355.0,0.5685670261941449,0.4883478260869565,7,34,0.0,0.0,20.0,0.5,42.3,78.799999996848,0.5555555555432099,2393.0,0.21472081218263211,0.18953810844410446,0.5685670261941449,0.4883478260869565,0.04761904761872368,1.0,ga_meta,mip,ga_meta,rw_rank_bfs,pl_rank,14,0.5284574261405507,1329.4444444149012,0.5368020236661164,2,0,1,0.2776584712266363,3.541579605707656
2,1,211.35903358903045,45.0,15.0,0.0,8146.0,4300,3846.0,0.0423162583518931,0.1296673455532926,9,58,3170.385503835457,3170.385503835457,31.0,0.06451612903225806,7.5,0.0,0.9999999989999999,15.0,15000000000.0,0.22100028688916518,0.0423162583518931,0.1296673455532926,0.06122448979550188,0.0,ga_meta,ga_meta,mip,pl_rank,pl_rank,10,0.08599180195259284,14.999999984999999,7500000.0,0,1,0,0.005487036894237326,543.0666304622247
10,22,33.3660296296305,712.0,3.0,31.0,2556.0,652,1866.0,0.4566666666666666,0.9481666666666668,52,16,0.0,0.0,,,0.3,1.4090909090268595,0.48888888887802473,34.0,0.09677419354526536,0.755570431290045,0.4566666666666666,0.9481666666666668,0.35374149659623305,,mip,mip,mip,pl_rank,mip,1,0.7024166666666667,16.62222222185284,0.21290307472362438,2,0,1,0.43299611111111114,75.1764683771627
7,10,113.8663803220781,357.0,1.0,35.0,2556.0,652,1866.0,0.4566666666666666,0.9481666666666668,26,16,41892.34026560034,17608.836420070842,,,0.14285714285714285,3.49999999965,0.47619047616780047,36.0,0.028571428570612248,0.755570431290045,0.4566666666666666,0.9481666666666668,0.17687074829811653,,d_round,mip,mip,pl_rank,mip,7,0.7024166666666667,17.142857142040818,0.04081631487288962,1,0,1,0.43299611111111114,70.99999802777783
5,5,88.37111545214321,1014.0,507.0,1153.0,9625.0,4944,4681.0,0.0,0.0,0,0,0.0,0.0,31.0,0.16129032258064516,101.4,230.59999995388,0.49999999995,1660.0,0.43972246313925434,0.0795639284689682,0.0,0.0,0.0,0.0,mip,mip,mip,rw_rank_bfs,mip,4,0.0,829.999999917,0.4397224613207179,1,0,1,0.0,5.79819276759145
5,5,195.59665491452856,123.0,41.0,77.0,8566.0,4712,3854.0,0.0332375871973738,0.1676025917926565,7,61,67285.24929059783,23080.40527991437,31.0,0.16129032258064516,8.2,15.39999999692,0.49999999995,118.0,0.5324675324606173,0.18083580376781105,0.0332375871973738,0.1676025917926565,0.04761904761872368,0.0,ga_meta,mip,ga_meta,pl_rank,pl_rank,4,0.10042008949501514,58.9999999941,0.5324674979982144,1,0,1,0.005570705759214266,72.59321972378628
3,1,428.0916922625509,92.0,17.0,41.0,2556.0,652,1866.0,0.4566666666666666,0.9481666666666668,11,16,157498.31325464716,66202.1270942337,,,5.666666666666667,40.999999959,0.3333333332222222,58.0,0.41463414633135043,0.755570431290045,0.4566666666666666,0.9481666666666668,0.07482993197228008,,d_round,mip,mip,pl_rank,mip,7,0.7024166666666667,19.333333326888887,0.13821137888102328,0,0,1,0.43299611111111114,44.068964757431644
5,5,755.2308083703207,2985.0,199.0,336.0,9757.0,1314,8443.0,0.4938366718027734,0.4126608695652174,6,36,789971.4255553554,404048.4824781216,20.0,0.25,39.8,67.19999998656,0.49999999995,535.0,0.5922619047601421,0.06694080520225687,0.4938366718027734,0.4126608695652174,0.04081632653033459,1.0,ga_meta,mip,ga_meta,rw_rank_bfs,ga_meta,20,0.4532487706839954,267.49999997325,0.592261896066936,1,0,1,0.20378707040932537,18.237383143481527
5,6,736.7632314196532,274.0,137.0,273.0,7630.0,1211,6419.0,0.535659509202454,0.5306032906764169,12,34,0.0,0.0,20.0,0.25,27.4,45.49999999241667,0.59999999994,410.0,0.5018315018296636,0.2703452232954002,0.535659509202454,0.5306032906764169,0.08163265306066918,1.0,ga_meta,mip,mip,pl_rank,mip,9,0.5331313999394354,245.9999999754,0.6021977890630522,1,0,1,0.2842226982649365,18.609756052171328
9,18,640.8591510087214,198.0,12.0,5.0,3608.0,956,2592.0,0.2033333333333333,0.928,12,16,0.0,0.0,,,1.3333333333333333,0.2777777777623457,0.49999999998611117,17.0,2.39999999952,0.6549679640432247,0.2033333333333333,0.928,0.08163265306066918,,ga_meta,mip,mip,pl_rank,mip,6,0.5656666666666667,8.49999999976389,4.799982720328873,2,1,0,0.18869333333333332,212.2352816332187
8,13,697.4345516601779,624.0,312.0,1031.0,9355.0,1409,7946.0,0.4572419106317411,0.4472347826086956,5,36,0.0,0.0,20.0,0.4,39.0,79.30769230159171,0.4642857142691327,1343.0,0.3026188166825387,0.10538395333269579,0.4572419106317411,0.4472347826086956,0.03401360544194549,1.0,ga_meta,mip,ga_meta,rw_rank_bfs,rw_rank_bfs,18,0.45223834662021833,623.5357142634451,0.491755570946826,2,0,1,0.20449448650097135,6.965748319459606
2,1,349.5894409100426,24.0,8.0,17.0,16477.0,2553,13924.0,0.0766726943942134,0.0317107093184979,11,36,8739.736022751065,8739.736022751065,20.0,0.1,4.0,16.999999983,0.9999999989999999,25.0,0.470588235266436,-0.5756909247394091,0.0766726943942134,0.0317107093184979,0.07482993197228008,1.0,ga_meta,ga_meta,ga_meta,pl_rank,pl_rank,13,0.05419170185635565,24.999999974999998,0.2352941040415233,0,0,1,0.0024313455246009245,659.079973636801
9,15,96.13072168239376,664.0,332.0,1248.0,8475.0,1120,7355.0,0.5685670261941449,0.4883478260869565,7,34,0.0,0.0,20.0,0.45,36.888888888888886,83.19999999445334,0.4166666666550926,1580.0,0.26602564102542786,0.18953810844410446,0.5685670261941449,0.4883478260869565,0.04761904761872368,1.0,ga_meta,mip,mip,rw_rank_bfs,mip,10,0.5284574261405507,658.3333333150463,0.4433760630765875,2,0,1,0.2776584712266363,5.363924047238022
4,4,1092.233682295122,684.0,76.0,183.0,7485.0,1065,6420.0,0.6234087694483734,0.5623125170439052,17,36,423786.6687305073,282888.52371443657,20.0,0.2,19.0,45.7499999885625,0.6666666665555555,259.0,0.41530054644581804,0.2842115329444391,0.6234087694483734,0.5623125170439052,0.11564625850261466,1.0,ga_meta,ga_meta,ga_meta,rw_rank_bfs,pl_rank,12,0.5928606432461393,172.66666663788888,0.41530053747430523,0,0,1,0.35055055429575843,28.89961378803238
7,13,361.70860305779536,1518.0,759.0,3210.0,9625.0,4944,4681.0,0.0,0.0,0,0,0.0,0.0,31.0,0.22580645161290322,108.42857142857143,246.92307690408285,0.6190476190181405,3969.0,0.23644859813076746,0.0795639284689682,0.0,0.0,0.0,0.0,ga_meta,mip,ga_meta,rw_rank_bfs,rw_rank_bfs,5,0.0,2456.999999883,0.439118823355549,1,0,1,0.0,2.425044091099762
4,3,623.5760676064942,146.0,20.0,22.0,3608.0,956,2592.0,0.2033333333333333,0.928,17,16,0.0,0.0,,,5.0,7.333333330888888,0.49999999991666666,42.0,0.9090909090495868,0.6549679640432247,0.2033333333333333,0.928,0.11564625850261466,,mip,mip,mip,pl_rank,mip,3,0.5656666666666667,20.9999999965,0.6818180890702605,0,0,1,0.18869333333333332,85.90475985941049
5,8,803.6739103089274,194.0,97.0,381.0,7873.0,1141,6732.0,0.5965346534653465,0.5410417234796836,16,36,0.0,0.0,20.0,0.25,19.4,47.624999994046874,0.79999999992,478.0,0.25459317585235014,0.24710720091804528,0.5965346534653465,0.5410417234796836,0.10884353741422556,1.0,ga_meta,ga_meta,mip,rw_rank_bfs,sa_meta,10,0.568788188472515,382.39999996176005,0.40734907286248667,1,0,1,0.3227501370262469,16.470711262613573
5,6,51.48418095579485,922.0,461.0,1659.0,9202.0,4586,4616.0,0.0,0.0,0,0,0.0,0.0,31.0,0.16129032258064516,92.2,276.49999995391664,0.59999999994,2120.0,0.2778782399033889,0.12001530075547484,0.0,0.0,0.0,0.0,ga_meta,ga_meta,ga_meta,rw_rank_bfs,d_round,6,0.0,1271.9999998728,0.33345388673386184,1,0,1,0.0,4.340566035688412
3,3,507.02360650357,1215.0,81.0,75.0,8114.0,1069,7045.0,0.6219943422913721,0.5197027542950641,16,36,92278.29638364977,79095.68261455692,20.0,0.15,27.0,24.999999991666666,0.9999999996666666,156.0,1.0799999999856,0.22406043798412545,0.6219943422913721,0.5197027542950641,0.10884353741422556,1.0,ga_meta,pl_rank,ga_meta,rw_rank_bfs,rw_rank_bfs,15,0.5708485482932181,155.99999994799998,1.0799999571600016,0,1,0,0.3232521728447729,52.012820179405
5,6,130.85525752258337,1806.0,129.0,260.0,7264.0,1135,6129.0,0.5986562942008486,0.5821516225797655,15,36,125097.6261915897,50902.695176284935,20.0,0.25,25.8,43.33333332611111,0.59999999994,389.0,0.4961538461519379,0.30534570144400874,0.5986562942008486,0.5821516225797655,0.10204081632583646,1.0,ga_meta,ga_meta,mip,rw_rank_bfs,sa_meta,16,0.5904039583903071,233.39999997665998,0.5953846017442016,1,0,1,0.3485087330366135,18.67352180289583
7,16,305.30026128856275,294.0,147.0,866.0,8384.0,802,7582.0,0.6924846625766872,0.4455575868372943,17,36,0.0,0.0,20.0,0.35,21.0,54.124999996617184,0.7619047618684808,1013.0,0.16974595842936518,0.19824041312039786,0.6924846625766872,0.4455575868372943,0.11564625850261466,1.0,ga_meta,ga_meta,mip,pl_rank,rw_rank_bfs,10,0.5690211247069907,771.8095237727711,0.38799075498054036,1,0,1,0.30854179517950675,8.276406704564257
3,3,182.90445998288823,330.0,33.0,83.0,8638.0,4642,3996.0,0.0475995075913008,0.1369330453563715,8,63,44811.59269580762,21216.91735801504,31.0,0.0967741935483871,11.0,27.666666657444445,0.9999999996666666,116.0,0.39759036144099286,0.17395046380415036,0.0475995075913008,0.1369330453563715,0.05442176870711278,0.0,ga_meta,rw_rank_bfs,ga_meta,pl_rank,pl_rank,4,0.09226627647383615,115.99999996133333,0.3975903472075778,0,0,1,0.006517945531940542,74.4655165994352
8,14,459.4216030879791,144.0,11.0,4.0,3013.0,795,2170.0,0.3375,0.9397222222222222,45,16,0.0,0.0,,,1.375,0.2857142856938775,0.49999999998214284,15.0,2.7499999993125,0.7118676484651429,0.3375,0.9397222222222222,0.3061224489775094,,mip,mip,mip,pl_rank,mip,1,0.6386111111111111,7.499999999732142,4.812483156652702,2,1,0,0.31715625000000003,200.86665327555644
3,2,49.124650094708265,498.0,83.0,98.0,7051.0,991,6060.0,0.6200153374233128,0.5568555758683729,15,36,13705.777376423606,8891.561667142196,20.0,0.15,27.666666666666668,48.999999975499996,0.6666666664444444,181.0,0.8469387755015618,0.32571483216983843,0.6200153374233128,0.5568555758683729,0.10204081632583646,1.0,ga_meta,pl_rank,pl_rank,pl_rank,pl_rank,17,0.5884354566458428,120.66666662644444,0.5646258390994727,0,0,1,0.3452589977680824,38.95580088974695
8,12,597.1408862795797,1300.0,650.0,3232.0,9625.0,4944,4681.0,0.0,0.0,0,0,0.0,0.0,31.0,0.25806451612903225,81.25,269.33333331088886,0.42857142855612246,3882.0,0.2011138613860764,0.0795639284689682,0.0,0.0,0.0,0.0,ga_meta,ga_meta,ga_meta,rw_rank_bfs,rw_rank_bfs,7,0.0,1663.7142856548674,0.30167079098428234,2,0,1,0.0,2.4793920653067
2,1,1255.0103047129642,56.0,14.0,25.0,7982.0,4297,3685.0,0.0429844097995545,0.1661009278117221,10,52,80320.6595016297,48945.4018838056,31.0,0.06451612903225806,7.0,24.999999974999998,0.9999999989999999,39.0,0.5599999999776,0.23668356125083678,0.0429844097995545,0.1661009278117221,0.06802721088389098,0.0,ga_meta,mip,mip,pl_rank,mip,8,0.1045426688056383,38.999999961,0.27999998908000046,0,0,1,0.0071397503491452815,204.66666141880356
4,4,526.4155497029448,792.0,88.0,192.0,8265.0,1097,7168.0,0.6120933521923622,0.5113171529860921,17,36,251626.6327580076,147396.35391682453,20.0,0.2,22.0,47.999999988,0.6666666665555555,280.0,0.4583333333309462,0.20962035000478152,0.6120933521923622,0.5113171529860921,0.11564625850261466,1.0,ga_meta,mip,mip,rw_rank_bfs,mip,14,0.5617052525892272,186.66666663555554,0.45833332389930576,0,0,1,0.31297383020471203,29.517857037436226
2,1,268.79764281878835,168.0,28.0,28.0,8269.0,4332,3937.0,0.0351893095768374,0.1090744512333107,8,63,22579.00199677822,15052.667997852148,31.0,0.06451612903225806,14.0,27.999999971999998,0.9999999989999999,56.0,0.9999999999642857,0.2092378311179115,0.0351893095768374,0.1090744512333107,0.05442176870711278,0.0,ga_meta,mip,pl_rank,pl_rank,pl_rank,9,0.07213188040507405,55.999999943999995,0.4999999826428578,0,0,1,0.0038382546313726245,147.66071164891588
6,7,123.6328746668429,348.0,9.0,42.0,3608.0,956,2592.0,0.2033333333333333,0.928,14,16,0.0,0.0,,,1.5,5.999999999142857,0.46666666663555556,51.0,0.21428571428061227,0.6549679640432247,0.2033333333333333,0.928,0.09523809523744736,,ga_meta,mip,mip,pl_rank,mip,6,0.5656666666666667,23.799999998413334,0.24999995836905453,1,0,1,0.18869333333333332,70.74509665205693
2,1,278.1739498312324,33.0,11.0,0.0,7985.0,4326,3659.0,0.0365256124721603,0.1719846119031455,6,61,3059.9134481435563,3059.9134481435563,31.0,0.06451612903225806,5.5,0.0,0.9999999989999999,11.0,11000000000.0,0.23639667208568427,0.0365256124721603,0.1719846119031455,0.04081632653033459,0.0,ga_meta,ga_meta,sa_meta,pl_rank,rw_rank_bfs,10,0.1042551121876529,10.999999988999999,5500000.0,0,1,0,0.006281843285549181,725.9090249173614
8,12,1195.7599835880349,1596.0,798.0,2923.0,9625.0,4944,4681.0,0.0,0.0,0,0,0.0,0.0,31.0,0.25806451612903225,99.75,243.58333331303473,0.42857142855612246,3721.0,0.27300718439949606,0.0795639284689682,0.0,0.0,0.0,0.0,ga_meta,mip,ga_meta,rw_rank_bfs,rw_rank_bfs,5,0.0,1594.7142856573316,0.40951077495231636,2,0,1,0.0,2.586670249237659
4,4,484.6130654714875,1176.0,98.0,180.0,9246.0,1568,7678.0,0.4455445544554455,0.4765475865830378,13,36,220983.5578549983,134722.43220107353,20.0,0.2,24.5,44.99999998875,0.6666666665555555,278.0,0.5444444444414198,0.1158075929999044,0.4455445544554455,0.4765475865830378,0.08843537414905826,1.0,ga_meta,mip,ga_meta,rw_rank_bfs,pl_rank,18,0.4610460705192416,185.33333330244443,0.5444444324817904,0,0,1,0.2123231821409574,33.25899268611873
5,4,242.9607421584712,88.0,22.0,21.0,16564.0,2588,13976.0,0.064014466546112,0.0280945757997218,8,36,11176.194139289675,10447.31191281426,20.0,0.25,4.4,5.2499999986875,0.39999999996,43.0,1.047619047569161,-0.5840107105288324,0.064014466546112,0.0280945757997218,0.05442176870711278,1.0,ga_meta,pl_rank,rw_rank_bfs,pl_rank,rw_rank_bfs,9,0.0460545211729169,17.19999999828,0.8380950786676041,1,0,1,0.0017984592826584987,385.20929336722577
6,10,486.8442522757859,1544.0,772.0,2716.0,9659.0,4735,4924.0,0.0,0.0,0,0,0.0,0.0,31.0,0.1935483870967742,128.66666666666666,271.59999997284,0.6666666666222222,3488.0,0.2842415316641074,0.07631251793057281,0.0,0.0,0.0,0.0,ga_meta,ga_meta,ga_meta,pl_rank,pl_rank,7,0.0,2325.333333178311,0.4737358844101526,1,0,1,0.0,2.769208714802406
7,10,804.2089278609906,1258.0,629.0,2055.0,9202.0,4586,4616.0,0.0,0.0,0,0,0.0,0.0,31.0,0.22580645161290322,89.85714285714286,205.49999997945,0.47619047616780047,2684.0,0.3060827250606783,0.12001530075547484,0.0,0.0,0.0,0.0,ga_meta,ga_meta,ga_meta,rw_rank_bfs,d_round,6,0.0,1278.0952380343765,0.437261033717117,1,0,1,0.0,3.428464976367934
6,8,176.434940125889,2520.0,168.0,438.0,8232.0,1065,7167.0,0.5916411042944785,0.4759049360146252,14,36,236069.94988843947,106919.57371628874,20.0,0.3,28.0,54.74999999315625,0.5333333332977778,606.0,0.38356164383474073,0.2127761308214593,0.5916411042944785,0.4759049360146252,0.09523809523744736,1.0,ga_meta,mip,ga_meta,pl_rank,mcts,12,0.5337730201545519,323.1999999784533,0.5114155158371595,1,0,1,0.28156492188288595,13.584158393425481
9,18,87.83640277774298,1008.0,20.0,46.0,2556.0,652,1866.0,0.4566666666666666,0.9481666666666668,14,16,32315.706027216725,13583.437392721224,,,2.2222222222222223,2.55555555541358,0.49999999998611117,66.0,0.4347826086862004,0.755570431290045,0.4566666666666666,0.9481666666666668,0.09523809523744736,,d_round,mip,mip,pl_rank,mip,7,0.7024166666666667,32.999999999083336,0.8695648771750965,2,0,1,0.43299611111111114,38.72727214049588
6,9,1578.5477668292883,534.0,267.0,707.0,8388.0,1088,7300.0,0.5808936825885979,0.4921739130434782,7,32,0.0,0.0,20.0,0.3,44.5,78.55555554682716,0.59999999996,974.0,0.3776520509188435,0.19785789423352773,0.5808936825885979,0.4921739130434782,0.04761904761872368,1.0,ga_meta,ga_meta,ga_meta,rw_rank_bfs,ga_meta,10,0.536533797816038,584.39999996104,0.5664780692308308,1,0,1,0.2859007168218664,8.611909642082228
9,18,366.9669508367091,837.0,15.0,39.0,3013.0,795,2170.0,0.3375,0.9397222222222222,12,16,121537.41541183562,48256.15403502725,,,1.6666666666666667,2.166666666546296,0.49999999998611117,54.0,0.3846153846055227,0.7118676484651429,0.3375,0.9397222222222222,0.08163265306066918,,d_round,mip,mip,pl_rank,mip,7,0.6386111111111111,26.999999999250004,0.7692304142440823,2,0,1,0.31715625000000003,55.796295263031574
7,10,183.53655855558435,268.0,4.0,24.0,2671.0,586,1993.0,0.5116666666666667,0.9446388888888888,34,16,0.0,0.0,,,0.5714285714285714,2.39999999976,0.47619047616780047,28.0,0.1666666666597222,0.7445730132925313,0.5116666666666667,0.9446388888888888,0.23129251700522932,,ga_meta,mip,mip,rw_rank_bfs,mip,6,0.7281527777777778,13.333333332698412,0.2380951389127397,1,0,1,0.4833402314814815,95.39285373596951
3,3,291.61239571736553,48.0,12.0,24.0,8141.0,4296,3845.0,0.043207126948775,0.1298936410952704,9,63,19829.642908780857,10498.04624582516,31.0,0.0967741935483871,4.0,7.999999997333333,0.9999999996666666,36.0,0.49999999997916666,0.2214784354977527,0.043207126948775,0.1298936410952704,0.06122448979550188,0.0,ga_meta,pl_rank,ga_meta,pl_rank,pl_rank,5,0.0865503840220227,35.999999988,0.4999999376666745,0,0,1,0.005612331040641966,226.13888260725327
5,6,212.63117042815423,910.0,455.0,1126.0,9659.0,4735,4924.0,0.0,0.0,0,0,0.0,0.0,31.0,0.16129032258064516,91.0,187.66666663538888,0.59999999994,1581.0,0.4040852575484866,0.07631251793057281,0.0,0.0,0.0,0.0,ga_meta,mip,mip,pl_rank,rw_rank_bfs,9,0.0,948.59999990514,0.48490230655558275,1,0,1,0.0,6.1094244110629825
3,2,816.7489321905367,150.0,30.0,15.0,8452.0,4389,4063.0,0.0224944320712694,0.080561212944105,5,41,40837.44660952683,36753.701948574155,31.0,0.0967741935483871,10.0,7.49999999625,0.6666666664444444,45.0,1.9999999998666667,0.19173759204360719,0.0224944320712694,0.080561212944105,0.03401360544194549,0.0,ga_meta,mip,mip,pl_rank,mip,9,0.0515278225076872,29.99999999,1.3333331562222457,0,1,0,0.0018121787321502389,187.82221804839517
5,7,1596.8809415426904,1108.0,554.0,1832.0,9202.0,4586,4616.0,0.0,0.0,0,0,0.0,0.0,31.0,0.16129032258064516,110.8,261.71428567689793,0.69999999993,2386.0,0.30240174672472575,0.12001530075547484,0.0,0.0,0.0,0.0,ga_meta,ga_meta,sa_meta,rw_rank_bfs,sa_meta,2,0.0,1670.19999983298,0.4233624438576763,1,0,1,0.0,3.856663870973737
8,11,430.1618763584557,1562.0,781.0,2749.0,17304.0,2649,14655.0,0.0,0.0,0,0,0.0,0.0,20.0,0.4,97.625,249.9090908863719,0.39285714284311224,3530.0,0.28410331029454927,-0.6547767045997896,0.0,0.0,0.0,1.0,ga_meta,mip,ga_meta,pl_rank,pl_rank,8,0.0,1386.785714236186,0.3906420501275236,2,0,1,0.0,4.901983001444197
7,10,144.84484462480526,232.0,16.0,12.0,2556.0,652,1866.0,0.4566666666666666,0.9481666666666668,1,16,53289.5618493971,22399.492879938633,,,2.2857142857142856,1.19999999988,0.47619047616780047,28.0,1.3333333332222221,0.755570431290045,0.4566666666666666,0.9481666666666668,0.0068027210883890975,,d_round,mip,mip,pl_rank,mip,7,0.7024166666666667,13.333333332698412,1.9047603176521162,1,1,0,0.43299611111111114,91.28571102551032
8,14,439.2943267319801,480.0,18.0,24.0,2671.0,586,1993.0,0.5116666666666667,0.9446388888888888,25,16,150321.769479827,59007.913617782186,,,2.25,1.7142857141632653,0.49999999998214284,42.0,0.74999999996875,0.7445730132925313,0.5116666666666667,0.9446388888888888,0.17006802720972744,,d_round,mip,mip,rw_rank_bfs,mip,7,0.7281527777777778,20.99999999925,1.3124992344691966,2,1,0,0.4833402314814815,63.5952365810658
7,12,137.7639703090671,1446.0,723.0,3002.0,9202.0,4586,4616.0,0.0,0.0,0,0,0.0,0.0,31.0,0.22580645161290322,103.28571428571429,250.16666664581945,0.5714285714013605,3725.0,0.2408394403730044,0.12001530075547484,0.0,0.0,0.0,0.0,ga_meta,ga_meta,ga_meta,rw_rank_bfs,ga_meta,7,0.0,2128.571428470068,0.4128676104521805,1,0,1,0.0,2.4703355698066214
9,18,150.85367103816003,711.0,15.0,32.0,3121.0,919,2202.0,0.2341666666666666,0.9388333333333332,8,16,48805.59945352236,19395.788910097544,,,1.6666666666666667,1.7777777776790122,0.49999999998611117,47.0,0.4687499999853516,0.701539638519652,0.2341666666666666,0.9388333333333332,0.05442176870711278,,d_round,mip,mip,rw_rank_bfs,mip,7,0.5864999999999999,23.499999999347224,0.9374994727086301,2,0,1,0.21984347222222214,66.40425390629247
4,4,205.6257816899941,732.0,366.0,1145.0,9625.0,4944,4681.0,0.0,0.0,0,0,0.0,0.0,31.0,0.12903225806451613,91.5,286.2499999284375,0.6666666665555555,1511.0,0.3196506550215549,0.0795639284689682,0.0,0.0,0.0,0.0,ga_meta,mip,mip,rw_rank_bfs,pl_rank,8,0.0,1007.3333331654444,0.3196506539850632,0,0,1,0.0,6.369953668848475
3,2,116.5811713471593,93.0,31.0,37.0,8522.0,4652,3870.0,0.0455478046778826,0.1641468682505399,9,63,12241.022991451726,7927.519651606833,31.0,0.0967741935483871,10.333333333333334,18.49999999075,0.6666666664444444,68.0,0.8378378378151936,0.1850435115233815,0.0455478046778826,0.1641468682505399,0.06122448979550188,0.0,ga_meta,pl_rank,ga_meta,pl_rank,pl_rank,3,0.10484733646421125,45.333333318222216,0.5585585286454849,0,0,1,0.00747652949356172,125.32352756877165
8,13,233.14850946734663,1154.0,577.0,3697.0,9202.0,4586,4616.0,0.0,0.0,0,0,0.0,0.0,31.0,0.25806451612903225,72.125,284.3846153627396,0.4642857142691327,4274.0,0.15607249120904623,0.12001530075547484,0.0,0.0,0.0,0.0,ga_meta,sa_meta,ga_meta,rw_rank_bfs,d_round,5,0.0,1984.357142786273,0.25361779734246515,2,0,1,0.0,2.1530182493792656
10,22,188.83979939579305,886.0,16.0,33.0,2556.0,652,1866.0,0.4566666666666666,0.9481666666666668,47,16,0.0,0.0,,,1.6,1.499999999931818,0.48888888887802473,49.0,0.4848484848337925,0.755570431290045,0.4566666666666666,0.9481666666666668,0.31972789115428757,,mip,mip,mip,pl_rank,mip,1,0.7024166666666667,23.95555555502321,1.0666659556045146,2,1,0,0.43299611111111114,52.16326424156604
4,3,145.12956347279084,912.0,456.0,1018.0,9659.0,4735,4924.0,0.0,0.0,0,0,0.0,0.0,31.0,0.12903225806451613,114.0,339.3333332202222,0.49999999991666666,1474.0,0.4479371316302083,0.07631251793057281,0.0,0.0,0.0,0.0,ga_meta,mip,mip,pl_rank,pl_rank,9,0.0,736.9999998771666,0.3359528478449327,0,0,1,0.0,6.55291722757604
3,3,115.39739575288432,378.0,27.0,36.0,16560.0,2626,13934.0,0.0502712477396021,0.0310152990264256,6,36,7385.433328184597,7270.035932431712,20.0,0.15,9.0,11.999999996,0.9999999996666666,63.0,0.7499999999791668,-0.5836281916419623,0.0502712477396021,0.0310152990264256,0.04081632653033459,1.0,ga_meta,ga_meta,pso_meta,pl_rank,pso_meta,18,0.04064327338301385,62.999999978999995,0.7499999377500053,0,0,1,0.0015591777810752812,262.85713868480735
2,1,988.0844697950572,51.0,17.0,30.0,16569.0,2544,14025.0,0.0799276672694394,0.0246870653685674,9,36,46439.9700803677,46439.9700803677,20.0,0.1,8.5,29.999999969999998,0.9999999989999999,47.0,0.5666666666477778,-0.58448885913742,0.0799276672694394,0.0246870653685674,0.06122448979550188,1.0,ga_meta,ga_meta,ga_meta,pl_rank,ga_meta,14,0.0523073663190034,46.999999953,0.2833333241722225,0,0,1,0.0019731795466377553,352.53190739293814
5,5,1082.8818200709866,2223.0,171.0,375.0,9482.0,1303,8179.0,0.4980739599383667,0.4310260869565218,6,29,1070970.1200502056,591253.4737587586,20.0,0.25,34.2,74.999999985,0.49999999995,546.0,0.455999999998784,0.09323897867457209,0.4980739599383667,0.4310260869565218,0.04081632653033459,1.0,ga_meta,ga_meta,mip,rw_rank_bfs,mip,17,0.4645500234474442,272.9999999727,0.4559999940112001,1,0,1,0.2146828699671736,17.366300334493957
4,4,210.50790096529104,981.0,109.0,169.0,6723.0,1030,5693.0,0.6357850070721358,0.6118761930733569,15,36,142934.86475543262,58521.19646835091,20.0,0.2,27.25,42.2499999894375,0.6666666665555555,278.0,0.6449704141973671,0.35708138089318164,0.6357850070721358,0.6118761930733569,0.10204081632583646,1.0,ga_meta,pso_meta,pl_rank,rw_rank_bfs,pl_rank,16,0.6238306000727464,185.33333330244443,0.6449703990968545,0,0,1,0.3890217097404158,24.183453150419233
7,11,597.1408862795797,356.0,178.0,556.0,8378.0,1292,7086.0,0.5431400282885431,0.5169075538587401,15,36,0.0,0.0,20.0,0.35,25.428571428571427,50.5454545408595,0.5238095237845805,734.0,0.3201438848915105,0.1988141914507029,0.5431400282885431,0.5169075538587401,0.10204081632583646,1.0,ga_meta,ga_meta,mip,rw_rank_bfs,sa_meta,10,0.5300237910736416,384.47619045788207,0.5030832377802135,1,0,1,0.28075318342539773,11.414168921779062
5,6,1535.8744741013609,60.0,30.0,78.0,8881.0,4739,4142.0,0.0276979893311448,0.1053995680345571,5,33,0.0,0.0,31.0,0.16129032258064516,6.0,12.999999997833333,0.59999999994,108.0,0.38461538461045364,0.1507124414267954,0.0276979893311448,0.1053995680345571,0.03401360544194549,0.0,mip,mip,mip,pl_rank,mip,5,0.06654877868285095,64.79999999352,0.4615384261124288,1,0,1,0.0029193561109284332,82.23148072007888
4,5,13.73719456498983,660.0,330.0,1210.0,9625.0,4944,4681.0,0.0,0.0,0,0,0.0,0.0,31.0,0.12903225806451613,82.5,241.9999999516,0.8333333331944445,1540.0,0.27272727272704733,0.0795639284689682,0.0,0.0,0.0,0.0,ga_meta,mip,mip,rw_rank_bfs,mip,6,0.0,1283.3333331194444,0.3409090895685575,0,0,1,0.0,6.249999995941558
8,19,858.2087730001672,1932.0,966.0,4977.0,9659.0,4735,4924.0,0.0,0.0,0,0,0.0,0.0,31.0,0.25806451612903225,120.75,261.9473684072659,0.6785714285471939,5943.0,0.1940928270041804,0.07631251793057281,0.0,0.0,0.0,0.0,ga_meta,ga_meta,ga_meta,pl_rank,pl_rank,8,0.0,4032.7499998559733,0.46097046239949996,2,0,1,0.0,1.6252734306536643
3,3,500.24845641318694,308.0,22.0,39.0,8089.0,4268,3821.0,0.0494432071269488,0.1353247341027381,9,63,45022.361077186826,30515.155841204403,31.0,0.0967741935483871,7.333333333333333,12.999999995666666,0.9999999996666666,61.0,0.5641025640881,0.2264511810270632,0.0494432071269488,0.1353247341027381,0.06122448979550188,0.0,ga_meta,rw_rank_bfs,ga_meta,pl_rank,pl_rank,4,0.09238397061484345,60.99999997966667,0.5641025208980966,0,0,1,0.006690888857640952,132.60655520317124
7,10,317.7555547967375,229.0,17.0,11.0,3608.0,956,2592.0,0.2033333333333333,0.928,0,16,97876.2764858427,37585.94276738552,,,2.4285714285714284,1.09999999989,0.47619047616780047,28.0,1.5454545453140496,0.6549679640432247,0.2033333333333333,0.928,0.0,,d_round,mip,mip,pl_rank,mip,7,0.5656666666666667,13.333333332698412,2.2077902009309858,1,1,0,0.18869333333333332,128.8571382551022
8,14,494.8534969933008,1330.0,665.0,3258.0,9659.0,4735,4924.0,0.0,0.0,0,0,0.0,0.0,31.0,0.25806451612903225,83.125,232.71428569766326,0.49999999998214284,3923.0,0.20411295273167462,0.07631251793057281,0.0,0.0,0.0,0.0,sa_meta,rw_rank_bfs,sa_meta,pl_rank,rw_rank_bfs,2,0.0,1961.4999999299464,0.357197665771135,2,0,1,0.0,2.462146315966825
4,3,661.9960105143458,888.0,444.0,905.0,17304.0,2649,14655.0,0.0,0.0,0,0,0.0,0.0,20.0,0.2,111.0,301.6666665661111,0.49999999991666666,1349.0,0.4906077348060877,-0.6547767045997896,0.0,0.0,0.0,1.0,ga_meta,ga_meta,ga_meta,pl_rank,pl_rank,14,0.0,674.4999998875833,0.36795580000788136,0,0,1,0.0,12.827279456762579
3,2,357.8410765199365,40.0,20.0,48.0,7606.0,4248,3358.0,0.0538975501113585,0.2400995700384702,10,63,0.0,0.0,31.0,0.0967741935483871,6.666666666666667,23.999999988,0.6666666664444444,68.0,0.41666666665798613,0.27264033661662046,0.0538975501113585,0.2400995700384702,0.06802721088389098,0.0,pl_rank,rw_rank_bfs,pl_rank,pl_rank,pl_rank,2,0.14699856007491435,45.333333318222216,0.2777777663425931,0,0,1,0.012940778607864079,111.85293953157442
3,2,438.4387132813886,1500.0,100.0,112.0,9500.0,1513,7987.0,0.464992927864215,0.4554813198800109,11,34,92949.00721565438,92949.00721565438,20.0,0.15,33.333333333333336,55.999999972,0.6666666664444444,212.0,0.8928571428491708,0.09151764368365689,0.464992927864215,0.4554813198800109,0.07482993197228008,1.0,ga_meta,ga_meta,ga_meta,rw_rank_bfs,pl_rank,14,0.4602371238721129,141.3333332862222,0.5952380849064629,0,0,1,0.21179559251846333,44.81132054334283
7,10,891.3554415166086,178.0,4.0,15.0,2671.0,586,1993.0,0.5116666666666667,0.9446388888888888,20,16,305012.19581194,119730.71741452823,,,0.5714285714285714,1.49999999985,0.47619047616780047,19.0,0.2666666666488889,0.7445730132925313,0.5116666666666667,0.9446388888888888,0.13605442176778196,,d_round,mip,mip,rw_rank_bfs,mip,7,0.7281527777777778,9.047619047188208,0.3809521270223915,1,0,1,0.4833402314814815,140.57893996952947
7,9,194.791706517122,1286.0,643.0,2379.0,9625.0,4944,4681.0,0.0,0.0,0,0,0.0,0.0,31.0,0.22580645161290322,91.85714285714286,264.33333330396295,0.42857142855102043,3022.0,0.27028163093725505,0.0795639284689682,0.0,0.0,0.0,0.0,ga_meta,mip,ga_meta,rw_rank_bfs,rw_rank_bfs,6,0.0,1295.1428570811838,0.34750495278629606,1,0,1,0.0,3.184976835478168
8,12,1687.1257134326838,1624.0,812.0,3212.0,9659.0,4735,4924.0,0.0,0.0,0,0,0.0,0.0,31.0,0.25806451612903225,101.5,267.6666666443611,0.42857142855612246,4024.0,0.2528019925279412,0.07631251793057281,0.0,0.0,0.0,0.0,ga_meta,ga_meta,ga_meta,pl_rank,pl_rank,7,0.0,1724.5714285098368,0.3792029874069316,2,0,1,0.0,2.400347911928343
4,4,46.8779394453398,606.0,303.0,1257.0,17304.0,2649,14655.0,0.0,0.0,0,0,0.0,0.0,20.0,0.2,75.75,314.2499999214375,0.6666666665555555,1560.0,0.2410501193315505,-0.6547767045997896,0.0,0.0,0.0,1.0,ga_meta,mip,mip,pl_rank,mip,20,0.0,1039.9999998266667,0.24105011862493994,0,0,1,0.0,11.092307685197238
8,12,7.607975449502545,1722.0,861.0,3118.0,17304.0,2649,14655.0,0.0,0.0,0,0,0.0,0.0,20.0,0.4,107.625,259.8333333116806,0.42857142855612246,3979.0,0.2761385503527017,-0.6547767045997896,0.0,0.0,0.0,1.0,ga_meta,ga_meta,ga_meta,pl_rank,pso_meta,10,0.0,1705.2857142248113,0.4142078239695738,2,0,1,0.0,4.348831363571543
5,4,624.8642961706566,742.0,371.0,916.0,9625.0,4944,4681.0,0.0,0.0,0,0,0.0,0.0,31.0,0.16129032258064516,74.2,228.99999994275,0.39999999996,1287.0,0.4050218340606932,0.0795639284689682,0.0,0.0,0.0,0.0,ga_meta,rw_rank_bfs,ga_meta,rw_rank_bfs,rw_rank_bfs,8,0.0,514.79999994852,0.32401746591498926,1,0,1,0.0,7.478632472821575
10,26,486.00544566146226,646.0,323.0,2239.0,8621.0,1336,7285.0,0.485362095531587,0.4932173913043478,5,36,0.0,0.0,20.0,0.5,32.3,86.11538461207249,0.5777777777649383,2562.0,0.14426083072793913,0.17557616907334794,0.485362095531587,0.4932173913043478,0.03401360544194549,1.0,ga_meta,mip,mip,rw_rank_bfs,rw_rank_bfs,11,0.4892897434179674,1480.266666633772,0.37507815555170515,2,0,1,0.23938902659610098,3.3649492570784743
7,11,1527.4299023951885,604.0,302.0,878.0,6438.0,809,5629.0,0.688366718027735,0.6084173913043478,8,36,0.0,0.0,20.0,0.35,43.142857142857146,79.81818181092562,0.5238095237845805,1180.0,0.34396355353035996,0.3843358515826719,0.688366718027735,0.6084173913043478,0.05442176870711278,1.0,ga_meta,mip,ga_meta,rw_rank_bfs,pl_rank,12,0.6483920546660413,618.0952380658049,0.5405141488256444,1,0,1,0.41881428284317007,5.455932198766159
4,3,432.925455743392,50.0,8.0,6.0,2556.0,652,1866.0,0.4566666666666666,0.9481666666666668,20,16,159276.69300053926,66949.64317568534,,,2.0,1.9999999993333333,0.49999999991666666,14.0,1.333333333111111,0.755570431290045,0.4566666666666666,0.9481666666666668,0.13605442176778196,,d_round,mip,mip,pl_rank,mip,7,0.7024166666666667,6.999999998833333,0.999999500333583,0,1,0,0.43299611111111114,182.5714155306132
8,15,374.2900471713494,1436.0,718.0,3693.0,17304.0,2649,14655.0,0.0,0.0,0,0,0.0,0.0,20.0,0.4,89.75,246.19999998358668,0.5357142856951531,4411.0,0.19442187923092488,-0.6547767045997896,0.0,0.0,0.0,1.0,ga_meta,mip,ga_meta,pl_rank,pl_rank,8,0.0,2363.0357142013204,0.3645410221017153,2,0,1,0.0,3.9229199719059347
5,5,83.65703976097882,301.0,43.0,139.0,16410.0,2590,13820.0,0.0632911392405063,0.03894297635605,8,36,27272.194962079095,15225.581236498145,20.0,0.25,8.6,27.79999999444,0.49999999995,182.0,0.309352517983386,-0.5692837333843359,0.0632911392405063,0.03894297635605,0.05442176870711278,1.0,ga_meta,pl_rank,ga_meta,pl_rank,pl_rank,7,0.05111705779827815,90.9999999909,0.30935250691969396,1,0,1,0.0024647453389905053,90.16483466942398
6,5,462.2878075350213,1134.0,567.0,1227.0,9659.0,4735,4924.0,0.0,0.0,0,0,0.0,0.0,31.0,0.1935483870967742,94.5,245.39999995092,0.3333333333111111,1794.0,0.46210268948617594,0.07631251793057281,0.0,0.0,0.0,0.0,mip,rw_rank_bfs,mip,pl_rank,pl_rank,3,0.0,597.9999999601333,0.3850855730799284,1,0,1,0.0,5.384057968013345
5,7,392.6070615668273,1028.0,514.0,1560.0,9659.0,4735,4924.0,0.0,0.0,0,0,0.0,0.0,31.0,0.16129032258064516,102.8,222.8571428253061,0.69999999993,2074.0,0.32948717948696826,0.07631251793057281,0.0,0.0,0.0,0.0,ga_meta,ga_meta,ga_meta,pl_rank,pl_rank,8,0.0,1451.7999998548198,0.46128204927809335,1,0,1,0.0,4.657184182903961
7,14,21.469852536087064,1260.0,630.0,4219.0,9659.0,4735,4924.0,0.0,0.0,0,0,0.0,0.0,31.0,0.22580645161290322,90.0,301.35714283561737,0.6666666666349206,4849.0,0.14932448447495866,0.07631251793057281,0.0,0.0,0.0,0.0,ga_meta,mip,ga_meta,pl_rank,pl_rank,7,0.0,3232.66666651273,0.2986489679803068,1,0,1,0.0,1.9919571041468431
5,5,882.990015090164,60.0,30.0,84.0,8147.0,4397,3750.0,0.0207126948775056,0.1513917175831636,6,22,0.0,0.0,31.0,0.16129032258064516,6.0,16.79999999664,0.49999999995,114.0,0.35714285713860544,0.22090465716744767,0.0207126948775056,0.1513917175831636,0.04081632653033459,0.0,mip,mip,mip,pl_rank,rw_rank_bfs,3,0.0860522062303346,56.9999999943,0.35714283595578356,1,0,1,0.0031357304532815674,71.46491165381657
4,3,325.11330125276896,56.0,28.0,61.0,8043.0,4300,3743.0,0.0423162583518931,0.1529757863770083,7,63,0.0,0.0,31.0,0.12903225806451613,7.0,20.333333326555554,0.49999999991666666,89.0,0.4590163934350981,0.23085014822606864,0.0423162583518931,0.1529757863770083,0.04761904761872368,0.0,mcts,rw_rank_bfs,mcts,pl_rank,pl_rank,4,0.09764602236445069,44.499999992583334,0.3442622782657896,0,0,1,0.006473362897913492,90.37078550145185
6,7,803.2867844522009,1202.0,601.0,1851.0,9625.0,4944,4681.0,0.0,0.0,0,0,0.0,0.0,31.0,0.1935483870967742,100.16666666666667,264.4285713907959,0.46666666663555556,2452.0,0.3246893571040926,0.0795639284689682,0.0,0.0,0.0,0.0,ga_meta,rw_rank_bfs,ga_meta,rw_rank_bfs,rw_rank_bfs,7,0.0,1144.2666665903823,0.37880424857655515,1,0,1,0.0,3.925367045707436
5,5,195.59665491452856,369.0,41.0,77.0,15839.0,2479,13360.0,0.1034358047016275,0.0709318497913769,10,35,33447.027990384384,23080.40527991437,20.0,0.25,8.2,15.39999999692,0.49999999995,118.0,0.5324675324606173,-0.5146791622836377,0.1034358047016275,0.0709318497913769,0.06802721088389098,1.0,ga_meta,mip,ga_meta,pl_rank,pl_rank,8,0.0871838272465022,58.9999999941,0.5324674979982144,1,0,1,0.007336892962146038,134.22881242178974
3,2,176.434940125889,232.0,29.0,13.0,7784.0,4266,3518.0,0.0498886414253897,0.2038922833220185,10,63,8645.31206616856,7410.267485287338,31.0,0.0967741935483871,9.666666666666666,6.49999999675,0.6666666664444444,42.0,2.230769230597633,0.25561824615090367,0.0498886414253897,0.2038922833220185,0.06802721088389098,0.0,ga_meta,rw_rank_bfs,ga_meta,pl_rank,pl_rank,6,0.1268904623737041,27.999999990666666,1.4871792591262676,0,1,0,0.010171909012056146,185.33332892063504
4,3,433.447065390715,42.0,21.0,65.0,7935.0,4390,3545.0,0.022271714922049,0.1977823036886173,6,32,0.0,0.0,31.0,0.12903225806451613,5.25,21.666666659444445,0.49999999991666666,86.0,0.3230769230719526,0.24117815817155974,0.022271714922049,0.1977823036886173,0.04081632653033459,0.0,ga_meta,mip,ga_meta,pl_rank,ga_meta,5,0.11002700930533314,42.99999999283333,0.24230768120503007,0,0,1,0.004404951084379005,92.2674407875879
3,2,384.3056223065453,165.0,33.0,43.0,16080.0,2462,13618.0,0.1095840867992766,0.052990264255911,11,35,34587.50600758907,29207.22729529744,20.0,0.15,11.0,21.49999998925,0.6666666664444444,76.0,0.7674418604472688,-0.5377259252175577,0.1095840867992766,0.052990264255911,0.07482993197228008,1.0,ga_meta,mip,mip,pl_rank,rw_rank_bfs,17,0.0812871755275938,50.666666649777774,0.5116278834359124,0,0,1,0.0058068897177363556,211.57894458448757
7,9,169.90826139383,396.0,198.0,456.0,7434.0,1174,6260.0,0.5848656294200849,0.5732206163076083,16,36,0.0,0.0,20.0,0.35,28.285714285714285,50.666666661037034,0.42857142855102043,654.0,0.43421052631483725,0.2890886487520321,0.5848656294200849,0.5732206163076083,0.10884353741422556,1.0,ga_meta,mip,mip,rw_rank_bfs,sa_meta,10,0.5790431228638466,280.2857142723674,0.5582706657352594,1,0,1,0.33525703655331834,11.366972459683529
7,10,731.1508774831116,522.0,6.0,48.0,2671.0,586,1993.0,0.5116666666666667,0.9446388888888888,9,16,250191.92594091012,98211.3475970558,,,0.8571428571428571,4.79999999952,0.47619047616780047,54.0,0.12499999999739585,0.7445730132925313,0.5116666666666667,0.9446388888888888,0.06122448979550188,,d_round,mip,mip,rw_rank_bfs,mip,7,0.7281527777777778,25.714285713061226,0.1785713913869125,1,0,1,0.4833402314814815,49.462962046982184
2,1,568.2643114888076,52.0,13.0,13.0,8308.0,4350,3958.0,0.0311804008908685,0.1043222448517764,7,59,14774.872098708998,14774.872098708998,31.0,0.06451612903225806,6.5,12.999999986999999,0.9999999989999999,26.0,0.9999999999230769,0.20550827197092858,0.0311804008908685,0.1043222448517764,0.04761904761872368,0.0,ga_meta,ga_meta,ga_meta,pl_rank,pl_rank,7,0.06775132287132245,25.999999973999998,0.4999999620384645,0,0,1,0.0032528094163137306,319.53844924852115
2,1,965.9235620953574,32.0,4.0,5.0,8907.0,4743,4164.0,0.0268773081657776,0.1006479481641469,6,57,8693.312058858217,8693.312058858217,31.0,0.06451612903225806,2.0,4.999999995,0.9999999989999999,9.0,0.79999999984,0.14822606866214016,0.0268773081657776,0.1006479481641469,0.04081632653033459,0.0,ga_meta,ga_meta,ga_meta,pl_rank,pl_rank,8,0.06376262816496225,8.999999991,0.39999992040001586,0,0,1,0.002705145919060986,989.666556703716
6,7,306.0225506174574,332.0,166.0,367.0,8032.0,1217,6815.0,0.5696605374823196,0.5353831469866376,16,36,0.0,0.0,20.0,0.3,27.666666666666668,52.428571421081635,0.46666666663555556,533.0,0.4523160762930455,0.2319020751649613,0.5696605374823196,0.5353831469866376,0.10884353741422556,1.0,ga_meta,ga_meta,ga_meta,rw_rank_bfs,sa_meta,13,0.5525218422344786,248.7333333167511,0.5277020790202147,1,0,1,0.3049866512713837,15.069418358218728
7,10,720.3157176148519,409.0,17.0,29.0,3013.0,795,2170.0,0.3375,0.9397222222222222,4,16,238564.5639200522,94721.51686635302,,,2.4285714285714284,2.89999999971,0.47619047616780047,46.0,0.5862068965315101,0.7118676484651429,0.3375,0.9397222222222222,0.02721088435355639,,d_round,mip,mip,pl_rank,mip,7,0.6386111111111111,21.90476190371882,0.8374381349572932,1,0,1,0.31715625000000003,65.499998576087
8,15,1804.4704809777295,1444.0,722.0,4010.0,9202.0,4586,4616.0,0.0,0.0,0,0,0.0,0.0,31.0,0.25806451612903225,90.25,267.3333333155111,0.5357142856951531,4732.0,0.1800498753116758,0.12001530075547484,0.0,0.0,0.0,0.0,ga_meta,ga_meta,ga_meta,rw_rank_bfs,ga_meta,7,0.0,2534.9999999094643,0.33759351496916395,2,0,1,0.0,1.9446322903751831
5,6,3.708265666150897,1508.0,116.0,253.0,7661.0,976,6685.0,0.654879773691655,0.5442459776383965,19,36,3300.3564428742984,1368.350030809681,20.0,0.25,23.2,42.166666659638885,0.59999999994,369.0,0.4584980237136028,0.26738070192215746,0.654879773691655,0.5442459776383965,0.12925170067939284,1.0,ga_meta,pl_rank,ga_meta,rw_rank_bfs,rw_rank_bfs,12,0.5995628756650258,221.39999997785998,0.5501976155020329,1,0,1,0.35641568266842666,20.761517558911876
6,11,494.8462579974262,304.0,152.0,657.0,7828.0,1047,6781.0,0.5985429447852761,0.5041316270566727,13,36,0.0,0.0,20.0,0.3,25.333333333333332,59.72727272184297,0.7333333332844444,809.0,0.23135464231319428,0.2514105383953332,0.5985429447852761,0.5041316270566727,0.08843537414905826,1.0,ga_meta,pso_meta,ga_meta,pl_rank,pl_rank,7,0.5513372859209744,593.2666666271155,0.4241501705119454,1,0,1,0.30174442861789347,9.676143374936782
3,3,34.52768545536941,1079.0,83.0,107.0,10064.0,1432,8632.0,0.4509202453987729,0.3687751371115173,12,36,7319.869316538315,6560.260236520187,20.0,0.15,27.666666666666668,35.66666665477778,0.9999999996666666,190.0,0.7757009345721897,0.037582480634981374,0.4509202453987729,0.3687751371115173,0.08163265306066918,1.0,ga_meta,ga_meta,pl_rank,pl_rank,pl_rank,18,0.4098476912551451,189.99999993666665,0.7757009130893826,0,0,1,0.16628817532329151,52.96842077385042
6,9,96.4961211469287,1352.0,676.0,2734.0,9659.0,4735,4924.0,0.0,0.0,0,0,0.0,0.0,31.0,0.1935483870967742,112.66666666666667,303.77777774402466,0.59999999996,3410.0,0.24725676664219193,0.07631251793057281,0.0,0.0,0.0,0.0,ga_meta,ga_meta,ga_meta,pl_rank,pl_rank,6,0.0,2045.9999998636,0.37088514878372364,1,0,1,0.0,2.832551318817434
4,4,514.2434158630444,72.0,36.0,62.0,8604.0,4717,3887.0,0.0322117357406647,0.160475161987041,6,57,0.0,0.0,31.0,0.12903225806451613,9.0,15.499999996125,0.6666666665555555,98.0,0.5806451612809573,0.17720187434254564,0.0322117357406647,0.160475161987041,0.04081632653033459,0.0,mip,pl_rank,mip,pl_rank,pl_rank,4,0.09634344886385285,65.33333332244445,0.5806451239745082,0,0,1,0.005169183510866926,87.79591747147023
7,9,962.4698406299832,382.0,191.0,497.0,8612.0,1062,7550.0,0.5927914110429449,0.4478976234003656,14,36,0.0,0.0,20.0,0.35,27.285714285714285,55.22222221608642,0.42857142855102043,688.0,0.3843058350092871,0.1764368365688056,0.5927914110429449,0.4478976234003656,0.09523809523744736,1.0,ga_meta,ga_meta,sa_meta,pl_rank,pso_meta,10,0.5203445172216552,294.85714284310205,0.49410749326307213,1,0,1,0.26550986417828426,12.51744184227116
4,3,281.53908532485366,1128.0,94.0,90.0,8630.0,1212,7418.0,0.5714285714285714,0.4942732478865558,15,36,62501.67694211751,51803.19169977307,20.0,0.2,23.5,29.99999999,0.49999999991666666,184.0,1.0444444444328396,0.1747155015778904,0.5714285714285714,0.4942732478865558,0.10204081632583646,1.0,ga_meta,ga_meta,ga_meta,rw_rank_bfs,pl_rank,12,0.5328509096575635,91.99999998466666,0.7833333074833342,0,0,1,0.28244185593517473,46.90217365814036
3,2,724.6030157471803,355.0,71.0,103.0,7914.0,1180,6734.0,0.5827439886845828,0.5409053722388873,15,36,126080.92474000936,126080.92474000936,20.0,0.15,23.666666666666668,51.499999974249995,0.6666666664444444,174.0,0.689320388342822,0.24318638232762746,0.5827439886845828,0.5409053722388873,0.10204081632583646,1.0,ga_meta,ga_meta,mip,rw_rank_bfs,d_round,16,0.5618246804617351,115.99999996133333,0.45954691687287547,0,0,1,0.3152093541194082,45.48275835929449
4,4,721.9448878739046,602.0,86.0,119.0,6241.0,944,5297.0,0.6661951909476662,0.6388737387510226,16,36,347977.435955222,147998.70201415045,20.0,0.2,21.5,29.7499999925625,0.6666666665555555,205.0,0.7226890756241791,0.4031749067610213,0.6661951909476662,0.6388737387510226,0.10884353741422556,1.0,ga_meta,rw_rank_bfs,ga_meta,rw_rank_bfs,sa_meta,16,0.6525344648493444,136.66666664388887,0.7226890515188553,0,0,1,0.4256146123786869,30.44390229051755
3,2,4.242126642440242,330.0,22.0,30.0,8515.0,4650,3865.0,0.0459581452605663,0.1652267818574514,7,47,347.8543846800999,220.5905854068926,31.0,0.0967741935483871,7.333333333333333,14.9999999925,0.6666666664444444,52.0,0.7333333333088888,0.18571291957540403,0.0459581452605663,0.1652267818574514,0.04761904761872368,0.0,ga_meta,mip,ga_meta,pl_rank,pl_rank,7,0.10559246355900885,34.66666665511111,0.48888885654074293,0,0,1,0.007593516441540652,163.7499968509616
6,5,1474.3629474939034,872.0,109.0,247.0,7883.0,1111,6772.0,0.6071428571428572,0.5383146986637579,16,36,964233.3676610128,524873.2093078296,20.0,0.3,18.166666666666668,49.39999999012,0.3333333333111111,356.0,0.44129554655691783,0.24615090370087023,0.6071428571428572,0.5383146986637579,0.10884353741422556,1.0,ga_meta,ga_meta,mip,rw_rank_bfs,mip,16,0.5727287779033076,118.66666665875555,0.367746281428213,1,0,1,0.3268339241887102,22.14325836476613
5,5,654.6180364776343,1030.0,515.0,1205.0,17304.0,2649,14655.0,0.0,0.0,0,0,0.0,0.0,20.0,0.25,103.0,240.9999999518,0.49999999995,1720.0,0.4273858921158279,-0.6547767045997896,0.0,0.0,0.0,1.0,ga_meta,mip,ga_meta,pl_rank,pl_rank,13,0.0,859.999999914,0.42738589042827435,1,0,1,0.0,10.060465110429961
2,1,45.81784944342915,72.0,8.0,16.0,9464.0,4866,4598.0,0.0016413623307345,0.0069114470842333,1,2,1832.7139777371656,1099.6283866422996,31.0,0.06451612903225806,4.0,15.999999983999999,0.9999999989999999,24.0,0.49999999996875,0.09496031366548718,0.0016413623307345,0.0069114470842333,0.0068027210883890975,0.0,ga_meta,mip,mip,pl_rank,rw_rank_bfs,10,0.004276404707483901,23.999999975999998,0.24999998462500095,0,0,1,1.1344188894925335e-05,394.33331690277845
6,8,144.25635546413469,3480.0,232.0,601.0,9355.0,1409,7946.0,0.4572419106317411,0.4472347826086956,5,36,240331.0882032484,120165.5441016242,20.0,0.3,38.666666666666664,75.12499999060937,0.5333333332977778,833.0,0.38602329450850914,0.10538395333269579,0.4572419106317411,0.4472347826086956,0.03401360544194549,1.0,ga_meta,mip,sa_meta,rw_rank_bfs,d_round,14,0.45223834662021833,444.2666666370489,0.5146977192253216,1,0,1,0.20449448650097135,11.230492183396768
5,7,343.97173717590755,1090.0,545.0,1718.0,9202.0,4586,4616.0,0.0,0.0,0,0,0.0,0.0,31.0,0.16129032258064516,109.0,245.4285713935102,0.69999999993,2263.0,0.31722933643753365,0.12001530075547484,0.0,0.0,0.0,0.0,ga_meta,mip,mip,rw_rank_bfs,pl_rank,3,0.0,1584.0999998415898,0.4441210692666778,1,0,1,0.0,4.066283692414369
5,5,396.6218707440636,75.0,14.0,1.0,2556.0,652,1866.0,0.4566666666666666,0.9481666666666668,23,16,145920.31747203635,61335.4848270392,,,2.8,0.19999999996,0.49999999995,15.0,13.999999985999999,0.755570431290045,0.4566666666666666,0.9481666666666668,0.15646258503294924,,d_round,mip,mip,pl_rank,mip,7,0.7024166666666667,7.49999999925,13.999930003149968,1,1,0,0.43299611111111114,170.39998864000077
5,7,80.64590716764503,956.0,478.0,1954.0,9659.0,4735,4924.0,0.0,0.0,0,0,0.0,0.0,31.0,0.16129032258064516,95.6,279.1428571029796,0.69999999993,2432.0,0.24462640736937327,0.07631251793057281,0.0,0.0,0.0,0.0,ga_meta,ga_meta,ga_meta,pl_rank,rw_rank_bfs,9,0.0,1702.39999982976,0.34247696913933534,1,0,1,0.0,3.9716282878406135
8,17,433.93093109016246,506.0,253.0,1470.0,10284.0,1591,8693.0,0.3871340523882897,0.3952695652173913,4,36,0.0,0.0,20.0,0.4,31.625,86.47058823020761,0.6071428571211734,1723.0,0.17210884353729788,0.016543941857129152,0.3871340523882897,0.3952695652173913,0.02721088435355639,1.0,ga_meta,mip,d_round,rw_rank_bfs,d_round,15,0.3912018088028405,1046.1071428197818,0.3657312883089749,2,0,1,0.15302230856836604,5.968659311683888
5,6,157.2908413973881,872.0,436.0,1981.0,9625.0,4944,4681.0,0.0,0.0,0,0,0.0,0.0,31.0,0.16129032258064516,87.2,330.1666666116389,0.59999999994,2417.0,0.22009086320029272,0.0795639284689682,0.0,0.0,0.0,0.0,sa_meta,sa_meta,sa_meta,rw_rank_bfs,sa_meta,1,0.0,1450.19999985498,0.2641090350845764,1,0,1,0.0,3.9822093487868395
5,8,1551.279572706339,1236.0,103.0,394.0,7214.0,1052,6162.0,0.6280056577086279,0.5799018271066267,17,36,1507843.7446705615,770985.9476350505,20.0,0.25,20.6,49.24999999384375,0.79999999992,497.0,0.2614213197962908,0.31012718752988433,0.6280056577086279,0.5799018271066267,0.11564625850261466,1.0,ga_meta,mip,ga_meta,rw_rank_bfs,pl_rank,12,0.6039537424076273,397.59999996024004,0.418274103234536,1,0,1,0.3641816283385322,14.515090514054144
2,1,991.506912687122,128.0,16.0,2.0,8171.0,4320,3851.0,0.0378619153674832,0.1285358678434035,7,63,17847.124428368195,17847.124428368195,31.0,0.06451612903225806,8.0,1.9999999979999998,0.9999999989999999,18.0,7.999999996,0.21860954384622744,0.0378619153674832,0.1285358678434035,0.04761904761872368,0.0,ga_meta,ga_meta,ga_meta,pl_rank,pl_rank,7,0.08319889160544336,17.999999982,3.999998004000996,0,1,0,0.004866614149972949,453.94441922531
3,3,285.53880582204164,36.0,18.0,60.0,8261.0,4651,3610.0,0.0457529749692244,0.2203023758099351,8,56,0.0,0.0,31.0,0.0967741935483871,6.0,19.999999993333333,0.9999999996666666,78.0,0.29999999999500004,0.21000286889165154,0.0457529749692244,0.2203023758099351,0.05442176870711278,0.0,mip,mip,mip,pl_rank,pl_rank,4,0.13302767538957977,77.99999997399999,0.29999998510000075,0,0,1,0.010079489086092628,105.91025505243263
10,27,179.6469537355471,654.0,327.0,2025.0,9350.0,1166,8184.0,0.5508474576271186,0.4306782608695652,7,35,0.0,0.0,20.0,0.5,32.7,74.99999999722222,0.5999999999866668,2352.0,0.16148148148140173,0.10586210194128332,0.5508474576271186,0.4306782608695652,0.04761904761872368,1.0,ga_meta,ga_meta,mip,rw_rank_bfs,rw_rank_bfs,17,0.4907628592483419,1411.1999999686402,0.435999994202815,2,0,1,0.23723802505526895,3.9753401343642265
7,12,45.77384866795799,2820.0,188.0,491.0,8536.0,1246,7290.0,0.522239263803681,0.4669104204753199,12,36,68431.9037585972,31080.443245543476,20.0,0.35,26.857142857142858,40.91666666325695,0.5714285714013605,679.0,0.3828920570256968,0.18370469541933632,0.522239263803681,0.4669104204753199,0.08163265306066918,1.0,ga_meta,pso_meta,ga_meta,pl_rank,ga_meta,8,0.4945748421395004,387.9999999815238,0.6563863674866294,1,0,1,0.2438389542512982,12.571428552913948
9,18,363.911718695947,432.0,18.0,15.0,2556.0,652,1866.0,0.4566666666666666,0.9481666666666668,12,16,133885.99429549175,56277.03197149296,,,2.0,0.8333333332870371,0.49999999998611117,33.0,1.19999999992,0.755570431290045,0.4566666666666666,0.9481666666666668,0.08163265306066918,,d_round,mip,mip,pl_rank,mip,7,0.7024166666666667,16.499999999541668,2.399997120136789,2,1,0,0.43299611111111114,77.4545431074381
9,18,1021.8561496886632,234.0,20.0,3.0,2556.0,652,1866.0,0.4566666666666666,0.9481666666666668,31,16,0.0,0.0,,,2.2222222222222223,0.1666666666574074,0.49999999998611117,23.0,6.666666664444445,0.755570431290045,0.4566666666666666,0.9481666666666668,0.21088435374006204,,ga_meta,mip,mip,pl_rank,mip,6,0.7024166666666667,11.499999999680556,13.333253334554064,2,1,0,0.43299611111111114,111.13042995085087
6,7,469.5589550530273,1330.0,665.0,1935.0,9659.0,4735,4924.0,0.0,0.0,0,0,0.0,0.0,31.0,0.1935483870967742,110.83333333333333,276.42857138908164,0.46666666663555556,2600.0,0.3436692506458172,0.07631251793057281,0.0,0.0,0.0,0.0,mip,mip,mip,pl_rank,pl_rank,4,0.0,1213.3333332524444,0.40094745769381623,1,0,1,0.0,3.714999998571154
3,3,919.812316933456,90.0,30.0,32.0,8578.0,4708,3870.0,0.034058268362741,0.1641468682505399,7,63,137971.8475400184,57028.36364987427,31.0,0.0967741935483871,10.0,10.66666666311111,0.9999999996666666,62.0,0.9374999999707032,0.17968824710720088,0.034058268362741,0.1641468682505399,0.04761904761872368,0.0,ga_meta,pl_rank,ga_meta,pl_rank,pl_rank,7,0.09910256830664045,61.99999997933333,0.9374999124218834,0,0,1,0.005590558089780378,138.3548364781478
5,5,51.10652163271232,150.0,19.0,11.0,3013.0,795,2170.0,0.3375,0.9397222222222222,27,16,0.0,0.0,,,3.8,2.19999999956,0.49999999995,30.0,1.7272727271157025,0.7118676484651429,0.3375,0.9397222222222222,0.18367346938650564,,ga_meta,mip,mip,pl_rank,mip,6,0.6386111111111111,14.9999999985,1.727271942494571,1,1,0,0.31715625000000003,100.43332998555566
3,2,373.7234780013625,1056.0,96.0,125.0,6966.0,813,6153.0,0.6882668711656441,0.550054844606947,18,36,99784.16862636378,82592.88863830111,20.0,0.15,32.0,62.49999996875,0.6666666664444444,221.0,0.7679999999938559,0.3338433585158267,0.6882668711656441,0.550054844606947,0.12244897959100376,1.0,ga_meta,mip,ga_meta,pl_rank,pl_rank,15,0.6191608578862955,147.33333328422222,0.5119999920640002,0,0,1,0.37858452686712796,31.520361848324153
3,2,34.31870006671223,240.0,24.0,43.0,8231.0,4408,3823.0,0.0182628062360802,0.1348721430187824,5,35,4255.518808272317,2299.35290446972,31.0,0.0967741935483871,8.0,21.49999998925,0.6666666664444444,67.0,0.558139534870741,0.2128717605431768,0.0182628062360802,0.1348721430187824,0.03401360544194549,0.0,ga_meta,mip,mip,pl_rank,pl_rank,8,0.0765674746274313,44.666666651777774,0.372093006135209,0,0,1,0.0024631438145969195,122.85074443506352
4,5,18.00141464258402,856.0,428.0,1435.0,9202.0,4586,4616.0,0.0,0.0,0,0,0.0,0.0,31.0,0.12903225806451613,107.0,286.99999994259997,0.8333333331944445,1863.0,0.2982578397210465,0.12001530075547484,0.0,0.0,0.0,0.0,ga_meta,mip,ga_meta,rw_rank_bfs,pl_rank,4,0.0,1552.4999997412501,0.3728222984271001,0,0,1,0.0,4.939345139592407
10,22,56.88647468262327,824.0,12.0,32.0,2556.0,652,1866.0,0.4566666666666666,0.9481666666666668,46,16,0.0,0.0,,,1.2,1.4545454544793388,0.48888888887802473,44.0,0.3749999999882813,0.755570431290045,0.4566666666666666,0.9481666666666668,0.3129251700658985,,mip,mip,mip,pl_rank,mip,1,0.7024166666666667,21.511111110633088,0.8249994328503899,2,0,1,0.43299611111111114,58.09090777066119
6,7,2042.052219558653,1242.0,621.0,1569.0,9659.0,4735,4924.0,0.0,0.0,0,0,0.0,0.0,31.0,0.1935483870967742,103.5,224.14285711083673,0.46666666663555556,2190.0,0.3957934990437248,0.07631251793057281,0.0,0.0,0.0,0.0,ga_meta,mip,mip,pl_rank,mip,7,0.0,1021.9999999318667,0.4617590802238282,1,0,1,0.0,4.410502281091095
8,14,1102.845976788525,602.0,7.0,39.0,2556.0,652,1866.0,0.4566666666666666,0.9481666666666668,16,16,405745.7415392624,170549.32585783597,,,0.875,2.785714285515306,0.49999999998214284,46.0,0.17948717948257728,0.755570431290045,0.4566666666666666,0.9481666666666668,0.10884353741422556,,d_round,mip,mip,pl_rank,mip,7,0.7024166666666667,22.99999999917857,0.31410245137027387,2,0,1,0.43299611111111114,55.56521618336487
2,1,196.04926488179936,36.0,12.0,22.0,8324.0,4355,3969.0,0.0300668151447661,0.1018329938900203,7,63,6665.675005981178,6665.675005981178,31.0,0.06451612903225806,6.0,21.999999977999998,0.9999999989999999,34.0,0.545454545429752,0.2039781964234484,0.0300668151447661,0.1018329938900203,0.04761904761872368,0.0,ga_meta,ga_meta,rw_rank_bfs,pl_rank,rw_rank_bfs,8,0.0659499045173932,33.999999966,0.2727272606033063,0,0,1,0.003061793802929336,244.82352221107288
2,1,1542.7041794783074,147.0,21.0,14.0,8529.0,4687,3842.0,0.0383668444809192,0.170194384449244,8,63,75592.50479443706,53994.64628174076,31.0,0.06451612903225806,10.5,13.999999985999999,0.9999999989999999,35.0,1.499999999892857,0.18437410347135885,0.0383668444809192,0.170194384449244,0.05442176870711278,0.0,ga_meta,mcts,ga_meta,pl_rank,pl_rank,7,0.1042806144650816,34.999999965,0.7499999471785752,0,0,1,0.006529821479689918,243.68570732326552
4,4,510.0774073175585,312.0,24.0,59.0,7977.0,4333,3644.0,0.0349665924276169,0.1753790450328128,7,43,108646.48775863997,42336.424807357354,31.0,0.12903225806451613,6.0,14.7499999963125,0.6666666665555555,83.0,0.4067796610100546,0.2371617098594243,0.0349665924276169,0.1753790450328128,0.04761904761872368,0.0,ga_meta,mip,ga_meta,pl_rank,pl_rank,6,0.10517281873021485,55.33333332411111,0.40677963354036384,0,0,1,0.006132407588007035,96.10843257700684
2,0,335.1774487281022,22.0,11.0,4.0,2556.0,652,1866.0,0.4566666666666666,0.9481666666666668,50,16,0.0,0.0,,,5.5,3999999999.9999995,0.0,15.0,2.7499999993125,0.755570431290045,0.4566666666666666,0.9481666666666668,0.3401360544194549,,mip,mip,mip,pl_rank,mip,1,0.7024166666666667,0.0,1.375e-09,0,0,1,0.43299611111111114,170.39998864000077
2,1,605.7744500002178,16.0,4.0,10.0,8833.0,4704,4129.0,0.0348789495281083,0.108207343412527,7,50,14538.586800005229,8480.842300003049,31.0,0.06451612903225806,2.0,9.99999999,0.9999999989999999,14.0,0.39999999996,0.15530266806923587,0.0348789495281083,0.108207343412527,0.04761904761872368,0.0,ga_meta,mip,ga_meta,pl_rank,ga_meta,11,0.07154314647031765,13.999999985999999,0.19999998020000198,0,0,1,0.003774158469456211,630.9285263622481
7,12,889.8976594307727,1274.0,637.0,2950.0,9625.0,4944,4681.0,0.0,0.0,0,0,0.0,0.0,31.0,0.22580645161290322,91.0,245.83333331284723,0.5714285714013605,3587.0,0.2159322033897573,0.0795639284689682,0.0,0.0,0.0,0.0,mip,pl_rank,mip,rw_rank_bfs,pl_rank,2,0.0,2049.71428561668,0.370169490050497,1,0,1,0.0,2.683300807726986
4,3,142.99794003185966,372.0,31.0,51.0,16456.0,2539,13917.0,0.0817359855334538,0.0321974965229485,9,36,19018.726024237338,11725.831082612493,20.0,0.2,7.75,16.999999994333333,0.49999999991666666,82.0,0.6078431372429836,-0.5736827005833414,0.0817359855334538,0.0321974965229485,0.06122448979550188,1.0,ga_meta,rw_rank_bfs,ga_meta,pl_rank,ga_meta,12,0.05696674102820115,40.99999999316667,0.4558823262765298,0,0,1,0.002631694110013148,200.68292438191557
10,22,358.5110374050189,478.0,17.0,14.0,3013.0,795,2170.0,0.3375,0.9397222222222222,20,16,118736.86386055668,47144.201418759985,,,1.7,0.6363636363347107,0.48888888887802473,31.0,1.2142857141989796,0.7118676484651429,0.3375,0.9397222222222222,0.13605442176778196,,d_round,mip,mip,pl_rank,mip,7,0.6386111111111111,15.155555555218767,2.6714243735974126,2,1,0,0.31715625000000003,97.19354525182112
4,4,116.91427565457391,78.0,26.0,52.0,15445.0,2440,13005.0,0.1175406871609403,0.0956189151599443,11,34,13328.227424621427,9119.313501056766,20.0,0.2,6.5,12.99999999675,0.6666666665555555,78.0,0.49999999999038464,-0.477001051926939,0.1175406871609403,0.0956189151599443,0.07482993197228008,1.0,ga_meta,mip,sa_meta,pl_rank,sa_meta,9,0.1065798011604423,51.99999999133333,0.4999999616634645,0,0,1,0.011239112993483505,198.01281797419466
5,5,188.30412708765996,135.0,1.0,26.0,2556.0,652,1866.0,0.4566666666666666,0.9481666666666668,9,16,69278.57496707974,29120.24217975352,,,0.2,5.19999999896,0.49999999995,27.0,0.038461538460059175,0.755570431290045,0.4566666666666666,0.9481666666666668,0.06122448979550188,,d_round,mip,mip,pl_rank,mip,7,0.7024166666666667,13.49999999865,0.03846153107278248,1,0,1,0.43299611111111114,94.66666316049395
2,1,655.9278799349253,66.0,22.0,0.0,8106.0,4597,3509.0,0.0568321707016824,0.2421166306695464,10,56,14430.413358568356,14430.413358568356,31.0,0.06451612903225806,11.0,0.0,0.9999999989999999,22.0,22000000000.0,0.2248254757578655,0.0568321707016824,0.2421166306695464,0.06802721088389098,0.0,ga_meta,ga_meta,ga_meta,pl_rank,pl_rank,8,0.1494744006856144,21.999999977999998,11000000.0,0,1,0,0.013760013683927853,368.45452870661234
6,7,509.9525354497204,83.0,1.0,11.0,2556.0,652,1866.0,0.4566666666666666,0.9481666666666668,6,16,187615.56373302147,78861.47564658636,,,0.16666666666666666,1.5714285712040816,0.46666666663555556,12.0,0.09090909090082644,0.755570431290045,0.4566666666666666,0.9481666666666668,0.04081632653033459,,d_round,mip,mip,pl_rank,mip,7,0.7024166666666667,5.599999999626666,0.10606053858268756,1,0,1,0.43299611111111114,212.9999822500015
8,12,1917.6502648004457,1544.0,772.0,3704.0,9659.0,4735,4924.0,0.0,0.0,0,0,0.0,0.0,31.0,0.25806451612903225,96.5,308.66666664094447,0.42857142855612246,4476.0,0.20842332613385303,0.07631251793057281,0.0,0.0,0.0,0.0,ga_meta,mip,ga_meta,pl_rank,pl_rank,5,0.0,1918.285714217204,0.3126349882140605,2,0,1,0.0,2.1579535294553276
4,5,576.4840838307657,472.0,236.0,1164.0,9659.0,4735,4924.0,0.0,0.0,0,0,0.0,0.0,31.0,0.12903225806451613,59.0,232.79999995344,0.8333333331944445,1400.0,0.2027491408932966,0.07631251793057281,0.0,0.0,0.0,0.0,ga_meta,ga_meta,ga_meta,pl_rank,pl_rank,10,0.0,1166.6666664722222,0.25343642507888137,0,0,1,0.0,6.8992857093576525
5,6,401.5683932960822,1052.0,526.0,1305.0,9202.0,4586,4616.0,0.0,0.0,0,0,0.0,0.0,31.0,0.16129032258064516,105.2,217.49999996374999,0.59999999994,1831.0,0.403065134099308,0.12001530075547484,0.0,0.0,0.0,0.0,ga_meta,ga_meta,ga_meta,rw_rank_bfs,ga_meta,6,0.0,1098.59999989014,0.4836781587763457,1,0,1,0.0,5.025669030570361
5,5,681.9942765187208,333.0,37.0,108.0,8393.0,4681,3712.0,0.0395978662289699,0.1982721382289416,9,63,210736.23144428473,98889.17009521452,31.0,0.16129032258064516,7.4,21.59999999568,0.49999999995,145.0,0.34259259258942043,0.1973797456249402,0.0395978662289699,0.1982721382289416,0.06122448979550188,0.0,ga_meta,pl_rank,mcts,pl_rank,pl_rank,4,0.11893500222895576,72.49999999275,0.34259257680034366,1,0,1,0.00785115360652146,57.88275822149822
8,15,502.02558971926993,588.0,294.0,1326.0,10188.0,1531,8657.0,0.410246533127889,0.3977739130434783,4,36,0.0,0.0,20.0,0.4,36.75,88.39999999410666,0.5357142856951531,1620.0,0.22171945701340745,0.02572439514201008,0.410246533127889,0.3977739130434783,0.02721088435355639,1.0,ga_meta,ga_meta,rw_rank_bfs,rw_rank_bfs,rw_rank_bfs,15,0.4040102230856837,867.857142826148,0.4157239772254075,2,0,1,0.16318536879480136,6.288888885006858
8,14,206.364930195333,2080.0,1040.0,4472.0,9202.0,4586,4616.0,0.0,0.0,0,0,0.0,0.0,31.0,0.25806451612903225,130.0,319.4285714057551,0.49999999998214284,5512.0,0.2325581395348317,0.12001530075547484,0.0,0.0,0.0,0.0,mip,mip,mip,rw_rank_bfs,pl_rank,2,0.0,2755.9999999015713,0.4069767429410388,2,0,1,0.0,1.6694484757493742
4,3,285.8069954099447,758.0,379.0,882.0,17304.0,2649,14655.0,0.0,0.0,0,0,0.0,0.0,20.0,0.2,94.75,293.999999902,0.49999999991666666,1261.0,0.42970521541901396,-0.6547767045997896,0.0,0.0,0.0,1.0,ga_meta,mip,mcts,pl_rank,rw_rank_bfs,18,0.0,630.4999998949166,0.3222789105758654,0,0,1,0.0,13.722442495065469
6,7,503.7798405733904,1124.0,562.0,1986.0,9625.0,4944,4681.0,0.0,0.0,0,0,0.0,0.0,31.0,0.1935483870967742,93.66666666666667,283.7142856737551,0.46666666663555556,2548.0,0.28298086606229456,0.0795639284689682,0.0,0.0,0.0,0.0,mip,mip,mip,rw_rank_bfs,mip,1,0.0,1189.0666665873955,0.3301443426230226,1,0,1,0.0,3.777472525990003
8,11,277.08541503819794,588.0,294.0,870.0,10471.0,1474,8997.0,0.4322033898305084,0.3741217391304348,5,28,0.0,0.0,20.0,0.4,36.75,79.09090908371901,0.39285714284311224,1164.0,0.3379310344823702,-0.0013388161040450708,0.4322033898305084,0.3741217391304348,0.03401360544194549,1.0,ga_meta,mip,mip,rw_rank_bfs,rw_rank_bfs,12,0.4031625644804716,457.28571426938265,0.4646551665810841,2,0,1,0.16169668386145908,8.995704459625683
5,5,13.284201131548215,140.0,20.0,52.0,7816.0,4248,3568.0,0.0538975501113585,0.1925775062231274,11,63,2152.040583310811,956.4624814714716,31.0,0.16129032258064516,4.0,10.39999999792,0.49999999995,72.0,0.38461538460798816,0.2525580950559434,0.0538975501113585,0.1925775062231274,0.07482993197228008,0.0,ga_meta,rw_rank_bfs,ga_meta,pl_rank,pl_rank,3,0.12323752816724294,35.9999999964,0.3846153477100627,1,0,1,0.010379455791981462,108.55555404783954
4,3,68.97661468471253,698.0,349.0,508.0,9202.0,4586,4616.0,0.0,0.0,0,0,0.0,0.0,31.0,0.12903225806451613,87.25,169.33333327688888,0.49999999991666666,857.0,0.6870078740143957,0.12001530075547484,0.0,0.0,0.0,0.0,mip,mip,mip,rw_rank_bfs,pl_rank,2,0.0,428.49999992858335,0.5152559026407132,0,0,1,0.0,10.737456230177997
2,1,2.337215442006562,87.0,29.0,29.0,8337.0,4602,3735.0,0.0558063192449733,0.193304535637149,10,51,135.5584956363806,135.5584956363806,31.0,0.06451612903225806,14.5,28.999999970999998,0.9999999989999999,58.0,0.9999999999655173,0.20273501004112082,0.0558063192449733,0.193304535637149,0.06802721088389098,0.0,ga_meta,ga_meta,ga_meta,pl_rank,pl_rank,7,0.12455542744106116,57.999999941999995,0.49999998325862127,0,0,1,0.010787614627268054,143.74137683204523
7,12,77.1620805876966,332.0,166.0,563.0,8012.0,933,7079.0,0.6422546012269938,0.4823400365630713,17,36,0.0,0.0,20.0,0.35,23.714285714285715,46.916666662756946,0.5714285714013605,729.0,0.29484902309006245,0.23381466959931152,0.6422546012269938,0.4823400365630713,0.11564625850261466,1.0,ga_meta,mip,ga_meta,pl_rank,pl_rank,8,0.5622973188950325,416.5714285515918,0.5054554574239385,1,0,1,0.309785107838629,10.990397790136628
5,7,105.44076629047392,1040.0,520.0,1374.0,9625.0,4944,4681.0,0.0,0.0,0,0,0.0,0.0,31.0,0.16129032258064516,104.0,196.28571425767348,0.69999999993,1894.0,0.37845705967949167,0.0795639284689682,0.0,0.0,0.0,0.0,ga_meta,ga_meta,mip,rw_rank_bfs,mip,8,0.0,1325.79999986742,0.5298398809280356,1,0,1,0.0,5.081837378520677
4,4,762.4101824924626,882.0,441.0,1225.0,9625.0,4944,4681.0,0.0,0.0,0,0,0.0,0.0,31.0,0.12903225806451613,110.25,306.2499999234375,0.6666666665555555,1666.0,0.3599999999997061,0.0795639284689682,0.0,0.0,0.0,0.0,ga_meta,pl_rank,pl_rank,rw_rank_bfs,rw_rank_bfs,5,0.0,1110.6666664815555,0.3599999989144898,0,0,1,0.0,5.777310920901974
2,1,386.7745324892392,80.0,16.0,24.0,8601.0,4400,4201.0,0.020044543429844,0.0493324281511654,5,63,43318.74763879479,15470.981299569568,31.0,0.06451612903225806,8.0,23.999999975999998,0.9999999989999999,40.0,0.6666666666388888,0.17748876350769816,0.020044543429844,0.0493324281511654,0.03401360544194549,0.0,ga_meta,mcts,rw_rank_bfs,pl_rank,rw_rank_bfs,7,0.034688485790504694,39.99999996,0.33333331977777836,0,0,1,0.0009888459985756934,215.02499462437515
5,5,1117.023616872072,407.0,37.0,68.0,15542.0,2348,13194.0,0.1508137432188064,0.0824756606397775,14,36,154149.25912834593,117287.47977156757,20.0,0.25,7.4,13.59999999728,0.49999999995,105.0,0.5441176470508218,-0.4862771349335373,0.1508137432188064,0.0824756606397775,0.09523809523744736,1.0,ga_meta,sa_meta,mip,pl_rank,rw_rank_bfs,19,0.11664470192929194,52.49999999475,0.5441176071589996,1,0,1,0.01243846310552882,148.01904620934243
7,8,614.1324897539135,344.0,172.0,419.0,8665.0,1202,7463.0,0.574964639321075,0.4912053449686392,16,36,0.0,0.0,20.0,0.35,24.571428571428573,52.37499999345312,0.3809523809342404,591.0,0.41050119331644275,0.1713684613177776,0.574964639321075,0.4912053449686392,0.10884353741422556,1.0,ga_meta,ga_meta,mip,rw_rank_bfs,pl_rank,11,0.533084992144857,225.14285713213607,0.4691442120354328,1,0,1,0.28242570400247785,14.66159049972658
3,2,51.87535571270016,198.0,33.0,3.0,16533.0,2511,14022.0,0.0918625678119349,0.0248956884561891,10,36,1867.5128056572055,1867.5128056572055,20.0,0.15,11.0,1.49999999925,0.6666666664444444,36.0,10.999999996333333,-0.5810461891555896,0.0918625678119349,0.0248956884561891,0.06802721088389098,1.0,ga_meta,ga_meta,ga_meta,pl_rank,ga_meta,10,0.058379128134062,23.999999992,7.333328448114366,0,1,0,0.002286981869031476,459.24998724305595
7,11,100.4923215295006,304.0,152.0,527.0,8098.0,1127,6971.0,0.6014851485148515,0.5247477502045268,15,36,0.0,0.0,20.0,0.35,21.714285714285715,47.909090904735535,0.5238095237845805,679.0,0.28842504743778286,0.22559051353160564,0.6014851485148515,0.5247477502045268,0.10204081632583646,1.0,ga_meta,pl_rank,mip,rw_rank_bfs,mip,8,0.5631164493596892,355.66666664973013,0.45323935084103284,1,0,1,0.315627978464604,11.92636227993172
3,2,974.1829027389822,1095.0,73.0,105.0,9468.0,1299,8169.0,0.5406647807637907,0.4430733569675484,14,36,248416.64019844047,173404.55668753883,20.0,0.15,24.333333333333332,52.49999997375,0.6666666664444444,178.0,0.695238095231474,0.09457779477861716,0.5406647807637907,0.4430733569675484,0.09523809523744736,1.0,ga_meta,mip,mip,rw_rank_bfs,rw_rank_bfs,18,0.4918690688656695,118.6666666271111,0.4634920548953894,0,0,1,0.2395541594071363,53.19101093712915
5,4,34.426698475264274,570.0,38.0,50.0,7870.0,4352,3518.0,0.0307349665924275,0.2038922833220185,7,40,7849.287252360255,3029.549465823256,31.0,0.16129032258064516,7.6,12.499999996875,0.39999999996,88.0,0.7599999999848001,0.2473940900831979,0.0307349665924275,0.2038922833220185,0.04761904761872368,0.0,ga_meta,mip,ga_meta,pl_rank,pl_rank,4,0.117313624957223,35.19999999648,0.6079999515120039,1,0,1,0.006266622516356001,89.43181716554753
6,9,92.72736882716204,2142.0,153.0,409.0,8098.0,1127,6971.0,0.6014851485148515,0.5247477502045268,15,36,114240.11839506363,52112.78128086507,20.0,0.3,25.5,45.44444443939506,0.59999999996,562.0,0.3740831295834375,0.22559051353160564,0.6014851485148515,0.5247477502045268,0.10204081632583646,1.0,ga_meta,rw_rank_bfs,ga_meta,rw_rank_bfs,ga_meta,9,0.5631164493596892,337.19999997752,0.5611246820913884,1,0,1,0.315627978464604,14.409252643399906
6,7,1676.4984242495714,318.0,4.0,42.0,3013.0,795,2170.0,0.3375,0.9397222222222222,9,16,555246.9642313233,220459.54278881865,,,0.6666666666666666,5.999999999142857,0.46666666663555556,46.0,0.09523809523582767,0.7118676484651429,0.3375,0.9397222222222222,0.06122448979550188,,d_round,mip,mip,pl_rank,mip,7,0.6386111111111111,21.466666665235557,0.11111109260846869,1,0,1,0.31715625000000003,65.499998576087
7,11,428.71755696420576,1388.0,694.0,2781.0,9202.0,4586,4616.0,0.0,0.0,0,0,0.0,0.0,31.0,0.22580645161290322,99.14285714285714,252.81818179519834,0.5238095237845805,3475.0,0.24955052139509185,0.12001530075547484,0.0,0.0,0.0,0.0,ga_meta,ga_meta,ga_meta,rw_rank_bfs,ga_meta,7,0.0,1820.2380951514172,0.3921508178198175,1,0,1,0.0,2.648057553194804
5,4,125.54595924754403,459.0,51.0,67.0,8304.0,4364,3940.0,0.0280623608017817,0.1083955646073772,6,63,45698.72916610603,14814.423191210197,31.0,0.16129032258064516,10.2,16.749999995812498,0.39999999996,118.0,0.7611940298393851,0.2058907908577986,0.0280623608017817,0.1083955646073772,0.04081632653033459,0.0,ga_meta,rw_rank_bfs,ga_meta,pl_rank,pl_rank,4,0.06822896270457945,47.19999999528,0.6089551876773022,1,0,1,0.0030418354433250578,70.37288075955186
2,1,354.24969922307616,45.0,15.0,22.0,15998.0,2547,13451.0,0.0788426763110307,0.0646036161335187,8,33,13107.238871253818,13107.238871253818,20.0,0.1,7.5,21.999999977999998,0.9999999989999999,37.0,0.6818181817871901,-0.5298842880367218,0.0788426763110307,0.0646036161335187,0.05442176870711278,1.0,ga_meta,ga_meta,ga_meta,pl_rank,pl_rank,15,0.0717231462222747,36.99999996299999,0.34090907575413293,0,0,1,0.005093521995337096,432.3783666924766
6,7,1116.8831627245718,322.0,161.0,331.0,7057.0,1167,5890.0,0.5873408769448374,0.5984455958549223,15,36,0.0,0.0,20.0,0.3,26.833333333333332,47.28571427895918,0.46666666663555556,492.0,0.4864048338353885,0.3251410538395333,0.5873408769448374,0.5984455958549223,0.10204081632583646,1.0,ga_meta,ga_meta,ga_meta,rw_rank_bfs,ga_meta,12,0.5928932363998798,229.59999998469334,0.5674722942231438,1,0,1,0.3514915610732058,14.343495905805902
4,3,208.9548769535943,882.0,441.0,905.0,17304.0,2649,14655.0,0.0,0.0,0,0,0.0,0.0,20.0,0.2,110.25,301.6666665661111,0.49999999991666666,1346.0,0.48729281767901955,-0.6547767045997896,0.0,0.0,0.0,1.0,ga_meta,ga_meta,ga_meta,pl_rank,pl_rank,17,0.0,672.9999998878333,0.3654696121699903,0,0,1,0.0,12.855869232647942
3,1,1442.9874414337132,52.0,11.0,19.0,2671.0,586,1993.0,0.5116666666666667,0.9446388888888888,14,16,493774.7025943849,193828.31307906905,,,3.6666666666666665,18.999999981,0.3333333332222222,30.0,0.5789473683905817,0.7445730132925313,0.5116666666666667,0.9446388888888888,0.09523809523744736,,d_round,mip,mip,rw_rank_bfs,mip,7,0.7281527777777778,9.999999996666666,0.19298244617636248,0,0,1,0.4833402314814815,89.03333036555566
2,1,1389.6102847197944,64.0,16.0,5.0,9060.0,4728,4332.0,0.0299548625359048,0.0643628509719222,6,63,29181.815979115683,29181.815979115683,31.0,0.06451612903225806,8.0,4.999999995,0.9999999989999999,21.0,3.19999999936,0.13359472123936122,0.0299548625359048,0.0643628509719222,0.04081632653033459,0.0,ga_meta,ga_meta,ga_meta,pl_rank,pl_rank,7,0.0471588567539135,20.999999979,1.5999996816000635,0,1,0,0.0019279803532828558,431.4285508843547
4,6,767.8517933578108,702.0,351.0,1275.0,9659.0,4735,4924.0,0.0,0.0,0,0,0.0,0.0,31.0,0.12903225806451613,87.75,212.49999996458334,0.9999999998333333,1626.0,0.2752941176468429,0.07631251793057281,0.0,0.0,0.0,0.0,ga_meta,pl_rank,ga_meta,pl_rank,pl_rank,6,0.0,1625.999999729,0.4129411745961592,0,0,1,0.0,5.9403443997906855
7,12,15.4631453588492,546.0,273.0,983.0,8475.0,1120,7355.0,0.5685670261941449,0.4883478260869565,7,34,0.0,0.0,20.0,0.35,39.0,81.91666665984027,0.5714285714013605,1256.0,0.27772126144427495,0.18953810844410446,0.5685670261941449,0.4883478260869565,0.04761904761872368,1.0,ga_meta,mip,mip,rw_rank_bfs,rw_rank_bfs,12,0.5284574261405507,717.7142856801088,0.47609358527556156,1,0,1,0.2776584712266363,6.74761145959585
6,9,53.86734405724127,1020.0,510.0,2313.0,17304.0,2649,14655.0,0.0,0.0,0,0,0.0,0.0,20.0,0.3,85.0,256.9999999714444,0.59999999996,2823.0,0.22049286640716798,-0.6547767045997896,0.0,0.0,0.0,1.0,ga_meta,mip,mip,pl_rank,mip,14,0.0,1693.7999998870798,0.33073929836072047,1,0,1,0.0,6.12964930707416
4,4,451.16016674856326,1001.0,91.0,244.0,7330.0,1074,6256.0,0.5881901840490797,0.5425228519195613,14,36,360928.1333988506,151138.6558607687,20.0,0.2,22.75,60.99999998475,0.6666666665555555,335.0,0.3729508196706027,0.2990341398106532,0.5881901840490797,0.5425228519195613,0.09523809523744736,1.0,ga_meta,ga_meta,ga_meta,pl_rank,mcts,9,0.5653565179843205,223.3333332961111,0.37295081365142113,0,0,1,0.3191066161213984,21.880596949610158
7,9,337.8532089746779,1378.0,689.0,2134.0,17304.0,2649,14655.0,0.0,0.0,0,0,0.0,0.0,20.0,0.35,98.42857142857143,237.11111108476544,0.42857142855102043,2823.0,0.32286785379553756,-0.6547767045997896,0.0,0.0,0.0,1.0,ga_meta,mip,mip,pl_rank,mip,9,0.0,1209.8571427995307,0.41511581031842976,1,0,1,0.0,6.12964930707416
8,14,619.4407348935113,158.0,4.0,9.0,3608.0,956,2592.0,0.2033333333333333,0.928,1,16,190802.4949361275,73270.98978454676,,,0.5,0.6428571428112245,0.49999999998214284,13.0,0.4444444443950617,0.6549679640432247,0.2033333333333333,0.928,0.0068027210883890975,,d_round,mip,mip,pl_rank,mip,7,0.5656666666666667,6.499999999767857,0.7777765679586719,2,0,1,0.18869333333333332,277.53844018935075
3,3,150.76549617809516,224.0,16.0,60.0,8090.0,4406,3684.0,0.0187082405345211,0.1663272233536999,5,40,26383.961831166653,11458.177709535232,31.0,0.0967741935483871,5.333333333333333,19.999999993333333,0.9999999996666666,76.0,0.2666666666622222,0.22635555130534568,0.0187082405345211,0.1663272233536999,0.03401360544194549,0.0,ga_meta,mip,ga_meta,pl_rank,pl_rank,4,0.0925177319441105,75.99999997466666,0.26666665342222284,0,0,1,0.0031116897019400325,106.44736702042938
3,3,37.34791536408373,216.0,18.0,52.0,8798.0,4472,4326.0,0.0040089086859688,0.0210454854039375,1,3,4145.618605413294,2614.354075485862,31.0,0.0967741935483871,6.0,17.333333327555554,0.9999999996666666,70.0,0.34615384614718936,0.15864970832934877,0.0040089086859688,0.0210454854039375,0.0068027210883890975,0.0,ga_meta,mip,ga_meta,pl_rank,pl_rank,8,0.012527197044953151,69.99999997666666,0.34615382629881775,0,0,1,8.436942923627465e-05,125.68571249020411
8,15,117.64037259477386,1602.0,801.0,4282.0,9659.0,4735,4924.0,0.0,0.0,0,0,0.0,0.0,31.0,0.25806451612903225,100.125,285.4666666476356,0.5357142856951531,5083.0,0.18706212050439347,0.07631251793057281,0.0,0.0,0.0,0.0,mip,mip,mip,pl_rank,pl_rank,4,0.0,2723.0357141884633,0.35074147474054246,2,0,1,0.0,1.9002557541018579
3,2,284.2205951066925,910.0,70.0,58.0,8157.0,1118,7039.0,0.571319018404908,0.4852650822669104,13,36,51159.70711920465,36380.23617365664,20.0,0.15,23.333333333333332,28.9999999855,0.6666666664444444,128.0,1.2068965517033294,0.2199483599502725,0.571319018404908,0.4852650822669104,0.08843537414905826,1.0,ga_meta,ga_meta,sa_meta,pl_rank,pl_rank,15,0.5282920503359092,85.33333330488888,0.8045976738069767,0,0,1,0.27724117046690816,63.726562002136234
5,5,238.2579106692564,852.0,426.0,1572.0,9202.0,4586,4616.0,0.0,0.0,0,0,0.0,0.0,31.0,0.16129032258064516,85.2,314.39999993712,0.49999999995,1998.0,0.27099236641204133,0.12001530075547484,0.0,0.0,0.0,0.0,pl_rank,pl_rank,pl_rank,rw_rank_bfs,pl_rank,1,0.0,998.9999999001,0.2709923656044772,1,0,1,0.0,4.605605603300497
4,4,825.7807065489644,1573.0,121.0,166.0,8733.0,1204,7529.0,0.5742574257425743,0.4867057540223616,16,36,369123.97582738707,236999.0627795528,20.0,0.2,30.25,41.499999989624996,0.6666666665555555,287.0,0.7289156626462114,0.16486564024098693,0.5742574257425743,0.4867057540223616,0.10884353741422556,1.0,ga_meta,mip,ga_meta,rw_rank_bfs,rw_rank_bfs,16,0.530481589882468,191.33333330144444,0.728915645268599,0,0,1,0.27949439339897997,30.42857132254853
6,7,396.5411484508709,386.0,20.0,38.0,3013.0,795,2170.0,0.3375,0.9397222222222222,33,16,0.0,0.0,,,3.3333333333333335,5.4285714277959185,0.46666666663555556,58.0,0.5263157894598338,0.7118676484651429,0.3375,0.9397222222222222,0.22448979591684023,,ga_meta,mip,mip,pl_rank,mip,4,0.6386111111111111,27.066666664862222,0.6140349746953117,1,0,1,0.31715625000000003,51.94827496640905
3,3,735.3572427277143,1032.0,86.0,157.0,9488.0,1205,8283.0,0.5379601226993864,0.3942961608775137,14,36,319880.4005865557,178691.80998283456,20.0,0.15,28.666666666666668,52.333333315888886,0.9999999996666666,243.0,0.5477707006334537,0.09266520034426695,0.5379601226993864,0.3942961608775137,0.09523809523744736,1.0,ga_meta,ga_meta,rw_rank_bfs,pl_rank,rw_rank_bfs,16,0.4661281417884501,242.999999919,0.5477706903525771,0,0,1,0.21211561108556426,39.04526732903182
8,13,7.412060039130502,1514.0,757.0,2826.0,9659.0,4735,4924.0,0.0,0.0,0,0,0.0,0.0,31.0,0.25806451612903225,94.625,217.3846153678935,0.4642857142691327,3583.0,0.26786978060853933,0.07631251793057281,0.0,0.0,0.0,0.0,ga_meta,pl_rank,ga_meta,pl_rank,pl_rank,3,0.0,1663.5357142263024,0.43528839152012594,2,0,1,0.0,2.6957856537271043
2,1,584.3862908414336,48.0,16.0,13.0,16284.0,2575,13709.0,0.0687160940325497,0.0466620305980528,8,36,16947.202434401574,16947.202434401574,20.0,0.1,8.0,12.999999986999999,0.9999999989999999,29.0,1.2307692306745561,-0.5572343884479296,0.0687160940325497,0.0466620305980528,0.05442176870711278,1.0,ga_meta,ga_meta,ga_meta,pl_rank,pl_rank,15,0.05768906231530126,28.999999970999998,0.6153845686627255,0,0,1,0.003206432482325508,561.5172220166475
5,5,1018.147083774903,1180.0,590.0,1017.0,9202.0,4586,4616.0,0.0,0.0,0,0,0.0,0.0,31.0,0.16129032258064516,118.0,203.39999995931998,0.49999999995,1607.0,0.580137659783107,0.12001530075547484,0.0,0.0,0.0,0.0,ga_meta,ga_meta,ga_meta,rw_rank_bfs,pl_rank,5,0.0,803.49999991965,0.5801376570475042,1,0,1,0.0,5.7261978806930935
2,0,59.43565062306923,0.0,0.0,37.0,3013.0,795,2170.0,0.3375,0.9397222222222222,1,16,19684.757288301513,7815.788056933604,,,0.0,37000000000.0,0.0,37.0,0.0,0.7118676484651429,0.3375,0.9397222222222222,0.0068027210883890975,,d_round,mip,mip,pl_rank,mip,7,0.6386111111111111,0.0,0.0,0,0,1,0.31715625000000003,81.43243023155594
8,13,629.820589503524,1720.0,344.0,935.0,8621.0,1336,7285.0,0.485362095531587,0.4932173913043478,5,36,1743343.3917457543,805540.5339750072,20.0,0.4,43.0,71.92307691754438,0.4642857142691327,1279.0,0.3679144385022803,0.17557616907334794,0.485362095531587,0.4932173913043478,0.03401360544194549,1.0,ga_meta,pl_rank,ga_meta,rw_rank_bfs,ga_meta,10,0.4892897434179674,593.8214285502207,0.597860954300329,2,0,1,0.23938902659610098,6.7404221995774645
5,9,28.79645735471596,472.0,236.0,743.0,10284.0,1591,8693.0,0.3871340523882897,0.3952695652173913,4,36,0.0,0.0,20.0,0.25,47.2,82.55555554638272,0.89999999991,979.0,0.3176312247640409,0.016543941857129152,0.3871340523882897,0.3952695652173913,0.02721088435355639,1.0,ga_meta,mip,d_round,rw_rank_bfs,d_round,15,0.3912018088028405,881.09999991189,0.5717361977140972,1,0,1,0.15302230856836604,10.504596516338513
8,17,1343.105266177096,1688.0,844.0,4197.0,17304.0,2649,14655.0,0.0,0.0,0,0,0.0,0.0,20.0,0.4,105.5,246.88235292665397,0.6071428571211734,5041.0,0.2010960209673097,-0.6547767045997896,0.0,0.0,0.0,1.0,ga_meta,ga_meta,ga_meta,pl_rank,pl_rank,7,0.0,3060.6071427478355,0.4273290428498705,2,0,1,0.0,3.4326522508564463
8,14,1418.3200944992527,1750.0,875.0,4190.0,9202.0,4586,4616.0,0.0,0.0,0,0,0.0,0.0,31.0,0.25806451612903225,109.375,299.2857142643367,0.49999999998214284,5065.0,0.20883054892596445,0.12001530075547484,0.0,0.0,0.0,0.0,ga_meta,mip,ga_meta,rw_rank_bfs,pl_rank,4,0.0,2532.4999999095535,0.36545345942554336,2,0,1,0.0,1.8167818357716126
7,10,102.3635882092056,360.0,180.0,540.0,8783.0,1299,7484.0,0.5019171779141105,0.4527239488117002,12,36,0.0,0.0,20.0,0.35,25.714285714285715,53.9999999946,0.47619047616780047,720.0,0.33333333333271603,0.16008415415511146,0.5019171779141105,0.4527239488117002,0.08163265306066918,1.0,ga_meta,pl_rank,ga_meta,pl_rank,pl_rank,7,0.47732056336290535,342.8571428408163,0.47619046741975324,1,0,1,0.22722992676170078,12.198611094168596
4,4,385.4834146371833,910.0,455.0,974.0,9659.0,4735,4924.0,0.0,0.0,0,0,0.0,0.0,31.0,0.12903225806451613,113.75,243.499999939125,0.6666666665555555,1429.0,0.4671457905539352,0.07631251793057281,0.0,0.0,0.0,0.0,mip,mip,mip,pl_rank,mip,5,0.0,952.6666665078889,0.46714578875273804,0,0,1,0.0,6.759272213604428
2,1,155.3539176218793,90.0,18.0,26.0,7790.0,4322,3468.0,0.0374164810690422,0.2152070604209097,8,63,6835.57237536269,6835.57237536269,31.0,0.06451612903225806,9.0,25.999999973999998,0.9999999989999999,44.0,0.692307692281065,0.25504446782059864,0.0374164810690422,0.2152070604209097,0.05442176870711278,0.0,ga_meta,ga_meta,ga_meta,pl_rank,rw_rank_bfs,7,0.12631177074497596,43.999999955999996,0.34615383318639104,0,0,1,0.008052290902163188,177.0454505216943
3,2,0.20105286251478,284.0,71.0,104.0,13027.0,2148,10879.0,0.1763803680981595,0.2044606946983547,5,17,56.093748641623634,35.18425094008651,20.0,0.15,23.666666666666668,51.999999974,0.6666666664444444,175.0,0.6826923076857433,-0.2457683848140002,0.1763803680981595,0.2044606946983547,0.03401360544194549,1.0,ga_meta,mip,ga_meta,pl_rank,pl_rank,21,0.1904205313982571,116.66666662777777,0.45512819660330395,0,0,1,0.03606285259250121,74.43999957462857
5,5,607.8826789051379,84.0,42.0,74.0,8217.0,4353,3864.0,0.030512249443207,0.1255940257976917,5,63,0.0,0.0,31.0,0.16129032258064516,8.4,14.79999999704,0.49999999995,116.0,0.5675675675598977,0.21421057664722198,0.030512249443207,0.1255940257976917,0.03401360544194549,0.0,mcts,rw_rank_bfs,mcts,pl_rank,pl_rank,3,0.07805313762044934,57.999999994199996,0.5675675293319237,1,0,1,0.003832156243715744,70.83620628589478
6,8,300.7505950085731,1248.0,624.0,1486.0,17304.0,2649,14655.0,0.0,0.0,0,0,0.0,0.0,20.0,0.3,104.0,185.74999997678125,0.5333333332977778,2110.0,0.41991924629850613,-0.6547767045997896,0.0,0.0,0.0,1.0,ga_meta,mip,ga_meta,pl_rank,sa_meta,11,0.0,1125.333333258311,0.5598923254541462,1,0,1,0.0,8.200947863411873
4,6,1647.382103520985,918.0,459.0,1421.0,9659.0,4735,4924.0,0.0,0.0,0,0,0.0,0.0,31.0,0.12903225806451613,114.75,236.8333332938611,0.9999999998333333,1880.0,0.3230119634058248,0.07631251793057281,0.0,0.0,0.0,0.0,mcts,rw_rank_bfs,mcts,pl_rank,pl_rank,3,0.0,1879.9999996866666,0.4845179431440129,0,0,1,0.0,5.137765954713954
7,11,513.394598691001,382.0,191.0,514.0,7008.0,1122,5886.0,0.6032531824611033,0.5987182983365149,15,36,0.0,0.0,20.0,0.35,27.285714285714285,46.72727272302479,0.5238095237845805,705.0,0.37159533073857665,0.32982691020369126,0.6032531824611033,0.5987182983365149,0.10204081632583646,1.0,ga_meta,rw_rank_bfs,mip,rw_rank_bfs,pl_rank,12,0.600985740398809,369.2857142681292,0.583935507289596,1,0,1,0.3611787188691989,9.940425517815
5,5,433.85617643511296,140.0,17.0,11.0,2671.0,586,1993.0,0.5116666666666667,0.9446388888888888,39,16,0.0,0.0,,,3.4,2.19999999956,0.49999999995,28.0,1.5454545453140496,0.7445730132925313,0.5116666666666667,0.9446388888888888,0.26530612244717483,,ga_meta,mip,mip,rw_rank_bfs,mip,2,0.7281527777777778,13.9999999986,1.5454538432846163,1,1,0,0.4833402314814815,95.39285373596951
9,18,28.71896593801472,792.0,14.0,37.0,3013.0,795,2170.0,0.3375,0.9397222222222222,18,16,9511.561968859707,3776.5440208489354,,,1.5555555555555556,2.055555555441358,0.49999999998611117,51.0,0.37837837836815197,0.7118676484651429,0.3375,0.9397222222222222,0.12244897959100376,,d_round,mip,mip,pl_rank,mip,7,0.6386111111111111,25.49999999929167,0.7567563886470422,2,0,1,0.31715625000000003,59.07843021414843
9,18,23.76098342836328,657.0,7.0,33.0,3121.0,919,2202.0,0.2341666666666666,0.9388333333333332,17,16,7687.376991529297,3055.03350167912,,,0.7777777777777778,1.8333333332314814,0.49999999998611117,40.0,0.21212121211478424,0.701539638519652,0.2341666666666666,0.9388333333333332,0.11564625850261466,,d_round,mip,mip,rw_rank_bfs,mip,7,0.5864999999999999,19.999999999444448,0.4242421928611608,2,0,1,0.21984347222222214,78.02499804937506
8,14,407.50758511735296,1554.0,777.0,3924.0,9659.0,4735,4924.0,0.0,0.0,0,0,0.0,0.0,31.0,0.25806451612903225,97.125,280.28571426569385,0.49999999998214284,4701.0,0.19801223241585167,0.07631251793057281,0.0,0.0,0.0,0.0,ga_meta,ga_meta,ga_meta,pl_rank,pl_rank,8,0.0,2350.4999999160536,0.3465214055162654,2,0,1,0.0,2.0546692188779687
5,5,254.6641015154821,25.0,2.0,3.0,2671.0,586,1993.0,0.5116666666666667,0.9446388888888888,30,16,0.0,0.0,,,0.4,0.59999999988,0.49999999995,5.0,0.6666666664444444,0.7445730132925313,0.5116666666666667,0.9446388888888888,0.20408163265167292,,ga_meta,mip,mip,rw_rank_bfs,mip,6,0.7281527777777778,2.49999999975,0.6666655556907404,1,0,1,0.4833402314814815,534.1998931600214
5,5,2227.0474732571897,240.0,19.0,29.0,3121.0,919,2202.0,0.2341666666666666,0.9388333333333332,14,16,720515.3589949731,286339.3538042295,,,3.8,5.79999999884,0.49999999995,48.0,0.6551724137705113,0.701539638519652,0.2341666666666666,0.9388333333333332,0.09523809523744736,,d_round,mip,mip,rw_rank_bfs,mip,7,0.5864999999999999,23.9999999976,0.6551723009633963,1,0,1,0.21984347222222214,65.02083197873267
5,5,689.5303489675072,434.0,31.0,71.0,16263.0,2559,13704.0,0.074502712477396,0.047009735744089,9,36,101360.96129822356,70332.09559468573,20.0,0.25,6.2,14.199999997159999,0.49999999995,102.0,0.43661971830370955,-0.5552261642918619,0.074502712477396,0.047009735744089,0.06122448979550188,1.0,ga_meta,mip,d_round,pl_rank,d_round,14,0.060756224110742496,50.9999999949,0.43661968764931786,1,0,1,0.0035023528257802283,159.44117490743946
4,3,251.16062180515115,115.0,23.0,13.0,7945.0,4274,3671.0,0.0481069042316257,0.1692690653994116,11,52,9292.943006790592,9041.78238498544,31.0,0.12903225806451613,5.75,4.3333333318888885,0.49999999991666666,36.0,1.7692307690946745,0.24022186095438458,0.0481069042316257,0.1692690653994116,0.07482993197228008,0.0,ga_meta,mip,ga_meta,pl_rank,pl_rank,7,0.10868798481551865,17.999999997,1.3269227711524374,0,1,0,0.00814301071854628,220.6944383140434
3,3,1240.8908869744553,522.0,58.0,117.0,8452.0,1189,7263.0,0.5440950920245399,0.4688848263254113,12,36,318908.957952435,217155.90522052968,20.0,0.15,19.333333333333332,38.999999987,0.9999999996666666,175.0,0.49572649572225874,0.19173759204360719,0.5440950920245399,0.4688848263254113,0.08163265306066918,1.0,ga_meta,mip,ga_meta,pl_rank,pl_rank,16,0.5064899591749756,174.99999994166666,0.49572648318080237,0,0,1,0.255117932728435,48.297142581159186
3,2,40.81488728721125,760.0,76.0,103.0,8823.0,1275,7548.0,0.5111196319018405,0.4480438756855576,13,36,12530.170397173852,7305.864824410813,20.0,0.15,25.333333333333332,51.499999974249995,0.6666666664444444,179.0,0.7378640776627392,0.15625896528641103,0.5111196319018405,0.4480438756855576,0.08843537414905826,1.0,ga_meta,mip,ga_meta,pl_rank,pl_rank,14,0.47958175379369905,119.33333329355554,0.491909375807585,0,0,1,0.2290040208162762,49.29050251793016
8,14,276.16686832183655,410.0,18.0,19.0,3608.0,956,2592.0,0.2033333333333333,0.928,6,16,85065.97084475236,32666.595281497237,,,2.25,1.3571428570459183,0.49999999998214284,37.0,0.9473684210027701,0.6549679640432247,0.2033333333333333,0.928,0.04081632653033459,,d_round,mip,mip,pl_rank,mip,7,0.5656666666666667,18.499999999339284,1.6578935153547782,2,1,0,0.18869333333333332,97.51351087801322
9,18,19.215060730563337,612.0,2.0,33.0,3121.0,919,2202.0,0.2341666666666666,0.9388333333333332,28,16,0.0,0.0,,,0.2222222222222222,1.8333333332314814,0.49999999998611117,35.0,0.06060606060422406,0.701539638519652,0.2341666666666666,0.9388333333333332,0.19047619047489472,,ga_meta,mip,mip,rw_rank_bfs,mip,4,0.5864999999999999,17.49999999951389,0.1212120551031888,2,0,1,0.21984347222222214,89.17142602367355
5,7,205.7679699090613,490.0,49.0,82.0,8207.0,4648,3559.0,0.0463684858432499,0.2313174946004319,11,63,77780.29262562517,26955.60405808703,31.0,0.16129032258064516,9.8,11.714285712612245,0.69999999993,131.0,0.5975609756024688,0.21516687386439703,0.0463684858432499,0.2313174946004319,0.07482993197228008,0.0,ga_meta,rw_rank_bfs,ga_meta,pl_rank,ga_meta,2,0.1388429902218409,91.69999999083,0.836585294557353,1,0,1,0.010725841973676162,62.64885448359653
3,3,577.4783943361335,432.0,48.0,193.0,7873.0,1141,6732.0,0.5965346534653465,0.5410417234796836,16,36,177863.34545552914,139172.2930350082,20.0,0.15,16.0,64.3333333118889,0.9999999996666666,241.0,0.24870466321114662,0.24710720091804528,0.5965346534653465,0.5410417234796836,0.10884353741422556,1.0,ga_meta,mip,pl_rank,rw_rank_bfs,pl_rank,18,0.568788188472515,240.99999991966666,0.24870465942946124,0,0,1,0.3227501370262469,32.66804965697905
5,6,58.76788978186175,1680.0,112.0,267.0,7225.0,1071,6154.0,0.589340490797546,0.549981718464351,14,36,34555.519191734704,22273.0302273256,20.0,0.25,22.4,44.499999992583334,0.59999999994,379.0,0.41947565542914056,0.30907526059099166,0.589340490797546,0.549981718464351,0.09523809523744736,1.0,ga_meta,ga_meta,mip,pl_rank,mip,16,0.5696611046309485,227.39999997726,0.5033707752890463,1,0,1,0.32412649588945835,19.063324487959566
6,9,322.14414668348286,372.0,186.0,470.0,7554.0,1067,6487.0,0.6227015558698727,0.5577447504772293,17,36,0.0,0.0,20.0,0.3,31.0,52.22222221641975,0.59999999996,656.0,0.39574468085022185,0.27761308214593095,0.6227015558698727,0.5577447504772293,0.11564625850261466,1.0,ga_meta,mip,mcts,rw_rank_bfs,sa_meta,10,0.590223153173551,393.59999997375996,0.593617009975419,1,0,1,0.3473085239004246,11.5152438848853
5,4,427.2451798844597,890.0,445.0,1009.0,9625.0,4944,4681.0,0.0,0.0,0,0,0.0,0.0,31.0,0.16129032258064516,89.0,252.24999993693748,0.39999999996,1454.0,0.44103072348816547,0.0795639284689682,0.0,0.0,0.0,0.0,ga_meta,ga_meta,sa_meta,rw_rank_bfs,rw_rank_bfs,10,0.0,581.59999994184,0.3528245774803783,1,0,1,0.0,6.619669871650846
5,7,338.512196572872,204.0,102.0,412.0,7958.0,985,6973.0,0.6516973125884017,0.5246113989637305,18,36,0.0,0.0,20.0,0.25,20.4,58.857142848734696,0.69999999993,514.0,0.24757281553337968,0.23897867457205701,0.6516973125884017,0.5246113989637305,0.12244897959100376,1.0,ga_meta,mip,pl_rank,rw_rank_bfs,pl_rank,9,0.5881543557760661,359.79999996401995,0.3466019359082195,1,0,1,0.341887838857905,15.482490242251965
2,0,221.76664949990783,34.0,17.0,23.0,3608.0,956,2592.0,0.2033333333333333,0.928,16,16,0.0,0.0,,,8.5,23000000000.0,0.0,40.0,0.7391304347504726,0.6549679640432247,0.2033333333333333,0.928,0.10884353741422556,,ga_meta,mip,mip,pl_rank,mip,4,0.5656666666666667,0.0,3.695652173913043e-10,0,0,1,0.18869333333333332,90.19999774500006
5,5,977.070391494275,810.0,54.0,81.0,7917.0,4288,3629.0,0.044988864142539,0.1787734781624802,7,60,466062.5767427691,131904.50285172713,31.0,0.16129032258064516,10.8,16.19999999676,0.49999999995,135.0,0.6666666666584362,0.24289949316247494,0.044988864142539,0.1787734781624802,0.04761904761872368,0.0,ga_meta,rw_rank_bfs,ga_meta,pl_rank,rw_rank_bfs,4,0.1118811711525096,67.49999999325,0.6666666256477392,1,0,1,0.008042815721340985,58.644444010041155
5,4,200.79657653216137,510.0,34.0,69.0,15429.0,2372,13057.0,0.142133815551537,0.0920027816411682,13,34,31926.655668613657,20682.04738281262,20.0,0.25,6.8,17.2499999956875,0.39999999996,103.0,0.4927536231812644,-0.4754709763794587,0.142133815551537,0.0920027816411682,0.08843537414905826,1.0,ga_meta,mip,pl_rank,pl_rank,pl_rank,9,0.1170682985963526,41.19999999588,0.3942028757969347,1,0,1,0.013076706396014135,149.79611505052316
6,8,365.77267083575293,1172.0,586.0,2045.0,9202.0,4586,4616.0,0.0,0.0,0,0,0.0,0.0,31.0,0.1935483870967742,97.66666666666667,255.62499996804686,0.5333333332977778,2631.0,0.2865525672370237,0.12001530075547484,0.0,0.0,0.0,0.0,mip,mip,mip,rw_rank_bfs,pl_rank,2,0.0,1403.1999999064533,0.38207008820265986,1,0,1,0.0,3.497529455151072
4,5,422.3039854022498,400.0,40.0,129.0,15990.0,2466,13524.0,0.1081374321880651,0.0595271210013907,9,34,146961.78691998293,71369.37353298021,20.0,0.2,10.0,25.79999999484,0.8333333331944445,169.0,0.31007751937744127,-0.5291192502629818,0.1081374321880651,0.0595271210013907,0.06122448979550188,1.0,ga_meta,rw_rank_bfs,mip,pl_rank,sa_meta,16,0.0838322765947279,140.8333333098611,0.38759688427919053,0,0,1,0.0064371100106386326,94.61538405553027
5,6,222.84293787673028,886.0,443.0,1388.0,17304.0,2649,14655.0,0.0,0.0,0,0,0.0,0.0,20.0,0.25,88.6,231.3333332947778,0.59999999994,1831.0,0.31916426512945306,-0.6547767045997896,0.0,0.0,0.0,1.0,ga_meta,mip,pso_meta,pl_rank,rw_rank_bfs,14,0.0,1098.59999989014,0.3829971165638453,1,0,1,0.0,9.450573451965825
4,4,36.10290143475958,64.0,32.0,91.0,9304.0,4831,4473.0,0.0088223225276979,0.0339092872570194,3,63,0.0,0.0,31.0,0.12903225806451613,8.0,22.7499999943125,0.6666666665555555,123.0,0.3516483516444874,0.11026106914028877,0.0088223225276979,0.0339092872570194,0.020408163265167294,0.0,mcts,rw_rank_bfs,mcts,pl_rank,pl_rank,3,0.02136580489235865,81.99999998633332,0.351648336279194,0,0,1,0.0002991586688657816,75.64227580778638
5,6,300.8394904350924,2376.0,198.0,466.0,12023.0,2042,9981.0,0.2134052388289676,0.3056695652173913,2,13,355893.1171847143,199757.42164890133,20.0,0.25,39.6,77.66666665372222,0.59999999994,664.0,0.42489270386174915,-0.14975614420962025,0.2134052388289676,0.3056695652173913,0.013605442176778195,1.0,ga_meta,mip,ga_meta,rw_rank_bfs,d_round,22,0.25953740202317943,398.39999996015996,0.509871238155306,1,0,1,0.06523148656796408,18.106927683573904
4,4,172.1880982922502,240.0,40.0,47.0,16209.0,2532,13677.0,0.0842676311030741,0.0488873435326843,8,36,23245.393269453776,14980.364551425768,20.0,0.2,10.0,11.749999997062499,0.6666666665555555,87.0,0.8510638297691263,-0.5500621593191164,0.0842676311030741,0.0488873435326843,0.05442176870711278,1.0,ga_meta,pso_meta,mip,pl_rank,pl_rank,10,0.0665774873178792,57.99999999033333,0.851063757569042,0,0,1,0.004119620630421496,186.310342686088
4,3,64.84802742269375,980.0,70.0,215.0,9464.0,1457,8007.0,0.4847949080622348,0.454117807472048,13,36,18481.68781546772,18481.68781546772,20.0,0.2,17.5,71.66666664277777,0.49999999991666666,285.0,0.3255813953473229,0.09496031366548718,0.4847949080622348,0.454117807472048,0.08843537414905826,1.0,ga_meta,ga_meta,ga_meta,rw_rank_bfs,ga_meta,13,0.4694563577671414,142.49999997625,0.24418604318577616,0,0,1,0.22015400072283514,33.2070174273438
3,1,287.5421404915538,52.0,11.0,19.0,3013.0,795,2170.0,0.3375,0.9397222222222222,39,16,0.0,0.0,,,3.6666666666666665,18.999999981,0.3333333332222222,30.0,0.5789473683905817,0.7118676484651429,0.3375,0.9397222222222222,0.26530612244717483,,mip,mip,mip,pl_rank,mip,2,0.6386111111111111,9.999999996666666,0.19298244617636248,0,0,1,0.31715625000000003,100.43332998555566
2,1,129.78076160090816,12.0,4.0,0.0,8479.0,4697,3782.0,0.036315141567501,0.1831533477321814,7,56,519.1230464036327,519.1230464036327,31.0,0.06451612903225806,2.0,0.0,0.9999999989999999,4.0,3999999999.9999995,0.18915558955723444,0.036315141567501,0.1831533477321814,0.04761904761872368,0.0,ga_meta,ga_meta,ga_meta,pl_rank,pl_rank,8,0.10973424464984119,3.9999999959999997,2000000.0,0,1,0,0.006651239751455905,2119.7494700626326
6,7,356.6921404775624,1184.0,592.0,1919.0,9202.0,4586,4616.0,0.0,0.0,0,0,0.0,0.0,31.0,0.1935483870967742,98.66666666666667,274.14285710369387,0.46666666663555556,2511.0,0.30849400729530563,0.12001530075547484,0.0,0.0,0.0,0.0,mip,mip,mip,rw_rank_bfs,mip,1,0.0,1171.79999992188,0.35990967391660533,1,0,1,0.0,3.66467542665684
5,6,22.28006852294926,994.0,142.0,292.0,8683.0,1268,7415.0,0.5516265912305516,0.4944777747477502,13,36,17534.41392756107,9669.54973895998,20.0,0.25,28.4,48.666666658555556,0.59999999994,434.0,0.4863013698613483,0.1696471263268624,0.5516265912305516,0.4944777747477502,0.08843537414905826,1.0,ga_meta,sa_meta,ga_meta,rw_rank_bfs,rw_rank_bfs,14,0.5230521829891509,260.39999997396,0.5835616319418843,1,0,1,0.27276708932336996,20.006912396297437
8,13,923.3921240991294,1674.0,837.0,4252.0,9659.0,4735,4924.0,0.0,0.0,0,0,0.0,0.0,31.0,0.25806451612903225,104.625,327.0769230517633,0.4642857142691327,5089.0,0.19684854186260656,0.07631251793057281,0.0,0.0,0.0,0.0,ga_meta,pl_rank,ga_meta,pl_rank,pl_rank,5,0.0,2362.749999915616,0.3198788795734242,2,0,1,0.0,1.8980153268032982
6,8,286.9499344641283,1260.0,630.0,2054.0,17304.0,2649,14655.0,0.0,0.0,0,0,0.0,0.0,20.0,0.3,105.0,256.74999996790626,0.5333333332977778,2684.0,0.306718597857689,-0.6547767045997896,0.0,0.0,0.0,1.0,ga_meta,mip,mip,pl_rank,rw_rank_bfs,13,0.0,1431.4666665712355,0.40895812893541134,1,0,1,0.0,6.447093887314794
5,4,817.7152567269313,583.0,53.0,63.0,15164.0,2356,12808.0,0.1479204339963833,0.1093184979137691,12,34,121021.85799558584,94854.96978032404,20.0,0.25,10.6,15.749999996062499,0.39999999996,116.0,0.8412698412564878,-0.4501291001243186,0.1479204339963833,0.1093184979137691,0.08163265306066918,1.0,ga_meta,mip,mip,pl_rank,rw_rank_bfs,15,0.1286194659550762,46.399999995360005,0.6730158304529632,1,0,1,0.01617043965523745,130.72413680410227
5,5,2550.8019862998763,258.0,129.0,224.0,6624.0,763,5861.0,0.7074386503067485,0.5714076782449726,19,36,0.0,0.0,20.0,0.25,25.8,44.799999991039996,0.49999999995,353.0,0.5758928571402863,0.3665487233432151,0.7074386503067485,0.5714076782449726,0.12925170067939284,1.0,ga_meta,mip,mip,pl_rank,pl_rank,12,0.6394231642758605,176.49999998235,0.5758928444032848,1,0,1,0.40423587667253624,18.76487246808818
6,8,546.3215174064401,320.0,160.0,342.0,8021.0,1150,6871.0,0.5933521923620934,0.5315653122443414,16,36,0.0,0.0,20.0,0.3,26.666666666666668,42.74999999465625,0.5333333332977778,502.0,0.4678362573085736,0.23295400210385386,0.5933521923620934,0.5315653122443414,0.10884353741422556,1.0,ga_meta,sa_meta,pl_rank,rw_rank_bfs,pl_rank,12,0.5624587523032174,267.73333331548446,0.6237816618998442,1,0,1,0.3154054434038207,15.97808761757353
6,6,42.62320892335894,1180.0,118.0,329.0,7434.0,1174,6260.0,0.5848656294200849,0.5732206163076083,16,36,40236.30922365084,19052.574388741446,20.0,0.3,19.666666666666668,54.83333332419444,0.39999999997333335,447.0,0.3586626139806728,0.2890886487520321,0.5848656294200849,0.5732206163076083,0.10884353741422556,1.0,ga_meta,mip,ga_meta,rw_rank_bfs,rw_rank_bfs,15,0.5790431228638466,178.79999998808,0.35866260750058065,1,0,1,0.33525703655331834,16.630872446015946
3,2,229.75205533030567,297.0,33.0,24.0,8286.0,4648,3638.0,0.0463684858432499,0.2142548596112311,10,63,24583.469920342708,13095.867153827425,31.0,0.0967741935483871,11.0,11.999999994,0.6666666664444444,57.0,1.3749999999427083,0.2076121258487138,0.0463684858432499,0.2142548596112311,0.06802721088389098,0.0,ga_meta,mcts,ga_meta,pl_rank,pl_rank,5,0.1303116727272405,37.99999998733333,0.9166665907361174,0,0,1,0.009934673424730865,145.36841850230846
6,9,162.60800753236046,1152.0,576.0,2340.0,9202.0,4586,4616.0,0.0,0.0,0,0,0.0,0.0,31.0,0.1935483870967742,96.0,259.9999999711111,0.59999999996,2916.0,0.24615384615374097,0.12001530075547484,0.0,0.0,0.0,0.0,mip,mip,mip,rw_rank_bfs,sa_meta,2,0.0,1749.59999988336,0.3692307678516766,1,0,1,0.0,3.155692728684605
7,13,337.33144816201013,332.0,166.0,645.0,8337.0,1170,7167.0,0.5862800565770863,0.5113853286064903,16,36,0.0,0.0,20.0,0.35,23.714285714285715,49.61538461156805,0.6190476190181405,811.0,0.25736434108487233,0.20273501004112082,0.5862800565770863,0.5113853286064903,0.10884353741422556,1.0,ga_meta,ga_meta,pso_meta,rw_rank_bfs,pso_meta,8,0.5488326925917884,502.047619023712,0.47796233813320654,1,0,1,0.299815019388105,10.279901343674597
4,4,1968.287963231617,88.0,22.0,51.0,9091.0,4787,4304.0,0.0178498153467377,0.0704103671706263,5,57,236194.555587794,143685.02131590803,31.0,0.12903225806451613,5.5,12.7499999968125,0.6666666665555555,73.0,0.4313725490111496,0.13063019986611835,0.0178498153467377,0.0704103671706263,0.03401360544194549,0.0,ga_meta,mip,ga_meta,pl_rank,pl_rank,5,0.044130091258682,48.66666665855555,0.43137251529431253,0,0,1,0.0012568120524916817,124.53424486939392
6,6,1629.4604478949802,1420.0,710.0,1444.0,9202.0,4586,4616.0,0.0,0.0,0,0,0.0,0.0,31.0,0.1935483870967742,118.33333333333333,240.66666662655555,0.39999999997333335,2154.0,0.4916897506921803,0.12001530075547484,0.0,0.0,0.0,0.0,ga_meta,ga_meta,ga_meta,rw_rank_bfs,pl_rank,3,0.0,861.5999999425601,0.49168974873143684,1,0,1,0.0,4.272051994302669
8,17,1.0639103357534847,1528.0,764.0,3904.0,9659.0,4735,4924.0,0.0,0.0,0,0,0.0,0.0,31.0,0.25806451612903225,95.5,229.64705881002075,0.6071428571211734,4668.0,0.1956967213114253,0.07631251793057281,0.0,0.0,0.0,0.0,ga_meta,mip,ga_meta,pl_rank,pl_rank,7,0.0,2834.1428570416374,0.41585553100050104,2,0,1,0.0,2.0691945154093414
2,1,211.54472395112268,300.0,20.0,29.0,8482.0,4675,3807.0,0.0408288879770208,0.1777537796976241,10,63,10365.691473605011,10365.691473605011,31.0,0.06451612903225806,10.0,28.999999970999998,0.9999999989999999,49.0,0.6896551723900118,0.1888687003920818,0.0408288879770208,0.1777537796976241,0.06802721088389098,0.0,ga_meta,ga_meta,rw_rank_bfs,pl_rank,rw_rank_bfs,8,0.10929133383732245,48.99999995099999,0.34482757466111813,0,0,1,0.007257489158766328,173.1020372836319
5,7,450.0628073732544,48.0,24.0,113.0,8066.0,4306,3760.0,0.0409799554565701,0.1491287621633853,7,58,0.0,0.0,31.0,0.16129032258064516,4.8,16.14285714055102,0.69999999993,137.0,0.2123893805290939,0.2286506646265659,0.0409799554565701,0.1491287621633853,0.04761904761872368,0.0,mip,mip,mip,pl_rank,pso_meta,2,0.0950543588099777,95.89999999041,0.29734511436623184,1,0,1,0.006111290030748966,58.875911979007945
9,18,893.3581136364261,936.0,8.0,48.0,3013.0,795,2170.0,0.3375,0.9397222222222222,39,16,0.0,0.0,,,0.8888888888888888,2.6666666665185184,0.49999999998611117,56.0,0.16666666666319446,0.7118676484651429,0.3375,0.9397222222222222,0.26530612244717483,,mip,mip,mip,pl_rank,mip,2,0.6386111111111111,27.999999999222226,0.3333332083518987,2,0,1,0.31715625000000003,53.803570467793385
2,1,1242.741079428085,115.0,23.0,20.0,15947.0,2443,13504.0,0.1164556962025316,0.0609179415855354,10,34,53437.866415407654,53437.866415407654,20.0,0.1,11.5,19.99999998,0.9999999989999999,43.0,1.1499999999425,-0.5250071722291287,0.1164556962025316,0.0609179415855354,0.06802721088389098,1.0,ga_meta,ga_meta,mip,pl_rank,rw_rank_bfs,10,0.0886868188940335,42.999999957,0.5749999718250014,0,0,1,0.007094241298568677,370.8604564916173
3,2,16.428496961639247,228.0,76.0,74.0,7893.0,947,6946.0,0.6368865030674846,0.4920658135283363,17,36,2464.2745442458872,2464.2745442458872,20.0,0.15,25.333333333333332,36.9999999815,0.6666666664444444,150.0,1.0270270270131483,0.24519460648369518,0.6368865030674846,0.4920658135283363,0.11564625850261466,1.0,ga_meta,ga_meta,rw_rank_bfs,pl_rank,rw_rank_bfs,17,0.5644761582979104,99.99999996666666,0.6846846665220361,0,0,1,0.31339007525711904,52.619999649200004
5,6,171.0166789795858,84.0,21.0,123.0,16172.0,2518,13654.0,0.0893309222423146,0.0504867872044506,10,36,48568.73683020237,24626.401773060355,20.0,0.25,4.2,20.499999996583334,0.59999999994,144.0,0.1707317073156851,-0.5465238596155686,0.0893309222423146,0.0504867872044506,0.06802721088389098,1.0,ga_meta,sa_meta,pso_meta,pl_rank,d_round,15,0.0699088547233826,86.39999999135999,0.20487803882058347,1,0,1,0.004510031262025061,112.30555477565588
4,4,657.8353377825421,632.0,316.0,947.0,17304.0,2649,14655.0,0.0,0.0,0,0,0.0,0.0,20.0,0.2,79.0,236.7499999408125,0.6666666665555555,1263.0,0.33368532206934143,-0.6547767045997896,0.0,0.0,0.0,1.0,ga_meta,ga_meta,mip,pl_rank,pl_rank,17,0.0,841.9999998596666,0.3336853207436734,0,0,1,0.0,13.700712578225879
4,3,535.8697404421478,1573.0,121.0,87.0,9686.0,1287,8399.0,0.5449080622347949,0.4273929642759749,14,36,111460.90601196673,111460.90601196673,20.0,0.2,30.25,28.999999990333333,0.49999999991666666,208.0,1.390804597685163,0.07373051544420006,0.5449080622347949,0.4273929642759749,0.09523809523744736,1.0,ga_meta,ga_meta,ga_meta,rw_rank_bfs,ga_meta,17,0.48615051325538494,103.99999998266667,1.04310341265448,0,1,0,0.23288987197640643,46.56730746842641
8,16,127.00569238417994,1812.0,906.0,4255.0,9202.0,4586,4616.0,0.0,0.0,0,0,0.0,0.0,31.0,0.25806451612903225,113.25,265.9374999833789,0.5714285714081633,5161.0,0.21292596944765851,0.12001530075547484,0.0,0.0,0.0,0.0,ga_meta,ga_meta,mip,rw_rank_bfs,mip,2,0.0,2949.1428570375306,0.4258519373207095,2,0,1,0.0,1.7829877927178863
5,6,1627.124537787036,658.0,47.0,98.0,15836.0,2429,13407.0,0.1215189873417721,0.067663421418637,13,36,375865.7682288053,235933.0579791202,20.0,0.25,9.4,16.33333333061111,0.59999999994,145.0,0.47959183672980005,-0.5143922731184851,0.1215189873417721,0.067663421418637,0.08843537414905826,1.0,ga_meta,rw_rank_bfs,mcts,pl_rank,pl_rank,9,0.09459120438020455,86.9999999913,0.5755101689422345,1,0,1,0.00822239045087234,109.2137923502497
2,1,683.9020441676497,140.0,20.0,1.0,8231.0,4388,3843.0,0.0227171492204899,0.130346232179226,6,35,14361.942927520644,14361.942927520644,31.0,0.06451612903225806,10.0,0.9999999989999999,0.9999999989999999,21.0,19.99999998,0.2128717605431768,0.0227171492204899,0.130346232179226,0.04081632653033459,0.0,ga_meta,ga_meta,ga_meta,pl_rank,pl_rank,8,0.07653169069985795,20.999999979,9.99999001000998,0,1,0,0.0029610948067440995,391.95236228798274
7,9,647.6202392747227,1376.0,688.0,2791.0,9659.0,4735,4924.0,0.0,0.0,0,0,0.0,0.0,31.0,0.22580645161290322,98.28571428571429,310.1111110766543,0.42857142855102043,3479.0,0.2465066284484964,0.07631251793057281,0.0,0.0,0.0,0.0,mip,mip,mip,pl_rank,pl_rank,3,0.0,1490.999999929,0.3169370927328128,1,0,1,0.0,2.776372520041284
5,5,573.6061837261929,35.0,6.0,1.0,3121.0,919,2202.0,0.2341666666666666,0.9388333333333332,37,16,0.0,0.0,,,1.2,0.19999999996,0.49999999995,7.0,5.9999999939999995,0.701539638519652,0.2341666666666666,0.9388333333333332,0.2517006802703966,,mip,mip,mip,rw_rank_bfs,mip,1,0.5864999999999999,3.49999999965,5.999970001349987,1,1,0,0.21984347222222214,445.8570791632744
3,2,803.7580345194381,120.0,15.0,10.0,8106.0,4310,3796.0,0.0400890868596881,0.1409821226521838,7,63,21701.46693202483,20093.950862985952,31.0,0.0967741935483871,5.0,4.9999999975,0.6666666664444444,25.0,1.49999999985,0.2248254757578655,0.0400890868596881,0.1409821226521838,0.04761904761872368,0.0,ga_meta,pl_rank,ga_meta,pl_rank,pl_rank,7,0.09053560475593594,16.66666666111111,0.9999998005000398,0,1,0,0.005651844560666598,324.2399870304005
6,7,64.56965249156966,256.0,17.0,22.0,2556.0,652,1866.0,0.4566666666666666,0.9481666666666668,45,16,0.0,0.0,,,2.8333333333333335,3.1428571424081633,0.46666666663555556,39.0,0.7727272726921488,0.755570431290045,0.4566666666666666,0.9481666666666668,0.3061224489775094,,mip,mip,mip,pl_rank,mip,1,0.7024166666666667,18.199999998786666,0.9015148647983006,1,0,1,0.43299611111111114,65.53845985798822
7,13,524.1445497823901,676.0,338.0,877.0,9312.0,1260,8052.0,0.514637904468413,0.4398608695652174,6,36,0.0,0.0,20.0,0.35,48.285714285714285,67.46153845634912,0.6190476190181405,1215.0,0.38540478905315234,0.10949603136654873,0.514637904468413,0.4398608695652174,0.04081632653033459,1.0,ga_meta,mip,pl_rank,rw_rank_bfs,pl_rank,9,0.4772493870168152,752.1428571070408,0.7157517405448105,1,0,1,0.2263690761706974,7.664197524556215
2,1,294.01018439175385,72.0,18.0,26.0,16035.0,2562,13473.0,0.0734177215189872,0.0630737134909596,7,33,12936.44811323717,12936.44811323717,20.0,0.1,9.0,25.999999973999998,0.9999999989999999,44.0,0.692307692281065,-0.5334225877402696,0.0734177215189872,0.0630737134909596,0.04761904761872368,1.0,ga_meta,ga_meta,mip,pl_rank,pl_rank,20,0.06824571750497341,43.999999955999996,0.34615383318639104,0,0,1,0.004630728332247658,364.4318098992771
5,4,304.35920466172354,960.0,480.0,852.0,17304.0,2649,14655.0,0.0,0.0,0,0,0.0,0.0,20.0,0.25,96.0,212.99999994675,0.39999999996,1332.0,0.5633802816894796,-0.6547767045997896,0.0,0.0,0.0,1.0,ga_meta,mip,ga_meta,pl_rank,pl_rank,14,0.0,532.79999994672,0.4507042233488065,1,0,1,0.0,12.990990981237994
2,1,1043.4952716098144,161.0,23.0,8.0,8529.0,4625,3904.0,0.0510874025441115,0.1568034557235421,10,63,32348.353419904244,32348.353419904244,31.0,0.06451612903225806,11.5,7.999999991999999,0.9999999989999999,31.0,2.874999999640625,0.18437410347135885,0.0510874025441115,0.1568034557235421,0.06802721088389098,0.0,ga_meta,ga_meta,ga_meta,pl_rank,pl_rank,7,0.1039454291338268,30.999999968999997,1.4374998217500223,0,1,0,0.00801068126285636,275.12902338293475
10,25,330.25153894979724,764.0,382.0,1800.0,9482.0,1303,8179.0,0.4980739599383667,0.4310260869565218,6,29,0.0,0.0,20.0,0.5,38.2,71.99999999712,0.5555555555432099,2182.0,0.21222222222210432,0.09323897867457209,0.4980739599383667,0.4310260869565218,0.04081632653033459,1.0,ga_meta,mip,rw_rank_bfs,rw_rank_bfs,rw_rank_bfs,15,0.4645500234474442,1212.222222195284,0.5305555482079508,2,0,1,0.2146828699671736,4.34555453513036
4,4,1062.7304519303366,54.0,27.0,87.0,8581.0,4705,3876.0,0.0346737792367665,0.1628509719222461,7,56,0.0,0.0,31.0,0.12903225806451613,6.75,21.7499999945625,0.6666666665555555,114.0,0.3103448275826397,0.17940135794204837,0.0346737792367665,0.1628509719222461,0.04761904761872368,0.0,mip,mip,mip,pl_rank,rw_rank_bfs,2,0.09876237557950629,75.99999998733333,0.31034481339506603,0,0,1,0.005646658648924821,75.27192916428133
8,14,419.3905857868238,474.0,12.0,27.0,2556.0,652,1866.0,0.4566666666666666,0.9481666666666668,51,16,0.0,0.0,,,1.5,1.9285714284336735,0.49999999998214284,39.0,0.44444444442798353,0.755570431290045,0.4566666666666666,0.9481666666666668,0.34693877550784397,,mip,mip,mip,pl_rank,mip,1,0.7024166666666667,19.499999999303572,0.7777773745413613,2,0,1,0.43299611111111114,65.53845985798822
5,6,245.6946978618924,1140.0,570.0,1344.0,9659.0,4735,4924.0,0.0,0.0,0,0,0.0,0.0,31.0,0.16129032258064516,114.0,223.99999996266666,0.59999999994,1914.0,0.4241071428568273,0.07631251793057281,0.0,0.0,0.0,0.0,ga_meta,mip,rw_rank_bfs,pl_rank,rw_rank_bfs,9,0.0,1148.39999988516,0.5089285692413903,1,0,1,0.0,5.0464994748973355
4,4,448.8717362655102,432.0,108.0,126.0,7084.0,1077,6007.0,0.5870398773006136,0.5607312614259599,14,35,201543.4095832141,105035.9862861294,20.0,0.2,27.0,31.499999992124998,0.6666666665555555,234.0,0.8571428571360544,0.32255905135316054,0.5870398773006136,0.5607312614259599,0.09523809523744736,1.0,ga_meta,mip,mip,pl_rank,mip,16,0.5738855693632867,155.999999974,0.8571428301462594,0,0,1,0.32917161090611374,30.273504144130325
4,3,661.9960105143458,888.0,444.0,905.0,9659.0,4735,4924.0,0.0,0.0,0,0,0.0,0.0,31.0,0.12903225806451613,111.0,301.6666665661111,0.49999999991666666,1349.0,0.4906077348060877,0.07631251793057281,0.0,0.0,0.0,0.0,ga_meta,pl_rank,pl_rank,pl_rank,pl_rank,6,0.0,674.4999998875833,0.36795580000788136,0,0,1,0.0,7.160118601067369
6,8,114.01914629021704,316.0,158.0,416.0,6635.0,631,6004.0,0.7580521472392638,0.5609506398537477,19,36,0.0,0.0,20.0,0.3,26.333333333333332,51.9999999935,0.5333333332977778,574.0,0.3798076923067793,0.3654967964043224,0.7580521472392638,0.5609506398537477,0.12925170067939284,1.0,ga_meta,mip,pl_rank,pl_rank,pl_rank,9,0.6595013935465057,306.13333331292444,0.5064102467348991,1,0,1,0.4252298370363724,11.559233429339315
7,10,602.0811615073108,230.0,10.0,16.0,3013.0,795,2170.0,0.3375,0.9397222222222222,16,16,199405.93579587963,79173.67273821136,,,1.4285714285714286,1.59999999984,0.47619047616780047,26.0,0.6249999999609375,0.7118676484651429,0.3375,0.9397222222222222,0.10884353741422556,,d_round,mip,mip,pl_rank,mip,7,0.6386111111111111,12.380952380362812,0.892856584911063,1,0,1,0.31715625000000003,115.88461092751496
8,17,303.8762452467725,1684.0,842.0,4080.0,17304.0,2649,14655.0,0.0,0.0,0,0,0.0,0.0,20.0,0.4,105.25,239.99999998588234,0.6071428571211734,4922.0,0.20637254901955726,-0.6547767045997896,0.0,0.0,0.0,1.0,ga_meta,ga_meta,ga_meta,pl_rank,pl_rank,8,0.0,2988.3571427504157,0.43854166486520635,2,0,1,0.0,3.515644046421039
4,4,1416.6578879946012,294.0,42.0,67.0,8692.0,4626,4066.0,0.0508822322527697,0.1218142548596112,11,63,256415.0777270228,154415.70979141153,31.0,0.12903225806451613,10.5,16.749999995812498,0.6666666665555555,109.0,0.6268656716324348,0.16878645883140475,0.0508822322527697,0.1218142548596112,0.07482993197228008,0.0,ga_meta,pl_rank,ga_meta,pl_rank,pl_rank,4,0.08634824355619045,72.66666665455556,0.6268656343736935,0,0,1,0.0061981812074648176,79.7431185344668
3,1,692.8272219291267,31.0,3.0,22.0,3121.0,919,2202.0,0.2341666666666666,0.9388333333333332,11,16,224149.98356530568,89079.2411959758,,,1.0,21.999999977999998,0.3333333332222222,25.0,0.136363636357438,0.701539638519652,0.2341666666666666,0.9388333333333332,0.07482993197228008,,d_round,mip,mip,rw_rank_bfs,mip,7,0.5864999999999999,8.333333330555554,0.04545454343388439,0,0,1,0.21984347222222214,124.8399950064002
5,6,500.7279627631113,928.0,464.0,1021.0,9659.0,4735,4924.0,0.0,0.0,0,0,0.0,0.0,31.0,0.16129032258064516,92.8,170.16666663830554,0.59999999994,1485.0,0.454456415278693,0.07631251793057281,0.0,0.0,0.0,0.0,ga_meta,ga_meta,mip,pl_rank,rw_rank_bfs,9,0.0,890.9999999109,0.5453476952210714,1,0,1,0.0,6.504377099997052
7,9,897.8141498092632,1342.0,671.0,2116.0,9625.0,4944,4681.0,0.0,0.0,0,0,0.0,0.0,31.0,0.22580645161290322,95.85714285714286,235.11111108498764,0.42857142855102043,2787.0,0.31710775047243994,0.0795639284689682,0.0,0.0,0.0,0.0,ga_meta,ga_meta,ga_meta,rw_rank_bfs,rw_rank_bfs,8,0.0,1194.428571371694,0.4077099632045148,1,0,1,0.0,3.453534264996938
6,10,237.66983619372473,466.0,233.0,903.0,9283.0,1565,7718.0,0.3971494607087827,0.463095652173913,5,36,0.0,0.0,20.0,0.3,38.833333333333336,90.29999999097,0.6666666666222222,1136.0,0.2580287929122281,0.11226929329635649,0.3971494607087827,0.463095652173913,0.03401360544194549,1.0,ga_meta,ga_meta,ga_meta,rw_rank_bfs,rw_rank_bfs,14,0.4301225564413479,757.3333332828444,0.4300479834680918,1,0,1,0.18391818851745156,8.171654922384105
4,5,795.7780607477359,924.0,462.0,1239.0,9202.0,4586,4616.0,0.0,0.0,0,0,0.0,0.0,31.0,0.12903225806451613,115.5,247.79999995044,0.8333333331944445,1701.0,0.3728813559319024,0.12001530075547484,0.0,0.0,0.0,0.0,ga_meta,ga_meta,ga_meta,rw_rank_bfs,ga_meta,7,0.0,1417.49999976375,0.46610169312751537,0,0,1,0.0,5.40975896213418
5,6,155.3539176218793,1605.0,107.0,351.0,8554.0,1196,7358.0,0.5414110429447853,0.4619378427787934,14,36,111388.75893488746,71152.09427082071,20.0,0.25,21.4,58.49999999025,0.59999999994,458.0,0.3048433048424364,0.18198336042842111,0.5414110429447853,0.4619378427787934,0.09523809523744736,1.0,ga_meta,mip,ga_meta,pl_rank,pl_rank,13,0.5016744428617893,274.79999997251997,0.3658119596197386,1,0,1,0.2500982492345308,18.676855854417344
3,3,115.39739575288432,243.0,27.0,36.0,9140.0,4804,4336.0,0.0143619203939269,0.0634989200863931,4,63,18925.172903473027,7270.035932431712,31.0,0.0967741935483871,9.0,11.999999996,0.9999999996666666,63.0,0.7499999999791668,0.12594434350196038,0.0143619203939269,0.0634989200863931,0.02721088435355639,0.0,ga_meta,pl_rank,ga_meta,pl_rank,pl_rank,6,0.03893042024016,62.999999978999995,0.7499999377500053,0,0,1,0.0009119664353811035,145.07936277651805
3,1,881.9874550826187,101.0,17.0,50.0,2671.0,586,1993.0,0.5116666666666667,0.9446388888888888,48,16,0.0,0.0,,,5.666666666666667,49.999999949999996,0.3333333332222222,67.0,0.3399999999932,0.7445730132925313,0.5116666666666667,0.9446388888888888,0.3265306122426767,,mip,mip,mip,rw_rank_bfs,mip,1,0.7281527777777778,22.333333325888887,0.11333333118000007,0,0,1,0.4833402314814815,39.86567104678103
3,3,51.830219371393,130.0,13.0,15.0,15534.0,2389,13145.0,0.1359855334538878,0.0858831710709318,12,36,1658.567019884576,1451.246142399004,20.0,0.15,4.333333333333333,4.999999998333333,0.9999999996666666,28.0,0.8666666666088889,-0.48551209715979726,0.1359855334538878,0.0858831710709318,0.08163265306066918,1.0,ga_meta,sa_meta,mcts,pl_rank,mcts,10,0.1109343522624098,27.999999990666666,0.8666664936222567,0,0,1,0.011678868832792165,554.7856944719395
5,5,422.8965218199768,100.0,16.0,4.0,2556.0,652,1866.0,0.4566666666666666,0.9481666666666668,13,16,155586.96903432067,65398.72132829194,,,3.2,0.79999999984,0.49999999995,20.0,3.999999999,0.755570431290045,0.4566666666666666,0.9481666666666668,0.08843537414905826,,d_round,mip,mip,pl_rank,mip,7,0.7024166666666667,9.999999999,3.9999950008062477,1,1,0,0.43299611111111114,127.79999361000031
4,4,724.7773911425162,926.0,463.0,875.0,9202.0,4586,4616.0,0.0,0.0,0,0,0.0,0.0,31.0,0.12903225806451613,115.75,218.74999994531248,0.6666666665555555,1338.0,0.5291428571422524,0.12001530075547484,0.0,0.0,0.0,0.0,mip,mip,mip,rw_rank_bfs,pso_meta,2,0.0,891.9999998513333,0.5291428548562042,0,0,1,0.0,6.877428993365149
7,9,419.5516338165015,1286.0,643.0,2084.0,9659.0,4735,4924.0,0.0,0.0,0,0,0.0,0.0,31.0,0.22580645161290322,91.85714285714286,231.55555552982716,0.42857142855102043,2727.0,0.3085412667944777,0.07631251793057281,0.0,0.0,0.0,0.0,ga_meta,mip,ga_meta,pl_rank,pl_rank,8,0.0,1168.7142856586327,0.3966959127811323,1,0,1,0.0,3.5419875307876834
5,5,427.49376394757945,441.0,147.0,206.0,9399.0,1645,7754.0,0.3692484662576687,0.4329798903107861,9,25,333445.135879112,150905.29867349553,20.0,0.25,29.4,41.19999999176,0.49999999995,353.0,0.7135922330062447,0.10117624557712535,0.3692484662576687,0.4329798903107861,0.06122448979550188,1.0,ga_meta,ga_meta,ga_meta,pl_rank,pl_rank,14,0.4011141782842274,176.49999998235,0.7135922158322278,1,0,1,0.15987716041767142,26.626062247518238
3,2,794.7366244819447,220.0,22.0,52.0,8220.0,4329,3891.0,0.0358574610244989,0.1194840461642905,7,63,118415.75704780976,58810.5102116639,31.0,0.0967741935483871,7.333333333333333,25.999999987,0.6666666664444444,74.0,0.423076923068787,0.21392368748206947,0.0358574610244989,0.1194840461642905,0.04761904761872368,0.0,ga_meta,rw_rank_bfs,ga_meta,pl_rank,pl_rank,4,0.0776707535943947,49.33333331688888,0.28205127134418184,0,0,1,0.004284394528385474,111.08107957998541
4,3,275.95164441107164,834.0,417.0,384.0,17304.0,2649,14655.0,0.0,0.0,0,0,0.0,0.0,20.0,0.2,104.25,127.99999995733333,0.49999999991666666,801.0,1.085937499997172,-0.6547767045997896,0.0,0.0,0.0,1.0,ga_meta,ga_meta,ga_meta,pl_rank,pl_rank,17,0.0,400.49999993324997,0.8144531189085694,0,0,1,0.0,21.602996227711614
2,1,239.1317623249975,232.0,29.0,26.0,7854.0,4361,3493.0,0.0287305122494432,0.2095496718714641,7,34,19369.6727483248,13152.246927874863,31.0,0.06451612903225806,14.5,25.999999973999998,0.9999999989999999,55.0,1.115384615341716,0.24892416563067798,0.0287305122494432,0.2095496718714641,0.04761904761872368,0.0,ga_meta,mip,mip,pl_rank,pl_rank,8,0.11914009206045365,54.999999945,0.5576922868002967,0,0,1,0.0060204694145699015,142.7999974036364
3,1,72.93359023772494,46.0,12.0,10.0,2556.0,652,1866.0,0.4566666666666666,0.9481666666666668,39,16,0.0,0.0,,,4.0,9.99999999,0.3333333332222222,22.0,1.19999999988,0.755570431290045,0.4566666666666666,0.9481666666666668,0.26530612244717483,,ga_meta,mip,mip,pl_rank,mip,6,0.7024166666666667,7.333333330888888,0.39999996040000396,0,0,1,0.43299611111111114,116.18181290082669
7,9,61.3575060818415,1546.0,773.0,2131.0,9202.0,4586,4616.0,0.0,0.0,0,0,0.0,0.0,31.0,0.22580645161290322,110.42857142857143,236.77777775146913,0.42857142855102043,2904.0,0.36274049741888187,0.12001530075547484,0.0,0.0,0.0,0.0,ga_meta,ga_meta,ga_meta,rw_rank_bfs,pl_rank,4,0.0,1244.5714285121633,0.4663806376209037,1,0,1,0.0,3.168732781277985
6,8,369.125882031808,760.0,190.0,407.0,8200.0,1210,6990.0,0.5360429447852761,0.4888482632541133,12,36,541507.6689406623,220368.15157298936,20.0,0.3,31.666666666666668,50.87499999364062,0.5333333332977778,597.0,0.46683046682931983,0.21583628191641957,0.5360429447852761,0.4888482632541133,0.08163265306066918,1.0,ga_meta,ga_meta,ga_meta,pl_rank,pso_meta,12,0.5124456040196947,318.39999997877334,0.6224406102837228,1,0,1,0.2620436625879028,13.735343360577314
5,5,2326.748868841225,262.0,131.0,200.0,7638.0,853,6785.0,0.6729294478527608,0.5038391224862888,18,36,0.0,0.0,20.0,0.25,26.2,39.999999992,0.49999999995,331.0,0.654999999996725,0.2695801855216602,0.6729294478527608,0.5038391224862888,0.12244897959100376,1.0,ga_meta,mip,rw_rank_bfs,pl_rank,rw_rank_bfs,10,0.5883842851695248,165.49999998345,0.6549999837560004,1,0,1,0.33904818250131785,23.075528631191755
5,4,109.67806654177916,744.0,62.0,53.0,8718.0,4754,3964.0,0.0246204349610176,0.1438444924406047,5,62,31477.605097490617,12612.977652304604,31.0,0.16129032258064516,12.4,13.2499999966875,0.39999999996,115.0,1.169811320732645,0.1663000860667495,0.0246204349610176,0.1438444924406047,0.03401360544194549,0.0,ga_meta,rw_rank_bfs,ga_meta,pl_rank,pl_rank,7,0.08423246370081115,45.9999999954,0.9358489862076238,1,0,1,0.003541513970634496,75.80869499296787
4,3,105.44076629047392,672.0,96.0,181.0,9038.0,1267,7771.0,0.551980198019802,0.4702072538860103,15,36,59890.35525298918,29207.092262461276,20.0,0.2,24.0,60.33333331322222,0.49999999991666666,277.0,0.5303867403285615,0.13569857511714645,0.551980198019802,0.4702072538860103,0.10204081632583646,1.0,ga_meta,ga_meta,mip,rw_rank_bfs,mip,15,0.5110937259529061,138.49999997691665,0.3977900487880103,0,0,1,0.2595450931103473,32.628158726974156
6,7,108.08328913662412,310.0,155.0,390.0,8208.0,1233,6975.0,0.564002828854314,0.5244750477229343,14,36,0.0,0.0,20.0,0.3,25.833333333333332,55.71428570632653,0.46666666663555556,545.0,0.3974358974348784,0.21507124414267953,0.564002828854314,0.5244750477229343,0.09523809523744736,1.0,ga_meta,ga_meta,pl_rank,rw_rank_bfs,pl_rank,11,0.5442389382886241,254.33333331637778,0.46367520541907753,1,0,1,0.29580541057923626,15.060550431081559
3,2,211.7871431666617,222.0,74.0,102.0,8082.0,911,7171.0,0.6506901840490797,0.4756124314442413,17,36,56970.741511832,37274.53719733246,20.0,0.15,24.666666666666668,50.9999999745,0.6666666664444444,176.0,0.7254901960713187,0.22712058907908583,0.6506901840490797,0.4756124314442413,0.11564625850261466,1.0,ga_meta,mip,ga_meta,pl_rank,pl_rank,14,0.5631513077466606,117.33333329422221,0.48366012147725257,0,0,1,0.3094763405524837,45.92045428454288
7,14,160.5539384272126,1484.0,742.0,3262.0,9659.0,4735,4924.0,0.0,0.0,0,0,0.0,0.0,31.0,0.22580645161290322,106.0,232.99999998335713,0.6666666666349206,4004.0,0.22746781115872855,0.07631251793057281,0.0,0.0,0.0,0.0,ga_meta,ga_meta,ga_meta,pl_rank,ga_meta,1,0.0,2669.333333206222,0.4549356203975786,1,0,1,0.0,2.4123376617351804
2,1,178.51488882374093,15.0,5.0,16.0,8209.0,4300,3909.0,0.0423162583518931,0.1154107264086897,9,63,3748.81266529856,3748.81266529856,31.0,0.06451612903225806,2.5,15.999999983999999,0.9999999989999999,21.0,0.31249999998046873,0.21497561442096202,0.0423162583518931,0.1154107264086897,0.06122448979550188,0.0,ga_meta,ga_meta,ga_meta,pl_rank,pl_rank,7,0.0788634923802914,20.999999979,0.1562499903906256,0,0,1,0.004883750115289765,390.9047432902503
7,8,109.3659987062436,1376.0,688.0,2033.0,17304.0,2649,14655.0,0.0,0.0,0,0,0.0,0.0,20.0,0.35,98.28571428571429,254.12499996823436,0.3809523809342404,2721.0,0.33841613379225854,-0.6547767045997896,0.0,0.0,0.0,1.0,ga_meta,mip,ga_meta,pl_rank,pl_rank,8,0.0,1036.5714285220681,0.3867612942891833,1,0,1,0.0,6.35942667902998
5,8,1513.200373587617,116.0,58.0,99.0,8597.0,4718,3879.0,0.0320065654493229,0.1622030237580993,7,61,0.0,0.0,31.0,0.16129032258064516,11.6,12.374999998453125,0.79999999992,157.0,0.585858585852668,0.1778712823945683,0.0320065654493229,0.1622030237580993,0.04761904761872368,0.0,mip,rw_rank_bfs,mip,pl_rank,rw_rank_bfs,2,0.0971047946037111,125.59999998744,0.9373736617435425,1,0,1,0.005191561695991683,54.75796143466267
5,4,273.5515138601787,910.0,455.0,1203.0,17304.0,2649,14655.0,0.0,0.0,0,0,0.0,0.0,20.0,0.25,91.0,300.74999992481247,0.39999999996,1658.0,0.37822111388164736,-0.6547767045997896,0.0,0.0,0.0,1.0,ga_meta,ga_meta,ga_meta,pl_rank,sa_meta,17,0.0,663.19999993368,0.3025768901751392,1,0,1,0.0,10.436670681280656
10,22,77.5827933235065,722.0,4.0,31.0,3013.0,795,2170.0,0.3375,0.9397222222222222,36,16,0.0,0.0,,,0.4,1.4090909090268595,0.48888888887802473,35.0,0.1290322580603538,0.7118676484651429,0.3375,0.9397222222222222,0.24489795918200752,,mcts,mip,mip,pl_rank,mip,3,0.6386111111111111,17.111111110730867,0.2838707662981659,2,0,1,0.31715625000000003,86.08571182612252
5,9,1301.180646118038,330.0,55.0,107.0,15661.0,2400,13261.0,0.132007233273056,0.0778164116828928,12,34,333102.2454062177,210791.26467112213,20.0,0.25,11.0,11.888888887567902,0.89999999991,162.0,0.5140186915839812,-0.49765707181792096,0.132007233273056,0.0778164116828928,0.08163265306066918,1.0,ga_meta,mip,mip,pl_rank,pl_rank,10,0.1049118224779744,145.79999998542002,0.9252335671392327,1,0,1,0.010272329209495789,96.67283890942693
9,18,162.46671890625575,801.0,1.0,44.0,2671.0,586,1993.0,0.5116666666666667,0.9446388888888888,12,16,55594.35481275957,21823.23224227273,,,0.1111111111111111,2.444444444308642,0.49999999998611117,45.0,0.0227272727267562,0.7445730132925313,0.5116666666666667,0.9446388888888888,0.08163265306066918,,d_round,mip,mip,rw_rank_bfs,mip,7,0.7281527777777778,22.499999999375003,0.04545452686203698,2,0,1,0.4833402314814815,59.35555423654324
3,3,247.1544840139668,115.0,23.0,44.0,7692.0,4248,3444.0,0.0538975501113585,0.2206381534283774,12,51,40533.33537829056,16559.350428935777,31.0,0.0967741935483871,7.666666666666667,14.666666661777777,0.9999999996666666,67.0,0.5227272727153927,0.2644161805489146,0.0538975501113585,0.2206381534283774,0.08163265306066918,0.0,ga_meta,mip,ga_meta,pl_rank,pl_rank,4,0.13726785176986794,66.99999997766666,0.5227272372610218,0,0,1,0.011891855930883577,114.80596843573181
4,4,15.767350543136263,936.0,104.0,161.0,9419.0,1304,8115.0,0.538896746817539,0.4467548404690482,14,36,7489.491507989726,4178.34789393111,20.0,0.2,26.0,40.2499999899375,0.6666666665555555,265.0,0.6459627329152425,0.09926365114277513,0.538896746817539,0.4467548404690482,0.09523809523744736,1.0,ga_meta,ga_meta,ga_meta,rw_rank_bfs,pso_meta,17,0.4928257936432936,176.66666663722222,0.6459627170319823,0,0,1,0.24075473015375867,35.54339609228907
7,9,337.8532089746779,1378.0,689.0,2134.0,9659.0,4735,4924.0,0.0,0.0,0,0,0.0,0.0,31.0,0.22580645161290322,98.42857142857143,237.11111108476544,0.42857142855102043,2823.0,0.32286785379553756,0.07631251793057281,0.0,0.0,0.0,0.0,ga_meta,mip,ga_meta,pl_rank,pl_rank,8,0.0,1209.8571427995307,0.41511581031842976,1,0,1,0.0,3.421537370378485
6,7,1085.612955840856,490.0,245.0,491.0,9548.0,1641,7907.0,0.3678736517719568,0.4499478260869565,4,36,0.0,0.0,20.0,0.3,40.833333333333336,70.14285713283674,0.46666666663555556,736.0,0.49898167006008354,0.08692741704121643,0.3678736517719568,0.4499478260869565,0.02721088435355639,1.0,ga_meta,ga_meta,pso_meta,rw_rank_bfs,pso_meta,13,0.4089107389294566,343.4666666437689,0.58214527352169,1,0,1,0.165523949889462,12.972826069330399
5,5,95.54659694313852,295.0,17.0,42.0,3013.0,795,2170.0,0.3375,0.9397222222222222,7,16,31644.502093140018,12564.377498022715,,,3.4,8.39999999832,0.49999999995,59.0,0.4047619047522676,0.7118676484651429,0.3375,0.9397222222222222,0.04761904761872368,,d_round,mip,mip,pl_rank,mip,7,0.6386111111111111,29.49999999705,0.4047618566569218,1,0,1,0.31715625000000003,51.06779574461363
7,10,249.346162544639,1530.0,765.0,2933.0,9202.0,4586,4616.0,0.0,0.0,0,0,0.0,0.0,31.0,0.22580645161290322,109.28571428571429,293.29999997067,0.47619047616780047,3698.0,0.2608250937605657,0.12001530075547484,0.0,0.0,0.0,0.0,ga_meta,mip,ga_meta,rw_rank_bfs,d_round,5,0.0,1760.9523808685262,0.3726072755677995,1,0,1,0.0,2.4883720923503594
8,16,901.509039057034,1620.0,810.0,3815.0,9625.0,4944,4681.0,0.0,0.0,0,0,0.0,0.0,31.0,0.25806451612903225,101.25,238.43749998509765,0.5714285714081633,4625.0,0.21231979030138604,0.0795639284689682,0.0,0.0,0.0,0.0,mcts,rw_rank_bfs,mcts,rw_rank_bfs,rw_rank_bfs,2,0.0,2642.8571427627553,0.4246395788484972,2,0,1,0.0,2.0810810806311175
4,3,200.06130094633517,926.0,463.0,652.0,9625.0,4944,4681.0,0.0,0.0,0,0,0.0,0.0,31.0,0.12903225806451613,115.75,217.33333326088888,0.49999999991666666,1115.0,0.710122699385414,0.0795639284689682,0.0,0.0,0.0,0.0,ga_meta,rw_rank_bfs,rw_rank_bfs,rw_rank_bfs,rw_rank_bfs,5,0.0,557.4999999070833,0.5325920222668312,0,0,1,0.0,8.632286987773734
3,3,628.9164279405528,30.0,10.0,49.0,8448.0,4702,3746.0,0.0352892901107919,0.1909287257019438,6,58,106915.79274989398,37106.06924849262,31.0,0.0967741935483871,3.3333333333333335,16.333333327888887,0.9999999996666666,59.0,0.2040816326488963,0.1921201109304772,0.0352892901107919,0.1909287257019438,0.04081632653033459,0.0,ga_meta,mip,ga_meta,pl_rank,pl_rank,5,0.11310900790636785,58.99999998033333,0.20408162022629536,0,0,1,0.0067377391917797045,143.18643825107733
7,16,178.51488882374093,298.0,149.0,820.0,7638.0,853,6785.0,0.6729294478527608,0.5038391224862888,18,36,0.0,0.0,20.0,0.35,21.285714285714285,51.24999999679687,0.7619047618684808,969.0,0.18170731707294913,0.2695801855216602,0.6729294478527608,0.5038391224862888,0.12244897959100376,1.0,ga_meta,ga_meta,mcts,pl_rank,mcts,9,0.5883842851695248,738.2857142505578,0.41533100237490034,1,0,1,0.33904818250131785,7.882352933041948
7,8,686.5332994827498,1378.0,689.0,2096.0,9659.0,4735,4924.0,0.0,0.0,0,0,0.0,0.0,31.0,0.22580645161290322,98.42857142857143,261.99999996725,0.3809523809342404,2785.0,0.3287213740456447,0.07631251793057281,0.0,0.0,0.0,0.0,ga_meta,mip,ga_meta,pl_rank,pl_rank,8,0.0,1060.9523809018594,0.37568156895112,1,0,1,0.0,3.468222619939597
5,5,1347.923133763917,330.0,20.0,46.0,2556.0,652,1866.0,0.4566666666666666,0.9481666666666668,45,16,0.0,0.0,,,4.0,9.19999999816,0.49999999995,66.0,0.4347826086862004,0.755570431290045,0.4566666666666666,0.9481666666666668,0.3061224489775094,,mip,mip,mip,pl_rank,mip,1,0.7024166666666667,32.9999999967,0.4347825615236347,1,0,1,0.43299611111111114,38.72727214049588
8,18,275.9244271557935,1378.0,689.0,4487.0,9659.0,4735,4924.0,0.0,0.0,0,0,0.0,0.0,31.0,0.25806451612903225,86.125,249.277777763929,0.6428571428341837,5176.0,0.15355471361708187,0.07631251793057281,0.0,0.0,0.0,0.0,ga_meta,ga_meta,ga_meta,pl_rank,pl_rank,8,0.0,3327.4285713097347,0.3454981042717092,2,0,1,0.0,1.866112828078417
5,8,279.5038395374076,428.0,214.0,571.0,9350.0,1166,8184.0,0.5508474576271186,0.4306782608695652,7,35,0.0,0.0,20.0,0.25,42.8,71.37499999107813,0.79999999992,785.0,0.3747810858137044,0.10586210194128332,0.5508474576271186,0.4306782608695652,0.04761904761872368,1.0,ga_meta,ga_meta,ga_meta,rw_rank_bfs,d_round,14,0.4907628592483419,627.9999999372001,0.5996497289765361,1,0,1,0.23723802505526895,11.910828010304678
3,3,394.90702468261975,405.0,27.0,59.0,8100.0,4290,3810.0,0.0445434298440979,0.1378139850644942,9,63,50943.00618405795,33962.0041227053,31.0,0.0967741935483871,9.0,19.66666666011111,0.9999999996666666,86.0,0.45762711863631145,0.22539925408817063,0.0445434298440979,0.1378139850644942,0.06122448979550188,0.0,ga_meta,pl_rank,sa_meta,pl_rank,pl_rank,6,0.09117870745429604,85.99999997133332,0.4576270955274358,0,0,1,0.006138707575255853,94.18604541644133
5,5,40.039429614590745,1260.0,630.0,1055.0,9202.0,4586,4616.0,0.0,0.0,0,0,0.0,0.0,31.0,0.16129032258064516,126.0,210.9999999578,0.49999999995,1685.0,0.5971563981036994,0.12001530075547484,0.0,0.0,0.0,0.0,ga_meta,ga_meta,ga_meta,rw_rank_bfs,ga_meta,6,0.0,842.49999991575,0.5971563953935717,1,0,1,0.0,5.461127593198143
6,7,24.661708766409053,227.0,11.0,23.0,2671.0,586,1993.0,0.5116666666666667,0.9446388888888888,23,16,8438.970126797432,3312.667366731162,,,1.8333333333333333,3.285714285244898,0.46666666663555556,34.0,0.47826086954442343,0.7445730132925313,0.5116666666666667,0.9446388888888888,0.15646258503294924,,d_round,mip,mip,rw_rank_bfs,mip,7,0.7281527777777778,15.86666666560889,0.55797084475525,1,0,1,0.4833402314814815,78.5588212188582
4,4,585.631847527239,776.0,388.0,842.0,9202.0,4586,4616.0,0.0,0.0,0,0,0.0,0.0,31.0,0.12903225806451613,97.0,210.499999947375,0.6666666665555555,1230.0,0.4608076009495715,0.12001530075547484,0.0,0.0,0.0,0.0,ga_meta,mip,mip,rw_rank_bfs,d_round,4,0.0,819.9999998633333,0.460807598876211,0,0,1,0.0,7.481300806925771
5,6,325.3986716514084,1090.0,545.0,1681.0,9202.0,4586,4616.0,0.0,0.0,0,0,0.0,0.0,31.0,0.16129032258064516,109.0,280.1666666199722,0.59999999994,2226.0,0.32421177870296003,0.12001530075547484,0.0,0.0,0.0,0.0,ga_meta,ga_meta,mip,rw_rank_bfs,pl_rank,4,0.0,1335.59999986644,0.3890541331199734,1,0,1,0.0,4.133872415034199
6,9,3.708265666150897,1276.0,638.0,1922.0,9625.0,4944,4681.0,0.0,0.0,0,0,0.0,0.0,31.0,0.1935483870967742,106.33333333333333,213.55555553182717,0.59999999996,2560.0,0.3319458896980583,0.0795639284689682,0.0,0.0,0.0,0.0,ga_meta,sa_meta,ga_meta,rw_rank_bfs,rw_rank_bfs,5,0.0,1535.9999998976,0.497918832271105,1,0,1,0.0,3.759765623531342
4,3,333.4583037388232,824.0,412.0,962.0,17304.0,2649,14655.0,0.0,0.0,0,0,0.0,0.0,20.0,0.2,103.0,320.66666655977775,0.49999999991666666,1374.0,0.4282744282739831,-0.6547767045997896,0.0,0.0,0.0,1.0,ga_meta,mip,mip,pl_rank,mip,14,0.0,686.9999998855,0.3212058203112085,0,0,1,0.0,12.59388645371624
4,4,341.9569719968636,340.0,34.0,59.0,9094.0,4759,4335.0,0.0235945835043085,0.0637149028077753,6,63,83095.54419523786,31801.998395708317,31.0,0.12903225806451613,8.5,14.7499999963125,0.6666666665555555,93.0,0.5762711864309107,0.13034331070096583,0.0235945835043085,0.0637149028077753,0.04081632653033459,0.0,ga_meta,rw_rank_bfs,ga_meta,pl_rank,pl_rank,6,0.0436547431560419,61.99999998966666,0.5762711475155154,0,0,1,0.0015033265947669544,97.78494518510811
8,16,169.33211481135936,1360.0,680.0,3912.0,9625.0,4944,4681.0,0.0,0.0,0,0,0.0,0.0,31.0,0.25806451612903225,85.0,244.49999998471876,0.5714285714081633,4592.0,0.17382413087930118,0.0795639284689682,0.0,0.0,0.0,0.0,mip,mip,mip,rw_rank_bfs,rw_rank_bfs,3,0.0,2623.9999999062857,0.34764826035854496,2,0,1,0.0,2.0960365849093994
2,1,771.4238348951095,0.0,0.0,9.0,9080.0,4764,4316.0,0.0225687320475994,0.0678185745140388,7,63,6942.8145140559855,6942.8145140559855,31.0,0.06451612903225806,0.0,8.999999991,0.9999999989999999,9.0,0.0,0.131682126805011,0.0225687320475994,0.0678185745140388,0.04761904761872368,0.0,ga_meta,ga_meta,ga_meta,pl_rank,pl_rank,7,0.045193653280819104,8.999999991,0.0,0,0,1,0.0015305792360574956,1008.888776790136
2,1,264.504428927572,64.0,16.0,18.0,7486.0,4190,3296.0,0.066815144766147,0.2541298936410953,9,61,8993.150583537448,8993.150583537448,31.0,0.06451612903225806,8.0,17.999999982,0.9999999989999999,34.0,0.8888888888395061,0.2841159032227216,0.066815144766147,0.2541298936410953,0.06122448979550188,0.0,ga_meta,ga_meta,mcts,pl_rank,rw_rank_bfs,9,0.16047251920362116,33.999999966,0.4444444201975322,0,0,1,0.01697972563303532,220.17646411245696
7,12,36.209555032658145,492.0,246.0,881.0,10803.0,1513,9290.0,0.4171802773497689,0.3537391304347825,5,36,0.0,0.0,20.0,0.35,35.142857142857146,73.41666666054861,0.5714285714013605,1127.0,0.279228149829422,-0.033087883714258304,0.4171802773497689,0.3537391304347825,0.03401360544194549,1.0,ga_meta,ga_meta,mip,rw_rank_bfs,mip,19,0.3854597038922757,643.9999999693333,0.4786768217994401,1,0,1,0.14757298854424866,9.585625546064218
10,22,97.65299829159864,1002.0,10.0,41.0,3608.0,956,2592.0,0.2033333333333333,0.928,11,16,0.0,0.0,,,1.0,1.8636363635516529,0.48888888887802473,51.0,0.2439024390184414,0.6549679640432247,0.2033333333333333,0.928,0.07482993197228008,,ga_meta,mip,mip,pl_rank,mip,6,0.5656666666666667,24.933333332779263,0.5365850779543484,2,0,1,0.18869333333333332,70.74509665205693
5,6,1473.9373806093115,94.0,47.0,110.0,7891.0,4349,3542.0,0.0314031180400891,0.1984611903145507,6,63,0.0,0.0,31.0,0.16129032258064516,9.4,18.333333330277778,0.59999999994,157.0,0.42727272726884297,0.2453858659271302,0.0314031180400891,0.1984611903145507,0.04081632653033459,0.0,rw_rank_bfs,rw_rank_bfs,rw_rank_bfs,pl_rank,rw_rank_bfs,1,0.1149321541773199,94.19999999058,0.5127272448457866,1,0,1,0.006232300185824423,50.2611461766806
6,7,568.3266946141729,205.0,19.0,13.0,2671.0,586,1993.0,0.5116666666666667,0.9446388888888888,24,16,194475.25082459577,76340.09924952539,,,3.1666666666666665,1.857142856877551,0.46666666663555556,32.0,1.4615384614260354,0.7445730132925313,0.5116666666666667,0.9446388888888888,0.16326530612133835,,d_round,mip,mip,rw_rank_bfs,mip,7,0.7281527777777778,14.933333332337778,1.7051272872263323,1,1,0,0.4833402314814815,83.46874739160165
8,14,266.80722167372437,408.0,2.0,28.0,3121.0,919,2202.0,0.2341666666666666,0.9388333333333332,35,16,0.0,0.0,,,0.25,1.999999999857143,0.49999999998214284,30.0,0.07142857142602041,0.701539638519652,0.2341666666666666,0.9388333333333332,0.2380952380936184,,mip,mip,mip,rw_rank_bfs,mip,1,0.5864999999999999,14.999999999464285,0.12499993750895981,2,0,1,0.21984347222222214,104.03332986555567
6,8,310.4473558106736,1294.0,647.0,1891.0,9625.0,4944,4681.0,0.0,0.0,0,0,0.0,0.0,31.0,0.1935483870967742,107.83333333333333,236.37499997045313,0.5333333332977778,2538.0,0.34214701216269583,0.0795639284689682,0.0,0.0,0.0,0.0,ga_meta,ga_meta,ga_meta,rw_rank_bfs,rw_rank_bfs,7,0.0,1353.59999990976,0.45619601434422624,1,0,1,0.0,3.7923561844789773
3,2,487.08692775866245,1526.0,109.0,76.0,8711.0,1442,7269.0,0.4470858895705522,0.4684460694698354,11,36,120310.47115638964,90111.08163535256,20.0,0.15,36.333333333333336,37.999999981,0.6666666664444444,185.0,1.4342105262969183,0.16696949411877215,0.4470858895705522,0.4684460694698354,0.07482993197228008,1.0,ga_meta,rw_rank_bfs,ga_meta,pl_rank,rw_rank_bfs,17,0.4577659795201938,123.3333332922222,0.9561403261936757,0,0,1,0.20943562768475005,47.08648623196494
5,7,110.67875388692596,88.0,44.0,124.0,7868.0,4315,3553.0,0.0389755011135857,0.1959719393527947,6,61,0.0,0.0,31.0,0.16129032258064516,8.8,17.714285711755103,0.69999999993,168.0,0.3548387096745577,0.24758534952663291,0.0389755011135857,0.1959719393527947,0.04081632653033459,0.0,mip,rw_rank_bfs,mip,pl_rank,rw_rank_bfs,2,0.1174737202331902,117.59999998823999,0.4967741655756519,1,0,1,0.007638104540476399,46.8333330545635
2,0,25.632972737415347,34.0,17.0,49.0,3608.0,956,2592.0,0.2033333333333333,0.928,4,16,7895.565911998627,3032.0144895114154,,,8.5,49000000000.0,0.0,66.0,0.34693877550312374,0.6549679640432247,0.2033333333333333,0.928,0.02721088435355639,,d_round,mip,mip,pl_rank,mip,7,0.5656666666666667,0.0,1.7346938775510204e-10,0,0,1,0.18869333333333332,54.66666583838385
5,7,143.454546343116,1162.0,581.0,1716.0,9202.0,4586,4616.0,0.0,0.0,0,0,0.0,0.0,31.0,0.16129032258064516,116.2,245.14285710783673,0.69999999993,2297.0,0.3385780885778913,0.12001530075547484,0.0,0.0,0.0,0.0,ga_meta,ga_meta,ga_meta,rw_rank_bfs,ga_meta,6,0.0,1607.8999998392098,0.47400932214343516,1,0,1,0.0,4.006094904655597
5,5,252.475396187578,1800.0,120.0,269.0,7383.0,1013,6370.0,0.6417963224893918,0.5657212980638124,16,36,199203.08759199904,98212.92911696785,20.0,0.25,24.0,53.79999998924,0.49999999995,389.0,0.4460966542734346,0.2939657645596251,0.6417963224893918,0.5657212980638124,0.10884353741422556,1.0,ga_meta,sa_meta,pso_meta,rw_rank_bfs,pso_meta,15,0.603758810276602,194.49999998055,0.44609664607255306,1,0,1,0.3630778486512799,18.979434398510453
8,16,9.070504469959818,1514.0,757.0,3614.0,17304.0,2649,14655.0,0.0,0.0,0,0,0.0,0.0,20.0,0.4,94.625,225.87499998588282,0.5714285714081633,4371.0,0.20946319867177382,-0.6547767045997896,0.0,0.0,0.0,1.0,ga_meta,sa_meta,mip,pl_rank,pl_rank,11,0.0,2497.7142856250816,0.418926395515164,2,0,1,0.0,3.958819491201368
4,3,77.25333389864737,116.0,11.0,24.0,3608.0,956,2592.0,0.2033333333333333,0.928,9,16,0.0,0.0,,,2.75,7.999999997333333,0.49999999991666666,35.0,0.4583333333142361,0.6549679640432247,0.2033333333333333,0.928,0.06122448979550188,,ga_meta,mip,mip,pl_rank,mip,6,0.5656666666666667,17.499999997083332,0.3437499571458387,0,0,1,0.18869333333333332,103.08571134040825
7,19,60.20554014482442,1384.0,692.0,5132.0,17304.0,2649,14655.0,0.0,0.0,0,0,0.0,0.0,20.0,0.35,98.85714285714286,270.10526314367866,0.9047619047188209,5824.0,0.13484021823847722,-0.6547767045997896,0.0,0.0,0.0,1.0,ga_meta,mip,mip,pl_rank,mip,10,0.0,5269.3333330824125,0.3659948767401927,1,0,1,0.0,2.971153845643689
3,2,298.99736750729016,348.0,87.0,116.0,9824.0,1486,8338.0,0.4302147239263804,0.3902742230347349,12,36,60696.4656039799,60696.4656039799,20.0,0.15,29.0,57.999999971,0.6666666664444444,203.0,0.7499999999935345,0.0605336138471837,0.4302147239263804,0.3902742230347349,0.08163265306066918,1.0,ga_meta,ga_meta,mcts,pl_rank,mcts,17,0.41024447348055765,135.3333332882222,0.49999999162931047,0,0,1,0.16790171711847107,48.39408843155621
7,10,1126.572630421918,114.0,2.0,10.0,2671.0,586,1993.0,0.5116666666666667,0.9446388888888888,41,16,0.0,0.0,,,0.2857142857142857,0.9999999999,0.47619047616780047,12.0,0.19999999998,0.7445730132925313,0.5116666666666667,0.9446388888888888,0.278911564623953,,ga_meta,mip,mip,rw_rank_bfs,mip,2,0.7281527777777778,5.714285714013606,0.2857140000288571,1,0,1,0.4833402314814815,222.58331478472377
4,3,145.4213319345366,992.0,124.0,85.0,8131.0,1330,6801.0,0.4900306748466257,0.5026691042047532,11,34,37954.96763491405,30393.05837431815,20.0,0.2,31.0,28.333333323888887,0.49999999991666666,209.0,1.458823529394602,0.22243473271492775,0.4900306748466257,0.5026691042047532,0.07482993197228008,1.0,ga_meta,mip,mip,pl_rank,mip,20,0.4963498895256895,104.49999998258333,1.0941176088076139,0,1,0,0.24632328035800402,38.90430603395069
7,13,1851.4898843848605,336.0,168.0,725.0,6993.0,1180,5813.0,0.5475460122699387,0.5749177330895796,13,36,0.0,0.0,20.0,0.35,24.0,55.76923076494083,0.6190476190181405,893.0,0.23172413793071486,0.33126135602945395,0.5475460122699387,0.5749177330895796,0.08843537414905826,1.0,ga_meta,ga_meta,ga_meta,pl_rank,pl_rank,7,0.5612318726797592,552.8095237831996,0.43034481990278256,1,0,1,0.3147939121364723,7.830907046102007
5,6,159.027271035392,806.0,403.0,1278.0,9202.0,4586,4616.0,0.0,0.0,0,0,0.0,0.0,31.0,0.16129032258064516,80.6,212.9999999645,0.59999999994,1681.0,0.3153364632235404,0.12001530075547484,0.0,0.0,0.0,0.0,ga_meta,ga_meta,ga_meta,rw_rank_bfs,ga_meta,1,0.0,1008.5999998991399,0.37840375415506844,1,0,1,0.0,5.4741225428470415
4,4,27.45368854978536,532.0,266.0,1029.0,9202.0,4586,4616.0,0.0,0.0,0,0,0.0,0.0,31.0,0.12903225806451613,66.5,257.24999993568747,0.6666666665555555,1295.0,0.258503401360293,0.12001530075547484,0.0,0.0,0.0,0.0,ga_meta,ga_meta,mip,rw_rank_bfs,pl_rank,3,0.0,863.3333331894444,0.2585034004202978,0,0,1,0.0,7.105791500304408
5,6,146.25520558198255,244.0,122.0,314.0,7209.0,1115,6094.0,0.6057284299858557,0.5845377692937006,16,36,0.0,0.0,20.0,0.25,24.4,52.33333332461111,0.59999999994,436.0,0.3885350318458964,0.31060533613847185,0.6057284299858557,0.5845377692937006,0.10884353741422556,1.0,ga_meta,mip,mip,rw_rank_bfs,rw_rank_bfs,11,0.5951330996397781,261.59999997384,0.46624202938518416,1,0,1,0.35407114526170763,16.534403631801826
4,3,53.86941983211133,128.0,32.0,40.0,8535.0,4667,3868.0,0.0424702503077554,0.1645788336933045,7,48,7110.763417838696,3878.598227912016,31.0,0.12903225806451613,8.0,13.33333332888889,0.49999999991666666,72.0,0.79999999998,0.18380032514105382,0.0424702503077554,0.1645788336933045,0.04761904761872368,0.0,ga_meta,mip,ga_meta,pl_rank,pl_rank,7,0.10352454200052995,35.999999994,0.5999999552000034,0,0,1,0.00698970426231309,118.54166502025465
5,5,321.2307656097135,791.0,113.0,251.0,8595.0,1364,7231.0,0.4769938650306748,0.4712248628884826,13,36,258590.76631581935,116927.99868193571,20.0,0.25,22.6,50.19999998996,0.49999999995,364.0,0.4501992031854574,0.1780625418380033,0.4769938650306748,0.4712248628884826,0.08843537414905826,1.0,ga_meta,mip,mip,pl_rank,pl_rank,16,0.4741093639595787,181.9999999818,0.4501991943091795,1,0,1,0.22477136864772712,23.61263729776748
3,1,693.6237022940387,31.0,3.0,22.0,3013.0,795,2170.0,0.3375,0.9397222222222222,1,16,229724.31673477287,91211.51685166608,,,1.0,21.999999977999998,0.3333333332222222,25.0,0.136363636357438,0.7118676484651429,0.3375,0.9397222222222222,0.0068027210883890975,,d_round,mip,mip,pl_rank,mip,7,0.6386111111111111,8.333333330555554,0.04545454343388439,0,0,1,0.31715625000000003,120.5199951792002
8,15,483.2401421923727,1662.0,831.0,3814.0,17304.0,2649,14655.0,0.0,0.0,0,0,0.0,0.0,20.0,0.4,103.875,254.26666664971555,0.5357142856951531,4645.0,0.21788148925007397,-0.6547767045997896,0.0,0.0,0.0,1.0,ga_meta,ga_meta,mip,pl_rank,pl_rank,10,0.0,2488.392857053986,0.4085277907645407,2,0,1,0.0,3.7252960164208186
8,15,627.4342680199173,1626.0,813.0,3293.0,17304.0,2649,14655.0,0.0,0.0,0,0,0.0,0.0,20.0,0.4,101.625,219.53333331869777,0.5357142856951531,4106.0,0.24688733677490224,-0.6547767045997896,0.0,0.0,0.0,1.0,ga_meta,mip,mip,pl_rank,pso_meta,11,0.0,2199.642857064299,0.46291375437531695,2,0,1,0.0,4.214320505549361
