v_net_count,success_count,inservice_count,total_revenue,total_cost,total_time_revenue,total_time_cost,long_term_r2c_ratio,long_term_time_r2c_ratio,num_running_p_net_nodes,event_id,event_type,event_time,p_net_available_resource,p_net_node_available_resource,p_net_link_available_resource,p_net_node_resource_utilization,p_net_link_resource_utilization,v_net_id,v_net_lifetime,v_net_arrival_time,v_net_num_nodes,v_net_num_egdes,result,node_slots,link_paths,node_slots_info,link_paths_info,v_net_cost,v_net_revenue,v_net_demand,v_net_node_demand,v_net_link_demand,v_net_node_revenue,v_net_link_revenue,v_net_node_cost,v_net_link_cost,v_net_path_cost,v_net_r2c_ratio,v_net_time_cost,v_net_time_revenue,v_net_time_rc_ratio,description,v_net_total_hard_constraint_violation,v_net_single_step_constraint_offset,v_net_constraint_offsets,v_net_constraint_violations,v_net_single_step_violation_list,v_net_single_step_hard_constraint_offset,v_net_max_single_step_hard_constraint_violation,place_result,route_result,early_rejection,revoke_times,selected_actions,num_interactions,v_net_reward,num_placed_nodes,num_routed_links,seed
1,0,0,0.0,0.0,0.0,0.0,0.0,0.0,0,0,1,31.0,17304,2649,14655,0.0,0.0,0,264.08780479495465,31.0,8,13,False,"{0: np.int64(33), 1: np.int64(31), 2: np.int64(0), 3: np.int64(35), 4: np.int64(18), 5: np.int64(29), 6: np.int64(25), 7: np.int64(28)}","{(0, 1): [(np.int64(33), 30), (30, 28), (28, 31)], (0, 3): [(np.int64(33), 30), (30, 28), (28, 31), (31, 35)], (0, 6): []}","{(0, np.int64(33)): {'cpu': 48}, (1, np.int64(31)): {'cpu': 45}, (2, np.int64(0)): {'cpu': 74}, (3, np.int64(35)): {'cpu': 58}, (4, np.int64(18)): {'cpu': 59}, (5, np.int64(29)): {'cpu': 73}, (6, np.int64(25)): {'cpu': 30}, (7, np.int64(28)): {'cpu': 79}}","{((0, 1), (np.int64(33), 30)): {'bw': 98}, ((0, 1), (30, 28)): {'bw': 98}, ((0, 1), (28, 31)): {'bw': 98}, ((0, 3), (np.int64(33), 30)): {'bw': 75}, ((0, 3), (30, 28)): {'bw': 75}, ((0, 3), (28, 31)): {'bw': 75}, ((0, 3), (31, 35)): {'bw': 75}}",0.0,0.0,932.0,466.0,1246.0,0.0,0.0,0.0,0.0,0.0,0.0,0.0,0.0,0.0,Route Failure,100.0,"{'node_level': {}, 'link_level': {}, 'path_level': {}}","{'node_level': {0: {'cpu': -26}, 1: {'cpu': -34}, 2: {'cpu': -18}, 3: {'cpu': -35}, 4: {'cpu': -5}, 5: {'cpu': -23}, 6: {'cpu': -21}, 7: {'cpu': -11}}, 'link_level': {(0, 1): {'bw': -135}, (0, 3): {'bw': -60}, (0, 6): {'bw': 100.0}}, 'path_level': {(0, 1): {}, (0, 3): {}, (0, 6): {}}}","{'node_level': {0: {'cpu': 0}, 1: {'cpu': 0}, 2: {'cpu': 0}, 3: {'cpu': 0}, 4: {'cpu': 0}, 5: {'cpu': 0}, 6: {'cpu': 0}, 7: {'cpu': 0}}, 'link_level': {(0, 1): {'bw': 0}, (0, 3): {'bw': 0}, (0, 6): {'bw': 100.0}}, 'path_level': {(0, 1): {}, (0, 3): {}, (0, 6): {}}}",[],-inf,-inf,True,False,False,0,[],0,0.0,8.0,3.0,3
2,0,0,0.0,0.0,0.0,0.0,0.0,0.0,0,1,1,60.0,17304,2649,14655,0.0,0.0,1,1374.218773921043,60.0,6,6,False,"{0: np.int64(1), 1: np.int64(34), 2: np.int64(33), 3: np.int64(13), 4: np.int64(0), 5: np.int64(21)}","{(0, 5): [(np.int64(1), 20), (20, 22), (22, 21)], (1, 3): [(np.int64(34), 31), (31, 29), (29, 2), (2, 13)], (2, 3): [(np.int64(33), 30), (30, 29), (29, 2), (2, 13)], (2, 4): [(np.int64(33), 30), (30, 28), (28, 0)], (2, 5): []}","{(0, np.int64(1)): {'cpu': 53}, (1, np.int64(34)): {'cpu': 50}, (2, np.int64(33)): {'cpu': 57}, (3, np.int64(13)): {'cpu': 68}, (4, np.int64(0)): {'cpu': 42}, (5, np.int64(21)): {'cpu': 73}}","{((0, 5), (np.int64(1), 20)): {'bw': 98}, ((0, 5), (20, 22)): {'bw': 98}, ((0, 5), (22, 21)): {'bw': 98}, ((1, 3), (np.int64(34), 31)): {'bw': 82}, ((1, 3), (31, 29)): {'bw': 82}, ((1, 3), (29, 2)): {'bw': 82}, ((1, 3), (2, 13)): {'bw': 82}, ((2, 3), (np.int64(33), 30)): {'bw': 85}, ((2, 3), (30, 29)): {'bw': 85}, ((2, 3), (29, 2)): {'bw': 85}, ((2, 3), (2, 13)): {'bw': 85}, ((2, 4), (np.int64(33), 30)): {'bw': 125}, ((2, 4), (30, 28)): {'bw': 125}, ((2, 4), (28, 0)): {'bw': 125}}",0.0,0.0,686.0,343.0,661.0,0.0,0.0,0.0,0.0,0.0,0.0,0.0,0.0,0.0,Route Failure,100.0,"{'node_level': {}, 'link_level': {}, 'path_level': {}}","{'node_level': {0: {'cpu': -21}, 1: {'cpu': -7}, 2: {'cpu': -17}, 3: {'cpu': -14}, 4: {'cpu': -50}, 5: {'cpu': -3}}, 'link_level': {(0, 5): {'bw': -196}, (1, 3): {'bw': -166}, (2, 3): {'bw': -148}, (2, 4): {'bw': -23}, (2, 5): {'bw': 100.0}}, 'path_level': {(0, 5): {}, (1, 3): {}, (2, 3): {}, (2, 4): {}, (2, 5): {}}}","{'node_level': {0: {'cpu': 0}, 1: {'cpu': 0}, 2: {'cpu': 0}, 3: {'cpu': 0}, 4: {'cpu': 0}, 5: {'cpu': 0}}, 'link_level': {(0, 5): {'bw': 0}, (1, 3): {'bw': 0}, (2, 3): {'bw': 0}, (2, 4): {'bw': 0}, (2, 5): {'bw': 100.0}}, 'path_level': {(0, 5): {}, (1, 3): {}, (2, 3): {}, (2, 4): {}, (2, 5): {}}}",[],-inf,-inf,True,False,False,0,[],0,0.0,6.0,5.0,3
3,0,0,0.0,0.0,0.0,0.0,0.0,0.0,0,2,1,97.0,17304,2649,14655,0.0,0.0,2,161.1729662852628,97.0,7,10,False,"{0: np.int64(2), 1: np.int64(26), 2: np.int64(12), 3: np.int64(4), 4: np.int64(25), 5: np.int64(14), 6: np.int64(1)}","{(0, 1): [(np.int64(2), 21), (21, 23), (23, 26)], (0, 2): [(np.int64(2), 13), (13, 14), (14, 12)], (0, 5): [(np.int64(2), 13), (13, 15), (15, 12), (12, 14)], (1, 2): [(np.int64(26), 23), (23, 20), (20, 0), (0, 12)], (1, 3): []}","{(0, np.int64(2)): {'cpu': 40}, (1, np.int64(26)): {'cpu': 55}, (2, np.int64(12)): {'cpu': 80}, (3, np.int64(4)): {'cpu': 31}, (4, np.int64(25)): {'cpu': 48}, (5, np.int64(14)): {'cpu': 53}, (6, np.int64(1)): {'cpu': 37}}","{((0, 1), (np.int64(2), 21)): {'bw': 150}, ((0, 1), (21, 23)): {'bw': 150}, ((0, 1), (23, 26)): {'bw': 150}, ((0, 2), (np.int64(2), 13)): {'bw': 60}, ((0, 2), (13, 14)): {'bw': 60}, ((0, 2), (14, 12)): {'bw': 60}, ((0, 5), (np.int64(2), 13)): {'bw': 150}, ((0, 5), (13, 15)): {'bw': 150}, ((0, 5), (15, 12)): {'bw': 150}, ((0, 5), (12, 14)): {'bw': 150}, ((1, 2), (np.int64(26), 23)): {'bw': 130}, ((1, 2), (23, 20)): {'bw': 130}, ((1, 2), (20, 0)): {'bw': 130}, ((1, 2), (0, 12)): {'bw': 130}}",0.0,0.0,688.0,344.0,1026.0,0.0,0.0,0.0,0.0,0.0,0.0,0.0,0.0,0.0,Route Failure,100.0,"{'node_level': {}, 'link_level': {}, 'path_level': {}}","{'node_level': {0: {'cpu': -13}, 1: {'cpu': -21}, 2: {'cpu': -8}, 3: {'cpu': -19}, 4: {'cpu': -3}, 5: {'cpu': -17}, 6: {'cpu': -37}}, 'link_level': {(0, 1): {'bw': -78}, (0, 2): {'bw': -141}, (0, 5): {'bw': -23}, (1, 2): {'bw': -103}, (1, 3): {'bw': 100.0}}, 'path_level': {(0, 1): {}, (0, 2): {}, (0, 5): {}, (1, 2): {}, (1, 3): {}}}","{'node_level': {0: {'cpu': 0}, 1: {'cpu': 0}, 2: {'cpu': 0}, 3: {'cpu': 0}, 4: {'cpu': 0}, 5: {'cpu': 0}, 6: {'cpu': 0}}, 'link_level': {(0, 1): {'bw': 0}, (0, 2): {'bw': 0}, (0, 5): {'bw': 0}, (1, 2): {'bw': 0}, (1, 3): {'bw': 100.0}}, 'path_level': {(0, 1): {}, (0, 2): {}, (0, 5): {}, (1, 2): {}, (1, 3): {}}}",[],-inf,-inf,True,False,False,0,[],0,0.0,7.0,5.0,3
4,0,0,0.0,0.0,0.0,0.0,0.0,0.0,0,3,1,133.0,17304,2649,14655,0.0,0.0,3,78.49650036304767,133.0,9,22,False,"{0: np.int64(17), 1: np.int64(12), 2: np.int64(28), 3: np.int64(32), 4: np.int64(4), 5: np.int64(16), 6: np.int64(26), 7: np.int64(15), 8: np.int64(0)}","{(0, 1): [(np.int64(17), 14), (14, 12)], (0, 3): [(np.int64(17), 14), (14, 12), (12, 0), (0, 28), (28, 30), (30, 32)], (0, 6): [(np.int64(17), 14), (14, 12), (12, 0), (0, 20), (20, 23), (23, 26)], (0, 7): []}","{(0, np.int64(17)): {'cpu': 41}, (1, np.int64(12)): {'cpu': 74}, (2, np.int64(28)): {'cpu': 46}, (3, np.int64(32)): {'cpu': 75}, (4, np.int64(4)): {'cpu': 44}, (5, np.int64(16)): {'cpu': 37}, (6, np.int64(26)): {'cpu': 74}, (7, np.int64(15)): {'cpu': 65}, (8, np.int64(0)): {'cpu': 32}}","{((0, 1), (np.int64(17), 14)): {'bw': 76}, ((0, 1), (14, 12)): {'bw': 76}, ((0, 3), (np.int64(17), 14)): {'bw': 77}, ((0, 3), (14, 12)): {'bw': 77}, ((0, 3), (12, 0)): {'bw': 77}, ((0, 3), (0, 28)): {'bw': 77}, ((0, 3), (28, 30)): {'bw': 77}, ((0, 3), (30, 32)): {'bw': 77}, ((0, 6), (np.int64(17), 14)): {'bw': 76}, ((0, 6), (14, 12)): {'bw': 76}, ((0, 6), (12, 0)): {'bw': 76}, ((0, 6), (0, 20)): {'bw': 76}, ((0, 6), (20, 23)): {'bw': 76}, ((0, 6), (23, 26)): {'bw': 76}}",0.0,0.0,976.0,488.0,2140.0,0.0,0.0,0.0,0.0,0.0,0.0,0.0,0.0,0.0,Route Failure,100.0,"{'node_level': {}, 'link_level': {}, 'path_level': {}}","{'node_level': {0: {'cpu': -48}, 1: {'cpu': -14}, 2: {'cpu': -44}, 3: {'cpu': -17}, 4: {'cpu': -6}, 5: {'cpu': -42}, 6: {'cpu': -2}, 7: {'cpu': -29}, 8: {'cpu': -60}}, 'link_level': {(0, 1): {'bw': -157}, (0, 3): {'bw': -80}, (0, 6): {'bw': -4}, (0, 7): {'bw': 100.0}}, 'path_level': {(0, 1): {}, (0, 3): {}, (0, 6): {}, (0, 7): {}}}","{'node_level': {0: {'cpu': 0}, 1: {'cpu': 0}, 2: {'cpu': 0}, 3: {'cpu': 0}, 4: {'cpu': 0}, 5: {'cpu': 0}, 6: {'cpu': 0}, 7: {'cpu': 0}, 8: {'cpu': 0}}, 'link_level': {(0, 1): {'bw': 0}, (0, 3): {'bw': 0}, (0, 6): {'bw': 0}, (0, 7): {'bw': 100.0}}, 'path_level': {(0, 1): {}, (0, 3): {}, (0, 6): {}, (0, 7): {}}}",[],-inf,-inf,True,False,False,0,[],0,0.0,9.0,4.0,3
5,1,1,955.0,1590.0,578123.2612110324,962529.827566012,0.60062893081761,0.60062893081761,6,4,1,164.0,15714,2312,13402,0.12721781804454513,0.08549982940975775,4,605.3646714251648,164.0,6,8,True,"{0: np.int64(3), 1: np.int64(1), 2: np.int64(15), 3: np.int64(30), 4: np.int64(32), 5: np.int64(13)}","{(0, 1): [(np.int64(3), 5), (5, 6), (6, 4), (4, 1)], (0, 2): [(np.int64(3), 13), (13, 15)], (0, 5): [(np.int64(3), 13)], (1, 2): [(np.int64(1), 12), (12, 15)], (1, 3): [(np.int64(1), 28), (28, 30)], (1, 5): [(np.int64(1), 12), (12, 14), (14, 13)], (2, 5): [(np.int64(15), 13)], (3, 4): [(np.int64(30), 32)]}","{(0, np.int64(3)): {'cpu': 31}, (1, np.int64(1)): {'cpu': 33}, (2, np.int64(15)): {'cpu': 73}, (3, np.int64(30)): {'cpu': 80}, (4, np.int64(32)): {'cpu': 62}, (5, np.int64(13)): {'cpu': 58}}","{((0, 1), (np.int64(3), 5)): {'bw': 76}, ((0, 1), (5, 6)): {'bw': 76}, ((0, 1), (6, 4)): {'bw': 76}, ((0, 1), (4, 1)): {'bw': 76}, ((0, 2), (np.int64(3), 13)): {'bw': 100}, ((0, 2), (13, 15)): {'bw': 100}, ((0, 5), (np.int64(3), 13)): {'bw': 68}, ((1, 2), (np.int64(1), 12)): {'bw': 74}, ((1, 2), (12, 15)): {'bw': 74}, ((1, 3), (np.int64(1), 28)): {'bw': 87}, ((1, 3), (28, 30)): {'bw': 87}, ((1, 5), (np.int64(1), 12)): {'bw': 73}, ((1, 5), (12, 14)): {'bw': 73}, ((1, 5), (14, 13)): {'bw': 73}, ((2, 5), (np.int64(15), 13)): {'bw': 68}, ((3, 4), (np.int64(30), 32)): {'bw': 72}}",1590.0,955.0,674.0,337.0,618.0,337.0,618.0,337.0,1253.0,635.0,0.60062893081761,962529.827566012,578123.2612110324,363.5995353528506,Success,0.0,"{'node_level': {}, 'link_level': {}, 'path_level': {}}","{'node_level': {0: {'cpu': -27}, 1: {'cpu': -41}, 2: {'cpu': -21}, 3: {'cpu': -3}, 4: {'cpu': -30}, 5: {'cpu': -24}}, 'link_level': {(0, 1): {'bw': -161}, (0, 2): {'bw': -100}, (0, 5): {'bw': -32}, (1, 2): {'bw': -146}, (1, 3): {'bw': -162}, (1, 5): {'bw': -73}, (2, 5): {'bw': -117}, (3, 4): {'bw': -317}}, 'path_level': {(0, 1): {}, (0, 2): {}, (0, 5): {}, (1, 2): {}, (1, 3): {}, (1, 5): {}, (2, 5): {}, (3, 4): {}}}","{'node_level': {0: {'cpu': 0}, 1: {'cpu': 0}, 2: {'cpu': 0}, 3: {'cpu': 0}, 4: {'cpu': 0}, 5: {'cpu': 0}}, 'link_level': {(0, 1): {'bw': 0}, (0, 2): {'bw': 0}, (0, 5): {'bw': 0}, (1, 2): {'bw': 0}, (1, 3): {'bw': 0}, (1, 5): {'bw': 0}, (2, 5): {'bw': 0}, (3, 4): {'bw': 0}}, 'path_level': {(0, 1): {}, (0, 2): {}, (0, 5): {}, (1, 2): {}, (1, 3): {}, (1, 5): {}, (2, 5): {}, (3, 4): {}}}",[],-inf,-inf,True,True,False,0,[],0,0.0,6.0,8.0,3
6,1,1,955.0,1590.0,578123.2612110324,962529.827566012,0.60062893081761,0.60062893081761,6,5,1,193.0,15714,2312,13402,0.12721781804454513,0.08549982940975775,5,418.58562948066964,193.0,6,10,False,"{0: np.int64(12), 1: np.int64(28), 2: np.int64(22), 3: np.int64(23), 4: np.int64(21), 5: np.int64(16)}","{(0, 2): [(np.int64(12), 0), (0, 20), (20, 22)], (0, 3): [(np.int64(12), 0), (0, 20), (20, 23)], (0, 4): [(np.int64(12), 14), (14, 13), (13, 2), (2, 21)], (1, 2): [(np.int64(28), 1), (1, 20), (20, 22)], (1, 3): [(np.int64(28), 0), (0, 4), (4, 1), (1, 20), (20, 23)], (1, 4): [(np.int64(28), 30), (30, 29), (29, 2), (2, 21)], (1, 5): []}","{(0, np.int64(12)): {'cpu': 78}, (1, np.int64(28)): {'cpu': 75}, (2, np.int64(22)): {'cpu': 62}, (3, np.int64(23)): {'cpu': 43}, (4, np.int64(21)): {'cpu': 60}, (5, np.int64(16)): {'cpu': 74}}","{((0, 2), (np.int64(12), 0)): {'bw': 97}, ((0, 2), (0, 20)): {'bw': 97}, ((0, 2), (20, 22)): {'bw': 97}, ((0, 3), (np.int64(12), 0)): {'bw': 129}, ((0, 3), (0, 20)): {'bw': 129}, ((0, 3), (20, 23)): {'bw': 129}, ((0, 4), (np.int64(12), 14)): {'bw': 85}, ((0, 4), (14, 13)): {'bw': 85}, ((0, 4), (13, 2)): {'bw': 85}, ((0, 4), (2, 21)): {'bw': 85}, ((1, 2), (np.int64(28), 1)): {'bw': 138}, ((1, 2), (1, 20)): {'bw': 138}, ((1, 2), (20, 22)): {'bw': 138}, ((1, 3), (np.int64(28), 0)): {'bw': 72}, ((1, 3), (0, 4)): {'bw': 72}, ((1, 3), (4, 1)): {'bw': 72}, ((1, 3), (1, 20)): {'bw': 72}, ((1, 3), (20, 23)): {'bw': 72}, ((1, 4), (np.int64(28), 30)): {'bw': 81}, ((1, 4), (30, 29)): {'bw': 81}, ((1, 4), (29, 2)): {'bw': 81}, ((1, 4), (2, 21)): {'bw': 81}}",0.0,0.0,784.0,392.0,1049.0,0.0,0.0,0.0,0.0,0.0,0.0,0.0,0.0,0.0,Route Failure,100.0,"{'node_level': {}, 'link_level': {}, 'path_level': {}}","{'node_level': {0: {'cpu': -10}, 1: {'cpu': -15}, 2: {'cpu': -10}, 3: {'cpu': -9}, 4: {'cpu': -16}, 5: {'cpu': -5}}, 'link_level': {(0, 2): {'bw': -182}, (0, 3): {'bw': -53}, (0, 4): {'bw': -43}, (1, 2): {'bw': -24}, (1, 3): {'bw': -79}, (1, 4): {'bw': -62}, (1, 5): {'bw': 100.0}}, 'path_level': {(0, 2): {}, (0, 3): {}, (0, 4): {}, (1, 2): {}, (1, 3): {}, (1, 4): {}, (1, 5): {}}}","{'node_level': {0: {'cpu': 0}, 1: {'cpu': 0}, 2: {'cpu': 0}, 3: {'cpu': 0}, 4: {'cpu': 0}, 5: {'cpu': 0}}, 'link_level': {(0, 2): {'bw': 0}, (0, 3): {'bw': 0}, (0, 4): {'bw': 0}, (1, 2): {'bw': 0}, (1, 3): {'bw': 0}, (1, 4): {'bw': 0}, (1, 5): {'bw': 100.0}}, 'path_level': {(0, 2): {}, (0, 3): {}, (0, 4): {}, (1, 2): {}, (1, 3): {}, (1, 4): {}, (1, 5): {}}}",[],-inf,-inf,True,False,False,0,[],0,0.0,6.0,7.0,3
6,1,1,955.0,1590.0,578123.2612110324,962529.827566012,0.60062893081761,0.60062893081761,6,6,0,211.4965003630477,15714,2312,13402,0.12721781804454513,0.08549982940975775,3,78.49650036304767,133.0,9,22,False,{},{},{},{},0.0,0.0,0.0,0.0,0.0,0.0,0.0,0.0,0.0,0.0,0.0,0.0,0.0,0.0,Leave Event,0.0,"{'node_level': {}, 'link_level': {}, 'path_level': {}}","{'node_level': {}, 'link_level': {}, 'path_level': {}}","{'node_level': {}, 'link_level': {}, 'path_level': {}}",[],-inf,-inf,True,True,False,0,[],0,0.0,,,3
7,1,1,955.0,1590.0,578123.2612110324,962529.827566012,0.60062893081761,0.60062893081761,6,7,1,229.0,15714,2312,13402,0.12721781804454513,0.08549982940975775,6,472.8518356433432,229.0,6,6,False,"{0: np.int64(21), 1: np.int64(17), 2: np.int64(11), 3: np.int64(12), 4: np.int64(35), 5: np.int64(23)}","{(0, 3): [(np.int64(21), 2), (2, 13), (13, 14), (14, 12)], (0, 4): [(np.int64(21), 3), (3, 29), (29, 31), (31, 35)], (1, 2): []}","{(0, np.int64(21)): {'cpu': 49}, (1, np.int64(17)): {'cpu': 70}, (2, np.int64(11)): {'cpu': 66}, (3, np.int64(12)): {'cpu': 61}, (4, np.int64(35)): {'cpu': 68}, (5, np.int64(23)): {'cpu': 48}}","{((0, 3), (np.int64(21), 2)): {'bw': 110}, ((0, 3), (2, 13)): {'bw': 110}, ((0, 3), (13, 14)): {'bw': 110}, ((0, 3), (14, 12)): {'bw': 110}, ((0, 4), (np.int64(21), 3)): {'bw': 140}, ((0, 4), (3, 29)): {'bw': 140}, ((0, 4), (29, 31)): {'bw': 140}, ((0, 4), (31, 35)): {'bw': 140}}",0.0,0.0,724.0,362.0,688.0,0.0,0.0,0.0,0.0,0.0,0.0,0.0,0.0,0.0,Route Failure,100.0,"{'node_level': {}, 'link_level': {}, 'path_level': {}}","{'node_level': {0: {'cpu': -27}, 1: {'cpu': -19}, 2: {'cpu': -5}, 3: {'cpu': -27}, 4: {'cpu': -25}, 5: {'cpu': -4}}, 'link_level': {(0, 3): {'bw': -18}, (0, 4): {'bw': -62}, (1, 2): {'bw': 100.0}}, 'path_level': {(0, 3): {}, (0, 4): {}, (1, 2): {}}}","{'node_level': {0: {'cpu': 0}, 1: {'cpu': 0}, 2: {'cpu': 0}, 3: {'cpu': 0}, 4: {'cpu': 0}, 5: {'cpu': 0}}, 'link_level': {(0, 3): {'bw': 0}, (0, 4): {'bw': 0}, (1, 2): {'bw': 100.0}}, 'path_level': {(0, 3): {}, (0, 4): {}, (1, 2): {}}}",[],-inf,-inf,True,False,False,0,[],0,0.0,6.0,3.0,3
8,1,1,955.0,1590.0,578123.2612110324,962529.827566012,0.60062893081761,0.60062893081761,6,8,1,253.0,15714,2312,13402,0.12721781804454513,0.08549982940975775,7,21.469852536087064,253.0,9,23,False,"{0: np.int64(9), 1: np.int64(31), 2: np.int64(6), 3: np.int64(20), 4: np.int64(17), 5: np.int64(0), 6: np.int64(21), 7: np.int64(27), 8: np.int64(26)}","{(0, 2): [(np.int64(9), 6)], (0, 5): [(np.int64(9), 6), (6, 4), (4, 0)], (0, 6): [(np.int64(9), 6), (6, 5), (5, 2), (2, 21)], (0, 7): []}","{(0, np.int64(9)): {'cpu': 43}, (1, np.int64(31)): {'cpu': 57}, (2, np.int64(6)): {'cpu': 66}, (3, np.int64(20)): {'cpu': 66}, (4, np.int64(17)): {'cpu': 74}, (5, np.int64(0)): {'cpu': 75}, (6, np.int64(21)): {'cpu': 58}, (7, np.int64(27)): {'cpu': 54}, (8, np.int64(26)): {'cpu': 75}}","{((0, 2), (np.int64(9), 6)): {'bw': 129}, ((0, 5), (np.int64(9), 6)): {'bw': 123}, ((0, 5), (6, 4)): {'bw': 123}, ((0, 5), (4, 0)): {'bw': 123}, ((0, 6), (np.int64(9), 6)): {'bw': 104}, ((0, 6), (6, 5)): {'bw': 104}, ((0, 6), (5, 2)): {'bw': 104}, ((0, 6), (2, 21)): {'bw': 104}}",0.0,0.0,1136.0,568.0,2701.0,0.0,0.0,0.0,0.0,0.0,0.0,0.0,0.0,0.0,Route Failure,100.0,"{'node_level': {}, 'link_level': {}, 'path_level': {}}","{'node_level': {0: {'cpu': -48}, 1: {'cpu': -22}, 2: {'cpu': -3}, 3: {'cpu': -1}, 4: {'cpu': -15}, 5: {'cpu': -17}, 6: {'cpu': -18}, 7: {'cpu': -1}, 8: {'cpu': -1}}, 'link_level': {(0, 2): {'bw': -270}, (0, 5): {'bw': -110}, (0, 6): {'bw': -43}, (0, 7): {'bw': 100.0}}, 'path_level': {(0, 2): {}, (0, 5): {}, (0, 6): {}, (0, 7): {}}}","{'node_level': {0: {'cpu': 0}, 1: {'cpu': 0}, 2: {'cpu': 0}, 3: {'cpu': 0}, 4: {'cpu': 0}, 5: {'cpu': 0}, 6: {'cpu': 0}, 7: {'cpu': 0}, 8: {'cpu': 0}}, 'link_level': {(0, 2): {'bw': 0}, (0, 5): {'bw': 0}, (0, 6): {'bw': 0}, (0, 7): {'bw': 100.0}}, 'path_level': {(0, 2): {}, (0, 5): {}, (0, 6): {}, (0, 7): {}}}",[],-inf,-inf,True,False,False,0,[],0,0.0,9.0,4.0,3
8,1,1,955.0,1590.0,578123.2612110324,962529.827566012,0.60062893081761,0.60062893081761,6,9,0,258.17296628526276,15714,2312,13402,0.12721781804454513,0.08549982940975775,2,161.1729662852628,97.0,7,10,False,{},{},{},{},0.0,0.0,0.0,0.0,0.0,0.0,0.0,0.0,0.0,0.0,0.0,0.0,0.0,0.0,Leave Event,0.0,"{'node_level': {}, 'link_level': {}, 'path_level': {}}","{'node_level': {}, 'link_level': {}, 'path_level': {}}","{'node_level': {}, 'link_level': {}, 'path_level': {}}",[],-inf,-inf,True,True,False,0,[],0,0.0,,,3
8,1,1,955.0,1590.0,578123.2612110324,962529.827566012,0.60062893081761,0.60062893081761,6,10,0,274.46985253608705,15714,2312,13402,0.12721781804454513,0.08549982940975775,7,21.469852536087064,253.0,9,23,False,{},{},{},{},0.0,0.0,0.0,0.0,0.0,0.0,0.0,0.0,0.0,0.0,0.0,0.0,0.0,0.0,Leave Event,0.0,"{'node_level': {}, 'link_level': {}, 'path_level': {}}","{'node_level': {}, 'link_level': {}, 'path_level': {}}","{'node_level': {}, 'link_level': {}, 'path_level': {}}",[],-inf,-inf,True,True,False,0,[],0,0.0,,,3
9,1,1,955.0,1590.0,578123.2612110324,962529.827566012,0.60062893081761,0.60062893081761,6,11,1,289.0,15714,2312,13402,0.12721781804454513,0.08549982940975775,8,270.0129964594614,289.0,8,14,False,"{0: np.int64(31), 1: np.int64(20), 2: np.int64(11), 3: np.int64(9), 4: np.int64(25), 5: np.int64(26), 6: np.int64(16), 7: np.int64(35)}","{(0, 2): [(np.int64(31), 28), (28, 0), (0, 4), (4, 7), (7, 11)], (0, 5): [(np.int64(31), 28), (28, 0), (0, 20), (20, 23), (23, 26)], (0, 6): [(np.int64(31), 28), (28, 0), (0, 12), (12, 14), (14, 16)], (0, 7): [(np.int64(31), 35)], (1, 3): [(np.int64(20), 1), (1, 4), (4, 6), (6, 9)], (1, 5): [(np.int64(20), 23), (23, 26)], (1, 6): []}","{(0, np.int64(31)): {'cpu': 38}, (1, np.int64(20)): {'cpu': 44}, (2, np.int64(11)): {'cpu': 54}, (3, np.int64(9)): {'cpu': 48}, (4, np.int64(25)): {'cpu': 39}, (5, np.int64(26)): {'cpu': 55}, (6, np.int64(16)): {'cpu': 78}, (7, np.int64(35)): {'cpu': 66}}","{((0, 2), (np.int64(31), 28)): {'bw': 141}, ((0, 2), (28, 0)): {'bw': 141}, ((0, 2), (0, 4)): {'bw': 141}, ((0, 2), (4, 7)): {'bw': 141}, ((0, 2), (7, 11)): {'bw': 141}, ((0, 5), (np.int64(31), 28)): {'bw': 72}, ((0, 5), (28, 0)): {'bw': 72}, ((0, 5), (0, 20)): {'bw': 72}, ((0, 5), (20, 23)): {'bw': 72}, ((0, 5), (23, 26)): {'bw': 72}, ((0, 6), (np.int64(31), 28)): {'bw': 140}, ((0, 6), (28, 0)): {'bw': 140}, ((0, 6), (0, 12)): {'bw': 140}, ((0, 6), (12, 14)): {'bw': 140}, ((0, 6), (14, 16)): {'bw': 140}, ((0, 7), (np.int64(31), 35)): {'bw': 127}, ((1, 3), (np.int64(20), 1)): {'bw': 115}, ((1, 3), (1, 4)): {'bw': 115}, ((1, 3), (4, 6)): {'bw': 115}, ((1, 3), (6, 9)): {'bw': 115}, ((1, 5), (np.int64(20), 23)): {'bw': 123}, ((1, 5), (23, 26)): {'bw': 123}}",0.0,0.0,844.0,422.0,1495.0,0.0,0.0,0.0,0.0,0.0,0.0,0.0,0.0,0.0,Route Failure,100.0,"{'node_level': {}, 'link_level': {}, 'path_level': {}}","{'node_level': {0: {'cpu': -41}, 1: {'cpu': -23}, 2: {'cpu': -17}, 3: {'cpu': -43}, 4: {'cpu': -12}, 5: {'cpu': -21}, 6: {'cpu': -1}, 7: {'cpu': -27}}, 'link_level': {(0, 2): {'bw': -92}, (0, 5): {'bw': -152}, (0, 6): {'bw': -12}, (0, 7): {'bw': -75}, (1, 3): {'bw': -46}, (1, 5): {'bw': -85}, (1, 6): {'bw': 100.0}}, 'path_level': {(0, 2): {}, (0, 5): {}, (0, 6): {}, (0, 7): {}, (1, 3): {}, (1, 5): {}, (1, 6): {}}}","{'node_level': {0: {'cpu': 0}, 1: {'cpu': 0}, 2: {'cpu': 0}, 3: {'cpu': 0}, 4: {'cpu': 0}, 5: {'cpu': 0}, 6: {'cpu': 0}, 7: {'cpu': 0}}, 'link_level': {(0, 2): {'bw': 0}, (0, 5): {'bw': 0}, (0, 6): {'bw': 0}, (0, 7): {'bw': 0}, (1, 3): {'bw': 0}, (1, 5): {'bw': 0}, (1, 6): {'bw': 100.0}}, 'path_level': {(0, 2): {}, (0, 5): {}, (0, 6): {}, (0, 7): {}, (1, 3): {}, (1, 5): {}, (1, 6): {}}}",[],-inf,-inf,True,False,False,0,[],0,0.0,8.0,7.0,3
9,1,1,955.0,1590.0,578123.2612110324,962529.827566012,0.60062893081761,0.60062893081761,6,12,0,295.08780479495465,15714,2312,13402,0.12721781804454513,0.08549982940975775,0,264.08780479495465,31.0,8,13,False,{},{},{},{},0.0,0.0,0.0,0.0,0.0,0.0,0.0,0.0,0.0,0.0,0.0,0.0,0.0,0.0,Leave Event,0.0,"{'node_level': {}, 'link_level': {}, 'path_level': {}}","{'node_level': {}, 'link_level': {}, 'path_level': {}}","{'node_level': {}, 'link_level': {}, 'path_level': {}}",[],-inf,-inf,True,True,False,0,[],0,0.0,,,3
10,1,1,955.0,1590.0,578123.2612110324,962529.827566012,0.60062893081761,0.60062893081761,6,13,1,318.0,15714,2312,13402,0.12721781804454513,0.08549982940975775,9,2.137780683530025,318.0,9,15,False,"{0: np.int64(31), 1: np.int64(24), 2: np.int64(25), 3: np.int64(0), 4: np.int64(29), 5: np.int64(16), 6: np.int64(17), 7: np.int64(2), 8: np.int64(6)}","{(0, 5): [(np.int64(31), 28), (28, 0), (0, 12), (12, 14), (14, 16)], (0, 7): [(np.int64(31), 29), (29, 2)], (0, 8): [(np.int64(31), 28), (28, 0), (0, 4), (4, 6)], (1, 3): [(np.int64(24), 22), (22, 20), (20, 0)], (1, 4): [(np.int64(24), 22), (22, 21), (21, 2), (2, 29)], (1, 5): []}","{(0, np.int64(31)): {'cpu': 61}, (1, np.int64(24)): {'cpu': 52}, (2, np.int64(25)): {'cpu': 32}, (3, np.int64(0)): {'cpu': 74}, (4, np.int64(29)): {'cpu': 59}, (5, np.int64(16)): {'cpu': 72}, (6, np.int64(17)): {'cpu': 58}, (7, np.int64(2)): {'cpu': 44}, (8, np.int64(6)): {'cpu': 54}}","{((0, 5), (np.int64(31), 28)): {'bw': 140}, ((0, 5), (28, 0)): {'bw': 140}, ((0, 5), (0, 12)): {'bw': 140}, ((0, 5), (12, 14)): {'bw': 140}, ((0, 5), (14, 16)): {'bw': 140}, ((0, 7), (np.int64(31), 29)): {'bw': 93}, ((0, 7), (29, 2)): {'bw': 93}, ((0, 8), (np.int64(31), 28)): {'bw': 139}, ((0, 8), (28, 0)): {'bw': 139}, ((0, 8), (0, 4)): {'bw': 139}, ((0, 8), (4, 6)): {'bw': 139}, ((1, 3), (np.int64(24), 22)): {'bw': 72}, ((1, 3), (22, 20)): {'bw': 72}, ((1, 3), (20, 0)): {'bw': 72}, ((1, 4), (np.int64(24), 22)): {'bw': 61}, ((1, 4), (22, 21)): {'bw': 61}, ((1, 4), (21, 2)): {'bw': 61}, ((1, 4), (2, 29)): {'bw': 61}}",0.0,0.0,1012.0,506.0,1469.0,0.0,0.0,0.0,0.0,0.0,0.0,0.0,0.0,0.0,Route Failure,100.0,"{'node_level': {}, 'link_level': {}, 'path_level': {}}","{'node_level': {0: {'cpu': -18}, 1: {'cpu': 0}, 2: {'cpu': -19}, 3: {'cpu': -18}, 4: {'cpu': -37}, 5: {'cpu': -7}, 6: {'cpu': -31}, 7: {'cpu': -9}, 8: {'cpu': -15}}, 'link_level': {(0, 5): {'bw': -20}, (0, 7): {'bw': -155}, (0, 8): {'bw': -86}, (1, 3): {'bw': -146}, (1, 4): {'bw': -85}, (1, 5): {'bw': 100.0}}, 'path_level': {(0, 5): {}, (0, 7): {}, (0, 8): {}, (1, 3): {}, (1, 4): {}, (1, 5): {}}}","{'node_level': {0: {'cpu': 0}, 1: {'cpu': 0}, 2: {'cpu': 0}, 3: {'cpu': 0}, 4: {'cpu': 0}, 5: {'cpu': 0}, 6: {'cpu': 0}, 7: {'cpu': 0}, 8: {'cpu': 0}}, 'link_level': {(0, 5): {'bw': 0}, (0, 7): {'bw': 0}, (0, 8): {'bw': 0}, (1, 3): {'bw': 0}, (1, 4): {'bw': 0}, (1, 5): {'bw': 100.0}}, 'path_level': {(0, 5): {}, (0, 7): {}, (0, 8): {}, (1, 3): {}, (1, 4): {}, (1, 5): {}}}",[],-inf,-inf,True,False,False,0,[],0,0.0,9.0,6.0,3
10,1,1,955.0,1590.0,578123.2612110324,962529.827566012,0.60062893081761,0.60062893081761,6,14,0,320.13778068353,15714,2312,13402,0.12721781804454513,0.08549982940975775,9,2.137780683530025,318.0,9,15,False,{},{},{},{},0.0,0.0,0.0,0.0,0.0,0.0,0.0,0.0,0.0,0.0,0.0,0.0,0.0,0.0,Leave Event,0.0,"{'node_level': {}, 'link_level': {}, 'path_level': {}}","{'node_level': {}, 'link_level': {}, 'path_level': {}}","{'node_level': {}, 'link_level': {}, 'path_level': {}}",[],-inf,-inf,True,True,False,0,[],0,0.0,,,3
11,1,1,955.0,1590.0,578123.2612110324,962529.827566012,0.60062893081761,0.60062893081761,6,15,1,347.0,15714,2312,13402,0.12721781804454513,0.08549982940975775,10,141.53666708401335,347.0,7,10,False,"{0: np.int64(6), 1: np.int64(21), 2: np.int64(17), 3: np.int64(0), 4: np.int64(26), 5: np.int64(12), 6: np.int64(24)}","{(0, 1): [(np.int64(6), 5), (5, 2), (2, 21)], (0, 4): [(np.int64(6), 4), (4, 0), (0, 20), (20, 23), (23, 26)], (0, 5): [(np.int64(6), 4), (4, 0), (0, 12)], (0, 6): [(np.int64(6), 4), (4, 0), (0, 20), (20, 22), (22, 24)], (1, 2): [(np.int64(21), 2), (2, 13), (13, 14), (14, 17)], (1, 3): [(np.int64(21), 22), (22, 20), (20, 0)], (1, 4): [(np.int64(21), 23), (23, 26)], (2, 3): [(np.int64(17), 14), (14, 12), (12, 0)], (2, 5): []}","{(0, np.int64(6)): {'cpu': 46}, (1, np.int64(21)): {'cpu': 51}, (2, np.int64(17)): {'cpu': 66}, (3, np.int64(0)): {'cpu': 35}, (4, np.int64(26)): {'cpu': 75}, (5, np.int64(12)): {'cpu': 64}, (6, np.int64(24)): {'cpu': 46}}","{((0, 1), (np.int64(6), 5)): {'bw': 126}, ((0, 1), (5, 2)): {'bw': 126}, ((0, 1), (2, 21)): {'bw': 126}, ((0, 4), (np.int64(6), 4)): {'bw': 71}, ((0, 4), (4, 0)): {'bw': 71}, ((0, 4), (0, 20)): {'bw': 71}, ((0, 4), (20, 23)): {'bw': 71}, ((0, 4), (23, 26)): {'bw': 71}, ((0, 5), (np.int64(6), 4)): {'bw': 84}, ((0, 5), (4, 0)): {'bw': 84}, ((0, 5), (0, 12)): {'bw': 84}, ((0, 6), (np.int64(6), 4)): {'bw': 66}, ((0, 6), (4, 0)): {'bw': 66}, ((0, 6), (0, 20)): {'bw': 66}, ((0, 6), (20, 22)): {'bw': 66}, ((0, 6), (22, 24)): {'bw': 66}, ((1, 2), (np.int64(21), 2)): {'bw': 73}, ((1, 2), (2, 13)): {'bw': 73}, ((1, 2), (13, 14)): {'bw': 73}, ((1, 2), (14, 17)): {'bw': 73}, ((1, 3), (np.int64(21), 22)): {'bw': 117}, ((1, 3), (22, 20)): {'bw': 117}, ((1, 3), (20, 0)): {'bw': 117}, ((1, 4), (np.int64(21), 23)): {'bw': 86}, ((1, 4), (23, 26)): {'bw': 86}, ((2, 3), (np.int64(17), 14)): {'bw': 122}, ((2, 3), (14, 12)): {'bw': 122}, ((2, 3), (12, 0)): {'bw': 122}}",0.0,0.0,766.0,383.0,918.0,0.0,0.0,0.0,0.0,0.0,0.0,0.0,0.0,0.0,Route Failure,100.0,"{'node_level': {}, 'link_level': {}, 'path_level': {}}","{'node_level': {0: {'cpu': -23}, 1: {'cpu': -25}, 2: {'cpu': -23}, 3: {'cpu': -57}, 4: {'cpu': -1}, 5: {'cpu': -24}, 6: {'cpu': -6}}, 'link_level': {(0, 1): {'bw': -102}, (0, 4): {'bw': -162}, (0, 5): {'bw': -78}, (0, 6): {'bw': -12}, (1, 2): {'bw': -29}, (1, 3): {'bw': -25}, (1, 4): {'bw': -226}, (2, 3): {'bw': -38}, (2, 5): {'bw': 100.0}}, 'path_level': {(0, 1): {}, (0, 4): {}, (0, 5): {}, (0, 6): {}, (1, 2): {}, (1, 3): {}, (1, 4): {}, (2, 3): {}, (2, 5): {}}}","{'node_level': {0: {'cpu': 0}, 1: {'cpu': 0}, 2: {'cpu': 0}, 3: {'cpu': 0}, 4: {'cpu': 0}, 5: {'cpu': 0}, 6: {'cpu': 0}}, 'link_level': {(0, 1): {'bw': 0}, (0, 4): {'bw': 0}, (0, 5): {'bw': 0}, (0, 6): {'bw': 0}, (1, 2): {'bw': 0}, (1, 3): {'bw': 0}, (1, 4): {'bw': 0}, (2, 3): {'bw': 0}, (2, 5): {'bw': 100.0}}, 'path_level': {(0, 1): {}, (0, 4): {}, (0, 5): {}, (0, 6): {}, (1, 2): {}, (1, 3): {}, (1, 4): {}, (2, 3): {}, (2, 5): {}}}",[],-inf,-inf,True,False,False,0,[],0,0.0,7.0,9.0,3
12,1,1,955.0,1590.0,578123.2612110324,962529.827566012,0.60062893081761,0.60062893081761,6,16,1,380.0,15714,2312,13402,0.12721781804454513,0.08549982940975775,11,612.1833152656892,380.0,7,11,False,"{0: np.int64(5), 1: np.int64(31), 2: np.int64(19), 3: np.int64(23), 4: np.int64(9), 5: np.int64(18), 6: np.int64(28)}","{(0, 1): [(np.int64(5), 2), (2, 29), (29, 31)], (0, 2): [(np.int64(5), 2), (2, 13), (13, 15), (15, 19)], (0, 6): [(np.int64(5), 2), (2, 29), (29, 30), (30, 28)], (1, 3): [(np.int64(31), 28), (28, 0), (0, 20), (20, 23)], (1, 4): [(np.int64(31), 28), (28, 0), (0, 4), (4, 6), (6, 9)], (1, 5): [(np.int64(31), 28), (28, 0), (0, 12), (12, 15), (15, 18)], (2, 3): [(np.int64(19), 15), (15, 12), (12, 0), (0, 20), (20, 23)], (2, 4): []}","{(0, np.int64(5)): {'cpu': 37}, (1, np.int64(31)): {'cpu': 38}, (2, np.int64(19)): {'cpu': 55}, (3, np.int64(23)): {'cpu': 46}, (4, np.int64(9)): {'cpu': 63}, (5, np.int64(18)): {'cpu': 56}, (6, np.int64(28)): {'cpu': 48}}","{((0, 1), (np.int64(5), 2)): {'bw': 97}, ((0, 1), (2, 29)): {'bw': 97}, ((0, 1), (29, 31)): {'bw': 97}, ((0, 2), (np.int64(5), 2)): {'bw': 60}, ((0, 2), (2, 13)): {'bw': 60}, ((0, 2), (13, 15)): {'bw': 60}, ((0, 2), (15, 19)): {'bw': 60}, ((0, 6), (np.int64(5), 2)): {'bw': 71}, ((0, 6), (2, 29)): {'bw': 71}, ((0, 6), (29, 30)): {'bw': 71}, ((0, 6), (30, 28)): {'bw': 71}, ((1, 3), (np.int64(31), 28)): {'bw': 96}, ((1, 3), (28, 0)): {'bw': 96}, ((1, 3), (0, 20)): {'bw': 96}, ((1, 3), (20, 23)): {'bw': 96}, ((1, 4), (np.int64(31), 28)): {'bw': 142}, ((1, 4), (28, 0)): {'bw': 142}, ((1, 4), (0, 4)): {'bw': 142}, ((1, 4), (4, 6)): {'bw': 142}, ((1, 4), (6, 9)): {'bw': 142}, ((1, 5), (np.int64(31), 28)): {'bw': 76}, ((1, 5), (28, 0)): {'bw': 76}, ((1, 5), (0, 12)): {'bw': 76}, ((1, 5), (12, 15)): {'bw': 76}, ((1, 5), (15, 18)): {'bw': 76}, ((2, 3), (np.int64(19), 15)): {'bw': 103}, ((2, 3), (15, 12)): {'bw': 103}, ((2, 3), (12, 0)): {'bw': 103}, ((2, 3), (0, 20)): {'bw': 103}, ((2, 3), (20, 23)): {'bw': 103}}",0.0,0.0,686.0,343.0,1027.0,0.0,0.0,0.0,0.0,0.0,0.0,0.0,0.0,0.0,Route Failure,100.0,"{'node_level': {}, 'link_level': {}, 'path_level': {}}","{'node_level': {0: {'cpu': -34}, 1: {'cpu': -41}, 2: {'cpu': -21}, 3: {'cpu': -6}, 4: {'cpu': -28}, 5: {'cpu': -8}, 6: {'cpu': -42}}, 'link_level': {(0, 1): {'bw': -151}, (0, 2): {'bw': -57}, (0, 6): {'bw': -121}, (1, 3): {'bw': -183}, (1, 4): {'bw': -91}, (1, 5): {'bw': -51}, (2, 3): {'bw': -60}, (2, 4): {'bw': 100.0}}, 'path_level': {(0, 1): {}, (0, 2): {}, (0, 6): {}, (1, 3): {}, (1, 4): {}, (1, 5): {}, (2, 3): {}, (2, 4): {}}}","{'node_level': {0: {'cpu': 0}, 1: {'cpu': 0}, 2: {'cpu': 0}, 3: {'cpu': 0}, 4: {'cpu': 0}, 5: {'cpu': 0}, 6: {'cpu': 0}}, 'link_level': {(0, 1): {'bw': 0}, (0, 2): {'bw': 0}, (0, 6): {'bw': 0}, (1, 3): {'bw': 0}, (1, 4): {'bw': 0}, (1, 5): {'bw': 0}, (2, 3): {'bw': 0}, (2, 4): {'bw': 100.0}}, 'path_level': {(0, 1): {}, (0, 2): {}, (0, 6): {}, (1, 3): {}, (1, 4): {}, (1, 5): {}, (2, 3): {}, (2, 4): {}}}",[],-inf,-inf,True,False,False,0,[],0,0.0,7.0,8.0,3
13,1,1,955.0,1590.0,578123.2612110324,962529.827566012,0.60062893081761,0.60062893081761,6,17,1,420.0,15714,2312,13402,0.12721781804454513,0.08549982940975775,12,31.757903967896446,420.0,8,15,False,"{0: np.int64(26), 1: np.int64(6), 2: np.int64(1), 3: np.int64(21), 4: np.int64(12), 5: np.int64(10), 6: np.int64(28), 7: np.int64(31)}","{(0, 1): [(np.int64(26), 23), (23, 20), (20, 0), (0, 4), (4, 6)], (0, 2): [(np.int64(26), 23), (23, 20), (20, 1)], (0, 3): [(np.int64(26), 23), (23, 21)], (0, 4): [(np.int64(26), 23), (23, 21), (21, 2), (2, 13), (13, 14), (14, 12)], (0, 5): []}","{(0, np.int64(26)): {'cpu': 60}, (1, np.int64(6)): {'cpu': 61}, (2, np.int64(1)): {'cpu': 40}, (3, np.int64(21)): {'cpu': 33}, (4, np.int64(12)): {'cpu': 32}, (5, np.int64(10)): {'cpu': 33}, (6, np.int64(28)): {'cpu': 74}, (7, np.int64(31)): {'cpu': 66}}","{((0, 1), (np.int64(26), 23)): {'bw': 118}, ((0, 1), (23, 20)): {'bw': 118}, ((0, 1), (20, 0)): {'bw': 118}, ((0, 1), (0, 4)): {'bw': 118}, ((0, 1), (4, 6)): {'bw': 118}, ((0, 2), (np.int64(26), 23)): {'bw': 78}, ((0, 2), (23, 20)): {'bw': 78}, ((0, 2), (20, 1)): {'bw': 78}, ((0, 3), (np.int64(26), 23)): {'bw': 65}, ((0, 3), (23, 21)): {'bw': 65}, ((0, 4), (np.int64(26), 23)): {'bw': 103}, ((0, 4), (23, 21)): {'bw': 103}, ((0, 4), (21, 2)): {'bw': 103}, ((0, 4), (2, 13)): {'bw': 103}, ((0, 4), (13, 14)): {'bw': 103}, ((0, 4), (14, 12)): {'bw': 103}}",0.0,0.0,798.0,399.0,1520.0,0.0,0.0,0.0,0.0,0.0,0.0,0.0,0.0,0.0,Route Failure,100.0,"{'node_level': {}, 'link_level': {}, 'path_level': {}}","{'node_level': {0: {'cpu': -16}, 1: {'cpu': -8}, 2: {'cpu': -1}, 3: {'cpu': -43}, 4: {'cpu': -56}, 5: {'cpu': -27}, 6: {'cpu': -16}, 7: {'cpu': -13}}, 'link_level': {(0, 1): {'bw': -115}, (0, 2): {'bw': -84}, (0, 3): {'bw': -122}, (0, 4): {'bw': -19}, (0, 5): {'bw': 100.0}}, 'path_level': {(0, 1): {}, (0, 2): {}, (0, 3): {}, (0, 4): {}, (0, 5): {}}}","{'node_level': {0: {'cpu': 0}, 1: {'cpu': 0}, 2: {'cpu': 0}, 3: {'cpu': 0}, 4: {'cpu': 0}, 5: {'cpu': 0}, 6: {'cpu': 0}, 7: {'cpu': 0}}, 'link_level': {(0, 1): {'bw': 0}, (0, 2): {'bw': 0}, (0, 3): {'bw': 0}, (0, 4): {'bw': 0}, (0, 5): {'bw': 100.0}}, 'path_level': {(0, 1): {}, (0, 2): {}, (0, 3): {}, (0, 4): {}, (0, 5): {}}}",[],-inf,-inf,True,False,False,0,[],0,0.0,8.0,5.0,3
13,1,1,955.0,1590.0,578123.2612110324,962529.827566012,0.60062893081761,0.60062893081761,6,18,0,451.7579039678964,15714,2312,13402,0.12721781804454513,0.08549982940975775,12,31.757903967896446,420.0,8,15,False,{},{},{},{},0.0,0.0,0.0,0.0,0.0,0.0,0.0,0.0,0.0,0.0,0.0,0.0,0.0,0.0,Leave Event,0.0,"{'node_level': {}, 'link_level': {}, 'path_level': {}}","{'node_level': {}, 'link_level': {}, 'path_level': {}}","{'node_level': {}, 'link_level': {}, 'path_level': {}}",[],-inf,-inf,True,True,False,0,[],0,0.0,,,3
14,1,1,955.0,1590.0,578123.2612110324,962529.827566012,0.60062893081761,0.60062893081761,6,19,1,459.0,15714,2312,13402,0.12721781804454513,0.08549982940975775,13,174.56140844684336,459.0,6,9,False,"{0: np.int64(0), 1: np.int64(21), 2: np.int64(22), 3: np.int64(12), 4: np.int64(18), 5: np.int64(35)}","{(0, 2): [(np.int64(0), 20), (20, 22)], (0, 3): [(np.int64(0), 12)], (0, 4): [(np.int64(0), 12), (12, 15), (15, 18)], (0, 5): [(np.int64(0), 28), (28, 31), (31, 35)], (1, 5): []}","{(0, np.int64(0)): {'cpu': 61}, (1, np.int64(21)): {'cpu': 34}, (2, np.int64(22)): {'cpu': 41}, (3, np.int64(12)): {'cpu': 48}, (4, np.int64(18)): {'cpu': 61}, (5, np.int64(35)): {'cpu': 76}}","{((0, 2), (np.int64(0), 20)): {'bw': 75}, ((0, 2), (20, 22)): {'bw': 75}, ((0, 3), (np.int64(0), 12)): {'bw': 108}, ((0, 4), (np.int64(0), 12)): {'bw': 91}, ((0, 4), (12, 15)): {'bw': 91}, ((0, 4), (15, 18)): {'bw': 91}, ((0, 5), (np.int64(0), 28)): {'bw': 118}, ((0, 5), (28, 31)): {'bw': 118}, ((0, 5), (31, 35)): {'bw': 118}}",0.0,0.0,642.0,321.0,914.0,0.0,0.0,0.0,0.0,0.0,0.0,0.0,0.0,0.0,Route Failure,100.0,"{'node_level': {}, 'link_level': {}, 'path_level': {}}","{'node_level': {0: {'cpu': -31}, 1: {'cpu': -42}, 2: {'cpu': -31}, 3: {'cpu': -40}, 4: {'cpu': -3}, 5: {'cpu': -17}}, 'link_level': {(0, 2): {'bw': -204}, (0, 3): {'bw': -215}, (0, 4): {'bw': -124}, (0, 5): {'bw': -84}, (1, 5): {'bw': 100.0}}, 'path_level': {(0, 2): {}, (0, 3): {}, (0, 4): {}, (0, 5): {}, (1, 5): {}}}","{'node_level': {0: {'cpu': 0}, 1: {'cpu': 0}, 2: {'cpu': 0}, 3: {'cpu': 0}, 4: {'cpu': 0}, 5: {'cpu': 0}}, 'link_level': {(0, 2): {'bw': 0}, (0, 3): {'bw': 0}, (0, 4): {'bw': 0}, (0, 5): {'bw': 0}, (1, 5): {'bw': 100.0}}, 'path_level': {(0, 2): {}, (0, 3): {}, (0, 4): {}, (0, 5): {}, (1, 5): {}}}",[],-inf,-inf,True,False,False,0,[],0,0.0,6.0,5.0,3
14,1,1,955.0,1590.0,578123.2612110324,962529.827566012,0.60062893081761,0.60062893081761,6,20,0,488.53666708401335,15714,2312,13402,0.12721781804454513,0.08549982940975775,10,141.53666708401335,347.0,7,10,False,{},{},{},{},0.0,0.0,0.0,0.0,0.0,0.0,0.0,0.0,0.0,0.0,0.0,0.0,0.0,0.0,Leave Event,0.0,"{'node_level': {}, 'link_level': {}, 'path_level': {}}","{'node_level': {}, 'link_level': {}, 'path_level': {}}","{'node_level': {}, 'link_level': {}, 'path_level': {}}",[],-inf,-inf,True,True,False,0,[],0,0.0,,,3
15,1,1,955.0,1590.0,578123.2612110324,962529.827566012,0.60062893081761,0.60062893081761,6,21,1,500.0,15714,2312,13402,0.12721781804454513,0.08549982940975775,14,2216.1445591984884,500.0,10,20,False,"{0: np.int64(33), 1: np.int64(9), 2: np.int64(17), 3: np.int64(6), 4: np.int64(11), 5: np.int64(20), 6: np.int64(29), 7: np.int64(16), 8: np.int64(31), 9: np.int64(8)}","{(0, 2): [(np.int64(33), 30), (30, 28), (28, 0), (0, 12), (12, 14), (14, 17)], (0, 3): [(np.int64(33), 30), (30, 28), (28, 0), (0, 4), (4, 6)], (0, 6): []}","{(0, np.int64(33)): {'cpu': 73}, (1, np.int64(9)): {'cpu': 45}, (2, np.int64(17)): {'cpu': 40}, (3, np.int64(6)): {'cpu': 57}, (4, np.int64(11)): {'cpu': 70}, (5, np.int64(20)): {'cpu': 31}, (6, np.int64(29)): {'cpu': 66}, (7, np.int64(16)): {'cpu': 39}, (8, np.int64(31)): {'cpu': 51}, (9, np.int64(8)): {'cpu': 77}}","{((0, 2), (np.int64(33), 30)): {'bw': 60}, ((0, 2), (30, 28)): {'bw': 60}, ((0, 2), (28, 0)): {'bw': 60}, ((0, 2), (0, 12)): {'bw': 60}, ((0, 2), (12, 14)): {'bw': 60}, ((0, 2), (14, 17)): {'bw': 60}, ((0, 3), (np.int64(33), 30)): {'bw': 86}, ((0, 3), (30, 28)): {'bw': 86}, ((0, 3), (28, 0)): {'bw': 86}, ((0, 3), (0, 4)): {'bw': 86}, ((0, 3), (4, 6)): {'bw': 86}}",0.0,0.0,1098.0,549.0,1989.0,0.0,0.0,0.0,0.0,0.0,0.0,0.0,0.0,0.0,Route Failure,100.0,"{'node_level': {}, 'link_level': {}, 'path_level': {}}","{'node_level': {0: {'cpu': -1}, 1: {'cpu': -46}, 2: {'cpu': -49}, 3: {'cpu': -12}, 4: {'cpu': -1}, 5: {'cpu': -36}, 6: {'cpu': -30}, 7: {'cpu': -40}, 8: {'cpu': -28}, 9: {'cpu': -16}}, 'link_level': {(0, 2): {'bw': -100}, (0, 3): {'bw': -87}, (0, 6): {'bw': 100.0}}, 'path_level': {(0, 2): {}, (0, 3): {}, (0, 6): {}}}","{'node_level': {0: {'cpu': 0}, 1: {'cpu': 0}, 2: {'cpu': 0}, 3: {'cpu': 0}, 4: {'cpu': 0}, 5: {'cpu': 0}, 6: {'cpu': 0}, 7: {'cpu': 0}, 8: {'cpu': 0}, 9: {'cpu': 0}}, 'link_level': {(0, 2): {'bw': 0}, (0, 3): {'bw': 0}, (0, 6): {'bw': 100.0}}, 'path_level': {(0, 2): {}, (0, 3): {}, (0, 6): {}}}",[],-inf,-inf,True,False,False,0,[],0,0.0,10.0,3.0,3
16,1,1,955.0,1590.0,578123.2612110324,962529.827566012,0.60062893081761,0.60062893081761,6,22,1,532.0,15714,2312,13402,0.12721781804454513,0.08549982940975775,15,1774.0760363881539,532.0,10,23,False,"{0: np.int64(18), 1: np.int64(12), 2: np.int64(9), 3: np.int64(31), 4: np.int64(17), 5: np.int64(35), 6: np.int64(29), 7: np.int64(24), 8: np.int64(19), 9: np.int64(28)}","{(0, 2): [(np.int64(18), 15), (15, 12), (12, 0), (0, 4), (4, 6), (6, 9)], (0, 4): [(np.int64(18), 15), (15, 12), (12, 14), (14, 17)], (0, 5): [(np.int64(18), 15), (15, 13), (13, 2), (2, 29), (29, 31), (31, 35)], (1, 2): [(np.int64(12), 0), (0, 4), (4, 6), (6, 9)], (1, 3): [(np.int64(12), 0), (0, 28), (28, 31)], (1, 4): []}","{(0, np.int64(18)): {'cpu': 41}, (1, np.int64(12)): {'cpu': 79}, (2, np.int64(9)): {'cpu': 36}, (3, np.int64(31)): {'cpu': 45}, (4, np.int64(17)): {'cpu': 77}, (5, np.int64(35)): {'cpu': 63}, (6, np.int64(29)): {'cpu': 79}, (7, np.int64(24)): {'cpu': 32}, (8, np.int64(19)): {'cpu': 73}, (9, np.int64(28)): {'cpu': 73}}","{((0, 2), (np.int64(18), 15)): {'bw': 103}, ((0, 2), (15, 12)): {'bw': 103}, ((0, 2), (12, 0)): {'bw': 103}, ((0, 2), (0, 4)): {'bw': 103}, ((0, 2), (4, 6)): {'bw': 103}, ((0, 2), (6, 9)): {'bw': 103}, ((0, 4), (np.int64(18), 15)): {'bw': 80}, ((0, 4), (15, 12)): {'bw': 80}, ((0, 4), (12, 14)): {'bw': 80}, ((0, 4), (14, 17)): {'bw': 80}, ((0, 5), (np.int64(18), 15)): {'bw': 91}, ((0, 5), (15, 13)): {'bw': 91}, ((0, 5), (13, 2)): {'bw': 91}, ((0, 5), (2, 29)): {'bw': 91}, ((0, 5), (29, 31)): {'bw': 91}, ((0, 5), (31, 35)): {'bw': 91}, ((1, 2), (np.int64(12), 0)): {'bw': 89}, ((1, 2), (0, 4)): {'bw': 89}, ((1, 2), (4, 6)): {'bw': 89}, ((1, 2), (6, 9)): {'bw': 89}, ((1, 3), (np.int64(12), 0)): {'bw': 124}, ((1, 3), (0, 28)): {'bw': 124}, ((1, 3), (28, 31)): {'bw': 124}}",0.0,0.0,1196.0,598.0,2414.0,0.0,0.0,0.0,0.0,0.0,0.0,0.0,0.0,0.0,Route Failure,100.0,"{'node_level': {}, 'link_level': {}, 'path_level': {}}","{'node_level': {0: {'cpu': -23}, 1: {'cpu': -9}, 2: {'cpu': -55}, 3: {'cpu': -34}, 4: {'cpu': -12}, 5: {'cpu': -30}, 6: {'cpu': -17}, 7: {'cpu': -20}, 8: {'cpu': -3}, 9: {'cpu': -17}}, 'link_level': {(0, 2): {'bw': -130}, (0, 4): {'bw': -56}, (0, 5): {'bw': -26}, (1, 2): {'bw': -41}, (1, 3): {'bw': -7}, (1, 4): {'bw': 100.0}}, 'path_level': {(0, 2): {}, (0, 4): {}, (0, 5): {}, (1, 2): {}, (1, 3): {}, (1, 4): {}}}","{'node_level': {0: {'cpu': 0}, 1: {'cpu': 0}, 2: {'cpu': 0}, 3: {'cpu': 0}, 4: {'cpu': 0}, 5: {'cpu': 0}, 6: {'cpu': 0}, 7: {'cpu': 0}, 8: {'cpu': 0}, 9: {'cpu': 0}}, 'link_level': {(0, 2): {'bw': 0}, (0, 4): {'bw': 0}, (0, 5): {'bw': 0}, (1, 2): {'bw': 0}, (1, 3): {'bw': 0}, (1, 4): {'bw': 100.0}}, 'path_level': {(0, 2): {}, (0, 4): {}, (0, 5): {}, (1, 2): {}, (1, 3): {}, (1, 4): {}}}",[],-inf,-inf,True,False,False,0,[],0,0.0,10.0,6.0,3
16,1,1,955.0,1590.0,578123.2612110324,962529.827566012,0.60062893081761,0.60062893081761,6,23,0,559.0129964594614,15714,2312,13402,0.12721781804454513,0.08549982940975775,8,270.0129964594614,289.0,8,14,False,{},{},{},{},0.0,0.0,0.0,0.0,0.0,0.0,0.0,0.0,0.0,0.0,0.0,0.0,0.0,0.0,Leave Event,0.0,"{'node_level': {}, 'link_level': {}, 'path_level': {}}","{'node_level': {}, 'link_level': {}, 'path_level': {}}","{'node_level': {}, 'link_level': {}, 'path_level': {}}",[],-inf,-inf,True,True,False,0,[],0,0.0,,,3
17,1,1,955.0,1590.0,578123.2612110324,962529.827566012,0.60062893081761,0.60062893081761,6,24,1,561.0,15714,2312,13402,0.12721781804454513,0.08549982940975775,16,328.74176686681676,561.0,6,7,False,"{0: np.int64(33), 1: np.int64(29), 2: np.int64(5), 3: np.int64(35), 4: np.int64(14), 5: np.int64(12)}","{(0, 1): [(np.int64(33), 30), (30, 29)], (0, 2): [(np.int64(33), 30), (30, 29), (29, 2), (2, 5)], (0, 3): []}","{(0, np.int64(33)): {'cpu': 55}, (1, np.int64(29)): {'cpu': 68}, (2, np.int64(5)): {'cpu': 54}, (3, np.int64(35)): {'cpu': 80}, (4, np.int64(14)): {'cpu': 58}, (5, np.int64(12)): {'cpu': 47}}","{((0, 1), (np.int64(33), 30)): {'bw': 93}, ((0, 1), (30, 29)): {'bw': 93}, ((0, 2), (np.int64(33), 30)): {'bw': 84}, ((0, 2), (30, 29)): {'bw': 84}, ((0, 2), (29, 2)): {'bw': 84}, ((0, 2), (2, 5)): {'bw': 84}}",0.0,0.0,724.0,362.0,683.0,0.0,0.0,0.0,0.0,0.0,0.0,0.0,0.0,0.0,Route Failure,100.0,"{'node_level': {}, 'link_level': {}, 'path_level': {}}","{'node_level': {0: {'cpu': -19}, 1: {'cpu': -28}, 2: {'cpu': -17}, 3: {'cpu': -13}, 4: {'cpu': -12}, 5: {'cpu': -41}}, 'link_level': {(0, 1): {'bw': -140}, (0, 2): {'bw': -56}, (0, 3): {'bw': 100.0}}, 'path_level': {(0, 1): {}, (0, 2): {}, (0, 3): {}}}","{'node_level': {0: {'cpu': 0}, 1: {'cpu': 0}, 2: {'cpu': 0}, 3: {'cpu': 0}, 4: {'cpu': 0}, 5: {'cpu': 0}}, 'link_level': {(0, 1): {'bw': 0}, (0, 2): {'bw': 0}, (0, 3): {'bw': 100.0}}, 'path_level': {(0, 1): {}, (0, 2): {}, (0, 3): {}}}",[],-inf,-inf,True,False,False,0,[],0,0.0,6.0,3.0,3
18,1,1,955.0,1590.0,578123.2612110324,962529.827566012,0.60062893081761,0.60062893081761,6,25,1,597.0,15714,2312,13402,0.12721781804454513,0.08549982940975775,17,665.3227175451742,597.0,8,11,False,"{0: np.int64(33), 1: np.int64(18), 2: np.int64(23), 3: np.int64(28), 4: np.int64(0), 5: np.int64(17), 6: np.int64(12), 7: np.int64(26)}","{(0, 4): [(np.int64(33), 30), (30, 28), (28, 0)], (0, 6): []}","{(0, np.int64(33)): {'cpu': 73}, (1, np.int64(18)): {'cpu': 55}, (2, np.int64(23)): {'cpu': 38}, (3, np.int64(28)): {'cpu': 75}, (4, np.int64(0)): {'cpu': 54}, (5, np.int64(17)): {'cpu': 68}, (6, np.int64(12)): {'cpu': 79}, (7, np.int64(26)): {'cpu': 76}}","{((0, 4), (np.int64(33), 30)): {'bw': 145}, ((0, 4), (30, 28)): {'bw': 145}, ((0, 4), (28, 0)): {'bw': 145}}",0.0,0.0,1036.0,518.0,1122.0,0.0,0.0,0.0,0.0,0.0,0.0,0.0,0.0,0.0,Route Failure,100.0,"{'node_level': {}, 'link_level': {}, 'path_level': {}}","{'node_level': {0: {'cpu': -1}, 1: {'cpu': -9}, 2: {'cpu': -14}, 3: {'cpu': -15}, 4: {'cpu': -38}, 5: {'cpu': -21}, 6: {'cpu': -9}, 7: {'cpu': 0}}, 'link_level': {(0, 4): {'bw': -88}, (0, 6): {'bw': 100.0}}, 'path_level': {(0, 4): {}, (0, 6): {}}}","{'node_level': {0: {'cpu': 0}, 1: {'cpu': 0}, 2: {'cpu': 0}, 3: {'cpu': 0}, 4: {'cpu': 0}, 5: {'cpu': 0}, 6: {'cpu': 0}, 7: {'cpu': 0}}, 'link_level': {(0, 4): {'bw': 0}, (0, 6): {'bw': 100.0}}, 'path_level': {(0, 4): {}, (0, 6): {}}}",[],-inf,-inf,True,False,False,0,[],0,0.0,8.0,2.0,3
18,1,1,955.0,1590.0,578123.2612110324,962529.827566012,0.60062893081761,0.60062893081761,6,26,0,611.5856294806697,15714,2312,13402,0.12721781804454513,0.08549982940975775,5,418.58562948066964,193.0,6,10,False,{},{},{},{},0.0,0.0,0.0,0.0,0.0,0.0,0.0,0.0,0.0,0.0,0.0,0.0,0.0,0.0,Leave Event,0.0,"{'node_level': {}, 'link_level': {}, 'path_level': {}}","{'node_level': {}, 'link_level': {}, 'path_level': {}}","{'node_level': {}, 'link_level': {}, 'path_level': {}}",[],-inf,-inf,True,True,False,0,[],0,0.0,,,3
19,1,1,955.0,1590.0,578123.2612110324,962529.827566012,0.60062893081761,0.60062893081761,6,27,1,624.0,15714,2312,13402,0.12721781804454513,0.08549982940975775,18,500.7279627631113,624.0,7,8,False,"{0: np.int64(9), 1: np.int64(4), 2: np.int64(22), 3: np.int64(27), 4: np.int64(33), 5: np.int64(35), 6: np.int64(29)}","{(0, 1): [(np.int64(9), 6), (6, 4)], (0, 2): [(np.int64(9), 6), (6, 4), (4, 0), (0, 20), (20, 22)], (0, 5): [(np.int64(9), 6), (6, 5), (5, 2), (2, 29), (29, 31), (31, 35)], (1, 3): [(np.int64(4), 0), (0, 20), (20, 23), (23, 27)], (2, 5): []}","{(0, np.int64(9)): {'cpu': 62}, (1, np.int64(4)): {'cpu': 41}, (2, np.int64(22)): {'cpu': 65}, (3, np.int64(27)): {'cpu': 44}, (4, np.int64(33)): {'cpu': 59}, (5, np.int64(35)): {'cpu': 31}, (6, np.int64(29)): {'cpu': 36}}","{((0, 1), (np.int64(9), 6)): {'bw': 125}, ((0, 1), (6, 4)): {'bw': 125}, ((0, 2), (np.int64(9), 6)): {'bw': 107}, ((0, 2), (6, 4)): {'bw': 107}, ((0, 2), (4, 0)): {'bw': 107}, ((0, 2), (0, 20)): {'bw': 107}, ((0, 2), (20, 22)): {'bw': 107}, ((0, 5), (np.int64(9), 6)): {'bw': 133}, ((0, 5), (6, 5)): {'bw': 133}, ((0, 5), (5, 2)): {'bw': 133}, ((0, 5), (2, 29)): {'bw': 133}, ((0, 5), (29, 31)): {'bw': 133}, ((0, 5), (31, 35)): {'bw': 133}, ((1, 3), (np.int64(4), 0)): {'bw': 95}, ((1, 3), (0, 20)): {'bw': 95}, ((1, 3), (20, 23)): {'bw': 95}, ((1, 3), (23, 27)): {'bw': 95}}",0.0,0.0,676.0,338.0,747.0,0.0,0.0,0.0,0.0,0.0,0.0,0.0,0.0,0.0,Route Failure,100.0,"{'node_level': {}, 'link_level': {}, 'path_level': {}}","{'node_level': {0: {'cpu': -29}, 1: {'cpu': -9}, 2: {'cpu': -7}, 3: {'cpu': -11}, 4: {'cpu': -15}, 5: {'cpu': -62}, 6: {'cpu': -60}}, 'link_level': {(0, 1): {'bw': -115}, (0, 2): {'bw': -8}, (0, 5): {'bw': -34}, (1, 3): {'bw': -31}, (2, 5): {'bw': 100.0}}, 'path_level': {(0, 1): {}, (0, 2): {}, (0, 5): {}, (1, 3): {}, (2, 5): {}}}","{'node_level': {0: {'cpu': 0}, 1: {'cpu': 0}, 2: {'cpu': 0}, 3: {'cpu': 0}, 4: {'cpu': 0}, 5: {'cpu': 0}, 6: {'cpu': 0}}, 'link_level': {(0, 1): {'bw': 0}, (0, 2): {'bw': 0}, (0, 5): {'bw': 0}, (1, 3): {'bw': 0}, (2, 5): {'bw': 100.0}}, 'path_level': {(0, 1): {}, (0, 2): {}, (0, 5): {}, (1, 3): {}, (2, 5): {}}}",[],-inf,-inf,True,False,False,0,[],0,0.0,7.0,5.0,3
19,1,1,955.0,1590.0,578123.2612110324,962529.827566012,0.60062893081761,0.60062893081761,6,28,0,633.5614084468434,15714,2312,13402,0.12721781804454513,0.08549982940975775,13,174.56140844684336,459.0,6,9,False,{},{},{},{},0.0,0.0,0.0,0.0,0.0,0.0,0.0,0.0,0.0,0.0,0.0,0.0,0.0,0.0,Leave Event,0.0,"{'node_level': {}, 'link_level': {}, 'path_level': {}}","{'node_level': {}, 'link_level': {}, 'path_level': {}}","{'node_level': {}, 'link_level': {}, 'path_level': {}}",[],-inf,-inf,True,True,False,0,[],0,0.0,,,3
20,1,1,955.0,1590.0,578123.2612110324,962529.827566012,0.60062893081761,0.60062893081761,6,29,1,656.0,15714,2312,13402,0.12721781804454513,0.08549982940975775,19,313.3924162815803,656.0,8,19,False,"{0: np.int64(31), 1: np.int64(35), 2: np.int64(28), 3: np.int64(29), 4: np.int64(5), 5: np.int64(20), 6: np.int64(12), 7: np.int64(17)}","{(0, 1): [(np.int64(31), 35)], (0, 2): [(np.int64(31), 28)], (0, 3): [(np.int64(31), 29)], (0, 4): [(np.int64(31), 28), (28, 0), (0, 4), (4, 6), (6, 5)], (0, 5): [(np.int64(31), 28), (28, 0), (0, 20)], (1, 2): [(np.int64(35), 31), (31, 29), (29, 30), (30, 28)], (1, 4): []}","{(0, np.int64(31)): {'cpu': 74}, (1, np.int64(35)): {'cpu': 46}, (2, np.int64(28)): {'cpu': 31}, (3, np.int64(29)): {'cpu': 62}, (4, np.int64(5)): {'cpu': 63}, (5, np.int64(20)): {'cpu': 56}, (6, np.int64(12)): {'cpu': 74}, (7, np.int64(17)): {'cpu': 53}}","{((0, 1), (np.int64(31), 35)): {'bw': 91}, ((0, 2), (np.int64(31), 28)): {'bw': 67}, ((0, 3), (np.int64(31), 29)): {'bw': 117}, ((0, 4), (np.int64(31), 28)): {'bw': 145}, ((0, 4), (28, 0)): {'bw': 145}, ((0, 4), (0, 4)): {'bw': 145}, ((0, 4), (4, 6)): {'bw': 145}, ((0, 4), (6, 5)): {'bw': 145}, ((0, 5), (np.int64(31), 28)): {'bw': 145}, ((0, 5), (28, 0)): {'bw': 145}, ((0, 5), (0, 20)): {'bw': 145}, ((1, 2), (np.int64(35), 31)): {'bw': 65}, ((1, 2), (31, 29)): {'bw': 65}, ((1, 2), (29, 30)): {'bw': 65}, ((1, 2), (30, 28)): {'bw': 65}}",0.0,0.0,918.0,459.0,1867.0,0.0,0.0,0.0,0.0,0.0,0.0,0.0,0.0,0.0,Route Failure,100.0,"{'node_level': {}, 'link_level': {}, 'path_level': {}}","{'node_level': {0: {'cpu': -5}, 1: {'cpu': -47}, 2: {'cpu': -59}, 3: {'cpu': -34}, 4: {'cpu': -8}, 5: {'cpu': -11}, 6: {'cpu': -14}, 7: {'cpu': -36}}, 'link_level': {(0, 1): {'bw': -111}, (0, 2): {'bw': -298}, (0, 3): {'bw': -131}, (0, 4): {'bw': -88}, (0, 5): {'bw': -8}, (1, 2): {'bw': -46}, (1, 4): {'bw': 100.0}}, 'path_level': {(0, 1): {}, (0, 2): {}, (0, 3): {}, (0, 4): {}, (0, 5): {}, (1, 2): {}, (1, 4): {}}}","{'node_level': {0: {'cpu': 0}, 1: {'cpu': 0}, 2: {'cpu': 0}, 3: {'cpu': 0}, 4: {'cpu': 0}, 5: {'cpu': 0}, 6: {'cpu': 0}, 7: {'cpu': 0}}, 'link_level': {(0, 1): {'bw': 0}, (0, 2): {'bw': 0}, (0, 3): {'bw': 0}, (0, 4): {'bw': 0}, (0, 5): {'bw': 0}, (1, 2): {'bw': 0}, (1, 4): {'bw': 100.0}}, 'path_level': {(0, 1): {}, (0, 2): {}, (0, 3): {}, (0, 4): {}, (0, 5): {}, (1, 2): {}, (1, 4): {}}}",[],-inf,-inf,True,False,False,0,[],0,0.0,8.0,7.0,3
21,1,1,955.0,1590.0,578123.2612110324,962529.827566012,0.60062893081761,0.60062893081761,6,30,1,688.0,15714,2312,13402,0.12721781804454513,0.08549982940975775,20,972.6876602953973,688.0,8,23,False,"{0: np.int64(35), 1: np.int64(10), 2: np.int64(11), 3: np.int64(31), 4: np.int64(29), 5: np.int64(0), 6: np.int64(21), 7: np.int64(22)}","{(0, 1): [(np.int64(35), 31), (31, 28), (28, 0), (0, 4), (4, 7), (7, 10)], (0, 2): [(np.int64(35), 31), (31, 28), (28, 0), (0, 4), (4, 7), (7, 11)], (0, 3): []}","{(0, np.int64(35)): {'cpu': 58}, (1, np.int64(10)): {'cpu': 52}, (2, np.int64(11)): {'cpu': 71}, (3, np.int64(31)): {'cpu': 64}, (4, np.int64(29)): {'cpu': 64}, (5, np.int64(0)): {'cpu': 41}, (6, np.int64(21)): {'cpu': 46}, (7, np.int64(22)): {'cpu': 42}}","{((0, 1), (np.int64(35), 31)): {'bw': 86}, ((0, 1), (31, 28)): {'bw': 86}, ((0, 1), (28, 0)): {'bw': 86}, ((0, 1), (0, 4)): {'bw': 86}, ((0, 1), (4, 7)): {'bw': 86}, ((0, 1), (7, 10)): {'bw': 86}, ((0, 2), (np.int64(35), 31)): {'bw': 93}, ((0, 2), (31, 28)): {'bw': 93}, ((0, 2), (28, 0)): {'bw': 93}, ((0, 2), (0, 4)): {'bw': 93}, ((0, 2), (4, 7)): {'bw': 93}, ((0, 2), (7, 11)): {'bw': 93}}",0.0,0.0,876.0,438.0,2177.0,0.0,0.0,0.0,0.0,0.0,0.0,0.0,0.0,0.0,Route Failure,100.0,"{'node_level': {}, 'link_level': {}, 'path_level': {}}","{'node_level': {0: {'cpu': -35}, 1: {'cpu': -8}, 2: {'cpu': 0}, 3: {'cpu': -15}, 4: {'cpu': -32}, 5: {'cpu': -51}, 6: {'cpu': -30}, 7: {'cpu': -30}}, 'link_level': {(0, 1): {'bw': -116}, (0, 2): {'bw': -23}, (0, 3): {'bw': 100.0}}, 'path_level': {(0, 1): {}, (0, 2): {}, (0, 3): {}}}","{'node_level': {0: {'cpu': 0}, 1: {'cpu': 0}, 2: {'cpu': 0}, 3: {'cpu': 0}, 4: {'cpu': 0}, 5: {'cpu': 0}, 6: {'cpu': 0}, 7: {'cpu': 0}}, 'link_level': {(0, 1): {'bw': 0}, (0, 2): {'bw': 0}, (0, 3): {'bw': 100.0}}, 'path_level': {(0, 1): {}, (0, 2): {}, (0, 3): {}}}",[],-inf,-inf,True,False,False,0,[],0,0.0,8.0,3.0,3
21,1,1,955.0,1590.0,578123.2612110324,962529.827566012,0.60062893081761,0.60062893081761,6,31,0,701.8518356433432,15714,2312,13402,0.12721781804454513,0.08549982940975775,6,472.8518356433432,229.0,6,6,False,{},{},{},{},0.0,0.0,0.0,0.0,0.0,0.0,0.0,0.0,0.0,0.0,0.0,0.0,0.0,0.0,Leave Event,0.0,"{'node_level': {}, 'link_level': {}, 'path_level': {}}","{'node_level': {}, 'link_level': {}, 'path_level': {}}","{'node_level': {}, 'link_level': {}, 'path_level': {}}",[],-inf,-inf,True,True,False,0,[],0,0.0,,,3
22,1,1,955.0,1590.0,578123.2612110324,962529.827566012,0.60062893081761,0.60062893081761,6,32,1,712.0,15714,2312,13402,0.12721781804454513,0.08549982940975775,21,94.68411448629094,712.0,8,16,False,"{0: np.int64(33), 1: np.int64(0), 2: np.int64(29), 3: np.int64(34), 4: np.int64(9), 5: np.int64(28), 6: np.int64(19), 7: np.int64(24)}","{(0, 1): [(np.int64(33), 30), (30, 28), (28, 0)], (0, 3): []}","{(0, np.int64(33)): {'cpu': 67}, (1, np.int64(0)): {'cpu': 60}, (2, np.int64(29)): {'cpu': 44}, (3, np.int64(34)): {'cpu': 54}, (4, np.int64(9)): {'cpu': 80}, (5, np.int64(28)): {'cpu': 53}, (6, np.int64(19)): {'cpu': 60}, (7, np.int64(24)): {'cpu': 51}}","{((0, 1), (np.int64(33), 30)): {'bw': 125}, ((0, 1), (30, 28)): {'bw': 125}, ((0, 1), (28, 0)): {'bw': 125}}",0.0,0.0,938.0,469.0,1608.0,0.0,0.0,0.0,0.0,0.0,0.0,0.0,0.0,0.0,Route Failure,100.0,"{'node_level': {}, 'link_level': {}, 'path_level': {}}","{'node_level': {0: {'cpu': -7}, 1: {'cpu': -32}, 2: {'cpu': -52}, 3: {'cpu': -3}, 4: {'cpu': -11}, 5: {'cpu': -37}, 6: {'cpu': -16}, 7: {'cpu': -1}}, 'link_level': {(0, 1): {'bw': -108}, (0, 3): {'bw': 100.0}}, 'path_level': {(0, 1): {}, (0, 3): {}}}","{'node_level': {0: {'cpu': 0}, 1: {'cpu': 0}, 2: {'cpu': 0}, 3: {'cpu': 0}, 4: {'cpu': 0}, 5: {'cpu': 0}, 6: {'cpu': 0}, 7: {'cpu': 0}}, 'link_level': {(0, 1): {'bw': 0}, (0, 3): {'bw': 100.0}}, 'path_level': {(0, 1): {}, (0, 3): {}}}",[],-inf,-inf,True,False,False,0,[],0,0.0,8.0,2.0,3
23,1,1,955.0,1590.0,578123.2612110324,962529.827566012,0.60062893081761,0.60062893081761,6,33,1,740.0,15714,2312,13402,0.12721781804454513,0.08549982940975775,22,881.3875681485184,740.0,10,22,False,"{0: np.int64(28), 1: np.int64(29), 2: np.int64(0), 3: np.int64(26), 4: np.int64(5), 5: np.int64(33), 6: np.int64(8), 7: np.int64(17), 8: np.int64(14), 9: np.int64(9)}","{(0, 3): [(np.int64(28), 0), (0, 20), (20, 23), (23, 26)], (0, 4): [(np.int64(28), 0), (0, 4), (4, 6), (6, 5)], (0, 6): [(np.int64(28), 0), (0, 4), (4, 6), (6, 8)], (0, 7): [(np.int64(28), 1), (1, 20), (20, 0), (0, 12), (12, 14), (14, 17)], (0, 8): [(np.int64(28), 0), (0, 12), (12, 15), (15, 13), (13, 14)], (1, 3): [(np.int64(29), 2), (2, 21), (21, 23), (23, 26)], (1, 9): [(np.int64(29), 2), (2, 5), (5, 6), (6, 9)], (2, 3): []}","{(0, np.int64(28)): {'cpu': 31}, (1, np.int64(29)): {'cpu': 80}, (2, np.int64(0)): {'cpu': 63}, (3, np.int64(26)): {'cpu': 61}, (4, np.int64(5)): {'cpu': 58}, (5, np.int64(33)): {'cpu': 47}, (6, np.int64(8)): {'cpu': 46}, (7, np.int64(17)): {'cpu': 77}, (8, np.int64(14)): {'cpu': 38}, (9, np.int64(9)): {'cpu': 80}}","{((0, 3), (np.int64(28), 0)): {'bw': 66}, ((0, 3), (0, 20)): {'bw': 66}, ((0, 3), (20, 23)): {'bw': 66}, ((0, 3), (23, 26)): {'bw': 66}, ((0, 4), (np.int64(28), 0)): {'bw': 102}, ((0, 4), (0, 4)): {'bw': 102}, ((0, 4), (4, 6)): {'bw': 102}, ((0, 4), (6, 5)): {'bw': 102}, ((0, 6), (np.int64(28), 0)): {'bw': 97}, ((0, 6), (0, 4)): {'bw': 97}, ((0, 6), (4, 6)): {'bw': 97}, ((0, 6), (6, 8)): {'bw': 97}, ((0, 7), (np.int64(28), 1)): {'bw': 115}, ((0, 7), (1, 20)): {'bw': 115}, ((0, 7), (20, 0)): {'bw': 115}, ((0, 7), (0, 12)): {'bw': 115}, ((0, 7), (12, 14)): {'bw': 115}, ((0, 7), (14, 17)): {'bw': 115}, ((0, 8), (np.int64(28), 0)): {'bw': 91}, ((0, 8), (0, 12)): {'bw': 91}, ((0, 8), (12, 15)): {'bw': 91}, ((0, 8), (15, 13)): {'bw': 91}, ((0, 8), (13, 14)): {'bw': 91}, ((1, 3), (np.int64(29), 2)): {'bw': 119}, ((1, 3), (2, 21)): {'bw': 119}, ((1, 3), (21, 23)): {'bw': 119}, ((1, 3), (23, 26)): {'bw': 119}, ((1, 9), (np.int64(29), 2)): {'bw': 133}, ((1, 9), (2, 5)): {'bw': 133}, ((1, 9), (5, 6)): {'bw': 133}, ((1, 9), (6, 9)): {'bw': 133}}",0.0,0.0,1162.0,581.0,2295.0,0.0,0.0,0.0,0.0,0.0,0.0,0.0,0.0,0.0,Route Failure,100.0,"{'node_level': {}, 'link_level': {}, 'path_level': {}}","{'node_level': {0: {'cpu': -59}, 1: {'cpu': -16}, 2: {'cpu': -29}, 3: {'cpu': -15}, 4: {'cpu': -13}, 5: {'cpu': -27}, 6: {'cpu': -47}, 7: {'cpu': -12}, 8: {'cpu': -32}, 9: {'cpu': -11}}, 'link_level': {(0, 3): {'bw': -213}, (0, 4): {'bw': -131}, (0, 6): {'bw': -34}, (0, 7): {'bw': -45}, (0, 8): {'bw': -20}, (1, 3): {'bw': -109}, (1, 9): {'bw': -54}, (2, 3): {'bw': 100.0}}, 'path_level': {(0, 3): {}, (0, 4): {}, (0, 6): {}, (0, 7): {}, (0, 8): {}, (1, 3): {}, (1, 9): {}, (2, 3): {}}}","{'node_level': {0: {'cpu': 0}, 1: {'cpu': 0}, 2: {'cpu': 0}, 3: {'cpu': 0}, 4: {'cpu': 0}, 5: {'cpu': 0}, 6: {'cpu': 0}, 7: {'cpu': 0}, 8: {'cpu': 0}, 9: {'cpu': 0}}, 'link_level': {(0, 3): {'bw': 0}, (0, 4): {'bw': 0}, (0, 6): {'bw': 0}, (0, 7): {'bw': 0}, (0, 8): {'bw': 0}, (1, 3): {'bw': 0}, (1, 9): {'bw': 0}, (2, 3): {'bw': 100.0}}, 'path_level': {(0, 3): {}, (0, 4): {}, (0, 6): {}, (0, 7): {}, (0, 8): {}, (1, 3): {}, (1, 9): {}, (2, 3): {}}}",[],-inf,-inf,True,False,False,0,[],0,0.0,10.0,8.0,3
23,1,0,955.0,1590.0,578123.2612110324,962529.827566012,0.60062893081761,0.60062893081761,6,34,0,769.3646714251648,17304,2649,14655,0.0,0.0,4,605.3646714251648,164.0,6,8,False,{},{},{},{},0.0,0.0,0.0,0.0,0.0,0.0,0.0,0.0,0.0,0.0,0.0,0.0,0.0,0.0,Leave Event,0.0,"{'node_level': {}, 'link_level': {}, 'path_level': {}}","{'node_level': {}, 'link_level': {}, 'path_level': {}}","{'node_level': {}, 'link_level': {}, 'path_level': {}}",[],-inf,-inf,True,True,False,0,[],0,0.0,,,3
24,1,0,955.0,1590.0,578123.2612110324,962529.827566012,0.60062893081761,0.60062893081761,6,35,1,777.0,17304,2649,14655,0.0,0.0,23,21.490037552167237,777.0,7,12,False,"{0: np.int64(31), 1: np.int64(16), 2: np.int64(17), 3: np.int64(0), 4: np.int64(12), 5: np.int64(13), 6: np.int64(3)}","{(0, 1): [(np.int64(31), 28), (28, 0), (0, 12), (12, 14), (14, 16)], (0, 2): [(np.int64(31), 29), (29, 2), (2, 13), (13, 14), (14, 17)], (0, 4): [(np.int64(31), 28), (28, 0), (0, 12)], (0, 6): [(np.int64(31), 29), (29, 3)], (1, 2): [(np.int64(16), 14), (14, 17)], (1, 4): [(np.int64(16), 14), (14, 12)], (1, 5): []}","{(0, np.int64(31)): {'cpu': 73}, (1, np.int64(16)): {'cpu': 64}, (2, np.int64(17)): {'cpu': 41}, (3, np.int64(0)): {'cpu': 77}, (4, np.int64(12)): {'cpu': 78}, (5, np.int64(13)): {'cpu': 70}, (6, np.int64(3)): {'cpu': 31}}","{((0, 1), (np.int64(31), 28)): {'bw': 112}, ((0, 1), (28, 0)): {'bw': 112}, ((0, 1), (0, 12)): {'bw': 112}, ((0, 1), (12, 14)): {'bw': 112}, ((0, 1), (14, 16)): {'bw': 112}, ((0, 2), (np.int64(31), 29)): {'bw': 136}, ((0, 2), (29, 2)): {'bw': 136}, ((0, 2), (2, 13)): {'bw': 136}, ((0, 2), (13, 14)): {'bw': 136}, ((0, 2), (14, 17)): {'bw': 136}, ((0, 4), (np.int64(31), 28)): {'bw': 136}, ((0, 4), (28, 0)): {'bw': 136}, ((0, 4), (0, 12)): {'bw': 136}, ((0, 6), (np.int64(31), 29)): {'bw': 81}, ((0, 6), (29, 3)): {'bw': 81}, ((1, 2), (np.int64(16), 14)): {'bw': 72}, ((1, 2), (14, 17)): {'bw': 72}, ((1, 4), (np.int64(16), 14)): {'bw': 61}, ((1, 4), (14, 12)): {'bw': 61}}",0.0,0.0,868.0,434.0,1268.0,0.0,0.0,0.0,0.0,0.0,0.0,0.0,0.0,0.0,Route Failure,100.0,"{'node_level': {}, 'link_level': {}, 'path_level': {}}","{'node_level': {0: {'cpu': -6}, 1: {'cpu': -15}, 2: {'cpu': -48}, 3: {'cpu': -15}, 4: {'cpu': -10}, 5: {'cpu': -12}, 6: {'cpu': -27}}, 'link_level': {(0, 1): {'bw': -121}, (0, 2): {'bw': -65}, (0, 4): {'bw': -75}, (0, 6): {'bw': -31}, (1, 2): {'bw': -111}, (1, 4): {'bw': -60}, (1, 5): {'bw': 100.0}}, 'path_level': {(0, 1): {}, (0, 2): {}, (0, 4): {}, (0, 6): {}, (1, 2): {}, (1, 4): {}, (1, 5): {}}}","{'node_level': {0: {'cpu': 0}, 1: {'cpu': 0}, 2: {'cpu': 0}, 3: {'cpu': 0}, 4: {'cpu': 0}, 5: {'cpu': 0}, 6: {'cpu': 0}}, 'link_level': {(0, 1): {'bw': 0}, (0, 2): {'bw': 0}, (0, 4): {'bw': 0}, (0, 6): {'bw': 0}, (1, 2): {'bw': 0}, (1, 4): {'bw': 0}, (1, 5): {'bw': 100.0}}, 'path_level': {(0, 1): {}, (0, 2): {}, (0, 4): {}, (0, 6): {}, (1, 2): {}, (1, 4): {}, (1, 5): {}}}",[],-inf,-inf,True,False,False,0,[],0,0.0,7.0,7.0,3
25,1,0,955.0,1590.0,578123.2612110324,962529.827566012,0.60062893081761,0.60062893081761,6,36,1,796.0,17304,2649,14655,0.0,0.0,24,1008.529014751481,796.0,9,18,False,"{0: np.int64(20), 1: np.int64(35), 2: np.int64(29), 3: np.int64(0), 4: np.int64(30), 5: np.int64(21), 6: np.int64(14), 7: np.int64(6), 8: np.int64(17)}","{(0, 3): [(np.int64(20), 0)], (0, 4): [(np.int64(20), 0), (0, 28), (28, 30)], (0, 5): [(np.int64(20), 22), (22, 21)], (0, 7): [(np.int64(20), 1), (1, 4), (4, 6)], (0, 8): [(np.int64(20), 1), (1, 12), (12, 14), (14, 17)], (1, 3): [(np.int64(35), 31), (31, 28), (28, 0)], (1, 5): [(np.int64(35), 31), (31, 29), (29, 2), (2, 21)], (1, 6): []}","{(0, np.int64(20)): {'cpu': 40}, (1, np.int64(35)): {'cpu': 74}, (2, np.int64(29)): {'cpu': 33}, (3, np.int64(0)): {'cpu': 35}, (4, np.int64(30)): {'cpu': 59}, (5, np.int64(21)): {'cpu': 74}, (6, np.int64(14)): {'cpu': 61}, (7, np.int64(6)): {'cpu': 54}, (8, np.int64(17)): {'cpu': 78}}","{((0, 3), (np.int64(20), 0)): {'bw': 143}, ((0, 4), (np.int64(20), 0)): {'bw': 127}, ((0, 4), (0, 28)): {'bw': 127}, ((0, 4), (28, 30)): {'bw': 127}, ((0, 5), (np.int64(20), 22)): {'bw': 76}, ((0, 5), (22, 21)): {'bw': 76}, ((0, 7), (np.int64(20), 1)): {'bw': 87}, ((0, 7), (1, 4)): {'bw': 87}, ((0, 7), (4, 6)): {'bw': 87}, ((0, 8), (np.int64(20), 1)): {'bw': 61}, ((0, 8), (1, 12)): {'bw': 61}, ((0, 8), (12, 14)): {'bw': 61}, ((0, 8), (14, 17)): {'bw': 61}, ((1, 3), (np.int64(35), 31)): {'bw': 60}, ((1, 3), (31, 28)): {'bw': 60}, ((1, 3), (28, 0)): {'bw': 60}, ((1, 5), (np.int64(35), 31)): {'bw': 114}, ((1, 5), (31, 29)): {'bw': 114}, ((1, 5), (29, 2)): {'bw': 114}, ((1, 5), (2, 21)): {'bw': 114}}",0.0,0.0,1016.0,508.0,1911.0,0.0,0.0,0.0,0.0,0.0,0.0,0.0,0.0,0.0,Route Failure,100.0,"{'node_level': {}, 'link_level': {}, 'path_level': {}}","{'node_level': {0: {'cpu': -27}, 1: {'cpu': -19}, 2: {'cpu': -63}, 3: {'cpu': -57}, 4: {'cpu': -24}, 5: {'cpu': -2}, 6: {'cpu': -9}, 7: {'cpu': -15}, 8: {'cpu': -11}}, 'link_level': {(0, 3): {'bw': -136}, (0, 4): {'bw': -9}, (0, 5): {'bw': -268}, (0, 7): {'bw': -150}, (0, 8): {'bw': -146}, (1, 3): {'bw': -142}, (1, 5): {'bw': -28}, (1, 6): {'bw': 100.0}}, 'path_level': {(0, 3): {}, (0, 4): {}, (0, 5): {}, (0, 7): {}, (0, 8): {}, (1, 3): {}, (1, 5): {}, (1, 6): {}}}","{'node_level': {0: {'cpu': 0}, 1: {'cpu': 0}, 2: {'cpu': 0}, 3: {'cpu': 0}, 4: {'cpu': 0}, 5: {'cpu': 0}, 6: {'cpu': 0}, 7: {'cpu': 0}, 8: {'cpu': 0}}, 'link_level': {(0, 3): {'bw': 0}, (0, 4): {'bw': 0}, (0, 5): {'bw': 0}, (0, 7): {'bw': 0}, (0, 8): {'bw': 0}, (1, 3): {'bw': 0}, (1, 5): {'bw': 0}, (1, 6): {'bw': 100.0}}, 'path_level': {(0, 3): {}, (0, 4): {}, (0, 5): {}, (0, 7): {}, (0, 8): {}, (1, 3): {}, (1, 5): {}, (1, 6): {}}}",[],-inf,-inf,True,False,False,0,[],0,0.0,9.0,8.0,3
25,1,0,955.0,1590.0,578123.2612110324,962529.827566012,0.60062893081761,0.60062893081761,6,37,0,798.4900375521672,17304,2649,14655,0.0,0.0,23,21.490037552167237,777.0,7,12,False,{},{},{},{},0.0,0.0,0.0,0.0,0.0,0.0,0.0,0.0,0.0,0.0,0.0,0.0,0.0,0.0,Leave Event,0.0,"{'node_level': {}, 'link_level': {}, 'path_level': {}}","{'node_level': {}, 'link_level': {}, 'path_level': {}}","{'node_level': {}, 'link_level': {}, 'path_level': {}}",[],-inf,-inf,True,True,False,0,[],0,0.0,,,3
25,1,0,955.0,1590.0,578123.2612110324,962529.827566012,0.60062893081761,0.60062893081761,6,38,0,806.6841144862909,17304,2649,14655,0.0,0.0,21,94.68411448629094,712.0,8,16,False,{},{},{},{},0.0,0.0,0.0,0.0,0.0,0.0,0.0,0.0,0.0,0.0,0.0,0.0,0.0,0.0,Leave Event,0.0,"{'node_level': {}, 'link_level': {}, 'path_level': {}}","{'node_level': {}, 'link_level': {}, 'path_level': {}}","{'node_level': {}, 'link_level': {}, 'path_level': {}}",[],-inf,-inf,True,True,False,0,[],0,0.0,,,3
26,1,0,955.0,1590.0,578123.2612110324,962529.827566012,0.60062893081761,0.60062893081761,6,39,1,824.0,17304,2649,14655,0.0,0.0,25,563.500615369933,824.0,8,12,False,"{0: np.int64(9), 1: np.int64(27), 2: np.int64(28), 3: np.int64(22), 4: np.int64(11), 5: np.int64(16), 6: np.int64(7), 7: np.int64(29)}","{(0, 1): [(np.int64(9), 6), (6, 4), (4, 0), (0, 20), (20, 23), (23, 27)], (0, 4): [(np.int64(9), 6), (6, 4), (4, 7), (7, 11)], (0, 5): [(np.int64(9), 6), (6, 5), (5, 2), (2, 13), (13, 14), (14, 16)], (0, 7): []}","{(0, np.int64(9)): {'cpu': 38}, (1, np.int64(27)): {'cpu': 41}, (2, np.int64(28)): {'cpu': 79}, (3, np.int64(22)): {'cpu': 38}, (4, np.int64(11)): {'cpu': 61}, (5, np.int64(16)): {'cpu': 58}, (6, np.int64(7)): {'cpu': 51}, (7, np.int64(29)): {'cpu': 37}}","{((0, 1), (np.int64(9), 6)): {'bw': 118}, ((0, 1), (6, 4)): {'bw': 118}, ((0, 1), (4, 0)): {'bw': 118}, ((0, 1), (0, 20)): {'bw': 118}, ((0, 1), (20, 23)): {'bw': 118}, ((0, 1), (23, 27)): {'bw': 118}, ((0, 4), (np.int64(9), 6)): {'bw': 141}, ((0, 4), (6, 4)): {'bw': 141}, ((0, 4), (4, 7)): {'bw': 141}, ((0, 4), (7, 11)): {'bw': 141}, ((0, 5), (np.int64(9), 6)): {'bw': 70}, ((0, 5), (6, 5)): {'bw': 70}, ((0, 5), (5, 2)): {'bw': 70}, ((0, 5), (2, 13)): {'bw': 70}, ((0, 5), (13, 14)): {'bw': 70}, ((0, 5), (14, 16)): {'bw': 70}}",0.0,0.0,806.0,403.0,1336.0,0.0,0.0,0.0,0.0,0.0,0.0,0.0,0.0,0.0,Route Failure,100.0,"{'node_level': {}, 'link_level': {}, 'path_level': {}}","{'node_level': {0: {'cpu': -53}, 1: {'cpu': -14}, 2: {'cpu': -11}, 3: {'cpu': -34}, 4: {'cpu': -10}, 5: {'cpu': -21}, 6: {'cpu': -9}, 7: {'cpu': -59}}, 'link_level': {(0, 1): {'bw': -115}, (0, 4): {'bw': -57}, (0, 5): {'bw': -70}, (0, 7): {'bw': 100.0}}, 'path_level': {(0, 1): {}, (0, 4): {}, (0, 5): {}, (0, 7): {}}}","{'node_level': {0: {'cpu': 0}, 1: {'cpu': 0}, 2: {'cpu': 0}, 3: {'cpu': 0}, 4: {'cpu': 0}, 5: {'cpu': 0}, 6: {'cpu': 0}, 7: {'cpu': 0}}, 'link_level': {(0, 1): {'bw': 0}, (0, 4): {'bw': 0}, (0, 5): {'bw': 0}, (0, 7): {'bw': 100.0}}, 'path_level': {(0, 1): {}, (0, 4): {}, (0, 5): {}, (0, 7): {}}}",[],-inf,-inf,True,False,False,0,[],0,0.0,8.0,4.0,3
27,1,0,955.0,1590.0,578123.2612110324,962529.827566012,0.60062893081761,0.60062893081761,6,40,1,861.0,17304,2649,14655,0.0,0.0,26,295.2177839948812,861.0,6,8,False,"{0: np.int64(35), 1: np.int64(4), 2: np.int64(3), 3: np.int64(31), 4: np.int64(21), 5: np.int64(27)}","{(0, 2): [(np.int64(35), 31), (31, 29), (29, 3)], (0, 3): []}","{(0, np.int64(35)): {'cpu': 78}, (1, np.int64(4)): {'cpu': 44}, (2, np.int64(3)): {'cpu': 42}, (3, np.int64(31)): {'cpu': 37}, (4, np.int64(21)): {'cpu': 75}, (5, np.int64(27)): {'cpu': 39}}","{((0, 2), (np.int64(35), 31)): {'bw': 108}, ((0, 2), (31, 29)): {'bw': 108}, ((0, 2), (29, 3)): {'bw': 108}}",0.0,0.0,630.0,315.0,855.0,0.0,0.0,0.0,0.0,0.0,0.0,0.0,0.0,0.0,Route Failure,100.0,"{'node_level': {}, 'link_level': {}, 'path_level': {}}","{'node_level': {0: {'cpu': -15}, 1: {'cpu': -6}, 2: {'cpu': -16}, 3: {'cpu': -42}, 4: {'cpu': -1}, 5: {'cpu': -16}}, 'link_level': {(0, 2): {'bw': -94}, (0, 3): {'bw': 100.0}}, 'path_level': {(0, 2): {}, (0, 3): {}}}","{'node_level': {0: {'cpu': 0}, 1: {'cpu': 0}, 2: {'cpu': 0}, 3: {'cpu': 0}, 4: {'cpu': 0}, 5: {'cpu': 0}}, 'link_level': {(0, 2): {'bw': 0}, (0, 3): {'bw': 100.0}}, 'path_level': {(0, 2): {}, (0, 3): {}}}",[],-inf,-inf,True,False,False,0,[],0,0.0,6.0,2.0,3
27,1,0,955.0,1590.0,578123.2612110324,962529.827566012,0.60062893081761,0.60062893081761,6,41,0,889.7417668668168,17304,2649,14655,0.0,0.0,16,328.74176686681676,561.0,6,7,False,{},{},{},{},0.0,0.0,0.0,0.0,0.0,0.0,0.0,0.0,0.0,0.0,0.0,0.0,0.0,0.0,Leave Event,0.0,"{'node_level': {}, 'link_level': {}, 'path_level': {}}","{'node_level': {}, 'link_level': {}, 'path_level': {}}","{'node_level': {}, 'link_level': {}, 'path_level': {}}",[],-inf,-inf,True,True,False,0,[],0,0.0,,,3
28,1,0,955.0,1590.0,578123.2612110324,962529.827566012,0.60062893081761,0.60062893081761,6,42,1,906.0,17304,2649,14655,0.0,0.0,27,556.7161537804143,906.0,7,12,False,"{0: np.int64(35), 1: np.int64(20), 2: np.int64(3), 3: np.int64(8), 4: np.int64(6), 5: np.int64(26), 6: np.int64(32)}","{(0, 1): [(np.int64(35), 31), (31, 28), (28, 0), (0, 20)], (0, 2): [(np.int64(35), 31), (31, 29), (29, 3)], (0, 3): []}","{(0, np.int64(35)): {'cpu': 64}, (1, np.int64(20)): {'cpu': 54}, (2, np.int64(3)): {'cpu': 40}, (3, np.int64(8)): {'cpu': 52}, (4, np.int64(6)): {'cpu': 58}, (5, np.int64(26)): {'cpu': 42}, (6, np.int64(32)): {'cpu': 48}}","{((0, 1), (np.int64(35), 31)): {'bw': 96}, ((0, 1), (31, 28)): {'bw': 96}, ((0, 1), (28, 0)): {'bw': 96}, ((0, 1), (0, 20)): {'bw': 96}, ((0, 2), (np.int64(35), 31)): {'bw': 95}, ((0, 2), (31, 29)): {'bw': 95}, ((0, 2), (29, 3)): {'bw': 95}}",0.0,0.0,716.0,358.0,1329.0,0.0,0.0,0.0,0.0,0.0,0.0,0.0,0.0,0.0,Route Failure,100.0,"{'node_level': {}, 'link_level': {}, 'path_level': {}}","{'node_level': {0: {'cpu': -29}, 1: {'cpu': -13}, 2: {'cpu': -18}, 3: {'cpu': -41}, 4: {'cpu': -11}, 5: {'cpu': -34}, 6: {'cpu': -44}}, 'link_level': {(0, 1): {'bw': -106}, (0, 2): {'bw': -11}, (0, 3): {'bw': 100.0}}, 'path_level': {(0, 1): {}, (0, 2): {}, (0, 3): {}}}","{'node_level': {0: {'cpu': 0}, 1: {'cpu': 0}, 2: {'cpu': 0}, 3: {'cpu': 0}, 4: {'cpu': 0}, 5: {'cpu': 0}, 6: {'cpu': 0}}, 'link_level': {(0, 1): {'bw': 0}, (0, 2): {'bw': 0}, (0, 3): {'bw': 100.0}}, 'path_level': {(0, 1): {}, (0, 2): {}, (0, 3): {}}}",[],-inf,-inf,True,False,False,0,[],0,0.0,7.0,3.0,3
29,1,0,955.0,1590.0,578123.2612110324,962529.827566012,0.60062893081761,0.60062893081761,6,43,1,933.0,17304,2649,14655,0.0,0.0,28,308.43439349217965,933.0,8,18,False,"{0: np.int64(33), 1: np.int64(24), 2: np.int64(16), 3: np.int64(27), 4: np.int64(12), 5: np.int64(29), 6: np.int64(30), 7: np.int64(35)}","{(0, 2): [(np.int64(33), 30), (30, 28), (28, 0), (0, 12), (12, 14), (14, 16)], (0, 3): [(np.int64(33), 30), (30, 28), (28, 0), (0, 20), (20, 23), (23, 27)], (0, 5): []}","{(0, np.int64(33)): {'cpu': 64}, (1, np.int64(24)): {'cpu': 30}, (2, np.int64(16)): {'cpu': 67}, (3, np.int64(27)): {'cpu': 45}, (4, np.int64(12)): {'cpu': 80}, (5, np.int64(29)): {'cpu': 70}, (6, np.int64(30)): {'cpu': 33}, (7, np.int64(35)): {'cpu': 55}}","{((0, 2), (np.int64(33), 30)): {'bw': 137}, ((0, 2), (30, 28)): {'bw': 137}, ((0, 2), (28, 0)): {'bw': 137}, ((0, 2), (0, 12)): {'bw': 137}, ((0, 2), (12, 14)): {'bw': 137}, ((0, 2), (14, 16)): {'bw': 137}, ((0, 3), (np.int64(33), 30)): {'bw': 82}, ((0, 3), (30, 28)): {'bw': 82}, ((0, 3), (28, 0)): {'bw': 82}, ((0, 3), (0, 20)): {'bw': 82}, ((0, 3), (20, 23)): {'bw': 82}, ((0, 3), (23, 27)): {'bw': 82}}",0.0,0.0,888.0,444.0,1990.0,0.0,0.0,0.0,0.0,0.0,0.0,0.0,0.0,0.0,Route Failure,100.0,"{'node_level': {}, 'link_level': {}, 'path_level': {}}","{'node_level': {0: {'cpu': -10}, 1: {'cpu': -22}, 2: {'cpu': -12}, 3: {'cpu': -10}, 4: {'cpu': -8}, 5: {'cpu': -26}, 6: {'cpu': -50}, 7: {'cpu': -38}}, 'link_level': {(0, 2): {'bw': -96}, (0, 3): {'bw': -14}, (0, 5): {'bw': 100.0}}, 'path_level': {(0, 2): {}, (0, 3): {}, (0, 5): {}}}","{'node_level': {0: {'cpu': 0}, 1: {'cpu': 0}, 2: {'cpu': 0}, 3: {'cpu': 0}, 4: {'cpu': 0}, 5: {'cpu': 0}, 6: {'cpu': 0}, 7: {'cpu': 0}}, 'link_level': {(0, 2): {'bw': 0}, (0, 3): {'bw': 0}, (0, 5): {'bw': 100.0}}, 'path_level': {(0, 2): {}, (0, 3): {}, (0, 5): {}}}",[],-inf,-inf,True,False,False,0,[],0,0.0,8.0,3.0,3
30,1,0,955.0,1590.0,578123.2612110324,962529.827566012,0.60062893081761,0.60062893081761,6,44,1,962.0,17304,2649,14655,0.0,0.0,29,757.0711899562169,962.0,6,6,False,"{0: np.int64(14), 1: np.int64(35), 2: np.int64(12), 3: np.int64(30), 4: np.int64(18), 5: np.int64(32)}","{(0, 1): [(np.int64(14), 12), (12, 0), (0, 28), (28, 31), (31, 35)], (0, 2): [(np.int64(14), 12)], (0, 3): [(np.int64(14), 13), (13, 2), (2, 29), (29, 30)], (1, 4): [(np.int64(35), 31), (31, 28), (28, 0), (0, 12), (12, 15), (15, 18)], (1, 5): []}","{(0, np.int64(14)): {'cpu': 39}, (1, np.int64(35)): {'cpu': 30}, (2, np.int64(12)): {'cpu': 56}, (3, np.int64(30)): {'cpu': 74}, (4, np.int64(18)): {'cpu': 48}, (5, np.int64(32)): {'cpu': 47}}","{((0, 1), (np.int64(14), 12)): {'bw': 79}, ((0, 1), (12, 0)): {'bw': 79}, ((0, 1), (0, 28)): {'bw': 79}, ((0, 1), (28, 31)): {'bw': 79}, ((0, 1), (31, 35)): {'bw': 79}, ((0, 2), (np.int64(14), 12)): {'bw': 101}, ((0, 3), (np.int64(14), 13)): {'bw': 123}, ((0, 3), (13, 2)): {'bw': 123}, ((0, 3), (2, 29)): {'bw': 123}, ((0, 3), (29, 30)): {'bw': 123}, ((1, 4), (np.int64(35), 31)): {'bw': 109}, ((1, 4), (31, 28)): {'bw': 109}, ((1, 4), (28, 0)): {'bw': 109}, ((1, 4), (0, 12)): {'bw': 109}, ((1, 4), (12, 15)): {'bw': 109}, ((1, 4), (15, 18)): {'bw': 109}}",0.0,0.0,588.0,294.0,545.0,0.0,0.0,0.0,0.0,0.0,0.0,0.0,0.0,0.0,Route Failure,100.0,"{'node_level': {}, 'link_level': {}, 'path_level': {}}","{'node_level': {0: {'cpu': -31}, 1: {'cpu': -63}, 2: {'cpu': -32}, 3: {'cpu': -9}, 4: {'cpu': -16}, 5: {'cpu': -45}}, 'link_level': {(0, 1): {'bw': -123}, (0, 2): {'bw': -53}, (0, 3): {'bw': -78}, (1, 4): {'bw': -14}, (1, 5): {'bw': 100.0}}, 'path_level': {(0, 1): {}, (0, 2): {}, (0, 3): {}, (1, 4): {}, (1, 5): {}}}","{'node_level': {0: {'cpu': 0}, 1: {'cpu': 0}, 2: {'cpu': 0}, 3: {'cpu': 0}, 4: {'cpu': 0}, 5: {'cpu': 0}}, 'link_level': {(0, 1): {'bw': 0}, (0, 2): {'bw': 0}, (0, 3): {'bw': 0}, (1, 4): {'bw': 0}, (1, 5): {'bw': 100.0}}, 'path_level': {(0, 1): {}, (0, 2): {}, (0, 3): {}, (1, 4): {}, (1, 5): {}}}",[],-inf,-inf,True,False,False,0,[],0,0.0,6.0,5.0,3
30,1,0,955.0,1590.0,578123.2612110324,962529.827566012,0.60062893081761,0.60062893081761,6,45,0,969.3924162815804,17304,2649,14655,0.0,0.0,19,313.3924162815803,656.0,8,19,False,{},{},{},{},0.0,0.0,0.0,0.0,0.0,0.0,0.0,0.0,0.0,0.0,0.0,0.0,0.0,0.0,Leave Event,0.0,"{'node_level': {}, 'link_level': {}, 'path_level': {}}","{'node_level': {}, 'link_level': {}, 'path_level': {}}","{'node_level': {}, 'link_level': {}, 'path_level': {}}",[],-inf,-inf,True,True,False,0,[],0,0.0,,,3
30,1,0,955.0,1590.0,578123.2612110324,962529.827566012,0.60062893081761,0.60062893081761,6,46,0,992.1833152656892,17304,2649,14655,0.0,0.0,11,612.1833152656892,380.0,7,11,False,{},{},{},{},0.0,0.0,0.0,0.0,0.0,0.0,0.0,0.0,0.0,0.0,0.0,0.0,0.0,0.0,Leave Event,0.0,"{'node_level': {}, 'link_level': {}, 'path_level': {}}","{'node_level': {}, 'link_level': {}, 'path_level': {}}","{'node_level': {}, 'link_level': {}, 'path_level': {}}",[],-inf,-inf,True,True,False,0,[],0,0.0,,,3
31,1,0,955.0,1590.0,578123.2612110324,962529.827566012,0.60062893081761,0.60062893081761,6,47,1,1000.0,17304,2649,14655,0.0,0.0,30,60.20554014482442,1000.0,9,16,False,"{0: np.int64(10), 1: np.int64(34), 2: np.int64(19), 3: np.int64(0), 4: np.int64(29), 5: np.int64(27), 6: np.int64(18), 7: np.int64(16), 8: np.int64(9)}","{(0, 1): [(np.int64(10), 7), (7, 4), (4, 0), (0, 28), (28, 31), (31, 34)], (0, 2): [(np.int64(10), 7), (7, 4), (4, 0), (0, 12), (12, 15), (15, 19)], (0, 6): [(np.int64(10), 7), (7, 4), (4, 0), (0, 12), (12, 15), (15, 18)], (1, 4): [(np.int64(34), 31), (31, 29)], (1, 6): []}","{(0, np.int64(10)): {'cpu': 41}, (1, np.int64(34)): {'cpu': 46}, (2, np.int64(19)): {'cpu': 70}, (3, np.int64(0)): {'cpu': 45}, (4, np.int64(29)): {'cpu': 70}, (5, np.int64(27)): {'cpu': 53}, (6, np.int64(18)): {'cpu': 62}, (7, np.int64(16)): {'cpu': 35}, (8, np.int64(9)): {'cpu': 57}}","{((0, 1), (np.int64(10), 7)): {'bw': 101}, ((0, 1), (7, 4)): {'bw': 101}, ((0, 1), (4, 0)): {'bw': 101}, ((0, 1), (0, 28)): {'bw': 101}, ((0, 1), (28, 31)): {'bw': 101}, ((0, 1), (31, 34)): {'bw': 101}, ((0, 2), (np.int64(10), 7)): {'bw': 61}, ((0, 2), (7, 4)): {'bw': 61}, ((0, 2), (4, 0)): {'bw': 61}, ((0, 2), (0, 12)): {'bw': 61}, ((0, 2), (12, 15)): {'bw': 61}, ((0, 2), (15, 19)): {'bw': 61}, ((0, 6), (np.int64(10), 7)): {'bw': 71}, ((0, 6), (7, 4)): {'bw': 71}, ((0, 6), (4, 0)): {'bw': 71}, ((0, 6), (0, 12)): {'bw': 71}, ((0, 6), (12, 15)): {'bw': 71}, ((0, 6), (15, 18)): {'bw': 71}, ((1, 4), (np.int64(34), 31)): {'bw': 125}, ((1, 4), (31, 29)): {'bw': 125}}",0.0,0.0,958.0,479.0,1667.0,0.0,0.0,0.0,0.0,0.0,0.0,0.0,0.0,0.0,Route Failure,100.0,"{'node_level': {}, 'link_level': {}, 'path_level': {}}","{'node_level': {0: {'cpu': -19}, 1: {'cpu': -11}, 2: {'cpu': -6}, 3: {'cpu': -47}, 4: {'cpu': -26}, 5: {'cpu': -2}, 6: {'cpu': -2}, 7: {'cpu': -44}, 8: {'cpu': -34}}, 'link_level': {(0, 1): {'bw': -132}, (0, 2): {'bw': -71}, (0, 6): {'bw': 0}, (1, 4): {'bw': -26}, (1, 6): {'bw': 100.0}}, 'path_level': {(0, 1): {}, (0, 2): {}, (0, 6): {}, (1, 4): {}, (1, 6): {}}}","{'node_level': {0: {'cpu': 0}, 1: {'cpu': 0}, 2: {'cpu': 0}, 3: {'cpu': 0}, 4: {'cpu': 0}, 5: {'cpu': 0}, 6: {'cpu': 0}, 7: {'cpu': 0}, 8: {'cpu': 0}}, 'link_level': {(0, 1): {'bw': 0}, (0, 2): {'bw': 0}, (0, 6): {'bw': 0}, (1, 4): {'bw': 0}, (1, 6): {'bw': 100.0}}, 'path_level': {(0, 1): {}, (0, 2): {}, (0, 6): {}, (1, 4): {}, (1, 6): {}}}",[],-inf,-inf,True,False,False,0,[],0,0.0,9.0,5.0,3
32,1,0,955.0,1590.0,578123.2612110324,962529.827566012,0.60062893081761,0.60062893081761,6,48,1,1033.0,17304,2649,14655,0.0,0.0,31,354.79829551403145,1033.0,6,10,False,"{0: np.int64(9), 1: np.int64(13), 2: np.int64(17), 3: np.int64(26), 4: np.int64(21), 5: np.int64(12)}","{(0, 1): [(np.int64(9), 6), (6, 5), (5, 2), (2, 13)], (0, 4): [(np.int64(9), 6), (6, 5), (5, 2), (2, 21)], (0, 5): [(np.int64(9), 6), (6, 4), (4, 0), (0, 12)], (1, 2): [(np.int64(13), 14), (14, 17)], (1, 3): [(np.int64(13), 2), (2, 21), (21, 23), (23, 26)], (1, 4): [(np.int64(13), 3), (3, 21)], (2, 3): [(np.int64(17), 14), (14, 12), (12, 0), (0, 20), (20, 23), (23, 26)], (2, 4): []}","{(0, np.int64(9)): {'cpu': 70}, (1, np.int64(13)): {'cpu': 67}, (2, np.int64(17)): {'cpu': 42}, (3, np.int64(26)): {'cpu': 74}, (4, np.int64(21)): {'cpu': 70}, (5, np.int64(12)): {'cpu': 69}}","{((0, 1), (np.int64(9), 6)): {'bw': 89}, ((0, 1), (6, 5)): {'bw': 89}, ((0, 1), (5, 2)): {'bw': 89}, ((0, 1), (2, 13)): {'bw': 89}, ((0, 4), (np.int64(9), 6)): {'bw': 101}, ((0, 4), (6, 5)): {'bw': 101}, ((0, 4), (5, 2)): {'bw': 101}, ((0, 4), (2, 21)): {'bw': 101}, ((0, 5), (np.int64(9), 6)): {'bw': 106}, ((0, 5), (6, 4)): {'bw': 106}, ((0, 5), (4, 0)): {'bw': 106}, ((0, 5), (0, 12)): {'bw': 106}, ((1, 2), (np.int64(13), 14)): {'bw': 109}, ((1, 2), (14, 17)): {'bw': 109}, ((1, 3), (np.int64(13), 2)): {'bw': 73}, ((1, 3), (2, 21)): {'bw': 73}, ((1, 3), (21, 23)): {'bw': 73}, ((1, 3), (23, 26)): {'bw': 73}, ((1, 4), (np.int64(13), 3)): {'bw': 79}, ((1, 4), (3, 21)): {'bw': 79}, ((2, 3), (np.int64(17), 14)): {'bw': 98}, ((2, 3), (14, 12)): {'bw': 98}, ((2, 3), (12, 0)): {'bw': 98}, ((2, 3), (0, 20)): {'bw': 98}, ((2, 3), (20, 23)): {'bw': 98}, ((2, 3), (23, 26)): {'bw': 98}}",0.0,0.0,784.0,392.0,1052.0,0.0,0.0,0.0,0.0,0.0,0.0,0.0,0.0,0.0,Route Failure,100.0,"{'node_level': {}, 'link_level': {}, 'path_level': {}}","{'node_level': {0: {'cpu': -21}, 1: {'cpu': -15}, 2: {'cpu': -47}, 3: {'cpu': -2}, 4: {'cpu': -6}, 5: {'cpu': -19}}, 'link_level': {(0, 1): {'bw': -238}, (0, 4): {'bw': -127}, (0, 5): {'bw': -103}, (1, 2): {'bw': -92}, (1, 3): {'bw': -54}, (1, 4): {'bw': -121}, (2, 3): {'bw': -112}, (2, 4): {'bw': 100.0}}, 'path_level': {(0, 1): {}, (0, 4): {}, (0, 5): {}, (1, 2): {}, (1, 3): {}, (1, 4): {}, (2, 3): {}, (2, 4): {}}}","{'node_level': {0: {'cpu': 0}, 1: {'cpu': 0}, 2: {'cpu': 0}, 3: {'cpu': 0}, 4: {'cpu': 0}, 5: {'cpu': 0}}, 'link_level': {(0, 1): {'bw': 0}, (0, 4): {'bw': 0}, (0, 5): {'bw': 0}, (1, 2): {'bw': 0}, (1, 3): {'bw': 0}, (1, 4): {'bw': 0}, (2, 3): {'bw': 0}, (2, 4): {'bw': 100.0}}, 'path_level': {(0, 1): {}, (0, 4): {}, (0, 5): {}, (1, 2): {}, (1, 3): {}, (1, 4): {}, (2, 3): {}, (2, 4): {}}}",[],-inf,-inf,True,False,False,0,[],0,0.0,6.0,8.0,3
32,1,0,955.0,1590.0,578123.2612110324,962529.827566012,0.60062893081761,0.60062893081761,6,49,0,1060.2055401448245,17304,2649,14655,0.0,0.0,30,60.20554014482442,1000.0,9,16,False,{},{},{},{},0.0,0.0,0.0,0.0,0.0,0.0,0.0,0.0,0.0,0.0,0.0,0.0,0.0,0.0,Leave Event,0.0,"{'node_level': {}, 'link_level': {}, 'path_level': {}}","{'node_level': {}, 'link_level': {}, 'path_level': {}}","{'node_level': {}, 'link_level': {}, 'path_level': {}}",[],-inf,-inf,True,True,False,0,[],0,0.0,,,3
33,1,0,955.0,1590.0,578123.2612110324,962529.827566012,0.60062893081761,0.60062893081761,6,50,1,1069.0,17304,2649,14655,0.0,0.0,32,1025.8724883723823,1069.0,9,20,False,"{0: np.int64(12), 1: np.int64(30), 2: np.int64(32), 3: np.int64(28), 4: np.int64(21), 5: np.int64(1), 6: np.int64(16), 7: np.int64(31), 8: np.int64(13)}","{(0, 4): [(np.int64(12), 0), (0, 20), (20, 22), (22, 21)], (0, 5): [(np.int64(12), 1)], (0, 7): [(np.int64(12), 0), (0, 28), (28, 31)], (0, 8): [(np.int64(12), 14), (14, 13)], (1, 2): [(np.int64(30), 32)], (1, 3): [(np.int64(30), 28)], (1, 5): [(np.int64(30), 28), (28, 1)], (1, 6): [(np.int64(30), 28), (28, 0), (0, 12), (12, 14), (14, 16)], (1, 8): [(np.int64(30), 29), (29, 2), (2, 13)], (2, 4): [(np.int64(32), 30), (30, 29), (29, 2), (2, 21)], (2, 8): [(np.int64(32), 30), (30, 29), (29, 3), (3, 13)], (3, 4): [(np.int64(28), 0), (0, 20), (20, 22), (22, 21)], (3, 6): []}","{(0, np.int64(12)): {'cpu': 63}, (1, np.int64(30)): {'cpu': 72}, (2, np.int64(32)): {'cpu': 68}, (3, np.int64(28)): {'cpu': 59}, (4, np.int64(21)): {'cpu': 66}, (5, np.int64(1)): {'cpu': 55}, (6, np.int64(16)): {'cpu': 35}, (7, np.int64(31)): {'cpu': 56}, (8, np.int64(13)): {'cpu': 77}}","{((0, 4), (np.int64(12), 0)): {'bw': 70}, ((0, 4), (0, 20)): {'bw': 70}, ((0, 4), (20, 22)): {'bw': 70}, ((0, 4), (22, 21)): {'bw': 70}, ((0, 5), (np.int64(12), 1)): {'bw': 66}, ((0, 7), (np.int64(12), 0)): {'bw': 94}, ((0, 7), (0, 28)): {'bw': 94}, ((0, 7), (28, 31)): {'bw': 94}, ((0, 8), (np.int64(12), 14)): {'bw': 101}, ((0, 8), (14, 13)): {'bw': 101}, ((1, 2), (np.int64(30), 32)): {'bw': 98}, ((1, 3), (np.int64(30), 28)): {'bw': 66}, ((1, 5), (np.int64(30), 28)): {'bw': 102}, ((1, 5), (28, 1)): {'bw': 102}, ((1, 6), (np.int64(30), 28)): {'bw': 101}, ((1, 6), (28, 0)): {'bw': 101}, ((1, 6), (0, 12)): {'bw': 101}, ((1, 6), (12, 14)): {'bw': 101}, ((1, 6), (14, 16)): {'bw': 101}, ((1, 8), (np.int64(30), 29)): {'bw': 77}, ((1, 8), (29, 2)): {'bw': 77}, ((1, 8), (2, 13)): {'bw': 77}, ((2, 4), (np.int64(32), 30)): {'bw': 123}, ((2, 4), (30, 29)): {'bw': 123}, ((2, 4), (29, 2)): {'bw': 123}, ((2, 4), (2, 21)): {'bw': 123}, ((2, 8), (np.int64(32), 30)): {'bw': 120}, ((2, 8), (30, 29)): {'bw': 120}, ((2, 8), (29, 3)): {'bw': 120}, ((2, 8), (3, 13)): {'bw': 120}, ((3, 4), (np.int64(28), 0)): {'bw': 91}, ((3, 4), (0, 20)): {'bw': 91}, ((3, 4), (20, 22)): {'bw': 91}, ((3, 4), (22, 21)): {'bw': 91}}",0.0,0.0,1102.0,551.0,1914.0,0.0,0.0,0.0,0.0,0.0,0.0,0.0,0.0,0.0,Route Failure,100.0,"{'node_level': {}, 'link_level': {}, 'path_level': {}}","{'node_level': {0: {'cpu': -25}, 1: {'cpu': -11}, 2: {'cpu': -24}, 3: {'cpu': -31}, 4: {'cpu': -10}, 5: {'cpu': -19}, 6: {'cpu': -44}, 7: {'cpu': -23}, 8: {'cpu': -5}}, 'link_level': {(0, 4): {'bw': -209}, (0, 5): {'bw': -154}, (0, 7): {'bw': -159}, (0, 8): {'bw': -100}, (1, 2): {'bw': -291}, (1, 3): {'bw': -275}, (1, 5): {'bw': -147}, (1, 6): {'bw': -31}, (1, 8): {'bw': -242}, (2, 4): {'bw': -105}, (2, 8): {'bw': -38}, (3, 4): {'bw': -90}, (3, 6): {'bw': 100.0}}, 'path_level': {(0, 4): {}, (0, 5): {}, (0, 7): {}, (0, 8): {}, (1, 2): {}, (1, 3): {}, (1, 5): {}, (1, 6): {}, (1, 8): {}, (2, 4): {}, (2, 8): {}, (3, 4): {}, (3, 6): {}}}","{'node_level': {0: {'cpu': 0}, 1: {'cpu': 0}, 2: {'cpu': 0}, 3: {'cpu': 0}, 4: {'cpu': 0}, 5: {'cpu': 0}, 6: {'cpu': 0}, 7: {'cpu': 0}, 8: {'cpu': 0}}, 'link_level': {(0, 4): {'bw': 0}, (0, 5): {'bw': 0}, (0, 7): {'bw': 0}, (0, 8): {'bw': 0}, (1, 2): {'bw': 0}, (1, 3): {'bw': 0}, (1, 5): {'bw': 0}, (1, 6): {'bw': 0}, (1, 8): {'bw': 0}, (2, 4): {'bw': 0}, (2, 8): {'bw': 0}, (3, 4): {'bw': 0}, (3, 6): {'bw': 100.0}}, 'path_level': {(0, 4): {}, (0, 5): {}, (0, 7): {}, (0, 8): {}, (1, 2): {}, (1, 3): {}, (1, 5): {}, (1, 6): {}, (1, 8): {}, (2, 4): {}, (2, 8): {}, (3, 4): {}, (3, 6): {}}}",[],-inf,-inf,True,False,False,0,[],0,0.0,9.0,13.0,3
34,1,0,955.0,1590.0,578123.2612110324,962529.827566012,0.60062893081761,0.60062893081761,6,51,1,1097.0,17304,2649,14655,0.0,0.0,33,1312.2863014880895,1097.0,7,12,False,"{0: np.int64(18), 1: np.int64(31), 2: np.int64(32), 3: np.int64(0), 4: np.int64(3), 5: np.int64(26), 6: np.int64(22)}","{(0, 1): [(np.int64(18), 15), (15, 12), (12, 0), (0, 28), (28, 31)], (0, 2): [(np.int64(18), 15), (15, 12), (12, 0), (0, 28), (28, 30), (30, 32)], (0, 3): [(np.int64(18), 15), (15, 12), (12, 0)], (0, 5): []}","{(0, np.int64(18)): {'cpu': 41}, (1, np.int64(31)): {'cpu': 65}, (2, np.int64(32)): {'cpu': 60}, (3, np.int64(0)): {'cpu': 45}, (4, np.int64(3)): {'cpu': 57}, (5, np.int64(26)): {'cpu': 65}, (6, np.int64(22)): {'cpu': 55}}","{((0, 1), (np.int64(18), 15)): {'bw': 108}, ((0, 1), (15, 12)): {'bw': 108}, ((0, 1), (12, 0)): {'bw': 108}, ((0, 1), (0, 28)): {'bw': 108}, ((0, 1), (28, 31)): {'bw': 108}, ((0, 2), (np.int64(18), 15)): {'bw': 65}, ((0, 2), (15, 12)): {'bw': 65}, ((0, 2), (12, 0)): {'bw': 65}, ((0, 2), (0, 28)): {'bw': 65}, ((0, 2), (28, 30)): {'bw': 65}, ((0, 2), (30, 32)): {'bw': 65}, ((0, 3), (np.int64(18), 15)): {'bw': 77}, ((0, 3), (15, 12)): {'bw': 77}, ((0, 3), (12, 0)): {'bw': 77}}",0.0,0.0,776.0,388.0,1097.0,0.0,0.0,0.0,0.0,0.0,0.0,0.0,0.0,0.0,Route Failure,100.0,"{'node_level': {}, 'link_level': {}, 'path_level': {}}","{'node_level': {0: {'cpu': -23}, 1: {'cpu': -14}, 2: {'cpu': -32}, 3: {'cpu': -47}, 4: {'cpu': -1}, 5: {'cpu': -11}, 6: {'cpu': -17}}, 'link_level': {(0, 1): {'bw': -205}, (0, 2): {'bw': -140}, (0, 3): {'bw': -63}, (0, 5): {'bw': 100.0}}, 'path_level': {(0, 1): {}, (0, 2): {}, (0, 3): {}, (0, 5): {}}}","{'node_level': {0: {'cpu': 0}, 1: {'cpu': 0}, 2: {'cpu': 0}, 3: {'cpu': 0}, 4: {'cpu': 0}, 5: {'cpu': 0}, 6: {'cpu': 0}}, 'link_level': {(0, 1): {'bw': 0}, (0, 2): {'bw': 0}, (0, 3): {'bw': 0}, (0, 5): {'bw': 100.0}}, 'path_level': {(0, 1): {}, (0, 2): {}, (0, 3): {}, (0, 5): {}}}",[],-inf,-inf,True,False,False,0,[],0,0.0,7.0,4.0,3
34,1,0,955.0,1590.0,578123.2612110324,962529.827566012,0.60062893081761,0.60062893081761,6,52,0,1124.7279627631112,17304,2649,14655,0.0,0.0,18,500.7279627631113,624.0,7,8,False,{},{},{},{},0.0,0.0,0.0,0.0,0.0,0.0,0.0,0.0,0.0,0.0,0.0,0.0,0.0,0.0,Leave Event,0.0,"{'node_level': {}, 'link_level': {}, 'path_level': {}}","{'node_level': {}, 'link_level': {}, 'path_level': {}}","{'node_level': {}, 'link_level': {}, 'path_level': {}}",[],-inf,-inf,True,True,False,0,[],0,0.0,,,3
35,1,0,955.0,1590.0,578123.2612110324,962529.827566012,0.60062893081761,0.60062893081761,6,53,1,1134.0,17304,2649,14655,0.0,0.0,34,124.44632329109982,1134.0,9,15,False,"{0: np.int64(32), 1: np.int64(11), 2: np.int64(31), 3: np.int64(29), 4: np.int64(6), 5: np.int64(33), 6: np.int64(14), 7: np.int64(16), 8: np.int64(35)}","{(0, 6): [(np.int64(32), 30), (30, 28), (28, 0), (0, 12), (12, 14)], (0, 8): [(np.int64(32), 30), (30, 28), (28, 31), (31, 35)], (1, 2): [(np.int64(11), 7), (7, 4), (4, 0), (0, 28), (28, 31)], (1, 5): [(np.int64(11), 7), (7, 4), (4, 1), (1, 28), (28, 30), (30, 33)], (1, 7): []}","{(0, np.int64(32)): {'cpu': 62}, (1, np.int64(11)): {'cpu': 40}, (2, np.int64(31)): {'cpu': 59}, (3, np.int64(29)): {'cpu': 73}, (4, np.int64(6)): {'cpu': 61}, (5, np.int64(33)): {'cpu': 68}, (6, np.int64(14)): {'cpu': 63}, (7, np.int64(16)): {'cpu': 70}, (8, np.int64(35)): {'cpu': 49}}","{((0, 6), (np.int64(32), 30)): {'bw': 63}, ((0, 6), (30, 28)): {'bw': 63}, ((0, 6), (28, 0)): {'bw': 63}, ((0, 6), (0, 12)): {'bw': 63}, ((0, 6), (12, 14)): {'bw': 63}, ((0, 8), (np.int64(32), 30)): {'bw': 64}, ((0, 8), (30, 28)): {'bw': 64}, ((0, 8), (28, 31)): {'bw': 64}, ((0, 8), (31, 35)): {'bw': 64}, ((1, 2), (np.int64(11), 7)): {'bw': 138}, ((1, 2), (7, 4)): {'bw': 138}, ((1, 2), (4, 0)): {'bw': 138}, ((1, 2), (0, 28)): {'bw': 138}, ((1, 2), (28, 31)): {'bw': 138}, ((1, 5), (np.int64(11), 7)): {'bw': 124}, ((1, 5), (7, 4)): {'bw': 124}, ((1, 5), (4, 1)): {'bw': 124}, ((1, 5), (1, 28)): {'bw': 124}, ((1, 5), (28, 30)): {'bw': 124}, ((1, 5), (30, 33)): {'bw': 124}}",0.0,0.0,1090.0,545.0,1485.0,0.0,0.0,0.0,0.0,0.0,0.0,0.0,0.0,0.0,Route Failure,100.0,"{'node_level': {}, 'link_level': {}, 'path_level': {}}","{'node_level': {0: {'cpu': -30}, 1: {'cpu': -31}, 2: {'cpu': -20}, 3: {'cpu': -23}, 4: {'cpu': -8}, 5: {'cpu': -6}, 6: {'cpu': -7}, 7: {'cpu': -9}, 8: {'cpu': -44}}, 'link_level': {(0, 6): {'bw': -170}, (0, 8): {'bw': -138}, (1, 2): {'bw': -95}, (1, 5): {'bw': -90}, (1, 7): {'bw': 100.0}}, 'path_level': {(0, 6): {}, (0, 8): {}, (1, 2): {}, (1, 5): {}, (1, 7): {}}}","{'node_level': {0: {'cpu': 0}, 1: {'cpu': 0}, 2: {'cpu': 0}, 3: {'cpu': 0}, 4: {'cpu': 0}, 5: {'cpu': 0}, 6: {'cpu': 0}, 7: {'cpu': 0}, 8: {'cpu': 0}}, 'link_level': {(0, 6): {'bw': 0}, (0, 8): {'bw': 0}, (1, 2): {'bw': 0}, (1, 5): {'bw': 0}, (1, 7): {'bw': 100.0}}, 'path_level': {(0, 6): {}, (0, 8): {}, (1, 2): {}, (1, 5): {}, (1, 7): {}}}",[],-inf,-inf,True,False,False,0,[],0,0.0,9.0,5.0,3
35,1,0,955.0,1590.0,578123.2612110324,962529.827566012,0.60062893081761,0.60062893081761,6,54,0,1156.2177839948813,17304,2649,14655,0.0,0.0,26,295.2177839948812,861.0,6,8,False,{},{},{},{},0.0,0.0,0.0,0.0,0.0,0.0,0.0,0.0,0.0,0.0,0.0,0.0,0.0,0.0,Leave Event,0.0,"{'node_level': {}, 'link_level': {}, 'path_level': {}}","{'node_level': {}, 'link_level': {}, 'path_level': {}}","{'node_level': {}, 'link_level': {}, 'path_level': {}}",[],-inf,-inf,True,True,False,0,[],0,0.0,,,3
36,1,0,955.0,1590.0,578123.2612110324,962529.827566012,0.60062893081761,0.60062893081761,6,55,1,1171.0,17304,2649,14655,0.0,0.0,35,145.12956347279084,1171.0,6,8,False,"{0: np.int64(31), 1: np.int64(16), 2: np.int64(13), 3: np.int64(19), 4: np.int64(22), 5: np.int64(17)}","{(0, 3): [(np.int64(31), 28), (28, 0), (0, 12), (12, 15), (15, 19)], (0, 4): [(np.int64(31), 28), (28, 0), (0, 20), (20, 22)], (1, 2): [(np.int64(16), 14), (14, 13)], (1, 3): [(np.int64(16), 14), (14, 12), (12, 15), (15, 19)], (2, 4): [(np.int64(13), 2), (2, 21), (21, 22)], (2, 5): [(np.int64(13), 2), (2, 5), (5, 6), (6, 4), (4, 0), (0, 12), (12, 14), (14, 17)], (3, 4): []}","{(0, np.int64(31)): {'cpu': 71}, (1, np.int64(16)): {'cpu': 79}, (2, np.int64(13)): {'cpu': 35}, (3, np.int64(19)): {'cpu': 66}, (4, np.int64(22)): {'cpu': 43}, (5, np.int64(17)): {'cpu': 62}}","{((0, 3), (np.int64(31), 28)): {'bw': 121}, ((0, 3), (28, 0)): {'bw': 121}, ((0, 3), (0, 12)): {'bw': 121}, ((0, 3), (12, 15)): {'bw': 121}, ((0, 3), (15, 19)): {'bw': 121}, ((0, 4), (np.int64(31), 28)): {'bw': 140}, ((0, 4), (28, 0)): {'bw': 140}, ((0, 4), (0, 20)): {'bw': 140}, ((0, 4), (20, 22)): {'bw': 140}, ((1, 2), (np.int64(16), 14)): {'bw': 122}, ((1, 2), (14, 13)): {'bw': 122}, ((1, 3), (np.int64(16), 14)): {'bw': 109}, ((1, 3), (14, 12)): {'bw': 109}, ((1, 3), (12, 15)): {'bw': 109}, ((1, 3), (15, 19)): {'bw': 109}, ((2, 4), (np.int64(13), 2)): {'bw': 112}, ((2, 4), (2, 21)): {'bw': 112}, ((2, 4), (21, 22)): {'bw': 112}, ((2, 5), (np.int64(13), 2)): {'bw': 110}, ((2, 5), (2, 5)): {'bw': 110}, ((2, 5), (5, 6)): {'bw': 110}, ((2, 5), (6, 4)): {'bw': 110}, ((2, 5), (4, 0)): {'bw': 110}, ((2, 5), (0, 12)): {'bw': 110}, ((2, 5), (12, 14)): {'bw': 110}, ((2, 5), (14, 17)): {'bw': 110}}",0.0,0.0,712.0,356.0,912.0,0.0,0.0,0.0,0.0,0.0,0.0,0.0,0.0,0.0,Route Failure,100.0,"{'node_level': {}, 'link_level': {}, 'path_level': {}}","{'node_level': {0: {'cpu': -8}, 1: {'cpu': 0}, 2: {'cpu': -47}, 3: {'cpu': -10}, 4: {'cpu': -29}, 5: {'cpu': -27}}, 'link_level': {(0, 3): {'bw': -178}, (0, 4): {'bw': -104}, (1, 2): {'bw': -79}, (1, 3): {'bw': -69}, (2, 4): {'bw': -116}, (2, 5): {'bw': -14}, (3, 4): {'bw': 100.0}}, 'path_level': {(0, 3): {}, (0, 4): {}, (1, 2): {}, (1, 3): {}, (2, 4): {}, (2, 5): {}, (3, 4): {}}}","{'node_level': {0: {'cpu': 0}, 1: {'cpu': 0}, 2: {'cpu': 0}, 3: {'cpu': 0}, 4: {'cpu': 0}, 5: {'cpu': 0}}, 'link_level': {(0, 3): {'bw': 0}, (0, 4): {'bw': 0}, (1, 2): {'bw': 0}, (1, 3): {'bw': 0}, (2, 4): {'bw': 0}, (2, 5): {'bw': 0}, (3, 4): {'bw': 100.0}}, 'path_level': {(0, 3): {}, (0, 4): {}, (1, 2): {}, (1, 3): {}, (2, 4): {}, (2, 5): {}, (3, 4): {}}}",[],-inf,-inf,True,False,False,0,[],0,0.0,6.0,7.0,3
37,1,0,955.0,1590.0,578123.2612110324,962529.827566012,0.60062893081761,0.60062893081761,6,56,1,1202.0,17304,2649,14655,0.0,0.0,36,1171.7685042736523,1202.0,10,25,False,"{0: np.int64(12), 1: np.int64(32), 2: np.int64(8), 3: np.int64(14), 4: np.int64(18), 5: np.int64(21), 6: np.int64(22), 7: np.int64(17), 8: np.int64(24), 9: np.int64(33)}","{(0, 1): [(np.int64(12), 0), (0, 28), (28, 30), (30, 32)], (0, 2): [(np.int64(12), 0), (0, 4), (4, 6), (6, 8)], (0, 3): [(np.int64(12), 14)], (0, 4): [(np.int64(12), 15), (15, 18)], (1, 4): [(np.int64(32), 30), (30, 28), (28, 0), (0, 12), (12, 15), (15, 18)], (1, 6): [(np.int64(32), 30), (30, 28), (28, 0), (0, 20), (20, 22)], (1, 8): [(np.int64(32), 30), (30, 29), (29, 2), (2, 21), (21, 22), (22, 24)], (1, 9): []}","{(0, np.int64(12)): {'cpu': 71}, (1, np.int64(32)): {'cpu': 75}, (2, np.int64(8)): {'cpu': 80}, (3, np.int64(14)): {'cpu': 63}, (4, np.int64(18)): {'cpu': 37}, (5, np.int64(21)): {'cpu': 38}, (6, np.int64(22)): {'cpu': 41}, (7, np.int64(17)): {'cpu': 32}, (8, np.int64(24)): {'cpu': 33}, (9, np.int64(33)): {'cpu': 32}}","{((0, 1), (np.int64(12), 0)): {'bw': 74}, ((0, 1), (0, 28)): {'bw': 74}, ((0, 1), (28, 30)): {'bw': 74}, ((0, 1), (30, 32)): {'bw': 74}, ((0, 2), (np.int64(12), 0)): {'bw': 82}, ((0, 2), (0, 4)): {'bw': 82}, ((0, 2), (4, 6)): {'bw': 82}, ((0, 2), (6, 8)): {'bw': 82}, ((0, 3), (np.int64(12), 14)): {'bw': 148}, ((0, 4), (np.int64(12), 15)): {'bw': 88}, ((0, 4), (15, 18)): {'bw': 88}, ((1, 4), (np.int64(32), 30)): {'bw': 60}, ((1, 4), (30, 28)): {'bw': 60}, ((1, 4), (28, 0)): {'bw': 60}, ((1, 4), (0, 12)): {'bw': 60}, ((1, 4), (12, 15)): {'bw': 60}, ((1, 4), (15, 18)): {'bw': 60}, ((1, 6), (np.int64(32), 30)): {'bw': 100}, ((1, 6), (30, 28)): {'bw': 100}, ((1, 6), (28, 0)): {'bw': 100}, ((1, 6), (0, 20)): {'bw': 100}, ((1, 6), (20, 22)): {'bw': 100}, ((1, 8), (np.int64(32), 30)): {'bw': 147}, ((1, 8), (30, 29)): {'bw': 147}, ((1, 8), (29, 2)): {'bw': 147}, ((1, 8), (2, 21)): {'bw': 147}, ((1, 8), (21, 22)): {'bw': 147}, ((1, 8), (22, 24)): {'bw': 147}}",0.0,0.0,1004.0,502.0,2741.0,0.0,0.0,0.0,0.0,0.0,0.0,0.0,0.0,0.0,Route Failure,100.0,"{'node_level': {}, 'link_level': {}, 'path_level': {}}","{'node_level': {0: {'cpu': -17}, 1: {'cpu': -17}, 2: {'cpu': -13}, 3: {'cpu': -7}, 4: {'cpu': -27}, 5: {'cpu': -38}, 6: {'cpu': -31}, 7: {'cpu': -57}, 8: {'cpu': -19}, 9: {'cpu': -42}}, 'link_level': {(0, 1): {'bw': -249}, (0, 2): {'bw': -151}, (0, 3): {'bw': -85}, (0, 4): {'bw': -225}, (1, 4): {'bw': -107}, (1, 6): {'bw': -107}, (1, 8): {'bw': -8}, (1, 9): {'bw': 100.0}}, 'path_level': {(0, 1): {}, (0, 2): {}, (0, 3): {}, (0, 4): {}, (1, 4): {}, (1, 6): {}, (1, 8): {}, (1, 9): {}}}","{'node_level': {0: {'cpu': 0}, 1: {'cpu': 0}, 2: {'cpu': 0}, 3: {'cpu': 0}, 4: {'cpu': 0}, 5: {'cpu': 0}, 6: {'cpu': 0}, 7: {'cpu': 0}, 8: {'cpu': 0}, 9: {'cpu': 0}}, 'link_level': {(0, 1): {'bw': 0}, (0, 2): {'bw': 0}, (0, 3): {'bw': 0}, (0, 4): {'bw': 0}, (1, 4): {'bw': 0}, (1, 6): {'bw': 0}, (1, 8): {'bw': 0}, (1, 9): {'bw': 100.0}}, 'path_level': {(0, 1): {}, (0, 2): {}, (0, 3): {}, (0, 4): {}, (1, 4): {}, (1, 6): {}, (1, 8): {}, (1, 9): {}}}",[],-inf,-inf,True,False,False,0,[],0,0.0,10.0,8.0,3
38,1,0,955.0,1590.0,578123.2612110324,962529.827566012,0.60062893081761,0.60062893081761,6,57,1,1238.0,17304,2649,14655,0.0,0.0,37,211.9550927632243,1238.0,7,11,False,"{0: np.int64(9), 1: np.int64(26), 2: np.int64(15), 3: np.int64(17), 4: np.int64(2), 5: np.int64(28), 6: np.int64(10)}","{(0, 1): [(np.int64(9), 6), (6, 4), (4, 0), (0, 20), (20, 23), (23, 26)], (0, 4): [(np.int64(9), 6), (6, 5), (5, 2)], (0, 5): [(np.int64(9), 6), (6, 4), (4, 0), (0, 28)], (1, 3): [(np.int64(26), 23), (23, 20), (20, 0), (0, 12), (12, 14), (14, 17)], (1, 4): [(np.int64(26), 23), (23, 21), (21, 2)], (1, 5): [(np.int64(26), 23), (23, 20), (20, 0), (0, 28)], (2, 3): [(np.int64(15), 12), (12, 14), (14, 17)], (3, 4): []}","{(0, np.int64(9)): {'cpu': 61}, (1, np.int64(26)): {'cpu': 62}, (2, np.int64(15)): {'cpu': 79}, (3, np.int64(17)): {'cpu': 51}, (4, np.int64(2)): {'cpu': 46}, (5, np.int64(28)): {'cpu': 75}, (6, np.int64(10)): {'cpu': 57}}","{((0, 1), (np.int64(9), 6)): {'bw': 68}, ((0, 1), (6, 4)): {'bw': 68}, ((0, 1), (4, 0)): {'bw': 68}, ((0, 1), (0, 20)): {'bw': 68}, ((0, 1), (20, 23)): {'bw': 68}, ((0, 1), (23, 26)): {'bw': 68}, ((0, 4), (np.int64(9), 6)): {'bw': 140}, ((0, 4), (6, 5)): {'bw': 140}, ((0, 4), (5, 2)): {'bw': 140}, ((0, 5), (np.int64(9), 6)): {'bw': 95}, ((0, 5), (6, 4)): {'bw': 95}, ((0, 5), (4, 0)): {'bw': 95}, ((0, 5), (0, 28)): {'bw': 95}, ((1, 3), (np.int64(26), 23)): {'bw': 89}, ((1, 3), (23, 20)): {'bw': 89}, ((1, 3), (20, 0)): {'bw': 89}, ((1, 3), (0, 12)): {'bw': 89}, ((1, 3), (12, 14)): {'bw': 89}, ((1, 3), (14, 17)): {'bw': 89}, ((1, 4), (np.int64(26), 23)): {'bw': 75}, ((1, 4), (23, 21)): {'bw': 75}, ((1, 4), (21, 2)): {'bw': 75}, ((1, 5), (np.int64(26), 23)): {'bw': 102}, ((1, 5), (23, 20)): {'bw': 102}, ((1, 5), (20, 0)): {'bw': 102}, ((1, 5), (0, 28)): {'bw': 102}, ((2, 3), (np.int64(15), 12)): {'bw': 139}, ((2, 3), (12, 14)): {'bw': 139}, ((2, 3), (14, 17)): {'bw': 139}}",0.0,0.0,862.0,431.0,1032.0,0.0,0.0,0.0,0.0,0.0,0.0,0.0,0.0,0.0,Route Failure,100.0,"{'node_level': {}, 'link_level': {}, 'path_level': {}}","{'node_level': {0: {'cpu': -30}, 1: {'cpu': -14}, 2: {'cpu': -15}, 3: {'cpu': -38}, 4: {'cpu': -7}, 5: {'cpu': -15}, 6: {'cpu': -3}}, 'link_level': {(0, 1): {'bw': -165}, (0, 4): {'bw': -191}, (0, 5): {'bw': -70}, (1, 3): {'bw': -122}, (1, 4): {'bw': -151}, (1, 5): {'bw': -20}, (2, 3): {'bw': -5}, (3, 4): {'bw': 100.0}}, 'path_level': {(0, 1): {}, (0, 4): {}, (0, 5): {}, (1, 3): {}, (1, 4): {}, (1, 5): {}, (2, 3): {}, (3, 4): {}}}","{'node_level': {0: {'cpu': 0}, 1: {'cpu': 0}, 2: {'cpu': 0}, 3: {'cpu': 0}, 4: {'cpu': 0}, 5: {'cpu': 0}, 6: {'cpu': 0}}, 'link_level': {(0, 1): {'bw': 0}, (0, 4): {'bw': 0}, (0, 5): {'bw': 0}, (1, 3): {'bw': 0}, (1, 4): {'bw': 0}, (1, 5): {'bw': 0}, (2, 3): {'bw': 0}, (3, 4): {'bw': 100.0}}, 'path_level': {(0, 1): {}, (0, 4): {}, (0, 5): {}, (1, 3): {}, (1, 4): {}, (1, 5): {}, (2, 3): {}, (3, 4): {}}}",[],-inf,-inf,True,False,False,0,[],0,0.0,7.0,8.0,3
38,1,0,955.0,1590.0,578123.2612110324,962529.827566012,0.60062893081761,0.60062893081761,6,58,0,1241.4343934921797,17304,2649,14655,0.0,0.0,28,308.43439349217965,933.0,8,18,False,{},{},{},{},0.0,0.0,0.0,0.0,0.0,0.0,0.0,0.0,0.0,0.0,0.0,0.0,0.0,0.0,Leave Event,0.0,"{'node_level': {}, 'link_level': {}, 'path_level': {}}","{'node_level': {}, 'link_level': {}, 'path_level': {}}","{'node_level': {}, 'link_level': {}, 'path_level': {}}",[],-inf,-inf,True,True,False,0,[],0,0.0,,,3
38,1,0,955.0,1590.0,578123.2612110324,962529.827566012,0.60062893081761,0.60062893081761,6,59,0,1258.4463232910998,17304,2649,14655,0.0,0.0,34,124.44632329109982,1134.0,9,15,False,{},{},{},{},0.0,0.0,0.0,0.0,0.0,0.0,0.0,0.0,0.0,0.0,0.0,0.0,0.0,0.0,Leave Event,0.0,"{'node_level': {}, 'link_level': {}, 'path_level': {}}","{'node_level': {}, 'link_level': {}, 'path_level': {}}","{'node_level': {}, 'link_level': {}, 'path_level': {}}",[],-inf,-inf,True,True,False,0,[],0,0.0,,,3
38,1,0,955.0,1590.0,578123.2612110324,962529.827566012,0.60062893081761,0.60062893081761,6,60,0,1262.3227175451743,17304,2649,14655,0.0,0.0,17,665.3227175451742,597.0,8,11,False,{},{},{},{},0.0,0.0,0.0,0.0,0.0,0.0,0.0,0.0,0.0,0.0,0.0,0.0,0.0,0.0,Leave Event,0.0,"{'node_level': {}, 'link_level': {}, 'path_level': {}}","{'node_level': {}, 'link_level': {}, 'path_level': {}}","{'node_level': {}, 'link_level': {}, 'path_level': {}}",[],-inf,-inf,True,True,False,0,[],0,0.0,,,3
39,1,0,955.0,1590.0,578123.2612110324,962529.827566012,0.60062893081761,0.60062893081761,6,61,1,1272.0,17304,2649,14655,0.0,0.0,38,29.2769386077246,1272.0,10,27,False,"{0: np.int64(22), 1: np.int64(31), 2: np.int64(2), 3: np.int64(26), 4: np.int64(17), 5: np.int64(13), 6: np.int64(21), 7: np.int64(29), 8: np.int64(32), 9: np.int64(1)}","{(0, 4): [(np.int64(22), 20), (20, 0), (0, 12), (12, 14), (14, 17)], (0, 5): [(np.int64(22), 21), (21, 2), (2, 13)], (0, 7): [(np.int64(22), 21), (21, 3), (3, 29)], (1, 2): [(np.int64(31), 29), (29, 2)], (1, 7): [(np.int64(31), 29)], (1, 8): [(np.int64(31), 28), (28, 30), (30, 32)], (1, 9): [(np.int64(31), 28), (28, 1)], (2, 3): [(np.int64(2), 5), (5, 3), (3, 21), (21, 23), (23, 26)], (2, 4): [(np.int64(2), 13), (13, 14), (14, 17)], (2, 6): [(np.int64(2), 21)], (2, 9): [(np.int64(2), 5), (5, 6), (6, 4), (4, 1)], (3, 5): [(np.int64(26), 23), (23, 21), (21, 3), (3, 13)], (3, 6): [(np.int64(26), 23), (23, 21)], (3, 7): []}","{(0, np.int64(22)): {'cpu': 69}, (1, np.int64(31)): {'cpu': 64}, (2, np.int64(2)): {'cpu': 46}, (3, np.int64(26)): {'cpu': 69}, (4, np.int64(17)): {'cpu': 74}, (5, np.int64(13)): {'cpu': 52}, (6, np.int64(21)): {'cpu': 53}, (7, np.int64(29)): {'cpu': 32}, (8, np.int64(32)): {'cpu': 76}, (9, np.int64(1)): {'cpu': 50}}","{((0, 4), (np.int64(22), 20)): {'bw': 105}, ((0, 4), (20, 0)): {'bw': 105}, ((0, 4), (0, 12)): {'bw': 105}, ((0, 4), (12, 14)): {'bw': 105}, ((0, 4), (14, 17)): {'bw': 105}, ((0, 5), (np.int64(22), 21)): {'bw': 142}, ((0, 5), (21, 2)): {'bw': 142}, ((0, 5), (2, 13)): {'bw': 142}, ((0, 7), (np.int64(22), 21)): {'bw': 118}, ((0, 7), (21, 3)): {'bw': 118}, ((0, 7), (3, 29)): {'bw': 118}, ((1, 2), (np.int64(31), 29)): {'bw': 69}, ((1, 2), (29, 2)): {'bw': 69}, ((1, 7), (np.int64(31), 29)): {'bw': 137}, ((1, 8), (np.int64(31), 28)): {'bw': 137}, ((1, 8), (28, 30)): {'bw': 137}, ((1, 8), (30, 32)): {'bw': 137}, ((1, 9), (np.int64(31), 28)): {'bw': 109}, ((1, 9), (28, 1)): {'bw': 109}, ((2, 3), (np.int64(2), 5)): {'bw': 147}, ((2, 3), (5, 3)): {'bw': 147}, ((2, 3), (3, 21)): {'bw': 147}, ((2, 3), (21, 23)): {'bw': 147}, ((2, 3), (23, 26)): {'bw': 147}, ((2, 4), (np.int64(2), 13)): {'bw': 116}, ((2, 4), (13, 14)): {'bw': 116}, ((2, 4), (14, 17)): {'bw': 116}, ((2, 6), (np.int64(2), 21)): {'bw': 82}, ((2, 9), (np.int64(2), 5)): {'bw': 70}, ((2, 9), (5, 6)): {'bw': 70}, ((2, 9), (6, 4)): {'bw': 70}, ((2, 9), (4, 1)): {'bw': 70}, ((3, 5), (np.int64(26), 23)): {'bw': 97}, ((3, 5), (23, 21)): {'bw': 97}, ((3, 5), (21, 3)): {'bw': 97}, ((3, 5), (3, 13)): {'bw': 97}, ((3, 6), (np.int64(26), 23)): {'bw': 78}, ((3, 6), (23, 21)): {'bw': 78}}",0.0,0.0,1170.0,585.0,2890.0,0.0,0.0,0.0,0.0,0.0,0.0,0.0,0.0,0.0,Route Failure,100.0,"{'node_level': {}, 'link_level': {}, 'path_level': {}}","{'node_level': {0: {'cpu': -3}, 1: {'cpu': -15}, 2: {'cpu': -7}, 3: {'cpu': -7}, 4: {'cpu': -15}, 5: {'cpu': -30}, 6: {'cpu': -23}, 7: {'cpu': -64}, 8: {'cpu': -16}, 9: {'cpu': -24}}, 'link_level': {(0, 4): {'bw': -128}, (0, 5): {'bw': -86}, (0, 7): {'bw': -100}, (1, 2): {'bw': -179}, (1, 7): {'bw': -42}, (1, 8): {'bw': -204}, (1, 9): {'bw': -119}, (2, 3): {'bw': -107}, (2, 4): {'bw': -69}, (2, 6): {'bw': -4}, (2, 9): {'bw': -132}, (3, 5): {'bw': -30}, (3, 6): {'bw': -22}, (3, 7): {'bw': 100.0}}, 'path_level': {(0, 4): {}, (0, 5): {}, (0, 7): {}, (1, 2): {}, (1, 7): {}, (1, 8): {}, (1, 9): {}, (2, 3): {}, (2, 4): {}, (2, 6): {}, (2, 9): {}, (3, 5): {}, (3, 6): {}, (3, 7): {}}}","{'node_level': {0: {'cpu': 0}, 1: {'cpu': 0}, 2: {'cpu': 0}, 3: {'cpu': 0}, 4: {'cpu': 0}, 5: {'cpu': 0}, 6: {'cpu': 0}, 7: {'cpu': 0}, 8: {'cpu': 0}, 9: {'cpu': 0}}, 'link_level': {(0, 4): {'bw': 0}, (0, 5): {'bw': 0}, (0, 7): {'bw': 0}, (1, 2): {'bw': 0}, (1, 7): {'bw': 0}, (1, 8): {'bw': 0}, (1, 9): {'bw': 0}, (2, 3): {'bw': 0}, (2, 4): {'bw': 0}, (2, 6): {'bw': 0}, (2, 9): {'bw': 0}, (3, 5): {'bw': 0}, (3, 6): {'bw': 0}, (3, 7): {'bw': 100.0}}, 'path_level': {(0, 4): {}, (0, 5): {}, (0, 7): {}, (1, 2): {}, (1, 7): {}, (1, 8): {}, (1, 9): {}, (2, 3): {}, (2, 4): {}, (2, 6): {}, (2, 9): {}, (3, 5): {}, (3, 6): {}, (3, 7): {}}}",[],-inf,-inf,True,False,False,0,[],0,0.0,10.0,14.0,3
40,1,0,955.0,1590.0,578123.2612110324,962529.827566012,0.60062893081761,0.60062893081761,6,62,1,1298.0,17304,2649,14655,0.0,0.0,39,627.4342680199173,1298.0,10,19,False,"{0: np.int64(4), 1: np.int64(18), 2: np.int64(26), 3: np.int64(1), 4: np.int64(28), 5: np.int64(17), 6: np.int64(31), 7: np.int64(5), 8: np.int64(3), 9: np.int64(34)}","{(0, 1): [(np.int64(4), 0), (0, 12), (12, 15), (15, 18)], (0, 3): [(np.int64(4), 1)], (0, 6): [(np.int64(4), 0), (0, 28), (28, 31)], (0, 8): [(np.int64(4), 6), (6, 5), (5, 3)], (1, 4): [(np.int64(18), 15), (15, 12), (12, 0), (0, 28)], (1, 5): [(np.int64(18), 15), (15, 12), (12, 14), (14, 17)], (1, 8): []}","{(0, np.int64(4)): {'cpu': 46}, (1, np.int64(18)): {'cpu': 43}, (2, np.int64(26)): {'cpu': 61}, (3, np.int64(1)): {'cpu': 56}, (4, np.int64(28)): {'cpu': 77}, (5, np.int64(17)): {'cpu': 43}, (6, np.int64(31)): {'cpu': 70}, (7, np.int64(5)): {'cpu': 60}, (8, np.int64(3)): {'cpu': 47}, (9, np.int64(34)): {'cpu': 39}}","{((0, 1), (np.int64(4), 0)): {'bw': 60}, ((0, 1), (0, 12)): {'bw': 60}, ((0, 1), (12, 15)): {'bw': 60}, ((0, 1), (15, 18)): {'bw': 60}, ((0, 3), (np.int64(4), 1)): {'bw': 126}, ((0, 6), (np.int64(4), 0)): {'bw': 92}, ((0, 6), (0, 28)): {'bw': 92}, ((0, 6), (28, 31)): {'bw': 92}, ((0, 8), (np.int64(4), 6)): {'bw': 68}, ((0, 8), (6, 5)): {'bw': 68}, ((0, 8), (5, 3)): {'bw': 68}, ((1, 4), (np.int64(18), 15)): {'bw': 76}, ((1, 4), (15, 12)): {'bw': 76}, ((1, 4), (12, 0)): {'bw': 76}, ((1, 4), (0, 28)): {'bw': 76}, ((1, 5), (np.int64(18), 15)): {'bw': 109}, ((1, 5), (15, 12)): {'bw': 109}, ((1, 5), (12, 14)): {'bw': 109}, ((1, 5), (14, 17)): {'bw': 109}}",0.0,0.0,1084.0,542.0,1985.0,0.0,0.0,0.0,0.0,0.0,0.0,0.0,0.0,0.0,Route Failure,100.0,"{'node_level': {}, 'link_level': {}, 'path_level': {}}","{'node_level': {0: {'cpu': -4}, 1: {'cpu': -21}, 2: {'cpu': -15}, 3: {'cpu': -18}, 4: {'cpu': -13}, 5: {'cpu': -46}, 6: {'cpu': -9}, 7: {'cpu': -11}, 8: {'cpu': -11}, 9: {'cpu': -18}}, 'link_level': {(0, 1): {'bw': -173}, (0, 3): {'bw': -111}, (0, 6): {'bw': -81}, (0, 8): {'bw': -186}, (1, 4): {'bw': -177}, (1, 5): {'bw': -68}, (1, 8): {'bw': 100.0}}, 'path_level': {(0, 1): {}, (0, 3): {}, (0, 6): {}, (0, 8): {}, (1, 4): {}, (1, 5): {}, (1, 8): {}}}","{'node_level': {0: {'cpu': 0}, 1: {'cpu': 0}, 2: {'cpu': 0}, 3: {'cpu': 0}, 4: {'cpu': 0}, 5: {'cpu': 0}, 6: {'cpu': 0}, 7: {'cpu': 0}, 8: {'cpu': 0}, 9: {'cpu': 0}}, 'link_level': {(0, 1): {'bw': 0}, (0, 3): {'bw': 0}, (0, 6): {'bw': 0}, (0, 8): {'bw': 0}, (1, 4): {'bw': 0}, (1, 5): {'bw': 0}, (1, 8): {'bw': 100.0}}, 'path_level': {(0, 1): {}, (0, 3): {}, (0, 6): {}, (0, 8): {}, (1, 4): {}, (1, 5): {}, (1, 8): {}}}",[],-inf,-inf,True,False,False,0,[],0,0.0,10.0,7.0,3
40,1,0,955.0,1590.0,578123.2612110324,962529.827566012,0.60062893081761,0.60062893081761,6,63,0,1301.2769386077246,17304,2649,14655,0.0,0.0,38,29.2769386077246,1272.0,10,27,False,{},{},{},{},0.0,0.0,0.0,0.0,0.0,0.0,0.0,0.0,0.0,0.0,0.0,0.0,0.0,0.0,Leave Event,0.0,"{'node_level': {}, 'link_level': {}, 'path_level': {}}","{'node_level': {}, 'link_level': {}, 'path_level': {}}","{'node_level': {}, 'link_level': {}, 'path_level': {}}",[],-inf,-inf,True,True,False,0,[],0,0.0,,,3
40,1,0,955.0,1590.0,578123.2612110324,962529.827566012,0.60062893081761,0.60062893081761,6,64,0,1316.1295634727908,17304,2649,14655,0.0,0.0,35,145.12956347279084,1171.0,6,8,False,{},{},{},{},0.0,0.0,0.0,0.0,0.0,0.0,0.0,0.0,0.0,0.0,0.0,0.0,0.0,0.0,Leave Event,0.0,"{'node_level': {}, 'link_level': {}, 'path_level': {}}","{'node_level': {}, 'link_level': {}, 'path_level': {}}","{'node_level': {}, 'link_level': {}, 'path_level': {}}",[],-inf,-inf,True,True,False,0,[],0,0.0,,,3
41,1,0,955.0,1590.0,578123.2612110324,962529.827566012,0.60062893081761,0.60062893081761,6,65,1,1334.0,17304,2649,14655,0.0,0.0,40,267.57526084600323,1334.0,6,6,False,"{0: np.int64(26), 1: np.int64(0), 2: np.int64(28), 3: np.int64(27), 4: np.int64(5), 5: np.int64(24)}","{(0, 1): [(np.int64(26), 23), (23, 20), (20, 0)], (1, 4): [(np.int64(0), 4), (4, 6), (6, 5)], (1, 5): [(np.int64(0), 20), (20, 22), (22, 24)], (2, 5): [(np.int64(28), 1), (1, 20), (20, 22), (22, 24)], (3, 4): [(np.int64(27), 23), (23, 21), (21, 2), (2, 5)], (4, 5): []}","{(0, np.int64(26)): {'cpu': 56}, (1, np.int64(0)): {'cpu': 78}, (2, np.int64(28)): {'cpu': 46}, (3, np.int64(27)): {'cpu': 54}, (4, np.int64(5)): {'cpu': 45}, (5, np.int64(24)): {'cpu': 34}}","{((0, 1), (np.int64(26), 23)): {'bw': 142}, ((0, 1), (23, 20)): {'bw': 142}, ((0, 1), (20, 0)): {'bw': 142}, ((1, 4), (np.int64(0), 4)): {'bw': 85}, ((1, 4), (4, 6)): {'bw': 85}, ((1, 4), (6, 5)): {'bw': 85}, ((1, 5), (np.int64(0), 20)): {'bw': 69}, ((1, 5), (20, 22)): {'bw': 69}, ((1, 5), (22, 24)): {'bw': 69}, ((2, 5), (np.int64(28), 1)): {'bw': 74}, ((2, 5), (1, 20)): {'bw': 74}, ((2, 5), (20, 22)): {'bw': 74}, ((2, 5), (22, 24)): {'bw': 74}, ((3, 4), (np.int64(27), 23)): {'bw': 134}, ((3, 4), (23, 21)): {'bw': 134}, ((3, 4), (21, 2)): {'bw': 134}, ((3, 4), (2, 5)): {'bw': 134}}",0.0,0.0,626.0,313.0,595.0,0.0,0.0,0.0,0.0,0.0,0.0,0.0,0.0,0.0,Route Failure,100.0,"{'node_level': {}, 'link_level': {}, 'path_level': {}}","{'node_level': {0: {'cpu': -20}, 1: {'cpu': -14}, 2: {'cpu': -44}, 3: {'cpu': -1}, 4: {'cpu': -26}, 5: {'cpu': -18}}, 'link_level': {(0, 1): {'bw': -137}, (1, 4): {'bw': -148}, (1, 5): {'bw': -68}, (2, 5): {'bw': -75}, (3, 4): {'bw': -94}, (4, 5): {'bw': 100.0}}, 'path_level': {(0, 1): {}, (1, 4): {}, (1, 5): {}, (2, 5): {}, (3, 4): {}, (4, 5): {}}}","{'node_level': {0: {'cpu': 0}, 1: {'cpu': 0}, 2: {'cpu': 0}, 3: {'cpu': 0}, 4: {'cpu': 0}, 5: {'cpu': 0}}, 'link_level': {(0, 1): {'bw': 0}, (1, 4): {'bw': 0}, (1, 5): {'bw': 0}, (2, 5): {'bw': 0}, (3, 4): {'bw': 0}, (4, 5): {'bw': 100.0}}, 'path_level': {(0, 1): {}, (1, 4): {}, (1, 5): {}, (2, 5): {}, (3, 4): {}, (4, 5): {}}}",[],-inf,-inf,True,False,False,0,[],0,0.0,6.0,6.0,3
42,1,0,955.0,1590.0,578123.2612110324,962529.827566012,0.60062893081761,0.60062893081761,6,66,1,1372.0,17304,2649,14655,0.0,0.0,41,664.6247754682353,1372.0,6,10,False,"{0: np.int64(15), 1: np.int64(12), 2: np.int64(25), 3: np.int64(35), 4: np.int64(16), 5: np.int64(29)}","{(0, 3): [(np.int64(15), 12), (12, 0), (0, 28), (28, 31), (31, 35)], (0, 4): [(np.int64(15), 12), (12, 14), (14, 16)], (1, 2): [(np.int64(12), 0), (0, 20), (20, 22), (22, 25)], (1, 4): [(np.int64(12), 0), (0, 4), (4, 6), (6, 5), (5, 2), (2, 13), (13, 14), (14, 16)], (1, 5): [(np.int64(12), 1), (1, 28), (28, 30), (30, 29)], (2, 3): []}","{(0, np.int64(15)): {'cpu': 80}, (1, np.int64(12)): {'cpu': 67}, (2, np.int64(25)): {'cpu': 39}, (3, np.int64(35)): {'cpu': 35}, (4, np.int64(16)): {'cpu': 79}, (5, np.int64(29)): {'cpu': 73}}","{((0, 3), (np.int64(15), 12)): {'bw': 98}, ((0, 3), (12, 0)): {'bw': 98}, ((0, 3), (0, 28)): {'bw': 98}, ((0, 3), (28, 31)): {'bw': 98}, ((0, 3), (31, 35)): {'bw': 98}, ((0, 4), (np.int64(15), 12)): {'bw': 143}, ((0, 4), (12, 14)): {'bw': 143}, ((0, 4), (14, 16)): {'bw': 143}, ((1, 2), (np.int64(12), 0)): {'bw': 76}, ((1, 2), (0, 20)): {'bw': 76}, ((1, 2), (20, 22)): {'bw': 76}, ((1, 2), (22, 25)): {'bw': 76}, ((1, 4), (np.int64(12), 0)): {'bw': 136}, ((1, 4), (0, 4)): {'bw': 136}, ((1, 4), (4, 6)): {'bw': 136}, ((1, 4), (6, 5)): {'bw': 136}, ((1, 4), (5, 2)): {'bw': 136}, ((1, 4), (2, 13)): {'bw': 136}, ((1, 4), (13, 14)): {'bw': 136}, ((1, 4), (14, 16)): {'bw': 136}, ((1, 5), (np.int64(12), 1)): {'bw': 67}, ((1, 5), (1, 28)): {'bw': 67}, ((1, 5), (28, 30)): {'bw': 67}, ((1, 5), (30, 29)): {'bw': 67}}",0.0,0.0,746.0,373.0,1040.0,0.0,0.0,0.0,0.0,0.0,0.0,0.0,0.0,0.0,Route Failure,100.0,"{'node_level': {}, 'link_level': {}, 'path_level': {}}","{'node_level': {0: {'cpu': -14}, 1: {'cpu': -21}, 2: {'cpu': -12}, 3: {'cpu': -58}, 4: {'cpu': 0}, 5: {'cpu': -23}}, 'link_level': {(0, 3): {'bw': -104}, (0, 4): {'bw': -72}, (1, 2): {'bw': -149}, (1, 4): {'bw': -13}, (1, 5): {'bw': -153}, (2, 3): {'bw': 100.0}}, 'path_level': {(0, 3): {}, (0, 4): {}, (1, 2): {}, (1, 4): {}, (1, 5): {}, (2, 3): {}}}","{'node_level': {0: {'cpu': 0}, 1: {'cpu': 0}, 2: {'cpu': 0}, 3: {'cpu': 0}, 4: {'cpu': 0}, 5: {'cpu': 0}}, 'link_level': {(0, 3): {'bw': 0}, (0, 4): {'bw': 0}, (1, 2): {'bw': 0}, (1, 4): {'bw': 0}, (1, 5): {'bw': 0}, (2, 3): {'bw': 100.0}}, 'path_level': {(0, 3): {}, (0, 4): {}, (1, 2): {}, (1, 4): {}, (1, 5): {}, (2, 3): {}}}",[],-inf,-inf,True,False,False,0,[],0,0.0,6.0,6.0,3
42,1,0,955.0,1590.0,578123.2612110324,962529.827566012,0.60062893081761,0.60062893081761,6,67,0,1387.500615369933,17304,2649,14655,0.0,0.0,25,563.500615369933,824.0,8,12,False,{},{},{},{},0.0,0.0,0.0,0.0,0.0,0.0,0.0,0.0,0.0,0.0,0.0,0.0,0.0,0.0,Leave Event,0.0,"{'node_level': {}, 'link_level': {}, 'path_level': {}}","{'node_level': {}, 'link_level': {}, 'path_level': {}}","{'node_level': {}, 'link_level': {}, 'path_level': {}}",[],-inf,-inf,True,True,False,0,[],0,0.0,,,3
42,1,0,955.0,1590.0,578123.2612110324,962529.827566012,0.60062893081761,0.60062893081761,6,68,0,1387.7982955140315,17304,2649,14655,0.0,0.0,31,354.79829551403145,1033.0,6,10,False,{},{},{},{},0.0,0.0,0.0,0.0,0.0,0.0,0.0,0.0,0.0,0.0,0.0,0.0,0.0,0.0,Leave Event,0.0,"{'node_level': {}, 'link_level': {}, 'path_level': {}}","{'node_level': {}, 'link_level': {}, 'path_level': {}}","{'node_level': {}, 'link_level': {}, 'path_level': {}}",[],-inf,-inf,True,True,False,0,[],0,0.0,,,3
43,1,0,955.0,1590.0,578123.2612110324,962529.827566012,0.60062893081761,0.60062893081761,6,69,1,1408.0,17304,2649,14655,0.0,0.0,42,324.17451880825666,1408.0,7,12,False,"{0: np.int64(26), 1: np.int64(28), 2: np.int64(32), 3: np.int64(16), 4: np.int64(30), 5: np.int64(31), 6: np.int64(15)}","{(0, 1): [(np.int64(26), 23), (23, 20), (20, 0), (0, 28)], (0, 3): [(np.int64(26), 23), (23, 20), (20, 0), (0, 12), (12, 14), (14, 16)], (0, 4): [(np.int64(26), 23), (23, 21), (21, 2), (2, 29), (29, 30)], (1, 4): [(np.int64(28), 30)], (1, 5): [(np.int64(28), 31)], (1, 6): [(np.int64(28), 0), (0, 12), (12, 15)], (2, 3): [(np.int64(32), 30), (30, 28), (28, 1), (1, 12), (12, 14), (14, 16)], (2, 5): [(np.int64(32), 30), (30, 29), (29, 31)], (3, 4): [(np.int64(16), 14), (14, 13), (13, 2), (2, 29), (29, 30)], (3, 5): []}","{(0, np.int64(26)): {'cpu': 40}, (1, np.int64(28)): {'cpu': 66}, (2, np.int64(32)): {'cpu': 80}, (3, np.int64(16)): {'cpu': 77}, (4, np.int64(30)): {'cpu': 76}, (5, np.int64(31)): {'cpu': 78}, (6, np.int64(15)): {'cpu': 30}}","{((0, 1), (np.int64(26), 23)): {'bw': 131}, ((0, 1), (23, 20)): {'bw': 131}, ((0, 1), (20, 0)): {'bw': 131}, ((0, 1), (0, 28)): {'bw': 131}, ((0, 3), (np.int64(26), 23)): {'bw': 113}, ((0, 3), (23, 20)): {'bw': 113}, ((0, 3), (20, 0)): {'bw': 113}, ((0, 3), (0, 12)): {'bw': 113}, ((0, 3), (12, 14)): {'bw': 113}, ((0, 3), (14, 16)): {'bw': 113}, ((0, 4), (np.int64(26), 23)): {'bw': 118}, ((0, 4), (23, 21)): {'bw': 118}, ((0, 4), (21, 2)): {'bw': 118}, ((0, 4), (2, 29)): {'bw': 118}, ((0, 4), (29, 30)): {'bw': 118}, ((1, 4), (np.int64(28), 30)): {'bw': 144}, ((1, 5), (np.int64(28), 31)): {'bw': 97}, ((1, 6), (np.int64(28), 0)): {'bw': 110}, ((1, 6), (0, 12)): {'bw': 110}, ((1, 6), (12, 15)): {'bw': 110}, ((2, 3), (np.int64(32), 30)): {'bw': 115}, ((2, 3), (30, 28)): {'bw': 115}, ((2, 3), (28, 1)): {'bw': 115}, ((2, 3), (1, 12)): {'bw': 115}, ((2, 3), (12, 14)): {'bw': 115}, ((2, 3), (14, 16)): {'bw': 115}, ((2, 5), (np.int64(32), 30)): {'bw': 108}, ((2, 5), (30, 29)): {'bw': 108}, ((2, 5), (29, 31)): {'bw': 108}, ((3, 4), (np.int64(16), 14)): {'bw': 67}, ((3, 4), (14, 13)): {'bw': 67}, ((3, 4), (13, 2)): {'bw': 67}, ((3, 4), (2, 29)): {'bw': 67}, ((3, 4), (29, 30)): {'bw': 67}}",0.0,0.0,894.0,447.0,1353.0,0.0,0.0,0.0,0.0,0.0,0.0,0.0,0.0,0.0,Route Failure,100.0,"{'node_level': {}, 'link_level': {}, 'path_level': {}}","{'node_level': {0: {'cpu': -36}, 1: {'cpu': -24}, 2: {'cpu': -12}, 3: {'cpu': -2}, 4: {'cpu': -7}, 5: {'cpu': -1}, 6: {'cpu': -64}}, 'link_level': {(0, 1): {'bw': -148}, (0, 3): {'bw': -35}, (0, 4): {'bw': -21}, (1, 4): {'bw': -197}, (1, 5): {'bw': -268}, (1, 6): {'bw': -100}, (2, 3): {'bw': -5}, (2, 5): {'bw': -132}, (3, 4): {'bw': -22}, (3, 5): {'bw': 100.0}}, 'path_level': {(0, 1): {}, (0, 3): {}, (0, 4): {}, (1, 4): {}, (1, 5): {}, (1, 6): {}, (2, 3): {}, (2, 5): {}, (3, 4): {}, (3, 5): {}}}","{'node_level': {0: {'cpu': 0}, 1: {'cpu': 0}, 2: {'cpu': 0}, 3: {'cpu': 0}, 4: {'cpu': 0}, 5: {'cpu': 0}, 6: {'cpu': 0}}, 'link_level': {(0, 1): {'bw': 0}, (0, 3): {'bw': 0}, (0, 4): {'bw': 0}, (1, 4): {'bw': 0}, (1, 5): {'bw': 0}, (1, 6): {'bw': 0}, (2, 3): {'bw': 0}, (2, 5): {'bw': 0}, (3, 4): {'bw': 0}, (3, 5): {'bw': 100.0}}, 'path_level': {(0, 1): {}, (0, 3): {}, (0, 4): {}, (1, 4): {}, (1, 5): {}, (1, 6): {}, (2, 3): {}, (2, 5): {}, (3, 4): {}, (3, 5): {}}}",[],-inf,-inf,True,False,False,0,[],0,0.0,7.0,10.0,3
43,1,0,955.0,1590.0,578123.2612110324,962529.827566012,0.60062893081761,0.60062893081761,6,70,0,1434.218773921043,17304,2649,14655,0.0,0.0,1,1374.218773921043,60.0,6,6,False,{},{},{},{},0.0,0.0,0.0,0.0,0.0,0.0,0.0,0.0,0.0,0.0,0.0,0.0,0.0,0.0,Leave Event,0.0,"{'node_level': {}, 'link_level': {}, 'path_level': {}}","{'node_level': {}, 'link_level': {}, 'path_level': {}}","{'node_level': {}, 'link_level': {}, 'path_level': {}}",[],-inf,-inf,True,True,False,0,[],0,0.0,,,3
44,1,0,955.0,1590.0,578123.2612110324,962529.827566012,0.60062893081761,0.60062893081761,6,71,1,1436.0,17304,2649,14655,0.0,0.0,43,347.1394648096214,1436.0,8,11,False,"{0: np.int64(31), 1: np.int64(0), 2: np.int64(32), 3: np.int64(8), 4: np.int64(26), 5: np.int64(13), 6: np.int64(15), 7: np.int64(10)}","{(0, 2): [(np.int64(31), 28), (28, 30), (30, 32)], (0, 3): [(np.int64(31), 28), (28, 0), (0, 4), (4, 6), (6, 8)], (1, 2): [(np.int64(0), 28), (28, 30), (30, 32)], (1, 5): [(np.int64(0), 12), (12, 14), (14, 13)], (1, 6): [(np.int64(0), 12), (12, 15)], (2, 3): [(np.int64(32), 30), (30, 29), (29, 2), (2, 5), (5, 6), (6, 8)], (2, 5): []}","{(0, np.int64(31)): {'cpu': 46}, (1, np.int64(0)): {'cpu': 47}, (2, np.int64(32)): {'cpu': 55}, (3, np.int64(8)): {'cpu': 72}, (4, np.int64(26)): {'cpu': 34}, (5, np.int64(13)): {'cpu': 56}, (6, np.int64(15)): {'cpu': 34}, (7, np.int64(10)): {'cpu': 39}}","{((0, 2), (np.int64(31), 28)): {'bw': 146}, ((0, 2), (28, 30)): {'bw': 146}, ((0, 2), (30, 32)): {'bw': 146}, ((0, 3), (np.int64(31), 28)): {'bw': 63}, ((0, 3), (28, 0)): {'bw': 63}, ((0, 3), (0, 4)): {'bw': 63}, ((0, 3), (4, 6)): {'bw': 63}, ((0, 3), (6, 8)): {'bw': 63}, ((1, 2), (np.int64(0), 28)): {'bw': 144}, ((1, 2), (28, 30)): {'bw': 144}, ((1, 2), (30, 32)): {'bw': 144}, ((1, 5), (np.int64(0), 12)): {'bw': 63}, ((1, 5), (12, 14)): {'bw': 63}, ((1, 5), (14, 13)): {'bw': 63}, ((1, 6), (np.int64(0), 12)): {'bw': 113}, ((1, 6), (12, 15)): {'bw': 113}, ((2, 3), (np.int64(32), 30)): {'bw': 91}, ((2, 3), (30, 29)): {'bw': 91}, ((2, 3), (29, 2)): {'bw': 91}, ((2, 3), (2, 5)): {'bw': 91}, ((2, 3), (5, 6)): {'bw': 91}, ((2, 3), (6, 8)): {'bw': 91}}",0.0,0.0,766.0,383.0,1137.0,0.0,0.0,0.0,0.0,0.0,0.0,0.0,0.0,0.0,Route Failure,100.0,"{'node_level': {}, 'link_level': {}, 'path_level': {}}","{'node_level': {0: {'cpu': -33}, 1: {'cpu': -45}, 2: {'cpu': -37}, 3: {'cpu': -21}, 4: {'cpu': -42}, 5: {'cpu': -26}, 6: {'cpu': -60}, 7: {'cpu': -21}}, 'link_level': {(0, 2): {'bw': -195}, (0, 3): {'bw': -156}, (1, 2): {'bw': -51}, (1, 5): {'bw': -138}, (1, 6): {'bw': -147}, (2, 3): {'bw': -8}, (2, 5): {'bw': 100.0}}, 'path_level': {(0, 2): {}, (0, 3): {}, (1, 2): {}, (1, 5): {}, (1, 6): {}, (2, 3): {}, (2, 5): {}}}","{'node_level': {0: {'cpu': 0}, 1: {'cpu': 0}, 2: {'cpu': 0}, 3: {'cpu': 0}, 4: {'cpu': 0}, 5: {'cpu': 0}, 6: {'cpu': 0}, 7: {'cpu': 0}}, 'link_level': {(0, 2): {'bw': 0}, (0, 3): {'bw': 0}, (1, 2): {'bw': 0}, (1, 5): {'bw': 0}, (1, 6): {'bw': 0}, (2, 3): {'bw': 0}, (2, 5): {'bw': 100.0}}, 'path_level': {(0, 2): {}, (0, 3): {}, (1, 2): {}, (1, 5): {}, (1, 6): {}, (2, 3): {}, (2, 5): {}}}",[],-inf,-inf,True,False,False,0,[],0,0.0,8.0,7.0,3
44,1,0,955.0,1590.0,578123.2612110324,962529.827566012,0.60062893081761,0.60062893081761,6,72,0,1449.9550927632242,17304,2649,14655,0.0,0.0,37,211.9550927632243,1238.0,7,11,False,{},{},{},{},0.0,0.0,0.0,0.0,0.0,0.0,0.0,0.0,0.0,0.0,0.0,0.0,0.0,0.0,Leave Event,0.0,"{'node_level': {}, 'link_level': {}, 'path_level': {}}","{'node_level': {}, 'link_level': {}, 'path_level': {}}","{'node_level': {}, 'link_level': {}, 'path_level': {}}",[],-inf,-inf,True,True,False,0,[],0,0.0,,,3
44,1,0,955.0,1590.0,578123.2612110324,962529.827566012,0.60062893081761,0.60062893081761,6,73,0,1462.7161537804143,17304,2649,14655,0.0,0.0,27,556.7161537804143,906.0,7,12,False,{},{},{},{},0.0,0.0,0.0,0.0,0.0,0.0,0.0,0.0,0.0,0.0,0.0,0.0,0.0,0.0,Leave Event,0.0,"{'node_level': {}, 'link_level': {}, 'path_level': {}}","{'node_level': {}, 'link_level': {}, 'path_level': {}}","{'node_level': {}, 'link_level': {}, 'path_level': {}}",[],-inf,-inf,True,True,False,0,[],0,0.0,,,3
45,1,0,955.0,1590.0,578123.2612110324,962529.827566012,0.60062893081761,0.60062893081761,6,74,1,1466.0,17304,2649,14655,0.0,0.0,44,270.2661915770329,1466.0,10,22,False,"{0: np.int64(10), 1: np.int64(16), 2: np.int64(30), 3: np.int64(28), 4: np.int64(35), 5: np.int64(25), 6: np.int64(13), 7: np.int64(1), 8: np.int64(7), 9: np.int64(15)}","{(0, 2): [(np.int64(10), 7), (7, 4), (4, 0), (0, 28), (28, 30)], (0, 3): [(np.int64(10), 7), (7, 4), (4, 0), (0, 28)], (0, 4): [(np.int64(10), 7), (7, 4), (4, 1), (1, 28), (28, 31), (31, 35)], (0, 6): []}","{(0, np.int64(10)): {'cpu': 40}, (1, np.int64(16)): {'cpu': 76}, (2, np.int64(30)): {'cpu': 40}, (3, np.int64(28)): {'cpu': 72}, (4, np.int64(35)): {'cpu': 62}, (5, np.int64(25)): {'cpu': 40}, (6, np.int64(13)): {'cpu': 39}, (7, np.int64(1)): {'cpu': 38}, (8, np.int64(7)): {'cpu': 30}, (9, np.int64(15)): {'cpu': 33}}","{((0, 2), (np.int64(10), 7)): {'bw': 103}, ((0, 2), (7, 4)): {'bw': 103}, ((0, 2), (4, 0)): {'bw': 103}, ((0, 2), (0, 28)): {'bw': 103}, ((0, 2), (28, 30)): {'bw': 103}, ((0, 3), (np.int64(10), 7)): {'bw': 127}, ((0, 3), (7, 4)): {'bw': 127}, ((0, 3), (4, 0)): {'bw': 127}, ((0, 3), (0, 28)): {'bw': 127}, ((0, 4), (np.int64(10), 7)): {'bw': 74}, ((0, 4), (7, 4)): {'bw': 74}, ((0, 4), (4, 1)): {'bw': 74}, ((0, 4), (1, 28)): {'bw': 74}, ((0, 4), (28, 31)): {'bw': 74}, ((0, 4), (31, 35)): {'bw': 74}}",0.0,0.0,940.0,470.0,2134.0,0.0,0.0,0.0,0.0,0.0,0.0,0.0,0.0,0.0,Route Failure,100.0,"{'node_level': {}, 'link_level': {}, 'path_level': {}}","{'node_level': {0: {'cpu': -20}, 1: {'cpu': -3}, 2: {'cpu': -43}, 3: {'cpu': -18}, 4: {'cpu': -31}, 5: {'cpu': -11}, 6: {'cpu': -43}, 7: {'cpu': -36}, 8: {'cpu': -30}, 9: {'cpu': -61}}, 'link_level': {(0, 2): {'bw': -130}, (0, 3): {'bw': -3}, (0, 4): {'bw': -61}, (0, 6): {'bw': 100.0}}, 'path_level': {(0, 2): {}, (0, 3): {}, (0, 4): {}, (0, 6): {}}}","{'node_level': {0: {'cpu': 0}, 1: {'cpu': 0}, 2: {'cpu': 0}, 3: {'cpu': 0}, 4: {'cpu': 0}, 5: {'cpu': 0}, 6: {'cpu': 0}, 7: {'cpu': 0}, 8: {'cpu': 0}, 9: {'cpu': 0}}, 'link_level': {(0, 2): {'bw': 0}, (0, 3): {'bw': 0}, (0, 4): {'bw': 0}, (0, 6): {'bw': 100.0}}, 'path_level': {(0, 2): {}, (0, 3): {}, (0, 4): {}, (0, 6): {}}}",[],-inf,-inf,True,False,False,0,[],0,0.0,10.0,4.0,3
46,1,0,955.0,1590.0,578123.2612110324,962529.827566012,0.60062893081761,0.60062893081761,6,75,1,1498.0,17304,2649,14655,0.0,0.0,45,171.58674721351258,1498.0,6,9,False,"{0: np.int64(5), 1: np.int64(7), 2: np.int64(17), 3: np.int64(11), 4: np.int64(8), 5: np.int64(32)}","{(0, 2): [(np.int64(5), 2), (2, 13), (13, 14), (14, 17)], (0, 4): [(np.int64(5), 6), (6, 8)], (1, 2): [(np.int64(7), 4), (4, 0), (0, 12), (12, 14), (14, 17)], (1, 4): [(np.int64(7), 4), (4, 6), (6, 8)], (2, 3): [(np.int64(17), 14), (14, 12), (12, 0), (0, 4), (4, 7), (7, 11)], (2, 4): [(np.int64(17), 14), (14, 13), (13, 2), (2, 5), (5, 6), (6, 8)], (2, 5): []}","{(0, np.int64(5)): {'cpu': 67}, (1, np.int64(7)): {'cpu': 57}, (2, np.int64(17)): {'cpu': 75}, (3, np.int64(11)): {'cpu': 52}, (4, np.int64(8)): {'cpu': 61}, (5, np.int64(32)): {'cpu': 46}}","{((0, 2), (np.int64(5), 2)): {'bw': 83}, ((0, 2), (2, 13)): {'bw': 83}, ((0, 2), (13, 14)): {'bw': 83}, ((0, 2), (14, 17)): {'bw': 83}, ((0, 4), (np.int64(5), 6)): {'bw': 144}, ((0, 4), (6, 8)): {'bw': 144}, ((1, 2), (np.int64(7), 4)): {'bw': 75}, ((1, 2), (4, 0)): {'bw': 75}, ((1, 2), (0, 12)): {'bw': 75}, ((1, 2), (12, 14)): {'bw': 75}, ((1, 2), (14, 17)): {'bw': 75}, ((1, 4), (np.int64(7), 4)): {'bw': 110}, ((1, 4), (4, 6)): {'bw': 110}, ((1, 4), (6, 8)): {'bw': 110}, ((2, 3), (np.int64(17), 14)): {'bw': 72}, ((2, 3), (14, 12)): {'bw': 72}, ((2, 3), (12, 0)): {'bw': 72}, ((2, 3), (0, 4)): {'bw': 72}, ((2, 3), (4, 7)): {'bw': 72}, ((2, 3), (7, 11)): {'bw': 72}, ((2, 4), (np.int64(17), 14)): {'bw': 88}, ((2, 4), (14, 13)): {'bw': 88}, ((2, 4), (13, 2)): {'bw': 88}, ((2, 4), (2, 5)): {'bw': 88}, ((2, 4), (5, 6)): {'bw': 88}, ((2, 4), (6, 8)): {'bw': 88}}",0.0,0.0,716.0,358.0,960.0,0.0,0.0,0.0,0.0,0.0,0.0,0.0,0.0,0.0,Route Failure,100.0,"{'node_level': {}, 'link_level': {}, 'path_level': {}}","{'node_level': {0: {'cpu': -4}, 1: {'cpu': -3}, 2: {'cpu': -14}, 3: {'cpu': -19}, 4: {'cpu': -32}, 5: {'cpu': -46}}, 'link_level': {(0, 2): {'bw': -118}, (0, 4): {'bw': -221}, (1, 2): {'bw': -158}, (1, 4): {'bw': -130}, (2, 3): {'bw': -86}, (2, 4): {'bw': -1}, (2, 5): {'bw': 100.0}}, 'path_level': {(0, 2): {}, (0, 4): {}, (1, 2): {}, (1, 4): {}, (2, 3): {}, (2, 4): {}, (2, 5): {}}}","{'node_level': {0: {'cpu': 0}, 1: {'cpu': 0}, 2: {'cpu': 0}, 3: {'cpu': 0}, 4: {'cpu': 0}, 5: {'cpu': 0}}, 'link_level': {(0, 2): {'bw': 0}, (0, 4): {'bw': 0}, (1, 2): {'bw': 0}, (1, 4): {'bw': 0}, (2, 3): {'bw': 0}, (2, 4): {'bw': 0}, (2, 5): {'bw': 100.0}}, 'path_level': {(0, 2): {}, (0, 4): {}, (1, 2): {}, (1, 4): {}, (2, 3): {}, (2, 4): {}, (2, 5): {}}}",[],-inf,-inf,True,False,False,0,[],0,0.0,6.0,7.0,3
47,1,0,955.0,1590.0,578123.2612110324,962529.827566012,0.60062893081761,0.60062893081761,6,76,1,1527.0,17304,2649,14655,0.0,0.0,46,1154.8595769365904,1527.0,6,9,False,"{0: np.int64(29), 1: np.int64(33), 2: np.int64(17), 3: np.int64(30), 4: np.int64(24), 5: np.int64(4)}","{(0, 1): [(np.int64(29), 30), (30, 33)], (0, 2): [(np.int64(29), 2), (2, 13), (13, 14), (14, 17)], (0, 3): [(np.int64(29), 30)], (1, 3): [(np.int64(33), 30)], (1, 4): []}","{(0, np.int64(29)): {'cpu': 69}, (1, np.int64(33)): {'cpu': 59}, (2, np.int64(17)): {'cpu': 45}, (3, np.int64(30)): {'cpu': 37}, (4, np.int64(24)): {'cpu': 41}, (5, np.int64(4)): {'cpu': 48}}","{((0, 1), (np.int64(29), 30)): {'bw': 144}, ((0, 1), (30, 33)): {'bw': 144}, ((0, 2), (np.int64(29), 2)): {'bw': 76}, ((0, 2), (2, 13)): {'bw': 76}, ((0, 2), (13, 14)): {'bw': 76}, ((0, 2), (14, 17)): {'bw': 76}, ((0, 3), (np.int64(29), 30)): {'bw': 138}, ((1, 3), (np.int64(33), 30)): {'bw': 86}}",0.0,0.0,598.0,299.0,954.0,0.0,0.0,0.0,0.0,0.0,0.0,0.0,0.0,0.0,Route Failure,100.0,"{'node_level': {}, 'link_level': {}, 'path_level': {}}","{'node_level': {0: {'cpu': -27}, 1: {'cpu': -15}, 2: {'cpu': -44}, 3: {'cpu': -46}, 4: {'cpu': -11}, 5: {'cpu': -2}}, 'link_level': {(0, 1): {'bw': -89}, (0, 2): {'bw': -125}, (0, 3): {'bw': -76}, (1, 3): {'bw': -3}, (1, 4): {'bw': 100.0}}, 'path_level': {(0, 1): {}, (0, 2): {}, (0, 3): {}, (1, 3): {}, (1, 4): {}}}","{'node_level': {0: {'cpu': 0}, 1: {'cpu': 0}, 2: {'cpu': 0}, 3: {'cpu': 0}, 4: {'cpu': 0}, 5: {'cpu': 0}}, 'link_level': {(0, 1): {'bw': 0}, (0, 2): {'bw': 0}, (0, 3): {'bw': 0}, (1, 3): {'bw': 0}, (1, 4): {'bw': 100.0}}, 'path_level': {(0, 1): {}, (0, 2): {}, (0, 3): {}, (1, 3): {}, (1, 4): {}}}",[],-inf,-inf,True,False,False,0,[],0,0.0,6.0,5.0,3
48,1,0,955.0,1590.0,578123.2612110324,962529.827566012,0.60062893081761,0.60062893081761,6,77,1,1559.0,17304,2649,14655,0.0,0.0,47,552.4976755453773,1559.0,7,11,False,"{0: np.int64(31), 1: np.int64(15), 2: np.int64(11), 3: np.int64(32), 4: np.int64(16), 5: np.int64(6), 6: np.int64(1)}","{(0, 4): [(np.int64(31), 28), (28, 0), (0, 12), (12, 14), (14, 16)], (0, 5): [(np.int64(31), 28), (28, 0), (0, 4), (4, 6)], (0, 6): [(np.int64(31), 28), (28, 1)], (1, 4): [(np.int64(15), 13), (13, 14), (14, 16)], (2, 4): []}","{(0, np.int64(31)): {'cpu': 58}, (1, np.int64(15)): {'cpu': 38}, (2, np.int64(11)): {'cpu': 59}, (3, np.int64(32)): {'cpu': 75}, (4, np.int64(16)): {'cpu': 72}, (5, np.int64(6)): {'cpu': 49}, (6, np.int64(1)): {'cpu': 55}}","{((0, 4), (np.int64(31), 28)): {'bw': 112}, ((0, 4), (28, 0)): {'bw': 112}, ((0, 4), (0, 12)): {'bw': 112}, ((0, 4), (12, 14)): {'bw': 112}, ((0, 4), (14, 16)): {'bw': 112}, ((0, 5), (np.int64(31), 28)): {'bw': 64}, ((0, 5), (28, 0)): {'bw': 64}, ((0, 5), (0, 4)): {'bw': 64}, ((0, 5), (4, 6)): {'bw': 64}, ((0, 6), (np.int64(31), 28)): {'bw': 128}, ((0, 6), (28, 1)): {'bw': 128}, ((1, 4), (np.int64(15), 13)): {'bw': 140}, ((1, 4), (13, 14)): {'bw': 140}, ((1, 4), (14, 16)): {'bw': 140}}",0.0,0.0,812.0,406.0,1026.0,0.0,0.0,0.0,0.0,0.0,0.0,0.0,0.0,0.0,Route Failure,100.0,"{'node_level': {}, 'link_level': {}, 'path_level': {}}","{'node_level': {0: {'cpu': -21}, 1: {'cpu': -56}, 2: {'cpu': -12}, 3: {'cpu': -17}, 4: {'cpu': -7}, 5: {'cpu': -20}, 6: {'cpu': -19}}, 'link_level': {(0, 4): {'bw': -121}, (0, 5): {'bw': -169}, (0, 6): {'bw': -61}, (1, 4): {'bw': -61}, (2, 4): {'bw': 100.0}}, 'path_level': {(0, 4): {}, (0, 5): {}, (0, 6): {}, (1, 4): {}, (2, 4): {}}}","{'node_level': {0: {'cpu': 0}, 1: {'cpu': 0}, 2: {'cpu': 0}, 3: {'cpu': 0}, 4: {'cpu': 0}, 5: {'cpu': 0}, 6: {'cpu': 0}}, 'link_level': {(0, 4): {'bw': 0}, (0, 5): {'bw': 0}, (0, 6): {'bw': 0}, (1, 4): {'bw': 0}, (2, 4): {'bw': 100.0}}, 'path_level': {(0, 4): {}, (0, 5): {}, (0, 6): {}, (1, 4): {}, (2, 4): {}}}",[],-inf,-inf,True,False,False,0,[],0,0.0,7.0,5.0,3
49,1,0,955.0,1590.0,578123.2612110324,962529.827566012,0.60062893081761,0.60062893081761,6,78,1,1595.0,17304,2649,14655,0.0,0.0,48,777.5514398528638,1595.0,7,13,False,"{0: np.int64(22), 1: np.int64(21), 2: np.int64(30), 3: np.int64(31), 4: np.int64(33), 5: np.int64(17), 6: np.int64(15)}","{(0, 1): [(np.int64(22), 21)], (0, 3): [(np.int64(22), 20), (20, 0), (0, 28), (28, 31)], (0, 4): [(np.int64(22), 20), (20, 0), (0, 28), (28, 30), (30, 33)], (0, 5): [(np.int64(22), 20), (20, 1), (1, 12), (12, 14), (14, 17)], (0, 6): [(np.int64(22), 21), (21, 2), (2, 13), (13, 15)], (1, 5): [(np.int64(21), 2), (2, 13), (13, 14), (14, 17)], (2, 3): [(np.int64(30), 28), (28, 31)], (2, 4): []}","{(0, np.int64(22)): {'cpu': 71}, (1, np.int64(21)): {'cpu': 31}, (2, np.int64(30)): {'cpu': 35}, (3, np.int64(31)): {'cpu': 71}, (4, np.int64(33)): {'cpu': 54}, (5, np.int64(17)): {'cpu': 78}, (6, np.int64(15)): {'cpu': 62}}","{((0, 1), (np.int64(22), 21)): {'bw': 104}, ((0, 3), (np.int64(22), 20)): {'bw': 87}, ((0, 3), (20, 0)): {'bw': 87}, ((0, 3), (0, 28)): {'bw': 87}, ((0, 3), (28, 31)): {'bw': 87}, ((0, 4), (np.int64(22), 20)): {'bw': 92}, ((0, 4), (20, 0)): {'bw': 92}, ((0, 4), (0, 28)): {'bw': 92}, ((0, 4), (28, 30)): {'bw': 92}, ((0, 4), (30, 33)): {'bw': 92}, ((0, 5), (np.int64(22), 20)): {'bw': 112}, ((0, 5), (20, 1)): {'bw': 112}, ((0, 5), (1, 12)): {'bw': 112}, ((0, 5), (12, 14)): {'bw': 112}, ((0, 5), (14, 17)): {'bw': 112}, ((0, 6), (np.int64(22), 21)): {'bw': 138}, ((0, 6), (21, 2)): {'bw': 138}, ((0, 6), (2, 13)): {'bw': 138}, ((0, 6), (13, 15)): {'bw': 138}, ((1, 5), (np.int64(21), 2)): {'bw': 72}, ((1, 5), (2, 13)): {'bw': 72}, ((1, 5), (13, 14)): {'bw': 72}, ((1, 5), (14, 17)): {'bw': 72}, ((2, 3), (np.int64(30), 28)): {'bw': 118}, ((2, 3), (28, 31)): {'bw': 118}}",0.0,0.0,804.0,402.0,1327.0,0.0,0.0,0.0,0.0,0.0,0.0,0.0,0.0,0.0,Route Failure,100.0,"{'node_level': {}, 'link_level': {}, 'path_level': {}}","{'node_level': {0: {'cpu': -1}, 1: {'cpu': -45}, 2: {'cpu': -48}, 3: {'cpu': -8}, 4: {'cpu': -20}, 5: {'cpu': -11}, 6: {'cpu': -32}}, 'link_level': {(0, 1): {'bw': -256}, (0, 3): {'bw': -192}, (0, 4): {'bw': -100}, (0, 5): {'bw': -53}, (0, 6): {'bw': -90}, (1, 5): {'bw': -18}, (2, 3): {'bw': -131}, (2, 4): {'bw': 100.0}}, 'path_level': {(0, 1): {}, (0, 3): {}, (0, 4): {}, (0, 5): {}, (0, 6): {}, (1, 5): {}, (2, 3): {}, (2, 4): {}}}","{'node_level': {0: {'cpu': 0}, 1: {'cpu': 0}, 2: {'cpu': 0}, 3: {'cpu': 0}, 4: {'cpu': 0}, 5: {'cpu': 0}, 6: {'cpu': 0}}, 'link_level': {(0, 1): {'bw': 0}, (0, 3): {'bw': 0}, (0, 4): {'bw': 0}, (0, 5): {'bw': 0}, (0, 6): {'bw': 0}, (1, 5): {'bw': 0}, (2, 3): {'bw': 0}, (2, 4): {'bw': 100.0}}, 'path_level': {(0, 1): {}, (0, 3): {}, (0, 4): {}, (0, 5): {}, (0, 6): {}, (1, 5): {}, (2, 3): {}, (2, 4): {}}}",[],-inf,-inf,True,False,False,0,[],0,0.0,7.0,8.0,3
49,1,0,955.0,1590.0,578123.2612110324,962529.827566012,0.60062893081761,0.60062893081761,6,79,0,1601.5752608460032,17304,2649,14655,0.0,0.0,40,267.57526084600323,1334.0,6,6,False,{},{},{},{},0.0,0.0,0.0,0.0,0.0,0.0,0.0,0.0,0.0,0.0,0.0,0.0,0.0,0.0,Leave Event,0.0,"{'node_level': {}, 'link_level': {}, 'path_level': {}}","{'node_level': {}, 'link_level': {}, 'path_level': {}}","{'node_level': {}, 'link_level': {}, 'path_level': {}}",[],-inf,-inf,True,True,False,0,[],0,0.0,,,3
49,1,0,955.0,1590.0,578123.2612110324,962529.827566012,0.60062893081761,0.60062893081761,6,80,0,1621.3875681485183,17304,2649,14655,0.0,0.0,22,881.3875681485184,740.0,10,22,False,{},{},{},{},0.0,0.0,0.0,0.0,0.0,0.0,0.0,0.0,0.0,0.0,0.0,0.0,0.0,0.0,Leave Event,0.0,"{'node_level': {}, 'link_level': {}, 'path_level': {}}","{'node_level': {}, 'link_level': {}, 'path_level': {}}","{'node_level': {}, 'link_level': {}, 'path_level': {}}",[],-inf,-inf,True,True,False,0,[],0,0.0,,,3
50,1,0,955.0,1590.0,578123.2612110324,962529.827566012,0.60062893081761,0.60062893081761,6,81,1,1625.0,17304,2649,14655,0.0,0.0,49,1130.431501087978,1625.0,7,8,False,"{0: np.int64(14), 1: np.int64(16), 2: np.int64(18), 3: np.int64(21), 4: np.int64(27), 5: np.int64(25), 6: np.int64(32)}","{(0, 1): [(np.int64(14), 16)], (0, 2): [(np.int64(14), 12), (12, 15), (15, 18)], (1, 3): [(np.int64(16), 14), (14, 13), (13, 2), (2, 21)], (2, 3): [(np.int64(18), 15), (15, 13), (13, 2), (2, 21)], (2, 4): [(np.int64(18), 15), (15, 12), (12, 0), (0, 20), (20, 23), (23, 27)], (3, 4): [(np.int64(21), 23), (23, 27)], (4, 5): []}","{(0, np.int64(14)): {'cpu': 49}, (1, np.int64(16)): {'cpu': 73}, (2, np.int64(18)): {'cpu': 38}, (3, np.int64(21)): {'cpu': 54}, (4, np.int64(27)): {'cpu': 47}, (5, np.int64(25)): {'cpu': 30}, (6, np.int64(32)): {'cpu': 59}}","{((0, 1), (np.int64(14), 16)): {'bw': 125}, ((0, 2), (np.int64(14), 12)): {'bw': 93}, ((0, 2), (12, 15)): {'bw': 93}, ((0, 2), (15, 18)): {'bw': 93}, ((1, 3), (np.int64(16), 14)): {'bw': 71}, ((1, 3), (14, 13)): {'bw': 71}, ((1, 3), (13, 2)): {'bw': 71}, ((1, 3), (2, 21)): {'bw': 71}, ((2, 3), (np.int64(18), 15)): {'bw': 62}, ((2, 3), (15, 13)): {'bw': 62}, ((2, 3), (13, 2)): {'bw': 62}, ((2, 3), (2, 21)): {'bw': 62}, ((2, 4), (np.int64(18), 15)): {'bw': 142}, ((2, 4), (15, 12)): {'bw': 142}, ((2, 4), (12, 0)): {'bw': 142}, ((2, 4), (0, 20)): {'bw': 142}, ((2, 4), (20, 23)): {'bw': 142}, ((2, 4), (23, 27)): {'bw': 142}, ((3, 4), (np.int64(21), 23)): {'bw': 128}, ((3, 4), (23, 27)): {'bw': 128}}",0.0,0.0,700.0,350.0,790.0,0.0,0.0,0.0,0.0,0.0,0.0,0.0,0.0,0.0,Route Failure,100.0,"{'node_level': {}, 'link_level': {}, 'path_level': {}}","{'node_level': {0: {'cpu': -21}, 1: {'cpu': -6}, 2: {'cpu': -26}, 3: {'cpu': -22}, 4: {'cpu': -8}, 5: {'cpu': -21}, 6: {'cpu': -33}}, 'link_level': {(0, 1): {'bw': -192}, (0, 2): {'bw': -140}, (1, 3): {'bw': -121}, (2, 3): {'bw': -95}, (2, 4): {'bw': -27}, (3, 4): {'bw': -26}, (4, 5): {'bw': 100.0}}, 'path_level': {(0, 1): {}, (0, 2): {}, (1, 3): {}, (2, 3): {}, (2, 4): {}, (3, 4): {}, (4, 5): {}}}","{'node_level': {0: {'cpu': 0}, 1: {'cpu': 0}, 2: {'cpu': 0}, 3: {'cpu': 0}, 4: {'cpu': 0}, 5: {'cpu': 0}, 6: {'cpu': 0}}, 'link_level': {(0, 1): {'bw': 0}, (0, 2): {'bw': 0}, (1, 3): {'bw': 0}, (2, 3): {'bw': 0}, (2, 4): {'bw': 0}, (3, 4): {'bw': 0}, (4, 5): {'bw': 100.0}}, 'path_level': {(0, 1): {}, (0, 2): {}, (1, 3): {}, (2, 3): {}, (2, 4): {}, (3, 4): {}, (4, 5): {}}}",[],-inf,-inf,True,False,False,0,[],0,0.0,7.0,7.0,3
51,1,0,955.0,1590.0,578123.2612110324,962529.827566012,0.60062893081761,0.60062893081761,6,82,1,1655.0,17304,2649,14655,0.0,0.0,50,143.9670136877853,1655.0,8,19,False,"{0: np.int64(8), 1: np.int64(32), 2: np.int64(30), 3: np.int64(33), 4: np.int64(9), 5: np.int64(11), 6: np.int64(26), 7: np.int64(29)}","{(0, 1): [(np.int64(8), 6), (6, 4), (4, 0), (0, 28), (28, 30), (30, 32)], (0, 2): [(np.int64(8), 6), (6, 4), (4, 0), (0, 28), (28, 30)], (0, 4): [(np.int64(8), 6), (6, 9)], (0, 5): []}","{(0, np.int64(8)): {'cpu': 73}, (1, np.int64(32)): {'cpu': 60}, (2, np.int64(30)): {'cpu': 73}, (3, np.int64(33)): {'cpu': 51}, (4, np.int64(9)): {'cpu': 45}, (5, np.int64(11)): {'cpu': 65}, (6, np.int64(26)): {'cpu': 76}, (7, np.int64(29)): {'cpu': 49}}","{((0, 1), (np.int64(8), 6)): {'bw': 114}, ((0, 1), (6, 4)): {'bw': 114}, ((0, 1), (4, 0)): {'bw': 114}, ((0, 1), (0, 28)): {'bw': 114}, ((0, 1), (28, 30)): {'bw': 114}, ((0, 1), (30, 32)): {'bw': 114}, ((0, 2), (np.int64(8), 6)): {'bw': 84}, ((0, 2), (6, 4)): {'bw': 84}, ((0, 2), (4, 0)): {'bw': 84}, ((0, 2), (0, 28)): {'bw': 84}, ((0, 2), (28, 30)): {'bw': 84}, ((0, 4), (np.int64(8), 6)): {'bw': 119}, ((0, 4), (6, 9)): {'bw': 119}}",0.0,0.0,984.0,492.0,2113.0,0.0,0.0,0.0,0.0,0.0,0.0,0.0,0.0,0.0,Route Failure,100.0,"{'node_level': {}, 'link_level': {}, 'path_level': {}}","{'node_level': {0: {'cpu': -20}, 1: {'cpu': -32}, 2: {'cpu': -10}, 3: {'cpu': -23}, 4: {'cpu': -46}, 5: {'cpu': -6}, 6: {'cpu': 0}, 7: {'cpu': -47}}, 'link_level': {(0, 1): {'bw': -119}, (0, 2): {'bw': -35}, (0, 4): {'bw': -67}, (0, 5): {'bw': 100.0}}, 'path_level': {(0, 1): {}, (0, 2): {}, (0, 4): {}, (0, 5): {}}}","{'node_level': {0: {'cpu': 0}, 1: {'cpu': 0}, 2: {'cpu': 0}, 3: {'cpu': 0}, 4: {'cpu': 0}, 5: {'cpu': 0}, 6: {'cpu': 0}, 7: {'cpu': 0}}, 'link_level': {(0, 1): {'bw': 0}, (0, 2): {'bw': 0}, (0, 4): {'bw': 0}, (0, 5): {'bw': 100.0}}, 'path_level': {(0, 1): {}, (0, 2): {}, (0, 4): {}, (0, 5): {}}}",[],-inf,-inf,True,False,False,0,[],0,0.0,8.0,4.0,3
51,1,0,955.0,1590.0,578123.2612110324,962529.827566012,0.60062893081761,0.60062893081761,6,83,0,1660.6876602953973,17304,2649,14655,0.0,0.0,20,972.6876602953973,688.0,8,23,False,{},{},{},{},0.0,0.0,0.0,0.0,0.0,0.0,0.0,0.0,0.0,0.0,0.0,0.0,0.0,0.0,Leave Event,0.0,"{'node_level': {}, 'link_level': {}, 'path_level': {}}","{'node_level': {}, 'link_level': {}, 'path_level': {}}","{'node_level': {}, 'link_level': {}, 'path_level': {}}",[],-inf,-inf,True,True,False,0,[],0,0.0,,,3
51,1,0,955.0,1590.0,578123.2612110324,962529.827566012,0.60062893081761,0.60062893081761,6,84,0,1669.5867472135126,17304,2649,14655,0.0,0.0,45,171.58674721351258,1498.0,6,9,False,{},{},{},{},0.0,0.0,0.0,0.0,0.0,0.0,0.0,0.0,0.0,0.0,0.0,0.0,0.0,0.0,Leave Event,0.0,"{'node_level': {}, 'link_level': {}, 'path_level': {}}","{'node_level': {}, 'link_level': {}, 'path_level': {}}","{'node_level': {}, 'link_level': {}, 'path_level': {}}",[],-inf,-inf,True,True,False,0,[],0,0.0,,,3
52,1,0,955.0,1590.0,578123.2612110324,962529.827566012,0.60062893081761,0.60062893081761,6,85,1,1682.0,17304,2649,14655,0.0,0.0,51,1261.7444146115831,1682.0,9,15,False,"{0: np.int64(26), 1: np.int64(15), 2: np.int64(9), 3: np.int64(8), 4: np.int64(13), 5: np.int64(31), 6: np.int64(19), 7: np.int64(28), 8: np.int64(25)}","{(0, 3): [(np.int64(26), 23), (23, 20), (20, 0), (0, 4), (4, 6), (6, 8)], (0, 5): [(np.int64(26), 23), (23, 20), (20, 0), (0, 28), (28, 31)], (0, 6): [(np.int64(26), 23), (23, 21), (21, 2), (2, 13), (13, 15), (15, 19)], (0, 7): []}","{(0, np.int64(26)): {'cpu': 49}, (1, np.int64(15)): {'cpu': 66}, (2, np.int64(9)): {'cpu': 66}, (3, np.int64(8)): {'cpu': 80}, (4, np.int64(13)): {'cpu': 67}, (5, np.int64(31)): {'cpu': 57}, (6, np.int64(19)): {'cpu': 53}, (7, np.int64(28)): {'cpu': 80}, (8, np.int64(25)): {'cpu': 39}}","{((0, 3), (np.int64(26), 23)): {'bw': 87}, ((0, 3), (23, 20)): {'bw': 87}, ((0, 3), (20, 0)): {'bw': 87}, ((0, 3), (0, 4)): {'bw': 87}, ((0, 3), (4, 6)): {'bw': 87}, ((0, 3), (6, 8)): {'bw': 87}, ((0, 5), (np.int64(26), 23)): {'bw': 118}, ((0, 5), (23, 20)): {'bw': 118}, ((0, 5), (20, 0)): {'bw': 118}, ((0, 5), (0, 28)): {'bw': 118}, ((0, 5), (28, 31)): {'bw': 118}, ((0, 6), (np.int64(26), 23)): {'bw': 132}, ((0, 6), (23, 21)): {'bw': 132}, ((0, 6), (21, 2)): {'bw': 132}, ((0, 6), (2, 13)): {'bw': 132}, ((0, 6), (13, 15)): {'bw': 132}, ((0, 6), (15, 19)): {'bw': 132}}",0.0,0.0,1114.0,557.0,1638.0,0.0,0.0,0.0,0.0,0.0,0.0,0.0,0.0,0.0,Route Failure,100.0,"{'node_level': {}, 'link_level': {}, 'path_level': {}}","{'node_level': {0: {'cpu': -27}, 1: {'cpu': -28}, 2: {'cpu': -25}, 3: {'cpu': -13}, 4: {'cpu': -15}, 5: {'cpu': -22}, 6: {'cpu': -23}, 7: {'cpu': -10}, 8: {'cpu': -12}}, 'link_level': {(0, 3): {'bw': -146}, (0, 5): {'bw': -74}, (0, 6): {'bw': -46}, (0, 7): {'bw': 100.0}}, 'path_level': {(0, 3): {}, (0, 5): {}, (0, 6): {}, (0, 7): {}}}","{'node_level': {0: {'cpu': 0}, 1: {'cpu': 0}, 2: {'cpu': 0}, 3: {'cpu': 0}, 4: {'cpu': 0}, 5: {'cpu': 0}, 6: {'cpu': 0}, 7: {'cpu': 0}, 8: {'cpu': 0}}, 'link_level': {(0, 3): {'bw': 0}, (0, 5): {'bw': 0}, (0, 6): {'bw': 0}, (0, 7): {'bw': 100.0}}, 'path_level': {(0, 3): {}, (0, 5): {}, (0, 6): {}, (0, 7): {}}}",[],-inf,-inf,True,False,False,0,[],0,0.0,9.0,4.0,3
53,1,0,955.0,1590.0,578123.2612110324,962529.827566012,0.60062893081761,0.60062893081761,6,86,1,1715.0,17304,2649,14655,0.0,0.0,52,992.4479625253966,1715.0,10,27,False,"{0: np.int64(11), 1: np.int64(6), 2: np.int64(32), 3: np.int64(2), 4: np.int64(18), 5: np.int64(16), 6: np.int64(22), 7: np.int64(29), 8: np.int64(28), 9: np.int64(30)}","{(0, 1): [(np.int64(11), 7), (7, 4), (4, 6)], (0, 2): [(np.int64(11), 7), (7, 4), (4, 0), (0, 28), (28, 30), (30, 32)], (0, 3): [(np.int64(11), 7), (7, 5), (5, 2)], (0, 5): [(np.int64(11), 7), (7, 4), (4, 0), (0, 12), (12, 14), (14, 16)], (0, 6): []}","{(0, np.int64(11)): {'cpu': 34}, (1, np.int64(6)): {'cpu': 46}, (2, np.int64(32)): {'cpu': 45}, (3, np.int64(2)): {'cpu': 44}, (4, np.int64(18)): {'cpu': 35}, (5, np.int64(16)): {'cpu': 79}, (6, np.int64(22)): {'cpu': 31}, (7, np.int64(29)): {'cpu': 70}, (8, np.int64(28)): {'cpu': 66}, (9, np.int64(30)): {'cpu': 60}}","{((0, 1), (np.int64(11), 7)): {'bw': 81}, ((0, 1), (7, 4)): {'bw': 81}, ((0, 1), (4, 6)): {'bw': 81}, ((0, 2), (np.int64(11), 7)): {'bw': 63}, ((0, 2), (7, 4)): {'bw': 63}, ((0, 2), (4, 0)): {'bw': 63}, ((0, 2), (0, 28)): {'bw': 63}, ((0, 2), (28, 30)): {'bw': 63}, ((0, 2), (30, 32)): {'bw': 63}, ((0, 3), (np.int64(11), 7)): {'bw': 98}, ((0, 3), (7, 5)): {'bw': 98}, ((0, 3), (5, 2)): {'bw': 98}, ((0, 5), (np.int64(11), 7)): {'bw': 98}, ((0, 5), (7, 4)): {'bw': 98}, ((0, 5), (4, 0)): {'bw': 98}, ((0, 5), (0, 12)): {'bw': 98}, ((0, 5), (12, 14)): {'bw': 98}, ((0, 5), (14, 16)): {'bw': 98}}",0.0,0.0,1020.0,510.0,2792.0,0.0,0.0,0.0,0.0,0.0,0.0,0.0,0.0,0.0,Route Failure,100.0,"{'node_level': {}, 'link_level': {}, 'path_level': {}}","{'node_level': {0: {'cpu': -37}, 1: {'cpu': -23}, 2: {'cpu': -47}, 3: {'cpu': -9}, 4: {'cpu': -29}, 5: {'cpu': 0}, 6: {'cpu': -41}, 7: {'cpu': -26}, 8: {'cpu': -24}, 9: {'cpu': -23}}, 'link_level': {(0, 1): {'bw': -235}, (0, 2): {'bw': -170}, (0, 3): {'bw': -132}, (0, 5): {'bw': -34}, (0, 6): {'bw': 100.0}}, 'path_level': {(0, 1): {}, (0, 2): {}, (0, 3): {}, (0, 5): {}, (0, 6): {}}}","{'node_level': {0: {'cpu': 0}, 1: {'cpu': 0}, 2: {'cpu': 0}, 3: {'cpu': 0}, 4: {'cpu': 0}, 5: {'cpu': 0}, 6: {'cpu': 0}, 7: {'cpu': 0}, 8: {'cpu': 0}, 9: {'cpu': 0}}, 'link_level': {(0, 1): {'bw': 0}, (0, 2): {'bw': 0}, (0, 3): {'bw': 0}, (0, 5): {'bw': 0}, (0, 6): {'bw': 100.0}}, 'path_level': {(0, 1): {}, (0, 2): {}, (0, 3): {}, (0, 5): {}, (0, 6): {}}}",[],-inf,-inf,True,False,False,0,[],0,0.0,10.0,5.0,3
53,1,0,955.0,1590.0,578123.2612110324,962529.827566012,0.60062893081761,0.60062893081761,6,87,0,1719.071189956217,17304,2649,14655,0.0,0.0,29,757.0711899562169,962.0,6,6,False,{},{},{},{},0.0,0.0,0.0,0.0,0.0,0.0,0.0,0.0,0.0,0.0,0.0,0.0,0.0,0.0,Leave Event,0.0,"{'node_level': {}, 'link_level': {}, 'path_level': {}}","{'node_level': {}, 'link_level': {}, 'path_level': {}}","{'node_level': {}, 'link_level': {}, 'path_level': {}}",[],-inf,-inf,True,True,False,0,[],0,0.0,,,3
53,1,0,955.0,1590.0,578123.2612110324,962529.827566012,0.60062893081761,0.60062893081761,6,88,0,1732.1745188082566,17304,2649,14655,0.0,0.0,42,324.17451880825666,1408.0,7,12,False,{},{},{},{},0.0,0.0,0.0,0.0,0.0,0.0,0.0,0.0,0.0,0.0,0.0,0.0,0.0,0.0,Leave Event,0.0,"{'node_level': {}, 'link_level': {}, 'path_level': {}}","{'node_level': {}, 'link_level': {}, 'path_level': {}}","{'node_level': {}, 'link_level': {}, 'path_level': {}}",[],-inf,-inf,True,True,False,0,[],0,0.0,,,3
53,1,0,955.0,1590.0,578123.2612110324,962529.827566012,0.60062893081761,0.60062893081761,6,89,0,1736.266191577033,17304,2649,14655,0.0,0.0,44,270.2661915770329,1466.0,10,22,False,{},{},{},{},0.0,0.0,0.0,0.0,0.0,0.0,0.0,0.0,0.0,0.0,0.0,0.0,0.0,0.0,Leave Event,0.0,"{'node_level': {}, 'link_level': {}, 'path_level': {}}","{'node_level': {}, 'link_level': {}, 'path_level': {}}","{'node_level': {}, 'link_level': {}, 'path_level': {}}",[],-inf,-inf,True,True,False,0,[],0,0.0,,,3
54,1,0,955.0,1590.0,578123.2612110324,962529.827566012,0.60062893081761,0.60062893081761,6,90,1,1751.0,17304,2649,14655,0.0,0.0,53,352.6961860426115,1751.0,10,29,False,"{0: np.int64(10), 1: np.int64(25), 2: np.int64(6), 3: np.int64(21), 4: np.int64(8), 5: np.int64(24), 6: np.int64(18), 7: np.int64(9), 8: np.int64(35), 9: np.int64(3)}","{(0, 2): [(np.int64(10), 7), (7, 4), (4, 6)], (0, 3): [(np.int64(10), 7), (7, 5), (5, 2), (2, 21)], (0, 5): [(np.int64(10), 7), (7, 4), (4, 0), (0, 20), (20, 22), (22, 24)], (0, 7): []}","{(0, np.int64(10)): {'cpu': 48}, (1, np.int64(25)): {'cpu': 32}, (2, np.int64(6)): {'cpu': 32}, (3, np.int64(21)): {'cpu': 75}, (4, np.int64(8)): {'cpu': 54}, (5, np.int64(24)): {'cpu': 36}, (6, np.int64(18)): {'cpu': 54}, (7, np.int64(9)): {'cpu': 62}, (8, np.int64(35)): {'cpu': 50}, (9, np.int64(3)): {'cpu': 50}}","{((0, 2), (np.int64(10), 7)): {'bw': 100}, ((0, 2), (7, 4)): {'bw': 100}, ((0, 2), (4, 6)): {'bw': 100}, ((0, 3), (np.int64(10), 7)): {'bw': 83}, ((0, 3), (7, 5)): {'bw': 83}, ((0, 3), (5, 2)): {'bw': 83}, ((0, 3), (2, 21)): {'bw': 83}, ((0, 5), (np.int64(10), 7)): {'bw': 115}, ((0, 5), (7, 4)): {'bw': 115}, ((0, 5), (4, 0)): {'bw': 115}, ((0, 5), (0, 20)): {'bw': 115}, ((0, 5), (20, 22)): {'bw': 115}, ((0, 5), (22, 24)): {'bw': 115}}",0.0,0.0,986.0,493.0,2848.0,0.0,0.0,0.0,0.0,0.0,0.0,0.0,0.0,0.0,Route Failure,100.0,"{'node_level': {}, 'link_level': {}, 'path_level': {}}","{'node_level': {0: {'cpu': -12}, 1: {'cpu': -19}, 2: {'cpu': -37}, 3: {'cpu': -1}, 4: {'cpu': -39}, 5: {'cpu': -16}, 6: {'cpu': -10}, 7: {'cpu': -29}, 8: {'cpu': -43}, 9: {'cpu': -8}}, 'link_level': {(0, 2): {'bw': -216}, (0, 3): {'bw': -145}, (0, 5): {'bw': -67}, (0, 7): {'bw': 100.0}}, 'path_level': {(0, 2): {}, (0, 3): {}, (0, 5): {}, (0, 7): {}}}","{'node_level': {0: {'cpu': 0}, 1: {'cpu': 0}, 2: {'cpu': 0}, 3: {'cpu': 0}, 4: {'cpu': 0}, 5: {'cpu': 0}, 6: {'cpu': 0}, 7: {'cpu': 0}, 8: {'cpu': 0}, 9: {'cpu': 0}}, 'link_level': {(0, 2): {'bw': 0}, (0, 3): {'bw': 0}, (0, 5): {'bw': 0}, (0, 7): {'bw': 100.0}}, 'path_level': {(0, 2): {}, (0, 3): {}, (0, 5): {}, (0, 7): {}}}",[],-inf,-inf,True,False,False,0,[],0,0.0,10.0,4.0,3
54,1,0,955.0,1590.0,578123.2612110324,962529.827566012,0.60062893081761,0.60062893081761,6,91,0,1783.1394648096214,17304,2649,14655,0.0,0.0,43,347.1394648096214,1436.0,8,11,False,{},{},{},{},0.0,0.0,0.0,0.0,0.0,0.0,0.0,0.0,0.0,0.0,0.0,0.0,0.0,0.0,Leave Event,0.0,"{'node_level': {}, 'link_level': {}, 'path_level': {}}","{'node_level': {}, 'link_level': {}, 'path_level': {}}","{'node_level': {}, 'link_level': {}, 'path_level': {}}",[],-inf,-inf,True,True,False,0,[],0,0.0,,,3
55,1,0,955.0,1590.0,578123.2612110324,962529.827566012,0.60062893081761,0.60062893081761,6,92,1,1789.0,17304,2649,14655,0.0,0.0,54,419.5516338165015,1789.0,9,17,False,"{0: np.int64(27), 1: np.int64(30), 2: np.int64(12), 3: np.int64(28), 4: np.int64(10), 5: np.int64(34), 6: np.int64(29), 7: np.int64(17), 8: np.int64(15)}","{(0, 1): [(np.int64(27), 23), (23, 20), (20, 0), (0, 28), (28, 30)], (0, 2): [(np.int64(27), 23), (23, 20), (20, 0), (0, 12)], (0, 3): []}","{(0, np.int64(27)): {'cpu': 55}, (1, np.int64(30)): {'cpu': 65}, (2, np.int64(12)): {'cpu': 74}, (3, np.int64(28)): {'cpu': 76}, (4, np.int64(10)): {'cpu': 34}, (5, np.int64(34)): {'cpu': 35}, (6, np.int64(29)): {'cpu': 75}, (7, np.int64(17)): {'cpu': 76}, (8, np.int64(15)): {'cpu': 71}}","{((0, 1), (np.int64(27), 23)): {'bw': 132}, ((0, 1), (23, 20)): {'bw': 132}, ((0, 1), (20, 0)): {'bw': 132}, ((0, 1), (0, 28)): {'bw': 132}, ((0, 1), (28, 30)): {'bw': 132}, ((0, 2), (np.int64(27), 23)): {'bw': 96}, ((0, 2), (23, 20)): {'bw': 96}, ((0, 2), (20, 0)): {'bw': 96}, ((0, 2), (0, 12)): {'bw': 96}}",0.0,0.0,1122.0,561.0,1857.0,0.0,0.0,0.0,0.0,0.0,0.0,0.0,0.0,0.0,Route Failure,100.0,"{'node_level': {}, 'link_level': {}, 'path_level': {}}","{'node_level': {0: {'cpu': 0}, 1: {'cpu': -18}, 2: {'cpu': -14}, 3: {'cpu': -14}, 4: {'cpu': -26}, 5: {'cpu': -22}, 6: {'cpu': -21}, 7: {'cpu': -13}, 8: {'cpu': -23}}, 'link_level': {(0, 1): {'bw': -147}, (0, 2): {'bw': -51}, (0, 3): {'bw': 100.0}}, 'path_level': {(0, 1): {}, (0, 2): {}, (0, 3): {}}}","{'node_level': {0: {'cpu': 0}, 1: {'cpu': 0}, 2: {'cpu': 0}, 3: {'cpu': 0}, 4: {'cpu': 0}, 5: {'cpu': 0}, 6: {'cpu': 0}, 7: {'cpu': 0}, 8: {'cpu': 0}}, 'link_level': {(0, 1): {'bw': 0}, (0, 2): {'bw': 0}, (0, 3): {'bw': 100.0}}, 'path_level': {(0, 1): {}, (0, 2): {}, (0, 3): {}}}",[],-inf,-inf,True,False,False,0,[],0,0.0,9.0,3.0,3
55,1,0,955.0,1590.0,578123.2612110324,962529.827566012,0.60062893081761,0.60062893081761,6,93,0,1798.9670136877853,17304,2649,14655,0.0,0.0,50,143.9670136877853,1655.0,8,19,False,{},{},{},{},0.0,0.0,0.0,0.0,0.0,0.0,0.0,0.0,0.0,0.0,0.0,0.0,0.0,0.0,Leave Event,0.0,"{'node_level': {}, 'link_level': {}, 'path_level': {}}","{'node_level': {}, 'link_level': {}, 'path_level': {}}","{'node_level': {}, 'link_level': {}, 'path_level': {}}",[],-inf,-inf,True,True,False,0,[],0,0.0,,,3
55,1,0,955.0,1590.0,578123.2612110324,962529.827566012,0.60062893081761,0.60062893081761,6,94,0,1804.529014751481,17304,2649,14655,0.0,0.0,24,1008.529014751481,796.0,9,18,False,{},{},{},{},0.0,0.0,0.0,0.0,0.0,0.0,0.0,0.0,0.0,0.0,0.0,0.0,0.0,0.0,Leave Event,0.0,"{'node_level': {}, 'link_level': {}, 'path_level': {}}","{'node_level': {}, 'link_level': {}, 'path_level': {}}","{'node_level': {}, 'link_level': {}, 'path_level': {}}",[],-inf,-inf,True,True,False,0,[],0,0.0,,,3
56,1,0,955.0,1590.0,578123.2612110324,962529.827566012,0.60062893081761,0.60062893081761,6,95,1,1828.0,17304,2649,14655,0.0,0.0,55,61.045534857622236,1828.0,9,16,False,"{0: np.int64(24), 1: np.int64(0), 2: np.int64(1), 3: np.int64(16), 4: np.int64(29), 5: np.int64(15), 6: np.int64(13), 7: np.int64(21), 8: np.int64(19)}","{(0, 1): [(np.int64(24), 22), (22, 20), (20, 0)], (0, 2): []}","{(0, np.int64(24)): {'cpu': 32}, (1, np.int64(0)): {'cpu': 76}, (2, np.int64(1)): {'cpu': 52}, (3, np.int64(16)): {'cpu': 42}, (4, np.int64(29)): {'cpu': 49}, (5, np.int64(15)): {'cpu': 75}, (6, np.int64(13)): {'cpu': 77}, (7, np.int64(21)): {'cpu': 76}, (8, np.int64(19)): {'cpu': 71}}","{((0, 1), (np.int64(24), 22)): {'bw': 103}, ((0, 1), (22, 20)): {'bw': 103}, ((0, 1), (20, 0)): {'bw': 103}}",0.0,0.0,1100.0,550.0,1640.0,0.0,0.0,0.0,0.0,0.0,0.0,0.0,0.0,0.0,Route Failure,100.0,"{'node_level': {}, 'link_level': {}, 'path_level': {}}","{'node_level': {0: {'cpu': -20}, 1: {'cpu': -16}, 2: {'cpu': -22}, 3: {'cpu': -37}, 4: {'cpu': -47}, 5: {'cpu': -19}, 6: {'cpu': -5}, 7: {'cpu': 0}, 8: {'cpu': -5}}, 'link_level': {(0, 1): {'bw': -115}, (0, 2): {'bw': 100.0}}, 'path_level': {(0, 1): {}, (0, 2): {}}}","{'node_level': {0: {'cpu': 0}, 1: {'cpu': 0}, 2: {'cpu': 0}, 3: {'cpu': 0}, 4: {'cpu': 0}, 5: {'cpu': 0}, 6: {'cpu': 0}, 7: {'cpu': 0}, 8: {'cpu': 0}}, 'link_level': {(0, 1): {'bw': 0}, (0, 2): {'bw': 100.0}}, 'path_level': {(0, 1): {}, (0, 2): {}}}",[],-inf,-inf,True,False,False,0,[],0,0.0,9.0,2.0,3
57,1,0,955.0,1590.0,578123.2612110324,962529.827566012,0.60062893081761,0.60062893081761,6,96,1,1868.0,17304,2649,14655,0.0,0.0,56,717.9857244161908,1868.0,6,8,False,"{0: np.int64(12), 1: np.int64(26), 2: np.int64(35), 3: np.int64(30), 4: np.int64(18), 5: np.int64(8)}","{(0, 1): [(np.int64(12), 0), (0, 20), (20, 23), (23, 26)], (0, 4): [(np.int64(12), 15), (15, 18)], (0, 5): [(np.int64(12), 0), (0, 4), (4, 6), (6, 8)], (1, 5): [(np.int64(26), 23), (23, 20), (20, 1), (1, 4), (4, 6), (6, 8)], (2, 4): [(np.int64(35), 31), (31, 28), (28, 1), (1, 12), (12, 15), (15, 18)], (2, 5): [(np.int64(35), 31), (31, 28), (28, 0), (0, 4), (4, 6), (6, 8)], (3, 4): [(np.int64(30), 28), (28, 1), (1, 12), (12, 15), (15, 18)], (3, 5): []}","{(0, np.int64(12)): {'cpu': 70}, (1, np.int64(26)): {'cpu': 38}, (2, np.int64(35)): {'cpu': 46}, (3, np.int64(30)): {'cpu': 75}, (4, np.int64(18)): {'cpu': 45}, (5, np.int64(8)): {'cpu': 62}}","{((0, 1), (np.int64(12), 0)): {'bw': 142}, ((0, 1), (0, 20)): {'bw': 142}, ((0, 1), (20, 23)): {'bw': 142}, ((0, 1), (23, 26)): {'bw': 142}, ((0, 4), (np.int64(12), 15)): {'bw': 76}, ((0, 4), (15, 18)): {'bw': 76}, ((0, 5), (np.int64(12), 0)): {'bw': 135}, ((0, 5), (0, 4)): {'bw': 135}, ((0, 5), (4, 6)): {'bw': 135}, ((0, 5), (6, 8)): {'bw': 135}, ((1, 5), (np.int64(26), 23)): {'bw': 114}, ((1, 5), (23, 20)): {'bw': 114}, ((1, 5), (20, 1)): {'bw': 114}, ((1, 5), (1, 4)): {'bw': 114}, ((1, 5), (4, 6)): {'bw': 114}, ((1, 5), (6, 8)): {'bw': 114}, ((2, 4), (np.int64(35), 31)): {'bw': 75}, ((2, 4), (31, 28)): {'bw': 75}, ((2, 4), (28, 1)): {'bw': 75}, ((2, 4), (1, 12)): {'bw': 75}, ((2, 4), (12, 15)): {'bw': 75}, ((2, 4), (15, 18)): {'bw': 75}, ((2, 5), (np.int64(35), 31)): {'bw': 60}, ((2, 5), (31, 28)): {'bw': 60}, ((2, 5), (28, 0)): {'bw': 60}, ((2, 5), (0, 4)): {'bw': 60}, ((2, 5), (4, 6)): {'bw': 60}, ((2, 5), (6, 8)): {'bw': 60}, ((3, 4), (np.int64(30), 28)): {'bw': 63}, ((3, 4), (28, 1)): {'bw': 63}, ((3, 4), (1, 12)): {'bw': 63}, ((3, 4), (12, 15)): {'bw': 63}, ((3, 4), (15, 18)): {'bw': 63}}",0.0,0.0,672.0,336.0,760.0,0.0,0.0,0.0,0.0,0.0,0.0,0.0,0.0,0.0,Route Failure,100.0,"{'node_level': {}, 'link_level': {}, 'path_level': {}}","{'node_level': {0: {'cpu': -18}, 1: {'cpu': -38}, 2: {'cpu': -47}, 3: {'cpu': -8}, 4: {'cpu': -19}, 5: {'cpu': -31}}, 'link_level': {(0, 1): {'bw': -137}, (0, 4): {'bw': -237}, (0, 5): {'bw': -46}, (1, 5): {'bw': -24}, (2, 4): {'bw': -127}, (2, 5): {'bw': -7}, (3, 4): {'bw': -82}, (3, 5): {'bw': 100.0}}, 'path_level': {(0, 1): {}, (0, 4): {}, (0, 5): {}, (1, 5): {}, (2, 4): {}, (2, 5): {}, (3, 4): {}, (3, 5): {}}}","{'node_level': {0: {'cpu': 0}, 1: {'cpu': 0}, 2: {'cpu': 0}, 3: {'cpu': 0}, 4: {'cpu': 0}, 5: {'cpu': 0}}, 'link_level': {(0, 1): {'bw': 0}, (0, 4): {'bw': 0}, (0, 5): {'bw': 0}, (1, 5): {'bw': 0}, (2, 4): {'bw': 0}, (2, 5): {'bw': 0}, (3, 4): {'bw': 0}, (3, 5): {'bw': 100.0}}, 'path_level': {(0, 1): {}, (0, 4): {}, (0, 5): {}, (1, 5): {}, (2, 4): {}, (2, 5): {}, (3, 4): {}, (3, 5): {}}}",[],-inf,-inf,True,False,False,0,[],0,0.0,6.0,8.0,3
57,1,0,955.0,1590.0,578123.2612110324,962529.827566012,0.60062893081761,0.60062893081761,6,97,0,1889.0455348576222,17304,2649,14655,0.0,0.0,55,61.045534857622236,1828.0,9,16,False,{},{},{},{},0.0,0.0,0.0,0.0,0.0,0.0,0.0,0.0,0.0,0.0,0.0,0.0,0.0,0.0,Leave Event,0.0,"{'node_level': {}, 'link_level': {}, 'path_level': {}}","{'node_level': {}, 'link_level': {}, 'path_level': {}}","{'node_level': {}, 'link_level': {}, 'path_level': {}}",[],-inf,-inf,True,True,False,0,[],0,0.0,,,3
58,1,0,955.0,1590.0,578123.2612110324,962529.827566012,0.60062893081761,0.60062893081761,6,98,1,1891.0,17304,2649,14655,0.0,0.0,57,95.11134868989363,1891.0,6,10,False,"{0: np.int64(26), 1: np.int64(6), 2: np.int64(25), 3: np.int64(31), 4: np.int64(33), 5: np.int64(22)}","{(0, 1): [(np.int64(26), 23), (23, 20), (20, 0), (0, 4), (4, 6)], (0, 2): [(np.int64(26), 23), (23, 20), (20, 22), (22, 25)], (0, 3): [(np.int64(26), 23), (23, 21), (21, 2), (2, 29), (29, 31)], (0, 5): []}","{(0, np.int64(26)): {'cpu': 64}, (1, np.int64(6)): {'cpu': 49}, (2, np.int64(25)): {'cpu': 47}, (3, np.int64(31)): {'cpu': 66}, (4, np.int64(33)): {'cpu': 62}, (5, np.int64(22)): {'cpu': 36}}","{((0, 1), (np.int64(26), 23)): {'bw': 143}, ((0, 1), (23, 20)): {'bw': 143}, ((0, 1), (20, 0)): {'bw': 143}, ((0, 1), (0, 4)): {'bw': 143}, ((0, 1), (4, 6)): {'bw': 143}, ((0, 2), (np.int64(26), 23)): {'bw': 91}, ((0, 2), (23, 20)): {'bw': 91}, ((0, 2), (20, 22)): {'bw': 91}, ((0, 2), (22, 25)): {'bw': 91}, ((0, 3), (np.int64(26), 23)): {'bw': 149}, ((0, 3), (23, 21)): {'bw': 149}, ((0, 3), (21, 2)): {'bw': 149}, ((0, 3), (2, 29)): {'bw': 149}, ((0, 3), (29, 31)): {'bw': 149}}",0.0,0.0,648.0,324.0,1121.0,0.0,0.0,0.0,0.0,0.0,0.0,0.0,0.0,0.0,Route Failure,100.0,"{'node_level': {}, 'link_level': {}, 'path_level': {}}","{'node_level': {0: {'cpu': -12}, 1: {'cpu': -20}, 2: {'cpu': -4}, 3: {'cpu': -13}, 4: {'cpu': -12}, 5: {'cpu': -36}}, 'link_level': {(0, 1): {'bw': -90}, (0, 2): {'bw': -46}, (0, 3): {'bw': 0}, (0, 5): {'bw': 100.0}}, 'path_level': {(0, 1): {}, (0, 2): {}, (0, 3): {}, (0, 5): {}}}","{'node_level': {0: {'cpu': 0}, 1: {'cpu': 0}, 2: {'cpu': 0}, 3: {'cpu': 0}, 4: {'cpu': 0}, 5: {'cpu': 0}}, 'link_level': {(0, 1): {'bw': 0}, (0, 2): {'bw': 0}, (0, 3): {'bw': 0}, (0, 5): {'bw': 100.0}}, 'path_level': {(0, 1): {}, (0, 2): {}, (0, 3): {}, (0, 5): {}}}",[],-inf,-inf,True,False,False,0,[],0,0.0,6.0,4.0,3
59,1,0,955.0,1590.0,578123.2612110324,962529.827566012,0.60062893081761,0.60062893081761,6,99,1,1925.0,17304,2649,14655,0.0,0.0,58,381.6089317019422,1925.0,6,8,False,"{0: np.int64(26), 1: np.int64(34), 2: np.int64(35), 3: np.int64(13), 4: np.int64(20), 5: np.int64(28)}","{(0, 1): [(np.int64(26), 23), (23, 20), (20, 0), (0, 28), (28, 31), (31, 34)], (0, 5): [(np.int64(26), 23), (23, 20), (20, 0), (0, 28)], (1, 2): [(np.int64(34), 31), (31, 35)], (1, 3): []}","{(0, np.int64(26)): {'cpu': 45}, (1, np.int64(34)): {'cpu': 48}, (2, np.int64(35)): {'cpu': 73}, (3, np.int64(13)): {'cpu': 48}, (4, np.int64(20)): {'cpu': 36}, (5, np.int64(28)): {'cpu': 59}}","{((0, 1), (np.int64(26), 23)): {'bw': 101}, ((0, 1), (23, 20)): {'bw': 101}, ((0, 1), (20, 0)): {'bw': 101}, ((0, 1), (0, 28)): {'bw': 101}, ((0, 1), (28, 31)): {'bw': 101}, ((0, 1), (31, 34)): {'bw': 101}, ((0, 5), (np.int64(26), 23)): {'bw': 74}, ((0, 5), (23, 20)): {'bw': 74}, ((0, 5), (20, 0)): {'bw': 74}, ((0, 5), (0, 28)): {'bw': 74}, ((1, 2), (np.int64(34), 31)): {'bw': 145}, ((1, 2), (31, 35)): {'bw': 145}}",0.0,0.0,618.0,309.0,950.0,0.0,0.0,0.0,0.0,0.0,0.0,0.0,0.0,0.0,Route Failure,100.0,"{'node_level': {}, 'link_level': {}, 'path_level': {}}","{'node_level': {0: {'cpu': -31}, 1: {'cpu': -9}, 2: {'cpu': -20}, 3: {'cpu': -34}, 4: {'cpu': -31}, 5: {'cpu': -31}}, 'link_level': {(0, 1): {'bw': -151}, (0, 5): {'bw': -104}, (1, 2): {'bw': -6}, (1, 3): {'bw': 100.0}}, 'path_level': {(0, 1): {}, (0, 5): {}, (1, 2): {}, (1, 3): {}}}","{'node_level': {0: {'cpu': 0}, 1: {'cpu': 0}, 2: {'cpu': 0}, 3: {'cpu': 0}, 4: {'cpu': 0}, 5: {'cpu': 0}}, 'link_level': {(0, 1): {'bw': 0}, (0, 5): {'bw': 0}, (1, 2): {'bw': 0}, (1, 3): {'bw': 100.0}}, 'path_level': {(0, 1): {}, (0, 5): {}, (1, 2): {}, (1, 3): {}}}",[],-inf,-inf,True,False,False,0,[],0,0.0,6.0,4.0,3
59,1,0,955.0,1590.0,578123.2612110324,962529.827566012,0.60062893081761,0.60062893081761,6,100,0,1925.4342680199175,17304,2649,14655,0.0,0.0,39,627.4342680199173,1298.0,10,19,False,{},{},{},{},0.0,0.0,0.0,0.0,0.0,0.0,0.0,0.0,0.0,0.0,0.0,0.0,0.0,0.0,Leave Event,0.0,"{'node_level': {}, 'link_level': {}, 'path_level': {}}","{'node_level': {}, 'link_level': {}, 'path_level': {}}","{'node_level': {}, 'link_level': {}, 'path_level': {}}",[],-inf,-inf,True,True,False,0,[],0,0.0,,,3
60,1,0,955.0,1590.0,578123.2612110324,962529.827566012,0.60062893081761,0.60062893081761,6,101,1,1961.0,17304,2649,14655,0.0,0.0,59,67.58768888749623,1961.0,6,9,False,"{0: np.int64(24), 1: np.int64(12), 2: np.int64(10), 3: np.int64(0), 4: np.int64(32), 5: np.int64(8)}","{(0, 2): [(np.int64(24), 22), (22, 20), (20, 0), (0, 4), (4, 7), (7, 10)], (0, 3): [(np.int64(24), 22), (22, 20), (20, 0)], (0, 5): []}","{(0, np.int64(24)): {'cpu': 33}, (1, np.int64(12)): {'cpu': 31}, (2, np.int64(10)): {'cpu': 37}, (3, np.int64(0)): {'cpu': 76}, (4, np.int64(32)): {'cpu': 56}, (5, np.int64(8)): {'cpu': 34}}","{((0, 2), (np.int64(24), 22)): {'bw': 69}, ((0, 2), (22, 20)): {'bw': 69}, ((0, 2), (20, 0)): {'bw': 69}, ((0, 2), (0, 4)): {'bw': 69}, ((0, 2), (4, 7)): {'bw': 69}, ((0, 2), (7, 10)): {'bw': 69}, ((0, 3), (np.int64(24), 22)): {'bw': 66}, ((0, 3), (22, 20)): {'bw': 66}, ((0, 3), (20, 0)): {'bw': 66}}",0.0,0.0,534.0,267.0,902.0,0.0,0.0,0.0,0.0,0.0,0.0,0.0,0.0,0.0,Route Failure,100.0,"{'node_level': {}, 'link_level': {}, 'path_level': {}}","{'node_level': {0: {'cpu': -19}, 1: {'cpu': -57}, 2: {'cpu': -23}, 3: {'cpu': -16}, 4: {'cpu': -36}, 5: {'cpu': -59}}, 'link_level': {(0, 2): {'bw': -149}, (0, 3): {'bw': -83}, (0, 5): {'bw': 100.0}}, 'path_level': {(0, 2): {}, (0, 3): {}, (0, 5): {}}}","{'node_level': {0: {'cpu': 0}, 1: {'cpu': 0}, 2: {'cpu': 0}, 3: {'cpu': 0}, 4: {'cpu': 0}, 5: {'cpu': 0}}, 'link_level': {(0, 2): {'bw': 0}, (0, 3): {'bw': 0}, (0, 5): {'bw': 100.0}}, 'path_level': {(0, 2): {}, (0, 3): {}, (0, 5): {}}}",[],-inf,-inf,True,False,False,0,[],0,0.0,6.0,3.0,3
60,1,0,955.0,1590.0,578123.2612110324,962529.827566012,0.60062893081761,0.60062893081761,6,102,0,1986.1113486898937,17304,2649,14655,0.0,0.0,57,95.11134868989363,1891.0,6,10,False,{},{},{},{},0.0,0.0,0.0,0.0,0.0,0.0,0.0,0.0,0.0,0.0,0.0,0.0,0.0,0.0,Leave Event,0.0,"{'node_level': {}, 'link_level': {}, 'path_level': {}}","{'node_level': {}, 'link_level': {}, 'path_level': {}}","{'node_level': {}, 'link_level': {}, 'path_level': {}}",[],-inf,-inf,True,True,False,0,[],0,0.0,,,3
61,1,0,955.0,1590.0,578123.2612110324,962529.827566012,0.60062893081761,0.60062893081761,6,103,1,1990.0,17304,2649,14655,0.0,0.0,60,37.856141114457934,1990.0,8,13,False,"{0: np.int64(35), 1: np.int64(10), 2: np.int64(6), 3: np.int64(28), 4: np.int64(31), 5: np.int64(16), 6: np.int64(4), 7: np.int64(1)}","{(0, 2): [(np.int64(35), 31), (31, 28), (28, 0), (0, 4), (4, 6)], (0, 4): [(np.int64(35), 31)], (0, 6): []}","{(0, np.int64(35)): {'cpu': 61}, (1, np.int64(10)): {'cpu': 41}, (2, np.int64(6)): {'cpu': 36}, (3, np.int64(28)): {'cpu': 76}, (4, np.int64(31)): {'cpu': 74}, (5, np.int64(16)): {'cpu': 57}, (6, np.int64(4)): {'cpu': 48}, (7, np.int64(1)): {'cpu': 63}}","{((0, 2), (np.int64(35), 31)): {'bw': 75}, ((0, 2), (31, 28)): {'bw': 75}, ((0, 2), (28, 0)): {'bw': 75}, ((0, 2), (0, 4)): {'bw': 75}, ((0, 2), (4, 6)): {'bw': 75}, ((0, 4), (np.int64(35), 31)): {'bw': 111}}",0.0,0.0,912.0,456.0,1298.0,0.0,0.0,0.0,0.0,0.0,0.0,0.0,0.0,0.0,Route Failure,100.0,"{'node_level': {}, 'link_level': {}, 'path_level': {}}","{'node_level': {0: {'cpu': -32}, 1: {'cpu': -19}, 2: {'cpu': -33}, 3: {'cpu': -14}, 4: {'cpu': -5}, 5: {'cpu': -22}, 6: {'cpu': -2}, 7: {'cpu': -11}}, 'link_level': {(0, 2): {'bw': -127}, (0, 4): {'bw': -16}, (0, 6): {'bw': 100.0}}, 'path_level': {(0, 2): {}, (0, 4): {}, (0, 6): {}}}","{'node_level': {0: {'cpu': 0}, 1: {'cpu': 0}, 2: {'cpu': 0}, 3: {'cpu': 0}, 4: {'cpu': 0}, 5: {'cpu': 0}, 6: {'cpu': 0}, 7: {'cpu': 0}}, 'link_level': {(0, 2): {'bw': 0}, (0, 4): {'bw': 0}, (0, 6): {'bw': 100.0}}, 'path_level': {(0, 2): {}, (0, 4): {}, (0, 6): {}}}",[],-inf,-inf,True,False,False,0,[],0,0.0,8.0,3.0,3
61,1,0,955.0,1590.0,578123.2612110324,962529.827566012,0.60062893081761,0.60062893081761,6,104,0,2027.8561411144578,17304,2649,14655,0.0,0.0,60,37.856141114457934,1990.0,8,13,False,{},{},{},{},0.0,0.0,0.0,0.0,0.0,0.0,0.0,0.0,0.0,0.0,0.0,0.0,0.0,0.0,Leave Event,0.0,"{'node_level': {}, 'link_level': {}, 'path_level': {}}","{'node_level': {}, 'link_level': {}, 'path_level': {}}","{'node_level': {}, 'link_level': {}, 'path_level': {}}",[],-inf,-inf,True,True,False,0,[],0,0.0,,,3
61,1,0,955.0,1590.0,578123.2612110324,962529.827566012,0.60062893081761,0.60062893081761,6,105,0,2028.5876888874961,17304,2649,14655,0.0,0.0,59,67.58768888749623,1961.0,6,9,False,{},{},{},{},0.0,0.0,0.0,0.0,0.0,0.0,0.0,0.0,0.0,0.0,0.0,0.0,0.0,0.0,Leave Event,0.0,"{'node_level': {}, 'link_level': {}, 'path_level': {}}","{'node_level': {}, 'link_level': {}, 'path_level': {}}","{'node_level': {}, 'link_level': {}, 'path_level': {}}",[],-inf,-inf,True,True,False,0,[],0,0.0,,,3
62,1,0,955.0,1590.0,578123.2612110324,962529.827566012,0.60062893081761,0.60062893081761,6,106,1,2033.0,17304,2649,14655,0.0,0.0,61,469.5589550530273,2033.0,8,12,False,"{0: np.int64(5), 1: np.int64(21), 2: np.int64(0), 3: np.int64(14), 4: np.int64(35), 5: np.int64(8), 6: np.int64(28), 7: np.int64(11)}","{(0, 1): [(np.int64(5), 2), (2, 21)], (0, 6): [(np.int64(5), 2), (2, 29), (29, 30), (30, 28)], (0, 7): [(np.int64(5), 7), (7, 11)], (1, 2): [(np.int64(21), 22), (22, 20), (20, 0)], (1, 3): [(np.int64(21), 2), (2, 13), (13, 14)], (2, 4): [(np.int64(0), 28), (28, 31), (31, 35)], (3, 4): []}","{(0, np.int64(5)): {'cpu': 70}, (1, np.int64(21)): {'cpu': 33}, (2, np.int64(0)): {'cpu': 53}, (3, np.int64(14)): {'cpu': 55}, (4, np.int64(35)): {'cpu': 80}, (5, np.int64(8)): {'cpu': 58}, (6, np.int64(28)): {'cpu': 79}, (7, np.int64(11)): {'cpu': 43}}","{((0, 1), (np.int64(5), 2)): {'bw': 115}, ((0, 1), (2, 21)): {'bw': 115}, ((0, 6), (np.int64(5), 2)): {'bw': 139}, ((0, 6), (2, 29)): {'bw': 139}, ((0, 6), (29, 30)): {'bw': 139}, ((0, 6), (30, 28)): {'bw': 139}, ((0, 7), (np.int64(5), 7)): {'bw': 60}, ((0, 7), (7, 11)): {'bw': 60}, ((1, 2), (np.int64(21), 22)): {'bw': 98}, ((1, 2), (22, 20)): {'bw': 98}, ((1, 2), (20, 0)): {'bw': 98}, ((1, 3), (np.int64(21), 2)): {'bw': 73}, ((1, 3), (2, 13)): {'bw': 73}, ((1, 3), (13, 14)): {'bw': 73}, ((2, 4), (np.int64(0), 28)): {'bw': 135}, ((2, 4), (28, 31)): {'bw': 135}, ((2, 4), (31, 35)): {'bw': 135}}",0.0,0.0,942.0,471.0,1323.0,0.0,0.0,0.0,0.0,0.0,0.0,0.0,0.0,0.0,Route Failure,100.0,"{'node_level': {}, 'link_level': {}, 'path_level': {}}","{'node_level': {0: {'cpu': -1}, 1: {'cpu': -43}, 2: {'cpu': -39}, 3: {'cpu': -15}, 4: {'cpu': -13}, 5: {'cpu': -35}, 6: {'cpu': -11}, 7: {'cpu': -28}}, 'link_level': {(0, 1): {'bw': -113}, (0, 6): {'bw': -95}, (0, 7): {'bw': -314}, (1, 2): {'bw': -181}, (1, 3): {'bw': -40}, (2, 4): {'bw': -67}, (3, 4): {'bw': 100.0}}, 'path_level': {(0, 1): {}, (0, 6): {}, (0, 7): {}, (1, 2): {}, (1, 3): {}, (2, 4): {}, (3, 4): {}}}","{'node_level': {0: {'cpu': 0}, 1: {'cpu': 0}, 2: {'cpu': 0}, 3: {'cpu': 0}, 4: {'cpu': 0}, 5: {'cpu': 0}, 6: {'cpu': 0}, 7: {'cpu': 0}}, 'link_level': {(0, 1): {'bw': 0}, (0, 6): {'bw': 0}, (0, 7): {'bw': 0}, (1, 2): {'bw': 0}, (1, 3): {'bw': 0}, (2, 4): {'bw': 0}, (3, 4): {'bw': 100.0}}, 'path_level': {(0, 1): {}, (0, 6): {}, (0, 7): {}, (1, 2): {}, (1, 3): {}, (2, 4): {}, (3, 4): {}}}",[],-inf,-inf,True,False,False,0,[],0,0.0,8.0,7.0,3
62,1,0,955.0,1590.0,578123.2612110324,962529.827566012,0.60062893081761,0.60062893081761,6,107,0,2036.6247754682354,17304,2649,14655,0.0,0.0,41,664.6247754682353,1372.0,6,10,False,{},{},{},{},0.0,0.0,0.0,0.0,0.0,0.0,0.0,0.0,0.0,0.0,0.0,0.0,0.0,0.0,Leave Event,0.0,"{'node_level': {}, 'link_level': {}, 'path_level': {}}","{'node_level': {}, 'link_level': {}, 'path_level': {}}","{'node_level': {}, 'link_level': {}, 'path_level': {}}",[],-inf,-inf,True,True,False,0,[],0,0.0,,,3
63,1,0,955.0,1590.0,578123.2612110324,962529.827566012,0.60062893081761,0.60062893081761,6,108,1,2072.0,17304,2649,14655,0.0,0.0,62,337.8532089746779,2072.0,9,12,False,"{0: np.int64(14), 1: np.int64(31), 2: np.int64(22), 3: np.int64(30), 4: np.int64(32), 5: np.int64(17), 6: np.int64(6), 7: np.int64(16), 8: np.int64(29)}","{(0, 1): [(np.int64(14), 12), (12, 0), (0, 28), (28, 31)], (0, 7): [(np.int64(14), 16)], (1, 5): [(np.int64(31), 28), (28, 0), (0, 12), (12, 14), (14, 17)], (1, 6): [(np.int64(31), 28), (28, 0), (0, 4), (4, 6)], (1, 8): [(np.int64(31), 29)], (2, 6): [(np.int64(22), 20), (20, 1), (1, 4), (4, 6)], (2, 7): [(np.int64(22), 21), (21, 2), (2, 13), (13, 14), (14, 16)], (3, 5): [(np.int64(30), 29), (29, 2), (2, 13), (13, 14), (14, 17)], (3, 7): []}","{(0, np.int64(14)): {'cpu': 61}, (1, np.int64(31)): {'cpu': 66}, (2, np.int64(22)): {'cpu': 35}, (3, np.int64(30)): {'cpu': 39}, (4, np.int64(32)): {'cpu': 65}, (5, np.int64(17)): {'cpu': 38}, (6, np.int64(6)): {'cpu': 47}, (7, np.int64(16)): {'cpu': 39}, (8, np.int64(29)): {'cpu': 64}}","{((0, 1), (np.int64(14), 12)): {'bw': 123}, ((0, 1), (12, 0)): {'bw': 123}, ((0, 1), (0, 28)): {'bw': 123}, ((0, 1), (28, 31)): {'bw': 123}, ((0, 7), (np.int64(14), 16)): {'bw': 96}, ((1, 5), (np.int64(31), 28)): {'bw': 84}, ((1, 5), (28, 0)): {'bw': 84}, ((1, 5), (0, 12)): {'bw': 84}, ((1, 5), (12, 14)): {'bw': 84}, ((1, 5), (14, 17)): {'bw': 84}, ((1, 6), (np.int64(31), 28)): {'bw': 128}, ((1, 6), (28, 0)): {'bw': 128}, ((1, 6), (0, 4)): {'bw': 128}, ((1, 6), (4, 6)): {'bw': 128}, ((1, 8), (np.int64(31), 29)): {'bw': 132}, ((2, 6), (np.int64(22), 20)): {'bw': 117}, ((2, 6), (20, 1)): {'bw': 117}, ((2, 6), (1, 4)): {'bw': 117}, ((2, 6), (4, 6)): {'bw': 117}, ((2, 7), (np.int64(22), 21)): {'bw': 62}, ((2, 7), (21, 2)): {'bw': 62}, ((2, 7), (2, 13)): {'bw': 62}, ((2, 7), (13, 14)): {'bw': 62}, ((2, 7), (14, 16)): {'bw': 62}, ((3, 5), (np.int64(30), 29)): {'bw': 102}, ((3, 5), (29, 2)): {'bw': 102}, ((3, 5), (2, 13)): {'bw': 102}, ((3, 5), (13, 14)): {'bw': 102}, ((3, 5), (14, 17)): {'bw': 102}}",0.0,0.0,908.0,454.0,1262.0,0.0,0.0,0.0,0.0,0.0,0.0,0.0,0.0,0.0,Route Failure,100.0,"{'node_level': {}, 'link_level': {}, 'path_level': {}}","{'node_level': {0: {'cpu': -9}, 1: {'cpu': -13}, 2: {'cpu': -37}, 3: {'cpu': -44}, 4: {'cpu': -27}, 5: {'cpu': -51}, 6: {'cpu': -22}, 7: {'cpu': -40}, 8: {'cpu': -32}}, 'link_level': {(0, 1): {'bw': -110}, (0, 7): {'bw': -221}, (1, 5): {'bw': -26}, (1, 6): {'bw': -30}, (1, 8): {'bw': -116}, (2, 6): {'bw': -71}, (2, 7): {'bw': -139}, (3, 5): {'bw': -37}, (3, 7): {'bw': 100.0}}, 'path_level': {(0, 1): {}, (0, 7): {}, (1, 5): {}, (1, 6): {}, (1, 8): {}, (2, 6): {}, (2, 7): {}, (3, 5): {}, (3, 7): {}}}","{'node_level': {0: {'cpu': 0}, 1: {'cpu': 0}, 2: {'cpu': 0}, 3: {'cpu': 0}, 4: {'cpu': 0}, 5: {'cpu': 0}, 6: {'cpu': 0}, 7: {'cpu': 0}, 8: {'cpu': 0}}, 'link_level': {(0, 1): {'bw': 0}, (0, 7): {'bw': 0}, (1, 5): {'bw': 0}, (1, 6): {'bw': 0}, (1, 8): {'bw': 0}, (2, 6): {'bw': 0}, (2, 7): {'bw': 0}, (3, 5): {'bw': 0}, (3, 7): {'bw': 100.0}}, 'path_level': {(0, 1): {}, (0, 7): {}, (1, 5): {}, (1, 6): {}, (1, 8): {}, (2, 6): {}, (2, 7): {}, (3, 5): {}, (3, 7): {}}}",[],-inf,-inf,True,False,False,0,[],0,0.0,9.0,9.0,3
63,1,0,955.0,1590.0,578123.2612110324,962529.827566012,0.60062893081761,0.60062893081761,6,109,0,2094.8724883723826,17304,2649,14655,0.0,0.0,32,1025.8724883723823,1069.0,9,20,False,{},{},{},{},0.0,0.0,0.0,0.0,0.0,0.0,0.0,0.0,0.0,0.0,0.0,0.0,0.0,0.0,Leave Event,0.0,"{'node_level': {}, 'link_level': {}, 'path_level': {}}","{'node_level': {}, 'link_level': {}, 'path_level': {}}","{'node_level': {}, 'link_level': {}, 'path_level': {}}",[],-inf,-inf,True,True,False,0,[],0,0.0,,,3
64,2,1,2050.0,4233.0,1193154.8958546626,2447030.841596253,0.4842901015828018,0.48759291283649736,10,110,1,2103.0,14661,2323,12338,0.12306530766326917,0.15810303650631186,63,561.6727257019453,2103.0,6,7,True,"{0: np.int64(0), 1: np.int64(30), 2: np.int64(26), 3: np.int64(13), 4: np.int64(31), 5: np.int64(29)}","{(0, 1): [(np.int64(0), 28), (28, 30)], (0, 5): [(np.int64(0), 28), (28, 30), (30, 29)], (1, 3): [(np.int64(30), 29), (29, 2), (2, 13)], (1, 5): [(np.int64(30), 29)], (2, 3): [(np.int64(26), 23), (23, 21), (21, 2), (2, 13)], (2, 4): [(np.int64(26), 23), (23, 20), (20, 0), (0, 28), (28, 31)], (3, 5): [(np.int64(13), 3), (3, 29)]}","{(0, np.int64(0)): {'cpu': 71}, (1, np.int64(30)): {'cpu': 38}, (2, np.int64(26)): {'cpu': 55}, (3, np.int64(13)): {'cpu': 32}, (4, np.int64(31)): {'cpu': 54}, (5, np.int64(29)): {'cpu': 76}}","{((0, 1), (np.int64(0), 28)): {'bw': 98}, ((0, 1), (28, 30)): {'bw': 98}, ((0, 5), (np.int64(0), 28)): {'bw': 103}, ((0, 5), (28, 30)): {'bw': 103}, ((0, 5), (30, 29)): {'bw': 103}, ((1, 3), (np.int64(30), 29)): {'bw': 144}, ((1, 3), (29, 2)): {'bw': 144}, ((1, 3), (2, 13)): {'bw': 144}, ((1, 5), (np.int64(30), 29)): {'bw': 90}, ((2, 3), (np.int64(26), 23)): {'bw': 101}, ((2, 3), (23, 21)): {'bw': 101}, ((2, 3), (21, 2)): {'bw': 101}, ((2, 3), (2, 13)): {'bw': 101}, ((2, 4), (np.int64(26), 23)): {'bw': 140}, ((2, 4), (23, 20)): {'bw': 140}, ((2, 4), (20, 0)): {'bw': 140}, ((2, 4), (0, 28)): {'bw': 140}, ((2, 4), (28, 31)): {'bw': 140}, ((3, 5), (np.int64(13), 3)): {'bw': 93}, ((3, 5), (3, 29)): {'bw': 93}}",2643.0,1095.0,652.0,326.0,769.0,326.0,769.0,326.0,2317.0,1548.0,0.41430192962542567,1484501.0140302414,615031.6346436301,232.70209407628835,Success,0.0,"{'node_level': {}, 'link_level': {}, 'path_level': {}}","{'node_level': {0: {'cpu': -21}, 1: {'cpu': -45}, 2: {'cpu': -21}, 3: {'cpu': -50}, 4: {'cpu': -25}, 5: {'cpu': -20}}, 'link_level': {(0, 1): {'bw': -243}, (0, 5): {'bw': -140}, (1, 3): {'bw': -111}, (1, 5): {'bw': -21}, (2, 3): {'bw': -82}, (2, 4): {'bw': -35}, (3, 5): {'bw': -107}}, 'path_level': {(0, 1): {}, (0, 5): {}, (1, 3): {}, (1, 5): {}, (2, 3): {}, (2, 4): {}, (3, 5): {}}}","{'node_level': {0: {'cpu': 0}, 1: {'cpu': 0}, 2: {'cpu': 0}, 3: {'cpu': 0}, 4: {'cpu': 0}, 5: {'cpu': 0}}, 'link_level': {(0, 1): {'bw': 0}, (0, 5): {'bw': 0}, (1, 3): {'bw': 0}, (1, 5): {'bw': 0}, (2, 3): {'bw': 0}, (2, 4): {'bw': 0}, (3, 5): {'bw': 0}}, 'path_level': {(0, 1): {}, (0, 5): {}, (1, 3): {}, (1, 5): {}, (2, 3): {}, (2, 4): {}, (3, 5): {}}}",[],-inf,-inf,True,True,False,0,[],0,0.0,6.0,7.0,3
64,2,1,2050.0,4233.0,1193154.8958546626,2447030.841596253,0.4842901015828018,0.48759291283649736,10,111,0,2103.6961860426113,14661,2323,12338,0.12306530766326917,0.15810303650631186,53,352.6961860426115,1751.0,10,29,False,{},{},{},{},0.0,0.0,0.0,0.0,0.0,0.0,0.0,0.0,0.0,0.0,0.0,0.0,0.0,0.0,Leave Event,0.0,"{'node_level': {}, 'link_level': {}, 'path_level': {}}","{'node_level': {}, 'link_level': {}, 'path_level': {}}","{'node_level': {}, 'link_level': {}, 'path_level': {}}",[],-inf,-inf,True,True,False,0,[],0,0.0,,,3
64,2,1,2050.0,4233.0,1193154.8958546626,2447030.841596253,0.4842901015828018,0.48759291283649736,10,112,0,2111.497675545377,14661,2323,12338,0.12306530766326917,0.15810303650631186,47,552.4976755453773,1559.0,7,11,False,{},{},{},{},0.0,0.0,0.0,0.0,0.0,0.0,0.0,0.0,0.0,0.0,0.0,0.0,0.0,0.0,Leave Event,0.0,"{'node_level': {}, 'link_level': {}, 'path_level': {}}","{'node_level': {}, 'link_level': {}, 'path_level': {}}","{'node_level': {}, 'link_level': {}, 'path_level': {}}",[],-inf,-inf,True,True,False,0,[],0,0.0,,,3
65,2,1,2050.0,4233.0,1193154.8958546626,2447030.841596253,0.4842901015828018,0.48759291283649736,10,113,1,2133.0,14661,2323,12338,0.12306530766326917,0.15810303650631186,64,782.3617907767425,2133.0,6,7,False,"{0: np.int64(8), 1: np.int64(4), 2: np.int64(5), 3: np.int64(32), 4: np.int64(21), 5: np.int64(1)}","{(0, 1): [(np.int64(8), 6), (6, 4)], (0, 3): [(np.int64(8), 6), (6, 4), (4, 1), (1, 28), (28, 30), (30, 32)], (0, 4): [(np.int64(8), 6), (6, 5), (5, 2), (2, 21)], (1, 2): [(np.int64(4), 7), (7, 5)], (1, 3): []}","{(0, np.int64(8)): {'cpu': 36}, (1, np.int64(4)): {'cpu': 42}, (2, np.int64(5)): {'cpu': 35}, (3, np.int64(32)): {'cpu': 77}, (4, np.int64(21)): {'cpu': 48}, (5, np.int64(1)): {'cpu': 71}}","{((0, 1), (np.int64(8), 6)): {'bw': 139}, ((0, 1), (6, 4)): {'bw': 139}, ((0, 3), (np.int64(8), 6)): {'bw': 98}, ((0, 3), (6, 4)): {'bw': 98}, ((0, 3), (4, 1)): {'bw': 98}, ((0, 3), (1, 28)): {'bw': 98}, ((0, 3), (28, 30)): {'bw': 98}, ((0, 3), (30, 32)): {'bw': 98}, ((0, 4), (np.int64(8), 6)): {'bw': 102}, ((0, 4), (6, 5)): {'bw': 102}, ((0, 4), (5, 2)): {'bw': 102}, ((0, 4), (2, 21)): {'bw': 102}, ((1, 2), (np.int64(4), 7)): {'bw': 150}, ((1, 2), (7, 5)): {'bw': 150}}",0.0,0.0,618.0,309.0,766.0,0.0,0.0,0.0,0.0,0.0,0.0,0.0,0.0,0.0,Route Failure,100.0,"{'node_level': {}, 'link_level': {}, 'path_level': {}}","{'node_level': {0: {'cpu': -57}, 1: {'cpu': -8}, 2: {'cpu': -36}, 3: {'cpu': -15}, 4: {'cpu': -28}, 5: {'cpu': -3}}, 'link_level': {(0, 1): {'bw': -177}, (0, 3): {'bw': -42}, (0, 4): {'bw': -25}, (1, 2): {'bw': -234}, (1, 3): {'bw': 100.0}}, 'path_level': {(0, 1): {}, (0, 3): {}, (0, 4): {}, (1, 2): {}, (1, 3): {}}}","{'node_level': {0: {'cpu': 0}, 1: {'cpu': 0}, 2: {'cpu': 0}, 3: {'cpu': 0}, 4: {'cpu': 0}, 5: {'cpu': 0}}, 'link_level': {(0, 1): {'bw': 0}, (0, 3): {'bw': 0}, (0, 4): {'bw': 0}, (1, 2): {'bw': 0}, (1, 3): {'bw': 100.0}}, 'path_level': {(0, 1): {}, (0, 3): {}, (0, 4): {}, (1, 2): {}, (1, 3): {}}}",[],-inf,-inf,True,False,False,0,[],0,0.0,6.0,5.0,3
66,2,1,2050.0,4233.0,1193154.8958546626,2447030.841596253,0.4842901015828018,0.48759291283649736,10,114,1,2163.0,14661,2323,12338,0.12306530766326917,0.15810303650631186,65,2028.1630351149151,2163.0,7,11,False,"{0: np.int64(17), 1: np.int64(6), 2: np.int64(15), 3: np.int64(20), 4: np.int64(28), 5: np.int64(11), 6: np.int64(33)}","{(0, 3): [(np.int64(17), 14), (14, 12), (12, 0), (0, 20)], (0, 4): [(np.int64(17), 14), (14, 12), (12, 1), (1, 28)], (1, 2): [(np.int64(6), 4), (4, 0), (0, 12), (12, 15)], (1, 3): [(np.int64(6), 4), (4, 1), (1, 20)], (1, 4): [(np.int64(6), 5), (5, 2), (2, 29), (29, 31), (31, 28)], (1, 6): [(np.int64(6), 5), (5, 3), (3, 29), (29, 31), (31, 28), (28, 30), (30, 33)], (2, 3): [(np.int64(15), 12), (12, 1), (1, 20)], (2, 5): []}","{(0, np.int64(17)): {'cpu': 68}, (1, np.int64(6)): {'cpu': 30}, (2, np.int64(15)): {'cpu': 63}, (3, np.int64(20)): {'cpu': 62}, (4, np.int64(28)): {'cpu': 77}, (5, np.int64(11)): {'cpu': 31}, (6, np.int64(33)): {'cpu': 73}}","{((0, 3), (np.int64(17), 14)): {'bw': 104}, ((0, 3), (14, 12)): {'bw': 104}, ((0, 3), (12, 0)): {'bw': 104}, ((0, 3), (0, 20)): {'bw': 104}, ((0, 4), (np.int64(17), 14)): {'bw': 114}, ((0, 4), (14, 12)): {'bw': 114}, ((0, 4), (12, 1)): {'bw': 114}, ((0, 4), (1, 28)): {'bw': 114}, ((1, 2), (np.int64(6), 4)): {'bw': 139}, ((1, 2), (4, 0)): {'bw': 139}, ((1, 2), (0, 12)): {'bw': 139}, ((1, 2), (12, 15)): {'bw': 139}, ((1, 3), (np.int64(6), 4)): {'bw': 83}, ((1, 3), (4, 1)): {'bw': 83}, ((1, 3), (1, 20)): {'bw': 83}, ((1, 4), (np.int64(6), 5)): {'bw': 95}, ((1, 4), (5, 2)): {'bw': 95}, ((1, 4), (2, 29)): {'bw': 95}, ((1, 4), (29, 31)): {'bw': 95}, ((1, 4), (31, 28)): {'bw': 95}, ((1, 6), (np.int64(6), 5)): {'bw': 125}, ((1, 6), (5, 3)): {'bw': 125}, ((1, 6), (3, 29)): {'bw': 125}, ((1, 6), (29, 31)): {'bw': 125}, ((1, 6), (31, 28)): {'bw': 125}, ((1, 6), (28, 30)): {'bw': 125}, ((1, 6), (30, 33)): {'bw': 125}, ((2, 3), (np.int64(15), 12)): {'bw': 72}, ((2, 3), (12, 1)): {'bw': 72}, ((2, 3), (1, 20)): {'bw': 72}}",0.0,0.0,808.0,404.0,1132.0,0.0,0.0,0.0,0.0,0.0,0.0,0.0,0.0,0.0,Route Failure,100.0,"{'node_level': {}, 'link_level': {}, 'path_level': {}}","{'node_level': {0: {'cpu': -21}, 1: {'cpu': -39}, 2: {'cpu': -31}, 3: {'cpu': -5}, 4: {'cpu': -13}, 5: {'cpu': -40}, 6: {'cpu': -1}}, 'link_level': {(0, 3): {'bw': -35}, (0, 4): {'bw': -15}, (1, 2): {'bw': -80}, (1, 3): {'bw': -94}, (1, 4): {'bw': -80}, (1, 6): {'bw': 0}, (2, 3): {'bw': -34}, (2, 5): {'bw': 100.0}}, 'path_level': {(0, 3): {}, (0, 4): {}, (1, 2): {}, (1, 3): {}, (1, 4): {}, (1, 6): {}, (2, 3): {}, (2, 5): {}}}","{'node_level': {0: {'cpu': 0}, 1: {'cpu': 0}, 2: {'cpu': 0}, 3: {'cpu': 0}, 4: {'cpu': 0}, 5: {'cpu': 0}, 6: {'cpu': 0}}, 'link_level': {(0, 3): {'bw': 0}, (0, 4): {'bw': 0}, (1, 2): {'bw': 0}, (1, 3): {'bw': 0}, (1, 4): {'bw': 0}, (1, 6): {'bw': 0}, (2, 3): {'bw': 0}, (2, 5): {'bw': 100.0}}, 'path_level': {(0, 3): {}, (0, 4): {}, (1, 2): {}, (1, 3): {}, (1, 4): {}, (1, 6): {}, (2, 3): {}, (2, 5): {}}}",[],-inf,-inf,True,False,False,0,[],0,0.0,7.0,8.0,3
67,2,1,2050.0,4233.0,1193154.8958546626,2447030.841596253,0.4842901015828018,0.48759291283649736,10,115,1,2200.0,14661,2323,12338,0.12306530766326917,0.15810303650631186,66,43.9134989826473,2200.0,10,22,False,"{0: np.int64(14), 1: np.int64(6), 2: np.int64(32), 3: np.int64(33), 4: np.int64(13), 5: np.int64(28), 6: np.int64(27), 7: np.int64(17), 8: np.int64(18), 9: np.int64(21)}","{(0, 1): [(np.int64(14), 12), (12, 0), (0, 4), (4, 6)], (0, 4): [(np.int64(14), 13)], (0, 5): [(np.int64(14), 12), (12, 1), (1, 28)], (0, 9): []}","{(0, np.int64(14)): {'cpu': 35}, (1, np.int64(6)): {'cpu': 57}, (2, np.int64(32)): {'cpu': 43}, (3, np.int64(33)): {'cpu': 72}, (4, np.int64(13)): {'cpu': 46}, (5, np.int64(28)): {'cpu': 58}, (6, np.int64(27)): {'cpu': 43}, (7, np.int64(17)): {'cpu': 62}, (8, np.int64(18)): {'cpu': 30}, (9, np.int64(21)): {'cpu': 75}}","{((0, 1), (np.int64(14), 12)): {'bw': 67}, ((0, 1), (12, 0)): {'bw': 67}, ((0, 1), (0, 4)): {'bw': 67}, ((0, 1), (4, 6)): {'bw': 67}, ((0, 4), (np.int64(14), 13)): {'bw': 134}, ((0, 5), (np.int64(14), 12)): {'bw': 75}, ((0, 5), (12, 1)): {'bw': 75}, ((0, 5), (1, 28)): {'bw': 75}}",0.0,0.0,1042.0,521.0,2545.0,0.0,0.0,0.0,0.0,0.0,0.0,0.0,0.0,0.0,Route Failure,100.0,"{'node_level': {}, 'link_level': {}, 'path_level': {}}","{'node_level': {0: {'cpu': -35}, 1: {'cpu': -12}, 2: {'cpu': -49}, 3: {'cpu': -2}, 4: {'cpu': -4}, 5: {'cpu': -32}, 6: {'cpu': -12}, 7: {'cpu': -27}, 8: {'cpu': -34}, 9: {'cpu': -1}}, 'link_level': {(0, 1): {'bw': -166}, (0, 4): {'bw': -67}, (0, 5): {'bw': -91}, (0, 9): {'bw': 100.0}}, 'path_level': {(0, 1): {}, (0, 4): {}, (0, 5): {}, (0, 9): {}}}","{'node_level': {0: {'cpu': 0}, 1: {'cpu': 0}, 2: {'cpu': 0}, 3: {'cpu': 0}, 4: {'cpu': 0}, 5: {'cpu': 0}, 6: {'cpu': 0}, 7: {'cpu': 0}, 8: {'cpu': 0}, 9: {'cpu': 0}}, 'link_level': {(0, 1): {'bw': 0}, (0, 4): {'bw': 0}, (0, 5): {'bw': 0}, (0, 9): {'bw': 100.0}}, 'path_level': {(0, 1): {}, (0, 4): {}, (0, 5): {}, (0, 9): {}}}",[],-inf,-inf,True,False,False,0,[],0,0.0,10.0,4.0,3
67,2,1,2050.0,4233.0,1193154.8958546626,2447030.841596253,0.4842901015828018,0.48759291283649736,10,116,0,2208.5516338165016,14661,2323,12338,0.12306530766326917,0.15810303650631186,54,419.5516338165015,1789.0,9,17,False,{},{},{},{},0.0,0.0,0.0,0.0,0.0,0.0,0.0,0.0,0.0,0.0,0.0,0.0,0.0,0.0,Leave Event,0.0,"{'node_level': {}, 'link_level': {}, 'path_level': {}}","{'node_level': {}, 'link_level': {}, 'path_level': {}}","{'node_level': {}, 'link_level': {}, 'path_level': {}}",[],-inf,-inf,True,True,False,0,[],0,0.0,,,3
68,2,1,2050.0,4233.0,1193154.8958546626,2447030.841596253,0.4842901015828018,0.48759291283649736,10,117,1,2231.0,14661,2323,12338,0.12306530766326917,0.15810303650631186,67,498.7668153316388,2231.0,7,7,False,"{0: np.int64(35), 1: np.int64(19), 2: np.int64(17), 3: np.int64(15), 4: np.int64(12), 5: np.int64(28), 6: np.int64(25)}","{(0, 2): [(np.int64(35), 31), (31, 28), (28, 1), (1, 12), (12, 14), (14, 17)], (0, 4): []}","{(0, np.int64(35)): {'cpu': 49}, (1, np.int64(19)): {'cpu': 47}, (2, np.int64(17)): {'cpu': 41}, (3, np.int64(15)): {'cpu': 78}, (4, np.int64(12)): {'cpu': 43}, (5, np.int64(28)): {'cpu': 80}, (6, np.int64(25)): {'cpu': 48}}","{((0, 2), (np.int64(35), 31)): {'bw': 103}, ((0, 2), (31, 28)): {'bw': 103}, ((0, 2), (28, 1)): {'bw': 103}, ((0, 2), (1, 12)): {'bw': 103}, ((0, 2), (12, 14)): {'bw': 103}, ((0, 2), (14, 17)): {'bw': 103}}",0.0,0.0,772.0,386.0,703.0,0.0,0.0,0.0,0.0,0.0,0.0,0.0,0.0,0.0,Route Failure,100.0,"{'node_level': {}, 'link_level': {}, 'path_level': {}}","{'node_level': {0: {'cpu': -44}, 1: {'cpu': -29}, 2: {'cpu': -48}, 3: {'cpu': -16}, 4: {'cpu': -45}, 5: {'cpu': -10}, 6: {'cpu': -3}}, 'link_level': {(0, 2): {'bw': -99}, (0, 4): {'bw': 100.0}}, 'path_level': {(0, 2): {}, (0, 4): {}}}","{'node_level': {0: {'cpu': 0}, 1: {'cpu': 0}, 2: {'cpu': 0}, 3: {'cpu': 0}, 4: {'cpu': 0}, 5: {'cpu': 0}, 6: {'cpu': 0}}, 'link_level': {(0, 2): {'bw': 0}, (0, 4): {'bw': 100.0}}, 'path_level': {(0, 2): {}, (0, 4): {}}}",[],-inf,-inf,True,False,False,0,[],0,0.0,7.0,2.0,3
68,2,1,2050.0,4233.0,1193154.8958546626,2447030.841596253,0.4842901015828018,0.48759291283649736,10,118,0,2243.913498982647,14661,2323,12338,0.12306530766326917,0.15810303650631186,66,43.9134989826473,2200.0,10,22,False,{},{},{},{},0.0,0.0,0.0,0.0,0.0,0.0,0.0,0.0,0.0,0.0,0.0,0.0,0.0,0.0,Leave Event,0.0,"{'node_level': {}, 'link_level': {}, 'path_level': {}}","{'node_level': {}, 'link_level': {}, 'path_level': {}}","{'node_level': {}, 'link_level': {}, 'path_level': {}}",[],-inf,-inf,True,True,False,0,[],0,0.0,,,3
69,2,1,2050.0,4233.0,1193154.8958546626,2447030.841596253,0.4842901015828018,0.48759291283649736,10,119,1,2263.0,14661,2323,12338,0.12306530766326917,0.15810303650631186,68,430.1618763584557,2263.0,10,18,False,"{0: np.int64(32), 1: np.int64(1), 2: np.int64(8), 3: np.int64(35), 4: np.int64(28), 5: np.int64(15), 6: np.int64(16), 7: np.int64(12), 8: np.int64(30), 9: np.int64(6)}","{(0, 3): [(np.int64(32), 30), (30, 28), (28, 31), (31, 35)], (0, 8): [(np.int64(32), 30)], (1, 4): [(np.int64(1), 28)], (1, 5): [(np.int64(1), 12), (12, 15)], (1, 7): [(np.int64(1), 4), (4, 0), (0, 12)], (2, 3): []}","{(0, np.int64(32)): {'cpu': 74}, (1, np.int64(1)): {'cpu': 68}, (2, np.int64(8)): {'cpu': 75}, (3, np.int64(35)): {'cpu': 61}, (4, np.int64(28)): {'cpu': 80}, (5, np.int64(15)): {'cpu': 80}, (6, np.int64(16)): {'cpu': 42}, (7, np.int64(12)): {'cpu': 66}, (8, np.int64(30)): {'cpu': 40}, (9, np.int64(6)): {'cpu': 39}}","{((0, 3), (np.int64(32), 30)): {'bw': 114}, ((0, 3), (30, 28)): {'bw': 114}, ((0, 3), (28, 31)): {'bw': 114}, ((0, 3), (31, 35)): {'bw': 114}, ((0, 8), (np.int64(32), 30)): {'bw': 116}, ((1, 4), (np.int64(1), 28)): {'bw': 118}, ((1, 5), (np.int64(1), 12)): {'bw': 98}, ((1, 5), (12, 15)): {'bw': 98}, ((1, 7), (np.int64(1), 4)): {'bw': 149}, ((1, 7), (4, 0)): {'bw': 149}, ((1, 7), (0, 12)): {'bw': 149}}",0.0,0.0,1250.0,625.0,1885.0,0.0,0.0,0.0,0.0,0.0,0.0,0.0,0.0,0.0,Route Failure,100.0,"{'node_level': {}, 'link_level': {}, 'path_level': {}}","{'node_level': {0: {'cpu': -18}, 1: {'cpu': -6}, 2: {'cpu': -18}, 3: {'cpu': -32}, 4: {'cpu': -10}, 5: {'cpu': -14}, 6: {'cpu': -37}, 7: {'cpu': -22}, 8: {'cpu': -5}, 9: {'cpu': -30}}, 'link_level': {(0, 3): {'bw': -26}, (0, 8): {'bw': -159}, (1, 4): {'bw': -131}, (1, 5): {'bw': -122}, (1, 7): {'bw': -84}, (2, 3): {'bw': 100.0}}, 'path_level': {(0, 3): {}, (0, 8): {}, (1, 4): {}, (1, 5): {}, (1, 7): {}, (2, 3): {}}}","{'node_level': {0: {'cpu': 0}, 1: {'cpu': 0}, 2: {'cpu': 0}, 3: {'cpu': 0}, 4: {'cpu': 0}, 5: {'cpu': 0}, 6: {'cpu': 0}, 7: {'cpu': 0}, 8: {'cpu': 0}, 9: {'cpu': 0}}, 'link_level': {(0, 3): {'bw': 0}, (0, 8): {'bw': 0}, (1, 4): {'bw': 0}, (1, 5): {'bw': 0}, (1, 7): {'bw': 0}, (2, 3): {'bw': 100.0}}, 'path_level': {(0, 3): {}, (0, 8): {}, (1, 4): {}, (1, 5): {}, (1, 7): {}, (2, 3): {}}}",[],-inf,-inf,True,False,False,0,[],0,0.0,10.0,6.0,3
70,2,1,2050.0,4233.0,1193154.8958546626,2447030.841596253,0.4842901015828018,0.48759291283649736,10,120,1,2294.0,14661,2323,12338,0.12306530766326917,0.15810303650631186,69,525.8293003112843,2294.0,8,14,False,"{0: np.int64(24), 1: np.int64(15), 2: np.int64(13), 3: np.int64(1), 4: np.int64(14), 5: np.int64(27), 6: np.int64(25), 7: np.int64(35)}","{(0, 2): [(np.int64(24), 22), (22, 20), (20, 0), (0, 12), (12, 14), (14, 13)], (0, 4): [(np.int64(24), 22), (22, 20), (20, 1), (1, 12), (12, 14)], (0, 6): []}","{(0, np.int64(24)): {'cpu': 49}, (1, np.int64(15)): {'cpu': 71}, (2, np.int64(13)): {'cpu': 33}, (3, np.int64(1)): {'cpu': 32}, (4, np.int64(14)): {'cpu': 39}, (5, np.int64(27)): {'cpu': 38}, (6, np.int64(25)): {'cpu': 42}, (7, np.int64(35)): {'cpu': 69}}","{((0, 2), (np.int64(24), 22)): {'bw': 120}, ((0, 2), (22, 20)): {'bw': 120}, ((0, 2), (20, 0)): {'bw': 120}, ((0, 2), (0, 12)): {'bw': 120}, ((0, 2), (12, 14)): {'bw': 120}, ((0, 2), (14, 13)): {'bw': 120}, ((0, 4), (np.int64(24), 22)): {'bw': 95}, ((0, 4), (22, 20)): {'bw': 95}, ((0, 4), (20, 1)): {'bw': 95}, ((0, 4), (1, 12)): {'bw': 95}, ((0, 4), (12, 14)): {'bw': 95}}",0.0,0.0,746.0,373.0,1599.0,0.0,0.0,0.0,0.0,0.0,0.0,0.0,0.0,0.0,Route Failure,100.0,"{'node_level': {}, 'link_level': {}, 'path_level': {}}","{'node_level': {0: {'cpu': -3}, 1: {'cpu': -23}, 2: {'cpu': -17}, 3: {'cpu': -42}, 4: {'cpu': -31}, 5: {'cpu': -17}, 6: {'cpu': -9}, 7: {'cpu': -24}}, 'link_level': {(0, 2): {'bw': -19}, (0, 4): {'bw': -3}, (0, 6): {'bw': 100.0}}, 'path_level': {(0, 2): {}, (0, 4): {}, (0, 6): {}}}","{'node_level': {0: {'cpu': 0}, 1: {'cpu': 0}, 2: {'cpu': 0}, 3: {'cpu': 0}, 4: {'cpu': 0}, 5: {'cpu': 0}, 6: {'cpu': 0}, 7: {'cpu': 0}}, 'link_level': {(0, 2): {'bw': 0}, (0, 4): {'bw': 0}, (0, 6): {'bw': 100.0}}, 'path_level': {(0, 2): {}, (0, 4): {}, (0, 6): {}}}",[],-inf,-inf,True,False,False,0,[],0,0.0,8.0,3.0,3
70,2,1,2050.0,4233.0,1193154.8958546626,2447030.841596253,0.4842901015828018,0.48759291283649736,10,121,0,2306.0760363881536,14661,2323,12338,0.12306530766326917,0.15810303650631186,15,1774.0760363881539,532.0,10,23,False,{},{},{},{},0.0,0.0,0.0,0.0,0.0,0.0,0.0,0.0,0.0,0.0,0.0,0.0,0.0,0.0,Leave Event,0.0,"{'node_level': {}, 'link_level': {}, 'path_level': {}}","{'node_level': {}, 'link_level': {}, 'path_level': {}}","{'node_level': {}, 'link_level': {}, 'path_level': {}}",[],-inf,-inf,True,True,False,0,[],0,0.0,,,3
70,2,1,2050.0,4233.0,1193154.8958546626,2447030.841596253,0.4842901015828018,0.48759291283649736,10,122,0,2306.6089317019423,14661,2323,12338,0.12306530766326917,0.15810303650631186,58,381.6089317019422,1925.0,6,8,False,{},{},{},{},0.0,0.0,0.0,0.0,0.0,0.0,0.0,0.0,0.0,0.0,0.0,0.0,0.0,0.0,Leave Event,0.0,"{'node_level': {}, 'link_level': {}, 'path_level': {}}","{'node_level': {}, 'link_level': {}, 'path_level': {}}","{'node_level': {}, 'link_level': {}, 'path_level': {}}",[],-inf,-inf,True,True,False,0,[],0,0.0,,,3
71,2,1,2050.0,4233.0,1193154.8958546626,2447030.841596253,0.4842901015828018,0.48759291283649736,10,123,1,2324.0,14661,2323,12338,0.12306530766326917,0.15810303650631186,70,391.7323226629762,2324.0,8,13,False,"{0: np.int64(8), 1: np.int64(20), 2: np.int64(21), 3: np.int64(19), 4: np.int64(5), 5: np.int64(15), 6: np.int64(18), 7: np.int64(16)}","{(0, 2): [(np.int64(8), 6), (6, 5), (5, 3), (3, 21)], (0, 6): [(np.int64(8), 6), (6, 4), (4, 0), (0, 12), (12, 15), (15, 18)], (1, 2): [(np.int64(20), 22), (22, 21)], (1, 5): [(np.int64(20), 0), (0, 12), (12, 15)], (1, 6): [(np.int64(20), 1), (1, 12), (12, 14), (14, 13), (13, 15), (15, 18)], (2, 3): []}","{(0, np.int64(8)): {'cpu': 73}, (1, np.int64(20)): {'cpu': 66}, (2, np.int64(21)): {'cpu': 59}, (3, np.int64(19)): {'cpu': 32}, (4, np.int64(5)): {'cpu': 69}, (5, np.int64(15)): {'cpu': 80}, (6, np.int64(18)): {'cpu': 44}, (7, np.int64(16)): {'cpu': 79}}","{((0, 2), (np.int64(8), 6)): {'bw': 128}, ((0, 2), (6, 5)): {'bw': 128}, ((0, 2), (5, 3)): {'bw': 128}, ((0, 2), (3, 21)): {'bw': 128}, ((0, 6), (np.int64(8), 6)): {'bw': 116}, ((0, 6), (6, 4)): {'bw': 116}, ((0, 6), (4, 0)): {'bw': 116}, ((0, 6), (0, 12)): {'bw': 116}, ((0, 6), (12, 15)): {'bw': 116}, ((0, 6), (15, 18)): {'bw': 116}, ((1, 2), (np.int64(20), 22)): {'bw': 61}, ((1, 2), (22, 21)): {'bw': 61}, ((1, 5), (np.int64(20), 0)): {'bw': 98}, ((1, 5), (0, 12)): {'bw': 98}, ((1, 5), (12, 15)): {'bw': 98}, ((1, 6), (np.int64(20), 1)): {'bw': 110}, ((1, 6), (1, 12)): {'bw': 110}, ((1, 6), (12, 14)): {'bw': 110}, ((1, 6), (14, 13)): {'bw': 110}, ((1, 6), (13, 15)): {'bw': 110}, ((1, 6), (15, 18)): {'bw': 110}}",0.0,0.0,1004.0,502.0,1383.0,0.0,0.0,0.0,0.0,0.0,0.0,0.0,0.0,0.0,Route Failure,100.0,"{'node_level': {}, 'link_level': {}, 'path_level': {}}","{'node_level': {0: {'cpu': -20}, 1: {'cpu': -1}, 2: {'cpu': -17}, 3: {'cpu': -44}, 4: {'cpu': -2}, 5: {'cpu': -14}, 6: {'cpu': -20}, 7: {'cpu': 0}}, 'link_level': {(0, 2): {'bw': -126}, (0, 6): {'bw': -117}, (1, 2): {'bw': -283}, (1, 5): {'bw': -41}, (1, 6): {'bw': -91}, (2, 3): {'bw': 100.0}}, 'path_level': {(0, 2): {}, (0, 6): {}, (1, 2): {}, (1, 5): {}, (1, 6): {}, (2, 3): {}}}","{'node_level': {0: {'cpu': 0}, 1: {'cpu': 0}, 2: {'cpu': 0}, 3: {'cpu': 0}, 4: {'cpu': 0}, 5: {'cpu': 0}, 6: {'cpu': 0}, 7: {'cpu': 0}}, 'link_level': {(0, 2): {'bw': 0}, (0, 6): {'bw': 0}, (1, 2): {'bw': 0}, (1, 5): {'bw': 0}, (1, 6): {'bw': 0}, (2, 3): {'bw': 100.0}}, 'path_level': {(0, 2): {}, (0, 6): {}, (1, 2): {}, (1, 5): {}, (1, 6): {}, (2, 3): {}}}",[],-inf,-inf,True,False,False,0,[],0,0.0,8.0,6.0,3
72,2,1,2050.0,4233.0,1193154.8958546626,2447030.841596253,0.4842901015828018,0.48759291283649736,10,124,1,2352.0,14661,2323,12338,0.12306530766326917,0.15810303650631186,71,407.50758511735296,2352.0,10,25,False,"{0: np.int64(22), 1: np.int64(9), 2: np.int64(12), 3: np.int64(28), 4: np.int64(20), 5: np.int64(17), 6: np.int64(8), 7: np.int64(14), 8: np.int64(4), 9: np.int64(15)}","{(0, 1): [(np.int64(22), 20), (20, 0), (0, 4), (4, 6), (6, 9)], (0, 2): [(np.int64(22), 20), (20, 1), (1, 12)], (0, 4): [(np.int64(22), 20)], (0, 5): [(np.int64(22), 21), (21, 2), (2, 13), (13, 14), (14, 17)], (0, 6): [(np.int64(22), 21), (21, 3), (3, 5), (5, 6), (6, 8)], (0, 8): [(np.int64(22), 21), (21, 3), (3, 5), (5, 6), (6, 4)], (1, 2): [(np.int64(9), 6), (6, 4), (4, 0), (0, 12)], (1, 3): [(np.int64(9), 6), (6, 5), (5, 2), (2, 29), (29, 31), (31, 28)], (1, 5): []}","{(0, np.int64(22)): {'cpu': 35}, (1, np.int64(9)): {'cpu': 51}, (2, np.int64(12)): {'cpu': 76}, (3, np.int64(28)): {'cpu': 77}, (4, np.int64(20)): {'cpu': 66}, (5, np.int64(17)): {'cpu': 70}, (6, np.int64(8)): {'cpu': 77}, (7, np.int64(14)): {'cpu': 69}, (8, np.int64(4)): {'cpu': 48}, (9, np.int64(15)): {'cpu': 52}}","{((0, 1), (np.int64(22), 20)): {'bw': 104}, ((0, 1), (20, 0)): {'bw': 104}, ((0, 1), (0, 4)): {'bw': 104}, ((0, 1), (4, 6)): {'bw': 104}, ((0, 1), (6, 9)): {'bw': 104}, ((0, 2), (np.int64(22), 20)): {'bw': 126}, ((0, 2), (20, 1)): {'bw': 126}, ((0, 2), (1, 12)): {'bw': 126}, ((0, 4), (np.int64(22), 20)): {'bw': 97}, ((0, 5), (np.int64(22), 21)): {'bw': 67}, ((0, 5), (21, 2)): {'bw': 67}, ((0, 5), (2, 13)): {'bw': 67}, ((0, 5), (13, 14)): {'bw': 67}, ((0, 5), (14, 17)): {'bw': 67}, ((0, 6), (np.int64(22), 21)): {'bw': 107}, ((0, 6), (21, 3)): {'bw': 107}, ((0, 6), (3, 5)): {'bw': 107}, ((0, 6), (5, 6)): {'bw': 107}, ((0, 6), (6, 8)): {'bw': 107}, ((0, 8), (np.int64(22), 21)): {'bw': 117}, ((0, 8), (21, 3)): {'bw': 117}, ((0, 8), (3, 5)): {'bw': 117}, ((0, 8), (5, 6)): {'bw': 117}, ((0, 8), (6, 4)): {'bw': 117}, ((1, 2), (np.int64(9), 6)): {'bw': 73}, ((1, 2), (6, 4)): {'bw': 73}, ((1, 2), (4, 0)): {'bw': 73}, ((1, 2), (0, 12)): {'bw': 73}, ((1, 3), (np.int64(9), 6)): {'bw': 140}, ((1, 3), (6, 5)): {'bw': 140}, ((1, 3), (5, 2)): {'bw': 140}, ((1, 3), (2, 29)): {'bw': 140}, ((1, 3), (29, 31)): {'bw': 140}, ((1, 3), (31, 28)): {'bw': 140}}",0.0,0.0,1242.0,621.0,2734.0,0.0,0.0,0.0,0.0,0.0,0.0,0.0,0.0,0.0,Route Failure,100.0,"{'node_level': {}, 'link_level': {}, 'path_level': {}}","{'node_level': {0: {'cpu': -37}, 1: {'cpu': -40}, 2: {'cpu': -12}, 3: {'cpu': -13}, 4: {'cpu': -1}, 5: {'cpu': -19}, 6: {'cpu': -16}, 7: {'cpu': -1}, 8: {'cpu': -2}, 9: {'cpu': -42}}, 'link_level': {(0, 1): {'bw': -35}, (0, 2): {'bw': -94}, (0, 4): {'bw': -17}, (0, 5): {'bw': -15}, (0, 6): {'bw': -147}, (0, 8): {'bw': -30}, (1, 2): {'bw': -22}, (1, 3): {'bw': -1}, (1, 5): {'bw': 100.0}}, 'path_level': {(0, 1): {}, (0, 2): {}, (0, 4): {}, (0, 5): {}, (0, 6): {}, (0, 8): {}, (1, 2): {}, (1, 3): {}, (1, 5): {}}}","{'node_level': {0: {'cpu': 0}, 1: {'cpu': 0}, 2: {'cpu': 0}, 3: {'cpu': 0}, 4: {'cpu': 0}, 5: {'cpu': 0}, 6: {'cpu': 0}, 7: {'cpu': 0}, 8: {'cpu': 0}, 9: {'cpu': 0}}, 'link_level': {(0, 1): {'bw': 0}, (0, 2): {'bw': 0}, (0, 4): {'bw': 0}, (0, 5): {'bw': 0}, (0, 6): {'bw': 0}, (0, 8): {'bw': 0}, (1, 2): {'bw': 0}, (1, 3): {'bw': 0}, (1, 5): {'bw': 100.0}}, 'path_level': {(0, 1): {}, (0, 2): {}, (0, 4): {}, (0, 5): {}, (0, 6): {}, (0, 8): {}, (1, 2): {}, (1, 3): {}, (1, 5): {}}}",[],-inf,-inf,True,False,False,0,[],0,0.0,10.0,9.0,3
72,2,1,2050.0,4233.0,1193154.8958546626,2447030.841596253,0.4842901015828018,0.48759291283649736,10,125,0,2372.551439852864,14661,2323,12338,0.12306530766326917,0.15810303650631186,48,777.5514398528638,1595.0,7,13,False,{},{},{},{},0.0,0.0,0.0,0.0,0.0,0.0,0.0,0.0,0.0,0.0,0.0,0.0,0.0,0.0,Leave Event,0.0,"{'node_level': {}, 'link_level': {}, 'path_level': {}}","{'node_level': {}, 'link_level': {}, 'path_level': {}}","{'node_level': {}, 'link_level': {}, 'path_level': {}}",[],-inf,-inf,True,True,False,0,[],0,0.0,,,3
72,2,1,2050.0,4233.0,1193154.8958546626,2447030.841596253,0.4842901015828018,0.48759291283649736,10,126,0,2373.768504273652,14661,2323,12338,0.12306530766326917,0.15810303650631186,36,1171.7685042736523,1202.0,10,25,False,{},{},{},{},0.0,0.0,0.0,0.0,0.0,0.0,0.0,0.0,0.0,0.0,0.0,0.0,0.0,0.0,Leave Event,0.0,"{'node_level': {}, 'link_level': {}, 'path_level': {}}","{'node_level': {}, 'link_level': {}, 'path_level': {}}","{'node_level': {}, 'link_level': {}, 'path_level': {}}",[],-inf,-inf,True,True,False,0,[],0,0.0,,,3
73,2,1,2050.0,4233.0,1193154.8958546626,2447030.841596253,0.4842901015828018,0.48759291283649736,10,127,1,2389.0,14661,2323,12338,0.12306530766326917,0.15810303650631186,72,1014.581989320236,2389.0,10,22,False,"{0: np.int64(15), 1: np.int64(8), 2: np.int64(17), 3: np.int64(7), 4: np.int64(10), 5: np.int64(35), 6: np.int64(21), 7: np.int64(11), 8: np.int64(12), 9: np.int64(28)}","{(0, 2): [(np.int64(15), 12), (12, 14), (14, 17)], (0, 3): [(np.int64(15), 12), (12, 0), (0, 4), (4, 7)], (0, 7): [(np.int64(15), 12), (12, 0), (0, 4), (4, 7), (7, 11)], (0, 9): [(np.int64(15), 13), (13, 14), (14, 12), (12, 1), (1, 28)], (1, 2): []}","{(0, np.int64(15)): {'cpu': 67}, (1, np.int64(8)): {'cpu': 39}, (2, np.int64(17)): {'cpu': 50}, (3, np.int64(7)): {'cpu': 58}, (4, np.int64(10)): {'cpu': 57}, (5, np.int64(35)): {'cpu': 69}, (6, np.int64(21)): {'cpu': 60}, (7, np.int64(11)): {'cpu': 66}, (8, np.int64(12)): {'cpu': 46}, (9, np.int64(28)): {'cpu': 45}}","{((0, 2), (np.int64(15), 12)): {'bw': 103}, ((0, 2), (12, 14)): {'bw': 103}, ((0, 2), (14, 17)): {'bw': 103}, ((0, 3), (np.int64(15), 12)): {'bw': 143}, ((0, 3), (12, 0)): {'bw': 143}, ((0, 3), (0, 4)): {'bw': 143}, ((0, 3), (4, 7)): {'bw': 143}, ((0, 7), (np.int64(15), 12)): {'bw': 66}, ((0, 7), (12, 0)): {'bw': 66}, ((0, 7), (0, 4)): {'bw': 66}, ((0, 7), (4, 7)): {'bw': 66}, ((0, 7), (7, 11)): {'bw': 66}, ((0, 9), (np.int64(15), 13)): {'bw': 112}, ((0, 9), (13, 14)): {'bw': 112}, ((0, 9), (14, 12)): {'bw': 112}, ((0, 9), (12, 1)): {'bw': 112}, ((0, 9), (1, 28)): {'bw': 112}}",0.0,0.0,1114.0,557.0,2238.0,0.0,0.0,0.0,0.0,0.0,0.0,0.0,0.0,0.0,Route Failure,100.0,"{'node_level': {}, 'link_level': {}, 'path_level': {}}","{'node_level': {0: {'cpu': -27}, 1: {'cpu': -54}, 2: {'cpu': -39}, 3: {'cpu': -2}, 4: {'cpu': -3}, 5: {'cpu': -24}, 6: {'cpu': -16}, 7: {'cpu': -5}, 8: {'cpu': -42}, 9: {'cpu': -45}}, 'link_level': {(0, 2): {'bw': -130}, (0, 3): {'bw': -67}, (0, 7): {'bw': -1}, (0, 9): {'bw': -18}, (1, 2): {'bw': 100.0}}, 'path_level': {(0, 2): {}, (0, 3): {}, (0, 7): {}, (0, 9): {}, (1, 2): {}}}","{'node_level': {0: {'cpu': 0}, 1: {'cpu': 0}, 2: {'cpu': 0}, 3: {'cpu': 0}, 4: {'cpu': 0}, 5: {'cpu': 0}, 6: {'cpu': 0}, 7: {'cpu': 0}, 8: {'cpu': 0}, 9: {'cpu': 0}}, 'link_level': {(0, 2): {'bw': 0}, (0, 3): {'bw': 0}, (0, 7): {'bw': 0}, (0, 9): {'bw': 0}, (1, 2): {'bw': 100.0}}, 'path_level': {(0, 2): {}, (0, 3): {}, (0, 7): {}, (0, 9): {}, (1, 2): {}}}",[],-inf,-inf,True,False,False,0,[],0,0.0,10.0,5.0,3
73,2,1,2050.0,4233.0,1193154.8958546626,2447030.841596253,0.4842901015828018,0.48759291283649736,10,128,0,2409.2863014880895,14661,2323,12338,0.12306530766326917,0.15810303650631186,33,1312.2863014880895,1097.0,7,12,False,{},{},{},{},0.0,0.0,0.0,0.0,0.0,0.0,0.0,0.0,0.0,0.0,0.0,0.0,0.0,0.0,Leave Event,0.0,"{'node_level': {}, 'link_level': {}, 'path_level': {}}","{'node_level': {}, 'link_level': {}, 'path_level': {}}","{'node_level': {}, 'link_level': {}, 'path_level': {}}",[],-inf,-inf,True,True,False,0,[],0,0.0,,,3
73,2,1,2050.0,4233.0,1193154.8958546626,2447030.841596253,0.4842901015828018,0.48759291283649736,10,129,0,2409.8532089746777,14661,2323,12338,0.12306530766326917,0.15810303650631186,62,337.8532089746779,2072.0,9,12,False,{},{},{},{},0.0,0.0,0.0,0.0,0.0,0.0,0.0,0.0,0.0,0.0,0.0,0.0,0.0,0.0,Leave Event,0.0,"{'node_level': {}, 'link_level': {}, 'path_level': {}}","{'node_level': {}, 'link_level': {}, 'path_level': {}}","{'node_level': {}, 'link_level': {}, 'path_level': {}}",[],-inf,-inf,True,True,False,0,[],0,0.0,,,3
74,2,1,2050.0,4233.0,1193154.8958546626,2447030.841596253,0.4842901015828018,0.48759291283649736,10,130,1,2413.0,14661,2323,12338,0.12306530766326917,0.15810303650631186,73,300.7505950085731,2413.0,8,19,False,"{0: np.int64(24), 1: np.int64(25), 2: np.int64(14), 3: np.int64(17), 4: np.int64(32), 5: np.int64(16), 6: np.int64(9), 7: np.int64(15)}","{(0, 1): [(np.int64(24), 22), (22, 25)], (0, 2): [(np.int64(24), 22), (22, 20), (20, 0), (0, 12), (12, 14)], (0, 3): []}","{(0, np.int64(24)): {'cpu': 42}, (1, np.int64(25)): {'cpu': 49}, (2, np.int64(14)): {'cpu': 41}, (3, np.int64(17)): {'cpu': 69}, (4, np.int64(32)): {'cpu': 61}, (5, np.int64(16)): {'cpu': 51}, (6, np.int64(9)): {'cpu': 68}, (7, np.int64(15)): {'cpu': 76}}","{((0, 1), (np.int64(24), 22)): {'bw': 99}, ((0, 1), (22, 25)): {'bw': 99}, ((0, 2), (np.int64(24), 22)): {'bw': 103}, ((0, 2), (22, 20)): {'bw': 103}, ((0, 2), (20, 0)): {'bw': 103}, ((0, 2), (0, 12)): {'bw': 103}, ((0, 2), (12, 14)): {'bw': 103}}",0.0,0.0,914.0,457.0,2069.0,0.0,0.0,0.0,0.0,0.0,0.0,0.0,0.0,0.0,Route Failure,100.0,"{'node_level': {}, 'link_level': {}, 'path_level': {}}","{'node_level': {0: {'cpu': -10}, 1: {'cpu': -2}, 2: {'cpu': -29}, 3: {'cpu': -20}, 4: {'cpu': -31}, 5: {'cpu': -28}, 6: {'cpu': -23}, 7: {'cpu': -18}}, 'link_level': {(0, 1): {'bw': -119}, (0, 2): {'bw': -16}, (0, 3): {'bw': 100.0}}, 'path_level': {(0, 1): {}, (0, 2): {}, (0, 3): {}}}","{'node_level': {0: {'cpu': 0}, 1: {'cpu': 0}, 2: {'cpu': 0}, 3: {'cpu': 0}, 4: {'cpu': 0}, 5: {'cpu': 0}, 6: {'cpu': 0}, 7: {'cpu': 0}}, 'link_level': {(0, 1): {'bw': 0}, (0, 2): {'bw': 0}, (0, 3): {'bw': 100.0}}, 'path_level': {(0, 1): {}, (0, 2): {}, (0, 3): {}}}",[],-inf,-inf,True,False,False,0,[],0,0.0,8.0,3.0,3
75,2,1,2050.0,4233.0,1193154.8958546626,2447030.841596253,0.4842901015828018,0.48759291283649736,10,131,1,2451.0,14661,2323,12338,0.12306530766326917,0.15810303650631186,74,382.8326778496837,2451.0,6,8,False,"{0: np.int64(16), 1: np.int64(32), 2: np.int64(22), 3: np.int64(19), 4: np.int64(21), 5: np.int64(11)}","{(0, 2): [(np.int64(16), 14), (14, 12), (12, 0), (0, 20), (20, 22)], (0, 5): [(np.int64(16), 14), (14, 12), (12, 0), (0, 4), (4, 7), (7, 11)], (1, 2): [(np.int64(32), 30), (30, 28), (28, 1), (1, 20), (20, 22)], (1, 5): []}","{(0, np.int64(16)): {'cpu': 30}, (1, np.int64(32)): {'cpu': 80}, (2, np.int64(22)): {'cpu': 53}, (3, np.int64(19)): {'cpu': 70}, (4, np.int64(21)): {'cpu': 63}, (5, np.int64(11)): {'cpu': 59}}","{((0, 2), (np.int64(16), 14)): {'bw': 70}, ((0, 2), (14, 12)): {'bw': 70}, ((0, 2), (12, 0)): {'bw': 70}, ((0, 2), (0, 20)): {'bw': 70}, ((0, 2), (20, 22)): {'bw': 70}, ((0, 5), (np.int64(16), 14)): {'bw': 139}, ((0, 5), (14, 12)): {'bw': 139}, ((0, 5), (12, 0)): {'bw': 139}, ((0, 5), (0, 4)): {'bw': 139}, ((0, 5), (4, 7)): {'bw': 139}, ((0, 5), (7, 11)): {'bw': 139}, ((1, 2), (np.int64(32), 30)): {'bw': 133}, ((1, 2), (30, 28)): {'bw': 133}, ((1, 2), (28, 1)): {'bw': 133}, ((1, 2), (1, 20)): {'bw': 133}, ((1, 2), (20, 22)): {'bw': 133}}",0.0,0.0,710.0,355.0,917.0,0.0,0.0,0.0,0.0,0.0,0.0,0.0,0.0,0.0,Route Failure,100.0,"{'node_level': {}, 'link_level': {}, 'path_level': {}}","{'node_level': {0: {'cpu': -49}, 1: {'cpu': -12}, 2: {'cpu': -19}, 3: {'cpu': -6}, 4: {'cpu': -13}, 5: {'cpu': -12}}, 'link_level': {(0, 2): {'bw': -69}, (0, 5): {'bw': -24}, (1, 2): {'bw': -7}, (1, 5): {'bw': 100.0}}, 'path_level': {(0, 2): {}, (0, 5): {}, (1, 2): {}, (1, 5): {}}}","{'node_level': {0: {'cpu': 0}, 1: {'cpu': 0}, 2: {'cpu': 0}, 3: {'cpu': 0}, 4: {'cpu': 0}, 5: {'cpu': 0}}, 'link_level': {(0, 2): {'bw': 0}, (0, 5): {'bw': 0}, (1, 2): {'bw': 0}, (1, 5): {'bw': 100.0}}, 'path_level': {(0, 2): {}, (0, 5): {}, (1, 2): {}, (1, 5): {}}}",[],-inf,-inf,True,False,False,0,[],0,0.0,6.0,4.0,3
76,2,1,2050.0,4233.0,1193154.8958546626,2447030.841596253,0.4842901015828018,0.48759291283649736,10,132,1,2487.0,14661,2323,12338,0.12306530766326917,0.15810303650631186,75,587.1482727199309,2487.0,10,28,False,"{0: np.int64(10), 1: np.int64(17), 2: np.int64(9), 3: np.int64(5), 4: np.int64(12), 5: np.int64(16), 6: np.int64(28), 7: np.int64(13), 8: np.int64(21), 9: np.int64(2)}","{(0, 2): [(np.int64(10), 7), (7, 4), (4, 6), (6, 9)], (0, 3): [(np.int64(10), 7), (7, 5)], (0, 4): [(np.int64(10), 7), (7, 4), (4, 0), (0, 12)], (0, 5): []}","{(0, np.int64(10)): {'cpu': 56}, (1, np.int64(17)): {'cpu': 60}, (2, np.int64(9)): {'cpu': 50}, (3, np.int64(5)): {'cpu': 56}, (4, np.int64(12)): {'cpu': 68}, (5, np.int64(16)): {'cpu': 44}, (6, np.int64(28)): {'cpu': 79}, (7, np.int64(13)): {'cpu': 48}, (8, np.int64(21)): {'cpu': 74}, (9, np.int64(2)): {'cpu': 35}}","{((0, 2), (np.int64(10), 7)): {'bw': 140}, ((0, 2), (7, 4)): {'bw': 140}, ((0, 2), (4, 6)): {'bw': 140}, ((0, 2), (6, 9)): {'bw': 140}, ((0, 3), (np.int64(10), 7)): {'bw': 78}, ((0, 3), (7, 5)): {'bw': 78}, ((0, 4), (np.int64(10), 7)): {'bw': 87}, ((0, 4), (7, 4)): {'bw': 87}, ((0, 4), (4, 0)): {'bw': 87}, ((0, 4), (0, 12)): {'bw': 87}}",0.0,0.0,1140.0,570.0,2914.0,0.0,0.0,0.0,0.0,0.0,0.0,0.0,0.0,0.0,Route Failure,100.0,"{'node_level': {}, 'link_level': {}, 'path_level': {}}","{'node_level': {0: {'cpu': -4}, 1: {'cpu': -29}, 2: {'cpu': -41}, 3: {'cpu': -15}, 4: {'cpu': -20}, 5: {'cpu': -35}, 6: {'cpu': -11}, 7: {'cpu': -2}, 8: {'cpu': -2}, 9: {'cpu': -18}}, 'link_level': {(0, 2): {'bw': -176}, (0, 3): {'bw': -147}, (0, 4): {'bw': -60}, (0, 5): {'bw': 100.0}}, 'path_level': {(0, 2): {}, (0, 3): {}, (0, 4): {}, (0, 5): {}}}","{'node_level': {0: {'cpu': 0}, 1: {'cpu': 0}, 2: {'cpu': 0}, 3: {'cpu': 0}, 4: {'cpu': 0}, 5: {'cpu': 0}, 6: {'cpu': 0}, 7: {'cpu': 0}, 8: {'cpu': 0}, 9: {'cpu': 0}}, 'link_level': {(0, 2): {'bw': 0}, (0, 3): {'bw': 0}, (0, 4): {'bw': 0}, (0, 5): {'bw': 100.0}}, 'path_level': {(0, 2): {}, (0, 3): {}, (0, 4): {}, (0, 5): {}}}",[],-inf,-inf,True,False,False,0,[],0,0.0,10.0,4.0,3
76,2,1,2050.0,4233.0,1193154.8958546626,2447030.841596253,0.4842901015828018,0.48759291283649736,10,133,0,2502.558955053027,14661,2323,12338,0.12306530766326917,0.15810303650631186,61,469.5589550530273,2033.0,8,12,False,{},{},{},{},0.0,0.0,0.0,0.0,0.0,0.0,0.0,0.0,0.0,0.0,0.0,0.0,0.0,0.0,Leave Event,0.0,"{'node_level': {}, 'link_level': {}, 'path_level': {}}","{'node_level': {}, 'link_level': {}, 'path_level': {}}","{'node_level': {}, 'link_level': {}, 'path_level': {}}",[],-inf,-inf,True,True,False,0,[],0,0.0,,,3
77,2,1,2050.0,4233.0,1193154.8958546626,2447030.841596253,0.4842901015828018,0.48759291283649736,10,134,1,2526.0,14661,2323,12338,0.12306530766326917,0.15810303650631186,76,46.8779394453398,2526.0,6,10,False,"{0: np.int64(12), 1: np.int64(9), 2: np.int64(6), 3: np.int64(24), 4: np.int64(23), 5: np.int64(16)}","{(0, 1): [(np.int64(12), 0), (0, 4), (4, 6), (6, 9)], (0, 2): [(np.int64(12), 0), (0, 4), (4, 6)], (0, 3): [(np.int64(12), 0), (0, 20), (20, 22), (22, 24)], (1, 3): []}","{(0, np.int64(12)): {'cpu': 66}, (1, np.int64(9)): {'cpu': 80}, (2, np.int64(6)): {'cpu': 51}, (3, np.int64(24)): {'cpu': 51}, (4, np.int64(23)): {'cpu': 34}, (5, np.int64(16)): {'cpu': 32}}","{((0, 1), (np.int64(12), 0)): {'bw': 60}, ((0, 1), (0, 4)): {'bw': 60}, ((0, 1), (4, 6)): {'bw': 60}, ((0, 1), (6, 9)): {'bw': 60}, ((0, 2), (np.int64(12), 0)): {'bw': 141}, ((0, 2), (0, 4)): {'bw': 141}, ((0, 2), (4, 6)): {'bw': 141}, ((0, 3), (np.int64(12), 0)): {'bw': 114}, ((0, 3), (0, 20)): {'bw': 114}, ((0, 3), (20, 22)): {'bw': 114}, ((0, 3), (22, 24)): {'bw': 114}}",0.0,0.0,628.0,314.0,1131.0,0.0,0.0,0.0,0.0,0.0,0.0,0.0,0.0,0.0,Route Failure,100.0,"{'node_level': {}, 'link_level': {}, 'path_level': {}}","{'node_level': {0: {'cpu': -22}, 1: {'cpu': -11}, 2: {'cpu': -18}, 3: {'cpu': -1}, 4: {'cpu': -18}, 5: {'cpu': -47}}, 'link_level': {(0, 1): {'bw': -173}, (0, 2): {'bw': -32}, (0, 3): {'bw': -8}, (1, 3): {'bw': 100.0}}, 'path_level': {(0, 1): {}, (0, 2): {}, (0, 3): {}, (1, 3): {}}}","{'node_level': {0: {'cpu': 0}, 1: {'cpu': 0}, 2: {'cpu': 0}, 3: {'cpu': 0}, 4: {'cpu': 0}, 5: {'cpu': 0}}, 'link_level': {(0, 1): {'bw': 0}, (0, 2): {'bw': 0}, (0, 3): {'bw': 0}, (1, 3): {'bw': 100.0}}, 'path_level': {(0, 1): {}, (0, 2): {}, (0, 3): {}, (1, 3): {}}}",[],-inf,-inf,True,False,False,0,[],0,0.0,6.0,4.0,3
78,2,1,2050.0,4233.0,1193154.8958546626,2447030.841596253,0.4842901015828018,0.48759291283649736,10,135,1,2552.0,14661,2323,12338,0.12306530766326917,0.15810303650631186,77,282.75119403581584,2552.0,9,18,False,"{0: np.int64(33), 1: np.int64(8), 2: np.int64(23), 3: np.int64(12), 4: np.int64(25), 5: np.int64(17), 6: np.int64(15), 7: np.int64(7), 8: np.int64(35)}","{(0, 2): [(np.int64(33), 30), (30, 28), (28, 1), (1, 20), (20, 23)], (0, 4): []}","{(0, np.int64(33)): {'cpu': 73}, (1, np.int64(8)): {'cpu': 80}, (2, np.int64(23)): {'cpu': 44}, (3, np.int64(12)): {'cpu': 44}, (4, np.int64(25)): {'cpu': 36}, (5, np.int64(17)): {'cpu': 31}, (6, np.int64(15)): {'cpu': 51}, (7, np.int64(7)): {'cpu': 49}, (8, np.int64(35)): {'cpu': 33}}","{((0, 2), (np.int64(33), 30)): {'bw': 94}, ((0, 2), (30, 28)): {'bw': 94}, ((0, 2), (28, 1)): {'bw': 94}, ((0, 2), (1, 20)): {'bw': 94}, ((0, 2), (20, 23)): {'bw': 94}}",0.0,0.0,882.0,441.0,2052.0,0.0,0.0,0.0,0.0,0.0,0.0,0.0,0.0,0.0,Route Failure,100.0,"{'node_level': {}, 'link_level': {}, 'path_level': {}}","{'node_level': {0: {'cpu': -1}, 1: {'cpu': -13}, 2: {'cpu': -8}, 3: {'cpu': -44}, 4: {'cpu': -15}, 5: {'cpu': -58}, 6: {'cpu': -43}, 7: {'cpu': -11}, 8: {'cpu': -60}}, 'link_level': {(0, 2): {'bw': -46}, (0, 4): {'bw': 100.0}}, 'path_level': {(0, 2): {}, (0, 4): {}}}","{'node_level': {0: {'cpu': 0}, 1: {'cpu': 0}, 2: {'cpu': 0}, 3: {'cpu': 0}, 4: {'cpu': 0}, 5: {'cpu': 0}, 6: {'cpu': 0}, 7: {'cpu': 0}, 8: {'cpu': 0}}, 'link_level': {(0, 2): {'bw': 0}, (0, 4): {'bw': 100.0}}, 'path_level': {(0, 2): {}, (0, 4): {}}}",[],-inf,-inf,True,False,False,0,[],0,0.0,9.0,2.0,3
78,2,1,2050.0,4233.0,1193154.8958546626,2447030.841596253,0.4842901015828018,0.48759291283649736,10,136,0,2572.87793944534,14661,2323,12338,0.12306530766326917,0.15810303650631186,76,46.8779394453398,2526.0,6,10,False,{},{},{},{},0.0,0.0,0.0,0.0,0.0,0.0,0.0,0.0,0.0,0.0,0.0,0.0,0.0,0.0,Leave Event,0.0,"{'node_level': {}, 'link_level': {}, 'path_level': {}}","{'node_level': {}, 'link_level': {}, 'path_level': {}}","{'node_level': {}, 'link_level': {}, 'path_level': {}}",[],-inf,-inf,True,True,False,0,[],0,0.0,,,3
78,2,1,2050.0,4233.0,1193154.8958546626,2447030.841596253,0.4842901015828018,0.48759291283649736,10,137,0,2585.985724416191,14661,2323,12338,0.12306530766326917,0.15810303650631186,56,717.9857244161908,1868.0,6,8,False,{},{},{},{},0.0,0.0,0.0,0.0,0.0,0.0,0.0,0.0,0.0,0.0,0.0,0.0,0.0,0.0,Leave Event,0.0,"{'node_level': {}, 'link_level': {}, 'path_level': {}}","{'node_level': {}, 'link_level': {}, 'path_level': {}}","{'node_level': {}, 'link_level': {}, 'path_level': {}}",[],-inf,-inf,True,True,False,0,[],0,0.0,,,3
79,2,1,2050.0,4233.0,1193154.8958546626,2447030.841596253,0.4842901015828018,0.48759291283649736,10,138,1,2587.0,14661,2323,12338,0.12306530766326917,0.15810303650631186,78,53.86734405724127,2587.0,8,10,False,"{0: np.int64(32), 1: np.int64(3), 2: np.int64(2), 3: np.int64(22), 4: np.int64(8), 5: np.int64(16), 6: np.int64(5), 7: np.int64(35)}","{(0, 6): [(np.int64(32), 30), (30, 28), (28, 1), (1, 4), (4, 6), (6, 5)], (0, 7): []}","{(0, np.int64(32)): {'cpu': 72}, (1, np.int64(3)): {'cpu': 40}, (2, np.int64(2)): {'cpu': 45}, (3, np.int64(22)): {'cpu': 58}, (4, np.int64(8)): {'cpu': 35}, (5, np.int64(16)): {'cpu': 76}, (6, np.int64(5)): {'cpu': 48}, (7, np.int64(35)): {'cpu': 61}}","{((0, 6), (np.int64(32), 30)): {'bw': 126}, ((0, 6), (30, 28)): {'bw': 126}, ((0, 6), (28, 1)): {'bw': 126}, ((0, 6), (1, 4)): {'bw': 126}, ((0, 6), (4, 6)): {'bw': 126}, ((0, 6), (6, 5)): {'bw': 126}}",0.0,0.0,870.0,435.0,1100.0,0.0,0.0,0.0,0.0,0.0,0.0,0.0,0.0,0.0,Route Failure,100.0,"{'node_level': {}, 'link_level': {}, 'path_level': {}}","{'node_level': {0: {'cpu': -20}, 1: {'cpu': -18}, 2: {'cpu': -8}, 3: {'cpu': -14}, 4: {'cpu': -58}, 5: {'cpu': -3}, 6: {'cpu': -23}, 7: {'cpu': -32}}, 'link_level': {(0, 6): {'bw': -14}, (0, 7): {'bw': 100.0}}, 'path_level': {(0, 6): {}, (0, 7): {}}}","{'node_level': {0: {'cpu': 0}, 1: {'cpu': 0}, 2: {'cpu': 0}, 3: {'cpu': 0}, 4: {'cpu': 0}, 5: {'cpu': 0}, 6: {'cpu': 0}, 7: {'cpu': 0}}, 'link_level': {(0, 6): {'bw': 0}, (0, 7): {'bw': 100.0}}, 'path_level': {(0, 6): {}, (0, 7): {}}}",[],-inf,-inf,True,False,False,0,[],0,0.0,8.0,2.0,3
80,2,1,2050.0,4233.0,1193154.8958546626,2447030.841596253,0.4842901015828018,0.48759291283649736,10,139,1,2624.0,14661,2323,12338,0.12306530766326917,0.15810303650631186,79,74.13974538383783,2624.0,6,9,False,"{0: np.int64(9), 1: np.int64(5), 2: np.int64(12), 3: np.int64(35), 4: np.int64(28), 5: np.int64(32)}","{(0, 1): [(np.int64(9), 6), (6, 5)], (0, 4): [(np.int64(9), 6), (6, 4), (4, 1), (1, 28)], (0, 5): [(np.int64(9), 6), (6, 5), (5, 2), (2, 29), (29, 31), (31, 28), (28, 30), (30, 32)], (1, 2): [(np.int64(5), 7), (7, 4), (4, 0), (0, 12)], (1, 3): [(np.int64(5), 3), (3, 29), (29, 31), (31, 35)], (1, 4): [(np.int64(5), 6), (6, 4), (4, 1), (1, 28)], (2, 3): []}","{(0, np.int64(9)): {'cpu': 72}, (1, np.int64(5)): {'cpu': 33}, (2, np.int64(12)): {'cpu': 32}, (3, np.int64(35)): {'cpu': 71}, (4, np.int64(28)): {'cpu': 66}, (5, np.int64(32)): {'cpu': 44}}","{((0, 1), (np.int64(9), 6)): {'bw': 128}, ((0, 1), (6, 5)): {'bw': 128}, ((0, 4), (np.int64(9), 6)): {'bw': 120}, ((0, 4), (6, 4)): {'bw': 120}, ((0, 4), (4, 1)): {'bw': 120}, ((0, 4), (1, 28)): {'bw': 120}, ((0, 5), (np.int64(9), 6)): {'bw': 138}, ((0, 5), (6, 5)): {'bw': 138}, ((0, 5), (5, 2)): {'bw': 138}, ((0, 5), (2, 29)): {'bw': 138}, ((0, 5), (29, 31)): {'bw': 138}, ((0, 5), (31, 28)): {'bw': 138}, ((0, 5), (28, 30)): {'bw': 138}, ((0, 5), (30, 32)): {'bw': 138}, ((1, 2), (np.int64(5), 7)): {'bw': 150}, ((1, 2), (7, 4)): {'bw': 150}, ((1, 2), (4, 0)): {'bw': 150}, ((1, 2), (0, 12)): {'bw': 150}, ((1, 3), (np.int64(5), 3)): {'bw': 60}, ((1, 3), (3, 29)): {'bw': 60}, ((1, 3), (29, 31)): {'bw': 60}, ((1, 3), (31, 35)): {'bw': 60}, ((1, 4), (np.int64(5), 6)): {'bw': 66}, ((1, 4), (6, 4)): {'bw': 66}, ((1, 4), (4, 1)): {'bw': 66}, ((1, 4), (1, 28)): {'bw': 66}}",0.0,0.0,636.0,318.0,1030.0,0.0,0.0,0.0,0.0,0.0,0.0,0.0,0.0,0.0,Route Failure,100.0,"{'node_level': {}, 'link_level': {}, 'path_level': {}}","{'node_level': {0: {'cpu': -19}, 1: {'cpu': -38}, 2: {'cpu': -56}, 3: {'cpu': -22}, 4: {'cpu': -24}, 5: {'cpu': -48}}, 'link_level': {(0, 1): {'bw': -237}, (0, 4): {'bw': -117}, (0, 5): {'bw': -2}, (1, 2): {'bw': -83}, (1, 3): {'bw': -50}, (1, 4): {'bw': -33}, (2, 3): {'bw': 100.0}}, 'path_level': {(0, 1): {}, (0, 4): {}, (0, 5): {}, (1, 2): {}, (1, 3): {}, (1, 4): {}, (2, 3): {}}}","{'node_level': {0: {'cpu': 0}, 1: {'cpu': 0}, 2: {'cpu': 0}, 3: {'cpu': 0}, 4: {'cpu': 0}, 5: {'cpu': 0}}, 'link_level': {(0, 1): {'bw': 0}, (0, 4): {'bw': 0}, (0, 5): {'bw': 0}, (1, 2): {'bw': 0}, (1, 3): {'bw': 0}, (1, 4): {'bw': 0}, (2, 3): {'bw': 100.0}}, 'path_level': {(0, 1): {}, (0, 4): {}, (0, 5): {}, (1, 2): {}, (1, 3): {}, (1, 4): {}, (2, 3): {}}}",[],-inf,-inf,True,False,False,0,[],0,0.0,6.0,7.0,3
80,2,1,2050.0,4233.0,1193154.8958546626,2447030.841596253,0.4842901015828018,0.48759291283649736,10,140,0,2640.867344057241,14661,2323,12338,0.12306530766326917,0.15810303650631186,78,53.86734405724127,2587.0,8,10,False,{},{},{},{},0.0,0.0,0.0,0.0,0.0,0.0,0.0,0.0,0.0,0.0,0.0,0.0,0.0,0.0,Leave Event,0.0,"{'node_level': {}, 'link_level': {}, 'path_level': {}}","{'node_level': {}, 'link_level': {}, 'path_level': {}}","{'node_level': {}, 'link_level': {}, 'path_level': {}}",[],-inf,-inf,True,True,False,0,[],0,0.0,,,3
81,2,1,2050.0,4233.0,1193154.8958546626,2447030.841596253,0.4842901015828018,0.48759291283649736,10,141,1,2660.0,14661,2323,12338,0.12306530766326917,0.15810303650631186,80,1.0639103357534847,2660.0,10,20,False,"{0: np.int64(21), 1: np.int64(17), 2: np.int64(2), 3: np.int64(24), 4: np.int64(33), 5: np.int64(9), 6: np.int64(15), 7: np.int64(35), 8: np.int64(25), 9: np.int64(19)}","{(0, 2): [(np.int64(21), 3), (3, 5), (5, 2)], (0, 4): [(np.int64(21), 2), (2, 29), (29, 31), (31, 28), (28, 30), (30, 33)], (0, 6): [(np.int64(21), 22), (22, 20), (20, 1), (1, 12), (12, 15)], (0, 8): [(np.int64(21), 22), (22, 25)], (1, 2): [(np.int64(17), 14), (14, 13), (13, 3), (3, 5), (5, 2)], (1, 4): []}","{(0, np.int64(21)): {'cpu': 36}, (1, np.int64(17)): {'cpu': 80}, (2, np.int64(2)): {'cpu': 31}, (3, np.int64(24)): {'cpu': 44}, (4, np.int64(33)): {'cpu': 40}, (5, np.int64(9)): {'cpu': 40}, (6, np.int64(15)): {'cpu': 59}, (7, np.int64(35)): {'cpu': 66}, (8, np.int64(25)): {'cpu': 32}, (9, np.int64(19)): {'cpu': 51}}","{((0, 2), (np.int64(21), 3)): {'bw': 145}, ((0, 2), (3, 5)): {'bw': 145}, ((0, 2), (5, 2)): {'bw': 145}, ((0, 4), (np.int64(21), 2)): {'bw': 88}, ((0, 4), (2, 29)): {'bw': 88}, ((0, 4), (29, 31)): {'bw': 88}, ((0, 4), (31, 28)): {'bw': 88}, ((0, 4), (28, 30)): {'bw': 88}, ((0, 4), (30, 33)): {'bw': 88}, ((0, 6), (np.int64(21), 22)): {'bw': 148}, ((0, 6), (22, 20)): {'bw': 148}, ((0, 6), (20, 1)): {'bw': 148}, ((0, 6), (1, 12)): {'bw': 148}, ((0, 6), (12, 15)): {'bw': 148}, ((0, 8), (np.int64(21), 22)): {'bw': 65}, ((0, 8), (22, 25)): {'bw': 65}, ((1, 2), (np.int64(17), 14)): {'bw': 90}, ((1, 2), (14, 13)): {'bw': 90}, ((1, 2), (13, 3)): {'bw': 90}, ((1, 2), (3, 5)): {'bw': 90}, ((1, 2), (5, 2)): {'bw': 90}}",0.0,0.0,958.0,479.0,2048.0,0.0,0.0,0.0,0.0,0.0,0.0,0.0,0.0,0.0,Route Failure,100.0,"{'node_level': {}, 'link_level': {}, 'path_level': {}}","{'node_level': {0: {'cpu': -40}, 1: {'cpu': -9}, 2: {'cpu': -22}, 3: {'cpu': -8}, 4: {'cpu': -34}, 5: {'cpu': -51}, 6: {'cpu': -35}, 7: {'cpu': -27}, 8: {'cpu': -19}, 9: {'cpu': -25}}, 'link_level': {(0, 2): {'bw': -109}, (0, 4): {'bw': -39}, (0, 6): {'bw': -72}, (0, 8): {'bw': -147}, (1, 2): {'bw': -17}, (1, 4): {'bw': 100.0}}, 'path_level': {(0, 2): {}, (0, 4): {}, (0, 6): {}, (0, 8): {}, (1, 2): {}, (1, 4): {}}}","{'node_level': {0: {'cpu': 0}, 1: {'cpu': 0}, 2: {'cpu': 0}, 3: {'cpu': 0}, 4: {'cpu': 0}, 5: {'cpu': 0}, 6: {'cpu': 0}, 7: {'cpu': 0}, 8: {'cpu': 0}, 9: {'cpu': 0}}, 'link_level': {(0, 2): {'bw': 0}, (0, 4): {'bw': 0}, (0, 6): {'bw': 0}, (0, 8): {'bw': 0}, (1, 2): {'bw': 0}, (1, 4): {'bw': 100.0}}, 'path_level': {(0, 2): {}, (0, 4): {}, (0, 6): {}, (0, 8): {}, (1, 2): {}, (1, 4): {}}}",[],-inf,-inf,True,False,False,0,[],0,0.0,10.0,6.0,3
81,2,1,2050.0,4233.0,1193154.8958546626,2447030.841596253,0.4842901015828018,0.48759291283649736,10,142,0,2661.0639103357535,14661,2323,12338,0.12306530766326917,0.15810303650631186,80,1.0639103357534847,2660.0,10,20,False,{},{},{},{},0.0,0.0,0.0,0.0,0.0,0.0,0.0,0.0,0.0,0.0,0.0,0.0,0.0,0.0,Leave Event,0.0,"{'node_level': {}, 'link_level': {}, 'path_level': {}}","{'node_level': {}, 'link_level': {}, 'path_level': {}}","{'node_level': {}, 'link_level': {}, 'path_level': {}}",[],-inf,-inf,True,True,False,0,[],0,0.0,,,3
81,2,0,2050.0,4233.0,1193154.8958546626,2447030.841596253,0.4842901015828018,0.48759291283649736,10,143,0,2664.672725701945,17304,2649,14655,0.0,0.0,63,561.6727257019453,2103.0,6,7,False,{},{},{},{},0.0,0.0,0.0,0.0,0.0,0.0,0.0,0.0,0.0,0.0,0.0,0.0,0.0,0.0,Leave Event,0.0,"{'node_level': {}, 'link_level': {}, 'path_level': {}}","{'node_level': {}, 'link_level': {}, 'path_level': {}}","{'node_level': {}, 'link_level': {}, 'path_level': {}}",[],-inf,-inf,True,True,False,0,[],0,0.0,,,3
81,2,0,2050.0,4233.0,1193154.8958546626,2447030.841596253,0.4842901015828018,0.48759291283649736,10,144,0,2681.85957693659,17304,2649,14655,0.0,0.0,46,1154.8595769365904,1527.0,6,9,False,{},{},{},{},0.0,0.0,0.0,0.0,0.0,0.0,0.0,0.0,0.0,0.0,0.0,0.0,0.0,0.0,Leave Event,0.0,"{'node_level': {}, 'link_level': {}, 'path_level': {}}","{'node_level': {}, 'link_level': {}, 'path_level': {}}","{'node_level': {}, 'link_level': {}, 'path_level': {}}",[],-inf,-inf,True,True,False,0,[],0,0.0,,,3
82,2,0,2050.0,4233.0,1193154.8958546626,2447030.841596253,0.4842901015828018,0.48759291283649736,10,145,1,2693.0,17304,2649,14655,0.0,0.0,81,117.67540137587906,2693.0,9,19,False,"{0: np.int64(35), 1: np.int64(26), 2: np.int64(14), 3: np.int64(2), 4: np.int64(12), 5: np.int64(9), 6: np.int64(25), 7: np.int64(31), 8: np.int64(17)}","{(0, 6): [(np.int64(35), 31), (31, 28), (28, 0), (0, 20), (20, 22), (22, 25)], (0, 7): [(np.int64(35), 31)], (0, 8): []}","{(0, np.int64(35)): {'cpu': 53}, (1, np.int64(26)): {'cpu': 66}, (2, np.int64(14)): {'cpu': 46}, (3, np.int64(2)): {'cpu': 32}, (4, np.int64(12)): {'cpu': 61}, (5, np.int64(9)): {'cpu': 67}, (6, np.int64(25)): {'cpu': 40}, (7, np.int64(31)): {'cpu': 78}, (8, np.int64(17)): {'cpu': 80}}","{((0, 6), (np.int64(35), 31)): {'bw': 96}, ((0, 6), (31, 28)): {'bw': 96}, ((0, 6), (28, 0)): {'bw': 96}, ((0, 6), (0, 20)): {'bw': 96}, ((0, 6), (20, 22)): {'bw': 96}, ((0, 6), (22, 25)): {'bw': 96}, ((0, 7), (np.int64(35), 31)): {'bw': 72}}",0.0,0.0,1046.0,523.0,1864.0,0.0,0.0,0.0,0.0,0.0,0.0,0.0,0.0,0.0,Route Failure,100.0,"{'node_level': {}, 'link_level': {}, 'path_level': {}}","{'node_level': {0: {'cpu': -40}, 1: {'cpu': -10}, 2: {'cpu': -24}, 3: {'cpu': -21}, 4: {'cpu': -27}, 5: {'cpu': -24}, 6: {'cpu': -11}, 7: {'cpu': -1}, 8: {'cpu': -9}}, 'link_level': {(0, 6): {'bw': -106}, (0, 7): {'bw': -34}, (0, 8): {'bw': 100.0}}, 'path_level': {(0, 6): {}, (0, 7): {}, (0, 8): {}}}","{'node_level': {0: {'cpu': 0}, 1: {'cpu': 0}, 2: {'cpu': 0}, 3: {'cpu': 0}, 4: {'cpu': 0}, 5: {'cpu': 0}, 6: {'cpu': 0}, 7: {'cpu': 0}, 8: {'cpu': 0}}, 'link_level': {(0, 6): {'bw': 0}, (0, 7): {'bw': 0}, (0, 8): {'bw': 100.0}}, 'path_level': {(0, 6): {}, (0, 7): {}, (0, 8): {}}}",[],-inf,-inf,True,False,False,0,[],0,0.0,9.0,3.0,3
82,2,0,2050.0,4233.0,1193154.8958546626,2447030.841596253,0.4842901015828018,0.48759291283649736,10,146,0,2693.1618763584556,17304,2649,14655,0.0,0.0,68,430.1618763584557,2263.0,10,18,False,{},{},{},{},0.0,0.0,0.0,0.0,0.0,0.0,0.0,0.0,0.0,0.0,0.0,0.0,0.0,0.0,Leave Event,0.0,"{'node_level': {}, 'link_level': {}, 'path_level': {}}","{'node_level': {}, 'link_level': {}, 'path_level': {}}","{'node_level': {}, 'link_level': {}, 'path_level': {}}",[],-inf,-inf,True,True,False,0,[],0,0.0,,,3
82,2,0,2050.0,4233.0,1193154.8958546626,2447030.841596253,0.4842901015828018,0.48759291283649736,10,147,0,2698.1397453838376,17304,2649,14655,0.0,0.0,79,74.13974538383783,2624.0,6,9,False,{},{},{},{},0.0,0.0,0.0,0.0,0.0,0.0,0.0,0.0,0.0,0.0,0.0,0.0,0.0,0.0,Leave Event,0.0,"{'node_level': {}, 'link_level': {}, 'path_level': {}}","{'node_level': {}, 'link_level': {}, 'path_level': {}}","{'node_level': {}, 'link_level': {}, 'path_level': {}}",[],-inf,-inf,True,True,False,0,[],0,0.0,,,3
82,2,0,2050.0,4233.0,1193154.8958546626,2447030.841596253,0.4842901015828018,0.48759291283649736,10,148,0,2707.4479625253966,17304,2649,14655,0.0,0.0,52,992.4479625253966,1715.0,10,27,False,{},{},{},{},0.0,0.0,0.0,0.0,0.0,0.0,0.0,0.0,0.0,0.0,0.0,0.0,0.0,0.0,Leave Event,0.0,"{'node_level': {}, 'link_level': {}, 'path_level': {}}","{'node_level': {}, 'link_level': {}, 'path_level': {}}","{'node_level': {}, 'link_level': {}, 'path_level': {}}",[],-inf,-inf,True,True,False,0,[],0,0.0,,,3
82,2,0,2050.0,4233.0,1193154.8958546626,2447030.841596253,0.4842901015828018,0.48759291283649736,10,149,0,2713.7505950085733,17304,2649,14655,0.0,0.0,73,300.7505950085731,2413.0,8,19,False,{},{},{},{},0.0,0.0,0.0,0.0,0.0,0.0,0.0,0.0,0.0,0.0,0.0,0.0,0.0,0.0,Leave Event,0.0,"{'node_level': {}, 'link_level': {}, 'path_level': {}}","{'node_level': {}, 'link_level': {}, 'path_level': {}}","{'node_level': {}, 'link_level': {}, 'path_level': {}}",[],-inf,-inf,True,True,False,0,[],0,0.0,,,3
82,2,0,2050.0,4233.0,1193154.8958546626,2447030.841596253,0.4842901015828018,0.48759291283649736,10,150,0,2715.732322662976,17304,2649,14655,0.0,0.0,70,391.7323226629762,2324.0,8,13,False,{},{},{},{},0.0,0.0,0.0,0.0,0.0,0.0,0.0,0.0,0.0,0.0,0.0,0.0,0.0,0.0,Leave Event,0.0,"{'node_level': {}, 'link_level': {}, 'path_level': {}}","{'node_level': {}, 'link_level': {}, 'path_level': {}}","{'node_level': {}, 'link_level': {}, 'path_level': {}}",[],-inf,-inf,True,True,False,0,[],0,0.0,,,3
82,2,0,2050.0,4233.0,1193154.8958546626,2447030.841596253,0.4842901015828018,0.48759291283649736,10,151,0,2716.1445591984884,17304,2649,14655,0.0,0.0,14,2216.1445591984884,500.0,10,20,False,{},{},{},{},0.0,0.0,0.0,0.0,0.0,0.0,0.0,0.0,0.0,0.0,0.0,0.0,0.0,0.0,Leave Event,0.0,"{'node_level': {}, 'link_level': {}, 'path_level': {}}","{'node_level': {}, 'link_level': {}, 'path_level': {}}","{'node_level': {}, 'link_level': {}, 'path_level': {}}",[],-inf,-inf,True,True,False,0,[],0,0.0,,,3
82,2,0,2050.0,4233.0,1193154.8958546626,2447030.841596253,0.4842901015828018,0.48759291283649736,10,152,0,2729.766815331639,17304,2649,14655,0.0,0.0,67,498.7668153316388,2231.0,7,7,False,{},{},{},{},0.0,0.0,0.0,0.0,0.0,0.0,0.0,0.0,0.0,0.0,0.0,0.0,0.0,0.0,Leave Event,0.0,"{'node_level': {}, 'link_level': {}, 'path_level': {}}","{'node_level': {}, 'link_level': {}, 'path_level': {}}","{'node_level': {}, 'link_level': {}, 'path_level': {}}",[],-inf,-inf,True,True,False,0,[],0,0.0,,,3
83,2,0,2050.0,4233.0,1193154.8958546626,2447030.841596253,0.4842901015828018,0.48759291283649736,10,153,1,2730.0,17304,2649,14655,0.0,0.0,82,122.07971195182846,2730.0,7,9,False,"{0: np.int64(27), 1: np.int64(24), 2: np.int64(16), 3: np.int64(9), 4: np.int64(29), 5: np.int64(21), 6: np.int64(15)}","{(0, 2): [(np.int64(27), 23), (23, 20), (20, 0), (0, 12), (12, 14), (14, 16)], (0, 6): [(np.int64(27), 23), (23, 20), (20, 0), (0, 12), (12, 15)], (1, 2): [(np.int64(24), 22), (22, 20), (20, 1), (1, 12), (12, 14), (14, 16)], (1, 6): [(np.int64(24), 22), (22, 20), (20, 1), (1, 12), (12, 15)], (2, 5): []}","{(0, np.int64(27)): {'cpu': 55}, (1, np.int64(24)): {'cpu': 52}, (2, np.int64(16)): {'cpu': 33}, (3, np.int64(9)): {'cpu': 56}, (4, np.int64(29)): {'cpu': 73}, (5, np.int64(21)): {'cpu': 72}, (6, np.int64(15)): {'cpu': 74}}","{((0, 2), (np.int64(27), 23)): {'bw': 104}, ((0, 2), (23, 20)): {'bw': 104}, ((0, 2), (20, 0)): {'bw': 104}, ((0, 2), (0, 12)): {'bw': 104}, ((0, 2), (12, 14)): {'bw': 104}, ((0, 2), (14, 16)): {'bw': 104}, ((0, 6), (np.int64(27), 23)): {'bw': 137}, ((0, 6), (23, 20)): {'bw': 137}, ((0, 6), (20, 0)): {'bw': 137}, ((0, 6), (0, 12)): {'bw': 137}, ((0, 6), (12, 15)): {'bw': 137}, ((1, 2), (np.int64(24), 22)): {'bw': 85}, ((1, 2), (22, 20)): {'bw': 85}, ((1, 2), (20, 1)): {'bw': 85}, ((1, 2), (1, 12)): {'bw': 85}, ((1, 2), (12, 14)): {'bw': 85}, ((1, 2), (14, 16)): {'bw': 85}, ((1, 6), (np.int64(24), 22)): {'bw': 92}, ((1, 6), (22, 20)): {'bw': 92}, ((1, 6), (20, 1)): {'bw': 92}, ((1, 6), (1, 12)): {'bw': 92}, ((1, 6), (12, 15)): {'bw': 92}}",0.0,0.0,830.0,415.0,1118.0,0.0,0.0,0.0,0.0,0.0,0.0,0.0,0.0,0.0,Route Failure,100.0,"{'node_level': {}, 'link_level': {}, 'path_level': {}}","{'node_level': {0: {'cpu': 0}, 1: {'cpu': 0}, 2: {'cpu': -46}, 3: {'cpu': -35}, 4: {'cpu': -23}, 5: {'cpu': -4}, 6: {'cpu': -20}}, 'link_level': {(0, 2): {'bw': -129}, (0, 6): {'bw': -38}, (1, 2): {'bw': -44}, (1, 6): {'bw': -41}, (2, 5): {'bw': 100.0}}, 'path_level': {(0, 2): {}, (0, 6): {}, (1, 2): {}, (1, 6): {}, (2, 5): {}}}","{'node_level': {0: {'cpu': 0}, 1: {'cpu': 0}, 2: {'cpu': 0}, 3: {'cpu': 0}, 4: {'cpu': 0}, 5: {'cpu': 0}, 6: {'cpu': 0}}, 'link_level': {(0, 2): {'bw': 0}, (0, 6): {'bw': 0}, (1, 2): {'bw': 0}, (1, 6): {'bw': 0}, (2, 5): {'bw': 100.0}}, 'path_level': {(0, 2): {}, (0, 6): {}, (1, 2): {}, (1, 6): {}, (2, 5): {}}}",[],-inf,-inf,True,False,False,0,[],0,0.0,7.0,5.0,3
83,2,0,2050.0,4233.0,1193154.8958546626,2447030.841596253,0.4842901015828018,0.48759291283649736,10,154,0,2755.431501087978,17304,2649,14655,0.0,0.0,49,1130.431501087978,1625.0,7,8,False,{},{},{},{},0.0,0.0,0.0,0.0,0.0,0.0,0.0,0.0,0.0,0.0,0.0,0.0,0.0,0.0,Leave Event,0.0,"{'node_level': {}, 'link_level': {}, 'path_level': {}}","{'node_level': {}, 'link_level': {}, 'path_level': {}}","{'node_level': {}, 'link_level': {}, 'path_level': {}}",[],-inf,-inf,True,True,False,0,[],0,0.0,,,3
83,2,0,2050.0,4233.0,1193154.8958546626,2447030.841596253,0.4842901015828018,0.48759291283649736,10,155,0,2759.507585117353,17304,2649,14655,0.0,0.0,71,407.50758511735296,2352.0,10,25,False,{},{},{},{},0.0,0.0,0.0,0.0,0.0,0.0,0.0,0.0,0.0,0.0,0.0,0.0,0.0,0.0,Leave Event,0.0,"{'node_level': {}, 'link_level': {}, 'path_level': {}}","{'node_level': {}, 'link_level': {}, 'path_level': {}}","{'node_level': {}, 'link_level': {}, 'path_level': {}}",[],-inf,-inf,True,True,False,0,[],0,0.0,,,3
84,2,0,2050.0,4233.0,1193154.8958546626,2447030.841596253,0.4842901015828018,0.48759291283649736,10,156,1,2766.0,17304,2649,14655,0.0,0.0,83,363.08781320116316,2766.0,7,11,False,"{0: np.int64(26), 1: np.int64(11), 2: np.int64(17), 3: np.int64(0), 4: np.int64(14), 5: np.int64(28), 6: np.int64(35)}","{(0, 1): [(np.int64(26), 23), (23, 20), (20, 0), (0, 4), (4, 7), (7, 11)], (0, 2): [(np.int64(26), 23), (23, 20), (20, 0), (0, 12), (12, 14), (14, 17)], (0, 3): [(np.int64(26), 23), (23, 21), (21, 2), (2, 13), (13, 15), (15, 12), (12, 0)], (0, 5): []}","{(0, np.int64(26)): {'cpu': 43}, (1, np.int64(11)): {'cpu': 42}, (2, np.int64(17)): {'cpu': 71}, (3, np.int64(0)): {'cpu': 78}, (4, np.int64(14)): {'cpu': 50}, (5, np.int64(28)): {'cpu': 34}, (6, np.int64(35)): {'cpu': 57}}","{((0, 1), (np.int64(26), 23)): {'bw': 97}, ((0, 1), (23, 20)): {'bw': 97}, ((0, 1), (20, 0)): {'bw': 97}, ((0, 1), (0, 4)): {'bw': 97}, ((0, 1), (4, 7)): {'bw': 97}, ((0, 1), (7, 11)): {'bw': 97}, ((0, 2), (np.int64(26), 23)): {'bw': 131}, ((0, 2), (23, 20)): {'bw': 131}, ((0, 2), (20, 0)): {'bw': 131}, ((0, 2), (0, 12)): {'bw': 131}, ((0, 2), (12, 14)): {'bw': 131}, ((0, 2), (14, 17)): {'bw': 131}, ((0, 3), (np.int64(26), 23)): {'bw': 139}, ((0, 3), (23, 21)): {'bw': 139}, ((0, 3), (21, 2)): {'bw': 139}, ((0, 3), (2, 13)): {'bw': 139}, ((0, 3), (13, 15)): {'bw': 139}, ((0, 3), (15, 12)): {'bw': 139}, ((0, 3), (12, 0)): {'bw': 139}}",0.0,0.0,750.0,375.0,1218.0,0.0,0.0,0.0,0.0,0.0,0.0,0.0,0.0,0.0,Route Failure,100.0,"{'node_level': {}, 'link_level': {}, 'path_level': {}}","{'node_level': {0: {'cpu': -33}, 1: {'cpu': -29}, 2: {'cpu': -18}, 3: {'cpu': -14}, 4: {'cpu': -20}, 5: {'cpu': -56}, 6: {'cpu': -36}}, 'link_level': {(0, 1): {'bw': -136}, (0, 2): {'bw': -51}, (0, 3): {'bw': -16}, (0, 5): {'bw': 100.0}}, 'path_level': {(0, 1): {}, (0, 2): {}, (0, 3): {}, (0, 5): {}}}","{'node_level': {0: {'cpu': 0}, 1: {'cpu': 0}, 2: {'cpu': 0}, 3: {'cpu': 0}, 4: {'cpu': 0}, 5: {'cpu': 0}, 6: {'cpu': 0}}, 'link_level': {(0, 1): {'bw': 0}, (0, 2): {'bw': 0}, (0, 3): {'bw': 0}, (0, 5): {'bw': 100.0}}, 'path_level': {(0, 1): {}, (0, 2): {}, (0, 3): {}, (0, 5): {}}}",[],-inf,-inf,True,False,False,0,[],0,0.0,7.0,4.0,3
85,3,1,2815.0,5789.0,1516158.7280104992,3104016.413928909,0.48626705821385385,0.48845061553376934,15,157,1,2802.0,15748,2358,13390,0.10985277463193655,0.08631866257250087,84,422.22723157625694,2802.0,6,5,True,"{0: np.int64(8), 1: np.int64(27), 2: np.int64(22), 3: np.int64(21), 4: np.int64(29), 5: np.int64(23)}","{(0, 3): [(np.int64(8), 6), (6, 5), (5, 2), (2, 21)], (1, 3): [(np.int64(27), 23), (23, 21)], (1, 4): [(np.int64(27), 23), (23, 21), (21, 2), (2, 29)], (2, 3): [(np.int64(22), 21)], (3, 5): [(np.int64(21), 23)]}","{(0, np.int64(8)): {'cpu': 62}, (1, np.int64(27)): {'cpu': 33}, (2, np.int64(22)): {'cpu': 55}, (3, np.int64(21)): {'cpu': 59}, (4, np.int64(29)): {'cpu': 45}, (5, np.int64(23)): {'cpu': 37}}","{((0, 3), (np.int64(8), 6)): {'bw': 147}, ((0, 3), (6, 5)): {'bw': 147}, ((0, 3), (5, 2)): {'bw': 147}, ((0, 3), (2, 21)): {'bw': 147}, ((1, 3), (np.int64(27), 23)): {'bw': 113}, ((1, 3), (23, 21)): {'bw': 113}, ((1, 4), (np.int64(27), 23)): {'bw': 79}, ((1, 4), (23, 21)): {'bw': 79}, ((1, 4), (21, 2)): {'bw': 79}, ((1, 4), (2, 29)): {'bw': 79}, ((2, 3), (np.int64(22), 21)): {'bw': 73}, ((3, 5), (np.int64(21), 23)): {'bw': 62}}",1556.0,765.0,582.0,291.0,474.0,291.0,474.0,291.0,1265.0,791.0,0.4916452442159383,656985.5723326558,323003.8321558366,207.58601038292838,Success,0.0,"{'node_level': {}, 'link_level': {}, 'path_level': {}}","{'node_level': {0: {'cpu': -31}, 1: {'cpu': -22}, 2: {'cpu': -17}, 3: {'cpu': -17}, 4: {'cpu': -51}, 5: {'cpu': -15}}, 'link_level': {(0, 3): {'bw': -81}, (1, 3): {'bw': -183}, (1, 4): {'bw': -2}, (2, 3): {'bw': -287}, (3, 5): {'bw': -90}}, 'path_level': {(0, 3): {}, (1, 3): {}, (1, 4): {}, (2, 3): {}, (3, 5): {}}}","{'node_level': {0: {'cpu': 0}, 1: {'cpu': 0}, 2: {'cpu': 0}, 3: {'cpu': 0}, 4: {'cpu': 0}, 5: {'cpu': 0}}, 'link_level': {(0, 3): {'bw': 0}, (1, 3): {'bw': 0}, (1, 4): {'bw': 0}, (2, 3): {'bw': 0}, (3, 5): {'bw': 0}}, 'path_level': {(0, 3): {}, (1, 3): {}, (1, 4): {}, (2, 3): {}, (3, 5): {}}}",[],-inf,-inf,True,True,False,0,[],0,0.0,6.0,5.0,3
85,3,1,2815.0,5789.0,1516158.7280104992,3104016.413928909,0.48626705821385385,0.48845061553376934,15,158,0,2810.675401375879,15748,2358,13390,0.10985277463193655,0.08631866257250087,81,117.67540137587906,2693.0,9,19,False,{},{},{},{},0.0,0.0,0.0,0.0,0.0,0.0,0.0,0.0,0.0,0.0,0.0,0.0,0.0,0.0,Leave Event,0.0,"{'node_level': {}, 'link_level': {}, 'path_level': {}}","{'node_level': {}, 'link_level': {}, 'path_level': {}}","{'node_level': {}, 'link_level': {}, 'path_level': {}}",[],-inf,-inf,True,True,False,0,[],0,0.0,,,3
85,3,1,2815.0,5789.0,1516158.7280104992,3104016.413928909,0.48626705821385385,0.48845061553376934,15,159,0,2819.8293003112844,15748,2358,13390,0.10985277463193655,0.08631866257250087,69,525.8293003112843,2294.0,8,14,False,{},{},{},{},0.0,0.0,0.0,0.0,0.0,0.0,0.0,0.0,0.0,0.0,0.0,0.0,0.0,0.0,Leave Event,0.0,"{'node_level': {}, 'link_level': {}, 'path_level': {}}","{'node_level': {}, 'link_level': {}, 'path_level': {}}","{'node_level': {}, 'link_level': {}, 'path_level': {}}",[],-inf,-inf,True,True,False,0,[],0,0.0,,,3
85,3,1,2815.0,5789.0,1516158.7280104992,3104016.413928909,0.48626705821385385,0.48845061553376934,15,160,0,2833.832677849684,15748,2358,13390,0.10985277463193655,0.08631866257250087,74,382.8326778496837,2451.0,6,8,False,{},{},{},{},0.0,0.0,0.0,0.0,0.0,0.0,0.0,0.0,0.0,0.0,0.0,0.0,0.0,0.0,Leave Event,0.0,"{'node_level': {}, 'link_level': {}, 'path_level': {}}","{'node_level': {}, 'link_level': {}, 'path_level': {}}","{'node_level': {}, 'link_level': {}, 'path_level': {}}",[],-inf,-inf,True,True,False,0,[],0,0.0,,,3
85,3,1,2815.0,5789.0,1516158.7280104992,3104016.413928909,0.48626705821385385,0.48845061553376934,15,161,0,2834.751194035816,15748,2358,13390,0.10985277463193655,0.08631866257250087,77,282.75119403581584,2552.0,9,18,False,{},{},{},{},0.0,0.0,0.0,0.0,0.0,0.0,0.0,0.0,0.0,0.0,0.0,0.0,0.0,0.0,Leave Event,0.0,"{'node_level': {}, 'link_level': {}, 'path_level': {}}","{'node_level': {}, 'link_level': {}, 'path_level': {}}","{'node_level': {}, 'link_level': {}, 'path_level': {}}",[],-inf,-inf,True,True,False,0,[],0,0.0,,,3
86,3,1,2815.0,5789.0,1516158.7280104992,3104016.413928909,0.48626705821385385,0.48845061553376934,15,162,1,2837.0,15748,2358,13390,0.10985277463193655,0.08631866257250087,85,868.5253714712403,2837.0,6,6,False,"{0: np.int64(9), 1: np.int64(26), 2: np.int64(24), 3: np.int64(11), 4: np.int64(28), 5: np.int64(32)}","{(0, 4): [(np.int64(9), 6), (6, 4), (4, 0), (0, 28)], (1, 3): [(np.int64(26), 23), (23, 20), (20, 0), (0, 4), (4, 7), (7, 11)], (1, 4): [(np.int64(26), 23), (23, 20), (20, 0), (0, 28)], (1, 5): []}","{(0, np.int64(9)): {'cpu': 48}, (1, np.int64(26)): {'cpu': 52}, (2, np.int64(24)): {'cpu': 43}, (3, np.int64(11)): {'cpu': 32}, (4, np.int64(28)): {'cpu': 54}, (5, np.int64(32)): {'cpu': 78}}","{((0, 4), (np.int64(9), 6)): {'bw': 128}, ((0, 4), (6, 4)): {'bw': 128}, ((0, 4), (4, 0)): {'bw': 128}, ((0, 4), (0, 28)): {'bw': 128}, ((1, 3), (np.int64(26), 23)): {'bw': 85}, ((1, 3), (23, 20)): {'bw': 85}, ((1, 3), (20, 0)): {'bw': 85}, ((1, 3), (0, 4)): {'bw': 85}, ((1, 3), (4, 7)): {'bw': 85}, ((1, 3), (7, 11)): {'bw': 85}, ((1, 4), (np.int64(26), 23)): {'bw': 100}, ((1, 4), (23, 20)): {'bw': 100}, ((1, 4), (20, 0)): {'bw': 100}, ((1, 4), (0, 28)): {'bw': 100}}",0.0,0.0,614.0,307.0,681.0,0.0,0.0,0.0,0.0,0.0,0.0,0.0,0.0,0.0,Route Failure,100.0,"{'node_level': {}, 'link_level': {}, 'path_level': {}}","{'node_level': {0: {'cpu': -43}, 1: {'cpu': -24}, 2: {'cpu': -9}, 3: {'cpu': -39}, 4: {'cpu': -36}, 5: {'cpu': -14}}, 'link_level': {(0, 4): {'bw': -105}, (1, 3): {'bw': -20}, (1, 4): {'bw': -94}, (1, 5): {'bw': 100.0}}, 'path_level': {(0, 4): {}, (1, 3): {}, (1, 4): {}, (1, 5): {}}}","{'node_level': {0: {'cpu': 0}, 1: {'cpu': 0}, 2: {'cpu': 0}, 3: {'cpu': 0}, 4: {'cpu': 0}, 5: {'cpu': 0}}, 'link_level': {(0, 4): {'bw': 0}, (1, 3): {'bw': 0}, (1, 4): {'bw': 0}, (1, 5): {'bw': 100.0}}, 'path_level': {(0, 4): {}, (1, 3): {}, (1, 4): {}, (1, 5): {}}}",[],-inf,-inf,True,False,False,0,[],0,0.0,6.0,4.0,3
86,3,1,2815.0,5789.0,1516158.7280104992,3104016.413928909,0.48626705821385385,0.48845061553376934,15,163,0,2852.0797119518284,15748,2358,13390,0.10985277463193655,0.08631866257250087,82,122.07971195182846,2730.0,7,9,False,{},{},{},{},0.0,0.0,0.0,0.0,0.0,0.0,0.0,0.0,0.0,0.0,0.0,0.0,0.0,0.0,Leave Event,0.0,"{'node_level': {}, 'link_level': {}, 'path_level': {}}","{'node_level': {}, 'link_level': {}, 'path_level': {}}","{'node_level': {}, 'link_level': {}, 'path_level': {}}",[],-inf,-inf,True,True,False,0,[],0,0.0,,,3
87,3,1,2815.0,5789.0,1516158.7280104992,3104016.413928909,0.48626705821385385,0.48845061553376934,15,164,1,2874.0,15748,2358,13390,0.10985277463193655,0.08631866257250087,86,333.4583037388232,2874.0,6,10,False,"{0: np.int64(3), 1: np.int64(18), 2: np.int64(5), 3: np.int64(0), 4: np.int64(26), 5: np.int64(20)}","{(0, 2): [(np.int64(3), 5)], (0, 4): [(np.int64(3), 21), (21, 22), (22, 20), (20, 23), (23, 26)], (0, 5): [(np.int64(3), 21), (21, 22), (22, 20)], (1, 2): [(np.int64(18), 15), (15, 13), (13, 2), (2, 5)], (1, 5): [(np.int64(18), 15), (15, 12), (12, 0), (0, 20)], (2, 4): [(np.int64(5), 6), (6, 4), (4, 0), (0, 20), (20, 23), (23, 26)], (2, 5): [(np.int64(5), 6), (6, 4), (4, 1), (1, 20)], (3, 4): []}","{(0, np.int64(3)): {'cpu': 56}, (1, np.int64(18)): {'cpu': 54}, (2, np.int64(5)): {'cpu': 64}, (3, np.int64(0)): {'cpu': 73}, (4, np.int64(26)): {'cpu': 58}, (5, np.int64(20)): {'cpu': 39}}","{((0, 2), (np.int64(3), 5)): {'bw': 60}, ((0, 4), (np.int64(3), 21)): {'bw': 127}, ((0, 4), (21, 22)): {'bw': 127}, ((0, 4), (22, 20)): {'bw': 127}, ((0, 4), (20, 23)): {'bw': 127}, ((0, 4), (23, 26)): {'bw': 127}, ((0, 5), (np.int64(3), 21)): {'bw': 115}, ((0, 5), (21, 22)): {'bw': 115}, ((0, 5), (22, 20)): {'bw': 115}, ((1, 2), (np.int64(18), 15)): {'bw': 115}, ((1, 2), (15, 13)): {'bw': 115}, ((1, 2), (13, 2)): {'bw': 115}, ((1, 2), (2, 5)): {'bw': 115}, ((1, 5), (np.int64(18), 15)): {'bw': 71}, ((1, 5), (15, 12)): {'bw': 71}, ((1, 5), (12, 0)): {'bw': 71}, ((1, 5), (0, 20)): {'bw': 71}, ((2, 4), (np.int64(5), 6)): {'bw': 110}, ((2, 4), (6, 4)): {'bw': 110}, ((2, 4), (4, 0)): {'bw': 110}, ((2, 4), (0, 20)): {'bw': 110}, ((2, 4), (20, 23)): {'bw': 110}, ((2, 4), (23, 26)): {'bw': 110}, ((2, 5), (np.int64(5), 6)): {'bw': 103}, ((2, 5), (6, 4)): {'bw': 103}, ((2, 5), (4, 1)): {'bw': 103}, ((2, 5), (1, 20)): {'bw': 103}}",0.0,0.0,688.0,344.0,1081.0,0.0,0.0,0.0,0.0,0.0,0.0,0.0,0.0,0.0,Route Failure,100.0,"{'node_level': {}, 'link_level': {}, 'path_level': {}}","{'node_level': {0: {'cpu': -2}, 1: {'cpu': -10}, 2: {'cpu': -7}, 3: {'cpu': -19}, 4: {'cpu': -18}, 5: {'cpu': -28}}, 'link_level': {(0, 2): {'bw': -194}, (0, 4): {'bw': -153}, (0, 5): {'bw': -45}, (1, 2): {'bw': -87}, (1, 5): {'bw': -138}, (2, 4): {'bw': -43}, (2, 5): {'bw': -5}, (3, 4): {'bw': 100.0}}, 'path_level': {(0, 2): {}, (0, 4): {}, (0, 5): {}, (1, 2): {}, (1, 5): {}, (2, 4): {}, (2, 5): {}, (3, 4): {}}}","{'node_level': {0: {'cpu': 0}, 1: {'cpu': 0}, 2: {'cpu': 0}, 3: {'cpu': 0}, 4: {'cpu': 0}, 5: {'cpu': 0}}, 'link_level': {(0, 2): {'bw': 0}, (0, 4): {'bw': 0}, (0, 5): {'bw': 0}, (1, 2): {'bw': 0}, (1, 5): {'bw': 0}, (2, 4): {'bw': 0}, (2, 5): {'bw': 0}, (3, 4): {'bw': 100.0}}, 'path_level': {(0, 2): {}, (0, 4): {}, (0, 5): {}, (1, 2): {}, (1, 5): {}, (2, 4): {}, (2, 5): {}, (3, 4): {}}}",[],-inf,-inf,True,False,False,0,[],0,0.0,6.0,8.0,3
88,3,1,2815.0,5789.0,1516158.7280104992,3104016.413928909,0.48626705821385385,0.48845061553376934,15,165,1,2912.0,15748,2358,13390,0.10985277463193655,0.08631866257250087,87,1110.2933752037009,2912.0,6,6,False,"{0: np.int64(33), 1: np.int64(17), 2: np.int64(18), 3: np.int64(19), 4: np.int64(28), 5: np.int64(6)}","{(0, 2): [(np.int64(33), 30), (30, 28), (28, 0), (0, 12), (12, 15), (15, 18)], (0, 4): [(np.int64(33), 30), (30, 28)], (0, 5): []}","{(0, np.int64(33)): {'cpu': 30}, (1, np.int64(17)): {'cpu': 80}, (2, np.int64(18)): {'cpu': 54}, (3, np.int64(19)): {'cpu': 51}, (4, np.int64(28)): {'cpu': 76}, (5, np.int64(6)): {'cpu': 47}}","{((0, 2), (np.int64(33), 30)): {'bw': 121}, ((0, 2), (30, 28)): {'bw': 121}, ((0, 2), (28, 0)): {'bw': 121}, ((0, 2), (0, 12)): {'bw': 121}, ((0, 2), (12, 15)): {'bw': 121}, ((0, 2), (15, 18)): {'bw': 121}, ((0, 4), (np.int64(33), 30)): {'bw': 77}, ((0, 4), (30, 28)): {'bw': 77}}",0.0,0.0,676.0,338.0,662.0,0.0,0.0,0.0,0.0,0.0,0.0,0.0,0.0,0.0,Route Failure,100.0,"{'node_level': {}, 'link_level': {}, 'path_level': {}}","{'node_level': {0: {'cpu': -44}, 1: {'cpu': -9}, 2: {'cpu': -10}, 3: {'cpu': -25}, 4: {'cpu': -14}, 5: {'cpu': -22}}, 'link_level': {(0, 2): {'bw': -112}, (0, 4): {'bw': -35}, (0, 5): {'bw': 100.0}}, 'path_level': {(0, 2): {}, (0, 4): {}, (0, 5): {}}}","{'node_level': {0: {'cpu': 0}, 1: {'cpu': 0}, 2: {'cpu': 0}, 3: {'cpu': 0}, 4: {'cpu': 0}, 5: {'cpu': 0}}, 'link_level': {(0, 2): {'bw': 0}, (0, 4): {'bw': 0}, (0, 5): {'bw': 100.0}}, 'path_level': {(0, 2): {}, (0, 4): {}, (0, 5): {}}}",[],-inf,-inf,True,False,False,0,[],0,0.0,6.0,3.0,3
88,3,1,2815.0,5789.0,1516158.7280104992,3104016.413928909,0.48626705821385385,0.48845061553376934,15,166,0,2915.3617907767425,15748,2358,13390,0.10985277463193655,0.08631866257250087,64,782.3617907767425,2133.0,6,7,False,{},{},{},{},0.0,0.0,0.0,0.0,0.0,0.0,0.0,0.0,0.0,0.0,0.0,0.0,0.0,0.0,Leave Event,0.0,"{'node_level': {}, 'link_level': {}, 'path_level': {}}","{'node_level': {}, 'link_level': {}, 'path_level': {}}","{'node_level': {}, 'link_level': {}, 'path_level': {}}",[],-inf,-inf,True,True,False,0,[],0,0.0,,,3
88,3,1,2815.0,5789.0,1516158.7280104992,3104016.413928909,0.48626705821385385,0.48845061553376934,15,167,0,2943.744414611583,15748,2358,13390,0.10985277463193655,0.08631866257250087,51,1261.7444146115831,1682.0,9,15,False,{},{},{},{},0.0,0.0,0.0,0.0,0.0,0.0,0.0,0.0,0.0,0.0,0.0,0.0,0.0,0.0,Leave Event,0.0,"{'node_level': {}, 'link_level': {}, 'path_level': {}}","{'node_level': {}, 'link_level': {}, 'path_level': {}}","{'node_level': {}, 'link_level': {}, 'path_level': {}}",[],-inf,-inf,True,True,False,0,[],0,0.0,,,3
89,3,1,2815.0,5789.0,1516158.7280104992,3104016.413928909,0.48626705821385385,0.48845061553376934,15,168,1,2947.0,15748,2358,13390,0.10985277463193655,0.08631866257250087,88,251.31365248343067,2947.0,7,10,False,"{0: np.int64(15), 1: np.int64(34), 2: np.int64(31), 3: np.int64(30), 4: np.int64(13), 5: np.int64(16), 6: np.int64(3)}","{(0, 1): [(np.int64(15), 12), (12, 0), (0, 28), (28, 31), (31, 34)], (0, 2): [(np.int64(15), 12), (12, 0), (0, 28), (28, 31)], (0, 3): [(np.int64(15), 12), (12, 0), (0, 28), (28, 30)], (0, 5): [(np.int64(15), 13), (13, 14), (14, 16)], (1, 2): [(np.int64(34), 31)], (1, 5): []}","{(0, np.int64(15)): {'cpu': 46}, (1, np.int64(34)): {'cpu': 57}, (2, np.int64(31)): {'cpu': 48}, (3, np.int64(30)): {'cpu': 57}, (4, np.int64(13)): {'cpu': 64}, (5, np.int64(16)): {'cpu': 75}, (6, np.int64(3)): {'cpu': 56}}","{((0, 1), (np.int64(15), 12)): {'bw': 83}, ((0, 1), (12, 0)): {'bw': 83}, ((0, 1), (0, 28)): {'bw': 83}, ((0, 1), (28, 31)): {'bw': 83}, ((0, 1), (31, 34)): {'bw': 83}, ((0, 2), (np.int64(15), 12)): {'bw': 125}, ((0, 2), (12, 0)): {'bw': 125}, ((0, 2), (0, 28)): {'bw': 125}, ((0, 2), (28, 31)): {'bw': 125}, ((0, 3), (np.int64(15), 12)): {'bw': 91}, ((0, 3), (12, 0)): {'bw': 91}, ((0, 3), (0, 28)): {'bw': 91}, ((0, 3), (28, 30)): {'bw': 91}, ((0, 5), (np.int64(15), 13)): {'bw': 94}, ((0, 5), (13, 14)): {'bw': 94}, ((0, 5), (14, 16)): {'bw': 94}, ((1, 2), (np.int64(34), 31)): {'bw': 83}}",0.0,0.0,806.0,403.0,1067.0,0.0,0.0,0.0,0.0,0.0,0.0,0.0,0.0,0.0,Route Failure,100.0,"{'node_level': {}, 'link_level': {}, 'path_level': {}}","{'node_level': {0: {'cpu': -48}, 1: {'cpu': 0}, 2: {'cpu': -31}, 3: {'cpu': -26}, 4: {'cpu': -18}, 5: {'cpu': -4}, 6: {'cpu': -2}}, 'link_level': {(0, 1): {'bw': -169}, (0, 2): {'bw': -105}, (0, 3): {'bw': -14}, (0, 5): {'bw': -107}, (1, 2): {'bw': -86}, (1, 5): {'bw': 100.0}}, 'path_level': {(0, 1): {}, (0, 2): {}, (0, 3): {}, (0, 5): {}, (1, 2): {}, (1, 5): {}}}","{'node_level': {0: {'cpu': 0}, 1: {'cpu': 0}, 2: {'cpu': 0}, 3: {'cpu': 0}, 4: {'cpu': 0}, 5: {'cpu': 0}, 6: {'cpu': 0}}, 'link_level': {(0, 1): {'bw': 0}, (0, 2): {'bw': 0}, (0, 3): {'bw': 0}, (0, 5): {'bw': 0}, (1, 2): {'bw': 0}, (1, 5): {'bw': 100.0}}, 'path_level': {(0, 1): {}, (0, 2): {}, (0, 3): {}, (0, 5): {}, (1, 2): {}, (1, 5): {}}}",[],-inf,-inf,True,False,False,0,[],0,0.0,7.0,6.0,3
90,3,1,2815.0,5789.0,1516158.7280104992,3104016.413928909,0.48626705821385385,0.48845061553376934,15,169,1,2990.0,15748,2358,13390,0.10985277463193655,0.08631866257250087,89,682.4845783045753,2990.0,7,13,False,"{0: np.int64(6), 1: np.int64(16), 2: np.int64(0), 3: np.int64(31), 4: np.int64(9), 5: np.int64(19), 6: np.int64(13)}","{(0, 2): [(np.int64(6), 4), (4, 0)], (0, 4): [(np.int64(6), 9)], (0, 5): [(np.int64(6), 4), (4, 0), (0, 12), (12, 15), (15, 19)], (0, 6): [(np.int64(6), 5), (5, 2), (2, 13)], (1, 2): [(np.int64(16), 14), (14, 12), (12, 0)], (1, 3): [(np.int64(16), 14), (14, 13), (13, 2), (2, 29), (29, 31)], (2, 3): [(np.int64(0), 28), (28, 31)], (2, 4): [(np.int64(0), 12), (12, 1), (1, 4), (4, 6), (6, 9)], (2, 6): [(np.int64(0), 20), (20, 1), (1, 12), (12, 15), (15, 13)], (3, 4): [(np.int64(31), 29), (29, 2), (2, 5), (5, 6), (6, 9)], (3, 5): [(np.int64(31), 28), (28, 30), (30, 29), (29, 3), (3, 13), (13, 15), (15, 19)], (4, 6): []}","{(0, np.int64(6)): {'cpu': 67}, (1, np.int64(16)): {'cpu': 65}, (2, np.int64(0)): {'cpu': 76}, (3, np.int64(31)): {'cpu': 68}, (4, np.int64(9)): {'cpu': 76}, (5, np.int64(19)): {'cpu': 61}, (6, np.int64(13)): {'cpu': 76}}","{((0, 2), (np.int64(6), 4)): {'bw': 87}, ((0, 2), (4, 0)): {'bw': 87}, ((0, 4), (np.int64(6), 9)): {'bw': 150}, ((0, 5), (np.int64(6), 4)): {'bw': 71}, ((0, 5), (4, 0)): {'bw': 71}, ((0, 5), (0, 12)): {'bw': 71}, ((0, 5), (12, 15)): {'bw': 71}, ((0, 5), (15, 19)): {'bw': 71}, ((0, 6), (np.int64(6), 5)): {'bw': 69}, ((0, 6), (5, 2)): {'bw': 69}, ((0, 6), (2, 13)): {'bw': 69}, ((1, 2), (np.int64(16), 14)): {'bw': 135}, ((1, 2), (14, 12)): {'bw': 135}, ((1, 2), (12, 0)): {'bw': 135}, ((1, 3), (np.int64(16), 14)): {'bw': 109}, ((1, 3), (14, 13)): {'bw': 109}, ((1, 3), (13, 2)): {'bw': 109}, ((1, 3), (2, 29)): {'bw': 109}, ((1, 3), (29, 31)): {'bw': 109}, ((2, 3), (np.int64(0), 28)): {'bw': 113}, ((2, 3), (28, 31)): {'bw': 113}, ((2, 4), (np.int64(0), 12)): {'bw': 90}, ((2, 4), (12, 1)): {'bw': 90}, ((2, 4), (1, 4)): {'bw': 90}, ((2, 4), (4, 6)): {'bw': 90}, ((2, 4), (6, 9)): {'bw': 90}, ((2, 6), (np.int64(0), 20)): {'bw': 103}, ((2, 6), (20, 1)): {'bw': 103}, ((2, 6), (1, 12)): {'bw': 103}, ((2, 6), (12, 15)): {'bw': 103}, ((2, 6), (15, 13)): {'bw': 103}, ((3, 4), (np.int64(31), 29)): {'bw': 123}, ((3, 4), (29, 2)): {'bw': 123}, ((3, 4), (2, 5)): {'bw': 123}, ((3, 4), (5, 6)): {'bw': 123}, ((3, 4), (6, 9)): {'bw': 123}, ((3, 5), (np.int64(31), 28)): {'bw': 84}, ((3, 5), (28, 30)): {'bw': 84}, ((3, 5), (30, 29)): {'bw': 84}, ((3, 5), (29, 3)): {'bw': 84}, ((3, 5), (3, 13)): {'bw': 84}, ((3, 5), (13, 15)): {'bw': 84}, ((3, 5), (15, 19)): {'bw': 84}}",0.0,0.0,978.0,489.0,1288.0,0.0,0.0,0.0,0.0,0.0,0.0,0.0,0.0,0.0,Route Failure,100.0,"{'node_level': {}, 'link_level': {}, 'path_level': {}}","{'node_level': {0: {'cpu': -2}, 1: {'cpu': -14}, 2: {'cpu': -16}, 3: {'cpu': -11}, 4: {'cpu': -15}, 5: {'cpu': -15}, 6: {'cpu': -6}}, 'link_level': {(0, 2): {'bw': -146}, (0, 4): {'bw': -249}, (0, 5): {'bw': -75}, (0, 6): {'bw': -133}, (1, 2): {'bw': -98}, (1, 3): {'bw': -73}, (2, 3): {'bw': -252}, (2, 4): {'bw': -27}, (2, 6): {'bw': -27}, (3, 4): {'bw': -8}, (3, 5): {'bw': -98}, (4, 6): {'bw': 100.0}}, 'path_level': {(0, 2): {}, (0, 4): {}, (0, 5): {}, (0, 6): {}, (1, 2): {}, (1, 3): {}, (2, 3): {}, (2, 4): {}, (2, 6): {}, (3, 4): {}, (3, 5): {}, (4, 6): {}}}","{'node_level': {0: {'cpu': 0}, 1: {'cpu': 0}, 2: {'cpu': 0}, 3: {'cpu': 0}, 4: {'cpu': 0}, 5: {'cpu': 0}, 6: {'cpu': 0}}, 'link_level': {(0, 2): {'bw': 0}, (0, 4): {'bw': 0}, (0, 5): {'bw': 0}, (0, 6): {'bw': 0}, (1, 2): {'bw': 0}, (1, 3): {'bw': 0}, (2, 3): {'bw': 0}, (2, 4): {'bw': 0}, (2, 6): {'bw': 0}, (3, 4): {'bw': 0}, (3, 5): {'bw': 0}, (4, 6): {'bw': 100.0}}, 'path_level': {(0, 2): {}, (0, 4): {}, (0, 5): {}, (0, 6): {}, (1, 2): {}, (1, 3): {}, (2, 3): {}, (2, 4): {}, (2, 6): {}, (3, 4): {}, (3, 5): {}, (4, 6): {}}}",[],-inf,-inf,True,False,False,0,[],0,0.0,7.0,12.0,3
91,3,1,2815.0,5789.0,1516158.7280104992,3104016.413928909,0.48626705821385385,0.48845061553376934,15,170,1,3019.0,15748,2358,13390,0.10985277463193655,0.08631866257250087,90,402.32689733113864,3019.0,10,20,False,"{0: np.int64(0), 1: np.int64(18), 2: np.int64(11), 3: np.int64(9), 4: np.int64(20), 5: np.int64(30), 6: np.int64(16), 7: np.int64(5), 8: np.int64(34), 9: np.int64(2)}","{(0, 6): [(np.int64(0), 12), (12, 14), (14, 16)], (0, 7): [(np.int64(0), 4), (4, 6), (6, 5)], (0, 8): [(np.int64(0), 28), (28, 31), (31, 34)], (0, 9): [(np.int64(0), 4), (4, 7), (7, 5), (5, 2)], (1, 2): [(np.int64(18), 15), (15, 12), (12, 1), (1, 4), (4, 7), (7, 11)], (1, 3): [(np.int64(18), 15), (15, 12), (12, 1), (1, 4), (4, 6), (6, 9)], (1, 4): [(np.int64(18), 15), (15, 12), (12, 0), (0, 20)], (1, 8): []}","{(0, np.int64(0)): {'cpu': 42}, (1, np.int64(18)): {'cpu': 51}, (2, np.int64(11)): {'cpu': 38}, (3, np.int64(9)): {'cpu': 61}, (4, np.int64(20)): {'cpu': 37}, (5, np.int64(30)): {'cpu': 78}, (6, np.int64(16)): {'cpu': 52}, (7, np.int64(5)): {'cpu': 69}, (8, np.int64(34)): {'cpu': 52}, (9, np.int64(2)): {'cpu': 53}}","{((0, 6), (np.int64(0), 12)): {'bw': 85}, ((0, 6), (12, 14)): {'bw': 85}, ((0, 6), (14, 16)): {'bw': 85}, ((0, 7), (np.int64(0), 4)): {'bw': 133}, ((0, 7), (4, 6)): {'bw': 133}, ((0, 7), (6, 5)): {'bw': 133}, ((0, 8), (np.int64(0), 28)): {'bw': 64}, ((0, 8), (28, 31)): {'bw': 64}, ((0, 8), (31, 34)): {'bw': 64}, ((0, 9), (np.int64(0), 4)): {'bw': 99}, ((0, 9), (4, 7)): {'bw': 99}, ((0, 9), (7, 5)): {'bw': 99}, ((0, 9), (5, 2)): {'bw': 99}, ((1, 2), (np.int64(18), 15)): {'bw': 90}, ((1, 2), (15, 12)): {'bw': 90}, ((1, 2), (12, 1)): {'bw': 90}, ((1, 2), (1, 4)): {'bw': 90}, ((1, 2), (4, 7)): {'bw': 90}, ((1, 2), (7, 11)): {'bw': 90}, ((1, 3), (np.int64(18), 15)): {'bw': 95}, ((1, 3), (15, 12)): {'bw': 95}, ((1, 3), (12, 1)): {'bw': 95}, ((1, 3), (1, 4)): {'bw': 95}, ((1, 3), (4, 6)): {'bw': 95}, ((1, 3), (6, 9)): {'bw': 95}, ((1, 4), (np.int64(18), 15)): {'bw': 118}, ((1, 4), (15, 12)): {'bw': 118}, ((1, 4), (12, 0)): {'bw': 118}, ((1, 4), (0, 20)): {'bw': 118}}",0.0,0.0,1066.0,533.0,2087.0,0.0,0.0,0.0,0.0,0.0,0.0,0.0,0.0,0.0,Route Failure,100.0,"{'node_level': {}, 'link_level': {}, 'path_level': {}}","{'node_level': {0: {'cpu': -50}, 1: {'cpu': -13}, 2: {'cpu': -33}, 3: {'cpu': -30}, 4: {'cpu': -30}, 5: {'cpu': -5}, 6: {'cpu': -27}, 7: {'cpu': -2}, 8: {'cpu': -5}, 9: {'cpu': 0}}, 'link_level': {(0, 6): {'bw': -148}, (0, 7): {'bw': -85}, (0, 8): {'bw': -188}, (0, 9): {'bw': -1}, (1, 2): {'bw': -130}, (1, 3): {'bw': -35}, (1, 4): {'bw': -10}, (1, 8): {'bw': 100.0}}, 'path_level': {(0, 6): {}, (0, 7): {}, (0, 8): {}, (0, 9): {}, (1, 2): {}, (1, 3): {}, (1, 4): {}, (1, 8): {}}}","{'node_level': {0: {'cpu': 0}, 1: {'cpu': 0}, 2: {'cpu': 0}, 3: {'cpu': 0}, 4: {'cpu': 0}, 5: {'cpu': 0}, 6: {'cpu': 0}, 7: {'cpu': 0}, 8: {'cpu': 0}, 9: {'cpu': 0}}, 'link_level': {(0, 6): {'bw': 0}, (0, 7): {'bw': 0}, (0, 8): {'bw': 0}, (0, 9): {'bw': 0}, (1, 2): {'bw': 0}, (1, 3): {'bw': 0}, (1, 4): {'bw': 0}, (1, 8): {'bw': 100.0}}, 'path_level': {(0, 6): {}, (0, 7): {}, (0, 8): {}, (0, 9): {}, (1, 2): {}, (1, 3): {}, (1, 4): {}, (1, 8): {}}}",[],-inf,-inf,True,False,False,0,[],0,0.0,10.0,8.0,3
92,3,1,2815.0,5789.0,1516158.7280104992,3104016.413928909,0.48626705821385385,0.48845061553376934,15,171,1,3060.0,15748,2358,13390,0.10985277463193655,0.08631866257250087,91,488.8505231744937,3060.0,6,6,False,"{0: np.int64(33), 1: np.int64(26), 2: np.int64(24), 3: np.int64(31), 4: np.int64(35), 5: np.int64(34)}","{(0, 2): [(np.int64(33), 30), (30, 28), (28, 0), (0, 20), (20, 22), (22, 24)], (0, 5): [(np.int64(33), 30), (30, 28), (28, 31), (31, 34)], (1, 3): [(np.int64(26), 23), (23, 20), (20, 0), (0, 28), (28, 31)], (2, 4): []}","{(0, np.int64(33)): {'cpu': 69}, (1, np.int64(26)): {'cpu': 67}, (2, np.int64(24)): {'cpu': 40}, (3, np.int64(31)): {'cpu': 30}, (4, np.int64(35)): {'cpu': 63}, (5, np.int64(34)): {'cpu': 31}}","{((0, 2), (np.int64(33), 30)): {'bw': 106}, ((0, 2), (30, 28)): {'bw': 106}, ((0, 2), (28, 0)): {'bw': 106}, ((0, 2), (0, 20)): {'bw': 106}, ((0, 2), (20, 22)): {'bw': 106}, ((0, 2), (22, 24)): {'bw': 106}, ((0, 5), (np.int64(33), 30)): {'bw': 124}, ((0, 5), (30, 28)): {'bw': 124}, ((0, 5), (28, 31)): {'bw': 124}, ((0, 5), (31, 34)): {'bw': 124}, ((1, 3), (np.int64(26), 23)): {'bw': 79}, ((1, 3), (23, 20)): {'bw': 79}, ((1, 3), (20, 0)): {'bw': 79}, ((1, 3), (0, 28)): {'bw': 79}, ((1, 3), (28, 31)): {'bw': 79}}",0.0,0.0,600.0,300.0,718.0,0.0,0.0,0.0,0.0,0.0,0.0,0.0,0.0,0.0,Route Failure,100.0,"{'node_level': {}, 'link_level': {}, 'path_level': {}}","{'node_level': {0: {'cpu': -5}, 1: {'cpu': -9}, 2: {'cpu': -12}, 3: {'cpu': -49}, 4: {'cpu': -30}, 5: {'cpu': -26}}, 'link_level': {(0, 2): {'bw': -112}, (0, 5): {'bw': -3}, (1, 3): {'bw': -94}, (2, 4): {'bw': 100.0}}, 'path_level': {(0, 2): {}, (0, 5): {}, (1, 3): {}, (2, 4): {}}}","{'node_level': {0: {'cpu': 0}, 1: {'cpu': 0}, 2: {'cpu': 0}, 3: {'cpu': 0}, 4: {'cpu': 0}, 5: {'cpu': 0}}, 'link_level': {(0, 2): {'bw': 0}, (0, 5): {'bw': 0}, (1, 3): {'bw': 0}, (2, 4): {'bw': 100.0}}, 'path_level': {(0, 2): {}, (0, 5): {}, (1, 3): {}, (2, 4): {}}}",[],-inf,-inf,True,False,False,0,[],0,0.0,6.0,4.0,3
92,3,1,2815.0,5789.0,1516158.7280104992,3104016.413928909,0.48626705821385385,0.48845061553376934,15,172,0,3074.148272719931,15748,2358,13390,0.10985277463193655,0.08631866257250087,75,587.1482727199309,2487.0,10,28,False,{},{},{},{},0.0,0.0,0.0,0.0,0.0,0.0,0.0,0.0,0.0,0.0,0.0,0.0,0.0,0.0,Leave Event,0.0,"{'node_level': {}, 'link_level': {}, 'path_level': {}}","{'node_level': {}, 'link_level': {}, 'path_level': {}}","{'node_level': {}, 'link_level': {}, 'path_level': {}}",[],-inf,-inf,True,True,False,0,[],0,0.0,,,3
93,3,1,2815.0,5789.0,1516158.7280104992,3104016.413928909,0.48626705821385385,0.48845061553376934,15,173,1,3094.0,15748,2358,13390,0.10985277463193655,0.08631866257250087,92,157.62393554906015,3094.0,9,16,False,"{0: np.int64(19), 1: np.int64(16), 2: np.int64(32), 3: np.int64(9), 4: np.int64(1), 5: np.int64(24), 6: np.int64(35), 7: np.int64(10), 8: np.int64(31)}","{(0, 4): [(np.int64(19), 15), (15, 12), (12, 1)], (0, 6): [(np.int64(19), 15), (15, 12), (12, 0), (0, 28), (28, 31), (31, 35)], (0, 8): []}","{(0, np.int64(19)): {'cpu': 75}, (1, np.int64(16)): {'cpu': 76}, (2, np.int64(32)): {'cpu': 80}, (3, np.int64(9)): {'cpu': 42}, (4, np.int64(1)): {'cpu': 55}, (5, np.int64(24)): {'cpu': 46}, (6, np.int64(35)): {'cpu': 62}, (7, np.int64(10)): {'cpu': 39}, (8, np.int64(31)): {'cpu': 44}}","{((0, 4), (np.int64(19), 15)): {'bw': 120}, ((0, 4), (15, 12)): {'bw': 120}, ((0, 4), (12, 1)): {'bw': 120}, ((0, 6), (np.int64(19), 15)): {'bw': 127}, ((0, 6), (15, 12)): {'bw': 127}, ((0, 6), (12, 0)): {'bw': 127}, ((0, 6), (0, 28)): {'bw': 127}, ((0, 6), (28, 31)): {'bw': 127}, ((0, 6), (31, 35)): {'bw': 127}}",0.0,0.0,1038.0,519.0,1688.0,0.0,0.0,0.0,0.0,0.0,0.0,0.0,0.0,0.0,Route Failure,100.0,"{'node_level': {}, 'link_level': {}, 'path_level': {}}","{'node_level': {0: {'cpu': -1}, 1: {'cpu': -3}, 2: {'cpu': -12}, 3: {'cpu': -49}, 4: {'cpu': -19}, 5: {'cpu': -6}, 6: {'cpu': -31}, 7: {'cpu': -21}, 8: {'cpu': -35}}, 'link_level': {(0, 4): {'bw': -100}, (0, 6): {'bw': -52}, (0, 8): {'bw': 100.0}}, 'path_level': {(0, 4): {}, (0, 6): {}, (0, 8): {}}}","{'node_level': {0: {'cpu': 0}, 1: {'cpu': 0}, 2: {'cpu': 0}, 3: {'cpu': 0}, 4: {'cpu': 0}, 5: {'cpu': 0}, 6: {'cpu': 0}, 7: {'cpu': 0}, 8: {'cpu': 0}}, 'link_level': {(0, 4): {'bw': 0}, (0, 6): {'bw': 0}, (0, 8): {'bw': 100.0}}, 'path_level': {(0, 4): {}, (0, 6): {}, (0, 8): {}}}",[],-inf,-inf,True,False,False,0,[],0,0.0,9.0,3.0,3
93,3,1,2815.0,5789.0,1516158.7280104992,3104016.413928909,0.48626705821385385,0.48845061553376934,15,174,0,3129.087813201163,15748,2358,13390,0.10985277463193655,0.08631866257250087,83,363.08781320116316,2766.0,7,11,False,{},{},{},{},0.0,0.0,0.0,0.0,0.0,0.0,0.0,0.0,0.0,0.0,0.0,0.0,0.0,0.0,Leave Event,0.0,"{'node_level': {}, 'link_level': {}, 'path_level': {}}","{'node_level': {}, 'link_level': {}, 'path_level': {}}","{'node_level': {}, 'link_level': {}, 'path_level': {}}",[],-inf,-inf,True,True,False,0,[],0,0.0,,,3
94,3,1,2815.0,5789.0,1516158.7280104992,3104016.413928909,0.48626705821385385,0.48845061553376934,15,175,1,3138.0,15748,2358,13390,0.10985277463193655,0.08631866257250087,93,1387.0550029208707,3138.0,10,21,False,"{0: np.int64(0), 1: np.int64(9), 2: np.int64(33), 3: np.int64(13), 4: np.int64(16), 5: np.int64(11), 6: np.int64(30), 7: np.int64(19), 8: np.int64(12), 9: np.int64(17)}","{(0, 2): [(np.int64(0), 28), (28, 30), (30, 33)], (0, 4): [(np.int64(0), 12), (12, 14), (14, 16)], (0, 5): [(np.int64(0), 4), (4, 7), (7, 11)], (0, 6): [(np.int64(0), 28), (28, 30)], (0, 7): [(np.int64(0), 12), (12, 15), (15, 19)], (1, 4): [(np.int64(9), 6), (6, 4), (4, 0), (0, 12), (12, 14), (14, 16)], (1, 8): [(np.int64(9), 6), (6, 4), (4, 1), (1, 12)], (1, 9): [(np.int64(9), 6), (6, 5), (5, 2), (2, 13), (13, 14), (14, 17)], (2, 3): [(np.int64(33), 30), (30, 29), (29, 2), (2, 13)], (2, 4): []}","{(0, np.int64(0)): {'cpu': 31}, (1, np.int64(9)): {'cpu': 77}, (2, np.int64(33)): {'cpu': 65}, (3, np.int64(13)): {'cpu': 67}, (4, np.int64(16)): {'cpu': 76}, (5, np.int64(11)): {'cpu': 61}, (6, np.int64(30)): {'cpu': 57}, (7, np.int64(19)): {'cpu': 68}, (8, np.int64(12)): {'cpu': 71}, (9, np.int64(17)): {'cpu': 75}}","{((0, 2), (np.int64(0), 28)): {'bw': 84}, ((0, 2), (28, 30)): {'bw': 84}, ((0, 2), (30, 33)): {'bw': 84}, ((0, 4), (np.int64(0), 12)): {'bw': 101}, ((0, 4), (12, 14)): {'bw': 101}, ((0, 4), (14, 16)): {'bw': 101}, ((0, 5), (np.int64(0), 4)): {'bw': 79}, ((0, 5), (4, 7)): {'bw': 79}, ((0, 5), (7, 11)): {'bw': 79}, ((0, 6), (np.int64(0), 28)): {'bw': 60}, ((0, 6), (28, 30)): {'bw': 60}, ((0, 7), (np.int64(0), 12)): {'bw': 94}, ((0, 7), (12, 15)): {'bw': 94}, ((0, 7), (15, 19)): {'bw': 94}, ((1, 4), (np.int64(9), 6)): {'bw': 103}, ((1, 4), (6, 4)): {'bw': 103}, ((1, 4), (4, 0)): {'bw': 103}, ((1, 4), (0, 12)): {'bw': 103}, ((1, 4), (12, 14)): {'bw': 103}, ((1, 4), (14, 16)): {'bw': 103}, ((1, 8), (np.int64(9), 6)): {'bw': 110}, ((1, 8), (6, 4)): {'bw': 110}, ((1, 8), (4, 1)): {'bw': 110}, ((1, 8), (1, 12)): {'bw': 110}, ((1, 9), (np.int64(9), 6)): {'bw': 73}, ((1, 9), (6, 5)): {'bw': 73}, ((1, 9), (5, 2)): {'bw': 73}, ((1, 9), (2, 13)): {'bw': 73}, ((1, 9), (13, 14)): {'bw': 73}, ((1, 9), (14, 17)): {'bw': 73}, ((2, 3), (np.int64(33), 30)): {'bw': 125}, ((2, 3), (30, 29)): {'bw': 125}, ((2, 3), (29, 2)): {'bw': 125}, ((2, 3), (2, 13)): {'bw': 125}}",0.0,0.0,1296.0,648.0,2219.0,0.0,0.0,0.0,0.0,0.0,0.0,0.0,0.0,0.0,Route Failure,100.0,"{'node_level': {}, 'link_level': {}, 'path_level': {}}","{'node_level': {0: {'cpu': -61}, 1: {'cpu': -14}, 2: {'cpu': -9}, 3: {'cpu': -15}, 4: {'cpu': -3}, 5: {'cpu': -10}, 6: {'cpu': -26}, 7: {'cpu': -8}, 8: {'cpu': -17}, 9: {'cpu': -14}}, 'link_level': {(0, 2): {'bw': -149}, (0, 4): {'bw': -132}, (0, 5): {'bw': -154}, (0, 6): {'bw': -197}, (0, 7): {'bw': -128}, (1, 4): {'bw': -25}, (1, 8): {'bw': -103}, (1, 9): {'bw': -113}, (2, 3): {'bw': -24}, (2, 4): {'bw': 100.0}}, 'path_level': {(0, 2): {}, (0, 4): {}, (0, 5): {}, (0, 6): {}, (0, 7): {}, (1, 4): {}, (1, 8): {}, (1, 9): {}, (2, 3): {}, (2, 4): {}}}","{'node_level': {0: {'cpu': 0}, 1: {'cpu': 0}, 2: {'cpu': 0}, 3: {'cpu': 0}, 4: {'cpu': 0}, 5: {'cpu': 0}, 6: {'cpu': 0}, 7: {'cpu': 0}, 8: {'cpu': 0}, 9: {'cpu': 0}}, 'link_level': {(0, 2): {'bw': 0}, (0, 4): {'bw': 0}, (0, 5): {'bw': 0}, (0, 6): {'bw': 0}, (0, 7): {'bw': 0}, (1, 4): {'bw': 0}, (1, 8): {'bw': 0}, (1, 9): {'bw': 0}, (2, 3): {'bw': 0}, (2, 4): {'bw': 100.0}}, 'path_level': {(0, 2): {}, (0, 4): {}, (0, 5): {}, (0, 6): {}, (0, 7): {}, (1, 4): {}, (1, 8): {}, (1, 9): {}, (2, 3): {}, (2, 4): {}}}",[],-inf,-inf,True,False,False,0,[],0,0.0,10.0,10.0,3
95,3,1,2815.0,5789.0,1516158.7280104992,3104016.413928909,0.48626705821385385,0.48845061553376934,15,176,1,3171.0,15748,2358,13390,0.10985277463193655,0.08631866257250087,94,734.0879291075967,3171.0,8,14,False,"{0: np.int64(7), 1: np.int64(5), 2: np.int64(0), 3: np.int64(17), 4: np.int64(30), 5: np.int64(33), 6: np.int64(32), 7: np.int64(31)}","{(0, 1): [(np.int64(7), 5)], (0, 3): [(np.int64(7), 4), (4, 0), (0, 12), (12, 14), (14, 17)], (0, 6): [(np.int64(7), 4), (4, 0), (0, 28), (28, 30), (30, 32)], (0, 7): [(np.int64(7), 4), (4, 1), (1, 28), (28, 31)], (1, 2): [(np.int64(5), 2), (2, 13), (13, 14), (14, 12), (12, 0)], (1, 7): [(np.int64(5), 3), (3, 29), (29, 31)], (2, 4): [(np.int64(0), 28), (28, 30)], (2, 5): [(np.int64(0), 28), (28, 30), (30, 33)], (2, 6): [(np.int64(0), 20), (20, 1), (1, 28), (28, 31), (31, 29), (29, 30), (30, 32)], (3, 4): []}","{(0, np.int64(7)): {'cpu': 31}, (1, np.int64(5)): {'cpu': 60}, (2, np.int64(0)): {'cpu': 31}, (3, np.int64(17)): {'cpu': 62}, (4, np.int64(30)): {'cpu': 37}, (5, np.int64(33)): {'cpu': 53}, (6, np.int64(32)): {'cpu': 76}, (7, np.int64(31)): {'cpu': 78}}","{((0, 1), (np.int64(7), 5)): {'bw': 123}, ((0, 3), (np.int64(7), 4)): {'bw': 89}, ((0, 3), (4, 0)): {'bw': 89}, ((0, 3), (0, 12)): {'bw': 89}, ((0, 3), (12, 14)): {'bw': 89}, ((0, 3), (14, 17)): {'bw': 89}, ((0, 6), (np.int64(7), 4)): {'bw': 103}, ((0, 6), (4, 0)): {'bw': 103}, ((0, 6), (0, 28)): {'bw': 103}, ((0, 6), (28, 30)): {'bw': 103}, ((0, 6), (30, 32)): {'bw': 103}, ((0, 7), (np.int64(7), 4)): {'bw': 73}, ((0, 7), (4, 1)): {'bw': 73}, ((0, 7), (1, 28)): {'bw': 73}, ((0, 7), (28, 31)): {'bw': 73}, ((1, 2), (np.int64(5), 2)): {'bw': 133}, ((1, 2), (2, 13)): {'bw': 133}, ((1, 2), (13, 14)): {'bw': 133}, ((1, 2), (14, 12)): {'bw': 133}, ((1, 2), (12, 0)): {'bw': 133}, ((1, 7), (np.int64(5), 3)): {'bw': 98}, ((1, 7), (3, 29)): {'bw': 98}, ((1, 7), (29, 31)): {'bw': 98}, ((2, 4), (np.int64(0), 28)): {'bw': 83}, ((2, 4), (28, 30)): {'bw': 83}, ((2, 5), (np.int64(0), 28)): {'bw': 61}, ((2, 5), (28, 30)): {'bw': 61}, ((2, 5), (30, 33)): {'bw': 61}, ((2, 6), (np.int64(0), 20)): {'bw': 133}, ((2, 6), (20, 1)): {'bw': 133}, ((2, 6), (1, 28)): {'bw': 133}, ((2, 6), (28, 31)): {'bw': 133}, ((2, 6), (31, 29)): {'bw': 133}, ((2, 6), (29, 30)): {'bw': 133}, ((2, 6), (30, 32)): {'bw': 133}}",0.0,0.0,856.0,428.0,1475.0,0.0,0.0,0.0,0.0,0.0,0.0,0.0,0.0,0.0,Route Failure,100.0,"{'node_level': {}, 'link_level': {}, 'path_level': {}}","{'node_level': {0: {'cpu': -29}, 1: {'cpu': -11}, 2: {'cpu': -61}, 3: {'cpu': -27}, 4: {'cpu': -46}, 5: {'cpu': -21}, 6: {'cpu': -16}, 7: {'cpu': -1}}, 'link_level': {(0, 1): {'bw': -261}, (0, 3): {'bw': -144}, (0, 6): {'bw': -41}, (0, 7): {'bw': -126}, (1, 2): {'bw': -11}, (1, 7): {'bw': -120}, (2, 4): {'bw': -155}, (2, 5): {'bw': -94}, (2, 6): {'bw': -17}, (3, 4): {'bw': 100.0}}, 'path_level': {(0, 1): {}, (0, 3): {}, (0, 6): {}, (0, 7): {}, (1, 2): {}, (1, 7): {}, (2, 4): {}, (2, 5): {}, (2, 6): {}, (3, 4): {}}}","{'node_level': {0: {'cpu': 0}, 1: {'cpu': 0}, 2: {'cpu': 0}, 3: {'cpu': 0}, 4: {'cpu': 0}, 5: {'cpu': 0}, 6: {'cpu': 0}, 7: {'cpu': 0}}, 'link_level': {(0, 1): {'bw': 0}, (0, 3): {'bw': 0}, (0, 6): {'bw': 0}, (0, 7): {'bw': 0}, (1, 2): {'bw': 0}, (1, 7): {'bw': 0}, (2, 4): {'bw': 0}, (2, 5): {'bw': 0}, (2, 6): {'bw': 0}, (3, 4): {'bw': 100.0}}, 'path_level': {(0, 1): {}, (0, 3): {}, (0, 6): {}, (0, 7): {}, (1, 2): {}, (1, 7): {}, (2, 4): {}, (2, 5): {}, (2, 6): {}, (3, 4): {}}}",[],-inf,-inf,True,False,False,0,[],0,0.0,8.0,10.0,3
95,3,1,2815.0,5789.0,1516158.7280104992,3104016.413928909,0.48626705821385385,0.48845061553376934,15,177,0,3198.313652483431,15748,2358,13390,0.10985277463193655,0.08631866257250087,88,251.31365248343067,2947.0,7,10,False,{},{},{},{},0.0,0.0,0.0,0.0,0.0,0.0,0.0,0.0,0.0,0.0,0.0,0.0,0.0,0.0,Leave Event,0.0,"{'node_level': {}, 'link_level': {}, 'path_level': {}}","{'node_level': {}, 'link_level': {}, 'path_level': {}}","{'node_level': {}, 'link_level': {}, 'path_level': {}}",[],-inf,-inf,True,True,False,0,[],0,0.0,,,3
96,3,1,2815.0,5789.0,1516158.7280104992,3104016.413928909,0.48626705821385385,0.48845061553376934,15,178,1,3207.0,15748,2358,13390,0.10985277463193655,0.08631866257250087,95,78.6749963784867,3207.0,6,8,False,"{0: np.int64(31), 1: np.int64(15), 2: np.int64(5), 3: np.int64(28), 4: np.int64(1), 5: np.int64(32)}","{(0, 1): [(np.int64(31), 28), (28, 0), (0, 12), (12, 15)], (0, 2): [(np.int64(31), 29), (29, 2), (2, 5)], (0, 3): [(np.int64(31), 28)], (1, 5): [(np.int64(15), 12), (12, 0), (0, 28), (28, 30), (30, 32)], (2, 3): [(np.int64(5), 3), (3, 29), (29, 30), (30, 28)], (2, 5): [(np.int64(5), 3), (3, 13), (13, 2), (2, 29), (29, 30), (30, 32)], (3, 5): [(np.int64(28), 30), (30, 32)], (4, 5): []}","{(0, np.int64(31)): {'cpu': 47}, (1, np.int64(15)): {'cpu': 40}, (2, np.int64(5)): {'cpu': 67}, (3, np.int64(28)): {'cpu': 69}, (4, np.int64(1)): {'cpu': 69}, (5, np.int64(32)): {'cpu': 68}}","{((0, 1), (np.int64(31), 28)): {'bw': 76}, ((0, 1), (28, 0)): {'bw': 76}, ((0, 1), (0, 12)): {'bw': 76}, ((0, 1), (12, 15)): {'bw': 76}, ((0, 2), (np.int64(31), 29)): {'bw': 92}, ((0, 2), (29, 2)): {'bw': 92}, ((0, 2), (2, 5)): {'bw': 92}, ((0, 3), (np.int64(31), 28)): {'bw': 120}, ((1, 5), (np.int64(15), 12)): {'bw': 63}, ((1, 5), (12, 0)): {'bw': 63}, ((1, 5), (0, 28)): {'bw': 63}, ((1, 5), (28, 30)): {'bw': 63}, ((1, 5), (30, 32)): {'bw': 63}, ((2, 3), (np.int64(5), 3)): {'bw': 119}, ((2, 3), (3, 29)): {'bw': 119}, ((2, 3), (29, 30)): {'bw': 119}, ((2, 3), (30, 28)): {'bw': 119}, ((2, 5), (np.int64(5), 3)): {'bw': 123}, ((2, 5), (3, 13)): {'bw': 123}, ((2, 5), (13, 2)): {'bw': 123}, ((2, 5), (2, 29)): {'bw': 123}, ((2, 5), (29, 30)): {'bw': 123}, ((2, 5), (30, 32)): {'bw': 123}, ((3, 5), (np.int64(28), 30)): {'bw': 119}, ((3, 5), (30, 32)): {'bw': 119}}",0.0,0.0,720.0,360.0,800.0,0.0,0.0,0.0,0.0,0.0,0.0,0.0,0.0,0.0,Route Failure,100.0,"{'node_level': {}, 'link_level': {}, 'path_level': {}}","{'node_level': {0: {'cpu': -32}, 1: {'cpu': -54}, 2: {'cpu': -4}, 3: {'cpu': -21}, 4: {'cpu': -5}, 5: {'cpu': -24}}, 'link_level': {(0, 1): {'bw': -237}, (0, 2): {'bw': -110}, (0, 3): {'bw': -169}, (1, 5): {'bw': -174}, (2, 3): {'bw': -99}, (2, 5): {'bw': -12}, (3, 5): {'bw': -40}, (4, 5): {'bw': 100.0}}, 'path_level': {(0, 1): {}, (0, 2): {}, (0, 3): {}, (1, 5): {}, (2, 3): {}, (2, 5): {}, (3, 5): {}, (4, 5): {}}}","{'node_level': {0: {'cpu': 0}, 1: {'cpu': 0}, 2: {'cpu': 0}, 3: {'cpu': 0}, 4: {'cpu': 0}, 5: {'cpu': 0}}, 'link_level': {(0, 1): {'bw': 0}, (0, 2): {'bw': 0}, (0, 3): {'bw': 0}, (1, 5): {'bw': 0}, (2, 3): {'bw': 0}, (2, 5): {'bw': 0}, (3, 5): {'bw': 0}, (4, 5): {'bw': 100.0}}, 'path_level': {(0, 1): {}, (0, 2): {}, (0, 3): {}, (1, 5): {}, (2, 3): {}, (2, 5): {}, (3, 5): {}, (4, 5): {}}}",[],-inf,-inf,True,False,False,0,[],0,0.0,6.0,8.0,3
96,3,1,2815.0,5789.0,1516158.7280104992,3104016.413928909,0.48626705821385385,0.48845061553376934,15,179,0,3207.4583037388234,15748,2358,13390,0.10985277463193655,0.08631866257250087,86,333.4583037388232,2874.0,6,10,False,{},{},{},{},0.0,0.0,0.0,0.0,0.0,0.0,0.0,0.0,0.0,0.0,0.0,0.0,0.0,0.0,Leave Event,0.0,"{'node_level': {}, 'link_level': {}, 'path_level': {}}","{'node_level': {}, 'link_level': {}, 'path_level': {}}","{'node_level': {}, 'link_level': {}, 'path_level': {}}",[],-inf,-inf,True,True,False,0,[],0,0.0,,,3
96,3,0,2815.0,5789.0,1516158.7280104992,3104016.413928909,0.48626705821385385,0.48845061553376934,15,180,0,3224.227231576257,17304,2649,14655,0.0,0.0,84,422.22723157625694,2802.0,6,5,False,{},{},{},{},0.0,0.0,0.0,0.0,0.0,0.0,0.0,0.0,0.0,0.0,0.0,0.0,0.0,0.0,Leave Event,0.0,"{'node_level': {}, 'link_level': {}, 'path_level': {}}","{'node_level': {}, 'link_level': {}, 'path_level': {}}","{'node_level': {}, 'link_level': {}, 'path_level': {}}",[],-inf,-inf,True,True,False,0,[],0,0.0,,,3
97,3,0,2815.0,5789.0,1516158.7280104992,3104016.413928909,0.48626705821385385,0.48845061553376934,15,181,1,3243.0,17304,2649,14655,0.0,0.0,96,385.4834146371833,3243.0,6,9,False,"{0: np.int64(9), 1: np.int64(23), 2: np.int64(6), 3: np.int64(33), 4: np.int64(14), 5: np.int64(30)}","{(0, 1): [(np.int64(9), 6), (6, 4), (4, 0), (0, 20), (20, 23)], (0, 2): [(np.int64(9), 6)], (0, 3): [(np.int64(9), 6), (6, 4), (4, 0), (0, 28), (28, 30), (30, 33)], (0, 4): [(np.int64(9), 6), (6, 4), (4, 1), (1, 12), (12, 14)], (0, 5): []}","{(0, np.int64(9)): {'cpu': 63}, (1, np.int64(23)): {'cpu': 34}, (2, np.int64(6)): {'cpu': 44}, (3, np.int64(33)): {'cpu': 43}, (4, np.int64(14)): {'cpu': 66}, (5, np.int64(30)): {'cpu': 43}}","{((0, 1), (np.int64(9), 6)): {'bw': 93}, ((0, 1), (6, 4)): {'bw': 93}, ((0, 1), (4, 0)): {'bw': 93}, ((0, 1), (0, 20)): {'bw': 93}, ((0, 1), (20, 23)): {'bw': 93}, ((0, 2), (np.int64(9), 6)): {'bw': 118}, ((0, 3), (np.int64(9), 6)): {'bw': 79}, ((0, 3), (6, 4)): {'bw': 79}, ((0, 3), (4, 0)): {'bw': 79}, ((0, 3), (0, 28)): {'bw': 79}, ((0, 3), (28, 30)): {'bw': 79}, ((0, 3), (30, 33)): {'bw': 79}, ((0, 4), (np.int64(9), 6)): {'bw': 72}, ((0, 4), (6, 4)): {'bw': 72}, ((0, 4), (4, 1)): {'bw': 72}, ((0, 4), (1, 12)): {'bw': 72}, ((0, 4), (12, 14)): {'bw': 72}}",0.0,0.0,586.0,293.0,926.0,0.0,0.0,0.0,0.0,0.0,0.0,0.0,0.0,0.0,Route Failure,100.0,"{'node_level': {}, 'link_level': {}, 'path_level': {}}","{'node_level': {0: {'cpu': -28}, 1: {'cpu': -18}, 2: {'cpu': -25}, 3: {'cpu': -31}, 4: {'cpu': -4}, 5: {'cpu': -40}}, 'link_level': {(0, 1): {'bw': -140}, (0, 2): {'bw': -188}, (0, 3): {'bw': -61}, (0, 4): {'bw': -37}, (0, 5): {'bw': 100.0}}, 'path_level': {(0, 1): {}, (0, 2): {}, (0, 3): {}, (0, 4): {}, (0, 5): {}}}","{'node_level': {0: {'cpu': 0}, 1: {'cpu': 0}, 2: {'cpu': 0}, 3: {'cpu': 0}, 4: {'cpu': 0}, 5: {'cpu': 0}}, 'link_level': {(0, 1): {'bw': 0}, (0, 2): {'bw': 0}, (0, 3): {'bw': 0}, (0, 4): {'bw': 0}, (0, 5): {'bw': 100.0}}, 'path_level': {(0, 1): {}, (0, 2): {}, (0, 3): {}, (0, 4): {}, (0, 5): {}}}",[],-inf,-inf,True,False,False,0,[],0,0.0,6.0,5.0,3
97,3,0,2815.0,5789.0,1516158.7280104992,3104016.413928909,0.48626705821385385,0.48845061553376934,15,182,0,3251.62393554906,17304,2649,14655,0.0,0.0,92,157.62393554906015,3094.0,9,16,False,{},{},{},{},0.0,0.0,0.0,0.0,0.0,0.0,0.0,0.0,0.0,0.0,0.0,0.0,0.0,0.0,Leave Event,0.0,"{'node_level': {}, 'link_level': {}, 'path_level': {}}","{'node_level': {}, 'link_level': {}, 'path_level': {}}","{'node_level': {}, 'link_level': {}, 'path_level': {}}",[],-inf,-inf,True,True,False,0,[],0,0.0,,,3
98,3,0,2815.0,5789.0,1516158.7280104992,3104016.413928909,0.48626705821385385,0.48845061553376934,15,183,1,3278.0,17304,2649,14655,0.0,0.0,97,2734.707737930094,3278.0,10,22,False,"{0: np.int64(30), 1: np.int64(32), 2: np.int64(16), 3: np.int64(9), 4: np.int64(33), 5: np.int64(28), 6: np.int64(11), 7: np.int64(0), 8: np.int64(35), 9: np.int64(6)}","{(0, 2): [(np.int64(30), 28), (28, 0), (0, 12), (12, 14), (14, 16)], (0, 5): [(np.int64(30), 28)], (0, 6): [(np.int64(30), 29), (29, 2), (2, 5), (5, 7), (7, 11)], (0, 9): [(np.int64(30), 29), (29, 2), (2, 5), (5, 6)], (1, 2): []}","{(0, np.int64(30)): {'cpu': 40}, (1, np.int64(32)): {'cpu': 71}, (2, np.int64(16)): {'cpu': 78}, (3, np.int64(9)): {'cpu': 74}, (4, np.int64(33)): {'cpu': 34}, (5, np.int64(28)): {'cpu': 56}, (6, np.int64(11)): {'cpu': 34}, (7, np.int64(0)): {'cpu': 56}, (8, np.int64(35)): {'cpu': 80}, (9, np.int64(6)): {'cpu': 39}}","{((0, 2), (np.int64(30), 28)): {'bw': 147}, ((0, 2), (28, 0)): {'bw': 147}, ((0, 2), (0, 12)): {'bw': 147}, ((0, 2), (12, 14)): {'bw': 147}, ((0, 2), (14, 16)): {'bw': 147}, ((0, 5), (np.int64(30), 28)): {'bw': 96}, ((0, 6), (np.int64(30), 29)): {'bw': 131}, ((0, 6), (29, 2)): {'bw': 131}, ((0, 6), (2, 5)): {'bw': 131}, ((0, 6), (5, 7)): {'bw': 131}, ((0, 6), (7, 11)): {'bw': 131}, ((0, 9), (np.int64(30), 29)): {'bw': 103}, ((0, 9), (29, 2)): {'bw': 103}, ((0, 9), (2, 5)): {'bw': 103}, ((0, 9), (5, 6)): {'bw': 103}}",0.0,0.0,1124.0,562.0,2311.0,0.0,0.0,0.0,0.0,0.0,0.0,0.0,0.0,0.0,Route Failure,100.0,"{'node_level': {}, 'link_level': {}, 'path_level': {}}","{'node_level': {0: {'cpu': -43}, 1: {'cpu': -21}, 2: {'cpu': -1}, 3: {'cpu': -17}, 4: {'cpu': -40}, 5: {'cpu': -34}, 6: {'cpu': -37}, 7: {'cpu': -36}, 8: {'cpu': -13}, 9: {'cpu': -30}}, 'link_level': {(0, 2): {'bw': -86}, (0, 5): {'bw': -98}, (0, 6): {'bw': -188}, (0, 9): {'bw': -85}, (1, 2): {'bw': 100.0}}, 'path_level': {(0, 2): {}, (0, 5): {}, (0, 6): {}, (0, 9): {}, (1, 2): {}}}","{'node_level': {0: {'cpu': 0}, 1: {'cpu': 0}, 2: {'cpu': 0}, 3: {'cpu': 0}, 4: {'cpu': 0}, 5: {'cpu': 0}, 6: {'cpu': 0}, 7: {'cpu': 0}, 8: {'cpu': 0}, 9: {'cpu': 0}}, 'link_level': {(0, 2): {'bw': 0}, (0, 5): {'bw': 0}, (0, 6): {'bw': 0}, (0, 9): {'bw': 0}, (1, 2): {'bw': 100.0}}, 'path_level': {(0, 2): {}, (0, 5): {}, (0, 6): {}, (0, 9): {}, (1, 2): {}}}",[],-inf,-inf,True,False,False,0,[],0,0.0,10.0,5.0,3
98,3,0,2815.0,5789.0,1516158.7280104992,3104016.413928909,0.48626705821385385,0.48845061553376934,15,184,0,3285.674996378487,17304,2649,14655,0.0,0.0,95,78.6749963784867,3207.0,6,8,False,{},{},{},{},0.0,0.0,0.0,0.0,0.0,0.0,0.0,0.0,0.0,0.0,0.0,0.0,0.0,0.0,Leave Event,0.0,"{'node_level': {}, 'link_level': {}, 'path_level': {}}","{'node_level': {}, 'link_level': {}, 'path_level': {}}","{'node_level': {}, 'link_level': {}, 'path_level': {}}",[],-inf,-inf,True,True,False,0,[],0,0.0,,,3
99,3,0,2815.0,5789.0,1516158.7280104992,3104016.413928909,0.48626705821385385,0.48845061553376934,15,185,1,3318.0,17304,2649,14655,0.0,0.0,98,25.150226606189406,3318.0,10,28,False,"{0: np.int64(29), 1: np.int64(8), 2: np.int64(20), 3: np.int64(26), 4: np.int64(9), 5: np.int64(27), 6: np.int64(14), 7: np.int64(28), 8: np.int64(22), 9: np.int64(0)}","{(0, 1): [(np.int64(29), 2), (2, 5), (5, 6), (6, 8)], (0, 2): [(np.int64(29), 2), (2, 21), (21, 22), (22, 20)], (0, 3): [(np.int64(29), 3), (3, 21), (21, 23), (23, 26)], (0, 7): [(np.int64(29), 30), (30, 28)], (0, 8): [(np.int64(29), 3), (3, 21), (21, 22)], (1, 3): [(np.int64(8), 6), (6, 4), (4, 0), (0, 20), (20, 23), (23, 26)], (1, 4): [(np.int64(8), 6), (6, 9)], (1, 5): []}","{(0, np.int64(29)): {'cpu': 46}, (1, np.int64(8)): {'cpu': 69}, (2, np.int64(20)): {'cpu': 55}, (3, np.int64(26)): {'cpu': 44}, (4, np.int64(9)): {'cpu': 67}, (5, np.int64(27)): {'cpu': 53}, (6, np.int64(14)): {'cpu': 31}, (7, np.int64(28)): {'cpu': 50}, (8, np.int64(22)): {'cpu': 61}, (9, np.int64(0)): {'cpu': 41}}","{((0, 1), (np.int64(29), 2)): {'bw': 133}, ((0, 1), (2, 5)): {'bw': 133}, ((0, 1), (5, 6)): {'bw': 133}, ((0, 1), (6, 8)): {'bw': 133}, ((0, 2), (np.int64(29), 2)): {'bw': 122}, ((0, 2), (2, 21)): {'bw': 122}, ((0, 2), (21, 22)): {'bw': 122}, ((0, 2), (22, 20)): {'bw': 122}, ((0, 3), (np.int64(29), 3)): {'bw': 89}, ((0, 3), (3, 21)): {'bw': 89}, ((0, 3), (21, 23)): {'bw': 89}, ((0, 3), (23, 26)): {'bw': 89}, ((0, 7), (np.int64(29), 30)): {'bw': 60}, ((0, 7), (30, 28)): {'bw': 60}, ((0, 8), (np.int64(29), 3)): {'bw': 85}, ((0, 8), (3, 21)): {'bw': 85}, ((0, 8), (21, 22)): {'bw': 85}, ((1, 3), (np.int64(8), 6)): {'bw': 62}, ((1, 3), (6, 4)): {'bw': 62}, ((1, 3), (4, 0)): {'bw': 62}, ((1, 3), (0, 20)): {'bw': 62}, ((1, 3), (20, 23)): {'bw': 62}, ((1, 3), (23, 26)): {'bw': 62}, ((1, 4), (np.int64(8), 6)): {'bw': 87}, ((1, 4), (6, 9)): {'bw': 87}}",0.0,0.0,1034.0,517.0,2953.0,0.0,0.0,0.0,0.0,0.0,0.0,0.0,0.0,0.0,Route Failure,100.0,"{'node_level': {}, 'link_level': {}, 'path_level': {}}","{'node_level': {0: {'cpu': -50}, 1: {'cpu': -24}, 2: {'cpu': -12}, 3: {'cpu': -32}, 4: {'cpu': -24}, 5: {'cpu': -2}, 6: {'cpu': -39}, 7: {'cpu': -40}, 8: {'cpu': -11}, 9: {'cpu': -51}}, 'link_level': {(0, 1): {'bw': -186}, (0, 2): {'bw': -64}, (0, 3): {'bw': -129}, (0, 7): {'bw': -281}, (0, 8): {'bw': -44}, (1, 3): {'bw': -171}, (1, 4): {'bw': -102}, (1, 5): {'bw': 100.0}}, 'path_level': {(0, 1): {}, (0, 2): {}, (0, 3): {}, (0, 7): {}, (0, 8): {}, (1, 3): {}, (1, 4): {}, (1, 5): {}}}","{'node_level': {0: {'cpu': 0}, 1: {'cpu': 0}, 2: {'cpu': 0}, 3: {'cpu': 0}, 4: {'cpu': 0}, 5: {'cpu': 0}, 6: {'cpu': 0}, 7: {'cpu': 0}, 8: {'cpu': 0}, 9: {'cpu': 0}}, 'link_level': {(0, 1): {'bw': 0}, (0, 2): {'bw': 0}, (0, 3): {'bw': 0}, (0, 7): {'bw': 0}, (0, 8): {'bw': 0}, (1, 3): {'bw': 0}, (1, 4): {'bw': 0}, (1, 5): {'bw': 100.0}}, 'path_level': {(0, 1): {}, (0, 2): {}, (0, 3): {}, (0, 7): {}, (0, 8): {}, (1, 3): {}, (1, 4): {}, (1, 5): {}}}",[],-inf,-inf,True,False,False,0,[],0,0.0,10.0,8.0,3
99,3,0,2815.0,5789.0,1516158.7280104992,3104016.413928909,0.48626705821385385,0.48845061553376934,15,186,0,3343.1502266061893,17304,2649,14655,0.0,0.0,98,25.150226606189406,3318.0,10,28,False,{},{},{},{},0.0,0.0,0.0,0.0,0.0,0.0,0.0,0.0,0.0,0.0,0.0,0.0,0.0,0.0,Leave Event,0.0,"{'node_level': {}, 'link_level': {}, 'path_level': {}}","{'node_level': {}, 'link_level': {}, 'path_level': {}}","{'node_level': {}, 'link_level': {}, 'path_level': {}}",[],-inf,-inf,True,True,False,0,[],0,0.0,,,3
100,3,0,2815.0,5789.0,1516158.7280104992,3104016.413928909,0.48626705821385385,0.48845061553376934,15,187,1,3355.0,17304,2649,14655,0.0,0.0,99,180.3557097190893,3355.0,10,23,False,"{0: np.int64(1), 1: np.int64(30), 2: np.int64(0), 3: np.int64(6), 4: np.int64(13), 5: np.int64(21), 6: np.int64(28), 7: np.int64(17), 8: np.int64(4), 9: np.int64(16)}","{(0, 1): [(np.int64(1), 28), (28, 30)], (0, 2): [(np.int64(1), 4), (4, 0)], (0, 5): [(np.int64(1), 20), (20, 22), (22, 21)], (0, 6): [(np.int64(1), 28)], (0, 9): [(np.int64(1), 12), (12, 14), (14, 16)], (1, 5): [(np.int64(30), 29), (29, 2), (2, 21)], (1, 7): [(np.int64(30), 28), (28, 0), (0, 12), (12, 14), (14, 17)], (2, 4): [(np.int64(0), 12), (12, 15), (15, 13)], (2, 5): [(np.int64(0), 20), (20, 22), (22, 21)], (2, 6): [(np.int64(0), 28)], (2, 7): [(np.int64(0), 12), (12, 15), (15, 13), (13, 14), (14, 17)], (3, 4): [(np.int64(6), 5), (5, 2), (2, 13)], (3, 5): [(np.int64(6), 5), (5, 2), (2, 21)], (3, 6): [(np.int64(6), 5), (5, 2), (2, 29), (29, 30), (30, 28)], (3, 7): [(np.int64(6), 4), (4, 1), (1, 12), (12, 15), (15, 13), (13, 14), (14, 17)], (3, 9): []}","{(0, np.int64(1)): {'cpu': 57}, (1, np.int64(30)): {'cpu': 64}, (2, np.int64(0)): {'cpu': 58}, (3, np.int64(6)): {'cpu': 58}, (4, np.int64(13)): {'cpu': 46}, (5, np.int64(21)): {'cpu': 51}, (6, np.int64(28)): {'cpu': 65}, (7, np.int64(17)): {'cpu': 65}, (8, np.int64(4)): {'cpu': 32}, (9, np.int64(16)): {'cpu': 67}}","{((0, 1), (np.int64(1), 28)): {'bw': 78}, ((0, 1), (28, 30)): {'bw': 78}, ((0, 2), (np.int64(1), 4)): {'bw': 121}, ((0, 2), (4, 0)): {'bw': 121}, ((0, 5), (np.int64(1), 20)): {'bw': 132}, ((0, 5), (20, 22)): {'bw': 132}, ((0, 5), (22, 21)): {'bw': 132}, ((0, 6), (np.int64(1), 28)): {'bw': 149}, ((0, 9), (np.int64(1), 12)): {'bw': 80}, ((0, 9), (12, 14)): {'bw': 80}, ((0, 9), (14, 16)): {'bw': 80}, ((1, 5), (np.int64(30), 29)): {'bw': 84}, ((1, 5), (29, 2)): {'bw': 84}, ((1, 5), (2, 21)): {'bw': 84}, ((1, 7), (np.int64(30), 28)): {'bw': 121}, ((1, 7), (28, 0)): {'bw': 121}, ((1, 7), (0, 12)): {'bw': 121}, ((1, 7), (12, 14)): {'bw': 121}, ((1, 7), (14, 17)): {'bw': 121}, ((2, 4), (np.int64(0), 12)): {'bw': 110}, ((2, 4), (12, 15)): {'bw': 110}, ((2, 4), (15, 13)): {'bw': 110}, ((2, 5), (np.int64(0), 20)): {'bw': 115}, ((2, 5), (20, 22)): {'bw': 115}, ((2, 5), (22, 21)): {'bw': 115}, ((2, 6), (np.int64(0), 28)): {'bw': 72}, ((2, 7), (np.int64(0), 12)): {'bw': 73}, ((2, 7), (12, 15)): {'bw': 73}, ((2, 7), (15, 13)): {'bw': 73}, ((2, 7), (13, 14)): {'bw': 73}, ((2, 7), (14, 17)): {'bw': 73}, ((3, 4), (np.int64(6), 5)): {'bw': 115}, ((3, 4), (5, 2)): {'bw': 115}, ((3, 4), (2, 13)): {'bw': 115}, ((3, 5), (np.int64(6), 5)): {'bw': 78}, ((3, 5), (5, 2)): {'bw': 78}, ((3, 5), (2, 21)): {'bw': 78}, ((3, 6), (np.int64(6), 5)): {'bw': 119}, ((3, 6), (5, 2)): {'bw': 119}, ((3, 6), (2, 29)): {'bw': 119}, ((3, 6), (29, 30)): {'bw': 119}, ((3, 6), (30, 28)): {'bw': 119}, ((3, 7), (np.int64(6), 4)): {'bw': 76}, ((3, 7), (4, 1)): {'bw': 76}, ((3, 7), (1, 12)): {'bw': 76}, ((3, 7), (12, 15)): {'bw': 76}, ((3, 7), (15, 13)): {'bw': 76}, ((3, 7), (13, 14)): {'bw': 76}, ((3, 7), (14, 17)): {'bw': 76}}",0.0,0.0,1126.0,563.0,2373.0,0.0,0.0,0.0,0.0,0.0,0.0,0.0,0.0,0.0,Route Failure,100.0,"{'node_level': {}, 'link_level': {}, 'path_level': {}}","{'node_level': {0: {'cpu': -17}, 1: {'cpu': -19}, 2: {'cpu': -34}, 3: {'cpu': -11}, 4: {'cpu': -36}, 5: {'cpu': -25}, 6: {'cpu': -25}, 7: {'cpu': -24}, 8: {'cpu': -18}, 9: {'cpu': -12}}, 'link_level': {(0, 1): {'bw': -171}, (0, 2): {'bw': -112}, (0, 5): {'bw': -162}, (0, 6): {'bw': -22}, (0, 9): {'bw': -140}, (1, 5): {'bw': -144}, (1, 7): {'bw': -32}, (2, 4): {'bw': -92}, (2, 5): {'bw': -97}, (2, 6): {'bw': -183}, (2, 7): {'bw': -19}, (3, 4): {'bw': -212}, (3, 5): {'bw': -66}, (3, 6): {'bw': -23}, (3, 7): {'bw': -26}, (3, 9): {'bw': 100.0}}, 'path_level': {(0, 1): {}, (0, 2): {}, (0, 5): {}, (0, 6): {}, (0, 9): {}, (1, 5): {}, (1, 7): {}, (2, 4): {}, (2, 5): {}, (2, 6): {}, (2, 7): {}, (3, 4): {}, (3, 5): {}, (3, 6): {}, (3, 7): {}, (3, 9): {}}}","{'node_level': {0: {'cpu': 0}, 1: {'cpu': 0}, 2: {'cpu': 0}, 3: {'cpu': 0}, 4: {'cpu': 0}, 5: {'cpu': 0}, 6: {'cpu': 0}, 7: {'cpu': 0}, 8: {'cpu': 0}, 9: {'cpu': 0}}, 'link_level': {(0, 1): {'bw': 0}, (0, 2): {'bw': 0}, (0, 5): {'bw': 0}, (0, 6): {'bw': 0}, (0, 9): {'bw': 0}, (1, 5): {'bw': 0}, (1, 7): {'bw': 0}, (2, 4): {'bw': 0}, (2, 5): {'bw': 0}, (2, 6): {'bw': 0}, (2, 7): {'bw': 0}, (3, 4): {'bw': 0}, (3, 5): {'bw': 0}, (3, 6): {'bw': 0}, (3, 7): {'bw': 0}, (3, 9): {'bw': 100.0}}, 'path_level': {(0, 1): {}, (0, 2): {}, (0, 5): {}, (0, 6): {}, (0, 9): {}, (1, 5): {}, (1, 7): {}, (2, 4): {}, (2, 5): {}, (2, 6): {}, (2, 7): {}, (3, 4): {}, (3, 5): {}, (3, 6): {}, (3, 7): {}, (3, 9): {}}}",[],-inf,-inf,True,False,False,0,[],0,0.0,10.0,16.0,3
101,3,0,2815.0,5789.0,1516158.7280104992,3104016.413928909,0.48626705821385385,0.48845061553376934,15,188,1,3376.0,17304,2649,14655,0.0,0.0,100,675.1034514207436,3376.0,10,27,False,"{0: np.int64(21), 1: np.int64(16), 2: np.int64(6), 3: np.int64(2), 4: np.int64(10), 5: np.int64(26), 6: np.int64(15), 7: np.int64(13), 8: np.int64(17), 9: np.int64(5)}","{(0, 1): [(np.int64(21), 2), (2, 13), (13, 14), (14, 16)], (0, 2): [(np.int64(21), 2), (2, 5), (5, 6)], (0, 3): [(np.int64(21), 3), (3, 5), (5, 2)], (0, 4): [(np.int64(21), 3), (3, 5), (5, 7), (7, 10)], (0, 5): [(np.int64(21), 23), (23, 26)], (1, 2): [(np.int64(16), 14), (14, 12), (12, 0), (0, 4), (4, 6)], (1, 3): [(np.int64(16), 14), (14, 13), (13, 2)], (1, 4): []}","{(0, np.int64(21)): {'cpu': 64}, (1, np.int64(16)): {'cpu': 49}, (2, np.int64(6)): {'cpu': 41}, (3, np.int64(2)): {'cpu': 38}, (4, np.int64(10)): {'cpu': 37}, (5, np.int64(26)): {'cpu': 55}, (6, np.int64(15)): {'cpu': 69}, (7, np.int64(13)): {'cpu': 43}, (8, np.int64(17)): {'cpu': 79}, (9, np.int64(5)): {'cpu': 37}}","{((0, 1), (np.int64(21), 2)): {'bw': 81}, ((0, 1), (2, 13)): {'bw': 81}, ((0, 1), (13, 14)): {'bw': 81}, ((0, 1), (14, 16)): {'bw': 81}, ((0, 2), (np.int64(21), 2)): {'bw': 87}, ((0, 2), (2, 5)): {'bw': 87}, ((0, 2), (5, 6)): {'bw': 87}, ((0, 3), (np.int64(21), 3)): {'bw': 76}, ((0, 3), (3, 5)): {'bw': 76}, ((0, 3), (5, 2)): {'bw': 76}, ((0, 4), (np.int64(21), 3)): {'bw': 67}, ((0, 4), (3, 5)): {'bw': 67}, ((0, 4), (5, 7)): {'bw': 67}, ((0, 4), (7, 10)): {'bw': 67}, ((0, 5), (np.int64(21), 23)): {'bw': 140}, ((0, 5), (23, 26)): {'bw': 140}, ((1, 2), (np.int64(16), 14)): {'bw': 92}, ((1, 2), (14, 12)): {'bw': 92}, ((1, 2), (12, 0)): {'bw': 92}, ((1, 2), (0, 4)): {'bw': 92}, ((1, 2), (4, 6)): {'bw': 92}, ((1, 3), (np.int64(16), 14)): {'bw': 68}, ((1, 3), (14, 13)): {'bw': 68}, ((1, 3), (13, 2)): {'bw': 68}}",0.0,0.0,1024.0,512.0,2716.0,0.0,0.0,0.0,0.0,0.0,0.0,0.0,0.0,0.0,Route Failure,100.0,"{'node_level': {}, 'link_level': {}, 'path_level': {}}","{'node_level': {0: {'cpu': -12}, 1: {'cpu': -30}, 2: {'cpu': -28}, 3: {'cpu': -15}, 4: {'cpu': -23}, 5: {'cpu': -21}, 6: {'cpu': -25}, 7: {'cpu': -39}, 8: {'cpu': -10}, 9: {'cpu': -34}}, 'link_level': {(0, 1): {'bw': -120}, (0, 2): {'bw': -60}, (0, 3): {'bw': -178}, (0, 4): {'bw': -111}, (0, 5): {'bw': -204}, (1, 2): {'bw': -141}, (1, 3): {'bw': -52}, (1, 4): {'bw': 100.0}}, 'path_level': {(0, 1): {}, (0, 2): {}, (0, 3): {}, (0, 4): {}, (0, 5): {}, (1, 2): {}, (1, 3): {}, (1, 4): {}}}","{'node_level': {0: {'cpu': 0}, 1: {'cpu': 0}, 2: {'cpu': 0}, 3: {'cpu': 0}, 4: {'cpu': 0}, 5: {'cpu': 0}, 6: {'cpu': 0}, 7: {'cpu': 0}, 8: {'cpu': 0}, 9: {'cpu': 0}}, 'link_level': {(0, 1): {'bw': 0}, (0, 2): {'bw': 0}, (0, 3): {'bw': 0}, (0, 4): {'bw': 0}, (0, 5): {'bw': 0}, (1, 2): {'bw': 0}, (1, 3): {'bw': 0}, (1, 4): {'bw': 100.0}}, 'path_level': {(0, 1): {}, (0, 2): {}, (0, 3): {}, (0, 4): {}, (0, 5): {}, (1, 2): {}, (1, 3): {}, (1, 4): {}}}",[],-inf,-inf,True,False,False,0,[],0,0.0,10.0,8.0,3
101,3,0,2815.0,5789.0,1516158.7280104992,3104016.413928909,0.48626705821385385,0.48845061553376934,15,189,0,3403.581989320236,17304,2649,14655,0.0,0.0,72,1014.581989320236,2389.0,10,22,False,{},{},{},{},0.0,0.0,0.0,0.0,0.0,0.0,0.0,0.0,0.0,0.0,0.0,0.0,0.0,0.0,Leave Event,0.0,"{'node_level': {}, 'link_level': {}, 'path_level': {}}","{'node_level': {}, 'link_level': {}, 'path_level': {}}","{'node_level': {}, 'link_level': {}, 'path_level': {}}",[],-inf,-inf,True,True,False,0,[],0,0.0,,,3
102,3,0,2815.0,5789.0,1516158.7280104992,3104016.413928909,0.48626705821385385,0.48845061553376934,15,190,1,3406.0,17304,2649,14655,0.0,0.0,101,20.078528472529662,3406.0,9,18,False,"{0: np.int64(17), 1: np.int64(7), 2: np.int64(35), 3: np.int64(28), 4: np.int64(13), 5: np.int64(21), 6: np.int64(0), 7: np.int64(14), 8: np.int64(16)}","{(0, 1): [(np.int64(17), 14), (14, 12), (12, 0), (0, 4), (4, 7)], (0, 3): [(np.int64(17), 14), (14, 12), (12, 0), (0, 28)], (0, 6): []}","{(0, np.int64(17)): {'cpu': 71}, (1, np.int64(7)): {'cpu': 39}, (2, np.int64(35)): {'cpu': 68}, (3, np.int64(28)): {'cpu': 60}, (4, np.int64(13)): {'cpu': 71}, (5, np.int64(21)): {'cpu': 53}, (6, np.int64(0)): {'cpu': 74}, (7, np.int64(14)): {'cpu': 53}, (8, np.int64(16)): {'cpu': 69}}","{((0, 1), (np.int64(17), 14)): {'bw': 133}, ((0, 1), (14, 12)): {'bw': 133}, ((0, 1), (12, 0)): {'bw': 133}, ((0, 1), (0, 4)): {'bw': 133}, ((0, 1), (4, 7)): {'bw': 133}, ((0, 3), (np.int64(17), 14)): {'bw': 85}, ((0, 3), (14, 12)): {'bw': 85}, ((0, 3), (12, 0)): {'bw': 85}, ((0, 3), (0, 28)): {'bw': 85}}",0.0,0.0,1116.0,558.0,1917.0,0.0,0.0,0.0,0.0,0.0,0.0,0.0,0.0,0.0,Route Failure,100.0,"{'node_level': {}, 'link_level': {}, 'path_level': {}}","{'node_level': {0: {'cpu': -18}, 1: {'cpu': -21}, 2: {'cpu': -25}, 3: {'cpu': -30}, 4: {'cpu': -11}, 5: {'cpu': -23}, 6: {'cpu': -18}, 7: {'cpu': -17}, 8: {'cpu': -10}}, 'link_level': {(0, 1): {'bw': -100}, (0, 3): {'bw': -15}, (0, 6): {'bw': 100.0}}, 'path_level': {(0, 1): {}, (0, 3): {}, (0, 6): {}}}","{'node_level': {0: {'cpu': 0}, 1: {'cpu': 0}, 2: {'cpu': 0}, 3: {'cpu': 0}, 4: {'cpu': 0}, 5: {'cpu': 0}, 6: {'cpu': 0}, 7: {'cpu': 0}, 8: {'cpu': 0}}, 'link_level': {(0, 1): {'bw': 0}, (0, 3): {'bw': 0}, (0, 6): {'bw': 100.0}}, 'path_level': {(0, 1): {}, (0, 3): {}, (0, 6): {}}}",[],-inf,-inf,True,False,False,0,[],0,0.0,9.0,3.0,3
102,3,0,2815.0,5789.0,1516158.7280104992,3104016.413928909,0.48626705821385385,0.48845061553376934,15,191,0,3421.3268973311388,17304,2649,14655,0.0,0.0,90,402.32689733113864,3019.0,10,20,False,{},{},{},{},0.0,0.0,0.0,0.0,0.0,0.0,0.0,0.0,0.0,0.0,0.0,0.0,0.0,0.0,Leave Event,0.0,"{'node_level': {}, 'link_level': {}, 'path_level': {}}","{'node_level': {}, 'link_level': {}, 'path_level': {}}","{'node_level': {}, 'link_level': {}, 'path_level': {}}",[],-inf,-inf,True,True,False,0,[],0,0.0,,,3
102,3,0,2815.0,5789.0,1516158.7280104992,3104016.413928909,0.48626705821385385,0.48845061553376934,15,192,0,3426.07852847253,17304,2649,14655,0.0,0.0,101,20.078528472529662,3406.0,9,18,False,{},{},{},{},0.0,0.0,0.0,0.0,0.0,0.0,0.0,0.0,0.0,0.0,0.0,0.0,0.0,0.0,Leave Event,0.0,"{'node_level': {}, 'link_level': {}, 'path_level': {}}","{'node_level': {}, 'link_level': {}, 'path_level': {}}","{'node_level': {}, 'link_level': {}, 'path_level': {}}",[],-inf,-inf,True,True,False,0,[],0,0.0,,,3
103,3,0,2815.0,5789.0,1516158.7280104992,3104016.413928909,0.48626705821385385,0.48845061553376934,15,193,1,3432.0,17304,2649,14655,0.0,0.0,102,686.5332994827498,3432.0,9,20,False,"{0: np.int64(13), 1: np.int64(15), 2: np.int64(14), 3: np.int64(6), 4: np.int64(28), 5: np.int64(3), 6: np.int64(16), 7: np.int64(9), 8: np.int64(24)}","{(0, 1): [(np.int64(13), 15)], (0, 2): [(np.int64(13), 14)], (0, 3): [(np.int64(13), 2), (2, 5), (5, 6)], (0, 5): [(np.int64(13), 3)], (0, 6): [(np.int64(13), 14), (14, 16)], (0, 8): [(np.int64(13), 2), (2, 21), (21, 22), (22, 24)], (1, 2): [(np.int64(15), 12), (12, 14)], (1, 5): [(np.int64(15), 12), (12, 0), (0, 4), (4, 6), (6, 5), (5, 3)], (1, 6): [(np.int64(15), 13), (13, 2), (2, 5), (5, 6), (6, 4), (4, 0), (0, 12), (12, 14), (14, 16)], (1, 8): []}","{(0, np.int64(13)): {'cpu': 47}, (1, np.int64(15)): {'cpu': 47}, (2, np.int64(14)): {'cpu': 39}, (3, np.int64(6)): {'cpu': 37}, (4, np.int64(28)): {'cpu': 76}, (5, np.int64(3)): {'cpu': 52}, (6, np.int64(16)): {'cpu': 66}, (7, np.int64(9)): {'cpu': 80}, (8, np.int64(24)): {'cpu': 35}}","{((0, 1), (np.int64(13), 15)): {'bw': 124}, ((0, 2), (np.int64(13), 14)): {'bw': 84}, ((0, 3), (np.int64(13), 2)): {'bw': 69}, ((0, 3), (2, 5)): {'bw': 69}, ((0, 3), (5, 6)): {'bw': 69}, ((0, 5), (np.int64(13), 3)): {'bw': 146}, ((0, 6), (np.int64(13), 14)): {'bw': 86}, ((0, 6), (14, 16)): {'bw': 86}, ((0, 8), (np.int64(13), 2)): {'bw': 145}, ((0, 8), (2, 21)): {'bw': 145}, ((0, 8), (21, 22)): {'bw': 145}, ((0, 8), (22, 24)): {'bw': 145}, ((1, 2), (np.int64(15), 12)): {'bw': 108}, ((1, 2), (12, 14)): {'bw': 108}, ((1, 5), (np.int64(15), 12)): {'bw': 150}, ((1, 5), (12, 0)): {'bw': 150}, ((1, 5), (0, 4)): {'bw': 150}, ((1, 5), (4, 6)): {'bw': 150}, ((1, 5), (6, 5)): {'bw': 150}, ((1, 5), (5, 3)): {'bw': 150}, ((1, 6), (np.int64(15), 13)): {'bw': 63}, ((1, 6), (13, 2)): {'bw': 63}, ((1, 6), (2, 5)): {'bw': 63}, ((1, 6), (5, 6)): {'bw': 63}, ((1, 6), (6, 4)): {'bw': 63}, ((1, 6), (4, 0)): {'bw': 63}, ((1, 6), (0, 12)): {'bw': 63}, ((1, 6), (12, 14)): {'bw': 63}, ((1, 6), (14, 16)): {'bw': 63}}",0.0,0.0,958.0,479.0,1916.0,0.0,0.0,0.0,0.0,0.0,0.0,0.0,0.0,0.0,Route Failure,100.0,"{'node_level': {}, 'link_level': {}, 'path_level': {}}","{'node_level': {0: {'cpu': -35}, 1: {'cpu': -47}, 2: {'cpu': -31}, 3: {'cpu': -32}, 4: {'cpu': -14}, 5: {'cpu': -6}, 6: {'cpu': -13}, 7: {'cpu': -11}, 8: {'cpu': -17}}, 'link_level': {(0, 1): {'bw': -161}, (0, 2): {'bw': -117}, (0, 3): {'bw': -258}, (0, 5): {'bw': -54}, (0, 6): {'bw': -31}, (0, 8): {'bw': -73}, (1, 2): {'bw': -125}, (1, 5): {'bw': -55}, (1, 6): {'bw': -20}, (1, 8): {'bw': 100.0}}, 'path_level': {(0, 1): {}, (0, 2): {}, (0, 3): {}, (0, 5): {}, (0, 6): {}, (0, 8): {}, (1, 2): {}, (1, 5): {}, (1, 6): {}, (1, 8): {}}}","{'node_level': {0: {'cpu': 0}, 1: {'cpu': 0}, 2: {'cpu': 0}, 3: {'cpu': 0}, 4: {'cpu': 0}, 5: {'cpu': 0}, 6: {'cpu': 0}, 7: {'cpu': 0}, 8: {'cpu': 0}}, 'link_level': {(0, 1): {'bw': 0}, (0, 2): {'bw': 0}, (0, 3): {'bw': 0}, (0, 5): {'bw': 0}, (0, 6): {'bw': 0}, (0, 8): {'bw': 0}, (1, 2): {'bw': 0}, (1, 5): {'bw': 0}, (1, 6): {'bw': 0}, (1, 8): {'bw': 100.0}}, 'path_level': {(0, 1): {}, (0, 2): {}, (0, 3): {}, (0, 5): {}, (0, 6): {}, (0, 8): {}, (1, 2): {}, (1, 5): {}, (1, 6): {}, (1, 8): {}}}",[],-inf,-inf,True,False,False,0,[],0,0.0,9.0,10.0,3
104,3,0,2815.0,5789.0,1516158.7280104992,3104016.413928909,0.48626705821385385,0.48845061553376934,15,194,1,3457.0,17304,2649,14655,0.0,0.0,103,425.97917847259674,3457.0,6,10,False,"{0: np.int64(21), 1: np.int64(12), 2: np.int64(9), 3: np.int64(24), 4: np.int64(19), 5: np.int64(8)}","{(0, 1): [(np.int64(21), 2), (2, 13), (13, 14), (14, 12)], (0, 2): [(np.int64(21), 2), (2, 5), (5, 6), (6, 9)], (0, 5): [(np.int64(21), 3), (3, 5), (5, 6), (6, 8)], (1, 2): [(np.int64(12), 0), (0, 4), (4, 6), (6, 9)], (1, 4): [(np.int64(12), 15), (15, 19)], (1, 5): [(np.int64(12), 1), (1, 4), (4, 6), (6, 8)], (2, 4): [(np.int64(9), 6), (6, 5), (5, 2), (2, 13), (13, 15), (15, 19)], (3, 4): []}","{(0, np.int64(21)): {'cpu': 38}, (1, np.int64(12)): {'cpu': 73}, (2, np.int64(9)): {'cpu': 39}, (3, np.int64(24)): {'cpu': 47}, (4, np.int64(19)): {'cpu': 51}, (5, np.int64(8)): {'cpu': 74}}","{((0, 1), (np.int64(21), 2)): {'bw': 107}, ((0, 1), (2, 13)): {'bw': 107}, ((0, 1), (13, 14)): {'bw': 107}, ((0, 1), (14, 12)): {'bw': 107}, ((0, 2), (np.int64(21), 2)): {'bw': 93}, ((0, 2), (2, 5)): {'bw': 93}, ((0, 2), (5, 6)): {'bw': 93}, ((0, 2), (6, 9)): {'bw': 93}, ((0, 5), (np.int64(21), 3)): {'bw': 110}, ((0, 5), (3, 5)): {'bw': 110}, ((0, 5), (5, 6)): {'bw': 110}, ((0, 5), (6, 8)): {'bw': 110}, ((1, 2), (np.int64(12), 0)): {'bw': 141}, ((1, 2), (0, 4)): {'bw': 141}, ((1, 2), (4, 6)): {'bw': 141}, ((1, 2), (6, 9)): {'bw': 141}, ((1, 4), (np.int64(12), 15)): {'bw': 148}, ((1, 4), (15, 19)): {'bw': 148}, ((1, 5), (np.int64(12), 1)): {'bw': 102}, ((1, 5), (1, 4)): {'bw': 102}, ((1, 5), (4, 6)): {'bw': 102}, ((1, 5), (6, 8)): {'bw': 102}, ((2, 4), (np.int64(9), 6)): {'bw': 102}, ((2, 4), (6, 5)): {'bw': 102}, ((2, 4), (5, 2)): {'bw': 102}, ((2, 4), (2, 13)): {'bw': 102}, ((2, 4), (13, 15)): {'bw': 102}, ((2, 4), (15, 19)): {'bw': 102}}",0.0,0.0,644.0,322.0,1167.0,0.0,0.0,0.0,0.0,0.0,0.0,0.0,0.0,0.0,Route Failure,100.0,"{'node_level': {}, 'link_level': {}, 'path_level': {}}","{'node_level': {0: {'cpu': -38}, 1: {'cpu': -15}, 2: {'cpu': -52}, 3: {'cpu': -5}, 4: {'cpu': -25}, 5: {'cpu': -19}}, 'link_level': {(0, 1): {'bw': -94}, (0, 2): {'bw': -28}, (0, 5): {'bw': -144}, (1, 2): {'bw': -92}, (1, 4): {'bw': -151}, (1, 5): {'bw': -73}, (2, 4): {'bw': -49}, (3, 4): {'bw': 100.0}}, 'path_level': {(0, 1): {}, (0, 2): {}, (0, 5): {}, (1, 2): {}, (1, 4): {}, (1, 5): {}, (2, 4): {}, (3, 4): {}}}","{'node_level': {0: {'cpu': 0}, 1: {'cpu': 0}, 2: {'cpu': 0}, 3: {'cpu': 0}, 4: {'cpu': 0}, 5: {'cpu': 0}}, 'link_level': {(0, 1): {'bw': 0}, (0, 2): {'bw': 0}, (0, 5): {'bw': 0}, (1, 2): {'bw': 0}, (1, 4): {'bw': 0}, (1, 5): {'bw': 0}, (2, 4): {'bw': 0}, (3, 4): {'bw': 100.0}}, 'path_level': {(0, 1): {}, (0, 2): {}, (0, 5): {}, (1, 2): {}, (1, 4): {}, (1, 5): {}, (2, 4): {}, (3, 4): {}}}",[],-inf,-inf,True,False,False,0,[],0,0.0,6.0,8.0,3
105,3,0,2815.0,5789.0,1516158.7280104992,3104016.413928909,0.48626705821385385,0.48845061553376934,15,195,1,3487.0,17304,2649,14655,0.0,0.0,104,657.8353377825421,3487.0,6,7,False,"{0: np.int64(5), 1: np.int64(16), 2: np.int64(35), 3: np.int64(19), 4: np.int64(9), 5: np.int64(20)}","{(0, 4): [(np.int64(5), 6), (6, 9)], (1, 2): [(np.int64(16), 14), (14, 12), (12, 0), (0, 28), (28, 31), (31, 35)], (1, 3): [(np.int64(16), 14), (14, 13), (13, 15), (15, 19)], (1, 4): [(np.int64(16), 14), (14, 12), (12, 0), (0, 4), (4, 6), (6, 9)], (1, 5): []}","{(0, np.int64(5)): {'cpu': 36}, (1, np.int64(16)): {'cpu': 40}, (2, np.int64(35)): {'cpu': 73}, (3, np.int64(19)): {'cpu': 73}, (4, np.int64(9)): {'cpu': 30}, (5, np.int64(20)): {'cpu': 67}}","{((0, 4), (np.int64(5), 6)): {'bw': 78}, ((0, 4), (6, 9)): {'bw': 78}, ((1, 2), (np.int64(16), 14)): {'bw': 91}, ((1, 2), (14, 12)): {'bw': 91}, ((1, 2), (12, 0)): {'bw': 91}, ((1, 2), (0, 28)): {'bw': 91}, ((1, 2), (28, 31)): {'bw': 91}, ((1, 2), (31, 35)): {'bw': 91}, ((1, 3), (np.int64(16), 14)): {'bw': 145}, ((1, 3), (14, 13)): {'bw': 145}, ((1, 3), (13, 15)): {'bw': 145}, ((1, 3), (15, 19)): {'bw': 145}, ((1, 4), (np.int64(16), 14)): {'bw': 78}, ((1, 4), (14, 12)): {'bw': 78}, ((1, 4), (12, 0)): {'bw': 78}, ((1, 4), (0, 4)): {'bw': 78}, ((1, 4), (4, 6)): {'bw': 78}, ((1, 4), (6, 9)): {'bw': 78}}",0.0,0.0,638.0,319.0,689.0,0.0,0.0,0.0,0.0,0.0,0.0,0.0,0.0,0.0,Route Failure,100.0,"{'node_level': {}, 'link_level': {}, 'path_level': {}}","{'node_level': {0: {'cpu': -35}, 1: {'cpu': -39}, 2: {'cpu': -20}, 3: {'cpu': -3}, 4: {'cpu': -61}, 5: {'cpu': 0}}, 'link_level': {(0, 4): {'bw': -287}, (1, 2): {'bw': -111}, (1, 3): {'bw': -56}, (1, 4): {'bw': -3}, (1, 5): {'bw': 100.0}}, 'path_level': {(0, 4): {}, (1, 2): {}, (1, 3): {}, (1, 4): {}, (1, 5): {}}}","{'node_level': {0: {'cpu': 0}, 1: {'cpu': 0}, 2: {'cpu': 0}, 3: {'cpu': 0}, 4: {'cpu': 0}, 5: {'cpu': 0}}, 'link_level': {(0, 4): {'bw': 0}, (1, 2): {'bw': 0}, (1, 3): {'bw': 0}, (1, 4): {'bw': 0}, (1, 5): {'bw': 100.0}}, 'path_level': {(0, 4): {}, (1, 2): {}, (1, 3): {}, (1, 4): {}, (1, 5): {}}}",[],-inf,-inf,True,False,False,0,[],0,0.0,6.0,5.0,3
106,3,0,2815.0,5789.0,1516158.7280104992,3104016.413928909,0.48626705821385385,0.48845061553376934,15,196,1,3519.0,17304,2649,14655,0.0,0.0,105,400.1798115176719,3519.0,8,15,False,"{0: np.int64(20), 1: np.int64(7), 2: np.int64(5), 3: np.int64(8), 4: np.int64(28), 5: np.int64(11), 6: np.int64(17), 7: np.int64(33)}","{(0, 3): [(np.int64(20), 0), (0, 4), (4, 6), (6, 8)], (0, 4): [(np.int64(20), 0), (0, 28)], (0, 6): [(np.int64(20), 1), (1, 12), (12, 14), (14, 17)], (0, 7): [(np.int64(20), 1), (1, 28), (28, 30), (30, 33)], (1, 2): [(np.int64(7), 5)], (1, 4): [(np.int64(7), 4), (4, 1), (1, 28)], (1, 5): [(np.int64(7), 11)], (1, 7): [(np.int64(7), 4), (4, 0), (0, 28), (28, 30), (30, 33)], (2, 3): [(np.int64(5), 6), (6, 8)], (2, 5): [(np.int64(5), 7), (7, 11)], (2, 6): [(np.int64(5), 2), (2, 13), (13, 14), (14, 17)], (3, 6): [(np.int64(8), 6), (6, 5), (5, 2), (2, 13), (13, 15), (15, 12), (12, 14), (14, 17)], (4, 6): []}","{(0, np.int64(20)): {'cpu': 51}, (1, np.int64(7)): {'cpu': 34}, (2, np.int64(5)): {'cpu': 62}, (3, np.int64(8)): {'cpu': 34}, (4, np.int64(28)): {'cpu': 35}, (5, np.int64(11)): {'cpu': 58}, (6, np.int64(17)): {'cpu': 72}, (7, np.int64(33)): {'cpu': 43}}","{((0, 3), (np.int64(20), 0)): {'bw': 136}, ((0, 3), (0, 4)): {'bw': 136}, ((0, 3), (4, 6)): {'bw': 136}, ((0, 3), (6, 8)): {'bw': 136}, ((0, 4), (np.int64(20), 0)): {'bw': 126}, ((0, 4), (0, 28)): {'bw': 126}, ((0, 6), (np.int64(20), 1)): {'bw': 75}, ((0, 6), (1, 12)): {'bw': 75}, ((0, 6), (12, 14)): {'bw': 75}, ((0, 6), (14, 17)): {'bw': 75}, ((0, 7), (np.int64(20), 1)): {'bw': 138}, ((0, 7), (1, 28)): {'bw': 138}, ((0, 7), (28, 30)): {'bw': 138}, ((0, 7), (30, 33)): {'bw': 138}, ((1, 2), (np.int64(7), 5)): {'bw': 142}, ((1, 4), (np.int64(7), 4)): {'bw': 110}, ((1, 4), (4, 1)): {'bw': 110}, ((1, 4), (1, 28)): {'bw': 110}, ((1, 5), (np.int64(7), 11)): {'bw': 105}, ((1, 7), (np.int64(7), 4)): {'bw': 73}, ((1, 7), (4, 0)): {'bw': 73}, ((1, 7), (0, 28)): {'bw': 73}, ((1, 7), (28, 30)): {'bw': 73}, ((1, 7), (30, 33)): {'bw': 73}, ((2, 3), (np.int64(5), 6)): {'bw': 97}, ((2, 3), (6, 8)): {'bw': 97}, ((2, 5), (np.int64(5), 7)): {'bw': 75}, ((2, 5), (7, 11)): {'bw': 75}, ((2, 6), (np.int64(5), 2)): {'bw': 61}, ((2, 6), (2, 13)): {'bw': 61}, ((2, 6), (13, 14)): {'bw': 61}, ((2, 6), (14, 17)): {'bw': 61}, ((3, 6), (np.int64(8), 6)): {'bw': 142}, ((3, 6), (6, 5)): {'bw': 142}, ((3, 6), (5, 2)): {'bw': 142}, ((3, 6), (2, 13)): {'bw': 142}, ((3, 6), (13, 15)): {'bw': 142}, ((3, 6), (15, 12)): {'bw': 142}, ((3, 6), (12, 14)): {'bw': 142}, ((3, 6), (14, 17)): {'bw': 142}}",0.0,0.0,778.0,389.0,1590.0,0.0,0.0,0.0,0.0,0.0,0.0,0.0,0.0,0.0,Route Failure,100.0,"{'node_level': {}, 'link_level': {}, 'path_level': {}}","{'node_level': {0: {'cpu': -16}, 1: {'cpu': -26}, 2: {'cpu': -9}, 3: {'cpu': -59}, 4: {'cpu': -55}, 5: {'cpu': -13}, 6: {'cpu': -17}, 7: {'cpu': -31}}, 'link_level': {(0, 3): {'bw': -97}, (0, 4): {'bw': -17}, (0, 6): {'bw': -145}, (0, 7): {'bw': -81}, (1, 2): {'bw': -242}, (1, 4): {'bw': -1}, (1, 5): {'bw': -269}, (1, 7): {'bw': -22}, (2, 3): {'bw': -151}, (2, 5): {'bw': -167}, (2, 6): {'bw': -140}, (3, 6): {'bw': -9}, (4, 6): {'bw': 100.0}}, 'path_level': {(0, 3): {}, (0, 4): {}, (0, 6): {}, (0, 7): {}, (1, 2): {}, (1, 4): {}, (1, 5): {}, (1, 7): {}, (2, 3): {}, (2, 5): {}, (2, 6): {}, (3, 6): {}, (4, 6): {}}}","{'node_level': {0: {'cpu': 0}, 1: {'cpu': 0}, 2: {'cpu': 0}, 3: {'cpu': 0}, 4: {'cpu': 0}, 5: {'cpu': 0}, 6: {'cpu': 0}, 7: {'cpu': 0}}, 'link_level': {(0, 3): {'bw': 0}, (0, 4): {'bw': 0}, (0, 6): {'bw': 0}, (0, 7): {'bw': 0}, (1, 2): {'bw': 0}, (1, 4): {'bw': 0}, (1, 5): {'bw': 0}, (1, 7): {'bw': 0}, (2, 3): {'bw': 0}, (2, 5): {'bw': 0}, (2, 6): {'bw': 0}, (3, 6): {'bw': 0}, (4, 6): {'bw': 100.0}}, 'path_level': {(0, 3): {}, (0, 4): {}, (0, 6): {}, (0, 7): {}, (1, 2): {}, (1, 4): {}, (1, 5): {}, (1, 7): {}, (2, 3): {}, (2, 5): {}, (2, 6): {}, (3, 6): {}, (4, 6): {}}}",[],-inf,-inf,True,False,False,0,[],0,0.0,8.0,13.0,3
106,3,0,2815.0,5789.0,1516158.7280104992,3104016.413928909,0.48626705821385385,0.48845061553376934,15,197,0,3535.355709719089,17304,2649,14655,0.0,0.0,99,180.3557097190893,3355.0,10,23,False,{},{},{},{},0.0,0.0,0.0,0.0,0.0,0.0,0.0,0.0,0.0,0.0,0.0,0.0,0.0,0.0,Leave Event,0.0,"{'node_level': {}, 'link_level': {}, 'path_level': {}}","{'node_level': {}, 'link_level': {}, 'path_level': {}}","{'node_level': {}, 'link_level': {}, 'path_level': {}}",[],-inf,-inf,True,True,False,0,[],0,0.0,,,3
106,3,0,2815.0,5789.0,1516158.7280104992,3104016.413928909,0.48626705821385385,0.48845061553376934,15,198,0,3548.850523174494,17304,2649,14655,0.0,0.0,91,488.8505231744937,3060.0,6,6,False,{},{},{},{},0.0,0.0,0.0,0.0,0.0,0.0,0.0,0.0,0.0,0.0,0.0,0.0,0.0,0.0,Leave Event,0.0,"{'node_level': {}, 'link_level': {}, 'path_level': {}}","{'node_level': {}, 'link_level': {}, 'path_level': {}}","{'node_level': {}, 'link_level': {}, 'path_level': {}}",[],-inf,-inf,True,True,False,0,[],0,0.0,,,3
107,3,0,2815.0,5789.0,1516158.7280104992,3104016.413928909,0.48626705821385385,0.48845061553376934,15,199,1,3564.0,17304,2649,14655,0.0,0.0,106,1401.7588926315352,3564.0,8,14,False,"{0: np.int64(23), 1: np.int64(30), 2: np.int64(11), 3: np.int64(5), 4: np.int64(7), 5: np.int64(35), 6: np.int64(3), 7: np.int64(6)}","{(0, 1): [(np.int64(23), 20), (20, 0), (0, 28), (28, 30)], (0, 2): [(np.int64(23), 20), (20, 0), (0, 4), (4, 7), (7, 11)], (0, 6): [(np.int64(23), 21), (21, 3)], (1, 2): [(np.int64(30), 28), (28, 0), (0, 4), (4, 7), (7, 11)], (1, 6): [(np.int64(30), 29), (29, 3)], (2, 3): [(np.int64(11), 7), (7, 5)], (2, 4): []}","{(0, np.int64(23)): {'cpu': 48}, (1, np.int64(30)): {'cpu': 77}, (2, np.int64(11)): {'cpu': 43}, (3, np.int64(5)): {'cpu': 58}, (4, np.int64(7)): {'cpu': 55}, (5, np.int64(35)): {'cpu': 58}, (6, np.int64(3)): {'cpu': 45}, (7, np.int64(6)): {'cpu': 40}}","{((0, 1), (np.int64(23), 20)): {'bw': 95}, ((0, 1), (20, 0)): {'bw': 95}, ((0, 1), (0, 28)): {'bw': 95}, ((0, 1), (28, 30)): {'bw': 95}, ((0, 2), (np.int64(23), 20)): {'bw': 147}, ((0, 2), (20, 0)): {'bw': 147}, ((0, 2), (0, 4)): {'bw': 147}, ((0, 2), (4, 7)): {'bw': 147}, ((0, 2), (7, 11)): {'bw': 147}, ((0, 6), (np.int64(23), 21)): {'bw': 142}, ((0, 6), (21, 3)): {'bw': 142}, ((1, 2), (np.int64(30), 28)): {'bw': 83}, ((1, 2), (28, 0)): {'bw': 83}, ((1, 2), (0, 4)): {'bw': 83}, ((1, 2), (4, 7)): {'bw': 83}, ((1, 2), (7, 11)): {'bw': 83}, ((1, 6), (np.int64(30), 29)): {'bw': 124}, ((1, 6), (29, 3)): {'bw': 124}, ((2, 3), (np.int64(11), 7)): {'bw': 92}, ((2, 3), (7, 5)): {'bw': 92}}",0.0,0.0,848.0,424.0,1528.0,0.0,0.0,0.0,0.0,0.0,0.0,0.0,0.0,0.0,Route Failure,100.0,"{'node_level': {}, 'link_level': {}, 'path_level': {}}","{'node_level': {0: {'cpu': -4}, 1: {'cpu': -6}, 2: {'cpu': -28}, 3: {'cpu': -13}, 4: {'cpu': -5}, 5: {'cpu': -35}, 6: {'cpu': -13}, 7: {'cpu': -29}}, 'link_level': {(0, 1): {'bw': -184}, (0, 2): {'bw': -37}, (0, 6): {'bw': -202}, (1, 2): {'bw': -3}, (1, 6): {'bw': -94}, (2, 3): {'bw': -52}, (2, 4): {'bw': 100.0}}, 'path_level': {(0, 1): {}, (0, 2): {}, (0, 6): {}, (1, 2): {}, (1, 6): {}, (2, 3): {}, (2, 4): {}}}","{'node_level': {0: {'cpu': 0}, 1: {'cpu': 0}, 2: {'cpu': 0}, 3: {'cpu': 0}, 4: {'cpu': 0}, 5: {'cpu': 0}, 6: {'cpu': 0}, 7: {'cpu': 0}}, 'link_level': {(0, 1): {'bw': 0}, (0, 2): {'bw': 0}, (0, 6): {'bw': 0}, (1, 2): {'bw': 0}, (1, 6): {'bw': 0}, (2, 3): {'bw': 0}, (2, 4): {'bw': 100.0}}, 'path_level': {(0, 1): {}, (0, 2): {}, (0, 6): {}, (1, 2): {}, (1, 6): {}, (2, 3): {}, (2, 4): {}}}",[],-inf,-inf,True,False,False,0,[],0,0.0,8.0,7.0,3
108,3,0,2815.0,5789.0,1516158.7280104992,3104016.413928909,0.48626705821385385,0.48845061553376934,15,200,1,3615.0,17304,2649,14655,0.0,0.0,107,212.63117042815426,3615.0,7,11,False,"{0: np.int64(16), 1: np.int64(15), 2: np.int64(31), 3: np.int64(4), 4: np.int64(14), 5: np.int64(33), 6: np.int64(10)}","{(0, 2): [(np.int64(16), 14), (14, 12), (12, 0), (0, 28), (28, 31)], (0, 3): [(np.int64(16), 14), (14, 12), (12, 0), (0, 4)], (0, 6): [(np.int64(16), 14), (14, 13), (13, 2), (2, 5), (5, 7), (7, 10)], (1, 5): [(np.int64(15), 12), (12, 0), (0, 28), (28, 30), (30, 33)], (2, 3): [(np.int64(31), 28), (28, 0), (0, 4)], (2, 4): [(np.int64(31), 29), (29, 2), (2, 13), (13, 14)], (2, 5): [(np.int64(31), 28), (28, 30), (30, 33)], (3, 5): []}","{(0, np.int64(16)): {'cpu': 48}, (1, np.int64(15)): {'cpu': 40}, (2, np.int64(31)): {'cpu': 75}, (3, np.int64(4)): {'cpu': 34}, (4, np.int64(14)): {'cpu': 60}, (5, np.int64(33)): {'cpu': 56}, (6, np.int64(10)): {'cpu': 56}}","{((0, 2), (np.int64(16), 14)): {'bw': 119}, ((0, 2), (14, 12)): {'bw': 119}, ((0, 2), (12, 0)): {'bw': 119}, ((0, 2), (0, 28)): {'bw': 119}, ((0, 2), (28, 31)): {'bw': 119}, ((0, 3), (np.int64(16), 14)): {'bw': 114}, ((0, 3), (14, 12)): {'bw': 114}, ((0, 3), (12, 0)): {'bw': 114}, ((0, 3), (0, 4)): {'bw': 114}, ((0, 6), (np.int64(16), 14)): {'bw': 70}, ((0, 6), (14, 13)): {'bw': 70}, ((0, 6), (13, 2)): {'bw': 70}, ((0, 6), (2, 5)): {'bw': 70}, ((0, 6), (5, 7)): {'bw': 70}, ((0, 6), (7, 10)): {'bw': 70}, ((1, 5), (np.int64(15), 12)): {'bw': 62}, ((1, 5), (12, 0)): {'bw': 62}, ((1, 5), (0, 28)): {'bw': 62}, ((1, 5), (28, 30)): {'bw': 62}, ((1, 5), (30, 33)): {'bw': 62}, ((2, 3), (np.int64(31), 28)): {'bw': 115}, ((2, 3), (28, 0)): {'bw': 115}, ((2, 3), (0, 4)): {'bw': 115}, ((2, 4), (np.int64(31), 29)): {'bw': 66}, ((2, 4), (29, 2)): {'bw': 66}, ((2, 4), (2, 13)): {'bw': 66}, ((2, 4), (13, 14)): {'bw': 66}, ((2, 5), (np.int64(31), 28)): {'bw': 129}, ((2, 5), (28, 30)): {'bw': 129}, ((2, 5), (30, 33)): {'bw': 129}}",0.0,0.0,738.0,369.0,1079.0,0.0,0.0,0.0,0.0,0.0,0.0,0.0,0.0,0.0,Route Failure,100.0,"{'node_level': {}, 'link_level': {}, 'path_level': {}}","{'node_level': {0: {'cpu': -31}, 1: {'cpu': -54}, 2: {'cpu': -4}, 3: {'cpu': -16}, 4: {'cpu': -10}, 5: {'cpu': -18}, 6: {'cpu': -4}}, 'link_level': {(0, 2): {'bw': -114}, (0, 3): {'bw': 0}, (0, 6): {'bw': -14}, (1, 5): {'bw': -28}, (2, 3): {'bw': -4}, (2, 4): {'bw': -65}, (2, 5): {'bw': -2}, (3, 5): {'bw': 100.0}}, 'path_level': {(0, 2): {}, (0, 3): {}, (0, 6): {}, (1, 5): {}, (2, 3): {}, (2, 4): {}, (2, 5): {}, (3, 5): {}}}","{'node_level': {0: {'cpu': 0}, 1: {'cpu': 0}, 2: {'cpu': 0}, 3: {'cpu': 0}, 4: {'cpu': 0}, 5: {'cpu': 0}, 6: {'cpu': 0}}, 'link_level': {(0, 2): {'bw': 0}, (0, 3): {'bw': 0}, (0, 6): {'bw': 0}, (1, 5): {'bw': 0}, (2, 3): {'bw': 0}, (2, 4): {'bw': 0}, (2, 5): {'bw': 0}, (3, 5): {'bw': 100.0}}, 'path_level': {(0, 2): {}, (0, 3): {}, (0, 6): {}, (1, 5): {}, (2, 3): {}, (2, 4): {}, (2, 5): {}, (3, 5): {}}}",[],-inf,-inf,True,False,False,0,[],0,0.0,7.0,8.0,3
108,3,0,2815.0,5789.0,1516158.7280104992,3104016.413928909,0.48626705821385385,0.48845061553376934,15,201,0,3628.483414637183,17304,2649,14655,0.0,0.0,96,385.4834146371833,3243.0,6,9,False,{},{},{},{},0.0,0.0,0.0,0.0,0.0,0.0,0.0,0.0,0.0,0.0,0.0,0.0,0.0,0.0,Leave Event,0.0,"{'node_level': {}, 'link_level': {}, 'path_level': {}}","{'node_level': {}, 'link_level': {}, 'path_level': {}}","{'node_level': {}, 'link_level': {}, 'path_level': {}}",[],-inf,-inf,True,True,False,0,[],0,0.0,,,3
109,3,0,2815.0,5789.0,1516158.7280104992,3104016.413928909,0.48626705821385385,0.48845061553376934,15,202,1,3661.0,17304,2649,14655,0.0,0.0,108,427.2092795057113,3661.0,9,14,False,"{0: np.int64(15), 1: np.int64(16), 2: np.int64(17), 3: np.int64(1), 4: np.int64(34), 5: np.int64(35), 6: np.int64(10), 7: np.int64(14), 8: np.int64(29)}","{(0, 1): [(np.int64(15), 12), (12, 14), (14, 16)], (0, 3): [(np.int64(15), 12), (12, 1)], (0, 4): [(np.int64(15), 12), (12, 0), (0, 28), (28, 31), (31, 34)], (1, 4): [(np.int64(16), 14), (14, 12), (12, 0), (0, 28), (28, 31), (31, 34)], (1, 6): [(np.int64(16), 14), (14, 12), (12, 0), (0, 4), (4, 7), (7, 10)], (1, 8): [(np.int64(16), 14), (14, 13), (13, 2), (2, 29)], (2, 4): []}","{(0, np.int64(15)): {'cpu': 66}, (1, np.int64(16)): {'cpu': 79}, (2, np.int64(17)): {'cpu': 75}, (3, np.int64(1)): {'cpu': 42}, (4, np.int64(34)): {'cpu': 49}, (5, np.int64(35)): {'cpu': 51}, (6, np.int64(10)): {'cpu': 44}, (7, np.int64(14)): {'cpu': 46}, (8, np.int64(29)): {'cpu': 52}}","{((0, 1), (np.int64(15), 12)): {'bw': 72}, ((0, 1), (12, 14)): {'bw': 72}, ((0, 1), (14, 16)): {'bw': 72}, ((0, 3), (np.int64(15), 12)): {'bw': 68}, ((0, 3), (12, 1)): {'bw': 68}, ((0, 4), (np.int64(15), 12)): {'bw': 148}, ((0, 4), (12, 0)): {'bw': 148}, ((0, 4), (0, 28)): {'bw': 148}, ((0, 4), (28, 31)): {'bw': 148}, ((0, 4), (31, 34)): {'bw': 148}, ((1, 4), (np.int64(16), 14)): {'bw': 86}, ((1, 4), (14, 12)): {'bw': 86}, ((1, 4), (12, 0)): {'bw': 86}, ((1, 4), (0, 28)): {'bw': 86}, ((1, 4), (28, 31)): {'bw': 86}, ((1, 4), (31, 34)): {'bw': 86}, ((1, 6), (np.int64(16), 14)): {'bw': 66}, ((1, 6), (14, 12)): {'bw': 66}, ((1, 6), (12, 0)): {'bw': 66}, ((1, 6), (0, 4)): {'bw': 66}, ((1, 6), (4, 7)): {'bw': 66}, ((1, 6), (7, 10)): {'bw': 66}, ((1, 8), (np.int64(16), 14)): {'bw': 86}, ((1, 8), (14, 13)): {'bw': 86}, ((1, 8), (13, 2)): {'bw': 86}, ((1, 8), (2, 29)): {'bw': 86}}",0.0,0.0,1008.0,504.0,1425.0,0.0,0.0,0.0,0.0,0.0,0.0,0.0,0.0,0.0,Route Failure,100.0,"{'node_level': {}, 'link_level': {}, 'path_level': {}}","{'node_level': {0: {'cpu': -28}, 1: {'cpu': 0}, 2: {'cpu': -14}, 3: {'cpu': -32}, 4: {'cpu': -8}, 5: {'cpu': -42}, 6: {'cpu': -16}, 7: {'cpu': -24}, 8: {'cpu': -44}}, 'link_level': {(0, 1): {'bw': -161}, (0, 3): {'bw': -152}, (0, 4): {'bw': -25}, (1, 4): {'bw': -18}, (1, 6): {'bw': -9}, (1, 8): {'bw': -7}, (2, 4): {'bw': 100.0}}, 'path_level': {(0, 1): {}, (0, 3): {}, (0, 4): {}, (1, 4): {}, (1, 6): {}, (1, 8): {}, (2, 4): {}}}","{'node_level': {0: {'cpu': 0}, 1: {'cpu': 0}, 2: {'cpu': 0}, 3: {'cpu': 0}, 4: {'cpu': 0}, 5: {'cpu': 0}, 6: {'cpu': 0}, 7: {'cpu': 0}, 8: {'cpu': 0}}, 'link_level': {(0, 1): {'bw': 0}, (0, 3): {'bw': 0}, (0, 4): {'bw': 0}, (1, 4): {'bw': 0}, (1, 6): {'bw': 0}, (1, 8): {'bw': 0}, (2, 4): {'bw': 100.0}}, 'path_level': {(0, 1): {}, (0, 3): {}, (0, 4): {}, (1, 4): {}, (1, 6): {}, (1, 8): {}, (2, 4): {}}}",[],-inf,-inf,True,False,False,0,[],0,0.0,9.0,7.0,3
109,3,0,2815.0,5789.0,1516158.7280104992,3104016.413928909,0.48626705821385385,0.48845061553376934,15,203,0,3672.4845783045753,17304,2649,14655,0.0,0.0,89,682.4845783045753,2990.0,7,13,False,{},{},{},{},0.0,0.0,0.0,0.0,0.0,0.0,0.0,0.0,0.0,0.0,0.0,0.0,0.0,0.0,Leave Event,0.0,"{'node_level': {}, 'link_level': {}, 'path_level': {}}","{'node_level': {}, 'link_level': {}, 'path_level': {}}","{'node_level': {}, 'link_level': {}, 'path_level': {}}",[],-inf,-inf,True,True,False,0,[],0,0.0,,,3
110,3,0,2815.0,5789.0,1516158.7280104992,3104016.413928909,0.48626705821385385,0.48845061553376934,15,204,1,3696.0,17304,2649,14655,0.0,0.0,109,26.057331073211866,3696.0,8,14,False,"{0: np.int64(10), 1: np.int64(26), 2: np.int64(5), 3: np.int64(11), 4: np.int64(25), 5: np.int64(7), 6: np.int64(3), 7: np.int64(35)}","{(0, 1): [(np.int64(10), 7), (7, 4), (4, 0), (0, 20), (20, 23), (23, 26)], (0, 3): [(np.int64(10), 7), (7, 11)], (0, 4): [(np.int64(10), 7), (7, 4), (4, 0), (0, 20), (20, 22), (22, 25)], (0, 6): [(np.int64(10), 7), (7, 5), (5, 3)], (1, 3): [(np.int64(26), 23), (23, 20), (20, 1), (1, 4), (4, 7), (7, 11)], (1, 4): [(np.int64(26), 23), (23, 21), (21, 22), (22, 25)], (2, 3): [(np.int64(5), 7), (7, 11)], (2, 7): [(np.int64(5), 2), (2, 29), (29, 31), (31, 35)], (3, 5): []}","{(0, np.int64(10)): {'cpu': 42}, (1, np.int64(26)): {'cpu': 48}, (2, np.int64(5)): {'cpu': 62}, (3, np.int64(11)): {'cpu': 68}, (4, np.int64(25)): {'cpu': 40}, (5, np.int64(7)): {'cpu': 58}, (6, np.int64(3)): {'cpu': 50}, (7, np.int64(35)): {'cpu': 73}}","{((0, 1), (np.int64(10), 7)): {'bw': 122}, ((0, 1), (7, 4)): {'bw': 122}, ((0, 1), (4, 0)): {'bw': 122}, ((0, 1), (0, 20)): {'bw': 122}, ((0, 1), (20, 23)): {'bw': 122}, ((0, 1), (23, 26)): {'bw': 122}, ((0, 3), (np.int64(10), 7)): {'bw': 70}, ((0, 3), (7, 11)): {'bw': 70}, ((0, 4), (np.int64(10), 7)): {'bw': 68}, ((0, 4), (7, 4)): {'bw': 68}, ((0, 4), (4, 0)): {'bw': 68}, ((0, 4), (0, 20)): {'bw': 68}, ((0, 4), (20, 22)): {'bw': 68}, ((0, 4), (22, 25)): {'bw': 68}, ((0, 6), (np.int64(10), 7)): {'bw': 78}, ((0, 6), (7, 5)): {'bw': 78}, ((0, 6), (5, 3)): {'bw': 78}, ((1, 3), (np.int64(26), 23)): {'bw': 122}, ((1, 3), (23, 20)): {'bw': 122}, ((1, 3), (20, 1)): {'bw': 122}, ((1, 3), (1, 4)): {'bw': 122}, ((1, 3), (4, 7)): {'bw': 122}, ((1, 3), (7, 11)): {'bw': 122}, ((1, 4), (np.int64(26), 23)): {'bw': 113}, ((1, 4), (23, 21)): {'bw': 113}, ((1, 4), (21, 22)): {'bw': 113}, ((1, 4), (22, 25)): {'bw': 113}, ((2, 3), (np.int64(5), 7)): {'bw': 68}, ((2, 3), (7, 11)): {'bw': 68}, ((2, 7), (np.int64(5), 2)): {'bw': 76}, ((2, 7), (2, 29)): {'bw': 76}, ((2, 7), (29, 31)): {'bw': 76}, ((2, 7), (31, 35)): {'bw': 76}}",0.0,0.0,882.0,441.0,1351.0,0.0,0.0,0.0,0.0,0.0,0.0,0.0,0.0,0.0,Route Failure,100.0,"{'node_level': {}, 'link_level': {}, 'path_level': {}}","{'node_level': {0: {'cpu': -18}, 1: {'cpu': -28}, 2: {'cpu': -9}, 3: {'cpu': -3}, 4: {'cpu': -11}, 5: {'cpu': -2}, 6: {'cpu': -8}, 7: {'cpu': -20}}, 'link_level': {(0, 1): {'bw': -111}, (0, 3): {'bw': -173}, (0, 4): {'bw': -43}, (0, 6): {'bw': -27}, (1, 3): {'bw': -36}, (1, 4): {'bw': -26}, (2, 3): {'bw': -114}, (2, 7): {'bw': -126}, (3, 5): {'bw': 100.0}}, 'path_level': {(0, 1): {}, (0, 3): {}, (0, 4): {}, (0, 6): {}, (1, 3): {}, (1, 4): {}, (2, 3): {}, (2, 7): {}, (3, 5): {}}}","{'node_level': {0: {'cpu': 0}, 1: {'cpu': 0}, 2: {'cpu': 0}, 3: {'cpu': 0}, 4: {'cpu': 0}, 5: {'cpu': 0}, 6: {'cpu': 0}, 7: {'cpu': 0}}, 'link_level': {(0, 1): {'bw': 0}, (0, 3): {'bw': 0}, (0, 4): {'bw': 0}, (0, 6): {'bw': 0}, (1, 3): {'bw': 0}, (1, 4): {'bw': 0}, (2, 3): {'bw': 0}, (2, 7): {'bw': 0}, (3, 5): {'bw': 100.0}}, 'path_level': {(0, 1): {}, (0, 3): {}, (0, 4): {}, (0, 6): {}, (1, 3): {}, (1, 4): {}, (2, 3): {}, (2, 7): {}, (3, 5): {}}}",[],-inf,-inf,True,False,False,0,[],0,0.0,8.0,9.0,3
110,3,0,2815.0,5789.0,1516158.7280104992,3104016.413928909,0.48626705821385385,0.48845061553376934,15,205,0,3705.5253714712403,17304,2649,14655,0.0,0.0,85,868.5253714712403,2837.0,6,6,False,{},{},{},{},0.0,0.0,0.0,0.0,0.0,0.0,0.0,0.0,0.0,0.0,0.0,0.0,0.0,0.0,Leave Event,0.0,"{'node_level': {}, 'link_level': {}, 'path_level': {}}","{'node_level': {}, 'link_level': {}, 'path_level': {}}","{'node_level': {}, 'link_level': {}, 'path_level': {}}",[],-inf,-inf,True,True,False,0,[],0,0.0,,,3
110,3,0,2815.0,5789.0,1516158.7280104992,3104016.413928909,0.48626705821385385,0.48845061553376934,15,206,0,3722.057331073212,17304,2649,14655,0.0,0.0,109,26.057331073211866,3696.0,8,14,False,{},{},{},{},0.0,0.0,0.0,0.0,0.0,0.0,0.0,0.0,0.0,0.0,0.0,0.0,0.0,0.0,Leave Event,0.0,"{'node_level': {}, 'link_level': {}, 'path_level': {}}","{'node_level': {}, 'link_level': {}, 'path_level': {}}","{'node_level': {}, 'link_level': {}, 'path_level': {}}",[],-inf,-inf,True,True,False,0,[],0,0.0,,,3
111,3,0,2815.0,5789.0,1516158.7280104992,3104016.413928909,0.48626705821385385,0.48845061553376934,15,207,1,3726.0,17304,2649,14655,0.0,0.0,110,403.08273127640075,3726.0,10,25,False,"{0: np.int64(6), 1: np.int64(13), 2: np.int64(23), 3: np.int64(30), 4: np.int64(2), 5: np.int64(8), 6: np.int64(1), 7: np.int64(29), 8: np.int64(18), 9: np.int64(9)}","{(0, 1): [(np.int64(6), 5), (5, 2), (2, 13)], (0, 2): [(np.int64(6), 4), (4, 0), (0, 20), (20, 23)], (0, 4): [(np.int64(6), 5), (5, 2)], (0, 5): [(np.int64(6), 8)], (0, 7): [(np.int64(6), 5), (5, 3), (3, 29)], (0, 8): [(np.int64(6), 4), (4, 0), (0, 12), (12, 15), (15, 18)], (0, 9): [(np.int64(6), 9)], (1, 3): [(np.int64(13), 2), (2, 29), (29, 30)], (1, 4): [(np.int64(13), 3), (3, 5), (5, 2)], (1, 7): [(np.int64(13), 14), (14, 12), (12, 0), (0, 28), (28, 30), (30, 29)], (1, 8): [(np.int64(13), 15), (15, 18)], (1, 9): []}","{(0, np.int64(6)): {'cpu': 37}, (1, np.int64(13)): {'cpu': 71}, (2, np.int64(23)): {'cpu': 41}, (3, np.int64(30)): {'cpu': 75}, (4, np.int64(2)): {'cpu': 49}, (5, np.int64(8)): {'cpu': 39}, (6, np.int64(1)): {'cpu': 33}, (7, np.int64(29)): {'cpu': 67}, (8, np.int64(18)): {'cpu': 30}, (9, np.int64(9)): {'cpu': 59}}","{((0, 1), (np.int64(6), 5)): {'bw': 133}, ((0, 1), (5, 2)): {'bw': 133}, ((0, 1), (2, 13)): {'bw': 133}, ((0, 2), (np.int64(6), 4)): {'bw': 112}, ((0, 2), (4, 0)): {'bw': 112}, ((0, 2), (0, 20)): {'bw': 112}, ((0, 2), (20, 23)): {'bw': 112}, ((0, 4), (np.int64(6), 5)): {'bw': 89}, ((0, 4), (5, 2)): {'bw': 89}, ((0, 5), (np.int64(6), 8)): {'bw': 112}, ((0, 7), (np.int64(6), 5)): {'bw': 143}, ((0, 7), (5, 3)): {'bw': 143}, ((0, 7), (3, 29)): {'bw': 143}, ((0, 8), (np.int64(6), 4)): {'bw': 115}, ((0, 8), (4, 0)): {'bw': 115}, ((0, 8), (0, 12)): {'bw': 115}, ((0, 8), (12, 15)): {'bw': 115}, ((0, 8), (15, 18)): {'bw': 115}, ((0, 9), (np.int64(6), 9)): {'bw': 82}, ((1, 3), (np.int64(13), 2)): {'bw': 110}, ((1, 3), (2, 29)): {'bw': 110}, ((1, 3), (29, 30)): {'bw': 110}, ((1, 4), (np.int64(13), 3)): {'bw': 95}, ((1, 4), (3, 5)): {'bw': 95}, ((1, 4), (5, 2)): {'bw': 95}, ((1, 7), (np.int64(13), 14)): {'bw': 143}, ((1, 7), (14, 12)): {'bw': 143}, ((1, 7), (12, 0)): {'bw': 143}, ((1, 7), (0, 28)): {'bw': 143}, ((1, 7), (28, 30)): {'bw': 143}, ((1, 7), (30, 29)): {'bw': 143}, ((1, 8), (np.int64(13), 15)): {'bw': 143}, ((1, 8), (15, 18)): {'bw': 143}}",0.0,0.0,1002.0,501.0,2718.0,0.0,0.0,0.0,0.0,0.0,0.0,0.0,0.0,0.0,Route Failure,100.0,"{'node_level': {}, 'link_level': {}, 'path_level': {}}","{'node_level': {0: {'cpu': -32}, 1: {'cpu': -11}, 2: {'cpu': -11}, 3: {'cpu': -8}, 4: {'cpu': -4}, 5: {'cpu': -54}, 6: {'cpu': -41}, 7: {'cpu': -29}, 8: {'cpu': -34}, 9: {'cpu': -32}}, 'link_level': {(0, 1): {'bw': -194}, (0, 2): {'bw': -121}, (0, 4): {'bw': -127}, (0, 5): {'bw': -272}, (0, 7): {'bw': 0}, (0, 8): {'bw': -6}, (0, 9): {'bw': -317}, (1, 3): {'bw': -84}, (1, 4): {'bw': -16}, (1, 7): {'bw': -58}, (1, 8): {'bw': -66}, (1, 9): {'bw': 100.0}}, 'path_level': {(0, 1): {}, (0, 2): {}, (0, 4): {}, (0, 5): {}, (0, 7): {}, (0, 8): {}, (0, 9): {}, (1, 3): {}, (1, 4): {}, (1, 7): {}, (1, 8): {}, (1, 9): {}}}","{'node_level': {0: {'cpu': 0}, 1: {'cpu': 0}, 2: {'cpu': 0}, 3: {'cpu': 0}, 4: {'cpu': 0}, 5: {'cpu': 0}, 6: {'cpu': 0}, 7: {'cpu': 0}, 8: {'cpu': 0}, 9: {'cpu': 0}}, 'link_level': {(0, 1): {'bw': 0}, (0, 2): {'bw': 0}, (0, 4): {'bw': 0}, (0, 5): {'bw': 0}, (0, 7): {'bw': 0}, (0, 8): {'bw': 0}, (0, 9): {'bw': 0}, (1, 3): {'bw': 0}, (1, 4): {'bw': 0}, (1, 7): {'bw': 0}, (1, 8): {'bw': 0}, (1, 9): {'bw': 100.0}}, 'path_level': {(0, 1): {}, (0, 2): {}, (0, 4): {}, (0, 5): {}, (0, 7): {}, (0, 8): {}, (0, 9): {}, (1, 3): {}, (1, 4): {}, (1, 7): {}, (1, 8): {}, (1, 9): {}}}",[],-inf,-inf,True,False,False,0,[],0,0.0,10.0,12.0,3
112,3,0,2815.0,5789.0,1516158.7280104992,3104016.413928909,0.48626705821385385,0.48845061553376934,15,208,1,3757.0,17304,2649,14655,0.0,0.0,111,271.8405369569273,3757.0,7,12,False,"{0: np.int64(20), 1: np.int64(26), 2: np.int64(13), 3: np.int64(33), 4: np.int64(9), 5: np.int64(34), 6: np.int64(15)}","{(0, 1): [(np.int64(20), 23), (23, 26)], (0, 4): [(np.int64(20), 0), (0, 4), (4, 6), (6, 9)], (0, 5): [(np.int64(20), 0), (0, 28), (28, 31), (31, 34)], (1, 2): [(np.int64(26), 23), (23, 21), (21, 2), (2, 13)], (1, 3): [(np.int64(26), 23), (23, 20), (20, 0), (0, 28), (28, 30), (30, 33)], (1, 5): [(np.int64(26), 23), (23, 20), (20, 1), (1, 28), (28, 31), (31, 34)], (1, 6): []}","{(0, np.int64(20)): {'cpu': 62}, (1, np.int64(26)): {'cpu': 66}, (2, np.int64(13)): {'cpu': 65}, (3, np.int64(33)): {'cpu': 73}, (4, np.int64(9)): {'cpu': 54}, (5, np.int64(34)): {'cpu': 49}, (6, np.int64(15)): {'cpu': 79}}","{((0, 1), (np.int64(20), 23)): {'bw': 131}, ((0, 1), (23, 26)): {'bw': 131}, ((0, 4), (np.int64(20), 0)): {'bw': 68}, ((0, 4), (0, 4)): {'bw': 68}, ((0, 4), (4, 6)): {'bw': 68}, ((0, 4), (6, 9)): {'bw': 68}, ((0, 5), (np.int64(20), 0)): {'bw': 132}, ((0, 5), (0, 28)): {'bw': 132}, ((0, 5), (28, 31)): {'bw': 132}, ((0, 5), (31, 34)): {'bw': 132}, ((1, 2), (np.int64(26), 23)): {'bw': 73}, ((1, 2), (23, 21)): {'bw': 73}, ((1, 2), (21, 2)): {'bw': 73}, ((1, 2), (2, 13)): {'bw': 73}, ((1, 3), (np.int64(26), 23)): {'bw': 66}, ((1, 3), (23, 20)): {'bw': 66}, ((1, 3), (20, 0)): {'bw': 66}, ((1, 3), (0, 28)): {'bw': 66}, ((1, 3), (28, 30)): {'bw': 66}, ((1, 3), (30, 33)): {'bw': 66}, ((1, 5), (np.int64(26), 23)): {'bw': 73}, ((1, 5), (23, 20)): {'bw': 73}, ((1, 5), (20, 1)): {'bw': 73}, ((1, 5), (1, 28)): {'bw': 73}, ((1, 5), (28, 31)): {'bw': 73}, ((1, 5), (31, 34)): {'bw': 73}}",0.0,0.0,896.0,448.0,1133.0,0.0,0.0,0.0,0.0,0.0,0.0,0.0,0.0,0.0,Route Failure,100.0,"{'node_level': {}, 'link_level': {}, 'path_level': {}}","{'node_level': {0: {'cpu': -5}, 1: {'cpu': -10}, 2: {'cpu': -17}, 3: {'cpu': -1}, 4: {'cpu': -37}, 5: {'cpu': -8}, 6: {'cpu': -15}}, 'link_level': {(0, 1): {'bw': -149}, (0, 4): {'bw': -165}, (0, 5): {'bw': -79}, (1, 2): {'bw': -155}, (1, 3): {'bw': -13}, (1, 5): {'bw': -10}, (1, 6): {'bw': 100.0}}, 'path_level': {(0, 1): {}, (0, 4): {}, (0, 5): {}, (1, 2): {}, (1, 3): {}, (1, 5): {}, (1, 6): {}}}","{'node_level': {0: {'cpu': 0}, 1: {'cpu': 0}, 2: {'cpu': 0}, 3: {'cpu': 0}, 4: {'cpu': 0}, 5: {'cpu': 0}, 6: {'cpu': 0}}, 'link_level': {(0, 1): {'bw': 0}, (0, 4): {'bw': 0}, (0, 5): {'bw': 0}, (1, 2): {'bw': 0}, (1, 3): {'bw': 0}, (1, 5): {'bw': 0}, (1, 6): {'bw': 100.0}}, 'path_level': {(0, 1): {}, (0, 4): {}, (0, 5): {}, (1, 2): {}, (1, 3): {}, (1, 5): {}, (1, 6): {}}}",[],-inf,-inf,True,False,False,0,[],0,0.0,7.0,7.0,3
113,3,0,2815.0,5789.0,1516158.7280104992,3104016.413928909,0.48626705821385385,0.48845061553376934,15,209,1,3792.0,17304,2649,14655,0.0,0.0,112,2042.052219558653,3792.0,8,17,False,"{0: np.int64(21), 1: np.int64(17), 2: np.int64(9), 3: np.int64(29), 4: np.int64(0), 5: np.int64(26), 6: np.int64(32), 7: np.int64(13)}","{(0, 1): [(np.int64(21), 2), (2, 13), (13, 14), (14, 17)], (0, 5): [(np.int64(21), 23), (23, 26)], (0, 6): [(np.int64(21), 2), (2, 29), (29, 30), (30, 32)], (1, 3): [(np.int64(17), 14), (14, 12), (12, 0), (0, 28), (28, 30), (30, 29)], (1, 4): []}","{(0, np.int64(21)): {'cpu': 33}, (1, np.int64(17)): {'cpu': 72}, (2, np.int64(9)): {'cpu': 70}, (3, np.int64(29)): {'cpu': 59}, (4, np.int64(0)): {'cpu': 73}, (5, np.int64(26)): {'cpu': 58}, (6, np.int64(32)): {'cpu': 77}, (7, np.int64(13)): {'cpu': 77}}","{((0, 1), (np.int64(21), 2)): {'bw': 104}, ((0, 1), (2, 13)): {'bw': 104}, ((0, 1), (13, 14)): {'bw': 104}, ((0, 1), (14, 17)): {'bw': 104}, ((0, 5), (np.int64(21), 23)): {'bw': 144}, ((0, 5), (23, 26)): {'bw': 144}, ((0, 6), (np.int64(21), 2)): {'bw': 83}, ((0, 6), (2, 29)): {'bw': 83}, ((0, 6), (29, 30)): {'bw': 83}, ((0, 6), (30, 32)): {'bw': 83}, ((1, 3), (np.int64(17), 14)): {'bw': 122}, ((1, 3), (14, 12)): {'bw': 122}, ((1, 3), (12, 0)): {'bw': 122}, ((1, 3), (0, 28)): {'bw': 122}, ((1, 3), (28, 30)): {'bw': 122}, ((1, 3), (30, 29)): {'bw': 122}}",0.0,0.0,1038.0,519.0,1834.0,0.0,0.0,0.0,0.0,0.0,0.0,0.0,0.0,0.0,Route Failure,100.0,"{'node_level': {}, 'link_level': {}, 'path_level': {}}","{'node_level': {0: {'cpu': -43}, 1: {'cpu': -17}, 2: {'cpu': -21}, 3: {'cpu': -37}, 4: {'cpu': -19}, 5: {'cpu': -18}, 6: {'cpu': -15}, 7: {'cpu': -5}}, 'link_level': {(0, 1): {'bw': -97}, (0, 5): {'bw': -200}, (0, 6): {'bw': -41}, (1, 3): {'bw': -93}, (1, 4): {'bw': 100.0}}, 'path_level': {(0, 1): {}, (0, 5): {}, (0, 6): {}, (1, 3): {}, (1, 4): {}}}","{'node_level': {0: {'cpu': 0}, 1: {'cpu': 0}, 2: {'cpu': 0}, 3: {'cpu': 0}, 4: {'cpu': 0}, 5: {'cpu': 0}, 6: {'cpu': 0}, 7: {'cpu': 0}}, 'link_level': {(0, 1): {'bw': 0}, (0, 5): {'bw': 0}, (0, 6): {'bw': 0}, (1, 3): {'bw': 0}, (1, 4): {'bw': 100.0}}, 'path_level': {(0, 1): {}, (0, 5): {}, (0, 6): {}, (1, 3): {}, (1, 4): {}}}",[],-inf,-inf,True,False,False,0,[],0,0.0,8.0,5.0,3
114,3,0,2815.0,5789.0,1516158.7280104992,3104016.413928909,0.48626705821385385,0.48845061553376934,15,210,1,3827.0,17304,2649,14655,0.0,0.0,113,1455.7628358084437,3827.0,8,19,False,"{0: np.int64(4), 1: np.int64(13), 2: np.int64(30), 3: np.int64(15), 4: np.int64(9), 5: np.int64(6), 6: np.int64(1), 7: np.int64(34)}","{(0, 2): [(np.int64(4), 0), (0, 28), (28, 30)], (0, 3): [(np.int64(4), 0), (0, 12), (12, 15)], (0, 4): [(np.int64(4), 6), (6, 9)], (0, 6): [(np.int64(4), 1)], (0, 7): [(np.int64(4), 0), (0, 28), (28, 31), (31, 34)], (1, 4): [(np.int64(13), 2), (2, 5), (5, 6), (6, 9)], (1, 5): [(np.int64(13), 2), (2, 5), (5, 6)], (1, 6): [(np.int64(13), 14), (14, 12), (12, 1)], (1, 7): [(np.int64(13), 3), (3, 29), (29, 31), (31, 34)], (2, 4): [(np.int64(30), 28), (28, 1), (1, 4), (4, 6), (6, 9)], (2, 7): []}","{(0, np.int64(4)): {'cpu': 42}, (1, np.int64(13)): {'cpu': 76}, (2, np.int64(30)): {'cpu': 34}, (3, np.int64(15)): {'cpu': 63}, (4, np.int64(9)): {'cpu': 56}, (5, np.int64(6)): {'cpu': 42}, (6, np.int64(1)): {'cpu': 44}, (7, np.int64(34)): {'cpu': 43}}","{((0, 2), (np.int64(4), 0)): {'bw': 75}, ((0, 2), (0, 28)): {'bw': 75}, ((0, 2), (28, 30)): {'bw': 75}, ((0, 3), (np.int64(4), 0)): {'bw': 74}, ((0, 3), (0, 12)): {'bw': 74}, ((0, 3), (12, 15)): {'bw': 74}, ((0, 4), (np.int64(4), 6)): {'bw': 141}, ((0, 4), (6, 9)): {'bw': 141}, ((0, 6), (np.int64(4), 1)): {'bw': 83}, ((0, 7), (np.int64(4), 0)): {'bw': 68}, ((0, 7), (0, 28)): {'bw': 68}, ((0, 7), (28, 31)): {'bw': 68}, ((0, 7), (31, 34)): {'bw': 68}, ((1, 4), (np.int64(13), 2)): {'bw': 132}, ((1, 4), (2, 5)): {'bw': 132}, ((1, 4), (5, 6)): {'bw': 132}, ((1, 4), (6, 9)): {'bw': 132}, ((1, 5), (np.int64(13), 2)): {'bw': 123}, ((1, 5), (2, 5)): {'bw': 123}, ((1, 5), (5, 6)): {'bw': 123}, ((1, 6), (np.int64(13), 14)): {'bw': 67}, ((1, 6), (14, 12)): {'bw': 67}, ((1, 6), (12, 1)): {'bw': 67}, ((1, 7), (np.int64(13), 3)): {'bw': 95}, ((1, 7), (3, 29)): {'bw': 95}, ((1, 7), (29, 31)): {'bw': 95}, ((1, 7), (31, 34)): {'bw': 95}, ((2, 4), (np.int64(30), 28)): {'bw': 69}, ((2, 4), (28, 1)): {'bw': 69}, ((2, 4), (1, 4)): {'bw': 69}, ((2, 4), (4, 6)): {'bw': 69}, ((2, 4), (6, 9)): {'bw': 69}}",0.0,0.0,800.0,400.0,1939.0,0.0,0.0,0.0,0.0,0.0,0.0,0.0,0.0,0.0,Route Failure,100.0,"{'node_level': {}, 'link_level': {}, 'path_level': {}}","{'node_level': {0: {'cpu': -8}, 1: {'cpu': -6}, 2: {'cpu': -49}, 3: {'cpu': -31}, 4: {'cpu': -35}, 5: {'cpu': -27}, 6: {'cpu': -30}, 7: {'cpu': -14}}, 'link_level': {(0, 2): {'bw': -158}, (0, 3): {'bw': -84}, (0, 4): {'bw': -175}, (0, 6): {'bw': -154}, (0, 7): {'bw': -16}, (1, 4): {'bw': -126}, (1, 5): {'bw': -72}, (1, 6): {'bw': -134}, (1, 7): {'bw': -89}, (2, 4): {'bw': -57}, (2, 7): {'bw': 100.0}}, 'path_level': {(0, 2): {}, (0, 3): {}, (0, 4): {}, (0, 6): {}, (0, 7): {}, (1, 4): {}, (1, 5): {}, (1, 6): {}, (1, 7): {}, (2, 4): {}, (2, 7): {}}}","{'node_level': {0: {'cpu': 0}, 1: {'cpu': 0}, 2: {'cpu': 0}, 3: {'cpu': 0}, 4: {'cpu': 0}, 5: {'cpu': 0}, 6: {'cpu': 0}, 7: {'cpu': 0}}, 'link_level': {(0, 2): {'bw': 0}, (0, 3): {'bw': 0}, (0, 4): {'bw': 0}, (0, 6): {'bw': 0}, (0, 7): {'bw': 0}, (1, 4): {'bw': 0}, (1, 5): {'bw': 0}, (1, 6): {'bw': 0}, (1, 7): {'bw': 0}, (2, 4): {'bw': 0}, (2, 7): {'bw': 100.0}}, 'path_level': {(0, 2): {}, (0, 3): {}, (0, 4): {}, (0, 6): {}, (0, 7): {}, (1, 4): {}, (1, 5): {}, (1, 6): {}, (1, 7): {}, (2, 4): {}, (2, 7): {}}}",[],-inf,-inf,True,False,False,0,[],0,0.0,8.0,11.0,3
114,3,0,2815.0,5789.0,1516158.7280104992,3104016.413928909,0.48626705821385385,0.48845061553376934,15,211,0,3827.6311704281543,17304,2649,14655,0.0,0.0,107,212.63117042815426,3615.0,7,11,False,{},{},{},{},0.0,0.0,0.0,0.0,0.0,0.0,0.0,0.0,0.0,0.0,0.0,0.0,0.0,0.0,Leave Event,0.0,"{'node_level': {}, 'link_level': {}, 'path_level': {}}","{'node_level': {}, 'link_level': {}, 'path_level': {}}","{'node_level': {}, 'link_level': {}, 'path_level': {}}",[],-inf,-inf,True,True,False,0,[],0,0.0,,,3
115,3,0,2815.0,5789.0,1516158.7280104992,3104016.413928909,0.48626705821385385,0.48845061553376934,15,212,1,3867.0,17304,2649,14655,0.0,0.0,114,74.41210401633118,3867.0,9,18,False,"{0: np.int64(9), 1: np.int64(5), 2: np.int64(14), 3: np.int64(33), 4: np.int64(8), 5: np.int64(31), 6: np.int64(28), 7: np.int64(16), 8: np.int64(30)}","{(0, 1): [(np.int64(9), 6), (6, 5)], (0, 3): [(np.int64(9), 6), (6, 4), (4, 0), (0, 28), (28, 30), (30, 33)], (0, 6): [(np.int64(9), 6), (6, 4), (4, 1), (1, 28)], (1, 2): [(np.int64(5), 2), (2, 13), (13, 14)], (1, 4): [(np.int64(5), 6), (6, 8)], (1, 5): [(np.int64(5), 2), (2, 29), (29, 31)], (1, 6): [(np.int64(5), 2), (2, 29), (29, 30), (30, 28)], (1, 8): [(np.int64(5), 3), (3, 29), (29, 30)], (2, 3): [(np.int64(14), 12), (12, 0), (0, 28), (28, 30), (30, 33)], (2, 4): [(np.int64(14), 12), (12, 1), (1, 4), (4, 7), (7, 5), (5, 6), (6, 8)], (2, 6): []}","{(0, np.int64(9)): {'cpu': 39}, (1, np.int64(5)): {'cpu': 64}, (2, np.int64(14)): {'cpu': 41}, (3, np.int64(33)): {'cpu': 74}, (4, np.int64(8)): {'cpu': 71}, (5, np.int64(31)): {'cpu': 64}, (6, np.int64(28)): {'cpu': 65}, (7, np.int64(16)): {'cpu': 66}, (8, np.int64(30)): {'cpu': 76}}","{((0, 1), (np.int64(9), 6)): {'bw': 128}, ((0, 1), (6, 5)): {'bw': 128}, ((0, 3), (np.int64(9), 6)): {'bw': 137}, ((0, 3), (6, 4)): {'bw': 137}, ((0, 3), (4, 0)): {'bw': 137}, ((0, 3), (0, 28)): {'bw': 137}, ((0, 3), (28, 30)): {'bw': 137}, ((0, 3), (30, 33)): {'bw': 137}, ((0, 6), (np.int64(9), 6)): {'bw': 109}, ((0, 6), (6, 4)): {'bw': 109}, ((0, 6), (4, 1)): {'bw': 109}, ((0, 6), (1, 28)): {'bw': 109}, ((1, 2), (np.int64(5), 2)): {'bw': 150}, ((1, 2), (2, 13)): {'bw': 150}, ((1, 2), (13, 14)): {'bw': 150}, ((1, 4), (np.int64(5), 6)): {'bw': 104}, ((1, 4), (6, 8)): {'bw': 104}, ((1, 5), (np.int64(5), 2)): {'bw': 63}, ((1, 5), (2, 29)): {'bw': 63}, ((1, 5), (29, 31)): {'bw': 63}, ((1, 6), (np.int64(5), 2)): {'bw': 80}, ((1, 6), (2, 29)): {'bw': 80}, ((1, 6), (29, 30)): {'bw': 80}, ((1, 6), (30, 28)): {'bw': 80}, ((1, 8), (np.int64(5), 3)): {'bw': 97}, ((1, 8), (3, 29)): {'bw': 97}, ((1, 8), (29, 30)): {'bw': 97}, ((2, 3), (np.int64(14), 12)): {'bw': 81}, ((2, 3), (12, 0)): {'bw': 81}, ((2, 3), (0, 28)): {'bw': 81}, ((2, 3), (28, 30)): {'bw': 81}, ((2, 3), (30, 33)): {'bw': 81}, ((2, 4), (np.int64(14), 12)): {'bw': 101}, ((2, 4), (12, 1)): {'bw': 101}, ((2, 4), (1, 4)): {'bw': 101}, ((2, 4), (4, 7)): {'bw': 101}, ((2, 4), (7, 5)): {'bw': 101}, ((2, 4), (5, 6)): {'bw': 101}, ((2, 4), (6, 8)): {'bw': 101}}",0.0,0.0,1120.0,560.0,1814.0,0.0,0.0,0.0,0.0,0.0,0.0,0.0,0.0,0.0,Route Failure,100.0,"{'node_level': {}, 'link_level': {}, 'path_level': {}}","{'node_level': {0: {'cpu': -52}, 1: {'cpu': -7}, 2: {'cpu': -29}, 3: {'cpu': 0}, 4: {'cpu': -22}, 5: {'cpu': -15}, 6: {'cpu': -25}, 7: {'cpu': -13}, 8: {'cpu': -7}}, 'link_level': {(0, 1): {'bw': -237}, (0, 3): {'bw': -96}, (0, 6): {'bw': -25}, (1, 2): {'bw': -51}, (1, 4): {'bw': -133}, (1, 5): {'bw': -136}, (1, 6): {'bw': -56}, (1, 8): {'bw': -121}, (2, 3): {'bw': -15}, (2, 4): {'bw': -27}, (2, 6): {'bw': 100.0}}, 'path_level': {(0, 1): {}, (0, 3): {}, (0, 6): {}, (1, 2): {}, (1, 4): {}, (1, 5): {}, (1, 6): {}, (1, 8): {}, (2, 3): {}, (2, 4): {}, (2, 6): {}}}","{'node_level': {0: {'cpu': 0}, 1: {'cpu': 0}, 2: {'cpu': 0}, 3: {'cpu': 0}, 4: {'cpu': 0}, 5: {'cpu': 0}, 6: {'cpu': 0}, 7: {'cpu': 0}, 8: {'cpu': 0}}, 'link_level': {(0, 1): {'bw': 0}, (0, 3): {'bw': 0}, (0, 6): {'bw': 0}, (1, 2): {'bw': 0}, (1, 4): {'bw': 0}, (1, 5): {'bw': 0}, (1, 6): {'bw': 0}, (1, 8): {'bw': 0}, (2, 3): {'bw': 0}, (2, 4): {'bw': 0}, (2, 6): {'bw': 100.0}}, 'path_level': {(0, 1): {}, (0, 3): {}, (0, 6): {}, (1, 2): {}, (1, 4): {}, (1, 5): {}, (1, 6): {}, (1, 8): {}, (2, 3): {}, (2, 4): {}, (2, 6): {}}}",[],-inf,-inf,True,False,False,0,[],0,0.0,9.0,11.0,3
115,3,0,2815.0,5789.0,1516158.7280104992,3104016.413928909,0.48626705821385385,0.48845061553376934,15,213,0,3882.9791784725967,17304,2649,14655,0.0,0.0,103,425.97917847259674,3457.0,6,10,False,{},{},{},{},0.0,0.0,0.0,0.0,0.0,0.0,0.0,0.0,0.0,0.0,0.0,0.0,0.0,0.0,Leave Event,0.0,"{'node_level': {}, 'link_level': {}, 'path_level': {}}","{'node_level': {}, 'link_level': {}, 'path_level': {}}","{'node_level': {}, 'link_level': {}, 'path_level': {}}",[],-inf,-inf,True,True,False,0,[],0,0.0,,,3
116,3,0,2815.0,5789.0,1516158.7280104992,3104016.413928909,0.48626705821385385,0.48845061553376934,15,214,1,3902.0,17304,2649,14655,0.0,0.0,115,21.253186108160808,3902.0,10,26,False,"{0: np.int64(20), 1: np.int64(11), 2: np.int64(1), 3: np.int64(32), 4: np.int64(28), 5: np.int64(4), 6: np.int64(31), 7: np.int64(23), 8: np.int64(29), 9: np.int64(9)}","{(0, 1): [(np.int64(20), 0), (0, 4), (4, 7), (7, 11)], (0, 2): [(np.int64(20), 1)], (1, 3): [(np.int64(11), 7), (7, 4), (4, 0), (0, 28), (28, 30), (30, 32)], (1, 5): [(np.int64(11), 7), (7, 4)], (1, 6): []}","{(0, np.int64(20)): {'cpu': 38}, (1, np.int64(11)): {'cpu': 70}, (2, np.int64(1)): {'cpu': 57}, (3, np.int64(32)): {'cpu': 52}, (4, np.int64(28)): {'cpu': 31}, (5, np.int64(4)): {'cpu': 33}, (6, np.int64(31)): {'cpu': 73}, (7, np.int64(23)): {'cpu': 33}, (8, np.int64(29)): {'cpu': 80}, (9, np.int64(9)): {'cpu': 80}}","{((0, 1), (np.int64(20), 0)): {'bw': 93}, ((0, 1), (0, 4)): {'bw': 93}, ((0, 1), (4, 7)): {'bw': 93}, ((0, 1), (7, 11)): {'bw': 93}, ((0, 2), (np.int64(20), 1)): {'bw': 150}, ((1, 3), (np.int64(11), 7)): {'bw': 102}, ((1, 3), (7, 4)): {'bw': 102}, ((1, 3), (4, 0)): {'bw': 102}, ((1, 3), (0, 28)): {'bw': 102}, ((1, 3), (28, 30)): {'bw': 102}, ((1, 3), (30, 32)): {'bw': 102}, ((1, 5), (np.int64(11), 7)): {'bw': 142}, ((1, 5), (7, 4)): {'bw': 142}}",0.0,0.0,1094.0,547.0,2799.0,0.0,0.0,0.0,0.0,0.0,0.0,0.0,0.0,0.0,Route Failure,100.0,"{'node_level': {}, 'link_level': {}, 'path_level': {}}","{'node_level': {0: {'cpu': -29}, 1: {'cpu': -1}, 2: {'cpu': -17}, 3: {'cpu': -40}, 4: {'cpu': -59}, 5: {'cpu': -17}, 6: {'cpu': -6}, 7: {'cpu': -19}, 8: {'cpu': -16}, 9: {'cpu': -11}}, 'link_level': {(0, 1): {'bw': -140}, (0, 2): {'bw': -144}, (1, 3): {'bw': -38}, (1, 5): {'bw': -37}, (1, 6): {'bw': 100.0}}, 'path_level': {(0, 1): {}, (0, 2): {}, (1, 3): {}, (1, 5): {}, (1, 6): {}}}","{'node_level': {0: {'cpu': 0}, 1: {'cpu': 0}, 2: {'cpu': 0}, 3: {'cpu': 0}, 4: {'cpu': 0}, 5: {'cpu': 0}, 6: {'cpu': 0}, 7: {'cpu': 0}, 8: {'cpu': 0}, 9: {'cpu': 0}}, 'link_level': {(0, 1): {'bw': 0}, (0, 2): {'bw': 0}, (1, 3): {'bw': 0}, (1, 5): {'bw': 0}, (1, 6): {'bw': 100.0}}, 'path_level': {(0, 1): {}, (0, 2): {}, (1, 3): {}, (1, 5): {}, (1, 6): {}}}",[],-inf,-inf,True,False,False,0,[],0,0.0,10.0,5.0,3
116,3,0,2815.0,5789.0,1516158.7280104992,3104016.413928909,0.48626705821385385,0.48845061553376934,15,215,0,3905.0879291075967,17304,2649,14655,0.0,0.0,94,734.0879291075967,3171.0,8,14,False,{},{},{},{},0.0,0.0,0.0,0.0,0.0,0.0,0.0,0.0,0.0,0.0,0.0,0.0,0.0,0.0,Leave Event,0.0,"{'node_level': {}, 'link_level': {}, 'path_level': {}}","{'node_level': {}, 'link_level': {}, 'path_level': {}}","{'node_level': {}, 'link_level': {}, 'path_level': {}}",[],-inf,-inf,True,True,False,0,[],0,0.0,,,3
116,3,0,2815.0,5789.0,1516158.7280104992,3104016.413928909,0.48626705821385385,0.48845061553376934,15,216,0,3919.179811517672,17304,2649,14655,0.0,0.0,105,400.1798115176719,3519.0,8,15,False,{},{},{},{},0.0,0.0,0.0,0.0,0.0,0.0,0.0,0.0,0.0,0.0,0.0,0.0,0.0,0.0,Leave Event,0.0,"{'node_level': {}, 'link_level': {}, 'path_level': {}}","{'node_level': {}, 'link_level': {}, 'path_level': {}}","{'node_level': {}, 'link_level': {}, 'path_level': {}}",[],-inf,-inf,True,True,False,0,[],0,0.0,,,3
116,3,0,2815.0,5789.0,1516158.7280104992,3104016.413928909,0.48626705821385385,0.48845061553376934,15,217,0,3923.2531861081607,17304,2649,14655,0.0,0.0,115,21.253186108160808,3902.0,10,26,False,{},{},{},{},0.0,0.0,0.0,0.0,0.0,0.0,0.0,0.0,0.0,0.0,0.0,0.0,0.0,0.0,Leave Event,0.0,"{'node_level': {}, 'link_level': {}, 'path_level': {}}","{'node_level': {}, 'link_level': {}, 'path_level': {}}","{'node_level': {}, 'link_level': {}, 'path_level': {}}",[],-inf,-inf,True,True,False,0,[],0,0.0,,,3
117,3,0,2815.0,5789.0,1516158.7280104992,3104016.413928909,0.48626705821385385,0.48845061553376934,15,218,1,3931.0,17304,2649,14655,0.0,0.0,116,64.3003937837447,3931.0,7,14,False,"{0: np.int64(32), 1: np.int64(26), 2: np.int64(13), 3: np.int64(11), 4: np.int64(16), 5: np.int64(20), 6: np.int64(19)}","{(0, 2): [(np.int64(32), 30), (30, 29), (29, 2), (2, 13)], (0, 3): [(np.int64(32), 30), (30, 28), (28, 0), (0, 4), (4, 7), (7, 11)], (0, 4): [(np.int64(32), 30), (30, 28), (28, 0), (0, 12), (12, 14), (14, 16)], (0, 5): []}","{(0, np.int64(32)): {'cpu': 61}, (1, np.int64(26)): {'cpu': 43}, (2, np.int64(13)): {'cpu': 70}, (3, np.int64(11)): {'cpu': 41}, (4, np.int64(16)): {'cpu': 70}, (5, np.int64(20)): {'cpu': 56}, (6, np.int64(19)): {'cpu': 55}}","{((0, 2), (np.int64(32), 30)): {'bw': 79}, ((0, 2), (30, 29)): {'bw': 79}, ((0, 2), (29, 2)): {'bw': 79}, ((0, 2), (2, 13)): {'bw': 79}, ((0, 3), (np.int64(32), 30)): {'bw': 63}, ((0, 3), (30, 28)): {'bw': 63}, ((0, 3), (28, 0)): {'bw': 63}, ((0, 3), (0, 4)): {'bw': 63}, ((0, 3), (4, 7)): {'bw': 63}, ((0, 3), (7, 11)): {'bw': 63}, ((0, 4), (np.int64(32), 30)): {'bw': 121}, ((0, 4), (30, 28)): {'bw': 121}, ((0, 4), (28, 0)): {'bw': 121}, ((0, 4), (0, 12)): {'bw': 121}, ((0, 4), (12, 14)): {'bw': 121}, ((0, 4), (14, 16)): {'bw': 121}}",0.0,0.0,792.0,396.0,1516.0,0.0,0.0,0.0,0.0,0.0,0.0,0.0,0.0,0.0,Route Failure,100.0,"{'node_level': {}, 'link_level': {}, 'path_level': {}}","{'node_level': {0: {'cpu': -31}, 1: {'cpu': -33}, 2: {'cpu': -12}, 3: {'cpu': -30}, 4: {'cpu': -9}, 5: {'cpu': -11}, 6: {'cpu': -21}}, 'link_level': {(0, 2): {'bw': -240}, (0, 3): {'bw': -170}, (0, 4): {'bw': -112}, (0, 5): {'bw': 100.0}}, 'path_level': {(0, 2): {}, (0, 3): {}, (0, 4): {}, (0, 5): {}}}","{'node_level': {0: {'cpu': 0}, 1: {'cpu': 0}, 2: {'cpu': 0}, 3: {'cpu': 0}, 4: {'cpu': 0}, 5: {'cpu': 0}, 6: {'cpu': 0}}, 'link_level': {(0, 2): {'bw': 0}, (0, 3): {'bw': 0}, (0, 4): {'bw': 0}, (0, 5): {'bw': 100.0}}, 'path_level': {(0, 2): {}, (0, 3): {}, (0, 4): {}, (0, 5): {}}}",[],-inf,-inf,True,False,False,0,[],0,0.0,7.0,4.0,3
117,3,0,2815.0,5789.0,1516158.7280104992,3104016.413928909,0.48626705821385385,0.48845061553376934,15,219,0,3941.4121040163313,17304,2649,14655,0.0,0.0,114,74.41210401633118,3867.0,9,18,False,{},{},{},{},0.0,0.0,0.0,0.0,0.0,0.0,0.0,0.0,0.0,0.0,0.0,0.0,0.0,0.0,Leave Event,0.0,"{'node_level': {}, 'link_level': {}, 'path_level': {}}","{'node_level': {}, 'link_level': {}, 'path_level': {}}","{'node_level': {}, 'link_level': {}, 'path_level': {}}",[],-inf,-inf,True,True,False,0,[],0,0.0,,,3
118,3,0,2815.0,5789.0,1516158.7280104992,3104016.413928909,0.48626705821385385,0.48845061553376934,15,220,1,3960.0,17304,2649,14655,0.0,0.0,117,107.05905652106503,3960.0,10,26,False,"{0: np.int64(16), 1: np.int64(21), 2: np.int64(35), 3: np.int64(15), 4: np.int64(33), 5: np.int64(9), 6: np.int64(32), 7: np.int64(18), 8: np.int64(1), 9: np.int64(29)}","{(0, 2): [(np.int64(16), 14), (14, 12), (12, 0), (0, 28), (28, 31), (31, 35)], (0, 3): [(np.int64(16), 14), (14, 13), (13, 15)], (0, 4): []}","{(0, np.int64(16)): {'cpu': 50}, (1, np.int64(21)): {'cpu': 48}, (2, np.int64(35)): {'cpu': 74}, (3, np.int64(15)): {'cpu': 44}, (4, np.int64(33)): {'cpu': 68}, (5, np.int64(9)): {'cpu': 61}, (6, np.int64(32)): {'cpu': 35}, (7, np.int64(18)): {'cpu': 61}, (8, np.int64(1)): {'cpu': 59}, (9, np.int64(29)): {'cpu': 76}}","{((0, 2), (np.int64(16), 14)): {'bw': 146}, ((0, 2), (14, 12)): {'bw': 146}, ((0, 2), (12, 0)): {'bw': 146}, ((0, 2), (0, 28)): {'bw': 146}, ((0, 2), (28, 31)): {'bw': 146}, ((0, 2), (31, 35)): {'bw': 146}, ((0, 3), (np.int64(16), 14)): {'bw': 108}, ((0, 3), (14, 13)): {'bw': 108}, ((0, 3), (13, 15)): {'bw': 108}}",0.0,0.0,1152.0,576.0,2745.0,0.0,0.0,0.0,0.0,0.0,0.0,0.0,0.0,0.0,Route Failure,100.0,"{'node_level': {}, 'link_level': {}, 'path_level': {}}","{'node_level': {0: {'cpu': -29}, 1: {'cpu': -28}, 2: {'cpu': -19}, 3: {'cpu': -50}, 4: {'cpu': -6}, 5: {'cpu': -30}, 6: {'cpu': -57}, 7: {'cpu': -3}, 8: {'cpu': -15}, 9: {'cpu': -20}}, 'link_level': {(0, 2): {'bw': -56}, (0, 3): {'bw': -63}, (0, 4): {'bw': 100.0}}, 'path_level': {(0, 2): {}, (0, 3): {}, (0, 4): {}}}","{'node_level': {0: {'cpu': 0}, 1: {'cpu': 0}, 2: {'cpu': 0}, 3: {'cpu': 0}, 4: {'cpu': 0}, 5: {'cpu': 0}, 6: {'cpu': 0}, 7: {'cpu': 0}, 8: {'cpu': 0}, 9: {'cpu': 0}}, 'link_level': {(0, 2): {'bw': 0}, (0, 3): {'bw': 0}, (0, 4): {'bw': 100.0}}, 'path_level': {(0, 2): {}, (0, 3): {}, (0, 4): {}}}",[],-inf,-inf,True,False,False,0,[],0,0.0,10.0,3.0,3
119,3,0,2815.0,5789.0,1516158.7280104992,3104016.413928909,0.48626705821385385,0.48845061553376934,15,221,1,3989.0,17304,2649,14655,0.0,0.0,118,647.6202392747227,3989.0,9,19,False,"{0: np.int64(29), 1: np.int64(35), 2: np.int64(23), 3: np.int64(10), 4: np.int64(21), 5: np.int64(5), 6: np.int64(19), 7: np.int64(1), 8: np.int64(0)}","{(0, 2): [(np.int64(29), 2), (2, 21), (21, 23)], (0, 4): [(np.int64(29), 2), (2, 21)], (1, 3): [(np.int64(35), 31), (31, 28), (28, 0), (0, 4), (4, 7), (7, 10)], (1, 4): []}","{(0, np.int64(29)): {'cpu': 65}, (1, np.int64(35)): {'cpu': 62}, (2, np.int64(23)): {'cpu': 47}, (3, np.int64(10)): {'cpu': 57}, (4, np.int64(21)): {'cpu': 71}, (5, np.int64(5)): {'cpu': 30}, (6, np.int64(19)): {'cpu': 70}, (7, np.int64(1)): {'cpu': 42}, (8, np.int64(0)): {'cpu': 62}}","{((0, 2), (np.int64(29), 2)): {'bw': 81}, ((0, 2), (2, 21)): {'bw': 81}, ((0, 2), (21, 23)): {'bw': 81}, ((0, 4), (np.int64(29), 2)): {'bw': 121}, ((0, 4), (2, 21)): {'bw': 121}, ((1, 3), (np.int64(35), 31)): {'bw': 117}, ((1, 3), (31, 28)): {'bw': 117}, ((1, 3), (28, 0)): {'bw': 117}, ((1, 3), (0, 4)): {'bw': 117}, ((1, 3), (4, 7)): {'bw': 117}, ((1, 3), (7, 10)): {'bw': 117}}",0.0,0.0,1012.0,506.0,2176.0,0.0,0.0,0.0,0.0,0.0,0.0,0.0,0.0,0.0,Route Failure,100.0,"{'node_level': {}, 'link_level': {}, 'path_level': {}}","{'node_level': {0: {'cpu': -31}, 1: {'cpu': -31}, 2: {'cpu': -5}, 3: {'cpu': -3}, 4: {'cpu': -5}, 5: {'cpu': -41}, 6: {'cpu': -6}, 7: {'cpu': -32}, 8: {'cpu': -30}}, 'link_level': {(0, 2): {'bw': -147}, (0, 4): {'bw': -26}, (1, 3): {'bw': -85}, (1, 4): {'bw': 100.0}}, 'path_level': {(0, 2): {}, (0, 4): {}, (1, 3): {}, (1, 4): {}}}","{'node_level': {0: {'cpu': 0}, 1: {'cpu': 0}, 2: {'cpu': 0}, 3: {'cpu': 0}, 4: {'cpu': 0}, 5: {'cpu': 0}, 6: {'cpu': 0}, 7: {'cpu': 0}, 8: {'cpu': 0}}, 'link_level': {(0, 2): {'bw': 0}, (0, 4): {'bw': 0}, (1, 3): {'bw': 0}, (1, 4): {'bw': 100.0}}, 'path_level': {(0, 2): {}, (0, 4): {}, (1, 3): {}, (1, 4): {}}}",[],-inf,-inf,True,False,False,0,[],0,0.0,9.0,4.0,3
119,3,0,2815.0,5789.0,1516158.7280104992,3104016.413928909,0.48626705821385385,0.48845061553376934,15,222,0,3995.3003937837448,17304,2649,14655,0.0,0.0,116,64.3003937837447,3931.0,7,14,False,{},{},{},{},0.0,0.0,0.0,0.0,0.0,0.0,0.0,0.0,0.0,0.0,0.0,0.0,0.0,0.0,Leave Event,0.0,"{'node_level': {}, 'link_level': {}, 'path_level': {}}","{'node_level': {}, 'link_level': {}, 'path_level': {}}","{'node_level': {}, 'link_level': {}, 'path_level': {}}",[],-inf,-inf,True,True,False,0,[],0,0.0,,,3
120,4,1,3720.0,7261.0,1871468.118728478,3681934.008555279,0.5123261258779782,0.5082839927005662,18,223,1,4020.0,15832,2294,13538,0.1340128350320876,0.07621972023200274,119,392.6070615668273,4020.0,7,6,True,"{0: np.int64(1), 1: np.int64(27), 2: np.int64(29), 3: np.int64(12), 4: np.int64(14), 5: np.int64(28), 6: np.int64(21)}","{(0, 4): [(np.int64(1), 12), (12, 14)], (0, 5): [(np.int64(1), 28)], (1, 4): [(np.int64(27), 23), (23, 20), (20, 0), (0, 12), (12, 14)], (1, 6): [(np.int64(27), 23), (23, 21)], (2, 5): [(np.int64(29), 30), (30, 28)], (3, 4): [(np.int64(12), 14)]}","{(0, np.int64(1)): {'cpu': 67}, (1, np.int64(27)): {'cpu': 40}, (2, np.int64(29)): {'cpu': 79}, (3, np.int64(12)): {'cpu': 44}, (4, np.int64(14)): {'cpu': 40}, (5, np.int64(28)): {'cpu': 50}, (6, np.int64(21)): {'cpu': 35}}","{((0, 4), (np.int64(1), 12)): {'bw': 89}, ((0, 4), (12, 14)): {'bw': 89}, ((0, 5), (np.int64(1), 28)): {'bw': 136}, ((1, 4), (np.int64(27), 23)): {'bw': 71}, ((1, 4), (23, 20)): {'bw': 71}, ((1, 4), (20, 0)): {'bw': 71}, ((1, 4), (0, 12)): {'bw': 71}, ((1, 4), (12, 14)): {'bw': 71}, ((1, 6), (np.int64(27), 23)): {'bw': 88}, ((1, 6), (23, 21)): {'bw': 88}, ((2, 5), (np.int64(29), 30)): {'bw': 106}, ((2, 5), (30, 28)): {'bw': 106}, ((3, 4), (np.int64(12), 14)): {'bw': 60}}",1472.0,905.0,710.0,355.0,550.0,355.0,550.0,355.0,1117.0,567.0,0.6148097826086957,577917.5946263698,355309.3907179787,241.37866217253992,Success,0.0,"{'node_level': {}, 'link_level': {}, 'path_level': {}}","{'node_level': {0: {'cpu': -7}, 1: {'cpu': -15}, 2: {'cpu': -17}, 3: {'cpu': -44}, 4: {'cpu': -30}, 5: {'cpu': -40}, 6: {'cpu': -41}}, 'link_level': {(0, 4): {'bw': -131}, (0, 5): {'bw': -113}, (1, 4): {'bw': -73}, (1, 6): {'bw': -137}, (2, 5): {'bw': -235}, (3, 4): {'bw': -13}}, 'path_level': {(0, 4): {}, (0, 5): {}, (1, 4): {}, (1, 6): {}, (2, 5): {}, (3, 4): {}}}","{'node_level': {0: {'cpu': 0}, 1: {'cpu': 0}, 2: {'cpu': 0}, 3: {'cpu': 0}, 4: {'cpu': 0}, 5: {'cpu': 0}, 6: {'cpu': 0}}, 'link_level': {(0, 4): {'bw': 0}, (0, 5): {'bw': 0}, (1, 4): {'bw': 0}, (1, 6): {'bw': 0}, (2, 5): {'bw': 0}, (3, 4): {'bw': 0}}, 'path_level': {(0, 4): {}, (0, 5): {}, (1, 4): {}, (1, 6): {}, (2, 5): {}, (3, 4): {}}}",[],-inf,-inf,True,True,False,0,[],0,0.0,7.0,6.0,3
120,4,1,3720.0,7261.0,1871468.118728478,3681934.008555279,0.5123261258779782,0.5082839927005662,18,224,0,4022.2933752037006,15832,2294,13538,0.1340128350320876,0.07621972023200274,87,1110.2933752037009,2912.0,6,6,False,{},{},{},{},0.0,0.0,0.0,0.0,0.0,0.0,0.0,0.0,0.0,0.0,0.0,0.0,0.0,0.0,Leave Event,0.0,"{'node_level': {}, 'link_level': {}, 'path_level': {}}","{'node_level': {}, 'link_level': {}, 'path_level': {}}","{'node_level': {}, 'link_level': {}, 'path_level': {}}",[],-inf,-inf,True,True,False,0,[],0,0.0,,,3
120,4,1,3720.0,7261.0,1871468.118728478,3681934.008555279,0.5123261258779782,0.5082839927005662,18,225,0,4028.8405369569273,15832,2294,13538,0.1340128350320876,0.07621972023200274,111,271.8405369569273,3757.0,7,12,False,{},{},{},{},0.0,0.0,0.0,0.0,0.0,0.0,0.0,0.0,0.0,0.0,0.0,0.0,0.0,0.0,Leave Event,0.0,"{'node_level': {}, 'link_level': {}, 'path_level': {}}","{'node_level': {}, 'link_level': {}, 'path_level': {}}","{'node_level': {}, 'link_level': {}, 'path_level': {}}",[],-inf,-inf,True,True,False,0,[],0,0.0,,,3
121,4,1,3720.0,7261.0,1871468.118728478,3681934.008555279,0.5123261258779782,0.5082839927005662,18,226,1,4047.0,15832,2294,13538,0.1340128350320876,0.07621972023200274,120,382.77865769651936,4047.0,7,9,False,"{0: np.int64(32), 1: np.int64(11), 2: np.int64(9), 3: np.int64(22), 4: np.int64(31), 5: np.int64(30), 6: np.int64(4)}","{(0, 1): [(np.int64(32), 30), (30, 28), (28, 0), (0, 4), (4, 7), (7, 11)], (0, 2): [(np.int64(32), 30), (30, 29), (29, 2), (2, 5), (5, 6), (6, 9)], (1, 2): [(np.int64(11), 7), (7, 4), (4, 6), (6, 9)], (1, 3): [(np.int64(11), 7), (7, 4), (4, 1), (1, 20), (20, 22)], (1, 4): []}","{(0, np.int64(32)): {'cpu': 79}, (1, np.int64(11)): {'cpu': 30}, (2, np.int64(9)): {'cpu': 56}, (3, np.int64(22)): {'cpu': 36}, (4, np.int64(31)): {'cpu': 79}, (5, np.int64(30)): {'cpu': 37}, (6, np.int64(4)): {'cpu': 47}}","{((0, 1), (np.int64(32), 30)): {'bw': 148}, ((0, 1), (30, 28)): {'bw': 148}, ((0, 1), (28, 0)): {'bw': 148}, ((0, 1), (0, 4)): {'bw': 148}, ((0, 1), (4, 7)): {'bw': 148}, ((0, 1), (7, 11)): {'bw': 148}, ((0, 2), (np.int64(32), 30)): {'bw': 146}, ((0, 2), (30, 29)): {'bw': 146}, ((0, 2), (29, 2)): {'bw': 146}, ((0, 2), (2, 5)): {'bw': 146}, ((0, 2), (5, 6)): {'bw': 146}, ((0, 2), (6, 9)): {'bw': 146}, ((1, 2), (np.int64(11), 7)): {'bw': 106}, ((1, 2), (7, 4)): {'bw': 106}, ((1, 2), (4, 6)): {'bw': 106}, ((1, 2), (6, 9)): {'bw': 106}, ((1, 3), (np.int64(11), 7)): {'bw': 110}, ((1, 3), (7, 4)): {'bw': 110}, ((1, 3), (4, 1)): {'bw': 110}, ((1, 3), (1, 20)): {'bw': 110}, ((1, 3), (20, 22)): {'bw': 110}}",0.0,0.0,728.0,364.0,1096.0,0.0,0.0,0.0,0.0,0.0,0.0,0.0,0.0,0.0,Route Failure,100.0,"{'node_level': {}, 'link_level': {}, 'path_level': {}}","{'node_level': {0: {'cpu': -13}, 1: {'cpu': -41}, 2: {'cpu': -35}, 3: {'cpu': -36}, 4: {'cpu': 0}, 5: {'cpu': -46}, 6: {'cpu': -3}}, 'link_level': {(0, 1): {'bw': -85}, (0, 2): {'bw': -95}, (1, 2): {'bw': -120}, (1, 3): {'bw': -10}, (1, 4): {'bw': 100.0}}, 'path_level': {(0, 1): {}, (0, 2): {}, (1, 2): {}, (1, 3): {}, (1, 4): {}}}","{'node_level': {0: {'cpu': 0}, 1: {'cpu': 0}, 2: {'cpu': 0}, 3: {'cpu': 0}, 4: {'cpu': 0}, 5: {'cpu': 0}, 6: {'cpu': 0}}, 'link_level': {(0, 1): {'bw': 0}, (0, 2): {'bw': 0}, (1, 2): {'bw': 0}, (1, 3): {'bw': 0}, (1, 4): {'bw': 100.0}}, 'path_level': {(0, 1): {}, (0, 2): {}, (1, 2): {}, (1, 3): {}, (1, 4): {}}}",[],-inf,-inf,True,False,False,0,[],0,0.0,7.0,5.0,3
121,4,1,3720.0,7261.0,1871468.118728478,3681934.008555279,0.5123261258779782,0.5082839927005662,18,227,0,4051.1034514207436,15832,2294,13538,0.1340128350320876,0.07621972023200274,100,675.1034514207436,3376.0,10,27,False,{},{},{},{},0.0,0.0,0.0,0.0,0.0,0.0,0.0,0.0,0.0,0.0,0.0,0.0,0.0,0.0,Leave Event,0.0,"{'node_level': {}, 'link_level': {}, 'path_level': {}}","{'node_level': {}, 'link_level': {}, 'path_level': {}}","{'node_level': {}, 'link_level': {}, 'path_level': {}}",[],-inf,-inf,True,True,False,0,[],0,0.0,,,3
121,4,1,3720.0,7261.0,1871468.118728478,3681934.008555279,0.5123261258779782,0.5082839927005662,18,228,0,4067.059056521065,15832,2294,13538,0.1340128350320876,0.07621972023200274,117,107.05905652106503,3960.0,10,26,False,{},{},{},{},0.0,0.0,0.0,0.0,0.0,0.0,0.0,0.0,0.0,0.0,0.0,0.0,0.0,0.0,Leave Event,0.0,"{'node_level': {}, 'link_level': {}, 'path_level': {}}","{'node_level': {}, 'link_level': {}, 'path_level': {}}","{'node_level': {}, 'link_level': {}, 'path_level': {}}",[],-inf,-inf,True,True,False,0,[],0,0.0,,,3
122,4,1,3720.0,7261.0,1871468.118728478,3681934.008555279,0.5123261258779782,0.5082839927005662,18,229,1,4081.0,15832,2294,13538,0.1340128350320876,0.07621972023200274,121,312.31172371562775,4081.0,9,26,False,"{0: np.int64(6), 1: np.int64(33), 2: np.int64(0), 3: np.int64(8), 4: np.int64(32), 5: np.int64(25), 6: np.int64(30), 7: np.int64(35), 8: np.int64(19)}","{(0, 1): [(np.int64(6), 4), (4, 0), (0, 28), (28, 30), (30, 33)], (0, 2): [(np.int64(6), 4), (4, 0)], (0, 3): [(np.int64(6), 8)], (0, 4): [(np.int64(6), 5), (5, 2), (2, 29), (29, 30), (30, 32)], (0, 7): [(np.int64(6), 5), (5, 2), (2, 29), (29, 31), (31, 35)], (0, 8): [(np.int64(6), 4), (4, 0), (0, 12), (12, 15), (15, 19)], (1, 2): [(np.int64(33), 30), (30, 28), (28, 0)], (1, 3): []}","{(0, np.int64(6)): {'cpu': 36}, (1, np.int64(33)): {'cpu': 41}, (2, np.int64(0)): {'cpu': 79}, (3, np.int64(8)): {'cpu': 64}, (4, np.int64(32)): {'cpu': 65}, (5, np.int64(25)): {'cpu': 32}, (6, np.int64(30)): {'cpu': 45}, (7, np.int64(35)): {'cpu': 59}, (8, np.int64(19)): {'cpu': 67}}","{((0, 1), (np.int64(6), 4)): {'bw': 83}, ((0, 1), (4, 0)): {'bw': 83}, ((0, 1), (0, 28)): {'bw': 83}, ((0, 1), (28, 30)): {'bw': 83}, ((0, 1), (30, 33)): {'bw': 83}, ((0, 2), (np.int64(6), 4)): {'bw': 86}, ((0, 2), (4, 0)): {'bw': 86}, ((0, 3), (np.int64(6), 8)): {'bw': 126}, ((0, 4), (np.int64(6), 5)): {'bw': 149}, ((0, 4), (5, 2)): {'bw': 149}, ((0, 4), (2, 29)): {'bw': 149}, ((0, 4), (29, 30)): {'bw': 149}, ((0, 4), (30, 32)): {'bw': 149}, ((0, 7), (np.int64(6), 5)): {'bw': 118}, ((0, 7), (5, 2)): {'bw': 118}, ((0, 7), (2, 29)): {'bw': 118}, ((0, 7), (29, 31)): {'bw': 118}, ((0, 7), (31, 35)): {'bw': 118}, ((0, 8), (np.int64(6), 4)): {'bw': 60}, ((0, 8), (4, 0)): {'bw': 60}, ((0, 8), (0, 12)): {'bw': 60}, ((0, 8), (12, 15)): {'bw': 60}, ((0, 8), (15, 19)): {'bw': 60}, ((1, 2), (np.int64(33), 30)): {'bw': 126}, ((1, 2), (30, 28)): {'bw': 126}, ((1, 2), (28, 0)): {'bw': 126}}",0.0,0.0,976.0,488.0,2666.0,0.0,0.0,0.0,0.0,0.0,0.0,0.0,0.0,0.0,Route Failure,100.0,"{'node_level': {}, 'link_level': {}, 'path_level': {}}","{'node_level': {0: {'cpu': -33}, 1: {'cpu': -33}, 2: {'cpu': -13}, 3: {'cpu': -29}, 4: {'cpu': -27}, 5: {'cpu': -19}, 6: {'cpu': -38}, 7: {'cpu': -34}, 8: {'cpu': -9}}, 'link_level': {(0, 1): {'bw': -150}, (0, 2): {'bw': -64}, (0, 3): {'bw': -258}, (0, 4): {'bw': -103}, (0, 7): {'bw': -52}, (0, 8): {'bw': -4}, (1, 2): {'bw': -24}, (1, 3): {'bw': 100.0}}, 'path_level': {(0, 1): {}, (0, 2): {}, (0, 3): {}, (0, 4): {}, (0, 7): {}, (0, 8): {}, (1, 2): {}, (1, 3): {}}}","{'node_level': {0: {'cpu': 0}, 1: {'cpu': 0}, 2: {'cpu': 0}, 3: {'cpu': 0}, 4: {'cpu': 0}, 5: {'cpu': 0}, 6: {'cpu': 0}, 7: {'cpu': 0}, 8: {'cpu': 0}}, 'link_level': {(0, 1): {'bw': 0}, (0, 2): {'bw': 0}, (0, 3): {'bw': 0}, (0, 4): {'bw': 0}, (0, 7): {'bw': 0}, (0, 8): {'bw': 0}, (1, 2): {'bw': 0}, (1, 3): {'bw': 100.0}}, 'path_level': {(0, 1): {}, (0, 2): {}, (0, 3): {}, (0, 4): {}, (0, 7): {}, (0, 8): {}, (1, 2): {}, (1, 3): {}}}",[],-inf,-inf,True,False,False,0,[],0,0.0,9.0,8.0,3
122,4,1,3720.0,7261.0,1871468.118728478,3681934.008555279,0.5123261258779782,0.5082839927005662,18,230,0,4088.2092795057115,15832,2294,13538,0.1340128350320876,0.07621972023200274,108,427.2092795057113,3661.0,9,14,False,{},{},{},{},0.0,0.0,0.0,0.0,0.0,0.0,0.0,0.0,0.0,0.0,0.0,0.0,0.0,0.0,Leave Event,0.0,"{'node_level': {}, 'link_level': {}, 'path_level': {}}","{'node_level': {}, 'link_level': {}, 'path_level': {}}","{'node_level': {}, 'link_level': {}, 'path_level': {}}",[],-inf,-inf,True,True,False,0,[],0,0.0,,,3
123,5,2,4572.0,8746.0,1874329.4436471285,3686921.1769874343,0.5227532586325178,0.5083725291839937,21,231,1,4111.0,14347,1940,12407,0.2676481691204228,0.15339474582053902,122,3.3583625805757333,4111.0,6,5,True,"{0: np.int64(30), 1: np.int64(5), 2: np.int64(35), 3: np.int64(33), 4: np.int64(31), 5: np.int64(28)}","{(0, 2): [(np.int64(30), 28), (28, 31), (31, 35)], (0, 3): [(np.int64(30), 33)], (1, 4): [(np.int64(5), 2), (2, 29), (29, 31)], (2, 5): [(np.int64(35), 31), (31, 28)], (3, 4): [(np.int64(33), 30), (30, 28), (28, 31)]}","{(0, np.int64(30)): {'cpu': 79}, (1, np.int64(5)): {'cpu': 38}, (2, np.int64(35)): {'cpu': 60}, (3, np.int64(33)): {'cpu': 69}, (4, np.int64(31)): {'cpu': 73}, (5, np.int64(28)): {'cpu': 35}}","{((0, 2), (np.int64(30), 28)): {'bw': 63}, ((0, 2), (28, 31)): {'bw': 63}, ((0, 2), (31, 35)): {'bw': 63}, ((0, 3), (np.int64(30), 33)): {'bw': 113}, ((1, 4), (np.int64(5), 2)): {'bw': 107}, ((1, 4), (2, 29)): {'bw': 107}, ((1, 4), (29, 31)): {'bw': 107}, ((2, 5), (np.int64(35), 31)): {'bw': 137}, ((2, 5), (31, 28)): {'bw': 137}, ((3, 4), (np.int64(33), 30)): {'bw': 78}, ((3, 4), (30, 28)): {'bw': 78}, ((3, 4), (28, 31)): {'bw': 78}}",1485.0,852.0,708.0,354.0,498.0,354.0,498.0,354.0,1131.0,633.0,0.5737373737373738,4987.168432154964,2861.324918650525,1.9268181270373905,Success,0.0,"{'node_level': {}, 'link_level': {}, 'path_level': {}}","{'node_level': {0: {'cpu': -4}, 1: {'cpu': -33}, 2: {'cpu': -33}, 3: {'cpu': -5}, 4: {'cpu': -6}, 5: {'cpu': -5}}, 'link_level': {(0, 2): {'bw': -139}, (0, 3): {'bw': -120}, (1, 4): {'bw': -141}, (2, 5): {'bw': -2}, (3, 4): {'bw': -42}}, 'path_level': {(0, 2): {}, (0, 3): {}, (1, 4): {}, (2, 5): {}, (3, 4): {}}}","{'node_level': {0: {'cpu': 0}, 1: {'cpu': 0}, 2: {'cpu': 0}, 3: {'cpu': 0}, 4: {'cpu': 0}, 5: {'cpu': 0}}, 'link_level': {(0, 2): {'bw': 0}, (0, 3): {'bw': 0}, (1, 4): {'bw': 0}, (2, 5): {'bw': 0}, (3, 4): {'bw': 0}}, 'path_level': {(0, 2): {}, (0, 3): {}, (1, 4): {}, (2, 5): {}, (3, 4): {}}}",[],-inf,-inf,True,True,False,0,[],0,0.0,6.0,5.0,3
123,5,1,4572.0,8746.0,1874329.4436471285,3686921.1769874343,0.5227532586325178,0.5083725291839937,21,232,0,4114.358362580576,15832,2294,13538,0.1340128350320876,0.07621972023200274,122,3.3583625805757333,4111.0,6,5,False,{},{},{},{},0.0,0.0,0.0,0.0,0.0,0.0,0.0,0.0,0.0,0.0,0.0,0.0,0.0,0.0,Leave Event,0.0,"{'node_level': {}, 'link_level': {}, 'path_level': {}}","{'node_level': {}, 'link_level': {}, 'path_level': {}}","{'node_level': {}, 'link_level': {}, 'path_level': {}}",[],-inf,-inf,True,True,False,0,[],0,0.0,,,3
123,5,1,4572.0,8746.0,1874329.4436471285,3686921.1769874343,0.5227532586325178,0.5083725291839937,21,233,0,4118.5332994827495,15832,2294,13538,0.1340128350320876,0.07621972023200274,102,686.5332994827498,3432.0,9,20,False,{},{},{},{},0.0,0.0,0.0,0.0,0.0,0.0,0.0,0.0,0.0,0.0,0.0,0.0,0.0,0.0,Leave Event,0.0,"{'node_level': {}, 'link_level': {}, 'path_level': {}}","{'node_level': {}, 'link_level': {}, 'path_level': {}}","{'node_level': {}, 'link_level': {}, 'path_level': {}}",[],-inf,-inf,True,True,False,0,[],0,0.0,,,3
123,5,1,4572.0,8746.0,1874329.4436471285,3686921.1769874343,0.5227532586325178,0.5083725291839937,21,234,0,4129.0827312764,15832,2294,13538,0.1340128350320876,0.07621972023200274,110,403.08273127640075,3726.0,10,25,False,{},{},{},{},0.0,0.0,0.0,0.0,0.0,0.0,0.0,0.0,0.0,0.0,0.0,0.0,0.0,0.0,Leave Event,0.0,"{'node_level': {}, 'link_level': {}, 'path_level': {}}","{'node_level': {}, 'link_level': {}, 'path_level': {}}","{'node_level': {}, 'link_level': {}, 'path_level': {}}",[],-inf,-inf,True,True,False,0,[],0,0.0,,,3
123,5,1,4572.0,8746.0,1874329.4436471285,3686921.1769874343,0.5227532586325178,0.5083725291839937,21,235,0,4144.835337782542,15832,2294,13538,0.1340128350320876,0.07621972023200274,104,657.8353377825421,3487.0,6,7,False,{},{},{},{},0.0,0.0,0.0,0.0,0.0,0.0,0.0,0.0,0.0,0.0,0.0,0.0,0.0,0.0,Leave Event,0.0,"{'node_level': {}, 'link_level': {}, 'path_level': {}}","{'node_level': {}, 'link_level': {}, 'path_level': {}}","{'node_level': {}, 'link_level': {}, 'path_level': {}}",[],-inf,-inf,True,True,False,0,[],0,0.0,,,3
124,5,1,4572.0,8746.0,1874329.4436471285,3686921.1769874343,0.5227532586325178,0.5083725291839937,21,236,1,4149.0,15832,2294,13538,0.1340128350320876,0.07621972023200274,123,249.17843599376206,4149.0,10,16,False,"{0: np.int64(21), 1: np.int64(5), 2: np.int64(32), 3: np.int64(11), 4: np.int64(15), 5: np.int64(7), 6: np.int64(22), 7: np.int64(23), 8: np.int64(6), 9: np.int64(13)}","{(0, 4): [(np.int64(21), 2), (2, 13), (13, 15)], (0, 7): [(np.int64(21), 23)], (0, 8): [(np.int64(21), 3), (3, 5), (5, 6)], (0, 9): [(np.int64(21), 3), (3, 13)], (1, 2): [(np.int64(5), 2), (2, 29), (29, 30), (30, 32)], (1, 3): [(np.int64(5), 7), (7, 11)], (1, 4): [(np.int64(5), 2), (2, 13), (13, 15)], (1, 9): []}","{(0, np.int64(21)): {'cpu': 39}, (1, np.int64(5)): {'cpu': 35}, (2, np.int64(32)): {'cpu': 31}, (3, np.int64(11)): {'cpu': 69}, (4, np.int64(15)): {'cpu': 74}, (5, np.int64(7)): {'cpu': 43}, (6, np.int64(22)): {'cpu': 35}, (7, np.int64(23)): {'cpu': 38}, (8, np.int64(6)): {'cpu': 66}, (9, np.int64(13)): {'cpu': 50}}","{((0, 4), (np.int64(21), 2)): {'bw': 123}, ((0, 4), (2, 13)): {'bw': 123}, ((0, 4), (13, 15)): {'bw': 123}, ((0, 7), (np.int64(21), 23)): {'bw': 92}, ((0, 8), (np.int64(21), 3)): {'bw': 129}, ((0, 8), (3, 5)): {'bw': 129}, ((0, 8), (5, 6)): {'bw': 129}, ((0, 9), (np.int64(21), 3)): {'bw': 150}, ((0, 9), (3, 13)): {'bw': 150}, ((1, 2), (np.int64(5), 2)): {'bw': 136}, ((1, 2), (2, 29)): {'bw': 136}, ((1, 2), (29, 30)): {'bw': 136}, ((1, 2), (30, 32)): {'bw': 136}, ((1, 3), (np.int64(5), 7)): {'bw': 124}, ((1, 3), (7, 11)): {'bw': 124}, ((1, 4), (np.int64(5), 2)): {'bw': 133}, ((1, 4), (2, 13)): {'bw': 133}, ((1, 4), (13, 15)): {'bw': 133}}",0.0,0.0,960.0,480.0,1887.0,0.0,0.0,0.0,0.0,0.0,0.0,0.0,0.0,0.0,Route Failure,100.0,"{'node_level': {}, 'link_level': {}, 'path_level': {}}","{'node_level': {0: {'cpu': -2}, 1: {'cpu': -36}, 2: {'cpu': -61}, 3: {'cpu': -2}, 4: {'cpu': -20}, 5: {'cpu': -17}, 6: {'cpu': -37}, 7: {'cpu': -14}, 8: {'cpu': -3}, 9: {'cpu': -32}}, 'link_level': {(0, 4): {'bw': -105}, (0, 7): {'bw': -164}, (0, 8): {'bw': -125}, (0, 9): {'bw': -50}, (1, 2): {'bw': -116}, (1, 3): {'bw': -250}, (1, 4): {'bw': -29}, (1, 9): {'bw': 100.0}}, 'path_level': {(0, 4): {}, (0, 7): {}, (0, 8): {}, (0, 9): {}, (1, 2): {}, (1, 3): {}, (1, 4): {}, (1, 9): {}}}","{'node_level': {0: {'cpu': 0}, 1: {'cpu': 0}, 2: {'cpu': 0}, 3: {'cpu': 0}, 4: {'cpu': 0}, 5: {'cpu': 0}, 6: {'cpu': 0}, 7: {'cpu': 0}, 8: {'cpu': 0}, 9: {'cpu': 0}}, 'link_level': {(0, 4): {'bw': 0}, (0, 7): {'bw': 0}, (0, 8): {'bw': 0}, (0, 9): {'bw': 0}, (1, 2): {'bw': 0}, (1, 3): {'bw': 0}, (1, 4): {'bw': 0}, (1, 9): {'bw': 100.0}}, 'path_level': {(0, 4): {}, (0, 7): {}, (0, 8): {}, (0, 9): {}, (1, 2): {}, (1, 3): {}, (1, 4): {}, (1, 9): {}}}",[],-inf,-inf,True,False,False,0,[],0,0.0,10.0,8.0,3
125,5,1,4572.0,8746.0,1874329.4436471285,3686921.1769874343,0.5227532586325178,0.5083725291839937,21,237,1,4182.0,15832,2294,13538,0.1340128350320876,0.07621972023200274,124,3424.008470637874,4182.0,10,27,False,"{0: np.int64(17), 1: np.int64(31), 2: np.int64(18), 3: np.int64(26), 4: np.int64(22), 5: np.int64(13), 6: np.int64(16), 7: np.int64(0), 8: np.int64(6), 9: np.int64(23)}","{(0, 1): [(np.int64(17), 14), (14, 13), (13, 2), (2, 29), (29, 31)], (0, 4): []}","{(0, np.int64(17)): {'cpu': 58}, (1, np.int64(31)): {'cpu': 43}, (2, np.int64(18)): {'cpu': 55}, (3, np.int64(26)): {'cpu': 68}, (4, np.int64(22)): {'cpu': 60}, (5, np.int64(13)): {'cpu': 72}, (6, np.int64(16)): {'cpu': 78}, (7, np.int64(0)): {'cpu': 69}, (8, np.int64(6)): {'cpu': 61}, (9, np.int64(23)): {'cpu': 31}}","{((0, 1), (np.int64(17), 14)): {'bw': 150}, ((0, 1), (14, 13)): {'bw': 150}, ((0, 1), (13, 2)): {'bw': 150}, ((0, 1), (2, 29)): {'bw': 150}, ((0, 1), (29, 31)): {'bw': 150}}",0.0,0.0,1190.0,595.0,2760.0,0.0,0.0,0.0,0.0,0.0,0.0,0.0,0.0,0.0,Route Failure,100.0,"{'node_level': {}, 'link_level': {}, 'path_level': {}}","{'node_level': {0: {'cpu': -31}, 1: {'cpu': -36}, 2: {'cpu': -9}, 3: {'cpu': -8}, 4: {'cpu': -12}, 5: {'cpu': -10}, 6: {'cpu': -1}, 7: {'cpu': -23}, 8: {'cpu': -8}, 9: {'cpu': -21}}, 'link_level': {(0, 1): {'bw': -51}, (0, 4): {'bw': 100.0}}, 'path_level': {(0, 1): {}, (0, 4): {}}}","{'node_level': {0: {'cpu': 0}, 1: {'cpu': 0}, 2: {'cpu': 0}, 3: {'cpu': 0}, 4: {'cpu': 0}, 5: {'cpu': 0}, 6: {'cpu': 0}, 7: {'cpu': 0}, 8: {'cpu': 0}, 9: {'cpu': 0}}, 'link_level': {(0, 1): {'bw': 0}, (0, 4): {'bw': 100.0}}, 'path_level': {(0, 1): {}, (0, 4): {}}}",[],-inf,-inf,True,False,False,0,[],0,0.0,10.0,2.0,3
125,5,1,4572.0,8746.0,1874329.4436471285,3686921.1769874343,0.5227532586325178,0.5083725291839937,21,238,0,4191.163035114915,15832,2294,13538,0.1340128350320876,0.07621972023200274,65,2028.1630351149151,2163.0,7,11,False,{},{},{},{},0.0,0.0,0.0,0.0,0.0,0.0,0.0,0.0,0.0,0.0,0.0,0.0,0.0,0.0,Leave Event,0.0,"{'node_level': {}, 'link_level': {}, 'path_level': {}}","{'node_level': {}, 'link_level': {}, 'path_level': {}}","{'node_level': {}, 'link_level': {}, 'path_level': {}}",[],-inf,-inf,True,True,False,0,[],0,0.0,,,3
126,5,1,4572.0,8746.0,1874329.4436471285,3686921.1769874343,0.5227532586325178,0.5083725291839937,21,239,1,4216.0,15832,2294,13538,0.1340128350320876,0.07621972023200274,125,858.2087730001672,4216.0,10,17,False,"{0: np.int64(22), 1: np.int64(23), 2: np.int64(32), 3: np.int64(8), 4: np.int64(17), 5: np.int64(25), 6: np.int64(15), 7: np.int64(0), 8: np.int64(33), 9: np.int64(35)}","{(0, 3): [(np.int64(22), 20), (20, 0), (0, 4), (4, 6), (6, 8)], (0, 5): [(np.int64(22), 25)], (0, 8): [(np.int64(22), 20), (20, 0), (0, 28), (28, 30), (30, 33)], (0, 9): [(np.int64(22), 21), (21, 2), (2, 29), (29, 31), (31, 35)], (1, 4): [(np.int64(23), 21), (21, 3), (3, 13), (13, 14), (14, 17)], (1, 8): [(np.int64(23), 21), (21, 3), (3, 29), (29, 30), (30, 33)], (2, 7): [(np.int64(32), 30), (30, 28), (28, 0)], (3, 4): []}","{(0, np.int64(22)): {'cpu': 56}, (1, np.int64(23)): {'cpu': 51}, (2, np.int64(32)): {'cpu': 63}, (3, np.int64(8)): {'cpu': 80}, (4, np.int64(17)): {'cpu': 52}, (5, np.int64(25)): {'cpu': 51}, (6, np.int64(15)): {'cpu': 60}, (7, np.int64(0)): {'cpu': 63}, (8, np.int64(33)): {'cpu': 51}, (9, np.int64(35)): {'cpu': 56}}","{((0, 3), (np.int64(22), 20)): {'bw': 118}, ((0, 3), (20, 0)): {'bw': 118}, ((0, 3), (0, 4)): {'bw': 118}, ((0, 3), (4, 6)): {'bw': 118}, ((0, 3), (6, 8)): {'bw': 118}, ((0, 5), (np.int64(22), 25)): {'bw': 113}, ((0, 8), (np.int64(22), 20)): {'bw': 63}, ((0, 8), (20, 0)): {'bw': 63}, ((0, 8), (0, 28)): {'bw': 63}, ((0, 8), (28, 30)): {'bw': 63}, ((0, 8), (30, 33)): {'bw': 63}, ((0, 9), (np.int64(22), 21)): {'bw': 141}, ((0, 9), (21, 2)): {'bw': 141}, ((0, 9), (2, 29)): {'bw': 141}, ((0, 9), (29, 31)): {'bw': 141}, ((0, 9), (31, 35)): {'bw': 141}, ((1, 4), (np.int64(23), 21)): {'bw': 99}, ((1, 4), (21, 3)): {'bw': 99}, ((1, 4), (3, 13)): {'bw': 99}, ((1, 4), (13, 14)): {'bw': 99}, ((1, 4), (14, 17)): {'bw': 99}, ((1, 8), (np.int64(23), 21)): {'bw': 149}, ((1, 8), (21, 3)): {'bw': 149}, ((1, 8), (3, 29)): {'bw': 149}, ((1, 8), (29, 30)): {'bw': 149}, ((1, 8), (30, 33)): {'bw': 149}, ((2, 7), (np.int64(32), 30)): {'bw': 144}, ((2, 7), (30, 28)): {'bw': 144}, ((2, 7), (28, 0)): {'bw': 144}}",0.0,0.0,1166.0,583.0,1816.0,0.0,0.0,0.0,0.0,0.0,0.0,0.0,0.0,0.0,Route Failure,100.0,"{'node_level': {}, 'link_level': {}, 'path_level': {}}","{'node_level': {0: {'cpu': -16}, 1: {'cpu': -1}, 2: {'cpu': -29}, 3: {'cpu': -13}, 4: {'cpu': -37}, 5: {'cpu': 0}, 6: {'cpu': -34}, 7: {'cpu': -29}, 8: {'cpu': -23}, 9: {'cpu': -37}}, 'link_level': {(0, 3): {'bw': -90}, (0, 5): {'bw': -162}, (0, 8): {'bw': -27}, (0, 9): {'bw': -61}, (1, 4): {'bw': -101}, (1, 8): {'bw': -8}, (2, 7): {'bw': -28}, (3, 4): {'bw': 100.0}}, 'path_level': {(0, 3): {}, (0, 5): {}, (0, 8): {}, (0, 9): {}, (1, 4): {}, (1, 8): {}, (2, 7): {}, (3, 4): {}}}","{'node_level': {0: {'cpu': 0}, 1: {'cpu': 0}, 2: {'cpu': 0}, 3: {'cpu': 0}, 4: {'cpu': 0}, 5: {'cpu': 0}, 6: {'cpu': 0}, 7: {'cpu': 0}, 8: {'cpu': 0}, 9: {'cpu': 0}}, 'link_level': {(0, 3): {'bw': 0}, (0, 5): {'bw': 0}, (0, 8): {'bw': 0}, (0, 9): {'bw': 0}, (1, 4): {'bw': 0}, (1, 8): {'bw': 0}, (2, 7): {'bw': 0}, (3, 4): {'bw': 100.0}}, 'path_level': {(0, 3): {}, (0, 5): {}, (0, 8): {}, (0, 9): {}, (1, 4): {}, (1, 8): {}, (2, 7): {}, (3, 4): {}}}",[],-inf,-inf,True,False,False,0,[],0,0.0,10.0,8.0,3
127,5,1,4572.0,8746.0,1874329.4436471285,3686921.1769874343,0.5227532586325178,0.5083725291839937,21,240,1,4241.0,15832,2294,13538,0.1340128350320876,0.07621972023200274,126,425.32255752907787,4241.0,6,9,False,"{0: np.int64(26), 1: np.int64(15), 2: np.int64(6), 3: np.int64(16), 4: np.int64(22), 5: np.int64(31)}","{(0, 1): [(np.int64(26), 23), (23, 20), (20, 0), (0, 12), (12, 15)], (0, 2): [(np.int64(26), 23), (23, 21), (21, 2), (2, 5), (5, 6)], (0, 3): []}","{(0, np.int64(26)): {'cpu': 69}, (1, np.int64(15)): {'cpu': 76}, (2, np.int64(6)): {'cpu': 67}, (3, np.int64(16)): {'cpu': 47}, (4, np.int64(22)): {'cpu': 60}, (5, np.int64(31)): {'cpu': 34}}","{((0, 1), (np.int64(26), 23)): {'bw': 140}, ((0, 1), (23, 20)): {'bw': 140}, ((0, 1), (20, 0)): {'bw': 140}, ((0, 1), (0, 12)): {'bw': 140}, ((0, 1), (12, 15)): {'bw': 140}, ((0, 2), (np.int64(26), 23)): {'bw': 111}, ((0, 2), (23, 21)): {'bw': 111}, ((0, 2), (21, 2)): {'bw': 111}, ((0, 2), (2, 5)): {'bw': 111}, ((0, 2), (5, 6)): {'bw': 111}}",0.0,0.0,706.0,353.0,1057.0,0.0,0.0,0.0,0.0,0.0,0.0,0.0,0.0,0.0,Route Failure,100.0,"{'node_level': {}, 'link_level': {}, 'path_level': {}}","{'node_level': {0: {'cpu': -7}, 1: {'cpu': -18}, 2: {'cpu': -2}, 3: {'cpu': -32}, 4: {'cpu': -12}, 5: {'cpu': -45}}, 'link_level': {(0, 1): {'bw': -68}, (0, 2): {'bw': -117}, (0, 3): {'bw': 100.0}}, 'path_level': {(0, 1): {}, (0, 2): {}, (0, 3): {}}}","{'node_level': {0: {'cpu': 0}, 1: {'cpu': 0}, 2: {'cpu': 0}, 3: {'cpu': 0}, 4: {'cpu': 0}, 5: {'cpu': 0}}, 'link_level': {(0, 1): {'bw': 0}, (0, 2): {'bw': 0}, (0, 3): {'bw': 100.0}}, 'path_level': {(0, 1): {}, (0, 2): {}, (0, 3): {}}}",[],-inf,-inf,True,False,False,0,[],0,0.0,6.0,3.0,3
128,5,1,4572.0,8746.0,1874329.4436471285,3686921.1769874343,0.5227532586325178,0.5083725291839937,21,241,1,4275.0,15832,2294,13538,0.1340128350320876,0.07621972023200274,127,109.36599870624359,4275.0,9,16,False,"{0: np.int64(32), 1: np.int64(0), 2: np.int64(26), 3: np.int64(2), 4: np.int64(18), 5: np.int64(9), 6: np.int64(33), 7: np.int64(22), 8: np.int64(30)}","{(0, 1): [(np.int64(32), 30), (30, 28), (28, 0)], (0, 6): [(np.int64(32), 30), (30, 33)], (0, 7): [(np.int64(32), 30), (30, 28), (28, 0), (0, 20), (20, 22)], (1, 2): [(np.int64(0), 4), (4, 1), (1, 20), (20, 23), (23, 26)], (1, 5): [(np.int64(0), 4), (4, 6), (6, 9)], (1, 6): [(np.int64(0), 28), (28, 31), (31, 29), (29, 30), (30, 33)], (1, 8): [(np.int64(0), 12), (12, 15), (15, 13), (13, 2), (2, 29), (29, 30)], (2, 3): [(np.int64(26), 23), (23, 21), (21, 2)], (2, 7): [(np.int64(26), 23), (23, 21), (21, 22)], (3, 4): [(np.int64(2), 13), (13, 15), (15, 18)], (3, 7): [(np.int64(2), 21), (21, 22)], (3, 8): []}","{(0, np.int64(32)): {'cpu': 74}, (1, np.int64(0)): {'cpu': 42}, (2, np.int64(26)): {'cpu': 71}, (3, np.int64(2)): {'cpu': 51}, (4, np.int64(18)): {'cpu': 54}, (5, np.int64(9)): {'cpu': 57}, (6, np.int64(33)): {'cpu': 54}, (7, np.int64(22)): {'cpu': 52}, (8, np.int64(30)): {'cpu': 32}}","{((0, 1), (np.int64(32), 30)): {'bw': 72}, ((0, 1), (30, 28)): {'bw': 72}, ((0, 1), (28, 0)): {'bw': 72}, ((0, 6), (np.int64(32), 30)): {'bw': 133}, ((0, 6), (30, 33)): {'bw': 133}, ((0, 7), (np.int64(32), 30)): {'bw': 141}, ((0, 7), (30, 28)): {'bw': 141}, ((0, 7), (28, 0)): {'bw': 141}, ((0, 7), (0, 20)): {'bw': 141}, ((0, 7), (20, 22)): {'bw': 141}, ((1, 2), (np.int64(0), 4)): {'bw': 132}, ((1, 2), (4, 1)): {'bw': 132}, ((1, 2), (1, 20)): {'bw': 132}, ((1, 2), (20, 23)): {'bw': 132}, ((1, 2), (23, 26)): {'bw': 132}, ((1, 5), (np.int64(0), 4)): {'bw': 92}, ((1, 5), (4, 6)): {'bw': 92}, ((1, 5), (6, 9)): {'bw': 92}, ((1, 6), (np.int64(0), 28)): {'bw': 83}, ((1, 6), (28, 31)): {'bw': 83}, ((1, 6), (31, 29)): {'bw': 83}, ((1, 6), (29, 30)): {'bw': 83}, ((1, 6), (30, 33)): {'bw': 83}, ((1, 8), (np.int64(0), 12)): {'bw': 128}, ((1, 8), (12, 15)): {'bw': 128}, ((1, 8), (15, 13)): {'bw': 128}, ((1, 8), (13, 2)): {'bw': 128}, ((1, 8), (2, 29)): {'bw': 128}, ((1, 8), (29, 30)): {'bw': 128}, ((2, 3), (np.int64(26), 23)): {'bw': 107}, ((2, 3), (23, 21)): {'bw': 107}, ((2, 3), (21, 2)): {'bw': 107}, ((2, 7), (np.int64(26), 23)): {'bw': 126}, ((2, 7), (23, 21)): {'bw': 126}, ((2, 7), (21, 22)): {'bw': 126}, ((3, 4), (np.int64(2), 13)): {'bw': 99}, ((3, 4), (13, 15)): {'bw': 99}, ((3, 4), (15, 18)): {'bw': 99}, ((3, 7), (np.int64(2), 21)): {'bw': 63}, ((3, 7), (21, 22)): {'bw': 63}}",0.0,0.0,974.0,487.0,1648.0,0.0,0.0,0.0,0.0,0.0,0.0,0.0,0.0,0.0,Route Failure,100.0,"{'node_level': {}, 'link_level': {}, 'path_level': {}}","{'node_level': {0: {'cpu': -18}, 1: {'cpu': -50}, 2: {'cpu': -5}, 3: {'cpu': -2}, 4: {'cpu': -10}, 5: {'cpu': -34}, 6: {'cpu': -20}, 7: {'cpu': -20}, 8: {'cpu': -51}}, 'link_level': {(0, 1): {'bw': -163}, (0, 6): {'bw': -100}, (0, 7): {'bw': -22}, (1, 2): {'bw': -77}, (1, 5): {'bw': -9}, (1, 6): {'bw': -17}, (1, 8): {'bw': -41}, (2, 3): {'bw': -121}, (2, 7): {'bw': -18}, (3, 4): {'bw': -58}, (3, 7): {'bw': -58}, (3, 8): {'bw': 100.0}}, 'path_level': {(0, 1): {}, (0, 6): {}, (0, 7): {}, (1, 2): {}, (1, 5): {}, (1, 6): {}, (1, 8): {}, (2, 3): {}, (2, 7): {}, (3, 4): {}, (3, 7): {}, (3, 8): {}}}","{'node_level': {0: {'cpu': 0}, 1: {'cpu': 0}, 2: {'cpu': 0}, 3: {'cpu': 0}, 4: {'cpu': 0}, 5: {'cpu': 0}, 6: {'cpu': 0}, 7: {'cpu': 0}, 8: {'cpu': 0}}, 'link_level': {(0, 1): {'bw': 0}, (0, 6): {'bw': 0}, (0, 7): {'bw': 0}, (1, 2): {'bw': 0}, (1, 5): {'bw': 0}, (1, 6): {'bw': 0}, (1, 8): {'bw': 0}, (2, 3): {'bw': 0}, (2, 7): {'bw': 0}, (3, 4): {'bw': 0}, (3, 7): {'bw': 0}, (3, 8): {'bw': 100.0}}, 'path_level': {(0, 1): {}, (0, 6): {}, (0, 7): {}, (1, 2): {}, (1, 5): {}, (1, 6): {}, (1, 8): {}, (2, 3): {}, (2, 7): {}, (3, 4): {}, (3, 7): {}, (3, 8): {}}}",[],-inf,-inf,True,False,False,0,[],0,0.0,9.0,12.0,3
129,5,1,4572.0,8746.0,1874329.4436471285,3686921.1769874343,0.5227532586325178,0.5083725291839937,21,242,1,4307.0,15832,2294,13538,0.1340128350320876,0.07621972023200274,128,1265.8068669469217,4307.0,9,15,False,"{0: np.int64(23), 1: np.int64(19), 2: np.int64(22), 3: np.int64(32), 4: np.int64(15), 5: np.int64(30), 6: np.int64(11), 7: np.int64(34), 8: np.int64(33)}","{(0, 2): [(np.int64(23), 20), (20, 22)], (0, 5): [(np.int64(23), 21), (21, 2), (2, 29), (29, 30)], (0, 7): [(np.int64(23), 20), (20, 0), (0, 28), (28, 31), (31, 34)], (1, 3): [(np.int64(19), 15), (15, 12), (12, 0), (0, 28), (28, 30), (30, 32)], (1, 4): [(np.int64(19), 15)], (1, 5): []}","{(0, np.int64(23)): {'cpu': 38}, (1, np.int64(19)): {'cpu': 43}, (2, np.int64(22)): {'cpu': 44}, (3, np.int64(32)): {'cpu': 60}, (4, np.int64(15)): {'cpu': 73}, (5, np.int64(30)): {'cpu': 56}, (6, np.int64(11)): {'cpu': 40}, (7, np.int64(34)): {'cpu': 37}, (8, np.int64(33)): {'cpu': 63}}","{((0, 2), (np.int64(23), 20)): {'bw': 105}, ((0, 2), (20, 22)): {'bw': 105}, ((0, 5), (np.int64(23), 21)): {'bw': 148}, ((0, 5), (21, 2)): {'bw': 148}, ((0, 5), (2, 29)): {'bw': 148}, ((0, 5), (29, 30)): {'bw': 148}, ((0, 7), (np.int64(23), 20)): {'bw': 102}, ((0, 7), (20, 0)): {'bw': 102}, ((0, 7), (0, 28)): {'bw': 102}, ((0, 7), (28, 31)): {'bw': 102}, ((0, 7), (31, 34)): {'bw': 102}, ((1, 3), (np.int64(19), 15)): {'bw': 139}, ((1, 3), (15, 12)): {'bw': 139}, ((1, 3), (12, 0)): {'bw': 139}, ((1, 3), (0, 28)): {'bw': 139}, ((1, 3), (28, 30)): {'bw': 139}, ((1, 3), (30, 32)): {'bw': 139}, ((1, 4), (np.int64(19), 15)): {'bw': 91}}",0.0,0.0,908.0,454.0,1578.0,0.0,0.0,0.0,0.0,0.0,0.0,0.0,0.0,0.0,Route Failure,100.0,"{'node_level': {}, 'link_level': {}, 'path_level': {}}","{'node_level': {0: {'cpu': -14}, 1: {'cpu': -33}, 2: {'cpu': -28}, 3: {'cpu': -32}, 4: {'cpu': -21}, 5: {'cpu': -27}, 6: {'cpu': -31}, 7: {'cpu': -20}, 8: {'cpu': -11}}, 'link_level': {(0, 2): {'bw': -104}, (0, 5): {'bw': -80}, (0, 7): {'bw': -2}, (1, 3): {'bw': -96}, (1, 4): {'bw': -69}, (1, 5): {'bw': 100.0}}, 'path_level': {(0, 2): {}, (0, 5): {}, (0, 7): {}, (1, 3): {}, (1, 4): {}, (1, 5): {}}}","{'node_level': {0: {'cpu': 0}, 1: {'cpu': 0}, 2: {'cpu': 0}, 3: {'cpu': 0}, 4: {'cpu': 0}, 5: {'cpu': 0}, 6: {'cpu': 0}, 7: {'cpu': 0}, 8: {'cpu': 0}}, 'link_level': {(0, 2): {'bw': 0}, (0, 5): {'bw': 0}, (0, 7): {'bw': 0}, (1, 3): {'bw': 0}, (1, 4): {'bw': 0}, (1, 5): {'bw': 100.0}}, 'path_level': {(0, 2): {}, (0, 5): {}, (0, 7): {}, (1, 3): {}, (1, 4): {}, (1, 5): {}}}",[],-inf,-inf,True,False,False,0,[],0,0.0,9.0,6.0,3
130,5,1,4572.0,8746.0,1874329.4436471285,3686921.1769874343,0.5227532586325178,0.5083725291839937,21,243,1,4346.0,15832,2294,13538,0.1340128350320876,0.07621972023200274,129,275.95164441107164,4346.0,6,6,False,"{0: np.int64(31), 1: np.int64(32), 2: np.int64(20), 3: np.int64(16), 4: np.int64(30), 5: np.int64(3)}","{(0, 1): [(np.int64(31), 28), (28, 30), (30, 32)], (1, 3): [(np.int64(32), 30), (30, 29), (29, 2), (2, 13), (13, 14), (14, 16)], (1, 4): [(np.int64(32), 30)], (2, 3): []}","{(0, np.int64(31)): {'cpu': 44}, (1, np.int64(32)): {'cpu': 64}, (2, np.int64(20)): {'cpu': 37}, (3, np.int64(16)): {'cpu': 31}, (4, np.int64(30)): {'cpu': 40}, (5, np.int64(3)): {'cpu': 39}}","{((0, 1), (np.int64(31), 28)): {'bw': 68}, ((0, 1), (28, 30)): {'bw': 68}, ((0, 1), (30, 32)): {'bw': 68}, ((1, 3), (np.int64(32), 30)): {'bw': 134}, ((1, 3), (30, 29)): {'bw': 134}, ((1, 3), (29, 2)): {'bw': 134}, ((1, 3), (2, 13)): {'bw': 134}, ((1, 3), (13, 14)): {'bw': 134}, ((1, 3), (14, 16)): {'bw': 134}, ((1, 4), (np.int64(32), 30)): {'bw': 102}}",0.0,0.0,510.0,255.0,610.0,0.0,0.0,0.0,0.0,0.0,0.0,0.0,0.0,0.0,Route Failure,100.0,"{'node_level': {}, 'link_level': {}, 'path_level': {}}","{'node_level': {0: {'cpu': -35}, 1: {'cpu': -28}, 2: {'cpu': -30}, 3: {'cpu': -48}, 4: {'cpu': -43}, 5: {'cpu': -19}}, 'link_level': {(0, 1): {'bw': -167}, (1, 3): {'bw': -67}, (1, 4): {'bw': -85}, (2, 3): {'bw': 100.0}}, 'path_level': {(0, 1): {}, (1, 3): {}, (1, 4): {}, (2, 3): {}}}","{'node_level': {0: {'cpu': 0}, 1: {'cpu': 0}, 2: {'cpu': 0}, 3: {'cpu': 0}, 4: {'cpu': 0}, 5: {'cpu': 0}}, 'link_level': {(0, 1): {'bw': 0}, (1, 3): {'bw': 0}, (1, 4): {'bw': 0}, (2, 3): {'bw': 100.0}}, 'path_level': {(0, 1): {}, (1, 3): {}, (1, 4): {}, (2, 3): {}}}",[],-inf,-inf,True,False,False,0,[],0,0.0,6.0,4.0,3
131,5,1,4572.0,8746.0,1874329.4436471285,3686921.1769874343,0.5227532586325178,0.5083725291839937,21,244,1,4379.0,15832,2294,13538,0.1340128350320876,0.07621972023200274,130,482.90762872728857,4379.0,10,22,False,"{0: np.int64(5), 1: np.int64(35), 2: np.int64(8), 3: np.int64(30), 4: np.int64(3), 5: np.int64(15), 6: np.int64(26), 7: np.int64(0), 8: np.int64(33), 9: np.int64(31)}","{(0, 1): [(np.int64(5), 2), (2, 29), (29, 31), (31, 35)], (0, 2): [(np.int64(5), 6), (6, 8)], (0, 6): [(np.int64(5), 2), (2, 21), (21, 23), (23, 26)], (0, 8): [(np.int64(5), 2), (2, 29), (29, 30), (30, 33)], (0, 9): [(np.int64(5), 3), (3, 29), (29, 31)], (1, 2): [(np.int64(35), 31), (31, 28), (28, 0), (0, 4), (4, 6), (6, 8)], (1, 3): []}","{(0, np.int64(5)): {'cpu': 62}, (1, np.int64(35)): {'cpu': 69}, (2, np.int64(8)): {'cpu': 80}, (3, np.int64(30)): {'cpu': 70}, (4, np.int64(3)): {'cpu': 55}, (5, np.int64(15)): {'cpu': 45}, (6, np.int64(26)): {'cpu': 61}, (7, np.int64(0)): {'cpu': 74}, (8, np.int64(33)): {'cpu': 73}, (9, np.int64(31)): {'cpu': 52}}","{((0, 1), (np.int64(5), 2)): {'bw': 113}, ((0, 1), (2, 29)): {'bw': 113}, ((0, 1), (29, 31)): {'bw': 113}, ((0, 1), (31, 35)): {'bw': 113}, ((0, 2), (np.int64(5), 6)): {'bw': 106}, ((0, 2), (6, 8)): {'bw': 106}, ((0, 6), (np.int64(5), 2)): {'bw': 110}, ((0, 6), (2, 21)): {'bw': 110}, ((0, 6), (21, 23)): {'bw': 110}, ((0, 6), (23, 26)): {'bw': 110}, ((0, 8), (np.int64(5), 2)): {'bw': 63}, ((0, 8), (2, 29)): {'bw': 63}, ((0, 8), (29, 30)): {'bw': 63}, ((0, 8), (30, 33)): {'bw': 63}, ((0, 9), (np.int64(5), 3)): {'bw': 81}, ((0, 9), (3, 29)): {'bw': 81}, ((0, 9), (29, 31)): {'bw': 81}, ((1, 2), (np.int64(35), 31)): {'bw': 62}, ((1, 2), (31, 28)): {'bw': 62}, ((1, 2), (28, 0)): {'bw': 62}, ((1, 2), (0, 4)): {'bw': 62}, ((1, 2), (4, 6)): {'bw': 62}, ((1, 2), (6, 8)): {'bw': 62}}",0.0,0.0,1282.0,641.0,2127.0,0.0,0.0,0.0,0.0,0.0,0.0,0.0,0.0,0.0,Route Failure,100.0,"{'node_level': {}, 'link_level': {}, 'path_level': {}}","{'node_level': {0: {'cpu': -9}, 1: {'cpu': -24}, 2: {'cpu': -13}, 3: {'cpu': -13}, 4: {'cpu': -3}, 5: {'cpu': -49}, 6: {'cpu': -15}, 7: {'cpu': -18}, 8: {'cpu': -1}, 9: {'cpu': -27}}, 'link_level': {(0, 1): {'bw': -89}, (0, 2): {'bw': -259}, (0, 6): {'bw': -118}, (0, 8): {'bw': -63}, (0, 9): {'bw': -54}, (1, 2): {'bw': -27}, (1, 3): {'bw': 100.0}}, 'path_level': {(0, 1): {}, (0, 2): {}, (0, 6): {}, (0, 8): {}, (0, 9): {}, (1, 2): {}, (1, 3): {}}}","{'node_level': {0: {'cpu': 0}, 1: {'cpu': 0}, 2: {'cpu': 0}, 3: {'cpu': 0}, 4: {'cpu': 0}, 5: {'cpu': 0}, 6: {'cpu': 0}, 7: {'cpu': 0}, 8: {'cpu': 0}, 9: {'cpu': 0}}, 'link_level': {(0, 1): {'bw': 0}, (0, 2): {'bw': 0}, (0, 6): {'bw': 0}, (0, 8): {'bw': 0}, (0, 9): {'bw': 0}, (1, 2): {'bw': 0}, (1, 3): {'bw': 100.0}}, 'path_level': {(0, 1): {}, (0, 2): {}, (0, 6): {}, (0, 8): {}, (0, 9): {}, (1, 2): {}, (1, 3): {}}}",[],-inf,-inf,True,False,False,0,[],0,0.0,10.0,7.0,3
131,5,1,4572.0,8746.0,1874329.4436471285,3686921.1769874343,0.5227532586325178,0.5083725291839937,21,245,0,4384.365998706244,15832,2294,13538,0.1340128350320876,0.07621972023200274,127,109.36599870624359,4275.0,9,16,False,{},{},{},{},0.0,0.0,0.0,0.0,0.0,0.0,0.0,0.0,0.0,0.0,0.0,0.0,0.0,0.0,Leave Event,0.0,"{'node_level': {}, 'link_level': {}, 'path_level': {}}","{'node_level': {}, 'link_level': {}, 'path_level': {}}","{'node_level': {}, 'link_level': {}, 'path_level': {}}",[],-inf,-inf,True,True,False,0,[],0,0.0,,,3
131,5,1,4572.0,8746.0,1874329.4436471285,3686921.1769874343,0.5227532586325178,0.5083725291839937,21,246,0,4393.3117237156275,15832,2294,13538,0.1340128350320876,0.07621972023200274,121,312.31172371562775,4081.0,9,26,False,{},{},{},{},0.0,0.0,0.0,0.0,0.0,0.0,0.0,0.0,0.0,0.0,0.0,0.0,0.0,0.0,Leave Event,0.0,"{'node_level': {}, 'link_level': {}, 'path_level': {}}","{'node_level': {}, 'link_level': {}, 'path_level': {}}","{'node_level': {}, 'link_level': {}, 'path_level': {}}",[],-inf,-inf,True,True,False,0,[],0,0.0,,,3
131,5,1,4572.0,8746.0,1874329.4436471285,3686921.1769874343,0.5227532586325178,0.5083725291839937,21,247,0,4398.178435993762,15832,2294,13538,0.1340128350320876,0.07621972023200274,123,249.17843599376206,4149.0,10,16,False,{},{},{},{},0.0,0.0,0.0,0.0,0.0,0.0,0.0,0.0,0.0,0.0,0.0,0.0,0.0,0.0,Leave Event,0.0,"{'node_level': {}, 'link_level': {}, 'path_level': {}}","{'node_level': {}, 'link_level': {}, 'path_level': {}}","{'node_level': {}, 'link_level': {}, 'path_level': {}}",[],-inf,-inf,True,True,False,0,[],0,0.0,,,3
131,5,0,4572.0,8746.0,1874329.4436471285,3686921.1769874343,0.5227532586325178,0.5083725291839937,21,248,0,4412.607061566828,17304,2649,14655,0.0,0.0,119,392.6070615668273,4020.0,7,6,False,{},{},{},{},0.0,0.0,0.0,0.0,0.0,0.0,0.0,0.0,0.0,0.0,0.0,0.0,0.0,0.0,Leave Event,0.0,"{'node_level': {}, 'link_level': {}, 'path_level': {}}","{'node_level': {}, 'link_level': {}, 'path_level': {}}","{'node_level': {}, 'link_level': {}, 'path_level': {}}",[],-inf,-inf,True,True,False,0,[],0,0.0,,,3
132,5,0,4572.0,8746.0,1874329.4436471285,3686921.1769874343,0.5227532586325178,0.5083725291839937,21,249,1,4427.0,17304,2649,14655,0.0,0.0,131,113.51784339133744,4427.0,6,6,False,"{0: np.int64(6), 1: np.int64(15), 2: np.int64(35), 3: np.int64(9), 4: np.int64(25), 5: np.int64(14)}","{(0, 3): [(np.int64(6), 9)], (0, 5): [(np.int64(6), 4), (4, 0), (0, 12), (12, 14)], (1, 2): [(np.int64(15), 12), (12, 0), (0, 28), (28, 31), (31, 35)], (1, 3): [(np.int64(15), 12), (12, 0), (0, 4), (4, 6), (6, 9)], (2, 5): []}","{(0, np.int64(6)): {'cpu': 30}, (1, np.int64(15)): {'cpu': 50}, (2, np.int64(35)): {'cpu': 30}, (3, np.int64(9)): {'cpu': 52}, (4, np.int64(25)): {'cpu': 34}, (5, np.int64(14)): {'cpu': 54}}","{((0, 3), (np.int64(6), 9)): {'bw': 119}, ((0, 5), (np.int64(6), 4)): {'bw': 79}, ((0, 5), (4, 0)): {'bw': 79}, ((0, 5), (0, 12)): {'bw': 79}, ((0, 5), (12, 14)): {'bw': 79}, ((1, 2), (np.int64(15), 12)): {'bw': 105}, ((1, 2), (12, 0)): {'bw': 105}, ((1, 2), (0, 28)): {'bw': 105}, ((1, 2), (28, 31)): {'bw': 105}, ((1, 2), (31, 35)): {'bw': 105}, ((1, 3), (np.int64(15), 12)): {'bw': 131}, ((1, 3), (12, 0)): {'bw': 131}, ((1, 3), (0, 4)): {'bw': 131}, ((1, 3), (4, 6)): {'bw': 131}, ((1, 3), (6, 9)): {'bw': 131}}",0.0,0.0,500.0,250.0,665.0,0.0,0.0,0.0,0.0,0.0,0.0,0.0,0.0,0.0,Route Failure,100.0,"{'node_level': {}, 'link_level': {}, 'path_level': {}}","{'node_level': {0: {'cpu': -39}, 1: {'cpu': -44}, 2: {'cpu': -63}, 3: {'cpu': -39}, 4: {'cpu': -17}, 5: {'cpu': -16}}, 'link_level': {(0, 3): {'bw': -280}, (0, 5): {'bw': -154}, (1, 2): {'bw': -97}, (1, 3): {'bw': -8}, (2, 5): {'bw': 100.0}}, 'path_level': {(0, 3): {}, (0, 5): {}, (1, 2): {}, (1, 3): {}, (2, 5): {}}}","{'node_level': {0: {'cpu': 0}, 1: {'cpu': 0}, 2: {'cpu': 0}, 3: {'cpu': 0}, 4: {'cpu': 0}, 5: {'cpu': 0}}, 'link_level': {(0, 3): {'bw': 0}, (0, 5): {'bw': 0}, (1, 2): {'bw': 0}, (1, 3): {'bw': 0}, (2, 5): {'bw': 100.0}}, 'path_level': {(0, 3): {}, (0, 5): {}, (1, 2): {}, (1, 3): {}, (2, 5): {}}}",[],-inf,-inf,True,False,False,0,[],0,0.0,6.0,5.0,3
132,5,0,4572.0,8746.0,1874329.4436471285,3686921.1769874343,0.5227532586325178,0.5083725291839937,21,250,0,4429.778657696519,17304,2649,14655,0.0,0.0,120,382.77865769651936,4047.0,7,9,False,{},{},{},{},0.0,0.0,0.0,0.0,0.0,0.0,0.0,0.0,0.0,0.0,0.0,0.0,0.0,0.0,Leave Event,0.0,"{'node_level': {}, 'link_level': {}, 'path_level': {}}","{'node_level': {}, 'link_level': {}, 'path_level': {}}","{'node_level': {}, 'link_level': {}, 'path_level': {}}",[],-inf,-inf,True,True,False,0,[],0,0.0,,,3
133,5,0,4572.0,8746.0,1874329.4436471285,3686921.1769874343,0.5227532586325178,0.5083725291839937,21,251,1,4448.0,17304,2649,14655,0.0,0.0,132,198.79738814190407,4448.0,6,12,False,"{0: np.int64(30), 1: np.int64(15), 2: np.int64(33), 3: np.int64(11), 4: np.int64(31), 5: np.int64(21)}","{(0, 1): [(np.int64(30), 28), (28, 0), (0, 12), (12, 15)], (0, 2): [(np.int64(30), 33)], (0, 3): [(np.int64(30), 28), (28, 0), (0, 4), (4, 7), (7, 11)], (0, 4): [(np.int64(30), 28), (28, 31)], (1, 2): [(np.int64(15), 13), (13, 2), (2, 29), (29, 30), (30, 33)], (1, 3): [(np.int64(15), 12), (12, 0), (0, 4), (4, 7), (7, 11)], (1, 4): [(np.int64(15), 13), (13, 2), (2, 29), (29, 31)], (1, 5): [(np.int64(15), 12), (12, 0), (0, 20), (20, 22), (22, 21)], (2, 3): []}","{(0, np.int64(30)): {'cpu': 70}, (1, np.int64(15)): {'cpu': 65}, (2, np.int64(33)): {'cpu': 70}, (3, np.int64(11)): {'cpu': 67}, (4, np.int64(31)): {'cpu': 68}, (5, np.int64(21)): {'cpu': 62}}","{((0, 1), (np.int64(30), 28)): {'bw': 75}, ((0, 1), (28, 0)): {'bw': 75}, ((0, 1), (0, 12)): {'bw': 75}, ((0, 1), (12, 15)): {'bw': 75}, ((0, 2), (np.int64(30), 33)): {'bw': 120}, ((0, 3), (np.int64(30), 28)): {'bw': 109}, ((0, 3), (28, 0)): {'bw': 109}, ((0, 3), (0, 4)): {'bw': 109}, ((0, 3), (4, 7)): {'bw': 109}, ((0, 3), (7, 11)): {'bw': 109}, ((0, 4), (np.int64(30), 28)): {'bw': 97}, ((0, 4), (28, 31)): {'bw': 97}, ((1, 2), (np.int64(15), 13)): {'bw': 92}, ((1, 2), (13, 2)): {'bw': 92}, ((1, 2), (2, 29)): {'bw': 92}, ((1, 2), (29, 30)): {'bw': 92}, ((1, 2), (30, 33)): {'bw': 92}, ((1, 3), (np.int64(15), 12)): {'bw': 109}, ((1, 3), (12, 0)): {'bw': 109}, ((1, 3), (0, 4)): {'bw': 109}, ((1, 3), (4, 7)): {'bw': 109}, ((1, 3), (7, 11)): {'bw': 109}, ((1, 4), (np.int64(15), 13)): {'bw': 136}, ((1, 4), (13, 2)): {'bw': 136}, ((1, 4), (2, 29)): {'bw': 136}, ((1, 4), (29, 31)): {'bw': 136}, ((1, 5), (np.int64(15), 12)): {'bw': 89}, ((1, 5), (12, 0)): {'bw': 89}, ((1, 5), (0, 20)): {'bw': 89}, ((1, 5), (20, 22)): {'bw': 89}, ((1, 5), (22, 21)): {'bw': 89}}",0.0,0.0,804.0,402.0,1295.0,0.0,0.0,0.0,0.0,0.0,0.0,0.0,0.0,0.0,Route Failure,100.0,"{'node_level': {}, 'link_level': {}, 'path_level': {}}","{'node_level': {0: {'cpu': -13}, 1: {'cpu': -29}, 2: {'cpu': -4}, 3: {'cpu': -4}, 4: {'cpu': -11}, 5: {'cpu': -14}}, 'link_level': {(0, 1): {'bw': -238}, (0, 2): {'bw': -113}, (0, 3): {'bw': -124}, (0, 4): {'bw': -60}, (1, 2): {'bw': -21}, (1, 3): {'bw': -15}, (1, 4): {'bw': -57}, (1, 5): {'bw': -40}, (2, 3): {'bw': 100.0}}, 'path_level': {(0, 1): {}, (0, 2): {}, (0, 3): {}, (0, 4): {}, (1, 2): {}, (1, 3): {}, (1, 4): {}, (1, 5): {}, (2, 3): {}}}","{'node_level': {0: {'cpu': 0}, 1: {'cpu': 0}, 2: {'cpu': 0}, 3: {'cpu': 0}, 4: {'cpu': 0}, 5: {'cpu': 0}}, 'link_level': {(0, 1): {'bw': 0}, (0, 2): {'bw': 0}, (0, 3): {'bw': 0}, (0, 4): {'bw': 0}, (1, 2): {'bw': 0}, (1, 3): {'bw': 0}, (1, 4): {'bw': 0}, (1, 5): {'bw': 0}, (2, 3): {'bw': 100.0}}, 'path_level': {(0, 1): {}, (0, 2): {}, (0, 3): {}, (0, 4): {}, (1, 2): {}, (1, 3): {}, (1, 4): {}, (1, 5): {}, (2, 3): {}}}",[],-inf,-inf,True,False,False,0,[],0,0.0,6.0,9.0,3
134,5,0,4572.0,8746.0,1874329.4436471285,3686921.1769874343,0.5227532586325178,0.5083725291839937,21,252,1,4491.0,17304,2649,14655,0.0,0.0,133,211.52449845796346,4491.0,10,24,False,"{0: np.int64(10), 1: np.int64(21), 2: np.int64(27), 3: np.int64(34), 4: np.int64(18), 5: np.int64(15), 6: np.int64(1), 7: np.int64(9), 8: np.int64(20), 9: np.int64(14)}","{(0, 3): [(np.int64(10), 7), (7, 4), (4, 0), (0, 28), (28, 31), (31, 34)], (0, 4): [(np.int64(10), 7), (7, 4), (4, 0), (0, 12), (12, 15), (15, 18)], (0, 6): [(np.int64(10), 7), (7, 4), (4, 1)], (1, 2): [(np.int64(21), 23), (23, 27)], (1, 4): [(np.int64(21), 2), (2, 13), (13, 15), (15, 18)], (1, 8): [(np.int64(21), 22), (22, 20)], (1, 9): [(np.int64(21), 2), (2, 13), (13, 14)], (2, 3): [(np.int64(27), 23), (23, 20), (20, 0), (0, 28), (28, 31), (31, 34)], (2, 6): [(np.int64(27), 23), (23, 20), (20, 1)], (2, 8): []}","{(0, np.int64(10)): {'cpu': 32}, (1, np.int64(21)): {'cpu': 48}, (2, np.int64(27)): {'cpu': 46}, (3, np.int64(34)): {'cpu': 57}, (4, np.int64(18)): {'cpu': 44}, (5, np.int64(15)): {'cpu': 42}, (6, np.int64(1)): {'cpu': 43}, (7, np.int64(9)): {'cpu': 40}, (8, np.int64(20)): {'cpu': 54}, (9, np.int64(14)): {'cpu': 42}}","{((0, 3), (np.int64(10), 7)): {'bw': 112}, ((0, 3), (7, 4)): {'bw': 112}, ((0, 3), (4, 0)): {'bw': 112}, ((0, 3), (0, 28)): {'bw': 112}, ((0, 3), (28, 31)): {'bw': 112}, ((0, 3), (31, 34)): {'bw': 112}, ((0, 4), (np.int64(10), 7)): {'bw': 96}, ((0, 4), (7, 4)): {'bw': 96}, ((0, 4), (4, 0)): {'bw': 96}, ((0, 4), (0, 12)): {'bw': 96}, ((0, 4), (12, 15)): {'bw': 96}, ((0, 4), (15, 18)): {'bw': 96}, ((0, 6), (np.int64(10), 7)): {'bw': 108}, ((0, 6), (7, 4)): {'bw': 108}, ((0, 6), (4, 1)): {'bw': 108}, ((1, 2), (np.int64(21), 23)): {'bw': 69}, ((1, 2), (23, 27)): {'bw': 69}, ((1, 4), (np.int64(21), 2)): {'bw': 121}, ((1, 4), (2, 13)): {'bw': 121}, ((1, 4), (13, 15)): {'bw': 121}, ((1, 4), (15, 18)): {'bw': 121}, ((1, 8), (np.int64(21), 22)): {'bw': 136}, ((1, 8), (22, 20)): {'bw': 136}, ((1, 9), (np.int64(21), 2)): {'bw': 81}, ((1, 9), (2, 13)): {'bw': 81}, ((1, 9), (13, 14)): {'bw': 81}, ((2, 3), (np.int64(27), 23)): {'bw': 85}, ((2, 3), (23, 20)): {'bw': 85}, ((2, 3), (20, 0)): {'bw': 85}, ((2, 3), (0, 28)): {'bw': 85}, ((2, 3), (28, 31)): {'bw': 85}, ((2, 3), (31, 34)): {'bw': 85}, ((2, 6), (np.int64(27), 23)): {'bw': 76}, ((2, 6), (23, 20)): {'bw': 76}, ((2, 6), (20, 1)): {'bw': 76}}",0.0,0.0,896.0,448.0,2572.0,0.0,0.0,0.0,0.0,0.0,0.0,0.0,0.0,0.0,Route Failure,100.0,"{'node_level': {}, 'link_level': {}, 'path_level': {}}","{'node_level': {0: {'cpu': -28}, 1: {'cpu': -28}, 2: {'cpu': -9}, 3: {'cpu': 0}, 4: {'cpu': -20}, 5: {'cpu': -52}, 6: {'cpu': -31}, 7: {'cpu': -51}, 8: {'cpu': -13}, 9: {'cpu': -28}}, 'link_level': {(0, 3): {'bw': -121}, (0, 4): {'bw': -25}, (0, 6): {'bw': -49}, (1, 2): {'bw': -227}, (1, 4): {'bw': -107}, (1, 8): {'bw': -208}, (1, 9): {'bw': -26}, (2, 3): {'bw': -55}, (2, 6): {'bw': -66}, (2, 8): {'bw': 100.0}}, 'path_level': {(0, 3): {}, (0, 4): {}, (0, 6): {}, (1, 2): {}, (1, 4): {}, (1, 8): {}, (1, 9): {}, (2, 3): {}, (2, 6): {}, (2, 8): {}}}","{'node_level': {0: {'cpu': 0}, 1: {'cpu': 0}, 2: {'cpu': 0}, 3: {'cpu': 0}, 4: {'cpu': 0}, 5: {'cpu': 0}, 6: {'cpu': 0}, 7: {'cpu': 0}, 8: {'cpu': 0}, 9: {'cpu': 0}}, 'link_level': {(0, 3): {'bw': 0}, (0, 4): {'bw': 0}, (0, 6): {'bw': 0}, (1, 2): {'bw': 0}, (1, 4): {'bw': 0}, (1, 8): {'bw': 0}, (1, 9): {'bw': 0}, (2, 3): {'bw': 0}, (2, 6): {'bw': 0}, (2, 8): {'bw': 100.0}}, 'path_level': {(0, 3): {}, (0, 4): {}, (0, 6): {}, (1, 2): {}, (1, 4): {}, (1, 8): {}, (1, 9): {}, (2, 3): {}, (2, 6): {}, (2, 8): {}}}",[],-inf,-inf,True,False,False,0,[],0,0.0,10.0,10.0,3
135,5,0,4572.0,8746.0,1874329.4436471285,3686921.1769874343,0.5227532586325178,0.5083725291839937,21,253,1,4524.0,17304,2649,14655,0.0,0.0,134,251.05838673262554,4524.0,9,20,False,"{0: np.int64(30), 1: np.int64(9), 2: np.int64(14), 3: np.int64(29), 4: np.int64(26), 5: np.int64(28), 6: np.int64(24), 7: np.int64(27), 8: np.int64(1)}","{(0, 1): [(np.int64(30), 28), (28, 0), (0, 4), (4, 6), (6, 9)], (0, 2): [(np.int64(30), 28), (28, 0), (0, 12), (12, 14)], (0, 3): [(np.int64(30), 29)], (0, 5): [(np.int64(30), 28)], (0, 6): [(np.int64(30), 29), (29, 2), (2, 21), (21, 22), (22, 24)], (0, 7): [(np.int64(30), 29), (29, 3), (3, 21), (21, 23), (23, 27)], (1, 6): []}","{(0, np.int64(30)): {'cpu': 55}, (1, np.int64(9)): {'cpu': 77}, (2, np.int64(14)): {'cpu': 40}, (3, np.int64(29)): {'cpu': 63}, (4, np.int64(26)): {'cpu': 37}, (5, np.int64(28)): {'cpu': 72}, (6, np.int64(24)): {'cpu': 38}, (7, np.int64(27)): {'cpu': 35}, (8, np.int64(1)): {'cpu': 67}}","{((0, 1), (np.int64(30), 28)): {'bw': 129}, ((0, 1), (28, 0)): {'bw': 129}, ((0, 1), (0, 4)): {'bw': 129}, ((0, 1), (4, 6)): {'bw': 129}, ((0, 1), (6, 9)): {'bw': 129}, ((0, 2), (np.int64(30), 28)): {'bw': 121}, ((0, 2), (28, 0)): {'bw': 121}, ((0, 2), (0, 12)): {'bw': 121}, ((0, 2), (12, 14)): {'bw': 121}, ((0, 3), (np.int64(30), 29)): {'bw': 128}, ((0, 5), (np.int64(30), 28)): {'bw': 70}, ((0, 6), (np.int64(30), 29)): {'bw': 120}, ((0, 6), (29, 2)): {'bw': 120}, ((0, 6), (2, 21)): {'bw': 120}, ((0, 6), (21, 22)): {'bw': 120}, ((0, 6), (22, 24)): {'bw': 120}, ((0, 7), (np.int64(30), 29)): {'bw': 109}, ((0, 7), (29, 3)): {'bw': 109}, ((0, 7), (3, 21)): {'bw': 109}, ((0, 7), (21, 23)): {'bw': 109}, ((0, 7), (23, 27)): {'bw': 109}}",0.0,0.0,968.0,484.0,2220.0,0.0,0.0,0.0,0.0,0.0,0.0,0.0,0.0,0.0,Route Failure,100.0,"{'node_level': {}, 'link_level': {}, 'path_level': {}}","{'node_level': {0: {'cpu': -28}, 1: {'cpu': -14}, 2: {'cpu': -30}, 3: {'cpu': -33}, 4: {'cpu': -39}, 5: {'cpu': -18}, 6: {'cpu': -14}, 7: {'cpu': -20}, 8: {'cpu': -7}}, 'link_level': {(0, 1): {'bw': -104}, (0, 2): {'bw': -91}, (0, 3): {'bw': -230}, (0, 5): {'bw': -21}, (0, 6): {'bw': -98}, (0, 7): {'bw': -1}, (1, 6): {'bw': 100.0}}, 'path_level': {(0, 1): {}, (0, 2): {}, (0, 3): {}, (0, 5): {}, (0, 6): {}, (0, 7): {}, (1, 6): {}}}","{'node_level': {0: {'cpu': 0}, 1: {'cpu': 0}, 2: {'cpu': 0}, 3: {'cpu': 0}, 4: {'cpu': 0}, 5: {'cpu': 0}, 6: {'cpu': 0}, 7: {'cpu': 0}, 8: {'cpu': 0}}, 'link_level': {(0, 1): {'bw': 0}, (0, 2): {'bw': 0}, (0, 3): {'bw': 0}, (0, 5): {'bw': 0}, (0, 6): {'bw': 0}, (0, 7): {'bw': 0}, (1, 6): {'bw': 100.0}}, 'path_level': {(0, 1): {}, (0, 2): {}, (0, 3): {}, (0, 5): {}, (0, 6): {}, (0, 7): {}, (1, 6): {}}}",[],-inf,-inf,True,False,False,0,[],0,0.0,9.0,7.0,3
135,5,0,4572.0,8746.0,1874329.4436471285,3686921.1769874343,0.5227532586325178,0.5083725291839937,21,254,0,4525.055002920871,17304,2649,14655,0.0,0.0,93,1387.0550029208707,3138.0,10,21,False,{},{},{},{},0.0,0.0,0.0,0.0,0.0,0.0,0.0,0.0,0.0,0.0,0.0,0.0,0.0,0.0,Leave Event,0.0,"{'node_level': {}, 'link_level': {}, 'path_level': {}}","{'node_level': {}, 'link_level': {}, 'path_level': {}}","{'node_level': {}, 'link_level': {}, 'path_level': {}}",[],-inf,-inf,True,True,False,0,[],0,0.0,,,3
135,5,0,4572.0,8746.0,1874329.4436471285,3686921.1769874343,0.5227532586325178,0.5083725291839937,21,255,0,4540.517843391337,17304,2649,14655,0.0,0.0,131,113.51784339133744,4427.0,6,6,False,{},{},{},{},0.0,0.0,0.0,0.0,0.0,0.0,0.0,0.0,0.0,0.0,0.0,0.0,0.0,0.0,Leave Event,0.0,"{'node_level': {}, 'link_level': {}, 'path_level': {}}","{'node_level': {}, 'link_level': {}, 'path_level': {}}","{'node_level': {}, 'link_level': {}, 'path_level': {}}",[],-inf,-inf,True,True,False,0,[],0,0.0,,,3
136,5,0,4572.0,8746.0,1874329.4436471285,3686921.1769874343,0.5227532586325178,0.5083725291839937,21,256,1,4560.0,17304,2649,14655,0.0,0.0,135,11.241369939923967,4560.0,10,24,False,"{0: np.int64(32), 1: np.int64(22), 2: np.int64(17), 3: np.int64(11), 4: np.int64(13), 5: np.int64(30), 6: np.int64(35), 7: np.int64(33), 8: np.int64(1), 9: np.int64(0)}","{(0, 1): [(np.int64(32), 30), (30, 28), (28, 0), (0, 20), (20, 22)], (0, 2): [(np.int64(32), 30), (30, 28), (28, 0), (0, 12), (12, 14), (14, 17)], (0, 3): [(np.int64(32), 30), (30, 29), (29, 2), (2, 5), (5, 7), (7, 11)], (0, 6): []}","{(0, np.int64(32)): {'cpu': 80}, (1, np.int64(22)): {'cpu': 49}, (2, np.int64(17)): {'cpu': 69}, (3, np.int64(11)): {'cpu': 64}, (4, np.int64(13)): {'cpu': 78}, (5, np.int64(30)): {'cpu': 72}, (6, np.int64(35)): {'cpu': 78}, (7, np.int64(33)): {'cpu': 60}, (8, np.int64(1)): {'cpu': 66}, (9, np.int64(0)): {'cpu': 79}}","{((0, 1), (np.int64(32), 30)): {'bw': 107}, ((0, 1), (30, 28)): {'bw': 107}, ((0, 1), (28, 0)): {'bw': 107}, ((0, 1), (0, 20)): {'bw': 107}, ((0, 1), (20, 22)): {'bw': 107}, ((0, 2), (np.int64(32), 30)): {'bw': 148}, ((0, 2), (30, 28)): {'bw': 148}, ((0, 2), (28, 0)): {'bw': 148}, ((0, 2), (0, 12)): {'bw': 148}, ((0, 2), (12, 14)): {'bw': 148}, ((0, 2), (14, 17)): {'bw': 148}, ((0, 3), (np.int64(32), 30)): {'bw': 113}, ((0, 3), (30, 29)): {'bw': 113}, ((0, 3), (29, 2)): {'bw': 113}, ((0, 3), (2, 5)): {'bw': 113}, ((0, 3), (5, 7)): {'bw': 113}, ((0, 3), (7, 11)): {'bw': 113}}",0.0,0.0,1390.0,695.0,2526.0,0.0,0.0,0.0,0.0,0.0,0.0,0.0,0.0,0.0,Route Failure,100.0,"{'node_level': {}, 'link_level': {}, 'path_level': {}}","{'node_level': {0: {'cpu': -12}, 1: {'cpu': -23}, 2: {'cpu': -20}, 3: {'cpu': -7}, 4: {'cpu': -4}, 5: {'cpu': -11}, 6: {'cpu': -15}, 7: {'cpu': -14}, 8: {'cpu': -8}, 9: {'cpu': -13}}, 'link_level': {(0, 1): {'bw': -172}, (0, 2): {'bw': -85}, (0, 3): {'bw': -21}, (0, 6): {'bw': 100.0}}, 'path_level': {(0, 1): {}, (0, 2): {}, (0, 3): {}, (0, 6): {}}}","{'node_level': {0: {'cpu': 0}, 1: {'cpu': 0}, 2: {'cpu': 0}, 3: {'cpu': 0}, 4: {'cpu': 0}, 5: {'cpu': 0}, 6: {'cpu': 0}, 7: {'cpu': 0}, 8: {'cpu': 0}, 9: {'cpu': 0}}, 'link_level': {(0, 1): {'bw': 0}, (0, 2): {'bw': 0}, (0, 3): {'bw': 0}, (0, 6): {'bw': 100.0}}, 'path_level': {(0, 1): {}, (0, 2): {}, (0, 3): {}, (0, 6): {}}}",[],-inf,-inf,True,False,False,0,[],0,0.0,10.0,4.0,3
136,5,0,4572.0,8746.0,1874329.4436471285,3686921.1769874343,0.5227532586325178,0.5083725291839937,21,257,0,4571.241369939924,17304,2649,14655,0.0,0.0,135,11.241369939923967,4560.0,10,24,False,{},{},{},{},0.0,0.0,0.0,0.0,0.0,0.0,0.0,0.0,0.0,0.0,0.0,0.0,0.0,0.0,Leave Event,0.0,"{'node_level': {}, 'link_level': {}, 'path_level': {}}","{'node_level': {}, 'link_level': {}, 'path_level': {}}","{'node_level': {}, 'link_level': {}, 'path_level': {}}",[],-inf,-inf,True,True,False,0,[],0,0.0,,,3
137,5,0,4572.0,8746.0,1874329.4436471285,3686921.1769874343,0.5227532586325178,0.5083725291839937,21,258,1,4593.0,17304,2649,14655,0.0,0.0,136,539.9154622170771,4593.0,7,11,False,"{0: np.int64(16), 1: np.int64(1), 2: np.int64(8), 3: np.int64(15), 4: np.int64(11), 5: np.int64(29), 6: np.int64(17)}","{(0, 2): [(np.int64(16), 14), (14, 12), (12, 0), (0, 4), (4, 6), (6, 8)], (0, 4): [(np.int64(16), 14), (14, 12), (12, 0), (0, 4), (4, 7), (7, 11)], (1, 2): [(np.int64(1), 4), (4, 6), (6, 8)], (1, 3): [(np.int64(1), 12), (12, 15)], (1, 5): [(np.int64(1), 28), (28, 30), (30, 29)], (2, 3): [(np.int64(8), 6), (6, 4), (4, 0), (0, 12), (12, 15)], (3, 4): [(np.int64(15), 13), (13, 2), (2, 5), (5, 7), (7, 11)], (3, 5): []}","{(0, np.int64(16)): {'cpu': 69}, (1, np.int64(1)): {'cpu': 55}, (2, np.int64(8)): {'cpu': 65}, (3, np.int64(15)): {'cpu': 36}, (4, np.int64(11)): {'cpu': 58}, (5, np.int64(29)): {'cpu': 73}, (6, np.int64(17)): {'cpu': 65}}","{((0, 2), (np.int64(16), 14)): {'bw': 78}, ((0, 2), (14, 12)): {'bw': 78}, ((0, 2), (12, 0)): {'bw': 78}, ((0, 2), (0, 4)): {'bw': 78}, ((0, 2), (4, 6)): {'bw': 78}, ((0, 2), (6, 8)): {'bw': 78}, ((0, 4), (np.int64(16), 14)): {'bw': 74}, ((0, 4), (14, 12)): {'bw': 74}, ((0, 4), (12, 0)): {'bw': 74}, ((0, 4), (0, 4)): {'bw': 74}, ((0, 4), (4, 7)): {'bw': 74}, ((0, 4), (7, 11)): {'bw': 74}, ((1, 2), (np.int64(1), 4)): {'bw': 73}, ((1, 2), (4, 6)): {'bw': 73}, ((1, 2), (6, 8)): {'bw': 73}, ((1, 3), (np.int64(1), 12)): {'bw': 133}, ((1, 3), (12, 15)): {'bw': 133}, ((1, 5), (np.int64(1), 28)): {'bw': 138}, ((1, 5), (28, 30)): {'bw': 138}, ((1, 5), (30, 29)): {'bw': 138}, ((2, 3), (np.int64(8), 6)): {'bw': 66}, ((2, 3), (6, 4)): {'bw': 66}, ((2, 3), (4, 0)): {'bw': 66}, ((2, 3), (0, 12)): {'bw': 66}, ((2, 3), (12, 15)): {'bw': 66}, ((3, 4), (np.int64(15), 13)): {'bw': 141}, ((3, 4), (13, 2)): {'bw': 141}, ((3, 4), (2, 5)): {'bw': 141}, ((3, 4), (5, 7)): {'bw': 141}, ((3, 4), (7, 11)): {'bw': 141}}",0.0,0.0,842.0,421.0,1154.0,0.0,0.0,0.0,0.0,0.0,0.0,0.0,0.0,0.0,Route Failure,100.0,"{'node_level': {}, 'link_level': {}, 'path_level': {}}","{'node_level': {0: {'cpu': -10}, 1: {'cpu': -19}, 2: {'cpu': -28}, 3: {'cpu': -58}, 4: {'cpu': -13}, 5: {'cpu': -23}, 6: {'cpu': -24}}, 'link_level': {(0, 2): {'bw': -155}, (0, 4): {'bw': -81}, (1, 2): {'bw': -164}, (1, 3): {'bw': -87}, (1, 5): {'bw': -111}, (2, 3): {'bw': -15}, (3, 4): {'bw': -144}, (3, 5): {'bw': 100.0}}, 'path_level': {(0, 2): {}, (0, 4): {}, (1, 2): {}, (1, 3): {}, (1, 5): {}, (2, 3): {}, (3, 4): {}, (3, 5): {}}}","{'node_level': {0: {'cpu': 0}, 1: {'cpu': 0}, 2: {'cpu': 0}, 3: {'cpu': 0}, 4: {'cpu': 0}, 5: {'cpu': 0}, 6: {'cpu': 0}}, 'link_level': {(0, 2): {'bw': 0}, (0, 4): {'bw': 0}, (1, 2): {'bw': 0}, (1, 3): {'bw': 0}, (1, 5): {'bw': 0}, (2, 3): {'bw': 0}, (3, 4): {'bw': 0}, (3, 5): {'bw': 100.0}}, 'path_level': {(0, 2): {}, (0, 4): {}, (1, 2): {}, (1, 3): {}, (1, 5): {}, (2, 3): {}, (3, 4): {}, (3, 5): {}}}",[],-inf,-inf,True,False,False,0,[],0,0.0,7.0,8.0,3
137,5,0,4572.0,8746.0,1874329.4436471285,3686921.1769874343,0.5227532586325178,0.5083725291839937,21,259,0,4621.951644411071,17304,2649,14655,0.0,0.0,129,275.95164441107164,4346.0,6,6,False,{},{},{},{},0.0,0.0,0.0,0.0,0.0,0.0,0.0,0.0,0.0,0.0,0.0,0.0,0.0,0.0,Leave Event,0.0,"{'node_level': {}, 'link_level': {}, 'path_level': {}}","{'node_level': {}, 'link_level': {}, 'path_level': {}}","{'node_level': {}, 'link_level': {}, 'path_level': {}}",[],-inf,-inf,True,True,False,0,[],0,0.0,,,3
138,5,0,4572.0,8746.0,1874329.4436471285,3686921.1769874343,0.5227532586325178,0.5083725291839937,21,260,1,4625.0,17304,2649,14655,0.0,0.0,137,93.1587758775829,4625.0,8,14,False,"{0: np.int64(33), 1: np.int64(29), 2: np.int64(14), 3: np.int64(13), 4: np.int64(21), 5: np.int64(26), 6: np.int64(32), 7: np.int64(1)}","{(0, 2): [(np.int64(33), 30), (30, 28), (28, 0), (0, 12), (12, 14)], (0, 3): [(np.int64(33), 30), (30, 29), (29, 2), (2, 13)], (0, 5): []}","{(0, np.int64(33)): {'cpu': 66}, (1, np.int64(29)): {'cpu': 57}, (2, np.int64(14)): {'cpu': 63}, (3, np.int64(13)): {'cpu': 71}, (4, np.int64(21)): {'cpu': 61}, (5, np.int64(26)): {'cpu': 47}, (6, np.int64(32)): {'cpu': 39}, (7, np.int64(1)): {'cpu': 51}}","{((0, 2), (np.int64(33), 30)): {'bw': 61}, ((0, 2), (30, 28)): {'bw': 61}, ((0, 2), (28, 0)): {'bw': 61}, ((0, 2), (0, 12)): {'bw': 61}, ((0, 2), (12, 14)): {'bw': 61}, ((0, 3), (np.int64(33), 30)): {'bw': 92}, ((0, 3), (30, 29)): {'bw': 92}, ((0, 3), (29, 2)): {'bw': 92}, ((0, 3), (2, 13)): {'bw': 92}}",0.0,0.0,910.0,455.0,1200.0,0.0,0.0,0.0,0.0,0.0,0.0,0.0,0.0,0.0,Route Failure,100.0,"{'node_level': {}, 'link_level': {}, 'path_level': {}}","{'node_level': {0: {'cpu': -8}, 1: {'cpu': -39}, 2: {'cpu': -7}, 3: {'cpu': -11}, 4: {'cpu': -15}, 5: {'cpu': -29}, 6: {'cpu': -53}, 7: {'cpu': -23}}, 'link_level': {(0, 2): {'bw': -172}, (0, 3): {'bw': -80}, (0, 5): {'bw': 100.0}}, 'path_level': {(0, 2): {}, (0, 3): {}, (0, 5): {}}}","{'node_level': {0: {'cpu': 0}, 1: {'cpu': 0}, 2: {'cpu': 0}, 3: {'cpu': 0}, 4: {'cpu': 0}, 5: {'cpu': 0}, 6: {'cpu': 0}, 7: {'cpu': 0}}, 'link_level': {(0, 2): {'bw': 0}, (0, 3): {'bw': 0}, (0, 5): {'bw': 100.0}}, 'path_level': {(0, 2): {}, (0, 3): {}, (0, 5): {}}}",[],-inf,-inf,True,False,False,0,[],0,0.0,8.0,3.0,3
138,5,0,4572.0,8746.0,1874329.4436471285,3686921.1769874343,0.5227532586325178,0.5083725291839937,21,261,0,4636.620239274723,17304,2649,14655,0.0,0.0,118,647.6202392747227,3989.0,9,19,False,{},{},{},{},0.0,0.0,0.0,0.0,0.0,0.0,0.0,0.0,0.0,0.0,0.0,0.0,0.0,0.0,Leave Event,0.0,"{'node_level': {}, 'link_level': {}, 'path_level': {}}","{'node_level': {}, 'link_level': {}, 'path_level': {}}","{'node_level': {}, 'link_level': {}, 'path_level': {}}",[],-inf,-inf,True,True,False,0,[],0,0.0,,,3
138,5,0,4572.0,8746.0,1874329.4436471285,3686921.1769874343,0.5227532586325178,0.5083725291839937,21,262,0,4646.797388141904,17304,2649,14655,0.0,0.0,132,198.79738814190407,4448.0,6,12,False,{},{},{},{},0.0,0.0,0.0,0.0,0.0,0.0,0.0,0.0,0.0,0.0,0.0,0.0,0.0,0.0,Leave Event,0.0,"{'node_level': {}, 'link_level': {}, 'path_level': {}}","{'node_level': {}, 'link_level': {}, 'path_level': {}}","{'node_level': {}, 'link_level': {}, 'path_level': {}}",[],-inf,-inf,True,True,False,0,[],0,0.0,,,3
139,5,0,4572.0,8746.0,1874329.4436471285,3686921.1769874343,0.5227532586325178,0.5083725291839937,21,263,1,4653.0,17304,2649,14655,0.0,0.0,138,462.2878075350213,4653.0,8,14,False,"{0: np.int64(32), 1: np.int64(21), 2: np.int64(16), 3: np.int64(13), 4: np.int64(33), 5: np.int64(9), 6: np.int64(17), 7: np.int64(25)}","{(0, 4): [(np.int64(32), 30), (30, 33)], (0, 5): [(np.int64(32), 30), (30, 28), (28, 0), (0, 4), (4, 6), (6, 9)], (0, 7): [(np.int64(32), 30), (30, 28), (28, 0), (0, 20), (20, 22), (22, 25)], (1, 3): [(np.int64(21), 2), (2, 13)], (1, 5): [(np.int64(21), 2), (2, 5), (5, 6), (6, 9)], (1, 6): [(np.int64(21), 3), (3, 13), (13, 14), (14, 17)], (2, 5): [(np.int64(16), 14), (14, 12), (12, 0), (0, 4), (4, 6), (6, 9)], (2, 6): [(np.int64(16), 14), (14, 17)], (3, 4): [(np.int64(13), 2), (2, 29), (29, 30), (30, 33)], (3, 6): []}","{(0, np.int64(32)): {'cpu': 40}, (1, np.int64(21)): {'cpu': 58}, (2, np.int64(16)): {'cpu': 67}, (3, np.int64(13)): {'cpu': 74}, (4, np.int64(33)): {'cpu': 51}, (5, np.int64(9)): {'cpu': 68}, (6, np.int64(17)): {'cpu': 53}, (7, np.int64(25)): {'cpu': 46}}","{((0, 4), (np.int64(32), 30)): {'bw': 78}, ((0, 4), (30, 33)): {'bw': 78}, ((0, 5), (np.int64(32), 30)): {'bw': 104}, ((0, 5), (30, 28)): {'bw': 104}, ((0, 5), (28, 0)): {'bw': 104}, ((0, 5), (0, 4)): {'bw': 104}, ((0, 5), (4, 6)): {'bw': 104}, ((0, 5), (6, 9)): {'bw': 104}, ((0, 7), (np.int64(32), 30)): {'bw': 123}, ((0, 7), (30, 28)): {'bw': 123}, ((0, 7), (28, 0)): {'bw': 123}, ((0, 7), (0, 20)): {'bw': 123}, ((0, 7), (20, 22)): {'bw': 123}, ((0, 7), (22, 25)): {'bw': 123}, ((1, 3), (np.int64(21), 2)): {'bw': 78}, ((1, 3), (2, 13)): {'bw': 78}, ((1, 5), (np.int64(21), 2)): {'bw': 125}, ((1, 5), (2, 5)): {'bw': 125}, ((1, 5), (5, 6)): {'bw': 125}, ((1, 5), (6, 9)): {'bw': 125}, ((1, 6), (np.int64(21), 3)): {'bw': 131}, ((1, 6), (3, 13)): {'bw': 131}, ((1, 6), (13, 14)): {'bw': 131}, ((1, 6), (14, 17)): {'bw': 131}, ((2, 5), (np.int64(16), 14)): {'bw': 75}, ((2, 5), (14, 12)): {'bw': 75}, ((2, 5), (12, 0)): {'bw': 75}, ((2, 5), (0, 4)): {'bw': 75}, ((2, 5), (4, 6)): {'bw': 75}, ((2, 5), (6, 9)): {'bw': 75}, ((2, 6), (np.int64(16), 14)): {'bw': 117}, ((2, 6), (14, 17)): {'bw': 117}, ((3, 4), (np.int64(13), 2)): {'bw': 65}, ((3, 4), (2, 29)): {'bw': 65}, ((3, 4), (29, 30)): {'bw': 65}, ((3, 4), (30, 33)): {'bw': 65}}",0.0,0.0,914.0,457.0,1439.0,0.0,0.0,0.0,0.0,0.0,0.0,0.0,0.0,0.0,Route Failure,100.0,"{'node_level': {}, 'link_level': {}, 'path_level': {}}","{'node_level': {0: {'cpu': -52}, 1: {'cpu': -18}, 2: {'cpu': -12}, 3: {'cpu': -8}, 4: {'cpu': -23}, 5: {'cpu': -23}, 6: {'cpu': -36}, 7: {'cpu': -5}}, 'link_level': {(0, 4): {'bw': -155}, (0, 5): {'bw': -129}, (0, 7): {'bw': -84}, (1, 3): {'bw': -150}, (1, 5): {'bw': -25}, (1, 6): {'bw': -69}, (2, 5): {'bw': -54}, (2, 6): {'bw': -71}, (3, 4): {'bw': -90}, (3, 6): {'bw': 100.0}}, 'path_level': {(0, 4): {}, (0, 5): {}, (0, 7): {}, (1, 3): {}, (1, 5): {}, (1, 6): {}, (2, 5): {}, (2, 6): {}, (3, 4): {}, (3, 6): {}}}","{'node_level': {0: {'cpu': 0}, 1: {'cpu': 0}, 2: {'cpu': 0}, 3: {'cpu': 0}, 4: {'cpu': 0}, 5: {'cpu': 0}, 6: {'cpu': 0}, 7: {'cpu': 0}}, 'link_level': {(0, 4): {'bw': 0}, (0, 5): {'bw': 0}, (0, 7): {'bw': 0}, (1, 3): {'bw': 0}, (1, 5): {'bw': 0}, (1, 6): {'bw': 0}, (2, 5): {'bw': 0}, (2, 6): {'bw': 0}, (3, 4): {'bw': 0}, (3, 6): {'bw': 100.0}}, 'path_level': {(0, 4): {}, (0, 5): {}, (0, 7): {}, (1, 3): {}, (1, 5): {}, (1, 6): {}, (2, 5): {}, (2, 6): {}, (3, 4): {}, (3, 6): {}}}",[],-inf,-inf,True,False,False,0,[],0,0.0,8.0,10.0,3
139,5,0,4572.0,8746.0,1874329.4436471285,3686921.1769874343,0.5227532586325178,0.5083725291839937,21,264,0,4666.322557529078,17304,2649,14655,0.0,0.0,126,425.32255752907787,4241.0,6,9,False,{},{},{},{},0.0,0.0,0.0,0.0,0.0,0.0,0.0,0.0,0.0,0.0,0.0,0.0,0.0,0.0,Leave Event,0.0,"{'node_level': {}, 'link_level': {}, 'path_level': {}}","{'node_level': {}, 'link_level': {}, 'path_level': {}}","{'node_level': {}, 'link_level': {}, 'path_level': {}}",[],-inf,-inf,True,True,False,0,[],0,0.0,,,3
140,5,0,4572.0,8746.0,1874329.4436471285,3686921.1769874343,0.5227532586325178,0.5083725291839937,21,265,1,4681.0,17304,2649,14655,0.0,0.0,139,483.2401421923727,4681.0,10,30,False,"{0: np.int64(33), 1: np.int64(11), 2: np.int64(21), 3: np.int64(9), 4: np.int64(17), 5: np.int64(29), 6: np.int64(7), 7: np.int64(13), 8: np.int64(32), 9: np.int64(1)}","{(0, 2): [(np.int64(33), 30), (30, 29), (29, 2), (2, 21)], (0, 4): []}","{(0, np.int64(33)): {'cpu': 66}, (1, np.int64(11)): {'cpu': 60}, (2, np.int64(21)): {'cpu': 53}, (3, np.int64(9)): {'cpu': 61}, (4, np.int64(17)): {'cpu': 80}, (5, np.int64(29)): {'cpu': 49}, (6, np.int64(7)): {'cpu': 54}, (7, np.int64(13)): {'cpu': 70}, (8, np.int64(32)): {'cpu': 35}, (9, np.int64(1)): {'cpu': 66}}","{((0, 2), (np.int64(33), 30)): {'bw': 143}, ((0, 2), (30, 29)): {'bw': 143}, ((0, 2), (29, 2)): {'bw': 143}, ((0, 2), (2, 21)): {'bw': 143}}",0.0,0.0,1188.0,594.0,3170.0,0.0,0.0,0.0,0.0,0.0,0.0,0.0,0.0,0.0,Route Failure,100.0,"{'node_level': {}, 'link_level': {}, 'path_level': {}}","{'node_level': {0: {'cpu': -8}, 1: {'cpu': -11}, 2: {'cpu': -23}, 3: {'cpu': -30}, 4: {'cpu': -9}, 5: {'cpu': -47}, 6: {'cpu': -6}, 7: {'cpu': -12}, 8: {'cpu': -57}, 9: {'cpu': -8}}, 'link_level': {(0, 2): {'bw': -85}, (0, 4): {'bw': 100.0}}, 'path_level': {(0, 2): {}, (0, 4): {}}}","{'node_level': {0: {'cpu': 0}, 1: {'cpu': 0}, 2: {'cpu': 0}, 3: {'cpu': 0}, 4: {'cpu': 0}, 5: {'cpu': 0}, 6: {'cpu': 0}, 7: {'cpu': 0}, 8: {'cpu': 0}, 9: {'cpu': 0}}, 'link_level': {(0, 2): {'bw': 0}, (0, 4): {'bw': 100.0}}, 'path_level': {(0, 2): {}, (0, 4): {}}}",[],-inf,-inf,True,False,False,0,[],0,0.0,10.0,2.0,3
140,5,0,4572.0,8746.0,1874329.4436471285,3686921.1769874343,0.5227532586325178,0.5083725291839937,21,266,0,4702.524498457963,17304,2649,14655,0.0,0.0,133,211.52449845796346,4491.0,10,24,False,{},{},{},{},0.0,0.0,0.0,0.0,0.0,0.0,0.0,0.0,0.0,0.0,0.0,0.0,0.0,0.0,Leave Event,0.0,"{'node_level': {}, 'link_level': {}, 'path_level': {}}","{'node_level': {}, 'link_level': {}, 'path_level': {}}","{'node_level': {}, 'link_level': {}, 'path_level': {}}",[],-inf,-inf,True,True,False,0,[],0,0.0,,,3
141,5,0,4572.0,8746.0,1874329.4436471285,3686921.1769874343,0.5227532586325178,0.5083725291839937,21,267,1,4709.0,17304,2649,14655,0.0,0.0,140,598.5064510869279,4709.0,10,25,False,"{0: np.int64(35), 1: np.int64(14), 2: np.int64(5), 3: np.int64(16), 4: np.int64(22), 5: np.int64(13), 6: np.int64(12), 7: np.int64(34), 8: np.int64(32), 9: np.int64(28)}","{(0, 4): [(np.int64(35), 31), (31, 28), (28, 0), (0, 20), (20, 22)], (0, 5): []}","{(0, np.int64(35)): {'cpu': 73}, (1, np.int64(14)): {'cpu': 59}, (2, np.int64(5)): {'cpu': 51}, (3, np.int64(16)): {'cpu': 45}, (4, np.int64(22)): {'cpu': 57}, (5, np.int64(13)): {'cpu': 57}, (6, np.int64(12)): {'cpu': 42}, (7, np.int64(34)): {'cpu': 42}, (8, np.int64(32)): {'cpu': 40}, (9, np.int64(28)): {'cpu': 80}}","{((0, 4), (np.int64(35), 31)): {'bw': 86}, ((0, 4), (31, 28)): {'bw': 86}, ((0, 4), (28, 0)): {'bw': 86}, ((0, 4), (0, 20)): {'bw': 86}, ((0, 4), (20, 22)): {'bw': 86}}",0.0,0.0,1092.0,546.0,2692.0,0.0,0.0,0.0,0.0,0.0,0.0,0.0,0.0,0.0,Route Failure,100.0,"{'node_level': {}, 'link_level': {}, 'path_level': {}}","{'node_level': {0: {'cpu': -20}, 1: {'cpu': -11}, 2: {'cpu': -20}, 3: {'cpu': -34}, 4: {'cpu': -15}, 5: {'cpu': -25}, 6: {'cpu': -46}, 7: {'cpu': -15}, 8: {'cpu': -52}, 9: {'cpu': -10}}, 'link_level': {(0, 4): {'bw': -116}, (0, 5): {'bw': 100.0}}, 'path_level': {(0, 4): {}, (0, 5): {}}}","{'node_level': {0: {'cpu': 0}, 1: {'cpu': 0}, 2: {'cpu': 0}, 3: {'cpu': 0}, 4: {'cpu': 0}, 5: {'cpu': 0}, 6: {'cpu': 0}, 7: {'cpu': 0}, 8: {'cpu': 0}, 9: {'cpu': 0}}, 'link_level': {(0, 4): {'bw': 0}, (0, 5): {'bw': 100.0}}, 'path_level': {(0, 4): {}, (0, 5): {}}}",[],-inf,-inf,True,False,False,0,[],0,0.0,10.0,2.0,3
141,5,0,4572.0,8746.0,1874329.4436471285,3686921.1769874343,0.5227532586325178,0.5083725291839937,21,268,0,4718.158775877583,17304,2649,14655,0.0,0.0,137,93.1587758775829,4625.0,8,14,False,{},{},{},{},0.0,0.0,0.0,0.0,0.0,0.0,0.0,0.0,0.0,0.0,0.0,0.0,0.0,0.0,Leave Event,0.0,"{'node_level': {}, 'link_level': {}, 'path_level': {}}","{'node_level': {}, 'link_level': {}, 'path_level': {}}","{'node_level': {}, 'link_level': {}, 'path_level': {}}",[],-inf,-inf,True,True,False,0,[],0,0.0,,,3
142,5,0,4572.0,8746.0,1874329.4436471285,3686921.1769874343,0.5227532586325178,0.5083725291839937,21,269,1,4750.0,17304,2649,14655,0.0,0.0,141,172.60699758086142,4750.0,7,12,False,"{0: np.int64(15), 1: np.int64(4), 2: np.int64(10), 3: np.int64(29), 4: np.int64(5), 5: np.int64(33), 6: np.int64(9)}","{(0, 1): [(np.int64(15), 12), (12, 0), (0, 4)], (0, 2): [(np.int64(15), 12), (12, 0), (0, 4), (4, 7), (7, 10)], (0, 4): [(np.int64(15), 13), (13, 2), (2, 5)], (0, 6): [(np.int64(15), 12), (12, 1), (1, 4), (4, 6), (6, 9)], (1, 2): [(np.int64(4), 7), (7, 10)], (1, 4): [(np.int64(4), 6), (6, 5)], (1, 5): [(np.int64(4), 1), (1, 28), (28, 30), (30, 33)], (2, 4): []}","{(0, np.int64(15)): {'cpu': 30}, (1, np.int64(4)): {'cpu': 31}, (2, np.int64(10)): {'cpu': 56}, (3, np.int64(29)): {'cpu': 80}, (4, np.int64(5)): {'cpu': 68}, (5, np.int64(33)): {'cpu': 58}, (6, np.int64(9)): {'cpu': 79}}","{((0, 1), (np.int64(15), 12)): {'bw': 93}, ((0, 1), (12, 0)): {'bw': 93}, ((0, 1), (0, 4)): {'bw': 93}, ((0, 2), (np.int64(15), 12)): {'bw': 140}, ((0, 2), (12, 0)): {'bw': 140}, ((0, 2), (0, 4)): {'bw': 140}, ((0, 2), (4, 7)): {'bw': 140}, ((0, 2), (7, 10)): {'bw': 140}, ((0, 4), (np.int64(15), 13)): {'bw': 72}, ((0, 4), (13, 2)): {'bw': 72}, ((0, 4), (2, 5)): {'bw': 72}, ((0, 6), (np.int64(15), 12)): {'bw': 70}, ((0, 6), (12, 1)): {'bw': 70}, ((0, 6), (1, 4)): {'bw': 70}, ((0, 6), (4, 6)): {'bw': 70}, ((0, 6), (6, 9)): {'bw': 70}, ((1, 2), (np.int64(4), 7)): {'bw': 142}, ((1, 2), (7, 10)): {'bw': 142}, ((1, 4), (np.int64(4), 6)): {'bw': 118}, ((1, 4), (6, 5)): {'bw': 118}, ((1, 5), (np.int64(4), 1)): {'bw': 72}, ((1, 5), (1, 28)): {'bw': 72}, ((1, 5), (28, 30)): {'bw': 72}, ((1, 5), (30, 33)): {'bw': 72}}",0.0,0.0,804.0,402.0,1202.0,0.0,0.0,0.0,0.0,0.0,0.0,0.0,0.0,0.0,Route Failure,100.0,"{'node_level': {}, 'link_level': {}, 'path_level': {}}","{'node_level': {0: {'cpu': -64}, 1: {'cpu': -19}, 2: {'cpu': -4}, 3: {'cpu': -16}, 4: {'cpu': -3}, 5: {'cpu': -16}, 6: {'cpu': -12}}, 'link_level': {(0, 1): {'bw': -140}, (0, 2): {'bw': 0}, (0, 4): {'bw': -213}, (0, 6): {'bw': -10}, (1, 2): {'bw': -83}, (1, 4): {'bw': -128}, (1, 5): {'bw': -95}, (2, 4): {'bw': 100.0}}, 'path_level': {(0, 1): {}, (0, 2): {}, (0, 4): {}, (0, 6): {}, (1, 2): {}, (1, 4): {}, (1, 5): {}, (2, 4): {}}}","{'node_level': {0: {'cpu': 0}, 1: {'cpu': 0}, 2: {'cpu': 0}, 3: {'cpu': 0}, 4: {'cpu': 0}, 5: {'cpu': 0}, 6: {'cpu': 0}}, 'link_level': {(0, 1): {'bw': 0}, (0, 2): {'bw': 0}, (0, 4): {'bw': 0}, (0, 6): {'bw': 0}, (1, 2): {'bw': 0}, (1, 4): {'bw': 0}, (1, 5): {'bw': 0}, (2, 4): {'bw': 100.0}}, 'path_level': {(0, 1): {}, (0, 2): {}, (0, 4): {}, (0, 6): {}, (1, 2): {}, (1, 4): {}, (1, 5): {}, (2, 4): {}}}",[],-inf,-inf,True,False,False,0,[],0,0.0,7.0,8.0,3
142,5,0,4572.0,8746.0,1874329.4436471285,3686921.1769874343,0.5227532586325178,0.5083725291839937,21,270,0,4775.058386732626,17304,2649,14655,0.0,0.0,134,251.05838673262554,4524.0,9,20,False,{},{},{},{},0.0,0.0,0.0,0.0,0.0,0.0,0.0,0.0,0.0,0.0,0.0,0.0,0.0,0.0,Leave Event,0.0,"{'node_level': {}, 'link_level': {}, 'path_level': {}}","{'node_level': {}, 'link_level': {}, 'path_level': {}}","{'node_level': {}, 'link_level': {}, 'path_level': {}}",[],-inf,-inf,True,True,False,0,[],0,0.0,,,3
143,5,0,4572.0,8746.0,1874329.4436471285,3686921.1769874343,0.5227532586325178,0.5083725291839937,21,271,1,4783.0,17304,2649,14655,0.0,0.0,142,172.67818253610457,4783.0,8,16,False,"{0: np.int64(29), 1: np.int64(25), 2: np.int64(23), 3: np.int64(24), 4: np.int64(21), 5: np.int64(18), 6: np.int64(5), 7: np.int64(32)}","{(0, 1): [(np.int64(29), 2), (2, 21), (21, 22), (22, 25)], (0, 2): [(np.int64(29), 3), (3, 21), (21, 23)], (0, 4): [(np.int64(29), 2), (2, 5), (5, 3), (3, 21)], (0, 5): [(np.int64(29), 3), (3, 13), (13, 15), (15, 18)], (0, 6): [(np.int64(29), 30), (30, 28), (28, 0), (0, 4), (4, 6), (6, 5)], (1, 2): [(np.int64(25), 22), (22, 20), (20, 23)], (1, 3): []}","{(0, np.int64(29)): {'cpu': 37}, (1, np.int64(25)): {'cpu': 38}, (2, np.int64(23)): {'cpu': 44}, (3, np.int64(24)): {'cpu': 38}, (4, np.int64(21)): {'cpu': 68}, (5, np.int64(18)): {'cpu': 36}, (6, np.int64(5)): {'cpu': 61}, (7, np.int64(32)): {'cpu': 80}}","{((0, 1), (np.int64(29), 2)): {'bw': 122}, ((0, 1), (2, 21)): {'bw': 122}, ((0, 1), (21, 22)): {'bw': 122}, ((0, 1), (22, 25)): {'bw': 122}, ((0, 2), (np.int64(29), 3)): {'bw': 114}, ((0, 2), (3, 21)): {'bw': 114}, ((0, 2), (21, 23)): {'bw': 114}, ((0, 4), (np.int64(29), 2)): {'bw': 141}, ((0, 4), (2, 5)): {'bw': 141}, ((0, 4), (5, 3)): {'bw': 141}, ((0, 4), (3, 21)): {'bw': 141}, ((0, 5), (np.int64(29), 3)): {'bw': 103}, ((0, 5), (3, 13)): {'bw': 103}, ((0, 5), (13, 15)): {'bw': 103}, ((0, 5), (15, 18)): {'bw': 103}, ((0, 6), (np.int64(29), 30)): {'bw': 123}, ((0, 6), (30, 28)): {'bw': 123}, ((0, 6), (28, 0)): {'bw': 123}, ((0, 6), (0, 4)): {'bw': 123}, ((0, 6), (4, 6)): {'bw': 123}, ((0, 6), (6, 5)): {'bw': 123}, ((1, 2), (np.int64(25), 22)): {'bw': 98}, ((1, 2), (22, 20)): {'bw': 98}, ((1, 2), (20, 23)): {'bw': 98}}",0.0,0.0,804.0,402.0,1847.0,0.0,0.0,0.0,0.0,0.0,0.0,0.0,0.0,0.0,Route Failure,100.0,"{'node_level': {}, 'link_level': {}, 'path_level': {}}","{'node_level': {0: {'cpu': -59}, 1: {'cpu': -13}, 2: {'cpu': -8}, 3: {'cpu': -14}, 4: {'cpu': -8}, 5: {'cpu': -28}, 6: {'cpu': -10}, 7: {'cpu': -12}}, 'link_level': {(0, 1): {'bw': -106}, (0, 2): {'bw': -104}, (0, 4): {'bw': -56}, (0, 5): {'bw': -1}, (0, 6): {'bw': -110}, (1, 2): {'bw': -55}, (1, 3): {'bw': 100.0}}, 'path_level': {(0, 1): {}, (0, 2): {}, (0, 4): {}, (0, 5): {}, (0, 6): {}, (1, 2): {}, (1, 3): {}}}","{'node_level': {0: {'cpu': 0}, 1: {'cpu': 0}, 2: {'cpu': 0}, 3: {'cpu': 0}, 4: {'cpu': 0}, 5: {'cpu': 0}, 6: {'cpu': 0}, 7: {'cpu': 0}}, 'link_level': {(0, 1): {'bw': 0}, (0, 2): {'bw': 0}, (0, 4): {'bw': 0}, (0, 5): {'bw': 0}, (0, 6): {'bw': 0}, (1, 2): {'bw': 0}, (1, 3): {'bw': 100.0}}, 'path_level': {(0, 1): {}, (0, 2): {}, (0, 4): {}, (0, 5): {}, (0, 6): {}, (1, 2): {}, (1, 3): {}}}",[],-inf,-inf,True,False,False,0,[],0,0.0,8.0,7.0,3
144,5,0,4572.0,8746.0,1874329.4436471285,3686921.1769874343,0.5227532586325178,0.5083725291839937,21,272,1,4819.0,17304,2649,14655,0.0,0.0,143,704.3302686324715,4819.0,7,10,False,"{0: np.int64(0), 1: np.int64(13), 2: np.int64(12), 3: np.int64(15), 4: np.int64(1), 5: np.int64(8), 6: np.int64(19)}","{(0, 1): [(np.int64(0), 12), (12, 14), (14, 13)], (0, 4): [(np.int64(0), 4), (4, 1)], (0, 6): [(np.int64(0), 12), (12, 15), (15, 19)], (1, 2): [(np.int64(13), 15), (15, 12)], (2, 4): [(np.int64(12), 1)], (2, 5): [(np.int64(12), 1), (1, 4), (4, 6), (6, 8)], (3, 4): [(np.int64(15), 13), (13, 2), (2, 21), (21, 22), (22, 20), (20, 1)], (3, 5): []}","{(0, np.int64(0)): {'cpu': 80}, (1, np.int64(13)): {'cpu': 75}, (2, np.int64(12)): {'cpu': 43}, (3, np.int64(15)): {'cpu': 66}, (4, np.int64(1)): {'cpu': 61}, (5, np.int64(8)): {'cpu': 43}, (6, np.int64(19)): {'cpu': 39}}","{((0, 1), (np.int64(0), 12)): {'bw': 144}, ((0, 1), (12, 14)): {'bw': 144}, ((0, 1), (14, 13)): {'bw': 144}, ((0, 4), (np.int64(0), 4)): {'bw': 80}, ((0, 4), (4, 1)): {'bw': 80}, ((0, 6), (np.int64(0), 12)): {'bw': 94}, ((0, 6), (12, 15)): {'bw': 94}, ((0, 6), (15, 19)): {'bw': 94}, ((1, 2), (np.int64(13), 15)): {'bw': 110}, ((1, 2), (15, 12)): {'bw': 110}, ((2, 4), (np.int64(12), 1)): {'bw': 60}, ((2, 5), (np.int64(12), 1)): {'bw': 126}, ((2, 5), (1, 4)): {'bw': 126}, ((2, 5), (4, 6)): {'bw': 126}, ((2, 5), (6, 8)): {'bw': 126}, ((3, 4), (np.int64(15), 13)): {'bw': 104}, ((3, 4), (13, 2)): {'bw': 104}, ((3, 4), (2, 21)): {'bw': 104}, ((3, 4), (21, 22)): {'bw': 104}, ((3, 4), (22, 20)): {'bw': 104}, ((3, 4), (20, 1)): {'bw': 104}}",0.0,0.0,814.0,407.0,992.0,0.0,0.0,0.0,0.0,0.0,0.0,0.0,0.0,0.0,Route Failure,100.0,"{'node_level': {}, 'link_level': {}, 'path_level': {}}","{'node_level': {0: {'cpu': -12}, 1: {'cpu': -7}, 2: {'cpu': -45}, 3: {'cpu': -28}, 4: {'cpu': -13}, 5: {'cpu': -50}, 6: {'cpu': -37}}, 'link_level': {(0, 1): {'bw': -57}, (0, 4): {'bw': -153}, (0, 6): {'bw': -85}, (1, 2): {'bw': -109}, (2, 4): {'bw': -160}, (2, 5): {'bw': -31}, (3, 4): {'bw': -71}, (3, 5): {'bw': 100.0}}, 'path_level': {(0, 1): {}, (0, 4): {}, (0, 6): {}, (1, 2): {}, (2, 4): {}, (2, 5): {}, (3, 4): {}, (3, 5): {}}}","{'node_level': {0: {'cpu': 0}, 1: {'cpu': 0}, 2: {'cpu': 0}, 3: {'cpu': 0}, 4: {'cpu': 0}, 5: {'cpu': 0}, 6: {'cpu': 0}}, 'link_level': {(0, 1): {'bw': 0}, (0, 4): {'bw': 0}, (0, 6): {'bw': 0}, (1, 2): {'bw': 0}, (2, 4): {'bw': 0}, (2, 5): {'bw': 0}, (3, 4): {'bw': 0}, (3, 5): {'bw': 100.0}}, 'path_level': {(0, 1): {}, (0, 4): {}, (0, 6): {}, (1, 2): {}, (2, 4): {}, (2, 5): {}, (3, 4): {}, (3, 5): {}}}",[],-inf,-inf,True,False,False,0,[],0,0.0,7.0,8.0,3
144,5,0,4572.0,8746.0,1874329.4436471285,3686921.1769874343,0.5227532586325178,0.5083725291839937,21,273,0,4861.907628727288,17304,2649,14655,0.0,0.0,130,482.90762872728857,4379.0,10,22,False,{},{},{},{},0.0,0.0,0.0,0.0,0.0,0.0,0.0,0.0,0.0,0.0,0.0,0.0,0.0,0.0,Leave Event,0.0,"{'node_level': {}, 'link_level': {}, 'path_level': {}}","{'node_level': {}, 'link_level': {}, 'path_level': {}}","{'node_level': {}, 'link_level': {}, 'path_level': {}}",[],-inf,-inf,True,True,False,0,[],0,0.0,,,3
145,5,0,4572.0,8746.0,1874329.4436471285,3686921.1769874343,0.5227532586325178,0.5083725291839937,21,274,1,4863.0,17304,2649,14655,0.0,0.0,144,245.69469786189242,4863.0,7,14,False,"{0: np.int64(33), 1: np.int64(32), 2: np.int64(16), 3: np.int64(30), 4: np.int64(7), 5: np.int64(8), 6: np.int64(14)}","{(0, 1): [(np.int64(33), 30), (30, 32)], (0, 2): [(np.int64(33), 30), (30, 28), (28, 0), (0, 12), (12, 14), (14, 16)], (0, 6): []}","{(0, np.int64(33)): {'cpu': 49}, (1, np.int64(32)): {'cpu': 78}, (2, np.int64(16)): {'cpu': 37}, (3, np.int64(30)): {'cpu': 67}, (4, np.int64(7)): {'cpu': 58}, (5, np.int64(8)): {'cpu': 51}, (6, np.int64(14)): {'cpu': 37}}","{((0, 1), (np.int64(33), 30)): {'bw': 118}, ((0, 1), (30, 32)): {'bw': 118}, ((0, 2), (np.int64(33), 30)): {'bw': 86}, ((0, 2), (30, 28)): {'bw': 86}, ((0, 2), (28, 0)): {'bw': 86}, ((0, 2), (0, 12)): {'bw': 86}, ((0, 2), (12, 14)): {'bw': 86}, ((0, 2), (14, 16)): {'bw': 86}}",0.0,0.0,754.0,377.0,1643.0,0.0,0.0,0.0,0.0,0.0,0.0,0.0,0.0,0.0,Route Failure,100.0,"{'node_level': {}, 'link_level': {}, 'path_level': {}}","{'node_level': {0: {'cpu': -25}, 1: {'cpu': -14}, 2: {'cpu': -42}, 3: {'cpu': -16}, 4: {'cpu': -2}, 5: {'cpu': -42}, 6: {'cpu': -33}}, 'link_level': {(0, 1): {'bw': -115}, (0, 2): {'bw': -29}, (0, 6): {'bw': 100.0}}, 'path_level': {(0, 1): {}, (0, 2): {}, (0, 6): {}}}","{'node_level': {0: {'cpu': 0}, 1: {'cpu': 0}, 2: {'cpu': 0}, 3: {'cpu': 0}, 4: {'cpu': 0}, 5: {'cpu': 0}, 6: {'cpu': 0}}, 'link_level': {(0, 1): {'bw': 0}, (0, 2): {'bw': 0}, (0, 6): {'bw': 100.0}}, 'path_level': {(0, 1): {}, (0, 2): {}, (0, 6): {}}}",[],-inf,-inf,True,False,False,0,[],0,0.0,7.0,3.0,3
146,5,0,4572.0,8746.0,1874329.4436471285,3686921.1769874343,0.5227532586325178,0.5083725291839937,21,275,1,4908.0,17304,2649,14655,0.0,0.0,145,82.71054538256782,4908.0,6,9,False,"{0: np.int64(21), 1: np.int64(28), 2: np.int64(24), 3: np.int64(19), 4: np.int64(30), 5: np.int64(16)}","{(0, 1): [(np.int64(21), 2), (2, 29), (29, 30), (30, 28)], (0, 2): [(np.int64(21), 22), (22, 24)], (0, 3): [(np.int64(21), 2), (2, 13), (13, 15), (15, 19)], (1, 2): [(np.int64(28), 0), (0, 20), (20, 22), (22, 24)], (1, 3): [(np.int64(28), 0), (0, 12), (12, 15), (15, 19)], (1, 5): [(np.int64(28), 1), (1, 12), (12, 14), (14, 16)], (2, 4): []}","{(0, np.int64(21)): {'cpu': 59}, (1, np.int64(28)): {'cpu': 41}, (2, np.int64(24)): {'cpu': 47}, (3, np.int64(19)): {'cpu': 76}, (4, np.int64(30)): {'cpu': 77}, (5, np.int64(16)): {'cpu': 72}}","{((0, 1), (np.int64(21), 2)): {'bw': 116}, ((0, 1), (2, 29)): {'bw': 116}, ((0, 1), (29, 30)): {'bw': 116}, ((0, 1), (30, 28)): {'bw': 116}, ((0, 2), (np.int64(21), 22)): {'bw': 84}, ((0, 2), (22, 24)): {'bw': 84}, ((0, 3), (np.int64(21), 2)): {'bw': 106}, ((0, 3), (2, 13)): {'bw': 106}, ((0, 3), (13, 15)): {'bw': 106}, ((0, 3), (15, 19)): {'bw': 106}, ((1, 2), (np.int64(28), 0)): {'bw': 121}, ((1, 2), (0, 20)): {'bw': 121}, ((1, 2), (20, 22)): {'bw': 121}, ((1, 2), (22, 24)): {'bw': 121}, ((1, 3), (np.int64(28), 0)): {'bw': 133}, ((1, 3), (0, 12)): {'bw': 133}, ((1, 3), (12, 15)): {'bw': 133}, ((1, 3), (15, 19)): {'bw': 133}, ((1, 5), (np.int64(28), 1)): {'bw': 135}, ((1, 5), (1, 12)): {'bw': 135}, ((1, 5), (12, 14)): {'bw': 135}, ((1, 5), (14, 16)): {'bw': 135}}",0.0,0.0,744.0,372.0,1079.0,0.0,0.0,0.0,0.0,0.0,0.0,0.0,0.0,0.0,Route Failure,100.0,"{'node_level': {}, 'link_level': {}, 'path_level': {}}","{'node_level': {0: {'cpu': -17}, 1: {'cpu': -49}, 2: {'cpu': -5}, 3: {'cpu': 0}, 4: {'cpu': -6}, 5: {'cpu': -7}}, 'link_level': {(0, 1): {'bw': -112}, (0, 2): {'bw': -134}, (0, 3): {'bw': -6}, (1, 2): {'bw': -13}, (1, 3): {'bw': -60}, (1, 5): {'bw': -85}, (2, 4): {'bw': 100.0}}, 'path_level': {(0, 1): {}, (0, 2): {}, (0, 3): {}, (1, 2): {}, (1, 3): {}, (1, 5): {}, (2, 4): {}}}","{'node_level': {0: {'cpu': 0}, 1: {'cpu': 0}, 2: {'cpu': 0}, 3: {'cpu': 0}, 4: {'cpu': 0}, 5: {'cpu': 0}}, 'link_level': {(0, 1): {'bw': 0}, (0, 2): {'bw': 0}, (0, 3): {'bw': 0}, (1, 2): {'bw': 0}, (1, 3): {'bw': 0}, (1, 5): {'bw': 0}, (2, 4): {'bw': 100.0}}, 'path_level': {(0, 1): {}, (0, 2): {}, (0, 3): {}, (1, 2): {}, (1, 3): {}, (1, 5): {}, (2, 4): {}}}",[],-inf,-inf,True,False,False,0,[],0,0.0,6.0,7.0,3
146,5,0,4572.0,8746.0,1874329.4436471285,3686921.1769874343,0.5227532586325178,0.5083725291839937,21,276,0,4922.606997580861,17304,2649,14655,0.0,0.0,141,172.60699758086142,4750.0,7,12,False,{},{},{},{},0.0,0.0,0.0,0.0,0.0,0.0,0.0,0.0,0.0,0.0,0.0,0.0,0.0,0.0,Leave Event,0.0,"{'node_level': {}, 'link_level': {}, 'path_level': {}}","{'node_level': {}, 'link_level': {}, 'path_level': {}}","{'node_level': {}, 'link_level': {}, 'path_level': {}}",[],-inf,-inf,True,True,False,0,[],0,0.0,,,3
147,5,0,4572.0,8746.0,1874329.4436471285,3686921.1769874343,0.5227532586325178,0.5083725291839937,21,277,1,4943.0,17304,2649,14655,0.0,0.0,146,1178.335358417955,4943.0,10,22,False,"{0: np.int64(21), 1: np.int64(7), 2: np.int64(20), 3: np.int64(14), 4: np.int64(25), 5: np.int64(13), 6: np.int64(15), 7: np.int64(19), 8: np.int64(33), 9: np.int64(1)}","{(0, 3): [(np.int64(21), 2), (2, 13), (13, 14)], (0, 5): [(np.int64(21), 2), (2, 13)], (0, 8): [(np.int64(21), 3), (3, 29), (29, 30), (30, 33)], (1, 2): [(np.int64(7), 4), (4, 0), (0, 20)], (1, 3): [(np.int64(7), 4), (4, 1), (1, 12), (12, 14)], (1, 5): [(np.int64(7), 5), (5, 2), (2, 13)], (1, 7): [(np.int64(7), 5), (5, 3), (3, 13), (13, 15), (15, 19)], (1, 8): []}","{(0, np.int64(21)): {'cpu': 70}, (1, np.int64(7)): {'cpu': 36}, (2, np.int64(20)): {'cpu': 64}, (3, np.int64(14)): {'cpu': 37}, (4, np.int64(25)): {'cpu': 31}, (5, np.int64(13)): {'cpu': 42}, (6, np.int64(15)): {'cpu': 57}, (7, np.int64(19)): {'cpu': 68}, (8, np.int64(33)): {'cpu': 57}, (9, np.int64(1)): {'cpu': 64}}","{((0, 3), (np.int64(21), 2)): {'bw': 142}, ((0, 3), (2, 13)): {'bw': 142}, ((0, 3), (13, 14)): {'bw': 142}, ((0, 5), (np.int64(21), 2)): {'bw': 74}, ((0, 5), (2, 13)): {'bw': 74}, ((0, 8), (np.int64(21), 3)): {'bw': 146}, ((0, 8), (3, 29)): {'bw': 146}, ((0, 8), (29, 30)): {'bw': 146}, ((0, 8), (30, 33)): {'bw': 146}, ((1, 2), (np.int64(7), 4)): {'bw': 127}, ((1, 2), (4, 0)): {'bw': 127}, ((1, 2), (0, 20)): {'bw': 127}, ((1, 3), (np.int64(7), 4)): {'bw': 117}, ((1, 3), (4, 1)): {'bw': 117}, ((1, 3), (1, 12)): {'bw': 117}, ((1, 3), (12, 14)): {'bw': 117}, ((1, 5), (np.int64(7), 5)): {'bw': 73}, ((1, 5), (5, 2)): {'bw': 73}, ((1, 5), (2, 13)): {'bw': 73}, ((1, 7), (np.int64(7), 5)): {'bw': 118}, ((1, 7), (5, 3)): {'bw': 118}, ((1, 7), (3, 13)): {'bw': 118}, ((1, 7), (13, 15)): {'bw': 118}, ((1, 7), (15, 19)): {'bw': 118}}",0.0,0.0,1052.0,526.0,2470.0,0.0,0.0,0.0,0.0,0.0,0.0,0.0,0.0,0.0,Route Failure,100.0,"{'node_level': {}, 'link_level': {}, 'path_level': {}}","{'node_level': {0: {'cpu': -6}, 1: {'cpu': -24}, 2: {'cpu': -3}, 3: {'cpu': -33}, 4: {'cpu': -20}, 5: {'cpu': -40}, 6: {'cpu': -37}, 7: {'cpu': -8}, 8: {'cpu': -17}, 9: {'cpu': -10}}, 'link_level': {(0, 3): {'bw': -59}, (0, 5): {'bw': -12}, (0, 8): {'bw': -72}, (1, 2): {'bw': -106}, (1, 3): {'bw': -103}, (1, 5): {'bw': -38}, (1, 7): {'bw': -82}, (1, 8): {'bw': 100.0}}, 'path_level': {(0, 3): {}, (0, 5): {}, (0, 8): {}, (1, 2): {}, (1, 3): {}, (1, 5): {}, (1, 7): {}, (1, 8): {}}}","{'node_level': {0: {'cpu': 0}, 1: {'cpu': 0}, 2: {'cpu': 0}, 3: {'cpu': 0}, 4: {'cpu': 0}, 5: {'cpu': 0}, 6: {'cpu': 0}, 7: {'cpu': 0}, 8: {'cpu': 0}, 9: {'cpu': 0}}, 'link_level': {(0, 3): {'bw': 0}, (0, 5): {'bw': 0}, (0, 8): {'bw': 0}, (1, 2): {'bw': 0}, (1, 3): {'bw': 0}, (1, 5): {'bw': 0}, (1, 7): {'bw': 0}, (1, 8): {'bw': 100.0}}, 'path_level': {(0, 3): {}, (0, 5): {}, (0, 8): {}, (1, 2): {}, (1, 3): {}, (1, 5): {}, (1, 7): {}, (1, 8): {}}}",[],-inf,-inf,True,False,False,0,[],0,0.0,10.0,8.0,3
147,5,0,4572.0,8746.0,1874329.4436471285,3686921.1769874343,0.5227532586325178,0.5083725291839937,21,278,0,4955.678182536105,17304,2649,14655,0.0,0.0,142,172.67818253610457,4783.0,8,16,False,{},{},{},{},0.0,0.0,0.0,0.0,0.0,0.0,0.0,0.0,0.0,0.0,0.0,0.0,0.0,0.0,Leave Event,0.0,"{'node_level': {}, 'link_level': {}, 'path_level': {}}","{'node_level': {}, 'link_level': {}, 'path_level': {}}","{'node_level': {}, 'link_level': {}, 'path_level': {}}",[],-inf,-inf,True,True,False,0,[],0,0.0,,,3
147,5,0,4572.0,8746.0,1874329.4436471285,3686921.1769874343,0.5227532586325178,0.5083725291839937,21,279,0,4965.758892631535,17304,2649,14655,0.0,0.0,106,1401.7588926315352,3564.0,8,14,False,{},{},{},{},0.0,0.0,0.0,0.0,0.0,0.0,0.0,0.0,0.0,0.0,0.0,0.0,0.0,0.0,Leave Event,0.0,"{'node_level': {}, 'link_level': {}, 'path_level': {}}","{'node_level': {}, 'link_level': {}, 'path_level': {}}","{'node_level': {}, 'link_level': {}, 'path_level': {}}",[],-inf,-inf,True,True,False,0,[],0,0.0,,,3
148,5,0,4572.0,8746.0,1874329.4436471285,3686921.1769874343,0.5227532586325178,0.5083725291839937,21,280,1,4974.0,17304,2649,14655,0.0,0.0,147,6.584571864642202,4974.0,10,22,False,"{0: np.int64(25), 1: np.int64(26), 2: np.int64(30), 3: np.int64(13), 4: np.int64(15), 5: np.int64(27), 6: np.int64(9), 7: np.int64(29), 8: np.int64(31), 9: np.int64(32)}","{(0, 5): [(np.int64(25), 22), (22, 20), (20, 23), (23, 27)], (0, 6): [(np.int64(25), 22), (22, 20), (20, 0), (0, 4), (4, 6), (6, 9)], (0, 8): []}","{(0, np.int64(25)): {'cpu': 50}, (1, np.int64(26)): {'cpu': 50}, (2, np.int64(30)): {'cpu': 39}, (3, np.int64(13)): {'cpu': 35}, (4, np.int64(15)): {'cpu': 44}, (5, np.int64(27)): {'cpu': 37}, (6, np.int64(9)): {'cpu': 74}, (7, np.int64(29)): {'cpu': 80}, (8, np.int64(31)): {'cpu': 64}, (9, np.int64(32)): {'cpu': 47}}","{((0, 5), (np.int64(25), 22)): {'bw': 85}, ((0, 5), (22, 20)): {'bw': 85}, ((0, 5), (20, 23)): {'bw': 85}, ((0, 5), (23, 27)): {'bw': 85}, ((0, 6), (np.int64(25), 22)): {'bw': 132}, ((0, 6), (22, 20)): {'bw': 132}, ((0, 6), (20, 0)): {'bw': 132}, ((0, 6), (0, 4)): {'bw': 132}, ((0, 6), (4, 6)): {'bw': 132}, ((0, 6), (6, 9)): {'bw': 132}}",0.0,0.0,1040.0,520.0,2254.0,0.0,0.0,0.0,0.0,0.0,0.0,0.0,0.0,0.0,Route Failure,100.0,"{'node_level': {}, 'link_level': {}, 'path_level': {}}","{'node_level': {0: {'cpu': -1}, 1: {'cpu': -26}, 2: {'cpu': -44}, 3: {'cpu': -47}, 4: {'cpu': -50}, 5: {'cpu': -18}, 6: {'cpu': -17}, 7: {'cpu': -16}, 8: {'cpu': -15}, 9: {'cpu': -45}}, 'link_level': {(0, 5): {'bw': -190}, (0, 6): {'bw': -58}, (0, 8): {'bw': 100.0}}, 'path_level': {(0, 5): {}, (0, 6): {}, (0, 8): {}}}","{'node_level': {0: {'cpu': 0}, 1: {'cpu': 0}, 2: {'cpu': 0}, 3: {'cpu': 0}, 4: {'cpu': 0}, 5: {'cpu': 0}, 6: {'cpu': 0}, 7: {'cpu': 0}, 8: {'cpu': 0}, 9: {'cpu': 0}}, 'link_level': {(0, 5): {'bw': 0}, (0, 6): {'bw': 0}, (0, 8): {'bw': 100.0}}, 'path_level': {(0, 5): {}, (0, 6): {}, (0, 8): {}}}",[],-inf,-inf,True,False,False,0,[],0,0.0,10.0,3.0,3
148,5,0,4572.0,8746.0,1874329.4436471285,3686921.1769874343,0.5227532586325178,0.5083725291839937,21,281,0,4980.584571864642,17304,2649,14655,0.0,0.0,147,6.584571864642202,4974.0,10,22,False,{},{},{},{},0.0,0.0,0.0,0.0,0.0,0.0,0.0,0.0,0.0,0.0,0.0,0.0,0.0,0.0,Leave Event,0.0,"{'node_level': {}, 'link_level': {}, 'path_level': {}}","{'node_level': {}, 'link_level': {}, 'path_level': {}}","{'node_level': {}, 'link_level': {}, 'path_level': {}}",[],-inf,-inf,True,True,False,0,[],0,0.0,,,3
148,5,0,4572.0,8746.0,1874329.4436471285,3686921.1769874343,0.5227532586325178,0.5083725291839937,21,282,0,4990.710545382568,17304,2649,14655,0.0,0.0,145,82.71054538256782,4908.0,6,9,False,{},{},{},{},0.0,0.0,0.0,0.0,0.0,0.0,0.0,0.0,0.0,0.0,0.0,0.0,0.0,0.0,Leave Event,0.0,"{'node_level': {}, 'link_level': {}, 'path_level': {}}","{'node_level': {}, 'link_level': {}, 'path_level': {}}","{'node_level': {}, 'link_level': {}, 'path_level': {}}",[],-inf,-inf,True,True,False,0,[],0,0.0,,,3
149,5,0,4572.0,8746.0,1874329.4436471285,3686921.1769874343,0.5227532586325178,0.5083725291839937,21,283,1,5016.0,17304,2649,14655,0.0,0.0,148,1087.9075370070036,5016.0,10,25,False,"{0: np.int64(13), 1: np.int64(29), 2: np.int64(0), 3: np.int64(25), 4: np.int64(27), 5: np.int64(9), 6: np.int64(11), 7: np.int64(22), 8: np.int64(35), 9: np.int64(33)}","{(0, 1): [(np.int64(13), 2), (2, 29)], (0, 3): [(np.int64(13), 2), (2, 21), (21, 22), (22, 25)], (0, 4): [(np.int64(13), 2), (2, 21), (21, 23), (23, 27)], (0, 5): [(np.int64(13), 3), (3, 5), (5, 6), (6, 9)], (0, 6): [(np.int64(13), 14), (14, 12), (12, 0), (0, 4), (4, 7), (7, 11)], (0, 7): [(np.int64(13), 15), (15, 12), (12, 0), (0, 20), (20, 22)], (0, 9): [(np.int64(13), 15), (15, 12), (12, 0), (0, 28), (28, 30), (30, 33)], (1, 2): [(np.int64(29), 30), (30, 28), (28, 0)], (1, 3): [(np.int64(29), 3), (3, 21), (21, 22), (22, 25)], (1, 4): [(np.int64(29), 3), (3, 21), (21, 23), (23, 27)], (1, 7): [(np.int64(29), 30), (30, 28), (28, 0), (0, 20), (20, 22)], (2, 5): []}","{(0, np.int64(13)): {'cpu': 77}, (1, np.int64(29)): {'cpu': 54}, (2, np.int64(0)): {'cpu': 79}, (3, np.int64(25)): {'cpu': 36}, (4, np.int64(27)): {'cpu': 46}, (5, np.int64(9)): {'cpu': 44}, (6, np.int64(11)): {'cpu': 61}, (7, np.int64(22)): {'cpu': 55}, (8, np.int64(35)): {'cpu': 49}, (9, np.int64(33)): {'cpu': 39}}","{((0, 1), (np.int64(13), 2)): {'bw': 101}, ((0, 1), (2, 29)): {'bw': 101}, ((0, 3), (np.int64(13), 2)): {'bw': 77}, ((0, 3), (2, 21)): {'bw': 77}, ((0, 3), (21, 22)): {'bw': 77}, ((0, 3), (22, 25)): {'bw': 77}, ((0, 4), (np.int64(13), 2)): {'bw': 90}, ((0, 4), (2, 21)): {'bw': 90}, ((0, 4), (21, 23)): {'bw': 90}, ((0, 4), (23, 27)): {'bw': 90}, ((0, 5), (np.int64(13), 3)): {'bw': 135}, ((0, 5), (3, 5)): {'bw': 135}, ((0, 5), (5, 6)): {'bw': 135}, ((0, 5), (6, 9)): {'bw': 135}, ((0, 6), (np.int64(13), 14)): {'bw': 125}, ((0, 6), (14, 12)): {'bw': 125}, ((0, 6), (12, 0)): {'bw': 125}, ((0, 6), (0, 4)): {'bw': 125}, ((0, 6), (4, 7)): {'bw': 125}, ((0, 6), (7, 11)): {'bw': 125}, ((0, 7), (np.int64(13), 15)): {'bw': 102}, ((0, 7), (15, 12)): {'bw': 102}, ((0, 7), (12, 0)): {'bw': 102}, ((0, 7), (0, 20)): {'bw': 102}, ((0, 7), (20, 22)): {'bw': 102}, ((0, 9), (np.int64(13), 15)): {'bw': 89}, ((0, 9), (15, 12)): {'bw': 89}, ((0, 9), (12, 0)): {'bw': 89}, ((0, 9), (0, 28)): {'bw': 89}, ((0, 9), (28, 30)): {'bw': 89}, ((0, 9), (30, 33)): {'bw': 89}, ((1, 2), (np.int64(29), 30)): {'bw': 105}, ((1, 2), (30, 28)): {'bw': 105}, ((1, 2), (28, 0)): {'bw': 105}, ((1, 3), (np.int64(29), 3)): {'bw': 72}, ((1, 3), (3, 21)): {'bw': 72}, ((1, 3), (21, 22)): {'bw': 72}, ((1, 3), (22, 25)): {'bw': 72}, ((1, 4), (np.int64(29), 3)): {'bw': 92}, ((1, 4), (3, 21)): {'bw': 92}, ((1, 4), (21, 23)): {'bw': 92}, ((1, 4), (23, 27)): {'bw': 92}, ((1, 7), (np.int64(29), 30)): {'bw': 122}, ((1, 7), (30, 28)): {'bw': 122}, ((1, 7), (28, 0)): {'bw': 122}, ((1, 7), (0, 20)): {'bw': 122}, ((1, 7), (20, 22)): {'bw': 122}}",0.0,0.0,1080.0,540.0,2687.0,0.0,0.0,0.0,0.0,0.0,0.0,0.0,0.0,0.0,Route Failure,100.0,"{'node_level': {}, 'link_level': {}, 'path_level': {}}","{'node_level': {0: {'cpu': -5}, 1: {'cpu': -42}, 2: {'cpu': -13}, 3: {'cpu': -15}, 4: {'cpu': -9}, 5: {'cpu': -47}, 6: {'cpu': -10}, 7: {'cpu': -17}, 8: {'cpu': -44}, 9: {'cpu': -35}}, 'link_level': {(0, 1): {'bw': -218}, (0, 3): {'bw': -149}, (0, 4): {'bw': -59}, (0, 5): {'bw': -65}, (0, 6): {'bw': -76}, (0, 7): {'bw': -96}, (0, 9): {'bw': -7}, (1, 2): {'bw': -147}, (1, 3): {'bw': -126}, (1, 4): {'bw': -54}, (1, 7): {'bw': -25}, (2, 5): {'bw': 100.0}}, 'path_level': {(0, 1): {}, (0, 3): {}, (0, 4): {}, (0, 5): {}, (0, 6): {}, (0, 7): {}, (0, 9): {}, (1, 2): {}, (1, 3): {}, (1, 4): {}, (1, 7): {}, (2, 5): {}}}","{'node_level': {0: {'cpu': 0}, 1: {'cpu': 0}, 2: {'cpu': 0}, 3: {'cpu': 0}, 4: {'cpu': 0}, 5: {'cpu': 0}, 6: {'cpu': 0}, 7: {'cpu': 0}, 8: {'cpu': 0}, 9: {'cpu': 0}}, 'link_level': {(0, 1): {'bw': 0}, (0, 3): {'bw': 0}, (0, 4): {'bw': 0}, (0, 5): {'bw': 0}, (0, 6): {'bw': 0}, (0, 7): {'bw': 0}, (0, 9): {'bw': 0}, (1, 2): {'bw': 0}, (1, 3): {'bw': 0}, (1, 4): {'bw': 0}, (1, 7): {'bw': 0}, (2, 5): {'bw': 100.0}}, 'path_level': {(0, 1): {}, (0, 3): {}, (0, 4): {}, (0, 5): {}, (0, 6): {}, (0, 7): {}, (0, 9): {}, (1, 2): {}, (1, 3): {}, (1, 4): {}, (1, 7): {}, (2, 5): {}}}",[],-inf,-inf,True,False,False,0,[],0,0.0,10.0,12.0,3
150,5,0,4572.0,8746.0,1874329.4436471285,3686921.1769874343,0.5227532586325178,0.5083725291839937,21,284,1,5047.0,17304,2649,14655,0.0,0.0,149,172.8369644851894,5047.0,8,14,False,"{0: np.int64(19), 1: np.int64(34), 2: np.int64(12), 3: np.int64(3), 4: np.int64(7), 5: np.int64(35), 6: np.int64(14), 7: np.int64(18)}","{(0, 2): [(np.int64(19), 15), (15, 12)], (0, 3): [(np.int64(19), 15), (15, 13), (13, 3)], (0, 4): []}","{(0, np.int64(19)): {'cpu': 74}, (1, np.int64(34)): {'cpu': 47}, (2, np.int64(12)): {'cpu': 48}, (3, np.int64(3)): {'cpu': 58}, (4, np.int64(7)): {'cpu': 41}, (5, np.int64(35)): {'cpu': 61}, (6, np.int64(14)): {'cpu': 49}, (7, np.int64(18)): {'cpu': 62}}","{((0, 2), (np.int64(19), 15)): {'bw': 107}, ((0, 2), (15, 12)): {'bw': 107}, ((0, 3), (np.int64(19), 15)): {'bw': 147}, ((0, 3), (15, 13)): {'bw': 147}, ((0, 3), (13, 3)): {'bw': 147}}",0.0,0.0,880.0,440.0,1538.0,0.0,0.0,0.0,0.0,0.0,0.0,0.0,0.0,0.0,Route Failure,100.0,"{'node_level': {}, 'link_level': {}, 'path_level': {}}","{'node_level': {0: {'cpu': -2}, 1: {'cpu': -10}, 2: {'cpu': -40}, 3: {'cpu': 0}, 4: {'cpu': -19}, 5: {'cpu': -32}, 6: {'cpu': -21}, 7: {'cpu': -2}}, 'link_level': {(0, 2): {'bw': -192}, (0, 3): {'bw': -45}, (0, 4): {'bw': 100.0}}, 'path_level': {(0, 2): {}, (0, 3): {}, (0, 4): {}}}","{'node_level': {0: {'cpu': 0}, 1: {'cpu': 0}, 2: {'cpu': 0}, 3: {'cpu': 0}, 4: {'cpu': 0}, 5: {'cpu': 0}, 6: {'cpu': 0}, 7: {'cpu': 0}}, 'link_level': {(0, 2): {'bw': 0}, (0, 3): {'bw': 0}, (0, 4): {'bw': 100.0}}, 'path_level': {(0, 2): {}, (0, 3): {}, (0, 4): {}}}",[],-inf,-inf,True,False,False,0,[],0,0.0,8.0,3.0,3
151,6,1,5555.0,10905.0,2110732.9592182115,4206143.140484858,0.509399358092618,0.5018214760458436,22,285,1,5074.0,15145,2336,12809,0.11815779539448845,0.12596383486864549,150,240.4918774883856,5074.0,6,6,True,"{0: np.int64(12), 1: np.int64(21), 2: np.int64(27), 3: np.int64(2), 4: np.int64(29), 5: np.int64(22)}","{(0, 1): [(np.int64(12), 0), (0, 20), (20, 22), (22, 21)], (1, 2): [(np.int64(21), 23), (23, 27)], (1, 3): [(np.int64(21), 2)], (1, 5): [(np.int64(21), 22)], (2, 3): [(np.int64(27), 23), (23, 21), (21, 2)], (4, 5): [(np.int64(29), 30), (30, 28), (28, 0), (0, 20), (20, 22)]}","{(0, np.int64(12)): {'cpu': 32}, (1, np.int64(21)): {'cpu': 64}, (2, np.int64(27)): {'cpu': 52}, (3, np.int64(2)): {'cpu': 38}, (4, np.int64(29)): {'cpu': 70}, (5, np.int64(22)): {'cpu': 57}}","{((0, 1), (np.int64(12), 0)): {'bw': 135}, ((0, 1), (0, 20)): {'bw': 135}, ((0, 1), (20, 22)): {'bw': 135}, ((0, 1), (22, 21)): {'bw': 135}, ((1, 2), (np.int64(21), 23)): {'bw': 137}, ((1, 2), (23, 27)): {'bw': 137}, ((1, 3), (np.int64(21), 2)): {'bw': 69}, ((1, 5), (np.int64(21), 22)): {'bw': 120}, ((2, 3), (np.int64(27), 23)): {'bw': 101}, ((2, 3), (23, 21)): {'bw': 101}, ((2, 3), (21, 2)): {'bw': 101}, ((4, 5), (np.int64(29), 30)): {'bw': 108}, ((4, 5), (30, 28)): {'bw': 108}, ((4, 5), (28, 0)): {'bw': 108}, ((4, 5), (0, 20)): {'bw': 108}, ((4, 5), (20, 22)): {'bw': 108}}",2159.0,983.0,626.0,313.0,670.0,313.0,670.0,313.0,1846.0,1176.0,0.4553033811949977,519221.9634974245,236403.51557108303,109.4967649703951,Success,0.0,"{'node_level': {}, 'link_level': {}, 'path_level': {}}","{'node_level': {0: {'cpu': -56}, 1: {'cpu': -12}, 2: {'cpu': -3}, 3: {'cpu': -15}, 4: {'cpu': -26}, 5: {'cpu': -15}}, 'link_level': {(0, 1): {'bw': -144}, (1, 2): {'bw': -159}, (1, 3): {'bw': -159}, (1, 5): {'bw': -105}, (2, 3): {'bw': -58}, (4, 5): {'bw': -36}}, 'path_level': {(0, 1): {}, (1, 2): {}, (1, 3): {}, (1, 5): {}, (2, 3): {}, (4, 5): {}}}","{'node_level': {0: {'cpu': 0}, 1: {'cpu': 0}, 2: {'cpu': 0}, 3: {'cpu': 0}, 4: {'cpu': 0}, 5: {'cpu': 0}}, 'link_level': {(0, 1): {'bw': 0}, (1, 2): {'bw': 0}, (1, 3): {'bw': 0}, (1, 5): {'bw': 0}, (2, 3): {'bw': 0}, (4, 5): {'bw': 0}}, 'path_level': {(0, 1): {}, (1, 2): {}, (1, 3): {}, (1, 5): {}, (2, 3): {}, (4, 5): {}}}",[],-inf,-inf,True,True,False,0,[],0,0.0,6.0,6.0,3
151,6,1,5555.0,10905.0,2110732.9592182115,4206143.140484858,0.509399358092618,0.5018214760458436,22,286,0,5074.208773000168,15145,2336,12809,0.11815779539448845,0.12596383486864549,125,858.2087730001672,4216.0,10,17,False,{},{},{},{},0.0,0.0,0.0,0.0,0.0,0.0,0.0,0.0,0.0,0.0,0.0,0.0,0.0,0.0,Leave Event,0.0,"{'node_level': {}, 'link_level': {}, 'path_level': {}}","{'node_level': {}, 'link_level': {}, 'path_level': {}}","{'node_level': {}, 'link_level': {}, 'path_level': {}}",[],-inf,-inf,True,True,False,0,[],0,0.0,,,3
151,6,1,5555.0,10905.0,2110732.9592182115,4206143.140484858,0.509399358092618,0.5018214760458436,22,287,0,5108.694697861893,15145,2336,12809,0.11815779539448845,0.12596383486864549,144,245.69469786189242,4863.0,7,14,False,{},{},{},{},0.0,0.0,0.0,0.0,0.0,0.0,0.0,0.0,0.0,0.0,0.0,0.0,0.0,0.0,Leave Event,0.0,"{'node_level': {}, 'link_level': {}, 'path_level': {}}","{'node_level': {}, 'link_level': {}, 'path_level': {}}","{'node_level': {}, 'link_level': {}, 'path_level': {}}",[],-inf,-inf,True,True,False,0,[],0,0.0,,,3
152,6,1,5555.0,10905.0,2110732.9592182115,4206143.140484858,0.509399358092618,0.5018214760458436,22,288,1,5110.0,15145,2336,12809,0.11815779539448845,0.12596383486864549,151,1917.6502648004455,5110.0,10,22,False,"{0: np.int64(20), 1: np.int64(13), 2: np.int64(35), 3: np.int64(5), 4: np.int64(0), 5: np.int64(1), 6: np.int64(7), 7: np.int64(14), 8: np.int64(30), 9: np.int64(17)}","{(0, 3): [(np.int64(20), 1), (1, 4), (4, 6), (6, 5)], (0, 4): [(np.int64(20), 1), (1, 4), (4, 0)], (0, 8): []}","{(0, np.int64(20)): {'cpu': 60}, (1, np.int64(13)): {'cpu': 31}, (2, np.int64(35)): {'cpu': 67}, (3, np.int64(5)): {'cpu': 66}, (4, np.int64(0)): {'cpu': 66}, (5, np.int64(1)): {'cpu': 71}, (6, np.int64(7)): {'cpu': 30}, (7, np.int64(14)): {'cpu': 61}, (8, np.int64(30)): {'cpu': 30}, (9, np.int64(17)): {'cpu': 74}}","{((0, 3), (np.int64(20), 1)): {'bw': 122}, ((0, 3), (1, 4)): {'bw': 122}, ((0, 3), (4, 6)): {'bw': 122}, ((0, 3), (6, 5)): {'bw': 122}, ((0, 4), (np.int64(20), 1)): {'bw': 62}, ((0, 4), (1, 4)): {'bw': 62}, ((0, 4), (4, 0)): {'bw': 62}}",0.0,0.0,1112.0,556.0,2393.0,0.0,0.0,0.0,0.0,0.0,0.0,0.0,0.0,0.0,Route Failure,100.0,"{'node_level': {}, 'link_level': {}, 'path_level': {}}","{'node_level': {0: {'cpu': -7}, 1: {'cpu': -51}, 2: {'cpu': -26}, 3: {'cpu': -5}, 4: {'cpu': -26}, 5: {'cpu': -3}, 6: {'cpu': -30}, 7: {'cpu': -9}, 8: {'cpu': -53}, 9: {'cpu': -15}}, 'link_level': {(0, 3): {'bw': -115}, (0, 4): {'bw': -53}, (0, 8): {'bw': 100.0}}, 'path_level': {(0, 3): {}, (0, 4): {}, (0, 8): {}}}","{'node_level': {0: {'cpu': 0}, 1: {'cpu': 0}, 2: {'cpu': 0}, 3: {'cpu': 0}, 4: {'cpu': 0}, 5: {'cpu': 0}, 6: {'cpu': 0}, 7: {'cpu': 0}, 8: {'cpu': 0}, 9: {'cpu': 0}}, 'link_level': {(0, 3): {'bw': 0}, (0, 4): {'bw': 0}, (0, 8): {'bw': 100.0}}, 'path_level': {(0, 3): {}, (0, 4): {}, (0, 8): {}}}",[],-inf,-inf,True,False,False,0,[],0,0.0,10.0,3.0,3
152,6,1,5555.0,10905.0,2110732.9592182115,4206143.140484858,0.509399358092618,0.5018214760458436,22,289,0,5115.287807535021,15145,2336,12809,0.11815779539448845,0.12596383486864549,138,462.2878075350213,4653.0,8,14,False,{},{},{},{},0.0,0.0,0.0,0.0,0.0,0.0,0.0,0.0,0.0,0.0,0.0,0.0,0.0,0.0,Leave Event,0.0,"{'node_level': {}, 'link_level': {}, 'path_level': {}}","{'node_level': {}, 'link_level': {}, 'path_level': {}}","{'node_level': {}, 'link_level': {}, 'path_level': {}}",[],-inf,-inf,True,True,False,0,[],0,0.0,,,3
152,6,1,5555.0,10905.0,2110732.9592182115,4206143.140484858,0.509399358092618,0.5018214760458436,22,290,0,5132.915462217077,15145,2336,12809,0.11815779539448845,0.12596383486864549,136,539.9154622170771,4593.0,7,11,False,{},{},{},{},0.0,0.0,0.0,0.0,0.0,0.0,0.0,0.0,0.0,0.0,0.0,0.0,0.0,0.0,Leave Event,0.0,"{'node_level': {}, 'link_level': {}, 'path_level': {}}","{'node_level': {}, 'link_level': {}, 'path_level': {}}","{'node_level': {}, 'link_level': {}, 'path_level': {}}",[],-inf,-inf,True,True,False,0,[],0,0.0,,,3
153,6,1,5555.0,10905.0,2110732.9592182115,4206143.140484858,0.509399358092618,0.5018214760458436,22,291,1,5140.0,15145,2336,12809,0.11815779539448845,0.12596383486864549,152,286.9499344641283,5140.0,8,13,False,"{0: np.int64(25), 1: np.int64(15), 2: np.int64(0), 3: np.int64(35), 4: np.int64(33), 5: np.int64(11), 6: np.int64(9), 7: np.int64(18)}","{(0, 2): [(np.int64(25), 22), (22, 20), (20, 1), (1, 4), (4, 0)], (0, 5): []}","{(0, np.int64(25)): {'cpu': 37}, (1, np.int64(15)): {'cpu': 32}, (2, np.int64(0)): {'cpu': 61}, (3, np.int64(35)): {'cpu': 59}, (4, np.int64(33)): {'cpu': 37}, (5, np.int64(11)): {'cpu': 35}, (6, np.int64(9)): {'cpu': 32}, (7, np.int64(18)): {'cpu': 39}}","{((0, 2), (np.int64(25), 22)): {'bw': 76}, ((0, 2), (22, 20)): {'bw': 76}, ((0, 2), (20, 1)): {'bw': 76}, ((0, 2), (1, 4)): {'bw': 76}, ((0, 2), (4, 0)): {'bw': 76}}",0.0,0.0,664.0,332.0,1257.0,0.0,0.0,0.0,0.0,0.0,0.0,0.0,0.0,0.0,Route Failure,100.0,"{'node_level': {}, 'link_level': {}, 'path_level': {}}","{'node_level': {0: {'cpu': -14}, 1: {'cpu': -62}, 2: {'cpu': -31}, 3: {'cpu': -34}, 4: {'cpu': -37}, 5: {'cpu': -36}, 6: {'cpu': -59}, 7: {'cpu': -25}}, 'link_level': {(0, 2): {'bw': -25}, (0, 5): {'bw': 100.0}}, 'path_level': {(0, 2): {}, (0, 5): {}}}","{'node_level': {0: {'cpu': 0}, 1: {'cpu': 0}, 2: {'cpu': 0}, 3: {'cpu': 0}, 4: {'cpu': 0}, 5: {'cpu': 0}, 6: {'cpu': 0}, 7: {'cpu': 0}}, 'link_level': {(0, 2): {'bw': 0}, (0, 5): {'bw': 100.0}}, 'path_level': {(0, 2): {}, (0, 5): {}}}",[],-inf,-inf,True,False,False,0,[],0,0.0,8.0,2.0,3
153,6,1,5555.0,10905.0,2110732.9592182115,4206143.140484858,0.509399358092618,0.5018214760458436,22,292,0,5164.240142192372,15145,2336,12809,0.11815779539448845,0.12596383486864549,139,483.2401421923727,4681.0,10,30,False,{},{},{},{},0.0,0.0,0.0,0.0,0.0,0.0,0.0,0.0,0.0,0.0,0.0,0.0,0.0,0.0,Leave Event,0.0,"{'node_level': {}, 'link_level': {}, 'path_level': {}}","{'node_level': {}, 'link_level': {}, 'path_level': {}}","{'node_level': {}, 'link_level': {}, 'path_level': {}}",[],-inf,-inf,True,True,False,0,[],0,0.0,,,3
154,6,1,5555.0,10905.0,2110732.9592182115,4206143.140484858,0.509399358092618,0.5018214760458436,22,293,1,5172.0,15145,2336,12809,0.11815779539448845,0.12596383486864549,153,629.1827796674944,5172.0,6,7,False,"{0: np.int64(14), 1: np.int64(10), 2: np.int64(35), 3: np.int64(5), 4: np.int64(26), 5: np.int64(13)}","{(0, 1): [(np.int64(14), 12), (12, 0), (0, 4), (4, 7), (7, 10)], (0, 4): [(np.int64(14), 12), (12, 1), (1, 20), (20, 23), (23, 26)], (0, 5): [(np.int64(14), 13)], (1, 2): [(np.int64(10), 7), (7, 4), (4, 0), (0, 28), (28, 31), (31, 35)], (2, 3): []}","{(0, np.int64(14)): {'cpu': 57}, (1, np.int64(10)): {'cpu': 48}, (2, np.int64(35)): {'cpu': 65}, (3, np.int64(5)): {'cpu': 36}, (4, np.int64(26)): {'cpu': 60}, (5, np.int64(13)): {'cpu': 70}}","{((0, 1), (np.int64(14), 12)): {'bw': 67}, ((0, 1), (12, 0)): {'bw': 67}, ((0, 1), (0, 4)): {'bw': 67}, ((0, 1), (4, 7)): {'bw': 67}, ((0, 1), (7, 10)): {'bw': 67}, ((0, 4), (np.int64(14), 12)): {'bw': 131}, ((0, 4), (12, 1)): {'bw': 131}, ((0, 4), (1, 20)): {'bw': 131}, ((0, 4), (20, 23)): {'bw': 131}, ((0, 4), (23, 26)): {'bw': 131}, ((0, 5), (np.int64(14), 13)): {'bw': 148}, ((1, 2), (np.int64(10), 7)): {'bw': 144}, ((1, 2), (7, 4)): {'bw': 144}, ((1, 2), (4, 0)): {'bw': 144}, ((1, 2), (0, 28)): {'bw': 144}, ((1, 2), (28, 31)): {'bw': 144}, ((1, 2), (31, 35)): {'bw': 144}}",0.0,0.0,672.0,336.0,811.0,0.0,0.0,0.0,0.0,0.0,0.0,0.0,0.0,0.0,Route Failure,100.0,"{'node_level': {}, 'link_level': {}, 'path_level': {}}","{'node_level': {0: {'cpu': -13}, 1: {'cpu': -12}, 2: {'cpu': -28}, 3: {'cpu': -35}, 4: {'cpu': -16}, 5: {'cpu': -12}}, 'link_level': {(0, 1): {'bw': -121}, (0, 4): {'bw': -35}, (0, 5): {'bw': -53}, (1, 2): {'bw': -22}, (2, 3): {'bw': 100.0}}, 'path_level': {(0, 1): {}, (0, 4): {}, (0, 5): {}, (1, 2): {}, (2, 3): {}}}","{'node_level': {0: {'cpu': 0}, 1: {'cpu': 0}, 2: {'cpu': 0}, 3: {'cpu': 0}, 4: {'cpu': 0}, 5: {'cpu': 0}}, 'link_level': {(0, 1): {'bw': 0}, (0, 4): {'bw': 0}, (0, 5): {'bw': 0}, (1, 2): {'bw': 0}, (2, 3): {'bw': 100.0}}, 'path_level': {(0, 1): {}, (0, 4): {}, (0, 5): {}, (1, 2): {}, (2, 3): {}}}",[],-inf,-inf,True,False,False,0,[],0,0.0,6.0,5.0,3
155,6,1,5555.0,10905.0,2110732.9592182115,4206143.140484858,0.509399358092618,0.5018214760458436,22,294,1,5211.0,15145,2336,12809,0.11815779539448845,0.12596383486864549,154,265.8397536115622,5211.0,10,33,False,"{0: np.int64(33), 1: np.int64(5), 2: np.int64(16), 3: np.int64(35), 4: np.int64(10), 5: np.int64(3), 6: np.int64(8), 7: np.int64(26), 8: np.int64(31), 9: np.int64(0)}","{(0, 1): [(np.int64(33), 30), (30, 29), (29, 2), (2, 5)], (0, 3): [(np.int64(33), 30), (30, 28), (28, 31), (31, 35)], (0, 4): []}","{(0, np.int64(33)): {'cpu': 44}, (1, np.int64(5)): {'cpu': 52}, (2, np.int64(16)): {'cpu': 39}, (3, np.int64(35)): {'cpu': 56}, (4, np.int64(10)): {'cpu': 54}, (5, np.int64(3)): {'cpu': 45}, (6, np.int64(8)): {'cpu': 39}, (7, np.int64(26)): {'cpu': 72}, (8, np.int64(31)): {'cpu': 30}, (9, np.int64(0)): {'cpu': 74}}","{((0, 1), (np.int64(33), 30)): {'bw': 76}, ((0, 1), (30, 29)): {'bw': 76}, ((0, 1), (29, 2)): {'bw': 76}, ((0, 1), (2, 5)): {'bw': 76}, ((0, 3), (np.int64(33), 30)): {'bw': 129}, ((0, 3), (30, 28)): {'bw': 129}, ((0, 3), (28, 31)): {'bw': 129}, ((0, 3), (31, 35)): {'bw': 129}}",0.0,0.0,1010.0,505.0,3378.0,0.0,0.0,0.0,0.0,0.0,0.0,0.0,0.0,0.0,Route Failure,100.0,"{'node_level': {}, 'link_level': {}, 'path_level': {}}","{'node_level': {0: {'cpu': -30}, 1: {'cpu': -19}, 2: {'cpu': -40}, 3: {'cpu': -37}, 4: {'cpu': -6}, 5: {'cpu': -13}, 6: {'cpu': -54}, 7: {'cpu': -4}, 8: {'cpu': -49}, 9: {'cpu': -18}}, 'link_level': {(0, 1): {'bw': -157}, (0, 3): {'bw': -28}, (0, 4): {'bw': 100.0}}, 'path_level': {(0, 1): {}, (0, 3): {}, (0, 4): {}}}","{'node_level': {0: {'cpu': 0}, 1: {'cpu': 0}, 2: {'cpu': 0}, 3: {'cpu': 0}, 4: {'cpu': 0}, 5: {'cpu': 0}, 6: {'cpu': 0}, 7: {'cpu': 0}, 8: {'cpu': 0}, 9: {'cpu': 0}}, 'link_level': {(0, 1): {'bw': 0}, (0, 3): {'bw': 0}, (0, 4): {'bw': 100.0}}, 'path_level': {(0, 1): {}, (0, 3): {}, (0, 4): {}}}",[],-inf,-inf,True,False,False,0,[],0,0.0,10.0,3.0,3
155,6,1,5555.0,10905.0,2110732.9592182115,4206143.140484858,0.509399358092618,0.5018214760458436,22,295,0,5219.836964485189,15145,2336,12809,0.11815779539448845,0.12596383486864549,149,172.8369644851894,5047.0,8,14,False,{},{},{},{},0.0,0.0,0.0,0.0,0.0,0.0,0.0,0.0,0.0,0.0,0.0,0.0,0.0,0.0,Leave Event,0.0,"{'node_level': {}, 'link_level': {}, 'path_level': {}}","{'node_level': {}, 'link_level': {}, 'path_level': {}}","{'node_level': {}, 'link_level': {}, 'path_level': {}}",[],-inf,-inf,True,True,False,0,[],0,0.0,,,3
156,6,1,5555.0,10905.0,2110732.9592182115,4206143.140484858,0.509399358092618,0.5018214760458436,22,296,1,5232.0,15145,2336,12809,0.11815779539448845,0.12596383486864549,155,1224.0124821447935,5232.0,10,20,False,"{0: np.int64(31), 1: np.int64(13), 2: np.int64(32), 3: np.int64(9), 4: np.int64(0), 5: np.int64(35), 6: np.int64(1), 7: np.int64(16), 8: np.int64(17), 9: np.int64(26)}","{(0, 3): [(np.int64(31), 28), (28, 0), (0, 4), (4, 6), (6, 9)], (0, 8): [(np.int64(31), 28), (28, 0), (0, 12), (12, 14), (14, 17)], (1, 3): [(np.int64(13), 2), (2, 5), (5, 6), (6, 9)], (1, 5): [(np.int64(13), 2), (2, 29), (29, 31), (31, 35)], (1, 6): [(np.int64(13), 14), (14, 12), (12, 1)], (1, 7): [(np.int64(13), 14), (14, 16)], (1, 9): [(np.int64(13), 3), (3, 21), (21, 23), (23, 26)], (2, 3): [(np.int64(32), 30), (30, 28), (28, 1), (1, 4), (4, 6), (6, 9)], (2, 6): [(np.int64(32), 30), (30, 28), (28, 1)], (2, 7): []}","{(0, np.int64(31)): {'cpu': 76}, (1, np.int64(13)): {'cpu': 68}, (2, np.int64(32)): {'cpu': 31}, (3, np.int64(9)): {'cpu': 78}, (4, np.int64(0)): {'cpu': 65}, (5, np.int64(35)): {'cpu': 58}, (6, np.int64(1)): {'cpu': 73}, (7, np.int64(16)): {'cpu': 53}, (8, np.int64(17)): {'cpu': 61}, (9, np.int64(26)): {'cpu': 39}}","{((0, 3), (np.int64(31), 28)): {'bw': 109}, ((0, 3), (28, 0)): {'bw': 109}, ((0, 3), (0, 4)): {'bw': 109}, ((0, 3), (4, 6)): {'bw': 109}, ((0, 3), (6, 9)): {'bw': 109}, ((0, 8), (np.int64(31), 28)): {'bw': 128}, ((0, 8), (28, 0)): {'bw': 128}, ((0, 8), (0, 12)): {'bw': 128}, ((0, 8), (12, 14)): {'bw': 128}, ((0, 8), (14, 17)): {'bw': 128}, ((1, 3), (np.int64(13), 2)): {'bw': 134}, ((1, 3), (2, 5)): {'bw': 134}, ((1, 3), (5, 6)): {'bw': 134}, ((1, 3), (6, 9)): {'bw': 134}, ((1, 5), (np.int64(13), 2)): {'bw': 105}, ((1, 5), (2, 29)): {'bw': 105}, ((1, 5), (29, 31)): {'bw': 105}, ((1, 5), (31, 35)): {'bw': 105}, ((1, 6), (np.int64(13), 14)): {'bw': 102}, ((1, 6), (14, 12)): {'bw': 102}, ((1, 6), (12, 1)): {'bw': 102}, ((1, 7), (np.int64(13), 14)): {'bw': 70}, ((1, 7), (14, 16)): {'bw': 70}, ((1, 9), (np.int64(13), 3)): {'bw': 106}, ((1, 9), (3, 21)): {'bw': 106}, ((1, 9), (21, 23)): {'bw': 106}, ((1, 9), (23, 26)): {'bw': 106}, ((2, 3), (np.int64(32), 30)): {'bw': 66}, ((2, 3), (30, 28)): {'bw': 66}, ((2, 3), (28, 1)): {'bw': 66}, ((2, 3), (1, 4)): {'bw': 66}, ((2, 3), (4, 6)): {'bw': 66}, ((2, 3), (6, 9)): {'bw': 66}, ((2, 6), (np.int64(32), 30)): {'bw': 106}, ((2, 6), (30, 28)): {'bw': 106}, ((2, 6), (28, 1)): {'bw': 106}}",0.0,0.0,1204.0,602.0,2011.0,0.0,0.0,0.0,0.0,0.0,0.0,0.0,0.0,0.0,Route Failure,100.0,"{'node_level': {}, 'link_level': {}, 'path_level': {}}","{'node_level': {0: {'cpu': -3}, 1: {'cpu': -14}, 2: {'cpu': -61}, 3: {'cpu': -13}, 4: {'cpu': -27}, 5: {'cpu': -35}, 6: {'cpu': -1}, 7: {'cpu': -26}, 8: {'cpu': -28}, 9: {'cpu': -37}}, 'link_level': {(0, 3): {'bw': -124}, (0, 8): {'bw': -31}, (1, 3): {'bw': -156}, (1, 5): {'bw': -88}, (1, 6): {'bw': -3}, (1, 7): {'bw': -29}, (1, 9): {'bw': 0}, (2, 3): {'bw': -90}, (2, 6): {'bw': -61}, (2, 7): {'bw': 100.0}}, 'path_level': {(0, 3): {}, (0, 8): {}, (1, 3): {}, (1, 5): {}, (1, 6): {}, (1, 7): {}, (1, 9): {}, (2, 3): {}, (2, 6): {}, (2, 7): {}}}","{'node_level': {0: {'cpu': 0}, 1: {'cpu': 0}, 2: {'cpu': 0}, 3: {'cpu': 0}, 4: {'cpu': 0}, 5: {'cpu': 0}, 6: {'cpu': 0}, 7: {'cpu': 0}, 8: {'cpu': 0}, 9: {'cpu': 0}}, 'link_level': {(0, 3): {'bw': 0}, (0, 8): {'bw': 0}, (1, 3): {'bw': 0}, (1, 5): {'bw': 0}, (1, 6): {'bw': 0}, (1, 7): {'bw': 0}, (1, 9): {'bw': 0}, (2, 3): {'bw': 0}, (2, 6): {'bw': 0}, (2, 7): {'bw': 100.0}}, 'path_level': {(0, 3): {}, (0, 8): {}, (1, 3): {}, (1, 5): {}, (1, 6): {}, (1, 7): {}, (1, 9): {}, (2, 3): {}, (2, 6): {}, (2, 7): {}}}",[],-inf,-inf,True,False,False,0,[],0,0.0,10.0,10.0,3
157,6,1,5555.0,10905.0,2110732.9592182115,4206143.140484858,0.509399358092618,0.5018214760458436,22,297,1,5264.0,15145,2336,12809,0.11815779539448845,0.12596383486864549,156,635.5738418425525,5264.0,7,15,False,"{0: np.int64(34), 1: np.int64(4), 2: np.int64(32), 3: np.int64(1), 4: np.int64(17), 5: np.int64(13), 6: np.int64(28)}","{(0, 1): [(np.int64(34), 31), (31, 28), (28, 0), (0, 4)], (0, 3): [(np.int64(34), 31), (31, 28), (28, 1)], (0, 4): []}","{(0, np.int64(34)): {'cpu': 32}, (1, np.int64(4)): {'cpu': 32}, (2, np.int64(32)): {'cpu': 50}, (3, np.int64(1)): {'cpu': 67}, (4, np.int64(17)): {'cpu': 49}, (5, np.int64(13)): {'cpu': 66}, (6, np.int64(28)): {'cpu': 46}}","{((0, 1), (np.int64(34), 31)): {'bw': 113}, ((0, 1), (31, 28)): {'bw': 113}, ((0, 1), (28, 0)): {'bw': 113}, ((0, 1), (0, 4)): {'bw': 113}, ((0, 3), (np.int64(34), 31)): {'bw': 107}, ((0, 3), (31, 28)): {'bw': 107}, ((0, 3), (28, 1)): {'bw': 107}}",0.0,0.0,684.0,342.0,1758.0,0.0,0.0,0.0,0.0,0.0,0.0,0.0,0.0,0.0,Route Failure,100.0,"{'node_level': {}, 'link_level': {}, 'path_level': {}}","{'node_level': {0: {'cpu': -25}, 1: {'cpu': -18}, 2: {'cpu': -42}, 3: {'cpu': -7}, 4: {'cpu': -40}, 5: {'cpu': -16}, 6: {'cpu': -44}}, 'link_level': {(0, 1): {'bw': -120}, (0, 3): {'bw': -32}, (0, 4): {'bw': 100.0}}, 'path_level': {(0, 1): {}, (0, 3): {}, (0, 4): {}}}","{'node_level': {0: {'cpu': 0}, 1: {'cpu': 0}, 2: {'cpu': 0}, 3: {'cpu': 0}, 4: {'cpu': 0}, 5: {'cpu': 0}, 6: {'cpu': 0}}, 'link_level': {(0, 1): {'bw': 0}, (0, 3): {'bw': 0}, (0, 4): {'bw': 100.0}}, 'path_level': {(0, 1): {}, (0, 3): {}, (0, 4): {}}}",[],-inf,-inf,True,False,False,0,[],0,0.0,7.0,3.0,3
157,6,1,5555.0,10905.0,2110732.9592182115,4206143.140484858,0.509399358092618,0.5018214760458436,22,298,0,5282.762835808444,15145,2336,12809,0.11815779539448845,0.12596383486864549,113,1455.7628358084437,3827.0,8,19,False,{},{},{},{},0.0,0.0,0.0,0.0,0.0,0.0,0.0,0.0,0.0,0.0,0.0,0.0,0.0,0.0,Leave Event,0.0,"{'node_level': {}, 'link_level': {}, 'path_level': {}}","{'node_level': {}, 'link_level': {}, 'path_level': {}}","{'node_level': {}, 'link_level': {}, 'path_level': {}}",[],-inf,-inf,True,True,False,0,[],0,0.0,,,3
158,6,1,5555.0,10905.0,2110732.9592182115,4206143.140484858,0.509399358092618,0.5018214760458436,22,299,1,5298.0,15145,2336,12809,0.11815779539448845,0.12596383486864549,157,327.6288577500364,5298.0,10,26,False,"{0: np.int64(4), 1: np.int64(32), 2: np.int64(0), 3: np.int64(35), 4: np.int64(23), 5: np.int64(13), 6: np.int64(28), 7: np.int64(30), 8: np.int64(26), 9: np.int64(17)}","{(0, 2): [(np.int64(4), 0)], (0, 3): [(np.int64(4), 0), (0, 28), (28, 31), (31, 35)], (0, 4): [(np.int64(4), 1), (1, 20), (20, 23)], (0, 5): [(np.int64(4), 1), (1, 12), (12, 14), (14, 13)], (1, 2): [(np.int64(32), 30), (30, 28), (28, 0)], (1, 4): [(np.int64(32), 30), (30, 28), (28, 1), (1, 20), (20, 23)], (1, 5): [(np.int64(32), 30), (30, 29), (29, 2), (2, 13)], (1, 6): []}","{(0, np.int64(4)): {'cpu': 30}, (1, np.int64(32)): {'cpu': 34}, (2, np.int64(0)): {'cpu': 79}, (3, np.int64(35)): {'cpu': 77}, (4, np.int64(23)): {'cpu': 41}, (5, np.int64(13)): {'cpu': 69}, (6, np.int64(28)): {'cpu': 52}, (7, np.int64(30)): {'cpu': 40}, (8, np.int64(26)): {'cpu': 51}, (9, np.int64(17)): {'cpu': 53}}","{((0, 2), (np.int64(4), 0)): {'bw': 86}, ((0, 3), (np.int64(4), 0)): {'bw': 77}, ((0, 3), (0, 28)): {'bw': 77}, ((0, 3), (28, 31)): {'bw': 77}, ((0, 3), (31, 35)): {'bw': 77}, ((0, 4), (np.int64(4), 1)): {'bw': 105}, ((0, 4), (1, 20)): {'bw': 105}, ((0, 4), (20, 23)): {'bw': 105}, ((0, 5), (np.int64(4), 1)): {'bw': 111}, ((0, 5), (1, 12)): {'bw': 111}, ((0, 5), (12, 14)): {'bw': 111}, ((0, 5), (14, 13)): {'bw': 111}, ((1, 2), (np.int64(32), 30)): {'bw': 60}, ((1, 2), (30, 28)): {'bw': 60}, ((1, 2), (28, 0)): {'bw': 60}, ((1, 4), (np.int64(32), 30)): {'bw': 98}, ((1, 4), (30, 28)): {'bw': 98}, ((1, 4), (28, 1)): {'bw': 98}, ((1, 4), (1, 20)): {'bw': 98}, ((1, 4), (20, 23)): {'bw': 98}, ((1, 5), (np.int64(32), 30)): {'bw': 142}, ((1, 5), (30, 29)): {'bw': 142}, ((1, 5), (29, 2)): {'bw': 142}, ((1, 5), (2, 13)): {'bw': 142}}",0.0,0.0,1052.0,526.0,2726.0,0.0,0.0,0.0,0.0,0.0,0.0,0.0,0.0,0.0,Route Failure,100.0,"{'node_level': {}, 'link_level': {}, 'path_level': {}}","{'node_level': {0: {'cpu': -20}, 1: {'cpu': -58}, 2: {'cpu': -13}, 3: {'cpu': -16}, 4: {'cpu': -11}, 5: {'cpu': -13}, 6: {'cpu': -38}, 7: {'cpu': -43}, 8: {'cpu': -25}, 9: {'cpu': -36}}, 'link_level': {(0, 2): {'bw': -147}, (0, 3): {'bw': -70}, (0, 4): {'bw': -132}, (0, 5): {'bw': -21}, (1, 2): {'bw': -131}, (1, 4): {'bw': -75}, (1, 5): {'bw': -89}, (1, 6): {'bw': 100.0}}, 'path_level': {(0, 2): {}, (0, 3): {}, (0, 4): {}, (0, 5): {}, (1, 2): {}, (1, 4): {}, (1, 5): {}, (1, 6): {}}}","{'node_level': {0: {'cpu': 0}, 1: {'cpu': 0}, 2: {'cpu': 0}, 3: {'cpu': 0}, 4: {'cpu': 0}, 5: {'cpu': 0}, 6: {'cpu': 0}, 7: {'cpu': 0}, 8: {'cpu': 0}, 9: {'cpu': 0}}, 'link_level': {(0, 2): {'bw': 0}, (0, 3): {'bw': 0}, (0, 4): {'bw': 0}, (0, 5): {'bw': 0}, (1, 2): {'bw': 0}, (1, 4): {'bw': 0}, (1, 5): {'bw': 0}, (1, 6): {'bw': 100.0}}, 'path_level': {(0, 2): {}, (0, 3): {}, (0, 4): {}, (0, 5): {}, (1, 2): {}, (1, 4): {}, (1, 5): {}, (1, 6): {}}}",[],-inf,-inf,True,False,False,0,[],0,0.0,10.0,8.0,3
158,6,1,5555.0,10905.0,2110732.9592182115,4206143.140484858,0.509399358092618,0.5018214760458436,22,300,0,5307.506451086928,15145,2336,12809,0.11815779539448845,0.12596383486864549,140,598.5064510869279,4709.0,10,25,False,{},{},{},{},0.0,0.0,0.0,0.0,0.0,0.0,0.0,0.0,0.0,0.0,0.0,0.0,0.0,0.0,Leave Event,0.0,"{'node_level': {}, 'link_level': {}, 'path_level': {}}","{'node_level': {}, 'link_level': {}, 'path_level': {}}","{'node_level': {}, 'link_level': {}, 'path_level': {}}",[],-inf,-inf,True,True,False,0,[],0,0.0,,,3
158,6,0,5555.0,10905.0,2110732.9592182115,4206143.140484858,0.509399358092618,0.5018214760458436,22,301,0,5314.491877488385,17304,2649,14655,0.0,0.0,150,240.4918774883856,5074.0,6,6,False,{},{},{},{},0.0,0.0,0.0,0.0,0.0,0.0,0.0,0.0,0.0,0.0,0.0,0.0,0.0,0.0,Leave Event,0.0,"{'node_level': {}, 'link_level': {}, 'path_level': {}}","{'node_level': {}, 'link_level': {}, 'path_level': {}}","{'node_level': {}, 'link_level': {}, 'path_level': {}}",[],-inf,-inf,True,True,False,0,[],0,0.0,,,3
159,6,0,5555.0,10905.0,2110732.9592182115,4206143.140484858,0.509399358092618,0.5018214760458436,22,302,1,5329.0,17304,2649,14655,0.0,0.0,158,43.990459231071796,5329.0,6,10,False,"{0: np.int64(0), 1: np.int64(14), 2: np.int64(18), 3: np.int64(13), 4: np.int64(9), 5: np.int64(10)}","{(0, 2): [(np.int64(0), 12), (12, 15), (15, 18)], (0, 3): [(np.int64(0), 12), (12, 14), (14, 13)], (1, 2): [(np.int64(14), 12), (12, 15), (15, 18)], (1, 3): [(np.int64(14), 13)], (1, 4): []}","{(0, np.int64(0)): {'cpu': 68}, (1, np.int64(14)): {'cpu': 60}, (2, np.int64(18)): {'cpu': 35}, (3, np.int64(13)): {'cpu': 33}, (4, np.int64(9)): {'cpu': 43}, (5, np.int64(10)): {'cpu': 54}}","{((0, 2), (np.int64(0), 12)): {'bw': 61}, ((0, 2), (12, 15)): {'bw': 61}, ((0, 2), (15, 18)): {'bw': 61}, ((0, 3), (np.int64(0), 12)): {'bw': 71}, ((0, 3), (12, 14)): {'bw': 71}, ((0, 3), (14, 13)): {'bw': 71}, ((1, 2), (np.int64(14), 12)): {'bw': 129}, ((1, 2), (12, 15)): {'bw': 129}, ((1, 2), (15, 18)): {'bw': 129}, ((1, 3), (np.int64(14), 13)): {'bw': 96}}",0.0,0.0,586.0,293.0,915.0,0.0,0.0,0.0,0.0,0.0,0.0,0.0,0.0,0.0,Route Failure,100.0,"{'node_level': {}, 'link_level': {}, 'path_level': {}}","{'node_level': {0: {'cpu': -24}, 1: {'cpu': -10}, 2: {'cpu': -29}, 3: {'cpu': -49}, 4: {'cpu': -48}, 5: {'cpu': -6}}, 'link_level': {(0, 2): {'bw': -252}, (0, 3): {'bw': -130}, (1, 2): {'bw': -33}, (1, 3): {'bw': -34}, (1, 4): {'bw': 100.0}}, 'path_level': {(0, 2): {}, (0, 3): {}, (1, 2): {}, (1, 3): {}, (1, 4): {}}}","{'node_level': {0: {'cpu': 0}, 1: {'cpu': 0}, 2: {'cpu': 0}, 3: {'cpu': 0}, 4: {'cpu': 0}, 5: {'cpu': 0}}, 'link_level': {(0, 2): {'bw': 0}, (0, 3): {'bw': 0}, (1, 2): {'bw': 0}, (1, 3): {'bw': 0}, (1, 4): {'bw': 100.0}}, 'path_level': {(0, 2): {}, (0, 3): {}, (1, 2): {}, (1, 3): {}, (1, 4): {}}}",[],-inf,-inf,True,False,False,0,[],0,0.0,6.0,5.0,3
160,6,0,5555.0,10905.0,2110732.9592182115,4206143.140484858,0.509399358092618,0.5018214760458436,22,303,1,5357.0,17304,2649,14655,0.0,0.0,159,225.99060088364624,5357.0,10,17,False,"{0: np.int64(6), 1: np.int64(0), 2: np.int64(16), 3: np.int64(15), 4: np.int64(14), 5: np.int64(29), 6: np.int64(31), 7: np.int64(8), 8: np.int64(25), 9: np.int64(26)}","{(0, 1): [(np.int64(6), 4), (4, 0)], (0, 2): [(np.int64(6), 4), (4, 1), (1, 12), (12, 14), (14, 16)], (0, 4): [(np.int64(6), 5), (5, 2), (2, 13), (13, 14)], (0, 5): [(np.int64(6), 5), (5, 2), (2, 29)], (0, 8): []}","{(0, np.int64(6)): {'cpu': 32}, (1, np.int64(0)): {'cpu': 61}, (2, np.int64(16)): {'cpu': 66}, (3, np.int64(15)): {'cpu': 59}, (4, np.int64(14)): {'cpu': 49}, (5, np.int64(29)): {'cpu': 76}, (6, np.int64(31)): {'cpu': 75}, (7, np.int64(8)): {'cpu': 75}, (8, np.int64(25)): {'cpu': 32}, (9, np.int64(26)): {'cpu': 36}}","{((0, 1), (np.int64(6), 4)): {'bw': 141}, ((0, 1), (4, 0)): {'bw': 141}, ((0, 2), (np.int64(6), 4)): {'bw': 145}, ((0, 2), (4, 1)): {'bw': 145}, ((0, 2), (1, 12)): {'bw': 145}, ((0, 2), (12, 14)): {'bw': 145}, ((0, 2), (14, 16)): {'bw': 145}, ((0, 4), (np.int64(6), 5)): {'bw': 145}, ((0, 4), (5, 2)): {'bw': 145}, ((0, 4), (2, 13)): {'bw': 145}, ((0, 4), (13, 14)): {'bw': 145}, ((0, 5), (np.int64(6), 5)): {'bw': 148}, ((0, 5), (5, 2)): {'bw': 148}, ((0, 5), (2, 29)): {'bw': 148}}",0.0,0.0,1122.0,561.0,2021.0,0.0,0.0,0.0,0.0,0.0,0.0,0.0,0.0,0.0,Route Failure,100.0,"{'node_level': {}, 'link_level': {}, 'path_level': {}}","{'node_level': {0: {'cpu': -37}, 1: {'cpu': -31}, 2: {'cpu': -13}, 3: {'cpu': -35}, 4: {'cpu': -21}, 5: {'cpu': -20}, 6: {'cpu': -4}, 7: {'cpu': -18}, 8: {'cpu': -19}, 9: {'cpu': -40}}, 'link_level': {(0, 1): {'bw': -92}, (0, 2): {'bw': -30}, (0, 4): {'bw': -56}, (0, 5): {'bw': -56}, (0, 8): {'bw': 100.0}}, 'path_level': {(0, 1): {}, (0, 2): {}, (0, 4): {}, (0, 5): {}, (0, 8): {}}}","{'node_level': {0: {'cpu': 0}, 1: {'cpu': 0}, 2: {'cpu': 0}, 3: {'cpu': 0}, 4: {'cpu': 0}, 5: {'cpu': 0}, 6: {'cpu': 0}, 7: {'cpu': 0}, 8: {'cpu': 0}, 9: {'cpu': 0}}, 'link_level': {(0, 1): {'bw': 0}, (0, 2): {'bw': 0}, (0, 4): {'bw': 0}, (0, 5): {'bw': 0}, (0, 8): {'bw': 100.0}}, 'path_level': {(0, 1): {}, (0, 2): {}, (0, 4): {}, (0, 5): {}, (0, 8): {}}}",[],-inf,-inf,True,False,False,0,[],0,0.0,10.0,5.0,3
160,6,0,5555.0,10905.0,2110732.9592182115,4206143.140484858,0.509399358092618,0.5018214760458436,22,304,0,5372.990459231072,17304,2649,14655,0.0,0.0,158,43.990459231071796,5329.0,6,10,False,{},{},{},{},0.0,0.0,0.0,0.0,0.0,0.0,0.0,0.0,0.0,0.0,0.0,0.0,0.0,0.0,Leave Event,0.0,"{'node_level': {}, 'link_level': {}, 'path_level': {}}","{'node_level': {}, 'link_level': {}, 'path_level': {}}","{'node_level': {}, 'link_level': {}, 'path_level': {}}",[],-inf,-inf,True,True,False,0,[],0,0.0,,,3
161,6,0,5555.0,10905.0,2110732.9592182115,4206143.140484858,0.509399358092618,0.5018214760458436,22,305,1,5381.0,17304,2649,14655,0.0,0.0,160,337.2674369299655,5381.0,6,8,False,"{0: np.int64(9), 1: np.int64(5), 2: np.int64(35), 3: np.int64(31), 4: np.int64(15), 5: np.int64(6)}","{(0, 1): [(np.int64(9), 6), (6, 5)], (0, 3): [(np.int64(9), 6), (6, 4), (4, 0), (0, 28), (28, 31)], (0, 4): [(np.int64(9), 6), (6, 4), (4, 1), (1, 12), (12, 15)], (0, 5): []}","{(0, np.int64(9)): {'cpu': 62}, (1, np.int64(5)): {'cpu': 46}, (2, np.int64(35)): {'cpu': 37}, (3, np.int64(31)): {'cpu': 60}, (4, np.int64(15)): {'cpu': 61}, (5, np.int64(6)): {'cpu': 51}}","{((0, 1), (np.int64(9), 6)): {'bw': 92}, ((0, 1), (6, 5)): {'bw': 92}, ((0, 3), (np.int64(9), 6)): {'bw': 132}, ((0, 3), (6, 4)): {'bw': 132}, ((0, 3), (4, 0)): {'bw': 132}, ((0, 3), (0, 28)): {'bw': 132}, ((0, 3), (28, 31)): {'bw': 132}, ((0, 4), (np.int64(9), 6)): {'bw': 111}, ((0, 4), (6, 4)): {'bw': 111}, ((0, 4), (4, 1)): {'bw': 111}, ((0, 4), (1, 12)): {'bw': 111}, ((0, 4), (12, 15)): {'bw': 111}}",0.0,0.0,634.0,317.0,829.0,0.0,0.0,0.0,0.0,0.0,0.0,0.0,0.0,0.0,Route Failure,100.0,"{'node_level': {}, 'link_level': {}, 'path_level': {}}","{'node_level': {0: {'cpu': -29}, 1: {'cpu': -25}, 2: {'cpu': -56}, 3: {'cpu': -19}, 4: {'cpu': -33}, 5: {'cpu': -18}}, 'link_level': {(0, 1): {'bw': -273}, (0, 3): {'bw': -101}, (0, 4): {'bw': -64}, (0, 5): {'bw': 100.0}}, 'path_level': {(0, 1): {}, (0, 3): {}, (0, 4): {}, (0, 5): {}}}","{'node_level': {0: {'cpu': 0}, 1: {'cpu': 0}, 2: {'cpu': 0}, 3: {'cpu': 0}, 4: {'cpu': 0}, 5: {'cpu': 0}}, 'link_level': {(0, 1): {'bw': 0}, (0, 3): {'bw': 0}, (0, 4): {'bw': 0}, (0, 5): {'bw': 100.0}}, 'path_level': {(0, 1): {}, (0, 3): {}, (0, 4): {}, (0, 5): {}}}",[],-inf,-inf,True,False,False,0,[],0,0.0,6.0,4.0,3
162,6,0,5555.0,10905.0,2110732.9592182115,4206143.140484858,0.509399358092618,0.5018214760458436,22,306,1,5416.0,17304,2649,14655,0.0,0.0,161,166.94272104645393,5416.0,6,11,False,"{0: np.int64(32), 1: np.int64(35), 2: np.int64(22), 3: np.int64(4), 4: np.int64(33), 5: np.int64(16)}","{(0, 1): [(np.int64(32), 30), (30, 28), (28, 31), (31, 35)], (0, 2): [(np.int64(32), 30), (30, 28), (28, 0), (0, 20), (20, 22)], (0, 4): [(np.int64(32), 30), (30, 33)], (1, 2): [(np.int64(35), 31), (31, 28), (28, 0), (0, 20), (20, 22)], (1, 3): []}","{(0, np.int64(32)): {'cpu': 44}, (1, np.int64(35)): {'cpu': 46}, (2, np.int64(22)): {'cpu': 37}, (3, np.int64(4)): {'cpu': 30}, (4, np.int64(33)): {'cpu': 54}, (5, np.int64(16)): {'cpu': 49}}","{((0, 1), (np.int64(32), 30)): {'bw': 114}, ((0, 1), (30, 28)): {'bw': 114}, ((0, 1), (28, 31)): {'bw': 114}, ((0, 1), (31, 35)): {'bw': 114}, ((0, 2), (np.int64(32), 30)): {'bw': 97}, ((0, 2), (30, 28)): {'bw': 97}, ((0, 2), (28, 0)): {'bw': 97}, ((0, 2), (0, 20)): {'bw': 97}, ((0, 2), (20, 22)): {'bw': 97}, ((0, 4), (np.int64(32), 30)): {'bw': 144}, ((0, 4), (30, 33)): {'bw': 144}, ((1, 2), (np.int64(35), 31)): {'bw': 75}, ((1, 2), (31, 28)): {'bw': 75}, ((1, 2), (28, 0)): {'bw': 75}, ((1, 2), (0, 20)): {'bw': 75}, ((1, 2), (20, 22)): {'bw': 75}}",0.0,0.0,520.0,260.0,1127.0,0.0,0.0,0.0,0.0,0.0,0.0,0.0,0.0,0.0,Route Failure,100.0,"{'node_level': {}, 'link_level': {}, 'path_level': {}}","{'node_level': {0: {'cpu': -48}, 1: {'cpu': -47}, 2: {'cpu': -35}, 3: {'cpu': -20}, 4: {'cpu': -20}, 5: {'cpu': -30}}, 'link_level': {(0, 1): {'bw': -88}, (0, 2): {'bw': -130}, (0, 4): {'bw': -34}, (1, 2): {'bw': -13}, (1, 3): {'bw': 100.0}}, 'path_level': {(0, 1): {}, (0, 2): {}, (0, 4): {}, (1, 2): {}, (1, 3): {}}}","{'node_level': {0: {'cpu': 0}, 1: {'cpu': 0}, 2: {'cpu': 0}, 3: {'cpu': 0}, 4: {'cpu': 0}, 5: {'cpu': 0}}, 'link_level': {(0, 1): {'bw': 0}, (0, 2): {'bw': 0}, (0, 4): {'bw': 0}, (1, 2): {'bw': 0}, (1, 3): {'bw': 100.0}}, 'path_level': {(0, 1): {}, (0, 2): {}, (0, 4): {}, (1, 2): {}, (1, 3): {}}}",[],-inf,-inf,True,False,False,0,[],0,0.0,6.0,5.0,3
162,6,0,5555.0,10905.0,2110732.9592182115,4206143.140484858,0.509399358092618,0.5018214760458436,22,307,0,5426.949934464128,17304,2649,14655,0.0,0.0,152,286.9499344641283,5140.0,8,13,False,{},{},{},{},0.0,0.0,0.0,0.0,0.0,0.0,0.0,0.0,0.0,0.0,0.0,0.0,0.0,0.0,Leave Event,0.0,"{'node_level': {}, 'link_level': {}, 'path_level': {}}","{'node_level': {}, 'link_level': {}, 'path_level': {}}","{'node_level': {}, 'link_level': {}, 'path_level': {}}",[],-inf,-inf,True,True,False,0,[],0,0.0,,,3
163,6,0,5555.0,10905.0,2110732.9592182115,4206143.140484858,0.509399358092618,0.5018214760458436,22,308,1,5446.0,17304,2649,14655,0.0,0.0,162,382.47253702943124,5446.0,7,15,False,"{0: np.int64(20), 1: np.int64(23), 2: np.int64(32), 3: np.int64(5), 4: np.int64(0), 5: np.int64(34), 6: np.int64(15)}","{(0, 3): [(np.int64(20), 0), (0, 4), (4, 6), (6, 5)], (0, 5): [(np.int64(20), 0), (0, 28), (28, 31), (31, 34)], (0, 6): [(np.int64(20), 1), (1, 12), (12, 15)], (1, 2): [(np.int64(23), 20), (20, 0), (0, 28), (28, 30), (30, 32)], (1, 3): [(np.int64(23), 21), (21, 2), (2, 5)], (1, 5): [(np.int64(23), 20), (20, 1), (1, 28), (28, 31), (31, 34)], (1, 6): [(np.int64(23), 21), (21, 2), (2, 13), (13, 15)], (2, 4): [(np.int64(32), 30), (30, 28), (28, 0)], (2, 5): [(np.int64(32), 30), (30, 28), (28, 31), (31, 34)], (2, 6): []}","{(0, np.int64(20)): {'cpu': 45}, (1, np.int64(23)): {'cpu': 45}, (2, np.int64(32)): {'cpu': 73}, (3, np.int64(5)): {'cpu': 62}, (4, np.int64(0)): {'cpu': 71}, (5, np.int64(34)): {'cpu': 38}, (6, np.int64(15)): {'cpu': 63}}","{((0, 3), (np.int64(20), 0)): {'bw': 102}, ((0, 3), (0, 4)): {'bw': 102}, ((0, 3), (4, 6)): {'bw': 102}, ((0, 3), (6, 5)): {'bw': 102}, ((0, 5), (np.int64(20), 0)): {'bw': 70}, ((0, 5), (0, 28)): {'bw': 70}, ((0, 5), (28, 31)): {'bw': 70}, ((0, 5), (31, 34)): {'bw': 70}, ((0, 6), (np.int64(20), 1)): {'bw': 147}, ((0, 6), (1, 12)): {'bw': 147}, ((0, 6), (12, 15)): {'bw': 147}, ((1, 2), (np.int64(23), 20)): {'bw': 101}, ((1, 2), (20, 0)): {'bw': 101}, ((1, 2), (0, 28)): {'bw': 101}, ((1, 2), (28, 30)): {'bw': 101}, ((1, 2), (30, 32)): {'bw': 101}, ((1, 3), (np.int64(23), 21)): {'bw': 78}, ((1, 3), (21, 2)): {'bw': 78}, ((1, 3), (2, 5)): {'bw': 78}, ((1, 5), (np.int64(23), 20)): {'bw': 105}, ((1, 5), (20, 1)): {'bw': 105}, ((1, 5), (1, 28)): {'bw': 105}, ((1, 5), (28, 31)): {'bw': 105}, ((1, 5), (31, 34)): {'bw': 105}, ((1, 6), (np.int64(23), 21)): {'bw': 76}, ((1, 6), (21, 2)): {'bw': 76}, ((1, 6), (2, 13)): {'bw': 76}, ((1, 6), (13, 15)): {'bw': 76}, ((2, 4), (np.int64(32), 30)): {'bw': 127}, ((2, 4), (30, 28)): {'bw': 127}, ((2, 4), (28, 0)): {'bw': 127}, ((2, 5), (np.int64(32), 30)): {'bw': 71}, ((2, 5), (30, 28)): {'bw': 71}, ((2, 5), (28, 31)): {'bw': 71}, ((2, 5), (31, 34)): {'bw': 71}}",0.0,0.0,794.0,397.0,1517.0,0.0,0.0,0.0,0.0,0.0,0.0,0.0,0.0,0.0,Route Failure,100.0,"{'node_level': {}, 'link_level': {}, 'path_level': {}}","{'node_level': {0: {'cpu': -22}, 1: {'cpu': -7}, 2: {'cpu': -19}, 3: {'cpu': -9}, 4: {'cpu': -21}, 5: {'cpu': -19}, 6: {'cpu': -31}}, 'link_level': {(0, 3): {'bw': -131}, (0, 5): {'bw': -107}, (0, 6): {'bw': -73}, (1, 2): {'bw': -6}, (1, 3): {'bw': -150}, (1, 5): {'bw': -42}, (1, 6): {'bw': -74}, (2, 4): {'bw': -78}, (2, 5): {'bw': -6}, (2, 6): {'bw': 100.0}}, 'path_level': {(0, 3): {}, (0, 5): {}, (0, 6): {}, (1, 2): {}, (1, 3): {}, (1, 5): {}, (1, 6): {}, (2, 4): {}, (2, 5): {}, (2, 6): {}}}","{'node_level': {0: {'cpu': 0}, 1: {'cpu': 0}, 2: {'cpu': 0}, 3: {'cpu': 0}, 4: {'cpu': 0}, 5: {'cpu': 0}, 6: {'cpu': 0}}, 'link_level': {(0, 3): {'bw': 0}, (0, 5): {'bw': 0}, (0, 6): {'bw': 0}, (1, 2): {'bw': 0}, (1, 3): {'bw': 0}, (1, 5): {'bw': 0}, (1, 6): {'bw': 0}, (2, 4): {'bw': 0}, (2, 5): {'bw': 0}, (2, 6): {'bw': 100.0}}, 'path_level': {(0, 3): {}, (0, 5): {}, (0, 6): {}, (1, 2): {}, (1, 3): {}, (1, 5): {}, (1, 6): {}, (2, 4): {}, (2, 5): {}, (2, 6): {}}}",[],-inf,-inf,True,False,False,0,[],0,0.0,7.0,10.0,3
164,6,0,5555.0,10905.0,2110732.9592182115,4206143.140484858,0.509399358092618,0.5018214760458436,22,309,1,5475.0,17304,2649,14655,0.0,0.0,163,117.64037259477386,5475.0,10,24,False,"{0: np.int64(4), 1: np.int64(13), 2: np.int64(26), 3: np.int64(31), 4: np.int64(5), 5: np.int64(20), 6: np.int64(19), 7: np.int64(11), 8: np.int64(32), 9: np.int64(33)}","{(0, 4): [(np.int64(4), 6), (6, 5)], (0, 5): [(np.int64(4), 0), (0, 20)], (0, 6): [(np.int64(4), 0), (0, 12), (12, 15), (15, 19)], (1, 2): [(np.int64(13), 2), (2, 21), (21, 23), (23, 26)], (1, 4): [(np.int64(13), 2), (2, 5)], (1, 7): [(np.int64(13), 2), (2, 5), (5, 7), (7, 11)], (1, 8): [(np.int64(13), 3), (3, 29), (29, 30), (30, 32)], (2, 7): [(np.int64(26), 23), (23, 20), (20, 1), (1, 4), (4, 7), (7, 11)], (2, 8): [(np.int64(26), 23), (23, 20), (20, 0), (0, 28), (28, 30), (30, 32)], (2, 9): [(np.int64(26), 23), (23, 20), (20, 0), (0, 28), (28, 30), (30, 33)], (3, 6): [(np.int64(31), 28), (28, 0), (0, 12), (12, 15), (15, 19)], (3, 7): [(np.int64(31), 28), (28, 1), (1, 4), (4, 7), (7, 11)], (4, 5): [(np.int64(5), 2), (2, 21), (21, 22), (22, 20)], (4, 6): []}","{(0, np.int64(4)): {'cpu': 37}, (1, np.int64(13)): {'cpu': 60}, (2, np.int64(26)): {'cpu': 75}, (3, np.int64(31)): {'cpu': 70}, (4, np.int64(5)): {'cpu': 36}, (5, np.int64(20)): {'cpu': 30}, (6, np.int64(19)): {'cpu': 42}, (7, np.int64(11)): {'cpu': 61}, (8, np.int64(32)): {'cpu': 45}, (9, np.int64(33)): {'cpu': 72}}","{((0, 4), (np.int64(4), 6)): {'bw': 73}, ((0, 4), (6, 5)): {'bw': 73}, ((0, 5), (np.int64(4), 0)): {'bw': 101}, ((0, 5), (0, 20)): {'bw': 101}, ((0, 6), (np.int64(4), 0)): {'bw': 116}, ((0, 6), (0, 12)): {'bw': 116}, ((0, 6), (12, 15)): {'bw': 116}, ((0, 6), (15, 19)): {'bw': 116}, ((1, 2), (np.int64(13), 2)): {'bw': 93}, ((1, 2), (2, 21)): {'bw': 93}, ((1, 2), (21, 23)): {'bw': 93}, ((1, 2), (23, 26)): {'bw': 93}, ((1, 4), (np.int64(13), 2)): {'bw': 105}, ((1, 4), (2, 5)): {'bw': 105}, ((1, 7), (np.int64(13), 2)): {'bw': 82}, ((1, 7), (2, 5)): {'bw': 82}, ((1, 7), (5, 7)): {'bw': 82}, ((1, 7), (7, 11)): {'bw': 82}, ((1, 8), (np.int64(13), 3)): {'bw': 89}, ((1, 8), (3, 29)): {'bw': 89}, ((1, 8), (29, 30)): {'bw': 89}, ((1, 8), (30, 32)): {'bw': 89}, ((2, 7), (np.int64(26), 23)): {'bw': 77}, ((2, 7), (23, 20)): {'bw': 77}, ((2, 7), (20, 1)): {'bw': 77}, ((2, 7), (1, 4)): {'bw': 77}, ((2, 7), (4, 7)): {'bw': 77}, ((2, 7), (7, 11)): {'bw': 77}, ((2, 8), (np.int64(26), 23)): {'bw': 95}, ((2, 8), (23, 20)): {'bw': 95}, ((2, 8), (20, 0)): {'bw': 95}, ((2, 8), (0, 28)): {'bw': 95}, ((2, 8), (28, 30)): {'bw': 95}, ((2, 8), (30, 32)): {'bw': 95}, ((2, 9), (np.int64(26), 23)): {'bw': 65}, ((2, 9), (23, 20)): {'bw': 65}, ((2, 9), (20, 0)): {'bw': 65}, ((2, 9), (0, 28)): {'bw': 65}, ((2, 9), (28, 30)): {'bw': 65}, ((2, 9), (30, 33)): {'bw': 65}, ((3, 6), (np.int64(31), 28)): {'bw': 146}, ((3, 6), (28, 0)): {'bw': 146}, ((3, 6), (0, 12)): {'bw': 146}, ((3, 6), (12, 15)): {'bw': 146}, ((3, 6), (15, 19)): {'bw': 146}, ((3, 7), (np.int64(31), 28)): {'bw': 73}, ((3, 7), (28, 1)): {'bw': 73}, ((3, 7), (1, 4)): {'bw': 73}, ((3, 7), (4, 7)): {'bw': 73}, ((3, 7), (7, 11)): {'bw': 73}, ((4, 5), (np.int64(5), 2)): {'bw': 62}, ((4, 5), (2, 21)): {'bw': 62}, ((4, 5), (21, 22)): {'bw': 62}, ((4, 5), (22, 20)): {'bw': 62}}",0.0,0.0,1056.0,528.0,2486.0,0.0,0.0,0.0,0.0,0.0,0.0,0.0,0.0,0.0,Route Failure,100.0,"{'node_level': {}, 'link_level': {}, 'path_level': {}}","{'node_level': {0: {'cpu': -13}, 1: {'cpu': -22}, 2: {'cpu': -1}, 3: {'cpu': -9}, 4: {'cpu': -35}, 5: {'cpu': -37}, 6: {'cpu': -34}, 7: {'cpu': -10}, 8: {'cpu': -47}, 9: {'cpu': -2}}, 'link_level': {(0, 4): {'bw': -243}, (0, 5): {'bw': -132}, (0, 6): {'bw': -16}, (1, 2): {'bw': -135}, (1, 4): {'bw': -129}, (1, 7): {'bw': -47}, (1, 8): {'bw': -111}, (2, 7): {'bw': -160}, (2, 8): {'bw': -83}, (2, 9): {'bw': -18}, (3, 6): {'bw': -37}, (3, 7): {'bw': -87}, (4, 5): {'bw': -73}, (4, 6): {'bw': 100.0}}, 'path_level': {(0, 4): {}, (0, 5): {}, (0, 6): {}, (1, 2): {}, (1, 4): {}, (1, 7): {}, (1, 8): {}, (2, 7): {}, (2, 8): {}, (2, 9): {}, (3, 6): {}, (3, 7): {}, (4, 5): {}, (4, 6): {}}}","{'node_level': {0: {'cpu': 0}, 1: {'cpu': 0}, 2: {'cpu': 0}, 3: {'cpu': 0}, 4: {'cpu': 0}, 5: {'cpu': 0}, 6: {'cpu': 0}, 7: {'cpu': 0}, 8: {'cpu': 0}, 9: {'cpu': 0}}, 'link_level': {(0, 4): {'bw': 0}, (0, 5): {'bw': 0}, (0, 6): {'bw': 0}, (1, 2): {'bw': 0}, (1, 4): {'bw': 0}, (1, 7): {'bw': 0}, (1, 8): {'bw': 0}, (2, 7): {'bw': 0}, (2, 8): {'bw': 0}, (2, 9): {'bw': 0}, (3, 6): {'bw': 0}, (3, 7): {'bw': 0}, (4, 5): {'bw': 0}, (4, 6): {'bw': 100.0}}, 'path_level': {(0, 4): {}, (0, 5): {}, (0, 6): {}, (1, 2): {}, (1, 4): {}, (1, 7): {}, (1, 8): {}, (2, 7): {}, (2, 8): {}, (2, 9): {}, (3, 6): {}, (3, 7): {}, (4, 5): {}, (4, 6): {}}}",[],-inf,-inf,True,False,False,0,[],0,0.0,10.0,14.0,3
164,6,0,5555.0,10905.0,2110732.9592182115,4206143.140484858,0.509399358092618,0.5018214760458436,22,310,0,5476.839753611563,17304,2649,14655,0.0,0.0,154,265.8397536115622,5211.0,10,33,False,{},{},{},{},0.0,0.0,0.0,0.0,0.0,0.0,0.0,0.0,0.0,0.0,0.0,0.0,0.0,0.0,Leave Event,0.0,"{'node_level': {}, 'link_level': {}, 'path_level': {}}","{'node_level': {}, 'link_level': {}, 'path_level': {}}","{'node_level': {}, 'link_level': {}, 'path_level': {}}",[],-inf,-inf,True,True,False,0,[],0,0.0,,,3
165,7,1,7475.0,16219.0,2765328.309907812,6017872.147549721,0.4608792157346322,0.45951928557235344,24,311,1,5515.0,11990,2250,9740,0.15062287655719142,0.3353804162401911,164,340.935078484167,5515.0,9,16,True,"{0: np.int64(28), 1: np.int64(22), 2: np.int64(31), 3: np.int64(12), 4: np.int64(9), 5: np.int64(6), 6: np.int64(0), 7: np.int64(23), 8: np.int64(3)}","{(0, 1): [(np.int64(28), 0), (0, 20), (20, 22)], (0, 3): [(np.int64(28), 0), (0, 12)], (0, 5): [(np.int64(28), 0), (0, 4), (4, 6)], (0, 6): [(np.int64(28), 1), (1, 4), (4, 0)], (0, 8): [(np.int64(28), 30), (30, 29), (29, 3)], (1, 6): [(np.int64(22), 20), (20, 0)], (1, 7): [(np.int64(22), 20), (20, 23)], (2, 3): [(np.int64(31), 28), (28, 1), (1, 12)], (2, 6): [(np.int64(31), 29), (29, 2), (2, 13), (13, 14), (14, 12), (12, 0)], (2, 7): [(np.int64(31), 28), (28, 1), (1, 20), (20, 23)], (3, 5): [(np.int64(12), 1), (1, 4), (4, 6)], (4, 5): [(np.int64(9), 6)], (4, 7): [(np.int64(9), 6), (6, 5), (5, 2), (2, 21), (21, 23)], (5, 6): [(np.int64(6), 5), (5, 2), (2, 13), (13, 14), (14, 12), (12, 0)], (6, 8): [(np.int64(0), 20), (20, 23), (23, 21), (21, 3)], (7, 8): [(np.int64(23), 21), (21, 3)]}","{(0, np.int64(28)): {'cpu': 46}, (1, np.int64(22)): {'cpu': 57}, (2, np.int64(31)): {'cpu': 30}, (3, np.int64(12)): {'cpu': 38}, (4, np.int64(9)): {'cpu': 45}, (5, np.int64(6)): {'cpu': 38}, (6, np.int64(0)): {'cpu': 69}, (7, np.int64(23)): {'cpu': 36}, (8, np.int64(3)): {'cpu': 40}}","{((0, 1), (np.int64(28), 0)): {'bw': 124}, ((0, 1), (0, 20)): {'bw': 124}, ((0, 1), (20, 22)): {'bw': 124}, ((0, 3), (np.int64(28), 0)): {'bw': 102}, ((0, 3), (0, 12)): {'bw': 102}, ((0, 5), (np.int64(28), 0)): {'bw': 121}, ((0, 5), (0, 4)): {'bw': 121}, ((0, 5), (4, 6)): {'bw': 121}, ((0, 6), (np.int64(28), 1)): {'bw': 86}, ((0, 6), (1, 4)): {'bw': 86}, ((0, 6), (4, 0)): {'bw': 86}, ((0, 8), (np.int64(28), 30)): {'bw': 128}, ((0, 8), (30, 29)): {'bw': 128}, ((0, 8), (29, 3)): {'bw': 128}, ((1, 6), (np.int64(22), 20)): {'bw': 73}, ((1, 6), (20, 0)): {'bw': 73}, ((1, 7), (np.int64(22), 20)): {'bw': 108}, ((1, 7), (20, 23)): {'bw': 108}, ((2, 3), (np.int64(31), 28)): {'bw': 64}, ((2, 3), (28, 1)): {'bw': 64}, ((2, 3), (1, 12)): {'bw': 64}, ((2, 6), (np.int64(31), 29)): {'bw': 116}, ((2, 6), (29, 2)): {'bw': 116}, ((2, 6), (2, 13)): {'bw': 116}, ((2, 6), (13, 14)): {'bw': 116}, ((2, 6), (14, 12)): {'bw': 116}, ((2, 6), (12, 0)): {'bw': 116}, ((2, 7), (np.int64(31), 28)): {'bw': 78}, ((2, 7), (28, 1)): {'bw': 78}, ((2, 7), (1, 20)): {'bw': 78}, ((2, 7), (20, 23)): {'bw': 78}, ((3, 5), (np.int64(12), 1)): {'bw': 79}, ((3, 5), (1, 4)): {'bw': 79}, ((3, 5), (4, 6)): {'bw': 79}, ((4, 5), (np.int64(9), 6)): {'bw': 108}, ((4, 7), (np.int64(9), 6)): {'bw': 101}, ((4, 7), (6, 5)): {'bw': 101}, ((4, 7), (5, 2)): {'bw': 101}, ((4, 7), (2, 21)): {'bw': 101}, ((4, 7), (21, 23)): {'bw': 101}, ((5, 6), (np.int64(6), 5)): {'bw': 79}, ((5, 6), (5, 2)): {'bw': 79}, ((5, 6), (2, 13)): {'bw': 79}, ((5, 6), (13, 14)): {'bw': 79}, ((5, 6), (14, 12)): {'bw': 79}, ((5, 6), (12, 0)): {'bw': 79}, ((6, 8), (np.int64(0), 20)): {'bw': 70}, ((6, 8), (20, 23)): {'bw': 70}, ((6, 8), (23, 21)): {'bw': 70}, ((6, 8), (21, 3)): {'bw': 70}, ((7, 8), (np.int64(23), 21)): {'bw': 84}, ((7, 8), (21, 3)): {'bw': 84}}",5314.0,1920.0,798.0,399.0,1521.0,399.0,1521.0,399.0,4915.0,3394.0,0.36130974783590514,1811729.0070648633,654595.3506896006,123.1831672355289,Success,0.0,"{'node_level': {}, 'link_level': {}, 'path_level': {}}","{'node_level': {0: {'cpu': -44}, 1: {'cpu': -15}, 2: {'cpu': -49}, 3: {'cpu': -50}, 4: {'cpu': -46}, 5: {'cpu': -31}, 6: {'cpu': -23}, 7: {'cpu': -16}, 8: {'cpu': -18}}, 'link_level': {(0, 1): {'bw': -155}, (0, 3): {'bw': -150}, (0, 5): {'bw': -29}, (0, 6): {'bw': -26}, (0, 8): {'bw': -90}, (1, 6): {'bw': -82}, (1, 7): {'bw': -39}, (2, 3): {'bw': -99}, (2, 6): {'bw': -85}, (2, 7): {'bw': -21}, (3, 5): {'bw': -72}, (4, 5): {'bw': -291}, (4, 7): {'bw': -127}, (5, 6): {'bw': -6}, (6, 8): {'bw': -12}, (7, 8): {'bw': -89}}, 'path_level': {(0, 1): {}, (0, 3): {}, (0, 5): {}, (0, 6): {}, (0, 8): {}, (1, 6): {}, (1, 7): {}, (2, 3): {}, (2, 6): {}, (2, 7): {}, (3, 5): {}, (4, 5): {}, (4, 7): {}, (5, 6): {}, (6, 8): {}, (7, 8): {}}}","{'node_level': {0: {'cpu': 0}, 1: {'cpu': 0}, 2: {'cpu': 0}, 3: {'cpu': 0}, 4: {'cpu': 0}, 5: {'cpu': 0}, 6: {'cpu': 0}, 7: {'cpu': 0}, 8: {'cpu': 0}}, 'link_level': {(0, 1): {'bw': 0}, (0, 3): {'bw': 0}, (0, 5): {'bw': 0}, (0, 6): {'bw': 0}, (0, 8): {'bw': 0}, (1, 6): {'bw': 0}, (1, 7): {'bw': 0}, (2, 3): {'bw': 0}, (2, 6): {'bw': 0}, (2, 7): {'bw': 0}, (3, 5): {'bw': 0}, (4, 5): {'bw': 0}, (4, 7): {'bw': 0}, (5, 6): {'bw': 0}, (6, 8): {'bw': 0}, (7, 8): {'bw': 0}}, 'path_level': {(0, 1): {}, (0, 3): {}, (0, 5): {}, (0, 6): {}, (0, 8): {}, (1, 6): {}, (1, 7): {}, (2, 3): {}, (2, 6): {}, (2, 7): {}, (3, 5): {}, (4, 5): {}, (4, 7): {}, (5, 6): {}, (6, 8): {}, (7, 8): {}}}",[],-inf,-inf,True,True,False,0,[],0,0.0,9.0,16.0,3
165,7,1,7475.0,16219.0,2765328.309907812,6017872.147549721,0.4608792157346322,0.45951928557235344,24,312,0,5523.330268632471,11990,2250,9740,0.15062287655719142,0.3353804162401911,143,704.3302686324715,4819.0,7,10,False,{},{},{},{},0.0,0.0,0.0,0.0,0.0,0.0,0.0,0.0,0.0,0.0,0.0,0.0,0.0,0.0,Leave Event,0.0,"{'node_level': {}, 'link_level': {}, 'path_level': {}}","{'node_level': {}, 'link_level': {}, 'path_level': {}}","{'node_level': {}, 'link_level': {}, 'path_level': {}}",[],-inf,-inf,True,True,False,0,[],0,0.0,,,3
166,7,1,7475.0,16219.0,2765328.309907812,6017872.147549721,0.4608792157346322,0.45951928557235344,24,313,1,5544.0,11990,2250,9740,0.15062287655719142,0.3353804162401911,165,375.3936500729731,5544.0,8,15,False,"{0: np.int64(8), 1: np.int64(14), 2: np.int64(26), 3: np.int64(1), 4: np.int64(29), 5: np.int64(19), 6: np.int64(4), 7: np.int64(7)}","{(0, 1): []}","{(0, np.int64(8)): {'cpu': 72}, (1, np.int64(14)): {'cpu': 68}, (2, np.int64(26)): {'cpu': 48}, (3, np.int64(1)): {'cpu': 71}, (4, np.int64(29)): {'cpu': 31}, (5, np.int64(19)): {'cpu': 68}, (6, np.int64(4)): {'cpu': 31}, (7, np.int64(7)): {'cpu': 38}}",{},0.0,0.0,854.0,427.0,1580.0,0.0,0.0,0.0,0.0,0.0,0.0,0.0,0.0,0.0,Route Failure,100.0,"{'node_level': {}, 'link_level': {}, 'path_level': {}}","{'node_level': {0: {'cpu': -21}, 1: {'cpu': -2}, 2: {'cpu': -28}, 3: {'cpu': -3}, 4: {'cpu': -65}, 5: {'cpu': -8}, 6: {'cpu': -19}, 7: {'cpu': -22}}, 'link_level': {(0, 1): {'bw': 100.0}}, 'path_level': {(0, 1): {}}}","{'node_level': {0: {'cpu': 0}, 1: {'cpu': 0}, 2: {'cpu': 0}, 3: {'cpu': 0}, 4: {'cpu': 0}, 5: {'cpu': 0}, 6: {'cpu': 0}, 7: {'cpu': 0}}, 'link_level': {(0, 1): {'bw': 100.0}}, 'path_level': {(0, 1): {}}}",[],-inf,-inf,True,False,False,0,[],0,0.0,8.0,1.0,3
166,7,1,7475.0,16219.0,2765328.309907812,6017872.147549721,0.4608792157346322,0.45951928557235344,24,314,0,5572.806866946921,11990,2250,9740,0.15062287655719142,0.3353804162401911,128,1265.8068669469217,4307.0,9,15,False,{},{},{},{},0.0,0.0,0.0,0.0,0.0,0.0,0.0,0.0,0.0,0.0,0.0,0.0,0.0,0.0,Leave Event,0.0,"{'node_level': {}, 'link_level': {}, 'path_level': {}}","{'node_level': {}, 'link_level': {}, 'path_level': {}}","{'node_level': {}, 'link_level': {}, 'path_level': {}}",[],-inf,-inf,True,True,False,0,[],0,0.0,,,3
167,7,1,7475.0,16219.0,2765328.309907812,6017872.147549721,0.4608792157346322,0.45951928557235344,24,315,1,5574.0,11990,2250,9740,0.15062287655719142,0.3353804162401911,166,559.4477658450609,5574.0,10,23,False,"{0: np.int64(17), 1: np.int64(33), 2: np.int64(7), 3: np.int64(11), 4: np.int64(16), 5: np.int64(30), 6: np.int64(24), 7: np.int64(31), 8: np.int64(13), 9: np.int64(28)}","{(0, 2): []}","{(0, np.int64(17)): {'cpu': 67}, (1, np.int64(33)): {'cpu': 58}, (2, np.int64(7)): {'cpu': 56}, (3, np.int64(11)): {'cpu': 61}, (4, np.int64(16)): {'cpu': 71}, (5, np.int64(30)): {'cpu': 38}, (6, np.int64(24)): {'cpu': 40}, (7, np.int64(31)): {'cpu': 49}, (8, np.int64(13)): {'cpu': 73}, (9, np.int64(28)): {'cpu': 33}}",{},0.0,0.0,1092.0,546.0,2343.0,0.0,0.0,0.0,0.0,0.0,0.0,0.0,0.0,0.0,Route Failure,100.0,"{'node_level': {}, 'link_level': {}, 'path_level': {}}","{'node_level': {0: {'cpu': -22}, 1: {'cpu': -16}, 2: {'cpu': -4}, 3: {'cpu': -10}, 4: {'cpu': -8}, 5: {'cpu': -45}, 6: {'cpu': -12}, 7: {'cpu': 0}, 8: {'cpu': -9}, 9: {'cpu': -11}}, 'link_level': {(0, 2): {'bw': 100.0}}, 'path_level': {(0, 2): {}}}","{'node_level': {0: {'cpu': 0}, 1: {'cpu': 0}, 2: {'cpu': 0}, 3: {'cpu': 0}, 4: {'cpu': 0}, 5: {'cpu': 0}, 6: {'cpu': 0}, 7: {'cpu': 0}, 8: {'cpu': 0}, 9: {'cpu': 0}}, 'link_level': {(0, 2): {'bw': 100.0}}, 'path_level': {(0, 2): {}}}",[],-inf,-inf,True,False,False,0,[],0,0.0,10.0,1.0,3
167,7,1,7475.0,16219.0,2765328.309907812,6017872.147549721,0.4608792157346322,0.45951928557235344,24,316,0,5582.942721046454,11990,2250,9740,0.15062287655719142,0.3353804162401911,161,166.94272104645393,5416.0,6,11,False,{},{},{},{},0.0,0.0,0.0,0.0,0.0,0.0,0.0,0.0,0.0,0.0,0.0,0.0,0.0,0.0,Leave Event,0.0,"{'node_level': {}, 'link_level': {}, 'path_level': {}}","{'node_level': {}, 'link_level': {}, 'path_level': {}}","{'node_level': {}, 'link_level': {}, 'path_level': {}}",[],-inf,-inf,True,True,False,0,[],0,0.0,,,3
167,7,1,7475.0,16219.0,2765328.309907812,6017872.147549721,0.4608792157346322,0.45951928557235344,24,317,0,5582.990600883646,11990,2250,9740,0.15062287655719142,0.3353804162401911,159,225.99060088364624,5357.0,10,17,False,{},{},{},{},0.0,0.0,0.0,0.0,0.0,0.0,0.0,0.0,0.0,0.0,0.0,0.0,0.0,0.0,Leave Event,0.0,"{'node_level': {}, 'link_level': {}, 'path_level': {}}","{'node_level': {}, 'link_level': {}, 'path_level': {}}","{'node_level': {}, 'link_level': {}, 'path_level': {}}",[],-inf,-inf,True,True,False,0,[],0,0.0,,,3
167,7,1,7475.0,16219.0,2765328.309907812,6017872.147549721,0.4608792157346322,0.45951928557235344,24,318,0,5592.640372594774,11990,2250,9740,0.15062287655719142,0.3353804162401911,163,117.64037259477386,5475.0,10,24,False,{},{},{},{},0.0,0.0,0.0,0.0,0.0,0.0,0.0,0.0,0.0,0.0,0.0,0.0,0.0,0.0,Leave Event,0.0,"{'node_level': {}, 'link_level': {}, 'path_level': {}}","{'node_level': {}, 'link_level': {}, 'path_level': {}}","{'node_level': {}, 'link_level': {}, 'path_level': {}}",[],-inf,-inf,True,True,False,0,[],0,0.0,,,3
168,7,1,7475.0,16219.0,2765328.309907812,6017872.147549721,0.4608792157346322,0.45951928557235344,24,319,1,5602.0,11990,2250,9740,0.15062287655719142,0.3353804162401911,167,683.9637252839972,5602.0,9,19,False,"{0: np.int64(16), 1: np.int64(9), 2: np.int64(32), 3: np.int64(7), 4: np.int64(18), 5: np.int64(14), 6: np.int64(29), 7: np.int64(25), 8: np.int64(13)}","{(0, 1): []}","{(0, np.int64(16)): {'cpu': 41}, (1, np.int64(9)): {'cpu': 35}, (2, np.int64(32)): {'cpu': 65}, (3, np.int64(7)): {'cpu': 32}, (4, np.int64(18)): {'cpu': 54}, (5, np.int64(14)): {'cpu': 34}, (6, np.int64(29)): {'cpu': 30}, (7, np.int64(25)): {'cpu': 37}, (8, np.int64(13)): {'cpu': 77}}",{},0.0,0.0,810.0,405.0,2108.0,0.0,0.0,0.0,0.0,0.0,0.0,0.0,0.0,0.0,Route Failure,100.0,"{'node_level': {}, 'link_level': {}, 'path_level': {}}","{'node_level': {0: {'cpu': -38}, 1: {'cpu': -11}, 2: {'cpu': -27}, 3: {'cpu': -28}, 4: {'cpu': -10}, 5: {'cpu': -36}, 6: {'cpu': -66}, 7: {'cpu': -14}, 8: {'cpu': -5}}, 'link_level': {(0, 1): {'bw': 100.0}}, 'path_level': {(0, 1): {}}}","{'node_level': {0: {'cpu': 0}, 1: {'cpu': 0}, 2: {'cpu': 0}, 3: {'cpu': 0}, 4: {'cpu': 0}, 5: {'cpu': 0}, 6: {'cpu': 0}, 7: {'cpu': 0}, 8: {'cpu': 0}}, 'link_level': {(0, 1): {'bw': 100.0}}, 'path_level': {(0, 1): {}}}",[],-inf,-inf,True,False,False,0,[],0,0.0,9.0,1.0,3
168,7,1,7475.0,16219.0,2765328.309907812,6017872.147549721,0.4608792157346322,0.45951928557235344,24,320,0,5625.628857750036,11990,2250,9740,0.15062287655719142,0.3353804162401911,157,327.6288577500364,5298.0,10,26,False,{},{},{},{},0.0,0.0,0.0,0.0,0.0,0.0,0.0,0.0,0.0,0.0,0.0,0.0,0.0,0.0,Leave Event,0.0,"{'node_level': {}, 'link_level': {}, 'path_level': {}}","{'node_level': {}, 'link_level': {}, 'path_level': {}}","{'node_level': {}, 'link_level': {}, 'path_level': {}}",[],-inf,-inf,True,True,False,0,[],0,0.0,,,3
169,7,1,7475.0,16219.0,2765328.309907812,6017872.147549721,0.4608792157346322,0.45951928557235344,24,321,1,5641.0,11990,2250,9740,0.15062287655719142,0.3353804162401911,168,654.6180364776343,5641.0,7,11,False,"{0: np.int64(13), 1: np.int64(35), 2: np.int64(1), 3: np.int64(16), 4: np.int64(8), 5: np.int64(5), 6: np.int64(28)}","{(0, 1): [(np.int64(13), 3), (3, 5), (5, 2), (2, 29), (29, 30), (30, 28), (28, 31), (31, 35)], (0, 2): []}","{(0, np.int64(13)): {'cpu': 66}, (1, np.int64(35)): {'cpu': 36}, (2, np.int64(1)): {'cpu': 42}, (3, np.int64(16)): {'cpu': 43}, (4, np.int64(8)): {'cpu': 39}, (5, np.int64(5)): {'cpu': 71}, (6, np.int64(28)): {'cpu': 39}}","{((0, 1), (np.int64(13), 3)): {'bw': 140}, ((0, 1), (3, 5)): {'bw': 140}, ((0, 1), (5, 2)): {'bw': 140}, ((0, 1), (2, 29)): {'bw': 140}, ((0, 1), (29, 30)): {'bw': 140}, ((0, 1), (30, 28)): {'bw': 140}, ((0, 1), (28, 31)): {'bw': 140}, ((0, 1), (31, 35)): {'bw': 140}}",0.0,0.0,672.0,336.0,1228.0,0.0,0.0,0.0,0.0,0.0,0.0,0.0,0.0,0.0,Route Failure,100.0,"{'node_level': {}, 'link_level': {}, 'path_level': {}}","{'node_level': {0: {'cpu': -16}, 1: {'cpu': -57}, 2: {'cpu': -32}, 3: {'cpu': -36}, 4: {'cpu': -54}, 5: {'cpu': 0}, 6: {'cpu': -5}}, 'link_level': {(0, 1): {'bw': -29}, (0, 2): {'bw': 100.0}}, 'path_level': {(0, 1): {}, (0, 2): {}}}","{'node_level': {0: {'cpu': 0}, 1: {'cpu': 0}, 2: {'cpu': 0}, 3: {'cpu': 0}, 4: {'cpu': 0}, 5: {'cpu': 0}, 6: {'cpu': 0}}, 'link_level': {(0, 1): {'bw': 0}, (0, 2): {'bw': 100.0}}, 'path_level': {(0, 1): {}, (0, 2): {}}}",[],-inf,-inf,True,False,False,0,[],0,0.0,7.0,2.0,3
170,7,1,7475.0,16219.0,2765328.309907812,6017872.147549721,0.4608792157346322,0.45951928557235344,24,322,1,5668.0,11990,2250,9740,0.15062287655719142,0.3353804162401911,169,275.9244271557935,5668.0,10,24,False,"{0: np.int64(24), 1: np.int64(21), 2: np.int64(7), 3: np.int64(14), 4: np.int64(30), 5: np.int64(34), 6: np.int64(33), 7: np.int64(32), 8: np.int64(18), 9: np.int64(1)}","{(0, 1): [(np.int64(24), 22), (22, 21)], (0, 2): [(np.int64(24), 22), (22, 21), (21, 2), (2, 5), (5, 7)], (0, 5): []}","{(0, np.int64(24)): {'cpu': 35}, (1, np.int64(21)): {'cpu': 30}, (2, np.int64(7)): {'cpu': 36}, (3, np.int64(14)): {'cpu': 34}, (4, np.int64(30)): {'cpu': 80}, (5, np.int64(34)): {'cpu': 49}, (6, np.int64(33)): {'cpu': 51}, (7, np.int64(32)): {'cpu': 58}, (8, np.int64(18)): {'cpu': 39}, (9, np.int64(1)): {'cpu': 71}}","{((0, 1), (np.int64(24), 22)): {'bw': 103}, ((0, 1), (22, 21)): {'bw': 103}, ((0, 2), (np.int64(24), 22)): {'bw': 113}, ((0, 2), (22, 21)): {'bw': 113}, ((0, 2), (21, 2)): {'bw': 113}, ((0, 2), (2, 5)): {'bw': 113}, ((0, 2), (5, 7)): {'bw': 113}}",0.0,0.0,966.0,483.0,2488.0,0.0,0.0,0.0,0.0,0.0,0.0,0.0,0.0,0.0,Route Failure,100.0,"{'node_level': {}, 'link_level': {}, 'path_level': {}}","{'node_level': {0: {'cpu': -17}, 1: {'cpu': -46}, 2: {'cpu': -24}, 3: {'cpu': -36}, 4: {'cpu': -3}, 5: {'cpu': -8}, 6: {'cpu': -23}, 7: {'cpu': -34}, 8: {'cpu': -25}, 9: {'cpu': -3}}, 'link_level': {(0, 1): {'bw': -115}, (0, 2): {'bw': -2}, (0, 5): {'bw': 100.0}}, 'path_level': {(0, 1): {}, (0, 2): {}, (0, 5): {}}}","{'node_level': {0: {'cpu': 0}, 1: {'cpu': 0}, 2: {'cpu': 0}, 3: {'cpu': 0}, 4: {'cpu': 0}, 5: {'cpu': 0}, 6: {'cpu': 0}, 7: {'cpu': 0}, 8: {'cpu': 0}, 9: {'cpu': 0}}, 'link_level': {(0, 1): {'bw': 0}, (0, 2): {'bw': 0}, (0, 5): {'bw': 100.0}}, 'path_level': {(0, 1): {}, (0, 2): {}, (0, 5): {}}}",[],-inf,-inf,True,False,False,0,[],0,0.0,10.0,3.0,3
171,7,1,7475.0,16219.0,2765328.309907812,6017872.147549721,0.4608792157346322,0.45951928557235344,24,323,1,5702.0,11990,2250,9740,0.15062287655719142,0.3353804162401911,170,304.35920466172354,5702.0,7,8,False,"{0: np.int64(24), 1: np.int64(29), 2: np.int64(17), 3: np.int64(35), 4: np.int64(18), 5: np.int64(16), 6: np.int64(33)}","{(0, 2): []}","{(0, np.int64(24)): {'cpu': 33}, (1, np.int64(29)): {'cpu': 72}, (2, np.int64(17)): {'cpu': 76}, (3, np.int64(35)): {'cpu': 73}, (4, np.int64(18)): {'cpu': 56}, (5, np.int64(16)): {'cpu': 64}, (6, np.int64(33)): {'cpu': 73}}",{},0.0,0.0,894.0,447.0,836.0,0.0,0.0,0.0,0.0,0.0,0.0,0.0,0.0,0.0,Route Failure,100.0,"{'node_level': {}, 'link_level': {}, 'path_level': {}}","{'node_level': {0: {'cpu': -19}, 1: {'cpu': -24}, 2: {'cpu': -13}, 3: {'cpu': -20}, 4: {'cpu': -8}, 5: {'cpu': -15}, 6: {'cpu': -1}}, 'link_level': {(0, 2): {'bw': 100.0}}, 'path_level': {(0, 2): {}}}","{'node_level': {0: {'cpu': 0}, 1: {'cpu': 0}, 2: {'cpu': 0}, 3: {'cpu': 0}, 4: {'cpu': 0}, 5: {'cpu': 0}, 6: {'cpu': 0}}, 'link_level': {(0, 2): {'bw': 100.0}}, 'path_level': {(0, 2): {}}}",[],-inf,-inf,True,False,False,0,[],0,0.0,7.0,1.0,3
171,7,1,7475.0,16219.0,2765328.309907812,6017872.147549721,0.4608792157346322,0.45951928557235344,24,324,0,5718.267436929966,11990,2250,9740,0.15062287655719142,0.3353804162401911,160,337.2674369299655,5381.0,6,8,False,{},{},{},{},0.0,0.0,0.0,0.0,0.0,0.0,0.0,0.0,0.0,0.0,0.0,0.0,0.0,0.0,Leave Event,0.0,"{'node_level': {}, 'link_level': {}, 'path_level': {}}","{'node_level': {}, 'link_level': {}, 'path_level': {}}","{'node_level': {}, 'link_level': {}, 'path_level': {}}",[],-inf,-inf,True,True,False,0,[],0,0.0,,,3
172,7,1,7475.0,16219.0,2765328.309907812,6017872.147549721,0.4608792157346322,0.45951928557235344,24,325,1,5730.0,11990,2250,9740,0.15062287655719142,0.3353804162401911,171,1033.784555245744,5730.0,9,19,False,"{0: np.int64(25), 1: np.int64(26), 2: np.int64(31), 3: np.int64(13), 4: np.int64(1), 5: np.int64(5), 6: np.int64(15), 7: np.int64(8), 8: np.int64(33)}","{(0, 2): [(np.int64(25), 22), (22, 21), (21, 2), (2, 29), (29, 31)], (0, 5): [(np.int64(25), 22), (22, 21), (21, 3), (3, 5)], (0, 6): [(np.int64(25), 22), (22, 21), (21, 3), (3, 13), (13, 15)], (1, 2): []}","{(0, np.int64(25)): {'cpu': 43}, (1, np.int64(26)): {'cpu': 41}, (2, np.int64(31)): {'cpu': 36}, (3, np.int64(13)): {'cpu': 42}, (4, np.int64(1)): {'cpu': 73}, (5, np.int64(5)): {'cpu': 53}, (6, np.int64(15)): {'cpu': 59}, (7, np.int64(8)): {'cpu': 57}, (8, np.int64(33)): {'cpu': 37}}","{((0, 2), (np.int64(25), 22)): {'bw': 101}, ((0, 2), (22, 21)): {'bw': 101}, ((0, 2), (21, 2)): {'bw': 101}, ((0, 2), (2, 29)): {'bw': 101}, ((0, 2), (29, 31)): {'bw': 101}, ((0, 5), (np.int64(25), 22)): {'bw': 97}, ((0, 5), (22, 21)): {'bw': 97}, ((0, 5), (21, 3)): {'bw': 97}, ((0, 5), (3, 5)): {'bw': 97}, ((0, 6), (np.int64(25), 22)): {'bw': 74}, ((0, 6), (22, 21)): {'bw': 74}, ((0, 6), (21, 3)): {'bw': 74}, ((0, 6), (3, 13)): {'bw': 74}, ((0, 6), (13, 15)): {'bw': 74}}",0.0,0.0,882.0,441.0,2001.0,0.0,0.0,0.0,0.0,0.0,0.0,0.0,0.0,0.0,Route Failure,100.0,"{'node_level': {}, 'link_level': {}, 'path_level': {}}","{'node_level': {0: {'cpu': -8}, 1: {'cpu': -35}, 2: {'cpu': -13}, 3: {'cpu': -40}, 4: {'cpu': -1}, 5: {'cpu': -18}, 6: {'cpu': -35}, 7: {'cpu': -36}, 8: {'cpu': -37}}, 'link_level': {(0, 2): {'bw': -26}, (0, 5): {'bw': -77}, (0, 6): {'bw': -3}, (1, 2): {'bw': 100.0}}, 'path_level': {(0, 2): {}, (0, 5): {}, (0, 6): {}, (1, 2): {}}}","{'node_level': {0: {'cpu': 0}, 1: {'cpu': 0}, 2: {'cpu': 0}, 3: {'cpu': 0}, 4: {'cpu': 0}, 5: {'cpu': 0}, 6: {'cpu': 0}, 7: {'cpu': 0}, 8: {'cpu': 0}}, 'link_level': {(0, 2): {'bw': 0}, (0, 5): {'bw': 0}, (0, 6): {'bw': 0}, (1, 2): {'bw': 100.0}}, 'path_level': {(0, 2): {}, (0, 5): {}, (0, 6): {}, (1, 2): {}}}",[],-inf,-inf,True,False,False,0,[],0,0.0,9.0,4.0,3
173,7,1,7475.0,16219.0,2765328.309907812,6017872.147549721,0.4608792157346322,0.45951928557235344,24,326,1,5773.0,11990,2250,9740,0.15062287655719142,0.3353804162401911,172,225.326373609575,5773.0,10,22,False,"{0: np.int64(20), 1: np.int64(18), 2: np.int64(17), 3: np.int64(11), 4: np.int64(26), 5: np.int64(25), 6: np.int64(27), 7: np.int64(21), 8: np.int64(31), 9: np.int64(15)}","{(0, 3): [(np.int64(20), 1), (1, 4), (4, 7), (7, 11)], (0, 5): []}","{(0, np.int64(20)): {'cpu': 36}, (1, np.int64(18)): {'cpu': 54}, (2, np.int64(17)): {'cpu': 72}, (3, np.int64(11)): {'cpu': 40}, (4, np.int64(26)): {'cpu': 74}, (5, np.int64(25)): {'cpu': 45}, (6, np.int64(27)): {'cpu': 48}, (7, np.int64(21)): {'cpu': 55}, (8, np.int64(31)): {'cpu': 31}, (9, np.int64(15)): {'cpu': 78}}","{((0, 3), (np.int64(20), 1)): {'bw': 71}, ((0, 3), (1, 4)): {'bw': 71}, ((0, 3), (4, 7)): {'bw': 71}, ((0, 3), (7, 11)): {'bw': 71}}",0.0,0.0,1066.0,533.0,2273.0,0.0,0.0,0.0,0.0,0.0,0.0,0.0,0.0,0.0,Route Failure,100.0,"{'node_level': {}, 'link_level': {}, 'path_level': {}}","{'node_level': {0: {'cpu': -31}, 1: {'cpu': -10}, 2: {'cpu': -17}, 3: {'cpu': -31}, 4: {'cpu': -2}, 5: {'cpu': -6}, 6: {'cpu': -7}, 7: {'cpu': -21}, 8: {'cpu': -18}, 9: {'cpu': -16}}, 'link_level': {(0, 3): {'bw': -1}, (0, 5): {'bw': 100.0}}, 'path_level': {(0, 3): {}, (0, 5): {}}}","{'node_level': {0: {'cpu': 0}, 1: {'cpu': 0}, 2: {'cpu': 0}, 3: {'cpu': 0}, 4: {'cpu': 0}, 5: {'cpu': 0}, 6: {'cpu': 0}, 7: {'cpu': 0}, 8: {'cpu': 0}, 9: {'cpu': 0}}, 'link_level': {(0, 3): {'bw': 0}, (0, 5): {'bw': 100.0}}, 'path_level': {(0, 3): {}, (0, 5): {}}}",[],-inf,-inf,True,False,False,0,[],0,0.0,10.0,2.0,3
173,7,1,7475.0,16219.0,2765328.309907812,6017872.147549721,0.4608792157346322,0.45951928557235344,24,327,0,5801.182779667494,11990,2250,9740,0.15062287655719142,0.3353804162401911,153,629.1827796674944,5172.0,6,7,False,{},{},{},{},0.0,0.0,0.0,0.0,0.0,0.0,0.0,0.0,0.0,0.0,0.0,0.0,0.0,0.0,Leave Event,0.0,"{'node_level': {}, 'link_level': {}, 'path_level': {}}","{'node_level': {}, 'link_level': {}, 'path_level': {}}","{'node_level': {}, 'link_level': {}, 'path_level': {}}",[],-inf,-inf,True,True,False,0,[],0,0.0,,,3
174,7,1,7475.0,16219.0,2765328.309907812,6017872.147549721,0.4608792157346322,0.45951928557235344,24,328,1,5802.0,11990,2250,9740,0.15062287655719142,0.3353804162401911,173,669.7680460357386,5802.0,7,10,False,"{0: np.int64(17), 1: np.int64(33), 2: np.int64(10), 3: np.int64(11), 4: np.int64(21), 5: np.int64(1), 6: np.int64(25)}","{(0, 2): []}","{(0, np.int64(17)): {'cpu': 58}, (1, np.int64(33)): {'cpu': 55}, (2, np.int64(10)): {'cpu': 52}, (3, np.int64(11)): {'cpu': 57}, (4, np.int64(21)): {'cpu': 43}, (5, np.int64(1)): {'cpu': 68}, (6, np.int64(25)): {'cpu': 35}}",{},0.0,0.0,736.0,368.0,1145.0,0.0,0.0,0.0,0.0,0.0,0.0,0.0,0.0,0.0,Route Failure,100.0,"{'node_level': {}, 'link_level': {}, 'path_level': {}}","{'node_level': {0: {'cpu': -31}, 1: {'cpu': -19}, 2: {'cpu': -8}, 3: {'cpu': -14}, 4: {'cpu': -33}, 5: {'cpu': -6}, 6: {'cpu': -16}}, 'link_level': {(0, 2): {'bw': 100.0}}, 'path_level': {(0, 2): {}}}","{'node_level': {0: {'cpu': 0}, 1: {'cpu': 0}, 2: {'cpu': 0}, 3: {'cpu': 0}, 4: {'cpu': 0}, 5: {'cpu': 0}, 6: {'cpu': 0}}, 'link_level': {(0, 2): {'bw': 100.0}}, 'path_level': {(0, 2): {}}}",[],-inf,-inf,True,False,False,0,[],0,0.0,7.0,1.0,3
174,7,1,7475.0,16219.0,2765328.309907812,6017872.147549721,0.4608792157346322,0.45951928557235344,24,329,0,5828.472537029431,11990,2250,9740,0.15062287655719142,0.3353804162401911,162,382.47253702943124,5446.0,7,15,False,{},{},{},{},0.0,0.0,0.0,0.0,0.0,0.0,0.0,0.0,0.0,0.0,0.0,0.0,0.0,0.0,Leave Event,0.0,"{'node_level': {}, 'link_level': {}, 'path_level': {}}","{'node_level': {}, 'link_level': {}, 'path_level': {}}","{'node_level': {}, 'link_level': {}, 'path_level': {}}",[],-inf,-inf,True,True,False,0,[],0,0.0,,,3
174,7,1,7475.0,16219.0,2765328.309907812,6017872.147549721,0.4608792157346322,0.45951928557235344,24,330,0,5834.052219558653,11990,2250,9740,0.15062287655719142,0.3353804162401911,112,2042.052219558653,3792.0,8,17,False,{},{},{},{},0.0,0.0,0.0,0.0,0.0,0.0,0.0,0.0,0.0,0.0,0.0,0.0,0.0,0.0,Leave Event,0.0,"{'node_level': {}, 'link_level': {}, 'path_level': {}}","{'node_level': {}, 'link_level': {}, 'path_level': {}}","{'node_level': {}, 'link_level': {}, 'path_level': {}}",[],-inf,-inf,True,True,False,0,[],0,0.0,,,3
175,7,1,7475.0,16219.0,2765328.309907812,6017872.147549721,0.4608792157346322,0.45951928557235344,24,331,1,5844.0,11990,2250,9740,0.15062287655719142,0.3353804162401911,174,2563.632171770084,5844.0,6,9,False,"{0: np.int64(13), 1: np.int64(30), 2: np.int64(21), 3: np.int64(26), 4: np.int64(17), 5: np.int64(16)}","{(0, 1): [(np.int64(13), 2), (2, 29), (29, 30)], (0, 2): [(np.int64(13), 3), (3, 21)], (0, 4): []}","{(0, np.int64(13)): {'cpu': 71}, (1, np.int64(30)): {'cpu': 79}, (2, np.int64(21)): {'cpu': 72}, (3, np.int64(26)): {'cpu': 74}, (4, np.int64(17)): {'cpu': 51}, (5, np.int64(16)): {'cpu': 74}}","{((0, 1), (np.int64(13), 2)): {'bw': 74}, ((0, 1), (2, 29)): {'bw': 74}, ((0, 1), (29, 30)): {'bw': 74}, ((0, 2), (np.int64(13), 3)): {'bw': 95}, ((0, 2), (3, 21)): {'bw': 95}}",0.0,0.0,842.0,421.0,962.0,0.0,0.0,0.0,0.0,0.0,0.0,0.0,0.0,0.0,Route Failure,100.0,"{'node_level': {}, 'link_level': {}, 'path_level': {}}","{'node_level': {0: {'cpu': -11}, 1: {'cpu': -4}, 2: {'cpu': -4}, 3: {'cpu': -2}, 4: {'cpu': -38}, 5: {'cpu': -5}}, 'link_level': {(0, 1): {'bw': -58}, (0, 2): {'bw': -105}, (0, 4): {'bw': 100.0}}, 'path_level': {(0, 1): {}, (0, 2): {}, (0, 4): {}}}","{'node_level': {0: {'cpu': 0}, 1: {'cpu': 0}, 2: {'cpu': 0}, 3: {'cpu': 0}, 4: {'cpu': 0}, 5: {'cpu': 0}}, 'link_level': {(0, 1): {'bw': 0}, (0, 2): {'bw': 0}, (0, 4): {'bw': 100.0}}, 'path_level': {(0, 1): {}, (0, 2): {}, (0, 4): {}}}",[],-inf,-inf,True,False,False,0,[],0,0.0,6.0,3.0,3
175,7,0,7475.0,16219.0,2765328.309907812,6017872.147549721,0.4608792157346322,0.45951928557235344,24,332,0,5855.935078484167,17304,2649,14655,0.0,0.0,164,340.935078484167,5515.0,9,16,False,{},{},{},{},0.0,0.0,0.0,0.0,0.0,0.0,0.0,0.0,0.0,0.0,0.0,0.0,0.0,0.0,Leave Event,0.0,"{'node_level': {}, 'link_level': {}, 'path_level': {}}","{'node_level': {}, 'link_level': {}, 'path_level': {}}","{'node_level': {}, 'link_level': {}, 'path_level': {}}",[],-inf,-inf,True,True,False,0,[],0,0.0,,,3
176,7,0,7475.0,16219.0,2765328.309907812,6017872.147549721,0.4608792157346322,0.45951928557235344,24,333,1,5869.0,17304,2649,14655,0.0,0.0,175,1293.8577687226698,5869.0,6,8,False,"{0: np.int64(28), 1: np.int64(19), 2: np.int64(30), 3: np.int64(15), 4: np.int64(14), 5: np.int64(10)}","{(0, 1): [(np.int64(28), 0), (0, 12), (12, 15), (15, 19)], (0, 2): [(np.int64(28), 30)], (0, 4): [(np.int64(28), 0), (0, 12), (12, 14)], (1, 2): [(np.int64(19), 15), (15, 12), (12, 1), (1, 28), (28, 30)], (1, 3): [(np.int64(19), 15)], (1, 4): []}","{(0, np.int64(28)): {'cpu': 57}, (1, np.int64(19)): {'cpu': 72}, (2, np.int64(30)): {'cpu': 61}, (3, np.int64(15)): {'cpu': 70}, (4, np.int64(14)): {'cpu': 45}, (5, np.int64(10)): {'cpu': 59}}","{((0, 1), (np.int64(28), 0)): {'bw': 128}, ((0, 1), (0, 12)): {'bw': 128}, ((0, 1), (12, 15)): {'bw': 128}, ((0, 1), (15, 19)): {'bw': 128}, ((0, 2), (np.int64(28), 30)): {'bw': 141}, ((0, 4), (np.int64(28), 0)): {'bw': 123}, ((0, 4), (0, 12)): {'bw': 123}, ((0, 4), (12, 14)): {'bw': 123}, ((1, 2), (np.int64(19), 15)): {'bw': 97}, ((1, 2), (15, 12)): {'bw': 97}, ((1, 2), (12, 1)): {'bw': 97}, ((1, 2), (1, 28)): {'bw': 97}, ((1, 2), (28, 30)): {'bw': 97}, ((1, 3), (np.int64(19), 15)): {'bw': 64}}",0.0,0.0,728.0,364.0,829.0,0.0,0.0,0.0,0.0,0.0,0.0,0.0,0.0,0.0,Route Failure,100.0,"{'node_level': {}, 'link_level': {}, 'path_level': {}}","{'node_level': {0: {'cpu': -33}, 1: {'cpu': -4}, 2: {'cpu': -22}, 3: {'cpu': -24}, 4: {'cpu': -25}, 5: {'cpu': -1}}, 'link_level': {(0, 1): {'bw': -171}, (0, 2): {'bw': -200}, (0, 4): {'bw': -72}, (1, 2): {'bw': -74}, (1, 3): {'bw': -10}, (1, 4): {'bw': 100.0}}, 'path_level': {(0, 1): {}, (0, 2): {}, (0, 4): {}, (1, 2): {}, (1, 3): {}, (1, 4): {}}}","{'node_level': {0: {'cpu': 0}, 1: {'cpu': 0}, 2: {'cpu': 0}, 3: {'cpu': 0}, 4: {'cpu': 0}, 5: {'cpu': 0}}, 'link_level': {(0, 1): {'bw': 0}, (0, 2): {'bw': 0}, (0, 4): {'bw': 0}, (1, 2): {'bw': 0}, (1, 3): {'bw': 0}, (1, 4): {'bw': 100.0}}, 'path_level': {(0, 1): {}, (0, 2): {}, (0, 4): {}, (1, 2): {}, (1, 3): {}, (1, 4): {}}}",[],-inf,-inf,True,False,False,0,[],0,0.0,6.0,6.0,3
176,7,0,7475.0,16219.0,2765328.309907812,6017872.147549721,0.4608792157346322,0.45951928557235344,24,334,0,5899.573841842553,17304,2649,14655,0.0,0.0,156,635.5738418425525,5264.0,7,15,False,{},{},{},{},0.0,0.0,0.0,0.0,0.0,0.0,0.0,0.0,0.0,0.0,0.0,0.0,0.0,0.0,Leave Event,0.0,"{'node_level': {}, 'link_level': {}, 'path_level': {}}","{'node_level': {}, 'link_level': {}, 'path_level': {}}","{'node_level': {}, 'link_level': {}, 'path_level': {}}",[],-inf,-inf,True,True,False,0,[],0,0.0,,,3
177,7,0,7475.0,16219.0,2765328.309907812,6017872.147549721,0.4608792157346322,0.45951928557235344,24,335,1,5902.0,17304,2649,14655,0.0,0.0,176,398.4066415982426,5902.0,10,26,False,"{0: np.int64(11), 1: np.int64(35), 2: np.int64(32), 3: np.int64(0), 4: np.int64(14), 5: np.int64(16), 6: np.int64(22), 7: np.int64(19), 8: np.int64(33), 9: np.int64(26)}","{(0, 2): [(np.int64(11), 7), (7, 4), (4, 0), (0, 28), (28, 30), (30, 32)], (0, 6): [(np.int64(11), 7), (7, 4), (4, 0), (0, 20), (20, 22)], (0, 8): [(np.int64(11), 7), (7, 4), (4, 1), (1, 28), (28, 30), (30, 33)], (0, 9): [(np.int64(11), 7), (7, 4), (4, 1), (1, 20), (20, 23), (23, 26)], (1, 2): [(np.int64(35), 31), (31, 29), (29, 30), (30, 32)], (1, 4): []}","{(0, np.int64(11)): {'cpu': 38}, (1, np.int64(35)): {'cpu': 41}, (2, np.int64(32)): {'cpu': 71}, (3, np.int64(0)): {'cpu': 53}, (4, np.int64(14)): {'cpu': 39}, (5, np.int64(16)): {'cpu': 54}, (6, np.int64(22)): {'cpu': 31}, (7, np.int64(19)): {'cpu': 67}, (8, np.int64(33)): {'cpu': 44}, (9, np.int64(26)): {'cpu': 68}}","{((0, 2), (np.int64(11), 7)): {'bw': 91}, ((0, 2), (7, 4)): {'bw': 91}, ((0, 2), (4, 0)): {'bw': 91}, ((0, 2), (0, 28)): {'bw': 91}, ((0, 2), (28, 30)): {'bw': 91}, ((0, 2), (30, 32)): {'bw': 91}, ((0, 6), (np.int64(11), 7)): {'bw': 83}, ((0, 6), (7, 4)): {'bw': 83}, ((0, 6), (4, 0)): {'bw': 83}, ((0, 6), (0, 20)): {'bw': 83}, ((0, 6), (20, 22)): {'bw': 83}, ((0, 8), (np.int64(11), 7)): {'bw': 120}, ((0, 8), (7, 4)): {'bw': 120}, ((0, 8), (4, 1)): {'bw': 120}, ((0, 8), (1, 28)): {'bw': 120}, ((0, 8), (28, 30)): {'bw': 120}, ((0, 8), (30, 33)): {'bw': 120}, ((0, 9), (np.int64(11), 7)): {'bw': 76}, ((0, 9), (7, 4)): {'bw': 76}, ((0, 9), (4, 1)): {'bw': 76}, ((0, 9), (1, 20)): {'bw': 76}, ((0, 9), (20, 23)): {'bw': 76}, ((0, 9), (23, 26)): {'bw': 76}, ((1, 2), (np.int64(35), 31)): {'bw': 133}, ((1, 2), (31, 29)): {'bw': 133}, ((1, 2), (29, 30)): {'bw': 133}, ((1, 2), (30, 32)): {'bw': 133}}",0.0,0.0,1012.0,506.0,2689.0,0.0,0.0,0.0,0.0,0.0,0.0,0.0,0.0,0.0,Route Failure,100.0,"{'node_level': {}, 'link_level': {}, 'path_level': {}}","{'node_level': {0: {'cpu': -33}, 1: {'cpu': -52}, 2: {'cpu': -21}, 3: {'cpu': -39}, 4: {'cpu': -31}, 5: {'cpu': -25}, 6: {'cpu': -41}, 7: {'cpu': -9}, 8: {'cpu': -30}, 9: {'cpu': -8}}, 'link_level': {(0, 2): {'bw': -142}, (0, 6): {'bw': -59}, (0, 8): {'bw': -80}, (0, 9): {'bw': -4}, (1, 2): {'bw': -69}, (1, 4): {'bw': 100.0}}, 'path_level': {(0, 2): {}, (0, 6): {}, (0, 8): {}, (0, 9): {}, (1, 2): {}, (1, 4): {}}}","{'node_level': {0: {'cpu': 0}, 1: {'cpu': 0}, 2: {'cpu': 0}, 3: {'cpu': 0}, 4: {'cpu': 0}, 5: {'cpu': 0}, 6: {'cpu': 0}, 7: {'cpu': 0}, 8: {'cpu': 0}, 9: {'cpu': 0}}, 'link_level': {(0, 2): {'bw': 0}, (0, 6): {'bw': 0}, (0, 8): {'bw': 0}, (0, 9): {'bw': 0}, (1, 2): {'bw': 0}, (1, 4): {'bw': 100.0}}, 'path_level': {(0, 2): {}, (0, 6): {}, (0, 8): {}, (0, 9): {}, (1, 2): {}, (1, 4): {}}}",[],-inf,-inf,True,False,False,0,[],0,0.0,10.0,6.0,3
177,7,0,7475.0,16219.0,2765328.309907812,6017872.147549721,0.4608792157346322,0.45951928557235344,24,336,0,5919.393650072973,17304,2649,14655,0.0,0.0,165,375.3936500729731,5544.0,8,15,False,{},{},{},{},0.0,0.0,0.0,0.0,0.0,0.0,0.0,0.0,0.0,0.0,0.0,0.0,0.0,0.0,Leave Event,0.0,"{'node_level': {}, 'link_level': {}, 'path_level': {}}","{'node_level': {}, 'link_level': {}, 'path_level': {}}","{'node_level': {}, 'link_level': {}, 'path_level': {}}",[],-inf,-inf,True,True,False,0,[],0,0.0,,,3
177,7,0,7475.0,16219.0,2765328.309907812,6017872.147549721,0.4608792157346322,0.45951928557235344,24,337,0,5943.924427155794,17304,2649,14655,0.0,0.0,169,275.9244271557935,5668.0,10,24,False,{},{},{},{},0.0,0.0,0.0,0.0,0.0,0.0,0.0,0.0,0.0,0.0,0.0,0.0,0.0,0.0,Leave Event,0.0,"{'node_level': {}, 'link_level': {}, 'path_level': {}}","{'node_level': {}, 'link_level': {}, 'path_level': {}}","{'node_level': {}, 'link_level': {}, 'path_level': {}}",[],-inf,-inf,True,True,False,0,[],0,0.0,,,3
178,7,0,7475.0,16219.0,2765328.309907812,6017872.147549721,0.4608792157346322,0.45951928557235344,24,338,1,5945.0,17304,2649,14655,0.0,0.0,177,182.00185757307167,5945.0,10,26,False,"{0: np.int64(17), 1: np.int64(10), 2: np.int64(2), 3: np.int64(0), 4: np.int64(18), 5: np.int64(33), 6: np.int64(21), 7: np.int64(14), 8: np.int64(26), 9: np.int64(12)}","{(0, 1): [(np.int64(17), 14), (14, 12), (12, 0), (0, 4), (4, 7), (7, 10)], (0, 6): [(np.int64(17), 14), (14, 13), (13, 2), (2, 21)], (0, 8): []}","{(0, np.int64(17)): {'cpu': 52}, (1, np.int64(10)): {'cpu': 40}, (2, np.int64(2)): {'cpu': 50}, (3, np.int64(0)): {'cpu': 46}, (4, np.int64(18)): {'cpu': 42}, (5, np.int64(33)): {'cpu': 47}, (6, np.int64(21)): {'cpu': 37}, (7, np.int64(14)): {'cpu': 34}, (8, np.int64(26)): {'cpu': 64}, (9, np.int64(12)): {'cpu': 52}}","{((0, 1), (np.int64(17), 14)): {'bw': 121}, ((0, 1), (14, 12)): {'bw': 121}, ((0, 1), (12, 0)): {'bw': 121}, ((0, 1), (0, 4)): {'bw': 121}, ((0, 1), (4, 7)): {'bw': 121}, ((0, 1), (7, 10)): {'bw': 121}, ((0, 6), (np.int64(17), 14)): {'bw': 148}, ((0, 6), (14, 13)): {'bw': 148}, ((0, 6), (13, 2)): {'bw': 148}, ((0, 6), (2, 21)): {'bw': 148}}",0.0,0.0,928.0,464.0,2932.0,0.0,0.0,0.0,0.0,0.0,0.0,0.0,0.0,0.0,Route Failure,100.0,"{'node_level': {}, 'link_level': {}, 'path_level': {}}","{'node_level': {0: {'cpu': -37}, 1: {'cpu': -20}, 2: {'cpu': -3}, 3: {'cpu': -46}, 4: {'cpu': -22}, 5: {'cpu': -27}, 6: {'cpu': -39}, 7: {'cpu': -36}, 8: {'cpu': -12}, 9: {'cpu': -36}}, 'link_level': {(0, 1): {'bw': -112}, (0, 6): {'bw': -50}, (0, 8): {'bw': 100.0}}, 'path_level': {(0, 1): {}, (0, 6): {}, (0, 8): {}}}","{'node_level': {0: {'cpu': 0}, 1: {'cpu': 0}, 2: {'cpu': 0}, 3: {'cpu': 0}, 4: {'cpu': 0}, 5: {'cpu': 0}, 6: {'cpu': 0}, 7: {'cpu': 0}, 8: {'cpu': 0}, 9: {'cpu': 0}}, 'link_level': {(0, 1): {'bw': 0}, (0, 6): {'bw': 0}, (0, 8): {'bw': 100.0}}, 'path_level': {(0, 1): {}, (0, 6): {}, (0, 8): {}}}",[],-inf,-inf,True,False,False,0,[],0,0.0,10.0,3.0,3
179,7,0,7475.0,16219.0,2765328.309907812,6017872.147549721,0.4608792157346322,0.45951928557235344,24,339,1,5975.0,17304,2649,14655,0.0,0.0,178,486.8442522757859,5975.0,8,14,False,"{0: np.int64(26), 1: np.int64(13), 2: np.int64(24), 3: np.int64(35), 4: np.int64(1), 5: np.int64(8), 6: np.int64(31), 7: np.int64(19)}","{(0, 1): [(np.int64(26), 23), (23, 21), (21, 2), (2, 13)], (1, 2): [(np.int64(13), 3), (3, 21), (21, 22), (22, 24)], (1, 4): [(np.int64(13), 14), (14, 12), (12, 1)], (1, 6): [(np.int64(13), 2), (2, 29), (29, 31)], (1, 7): [(np.int64(13), 15), (15, 19)], (2, 3): []}","{(0, np.int64(26)): {'cpu': 65}, (1, np.int64(13)): {'cpu': 61}, (2, np.int64(24)): {'cpu': 46}, (3, np.int64(35)): {'cpu': 71}, (4, np.int64(1)): {'cpu': 34}, (5, np.int64(8)): {'cpu': 43}, (6, np.int64(31)): {'cpu': 65}, (7, np.int64(19)): {'cpu': 69}}","{((0, 1), (np.int64(26), 23)): {'bw': 150}, ((0, 1), (23, 21)): {'bw': 150}, ((0, 1), (21, 2)): {'bw': 150}, ((0, 1), (2, 13)): {'bw': 150}, ((1, 2), (np.int64(13), 3)): {'bw': 145}, ((1, 2), (3, 21)): {'bw': 145}, ((1, 2), (21, 22)): {'bw': 145}, ((1, 2), (22, 24)): {'bw': 145}, ((1, 4), (np.int64(13), 14)): {'bw': 104}, ((1, 4), (14, 12)): {'bw': 104}, ((1, 4), (12, 1)): {'bw': 104}, ((1, 6), (np.int64(13), 2)): {'bw': 96}, ((1, 6), (2, 29)): {'bw': 96}, ((1, 6), (29, 31)): {'bw': 96}, ((1, 7), (np.int64(13), 15)): {'bw': 93}, ((1, 7), (15, 19)): {'bw': 93}}",0.0,0.0,908.0,454.0,1453.0,0.0,0.0,0.0,0.0,0.0,0.0,0.0,0.0,0.0,Route Failure,100.0,"{'node_level': {}, 'link_level': {}, 'path_level': {}}","{'node_level': {0: {'cpu': -11}, 1: {'cpu': -21}, 2: {'cpu': -6}, 3: {'cpu': -22}, 4: {'cpu': -40}, 5: {'cpu': -50}, 6: {'cpu': -14}, 7: {'cpu': -7}}, 'link_level': {(0, 1): {'bw': -78}, (1, 2): {'bw': -55}, (1, 4): {'bw': -97}, (1, 6): {'bw': -81}, (1, 7): {'bw': -192}, (2, 3): {'bw': 100.0}}, 'path_level': {(0, 1): {}, (1, 2): {}, (1, 4): {}, (1, 6): {}, (1, 7): {}, (2, 3): {}}}","{'node_level': {0: {'cpu': 0}, 1: {'cpu': 0}, 2: {'cpu': 0}, 3: {'cpu': 0}, 4: {'cpu': 0}, 5: {'cpu': 0}, 6: {'cpu': 0}, 7: {'cpu': 0}}, 'link_level': {(0, 1): {'bw': 0}, (1, 2): {'bw': 0}, (1, 4): {'bw': 0}, (1, 6): {'bw': 0}, (1, 7): {'bw': 0}, (2, 3): {'bw': 100.0}}, 'path_level': {(0, 1): {}, (1, 2): {}, (1, 4): {}, (1, 6): {}, (1, 7): {}, (2, 3): {}}}",[],-inf,-inf,True,False,False,0,[],0,0.0,8.0,6.0,3
179,7,0,7475.0,16219.0,2765328.309907812,6017872.147549721,0.4608792157346322,0.45951928557235344,24,340,0,5998.326373609575,17304,2649,14655,0.0,0.0,172,225.326373609575,5773.0,10,22,False,{},{},{},{},0.0,0.0,0.0,0.0,0.0,0.0,0.0,0.0,0.0,0.0,0.0,0.0,0.0,0.0,Leave Event,0.0,"{'node_level': {}, 'link_level': {}, 'path_level': {}}","{'node_level': {}, 'link_level': {}, 'path_level': {}}","{'node_level': {}, 'link_level': {}, 'path_level': {}}",[],-inf,-inf,True,True,False,0,[],0,0.0,,,3
179,7,0,7475.0,16219.0,2765328.309907812,6017872.147549721,0.4608792157346322,0.45951928557235344,24,341,0,6006.359204661723,17304,2649,14655,0.0,0.0,170,304.35920466172354,5702.0,7,8,False,{},{},{},{},0.0,0.0,0.0,0.0,0.0,0.0,0.0,0.0,0.0,0.0,0.0,0.0,0.0,0.0,Leave Event,0.0,"{'node_level': {}, 'link_level': {}, 'path_level': {}}","{'node_level': {}, 'link_level': {}, 'path_level': {}}","{'node_level': {}, 'link_level': {}, 'path_level': {}}",[],-inf,-inf,True,True,False,0,[],0,0.0,,,3
180,7,0,7475.0,16219.0,2765328.309907812,6017872.147549721,0.4608792157346322,0.45951928557235344,24,342,1,6008.0,17304,2649,14655,0.0,0.0,179,576.4840838307657,6008.0,6,10,False,"{0: np.int64(26), 1: np.int64(12), 2: np.int64(19), 3: np.int64(0), 4: np.int64(16), 5: np.int64(8)}","{(0, 1): [(np.int64(26), 23), (23, 20), (20, 0), (0, 12)], (0, 2): [(np.int64(26), 23), (23, 21), (21, 2), (2, 13), (13, 15), (15, 19)], (0, 3): []}","{(0, np.int64(26)): {'cpu': 39}, (1, np.int64(12)): {'cpu': 79}, (2, np.int64(19)): {'cpu': 60}, (3, np.int64(0)): {'cpu': 55}, (4, np.int64(16)): {'cpu': 41}, (5, np.int64(8)): {'cpu': 62}}","{((0, 1), (np.int64(26), 23)): {'bw': 135}, ((0, 1), (23, 20)): {'bw': 135}, ((0, 1), (20, 0)): {'bw': 135}, ((0, 1), (0, 12)): {'bw': 135}, ((0, 2), (np.int64(26), 23)): {'bw': 146}, ((0, 2), (23, 21)): {'bw': 146}, ((0, 2), (21, 2)): {'bw': 146}, ((0, 2), (2, 13)): {'bw': 146}, ((0, 2), (13, 15)): {'bw': 146}, ((0, 2), (15, 19)): {'bw': 146}}",0.0,0.0,672.0,336.0,1128.0,0.0,0.0,0.0,0.0,0.0,0.0,0.0,0.0,0.0,Route Failure,100.0,"{'node_level': {}, 'link_level': {}, 'path_level': {}}","{'node_level': {0: {'cpu': -37}, 1: {'cpu': -9}, 2: {'cpu': -16}, 3: {'cpu': -37}, 4: {'cpu': -38}, 5: {'cpu': -31}}, 'link_level': {(0, 1): {'bw': -144}, (0, 2): {'bw': -82}, (0, 3): {'bw': 100.0}}, 'path_level': {(0, 1): {}, (0, 2): {}, (0, 3): {}}}","{'node_level': {0: {'cpu': 0}, 1: {'cpu': 0}, 2: {'cpu': 0}, 3: {'cpu': 0}, 4: {'cpu': 0}, 5: {'cpu': 0}}, 'link_level': {(0, 1): {'bw': 0}, (0, 2): {'bw': 0}, (0, 3): {'bw': 100.0}}, 'path_level': {(0, 1): {}, (0, 2): {}, (0, 3): {}}}",[],-inf,-inf,True,False,False,0,[],0,0.0,6.0,3.0,3
180,7,0,7475.0,16219.0,2765328.309907812,6017872.147549721,0.4608792157346322,0.45951928557235344,24,343,0,6012.707737930094,17304,2649,14655,0.0,0.0,97,2734.707737930094,3278.0,10,22,False,{},{},{},{},0.0,0.0,0.0,0.0,0.0,0.0,0.0,0.0,0.0,0.0,0.0,0.0,0.0,0.0,Leave Event,0.0,"{'node_level': {}, 'link_level': {}, 'path_level': {}}","{'node_level': {}, 'link_level': {}, 'path_level': {}}","{'node_level': {}, 'link_level': {}, 'path_level': {}}",[],-inf,-inf,True,True,False,0,[],0,0.0,,,3
181,7,0,7475.0,16219.0,2765328.309907812,6017872.147549721,0.4608792157346322,0.45951928557235344,24,344,1,6033.0,17304,2649,14655,0.0,0.0,180,374.2900471713494,6033.0,10,18,False,"{0: np.int64(35), 1: np.int64(26), 2: np.int64(32), 3: np.int64(20), 4: np.int64(10), 5: np.int64(0), 6: np.int64(31), 7: np.int64(12), 8: np.int64(13), 9: np.int64(6)}","{(0, 2): [(np.int64(35), 31), (31, 28), (28, 30), (30, 32)], (0, 3): [(np.int64(35), 31), (31, 28), (28, 0), (0, 20)], (0, 5): []}","{(0, np.int64(35)): {'cpu': 65}, (1, np.int64(26)): {'cpu': 68}, (2, np.int64(32)): {'cpu': 46}, (3, np.int64(20)): {'cpu': 50}, (4, np.int64(10)): {'cpu': 47}, (5, np.int64(0)): {'cpu': 75}, (6, np.int64(31)): {'cpu': 73}, (7, np.int64(12)): {'cpu': 80}, (8, np.int64(13)): {'cpu': 69}, (9, np.int64(6)): {'cpu': 64}}","{((0, 2), (np.int64(35), 31)): {'bw': 122}, ((0, 2), (31, 28)): {'bw': 122}, ((0, 2), (28, 30)): {'bw': 122}, ((0, 2), (30, 32)): {'bw': 122}, ((0, 3), (np.int64(35), 31)): {'bw': 64}, ((0, 3), (31, 28)): {'bw': 64}, ((0, 3), (28, 0)): {'bw': 64}, ((0, 3), (0, 20)): {'bw': 64}}",0.0,0.0,1274.0,637.0,1849.0,0.0,0.0,0.0,0.0,0.0,0.0,0.0,0.0,0.0,Route Failure,100.0,"{'node_level': {}, 'link_level': {}, 'path_level': {}}","{'node_level': {0: {'cpu': -28}, 1: {'cpu': -8}, 2: {'cpu': -46}, 3: {'cpu': -17}, 4: {'cpu': -13}, 5: {'cpu': -17}, 6: {'cpu': -6}, 7: {'cpu': -8}, 8: {'cpu': -13}, 9: {'cpu': -5}}, 'link_level': {(0, 2): {'bw': -80}, (0, 3): {'bw': -16}, (0, 5): {'bw': 100.0}}, 'path_level': {(0, 2): {}, (0, 3): {}, (0, 5): {}}}","{'node_level': {0: {'cpu': 0}, 1: {'cpu': 0}, 2: {'cpu': 0}, 3: {'cpu': 0}, 4: {'cpu': 0}, 5: {'cpu': 0}, 6: {'cpu': 0}, 7: {'cpu': 0}, 8: {'cpu': 0}, 9: {'cpu': 0}}, 'link_level': {(0, 2): {'bw': 0}, (0, 3): {'bw': 0}, (0, 5): {'bw': 100.0}}, 'path_level': {(0, 2): {}, (0, 3): {}, (0, 5): {}}}",[],-inf,-inf,True,False,False,0,[],0,0.0,10.0,3.0,3
182,7,0,7475.0,16219.0,2765328.309907812,6017872.147549721,0.4608792157346322,0.45951928557235344,24,345,1,6061.0,17304,2649,14655,0.0,0.0,181,208.87763496470305,6061.0,10,25,False,"{0: np.int64(31), 1: np.int64(12), 2: np.int64(8), 3: np.int64(29), 4: np.int64(11), 5: np.int64(23), 6: np.int64(15), 7: np.int64(34), 8: np.int64(32), 9: np.int64(19)}","{(0, 1): [(np.int64(31), 28), (28, 0), (0, 12)], (0, 5): [(np.int64(31), 28), (28, 0), (0, 20), (20, 23)], (0, 6): [(np.int64(31), 28), (28, 0), (0, 12), (12, 15)], (0, 7): [(np.int64(31), 34)], (1, 4): [(np.int64(12), 0), (0, 4), (4, 7), (7, 11)], (1, 5): [(np.int64(12), 1), (1, 20), (20, 23)], (1, 6): [(np.int64(12), 15)], (1, 7): [(np.int64(12), 14), (14, 13), (13, 2), (2, 29), (29, 31), (31, 34)], (1, 8): [(np.int64(12), 1), (1, 28), (28, 30), (30, 32)], (1, 9): []}","{(0, np.int64(31)): {'cpu': 45}, (1, np.int64(12)): {'cpu': 71}, (2, np.int64(8)): {'cpu': 45}, (3, np.int64(29)): {'cpu': 77}, (4, np.int64(11)): {'cpu': 47}, (5, np.int64(23)): {'cpu': 39}, (6, np.int64(15)): {'cpu': 65}, (7, np.int64(34)): {'cpu': 56}, (8, np.int64(32)): {'cpu': 80}, (9, np.int64(19)): {'cpu': 66}}","{((0, 1), (np.int64(31), 28)): {'bw': 150}, ((0, 1), (28, 0)): {'bw': 150}, ((0, 1), (0, 12)): {'bw': 150}, ((0, 5), (np.int64(31), 28)): {'bw': 110}, ((0, 5), (28, 0)): {'bw': 110}, ((0, 5), (0, 20)): {'bw': 110}, ((0, 5), (20, 23)): {'bw': 110}, ((0, 6), (np.int64(31), 28)): {'bw': 98}, ((0, 6), (28, 0)): {'bw': 98}, ((0, 6), (0, 12)): {'bw': 98}, ((0, 6), (12, 15)): {'bw': 98}, ((0, 7), (np.int64(31), 34)): {'bw': 107}, ((1, 4), (np.int64(12), 0)): {'bw': 60}, ((1, 4), (0, 4)): {'bw': 60}, ((1, 4), (4, 7)): {'bw': 60}, ((1, 4), (7, 11)): {'bw': 60}, ((1, 5), (np.int64(12), 1)): {'bw': 95}, ((1, 5), (1, 20)): {'bw': 95}, ((1, 5), (20, 23)): {'bw': 95}, ((1, 6), (np.int64(12), 15)): {'bw': 134}, ((1, 7), (np.int64(12), 14)): {'bw': 144}, ((1, 7), (14, 13)): {'bw': 144}, ((1, 7), (13, 2)): {'bw': 144}, ((1, 7), (2, 29)): {'bw': 144}, ((1, 7), (29, 31)): {'bw': 144}, ((1, 7), (31, 34)): {'bw': 144}, ((1, 8), (np.int64(12), 1)): {'bw': 119}, ((1, 8), (1, 28)): {'bw': 119}, ((1, 8), (28, 30)): {'bw': 119}, ((1, 8), (30, 32)): {'bw': 119}}",0.0,0.0,1182.0,591.0,2722.0,0.0,0.0,0.0,0.0,0.0,0.0,0.0,0.0,0.0,Route Failure,100.0,"{'node_level': {}, 'link_level': {}, 'path_level': {}}","{'node_level': {0: {'cpu': -34}, 1: {'cpu': -17}, 2: {'cpu': -48}, 3: {'cpu': -19}, 4: {'cpu': -24}, 5: {'cpu': -13}, 6: {'cpu': -29}, 7: {'cpu': -1}, 8: {'cpu': -12}, 9: {'cpu': -10}}, 'link_level': {(0, 1): {'bw': -173}, (0, 5): {'bw': -105}, (0, 6): {'bw': -7}, (0, 7): {'bw': -145}, (1, 4): {'bw': -15}, (1, 5): {'bw': -75}, (1, 6): {'bw': -81}, (1, 7): {'bw': -1}, (1, 8): {'bw': -6}, (1, 9): {'bw': 100.0}}, 'path_level': {(0, 1): {}, (0, 5): {}, (0, 6): {}, (0, 7): {}, (1, 4): {}, (1, 5): {}, (1, 6): {}, (1, 7): {}, (1, 8): {}, (1, 9): {}}}","{'node_level': {0: {'cpu': 0}, 1: {'cpu': 0}, 2: {'cpu': 0}, 3: {'cpu': 0}, 4: {'cpu': 0}, 5: {'cpu': 0}, 6: {'cpu': 0}, 7: {'cpu': 0}, 8: {'cpu': 0}, 9: {'cpu': 0}}, 'link_level': {(0, 1): {'bw': 0}, (0, 5): {'bw': 0}, (0, 6): {'bw': 0}, (0, 7): {'bw': 0}, (1, 4): {'bw': 0}, (1, 5): {'bw': 0}, (1, 6): {'bw': 0}, (1, 7): {'bw': 0}, (1, 8): {'bw': 0}, (1, 9): {'bw': 100.0}}, 'path_level': {(0, 1): {}, (0, 5): {}, (0, 6): {}, (0, 7): {}, (1, 4): {}, (1, 5): {}, (1, 6): {}, (1, 7): {}, (1, 8): {}, (1, 9): {}}}",[],-inf,-inf,True,False,False,0,[],0,0.0,10.0,10.0,3
183,7,0,7475.0,16219.0,2765328.309907812,6017872.147549721,0.4608792157346322,0.45951928557235344,24,346,1,6090.0,17304,2649,14655,0.0,0.0,182,303.8762452467725,6090.0,10,24,False,"{0: np.int64(17), 1: np.int64(26), 2: np.int64(0), 3: np.int64(7), 4: np.int64(16), 5: np.int64(30), 6: np.int64(14), 7: np.int64(22), 8: np.int64(31), 9: np.int64(15)}","{(0, 2): [(np.int64(17), 14), (14, 12), (12, 0)], (0, 3): [(np.int64(17), 14), (14, 12), (12, 0), (0, 4), (4, 7)], (0, 4): []}","{(0, np.int64(17)): {'cpu': 40}, (1, np.int64(26)): {'cpu': 70}, (2, np.int64(0)): {'cpu': 78}, (3, np.int64(7)): {'cpu': 32}, (4, np.int64(16)): {'cpu': 38}, (5, np.int64(30)): {'cpu': 49}, (6, np.int64(14)): {'cpu': 35}, (7, np.int64(22)): {'cpu': 60}, (8, np.int64(31)): {'cpu': 37}, (9, np.int64(15)): {'cpu': 65}}","{((0, 2), (np.int64(17), 14)): {'bw': 81}, ((0, 2), (14, 12)): {'bw': 81}, ((0, 2), (12, 0)): {'bw': 81}, ((0, 3), (np.int64(17), 14)): {'bw': 126}, ((0, 3), (14, 12)): {'bw': 126}, ((0, 3), (12, 0)): {'bw': 126}, ((0, 3), (0, 4)): {'bw': 126}, ((0, 3), (4, 7)): {'bw': 126}}",0.0,0.0,1008.0,504.0,2509.0,0.0,0.0,0.0,0.0,0.0,0.0,0.0,0.0,0.0,Route Failure,100.0,"{'node_level': {}, 'link_level': {}, 'path_level': {}}","{'node_level': {0: {'cpu': -49}, 1: {'cpu': -6}, 2: {'cpu': -14}, 3: {'cpu': -28}, 4: {'cpu': -41}, 5: {'cpu': -34}, 6: {'cpu': -35}, 7: {'cpu': -12}, 8: {'cpu': -42}, 9: {'cpu': -29}}, 'link_level': {(0, 2): {'bw': -152}, (0, 3): {'bw': -26}, (0, 4): {'bw': 100.0}}, 'path_level': {(0, 2): {}, (0, 3): {}, (0, 4): {}}}","{'node_level': {0: {'cpu': 0}, 1: {'cpu': 0}, 2: {'cpu': 0}, 3: {'cpu': 0}, 4: {'cpu': 0}, 5: {'cpu': 0}, 6: {'cpu': 0}, 7: {'cpu': 0}, 8: {'cpu': 0}, 9: {'cpu': 0}}, 'link_level': {(0, 2): {'bw': 0}, (0, 3): {'bw': 0}, (0, 4): {'bw': 100.0}}, 'path_level': {(0, 2): {}, (0, 3): {}, (0, 4): {}}}",[],-inf,-inf,True,False,False,0,[],0,0.0,10.0,3.0,3
183,7,0,7475.0,16219.0,2765328.309907812,6017872.147549721,0.4608792157346322,0.45951928557235344,24,347,0,6103.907537007004,17304,2649,14655,0.0,0.0,148,1087.9075370070036,5016.0,10,25,False,{},{},{},{},0.0,0.0,0.0,0.0,0.0,0.0,0.0,0.0,0.0,0.0,0.0,0.0,0.0,0.0,Leave Event,0.0,"{'node_level': {}, 'link_level': {}, 'path_level': {}}","{'node_level': {}, 'link_level': {}, 'path_level': {}}","{'node_level': {}, 'link_level': {}, 'path_level': {}}",[],-inf,-inf,True,True,False,0,[],0,0.0,,,3
184,7,0,7475.0,16219.0,2765328.309907812,6017872.147549721,0.4608792157346322,0.45951928557235344,24,348,1,6121.0,17304,2649,14655,0.0,0.0,183,42.66498277640848,6121.0,8,13,False,"{0: np.int64(12), 1: np.int64(26), 2: np.int64(6), 3: np.int64(28), 4: np.int64(13), 5: np.int64(35), 6: np.int64(29), 7: np.int64(17)}","{(0, 1): [(np.int64(12), 0), (0, 20), (20, 23), (23, 26)], (0, 4): [(np.int64(12), 14), (14, 13)], (0, 6): [(np.int64(12), 0), (0, 28), (28, 30), (30, 29)], (1, 2): [(np.int64(26), 23), (23, 20), (20, 0), (0, 4), (4, 6)], (1, 3): [(np.int64(26), 23), (23, 21), (21, 2), (2, 29), (29, 30), (30, 28)], (1, 6): []}","{(0, np.int64(12)): {'cpu': 38}, (1, np.int64(26)): {'cpu': 68}, (2, np.int64(6)): {'cpu': 69}, (3, np.int64(28)): {'cpu': 37}, (4, np.int64(13)): {'cpu': 39}, (5, np.int64(35)): {'cpu': 68}, (6, np.int64(29)): {'cpu': 73}, (7, np.int64(17)): {'cpu': 45}}","{((0, 1), (np.int64(12), 0)): {'bw': 137}, ((0, 1), (0, 20)): {'bw': 137}, ((0, 1), (20, 23)): {'bw': 137}, ((0, 1), (23, 26)): {'bw': 137}, ((0, 4), (np.int64(12), 14)): {'bw': 75}, ((0, 4), (14, 13)): {'bw': 75}, ((0, 6), (np.int64(12), 0)): {'bw': 91}, ((0, 6), (0, 28)): {'bw': 91}, ((0, 6), (28, 30)): {'bw': 91}, ((0, 6), (30, 29)): {'bw': 91}, ((1, 2), (np.int64(26), 23)): {'bw': 115}, ((1, 2), (23, 20)): {'bw': 115}, ((1, 2), (20, 0)): {'bw': 115}, ((1, 2), (0, 4)): {'bw': 115}, ((1, 2), (4, 6)): {'bw': 115}, ((1, 3), (np.int64(26), 23)): {'bw': 64}, ((1, 3), (23, 21)): {'bw': 64}, ((1, 3), (21, 2)): {'bw': 64}, ((1, 3), (2, 29)): {'bw': 64}, ((1, 3), (29, 30)): {'bw': 64}, ((1, 3), (30, 28)): {'bw': 64}}",0.0,0.0,874.0,437.0,1333.0,0.0,0.0,0.0,0.0,0.0,0.0,0.0,0.0,0.0,Route Failure,100.0,"{'node_level': {}, 'link_level': {}, 'path_level': {}}","{'node_level': {0: {'cpu': -50}, 1: {'cpu': -8}, 2: {'cpu': 0}, 3: {'cpu': -53}, 4: {'cpu': -43}, 5: {'cpu': -25}, 6: {'cpu': -23}, 7: {'cpu': -44}}, 'link_level': {(0, 1): {'bw': -142}, (0, 4): {'bw': -126}, (0, 6): {'bw': -95}, (1, 2): {'bw': -27}, (1, 3): {'bw': -67}, (1, 6): {'bw': 100.0}}, 'path_level': {(0, 1): {}, (0, 4): {}, (0, 6): {}, (1, 2): {}, (1, 3): {}, (1, 6): {}}}","{'node_level': {0: {'cpu': 0}, 1: {'cpu': 0}, 2: {'cpu': 0}, 3: {'cpu': 0}, 4: {'cpu': 0}, 5: {'cpu': 0}, 6: {'cpu': 0}, 7: {'cpu': 0}}, 'link_level': {(0, 1): {'bw': 0}, (0, 4): {'bw': 0}, (0, 6): {'bw': 0}, (1, 2): {'bw': 0}, (1, 3): {'bw': 0}, (1, 6): {'bw': 100.0}}, 'path_level': {(0, 1): {}, (0, 4): {}, (0, 6): {}, (1, 2): {}, (1, 3): {}, (1, 6): {}}}",[],-inf,-inf,True,False,False,0,[],0,0.0,8.0,6.0,3
184,7,0,7475.0,16219.0,2765328.309907812,6017872.147549721,0.4608792157346322,0.45951928557235344,24,349,0,6121.335358417955,17304,2649,14655,0.0,0.0,146,1178.335358417955,4943.0,10,22,False,{},{},{},{},0.0,0.0,0.0,0.0,0.0,0.0,0.0,0.0,0.0,0.0,0.0,0.0,0.0,0.0,Leave Event,0.0,"{'node_level': {}, 'link_level': {}, 'path_level': {}}","{'node_level': {}, 'link_level': {}, 'path_level': {}}","{'node_level': {}, 'link_level': {}, 'path_level': {}}",[],-inf,-inf,True,True,False,0,[],0,0.0,,,3
184,7,0,7475.0,16219.0,2765328.309907812,6017872.147549721,0.4608792157346322,0.45951928557235344,24,350,0,6127.001857573072,17304,2649,14655,0.0,0.0,177,182.00185757307167,5945.0,10,26,False,{},{},{},{},0.0,0.0,0.0,0.0,0.0,0.0,0.0,0.0,0.0,0.0,0.0,0.0,0.0,0.0,Leave Event,0.0,"{'node_level': {}, 'link_level': {}, 'path_level': {}}","{'node_level': {}, 'link_level': {}, 'path_level': {}}","{'node_level': {}, 'link_level': {}, 'path_level': {}}",[],-inf,-inf,True,True,False,0,[],0,0.0,,,3
184,7,0,7475.0,16219.0,2765328.309907812,6017872.147549721,0.4608792157346322,0.45951928557235344,24,351,0,6133.4477658450605,17304,2649,14655,0.0,0.0,166,559.4477658450609,5574.0,10,23,False,{},{},{},{},0.0,0.0,0.0,0.0,0.0,0.0,0.0,0.0,0.0,0.0,0.0,0.0,0.0,0.0,Leave Event,0.0,"{'node_level': {}, 'link_level': {}, 'path_level': {}}","{'node_level': {}, 'link_level': {}, 'path_level': {}}","{'node_level': {}, 'link_level': {}, 'path_level': {}}",[],-inf,-inf,True,True,False,0,[],0,0.0,,,3
185,7,0,7475.0,16219.0,2765328.309907812,6017872.147549721,0.4608792157346322,0.45951928557235344,24,352,1,6146.0,17304,2649,14655,0.0,0.0,184,172.14893206224505,6146.0,9,14,False,"{0: np.int64(0), 1: np.int64(11), 2: np.int64(12), 3: np.int64(28), 4: np.int64(7), 5: np.int64(31), 6: np.int64(15), 7: np.int64(22), 8: np.int64(32)}","{(0, 3): [(np.int64(0), 28)], (0, 5): [(np.int64(0), 28), (28, 31)], (0, 6): [(np.int64(0), 12), (12, 15)], (1, 2): [(np.int64(11), 7), (7, 4), (4, 0), (0, 12)], (1, 4): [(np.int64(11), 7)], (1, 5): [(np.int64(11), 7), (7, 4), (4, 0), (0, 28), (28, 31)], (1, 6): []}","{(0, np.int64(0)): {'cpu': 57}, (1, np.int64(11)): {'cpu': 36}, (2, np.int64(12)): {'cpu': 74}, (3, np.int64(28)): {'cpu': 61}, (4, np.int64(7)): {'cpu': 48}, (5, np.int64(31)): {'cpu': 53}, (6, np.int64(15)): {'cpu': 64}, (7, np.int64(22)): {'cpu': 44}, (8, np.int64(32)): {'cpu': 75}}","{((0, 3), (np.int64(0), 28)): {'bw': 143}, ((0, 5), (np.int64(0), 28)): {'bw': 108}, ((0, 5), (28, 31)): {'bw': 108}, ((0, 6), (np.int64(0), 12)): {'bw': 116}, ((0, 6), (12, 15)): {'bw': 116}, ((1, 2), (np.int64(11), 7)): {'bw': 114}, ((1, 2), (7, 4)): {'bw': 114}, ((1, 2), (4, 0)): {'bw': 114}, ((1, 2), (0, 12)): {'bw': 114}, ((1, 4), (np.int64(11), 7)): {'bw': 128}, ((1, 5), (np.int64(11), 7)): {'bw': 84}, ((1, 5), (7, 4)): {'bw': 84}, ((1, 5), (4, 0)): {'bw': 84}, ((1, 5), (0, 28)): {'bw': 84}, ((1, 5), (28, 31)): {'bw': 84}}",0.0,0.0,1024.0,512.0,1535.0,0.0,0.0,0.0,0.0,0.0,0.0,0.0,0.0,0.0,Route Failure,100.0,"{'node_level': {}, 'link_level': {}, 'path_level': {}}","{'node_level': {0: {'cpu': -35}, 1: {'cpu': -35}, 2: {'cpu': -14}, 3: {'cpu': -29}, 4: {'cpu': -12}, 5: {'cpu': -26}, 6: {'cpu': -30}, 7: {'cpu': -28}, 8: {'cpu': -17}}, 'link_level': {(0, 3): {'bw': -233}, (0, 5): {'bw': -125}, (0, 6): {'bw': -197}, (1, 2): {'bw': -93}, (1, 4): {'bw': -132}, (1, 5): {'bw': -35}, (1, 6): {'bw': 100.0}}, 'path_level': {(0, 3): {}, (0, 5): {}, (0, 6): {}, (1, 2): {}, (1, 4): {}, (1, 5): {}, (1, 6): {}}}","{'node_level': {0: {'cpu': 0}, 1: {'cpu': 0}, 2: {'cpu': 0}, 3: {'cpu': 0}, 4: {'cpu': 0}, 5: {'cpu': 0}, 6: {'cpu': 0}, 7: {'cpu': 0}, 8: {'cpu': 0}}, 'link_level': {(0, 3): {'bw': 0}, (0, 5): {'bw': 0}, (0, 6): {'bw': 0}, (1, 2): {'bw': 0}, (1, 4): {'bw': 0}, (1, 5): {'bw': 0}, (1, 6): {'bw': 100.0}}, 'path_level': {(0, 3): {}, (0, 5): {}, (0, 6): {}, (1, 2): {}, (1, 4): {}, (1, 5): {}, (1, 6): {}}}",[],-inf,-inf,True,False,False,0,[],0,0.0,9.0,7.0,3
185,7,0,7475.0,16219.0,2765328.309907812,6017872.147549721,0.4608792157346322,0.45951928557235344,24,353,0,6163.664982776409,17304,2649,14655,0.0,0.0,183,42.66498277640848,6121.0,8,13,False,{},{},{},{},0.0,0.0,0.0,0.0,0.0,0.0,0.0,0.0,0.0,0.0,0.0,0.0,0.0,0.0,Leave Event,0.0,"{'node_level': {}, 'link_level': {}, 'path_level': {}}","{'node_level': {}, 'link_level': {}, 'path_level': {}}","{'node_level': {}, 'link_level': {}, 'path_level': {}}",[],-inf,-inf,True,True,False,0,[],0,0.0,,,3
186,7,0,7475.0,16219.0,2765328.309907812,6017872.147549721,0.4608792157346322,0.45951928557235344,24,354,1,6176.0,17304,2649,14655,0.0,0.0,185,78.26653146618015,6176.0,9,13,False,"{0: np.int64(16), 1: np.int64(1), 2: np.int64(26), 3: np.int64(28), 4: np.int64(17), 5: np.int64(12), 6: np.int64(6), 7: np.int64(29), 8: np.int64(21)}","{(0, 8): [(np.int64(16), 14), (14, 13), (13, 2), (2, 21)], (1, 8): [(np.int64(1), 20), (20, 22), (22, 21)], (2, 5): [(np.int64(26), 23), (23, 20), (20, 0), (0, 12)], (2, 7): [(np.int64(26), 23), (23, 21), (21, 2), (2, 29)], (2, 8): [(np.int64(26), 23), (23, 21)], (3, 4): [(np.int64(28), 0), (0, 12), (12, 14), (14, 17)], (3, 5): [(np.int64(28), 0), (0, 12)], (4, 5): [(np.int64(17), 14), (14, 12)], (4, 6): [(np.int64(17), 14), (14, 13), (13, 2), (2, 5), (5, 6)], (4, 7): []}","{(0, np.int64(16)): {'cpu': 36}, (1, np.int64(1)): {'cpu': 65}, (2, np.int64(26)): {'cpu': 55}, (3, np.int64(28)): {'cpu': 38}, (4, np.int64(17)): {'cpu': 51}, (5, np.int64(12)): {'cpu': 68}, (6, np.int64(6)): {'cpu': 61}, (7, np.int64(29)): {'cpu': 32}, (8, np.int64(21)): {'cpu': 41}}","{((0, 8), (np.int64(16), 14)): {'bw': 109}, ((0, 8), (14, 13)): {'bw': 109}, ((0, 8), (13, 2)): {'bw': 109}, ((0, 8), (2, 21)): {'bw': 109}, ((1, 8), (np.int64(1), 20)): {'bw': 110}, ((1, 8), (20, 22)): {'bw': 110}, ((1, 8), (22, 21)): {'bw': 110}, ((2, 5), (np.int64(26), 23)): {'bw': 135}, ((2, 5), (23, 20)): {'bw': 135}, ((2, 5), (20, 0)): {'bw': 135}, ((2, 5), (0, 12)): {'bw': 135}, ((2, 7), (np.int64(26), 23)): {'bw': 117}, ((2, 7), (23, 21)): {'bw': 117}, ((2, 7), (21, 2)): {'bw': 117}, ((2, 7), (2, 29)): {'bw': 117}, ((2, 8), (np.int64(26), 23)): {'bw': 121}, ((2, 8), (23, 21)): {'bw': 121}, ((3, 4), (np.int64(28), 0)): {'bw': 73}, ((3, 4), (0, 12)): {'bw': 73}, ((3, 4), (12, 14)): {'bw': 73}, ((3, 4), (14, 17)): {'bw': 73}, ((3, 5), (np.int64(28), 0)): {'bw': 105}, ((3, 5), (0, 12)): {'bw': 105}, ((4, 5), (np.int64(17), 14)): {'bw': 103}, ((4, 5), (14, 12)): {'bw': 103}, ((4, 6), (np.int64(17), 14)): {'bw': 65}, ((4, 6), (14, 13)): {'bw': 65}, ((4, 6), (13, 2)): {'bw': 65}, ((4, 6), (2, 5)): {'bw': 65}, ((4, 6), (5, 6)): {'bw': 65}}",0.0,0.0,894.0,447.0,1327.0,0.0,0.0,0.0,0.0,0.0,0.0,0.0,0.0,0.0,Route Failure,100.0,"{'node_level': {}, 'link_level': {}, 'path_level': {}}","{'node_level': {0: {'cpu': -43}, 1: {'cpu': -9}, 2: {'cpu': -21}, 3: {'cpu': -52}, 4: {'cpu': -38}, 5: {'cpu': -20}, 6: {'cpu': -8}, 7: {'cpu': -64}, 8: {'cpu': -35}}, 'link_level': {(0, 8): {'bw': -92}, (1, 8): {'bw': -184}, (2, 5): {'bw': -144}, (2, 7): {'bw': -2}, (2, 8): {'bw': -10}, (3, 4): {'bw': -115}, (3, 5): {'bw': -10}, (4, 5): {'bw': -57}, (4, 6): {'bw': -27}, (4, 7): {'bw': 100.0}}, 'path_level': {(0, 8): {}, (1, 8): {}, (2, 5): {}, (2, 7): {}, (2, 8): {}, (3, 4): {}, (3, 5): {}, (4, 5): {}, (4, 6): {}, (4, 7): {}}}","{'node_level': {0: {'cpu': 0}, 1: {'cpu': 0}, 2: {'cpu': 0}, 3: {'cpu': 0}, 4: {'cpu': 0}, 5: {'cpu': 0}, 6: {'cpu': 0}, 7: {'cpu': 0}, 8: {'cpu': 0}}, 'link_level': {(0, 8): {'bw': 0}, (1, 8): {'bw': 0}, (2, 5): {'bw': 0}, (2, 7): {'bw': 0}, (2, 8): {'bw': 0}, (3, 4): {'bw': 0}, (3, 5): {'bw': 0}, (4, 5): {'bw': 0}, (4, 6): {'bw': 0}, (4, 7): {'bw': 100.0}}, 'path_level': {(0, 8): {}, (1, 8): {}, (2, 5): {}, (2, 7): {}, (2, 8): {}, (3, 4): {}, (3, 5): {}, (4, 5): {}, (4, 6): {}, (4, 7): {}}}",[],-inf,-inf,True,False,False,0,[],0,0.0,9.0,10.0,3
187,7,0,7475.0,16219.0,2765328.309907812,6017872.147549721,0.4608792157346322,0.45951928557235344,24,355,1,6210.0,17304,2649,14655,0.0,0.0,186,549.0273183246783,6210.0,10,24,False,"{0: np.int64(19), 1: np.int64(17), 2: np.int64(3), 3: np.int64(26), 4: np.int64(1), 5: np.int64(7), 6: np.int64(27), 7: np.int64(2), 8: np.int64(25), 9: np.int64(33)}","{(0, 1): [(np.int64(19), 15), (15, 12), (12, 14), (14, 17)], (0, 3): [(np.int64(19), 15), (15, 12), (12, 0), (0, 20), (20, 23), (23, 26)], (0, 5): [(np.int64(19), 15), (15, 12), (12, 0), (0, 4), (4, 7)], (0, 6): [(np.int64(19), 15), (15, 12), (12, 0), (0, 20), (20, 23), (23, 27)], (0, 7): []}","{(0, np.int64(19)): {'cpu': 61}, (1, np.int64(17)): {'cpu': 62}, (2, np.int64(3)): {'cpu': 53}, (3, np.int64(26)): {'cpu': 63}, (4, np.int64(1)): {'cpu': 36}, (5, np.int64(7)): {'cpu': 57}, (6, np.int64(27)): {'cpu': 48}, (7, np.int64(2)): {'cpu': 36}, (8, np.int64(25)): {'cpu': 35}, (9, np.int64(33)): {'cpu': 60}}","{((0, 1), (np.int64(19), 15)): {'bw': 78}, ((0, 1), (15, 12)): {'bw': 78}, ((0, 1), (12, 14)): {'bw': 78}, ((0, 1), (14, 17)): {'bw': 78}, ((0, 3), (np.int64(19), 15)): {'bw': 88}, ((0, 3), (15, 12)): {'bw': 88}, ((0, 3), (12, 0)): {'bw': 88}, ((0, 3), (0, 20)): {'bw': 88}, ((0, 3), (20, 23)): {'bw': 88}, ((0, 3), (23, 26)): {'bw': 88}, ((0, 5), (np.int64(19), 15)): {'bw': 62}, ((0, 5), (15, 12)): {'bw': 62}, ((0, 5), (12, 0)): {'bw': 62}, ((0, 5), (0, 4)): {'bw': 62}, ((0, 5), (4, 7)): {'bw': 62}, ((0, 6), (np.int64(19), 15)): {'bw': 70}, ((0, 6), (15, 12)): {'bw': 70}, ((0, 6), (12, 0)): {'bw': 70}, ((0, 6), (0, 20)): {'bw': 70}, ((0, 6), (20, 23)): {'bw': 70}, ((0, 6), (23, 27)): {'bw': 70}}",0.0,0.0,1022.0,511.0,2534.0,0.0,0.0,0.0,0.0,0.0,0.0,0.0,0.0,0.0,Route Failure,100.0,"{'node_level': {}, 'link_level': {}, 'path_level': {}}","{'node_level': {0: {'cpu': -15}, 1: {'cpu': -27}, 2: {'cpu': -5}, 3: {'cpu': -13}, 4: {'cpu': -38}, 5: {'cpu': -3}, 6: {'cpu': -7}, 7: {'cpu': -17}, 8: {'cpu': -16}, 9: {'cpu': -14}}, 'link_level': {(0, 1): {'bw': -155}, (0, 3): {'bw': -133}, (0, 5): {'bw': -71}, (0, 6): {'bw': -1}, (0, 7): {'bw': 100.0}}, 'path_level': {(0, 1): {}, (0, 3): {}, (0, 5): {}, (0, 6): {}, (0, 7): {}}}","{'node_level': {0: {'cpu': 0}, 1: {'cpu': 0}, 2: {'cpu': 0}, 3: {'cpu': 0}, 4: {'cpu': 0}, 5: {'cpu': 0}, 6: {'cpu': 0}, 7: {'cpu': 0}, 8: {'cpu': 0}, 9: {'cpu': 0}}, 'link_level': {(0, 1): {'bw': 0}, (0, 3): {'bw': 0}, (0, 5): {'bw': 0}, (0, 6): {'bw': 0}, (0, 7): {'bw': 100.0}}, 'path_level': {(0, 1): {}, (0, 3): {}, (0, 5): {}, (0, 6): {}, (0, 7): {}}}",[],-inf,-inf,True,False,False,0,[],0,0.0,10.0,5.0,3
188,7,0,7475.0,16219.0,2765328.309907812,6017872.147549721,0.4608792157346322,0.45951928557235344,24,356,1,6250.0,17304,2649,14655,0.0,0.0,187,1599.955175148315,6250.0,7,9,False,"{0: np.int64(31), 1: np.int64(33), 2: np.int64(35), 3: np.int64(26), 4: np.int64(0), 5: np.int64(3), 6: np.int64(13)}","{(0, 2): [(np.int64(31), 35)], (0, 5): [(np.int64(31), 29), (29, 3)], (0, 6): [(np.int64(31), 29), (29, 2), (2, 13)], (1, 2): []}","{(0, np.int64(31)): {'cpu': 61}, (1, np.int64(33)): {'cpu': 56}, (2, np.int64(35)): {'cpu': 68}, (3, np.int64(26)): {'cpu': 37}, (4, np.int64(0)): {'cpu': 50}, (5, np.int64(3)): {'cpu': 56}, (6, np.int64(13)): {'cpu': 66}}","{((0, 2), (np.int64(31), 35)): {'bw': 127}, ((0, 5), (np.int64(31), 29)): {'bw': 67}, ((0, 5), (29, 3)): {'bw': 67}, ((0, 6), (np.int64(31), 29)): {'bw': 130}, ((0, 6), (29, 2)): {'bw': 130}, ((0, 6), (2, 13)): {'bw': 130}}",0.0,0.0,788.0,394.0,907.0,0.0,0.0,0.0,0.0,0.0,0.0,0.0,0.0,0.0,Route Failure,100.0,"{'node_level': {}, 'link_level': {}, 'path_level': {}}","{'node_level': {0: {'cpu': -18}, 1: {'cpu': -18}, 2: {'cpu': -25}, 3: {'cpu': -39}, 4: {'cpu': -42}, 5: {'cpu': -2}, 6: {'cpu': -16}}, 'link_level': {(0, 2): {'bw': -75}, (0, 5): {'bw': -151}, (0, 6): {'bw': -51}, (1, 2): {'bw': 100.0}}, 'path_level': {(0, 2): {}, (0, 5): {}, (0, 6): {}, (1, 2): {}}}","{'node_level': {0: {'cpu': 0}, 1: {'cpu': 0}, 2: {'cpu': 0}, 3: {'cpu': 0}, 4: {'cpu': 0}, 5: {'cpu': 0}, 6: {'cpu': 0}}, 'link_level': {(0, 2): {'bw': 0}, (0, 5): {'bw': 0}, (0, 6): {'bw': 0}, (1, 2): {'bw': 100.0}}, 'path_level': {(0, 2): {}, (0, 5): {}, (0, 6): {}, (1, 2): {}}}",[],-inf,-inf,True,False,False,0,[],0,0.0,7.0,4.0,3
188,7,0,7475.0,16219.0,2765328.309907812,6017872.147549721,0.4608792157346322,0.45951928557235344,24,357,0,6254.26653146618,17304,2649,14655,0.0,0.0,185,78.26653146618015,6176.0,9,13,False,{},{},{},{},0.0,0.0,0.0,0.0,0.0,0.0,0.0,0.0,0.0,0.0,0.0,0.0,0.0,0.0,Leave Event,0.0,"{'node_level': {}, 'link_level': {}, 'path_level': {}}","{'node_level': {}, 'link_level': {}, 'path_level': {}}","{'node_level': {}, 'link_level': {}, 'path_level': {}}",[],-inf,-inf,True,True,False,0,[],0,0.0,,,3
188,7,0,7475.0,16219.0,2765328.309907812,6017872.147549721,0.4608792157346322,0.45951928557235344,24,358,0,6269.877634964703,17304,2649,14655,0.0,0.0,181,208.87763496470305,6061.0,10,25,False,{},{},{},{},0.0,0.0,0.0,0.0,0.0,0.0,0.0,0.0,0.0,0.0,0.0,0.0,0.0,0.0,Leave Event,0.0,"{'node_level': {}, 'link_level': {}, 'path_level': {}}","{'node_level': {}, 'link_level': {}, 'path_level': {}}","{'node_level': {}, 'link_level': {}, 'path_level': {}}",[],-inf,-inf,True,True,False,0,[],0,0.0,,,3
188,7,0,7475.0,16219.0,2765328.309907812,6017872.147549721,0.4608792157346322,0.45951928557235344,24,359,0,6285.9637252839975,17304,2649,14655,0.0,0.0,167,683.9637252839972,5602.0,9,19,False,{},{},{},{},0.0,0.0,0.0,0.0,0.0,0.0,0.0,0.0,0.0,0.0,0.0,0.0,0.0,0.0,Leave Event,0.0,"{'node_level': {}, 'link_level': {}, 'path_level': {}}","{'node_level': {}, 'link_level': {}, 'path_level': {}}","{'node_level': {}, 'link_level': {}, 'path_level': {}}",[],-inf,-inf,True,True,False,0,[],0,0.0,,,3
189,7,0,7475.0,16219.0,2765328.309907812,6017872.147549721,0.4608792157346322,0.45951928557235344,24,360,1,6295.0,17304,2649,14655,0.0,0.0,188,85.53337504436854,6295.0,6,6,False,"{0: np.int64(13), 1: np.int64(0), 2: np.int64(15), 3: np.int64(34), 4: np.int64(35), 5: np.int64(9)}","{(0, 1): [(np.int64(13), 14), (14, 12), (12, 0)], (0, 4): [(np.int64(13), 2), (2, 29), (29, 31), (31, 35)], (1, 2): [(np.int64(0), 12), (12, 15)], (1, 5): [(np.int64(0), 4), (4, 6), (6, 9)], (2, 3): [(np.int64(15), 12), (12, 0), (0, 28), (28, 31), (31, 34)], (4, 5): []}","{(0, np.int64(13)): {'cpu': 53}, (1, np.int64(0)): {'cpu': 70}, (2, np.int64(15)): {'cpu': 44}, (3, np.int64(34)): {'cpu': 56}, (4, np.int64(35)): {'cpu': 63}, (5, np.int64(9)): {'cpu': 71}}","{((0, 1), (np.int64(13), 14)): {'bw': 109}, ((0, 1), (14, 12)): {'bw': 109}, ((0, 1), (12, 0)): {'bw': 109}, ((0, 4), (np.int64(13), 2)): {'bw': 140}, ((0, 4), (2, 29)): {'bw': 140}, ((0, 4), (29, 31)): {'bw': 140}, ((0, 4), (31, 35)): {'bw': 140}, ((1, 2), (np.int64(0), 12)): {'bw': 74}, ((1, 2), (12, 15)): {'bw': 74}, ((1, 5), (np.int64(0), 4)): {'bw': 105}, ((1, 5), (4, 6)): {'bw': 105}, ((1, 5), (6, 9)): {'bw': 105}, ((2, 3), (np.int64(15), 12)): {'bw': 117}, ((2, 3), (12, 0)): {'bw': 117}, ((2, 3), (0, 28)): {'bw': 117}, ((2, 3), (28, 31)): {'bw': 117}, ((2, 3), (31, 34)): {'bw': 117}}",0.0,0.0,714.0,357.0,682.0,0.0,0.0,0.0,0.0,0.0,0.0,0.0,0.0,0.0,Route Failure,100.0,"{'node_level': {}, 'link_level': {}, 'path_level': {}}","{'node_level': {0: {'cpu': -29}, 1: {'cpu': -22}, 2: {'cpu': -50}, 3: {'cpu': -1}, 4: {'cpu': -30}, 5: {'cpu': -20}}, 'link_level': {(0, 1): {'bw': -92}, (0, 4): {'bw': -62}, (1, 2): {'bw': -140}, (1, 5): {'bw': -128}, (2, 3): {'bw': -23}, (4, 5): {'bw': 100.0}}, 'path_level': {(0, 1): {}, (0, 4): {}, (1, 2): {}, (1, 5): {}, (2, 3): {}, (4, 5): {}}}","{'node_level': {0: {'cpu': 0}, 1: {'cpu': 0}, 2: {'cpu': 0}, 3: {'cpu': 0}, 4: {'cpu': 0}, 5: {'cpu': 0}}, 'link_level': {(0, 1): {'bw': 0}, (0, 4): {'bw': 0}, (1, 2): {'bw': 0}, (1, 5): {'bw': 0}, (2, 3): {'bw': 0}, (4, 5): {'bw': 100.0}}, 'path_level': {(0, 1): {}, (0, 4): {}, (1, 2): {}, (1, 5): {}, (2, 3): {}, (4, 5): {}}}",[],-inf,-inf,True,False,False,0,[],0,0.0,6.0,6.0,3
189,7,0,7475.0,16219.0,2765328.309907812,6017872.147549721,0.4608792157346322,0.45951928557235344,24,361,0,6295.618036477635,17304,2649,14655,0.0,0.0,168,654.6180364776343,5641.0,7,11,False,{},{},{},{},0.0,0.0,0.0,0.0,0.0,0.0,0.0,0.0,0.0,0.0,0.0,0.0,0.0,0.0,Leave Event,0.0,"{'node_level': {}, 'link_level': {}, 'path_level': {}}","{'node_level': {}, 'link_level': {}, 'path_level': {}}","{'node_level': {}, 'link_level': {}, 'path_level': {}}",[],-inf,-inf,True,True,False,0,[],0,0.0,,,3
189,7,0,7475.0,16219.0,2765328.309907812,6017872.147549721,0.4608792157346322,0.45951928557235344,24,362,0,6300.4066415982425,17304,2649,14655,0.0,0.0,176,398.4066415982426,5902.0,10,26,False,{},{},{},{},0.0,0.0,0.0,0.0,0.0,0.0,0.0,0.0,0.0,0.0,0.0,0.0,0.0,0.0,Leave Event,0.0,"{'node_level': {}, 'link_level': {}, 'path_level': {}}","{'node_level': {}, 'link_level': {}, 'path_level': {}}","{'node_level': {}, 'link_level': {}, 'path_level': {}}",[],-inf,-inf,True,True,False,0,[],0,0.0,,,3
189,7,0,7475.0,16219.0,2765328.309907812,6017872.147549721,0.4608792157346322,0.45951928557235344,24,363,0,6318.148932062245,17304,2649,14655,0.0,0.0,184,172.14893206224505,6146.0,9,14,False,{},{},{},{},0.0,0.0,0.0,0.0,0.0,0.0,0.0,0.0,0.0,0.0,0.0,0.0,0.0,0.0,Leave Event,0.0,"{'node_level': {}, 'link_level': {}, 'path_level': {}}","{'node_level': {}, 'link_level': {}, 'path_level': {}}","{'node_level': {}, 'link_level': {}, 'path_level': {}}",[],-inf,-inf,True,True,False,0,[],0,0.0,,,3
190,7,0,7475.0,16219.0,2765328.309907812,6017872.147549721,0.4608792157346322,0.45951928557235344,24,364,1,6327.0,17304,2649,14655,0.0,0.0,189,14.351031677155596,6327.0,7,14,False,"{0: np.int64(31), 1: np.int64(26), 2: np.int64(21), 3: np.int64(30), 4: np.int64(24), 5: np.int64(7), 6: np.int64(0)}","{(0, 1): [(np.int64(31), 28), (28, 0), (0, 20), (20, 23), (23, 26)], (0, 3): [(np.int64(31), 28), (28, 30)], (0, 4): [(np.int64(31), 28), (28, 0), (0, 20), (20, 22), (22, 24)], (0, 5): [(np.int64(31), 29), (29, 2), (2, 5), (5, 7)], (1, 3): [(np.int64(26), 23), (23, 20), (20, 1), (1, 28), (28, 30)], (1, 5): [(np.int64(26), 23), (23, 21), (21, 2), (2, 5), (5, 7)], (1, 6): []}","{(0, np.int64(31)): {'cpu': 53}, (1, np.int64(26)): {'cpu': 57}, (2, np.int64(21)): {'cpu': 63}, (3, np.int64(30)): {'cpu': 56}, (4, np.int64(24)): {'cpu': 37}, (5, np.int64(7)): {'cpu': 51}, (6, np.int64(0)): {'cpu': 64}}","{((0, 1), (np.int64(31), 28)): {'bw': 67}, ((0, 1), (28, 0)): {'bw': 67}, ((0, 1), (0, 20)): {'bw': 67}, ((0, 1), (20, 23)): {'bw': 67}, ((0, 1), (23, 26)): {'bw': 67}, ((0, 3), (np.int64(31), 28)): {'bw': 103}, ((0, 3), (28, 30)): {'bw': 103}, ((0, 4), (np.int64(31), 28)): {'bw': 94}, ((0, 4), (28, 0)): {'bw': 94}, ((0, 4), (0, 20)): {'bw': 94}, ((0, 4), (20, 22)): {'bw': 94}, ((0, 4), (22, 24)): {'bw': 94}, ((0, 5), (np.int64(31), 29)): {'bw': 146}, ((0, 5), (29, 2)): {'bw': 146}, ((0, 5), (2, 5)): {'bw': 146}, ((0, 5), (5, 7)): {'bw': 146}, ((1, 3), (np.int64(26), 23)): {'bw': 137}, ((1, 3), (23, 20)): {'bw': 137}, ((1, 3), (20, 1)): {'bw': 137}, ((1, 3), (1, 28)): {'bw': 137}, ((1, 3), (28, 30)): {'bw': 137}, ((1, 5), (np.int64(26), 23)): {'bw': 145}, ((1, 5), (23, 21)): {'bw': 145}, ((1, 5), (21, 2)): {'bw': 145}, ((1, 5), (2, 5)): {'bw': 145}, ((1, 5), (5, 7)): {'bw': 145}}",0.0,0.0,762.0,381.0,1627.0,0.0,0.0,0.0,0.0,0.0,0.0,0.0,0.0,0.0,Route Failure,100.0,"{'node_level': {}, 'link_level': {}, 'path_level': {}}","{'node_level': {0: {'cpu': -26}, 1: {'cpu': -19}, 2: {'cpu': -13}, 3: {'cpu': -27}, 4: {'cpu': -15}, 5: {'cpu': -9}, 6: {'cpu': -28}}, 'link_level': {(0, 1): {'bw': -212}, (0, 3): {'bw': -195}, (0, 4): {'bw': -101}, (0, 5): {'bw': -102}, (1, 3): {'bw': -76}, (1, 5): {'bw': -34}, (1, 6): {'bw': 100.0}}, 'path_level': {(0, 1): {}, (0, 3): {}, (0, 4): {}, (0, 5): {}, (1, 3): {}, (1, 5): {}, (1, 6): {}}}","{'node_level': {0: {'cpu': 0}, 1: {'cpu': 0}, 2: {'cpu': 0}, 3: {'cpu': 0}, 4: {'cpu': 0}, 5: {'cpu': 0}, 6: {'cpu': 0}}, 'link_level': {(0, 1): {'bw': 0}, (0, 3): {'bw': 0}, (0, 4): {'bw': 0}, (0, 5): {'bw': 0}, (1, 3): {'bw': 0}, (1, 5): {'bw': 0}, (1, 6): {'bw': 100.0}}, 'path_level': {(0, 1): {}, (0, 3): {}, (0, 4): {}, (0, 5): {}, (1, 3): {}, (1, 5): {}, (1, 6): {}}}",[],-inf,-inf,True,False,False,0,[],0,0.0,7.0,7.0,3
190,7,0,7475.0,16219.0,2765328.309907812,6017872.147549721,0.4608792157346322,0.45951928557235344,24,365,0,6341.351031677155,17304,2649,14655,0.0,0.0,189,14.351031677155596,6327.0,7,14,False,{},{},{},{},0.0,0.0,0.0,0.0,0.0,0.0,0.0,0.0,0.0,0.0,0.0,0.0,0.0,0.0,Leave Event,0.0,"{'node_level': {}, 'link_level': {}, 'path_level': {}}","{'node_level': {}, 'link_level': {}, 'path_level': {}}","{'node_level': {}, 'link_level': {}, 'path_level': {}}",[],-inf,-inf,True,True,False,0,[],0,0.0,,,3
191,7,0,7475.0,16219.0,2765328.309907812,6017872.147549721,0.4608792157346322,0.45951928557235344,24,366,1,6365.0,17304,2649,14655,0.0,0.0,190,676.1536003725059,6365.0,8,14,False,"{0: np.int64(0), 1: np.int64(8), 2: np.int64(12), 3: np.int64(15), 4: np.int64(31), 5: np.int64(28), 6: np.int64(1), 7: np.int64(32)}","{(0, 1): [(np.int64(0), 4), (4, 6), (6, 8)], (0, 3): [(np.int64(0), 12), (12, 15)], (0, 4): [(np.int64(0), 28), (28, 31)], (0, 6): [(np.int64(0), 12), (12, 1)], (1, 2): [(np.int64(8), 6), (6, 5), (5, 2), (2, 13), (13, 14), (14, 12)], (1, 3): [(np.int64(8), 6), (6, 5), (5, 2), (2, 13), (13, 15)], (1, 6): []}","{(0, np.int64(0)): {'cpu': 65}, (1, np.int64(8)): {'cpu': 80}, (2, np.int64(12)): {'cpu': 42}, (3, np.int64(15)): {'cpu': 39}, (4, np.int64(31)): {'cpu': 70}, (5, np.int64(28)): {'cpu': 72}, (6, np.int64(1)): {'cpu': 41}, (7, np.int64(32)): {'cpu': 74}}","{((0, 1), (np.int64(0), 4)): {'bw': 98}, ((0, 1), (4, 6)): {'bw': 98}, ((0, 1), (6, 8)): {'bw': 98}, ((0, 3), (np.int64(0), 12)): {'bw': 114}, ((0, 3), (12, 15)): {'bw': 114}, ((0, 4), (np.int64(0), 28)): {'bw': 81}, ((0, 4), (28, 31)): {'bw': 81}, ((0, 6), (np.int64(0), 12)): {'bw': 143}, ((0, 6), (12, 1)): {'bw': 143}, ((1, 2), (np.int64(8), 6)): {'bw': 116}, ((1, 2), (6, 5)): {'bw': 116}, ((1, 2), (5, 2)): {'bw': 116}, ((1, 2), (2, 13)): {'bw': 116}, ((1, 2), (13, 14)): {'bw': 116}, ((1, 2), (14, 12)): {'bw': 116}, ((1, 3), (np.int64(8), 6)): {'bw': 105}, ((1, 3), (6, 5)): {'bw': 105}, ((1, 3), (5, 2)): {'bw': 105}, ((1, 3), (2, 13)): {'bw': 105}, ((1, 3), (13, 15)): {'bw': 105}}",0.0,0.0,966.0,483.0,1647.0,0.0,0.0,0.0,0.0,0.0,0.0,0.0,0.0,0.0,Route Failure,100.0,"{'node_level': {}, 'link_level': {}, 'path_level': {}}","{'node_level': {0: {'cpu': -27}, 1: {'cpu': -13}, 2: {'cpu': -46}, 3: {'cpu': -55}, 4: {'cpu': -9}, 5: {'cpu': -18}, 6: {'cpu': -33}, 7: {'cpu': -18}}, 'link_level': {(0, 1): {'bw': -135}, (0, 3): {'bw': -199}, (0, 4): {'bw': -284}, (0, 6): {'bw': -66}, (1, 2): {'bw': -85}, (1, 3): {'bw': -65}, (1, 6): {'bw': 100.0}}, 'path_level': {(0, 1): {}, (0, 3): {}, (0, 4): {}, (0, 6): {}, (1, 2): {}, (1, 3): {}, (1, 6): {}}}","{'node_level': {0: {'cpu': 0}, 1: {'cpu': 0}, 2: {'cpu': 0}, 3: {'cpu': 0}, 4: {'cpu': 0}, 5: {'cpu': 0}, 6: {'cpu': 0}, 7: {'cpu': 0}}, 'link_level': {(0, 1): {'bw': 0}, (0, 3): {'bw': 0}, (0, 4): {'bw': 0}, (0, 6): {'bw': 0}, (1, 2): {'bw': 0}, (1, 3): {'bw': 0}, (1, 6): {'bw': 100.0}}, 'path_level': {(0, 1): {}, (0, 3): {}, (0, 4): {}, (0, 6): {}, (1, 2): {}, (1, 3): {}, (1, 6): {}}}",[],-inf,-inf,True,False,False,0,[],0,0.0,8.0,7.0,3
191,7,0,7475.0,16219.0,2765328.309907812,6017872.147549721,0.4608792157346322,0.45951928557235344,24,367,0,6380.533375044369,17304,2649,14655,0.0,0.0,188,85.53337504436854,6295.0,6,6,False,{},{},{},{},0.0,0.0,0.0,0.0,0.0,0.0,0.0,0.0,0.0,0.0,0.0,0.0,0.0,0.0,Leave Event,0.0,"{'node_level': {}, 'link_level': {}, 'path_level': {}}","{'node_level': {}, 'link_level': {}, 'path_level': {}}","{'node_level': {}, 'link_level': {}, 'path_level': {}}",[],-inf,-inf,True,True,False,0,[],0,0.0,,,3
191,7,0,7475.0,16219.0,2765328.309907812,6017872.147549721,0.4608792157346322,0.45951928557235344,24,368,0,6393.876245246773,17304,2649,14655,0.0,0.0,182,303.8762452467725,6090.0,10,24,False,{},{},{},{},0.0,0.0,0.0,0.0,0.0,0.0,0.0,0.0,0.0,0.0,0.0,0.0,0.0,0.0,Leave Event,0.0,"{'node_level': {}, 'link_level': {}, 'path_level': {}}","{'node_level': {}, 'link_level': {}, 'path_level': {}}","{'node_level': {}, 'link_level': {}, 'path_level': {}}",[],-inf,-inf,True,True,False,0,[],0,0.0,,,3
192,7,0,7475.0,16219.0,2765328.309907812,6017872.147549721,0.4608792157346322,0.45951928557235344,24,369,1,6397.0,17304,2649,14655,0.0,0.0,191,218.60521787307712,6397.0,9,18,False,"{0: np.int64(1), 1: np.int64(6), 2: np.int64(18), 3: np.int64(35), 4: np.int64(5), 5: np.int64(29), 6: np.int64(20), 7: np.int64(30), 8: np.int64(0)}","{(0, 2): [(np.int64(1), 12), (12, 15), (15, 18)], (0, 7): [(np.int64(1), 28), (28, 30)], (0, 8): [(np.int64(1), 4), (4, 0)], (1, 2): [(np.int64(6), 5), (5, 2), (2, 13), (13, 15), (15, 18)], (1, 3): [(np.int64(6), 4), (4, 0), (0, 28), (28, 31), (31, 35)], (1, 5): [(np.int64(6), 5), (5, 2), (2, 29)], (1, 6): [(np.int64(6), 4), (4, 1), (1, 20)], (2, 4): []}","{(0, np.int64(1)): {'cpu': 53}, (1, np.int64(6)): {'cpu': 61}, (2, np.int64(18)): {'cpu': 33}, (3, np.int64(35)): {'cpu': 53}, (4, np.int64(5)): {'cpu': 64}, (5, np.int64(29)): {'cpu': 51}, (6, np.int64(20)): {'cpu': 36}, (7, np.int64(30)): {'cpu': 46}, (8, np.int64(0)): {'cpu': 74}}","{((0, 2), (np.int64(1), 12)): {'bw': 149}, ((0, 2), (12, 15)): {'bw': 149}, ((0, 2), (15, 18)): {'bw': 149}, ((0, 7), (np.int64(1), 28)): {'bw': 87}, ((0, 7), (28, 30)): {'bw': 87}, ((0, 8), (np.int64(1), 4)): {'bw': 143}, ((0, 8), (4, 0)): {'bw': 143}, ((1, 2), (np.int64(6), 5)): {'bw': 140}, ((1, 2), (5, 2)): {'bw': 140}, ((1, 2), (2, 13)): {'bw': 140}, ((1, 2), (13, 15)): {'bw': 140}, ((1, 2), (15, 18)): {'bw': 140}, ((1, 3), (np.int64(6), 4)): {'bw': 88}, ((1, 3), (4, 0)): {'bw': 88}, ((1, 3), (0, 28)): {'bw': 88}, ((1, 3), (28, 31)): {'bw': 88}, ((1, 3), (31, 35)): {'bw': 88}, ((1, 5), (np.int64(6), 5)): {'bw': 99}, ((1, 5), (5, 2)): {'bw': 99}, ((1, 5), (2, 29)): {'bw': 99}, ((1, 6), (np.int64(6), 4)): {'bw': 82}, ((1, 6), (4, 1)): {'bw': 82}, ((1, 6), (1, 20)): {'bw': 82}}",0.0,0.0,942.0,471.0,1953.0,0.0,0.0,0.0,0.0,0.0,0.0,0.0,0.0,0.0,Route Failure,100.0,"{'node_level': {}, 'link_level': {}, 'path_level': {}}","{'node_level': {0: {'cpu': -21}, 1: {'cpu': -8}, 2: {'cpu': -31}, 3: {'cpu': -40}, 4: {'cpu': -7}, 5: {'cpu': -45}, 6: {'cpu': -31}, 7: {'cpu': -37}, 8: {'cpu': -18}}, 'link_level': {(0, 2): {'bw': -71}, (0, 7): {'bw': -162}, (0, 8): {'bw': -90}, (1, 2): {'bw': -35}, (1, 3): {'bw': -2}, (1, 5): {'bw': -110}, (1, 6): {'bw': -12}, (2, 4): {'bw': 100.0}}, 'path_level': {(0, 2): {}, (0, 7): {}, (0, 8): {}, (1, 2): {}, (1, 3): {}, (1, 5): {}, (1, 6): {}, (2, 4): {}}}","{'node_level': {0: {'cpu': 0}, 1: {'cpu': 0}, 2: {'cpu': 0}, 3: {'cpu': 0}, 4: {'cpu': 0}, 5: {'cpu': 0}, 6: {'cpu': 0}, 7: {'cpu': 0}, 8: {'cpu': 0}}, 'link_level': {(0, 2): {'bw': 0}, (0, 7): {'bw': 0}, (0, 8): {'bw': 0}, (1, 2): {'bw': 0}, (1, 3): {'bw': 0}, (1, 5): {'bw': 0}, (1, 6): {'bw': 0}, (2, 4): {'bw': 100.0}}, 'path_level': {(0, 2): {}, (0, 7): {}, (0, 8): {}, (1, 2): {}, (1, 3): {}, (1, 5): {}, (1, 6): {}, (2, 4): {}}}",[],-inf,-inf,True,False,False,0,[],0,0.0,9.0,8.0,3
192,7,0,7475.0,16219.0,2765328.309907812,6017872.147549721,0.4608792157346322,0.45951928557235344,24,370,0,6407.290047171349,17304,2649,14655,0.0,0.0,180,374.2900471713494,6033.0,10,18,False,{},{},{},{},0.0,0.0,0.0,0.0,0.0,0.0,0.0,0.0,0.0,0.0,0.0,0.0,0.0,0.0,Leave Event,0.0,"{'node_level': {}, 'link_level': {}, 'path_level': {}}","{'node_level': {}, 'link_level': {}, 'path_level': {}}","{'node_level': {}, 'link_level': {}, 'path_level': {}}",[],-inf,-inf,True,True,False,0,[],0,0.0,,,3
193,7,0,7475.0,16219.0,2765328.309907812,6017872.147549721,0.4608792157346322,0.45951928557235344,24,371,1,6420.0,17304,2649,14655,0.0,0.0,192,352.5757491009,6420.0,7,15,False,"{0: np.int64(17), 1: np.int64(0), 2: np.int64(29), 3: np.int64(5), 4: np.int64(31), 5: np.int64(15), 6: np.int64(26)}","{(0, 2): [(np.int64(17), 14), (14, 13), (13, 2), (2, 29)], (0, 3): [(np.int64(17), 14), (14, 13), (13, 2), (2, 5)], (0, 4): []}","{(0, np.int64(17)): {'cpu': 56}, (1, np.int64(0)): {'cpu': 33}, (2, np.int64(29)): {'cpu': 37}, (3, np.int64(5)): {'cpu': 71}, (4, np.int64(31)): {'cpu': 77}, (5, np.int64(15)): {'cpu': 44}, (6, np.int64(26)): {'cpu': 75}}","{((0, 2), (np.int64(17), 14)): {'bw': 90}, ((0, 2), (14, 13)): {'bw': 90}, ((0, 2), (13, 2)): {'bw': 90}, ((0, 2), (2, 29)): {'bw': 90}, ((0, 3), (np.int64(17), 14)): {'bw': 101}, ((0, 3), (14, 13)): {'bw': 101}, ((0, 3), (13, 2)): {'bw': 101}, ((0, 3), (2, 5)): {'bw': 101}}",0.0,0.0,786.0,393.0,1651.0,0.0,0.0,0.0,0.0,0.0,0.0,0.0,0.0,0.0,Route Failure,100.0,"{'node_level': {}, 'link_level': {}, 'path_level': {}}","{'node_level': {0: {'cpu': -33}, 1: {'cpu': -59}, 2: {'cpu': -59}, 3: {'cpu': 0}, 4: {'cpu': -2}, 5: {'cpu': -50}, 6: {'cpu': -1}}, 'link_level': {(0, 2): {'bw': -111}, (0, 3): {'bw': -10}, (0, 4): {'bw': 100.0}}, 'path_level': {(0, 2): {}, (0, 3): {}, (0, 4): {}}}","{'node_level': {0: {'cpu': 0}, 1: {'cpu': 0}, 2: {'cpu': 0}, 3: {'cpu': 0}, 4: {'cpu': 0}, 5: {'cpu': 0}, 6: {'cpu': 0}}, 'link_level': {(0, 2): {'bw': 0}, (0, 3): {'bw': 0}, (0, 4): {'bw': 100.0}}, 'path_level': {(0, 2): {}, (0, 3): {}, (0, 4): {}}}",[],-inf,-inf,True,False,False,0,[],0,0.0,7.0,3.0,3
194,7,0,7475.0,16219.0,2765328.309907812,6017872.147549721,0.4608792157346322,0.45951928557235344,24,372,1,6443.0,17304,2649,14655,0.0,0.0,193,31.49549967887874,6443.0,6,8,False,"{0: np.int64(31), 1: np.int64(35), 2: np.int64(21), 3: np.int64(24), 4: np.int64(5), 5: np.int64(32)}","{(0, 2): [(np.int64(31), 29), (29, 2), (2, 21)], (0, 4): [(np.int64(31), 28), (28, 0), (0, 4), (4, 6), (6, 5)], (0, 5): [(np.int64(31), 28), (28, 30), (30, 32)], (1, 5): [(np.int64(35), 31), (31, 28), (28, 30), (30, 32)], (2, 3): [(np.int64(21), 22), (22, 24)], (2, 4): [(np.int64(21), 2), (2, 5)], (2, 5): [(np.int64(21), 3), (3, 29), (29, 30), (30, 32)], (3, 4): []}","{(0, np.int64(31)): {'cpu': 71}, (1, np.int64(35)): {'cpu': 49}, (2, np.int64(21)): {'cpu': 64}, (3, np.int64(24)): {'cpu': 41}, (4, np.int64(5)): {'cpu': 45}, (5, np.int64(32)): {'cpu': 72}}","{((0, 2), (np.int64(31), 29)): {'bw': 144}, ((0, 2), (29, 2)): {'bw': 144}, ((0, 2), (2, 21)): {'bw': 144}, ((0, 4), (np.int64(31), 28)): {'bw': 123}, ((0, 4), (28, 0)): {'bw': 123}, ((0, 4), (0, 4)): {'bw': 123}, ((0, 4), (4, 6)): {'bw': 123}, ((0, 4), (6, 5)): {'bw': 123}, ((0, 5), (np.int64(31), 28)): {'bw': 147}, ((0, 5), (28, 30)): {'bw': 147}, ((0, 5), (30, 32)): {'bw': 147}, ((1, 5), (np.int64(35), 31)): {'bw': 92}, ((1, 5), (31, 28)): {'bw': 92}, ((1, 5), (28, 30)): {'bw': 92}, ((1, 5), (30, 32)): {'bw': 92}, ((2, 3), (np.int64(21), 22)): {'bw': 136}, ((2, 3), (22, 24)): {'bw': 136}, ((2, 4), (np.int64(21), 2)): {'bw': 82}, ((2, 4), (2, 5)): {'bw': 82}, ((2, 5), (np.int64(21), 3)): {'bw': 76}, ((2, 5), (3, 29)): {'bw': 76}, ((2, 5), (29, 30)): {'bw': 76}, ((2, 5), (30, 32)): {'bw': 76}}",0.0,0.0,684.0,342.0,891.0,0.0,0.0,0.0,0.0,0.0,0.0,0.0,0.0,0.0,Route Failure,100.0,"{'node_level': {}, 'link_level': {}, 'path_level': {}}","{'node_level': {0: {'cpu': -8}, 1: {'cpu': -44}, 2: {'cpu': -12}, 3: {'cpu': -11}, 4: {'cpu': -26}, 5: {'cpu': -20}}, 'link_level': {(0, 2): {'bw': -84}, (0, 4): {'bw': -110}, (0, 5): {'bw': -95}, (1, 5): {'bw': -3}, (2, 3): {'bw': -82}, (2, 4): {'bw': -2}, (2, 5): {'bw': -74}, (3, 4): {'bw': 100.0}}, 'path_level': {(0, 2): {}, (0, 4): {}, (0, 5): {}, (1, 5): {}, (2, 3): {}, (2, 4): {}, (2, 5): {}, (3, 4): {}}}","{'node_level': {0: {'cpu': 0}, 1: {'cpu': 0}, 2: {'cpu': 0}, 3: {'cpu': 0}, 4: {'cpu': 0}, 5: {'cpu': 0}}, 'link_level': {(0, 2): {'bw': 0}, (0, 4): {'bw': 0}, (0, 5): {'bw': 0}, (1, 5): {'bw': 0}, (2, 3): {'bw': 0}, (2, 4): {'bw': 0}, (2, 5): {'bw': 0}, (3, 4): {'bw': 100.0}}, 'path_level': {(0, 2): {}, (0, 4): {}, (0, 5): {}, (1, 5): {}, (2, 3): {}, (2, 4): {}, (2, 5): {}, (3, 4): {}}}",[],-inf,-inf,True,False,False,0,[],0,0.0,6.0,8.0,3
194,7,0,7475.0,16219.0,2765328.309907812,6017872.147549721,0.4608792157346322,0.45951928557235344,24,373,0,6456.0124821447935,17304,2649,14655,0.0,0.0,155,1224.0124821447935,5232.0,10,20,False,{},{},{},{},0.0,0.0,0.0,0.0,0.0,0.0,0.0,0.0,0.0,0.0,0.0,0.0,0.0,0.0,Leave Event,0.0,"{'node_level': {}, 'link_level': {}, 'path_level': {}}","{'node_level': {}, 'link_level': {}, 'path_level': {}}","{'node_level': {}, 'link_level': {}, 'path_level': {}}",[],-inf,-inf,True,True,False,0,[],0,0.0,,,3
194,7,0,7475.0,16219.0,2765328.309907812,6017872.147549721,0.4608792157346322,0.45951928557235344,24,374,0,6461.844252275786,17304,2649,14655,0.0,0.0,178,486.8442522757859,5975.0,8,14,False,{},{},{},{},0.0,0.0,0.0,0.0,0.0,0.0,0.0,0.0,0.0,0.0,0.0,0.0,0.0,0.0,Leave Event,0.0,"{'node_level': {}, 'link_level': {}, 'path_level': {}}","{'node_level': {}, 'link_level': {}, 'path_level': {}}","{'node_level': {}, 'link_level': {}, 'path_level': {}}",[],-inf,-inf,True,True,False,0,[],0,0.0,,,3
195,7,0,7475.0,16219.0,2765328.309907812,6017872.147549721,0.4608792157346322,0.45951928557235344,24,375,1,6470.0,17304,2649,14655,0.0,0.0,194,97.86448596467395,6470.0,7,13,False,"{0: np.int64(3), 1: np.int64(28), 2: np.int64(32), 3: np.int64(0), 4: np.int64(15), 5: np.int64(31), 6: np.int64(12)}","{(0, 4): [(np.int64(3), 13), (13, 15)], (0, 5): [(np.int64(3), 29), (29, 31)], (0, 6): [(np.int64(3), 5), (5, 2), (2, 13), (13, 14), (14, 12)], (1, 2): [(np.int64(28), 30), (30, 32)], (1, 3): [(np.int64(28), 0)], (1, 5): [(np.int64(28), 31)], (2, 3): [(np.int64(32), 30), (30, 28), (28, 0)], (2, 5): [(np.int64(32), 30), (30, 28), (28, 31)], (2, 6): []}","{(0, np.int64(3)): {'cpu': 47}, (1, np.int64(28)): {'cpu': 65}, (2, np.int64(32)): {'cpu': 65}, (3, np.int64(0)): {'cpu': 75}, (4, np.int64(15)): {'cpu': 39}, (5, np.int64(31)): {'cpu': 69}, (6, np.int64(12)): {'cpu': 35}}","{((0, 4), (np.int64(3), 13)): {'bw': 99}, ((0, 4), (13, 15)): {'bw': 99}, ((0, 5), (np.int64(3), 29)): {'bw': 96}, ((0, 5), (29, 31)): {'bw': 96}, ((0, 6), (np.int64(3), 5)): {'bw': 136}, ((0, 6), (5, 2)): {'bw': 136}, ((0, 6), (2, 13)): {'bw': 136}, ((0, 6), (13, 14)): {'bw': 136}, ((0, 6), (14, 12)): {'bw': 136}, ((1, 2), (np.int64(28), 30)): {'bw': 119}, ((1, 2), (30, 32)): {'bw': 119}, ((1, 3), (np.int64(28), 0)): {'bw': 149}, ((1, 5), (np.int64(28), 31)): {'bw': 110}, ((2, 3), (np.int64(32), 30)): {'bw': 66}, ((2, 3), (30, 28)): {'bw': 66}, ((2, 3), (28, 0)): {'bw': 66}, ((2, 5), (np.int64(32), 30)): {'bw': 90}, ((2, 5), (30, 28)): {'bw': 90}, ((2, 5), (28, 31)): {'bw': 90}}",0.0,0.0,790.0,395.0,1426.0,0.0,0.0,0.0,0.0,0.0,0.0,0.0,0.0,0.0,Route Failure,100.0,"{'node_level': {}, 'link_level': {}, 'path_level': {}}","{'node_level': {0: {'cpu': -11}, 1: {'cpu': -25}, 2: {'cpu': -27}, 3: {'cpu': -17}, 4: {'cpu': -55}, 5: {'cpu': -10}, 6: {'cpu': -53}}, 'link_level': {(0, 4): {'bw': -101}, (0, 5): {'bw': -122}, (0, 6): {'bw': -65}, (1, 2): {'bw': -222}, (1, 3): {'bw': -227}, (1, 5): {'bw': -255}, (2, 3): {'bw': -156}, (2, 5): {'bw': -66}, (2, 6): {'bw': 100.0}}, 'path_level': {(0, 4): {}, (0, 5): {}, (0, 6): {}, (1, 2): {}, (1, 3): {}, (1, 5): {}, (2, 3): {}, (2, 5): {}, (2, 6): {}}}","{'node_level': {0: {'cpu': 0}, 1: {'cpu': 0}, 2: {'cpu': 0}, 3: {'cpu': 0}, 4: {'cpu': 0}, 5: {'cpu': 0}, 6: {'cpu': 0}}, 'link_level': {(0, 4): {'bw': 0}, (0, 5): {'bw': 0}, (0, 6): {'bw': 0}, (1, 2): {'bw': 0}, (1, 3): {'bw': 0}, (1, 5): {'bw': 0}, (2, 3): {'bw': 0}, (2, 5): {'bw': 0}, (2, 6): {'bw': 100.0}}, 'path_level': {(0, 4): {}, (0, 5): {}, (0, 6): {}, (1, 2): {}, (1, 3): {}, (1, 5): {}, (2, 3): {}, (2, 5): {}, (2, 6): {}}}",[],-inf,-inf,True,False,False,0,[],0,0.0,7.0,9.0,3
195,7,0,7475.0,16219.0,2765328.309907812,6017872.147549721,0.4608792157346322,0.45951928557235344,24,376,0,6471.768046035739,17304,2649,14655,0.0,0.0,173,669.7680460357386,5802.0,7,10,False,{},{},{},{},0.0,0.0,0.0,0.0,0.0,0.0,0.0,0.0,0.0,0.0,0.0,0.0,0.0,0.0,Leave Event,0.0,"{'node_level': {}, 'link_level': {}, 'path_level': {}}","{'node_level': {}, 'link_level': {}, 'path_level': {}}","{'node_level': {}, 'link_level': {}, 'path_level': {}}",[],-inf,-inf,True,True,False,0,[],0,0.0,,,3
195,7,0,7475.0,16219.0,2765328.309907812,6017872.147549721,0.4608792157346322,0.45951928557235344,24,377,0,6474.495499678878,17304,2649,14655,0.0,0.0,193,31.49549967887874,6443.0,6,8,False,{},{},{},{},0.0,0.0,0.0,0.0,0.0,0.0,0.0,0.0,0.0,0.0,0.0,0.0,0.0,0.0,Leave Event,0.0,"{'node_level': {}, 'link_level': {}, 'path_level': {}}","{'node_level': {}, 'link_level': {}, 'path_level': {}}","{'node_level': {}, 'link_level': {}, 'path_level': {}}",[],-inf,-inf,True,True,False,0,[],0,0.0,,,3
196,7,0,7475.0,16219.0,2765328.309907812,6017872.147549721,0.4608792157346322,0.45951928557235344,24,378,1,6508.0,17304,2649,14655,0.0,0.0,195,594.5524276169494,6508.0,9,22,False,"{0: np.int64(26), 1: np.int64(5), 2: np.int64(21), 3: np.int64(35), 4: np.int64(15), 5: np.int64(11), 6: np.int64(27), 7: np.int64(1), 8: np.int64(25)}","{(0, 2): [(np.int64(26), 23), (23, 21)], (0, 4): [(np.int64(26), 23), (23, 20), (20, 0), (0, 12), (12, 15)], (0, 6): [(np.int64(26), 23), (23, 27)], (0, 8): []}","{(0, np.int64(26)): {'cpu': 59}, (1, np.int64(5)): {'cpu': 41}, (2, np.int64(21)): {'cpu': 71}, (3, np.int64(35)): {'cpu': 68}, (4, np.int64(15)): {'cpu': 74}, (5, np.int64(11)): {'cpu': 54}, (6, np.int64(27)): {'cpu': 53}, (7, np.int64(1)): {'cpu': 74}, (8, np.int64(25)): {'cpu': 51}}","{((0, 2), (np.int64(26), 23)): {'bw': 110}, ((0, 2), (23, 21)): {'bw': 110}, ((0, 4), (np.int64(26), 23)): {'bw': 124}, ((0, 4), (23, 20)): {'bw': 124}, ((0, 4), (20, 0)): {'bw': 124}, ((0, 4), (0, 12)): {'bw': 124}, ((0, 4), (12, 15)): {'bw': 124}, ((0, 6), (np.int64(26), 23)): {'bw': 145}, ((0, 6), (23, 27)): {'bw': 145}}",0.0,0.0,1090.0,545.0,2396.0,0.0,0.0,0.0,0.0,0.0,0.0,0.0,0.0,0.0,Route Failure,100.0,"{'node_level': {}, 'link_level': {}, 'path_level': {}}","{'node_level': {0: {'cpu': -17}, 1: {'cpu': -30}, 2: {'cpu': -5}, 3: {'cpu': -25}, 4: {'cpu': -20}, 5: {'cpu': -17}, 6: {'cpu': -2}, 7: {'cpu': 0}, 8: {'cpu': 0}}, 'link_level': {(0, 2): {'bw': -234}, (0, 4): {'bw': -149}, (0, 6): {'bw': -4}, (0, 8): {'bw': 100.0}}, 'path_level': {(0, 2): {}, (0, 4): {}, (0, 6): {}, (0, 8): {}}}","{'node_level': {0: {'cpu': 0}, 1: {'cpu': 0}, 2: {'cpu': 0}, 3: {'cpu': 0}, 4: {'cpu': 0}, 5: {'cpu': 0}, 6: {'cpu': 0}, 7: {'cpu': 0}, 8: {'cpu': 0}}, 'link_level': {(0, 2): {'bw': 0}, (0, 4): {'bw': 0}, (0, 6): {'bw': 0}, (0, 8): {'bw': 100.0}}, 'path_level': {(0, 2): {}, (0, 4): {}, (0, 6): {}, (0, 8): {}}}",[],-inf,-inf,True,False,False,0,[],0,0.0,9.0,4.0,3
197,7,0,7475.0,16219.0,2765328.309907812,6017872.147549721,0.4608792157346322,0.45951928557235344,24,379,1,6541.0,17304,2649,14655,0.0,0.0,196,464.701435255523,6541.0,10,28,False,"{0: np.int64(32), 1: np.int64(20), 2: np.int64(26), 3: np.int64(17), 4: np.int64(16), 5: np.int64(25), 6: np.int64(1), 7: np.int64(2), 8: np.int64(8), 9: np.int64(12)}","{(0, 1): [(np.int64(32), 30), (30, 28), (28, 0), (0, 20)], (0, 2): [(np.int64(32), 30), (30, 28), (28, 0), (0, 20), (20, 23), (23, 26)], (0, 4): [(np.int64(32), 30), (30, 28), (28, 0), (0, 12), (12, 14), (14, 16)], (0, 6): []}","{(0, np.int64(32)): {'cpu': 54}, (1, np.int64(20)): {'cpu': 37}, (2, np.int64(26)): {'cpu': 32}, (3, np.int64(17)): {'cpu': 69}, (4, np.int64(16)): {'cpu': 46}, (5, np.int64(25)): {'cpu': 41}, (6, np.int64(1)): {'cpu': 56}, (7, np.int64(2)): {'cpu': 36}, (8, np.int64(8)): {'cpu': 59}, (9, np.int64(12)): {'cpu': 58}}","{((0, 1), (np.int64(32), 30)): {'bw': 90}, ((0, 1), (30, 28)): {'bw': 90}, ((0, 1), (28, 0)): {'bw': 90}, ((0, 1), (0, 20)): {'bw': 90}, ((0, 2), (np.int64(32), 30)): {'bw': 135}, ((0, 2), (30, 28)): {'bw': 135}, ((0, 2), (28, 0)): {'bw': 135}, ((0, 2), (0, 20)): {'bw': 135}, ((0, 2), (20, 23)): {'bw': 135}, ((0, 2), (23, 26)): {'bw': 135}, ((0, 4), (np.int64(32), 30)): {'bw': 81}, ((0, 4), (30, 28)): {'bw': 81}, ((0, 4), (28, 0)): {'bw': 81}, ((0, 4), (0, 12)): {'bw': 81}, ((0, 4), (12, 14)): {'bw': 81}, ((0, 4), (14, 16)): {'bw': 81}}",0.0,0.0,976.0,488.0,2990.0,0.0,0.0,0.0,0.0,0.0,0.0,0.0,0.0,0.0,Route Failure,100.0,"{'node_level': {}, 'link_level': {}, 'path_level': {}}","{'node_level': {0: {'cpu': -38}, 1: {'cpu': -30}, 2: {'cpu': -44}, 3: {'cpu': -20}, 4: {'cpu': -33}, 5: {'cpu': -10}, 6: {'cpu': -18}, 7: {'cpu': -17}, 8: {'cpu': -34}, 9: {'cpu': -30}}, 'link_level': {(0, 1): {'bw': -189}, (0, 2): {'bw': -54}, (0, 4): {'bw': -35}, (0, 6): {'bw': 100.0}}, 'path_level': {(0, 1): {}, (0, 2): {}, (0, 4): {}, (0, 6): {}}}","{'node_level': {0: {'cpu': 0}, 1: {'cpu': 0}, 2: {'cpu': 0}, 3: {'cpu': 0}, 4: {'cpu': 0}, 5: {'cpu': 0}, 6: {'cpu': 0}, 7: {'cpu': 0}, 8: {'cpu': 0}, 9: {'cpu': 0}}, 'link_level': {(0, 1): {'bw': 0}, (0, 2): {'bw': 0}, (0, 4): {'bw': 0}, (0, 6): {'bw': 100.0}}, 'path_level': {(0, 1): {}, (0, 2): {}, (0, 4): {}, (0, 6): {}}}",[],-inf,-inf,True,False,False,0,[],0,0.0,10.0,4.0,3
197,7,0,7475.0,16219.0,2765328.309907812,6017872.147549721,0.4608792157346322,0.45951928557235344,24,380,0,6567.864485964674,17304,2649,14655,0.0,0.0,194,97.86448596467395,6470.0,7,13,False,{},{},{},{},0.0,0.0,0.0,0.0,0.0,0.0,0.0,0.0,0.0,0.0,0.0,0.0,0.0,0.0,Leave Event,0.0,"{'node_level': {}, 'link_level': {}, 'path_level': {}}","{'node_level': {}, 'link_level': {}, 'path_level': {}}","{'node_level': {}, 'link_level': {}, 'path_level': {}}",[],-inf,-inf,True,True,False,0,[],0,0.0,,,3
198,7,0,7475.0,16219.0,2765328.309907812,6017872.147549721,0.4608792157346322,0.45951928557235344,24,381,1,6577.0,17304,2649,14655,0.0,0.0,197,960.0620218741612,6577.0,6,8,False,"{0: np.int64(25), 1: np.int64(12), 2: np.int64(31), 3: np.int64(33), 4: np.int64(35), 5: np.int64(24)}","{(0, 2): [(np.int64(25), 22), (22, 20), (20, 0), (0, 28), (28, 31)], (0, 3): [(np.int64(25), 22), (22, 20), (20, 0), (0, 28), (28, 30), (30, 33)], (0, 4): []}","{(0, np.int64(25)): {'cpu': 45}, (1, np.int64(12)): {'cpu': 72}, (2, np.int64(31)): {'cpu': 70}, (3, np.int64(33)): {'cpu': 62}, (4, np.int64(35)): {'cpu': 57}, (5, np.int64(24)): {'cpu': 46}}","{((0, 2), (np.int64(25), 22)): {'bw': 106}, ((0, 2), (22, 20)): {'bw': 106}, ((0, 2), (20, 0)): {'bw': 106}, ((0, 2), (0, 28)): {'bw': 106}, ((0, 2), (28, 31)): {'bw': 106}, ((0, 3), (np.int64(25), 22)): {'bw': 148}, ((0, 3), (22, 20)): {'bw': 148}, ((0, 3), (20, 0)): {'bw': 148}, ((0, 3), (0, 28)): {'bw': 148}, ((0, 3), (28, 30)): {'bw': 148}, ((0, 3), (30, 33)): {'bw': 148}}",0.0,0.0,704.0,352.0,977.0,0.0,0.0,0.0,0.0,0.0,0.0,0.0,0.0,0.0,Route Failure,100.0,"{'node_level': {}, 'link_level': {}, 'path_level': {}}","{'node_level': {0: {'cpu': -6}, 1: {'cpu': -16}, 2: {'cpu': -9}, 3: {'cpu': -12}, 4: {'cpu': -36}, 5: {'cpu': -6}}, 'link_level': {(0, 2): {'bw': -169}, (0, 3): {'bw': -21}, (0, 4): {'bw': 100.0}}, 'path_level': {(0, 2): {}, (0, 3): {}, (0, 4): {}}}","{'node_level': {0: {'cpu': 0}, 1: {'cpu': 0}, 2: {'cpu': 0}, 3: {'cpu': 0}, 4: {'cpu': 0}, 5: {'cpu': 0}}, 'link_level': {(0, 2): {'bw': 0}, (0, 3): {'bw': 0}, (0, 4): {'bw': 100.0}}, 'path_level': {(0, 2): {}, (0, 3): {}, (0, 4): {}}}",[],-inf,-inf,True,False,False,0,[],0,0.0,6.0,3.0,3
198,7,0,7475.0,16219.0,2765328.309907812,6017872.147549721,0.4608792157346322,0.45951928557235344,24,382,0,6584.4840838307655,17304,2649,14655,0.0,0.0,179,576.4840838307657,6008.0,6,10,False,{},{},{},{},0.0,0.0,0.0,0.0,0.0,0.0,0.0,0.0,0.0,0.0,0.0,0.0,0.0,0.0,Leave Event,0.0,"{'node_level': {}, 'link_level': {}, 'path_level': {}}","{'node_level': {}, 'link_level': {}, 'path_level': {}}","{'node_level': {}, 'link_level': {}, 'path_level': {}}",[],-inf,-inf,True,True,False,0,[],0,0.0,,,3
199,7,0,7475.0,16219.0,2765328.309907812,6017872.147549721,0.4608792157346322,0.45951928557235344,24,383,1,6608.0,17304,2649,14655,0.0,0.0,198,1647.382103520985,6608.0,6,8,False,"{0: np.int64(9), 1: np.int64(0), 2: np.int64(8), 3: np.int64(28), 4: np.int64(35), 5: np.int64(17)}","{(0, 1): [(np.int64(9), 6), (6, 4), (4, 0)], (0, 3): [(np.int64(9), 6), (6, 4), (4, 0), (0, 28)], (0, 5): [(np.int64(9), 6), (6, 4), (4, 1), (1, 12), (12, 14), (14, 17)], (1, 3): [(np.int64(0), 28)], (1, 5): [(np.int64(0), 12), (12, 14), (14, 17)], (2, 4): [(np.int64(8), 6), (6, 5), (5, 2), (2, 29), (29, 31), (31, 35)], (2, 5): [(np.int64(8), 6), (6, 5), (5, 2), (2, 13), (13, 14), (14, 17)], (3, 5): []}","{(0, np.int64(9)): {'cpu': 74}, (1, np.int64(0)): {'cpu': 72}, (2, np.int64(8)): {'cpu': 78}, (3, np.int64(28)): {'cpu': 80}, (4, np.int64(35)): {'cpu': 73}, (5, np.int64(17)): {'cpu': 68}}","{((0, 1), (np.int64(9), 6)): {'bw': 82}, ((0, 1), (6, 4)): {'bw': 82}, ((0, 1), (4, 0)): {'bw': 82}, ((0, 3), (np.int64(9), 6)): {'bw': 132}, ((0, 3), (6, 4)): {'bw': 132}, ((0, 3), (4, 0)): {'bw': 132}, ((0, 3), (0, 28)): {'bw': 132}, ((0, 5), (np.int64(9), 6)): {'bw': 64}, ((0, 5), (6, 4)): {'bw': 64}, ((0, 5), (4, 1)): {'bw': 64}, ((0, 5), (1, 12)): {'bw': 64}, ((0, 5), (12, 14)): {'bw': 64}, ((0, 5), (14, 17)): {'bw': 64}, ((1, 3), (np.int64(0), 28)): {'bw': 73}, ((1, 5), (np.int64(0), 12)): {'bw': 143}, ((1, 5), (12, 14)): {'bw': 143}, ((1, 5), (14, 17)): {'bw': 143}, ((2, 4), (np.int64(8), 6)): {'bw': 123}, ((2, 4), (6, 5)): {'bw': 123}, ((2, 4), (5, 2)): {'bw': 123}, ((2, 4), (2, 29)): {'bw': 123}, ((2, 4), (29, 31)): {'bw': 123}, ((2, 4), (31, 35)): {'bw': 123}, ((2, 5), (np.int64(8), 6)): {'bw': 64}, ((2, 5), (6, 5)): {'bw': 64}, ((2, 5), (5, 2)): {'bw': 64}, ((2, 5), (2, 13)): {'bw': 64}, ((2, 5), (13, 14)): {'bw': 64}, ((2, 5), (14, 17)): {'bw': 64}}",0.0,0.0,890.0,445.0,742.0,0.0,0.0,0.0,0.0,0.0,0.0,0.0,0.0,0.0,Route Failure,100.0,"{'node_level': {}, 'link_level': {}, 'path_level': {}}","{'node_level': {0: {'cpu': -17}, 1: {'cpu': -20}, 2: {'cpu': -15}, 3: {'cpu': -10}, 4: {'cpu': -20}, 5: {'cpu': -21}}, 'link_level': {(0, 1): {'bw': -151}, (0, 3): {'bw': -19}, (0, 5): {'bw': -38}, (1, 3): {'bw': -171}, (1, 5): {'bw': -26}, (2, 4): {'bw': -79}, (2, 5): {'bw': -48}, (3, 5): {'bw': 100.0}}, 'path_level': {(0, 1): {}, (0, 3): {}, (0, 5): {}, (1, 3): {}, (1, 5): {}, (2, 4): {}, (2, 5): {}, (3, 5): {}}}","{'node_level': {0: {'cpu': 0}, 1: {'cpu': 0}, 2: {'cpu': 0}, 3: {'cpu': 0}, 4: {'cpu': 0}, 5: {'cpu': 0}}, 'link_level': {(0, 1): {'bw': 0}, (0, 3): {'bw': 0}, (0, 5): {'bw': 0}, (1, 3): {'bw': 0}, (1, 5): {'bw': 0}, (2, 4): {'bw': 0}, (2, 5): {'bw': 0}, (3, 5): {'bw': 100.0}}, 'path_level': {(0, 1): {}, (0, 3): {}, (0, 5): {}, (1, 3): {}, (1, 5): {}, (2, 4): {}, (2, 5): {}, (3, 5): {}}}",[],-inf,-inf,True,False,False,0,[],0,0.0,6.0,8.0,3
199,7,0,7475.0,16219.0,2765328.309907812,6017872.147549721,0.4608792157346322,0.45951928557235344,24,384,0,6615.605217873077,17304,2649,14655,0.0,0.0,191,218.60521787307712,6397.0,9,18,False,{},{},{},{},0.0,0.0,0.0,0.0,0.0,0.0,0.0,0.0,0.0,0.0,0.0,0.0,0.0,0.0,Leave Event,0.0,"{'node_level': {}, 'link_level': {}, 'path_level': {}}","{'node_level': {}, 'link_level': {}, 'path_level': {}}","{'node_level': {}, 'link_level': {}, 'path_level': {}}",[],-inf,-inf,True,True,False,0,[],0,0.0,,,3
200,7,0,7475.0,16219.0,2765328.309907812,6017872.147549721,0.4608792157346322,0.45951928557235344,24,385,1,6639.0,17304,2649,14655,0.0,0.0,199,222.84293787673028,6639.0,7,12,False,"{0: np.int64(14), 1: np.int64(32), 2: np.int64(26), 3: np.int64(29), 4: np.int64(13), 5: np.int64(7), 6: np.int64(23)}","{(0, 2): [(np.int64(14), 12), (12, 0), (0, 20), (20, 23), (23, 26)], (0, 4): [(np.int64(14), 13)], (1, 3): [(np.int64(32), 30), (30, 29)], (1, 4): [(np.int64(32), 30), (30, 29), (29, 2), (2, 13)], (1, 5): [(np.int64(32), 30), (30, 28), (28, 0), (0, 4), (4, 7)], (1, 6): []}","{(0, np.int64(14)): {'cpu': 56}, (1, np.int64(32)): {'cpu': 80}, (2, np.int64(26)): {'cpu': 30}, (3, np.int64(29)): {'cpu': 62}, (4, np.int64(13)): {'cpu': 59}, (5, np.int64(7)): {'cpu': 57}, (6, np.int64(23)): {'cpu': 46}}","{((0, 2), (np.int64(14), 12)): {'bw': 63}, ((0, 2), (12, 0)): {'bw': 63}, ((0, 2), (0, 20)): {'bw': 63}, ((0, 2), (20, 23)): {'bw': 63}, ((0, 2), (23, 26)): {'bw': 63}, ((0, 4), (np.int64(14), 13)): {'bw': 69}, ((1, 3), (np.int64(32), 30)): {'bw': 120}, ((1, 3), (30, 29)): {'bw': 120}, ((1, 4), (np.int64(32), 30)): {'bw': 115}, ((1, 4), (30, 29)): {'bw': 115}, ((1, 4), (29, 2)): {'bw': 115}, ((1, 4), (2, 13)): {'bw': 115}, ((1, 5), (np.int64(32), 30)): {'bw': 75}, ((1, 5), (30, 28)): {'bw': 75}, ((1, 5), (28, 0)): {'bw': 75}, ((1, 5), (0, 4)): {'bw': 75}, ((1, 5), (4, 7)): {'bw': 75}}",0.0,0.0,780.0,390.0,1179.0,0.0,0.0,0.0,0.0,0.0,0.0,0.0,0.0,0.0,Route Failure,100.0,"{'node_level': {}, 'link_level': {}, 'path_level': {}}","{'node_level': {0: {'cpu': -14}, 1: {'cpu': -12}, 2: {'cpu': -46}, 3: {'cpu': -34}, 4: {'cpu': -23}, 5: {'cpu': -3}, 6: {'cpu': -6}}, 'link_level': {(0, 2): {'bw': -170}, (0, 4): {'bw': -132}, (1, 3): {'bw': -238}, (1, 4): {'bw': -123}, (1, 5): {'bw': -79}, (1, 6): {'bw': 100.0}}, 'path_level': {(0, 2): {}, (0, 4): {}, (1, 3): {}, (1, 4): {}, (1, 5): {}, (1, 6): {}}}","{'node_level': {0: {'cpu': 0}, 1: {'cpu': 0}, 2: {'cpu': 0}, 3: {'cpu': 0}, 4: {'cpu': 0}, 5: {'cpu': 0}, 6: {'cpu': 0}}, 'link_level': {(0, 2): {'bw': 0}, (0, 4): {'bw': 0}, (1, 3): {'bw': 0}, (1, 4): {'bw': 0}, (1, 5): {'bw': 0}, (1, 6): {'bw': 100.0}}, 'path_level': {(0, 2): {}, (0, 4): {}, (1, 3): {}, (1, 4): {}, (1, 5): {}, (1, 6): {}}}",[],-inf,-inf,True,False,False,0,[],0,0.0,7.0,6.0,3
201,7,0,7475.0,16219.0,2765328.309907812,6017872.147549721,0.4608792157346322,0.45951928557235344,24,386,1,6674.0,17304,2649,14655,0.0,0.0,200,484.11910254347055,6674.0,8,15,False,"{0: np.int64(33), 1: np.int64(3), 2: np.int64(0), 3: np.int64(28), 4: np.int64(32), 5: np.int64(9), 6: np.int64(22), 7: np.int64(2)}","{(0, 2): [(np.int64(33), 30), (30, 28), (28, 0)], (0, 6): [(np.int64(33), 30), (30, 28), (28, 0), (0, 20), (20, 22)], (0, 7): []}","{(0, np.int64(33)): {'cpu': 72}, (1, np.int64(3)): {'cpu': 53}, (2, np.int64(0)): {'cpu': 37}, (3, np.int64(28)): {'cpu': 66}, (4, np.int64(32)): {'cpu': 73}, (5, np.int64(9)): {'cpu': 61}, (6, np.int64(22)): {'cpu': 48}, (7, np.int64(2)): {'cpu': 48}}","{((0, 2), (np.int64(33), 30)): {'bw': 93}, ((0, 2), (30, 28)): {'bw': 93}, ((0, 2), (28, 0)): {'bw': 93}, ((0, 6), (np.int64(33), 30)): {'bw': 75}, ((0, 6), (30, 28)): {'bw': 75}, ((0, 6), (28, 0)): {'bw': 75}, ((0, 6), (0, 20)): {'bw': 75}, ((0, 6), (20, 22)): {'bw': 75}}",0.0,0.0,916.0,458.0,1407.0,0.0,0.0,0.0,0.0,0.0,0.0,0.0,0.0,0.0,Route Failure,100.0,"{'node_level': {}, 'link_level': {}, 'path_level': {}}","{'node_level': {0: {'cpu': -2}, 1: {'cpu': -5}, 2: {'cpu': -55}, 3: {'cpu': -24}, 4: {'cpu': -19}, 5: {'cpu': -30}, 6: {'cpu': -24}, 7: {'cpu': -5}}, 'link_level': {(0, 2): {'bw': -140}, (0, 6): {'bw': -65}, (0, 7): {'bw': 100.0}}, 'path_level': {(0, 2): {}, (0, 6): {}, (0, 7): {}}}","{'node_level': {0: {'cpu': 0}, 1: {'cpu': 0}, 2: {'cpu': 0}, 3: {'cpu': 0}, 4: {'cpu': 0}, 5: {'cpu': 0}, 6: {'cpu': 0}, 7: {'cpu': 0}}, 'link_level': {(0, 2): {'bw': 0}, (0, 6): {'bw': 0}, (0, 7): {'bw': 100.0}}, 'path_level': {(0, 2): {}, (0, 6): {}, (0, 7): {}}}",[],-inf,-inf,True,False,False,0,[],0,0.0,8.0,3.0,3
202,7,0,7475.0,16219.0,2765328.309907812,6017872.147549721,0.4608792157346322,0.45951928557235344,24,387,1,6709.0,17304,2649,14655,0.0,0.0,201,296.81150261738003,6709.0,8,13,False,"{0: np.int64(16), 1: np.int64(6), 2: np.int64(29), 3: np.int64(31), 4: np.int64(25), 5: np.int64(5), 6: np.int64(23), 7: np.int64(0)}","{(0, 3): [(np.int64(16), 14), (14, 12), (12, 0), (0, 28), (28, 31)], (1, 3): [(np.int64(6), 4), (4, 0), (0, 28), (28, 31)], (1, 4): [(np.int64(6), 4), (4, 1), (1, 20), (20, 22), (22, 25)], (1, 5): [(np.int64(6), 5)], (1, 7): [(np.int64(6), 5), (5, 2), (2, 13), (13, 15), (15, 12), (12, 0)], (2, 3): [(np.int64(29), 31)], (2, 5): [(np.int64(29), 2), (2, 5)], (2, 6): [(np.int64(29), 2), (2, 21), (21, 23)], (2, 7): [(np.int64(29), 30), (30, 28), (28, 0)], (3, 5): []}","{(0, np.int64(16)): {'cpu': 63}, (1, np.int64(6)): {'cpu': 64}, (2, np.int64(29)): {'cpu': 78}, (3, np.int64(31)): {'cpu': 30}, (4, np.int64(25)): {'cpu': 33}, (5, np.int64(5)): {'cpu': 31}, (6, np.int64(23)): {'cpu': 33}, (7, np.int64(0)): {'cpu': 65}}","{((0, 3), (np.int64(16), 14)): {'bw': 148}, ((0, 3), (14, 12)): {'bw': 148}, ((0, 3), (12, 0)): {'bw': 148}, ((0, 3), (0, 28)): {'bw': 148}, ((0, 3), (28, 31)): {'bw': 148}, ((1, 3), (np.int64(6), 4)): {'bw': 99}, ((1, 3), (4, 0)): {'bw': 99}, ((1, 3), (0, 28)): {'bw': 99}, ((1, 3), (28, 31)): {'bw': 99}, ((1, 4), (np.int64(6), 4)): {'bw': 150}, ((1, 4), (4, 1)): {'bw': 150}, ((1, 4), (1, 20)): {'bw': 150}, ((1, 4), (20, 22)): {'bw': 150}, ((1, 4), (22, 25)): {'bw': 150}, ((1, 5), (np.int64(6), 5)): {'bw': 87}, ((1, 7), (np.int64(6), 5)): {'bw': 148}, ((1, 7), (5, 2)): {'bw': 148}, ((1, 7), (2, 13)): {'bw': 148}, ((1, 7), (13, 15)): {'bw': 148}, ((1, 7), (15, 12)): {'bw': 148}, ((1, 7), (12, 0)): {'bw': 148}, ((2, 3), (np.int64(29), 31)): {'bw': 145}, ((2, 5), (np.int64(29), 2)): {'bw': 76}, ((2, 5), (2, 5)): {'bw': 76}, ((2, 6), (np.int64(29), 2)): {'bw': 64}, ((2, 6), (2, 21)): {'bw': 64}, ((2, 6), (21, 23)): {'bw': 64}, ((2, 7), (np.int64(29), 30)): {'bw': 65}, ((2, 7), (30, 28)): {'bw': 65}, ((2, 7), (28, 0)): {'bw': 65}}",0.0,0.0,794.0,397.0,1366.0,0.0,0.0,0.0,0.0,0.0,0.0,0.0,0.0,0.0,Route Failure,100.0,"{'node_level': {}, 'link_level': {}, 'path_level': {}}","{'node_level': {0: {'cpu': -16}, 1: {'cpu': -5}, 2: {'cpu': -18}, 3: {'cpu': -49}, 4: {'cpu': -18}, 5: {'cpu': -40}, 6: {'cpu': -19}, 7: {'cpu': -27}}, 'link_level': {(0, 3): {'bw': -85}, (1, 3): {'bw': -118}, (1, 4): {'bw': -67}, (1, 5): {'bw': -278}, (1, 7): {'bw': -27}, (2, 3): {'bw': -103}, (2, 5): {'bw': -125}, (2, 6): {'bw': -164}, (2, 7): {'bw': -64}, (3, 5): {'bw': 100.0}}, 'path_level': {(0, 3): {}, (1, 3): {}, (1, 4): {}, (1, 5): {}, (1, 7): {}, (2, 3): {}, (2, 5): {}, (2, 6): {}, (2, 7): {}, (3, 5): {}}}","{'node_level': {0: {'cpu': 0}, 1: {'cpu': 0}, 2: {'cpu': 0}, 3: {'cpu': 0}, 4: {'cpu': 0}, 5: {'cpu': 0}, 6: {'cpu': 0}, 7: {'cpu': 0}}, 'link_level': {(0, 3): {'bw': 0}, (1, 3): {'bw': 0}, (1, 4): {'bw': 0}, (1, 5): {'bw': 0}, (1, 7): {'bw': 0}, (2, 3): {'bw': 0}, (2, 5): {'bw': 0}, (2, 6): {'bw': 0}, (2, 7): {'bw': 0}, (3, 5): {'bw': 100.0}}, 'path_level': {(0, 3): {}, (1, 3): {}, (1, 4): {}, (1, 5): {}, (1, 7): {}, (2, 3): {}, (2, 5): {}, (2, 6): {}, (2, 7): {}, (3, 5): {}}}",[],-inf,-inf,True,False,False,0,[],0,0.0,8.0,10.0,3
203,7,0,7475.0,16219.0,2765328.309907812,6017872.147549721,0.4608792157346322,0.45951928557235344,24,388,1,6739.0,17304,2649,14655,0.0,0.0,202,352.202114725285,6739.0,8,13,False,"{0: np.int64(13), 1: np.int64(8), 2: np.int64(19), 3: np.int64(0), 4: np.int64(29), 5: np.int64(5), 6: np.int64(11), 7: np.int64(14)}","{(0, 1): [(np.int64(13), 2), (2, 5), (5, 6), (6, 8)], (0, 3): [(np.int64(13), 14), (14, 12), (12, 0)], (0, 4): [(np.int64(13), 2), (2, 29)], (1, 2): [(np.int64(8), 6), (6, 4), (4, 0), (0, 12), (12, 15), (15, 19)], (1, 5): [(np.int64(8), 6), (6, 5)], (1, 6): []}","{(0, np.int64(13)): {'cpu': 73}, (1, np.int64(8)): {'cpu': 45}, (2, np.int64(19)): {'cpu': 74}, (3, np.int64(0)): {'cpu': 80}, (4, np.int64(29)): {'cpu': 62}, (5, np.int64(5)): {'cpu': 42}, (6, np.int64(11)): {'cpu': 66}, (7, np.int64(14)): {'cpu': 59}}","{((0, 1), (np.int64(13), 2)): {'bw': 147}, ((0, 1), (2, 5)): {'bw': 147}, ((0, 1), (5, 6)): {'bw': 147}, ((0, 1), (6, 8)): {'bw': 147}, ((0, 3), (np.int64(13), 14)): {'bw': 104}, ((0, 3), (14, 12)): {'bw': 104}, ((0, 3), (12, 0)): {'bw': 104}, ((0, 4), (np.int64(13), 2)): {'bw': 74}, ((0, 4), (2, 29)): {'bw': 74}, ((1, 2), (np.int64(8), 6)): {'bw': 65}, ((1, 2), (6, 4)): {'bw': 65}, ((1, 2), (4, 0)): {'bw': 65}, ((1, 2), (0, 12)): {'bw': 65}, ((1, 2), (12, 15)): {'bw': 65}, ((1, 2), (15, 19)): {'bw': 65}, ((1, 5), (np.int64(8), 6)): {'bw': 83}, ((1, 5), (6, 5)): {'bw': 83}}",0.0,0.0,1002.0,501.0,1213.0,0.0,0.0,0.0,0.0,0.0,0.0,0.0,0.0,0.0,Route Failure,100.0,"{'node_level': {}, 'link_level': {}, 'path_level': {}}","{'node_level': {0: {'cpu': -9}, 1: {'cpu': -48}, 2: {'cpu': -2}, 3: {'cpu': -12}, 4: {'cpu': -34}, 5: {'cpu': -29}, 6: {'cpu': -5}, 7: {'cpu': -11}}, 'link_level': {(0, 1): {'bw': -180}, (0, 3): {'bw': -97}, (0, 4): {'bw': -106}, (1, 2): {'bw': -154}, (1, 5): {'bw': -89}, (1, 6): {'bw': 100.0}}, 'path_level': {(0, 1): {}, (0, 3): {}, (0, 4): {}, (1, 2): {}, (1, 5): {}, (1, 6): {}}}","{'node_level': {0: {'cpu': 0}, 1: {'cpu': 0}, 2: {'cpu': 0}, 3: {'cpu': 0}, 4: {'cpu': 0}, 5: {'cpu': 0}, 6: {'cpu': 0}, 7: {'cpu': 0}}, 'link_level': {(0, 1): {'bw': 0}, (0, 3): {'bw': 0}, (0, 4): {'bw': 0}, (1, 2): {'bw': 0}, (1, 5): {'bw': 0}, (1, 6): {'bw': 100.0}}, 'path_level': {(0, 1): {}, (0, 3): {}, (0, 4): {}, (1, 2): {}, (1, 5): {}, (1, 6): {}}}",[],-inf,-inf,True,False,False,0,[],0,0.0,8.0,6.0,3
203,7,0,7475.0,16219.0,2765328.309907812,6017872.147549721,0.4608792157346322,0.45951928557235344,24,389,0,6759.027318324678,17304,2649,14655,0.0,0.0,186,549.0273183246783,6210.0,10,24,False,{},{},{},{},0.0,0.0,0.0,0.0,0.0,0.0,0.0,0.0,0.0,0.0,0.0,0.0,0.0,0.0,Leave Event,0.0,"{'node_level': {}, 'link_level': {}, 'path_level': {}}","{'node_level': {}, 'link_level': {}, 'path_level': {}}","{'node_level': {}, 'link_level': {}, 'path_level': {}}",[],-inf,-inf,True,True,False,0,[],0,0.0,,,3
203,7,0,7475.0,16219.0,2765328.309907812,6017872.147549721,0.4608792157346322,0.45951928557235344,24,390,0,6763.784555245744,17304,2649,14655,0.0,0.0,171,1033.784555245744,5730.0,9,19,False,{},{},{},{},0.0,0.0,0.0,0.0,0.0,0.0,0.0,0.0,0.0,0.0,0.0,0.0,0.0,0.0,Leave Event,0.0,"{'node_level': {}, 'link_level': {}, 'path_level': {}}","{'node_level': {}, 'link_level': {}, 'path_level': {}}","{'node_level': {}, 'link_level': {}, 'path_level': {}}",[],-inf,-inf,True,True,False,0,[],0,0.0,,,3
203,7,0,7475.0,16219.0,2765328.309907812,6017872.147549721,0.4608792157346322,0.45951928557235344,24,391,0,6772.5757491009,17304,2649,14655,0.0,0.0,192,352.5757491009,6420.0,7,15,False,{},{},{},{},0.0,0.0,0.0,0.0,0.0,0.0,0.0,0.0,0.0,0.0,0.0,0.0,0.0,0.0,Leave Event,0.0,"{'node_level': {}, 'link_level': {}, 'path_level': {}}","{'node_level': {}, 'link_level': {}, 'path_level': {}}","{'node_level': {}, 'link_level': {}, 'path_level': {}}",[],-inf,-inf,True,True,False,0,[],0,0.0,,,3
204,7,0,7475.0,16219.0,2765328.309907812,6017872.147549721,0.4608792157346322,0.45951928557235344,24,392,1,6782.0,17304,2649,14655,0.0,0.0,203,248.3806282996702,6782.0,8,15,False,"{0: np.int64(30), 1: np.int64(6), 2: np.int64(34), 3: np.int64(26), 4: np.int64(1), 5: np.int64(31), 6: np.int64(20), 7: np.int64(0)}","{(0, 2): [(np.int64(30), 28), (28, 31), (31, 34)], (0, 3): [(np.int64(30), 28), (28, 0), (0, 20), (20, 23), (23, 26)], (0, 5): [(np.int64(30), 29), (29, 31)], (0, 6): [(np.int64(30), 29), (29, 2), (2, 21), (21, 22), (22, 20)], (0, 7): [(np.int64(30), 29), (29, 31), (31, 28), (28, 0)], (1, 3): [(np.int64(6), 4), (4, 0), (0, 20), (20, 23), (23, 26)], (1, 4): [(np.int64(6), 4), (4, 1)], (1, 5): [(np.int64(6), 4), (4, 0), (0, 28), (28, 31)], (1, 6): [(np.int64(6), 5), (5, 3), (3, 21), (21, 22), (22, 20)], (2, 3): []}","{(0, np.int64(30)): {'cpu': 41}, (1, np.int64(6)): {'cpu': 43}, (2, np.int64(34)): {'cpu': 30}, (3, np.int64(26)): {'cpu': 72}, (4, np.int64(1)): {'cpu': 65}, (5, np.int64(31)): {'cpu': 58}, (6, np.int64(20)): {'cpu': 30}, (7, np.int64(0)): {'cpu': 80}}","{((0, 2), (np.int64(30), 28)): {'bw': 132}, ((0, 2), (28, 31)): {'bw': 132}, ((0, 2), (31, 34)): {'bw': 132}, ((0, 3), (np.int64(30), 28)): {'bw': 134}, ((0, 3), (28, 0)): {'bw': 134}, ((0, 3), (0, 20)): {'bw': 134}, ((0, 3), (20, 23)): {'bw': 134}, ((0, 3), (23, 26)): {'bw': 134}, ((0, 5), (np.int64(30), 29)): {'bw': 114}, ((0, 5), (29, 31)): {'bw': 114}, ((0, 6), (np.int64(30), 29)): {'bw': 117}, ((0, 6), (29, 2)): {'bw': 117}, ((0, 6), (2, 21)): {'bw': 117}, ((0, 6), (21, 22)): {'bw': 117}, ((0, 6), (22, 20)): {'bw': 117}, ((0, 7), (np.int64(30), 29)): {'bw': 102}, ((0, 7), (29, 31)): {'bw': 102}, ((0, 7), (31, 28)): {'bw': 102}, ((0, 7), (28, 0)): {'bw': 102}, ((1, 3), (np.int64(6), 4)): {'bw': 67}, ((1, 3), (4, 0)): {'bw': 67}, ((1, 3), (0, 20)): {'bw': 67}, ((1, 3), (20, 23)): {'bw': 67}, ((1, 3), (23, 26)): {'bw': 67}, ((1, 4), (np.int64(6), 4)): {'bw': 97}, ((1, 4), (4, 1)): {'bw': 97}, ((1, 5), (np.int64(6), 4)): {'bw': 126}, ((1, 5), (4, 0)): {'bw': 126}, ((1, 5), (0, 28)): {'bw': 126}, ((1, 5), (28, 31)): {'bw': 126}, ((1, 6), (np.int64(6), 5)): {'bw': 122}, ((1, 6), (5, 3)): {'bw': 122}, ((1, 6), (3, 21)): {'bw': 122}, ((1, 6), (21, 22)): {'bw': 122}, ((1, 6), (22, 20)): {'bw': 122}}",0.0,0.0,838.0,419.0,1591.0,0.0,0.0,0.0,0.0,0.0,0.0,0.0,0.0,0.0,Route Failure,100.0,"{'node_level': {}, 'link_level': {}, 'path_level': {}}","{'node_level': {0: {'cpu': -42}, 1: {'cpu': -26}, 2: {'cpu': -27}, 3: {'cpu': -4}, 4: {'cpu': -9}, 5: {'cpu': -21}, 6: {'cpu': -37}, 7: {'cpu': -12}}, 'link_level': {(0, 2): {'bw': -120}, (0, 3): {'bw': -75}, (0, 5): {'bw': -134}, (0, 6): {'bw': -111}, (0, 7): {'bw': -25}, (1, 3): {'bw': -78}, (1, 4): {'bw': -140}, (1, 5): {'bw': -5}, (1, 6): {'bw': -105}, (2, 3): {'bw': 100.0}}, 'path_level': {(0, 2): {}, (0, 3): {}, (0, 5): {}, (0, 6): {}, (0, 7): {}, (1, 3): {}, (1, 4): {}, (1, 5): {}, (1, 6): {}, (2, 3): {}}}","{'node_level': {0: {'cpu': 0}, 1: {'cpu': 0}, 2: {'cpu': 0}, 3: {'cpu': 0}, 4: {'cpu': 0}, 5: {'cpu': 0}, 6: {'cpu': 0}, 7: {'cpu': 0}}, 'link_level': {(0, 2): {'bw': 0}, (0, 3): {'bw': 0}, (0, 5): {'bw': 0}, (0, 6): {'bw': 0}, (0, 7): {'bw': 0}, (1, 3): {'bw': 0}, (1, 4): {'bw': 0}, (1, 5): {'bw': 0}, (1, 6): {'bw': 0}, (2, 3): {'bw': 100.0}}, 'path_level': {(0, 2): {}, (0, 3): {}, (0, 5): {}, (0, 6): {}, (0, 7): {}, (1, 3): {}, (1, 4): {}, (1, 5): {}, (1, 6): {}, (2, 3): {}}}",[],-inf,-inf,True,False,False,0,[],0,0.0,8.0,10.0,3
205,7,0,7475.0,16219.0,2765328.309907812,6017872.147549721,0.4608792157346322,0.45951928557235344,24,393,1,6813.0,17304,2649,14655,0.0,0.0,204,1894.7749802866301,6813.0,10,22,False,"{0: np.int64(28), 1: np.int64(31), 2: np.int64(14), 3: np.int64(20), 4: np.int64(33), 5: np.int64(26), 6: np.int64(8), 7: np.int64(9), 8: np.int64(6), 9: np.int64(29)}","{(0, 1): [(np.int64(28), 31)], (0, 4): [(np.int64(28), 30), (30, 33)], (0, 5): [(np.int64(28), 0), (0, 20), (20, 23), (23, 26)], (0, 6): [(np.int64(28), 0), (0, 4), (4, 6), (6, 8)], (0, 8): [(np.int64(28), 0), (0, 4), (4, 6)], (1, 2): [(np.int64(31), 28), (28, 0), (0, 12), (12, 14)], (2, 4): [(np.int64(14), 12), (12, 1), (1, 28), (28, 30), (30, 33)], (2, 8): [(np.int64(14), 13), (13, 2), (2, 5), (5, 6)], (2, 9): []}","{(0, np.int64(28)): {'cpu': 79}, (1, np.int64(31)): {'cpu': 30}, (2, np.int64(14)): {'cpu': 45}, (3, np.int64(20)): {'cpu': 40}, (4, np.int64(33)): {'cpu': 54}, (5, np.int64(26)): {'cpu': 58}, (6, np.int64(8)): {'cpu': 77}, (7, np.int64(9)): {'cpu': 37}, (8, np.int64(6)): {'cpu': 62}, (9, np.int64(29)): {'cpu': 80}}","{((0, 1), (np.int64(28), 31)): {'bw': 120}, ((0, 4), (np.int64(28), 30)): {'bw': 63}, ((0, 4), (30, 33)): {'bw': 63}, ((0, 5), (np.int64(28), 0)): {'bw': 101}, ((0, 5), (0, 20)): {'bw': 101}, ((0, 5), (20, 23)): {'bw': 101}, ((0, 5), (23, 26)): {'bw': 101}, ((0, 6), (np.int64(28), 0)): {'bw': 87}, ((0, 6), (0, 4)): {'bw': 87}, ((0, 6), (4, 6)): {'bw': 87}, ((0, 6), (6, 8)): {'bw': 87}, ((0, 8), (np.int64(28), 0)): {'bw': 87}, ((0, 8), (0, 4)): {'bw': 87}, ((0, 8), (4, 6)): {'bw': 87}, ((1, 2), (np.int64(31), 28)): {'bw': 95}, ((1, 2), (28, 0)): {'bw': 95}, ((1, 2), (0, 12)): {'bw': 95}, ((1, 2), (12, 14)): {'bw': 95}, ((2, 4), (np.int64(14), 12)): {'bw': 85}, ((2, 4), (12, 1)): {'bw': 85}, ((2, 4), (1, 28)): {'bw': 85}, ((2, 4), (28, 30)): {'bw': 85}, ((2, 4), (30, 33)): {'bw': 85}, ((2, 8), (np.int64(14), 13)): {'bw': 128}, ((2, 8), (13, 2)): {'bw': 128}, ((2, 8), (2, 5)): {'bw': 128}, ((2, 8), (5, 6)): {'bw': 128}}",0.0,0.0,1124.0,562.0,2245.0,0.0,0.0,0.0,0.0,0.0,0.0,0.0,0.0,0.0,Route Failure,100.0,"{'node_level': {}, 'link_level': {}, 'path_level': {}}","{'node_level': {0: {'cpu': -11}, 1: {'cpu': -49}, 2: {'cpu': -25}, 3: {'cpu': -27}, 4: {'cpu': -20}, 5: {'cpu': -18}, 6: {'cpu': -16}, 7: {'cpu': -54}, 8: {'cpu': -7}, 9: {'cpu': -16}}, 'link_level': {(0, 1): {'bw': -245}, (0, 4): {'bw': -170}, (0, 5): {'bw': -178}, (0, 6): {'bw': -146}, (0, 8): {'bw': -59}, (1, 2): {'bw': -6}, (2, 4): {'bw': -53}, (2, 8): {'bw': -73}, (2, 9): {'bw': 100.0}}, 'path_level': {(0, 1): {}, (0, 4): {}, (0, 5): {}, (0, 6): {}, (0, 8): {}, (1, 2): {}, (2, 4): {}, (2, 8): {}, (2, 9): {}}}","{'node_level': {0: {'cpu': 0}, 1: {'cpu': 0}, 2: {'cpu': 0}, 3: {'cpu': 0}, 4: {'cpu': 0}, 5: {'cpu': 0}, 6: {'cpu': 0}, 7: {'cpu': 0}, 8: {'cpu': 0}, 9: {'cpu': 0}}, 'link_level': {(0, 1): {'bw': 0}, (0, 4): {'bw': 0}, (0, 5): {'bw': 0}, (0, 6): {'bw': 0}, (0, 8): {'bw': 0}, (1, 2): {'bw': 0}, (2, 4): {'bw': 0}, (2, 8): {'bw': 0}, (2, 9): {'bw': 100.0}}, 'path_level': {(0, 1): {}, (0, 4): {}, (0, 5): {}, (0, 6): {}, (0, 8): {}, (1, 2): {}, (2, 4): {}, (2, 8): {}, (2, 9): {}}}",[],-inf,-inf,True,False,False,0,[],0,0.0,10.0,9.0,3
206,7,0,7475.0,16219.0,2765328.309907812,6017872.147549721,0.4608792157346322,0.45951928557235344,24,394,1,6848.0,17304,2649,14655,0.0,0.0,205,488.6016738904192,6848.0,9,16,False,"{0: np.int64(8), 1: np.int64(6), 2: np.int64(35), 3: np.int64(29), 4: np.int64(25), 5: np.int64(10), 6: np.int64(32), 7: np.int64(3), 8: np.int64(5)}","{(0, 4): [(np.int64(8), 6), (6, 4), (4, 0), (0, 20), (20, 22), (22, 25)], (0, 6): [(np.int64(8), 6), (6, 4), (4, 1), (1, 28), (28, 30), (30, 32)], (0, 8): [(np.int64(8), 6), (6, 5)], (1, 2): [(np.int64(6), 5), (5, 2), (2, 29), (29, 31), (31, 35)], (1, 3): [(np.int64(6), 5), (5, 2), (2, 29)], (1, 7): []}","{(0, np.int64(8)): {'cpu': 66}, (1, np.int64(6)): {'cpu': 57}, (2, np.int64(35)): {'cpu': 68}, (3, np.int64(29)): {'cpu': 61}, (4, np.int64(25)): {'cpu': 35}, (5, np.int64(10)): {'cpu': 36}, (6, np.int64(32)): {'cpu': 67}, (7, np.int64(3)): {'cpu': 34}, (8, np.int64(5)): {'cpu': 31}}","{((0, 4), (np.int64(8), 6)): {'bw': 115}, ((0, 4), (6, 4)): {'bw': 115}, ((0, 4), (4, 0)): {'bw': 115}, ((0, 4), (0, 20)): {'bw': 115}, ((0, 4), (20, 22)): {'bw': 115}, ((0, 4), (22, 25)): {'bw': 115}, ((0, 6), (np.int64(8), 6)): {'bw': 121}, ((0, 6), (6, 4)): {'bw': 121}, ((0, 6), (4, 1)): {'bw': 121}, ((0, 6), (1, 28)): {'bw': 121}, ((0, 6), (28, 30)): {'bw': 121}, ((0, 6), (30, 32)): {'bw': 121}, ((0, 8), (np.int64(8), 6)): {'bw': 71}, ((0, 8), (6, 5)): {'bw': 71}, ((1, 2), (np.int64(6), 5)): {'bw': 105}, ((1, 2), (5, 2)): {'bw': 105}, ((1, 2), (2, 29)): {'bw': 105}, ((1, 2), (29, 31)): {'bw': 105}, ((1, 2), (31, 35)): {'bw': 105}, ((1, 3), (np.int64(6), 5)): {'bw': 99}, ((1, 3), (5, 2)): {'bw': 99}, ((1, 3), (2, 29)): {'bw': 99}}",0.0,0.0,910.0,455.0,1769.0,0.0,0.0,0.0,0.0,0.0,0.0,0.0,0.0,0.0,Route Failure,100.0,"{'node_level': {}, 'link_level': {}, 'path_level': {}}","{'node_level': {0: {'cpu': -27}, 1: {'cpu': -12}, 2: {'cpu': -25}, 3: {'cpu': -35}, 4: {'cpu': -16}, 5: {'cpu': -24}, 6: {'cpu': -25}, 7: {'cpu': -24}, 8: {'cpu': -40}}, 'link_level': {(0, 4): {'bw': -118}, (0, 6): {'bw': -80}, (0, 8): {'bw': -77}, (1, 2): {'bw': -97}, (1, 3): {'bw': -90}, (1, 7): {'bw': 100.0}}, 'path_level': {(0, 4): {}, (0, 6): {}, (0, 8): {}, (1, 2): {}, (1, 3): {}, (1, 7): {}}}","{'node_level': {0: {'cpu': 0}, 1: {'cpu': 0}, 2: {'cpu': 0}, 3: {'cpu': 0}, 4: {'cpu': 0}, 5: {'cpu': 0}, 6: {'cpu': 0}, 7: {'cpu': 0}, 8: {'cpu': 0}}, 'link_level': {(0, 4): {'bw': 0}, (0, 6): {'bw': 0}, (0, 8): {'bw': 0}, (1, 2): {'bw': 0}, (1, 3): {'bw': 0}, (1, 7): {'bw': 100.0}}, 'path_level': {(0, 4): {}, (0, 6): {}, (0, 8): {}, (1, 2): {}, (1, 3): {}, (1, 7): {}}}",[],-inf,-inf,True,False,False,0,[],0,0.0,9.0,6.0,3
206,7,0,7475.0,16219.0,2765328.309907812,6017872.147549721,0.4608792157346322,0.45951928557235344,24,395,0,6861.8429378767305,17304,2649,14655,0.0,0.0,199,222.84293787673028,6639.0,7,12,False,{},{},{},{},0.0,0.0,0.0,0.0,0.0,0.0,0.0,0.0,0.0,0.0,0.0,0.0,0.0,0.0,Leave Event,0.0,"{'node_level': {}, 'link_level': {}, 'path_level': {}}","{'node_level': {}, 'link_level': {}, 'path_level': {}}","{'node_level': {}, 'link_level': {}, 'path_level': {}}",[],-inf,-inf,True,True,False,0,[],0,0.0,,,3
207,8,1,8685.0,19813.0,2857903.9905888597,6292844.871820535,0.4383485590269015,0.4541513494773408,26,396,1,6879.0,13710,2228,11482,0.15892789731974333,0.21651313544865236,206,76.50882700913002,6879.0,7,8,True,"{0: np.int64(8), 1: np.int64(15), 2: np.int64(1), 3: np.int64(11), 4: np.int64(16), 5: np.int64(26), 6: np.int64(28)}","{(0, 5): [(np.int64(8), 6), (6, 4), (4, 0), (0, 20), (20, 23), (23, 26)], (0, 6): [(np.int64(8), 6), (6, 4), (4, 0), (0, 28)], (1, 5): [(np.int64(15), 12), (12, 0), (0, 20), (20, 23), (23, 26)], (1, 6): [(np.int64(15), 12), (12, 0), (0, 28)], (2, 3): [(np.int64(1), 4), (4, 7), (7, 11)], (2, 6): [(np.int64(1), 28)], (3, 6): [(np.int64(11), 7), (7, 4), (4, 1), (1, 28)], (4, 6): [(np.int64(16), 14), (14, 12), (12, 0), (0, 28)]}","{(0, np.int64(8)): {'cpu': 31}, (1, np.int64(15)): {'cpu': 68}, (2, np.int64(1)): {'cpu': 69}, (3, np.int64(11)): {'cpu': 51}, (4, np.int64(16)): {'cpu': 69}, (5, np.int64(26)): {'cpu': 62}, (6, np.int64(28)): {'cpu': 71}}","{((0, 5), (np.int64(8), 6)): {'bw': 138}, ((0, 5), (6, 4)): {'bw': 138}, ((0, 5), (4, 0)): {'bw': 138}, ((0, 5), (0, 20)): {'bw': 138}, ((0, 5), (20, 23)): {'bw': 138}, ((0, 5), (23, 26)): {'bw': 138}, ((0, 6), (np.int64(8), 6)): {'bw': 74}, ((0, 6), (6, 4)): {'bw': 74}, ((0, 6), (4, 0)): {'bw': 74}, ((0, 6), (0, 28)): {'bw': 74}, ((1, 5), (np.int64(15), 12)): {'bw': 119}, ((1, 5), (12, 0)): {'bw': 119}, ((1, 5), (0, 20)): {'bw': 119}, ((1, 5), (20, 23)): {'bw': 119}, ((1, 5), (23, 26)): {'bw': 119}, ((1, 6), (np.int64(15), 12)): {'bw': 70}, ((1, 6), (12, 0)): {'bw': 70}, ((1, 6), (0, 28)): {'bw': 70}, ((2, 3), (np.int64(1), 4)): {'bw': 92}, ((2, 3), (4, 7)): {'bw': 92}, ((2, 3), (7, 11)): {'bw': 92}, ((2, 6), (np.int64(1), 28)): {'bw': 72}, ((3, 6), (np.int64(11), 7)): {'bw': 91}, ((3, 6), (7, 4)): {'bw': 91}, ((3, 6), (4, 1)): {'bw': 91}, ((3, 6), (1, 28)): {'bw': 91}, ((4, 6), (np.int64(16), 14)): {'bw': 133}, ((4, 6), (14, 12)): {'bw': 133}, ((4, 6), (12, 0)): {'bw': 133}, ((4, 6), (0, 28)): {'bw': 133}}",3594.0,1210.0,842.0,421.0,789.0,421.0,789.0,421.0,3173.0,2384.0,0.33667223149693937,274972.7242708133,92575.68068104732,25.75839751837711,Success,0.0,"{'node_level': {}, 'link_level': {}, 'path_level': {}}","{'node_level': {0: {'cpu': -62}, 1: {'cpu': -26}, 2: {'cpu': -5}, 3: {'cpu': -20}, 4: {'cpu': -10}, 5: {'cpu': -14}, 6: {'cpu': -19}}, 'link_level': {(0, 5): {'bw': -95}, (0, 6): {'bw': -21}, (1, 5): {'bw': -22}, (1, 6): {'bw': -124}, (2, 3): {'bw': -145}, (2, 6): {'bw': -177}, (3, 6): {'bw': -54}, (4, 6): {'bw': -1}}, 'path_level': {(0, 5): {}, (0, 6): {}, (1, 5): {}, (1, 6): {}, (2, 3): {}, (2, 6): {}, (3, 6): {}, (4, 6): {}}}","{'node_level': {0: {'cpu': 0}, 1: {'cpu': 0}, 2: {'cpu': 0}, 3: {'cpu': 0}, 4: {'cpu': 0}, 5: {'cpu': 0}, 6: {'cpu': 0}}, 'link_level': {(0, 5): {'bw': 0}, (0, 6): {'bw': 0}, (1, 5): {'bw': 0}, (1, 6): {'bw': 0}, (2, 3): {'bw': 0}, (2, 6): {'bw': 0}, (3, 6): {'bw': 0}, (4, 6): {'bw': 0}}, 'path_level': {(0, 5): {}, (0, 6): {}, (1, 5): {}, (1, 6): {}, (2, 3): {}, (2, 6): {}, (3, 6): {}, (4, 6): {}}}",[],-inf,-inf,True,True,False,0,[],0,0.0,7.0,8.0,3
208,8,1,8685.0,19813.0,2857903.9905888597,6292844.871820535,0.4383485590269015,0.4541513494773408,26,397,1,6915.0,13710,2228,11482,0.15892789731974333,0.21651313544865236,207,598.2147325525265,6915.0,7,13,False,"{0: np.int64(24), 1: np.int64(14), 2: np.int64(35), 3: np.int64(17), 4: np.int64(13), 5: np.int64(32), 6: np.int64(0)}","{(0, 1): [(np.int64(24), 22), (22, 21), (21, 2), (2, 13), (13, 14)], (0, 3): []}","{(0, np.int64(24)): {'cpu': 35}, (1, np.int64(14)): {'cpu': 44}, (2, np.int64(35)): {'cpu': 75}, (3, np.int64(17)): {'cpu': 51}, (4, np.int64(13)): {'cpu': 76}, (5, np.int64(32)): {'cpu': 66}, (6, np.int64(0)): {'cpu': 78}}","{((0, 1), (np.int64(24), 22)): {'bw': 107}, ((0, 1), (22, 21)): {'bw': 107}, ((0, 1), (21, 2)): {'bw': 107}, ((0, 1), (2, 13)): {'bw': 107}, ((0, 1), (13, 14)): {'bw': 107}}",0.0,0.0,850.0,425.0,1253.0,0.0,0.0,0.0,0.0,0.0,0.0,0.0,0.0,0.0,Route Failure,100.0,"{'node_level': {}, 'link_level': {}, 'path_level': {}}","{'node_level': {0: {'cpu': -17}, 1: {'cpu': -26}, 2: {'cpu': -18}, 3: {'cpu': -38}, 4: {'cpu': -6}, 5: {'cpu': -26}, 6: {'cpu': -14}}, 'link_level': {(0, 1): {'bw': -94}, (0, 3): {'bw': 100.0}}, 'path_level': {(0, 1): {}, (0, 3): {}}}","{'node_level': {0: {'cpu': 0}, 1: {'cpu': 0}, 2: {'cpu': 0}, 3: {'cpu': 0}, 4: {'cpu': 0}, 5: {'cpu': 0}, 6: {'cpu': 0}}, 'link_level': {(0, 1): {'bw': 0}, (0, 3): {'bw': 100.0}}, 'path_level': {(0, 1): {}, (0, 3): {}}}",[],-inf,-inf,True,False,False,0,[],0,0.0,7.0,2.0,3
209,8,1,8685.0,19813.0,2857903.9905888597,6292844.871820535,0.4383485590269015,0.4541513494773408,26,398,1,6947.0,13710,2228,11482,0.15892789731974333,0.21651313544865236,208,1687.1257134326838,6947.0,10,22,False,"{0: np.int64(21), 1: np.int64(17), 2: np.int64(5), 3: np.int64(30), 4: np.int64(3), 5: np.int64(9), 6: np.int64(0), 7: np.int64(31), 8: np.int64(29), 9: np.int64(6)}","{(0, 1): [(np.int64(21), 2), (2, 13), (13, 14), (14, 17)], (0, 2): [(np.int64(21), 2), (2, 5)], (0, 4): [(np.int64(21), 3)], (0, 6): []}","{(0, np.int64(21)): {'cpu': 31}, (1, np.int64(17)): {'cpu': 76}, (2, np.int64(5)): {'cpu': 30}, (3, np.int64(30)): {'cpu': 73}, (4, np.int64(3)): {'cpu': 47}, (5, np.int64(9)): {'cpu': 77}, (6, np.int64(0)): {'cpu': 80}, (7, np.int64(31)): {'cpu': 48}, (8, np.int64(29)): {'cpu': 32}, (9, np.int64(6)): {'cpu': 31}}","{((0, 1), (np.int64(21), 2)): {'bw': 82}, ((0, 1), (2, 13)): {'bw': 82}, ((0, 1), (13, 14)): {'bw': 82}, ((0, 1), (14, 17)): {'bw': 82}, ((0, 2), (np.int64(21), 2)): {'bw': 92}, ((0, 2), (2, 5)): {'bw': 92}, ((0, 4), (np.int64(21), 3)): {'bw': 73}}",0.0,0.0,1050.0,525.0,2209.0,0.0,0.0,0.0,0.0,0.0,0.0,0.0,0.0,0.0,Route Failure,100.0,"{'node_level': {}, 'link_level': {}, 'path_level': {}}","{'node_level': {0: {'cpu': -45}, 1: {'cpu': -13}, 2: {'cpu': -41}, 3: {'cpu': -10}, 4: {'cpu': -11}, 5: {'cpu': -14}, 6: {'cpu': -12}, 7: {'cpu': -31}, 8: {'cpu': -64}, 9: {'cpu': -38}}, 'link_level': {(0, 1): {'bw': -119}, (0, 2): {'bw': -54}, (0, 4): {'bw': -319}, (0, 6): {'bw': 100.0}}, 'path_level': {(0, 1): {}, (0, 2): {}, (0, 4): {}, (0, 6): {}}}","{'node_level': {0: {'cpu': 0}, 1: {'cpu': 0}, 2: {'cpu': 0}, 3: {'cpu': 0}, 4: {'cpu': 0}, 5: {'cpu': 0}, 6: {'cpu': 0}, 7: {'cpu': 0}, 8: {'cpu': 0}, 9: {'cpu': 0}}, 'link_level': {(0, 1): {'bw': 0}, (0, 2): {'bw': 0}, (0, 4): {'bw': 0}, (0, 6): {'bw': 100.0}}, 'path_level': {(0, 1): {}, (0, 2): {}, (0, 4): {}, (0, 6): {}}}",[],-inf,-inf,True,False,False,0,[],0,0.0,10.0,4.0,3
209,8,0,8685.0,19813.0,2857903.9905888597,6292844.871820535,0.4383485590269015,0.4541513494773408,26,399,0,6955.50882700913,17304,2649,14655,0.0,0.0,206,76.50882700913002,6879.0,7,8,False,{},{},{},{},0.0,0.0,0.0,0.0,0.0,0.0,0.0,0.0,0.0,0.0,0.0,0.0,0.0,0.0,Leave Event,0.0,"{'node_level': {}, 'link_level': {}, 'path_level': {}}","{'node_level': {}, 'link_level': {}, 'path_level': {}}","{'node_level': {}, 'link_level': {}, 'path_level': {}}",[],-inf,-inf,True,True,False,0,[],0,0.0,,,3
210,8,0,8685.0,19813.0,2857903.9905888597,6292844.871820535,0.4383485590269015,0.4541513494773408,26,400,1,6977.0,17304,2649,14655,0.0,0.0,209,1126.1807718918237,6977.0,10,21,False,"{0: np.int64(25), 1: np.int64(13), 2: np.int64(16), 3: np.int64(30), 4: np.int64(12), 5: np.int64(8), 6: np.int64(32), 7: np.int64(11), 8: np.int64(21), 9: np.int64(35)}","{(0, 1): [(np.int64(25), 22), (22, 21), (21, 2), (2, 13)], (0, 2): [(np.int64(25), 22), (22, 20), (20, 0), (0, 12), (12, 14), (14, 16)], (0, 3): []}","{(0, np.int64(25)): {'cpu': 37}, (1, np.int64(13)): {'cpu': 59}, (2, np.int64(16)): {'cpu': 73}, (3, np.int64(30)): {'cpu': 77}, (4, np.int64(12)): {'cpu': 43}, (5, np.int64(8)): {'cpu': 46}, (6, np.int64(32)): {'cpu': 44}, (7, np.int64(11)): {'cpu': 32}, (8, np.int64(21)): {'cpu': 43}, (9, np.int64(35)): {'cpu': 78}}","{((0, 1), (np.int64(25), 22)): {'bw': 121}, ((0, 1), (22, 21)): {'bw': 121}, ((0, 1), (21, 2)): {'bw': 121}, ((0, 1), (2, 13)): {'bw': 121}, ((0, 2), (np.int64(25), 22)): {'bw': 65}, ((0, 2), (22, 20)): {'bw': 65}, ((0, 2), (20, 0)): {'bw': 65}, ((0, 2), (0, 12)): {'bw': 65}, ((0, 2), (12, 14)): {'bw': 65}, ((0, 2), (14, 16)): {'bw': 65}}",0.0,0.0,1064.0,532.0,2318.0,0.0,0.0,0.0,0.0,0.0,0.0,0.0,0.0,0.0,Route Failure,100.0,"{'node_level': {}, 'link_level': {}, 'path_level': {}}","{'node_level': {0: {'cpu': -14}, 1: {'cpu': -23}, 2: {'cpu': -6}, 3: {'cpu': -6}, 4: {'cpu': -45}, 5: {'cpu': -47}, 6: {'cpu': -48}, 7: {'cpu': -39}, 8: {'cpu': -33}, 9: {'cpu': -15}}, 'link_level': {(0, 1): {'bw': -107}, (0, 2): {'bw': -89}, (0, 3): {'bw': 100.0}}, 'path_level': {(0, 1): {}, (0, 2): {}, (0, 3): {}}}","{'node_level': {0: {'cpu': 0}, 1: {'cpu': 0}, 2: {'cpu': 0}, 3: {'cpu': 0}, 4: {'cpu': 0}, 5: {'cpu': 0}, 6: {'cpu': 0}, 7: {'cpu': 0}, 8: {'cpu': 0}, 9: {'cpu': 0}}, 'link_level': {(0, 1): {'bw': 0}, (0, 2): {'bw': 0}, (0, 3): {'bw': 100.0}}, 'path_level': {(0, 1): {}, (0, 2): {}, (0, 3): {}}}",[],-inf,-inf,True,False,False,0,[],0,0.0,10.0,3.0,3
210,8,0,8685.0,19813.0,2857903.9905888597,6292844.871820535,0.4383485590269015,0.4541513494773408,26,401,0,7005.701435255523,17304,2649,14655,0.0,0.0,196,464.701435255523,6541.0,10,28,False,{},{},{},{},0.0,0.0,0.0,0.0,0.0,0.0,0.0,0.0,0.0,0.0,0.0,0.0,0.0,0.0,Leave Event,0.0,"{'node_level': {}, 'link_level': {}, 'path_level': {}}","{'node_level': {}, 'link_level': {}, 'path_level': {}}","{'node_level': {}, 'link_level': {}, 'path_level': {}}",[],-inf,-inf,True,True,False,0,[],0,0.0,,,3
210,8,0,8685.0,19813.0,2857903.9905888597,6292844.871820535,0.4383485590269015,0.4541513494773408,26,402,0,7005.81150261738,17304,2649,14655,0.0,0.0,201,296.81150261738003,6709.0,8,13,False,{},{},{},{},0.0,0.0,0.0,0.0,0.0,0.0,0.0,0.0,0.0,0.0,0.0,0.0,0.0,0.0,Leave Event,0.0,"{'node_level': {}, 'link_level': {}, 'path_level': {}}","{'node_level': {}, 'link_level': {}, 'path_level': {}}","{'node_level': {}, 'link_level': {}, 'path_level': {}}",[],-inf,-inf,True,True,False,0,[],0,0.0,,,3
211,8,0,8685.0,19813.0,2857903.9905888597,6292844.871820535,0.4383485590269015,0.4541513494773408,26,403,1,7008.0,17304,2649,14655,0.0,0.0,210,408.2273176679187,7008.0,7,10,False,"{0: np.int64(15), 1: np.int64(34), 2: np.int64(13), 3: np.int64(18), 4: np.int64(12), 5: np.int64(0), 6: np.int64(8)}","{(0, 1): [(np.int64(15), 12), (12, 0), (0, 28), (28, 31), (31, 34)], (0, 2): [(np.int64(15), 13)], (0, 4): [(np.int64(15), 12)], (0, 6): [(np.int64(15), 13), (13, 2), (2, 5), (5, 6), (6, 8)], (1, 2): [(np.int64(34), 31), (31, 29), (29, 2), (2, 13)], (1, 4): []}","{(0, np.int64(15)): {'cpu': 44}, (1, np.int64(34)): {'cpu': 55}, (2, np.int64(13)): {'cpu': 54}, (3, np.int64(18)): {'cpu': 53}, (4, np.int64(12)): {'cpu': 43}, (5, np.int64(0)): {'cpu': 73}, (6, np.int64(8)): {'cpu': 67}}","{((0, 1), (np.int64(15), 12)): {'bw': 119}, ((0, 1), (12, 0)): {'bw': 119}, ((0, 1), (0, 28)): {'bw': 119}, ((0, 1), (28, 31)): {'bw': 119}, ((0, 1), (31, 34)): {'bw': 119}, ((0, 2), (np.int64(15), 13)): {'bw': 131}, ((0, 4), (np.int64(15), 12)): {'bw': 78}, ((0, 6), (np.int64(15), 13)): {'bw': 145}, ((0, 6), (13, 2)): {'bw': 145}, ((0, 6), (2, 5)): {'bw': 145}, ((0, 6), (5, 6)): {'bw': 145}, ((0, 6), (6, 8)): {'bw': 145}, ((1, 2), (np.int64(34), 31)): {'bw': 64}, ((1, 2), (31, 29)): {'bw': 64}, ((1, 2), (29, 2)): {'bw': 64}, ((1, 2), (2, 13)): {'bw': 64}}",0.0,0.0,778.0,389.0,1082.0,0.0,0.0,0.0,0.0,0.0,0.0,0.0,0.0,0.0,Route Failure,100.0,"{'node_level': {}, 'link_level': {}, 'path_level': {}}","{'node_level': {0: {'cpu': -50}, 1: {'cpu': -2}, 2: {'cpu': -28}, 3: {'cpu': -11}, 4: {'cpu': -45}, 5: {'cpu': -19}, 6: {'cpu': -26}}, 'link_level': {(0, 1): {'bw': -133}, (0, 2): {'bw': -154}, (0, 4): {'bw': -116}, (0, 6): {'bw': -9}, (1, 2): {'bw': -69}, (1, 4): {'bw': 100.0}}, 'path_level': {(0, 1): {}, (0, 2): {}, (0, 4): {}, (0, 6): {}, (1, 2): {}, (1, 4): {}}}","{'node_level': {0: {'cpu': 0}, 1: {'cpu': 0}, 2: {'cpu': 0}, 3: {'cpu': 0}, 4: {'cpu': 0}, 5: {'cpu': 0}, 6: {'cpu': 0}}, 'link_level': {(0, 1): {'bw': 0}, (0, 2): {'bw': 0}, (0, 4): {'bw': 0}, (0, 6): {'bw': 0}, (1, 2): {'bw': 0}, (1, 4): {'bw': 100.0}}, 'path_level': {(0, 1): {}, (0, 2): {}, (0, 4): {}, (0, 6): {}, (1, 2): {}, (1, 4): {}}}",[],-inf,-inf,True,False,False,0,[],0,0.0,7.0,6.0,3
211,8,0,8685.0,19813.0,2857903.9905888597,6292844.871820535,0.4383485590269015,0.4541513494773408,26,404,0,7027.650264800445,17304,2649,14655,0.0,0.0,151,1917.6502648004455,5110.0,10,22,False,{},{},{},{},0.0,0.0,0.0,0.0,0.0,0.0,0.0,0.0,0.0,0.0,0.0,0.0,0.0,0.0,Leave Event,0.0,"{'node_level': {}, 'link_level': {}, 'path_level': {}}","{'node_level': {}, 'link_level': {}, 'path_level': {}}","{'node_level': {}, 'link_level': {}, 'path_level': {}}",[],-inf,-inf,True,True,False,0,[],0,0.0,,,3
211,8,0,8685.0,19813.0,2857903.9905888597,6292844.871820535,0.4383485590269015,0.4541513494773408,26,405,0,7030.38062829967,17304,2649,14655,0.0,0.0,203,248.3806282996702,6782.0,8,15,False,{},{},{},{},0.0,0.0,0.0,0.0,0.0,0.0,0.0,0.0,0.0,0.0,0.0,0.0,0.0,0.0,Leave Event,0.0,"{'node_level': {}, 'link_level': {}, 'path_level': {}}","{'node_level': {}, 'link_level': {}, 'path_level': {}}","{'node_level': {}, 'link_level': {}, 'path_level': {}}",[],-inf,-inf,True,True,False,0,[],0,0.0,,,3
212,8,0,8685.0,19813.0,2857903.9905888597,6292844.871820535,0.4383485590269015,0.4541513494773408,26,406,1,7036.0,17304,2649,14655,0.0,0.0,211,7.412060039130502,7036.0,10,27,False,"{0: np.int64(8), 1: np.int64(5), 2: np.int64(11), 3: np.int64(4), 4: np.int64(31), 5: np.int64(29), 6: np.int64(0), 7: np.int64(15), 8: np.int64(18), 9: np.int64(35)}","{(0, 1): [(np.int64(8), 6), (6, 5)], (0, 2): [(np.int64(8), 6), (6, 4), (4, 7), (7, 11)], (0, 4): [(np.int64(8), 6), (6, 4), (4, 0), (0, 28), (28, 31)], (0, 6): []}","{(0, np.int64(8)): {'cpu': 30}, (1, np.int64(5)): {'cpu': 65}, (2, np.int64(11)): {'cpu': 63}, (3, np.int64(4)): {'cpu': 39}, (4, np.int64(31)): {'cpu': 51}, (5, np.int64(29)): {'cpu': 55}, (6, np.int64(0)): {'cpu': 74}, (7, np.int64(15)): {'cpu': 32}, (8, np.int64(18)): {'cpu': 57}, (9, np.int64(35)): {'cpu': 65}}","{((0, 1), (np.int64(8), 6)): {'bw': 79}, ((0, 1), (6, 5)): {'bw': 79}, ((0, 2), (np.int64(8), 6)): {'bw': 117}, ((0, 2), (6, 4)): {'bw': 117}, ((0, 2), (4, 7)): {'bw': 117}, ((0, 2), (7, 11)): {'bw': 117}, ((0, 4), (np.int64(8), 6)): {'bw': 106}, ((0, 4), (6, 4)): {'bw': 106}, ((0, 4), (4, 0)): {'bw': 106}, ((0, 4), (0, 28)): {'bw': 106}, ((0, 4), (28, 31)): {'bw': 106}}",0.0,0.0,1062.0,531.0,3014.0,0.0,0.0,0.0,0.0,0.0,0.0,0.0,0.0,0.0,Route Failure,100.0,"{'node_level': {}, 'link_level': {}, 'path_level': {}}","{'node_level': {0: {'cpu': -63}, 1: {'cpu': -6}, 2: {'cpu': -8}, 3: {'cpu': -11}, 4: {'cpu': -28}, 5: {'cpu': -41}, 6: {'cpu': -18}, 7: {'cpu': -62}, 8: {'cpu': -7}, 9: {'cpu': -28}}, 'link_level': {(0, 1): {'bw': -286}, (0, 2): {'bw': -188}, (0, 4): {'bw': -82}, (0, 6): {'bw': 100.0}}, 'path_level': {(0, 1): {}, (0, 2): {}, (0, 4): {}, (0, 6): {}}}","{'node_level': {0: {'cpu': 0}, 1: {'cpu': 0}, 2: {'cpu': 0}, 3: {'cpu': 0}, 4: {'cpu': 0}, 5: {'cpu': 0}, 6: {'cpu': 0}, 7: {'cpu': 0}, 8: {'cpu': 0}, 9: {'cpu': 0}}, 'link_level': {(0, 1): {'bw': 0}, (0, 2): {'bw': 0}, (0, 4): {'bw': 0}, (0, 6): {'bw': 100.0}}, 'path_level': {(0, 1): {}, (0, 2): {}, (0, 4): {}, (0, 6): {}}}",[],-inf,-inf,True,False,False,0,[],0,0.0,10.0,4.0,3
212,8,0,8685.0,19813.0,2857903.9905888597,6292844.871820535,0.4383485590269015,0.4541513494773408,26,407,0,7041.153600372506,17304,2649,14655,0.0,0.0,190,676.1536003725059,6365.0,8,14,False,{},{},{},{},0.0,0.0,0.0,0.0,0.0,0.0,0.0,0.0,0.0,0.0,0.0,0.0,0.0,0.0,Leave Event,0.0,"{'node_level': {}, 'link_level': {}, 'path_level': {}}","{'node_level': {}, 'link_level': {}, 'path_level': {}}","{'node_level': {}, 'link_level': {}, 'path_level': {}}",[],-inf,-inf,True,True,False,0,[],0,0.0,,,3
212,8,0,8685.0,19813.0,2857903.9905888597,6292844.871820535,0.4383485590269015,0.4541513494773408,26,408,0,7043.412060039131,17304,2649,14655,0.0,0.0,211,7.412060039130502,7036.0,10,27,False,{},{},{},{},0.0,0.0,0.0,0.0,0.0,0.0,0.0,0.0,0.0,0.0,0.0,0.0,0.0,0.0,Leave Event,0.0,"{'node_level': {}, 'link_level': {}, 'path_level': {}}","{'node_level': {}, 'link_level': {}, 'path_level': {}}","{'node_level': {}, 'link_level': {}, 'path_level': {}}",[],-inf,-inf,True,True,False,0,[],0,0.0,,,3
213,8,0,8685.0,19813.0,2857903.9905888597,6292844.871820535,0.4383485590269015,0.4541513494773408,26,409,1,7078.0,17304,2649,14655,0.0,0.0,212,818.7806769524339,7078.0,8,15,False,"{0: np.int64(12), 1: np.int64(16), 2: np.int64(29), 3: np.int64(28), 4: np.int64(9), 5: np.int64(19), 6: np.int64(33), 7: np.int64(21)}","{(0, 1): [(np.int64(12), 14), (14, 16)], (0, 2): [(np.int64(12), 0), (0, 28), (28, 30), (30, 29)], (0, 5): [(np.int64(12), 15), (15, 19)], (0, 6): [(np.int64(12), 0), (0, 28), (28, 30), (30, 33)], (1, 3): [(np.int64(16), 14), (14, 12), (12, 0), (0, 28)], (1, 6): [(np.int64(16), 14), (14, 13), (13, 2), (2, 29), (29, 30), (30, 33)], (2, 3): [(np.int64(29), 30), (30, 28)], (2, 4): [(np.int64(29), 2), (2, 5), (5, 6), (6, 9)], (2, 6): []}","{(0, np.int64(12)): {'cpu': 70}, (1, np.int64(16)): {'cpu': 65}, (2, np.int64(29)): {'cpu': 32}, (3, np.int64(28)): {'cpu': 64}, (4, np.int64(9)): {'cpu': 60}, (5, np.int64(19)): {'cpu': 64}, (6, np.int64(33)): {'cpu': 64}, (7, np.int64(21)): {'cpu': 46}}","{((0, 1), (np.int64(12), 14)): {'bw': 79}, ((0, 1), (14, 16)): {'bw': 79}, ((0, 2), (np.int64(12), 0)): {'bw': 72}, ((0, 2), (0, 28)): {'bw': 72}, ((0, 2), (28, 30)): {'bw': 72}, ((0, 2), (30, 29)): {'bw': 72}, ((0, 5), (np.int64(12), 15)): {'bw': 79}, ((0, 5), (15, 19)): {'bw': 79}, ((0, 6), (np.int64(12), 0)): {'bw': 118}, ((0, 6), (0, 28)): {'bw': 118}, ((0, 6), (28, 30)): {'bw': 118}, ((0, 6), (30, 33)): {'bw': 118}, ((1, 3), (np.int64(16), 14)): {'bw': 132}, ((1, 3), (14, 12)): {'bw': 132}, ((1, 3), (12, 0)): {'bw': 132}, ((1, 3), (0, 28)): {'bw': 132}, ((1, 6), (np.int64(16), 14)): {'bw': 72}, ((1, 6), (14, 13)): {'bw': 72}, ((1, 6), (13, 2)): {'bw': 72}, ((1, 6), (2, 29)): {'bw': 72}, ((1, 6), (29, 30)): {'bw': 72}, ((1, 6), (30, 33)): {'bw': 72}, ((2, 3), (np.int64(29), 30)): {'bw': 68}, ((2, 3), (30, 28)): {'bw': 68}, ((2, 4), (np.int64(29), 2)): {'bw': 119}, ((2, 4), (2, 5)): {'bw': 119}, ((2, 4), (5, 6)): {'bw': 119}, ((2, 4), (6, 9)): {'bw': 119}}",0.0,0.0,930.0,465.0,1640.0,0.0,0.0,0.0,0.0,0.0,0.0,0.0,0.0,0.0,Route Failure,100.0,"{'node_level': {}, 'link_level': {}, 'path_level': {}}","{'node_level': {0: {'cpu': -18}, 1: {'cpu': -14}, 2: {'cpu': -64}, 3: {'cpu': -26}, 4: {'cpu': -31}, 5: {'cpu': -12}, 6: {'cpu': -10}, 7: {'cpu': -30}}, 'link_level': {(0, 1): {'bw': -154}, (0, 2): {'bw': -251}, (0, 5): {'bw': -220}, (0, 6): {'bw': -115}, (1, 3): {'bw': -1}, (1, 6): {'bw': -34}, (2, 3): {'bw': -83}, (2, 4): {'bw': -128}, (2, 6): {'bw': 100.0}}, 'path_level': {(0, 1): {}, (0, 2): {}, (0, 5): {}, (0, 6): {}, (1, 3): {}, (1, 6): {}, (2, 3): {}, (2, 4): {}, (2, 6): {}}}","{'node_level': {0: {'cpu': 0}, 1: {'cpu': 0}, 2: {'cpu': 0}, 3: {'cpu': 0}, 4: {'cpu': 0}, 5: {'cpu': 0}, 6: {'cpu': 0}, 7: {'cpu': 0}}, 'link_level': {(0, 1): {'bw': 0}, (0, 2): {'bw': 0}, (0, 5): {'bw': 0}, (0, 6): {'bw': 0}, (1, 3): {'bw': 0}, (1, 6): {'bw': 0}, (2, 3): {'bw': 0}, (2, 4): {'bw': 0}, (2, 6): {'bw': 100.0}}, 'path_level': {(0, 1): {}, (0, 2): {}, (0, 5): {}, (0, 6): {}, (1, 3): {}, (1, 6): {}, (2, 3): {}, (2, 4): {}, (2, 6): {}}}",[],-inf,-inf,True,False,False,0,[],0,0.0,8.0,9.0,3
213,8,0,8685.0,19813.0,2857903.9905888597,6292844.871820535,0.4383485590269015,0.4541513494773408,26,410,0,7091.202114725285,17304,2649,14655,0.0,0.0,202,352.202114725285,6739.0,8,13,False,{},{},{},{},0.0,0.0,0.0,0.0,0.0,0.0,0.0,0.0,0.0,0.0,0.0,0.0,0.0,0.0,Leave Event,0.0,"{'node_level': {}, 'link_level': {}, 'path_level': {}}","{'node_level': {}, 'link_level': {}, 'path_level': {}}","{'node_level': {}, 'link_level': {}, 'path_level': {}}",[],-inf,-inf,True,True,False,0,[],0,0.0,,,3
213,8,0,8685.0,19813.0,2857903.9905888597,6292844.871820535,0.4383485590269015,0.4541513494773408,26,411,0,7102.552427616949,17304,2649,14655,0.0,0.0,195,594.5524276169494,6508.0,9,22,False,{},{},{},{},0.0,0.0,0.0,0.0,0.0,0.0,0.0,0.0,0.0,0.0,0.0,0.0,0.0,0.0,Leave Event,0.0,"{'node_level': {}, 'link_level': {}, 'path_level': {}}","{'node_level': {}, 'link_level': {}, 'path_level': {}}","{'node_level': {}, 'link_level': {}, 'path_level': {}}",[],-inf,-inf,True,True,False,0,[],0,0.0,,,3
214,8,0,8685.0,19813.0,2857903.9905888597,6292844.871820535,0.4383485590269015,0.4541513494773408,26,412,1,7106.0,17304,2649,14655,0.0,0.0,213,1343.105266177096,7106.0,10,26,False,"{0: np.int64(19), 1: np.int64(31), 2: np.int64(12), 3: np.int64(2), 4: np.int64(27), 5: np.int64(28), 6: np.int64(8), 7: np.int64(18), 8: np.int64(3), 9: np.int64(10)}","{(0, 2): [(np.int64(19), 15), (15, 12)], (0, 3): [(np.int64(19), 15), (15, 13), (13, 2)], (0, 4): [(np.int64(19), 15), (15, 12), (12, 0), (0, 20), (20, 23), (23, 27)], (0, 5): []}","{(0, np.int64(19)): {'cpu': 64}, (1, np.int64(31)): {'cpu': 38}, (2, np.int64(12)): {'cpu': 66}, (3, np.int64(2)): {'cpu': 40}, (4, np.int64(27)): {'cpu': 35}, (5, np.int64(28)): {'cpu': 50}, (6, np.int64(8)): {'cpu': 78}, (7, np.int64(18)): {'cpu': 50}, (8, np.int64(3)): {'cpu': 54}, (9, np.int64(10)): {'cpu': 41}}","{((0, 2), (np.int64(19), 15)): {'bw': 62}, ((0, 2), (15, 12)): {'bw': 62}, ((0, 3), (np.int64(19), 15)): {'bw': 78}, ((0, 3), (15, 13)): {'bw': 78}, ((0, 3), (13, 2)): {'bw': 78}, ((0, 4), (np.int64(19), 15)): {'bw': 63}, ((0, 4), (15, 12)): {'bw': 63}, ((0, 4), (12, 0)): {'bw': 63}, ((0, 4), (0, 20)): {'bw': 63}, ((0, 4), (20, 23)): {'bw': 63}, ((0, 4), (23, 27)): {'bw': 63}}",0.0,0.0,1032.0,516.0,2525.0,0.0,0.0,0.0,0.0,0.0,0.0,0.0,0.0,0.0,Route Failure,100.0,"{'node_level': {}, 'link_level': {}, 'path_level': {}}","{'node_level': {0: {'cpu': -12}, 1: {'cpu': -41}, 2: {'cpu': -22}, 3: {'cpu': -13}, 4: {'cpu': -20}, 5: {'cpu': -40}, 6: {'cpu': -15}, 7: {'cpu': -14}, 8: {'cpu': -4}, 9: {'cpu': -19}}, 'link_level': {(0, 2): {'bw': -237}, (0, 3): {'bw': -159}, (0, 4): {'bw': -96}, (0, 5): {'bw': 100.0}}, 'path_level': {(0, 2): {}, (0, 3): {}, (0, 4): {}, (0, 5): {}}}","{'node_level': {0: {'cpu': 0}, 1: {'cpu': 0}, 2: {'cpu': 0}, 3: {'cpu': 0}, 4: {'cpu': 0}, 5: {'cpu': 0}, 6: {'cpu': 0}, 7: {'cpu': 0}, 8: {'cpu': 0}, 9: {'cpu': 0}}, 'link_level': {(0, 2): {'bw': 0}, (0, 3): {'bw': 0}, (0, 4): {'bw': 0}, (0, 5): {'bw': 100.0}}, 'path_level': {(0, 2): {}, (0, 3): {}, (0, 4): {}, (0, 5): {}}}",[],-inf,-inf,True,False,False,0,[],0,0.0,10.0,4.0,3
215,8,0,8685.0,19813.0,2857903.9905888597,6292844.871820535,0.4383485590269015,0.4541513494773408,26,413,1,7136.0,17304,2649,14655,0.0,0.0,214,661.9960105143458,7136.0,6,10,False,"{0: np.int64(26), 1: np.int64(25), 2: np.int64(9), 3: np.int64(14), 4: np.int64(21), 5: np.int64(0)}","{(0, 1): [(np.int64(26), 23), (23, 20), (20, 22), (22, 25)], (0, 3): [(np.int64(26), 23), (23, 20), (20, 0), (0, 12), (12, 14)], (0, 5): [(np.int64(26), 23), (23, 21), (21, 22), (22, 20), (20, 0)], (1, 2): [(np.int64(25), 22), (22, 21), (21, 2), (2, 5), (5, 6), (6, 9)], (1, 3): []}","{(0, np.int64(26)): {'cpu': 33}, (1, np.int64(25)): {'cpu': 36}, (2, np.int64(9)): {'cpu': 64}, (3, np.int64(14)): {'cpu': 67}, (4, np.int64(21)): {'cpu': 56}, (5, np.int64(0)): {'cpu': 32}}","{((0, 1), (np.int64(26), 23)): {'bw': 129}, ((0, 1), (23, 20)): {'bw': 129}, ((0, 1), (20, 22)): {'bw': 129}, ((0, 1), (22, 25)): {'bw': 129}, ((0, 3), (np.int64(26), 23)): {'bw': 64}, ((0, 3), (23, 20)): {'bw': 64}, ((0, 3), (20, 0)): {'bw': 64}, ((0, 3), (0, 12)): {'bw': 64}, ((0, 3), (12, 14)): {'bw': 64}, ((0, 5), (np.int64(26), 23)): {'bw': 126}, ((0, 5), (23, 21)): {'bw': 126}, ((0, 5), (21, 22)): {'bw': 126}, ((0, 5), (22, 20)): {'bw': 126}, ((0, 5), (20, 0)): {'bw': 126}, ((1, 2), (np.int64(25), 22)): {'bw': 123}, ((1, 2), (22, 21)): {'bw': 123}, ((1, 2), (21, 2)): {'bw': 123}, ((1, 2), (2, 5)): {'bw': 123}, ((1, 2), (5, 6)): {'bw': 123}, ((1, 2), (6, 9)): {'bw': 123}}",0.0,0.0,576.0,288.0,986.0,0.0,0.0,0.0,0.0,0.0,0.0,0.0,0.0,0.0,Route Failure,100.0,"{'node_level': {}, 'link_level': {}, 'path_level': {}}","{'node_level': {0: {'cpu': -43}, 1: {'cpu': -15}, 2: {'cpu': -27}, 3: {'cpu': -3}, 4: {'cpu': -20}, 5: {'cpu': -60}}, 'link_level': {(0, 1): {'bw': -146}, (0, 3): {'bw': -87}, (0, 5): {'bw': -64}, (1, 2): {'bw': -23}, (1, 3): {'bw': 100.0}}, 'path_level': {(0, 1): {}, (0, 3): {}, (0, 5): {}, (1, 2): {}, (1, 3): {}}}","{'node_level': {0: {'cpu': 0}, 1: {'cpu': 0}, 2: {'cpu': 0}, 3: {'cpu': 0}, 4: {'cpu': 0}, 5: {'cpu': 0}}, 'link_level': {(0, 1): {'bw': 0}, (0, 3): {'bw': 0}, (0, 5): {'bw': 0}, (1, 2): {'bw': 0}, (1, 3): {'bw': 100.0}}, 'path_level': {(0, 1): {}, (0, 3): {}, (0, 5): {}, (1, 2): {}, (1, 3): {}}}",[],-inf,-inf,True,False,False,0,[],0,0.0,6.0,5.0,3
215,8,0,8685.0,19813.0,2857903.9905888597,6292844.871820535,0.4383485590269015,0.4541513494773408,26,414,0,7158.119102543471,17304,2649,14655,0.0,0.0,200,484.11910254347055,6674.0,8,15,False,{},{},{},{},0.0,0.0,0.0,0.0,0.0,0.0,0.0,0.0,0.0,0.0,0.0,0.0,0.0,0.0,Leave Event,0.0,"{'node_level': {}, 'link_level': {}, 'path_level': {}}","{'node_level': {}, 'link_level': {}, 'path_level': {}}","{'node_level': {}, 'link_level': {}, 'path_level': {}}",[],-inf,-inf,True,True,False,0,[],0,0.0,,,3
215,8,0,8685.0,19813.0,2857903.9905888597,6292844.871820535,0.4383485590269015,0.4541513494773408,26,415,0,7162.85776872267,17304,2649,14655,0.0,0.0,175,1293.8577687226698,5869.0,6,8,False,{},{},{},{},0.0,0.0,0.0,0.0,0.0,0.0,0.0,0.0,0.0,0.0,0.0,0.0,0.0,0.0,Leave Event,0.0,"{'node_level': {}, 'link_level': {}, 'path_level': {}}","{'node_level': {}, 'link_level': {}, 'path_level': {}}","{'node_level': {}, 'link_level': {}, 'path_level': {}}",[],-inf,-inf,True,True,False,0,[],0,0.0,,,3
216,8,0,8685.0,19813.0,2857903.9905888597,6292844.871820535,0.4383485590269015,0.4541513494773408,26,416,1,7173.0,17304,2649,14655,0.0,0.0,215,280.1419919445577,7173.0,8,15,False,"{0: np.int64(18), 1: np.int64(30), 2: np.int64(29), 3: np.int64(2), 4: np.int64(20), 5: np.int64(33), 6: np.int64(12), 7: np.int64(9)}","{(0, 4): [(np.int64(18), 15), (15, 12), (12, 0), (0, 20)], (0, 5): [(np.int64(18), 15), (15, 12), (12, 0), (0, 28), (28, 30), (30, 33)], (1, 2): [(np.int64(30), 29)], (1, 3): [(np.int64(30), 29), (29, 2)], (1, 5): [(np.int64(30), 33)], (2, 3): [(np.int64(29), 2)], (2, 5): []}","{(0, np.int64(18)): {'cpu': 34}, (1, np.int64(30)): {'cpu': 30}, (2, np.int64(29)): {'cpu': 52}, (3, np.int64(2)): {'cpu': 45}, (4, np.int64(20)): {'cpu': 34}, (5, np.int64(33)): {'cpu': 73}, (6, np.int64(12)): {'cpu': 49}, (7, np.int64(9)): {'cpu': 34}}","{((0, 4), (np.int64(18), 15)): {'bw': 148}, ((0, 4), (15, 12)): {'bw': 148}, ((0, 4), (12, 0)): {'bw': 148}, ((0, 4), (0, 20)): {'bw': 148}, ((0, 5), (np.int64(18), 15)): {'bw': 91}, ((0, 5), (15, 12)): {'bw': 91}, ((0, 5), (12, 0)): {'bw': 91}, ((0, 5), (0, 28)): {'bw': 91}, ((0, 5), (28, 30)): {'bw': 91}, ((0, 5), (30, 33)): {'bw': 91}, ((1, 2), (np.int64(30), 29)): {'bw': 78}, ((1, 3), (np.int64(30), 29)): {'bw': 89}, ((1, 3), (29, 2)): {'bw': 89}, ((1, 5), (np.int64(30), 33)): {'bw': 96}, ((2, 3), (np.int64(29), 2)): {'bw': 83}}",0.0,0.0,702.0,351.0,1574.0,0.0,0.0,0.0,0.0,0.0,0.0,0.0,0.0,0.0,Route Failure,100.0,"{'node_level': {}, 'link_level': {}, 'path_level': {}}","{'node_level': {0: {'cpu': -30}, 1: {'cpu': -53}, 2: {'cpu': -44}, 3: {'cpu': -8}, 4: {'cpu': -33}, 5: {'cpu': -1}, 6: {'cpu': -39}, 7: {'cpu': -57}}, 'link_level': {(0, 4): {'bw': -131}, (0, 5): {'bw': -74}, (1, 2): {'bw': -280}, (1, 3): {'bw': -191}, (1, 5): {'bw': -46}, (2, 3): {'bw': -147}, (2, 5): {'bw': 100.0}}, 'path_level': {(0, 4): {}, (0, 5): {}, (1, 2): {}, (1, 3): {}, (1, 5): {}, (2, 3): {}, (2, 5): {}}}","{'node_level': {0: {'cpu': 0}, 1: {'cpu': 0}, 2: {'cpu': 0}, 3: {'cpu': 0}, 4: {'cpu': 0}, 5: {'cpu': 0}, 6: {'cpu': 0}, 7: {'cpu': 0}}, 'link_level': {(0, 4): {'bw': 0}, (0, 5): {'bw': 0}, (1, 2): {'bw': 0}, (1, 3): {'bw': 0}, (1, 5): {'bw': 0}, (2, 3): {'bw': 0}, (2, 5): {'bw': 100.0}}, 'path_level': {(0, 4): {}, (0, 5): {}, (1, 2): {}, (1, 3): {}, (1, 5): {}, (2, 3): {}, (2, 5): {}}}",[],-inf,-inf,True,False,False,0,[],0,0.0,8.0,7.0,3
217,8,0,8685.0,19813.0,2857903.9905888597,6292844.871820535,0.4383485590269015,0.4541513494773408,26,417,1,7206.0,17304,2649,14655,0.0,0.0,216,239.69667421153625,7206.0,10,19,False,"{0: np.int64(5), 1: np.int64(18), 2: np.int64(20), 3: np.int64(25), 4: np.int64(32), 5: np.int64(13), 6: np.int64(26), 7: np.int64(21), 8: np.int64(24), 9: np.int64(14)}","{(0, 3): [(np.int64(5), 2), (2, 21), (21, 22), (22, 25)], (0, 4): [(np.int64(5), 2), (2, 29), (29, 30), (30, 32)], (0, 5): [(np.int64(5), 2), (2, 13)], (0, 8): [(np.int64(5), 3), (3, 21), (21, 22), (22, 24)], (1, 4): [(np.int64(18), 15), (15, 12), (12, 0), (0, 28), (28, 30), (30, 32)], (1, 9): [(np.int64(18), 15), (15, 12), (12, 14)], (2, 7): [(np.int64(20), 22), (22, 21)], (2, 9): [(np.int64(20), 0), (0, 12), (12, 14)], (3, 4): [(np.int64(25), 22), (22, 20), (20, 0), (0, 28), (28, 30), (30, 32)], (3, 5): []}","{(0, np.int64(5)): {'cpu': 36}, (1, np.int64(18)): {'cpu': 38}, (2, np.int64(20)): {'cpu': 32}, (3, np.int64(25)): {'cpu': 33}, (4, np.int64(32)): {'cpu': 64}, (5, np.int64(13)): {'cpu': 77}, (6, np.int64(26)): {'cpu': 59}, (7, np.int64(21)): {'cpu': 72}, (8, np.int64(24)): {'cpu': 50}, (9, np.int64(14)): {'cpu': 38}}","{((0, 3), (np.int64(5), 2)): {'bw': 76}, ((0, 3), (2, 21)): {'bw': 76}, ((0, 3), (21, 22)): {'bw': 76}, ((0, 3), (22, 25)): {'bw': 76}, ((0, 4), (np.int64(5), 2)): {'bw': 93}, ((0, 4), (2, 29)): {'bw': 93}, ((0, 4), (29, 30)): {'bw': 93}, ((0, 4), (30, 32)): {'bw': 93}, ((0, 5), (np.int64(5), 2)): {'bw': 80}, ((0, 5), (2, 13)): {'bw': 80}, ((0, 8), (np.int64(5), 3)): {'bw': 135}, ((0, 8), (3, 21)): {'bw': 135}, ((0, 8), (21, 22)): {'bw': 135}, ((0, 8), (22, 24)): {'bw': 135}, ((1, 4), (np.int64(18), 15)): {'bw': 92}, ((1, 4), (15, 12)): {'bw': 92}, ((1, 4), (12, 0)): {'bw': 92}, ((1, 4), (0, 28)): {'bw': 92}, ((1, 4), (28, 30)): {'bw': 92}, ((1, 4), (30, 32)): {'bw': 92}, ((1, 9), (np.int64(18), 15)): {'bw': 72}, ((1, 9), (15, 12)): {'bw': 72}, ((1, 9), (12, 14)): {'bw': 72}, ((2, 7), (np.int64(20), 22)): {'bw': 149}, ((2, 7), (22, 21)): {'bw': 149}, ((2, 9), (np.int64(20), 0)): {'bw': 84}, ((2, 9), (0, 12)): {'bw': 84}, ((2, 9), (12, 14)): {'bw': 84}, ((3, 4), (np.int64(25), 22)): {'bw': 99}, ((3, 4), (22, 20)): {'bw': 99}, ((3, 4), (20, 0)): {'bw': 99}, ((3, 4), (0, 28)): {'bw': 99}, ((3, 4), (28, 30)): {'bw': 99}, ((3, 4), (30, 32)): {'bw': 99}}",0.0,0.0,998.0,499.0,1879.0,0.0,0.0,0.0,0.0,0.0,0.0,0.0,0.0,0.0,Route Failure,100.0,"{'node_level': {}, 'link_level': {}, 'path_level': {}}","{'node_level': {0: {'cpu': -35}, 1: {'cpu': -26}, 2: {'cpu': -35}, 3: {'cpu': -18}, 4: {'cpu': -28}, 5: {'cpu': -5}, 6: {'cpu': -17}, 7: {'cpu': -4}, 8: {'cpu': -2}, 9: {'cpu': -32}}, 'link_level': {(0, 3): {'bw': -152}, (0, 4): {'bw': -180}, (0, 5): {'bw': -100}, (0, 8): {'bw': -83}, (1, 4): {'bw': -204}, (1, 9): {'bw': -149}, (2, 7): {'bw': 0}, (2, 9): {'bw': -77}, (3, 4): {'bw': -96}, (3, 5): {'bw': 100.0}}, 'path_level': {(0, 3): {}, (0, 4): {}, (0, 5): {}, (0, 8): {}, (1, 4): {}, (1, 9): {}, (2, 7): {}, (2, 9): {}, (3, 4): {}, (3, 5): {}}}","{'node_level': {0: {'cpu': 0}, 1: {'cpu': 0}, 2: {'cpu': 0}, 3: {'cpu': 0}, 4: {'cpu': 0}, 5: {'cpu': 0}, 6: {'cpu': 0}, 7: {'cpu': 0}, 8: {'cpu': 0}, 9: {'cpu': 0}}, 'link_level': {(0, 3): {'bw': 0}, (0, 4): {'bw': 0}, (0, 5): {'bw': 0}, (0, 8): {'bw': 0}, (1, 4): {'bw': 0}, (1, 9): {'bw': 0}, (2, 7): {'bw': 0}, (2, 9): {'bw': 0}, (3, 4): {'bw': 0}, (3, 5): {'bw': 100.0}}, 'path_level': {(0, 3): {}, (0, 4): {}, (0, 5): {}, (0, 8): {}, (1, 4): {}, (1, 9): {}, (2, 7): {}, (2, 9): {}, (3, 4): {}, (3, 5): {}}}",[],-inf,-inf,True,False,False,0,[],0,0.0,10.0,10.0,3
218,8,0,8685.0,19813.0,2857903.9905888597,6292844.871820535,0.4383485590269015,0.4541513494773408,26,418,1,7238.0,17304,2649,14655,0.0,0.0,217,682.4714936500981,7238.0,7,8,False,"{0: np.int64(34), 1: np.int64(18), 2: np.int64(32), 3: np.int64(17), 4: np.int64(13), 5: np.int64(3), 6: np.int64(1)}","{(0, 2): [(np.int64(34), 31), (31, 28), (28, 30), (30, 32)], (1, 6): [(np.int64(18), 15), (15, 12), (12, 1)], (2, 3): [(np.int64(32), 30), (30, 28), (28, 0), (0, 12), (12, 14), (14, 17)], (2, 4): [(np.int64(32), 30), (30, 29), (29, 2), (2, 13)], (2, 6): []}","{(0, np.int64(34)): {'cpu': 31}, (1, np.int64(18)): {'cpu': 56}, (2, np.int64(32)): {'cpu': 33}, (3, np.int64(17)): {'cpu': 55}, (4, np.int64(13)): {'cpu': 66}, (5, np.int64(3)): {'cpu': 53}, (6, np.int64(1)): {'cpu': 43}}","{((0, 2), (np.int64(34), 31)): {'bw': 123}, ((0, 2), (31, 28)): {'bw': 123}, ((0, 2), (28, 30)): {'bw': 123}, ((0, 2), (30, 32)): {'bw': 123}, ((1, 6), (np.int64(18), 15)): {'bw': 118}, ((1, 6), (15, 12)): {'bw': 118}, ((1, 6), (12, 1)): {'bw': 118}, ((2, 3), (np.int64(32), 30)): {'bw': 140}, ((2, 3), (30, 28)): {'bw': 140}, ((2, 3), (28, 0)): {'bw': 140}, ((2, 3), (0, 12)): {'bw': 140}, ((2, 3), (12, 14)): {'bw': 140}, ((2, 3), (14, 17)): {'bw': 140}, ((2, 4), (np.int64(32), 30)): {'bw': 90}, ((2, 4), (30, 29)): {'bw': 90}, ((2, 4), (29, 2)): {'bw': 90}, ((2, 4), (2, 13)): {'bw': 90}}",0.0,0.0,674.0,337.0,885.0,0.0,0.0,0.0,0.0,0.0,0.0,0.0,0.0,0.0,Route Failure,100.0,"{'node_level': {}, 'link_level': {}, 'path_level': {}}","{'node_level': {0: {'cpu': -26}, 1: {'cpu': -8}, 2: {'cpu': -59}, 3: {'cpu': -34}, 4: {'cpu': -16}, 5: {'cpu': -5}, 6: {'cpu': -31}}, 'link_level': {(0, 2): {'bw': -129}, (1, 6): {'bw': -102}, (2, 3): {'bw': -78}, (2, 4): {'bw': -36}, (2, 6): {'bw': 100.0}}, 'path_level': {(0, 2): {}, (1, 6): {}, (2, 3): {}, (2, 4): {}, (2, 6): {}}}","{'node_level': {0: {'cpu': 0}, 1: {'cpu': 0}, 2: {'cpu': 0}, 3: {'cpu': 0}, 4: {'cpu': 0}, 5: {'cpu': 0}, 6: {'cpu': 0}}, 'link_level': {(0, 2): {'bw': 0}, (1, 6): {'bw': 0}, (2, 3): {'bw': 0}, (2, 4): {'bw': 0}, (2, 6): {'bw': 100.0}}, 'path_level': {(0, 2): {}, (1, 6): {}, (2, 3): {}, (2, 4): {}, (2, 6): {}}}",[],-inf,-inf,True,False,False,0,[],0,0.0,7.0,5.0,3
219,8,0,8685.0,19813.0,2857903.9905888597,6292844.871820535,0.4383485590269015,0.4541513494773408,26,419,1,7260.0,17304,2649,14655,0.0,0.0,218,57.06111444364466,7260.0,9,19,False,"{0: np.int64(8), 1: np.int64(29), 2: np.int64(16), 3: np.int64(30), 4: np.int64(12), 5: np.int64(5), 6: np.int64(10), 7: np.int64(23), 8: np.int64(25)}","{(0, 1): [(np.int64(8), 6), (6, 5), (5, 2), (2, 29)], (0, 2): [(np.int64(8), 6), (6, 4), (4, 0), (0, 12), (12, 14), (14, 16)], (0, 3): [(np.int64(8), 6), (6, 4), (4, 0), (0, 28), (28, 30)], (0, 5): []}","{(0, np.int64(8)): {'cpu': 74}, (1, np.int64(29)): {'cpu': 41}, (2, np.int64(16)): {'cpu': 78}, (3, np.int64(30)): {'cpu': 41}, (4, np.int64(12)): {'cpu': 43}, (5, np.int64(5)): {'cpu': 66}, (6, np.int64(10)): {'cpu': 34}, (7, np.int64(23)): {'cpu': 43}, (8, np.int64(25)): {'cpu': 34}}","{((0, 1), (np.int64(8), 6)): {'bw': 117}, ((0, 1), (6, 5)): {'bw': 117}, ((0, 1), (5, 2)): {'bw': 117}, ((0, 1), (2, 29)): {'bw': 117}, ((0, 2), (np.int64(8), 6)): {'bw': 82}, ((0, 2), (6, 4)): {'bw': 82}, ((0, 2), (4, 0)): {'bw': 82}, ((0, 2), (0, 12)): {'bw': 82}, ((0, 2), (12, 14)): {'bw': 82}, ((0, 2), (14, 16)): {'bw': 82}, ((0, 3), (np.int64(8), 6)): {'bw': 121}, ((0, 3), (6, 4)): {'bw': 121}, ((0, 3), (4, 0)): {'bw': 121}, ((0, 3), (0, 28)): {'bw': 121}, ((0, 3), (28, 30)): {'bw': 121}}",0.0,0.0,908.0,454.0,2004.0,0.0,0.0,0.0,0.0,0.0,0.0,0.0,0.0,0.0,Route Failure,100.0,"{'node_level': {}, 'link_level': {}, 'path_level': {}}","{'node_level': {0: {'cpu': -19}, 1: {'cpu': -55}, 2: {'cpu': -1}, 3: {'cpu': -42}, 4: {'cpu': -45}, 5: {'cpu': -5}, 6: {'cpu': -26}, 7: {'cpu': -9}, 8: {'cpu': -17}}, 'link_level': {(0, 1): {'bw': -202}, (0, 2): {'bw': -151}, (0, 3): {'bw': -30}, (0, 5): {'bw': 100.0}}, 'path_level': {(0, 1): {}, (0, 2): {}, (0, 3): {}, (0, 5): {}}}","{'node_level': {0: {'cpu': 0}, 1: {'cpu': 0}, 2: {'cpu': 0}, 3: {'cpu': 0}, 4: {'cpu': 0}, 5: {'cpu': 0}, 6: {'cpu': 0}, 7: {'cpu': 0}, 8: {'cpu': 0}}, 'link_level': {(0, 1): {'bw': 0}, (0, 2): {'bw': 0}, (0, 3): {'bw': 0}, (0, 5): {'bw': 100.0}}, 'path_level': {(0, 1): {}, (0, 2): {}, (0, 3): {}, (0, 5): {}}}",[],-inf,-inf,True,False,False,0,[],0,0.0,9.0,4.0,3
220,8,0,8685.0,19813.0,2857903.9905888597,6292844.871820535,0.4383485590269015,0.4541513494773408,26,420,1,7297.0,17304,2649,14655,0.0,0.0,219,767.8517933578108,7297.0,6,8,False,"{0: np.int64(22), 1: np.int64(31), 2: np.int64(9), 3: np.int64(15), 4: np.int64(26), 5: np.int64(16)}","{(0, 1): [(np.int64(22), 20), (20, 0), (0, 28), (28, 31)], (0, 3): [(np.int64(22), 20), (20, 0), (0, 12), (12, 15)], (0, 4): [(np.int64(22), 20), (20, 23), (23, 26)], (1, 3): [(np.int64(31), 28), (28, 0), (0, 12), (12, 15)], (1, 4): [(np.int64(31), 29), (29, 2), (2, 21), (21, 23), (23, 26)], (2, 3): [(np.int64(9), 6), (6, 5), (5, 2), (2, 13), (13, 15)], (2, 4): [(np.int64(9), 6), (6, 4), (4, 1), (1, 20), (20, 23), (23, 26)], (4, 5): []}","{(0, np.int64(22)): {'cpu': 71}, (1, np.int64(31)): {'cpu': 54}, (2, np.int64(9)): {'cpu': 34}, (3, np.int64(15)): {'cpu': 78}, (4, np.int64(26)): {'cpu': 61}, (5, np.int64(16)): {'cpu': 44}}","{((0, 1), (np.int64(22), 20)): {'bw': 141}, ((0, 1), (20, 0)): {'bw': 141}, ((0, 1), (0, 28)): {'bw': 141}, ((0, 1), (28, 31)): {'bw': 141}, ((0, 3), (np.int64(22), 20)): {'bw': 87}, ((0, 3), (20, 0)): {'bw': 87}, ((0, 3), (0, 12)): {'bw': 87}, ((0, 3), (12, 15)): {'bw': 87}, ((0, 4), (np.int64(22), 20)): {'bw': 94}, ((0, 4), (20, 23)): {'bw': 94}, ((0, 4), (23, 26)): {'bw': 94}, ((1, 3), (np.int64(31), 28)): {'bw': 129}, ((1, 3), (28, 0)): {'bw': 129}, ((1, 3), (0, 12)): {'bw': 129}, ((1, 3), (12, 15)): {'bw': 129}, ((1, 4), (np.int64(31), 29)): {'bw': 147}, ((1, 4), (29, 2)): {'bw': 147}, ((1, 4), (2, 21)): {'bw': 147}, ((1, 4), (21, 23)): {'bw': 147}, ((1, 4), (23, 26)): {'bw': 147}, ((2, 3), (np.int64(9), 6)): {'bw': 101}, ((2, 3), (6, 5)): {'bw': 101}, ((2, 3), (5, 2)): {'bw': 101}, ((2, 3), (2, 13)): {'bw': 101}, ((2, 3), (13, 15)): {'bw': 101}, ((2, 4), (np.int64(9), 6)): {'bw': 93}, ((2, 4), (6, 4)): {'bw': 93}, ((2, 4), (4, 1)): {'bw': 93}, ((2, 4), (1, 20)): {'bw': 93}, ((2, 4), (20, 23)): {'bw': 93}, ((2, 4), (23, 26)): {'bw': 93}}",0.0,0.0,684.0,342.0,859.0,0.0,0.0,0.0,0.0,0.0,0.0,0.0,0.0,0.0,Route Failure,100.0,"{'node_level': {}, 'link_level': {}, 'path_level': {}}","{'node_level': {0: {'cpu': -1}, 1: {'cpu': -25}, 2: {'cpu': -57}, 3: {'cpu': -16}, 4: {'cpu': -15}, 5: {'cpu': -35}}, 'link_level': {(0, 1): {'bw': -138}, (0, 3): {'bw': -51}, (0, 4): {'bw': -22}, (1, 3): {'bw': -95}, (1, 4): {'bw': -81}, (2, 3): {'bw': -184}, (2, 4): {'bw': -49}, (4, 5): {'bw': 100.0}}, 'path_level': {(0, 1): {}, (0, 3): {}, (0, 4): {}, (1, 3): {}, (1, 4): {}, (2, 3): {}, (2, 4): {}, (4, 5): {}}}","{'node_level': {0: {'cpu': 0}, 1: {'cpu': 0}, 2: {'cpu': 0}, 3: {'cpu': 0}, 4: {'cpu': 0}, 5: {'cpu': 0}}, 'link_level': {(0, 1): {'bw': 0}, (0, 3): {'bw': 0}, (0, 4): {'bw': 0}, (1, 3): {'bw': 0}, (1, 4): {'bw': 0}, (2, 3): {'bw': 0}, (2, 4): {'bw': 0}, (4, 5): {'bw': 100.0}}, 'path_level': {(0, 1): {}, (0, 3): {}, (0, 4): {}, (1, 3): {}, (1, 4): {}, (2, 3): {}, (2, 4): {}, (4, 5): {}}}",[],-inf,-inf,True,False,False,0,[],0,0.0,6.0,8.0,3
220,8,0,8685.0,19813.0,2857903.9905888597,6292844.871820535,0.4383485590269015,0.4541513494773408,26,421,0,7317.061114443644,17304,2649,14655,0.0,0.0,218,57.06111444364466,7260.0,9,19,False,{},{},{},{},0.0,0.0,0.0,0.0,0.0,0.0,0.0,0.0,0.0,0.0,0.0,0.0,0.0,0.0,Leave Event,0.0,"{'node_level': {}, 'link_level': {}, 'path_level': {}}","{'node_level': {}, 'link_level': {}, 'path_level': {}}","{'node_level': {}, 'link_level': {}, 'path_level': {}}",[],-inf,-inf,True,True,False,0,[],0,0.0,,,3
221,8,0,8685.0,19813.0,2857903.9905888597,6292844.871820535,0.4383485590269015,0.4541513494773408,26,422,1,7331.0,17304,2649,14655,0.0,0.0,220,345.38023389308626,7331.0,10,26,False,"{0: np.int64(24), 1: np.int64(32), 2: np.int64(20), 3: np.int64(35), 4: np.int64(29), 5: np.int64(28), 6: np.int64(11), 7: np.int64(5), 8: np.int64(18), 9: np.int64(25)}","{(0, 1): [(np.int64(24), 22), (22, 20), (20, 0), (0, 28), (28, 30), (30, 32)], (0, 7): []}","{(0, np.int64(24)): {'cpu': 44}, (1, np.int64(32)): {'cpu': 69}, (2, np.int64(20)): {'cpu': 39}, (3, np.int64(35)): {'cpu': 41}, (4, np.int64(29)): {'cpu': 76}, (5, np.int64(28)): {'cpu': 49}, (6, np.int64(11)): {'cpu': 66}, (7, np.int64(5)): {'cpu': 66}, (8, np.int64(18)): {'cpu': 36}, (9, np.int64(25)): {'cpu': 44}}","{((0, 1), (np.int64(24), 22)): {'bw': 145}, ((0, 1), (22, 20)): {'bw': 145}, ((0, 1), (20, 0)): {'bw': 145}, ((0, 1), (0, 28)): {'bw': 145}, ((0, 1), (28, 30)): {'bw': 145}, ((0, 1), (30, 32)): {'bw': 145}}",0.0,0.0,1060.0,530.0,2890.0,0.0,0.0,0.0,0.0,0.0,0.0,0.0,0.0,0.0,Route Failure,100.0,"{'node_level': {}, 'link_level': {}, 'path_level': {}}","{'node_level': {0: {'cpu': -8}, 1: {'cpu': -23}, 2: {'cpu': -28}, 3: {'cpu': -52}, 4: {'cpu': -20}, 5: {'cpu': -41}, 6: {'cpu': -5}, 7: {'cpu': -5}, 8: {'cpu': -28}, 9: {'cpu': -7}}, 'link_level': {(0, 1): {'bw': -73}, (0, 7): {'bw': 100.0}}, 'path_level': {(0, 1): {}, (0, 7): {}}}","{'node_level': {0: {'cpu': 0}, 1: {'cpu': 0}, 2: {'cpu': 0}, 3: {'cpu': 0}, 4: {'cpu': 0}, 5: {'cpu': 0}, 6: {'cpu': 0}, 7: {'cpu': 0}, 8: {'cpu': 0}, 9: {'cpu': 0}}, 'link_level': {(0, 1): {'bw': 0}, (0, 7): {'bw': 100.0}}, 'path_level': {(0, 1): {}, (0, 7): {}}}",[],-inf,-inf,True,False,False,0,[],0,0.0,10.0,2.0,3
221,8,0,8685.0,19813.0,2857903.9905888597,6292844.871820535,0.4383485590269015,0.4541513494773408,26,423,0,7336.601673890419,17304,2649,14655,0.0,0.0,205,488.6016738904192,6848.0,9,16,False,{},{},{},{},0.0,0.0,0.0,0.0,0.0,0.0,0.0,0.0,0.0,0.0,0.0,0.0,0.0,0.0,Leave Event,0.0,"{'node_level': {}, 'link_level': {}, 'path_level': {}}","{'node_level': {}, 'link_level': {}, 'path_level': {}}","{'node_level': {}, 'link_level': {}, 'path_level': {}}",[],-inf,-inf,True,True,False,0,[],0,0.0,,,3
222,8,0,8685.0,19813.0,2857903.9905888597,6292844.871820535,0.4383485590269015,0.4541513494773408,26,424,1,7359.0,17304,2649,14655,0.0,0.0,221,36.34933606399567,7359.0,8,12,False,"{0: np.int64(11), 1: np.int64(28), 2: np.int64(26), 3: np.int64(19), 4: np.int64(9), 5: np.int64(1), 6: np.int64(8), 7: np.int64(17)}","{(0, 3): [(np.int64(11), 7), (7, 4), (4, 0), (0, 12), (12, 15), (15, 19)], (1, 2): [(np.int64(28), 0), (0, 20), (20, 23), (23, 26)], (1, 5): [(np.int64(28), 1)], (1, 7): [(np.int64(28), 0), (0, 12), (12, 14), (14, 17)], (2, 3): [(np.int64(26), 23), (23, 20), (20, 0), (0, 12), (12, 15), (15, 19)], (3, 7): [(np.int64(19), 15), (15, 12), (12, 14), (14, 17)], (4, 5): [(np.int64(9), 6), (6, 4), (4, 1)], (4, 6): [(np.int64(9), 6), (6, 8)], (4, 7): [(np.int64(9), 6), (6, 5), (5, 2), (2, 13), (13, 14), (14, 17)], (5, 6): [(np.int64(1), 4), (4, 6), (6, 8)], (5, 7): []}","{(0, np.int64(11)): {'cpu': 31}, (1, np.int64(28)): {'cpu': 39}, (2, np.int64(26)): {'cpu': 32}, (3, np.int64(19)): {'cpu': 57}, (4, np.int64(9)): {'cpu': 57}, (5, np.int64(1)): {'cpu': 38}, (6, np.int64(8)): {'cpu': 38}, (7, np.int64(17)): {'cpu': 61}}","{((0, 3), (np.int64(11), 7)): {'bw': 125}, ((0, 3), (7, 4)): {'bw': 125}, ((0, 3), (4, 0)): {'bw': 125}, ((0, 3), (0, 12)): {'bw': 125}, ((0, 3), (12, 15)): {'bw': 125}, ((0, 3), (15, 19)): {'bw': 125}, ((1, 2), (np.int64(28), 0)): {'bw': 68}, ((1, 2), (0, 20)): {'bw': 68}, ((1, 2), (20, 23)): {'bw': 68}, ((1, 2), (23, 26)): {'bw': 68}, ((1, 5), (np.int64(28), 1)): {'bw': 64}, ((1, 7), (np.int64(28), 0)): {'bw': 101}, ((1, 7), (0, 12)): {'bw': 101}, ((1, 7), (12, 14)): {'bw': 101}, ((1, 7), (14, 17)): {'bw': 101}, ((2, 3), (np.int64(26), 23)): {'bw': 91}, ((2, 3), (23, 20)): {'bw': 91}, ((2, 3), (20, 0)): {'bw': 91}, ((2, 3), (0, 12)): {'bw': 91}, ((2, 3), (12, 15)): {'bw': 91}, ((2, 3), (15, 19)): {'bw': 91}, ((3, 7), (np.int64(19), 15)): {'bw': 65}, ((3, 7), (15, 12)): {'bw': 65}, ((3, 7), (12, 14)): {'bw': 65}, ((3, 7), (14, 17)): {'bw': 65}, ((4, 5), (np.int64(9), 6)): {'bw': 116}, ((4, 5), (6, 4)): {'bw': 116}, ((4, 5), (4, 1)): {'bw': 116}, ((4, 6), (np.int64(9), 6)): {'bw': 142}, ((4, 6), (6, 8)): {'bw': 142}, ((4, 7), (np.int64(9), 6)): {'bw': 138}, ((4, 7), (6, 5)): {'bw': 138}, ((4, 7), (5, 2)): {'bw': 138}, ((4, 7), (2, 13)): {'bw': 138}, ((4, 7), (13, 14)): {'bw': 138}, ((4, 7), (14, 17)): {'bw': 138}, ((5, 6), (np.int64(1), 4)): {'bw': 87}, ((5, 6), (4, 6)): {'bw': 87}, ((5, 6), (6, 8)): {'bw': 87}}",0.0,0.0,706.0,353.0,1194.0,0.0,0.0,0.0,0.0,0.0,0.0,0.0,0.0,0.0,Route Failure,100.0,"{'node_level': {}, 'link_level': {}, 'path_level': {}}","{'node_level': {0: {'cpu': -40}, 1: {'cpu': -51}, 2: {'cpu': -44}, 3: {'cpu': -19}, 4: {'cpu': -34}, 5: {'cpu': -36}, 6: {'cpu': -55}, 7: {'cpu': -28}}, 'link_level': {(0, 3): {'bw': -108}, (1, 2): {'bw': -211}, (1, 5): {'bw': -185}, (1, 7): {'bw': -97}, (2, 3): {'bw': -6}, (3, 7): {'bw': -18}, (4, 5): {'bw': -121}, (4, 6): {'bw': -141}, (4, 7): {'bw': -3}, (5, 6): {'bw': -34}, (5, 7): {'bw': 100.0}}, 'path_level': {(0, 3): {}, (1, 2): {}, (1, 5): {}, (1, 7): {}, (2, 3): {}, (3, 7): {}, (4, 5): {}, (4, 6): {}, (4, 7): {}, (5, 6): {}, (5, 7): {}}}","{'node_level': {0: {'cpu': 0}, 1: {'cpu': 0}, 2: {'cpu': 0}, 3: {'cpu': 0}, 4: {'cpu': 0}, 5: {'cpu': 0}, 6: {'cpu': 0}, 7: {'cpu': 0}}, 'link_level': {(0, 3): {'bw': 0}, (1, 2): {'bw': 0}, (1, 5): {'bw': 0}, (1, 7): {'bw': 0}, (2, 3): {'bw': 0}, (3, 7): {'bw': 0}, (4, 5): {'bw': 0}, (4, 6): {'bw': 0}, (4, 7): {'bw': 0}, (5, 6): {'bw': 0}, (5, 7): {'bw': 100.0}}, 'path_level': {(0, 3): {}, (1, 2): {}, (1, 5): {}, (1, 7): {}, (2, 3): {}, (3, 7): {}, (4, 5): {}, (4, 6): {}, (4, 7): {}, (5, 6): {}, (5, 7): {}}}",[],-inf,-inf,True,False,False,0,[],0,0.0,8.0,11.0,3
223,8,0,8685.0,19813.0,2857903.9905888597,6292844.871820535,0.4383485590269015,0.4541513494773408,26,425,1,7388.0,17304,2649,14655,0.0,0.0,222,865.9305130475818,7388.0,9,15,False,"{0: np.int64(31), 1: np.int64(30), 2: np.int64(21), 3: np.int64(20), 4: np.int64(16), 5: np.int64(32), 6: np.int64(4), 7: np.int64(15), 8: np.int64(13)}","{(0, 3): [(np.int64(31), 28), (28, 0), (0, 20)], (0, 4): [(np.int64(31), 28), (28, 0), (0, 12), (12, 14), (14, 16)], (1, 2): [(np.int64(30), 29), (29, 2), (2, 21)], (1, 3): [(np.int64(30), 28), (28, 0), (0, 20)], (1, 6): [(np.int64(30), 28), (28, 1), (1, 4)], (2, 4): [(np.int64(21), 2), (2, 13), (13, 14), (14, 16)], (2, 8): [(np.int64(21), 3), (3, 13)], (3, 7): [(np.int64(20), 1), (1, 12), (12, 15)], (3, 8): [(np.int64(20), 1), (1, 12), (12, 14), (14, 13)], (4, 7): []}","{(0, np.int64(31)): {'cpu': 54}, (1, np.int64(30)): {'cpu': 76}, (2, np.int64(21)): {'cpu': 31}, (3, np.int64(20)): {'cpu': 62}, (4, np.int64(16)): {'cpu': 67}, (5, np.int64(32)): {'cpu': 66}, (6, np.int64(4)): {'cpu': 45}, (7, np.int64(15)): {'cpu': 67}, (8, np.int64(13)): {'cpu': 64}}","{((0, 3), (np.int64(31), 28)): {'bw': 136}, ((0, 3), (28, 0)): {'bw': 136}, ((0, 3), (0, 20)): {'bw': 136}, ((0, 4), (np.int64(31), 28)): {'bw': 107}, ((0, 4), (28, 0)): {'bw': 107}, ((0, 4), (0, 12)): {'bw': 107}, ((0, 4), (12, 14)): {'bw': 107}, ((0, 4), (14, 16)): {'bw': 107}, ((1, 2), (np.int64(30), 29)): {'bw': 97}, ((1, 2), (29, 2)): {'bw': 97}, ((1, 2), (2, 21)): {'bw': 97}, ((1, 3), (np.int64(30), 28)): {'bw': 76}, ((1, 3), (28, 0)): {'bw': 76}, ((1, 3), (0, 20)): {'bw': 76}, ((1, 6), (np.int64(30), 28)): {'bw': 136}, ((1, 6), (28, 1)): {'bw': 136}, ((1, 6), (1, 4)): {'bw': 136}, ((2, 4), (np.int64(21), 2)): {'bw': 117}, ((2, 4), (2, 13)): {'bw': 117}, ((2, 4), (13, 14)): {'bw': 117}, ((2, 4), (14, 16)): {'bw': 117}, ((2, 8), (np.int64(21), 3)): {'bw': 108}, ((2, 8), (3, 13)): {'bw': 108}, ((3, 7), (np.int64(20), 1)): {'bw': 124}, ((3, 7), (1, 12)): {'bw': 124}, ((3, 7), (12, 15)): {'bw': 124}, ((3, 8), (np.int64(20), 1)): {'bw': 70}, ((3, 8), (1, 12)): {'bw': 70}, ((3, 8), (12, 14)): {'bw': 70}, ((3, 8), (14, 13)): {'bw': 70}}",0.0,0.0,1064.0,532.0,1721.0,0.0,0.0,0.0,0.0,0.0,0.0,0.0,0.0,0.0,Route Failure,100.0,"{'node_level': {}, 'link_level': {}, 'path_level': {}}","{'node_level': {0: {'cpu': -25}, 1: {'cpu': -7}, 2: {'cpu': -45}, 3: {'cpu': -5}, 4: {'cpu': -12}, 5: {'cpu': -26}, 6: {'cpu': -5}, 7: {'cpu': -27}, 8: {'cpu': -18}}, 'link_level': {(0, 3): {'bw': -143}, (0, 4): {'bw': -122}, (1, 2): {'bw': -131}, (1, 3): {'bw': -57}, (1, 6): {'bw': -101}, (2, 4): {'bw': -14}, (2, 8): {'bw': -92}, (3, 7): {'bw': -96}, (3, 8): {'bw': -14}, (4, 7): {'bw': 100.0}}, 'path_level': {(0, 3): {}, (0, 4): {}, (1, 2): {}, (1, 3): {}, (1, 6): {}, (2, 4): {}, (2, 8): {}, (3, 7): {}, (3, 8): {}, (4, 7): {}}}","{'node_level': {0: {'cpu': 0}, 1: {'cpu': 0}, 2: {'cpu': 0}, 3: {'cpu': 0}, 4: {'cpu': 0}, 5: {'cpu': 0}, 6: {'cpu': 0}, 7: {'cpu': 0}, 8: {'cpu': 0}}, 'link_level': {(0, 3): {'bw': 0}, (0, 4): {'bw': 0}, (1, 2): {'bw': 0}, (1, 3): {'bw': 0}, (1, 6): {'bw': 0}, (2, 4): {'bw': 0}, (2, 8): {'bw': 0}, (3, 7): {'bw': 0}, (3, 8): {'bw': 0}, (4, 7): {'bw': 100.0}}, 'path_level': {(0, 3): {}, (0, 4): {}, (1, 2): {}, (1, 3): {}, (1, 6): {}, (2, 4): {}, (2, 8): {}, (3, 7): {}, (3, 8): {}, (4, 7): {}}}",[],-inf,-inf,True,False,False,0,[],0,0.0,9.0,10.0,3
223,8,0,8685.0,19813.0,2857903.9905888597,6292844.871820535,0.4383485590269015,0.4541513494773408,26,426,0,7395.349336063996,17304,2649,14655,0.0,0.0,221,36.34933606399567,7359.0,8,12,False,{},{},{},{},0.0,0.0,0.0,0.0,0.0,0.0,0.0,0.0,0.0,0.0,0.0,0.0,0.0,0.0,Leave Event,0.0,"{'node_level': {}, 'link_level': {}, 'path_level': {}}","{'node_level': {}, 'link_level': {}, 'path_level': {}}","{'node_level': {}, 'link_level': {}, 'path_level': {}}",[],-inf,-inf,True,True,False,0,[],0,0.0,,,3
223,8,0,8685.0,19813.0,2857903.9905888597,6292844.871820535,0.4383485590269015,0.4541513494773408,26,427,0,7416.227317667919,17304,2649,14655,0.0,0.0,210,408.2273176679187,7008.0,7,10,False,{},{},{},{},0.0,0.0,0.0,0.0,0.0,0.0,0.0,0.0,0.0,0.0,0.0,0.0,0.0,0.0,Leave Event,0.0,"{'node_level': {}, 'link_level': {}, 'path_level': {}}","{'node_level': {}, 'link_level': {}, 'path_level': {}}","{'node_level': {}, 'link_level': {}, 'path_level': {}}",[],-inf,-inf,True,True,False,0,[],0,0.0,,,3
224,9,1,9675.0,21586.0,3103968.1885842304,6733523.480957699,0.448207171314741,0.46097235679985443,28,428,1,7426.0,15531,2343,13188,0.11551528878822193,0.10010235414534285,223,248.54969494481912,7426.0,6,6,True,"{0: np.int64(19), 1: np.int64(17), 2: np.int64(0), 3: np.int64(12), 4: np.int64(15), 5: np.int64(28)}","{(0, 3): [(np.int64(19), 15), (15, 12)], (0, 4): [(np.int64(19), 15)], (1, 2): [(np.int64(17), 14), (14, 12), (12, 0)], (1, 5): [(np.int64(17), 14), (14, 12), (12, 0), (0, 28)], (2, 5): [(np.int64(0), 28)], (3, 5): [(np.int64(12), 0), (0, 28)]}","{(0, np.int64(19)): {'cpu': 57}, (1, np.int64(17)): {'cpu': 45}, (2, np.int64(0)): {'cpu': 74}, (3, np.int64(12)): {'cpu': 54}, (4, np.int64(15)): {'cpu': 30}, (5, np.int64(28)): {'cpu': 46}}","{((0, 3), (np.int64(19), 15)): {'bw': 138}, ((0, 3), (15, 12)): {'bw': 138}, ((0, 4), (np.int64(19), 15)): {'bw': 119}, ((1, 2), (np.int64(17), 14)): {'bw': 75}, ((1, 2), (14, 12)): {'bw': 75}, ((1, 2), (12, 0)): {'bw': 75}, ((1, 5), (np.int64(17), 14)): {'bw': 143}, ((1, 5), (14, 12)): {'bw': 143}, ((1, 5), (12, 0)): {'bw': 143}, ((1, 5), (0, 28)): {'bw': 143}, ((2, 5), (np.int64(0), 28)): {'bw': 143}, ((3, 5), (np.int64(12), 0)): {'bw': 66}, ((3, 5), (0, 28)): {'bw': 66}}",1773.0,990.0,612.0,306.0,684.0,306.0,684.0,306.0,1467.0,783.0,0.5583756345177665,440678.6091371643,246064.19799537092,138.7840936240107,Success,0.0,"{'node_level': {}, 'link_level': {}, 'path_level': {}}","{'node_level': {0: {'cpu': -19}, 1: {'cpu': -44}, 2: {'cpu': -18}, 3: {'cpu': -34}, 4: {'cpu': -64}, 5: {'cpu': -44}}, 'link_level': {(0, 3): {'bw': -161}, (0, 4): {'bw': -42}, (1, 2): {'bw': -158}, (1, 5): {'bw': -15}, (2, 5): {'bw': -90}, (3, 5): {'bw': -24}}, 'path_level': {(0, 3): {}, (0, 4): {}, (1, 2): {}, (1, 5): {}, (2, 5): {}, (3, 5): {}}}","{'node_level': {0: {'cpu': 0}, 1: {'cpu': 0}, 2: {'cpu': 0}, 3: {'cpu': 0}, 4: {'cpu': 0}, 5: {'cpu': 0}}, 'link_level': {(0, 3): {'bw': 0}, (0, 4): {'bw': 0}, (1, 2): {'bw': 0}, (1, 5): {'bw': 0}, (2, 5): {'bw': 0}, (3, 5): {'bw': 0}}, 'path_level': {(0, 3): {}, (0, 4): {}, (1, 2): {}, (1, 5): {}, (2, 5): {}, (3, 5): {}}}",[],-inf,-inf,True,True,False,0,[],0,0.0,6.0,6.0,3
224,9,1,9675.0,21586.0,3103968.1885842304,6733523.480957699,0.448207171314741,0.46097235679985443,28,429,0,7445.696674211536,15531,2343,13188,0.11551528878822193,0.10010235414534285,216,239.69667421153625,7206.0,10,19,False,{},{},{},{},0.0,0.0,0.0,0.0,0.0,0.0,0.0,0.0,0.0,0.0,0.0,0.0,0.0,0.0,Leave Event,0.0,"{'node_level': {}, 'link_level': {}, 'path_level': {}}","{'node_level': {}, 'link_level': {}, 'path_level': {}}","{'node_level': {}, 'link_level': {}, 'path_level': {}}",[],-inf,-inf,True,True,False,0,[],0,0.0,,,3
224,9,1,9675.0,21586.0,3103968.1885842304,6733523.480957699,0.448207171314741,0.46097235679985443,28,430,0,7453.141991944558,15531,2343,13188,0.11551528878822193,0.10010235414534285,215,280.1419919445577,7173.0,8,15,False,{},{},{},{},0.0,0.0,0.0,0.0,0.0,0.0,0.0,0.0,0.0,0.0,0.0,0.0,0.0,0.0,Leave Event,0.0,"{'node_level': {}, 'link_level': {}, 'path_level': {}}","{'node_level': {}, 'link_level': {}, 'path_level': {}}","{'node_level': {}, 'link_level': {}, 'path_level': {}}",[],-inf,-inf,True,True,False,0,[],0,0.0,,,3
225,9,1,9675.0,21586.0,3103968.1885842304,6733523.480957699,0.448207171314741,0.46097235679985443,28,431,1,7461.0,15531,2343,13188,0.11551528878822193,0.10010235414534285,224,56.452751411561366,7461.0,10,23,False,"{0: np.int64(3), 1: np.int64(6), 2: np.int64(35), 3: np.int64(10), 4: np.int64(29), 5: np.int64(21), 6: np.int64(7), 7: np.int64(32), 8: np.int64(16), 9: np.int64(31)}","{(0, 1): [(np.int64(3), 5), (5, 6)], (0, 2): [(np.int64(3), 29), (29, 31), (31, 35)], (0, 5): [(np.int64(3), 21)], (0, 6): [(np.int64(3), 5), (5, 7)], (0, 9): [(np.int64(3), 29), (29, 31)], (1, 5): [(np.int64(6), 5), (5, 2), (2, 21)], (1, 7): [(np.int64(6), 4), (4, 1), (1, 28), (28, 30), (30, 32)], (1, 8): [(np.int64(6), 5), (5, 2), (2, 13), (13, 14), (14, 16)], (2, 3): []}","{(0, np.int64(3)): {'cpu': 32}, (1, np.int64(6)): {'cpu': 32}, (2, np.int64(35)): {'cpu': 80}, (3, np.int64(10)): {'cpu': 55}, (4, np.int64(29)): {'cpu': 63}, (5, np.int64(21)): {'cpu': 61}, (6, np.int64(7)): {'cpu': 35}, (7, np.int64(32)): {'cpu': 74}, (8, np.int64(16)): {'cpu': 43}, (9, np.int64(31)): {'cpu': 40}}","{((0, 1), (np.int64(3), 5)): {'bw': 96}, ((0, 1), (5, 6)): {'bw': 96}, ((0, 2), (np.int64(3), 29)): {'bw': 148}, ((0, 2), (29, 31)): {'bw': 148}, ((0, 2), (31, 35)): {'bw': 148}, ((0, 5), (np.int64(3), 21)): {'bw': 85}, ((0, 6), (np.int64(3), 5)): {'bw': 148}, ((0, 6), (5, 7)): {'bw': 148}, ((0, 9), (np.int64(3), 29)): {'bw': 64}, ((0, 9), (29, 31)): {'bw': 64}, ((1, 5), (np.int64(6), 5)): {'bw': 73}, ((1, 5), (5, 2)): {'bw': 73}, ((1, 5), (2, 21)): {'bw': 73}, ((1, 7), (np.int64(6), 4)): {'bw': 71}, ((1, 7), (4, 1)): {'bw': 71}, ((1, 7), (1, 28)): {'bw': 71}, ((1, 7), (28, 30)): {'bw': 71}, ((1, 7), (30, 32)): {'bw': 71}, ((1, 8), (np.int64(6), 5)): {'bw': 134}, ((1, 8), (5, 2)): {'bw': 134}, ((1, 8), (2, 13)): {'bw': 134}, ((1, 8), (13, 14)): {'bw': 134}, ((1, 8), (14, 16)): {'bw': 134}}",0.0,0.0,1030.0,515.0,2188.0,0.0,0.0,0.0,0.0,0.0,0.0,0.0,0.0,0.0,Route Failure,100.0,"{'node_level': {}, 'link_level': {}, 'path_level': {}}","{'node_level': {0: {'cpu': -26}, 1: {'cpu': -37}, 2: {'cpu': -13}, 3: {'cpu': -5}, 4: {'cpu': -33}, 5: {'cpu': -15}, 6: {'cpu': -25}, 7: {'cpu': -18}, 8: {'cpu': -36}, 9: {'cpu': -39}}, 'link_level': {(0, 1): {'bw': -158}, (0, 2): {'bw': -54}, (0, 5): {'bw': -307}, (0, 6): {'bw': -10}, (0, 9): {'bw': -6}, (1, 5): {'bw': -155}, (1, 7): {'bw': -166}, (1, 8): {'bw': -62}, (2, 3): {'bw': 100.0}}, 'path_level': {(0, 1): {}, (0, 2): {}, (0, 5): {}, (0, 6): {}, (0, 9): {}, (1, 5): {}, (1, 7): {}, (1, 8): {}, (2, 3): {}}}","{'node_level': {0: {'cpu': 0}, 1: {'cpu': 0}, 2: {'cpu': 0}, 3: {'cpu': 0}, 4: {'cpu': 0}, 5: {'cpu': 0}, 6: {'cpu': 0}, 7: {'cpu': 0}, 8: {'cpu': 0}, 9: {'cpu': 0}}, 'link_level': {(0, 1): {'bw': 0}, (0, 2): {'bw': 0}, (0, 5): {'bw': 0}, (0, 6): {'bw': 0}, (0, 9): {'bw': 0}, (1, 5): {'bw': 0}, (1, 7): {'bw': 0}, (1, 8): {'bw': 0}, (2, 3): {'bw': 100.0}}, 'path_level': {(0, 1): {}, (0, 2): {}, (0, 5): {}, (0, 6): {}, (0, 9): {}, (1, 5): {}, (1, 7): {}, (1, 8): {}, (2, 3): {}}}",[],-inf,-inf,True,False,False,0,[],0,0.0,10.0,9.0,3
226,9,1,9675.0,21586.0,3103968.1885842304,6733523.480957699,0.448207171314741,0.46097235679985443,28,432,1,7495.0,15531,2343,13188,0.11551528878822193,0.10010235414534285,225,95.4582604759614,7495.0,8,12,False,"{0: np.int64(7), 1: np.int64(20), 2: np.int64(33), 3: np.int64(35), 4: np.int64(34), 5: np.int64(8), 6: np.int64(12), 7: np.int64(21)}","{(0, 1): [(np.int64(7), 4), (4, 0), (0, 20)], (0, 2): [(np.int64(7), 4), (4, 1), (1, 28), (28, 30), (30, 33)], (0, 4): [(np.int64(7), 4), (4, 1), (1, 28), (28, 31), (31, 34)], (0, 6): [(np.int64(7), 5), (5, 2), (2, 13), (13, 15), (15, 12)], (0, 7): [(np.int64(7), 5), (5, 2), (2, 21)], (1, 4): [(np.int64(20), 22), (22, 21), (21, 2), (2, 29), (29, 31), (31, 34)], (1, 5): [(np.int64(20), 22), (22, 21), (21, 3), (3, 5), (5, 6), (6, 8)], (2, 3): [(np.int64(33), 30), (30, 28), (28, 31), (31, 35)], (2, 7): []}","{(0, np.int64(7)): {'cpu': 44}, (1, np.int64(20)): {'cpu': 62}, (2, np.int64(33)): {'cpu': 31}, (3, np.int64(35)): {'cpu': 60}, (4, np.int64(34)): {'cpu': 34}, (5, np.int64(8)): {'cpu': 39}, (6, np.int64(12)): {'cpu': 34}, (7, np.int64(21)): {'cpu': 70}}","{((0, 1), (np.int64(7), 4)): {'bw': 94}, ((0, 1), (4, 0)): {'bw': 94}, ((0, 1), (0, 20)): {'bw': 94}, ((0, 2), (np.int64(7), 4)): {'bw': 107}, ((0, 2), (4, 1)): {'bw': 107}, ((0, 2), (1, 28)): {'bw': 107}, ((0, 2), (28, 30)): {'bw': 107}, ((0, 2), (30, 33)): {'bw': 107}, ((0, 4), (np.int64(7), 4)): {'bw': 99}, ((0, 4), (4, 1)): {'bw': 99}, ((0, 4), (1, 28)): {'bw': 99}, ((0, 4), (28, 31)): {'bw': 99}, ((0, 4), (31, 34)): {'bw': 99}, ((0, 6), (np.int64(7), 5)): {'bw': 110}, ((0, 6), (5, 2)): {'bw': 110}, ((0, 6), (2, 13)): {'bw': 110}, ((0, 6), (13, 15)): {'bw': 110}, ((0, 6), (15, 12)): {'bw': 110}, ((0, 7), (np.int64(7), 5)): {'bw': 131}, ((0, 7), (5, 2)): {'bw': 131}, ((0, 7), (2, 21)): {'bw': 131}, ((1, 4), (np.int64(20), 22)): {'bw': 95}, ((1, 4), (22, 21)): {'bw': 95}, ((1, 4), (21, 2)): {'bw': 95}, ((1, 4), (2, 29)): {'bw': 95}, ((1, 4), (29, 31)): {'bw': 95}, ((1, 4), (31, 34)): {'bw': 95}, ((1, 5), (np.int64(20), 22)): {'bw': 142}, ((1, 5), (22, 21)): {'bw': 142}, ((1, 5), (21, 3)): {'bw': 142}, ((1, 5), (3, 5)): {'bw': 142}, ((1, 5), (5, 6)): {'bw': 142}, ((1, 5), (6, 8)): {'bw': 142}, ((2, 3), (np.int64(33), 30)): {'bw': 87}, ((2, 3), (30, 28)): {'bw': 87}, ((2, 3), (28, 31)): {'bw': 87}, ((2, 3), (31, 35)): {'bw': 87}}",0.0,0.0,748.0,374.0,1305.0,0.0,0.0,0.0,0.0,0.0,0.0,0.0,0.0,0.0,Route Failure,100.0,"{'node_level': {}, 'link_level': {}, 'path_level': {}}","{'node_level': {0: {'cpu': -16}, 1: {'cpu': -5}, 2: {'cpu': -43}, 3: {'cpu': -33}, 4: {'cpu': -23}, 5: {'cpu': -54}, 6: {'cpu': 0}, 7: {'cpu': -6}}, 'link_level': {(0, 1): {'bw': -139}, (0, 2): {'bw': -126}, (0, 4): {'bw': -31}, (0, 6): {'bw': -65}, (0, 7): {'bw': -97}, (1, 4): {'bw': -2}, (1, 5): {'bw': -107}, (2, 3): {'bw': -39}, (2, 7): {'bw': 100.0}}, 'path_level': {(0, 1): {}, (0, 2): {}, (0, 4): {}, (0, 6): {}, (0, 7): {}, (1, 4): {}, (1, 5): {}, (2, 3): {}, (2, 7): {}}}","{'node_level': {0: {'cpu': 0}, 1: {'cpu': 0}, 2: {'cpu': 0}, 3: {'cpu': 0}, 4: {'cpu': 0}, 5: {'cpu': 0}, 6: {'cpu': 0}, 7: {'cpu': 0}}, 'link_level': {(0, 1): {'bw': 0}, (0, 2): {'bw': 0}, (0, 4): {'bw': 0}, (0, 6): {'bw': 0}, (0, 7): {'bw': 0}, (1, 4): {'bw': 0}, (1, 5): {'bw': 0}, (2, 3): {'bw': 0}, (2, 7): {'bw': 100.0}}, 'path_level': {(0, 1): {}, (0, 2): {}, (0, 4): {}, (0, 6): {}, (0, 7): {}, (1, 4): {}, (1, 5): {}, (2, 3): {}, (2, 7): {}}}",[],-inf,-inf,True,False,False,0,[],0,0.0,8.0,9.0,3
226,9,1,9675.0,21586.0,3103968.1885842304,6733523.480957699,0.448207171314741,0.46097235679985443,28,433,0,7513.214732552527,15531,2343,13188,0.11551528878822193,0.10010235414534285,207,598.2147325525265,6915.0,7,13,False,{},{},{},{},0.0,0.0,0.0,0.0,0.0,0.0,0.0,0.0,0.0,0.0,0.0,0.0,0.0,0.0,Leave Event,0.0,"{'node_level': {}, 'link_level': {}, 'path_level': {}}","{'node_level': {}, 'link_level': {}, 'path_level': {}}","{'node_level': {}, 'link_level': {}, 'path_level': {}}",[],-inf,-inf,True,True,False,0,[],0,0.0,,,3
226,9,1,9675.0,21586.0,3103968.1885842304,6733523.480957699,0.448207171314741,0.46097235679985443,28,434,0,7517.452751411562,15531,2343,13188,0.11551528878822193,0.10010235414534285,224,56.452751411561366,7461.0,10,23,False,{},{},{},{},0.0,0.0,0.0,0.0,0.0,0.0,0.0,0.0,0.0,0.0,0.0,0.0,0.0,0.0,Leave Event,0.0,"{'node_level': {}, 'link_level': {}, 'path_level': {}}","{'node_level': {}, 'link_level': {}, 'path_level': {}}","{'node_level': {}, 'link_level': {}, 'path_level': {}}",[],-inf,-inf,True,True,False,0,[],0,0.0,,,3
227,9,1,9675.0,21586.0,3103968.1885842304,6733523.480957699,0.448207171314741,0.46097235679985443,28,435,1,7523.0,15531,2343,13188,0.11551528878822193,0.10010235414534285,226,981.0341511296018,7523.0,9,18,False,"{0: np.int64(9), 1: np.int64(5), 2: np.int64(8), 3: np.int64(13), 4: np.int64(32), 5: np.int64(10), 6: np.int64(2), 7: np.int64(30), 8: np.int64(6)}","{(0, 2): [(np.int64(9), 6), (6, 8)], (0, 5): [(np.int64(9), 6), (6, 4), (4, 7), (7, 10)], (0, 6): [(np.int64(9), 6), (6, 5), (5, 2)], (0, 7): []}","{(0, np.int64(9)): {'cpu': 63}, (1, np.int64(5)): {'cpu': 71}, (2, np.int64(8)): {'cpu': 67}, (3, np.int64(13)): {'cpu': 48}, (4, np.int64(32)): {'cpu': 62}, (5, np.int64(10)): {'cpu': 57}, (6, np.int64(2)): {'cpu': 31}, (7, np.int64(30)): {'cpu': 66}, (8, np.int64(6)): {'cpu': 54}}","{((0, 2), (np.int64(9), 6)): {'bw': 105}, ((0, 2), (6, 8)): {'bw': 105}, ((0, 5), (np.int64(9), 6)): {'bw': 137}, ((0, 5), (6, 4)): {'bw': 137}, ((0, 5), (4, 7)): {'bw': 137}, ((0, 5), (7, 10)): {'bw': 137}, ((0, 6), (np.int64(9), 6)): {'bw': 110}, ((0, 6), (6, 5)): {'bw': 110}, ((0, 6), (5, 2)): {'bw': 110}}",0.0,0.0,1038.0,519.0,1940.0,0.0,0.0,0.0,0.0,0.0,0.0,0.0,0.0,0.0,Route Failure,100.0,"{'node_level': {}, 'link_level': {}, 'path_level': {}}","{'node_level': {0: {'cpu': -28}, 1: {'cpu': 0}, 2: {'cpu': -26}, 3: {'cpu': -34}, 4: {'cpu': -30}, 5: {'cpu': -3}, 6: {'cpu': -22}, 7: {'cpu': -17}, 8: {'cpu': -15}}, 'link_level': {(0, 2): {'bw': -279}, (0, 5): {'bw': -157}, (0, 6): {'bw': -47}, (0, 7): {'bw': 100.0}}, 'path_level': {(0, 2): {}, (0, 5): {}, (0, 6): {}, (0, 7): {}}}","{'node_level': {0: {'cpu': 0}, 1: {'cpu': 0}, 2: {'cpu': 0}, 3: {'cpu': 0}, 4: {'cpu': 0}, 5: {'cpu': 0}, 6: {'cpu': 0}, 7: {'cpu': 0}, 8: {'cpu': 0}}, 'link_level': {(0, 2): {'bw': 0}, (0, 5): {'bw': 0}, (0, 6): {'bw': 0}, (0, 7): {'bw': 100.0}}, 'path_level': {(0, 2): {}, (0, 5): {}, (0, 6): {}, (0, 7): {}}}",[],-inf,-inf,True,False,False,0,[],0,0.0,9.0,4.0,3
227,9,1,9675.0,21586.0,3103968.1885842304,6733523.480957699,0.448207171314741,0.46097235679985443,28,436,0,7537.0620218741615,15531,2343,13188,0.11551528878822193,0.10010235414534285,197,960.0620218741612,6577.0,6,8,False,{},{},{},{},0.0,0.0,0.0,0.0,0.0,0.0,0.0,0.0,0.0,0.0,0.0,0.0,0.0,0.0,Leave Event,0.0,"{'node_level': {}, 'link_level': {}, 'path_level': {}}","{'node_level': {}, 'link_level': {}, 'path_level': {}}","{'node_level': {}, 'link_level': {}, 'path_level': {}}",[],-inf,-inf,True,True,False,0,[],0,0.0,,,3
228,9,1,9675.0,21586.0,3103968.1885842304,6733523.480957699,0.448207171314741,0.46097235679985443,28,437,1,7558.0,15531,2343,13188,0.11551528878822193,0.10010235414534285,227,94.81920963024919,7558.0,8,13,False,"{0: np.int64(11), 1: np.int64(35), 2: np.int64(17), 3: np.int64(26), 4: np.int64(6), 5: np.int64(24), 6: np.int64(30), 7: np.int64(18)}","{(0, 1): [(np.int64(11), 7), (7, 4), (4, 1), (1, 28), (28, 31), (31, 35)], (0, 3): [(np.int64(11), 7), (7, 4), (4, 0), (0, 20), (20, 23), (23, 26)], (0, 5): [(np.int64(11), 7), (7, 4), (4, 0), (0, 20), (20, 22), (22, 24)], (1, 2): [(np.int64(35), 31), (31, 29), (29, 2), (2, 13), (13, 14), (14, 17)], (1, 3): []}","{(0, np.int64(11)): {'cpu': 64}, (1, np.int64(35)): {'cpu': 74}, (2, np.int64(17)): {'cpu': 44}, (3, np.int64(26)): {'cpu': 69}, (4, np.int64(6)): {'cpu': 57}, (5, np.int64(24)): {'cpu': 49}, (6, np.int64(30)): {'cpu': 64}, (7, np.int64(18)): {'cpu': 43}}","{((0, 1), (np.int64(11), 7)): {'bw': 92}, ((0, 1), (7, 4)): {'bw': 92}, ((0, 1), (4, 1)): {'bw': 92}, ((0, 1), (1, 28)): {'bw': 92}, ((0, 1), (28, 31)): {'bw': 92}, ((0, 1), (31, 35)): {'bw': 92}, ((0, 3), (np.int64(11), 7)): {'bw': 66}, ((0, 3), (7, 4)): {'bw': 66}, ((0, 3), (4, 0)): {'bw': 66}, ((0, 3), (0, 20)): {'bw': 66}, ((0, 3), (20, 23)): {'bw': 66}, ((0, 3), (23, 26)): {'bw': 66}, ((0, 5), (np.int64(11), 7)): {'bw': 62}, ((0, 5), (7, 4)): {'bw': 62}, ((0, 5), (4, 0)): {'bw': 62}, ((0, 5), (0, 20)): {'bw': 62}, ((0, 5), (20, 22)): {'bw': 62}, ((0, 5), (22, 24)): {'bw': 62}, ((1, 2), (np.int64(35), 31)): {'bw': 95}, ((1, 2), (31, 29)): {'bw': 95}, ((1, 2), (29, 2)): {'bw': 95}, ((1, 2), (2, 13)): {'bw': 95}, ((1, 2), (13, 14)): {'bw': 95}, ((1, 2), (14, 17)): {'bw': 95}}",0.0,0.0,928.0,464.0,1262.0,0.0,0.0,0.0,0.0,0.0,0.0,0.0,0.0,0.0,Route Failure,100.0,"{'node_level': {}, 'link_level': {}, 'path_level': {}}","{'node_level': {0: {'cpu': -7}, 1: {'cpu': -19}, 2: {'cpu': 0}, 3: {'cpu': -7}, 4: {'cpu': -12}, 5: {'cpu': -3}, 6: {'cpu': -19}, 7: {'cpu': -21}}, 'link_level': {(0, 1): {'bw': -110}, (0, 3): {'bw': -167}, (0, 5): {'bw': -105}, (1, 2): {'bw': -6}, (1, 3): {'bw': 100.0}}, 'path_level': {(0, 1): {}, (0, 3): {}, (0, 5): {}, (1, 2): {}, (1, 3): {}}}","{'node_level': {0: {'cpu': 0}, 1: {'cpu': 0}, 2: {'cpu': 0}, 3: {'cpu': 0}, 4: {'cpu': 0}, 5: {'cpu': 0}, 6: {'cpu': 0}, 7: {'cpu': 0}}, 'link_level': {(0, 1): {'bw': 0}, (0, 3): {'bw': 0}, (0, 5): {'bw': 0}, (1, 2): {'bw': 0}, (1, 3): {'bw': 100.0}}, 'path_level': {(0, 1): {}, (0, 3): {}, (0, 5): {}, (1, 2): {}, (1, 3): {}}}",[],-inf,-inf,True,False,False,0,[],0,0.0,8.0,5.0,3
228,9,1,9675.0,21586.0,3103968.1885842304,6733523.480957699,0.448207171314741,0.46097235679985443,28,438,0,7590.458260475962,15531,2343,13188,0.11551528878822193,0.10010235414534285,225,95.4582604759614,7495.0,8,12,False,{},{},{},{},0.0,0.0,0.0,0.0,0.0,0.0,0.0,0.0,0.0,0.0,0.0,0.0,0.0,0.0,Leave Event,0.0,"{'node_level': {}, 'link_level': {}, 'path_level': {}}","{'node_level': {}, 'link_level': {}, 'path_level': {}}","{'node_level': {}, 'link_level': {}, 'path_level': {}}",[],-inf,-inf,True,True,False,0,[],0,0.0,,,3
229,9,1,9675.0,21586.0,3103968.1885842304,6733523.480957699,0.448207171314741,0.46097235679985443,28,439,1,7593.0,15531,2343,13188,0.11551528878822193,0.10010235414534285,228,766.8185533463725,7593.0,8,12,False,"{0: np.int64(22), 1: np.int64(29), 2: np.int64(3), 3: np.int64(16), 4: np.int64(18), 5: np.int64(9), 6: np.int64(26), 7: np.int64(1)}","{(0, 2): [(np.int64(22), 21), (21, 3)], (0, 3): [(np.int64(22), 21), (21, 2), (2, 13), (13, 14), (14, 16)], (0, 4): [(np.int64(22), 20), (20, 1), (1, 12), (12, 15), (15, 18)], (0, 6): [(np.int64(22), 20), (20, 23), (23, 26)], (1, 3): []}","{(0, np.int64(22)): {'cpu': 61}, (1, np.int64(29)): {'cpu': 39}, (2, np.int64(3)): {'cpu': 51}, (3, np.int64(16)): {'cpu': 76}, (4, np.int64(18)): {'cpu': 46}, (5, np.int64(9)): {'cpu': 72}, (6, np.int64(26)): {'cpu': 41}, (7, np.int64(1)): {'cpu': 40}}","{((0, 2), (np.int64(22), 21)): {'bw': 117}, ((0, 2), (21, 3)): {'bw': 117}, ((0, 3), (np.int64(22), 21)): {'bw': 116}, ((0, 3), (21, 2)): {'bw': 116}, ((0, 3), (2, 13)): {'bw': 116}, ((0, 3), (13, 14)): {'bw': 116}, ((0, 3), (14, 16)): {'bw': 116}, ((0, 4), (np.int64(22), 20)): {'bw': 86}, ((0, 4), (20, 1)): {'bw': 86}, ((0, 4), (1, 12)): {'bw': 86}, ((0, 4), (12, 15)): {'bw': 86}, ((0, 4), (15, 18)): {'bw': 86}, ((0, 6), (np.int64(22), 20)): {'bw': 100}, ((0, 6), (20, 23)): {'bw': 100}, ((0, 6), (23, 26)): {'bw': 100}}",0.0,0.0,852.0,426.0,1235.0,0.0,0.0,0.0,0.0,0.0,0.0,0.0,0.0,0.0,Route Failure,100.0,"{'node_level': {}, 'link_level': {}, 'path_level': {}}","{'node_level': {0: {'cpu': -11}, 1: {'cpu': -57}, 2: {'cpu': -7}, 3: {'cpu': -3}, 4: {'cpu': -18}, 5: {'cpu': -19}, 6: {'cpu': -35}, 7: {'cpu': -34}}, 'link_level': {(0, 2): {'bw': -243}, (0, 3): {'bw': -85}, (0, 4): {'bw': -89}, (0, 6): {'bw': -158}, (1, 3): {'bw': 100.0}}, 'path_level': {(0, 2): {}, (0, 3): {}, (0, 4): {}, (0, 6): {}, (1, 3): {}}}","{'node_level': {0: {'cpu': 0}, 1: {'cpu': 0}, 2: {'cpu': 0}, 3: {'cpu': 0}, 4: {'cpu': 0}, 5: {'cpu': 0}, 6: {'cpu': 0}, 7: {'cpu': 0}}, 'link_level': {(0, 2): {'bw': 0}, (0, 3): {'bw': 0}, (0, 4): {'bw': 0}, (0, 6): {'bw': 0}, (1, 3): {'bw': 100.0}}, 'path_level': {(0, 2): {}, (0, 3): {}, (0, 4): {}, (0, 6): {}, (1, 3): {}}}",[],-inf,-inf,True,False,False,0,[],0,0.0,8.0,5.0,3
229,9,1,9675.0,21586.0,3103968.1885842304,6733523.480957699,0.448207171314741,0.46097235679985443,28,440,0,7606.008470637874,15531,2343,13188,0.11551528878822193,0.10010235414534285,124,3424.008470637874,4182.0,10,27,False,{},{},{},{},0.0,0.0,0.0,0.0,0.0,0.0,0.0,0.0,0.0,0.0,0.0,0.0,0.0,0.0,Leave Event,0.0,"{'node_level': {}, 'link_level': {}, 'path_level': {}}","{'node_level': {}, 'link_level': {}, 'path_level': {}}","{'node_level': {}, 'link_level': {}, 'path_level': {}}",[],-inf,-inf,True,True,False,0,[],0,0.0,,,3
230,9,1,9675.0,21586.0,3103968.1885842304,6733523.480957699,0.448207171314741,0.46097235679985443,28,441,1,7630.0,15531,2343,13188,0.11551528878822193,0.10010235414534285,229,815.1165719069824,7630.0,6,7,False,"{0: np.int64(28), 1: np.int64(8), 2: np.int64(35), 3: np.int64(15), 4: np.int64(31), 5: np.int64(1)}","{(0, 3): [(np.int64(28), 1), (1, 12), (12, 15)], (0, 4): [(np.int64(28), 31)], (1, 5): [(np.int64(8), 6), (6, 4), (4, 1)], (2, 3): [(np.int64(35), 31), (31, 29), (29, 2), (2, 13), (13, 15)], (2, 5): []}","{(0, np.int64(28)): {'cpu': 33}, (1, np.int64(8)): {'cpu': 73}, (2, np.int64(35)): {'cpu': 78}, (3, np.int64(15)): {'cpu': 62}, (4, np.int64(31)): {'cpu': 48}, (5, np.int64(1)): {'cpu': 65}}","{((0, 3), (np.int64(28), 1)): {'bw': 112}, ((0, 3), (1, 12)): {'bw': 112}, ((0, 3), (12, 15)): {'bw': 112}, ((0, 4), (np.int64(28), 31)): {'bw': 84}, ((1, 5), (np.int64(8), 6)): {'bw': 88}, ((1, 5), (6, 4)): {'bw': 88}, ((1, 5), (4, 1)): {'bw': 88}, ((2, 3), (np.int64(35), 31)): {'bw': 120}, ((2, 3), (31, 29)): {'bw': 120}, ((2, 3), (29, 2)): {'bw': 120}, ((2, 3), (2, 13)): {'bw': 120}, ((2, 3), (13, 15)): {'bw': 120}}",0.0,0.0,718.0,359.0,718.0,0.0,0.0,0.0,0.0,0.0,0.0,0.0,0.0,0.0,Route Failure,100.0,"{'node_level': {}, 'link_level': {}, 'path_level': {}}","{'node_level': {0: {'cpu': -11}, 1: {'cpu': -20}, 2: {'cpu': -15}, 3: {'cpu': -2}, 4: {'cpu': -31}, 5: {'cpu': -9}}, 'link_level': {(0, 3): {'bw': -63}, (0, 4): {'bw': -281}, (1, 5): {'bw': -149}, (2, 3): {'bw': -82}, (2, 5): {'bw': 100.0}}, 'path_level': {(0, 3): {}, (0, 4): {}, (1, 5): {}, (2, 3): {}, (2, 5): {}}}","{'node_level': {0: {'cpu': 0}, 1: {'cpu': 0}, 2: {'cpu': 0}, 3: {'cpu': 0}, 4: {'cpu': 0}, 5: {'cpu': 0}}, 'link_level': {(0, 3): {'bw': 0}, (0, 4): {'bw': 0}, (1, 5): {'bw': 0}, (2, 3): {'bw': 0}, (2, 5): {'bw': 100.0}}, 'path_level': {(0, 3): {}, (0, 4): {}, (1, 5): {}, (2, 3): {}, (2, 5): {}}}",[],-inf,-inf,True,False,False,0,[],0,0.0,6.0,5.0,3
230,9,1,9675.0,21586.0,3103968.1885842304,6733523.480957699,0.448207171314741,0.46097235679985443,28,442,0,7652.819209630249,15531,2343,13188,0.11551528878822193,0.10010235414534285,227,94.81920963024919,7558.0,8,13,False,{},{},{},{},0.0,0.0,0.0,0.0,0.0,0.0,0.0,0.0,0.0,0.0,0.0,0.0,0.0,0.0,Leave Event,0.0,"{'node_level': {}, 'link_level': {}, 'path_level': {}}","{'node_level': {}, 'link_level': {}, 'path_level': {}}","{'node_level': {}, 'link_level': {}, 'path_level': {}}",[],-inf,-inf,True,True,False,0,[],0,0.0,,,3
231,9,1,9675.0,21586.0,3103968.1885842304,6733523.480957699,0.448207171314741,0.46097235679985443,28,443,1,7661.0,15531,2343,13188,0.11551528878822193,0.10010235414534285,230,45.245883611443396,7661.0,8,13,False,"{0: np.int64(16), 1: np.int64(30), 2: np.int64(11), 3: np.int64(31), 4: np.int64(26), 5: np.int64(9), 6: np.int64(35), 7: np.int64(33)}","{(0, 7): [(np.int64(16), 14), (14, 13), (13, 2), (2, 29), (29, 30), (30, 33)], (1, 3): [(np.int64(30), 28), (28, 31)], (1, 5): [(np.int64(30), 28), (28, 1), (1, 4), (4, 6), (6, 9)], (1, 6): [(np.int64(30), 28), (28, 31), (31, 35)], (2, 3): [(np.int64(11), 7), (7, 4), (4, 1), (1, 28), (28, 31)], (2, 4): [(np.int64(11), 7), (7, 4), (4, 0), (0, 20), (20, 23), (23, 26)], (2, 6): []}","{(0, np.int64(16)): {'cpu': 79}, (1, np.int64(30)): {'cpu': 59}, (2, np.int64(11)): {'cpu': 68}, (3, np.int64(31)): {'cpu': 68}, (4, np.int64(26)): {'cpu': 48}, (5, np.int64(9)): {'cpu': 63}, (6, np.int64(35)): {'cpu': 36}, (7, np.int64(33)): {'cpu': 33}}","{((0, 7), (np.int64(16), 14)): {'bw': 93}, ((0, 7), (14, 13)): {'bw': 93}, ((0, 7), (13, 2)): {'bw': 93}, ((0, 7), (2, 29)): {'bw': 93}, ((0, 7), (29, 30)): {'bw': 93}, ((0, 7), (30, 33)): {'bw': 93}, ((1, 3), (np.int64(30), 28)): {'bw': 89}, ((1, 3), (28, 31)): {'bw': 89}, ((1, 5), (np.int64(30), 28)): {'bw': 80}, ((1, 5), (28, 1)): {'bw': 80}, ((1, 5), (1, 4)): {'bw': 80}, ((1, 5), (4, 6)): {'bw': 80}, ((1, 5), (6, 9)): {'bw': 80}, ((1, 6), (np.int64(30), 28)): {'bw': 132}, ((1, 6), (28, 31)): {'bw': 132}, ((1, 6), (31, 35)): {'bw': 132}, ((2, 3), (np.int64(11), 7)): {'bw': 123}, ((2, 3), (7, 4)): {'bw': 123}, ((2, 3), (4, 1)): {'bw': 123}, ((2, 3), (1, 28)): {'bw': 123}, ((2, 3), (28, 31)): {'bw': 123}, ((2, 4), (np.int64(11), 7)): {'bw': 74}, ((2, 4), (7, 4)): {'bw': 74}, ((2, 4), (4, 0)): {'bw': 74}, ((2, 4), (0, 20)): {'bw': 74}, ((2, 4), (20, 23)): {'bw': 74}, ((2, 4), (23, 26)): {'bw': 74}}",0.0,0.0,908.0,454.0,1397.0,0.0,0.0,0.0,0.0,0.0,0.0,0.0,0.0,0.0,Route Failure,100.0,"{'node_level': {}, 'link_level': {}, 'path_level': {}}","{'node_level': {0: {'cpu': 0}, 1: {'cpu': -24}, 2: {'cpu': -3}, 3: {'cpu': -11}, 4: {'cpu': -28}, 5: {'cpu': -28}, 6: {'cpu': -57}, 7: {'cpu': -41}}, 'link_level': {(0, 7): {'bw': -108}, (1, 3): {'bw': -252}, (1, 5): {'bw': -157}, (1, 6): {'bw': -40}, (2, 3): {'bw': -21}, (2, 4): {'bw': -159}, (2, 6): {'bw': 100.0}}, 'path_level': {(0, 7): {}, (1, 3): {}, (1, 5): {}, (1, 6): {}, (2, 3): {}, (2, 4): {}, (2, 6): {}}}","{'node_level': {0: {'cpu': 0}, 1: {'cpu': 0}, 2: {'cpu': 0}, 3: {'cpu': 0}, 4: {'cpu': 0}, 5: {'cpu': 0}, 6: {'cpu': 0}, 7: {'cpu': 0}}, 'link_level': {(0, 7): {'bw': 0}, (1, 3): {'bw': 0}, (1, 5): {'bw': 0}, (1, 6): {'bw': 0}, (2, 3): {'bw': 0}, (2, 4): {'bw': 0}, (2, 6): {'bw': 100.0}}, 'path_level': {(0, 7): {}, (1, 3): {}, (1, 5): {}, (1, 6): {}, (2, 3): {}, (2, 4): {}, (2, 6): {}}}",[],-inf,-inf,True,False,False,0,[],0,0.0,8.0,7.0,3
231,9,0,9675.0,21586.0,3103968.1885842304,6733523.480957699,0.448207171314741,0.46097235679985443,28,444,0,7674.549694944819,17304,2649,14655,0.0,0.0,223,248.54969494481912,7426.0,6,6,False,{},{},{},{},0.0,0.0,0.0,0.0,0.0,0.0,0.0,0.0,0.0,0.0,0.0,0.0,0.0,0.0,Leave Event,0.0,"{'node_level': {}, 'link_level': {}, 'path_level': {}}","{'node_level': {}, 'link_level': {}, 'path_level': {}}","{'node_level': {}, 'link_level': {}, 'path_level': {}}",[],-inf,-inf,True,True,False,0,[],0,0.0,,,3
231,9,0,9675.0,21586.0,3103968.1885842304,6733523.480957699,0.448207171314741,0.46097235679985443,28,445,0,7676.380233893086,17304,2649,14655,0.0,0.0,220,345.38023389308626,7331.0,10,26,False,{},{},{},{},0.0,0.0,0.0,0.0,0.0,0.0,0.0,0.0,0.0,0.0,0.0,0.0,0.0,0.0,Leave Event,0.0,"{'node_level': {}, 'link_level': {}, 'path_level': {}}","{'node_level': {}, 'link_level': {}, 'path_level': {}}","{'node_level': {}, 'link_level': {}, 'path_level': {}}",[],-inf,-inf,True,True,False,0,[],0,0.0,,,3
232,10,1,10721.0,23892.0,3402922.3057830324,7392594.4123730315,0.44872760756738655,0.46031502825145393,28,446,1,7684.0,14998,2349,12649,0.11325028312570784,0.13688161037188673,231,285.8069954099447,7684.0,6,8,True,"{0: np.int64(21), 1: np.int64(13), 2: np.int64(1), 3: np.int64(31), 4: np.int64(23), 5: np.int64(15)}","{(0, 1): [(np.int64(21), 2), (2, 13)], (0, 2): [(np.int64(21), 22), (22, 20), (20, 1)], (0, 5): [(np.int64(21), 2), (2, 13), (13, 15)], (1, 3): [(np.int64(13), 2), (2, 29), (29, 31)], (1, 5): [(np.int64(13), 15)], (2, 4): [(np.int64(1), 20), (20, 23)], (3, 4): [(np.int64(31), 28), (28, 0), (0, 20), (20, 23)], (4, 5): [(np.int64(23), 20), (20, 0), (0, 12), (12, 15)]}","{(0, np.int64(21)): {'cpu': 51}, (1, np.int64(13)): {'cpu': 41}, (2, np.int64(1)): {'cpu': 74}, (3, np.int64(31)): {'cpu': 48}, (4, np.int64(23)): {'cpu': 52}, (5, np.int64(15)): {'cpu': 34}}","{((0, 1), (np.int64(21), 2)): {'bw': 106}, ((0, 1), (2, 13)): {'bw': 106}, ((0, 2), (np.int64(21), 22)): {'bw': 120}, ((0, 2), (22, 20)): {'bw': 120}, ((0, 2), (20, 1)): {'bw': 120}, ((0, 5), (np.int64(21), 2)): {'bw': 60}, ((0, 5), (2, 13)): {'bw': 60}, ((0, 5), (13, 15)): {'bw': 60}, ((1, 3), (np.int64(13), 2)): {'bw': 119}, ((1, 3), (2, 29)): {'bw': 119}, ((1, 3), (29, 31)): {'bw': 119}, ((1, 5), (np.int64(13), 15)): {'bw': 105}, ((2, 4), (np.int64(1), 20)): {'bw': 76}, ((2, 4), (20, 23)): {'bw': 76}, ((3, 4), (np.int64(31), 28)): {'bw': 98}, ((3, 4), (28, 0)): {'bw': 98}, ((3, 4), (0, 20)): {'bw': 98}, ((3, 4), (20, 23)): {'bw': 98}, ((4, 5), (np.int64(23), 20)): {'bw': 62}, ((4, 5), (20, 0)): {'bw': 62}, ((4, 5), (0, 12)): {'bw': 62}, ((4, 5), (12, 15)): {'bw': 62}}",2306.0,1046.0,600.0,300.0,746.0,300.0,746.0,300.0,2006.0,1260.0,0.4535993061578491,659070.9314153325,298954.1171988022,129.64185481301047,Success,0.0,"{'node_level': {}, 'link_level': {}, 'path_level': {}}","{'node_level': {0: {'cpu': -25}, 1: {'cpu': -41}, 2: {'cpu': 0}, 3: {'cpu': -31}, 4: {'cpu': 0}, 5: {'cpu': -60}}, 'link_level': {(0, 1): {'bw': -122}, (0, 2): {'bw': -174}, (0, 5): {'bw': -62}, (1, 3): {'bw': -42}, (1, 5): {'bw': -120}, (2, 4): {'bw': -98}, (3, 4): {'bw': -106}, (4, 5): {'bw': -44}}, 'path_level': {(0, 1): {}, (0, 2): {}, (0, 5): {}, (1, 3): {}, (1, 5): {}, (2, 4): {}, (3, 4): {}, (4, 5): {}}}","{'node_level': {0: {'cpu': 0}, 1: {'cpu': 0}, 2: {'cpu': 0}, 3: {'cpu': 0}, 4: {'cpu': 0}, 5: {'cpu': 0}}, 'link_level': {(0, 1): {'bw': 0}, (0, 2): {'bw': 0}, (0, 5): {'bw': 0}, (1, 3): {'bw': 0}, (1, 5): {'bw': 0}, (2, 4): {'bw': 0}, (3, 4): {'bw': 0}, (4, 5): {'bw': 0}}, 'path_level': {(0, 1): {}, (0, 2): {}, (0, 5): {}, (1, 3): {}, (1, 5): {}, (2, 4): {}, (3, 4): {}, (4, 5): {}}}",[],-inf,-inf,True,True,False,0,[],0,0.0,6.0,8.0,3
232,10,1,10721.0,23892.0,3402922.3057830324,7392594.4123730315,0.44872760756738655,0.46031502825145393,28,447,0,7706.245883611444,14998,2349,12649,0.11325028312570784,0.13688161037188673,230,45.245883611443396,7661.0,8,13,False,{},{},{},{},0.0,0.0,0.0,0.0,0.0,0.0,0.0,0.0,0.0,0.0,0.0,0.0,0.0,0.0,Leave Event,0.0,"{'node_level': {}, 'link_level': {}, 'path_level': {}}","{'node_level': {}, 'link_level': {}, 'path_level': {}}","{'node_level': {}, 'link_level': {}, 'path_level': {}}",[],-inf,-inf,True,True,False,0,[],0,0.0,,,3
233,10,1,10721.0,23892.0,3402922.3057830324,7392594.4123730315,0.44872760756738655,0.46031502825145393,28,448,1,7723.0,14998,2349,12649,0.11325028312570784,0.13688161037188673,232,773.6048729855386,7723.0,8,14,False,"{0: np.int64(33), 1: np.int64(28), 2: np.int64(2), 3: np.int64(11), 4: np.int64(29), 5: np.int64(15), 6: np.int64(18), 7: np.int64(17)}","{(0, 1): [(np.int64(33), 30), (30, 28)], (0, 3): [(np.int64(33), 30), (30, 28), (28, 0), (0, 4), (4, 7), (7, 11)], (0, 4): []}","{(0, np.int64(33)): {'cpu': 72}, (1, np.int64(28)): {'cpu': 77}, (2, np.int64(2)): {'cpu': 45}, (3, np.int64(11)): {'cpu': 46}, (4, np.int64(29)): {'cpu': 75}, (5, np.int64(15)): {'cpu': 31}, (6, np.int64(18)): {'cpu': 40}, (7, np.int64(17)): {'cpu': 47}}","{((0, 1), (np.int64(33), 30)): {'bw': 125}, ((0, 1), (30, 28)): {'bw': 125}, ((0, 3), (np.int64(33), 30)): {'bw': 82}, ((0, 3), (30, 28)): {'bw': 82}, ((0, 3), (28, 0)): {'bw': 82}, ((0, 3), (0, 4)): {'bw': 82}, ((0, 3), (4, 7)): {'bw': 82}, ((0, 3), (7, 11)): {'bw': 82}}",0.0,0.0,866.0,433.0,1589.0,0.0,0.0,0.0,0.0,0.0,0.0,0.0,0.0,0.0,Route Failure,100.0,"{'node_level': {}, 'link_level': {}, 'path_level': {}}","{'node_level': {0: {'cpu': -2}, 1: {'cpu': -13}, 2: {'cpu': -8}, 3: {'cpu': -25}, 4: {'cpu': -21}, 5: {'cpu': -29}, 6: {'cpu': -24}, 7: {'cpu': -42}}, 'link_level': {(0, 1): {'bw': -108}, (0, 3): {'bw': -26}, (0, 4): {'bw': 100.0}}, 'path_level': {(0, 1): {}, (0, 3): {}, (0, 4): {}}}","{'node_level': {0: {'cpu': 0}, 1: {'cpu': 0}, 2: {'cpu': 0}, 3: {'cpu': 0}, 4: {'cpu': 0}, 5: {'cpu': 0}, 6: {'cpu': 0}, 7: {'cpu': 0}}, 'link_level': {(0, 1): {'bw': 0}, (0, 3): {'bw': 0}, (0, 4): {'bw': 100.0}}, 'path_level': {(0, 1): {}, (0, 3): {}, (0, 4): {}}}",[],-inf,-inf,True,False,False,0,[],0,0.0,8.0,3.0,3
234,10,1,10721.0,23892.0,3402922.3057830324,7392594.4123730315,0.44872760756738655,0.46031502825145393,28,449,1,7754.0,14998,2349,12649,0.11325028312570784,0.13688161037188673,233,336.7319676523125,7754.0,9,22,False,"{0: np.int64(28), 1: np.int64(30), 2: np.int64(2), 3: np.int64(7), 4: np.int64(24), 5: np.int64(0), 6: np.int64(11), 7: np.int64(12), 8: np.int64(14)}","{(0, 1): [(np.int64(28), 30)], (0, 5): [(np.int64(28), 0)], (0, 7): [(np.int64(28), 0), (0, 12)], (0, 8): [(np.int64(28), 1), (1, 12), (12, 14)], (1, 3): [(np.int64(30), 28), (28, 0), (0, 4), (4, 7)], (1, 5): [(np.int64(30), 28), (28, 1), (1, 4), (4, 0)], (1, 6): [(np.int64(30), 29), (29, 2), (2, 5), (5, 7), (7, 11)], (1, 7): [(np.int64(30), 29), (29, 3), (3, 13), (13, 14), (14, 12)], (2, 5): [(np.int64(2), 5), (5, 3), (3, 21), (21, 22), (22, 20), (20, 0)], (2, 6): [(np.int64(2), 5), (5, 7), (7, 11)], (2, 7): []}","{(0, np.int64(28)): {'cpu': 73}, (1, np.int64(30)): {'cpu': 62}, (2, np.int64(2)): {'cpu': 47}, (3, np.int64(7)): {'cpu': 42}, (4, np.int64(24)): {'cpu': 43}, (5, np.int64(0)): {'cpu': 80}, (6, np.int64(11)): {'cpu': 48}, (7, np.int64(12)): {'cpu': 33}, (8, np.int64(14)): {'cpu': 52}}","{((0, 1), (np.int64(28), 30)): {'bw': 115}, ((0, 5), (np.int64(28), 0)): {'bw': 60}, ((0, 7), (np.int64(28), 0)): {'bw': 111}, ((0, 7), (0, 12)): {'bw': 111}, ((0, 8), (np.int64(28), 1)): {'bw': 108}, ((0, 8), (1, 12)): {'bw': 108}, ((0, 8), (12, 14)): {'bw': 108}, ((1, 3), (np.int64(30), 28)): {'bw': 92}, ((1, 3), (28, 0)): {'bw': 92}, ((1, 3), (0, 4)): {'bw': 92}, ((1, 3), (4, 7)): {'bw': 92}, ((1, 5), (np.int64(30), 28)): {'bw': 79}, ((1, 5), (28, 1)): {'bw': 79}, ((1, 5), (1, 4)): {'bw': 79}, ((1, 5), (4, 0)): {'bw': 79}, ((1, 6), (np.int64(30), 29)): {'bw': 61}, ((1, 6), (29, 2)): {'bw': 61}, ((1, 6), (2, 5)): {'bw': 61}, ((1, 6), (5, 7)): {'bw': 61}, ((1, 6), (7, 11)): {'bw': 61}, ((1, 7), (np.int64(30), 29)): {'bw': 118}, ((1, 7), (29, 3)): {'bw': 118}, ((1, 7), (3, 13)): {'bw': 118}, ((1, 7), (13, 14)): {'bw': 118}, ((1, 7), (14, 12)): {'bw': 118}, ((2, 5), (np.int64(2), 5)): {'bw': 116}, ((2, 5), (5, 3)): {'bw': 116}, ((2, 5), (3, 21)): {'bw': 116}, ((2, 5), (21, 22)): {'bw': 116}, ((2, 5), (22, 20)): {'bw': 116}, ((2, 5), (20, 0)): {'bw': 116}, ((2, 6), (np.int64(2), 5)): {'bw': 115}, ((2, 6), (5, 7)): {'bw': 115}, ((2, 6), (7, 11)): {'bw': 115}}",0.0,0.0,960.0,480.0,2398.0,0.0,0.0,0.0,0.0,0.0,0.0,0.0,0.0,0.0,Route Failure,100.0,"{'node_level': {}, 'link_level': {}, 'path_level': {}}","{'node_level': {0: {'cpu': -17}, 1: {'cpu': -21}, 2: {'cpu': -6}, 3: {'cpu': -18}, 4: {'cpu': -9}, 5: {'cpu': -12}, 6: {'cpu': -23}, 7: {'cpu': -55}, 8: {'cpu': -18}}, 'link_level': {(0, 1): {'bw': -226}, (0, 5): {'bw': -218}, (0, 7): {'bw': -107}, (0, 8): {'bw': -112}, (1, 3): {'bw': -15}, (1, 5): {'bw': -55}, (1, 6): {'bw': -139}, (1, 7): {'bw': -7}, (2, 5): {'bw': -3}, (2, 6): {'bw': -57}, (2, 7): {'bw': 100.0}}, 'path_level': {(0, 1): {}, (0, 5): {}, (0, 7): {}, (0, 8): {}, (1, 3): {}, (1, 5): {}, (1, 6): {}, (1, 7): {}, (2, 5): {}, (2, 6): {}, (2, 7): {}}}","{'node_level': {0: {'cpu': 0}, 1: {'cpu': 0}, 2: {'cpu': 0}, 3: {'cpu': 0}, 4: {'cpu': 0}, 5: {'cpu': 0}, 6: {'cpu': 0}, 7: {'cpu': 0}, 8: {'cpu': 0}}, 'link_level': {(0, 1): {'bw': 0}, (0, 5): {'bw': 0}, (0, 7): {'bw': 0}, (0, 8): {'bw': 0}, (1, 3): {'bw': 0}, (1, 5): {'bw': 0}, (1, 6): {'bw': 0}, (1, 7): {'bw': 0}, (2, 5): {'bw': 0}, (2, 6): {'bw': 0}, (2, 7): {'bw': 100.0}}, 'path_level': {(0, 1): {}, (0, 5): {}, (0, 7): {}, (0, 8): {}, (1, 3): {}, (1, 5): {}, (1, 6): {}, (1, 7): {}, (2, 5): {}, (2, 6): {}, (2, 7): {}}}",[],-inf,-inf,True,False,False,0,[],0,0.0,9.0,11.0,3
235,10,1,10721.0,23892.0,3402922.3057830324,7392594.4123730315,0.44872760756738655,0.46031502825145393,28,450,1,7789.0,14998,2349,12649,0.11325028312570784,0.13688161037188673,234,1005.016768108463,7789.0,8,13,False,"{0: np.int64(28), 1: np.int64(11), 2: np.int64(16), 3: np.int64(17), 4: np.int64(5), 5: np.int64(35), 6: np.int64(19), 7: np.int64(15)}","{(0, 1): [(np.int64(28), 0), (0, 4), (4, 7), (7, 11)], (0, 3): [(np.int64(28), 0), (0, 12), (12, 14), (14, 17)], (0, 7): [(np.int64(28), 0), (0, 12), (12, 15)], (1, 5): [(np.int64(11), 7), (7, 4), (4, 1), (1, 28), (28, 31), (31, 35)], (2, 4): [(np.int64(16), 14), (14, 13), (13, 3), (3, 5)], (2, 5): []}","{(0, np.int64(28)): {'cpu': 79}, (1, np.int64(11)): {'cpu': 64}, (2, np.int64(16)): {'cpu': 74}, (3, np.int64(17)): {'cpu': 31}, (4, np.int64(5)): {'cpu': 36}, (5, np.int64(35)): {'cpu': 79}, (6, np.int64(19)): {'cpu': 60}, (7, np.int64(15)): {'cpu': 59}}","{((0, 1), (np.int64(28), 0)): {'bw': 64}, ((0, 1), (0, 4)): {'bw': 64}, ((0, 1), (4, 7)): {'bw': 64}, ((0, 1), (7, 11)): {'bw': 64}, ((0, 3), (np.int64(28), 0)): {'bw': 67}, ((0, 3), (0, 12)): {'bw': 67}, ((0, 3), (12, 14)): {'bw': 67}, ((0, 3), (14, 17)): {'bw': 67}, ((0, 7), (np.int64(28), 0)): {'bw': 90}, ((0, 7), (0, 12)): {'bw': 90}, ((0, 7), (12, 15)): {'bw': 90}, ((1, 5), (np.int64(11), 7)): {'bw': 127}, ((1, 5), (7, 4)): {'bw': 127}, ((1, 5), (4, 1)): {'bw': 127}, ((1, 5), (1, 28)): {'bw': 127}, ((1, 5), (28, 31)): {'bw': 127}, ((1, 5), (31, 35)): {'bw': 127}, ((2, 4), (np.int64(16), 14)): {'bw': 137}, ((2, 4), (14, 13)): {'bw': 137}, ((2, 4), (13, 3)): {'bw': 137}, ((2, 4), (3, 5)): {'bw': 137}}",0.0,0.0,964.0,482.0,1243.0,0.0,0.0,0.0,0.0,0.0,0.0,0.0,0.0,0.0,Route Failure,100.0,"{'node_level': {}, 'link_level': {}, 'path_level': {}}","{'node_level': {0: {'cpu': -11}, 1: {'cpu': -7}, 2: {'cpu': -5}, 3: {'cpu': -58}, 4: {'cpu': -35}, 5: {'cpu': -14}, 6: {'cpu': -16}, 7: {'cpu': -1}}, 'link_level': {(0, 1): {'bw': -169}, (0, 3): {'bw': -147}, (0, 7): {'bw': -57}, (1, 5): {'bw': -75}, (2, 4): {'bw': -63}, (2, 5): {'bw': 100.0}}, 'path_level': {(0, 1): {}, (0, 3): {}, (0, 7): {}, (1, 5): {}, (2, 4): {}, (2, 5): {}}}","{'node_level': {0: {'cpu': 0}, 1: {'cpu': 0}, 2: {'cpu': 0}, 3: {'cpu': 0}, 4: {'cpu': 0}, 5: {'cpu': 0}, 6: {'cpu': 0}, 7: {'cpu': 0}}, 'link_level': {(0, 1): {'bw': 0}, (0, 3): {'bw': 0}, (0, 7): {'bw': 0}, (1, 5): {'bw': 0}, (2, 4): {'bw': 0}, (2, 5): {'bw': 100.0}}, 'path_level': {(0, 1): {}, (0, 3): {}, (0, 7): {}, (1, 5): {}, (2, 4): {}, (2, 5): {}}}",[],-inf,-inf,True,False,False,0,[],0,0.0,8.0,6.0,3
235,10,1,10721.0,23892.0,3402922.3057830324,7392594.4123730315,0.44872760756738655,0.46031502825145393,28,451,0,7797.9960105143455,14998,2349,12649,0.11325028312570784,0.13688161037188673,214,661.9960105143458,7136.0,6,10,False,{},{},{},{},0.0,0.0,0.0,0.0,0.0,0.0,0.0,0.0,0.0,0.0,0.0,0.0,0.0,0.0,Leave Event,0.0,"{'node_level': {}, 'link_level': {}, 'path_level': {}}","{'node_level': {}, 'link_level': {}, 'path_level': {}}","{'node_level': {}, 'link_level': {}, 'path_level': {}}",[],-inf,-inf,True,True,False,0,[],0,0.0,,,3
236,10,1,10721.0,23892.0,3402922.3057830324,7392594.4123730315,0.44872760756738655,0.46031502825145393,28,452,1,7822.0,14998,2349,12649,0.11325028312570784,0.13688161037188673,235,238.7931526242663,7822.0,9,18,False,"{0: np.int64(8), 1: np.int64(0), 2: np.int64(3), 3: np.int64(19), 4: np.int64(34), 5: np.int64(22), 6: np.int64(35), 7: np.int64(4), 8: np.int64(10)}","{(0, 1): [(np.int64(8), 6), (6, 4), (4, 0)], (0, 2): [(np.int64(8), 6), (6, 5), (5, 3)], (0, 3): [(np.int64(8), 6), (6, 4), (4, 0), (0, 12), (12, 15), (15, 19)], (0, 4): [(np.int64(8), 6), (6, 4), (4, 1), (1, 28), (28, 31), (31, 34)], (0, 5): []}","{(0, np.int64(8)): {'cpu': 77}, (1, np.int64(0)): {'cpu': 40}, (2, np.int64(3)): {'cpu': 43}, (3, np.int64(19)): {'cpu': 75}, (4, np.int64(34)): {'cpu': 43}, (5, np.int64(22)): {'cpu': 43}, (6, np.int64(35)): {'cpu': 79}, (7, np.int64(4)): {'cpu': 37}, (8, np.int64(10)): {'cpu': 57}}","{((0, 1), (np.int64(8), 6)): {'bw': 119}, ((0, 1), (6, 4)): {'bw': 119}, ((0, 1), (4, 0)): {'bw': 119}, ((0, 2), (np.int64(8), 6)): {'bw': 60}, ((0, 2), (6, 5)): {'bw': 60}, ((0, 2), (5, 3)): {'bw': 60}, ((0, 3), (np.int64(8), 6)): {'bw': 76}, ((0, 3), (6, 4)): {'bw': 76}, ((0, 3), (4, 0)): {'bw': 76}, ((0, 3), (0, 12)): {'bw': 76}, ((0, 3), (12, 15)): {'bw': 76}, ((0, 3), (15, 19)): {'bw': 76}, ((0, 4), (np.int64(8), 6)): {'bw': 98}, ((0, 4), (6, 4)): {'bw': 98}, ((0, 4), (4, 1)): {'bw': 98}, ((0, 4), (1, 28)): {'bw': 98}, ((0, 4), (28, 31)): {'bw': 98}, ((0, 4), (31, 34)): {'bw': 98}}",0.0,0.0,988.0,494.0,1983.0,0.0,0.0,0.0,0.0,0.0,0.0,0.0,0.0,0.0,Route Failure,100.0,"{'node_level': {}, 'link_level': {}, 'path_level': {}}","{'node_level': {0: {'cpu': -16}, 1: {'cpu': -52}, 2: {'cpu': -15}, 3: {'cpu': -1}, 4: {'cpu': -14}, 5: {'cpu': -29}, 6: {'cpu': -14}, 7: {'cpu': -13}, 8: {'cpu': -3}}, 'link_level': {(0, 1): {'bw': -114}, (0, 2): {'bw': -194}, (0, 3): {'bw': -38}, (0, 4): {'bw': -23}, (0, 5): {'bw': 100.0}}, 'path_level': {(0, 1): {}, (0, 2): {}, (0, 3): {}, (0, 4): {}, (0, 5): {}}}","{'node_level': {0: {'cpu': 0}, 1: {'cpu': 0}, 2: {'cpu': 0}, 3: {'cpu': 0}, 4: {'cpu': 0}, 5: {'cpu': 0}, 6: {'cpu': 0}, 7: {'cpu': 0}, 8: {'cpu': 0}}, 'link_level': {(0, 1): {'bw': 0}, (0, 2): {'bw': 0}, (0, 3): {'bw': 0}, (0, 4): {'bw': 0}, (0, 5): {'bw': 100.0}}, 'path_level': {(0, 1): {}, (0, 2): {}, (0, 3): {}, (0, 4): {}, (0, 5): {}}}",[],-inf,-inf,True,False,False,0,[],0,0.0,9.0,5.0,3
236,10,1,10721.0,23892.0,3402922.3057830324,7392594.4123730315,0.44872760756738655,0.46031502825145393,28,453,0,7849.955175148315,14998,2349,12649,0.11325028312570784,0.13688161037188673,187,1599.955175148315,6250.0,7,9,False,{},{},{},{},0.0,0.0,0.0,0.0,0.0,0.0,0.0,0.0,0.0,0.0,0.0,0.0,0.0,0.0,Leave Event,0.0,"{'node_level': {}, 'link_level': {}, 'path_level': {}}","{'node_level': {}, 'link_level': {}, 'path_level': {}}","{'node_level': {}, 'link_level': {}, 'path_level': {}}",[],-inf,-inf,True,True,False,0,[],0,0.0,,,3
237,10,1,10721.0,23892.0,3402922.3057830324,7392594.4123730315,0.44872760756738655,0.46031502825145393,28,454,1,7858.0,14998,2349,12649,0.11325028312570784,0.13688161037188673,236,494.85349699330084,7858.0,10,25,False,"{0: np.int64(8), 1: np.int64(5), 2: np.int64(9), 3: np.int64(10), 4: np.int64(20), 5: np.int64(19), 6: np.int64(0), 7: np.int64(11), 8: np.int64(3), 9: np.int64(26)}","{(0, 1): [(np.int64(8), 6), (6, 5)], (0, 5): [(np.int64(8), 6), (6, 4), (4, 0), (0, 12), (12, 15), (15, 19)], (0, 8): [(np.int64(8), 6), (6, 5), (5, 3)], (0, 9): []}","{(0, np.int64(8)): {'cpu': 68}, (1, np.int64(5)): {'cpu': 42}, (2, np.int64(9)): {'cpu': 43}, (3, np.int64(10)): {'cpu': 57}, (4, np.int64(20)): {'cpu': 34}, (5, np.int64(19)): {'cpu': 50}, (6, np.int64(0)): {'cpu': 35}, (7, np.int64(11)): {'cpu': 69}, (8, np.int64(3)): {'cpu': 38}, (9, np.int64(26)): {'cpu': 76}}","{((0, 1), (np.int64(8), 6)): {'bw': 119}, ((0, 1), (6, 5)): {'bw': 119}, ((0, 5), (np.int64(8), 6)): {'bw': 60}, ((0, 5), (6, 4)): {'bw': 60}, ((0, 5), (4, 0)): {'bw': 60}, ((0, 5), (0, 12)): {'bw': 60}, ((0, 5), (12, 15)): {'bw': 60}, ((0, 5), (15, 19)): {'bw': 60}, ((0, 8), (np.int64(8), 6)): {'bw': 134}, ((0, 8), (6, 5)): {'bw': 134}, ((0, 8), (5, 3)): {'bw': 134}}",0.0,0.0,1024.0,512.0,2499.0,0.0,0.0,0.0,0.0,0.0,0.0,0.0,0.0,0.0,Route Failure,100.0,"{'node_level': {}, 'link_level': {}, 'path_level': {}}","{'node_level': {0: {'cpu': -25}, 1: {'cpu': -29}, 2: {'cpu': -48}, 3: {'cpu': -3}, 4: {'cpu': -33}, 5: {'cpu': -26}, 6: {'cpu': -57}, 7: {'cpu': -2}, 8: {'cpu': -20}, 9: {'cpu': 0}}, 'link_level': {(0, 1): {'bw': -246}, (0, 5): {'bw': -173}, (0, 8): {'bw': -71}, (0, 9): {'bw': 100.0}}, 'path_level': {(0, 1): {}, (0, 5): {}, (0, 8): {}, (0, 9): {}}}","{'node_level': {0: {'cpu': 0}, 1: {'cpu': 0}, 2: {'cpu': 0}, 3: {'cpu': 0}, 4: {'cpu': 0}, 5: {'cpu': 0}, 6: {'cpu': 0}, 7: {'cpu': 0}, 8: {'cpu': 0}, 9: {'cpu': 0}}, 'link_level': {(0, 1): {'bw': 0}, (0, 5): {'bw': 0}, (0, 8): {'bw': 0}, (0, 9): {'bw': 100.0}}, 'path_level': {(0, 1): {}, (0, 5): {}, (0, 8): {}, (0, 9): {}}}",[],-inf,-inf,True,False,False,0,[],0,0.0,10.0,4.0,3
238,10,1,10721.0,23892.0,3402922.3057830324,7392594.4123730315,0.44872760756738655,0.46031502825145393,28,455,1,7884.0,14998,2349,12649,0.11325028312570784,0.13688161037188673,237,120.09416142659553,7884.0,8,11,False,"{0: np.int64(28), 1: np.int64(30), 2: np.int64(12), 3: np.int64(17), 4: np.int64(10), 5: np.int64(7), 6: np.int64(8), 7: np.int64(35)}","{(0, 3): [(np.int64(28), 0), (0, 12), (12, 14), (14, 17)], (1, 2): [(np.int64(30), 28), (28, 0), (0, 12)], (1, 3): [(np.int64(30), 28), (28, 1), (1, 12), (12, 14), (14, 17)], (1, 4): [(np.int64(30), 28), (28, 0), (0, 4), (4, 7), (7, 10)], (2, 5): []}","{(0, np.int64(28)): {'cpu': 67}, (1, np.int64(30)): {'cpu': 72}, (2, np.int64(12)): {'cpu': 78}, (3, np.int64(17)): {'cpu': 41}, (4, np.int64(10)): {'cpu': 33}, (5, np.int64(7)): {'cpu': 56}, (6, np.int64(8)): {'cpu': 77}, (7, np.int64(35)): {'cpu': 64}}","{((0, 3), (np.int64(28), 0)): {'bw': 88}, ((0, 3), (0, 12)): {'bw': 88}, ((0, 3), (12, 14)): {'bw': 88}, ((0, 3), (14, 17)): {'bw': 88}, ((1, 2), (np.int64(30), 28)): {'bw': 73}, ((1, 2), (28, 0)): {'bw': 73}, ((1, 2), (0, 12)): {'bw': 73}, ((1, 3), (np.int64(30), 28)): {'bw': 125}, ((1, 3), (28, 1)): {'bw': 125}, ((1, 3), (1, 12)): {'bw': 125}, ((1, 3), (12, 14)): {'bw': 125}, ((1, 3), (14, 17)): {'bw': 125}, ((1, 4), (np.int64(30), 28)): {'bw': 92}, ((1, 4), (28, 0)): {'bw': 92}, ((1, 4), (0, 4)): {'bw': 92}, ((1, 4), (4, 7)): {'bw': 92}, ((1, 4), (7, 10)): {'bw': 92}}",0.0,0.0,976.0,488.0,1074.0,0.0,0.0,0.0,0.0,0.0,0.0,0.0,0.0,0.0,Route Failure,100.0,"{'node_level': {}, 'link_level': {}, 'path_level': {}}","{'node_level': {0: {'cpu': -23}, 1: {'cpu': -11}, 2: {'cpu': -10}, 3: {'cpu': -48}, 4: {'cpu': -27}, 5: {'cpu': -4}, 6: {'cpu': -16}, 7: {'cpu': -29}}, 'link_level': {(0, 3): {'bw': -145}, (1, 2): {'bw': -100}, (1, 3): {'bw': -20}, (1, 4): {'bw': -25}, (2, 5): {'bw': 100.0}}, 'path_level': {(0, 3): {}, (1, 2): {}, (1, 3): {}, (1, 4): {}, (2, 5): {}}}","{'node_level': {0: {'cpu': 0}, 1: {'cpu': 0}, 2: {'cpu': 0}, 3: {'cpu': 0}, 4: {'cpu': 0}, 5: {'cpu': 0}, 6: {'cpu': 0}, 7: {'cpu': 0}}, 'link_level': {(0, 3): {'bw': 0}, (1, 2): {'bw': 0}, (1, 3): {'bw': 0}, (1, 4): {'bw': 0}, (2, 5): {'bw': 100.0}}, 'path_level': {(0, 3): {}, (1, 2): {}, (1, 3): {}, (1, 4): {}, (2, 5): {}}}",[],-inf,-inf,True,False,False,0,[],0,0.0,8.0,5.0,3
238,10,1,10721.0,23892.0,3402922.3057830324,7392594.4123730315,0.44872760756738655,0.46031502825145393,28,456,0,7896.780676952434,14998,2349,12649,0.11325028312570784,0.13688161037188673,212,818.7806769524339,7078.0,8,15,False,{},{},{},{},0.0,0.0,0.0,0.0,0.0,0.0,0.0,0.0,0.0,0.0,0.0,0.0,0.0,0.0,Leave Event,0.0,"{'node_level': {}, 'link_level': {}, 'path_level': {}}","{'node_level': {}, 'link_level': {}, 'path_level': {}}","{'node_level': {}, 'link_level': {}, 'path_level': {}}",[],-inf,-inf,True,True,False,0,[],0,0.0,,,3
239,10,1,10721.0,23892.0,3402922.3057830324,7392594.4123730315,0.44872760756738655,0.46031502825145393,28,457,1,7920.0,14998,2349,12649,0.11325028312570784,0.13688161037188673,238,923.3921240991294,7920.0,10,23,False,"{0: np.int64(15), 1: np.int64(31), 2: np.int64(12), 3: np.int64(28), 4: np.int64(33), 5: np.int64(27), 6: np.int64(17), 7: np.int64(8), 8: np.int64(32), 9: np.int64(9)}","{(0, 2): [(np.int64(15), 12)], (0, 3): [(np.int64(15), 12), (12, 0), (0, 28)], (0, 4): [(np.int64(15), 13), (13, 3), (3, 29), (29, 30), (30, 33)], (0, 7): []}","{(0, np.int64(15)): {'cpu': 39}, (1, np.int64(31)): {'cpu': 30}, (2, np.int64(12)): {'cpu': 77}, (3, np.int64(28)): {'cpu': 50}, (4, np.int64(33)): {'cpu': 73}, (5, np.int64(27)): {'cpu': 55}, (6, np.int64(17)): {'cpu': 66}, (7, np.int64(8)): {'cpu': 35}, (8, np.int64(32)): {'cpu': 70}, (9, np.int64(9)): {'cpu': 63}}","{((0, 2), (np.int64(15), 12)): {'bw': 109}, ((0, 3), (np.int64(15), 12)): {'bw': 89}, ((0, 3), (12, 0)): {'bw': 89}, ((0, 3), (0, 28)): {'bw': 89}, ((0, 4), (np.int64(15), 13)): {'bw': 108}, ((0, 4), (13, 3)): {'bw': 108}, ((0, 4), (3, 29)): {'bw': 108}, ((0, 4), (29, 30)): {'bw': 108}, ((0, 4), (30, 33)): {'bw': 108}}",0.0,0.0,1116.0,558.0,2140.0,0.0,0.0,0.0,0.0,0.0,0.0,0.0,0.0,0.0,Route Failure,100.0,"{'node_level': {}, 'link_level': {}, 'path_level': {}}","{'node_level': {0: {'cpu': -21}, 1: {'cpu': -1}, 2: {'cpu': -11}, 3: {'cpu': -40}, 4: {'cpu': -1}, 5: {'cpu': 0}, 6: {'cpu': -23}, 7: {'cpu': -58}, 8: {'cpu': -22}, 9: {'cpu': -28}}, 'link_level': {(0, 2): {'bw': -142}, (0, 3): {'bw': -53}, (0, 4): {'bw': -12}, (0, 7): {'bw': 100.0}}, 'path_level': {(0, 2): {}, (0, 3): {}, (0, 4): {}, (0, 7): {}}}","{'node_level': {0: {'cpu': 0}, 1: {'cpu': 0}, 2: {'cpu': 0}, 3: {'cpu': 0}, 4: {'cpu': 0}, 5: {'cpu': 0}, 6: {'cpu': 0}, 7: {'cpu': 0}, 8: {'cpu': 0}, 9: {'cpu': 0}}, 'link_level': {(0, 2): {'bw': 0}, (0, 3): {'bw': 0}, (0, 4): {'bw': 0}, (0, 7): {'bw': 100.0}}, 'path_level': {(0, 2): {}, (0, 3): {}, (0, 4): {}, (0, 7): {}}}",[],-inf,-inf,True,False,False,0,[],0,0.0,10.0,4.0,3
239,10,1,10721.0,23892.0,3402922.3057830324,7392594.4123730315,0.44872760756738655,0.46031502825145393,28,458,0,7920.471493650098,14998,2349,12649,0.11325028312570784,0.13688161037188673,217,682.4714936500981,7238.0,7,8,False,{},{},{},{},0.0,0.0,0.0,0.0,0.0,0.0,0.0,0.0,0.0,0.0,0.0,0.0,0.0,0.0,Leave Event,0.0,"{'node_level': {}, 'link_level': {}, 'path_level': {}}","{'node_level': {}, 'link_level': {}, 'path_level': {}}","{'node_level': {}, 'link_level': {}, 'path_level': {}}",[],-inf,-inf,True,True,False,0,[],0,0.0,,,3
240,10,1,10721.0,23892.0,3402922.3057830324,7392594.4123730315,0.44872760756738655,0.46031502825145393,28,459,1,7963.0,14998,2349,12649,0.11325028312570784,0.13688161037188673,239,914.2862750958378,7963.0,8,16,False,"{0: np.int64(5), 1: np.int64(32), 2: np.int64(35), 3: np.int64(6), 4: np.int64(11), 5: np.int64(7), 6: np.int64(12), 7: np.int64(30)}","{(0, 1): [(np.int64(5), 2), (2, 29), (29, 30), (30, 32)], (0, 3): [(np.int64(5), 6)], (1, 3): [(np.int64(32), 30), (30, 28), (28, 0), (0, 4), (4, 6)], (1, 4): [(np.int64(32), 30), (30, 28), (28, 0), (0, 4), (4, 7), (7, 11)], (1, 5): []}","{(0, np.int64(5)): {'cpu': 34}, (1, np.int64(32)): {'cpu': 74}, (2, np.int64(35)): {'cpu': 43}, (3, np.int64(6)): {'cpu': 54}, (4, np.int64(11)): {'cpu': 45}, (5, np.int64(7)): {'cpu': 56}, (6, np.int64(12)): {'cpu': 75}, (7, np.int64(30)): {'cpu': 34}}","{((0, 1), (np.int64(5), 2)): {'bw': 141}, ((0, 1), (2, 29)): {'bw': 141}, ((0, 1), (29, 30)): {'bw': 141}, ((0, 1), (30, 32)): {'bw': 141}, ((0, 3), (np.int64(5), 6)): {'bw': 148}, ((1, 3), (np.int64(32), 30)): {'bw': 94}, ((1, 3), (30, 28)): {'bw': 94}, ((1, 3), (28, 0)): {'bw': 94}, ((1, 3), (0, 4)): {'bw': 94}, ((1, 3), (4, 6)): {'bw': 94}, ((1, 4), (np.int64(32), 30)): {'bw': 121}, ((1, 4), (30, 28)): {'bw': 121}, ((1, 4), (28, 0)): {'bw': 121}, ((1, 4), (0, 4)): {'bw': 121}, ((1, 4), (4, 7)): {'bw': 121}, ((1, 4), (7, 11)): {'bw': 121}}",0.0,0.0,830.0,415.0,1638.0,0.0,0.0,0.0,0.0,0.0,0.0,0.0,0.0,0.0,Route Failure,100.0,"{'node_level': {}, 'link_level': {}, 'path_level': {}}","{'node_level': {0: {'cpu': -37}, 1: {'cpu': -18}, 2: {'cpu': -50}, 3: {'cpu': -15}, 4: {'cpu': -26}, 5: {'cpu': -4}, 6: {'cpu': -13}, 7: {'cpu': -49}}, 'link_level': {(0, 1): {'bw': -59}, (0, 3): {'bw': -217}, (1, 3): {'bw': -139}, (1, 4): {'bw': -18}, (1, 5): {'bw': 100.0}}, 'path_level': {(0, 1): {}, (0, 3): {}, (1, 3): {}, (1, 4): {}, (1, 5): {}}}","{'node_level': {0: {'cpu': 0}, 1: {'cpu': 0}, 2: {'cpu': 0}, 3: {'cpu': 0}, 4: {'cpu': 0}, 5: {'cpu': 0}, 6: {'cpu': 0}, 7: {'cpu': 0}}, 'link_level': {(0, 1): {'bw': 0}, (0, 3): {'bw': 0}, (1, 3): {'bw': 0}, (1, 4): {'bw': 0}, (1, 5): {'bw': 100.0}}, 'path_level': {(0, 1): {}, (0, 3): {}, (1, 3): {}, (1, 4): {}, (1, 5): {}}}",[],-inf,-inf,True,False,False,0,[],0,0.0,8.0,5.0,3
240,10,0,10721.0,23892.0,3402922.3057830324,7392594.4123730315,0.44872760756738655,0.46031502825145393,28,460,0,7969.806995409945,17304,2649,14655,0.0,0.0,231,285.8069954099447,7684.0,6,8,False,{},{},{},{},0.0,0.0,0.0,0.0,0.0,0.0,0.0,0.0,0.0,0.0,0.0,0.0,0.0,0.0,Leave Event,0.0,"{'node_level': {}, 'link_level': {}, 'path_level': {}}","{'node_level': {}, 'link_level': {}, 'path_level': {}}","{'node_level': {}, 'link_level': {}, 'path_level': {}}",[],-inf,-inf,True,True,False,0,[],0,0.0,,,3
241,10,0,10721.0,23892.0,3402922.3057830324,7392594.4123730315,0.44872760756738655,0.46031502825145393,28,461,1,8001.0,17304,2649,14655,0.0,0.0,240,417.16455005406596,8001.0,8,15,False,"{0: np.int64(0), 1: np.int64(28), 2: np.int64(1), 3: np.int64(8), 4: np.int64(19), 5: np.int64(4), 6: np.int64(6), 7: np.int64(12)}","{(0, 4): [(np.int64(0), 12), (12, 15), (15, 19)], (0, 5): [(np.int64(0), 4)], (0, 6): [(np.int64(0), 4), (4, 6)], (1, 2): [(np.int64(28), 1)], (1, 5): [(np.int64(28), 1), (1, 4)], (1, 7): [(np.int64(28), 0), (0, 12)], (2, 3): [(np.int64(1), 4), (4, 6), (6, 8)], (2, 5): [(np.int64(1), 12), (12, 14), (14, 13), (13, 2), (2, 5), (5, 7), (7, 4)], (2, 6): [(np.int64(1), 20), (20, 22), (22, 21), (21, 2), (2, 5), (5, 6)], (2, 7): [(np.int64(1), 20), (20, 0), (0, 12)], (3, 6): [(np.int64(8), 6)], (3, 7): [(np.int64(8), 6), (6, 5), (5, 3), (3, 13), (13, 15), (15, 12)], (4, 5): [(np.int64(19), 15), (15, 13), (13, 3), (3, 5), (5, 6), (6, 4)], (4, 7): [(np.int64(19), 15), (15, 12)], (5, 6): []}","{(0, np.int64(0)): {'cpu': 71}, (1, np.int64(28)): {'cpu': 71}, (2, np.int64(1)): {'cpu': 68}, (3, np.int64(8)): {'cpu': 78}, (4, np.int64(19)): {'cpu': 58}, (5, np.int64(4)): {'cpu': 35}, (6, np.int64(6)): {'cpu': 31}, (7, np.int64(12)): {'cpu': 78}}","{((0, 4), (np.int64(0), 12)): {'bw': 103}, ((0, 4), (12, 15)): {'bw': 103}, ((0, 4), (15, 19)): {'bw': 103}, ((0, 5), (np.int64(0), 4)): {'bw': 109}, ((0, 6), (np.int64(0), 4)): {'bw': 90}, ((0, 6), (4, 6)): {'bw': 90}, ((1, 2), (np.int64(28), 1)): {'bw': 84}, ((1, 5), (np.int64(28), 1)): {'bw': 60}, ((1, 5), (1, 4)): {'bw': 60}, ((1, 7), (np.int64(28), 0)): {'bw': 72}, ((1, 7), (0, 12)): {'bw': 72}, ((2, 3), (np.int64(1), 4)): {'bw': 92}, ((2, 3), (4, 6)): {'bw': 92}, ((2, 3), (6, 8)): {'bw': 92}, ((2, 5), (np.int64(1), 12)): {'bw': 145}, ((2, 5), (12, 14)): {'bw': 145}, ((2, 5), (14, 13)): {'bw': 145}, ((2, 5), (13, 2)): {'bw': 145}, ((2, 5), (2, 5)): {'bw': 145}, ((2, 5), (5, 7)): {'bw': 145}, ((2, 5), (7, 4)): {'bw': 145}, ((2, 6), (np.int64(1), 20)): {'bw': 131}, ((2, 6), (20, 22)): {'bw': 131}, ((2, 6), (22, 21)): {'bw': 131}, ((2, 6), (21, 2)): {'bw': 131}, ((2, 6), (2, 5)): {'bw': 131}, ((2, 6), (5, 6)): {'bw': 131}, ((2, 7), (np.int64(1), 20)): {'bw': 112}, ((2, 7), (20, 0)): {'bw': 112}, ((2, 7), (0, 12)): {'bw': 112}, ((3, 6), (np.int64(8), 6)): {'bw': 87}, ((3, 7), (np.int64(8), 6)): {'bw': 107}, ((3, 7), (6, 5)): {'bw': 107}, ((3, 7), (5, 3)): {'bw': 107}, ((3, 7), (3, 13)): {'bw': 107}, ((3, 7), (13, 15)): {'bw': 107}, ((3, 7), (15, 12)): {'bw': 107}, ((4, 5), (np.int64(19), 15)): {'bw': 84}, ((4, 5), (15, 13)): {'bw': 84}, ((4, 5), (13, 3)): {'bw': 84}, ((4, 5), (3, 5)): {'bw': 84}, ((4, 5), (5, 6)): {'bw': 84}, ((4, 5), (6, 4)): {'bw': 84}, ((4, 7), (np.int64(19), 15)): {'bw': 82}, ((4, 7), (15, 12)): {'bw': 82}}",0.0,0.0,980.0,490.0,1472.0,0.0,0.0,0.0,0.0,0.0,0.0,0.0,0.0,0.0,Route Failure,100.0,"{'node_level': {}, 'link_level': {}, 'path_level': {}}","{'node_level': {0: {'cpu': -21}, 1: {'cpu': -19}, 2: {'cpu': -6}, 3: {'cpu': -15}, 4: {'cpu': -18}, 5: {'cpu': -15}, 6: {'cpu': -38}, 7: {'cpu': -10}}, 'link_level': {(0, 4): {'bw': -196}, (0, 5): {'bw': -124}, (0, 6): {'bw': -34}, (1, 2): {'bw': -165}, (1, 5): {'bw': -105}, (1, 7): {'bw': -148}, (2, 3): {'bw': -85}, (2, 5): {'bw': -56}, (2, 6): {'bw': -73}, (2, 7): {'bw': -36}, (3, 6): {'bw': -205}, (3, 7): {'bw': -93}, (4, 5): {'bw': -9}, (4, 7): {'bw': -21}, (5, 6): {'bw': 100.0}}, 'path_level': {(0, 4): {}, (0, 5): {}, (0, 6): {}, (1, 2): {}, (1, 5): {}, (1, 7): {}, (2, 3): {}, (2, 5): {}, (2, 6): {}, (2, 7): {}, (3, 6): {}, (3, 7): {}, (4, 5): {}, (4, 7): {}, (5, 6): {}}}","{'node_level': {0: {'cpu': 0}, 1: {'cpu': 0}, 2: {'cpu': 0}, 3: {'cpu': 0}, 4: {'cpu': 0}, 5: {'cpu': 0}, 6: {'cpu': 0}, 7: {'cpu': 0}}, 'link_level': {(0, 4): {'bw': 0}, (0, 5): {'bw': 0}, (0, 6): {'bw': 0}, (1, 2): {'bw': 0}, (1, 5): {'bw': 0}, (1, 7): {'bw': 0}, (2, 3): {'bw': 0}, (2, 5): {'bw': 0}, (2, 6): {'bw': 0}, (2, 7): {'bw': 0}, (3, 6): {'bw': 0}, (3, 7): {'bw': 0}, (4, 5): {'bw': 0}, (4, 7): {'bw': 0}, (5, 6): {'bw': 100.0}}, 'path_level': {(0, 4): {}, (0, 5): {}, (0, 6): {}, (1, 2): {}, (1, 5): {}, (1, 7): {}, (2, 3): {}, (2, 5): {}, (2, 6): {}, (2, 7): {}, (3, 6): {}, (3, 7): {}, (4, 5): {}, (4, 7): {}, (5, 6): {}}}",[],-inf,-inf,True,False,False,0,[],0,0.0,8.0,15.0,3
241,10,0,10721.0,23892.0,3402922.3057830324,7392594.4123730315,0.44872760756738655,0.46031502825145393,28,462,0,8004.094161426596,17304,2649,14655,0.0,0.0,237,120.09416142659553,7884.0,8,11,False,{},{},{},{},0.0,0.0,0.0,0.0,0.0,0.0,0.0,0.0,0.0,0.0,0.0,0.0,0.0,0.0,Leave Event,0.0,"{'node_level': {}, 'link_level': {}, 'path_level': {}}","{'node_level': {}, 'link_level': {}, 'path_level': {}}","{'node_level': {}, 'link_level': {}, 'path_level': {}}",[],-inf,-inf,True,True,False,0,[],0,0.0,,,3
242,10,0,10721.0,23892.0,3402922.3057830324,7392594.4123730315,0.44872760756738655,0.46031502825145393,28,463,1,8032.0,17304,2649,14655,0.0,0.0,241,195.1073297675038,8032.0,10,21,False,"{0: np.int64(20), 1: np.int64(31), 2: np.int64(28), 3: np.int64(17), 4: np.int64(4), 5: np.int64(1), 6: np.int64(30), 7: np.int64(26), 8: np.int64(15), 9: np.int64(19)}","{(0, 4): [(np.int64(20), 0), (0, 4)], (0, 5): [(np.int64(20), 1)], (0, 7): [(np.int64(20), 23), (23, 26)], (0, 8): [(np.int64(20), 0), (0, 12), (12, 15)], (0, 9): [(np.int64(20), 22), (22, 21), (21, 2), (2, 13), (13, 15), (15, 19)], (1, 3): [(np.int64(31), 28), (28, 0), (0, 12), (12, 14), (14, 17)], (1, 6): [(np.int64(31), 28), (28, 30)], (1, 7): [(np.int64(31), 28), (28, 1), (1, 20), (20, 23), (23, 26)], (1, 8): [(np.int64(31), 29), (29, 2), (2, 13), (13, 15)], (1, 9): [(np.int64(31), 29), (29, 30), (30, 28), (28, 1), (1, 12), (12, 15), (15, 19)], (2, 3): [(np.int64(28), 0), (0, 4), (4, 1), (1, 12), (12, 14), (14, 17)], (2, 4): [(np.int64(28), 30), (30, 29), (29, 2), (2, 5), (5, 6), (6, 4)], (2, 5): []}","{(0, np.int64(20)): {'cpu': 45}, (1, np.int64(31)): {'cpu': 68}, (2, np.int64(28)): {'cpu': 77}, (3, np.int64(17)): {'cpu': 58}, (4, np.int64(4)): {'cpu': 40}, (5, np.int64(1)): {'cpu': 49}, (6, np.int64(30)): {'cpu': 35}, (7, np.int64(26)): {'cpu': 71}, (8, np.int64(15)): {'cpu': 74}, (9, np.int64(19)): {'cpu': 42}}","{((0, 4), (np.int64(20), 0)): {'bw': 125}, ((0, 4), (0, 4)): {'bw': 125}, ((0, 5), (np.int64(20), 1)): {'bw': 148}, ((0, 7), (np.int64(20), 23)): {'bw': 64}, ((0, 7), (23, 26)): {'bw': 64}, ((0, 8), (np.int64(20), 0)): {'bw': 109}, ((0, 8), (0, 12)): {'bw': 109}, ((0, 8), (12, 15)): {'bw': 109}, ((0, 9), (np.int64(20), 22)): {'bw': 149}, ((0, 9), (22, 21)): {'bw': 149}, ((0, 9), (21, 2)): {'bw': 149}, ((0, 9), (2, 13)): {'bw': 149}, ((0, 9), (13, 15)): {'bw': 149}, ((0, 9), (15, 19)): {'bw': 149}, ((1, 3), (np.int64(31), 28)): {'bw': 143}, ((1, 3), (28, 0)): {'bw': 143}, ((1, 3), (0, 12)): {'bw': 143}, ((1, 3), (12, 14)): {'bw': 143}, ((1, 3), (14, 17)): {'bw': 143}, ((1, 6), (np.int64(31), 28)): {'bw': 70}, ((1, 6), (28, 30)): {'bw': 70}, ((1, 7), (np.int64(31), 28)): {'bw': 130}, ((1, 7), (28, 1)): {'bw': 130}, ((1, 7), (1, 20)): {'bw': 130}, ((1, 7), (20, 23)): {'bw': 130}, ((1, 7), (23, 26)): {'bw': 130}, ((1, 8), (np.int64(31), 29)): {'bw': 91}, ((1, 8), (29, 2)): {'bw': 91}, ((1, 8), (2, 13)): {'bw': 91}, ((1, 8), (13, 15)): {'bw': 91}, ((1, 9), (np.int64(31), 29)): {'bw': 110}, ((1, 9), (29, 30)): {'bw': 110}, ((1, 9), (30, 28)): {'bw': 110}, ((1, 9), (28, 1)): {'bw': 110}, ((1, 9), (1, 12)): {'bw': 110}, ((1, 9), (12, 15)): {'bw': 110}, ((1, 9), (15, 19)): {'bw': 110}, ((2, 3), (np.int64(28), 0)): {'bw': 78}, ((2, 3), (0, 4)): {'bw': 78}, ((2, 3), (4, 1)): {'bw': 78}, ((2, 3), (1, 12)): {'bw': 78}, ((2, 3), (12, 14)): {'bw': 78}, ((2, 3), (14, 17)): {'bw': 78}, ((2, 4), (np.int64(28), 30)): {'bw': 74}, ((2, 4), (30, 29)): {'bw': 74}, ((2, 4), (29, 2)): {'bw': 74}, ((2, 4), (2, 5)): {'bw': 74}, ((2, 4), (5, 6)): {'bw': 74}, ((2, 4), (6, 4)): {'bw': 74}}",0.0,0.0,1118.0,559.0,2272.0,0.0,0.0,0.0,0.0,0.0,0.0,0.0,0.0,0.0,Route Failure,100.0,"{'node_level': {}, 'link_level': {}, 'path_level': {}}","{'node_level': {0: {'cpu': -22}, 1: {'cpu': -11}, 2: {'cpu': -13}, 3: {'cpu': -31}, 4: {'cpu': -10}, 5: {'cpu': -25}, 6: {'cpu': -48}, 7: {'cpu': -5}, 8: {'cpu': -20}, 9: {'cpu': -34}}, 'link_level': {(0, 4): {'bw': -108}, (0, 5): {'bw': -146}, (0, 7): {'bw': -216}, (0, 8): {'bw': -45}, (0, 9): {'bw': -79}, (1, 3): {'bw': -71}, (1, 6): {'bw': -152}, (1, 7): {'bw': -16}, (1, 8): {'bw': -45}, (1, 9): {'bw': -9}, (2, 3): {'bw': -12}, (2, 4): {'bw': -87}, (2, 5): {'bw': 100.0}}, 'path_level': {(0, 4): {}, (0, 5): {}, (0, 7): {}, (0, 8): {}, (0, 9): {}, (1, 3): {}, (1, 6): {}, (1, 7): {}, (1, 8): {}, (1, 9): {}, (2, 3): {}, (2, 4): {}, (2, 5): {}}}","{'node_level': {0: {'cpu': 0}, 1: {'cpu': 0}, 2: {'cpu': 0}, 3: {'cpu': 0}, 4: {'cpu': 0}, 5: {'cpu': 0}, 6: {'cpu': 0}, 7: {'cpu': 0}, 8: {'cpu': 0}, 9: {'cpu': 0}}, 'link_level': {(0, 4): {'bw': 0}, (0, 5): {'bw': 0}, (0, 7): {'bw': 0}, (0, 8): {'bw': 0}, (0, 9): {'bw': 0}, (1, 3): {'bw': 0}, (1, 6): {'bw': 0}, (1, 7): {'bw': 0}, (1, 8): {'bw': 0}, (1, 9): {'bw': 0}, (2, 3): {'bw': 0}, (2, 4): {'bw': 0}, (2, 5): {'bw': 100.0}}, 'path_level': {(0, 4): {}, (0, 5): {}, (0, 7): {}, (0, 8): {}, (0, 9): {}, (1, 3): {}, (1, 6): {}, (1, 7): {}, (1, 8): {}, (1, 9): {}, (2, 3): {}, (2, 4): {}, (2, 5): {}}}",[],-inf,-inf,True,False,False,0,[],0,0.0,10.0,13.0,3
242,10,0,10721.0,23892.0,3402922.3057830324,7392594.4123730315,0.44872760756738655,0.46031502825145393,28,464,0,8060.793152624266,17304,2649,14655,0.0,0.0,235,238.7931526242663,7822.0,9,18,False,{},{},{},{},0.0,0.0,0.0,0.0,0.0,0.0,0.0,0.0,0.0,0.0,0.0,0.0,0.0,0.0,Leave Event,0.0,"{'node_level': {}, 'link_level': {}, 'path_level': {}}","{'node_level': {}, 'link_level': {}, 'path_level': {}}","{'node_level': {}, 'link_level': {}, 'path_level': {}}",[],-inf,-inf,True,True,False,0,[],0,0.0,,,3
242,10,0,10721.0,23892.0,3402922.3057830324,7392594.4123730315,0.44872760756738655,0.46031502825145393,28,465,0,8064.8517933578105,17304,2649,14655,0.0,0.0,219,767.8517933578108,7297.0,6,8,False,{},{},{},{},0.0,0.0,0.0,0.0,0.0,0.0,0.0,0.0,0.0,0.0,0.0,0.0,0.0,0.0,Leave Event,0.0,"{'node_level': {}, 'link_level': {}, 'path_level': {}}","{'node_level': {}, 'link_level': {}, 'path_level': {}}","{'node_level': {}, 'link_level': {}, 'path_level': {}}",[],-inf,-inf,True,True,False,0,[],0,0.0,,,3
243,10,0,10721.0,23892.0,3402922.3057830324,7392594.4123730315,0.44872760756738655,0.46031502825145393,28,466,1,8071.0,17304,2649,14655,0.0,0.0,242,213.52432619695546,8071.0,9,22,False,"{0: np.int64(6), 1: np.int64(13), 2: np.int64(0), 3: np.int64(32), 4: np.int64(23), 5: np.int64(11), 6: np.int64(18), 7: np.int64(21), 8: np.int64(17)}","{(0, 2): [(np.int64(6), 4), (4, 0)], (0, 4): [(np.int64(6), 4), (4, 0), (0, 20), (20, 23)], (0, 5): [(np.int64(6), 5), (5, 7), (7, 11)], (0, 6): [(np.int64(6), 4), (4, 1), (1, 12), (12, 15), (15, 18)], (0, 7): [(np.int64(6), 5), (5, 2), (2, 21)], (0, 8): [(np.int64(6), 5), (5, 2), (2, 13), (13, 14), (14, 17)], (1, 2): [(np.int64(13), 14), (14, 12), (12, 0)], (1, 4): [(np.int64(13), 2), (2, 21), (21, 23)], (1, 5): [(np.int64(13), 2), (2, 5), (5, 7), (7, 11)], (1, 6): [(np.int64(13), 15), (15, 18)], (1, 7): [(np.int64(13), 3), (3, 21)], (1, 8): [(np.int64(13), 15), (15, 12), (12, 14), (14, 17)], (2, 3): [(np.int64(0), 28), (28, 30), (30, 32)], (2, 4): [(np.int64(0), 20), (20, 23)], (2, 6): []}","{(0, np.int64(6)): {'cpu': 35}, (1, np.int64(13)): {'cpu': 56}, (2, np.int64(0)): {'cpu': 67}, (3, np.int64(32)): {'cpu': 34}, (4, np.int64(23)): {'cpu': 34}, (5, np.int64(11)): {'cpu': 36}, (6, np.int64(18)): {'cpu': 60}, (7, np.int64(21)): {'cpu': 69}, (8, np.int64(17)): {'cpu': 73}}","{((0, 2), (np.int64(6), 4)): {'bw': 93}, ((0, 2), (4, 0)): {'bw': 93}, ((0, 4), (np.int64(6), 4)): {'bw': 124}, ((0, 4), (4, 0)): {'bw': 124}, ((0, 4), (0, 20)): {'bw': 124}, ((0, 4), (20, 23)): {'bw': 124}, ((0, 5), (np.int64(6), 5)): {'bw': 116}, ((0, 5), (5, 7)): {'bw': 116}, ((0, 5), (7, 11)): {'bw': 116}, ((0, 6), (np.int64(6), 4)): {'bw': 79}, ((0, 6), (4, 1)): {'bw': 79}, ((0, 6), (1, 12)): {'bw': 79}, ((0, 6), (12, 15)): {'bw': 79}, ((0, 6), (15, 18)): {'bw': 79}, ((0, 7), (np.int64(6), 5)): {'bw': 83}, ((0, 7), (5, 2)): {'bw': 83}, ((0, 7), (2, 21)): {'bw': 83}, ((0, 8), (np.int64(6), 5)): {'bw': 89}, ((0, 8), (5, 2)): {'bw': 89}, ((0, 8), (2, 13)): {'bw': 89}, ((0, 8), (13, 14)): {'bw': 89}, ((0, 8), (14, 17)): {'bw': 89}, ((1, 2), (np.int64(13), 14)): {'bw': 103}, ((1, 2), (14, 12)): {'bw': 103}, ((1, 2), (12, 0)): {'bw': 103}, ((1, 4), (np.int64(13), 2)): {'bw': 114}, ((1, 4), (2, 21)): {'bw': 114}, ((1, 4), (21, 23)): {'bw': 114}, ((1, 5), (np.int64(13), 2)): {'bw': 65}, ((1, 5), (2, 5)): {'bw': 65}, ((1, 5), (5, 7)): {'bw': 65}, ((1, 5), (7, 11)): {'bw': 65}, ((1, 6), (np.int64(13), 15)): {'bw': 149}, ((1, 6), (15, 18)): {'bw': 149}, ((1, 7), (np.int64(13), 3)): {'bw': 114}, ((1, 7), (3, 21)): {'bw': 114}, ((1, 8), (np.int64(13), 15)): {'bw': 116}, ((1, 8), (15, 12)): {'bw': 116}, ((1, 8), (12, 14)): {'bw': 116}, ((1, 8), (14, 17)): {'bw': 116}, ((2, 3), (np.int64(0), 28)): {'bw': 99}, ((2, 3), (28, 30)): {'bw': 99}, ((2, 3), (30, 32)): {'bw': 99}, ((2, 4), (np.int64(0), 20)): {'bw': 100}, ((2, 4), (20, 23)): {'bw': 100}}",0.0,0.0,928.0,464.0,2440.0,0.0,0.0,0.0,0.0,0.0,0.0,0.0,0.0,0.0,Route Failure,100.0,"{'node_level': {}, 'link_level': {}, 'path_level': {}}","{'node_level': {0: {'cpu': -34}, 1: {'cpu': -26}, 2: {'cpu': -25}, 3: {'cpu': -58}, 4: {'cpu': -18}, 5: {'cpu': -35}, 6: {'cpu': -4}, 7: {'cpu': -7}, 8: {'cpu': -16}}, 'link_level': {(0, 2): {'bw': -140}, (0, 4): {'bw': -16}, (0, 5): {'bw': -249}, (0, 6): {'bw': -20}, (0, 7): {'bw': -145}, (0, 8): {'bw': -77}, (1, 2): {'bw': -9}, (1, 4): {'bw': -31}, (1, 5): {'bw': -59}, (1, 6): {'bw': -96}, (1, 7): {'bw': -86}, (1, 8): {'bw': -14}, (2, 3): {'bw': -242}, (2, 4): {'bw': -55}, (2, 6): {'bw': 100.0}}, 'path_level': {(0, 2): {}, (0, 4): {}, (0, 5): {}, (0, 6): {}, (0, 7): {}, (0, 8): {}, (1, 2): {}, (1, 4): {}, (1, 5): {}, (1, 6): {}, (1, 7): {}, (1, 8): {}, (2, 3): {}, (2, 4): {}, (2, 6): {}}}","{'node_level': {0: {'cpu': 0}, 1: {'cpu': 0}, 2: {'cpu': 0}, 3: {'cpu': 0}, 4: {'cpu': 0}, 5: {'cpu': 0}, 6: {'cpu': 0}, 7: {'cpu': 0}, 8: {'cpu': 0}}, 'link_level': {(0, 2): {'bw': 0}, (0, 4): {'bw': 0}, (0, 5): {'bw': 0}, (0, 6): {'bw': 0}, (0, 7): {'bw': 0}, (0, 8): {'bw': 0}, (1, 2): {'bw': 0}, (1, 4): {'bw': 0}, (1, 5): {'bw': 0}, (1, 6): {'bw': 0}, (1, 7): {'bw': 0}, (1, 8): {'bw': 0}, (2, 3): {'bw': 0}, (2, 4): {'bw': 0}, (2, 6): {'bw': 100.0}}, 'path_level': {(0, 2): {}, (0, 4): {}, (0, 5): {}, (0, 6): {}, (0, 7): {}, (0, 8): {}, (1, 2): {}, (1, 4): {}, (1, 5): {}, (1, 6): {}, (1, 7): {}, (1, 8): {}, (2, 3): {}, (2, 4): {}, (2, 6): {}}}",[],-inf,-inf,True,False,False,0,[],0,0.0,9.0,15.0,3
243,10,0,10721.0,23892.0,3402922.3057830324,7392594.4123730315,0.44872760756738655,0.46031502825145393,28,467,0,8090.731967652313,17304,2649,14655,0.0,0.0,233,336.7319676523125,7754.0,9,22,False,{},{},{},{},0.0,0.0,0.0,0.0,0.0,0.0,0.0,0.0,0.0,0.0,0.0,0.0,0.0,0.0,Leave Event,0.0,"{'node_level': {}, 'link_level': {}, 'path_level': {}}","{'node_level': {}, 'link_level': {}, 'path_level': {}}","{'node_level': {}, 'link_level': {}, 'path_level': {}}",[],-inf,-inf,True,True,False,0,[],0,0.0,,,3
244,10,0,10721.0,23892.0,3402922.3057830324,7392594.4123730315,0.44872760756738655,0.46031502825145393,28,468,1,8102.0,17304,2649,14655,0.0,0.0,243,451.54258277162876,8102.0,10,23,False,"{0: np.int64(23), 1: np.int64(1), 2: np.int64(19), 3: np.int64(16), 4: np.int64(30), 5: np.int64(28), 6: np.int64(10), 7: np.int64(14), 8: np.int64(0), 9: np.int64(33)}","{(0, 1): [(np.int64(23), 20), (20, 1)], (0, 6): [(np.int64(23), 20), (20, 0), (0, 4), (4, 7), (7, 10)], (0, 7): [(np.int64(23), 21), (21, 2), (2, 13), (13, 14)], (0, 9): [(np.int64(23), 21), (21, 3), (3, 29), (29, 30), (30, 33)], (1, 2): [(np.int64(1), 12), (12, 15), (15, 19)], (1, 7): [(np.int64(1), 4), (4, 0), (0, 12), (12, 14)], (1, 9): []}","{(0, np.int64(23)): {'cpu': 51}, (1, np.int64(1)): {'cpu': 72}, (2, np.int64(19)): {'cpu': 51}, (3, np.int64(16)): {'cpu': 37}, (4, np.int64(30)): {'cpu': 61}, (5, np.int64(28)): {'cpu': 46}, (6, np.int64(10)): {'cpu': 36}, (7, np.int64(14)): {'cpu': 42}, (8, np.int64(0)): {'cpu': 64}, (9, np.int64(33)): {'cpu': 69}}","{((0, 1), (np.int64(23), 20)): {'bw': 78}, ((0, 1), (20, 1)): {'bw': 78}, ((0, 6), (np.int64(23), 20)): {'bw': 75}, ((0, 6), (20, 0)): {'bw': 75}, ((0, 6), (0, 4)): {'bw': 75}, ((0, 6), (4, 7)): {'bw': 75}, ((0, 6), (7, 10)): {'bw': 75}, ((0, 7), (np.int64(23), 21)): {'bw': 133}, ((0, 7), (21, 2)): {'bw': 133}, ((0, 7), (2, 13)): {'bw': 133}, ((0, 7), (13, 14)): {'bw': 133}, ((0, 9), (np.int64(23), 21)): {'bw': 136}, ((0, 9), (21, 3)): {'bw': 136}, ((0, 9), (3, 29)): {'bw': 136}, ((0, 9), (29, 30)): {'bw': 136}, ((0, 9), (30, 33)): {'bw': 136}, ((1, 2), (np.int64(1), 12)): {'bw': 145}, ((1, 2), (12, 15)): {'bw': 145}, ((1, 2), (15, 19)): {'bw': 145}, ((1, 7), (np.int64(1), 4)): {'bw': 118}, ((1, 7), (4, 0)): {'bw': 118}, ((1, 7), (0, 12)): {'bw': 118}, ((1, 7), (12, 14)): {'bw': 118}}",0.0,0.0,1058.0,529.0,2412.0,0.0,0.0,0.0,0.0,0.0,0.0,0.0,0.0,0.0,Route Failure,100.0,"{'node_level': {}, 'link_level': {}, 'path_level': {}}","{'node_level': {0: {'cpu': -1}, 1: {'cpu': -2}, 2: {'cpu': -25}, 3: {'cpu': -42}, 4: {'cpu': -22}, 5: {'cpu': -44}, 6: {'cpu': -24}, 7: {'cpu': -28}, 8: {'cpu': -28}, 9: {'cpu': -5}}, 'link_level': {(0, 1): {'bw': -202}, (0, 6): {'bw': -127}, (0, 7): {'bw': -68}, (0, 9): {'bw': -75}, (1, 2): {'bw': -75}, (1, 7): {'bw': -40}, (1, 9): {'bw': 100.0}}, 'path_level': {(0, 1): {}, (0, 6): {}, (0, 7): {}, (0, 9): {}, (1, 2): {}, (1, 7): {}, (1, 9): {}}}","{'node_level': {0: {'cpu': 0}, 1: {'cpu': 0}, 2: {'cpu': 0}, 3: {'cpu': 0}, 4: {'cpu': 0}, 5: {'cpu': 0}, 6: {'cpu': 0}, 7: {'cpu': 0}, 8: {'cpu': 0}, 9: {'cpu': 0}}, 'link_level': {(0, 1): {'bw': 0}, (0, 6): {'bw': 0}, (0, 7): {'bw': 0}, (0, 9): {'bw': 0}, (1, 2): {'bw': 0}, (1, 7): {'bw': 0}, (1, 9): {'bw': 100.0}}, 'path_level': {(0, 1): {}, (0, 6): {}, (0, 7): {}, (0, 9): {}, (1, 2): {}, (1, 7): {}, (1, 9): {}}}",[],-inf,-inf,True,False,False,0,[],0,0.0,10.0,7.0,3
244,10,0,10721.0,23892.0,3402922.3057830324,7392594.4123730315,0.44872760756738655,0.46031502825145393,28,469,0,8103.1807718918235,17304,2649,14655,0.0,0.0,209,1126.1807718918237,6977.0,10,21,False,{},{},{},{},0.0,0.0,0.0,0.0,0.0,0.0,0.0,0.0,0.0,0.0,0.0,0.0,0.0,0.0,Leave Event,0.0,"{'node_level': {}, 'link_level': {}, 'path_level': {}}","{'node_level': {}, 'link_level': {}, 'path_level': {}}","{'node_level': {}, 'link_level': {}, 'path_level': {}}",[],-inf,-inf,True,True,False,0,[],0,0.0,,,3
245,10,0,10721.0,23892.0,3402922.3057830324,7392594.4123730315,0.44872760756738655,0.46031502825145393,28,470,1,8135.0,17304,2649,14655,0.0,0.0,244,68.71754486418055,8135.0,6,9,False,"{0: np.int64(1), 1: np.int64(29), 2: np.int64(0), 3: np.int64(32), 4: np.int64(16), 5: np.int64(19)}","{(0, 1): [(np.int64(1), 28), (28, 30), (30, 29)], (0, 2): [(np.int64(1), 4), (4, 0)], (0, 3): [(np.int64(1), 28), (28, 30), (30, 32)], (0, 5): [(np.int64(1), 12), (12, 15), (15, 19)], (1, 2): [(np.int64(29), 30), (30, 28), (28, 0)], (2, 3): [(np.int64(0), 28), (28, 31), (31, 29), (29, 30), (30, 32)], (2, 5): [(np.int64(0), 12), (12, 15), (15, 19)], (3, 5): []}","{(0, np.int64(1)): {'cpu': 64}, (1, np.int64(29)): {'cpu': 69}, (2, np.int64(0)): {'cpu': 74}, (3, np.int64(32)): {'cpu': 72}, (4, np.int64(16)): {'cpu': 57}, (5, np.int64(19)): {'cpu': 73}}","{((0, 1), (np.int64(1), 28)): {'bw': 134}, ((0, 1), (28, 30)): {'bw': 134}, ((0, 1), (30, 29)): {'bw': 134}, ((0, 2), (np.int64(1), 4)): {'bw': 95}, ((0, 2), (4, 0)): {'bw': 95}, ((0, 3), (np.int64(1), 28)): {'bw': 87}, ((0, 3), (28, 30)): {'bw': 87}, ((0, 3), (30, 32)): {'bw': 87}, ((0, 5), (np.int64(1), 12)): {'bw': 139}, ((0, 5), (12, 15)): {'bw': 139}, ((0, 5), (15, 19)): {'bw': 139}, ((1, 2), (np.int64(29), 30)): {'bw': 69}, ((1, 2), (30, 28)): {'bw': 69}, ((1, 2), (28, 0)): {'bw': 69}, ((2, 3), (np.int64(0), 28)): {'bw': 102}, ((2, 3), (28, 31)): {'bw': 102}, ((2, 3), (31, 29)): {'bw': 102}, ((2, 3), (29, 30)): {'bw': 102}, ((2, 3), (30, 32)): {'bw': 102}, ((2, 5), (np.int64(0), 12)): {'bw': 97}, ((2, 5), (12, 15)): {'bw': 97}, ((2, 5), (15, 19)): {'bw': 97}}",0.0,0.0,818.0,409.0,920.0,0.0,0.0,0.0,0.0,0.0,0.0,0.0,0.0,0.0,Route Failure,100.0,"{'node_level': {}, 'link_level': {}, 'path_level': {}}","{'node_level': {0: {'cpu': -10}, 1: {'cpu': -27}, 2: {'cpu': -18}, 3: {'cpu': -20}, 4: {'cpu': -22}, 5: {'cpu': -3}}, 'link_level': {(0, 1): {'bw': -115}, (0, 2): {'bw': -138}, (0, 3): {'bw': -28}, (0, 5): {'bw': -81}, (1, 2): {'bw': -51}, (2, 3): {'bw': -53}, (2, 5): {'bw': -63}, (3, 5): {'bw': 100.0}}, 'path_level': {(0, 1): {}, (0, 2): {}, (0, 3): {}, (0, 5): {}, (1, 2): {}, (2, 3): {}, (2, 5): {}, (3, 5): {}}}","{'node_level': {0: {'cpu': 0}, 1: {'cpu': 0}, 2: {'cpu': 0}, 3: {'cpu': 0}, 4: {'cpu': 0}, 5: {'cpu': 0}}, 'link_level': {(0, 1): {'bw': 0}, (0, 2): {'bw': 0}, (0, 3): {'bw': 0}, (0, 5): {'bw': 0}, (1, 2): {'bw': 0}, (2, 3): {'bw': 0}, (2, 5): {'bw': 0}, (3, 5): {'bw': 100.0}}, 'path_level': {(0, 1): {}, (0, 2): {}, (0, 3): {}, (0, 5): {}, (1, 2): {}, (2, 3): {}, (2, 5): {}, (3, 5): {}}}",[],-inf,-inf,True,False,False,0,[],0,0.0,6.0,8.0,3
246,10,0,10721.0,23892.0,3402922.3057830324,7392594.4123730315,0.44872760756738655,0.46031502825145393,28,471,1,8172.0,17304,2649,14655,0.0,0.0,245,357.1576662565482,8172.0,10,21,False,"{0: np.int64(34), 1: np.int64(20), 2: np.int64(2), 3: np.int64(12), 4: np.int64(22), 5: np.int64(13), 6: np.int64(26), 7: np.int64(15), 8: np.int64(35), 9: np.int64(29)}","{(0, 3): [(np.int64(34), 31), (31, 28), (28, 0), (0, 12)], (0, 4): [(np.int64(34), 31), (31, 28), (28, 0), (0, 20), (20, 22)], (1, 2): [(np.int64(20), 22), (22, 21), (21, 2)], (1, 3): [(np.int64(20), 0), (0, 12)], (1, 5): [(np.int64(20), 1), (1, 12), (12, 14), (14, 13)], (1, 6): [(np.int64(20), 23), (23, 26)], (1, 8): [(np.int64(20), 1), (1, 28), (28, 30), (30, 29), (29, 31), (31, 35)], (2, 5): [(np.int64(2), 13)], (2, 7): [(np.int64(2), 13), (13, 15)], (2, 8): []}","{(0, np.int64(34)): {'cpu': 44}, (1, np.int64(20)): {'cpu': 53}, (2, np.int64(2)): {'cpu': 39}, (3, np.int64(12)): {'cpu': 76}, (4, np.int64(22)): {'cpu': 65}, (5, np.int64(13)): {'cpu': 41}, (6, np.int64(26)): {'cpu': 69}, (7, np.int64(15)): {'cpu': 42}, (8, np.int64(35)): {'cpu': 74}, (9, np.int64(29)): {'cpu': 32}}","{((0, 3), (np.int64(34), 31)): {'bw': 149}, ((0, 3), (31, 28)): {'bw': 149}, ((0, 3), (28, 0)): {'bw': 149}, ((0, 3), (0, 12)): {'bw': 149}, ((0, 4), (np.int64(34), 31)): {'bw': 77}, ((0, 4), (31, 28)): {'bw': 77}, ((0, 4), (28, 0)): {'bw': 77}, ((0, 4), (0, 20)): {'bw': 77}, ((0, 4), (20, 22)): {'bw': 77}, ((1, 2), (np.int64(20), 22)): {'bw': 130}, ((1, 2), (22, 21)): {'bw': 130}, ((1, 2), (21, 2)): {'bw': 130}, ((1, 3), (np.int64(20), 0)): {'bw': 141}, ((1, 3), (0, 12)): {'bw': 141}, ((1, 5), (np.int64(20), 1)): {'bw': 64}, ((1, 5), (1, 12)): {'bw': 64}, ((1, 5), (12, 14)): {'bw': 64}, ((1, 5), (14, 13)): {'bw': 64}, ((1, 6), (np.int64(20), 23)): {'bw': 98}, ((1, 6), (23, 26)): {'bw': 98}, ((1, 8), (np.int64(20), 1)): {'bw': 143}, ((1, 8), (1, 28)): {'bw': 143}, ((1, 8), (28, 30)): {'bw': 143}, ((1, 8), (30, 29)): {'bw': 143}, ((1, 8), (29, 31)): {'bw': 143}, ((1, 8), (31, 35)): {'bw': 143}, ((2, 5), (np.int64(2), 13)): {'bw': 82}, ((2, 7), (np.int64(2), 13)): {'bw': 86}, ((2, 7), (13, 15)): {'bw': 86}}",0.0,0.0,1070.0,535.0,2271.0,0.0,0.0,0.0,0.0,0.0,0.0,0.0,0.0,0.0,Route Failure,100.0,"{'node_level': {}, 'link_level': {}, 'path_level': {}}","{'node_level': {0: {'cpu': -13}, 1: {'cpu': -14}, 2: {'cpu': -14}, 3: {'cpu': -12}, 4: {'cpu': -7}, 5: {'cpu': -41}, 6: {'cpu': -7}, 7: {'cpu': -52}, 8: {'cpu': -19}, 9: {'cpu': -64}}, 'link_level': {(0, 3): {'bw': -103}, (0, 4): {'bw': -26}, (1, 2): {'bw': -98}, (1, 3): {'bw': -33}, (1, 5): {'bw': -137}, (1, 6): {'bw': -182}, (1, 8): {'bw': -59}, (2, 5): {'bw': -245}, (2, 7): {'bw': -159}, (2, 8): {'bw': 100.0}}, 'path_level': {(0, 3): {}, (0, 4): {}, (1, 2): {}, (1, 3): {}, (1, 5): {}, (1, 6): {}, (1, 8): {}, (2, 5): {}, (2, 7): {}, (2, 8): {}}}","{'node_level': {0: {'cpu': 0}, 1: {'cpu': 0}, 2: {'cpu': 0}, 3: {'cpu': 0}, 4: {'cpu': 0}, 5: {'cpu': 0}, 6: {'cpu': 0}, 7: {'cpu': 0}, 8: {'cpu': 0}, 9: {'cpu': 0}}, 'link_level': {(0, 3): {'bw': 0}, (0, 4): {'bw': 0}, (1, 2): {'bw': 0}, (1, 3): {'bw': 0}, (1, 5): {'bw': 0}, (1, 6): {'bw': 0}, (1, 8): {'bw': 0}, (2, 5): {'bw': 0}, (2, 7): {'bw': 0}, (2, 8): {'bw': 100.0}}, 'path_level': {(0, 3): {}, (0, 4): {}, (1, 2): {}, (1, 3): {}, (1, 5): {}, (1, 6): {}, (1, 8): {}, (2, 5): {}, (2, 7): {}, (2, 8): {}}}",[],-inf,-inf,True,False,False,0,[],0,0.0,10.0,10.0,3
247,10,0,10721.0,23892.0,3402922.3057830324,7392594.4123730315,0.44872760756738655,0.46031502825145393,28,472,1,8200.0,17304,2649,14655,0.0,0.0,246,175.08114936243655,8200.0,10,19,False,"{0: np.int64(3), 1: np.int64(1), 2: np.int64(8), 3: np.int64(28), 4: np.int64(9), 5: np.int64(19), 6: np.int64(6), 7: np.int64(15), 8: np.int64(34), 9: np.int64(31)}","{(0, 2): [(np.int64(3), 5), (5, 6), (6, 8)], (0, 3): [(np.int64(3), 29), (29, 30), (30, 28)], (0, 4): [(np.int64(3), 5), (5, 6), (6, 9)], (1, 9): [(np.int64(1), 28), (28, 31)], (2, 3): [(np.int64(8), 6), (6, 4), (4, 0), (0, 28)], (2, 6): [(np.int64(8), 6)], (2, 8): []}","{(0, np.int64(3)): {'cpu': 36}, (1, np.int64(1)): {'cpu': 31}, (2, np.int64(8)): {'cpu': 33}, (3, np.int64(28)): {'cpu': 72}, (4, np.int64(9)): {'cpu': 50}, (5, np.int64(19)): {'cpu': 73}, (6, np.int64(6)): {'cpu': 36}, (7, np.int64(15)): {'cpu': 55}, (8, np.int64(34)): {'cpu': 56}, (9, np.int64(31)): {'cpu': 64}}","{((0, 2), (np.int64(3), 5)): {'bw': 99}, ((0, 2), (5, 6)): {'bw': 99}, ((0, 2), (6, 8)): {'bw': 99}, ((0, 3), (np.int64(3), 29)): {'bw': 124}, ((0, 3), (29, 30)): {'bw': 124}, ((0, 3), (30, 28)): {'bw': 124}, ((0, 4), (np.int64(3), 5)): {'bw': 90}, ((0, 4), (5, 6)): {'bw': 90}, ((0, 4), (6, 9)): {'bw': 90}, ((1, 9), (np.int64(1), 28)): {'bw': 68}, ((1, 9), (28, 31)): {'bw': 68}, ((2, 3), (np.int64(8), 6)): {'bw': 123}, ((2, 3), (6, 4)): {'bw': 123}, ((2, 3), (4, 0)): {'bw': 123}, ((2, 3), (0, 28)): {'bw': 123}, ((2, 6), (np.int64(8), 6)): {'bw': 85}}",0.0,0.0,1012.0,506.0,2043.0,0.0,0.0,0.0,0.0,0.0,0.0,0.0,0.0,0.0,Route Failure,100.0,"{'node_level': {}, 'link_level': {}, 'path_level': {}}","{'node_level': {0: {'cpu': -22}, 1: {'cpu': -43}, 2: {'cpu': -60}, 3: {'cpu': -18}, 4: {'cpu': -41}, 5: {'cpu': -3}, 6: {'cpu': -33}, 7: {'cpu': -39}, 8: {'cpu': -1}, 9: {'cpu': -15}}, 'link_level': {(0, 2): {'bw': -155}, (0, 3): {'bw': -94}, (0, 4): {'bw': -65}, (1, 9): {'bw': -181}, (2, 3): {'bw': -110}, (2, 6): {'bw': -77}, (2, 8): {'bw': 100.0}}, 'path_level': {(0, 2): {}, (0, 3): {}, (0, 4): {}, (1, 9): {}, (2, 3): {}, (2, 6): {}, (2, 8): {}}}","{'node_level': {0: {'cpu': 0}, 1: {'cpu': 0}, 2: {'cpu': 0}, 3: {'cpu': 0}, 4: {'cpu': 0}, 5: {'cpu': 0}, 6: {'cpu': 0}, 7: {'cpu': 0}, 8: {'cpu': 0}, 9: {'cpu': 0}}, 'link_level': {(0, 2): {'bw': 0}, (0, 3): {'bw': 0}, (0, 4): {'bw': 0}, (1, 9): {'bw': 0}, (2, 3): {'bw': 0}, (2, 6): {'bw': 0}, (2, 8): {'bw': 100.0}}, 'path_level': {(0, 2): {}, (0, 3): {}, (0, 4): {}, (1, 9): {}, (2, 3): {}, (2, 6): {}, (2, 8): {}}}",[],-inf,-inf,True,False,False,0,[],0,0.0,10.0,7.0,3
247,10,0,10721.0,23892.0,3402922.3057830324,7392594.4123730315,0.44872760756738655,0.46031502825145393,28,473,0,8203.717544864181,17304,2649,14655,0.0,0.0,244,68.71754486418055,8135.0,6,9,False,{},{},{},{},0.0,0.0,0.0,0.0,0.0,0.0,0.0,0.0,0.0,0.0,0.0,0.0,0.0,0.0,Leave Event,0.0,"{'node_level': {}, 'link_level': {}, 'path_level': {}}","{'node_level': {}, 'link_level': {}, 'path_level': {}}","{'node_level': {}, 'link_level': {}, 'path_level': {}}",[],-inf,-inf,True,True,False,0,[],0,0.0,,,3
248,11,1,11545.0,25404.0,3575101.124392794,7708534.186326866,0.45445599118249097,0.46378481796632437,30,474,1,8227.0,15792,2374,13418,0.10381275953189883,0.08440805185943367,247,208.9548769535943,8227.0,6,5,True,"{0: np.int64(29), 1: np.int64(18), 2: np.int64(20), 3: np.int64(5), 4: np.int64(2), 5: np.int64(31)}","{(0, 5): [(np.int64(29), 31)], (1, 4): [(np.int64(18), 15), (15, 13), (13, 2)], (2, 5): [(np.int64(20), 0), (0, 28), (28, 31)], (3, 4): [(np.int64(5), 2)], (3, 5): [(np.int64(5), 2), (2, 29), (29, 31)]}","{(0, np.int64(29)): {'cpu': 35}, (1, np.int64(18)): {'cpu': 57}, (2, np.int64(20)): {'cpu': 60}, (3, np.int64(5)): {'cpu': 45}, (4, np.int64(2)): {'cpu': 31}, (5, np.int64(31)): {'cpu': 47}}","{((0, 5), (np.int64(29), 31)): {'bw': 61}, ((1, 4), (np.int64(18), 15)): {'bw': 92}, ((1, 4), (15, 13)): {'bw': 92}, ((1, 4), (13, 2)): {'bw': 92}, ((2, 5), (np.int64(20), 0)): {'bw': 111}, ((2, 5), (0, 28)): {'bw': 111}, ((2, 5), (28, 31)): {'bw': 111}, ((3, 4), (np.int64(5), 2)): {'bw': 144}, ((3, 5), (np.int64(5), 2)): {'bw': 141}, ((3, 5), (2, 29)): {'bw': 141}, ((3, 5), (29, 31)): {'bw': 141}}",1512.0,824.0,550.0,275.0,549.0,275.0,549.0,275.0,1237.0,688.0,0.544973544973545,315939.77395383455,172178.81860976169,113.87488003291118,Success,0.0,"{'node_level': {}, 'link_level': {}, 'path_level': {}}","{'node_level': {0: {'cpu': -61}, 1: {'cpu': -7}, 2: {'cpu': -7}, 3: {'cpu': -26}, 4: {'cpu': -22}, 5: {'cpu': -32}}, 'link_level': {(0, 5): {'bw': -187}, (1, 4): {'bw': -193}, (2, 5): {'bw': -168}, (3, 4): {'bw': -205}, (3, 5): {'bw': -46}}, 'path_level': {(0, 5): {}, (1, 4): {}, (2, 5): {}, (3, 4): {}, (3, 5): {}}}","{'node_level': {0: {'cpu': 0}, 1: {'cpu': 0}, 2: {'cpu': 0}, 3: {'cpu': 0}, 4: {'cpu': 0}, 5: {'cpu': 0}}, 'link_level': {(0, 5): {'bw': 0}, (1, 4): {'bw': 0}, (2, 5): {'bw': 0}, (3, 4): {'bw': 0}, (3, 5): {'bw': 0}}, 'path_level': {(0, 5): {}, (1, 4): {}, (2, 5): {}, (3, 4): {}, (3, 5): {}}}",[],-inf,-inf,True,True,False,0,[],0,0.0,6.0,5.0,3
248,11,1,11545.0,25404.0,3575101.124392794,7708534.186326866,0.45445599118249097,0.46378481796632437,30,475,0,8227.107329767503,15792,2374,13418,0.10381275953189883,0.08440805185943367,241,195.1073297675038,8032.0,10,21,False,{},{},{},{},0.0,0.0,0.0,0.0,0.0,0.0,0.0,0.0,0.0,0.0,0.0,0.0,0.0,0.0,Leave Event,0.0,"{'node_level': {}, 'link_level': {}, 'path_level': {}}","{'node_level': {}, 'link_level': {}, 'path_level': {}}","{'node_level': {}, 'link_level': {}, 'path_level': {}}",[],-inf,-inf,True,True,False,0,[],0,0.0,,,3
248,11,1,11545.0,25404.0,3575101.124392794,7708534.186326866,0.45445599118249097,0.46378481796632437,30,476,0,8253.930513047582,15792,2374,13418,0.10381275953189883,0.08440805185943367,222,865.9305130475818,7388.0,9,15,False,{},{},{},{},0.0,0.0,0.0,0.0,0.0,0.0,0.0,0.0,0.0,0.0,0.0,0.0,0.0,0.0,Leave Event,0.0,"{'node_level': {}, 'link_level': {}, 'path_level': {}}","{'node_level': {}, 'link_level': {}, 'path_level': {}}","{'node_level': {}, 'link_level': {}, 'path_level': {}}",[],-inf,-inf,True,True,False,0,[],0,0.0,,,3
248,11,1,11545.0,25404.0,3575101.124392794,7708534.186326866,0.45445599118249097,0.46378481796632437,30,477,0,8255.382103520986,15792,2374,13418,0.10381275953189883,0.08440805185943367,198,1647.382103520985,6608.0,6,8,False,{},{},{},{},0.0,0.0,0.0,0.0,0.0,0.0,0.0,0.0,0.0,0.0,0.0,0.0,0.0,0.0,Leave Event,0.0,"{'node_level': {}, 'link_level': {}, 'path_level': {}}","{'node_level': {}, 'link_level': {}, 'path_level': {}}","{'node_level': {}, 'link_level': {}, 'path_level': {}}",[],-inf,-inf,True,True,False,0,[],0,0.0,,,3
249,11,1,11545.0,25404.0,3575101.124392794,7708534.186326866,0.45445599118249097,0.46378481796632437,30,478,1,8261.0,15792,2374,13418,0.10381275953189883,0.08440805185943367,248,194.1853150804946,8261.0,7,9,False,"{0: np.int64(21), 1: np.int64(26), 2: np.int64(19), 3: np.int64(23), 4: np.int64(15), 5: np.int64(22), 6: np.int64(33)}","{(0, 1): [(np.int64(21), 23), (23, 26)], (0, 2): [(np.int64(21), 2), (2, 13), (13, 15), (15, 19)], (0, 5): [(np.int64(21), 22)], (0, 6): [(np.int64(21), 2), (2, 29), (29, 30), (30, 33)], (1, 5): [(np.int64(26), 23), (23, 20), (20, 22)], (1, 6): [(np.int64(26), 23), (23, 20), (20, 0), (0, 28), (28, 30), (30, 33)], (3, 6): []}","{(0, np.int64(21)): {'cpu': 54}, (1, np.int64(26)): {'cpu': 51}, (2, np.int64(19)): {'cpu': 73}, (3, np.int64(23)): {'cpu': 42}, (4, np.int64(15)): {'cpu': 43}, (5, np.int64(22)): {'cpu': 43}, (6, np.int64(33)): {'cpu': 53}}","{((0, 1), (np.int64(21), 23)): {'bw': 134}, ((0, 1), (23, 26)): {'bw': 134}, ((0, 2), (np.int64(21), 2)): {'bw': 89}, ((0, 2), (2, 13)): {'bw': 89}, ((0, 2), (13, 15)): {'bw': 89}, ((0, 2), (15, 19)): {'bw': 89}, ((0, 5), (np.int64(21), 22)): {'bw': 93}, ((0, 6), (np.int64(21), 2)): {'bw': 111}, ((0, 6), (2, 29)): {'bw': 111}, ((0, 6), (29, 30)): {'bw': 111}, ((0, 6), (30, 33)): {'bw': 111}, ((1, 5), (np.int64(26), 23)): {'bw': 122}, ((1, 5), (23, 20)): {'bw': 122}, ((1, 5), (20, 22)): {'bw': 122}, ((1, 6), (np.int64(26), 23)): {'bw': 112}, ((1, 6), (23, 20)): {'bw': 112}, ((1, 6), (20, 0)): {'bw': 112}, ((1, 6), (0, 28)): {'bw': 112}, ((1, 6), (28, 30)): {'bw': 112}, ((1, 6), (30, 33)): {'bw': 112}}",0.0,0.0,718.0,359.0,1025.0,0.0,0.0,0.0,0.0,0.0,0.0,0.0,0.0,0.0,Route Failure,100.0,"{'node_level': {}, 'link_level': {}, 'path_level': {}}","{'node_level': {0: {'cpu': -22}, 1: {'cpu': -25}, 2: {'cpu': -3}, 3: {'cpu': -10}, 4: {'cpu': -51}, 5: {'cpu': -29}, 6: {'cpu': -21}}, 'link_level': {(0, 1): {'bw': -210}, (0, 2): {'bw': -104}, (0, 5): {'bw': -267}, (0, 6): {'bw': -28}, (1, 5): {'bw': -127}, (1, 6): {'bw': -10}, (3, 6): {'bw': 100.0}}, 'path_level': {(0, 1): {}, (0, 2): {}, (0, 5): {}, (0, 6): {}, (1, 5): {}, (1, 6): {}, (3, 6): {}}}","{'node_level': {0: {'cpu': 0}, 1: {'cpu': 0}, 2: {'cpu': 0}, 3: {'cpu': 0}, 4: {'cpu': 0}, 5: {'cpu': 0}, 6: {'cpu': 0}}, 'link_level': {(0, 1): {'bw': 0}, (0, 2): {'bw': 0}, (0, 5): {'bw': 0}, (0, 6): {'bw': 0}, (1, 5): {'bw': 0}, (1, 6): {'bw': 0}, (3, 6): {'bw': 100.0}}, 'path_level': {(0, 1): {}, (0, 2): {}, (0, 5): {}, (0, 6): {}, (1, 5): {}, (1, 6): {}, (3, 6): {}}}",[],-inf,-inf,True,False,False,0,[],0,0.0,7.0,7.0,3
249,11,1,11545.0,25404.0,3575101.124392794,7708534.186326866,0.45445599118249097,0.46378481796632437,30,479,0,8284.524326196955,15792,2374,13418,0.10381275953189883,0.08440805185943367,242,213.52432619695546,8071.0,9,22,False,{},{},{},{},0.0,0.0,0.0,0.0,0.0,0.0,0.0,0.0,0.0,0.0,0.0,0.0,0.0,0.0,Leave Event,0.0,"{'node_level': {}, 'link_level': {}, 'path_level': {}}","{'node_level': {}, 'link_level': {}, 'path_level': {}}","{'node_level': {}, 'link_level': {}, 'path_level': {}}",[],-inf,-inf,True,True,False,0,[],0,0.0,,,3
250,11,1,11545.0,25404.0,3575101.124392794,7708534.186326866,0.45445599118249097,0.46378481796632437,30,480,1,8298.0,15792,2374,13418,0.10381275953189883,0.08440805185943367,249,899.504391908521,8298.0,10,27,False,"{0: np.int64(13), 1: np.int64(16), 2: np.int64(30), 3: np.int64(11), 4: np.int64(26), 5: np.int64(21), 6: np.int64(15), 7: np.int64(19), 8: np.int64(27), 9: np.int64(22)}","{(0, 3): [(np.int64(13), 3), (3, 5), (5, 7), (7, 11)], (0, 4): [(np.int64(13), 2), (2, 21), (21, 23), (23, 26)], (0, 5): [(np.int64(13), 2), (2, 21)], (0, 9): [(np.int64(13), 14), (14, 12), (12, 0), (0, 20), (20, 22)], (1, 4): [(np.int64(16), 14), (14, 12), (12, 1), (1, 20), (20, 23), (23, 26)], (1, 5): []}","{(0, np.int64(13)): {'cpu': 62}, (1, np.int64(16)): {'cpu': 52}, (2, np.int64(30)): {'cpu': 56}, (3, np.int64(11)): {'cpu': 35}, (4, np.int64(26)): {'cpu': 67}, (5, np.int64(21)): {'cpu': 71}, (6, np.int64(15)): {'cpu': 39}, (7, np.int64(19)): {'cpu': 62}, (8, np.int64(27)): {'cpu': 41}, (9, np.int64(22)): {'cpu': 53}}","{((0, 3), (np.int64(13), 3)): {'bw': 129}, ((0, 3), (3, 5)): {'bw': 129}, ((0, 3), (5, 7)): {'bw': 129}, ((0, 3), (7, 11)): {'bw': 129}, ((0, 4), (np.int64(13), 2)): {'bw': 71}, ((0, 4), (2, 21)): {'bw': 71}, ((0, 4), (21, 23)): {'bw': 71}, ((0, 4), (23, 26)): {'bw': 71}, ((0, 5), (np.int64(13), 2)): {'bw': 64}, ((0, 5), (2, 21)): {'bw': 64}, ((0, 9), (np.int64(13), 14)): {'bw': 125}, ((0, 9), (14, 12)): {'bw': 125}, ((0, 9), (12, 0)): {'bw': 125}, ((0, 9), (0, 20)): {'bw': 125}, ((0, 9), (20, 22)): {'bw': 125}, ((1, 4), (np.int64(16), 14)): {'bw': 67}, ((1, 4), (14, 12)): {'bw': 67}, ((1, 4), (12, 1)): {'bw': 67}, ((1, 4), (1, 20)): {'bw': 67}, ((1, 4), (20, 23)): {'bw': 67}, ((1, 4), (23, 26)): {'bw': 67}}",0.0,0.0,1076.0,538.0,2651.0,0.0,0.0,0.0,0.0,0.0,0.0,0.0,0.0,0.0,Route Failure,100.0,"{'node_level': {}, 'link_level': {}, 'path_level': {}}","{'node_level': {0: {'cpu': -20}, 1: {'cpu': -27}, 2: {'cpu': -27}, 3: {'cpu': -36}, 4: {'cpu': -9}, 5: {'cpu': -5}, 6: {'cpu': -55}, 7: {'cpu': -14}, 8: {'cpu': -14}, 9: {'cpu': -19}}, 'link_level': {(0, 3): {'bw': -71}, (0, 4): {'bw': -157}, (0, 5): {'bw': -93}, (0, 9): {'bw': -43}, (1, 4): {'bw': -41}, (1, 5): {'bw': 100.0}}, 'path_level': {(0, 3): {}, (0, 4): {}, (0, 5): {}, (0, 9): {}, (1, 4): {}, (1, 5): {}}}","{'node_level': {0: {'cpu': 0}, 1: {'cpu': 0}, 2: {'cpu': 0}, 3: {'cpu': 0}, 4: {'cpu': 0}, 5: {'cpu': 0}, 6: {'cpu': 0}, 7: {'cpu': 0}, 8: {'cpu': 0}, 9: {'cpu': 0}}, 'link_level': {(0, 3): {'bw': 0}, (0, 4): {'bw': 0}, (0, 5): {'bw': 0}, (0, 9): {'bw': 0}, (1, 4): {'bw': 0}, (1, 5): {'bw': 100.0}}, 'path_level': {(0, 3): {}, (0, 4): {}, (0, 5): {}, (0, 9): {}, (1, 4): {}, (1, 5): {}}}",[],-inf,-inf,True,False,False,0,[],0,0.0,10.0,6.0,3
251,11,1,11545.0,25404.0,3575101.124392794,7708534.186326866,0.45445599118249097,0.46378481796632437,30,481,1,8330.0,15792,2374,13418,0.10381275953189883,0.08440805185943367,250,96.48943985438831,8330.0,8,11,False,"{0: np.int64(23), 1: np.int64(7), 2: np.int64(29), 3: np.int64(0), 4: np.int64(26), 5: np.int64(25), 6: np.int64(28), 7: np.int64(16)}","{(0, 3): [(np.int64(23), 20), (20, 0)], (1, 3): [(np.int64(7), 4), (4, 0)], (1, 4): [(np.int64(7), 4), (4, 1), (1, 20), (20, 23), (23, 26)], (1, 6): [(np.int64(7), 4), (4, 0), (0, 28)], (1, 7): [(np.int64(7), 5), (5, 3), (3, 13), (13, 14), (14, 16)], (2, 4): [(np.int64(29), 2), (2, 21), (21, 23), (23, 26)], (2, 5): [(np.int64(29), 3), (3, 21), (21, 22), (22, 25)], (3, 6): [(np.int64(0), 28)], (4, 6): [(np.int64(26), 23), (23, 21), (21, 22), (22, 20), (20, 1), (1, 28)], (4, 7): []}","{(0, np.int64(23)): {'cpu': 46}, (1, np.int64(7)): {'cpu': 59}, (2, np.int64(29)): {'cpu': 30}, (3, np.int64(0)): {'cpu': 74}, (4, np.int64(26)): {'cpu': 66}, (5, np.int64(25)): {'cpu': 42}, (6, np.int64(28)): {'cpu': 79}, (7, np.int64(16)): {'cpu': 71}}","{((0, 3), (np.int64(23), 20)): {'bw': 129}, ((0, 3), (20, 0)): {'bw': 129}, ((1, 3), (np.int64(7), 4)): {'bw': 106}, ((1, 3), (4, 0)): {'bw': 106}, ((1, 4), (np.int64(7), 4)): {'bw': 147}, ((1, 4), (4, 1)): {'bw': 147}, ((1, 4), (1, 20)): {'bw': 147}, ((1, 4), (20, 23)): {'bw': 147}, ((1, 4), (23, 26)): {'bw': 147}, ((1, 6), (np.int64(7), 4)): {'bw': 77}, ((1, 6), (4, 0)): {'bw': 77}, ((1, 6), (0, 28)): {'bw': 77}, ((1, 7), (np.int64(7), 5)): {'bw': 147}, ((1, 7), (5, 3)): {'bw': 147}, ((1, 7), (3, 13)): {'bw': 147}, ((1, 7), (13, 14)): {'bw': 147}, ((1, 7), (14, 16)): {'bw': 147}, ((2, 4), (np.int64(29), 2)): {'bw': 83}, ((2, 4), (2, 21)): {'bw': 83}, ((2, 4), (21, 23)): {'bw': 83}, ((2, 4), (23, 26)): {'bw': 83}, ((2, 5), (np.int64(29), 3)): {'bw': 136}, ((2, 5), (3, 21)): {'bw': 136}, ((2, 5), (21, 22)): {'bw': 136}, ((2, 5), (22, 25)): {'bw': 136}, ((3, 6), (np.int64(0), 28)): {'bw': 108}, ((4, 6), (np.int64(26), 23)): {'bw': 108}, ((4, 6), (23, 21)): {'bw': 108}, ((4, 6), (21, 22)): {'bw': 108}, ((4, 6), (22, 20)): {'bw': 108}, ((4, 6), (20, 1)): {'bw': 108}, ((4, 6), (1, 28)): {'bw': 108}}",0.0,0.0,934.0,467.0,1226.0,0.0,0.0,0.0,0.0,0.0,0.0,0.0,0.0,0.0,Route Failure,100.0,"{'node_level': {}, 'link_level': {}, 'path_level': {}}","{'node_level': {0: {'cpu': -6}, 1: {'cpu': -1}, 2: {'cpu': -31}, 3: {'cpu': -18}, 4: {'cpu': -10}, 5: {'cpu': -9}, 6: {'cpu': -11}, 7: {'cpu': -8}}, 'link_level': {(0, 3): {'bw': -39}, (1, 3): {'bw': -127}, (1, 4): {'bw': -4}, (1, 6): {'bw': -50}, (1, 7): {'bw': -53}, (2, 4): {'bw': -95}, (2, 5): {'bw': -82}, (3, 6): {'bw': -80}, (4, 6): {'bw': -39}, (4, 7): {'bw': 100.0}}, 'path_level': {(0, 3): {}, (1, 3): {}, (1, 4): {}, (1, 6): {}, (1, 7): {}, (2, 4): {}, (2, 5): {}, (3, 6): {}, (4, 6): {}, (4, 7): {}}}","{'node_level': {0: {'cpu': 0}, 1: {'cpu': 0}, 2: {'cpu': 0}, 3: {'cpu': 0}, 4: {'cpu': 0}, 5: {'cpu': 0}, 6: {'cpu': 0}, 7: {'cpu': 0}}, 'link_level': {(0, 3): {'bw': 0}, (1, 3): {'bw': 0}, (1, 4): {'bw': 0}, (1, 6): {'bw': 0}, (1, 7): {'bw': 0}, (2, 4): {'bw': 0}, (2, 5): {'bw': 0}, (3, 6): {'bw': 0}, (4, 6): {'bw': 0}, (4, 7): {'bw': 100.0}}, 'path_level': {(0, 3): {}, (1, 3): {}, (1, 4): {}, (1, 6): {}, (1, 7): {}, (2, 4): {}, (2, 5): {}, (3, 6): {}, (4, 6): {}, (4, 7): {}}}",[],-inf,-inf,True,False,False,0,[],0,0.0,8.0,10.0,3
251,11,1,11545.0,25404.0,3575101.124392794,7708534.186326866,0.45445599118249097,0.46378481796632437,30,482,0,8352.8534969933,15792,2374,13418,0.10381275953189883,0.08440805185943367,236,494.85349699330084,7858.0,10,25,False,{},{},{},{},0.0,0.0,0.0,0.0,0.0,0.0,0.0,0.0,0.0,0.0,0.0,0.0,0.0,0.0,Leave Event,0.0,"{'node_level': {}, 'link_level': {}, 'path_level': {}}","{'node_level': {}, 'link_level': {}, 'path_level': {}}","{'node_level': {}, 'link_level': {}, 'path_level': {}}",[],-inf,-inf,True,True,False,0,[],0,0.0,,,3
252,11,1,11545.0,25404.0,3575101.124392794,7708534.186326866,0.45445599118249097,0.46378481796632437,30,483,1,8355.0,15792,2374,13418,0.10381275953189883,0.08440805185943367,251,134.8867418735272,8355.0,10,27,False,"{0: np.int64(33), 1: np.int64(11), 2: np.int64(22), 3: np.int64(21), 4: np.int64(3), 5: np.int64(26), 6: np.int64(17), 7: np.int64(28), 8: np.int64(9), 9: np.int64(14)}","{(0, 2): [(np.int64(33), 30), (30, 28), (28, 0), (0, 20), (20, 22)], (0, 3): [(np.int64(33), 30), (30, 29), (29, 2), (2, 21)], (0, 5): []}","{(0, np.int64(33)): {'cpu': 56}, (1, np.int64(11)): {'cpu': 51}, (2, np.int64(22)): {'cpu': 52}, (3, np.int64(21)): {'cpu': 75}, (4, np.int64(3)): {'cpu': 32}, (5, np.int64(26)): {'cpu': 53}, (6, np.int64(17)): {'cpu': 38}, (7, np.int64(28)): {'cpu': 55}, (8, np.int64(9)): {'cpu': 43}, (9, np.int64(14)): {'cpu': 66}}","{((0, 2), (np.int64(33), 30)): {'bw': 129}, ((0, 2), (30, 28)): {'bw': 129}, ((0, 2), (28, 0)): {'bw': 129}, ((0, 2), (0, 20)): {'bw': 129}, ((0, 2), (20, 22)): {'bw': 129}, ((0, 3), (np.int64(33), 30)): {'bw': 103}, ((0, 3), (30, 29)): {'bw': 103}, ((0, 3), (29, 2)): {'bw': 103}, ((0, 3), (2, 21)): {'bw': 103}}",0.0,0.0,1042.0,521.0,2799.0,0.0,0.0,0.0,0.0,0.0,0.0,0.0,0.0,0.0,Route Failure,100.0,"{'node_level': {}, 'link_level': {}, 'path_level': {}}","{'node_level': {0: {'cpu': -18}, 1: {'cpu': -20}, 2: {'cpu': -20}, 3: {'cpu': -1}, 4: {'cpu': -26}, 5: {'cpu': -23}, 6: {'cpu': -51}, 7: {'cpu': -35}, 8: {'cpu': -48}, 9: {'cpu': -4}}, 'link_level': {(0, 2): {'bw': -39}, (0, 3): {'bw': -1}, (0, 5): {'bw': 100.0}}, 'path_level': {(0, 2): {}, (0, 3): {}, (0, 5): {}}}","{'node_level': {0: {'cpu': 0}, 1: {'cpu': 0}, 2: {'cpu': 0}, 3: {'cpu': 0}, 4: {'cpu': 0}, 5: {'cpu': 0}, 6: {'cpu': 0}, 7: {'cpu': 0}, 8: {'cpu': 0}, 9: {'cpu': 0}}, 'link_level': {(0, 2): {'bw': 0}, (0, 3): {'bw': 0}, (0, 5): {'bw': 100.0}}, 'path_level': {(0, 2): {}, (0, 3): {}, (0, 5): {}}}",[],-inf,-inf,True,False,False,0,[],0,0.0,10.0,3.0,3
252,11,1,11545.0,25404.0,3575101.124392794,7708534.186326866,0.45445599118249097,0.46378481796632437,30,484,0,8359.818553346373,15792,2374,13418,0.10381275953189883,0.08440805185943367,228,766.8185533463725,7593.0,8,12,False,{},{},{},{},0.0,0.0,0.0,0.0,0.0,0.0,0.0,0.0,0.0,0.0,0.0,0.0,0.0,0.0,Leave Event,0.0,"{'node_level': {}, 'link_level': {}, 'path_level': {}}","{'node_level': {}, 'link_level': {}, 'path_level': {}}","{'node_level': {}, 'link_level': {}, 'path_level': {}}",[],-inf,-inf,True,True,False,0,[],0,0.0,,,3
252,11,1,11545.0,25404.0,3575101.124392794,7708534.186326866,0.45445599118249097,0.46378481796632437,30,485,0,8375.081149362437,15792,2374,13418,0.10381275953189883,0.08440805185943367,246,175.08114936243655,8200.0,10,19,False,{},{},{},{},0.0,0.0,0.0,0.0,0.0,0.0,0.0,0.0,0.0,0.0,0.0,0.0,0.0,0.0,Leave Event,0.0,"{'node_level': {}, 'link_level': {}, 'path_level': {}}","{'node_level': {}, 'link_level': {}, 'path_level': {}}","{'node_level': {}, 'link_level': {}, 'path_level': {}}",[],-inf,-inf,True,True,False,0,[],0,0.0,,,3
253,11,1,11545.0,25404.0,3575101.124392794,7708534.186326866,0.45445599118249097,0.46378481796632437,30,486,1,8385.0,15792,2374,13418,0.10381275953189883,0.08440805185943367,252,89.84745782970349,8385.0,8,12,False,"{0: np.int64(23), 1: np.int64(9), 2: np.int64(12), 3: np.int64(15), 4: np.int64(13), 5: np.int64(28), 6: np.int64(22), 7: np.int64(35)}","{(0, 1): [(np.int64(23), 20), (20, 0), (0, 4), (4, 6), (6, 9)], (0, 2): [(np.int64(23), 20), (20, 1), (1, 12)], (0, 3): [(np.int64(23), 20), (20, 1), (1, 12), (12, 15)], (0, 4): [(np.int64(23), 21), (21, 2), (2, 13)], (0, 5): [(np.int64(23), 21), (21, 3), (3, 29), (29, 30), (30, 28)], (0, 6): []}","{(0, np.int64(23)): {'cpu': 47}, (1, np.int64(9)): {'cpu': 42}, (2, np.int64(12)): {'cpu': 61}, (3, np.int64(15)): {'cpu': 77}, (4, np.int64(13)): {'cpu': 76}, (5, np.int64(28)): {'cpu': 78}, (6, np.int64(22)): {'cpu': 62}, (7, np.int64(35)): {'cpu': 78}}","{((0, 1), (np.int64(23), 20)): {'bw': 131}, ((0, 1), (20, 0)): {'bw': 131}, ((0, 1), (0, 4)): {'bw': 131}, ((0, 1), (4, 6)): {'bw': 131}, ((0, 1), (6, 9)): {'bw': 131}, ((0, 2), (np.int64(23), 20)): {'bw': 64}, ((0, 2), (20, 1)): {'bw': 64}, ((0, 2), (1, 12)): {'bw': 64}, ((0, 3), (np.int64(23), 20)): {'bw': 64}, ((0, 3), (20, 1)): {'bw': 64}, ((0, 3), (1, 12)): {'bw': 64}, ((0, 3), (12, 15)): {'bw': 64}, ((0, 4), (np.int64(23), 21)): {'bw': 144}, ((0, 4), (21, 2)): {'bw': 144}, ((0, 4), (2, 13)): {'bw': 144}, ((0, 5), (np.int64(23), 21)): {'bw': 146}, ((0, 5), (21, 3)): {'bw': 146}, ((0, 5), (3, 29)): {'bw': 146}, ((0, 5), (29, 30)): {'bw': 146}, ((0, 5), (30, 28)): {'bw': 146}}",0.0,0.0,1042.0,521.0,1374.0,0.0,0.0,0.0,0.0,0.0,0.0,0.0,0.0,0.0,Route Failure,100.0,"{'node_level': {}, 'link_level': {}, 'path_level': {}}","{'node_level': {0: {'cpu': -5}, 1: {'cpu': -49}, 2: {'cpu': -27}, 3: {'cpu': -17}, 4: {'cpu': -6}, 5: {'cpu': -12}, 6: {'cpu': -10}, 7: {'cpu': -15}}, 'link_level': {(0, 1): {'bw': -37}, (0, 2): {'bw': -85}, (0, 3): {'bw': -21}, (0, 4): {'bw': -84}, (0, 5): {'bw': -54}, (0, 6): {'bw': 100.0}}, 'path_level': {(0, 1): {}, (0, 2): {}, (0, 3): {}, (0, 4): {}, (0, 5): {}, (0, 6): {}}}","{'node_level': {0: {'cpu': 0}, 1: {'cpu': 0}, 2: {'cpu': 0}, 3: {'cpu': 0}, 4: {'cpu': 0}, 5: {'cpu': 0}, 6: {'cpu': 0}, 7: {'cpu': 0}}, 'link_level': {(0, 1): {'bw': 0}, (0, 2): {'bw': 0}, (0, 3): {'bw': 0}, (0, 4): {'bw': 0}, (0, 5): {'bw': 0}, (0, 6): {'bw': 100.0}}, 'path_level': {(0, 1): {}, (0, 2): {}, (0, 3): {}, (0, 4): {}, (0, 5): {}, (0, 6): {}}}",[],-inf,-inf,True,False,False,0,[],0,0.0,8.0,6.0,3
253,11,1,11545.0,25404.0,3575101.124392794,7708534.186326866,0.45445599118249097,0.46378481796632437,30,487,0,8407.632171770085,15792,2374,13418,0.10381275953189883,0.08440805185943367,174,2563.632171770084,5844.0,6,9,False,{},{},{},{},0.0,0.0,0.0,0.0,0.0,0.0,0.0,0.0,0.0,0.0,0.0,0.0,0.0,0.0,Leave Event,0.0,"{'node_level': {}, 'link_level': {}, 'path_level': {}}","{'node_level': {}, 'link_level': {}, 'path_level': {}}","{'node_level': {}, 'link_level': {}, 'path_level': {}}",[],-inf,-inf,True,True,False,0,[],0,0.0,,,3
254,11,1,11545.0,25404.0,3575101.124392794,7708534.186326866,0.45445599118249097,0.46378481796632437,30,488,1,8416.0,15792,2374,13418,0.10381275953189883,0.08440805185943367,253,7.607975449502545,8416.0,10,25,False,"{0: np.int64(29), 1: np.int64(33), 2: np.int64(21), 3: np.int64(7), 4: np.int64(32), 5: np.int64(30), 6: np.int64(0), 7: np.int64(14), 8: np.int64(19), 9: np.int64(17)}","{(0, 1): [(np.int64(29), 30), (30, 33)], (0, 4): [(np.int64(29), 30), (30, 32)], (0, 5): [(np.int64(29), 30)], (0, 6): [(np.int64(29), 2), (2, 13), (13, 14), (14, 12), (12, 0)], (0, 8): [(np.int64(29), 3), (3, 13), (13, 15), (15, 19)], (1, 5): [(np.int64(33), 30)], (1, 7): []}","{(0, np.int64(29)): {'cpu': 31}, (1, np.int64(33)): {'cpu': 43}, (2, np.int64(21)): {'cpu': 76}, (3, np.int64(7)): {'cpu': 32}, (4, np.int64(32)): {'cpu': 57}, (5, np.int64(30)): {'cpu': 63}, (6, np.int64(0)): {'cpu': 80}, (7, np.int64(14)): {'cpu': 36}, (8, np.int64(19)): {'cpu': 69}, (9, np.int64(17)): {'cpu': 72}}","{((0, 1), (np.int64(29), 30)): {'bw': 70}, ((0, 1), (30, 33)): {'bw': 70}, ((0, 4), (np.int64(29), 30)): {'bw': 144}, ((0, 4), (30, 32)): {'bw': 144}, ((0, 5), (np.int64(29), 30)): {'bw': 85}, ((0, 6), (np.int64(29), 2)): {'bw': 143}, ((0, 6), (2, 13)): {'bw': 143}, ((0, 6), (13, 14)): {'bw': 143}, ((0, 6), (14, 12)): {'bw': 143}, ((0, 6), (12, 0)): {'bw': 143}, ((0, 8), (np.int64(29), 3)): {'bw': 95}, ((0, 8), (3, 13)): {'bw': 95}, ((0, 8), (13, 15)): {'bw': 95}, ((0, 8), (15, 19)): {'bw': 95}, ((1, 5), (np.int64(33), 30)): {'bw': 85}}",0.0,0.0,1118.0,559.0,2609.0,0.0,0.0,0.0,0.0,0.0,0.0,0.0,0.0,0.0,Route Failure,100.0,"{'node_level': {}, 'link_level': {}, 'path_level': {}}","{'node_level': {0: {'cpu': -30}, 1: {'cpu': -31}, 2: {'cpu': 0}, 3: {'cpu': -28}, 4: {'cpu': -35}, 5: {'cpu': -20}, 6: {'cpu': -12}, 7: {'cpu': -34}, 8: {'cpu': -7}, 9: {'cpu': -17}}, 'link_level': {(0, 1): {'bw': -163}, (0, 4): {'bw': -144}, (0, 5): {'bw': -59}, (0, 6): {'bw': -35}, (0, 8): {'bw': -98}, (1, 5): {'bw': -78}, (1, 7): {'bw': 100.0}}, 'path_level': {(0, 1): {}, (0, 4): {}, (0, 5): {}, (0, 6): {}, (0, 8): {}, (1, 5): {}, (1, 7): {}}}","{'node_level': {0: {'cpu': 0}, 1: {'cpu': 0}, 2: {'cpu': 0}, 3: {'cpu': 0}, 4: {'cpu': 0}, 5: {'cpu': 0}, 6: {'cpu': 0}, 7: {'cpu': 0}, 8: {'cpu': 0}, 9: {'cpu': 0}}, 'link_level': {(0, 1): {'bw': 0}, (0, 4): {'bw': 0}, (0, 5): {'bw': 0}, (0, 6): {'bw': 0}, (0, 8): {'bw': 0}, (1, 5): {'bw': 0}, (1, 7): {'bw': 100.0}}, 'path_level': {(0, 1): {}, (0, 4): {}, (0, 5): {}, (0, 6): {}, (0, 8): {}, (1, 5): {}, (1, 7): {}}}",[],-inf,-inf,True,False,False,0,[],0,0.0,10.0,7.0,3
254,11,1,11545.0,25404.0,3575101.124392794,7708534.186326866,0.45445599118249097,0.46378481796632437,30,489,0,8418.164550054065,15792,2374,13418,0.10381275953189883,0.08440805185943367,240,417.16455005406596,8001.0,8,15,False,{},{},{},{},0.0,0.0,0.0,0.0,0.0,0.0,0.0,0.0,0.0,0.0,0.0,0.0,0.0,0.0,Leave Event,0.0,"{'node_level': {}, 'link_level': {}, 'path_level': {}}","{'node_level': {}, 'link_level': {}, 'path_level': {}}","{'node_level': {}, 'link_level': {}, 'path_level': {}}",[],-inf,-inf,True,True,False,0,[],0,0.0,,,3
254,11,1,11545.0,25404.0,3575101.124392794,7708534.186326866,0.45445599118249097,0.46378481796632437,30,490,0,8423.607975449502,15792,2374,13418,0.10381275953189883,0.08440805185943367,253,7.607975449502545,8416.0,10,25,False,{},{},{},{},0.0,0.0,0.0,0.0,0.0,0.0,0.0,0.0,0.0,0.0,0.0,0.0,0.0,0.0,Leave Event,0.0,"{'node_level': {}, 'link_level': {}, 'path_level': {}}","{'node_level': {}, 'link_level': {}, 'path_level': {}}","{'node_level': {}, 'link_level': {}, 'path_level': {}}",[],-inf,-inf,True,True,False,0,[],0,0.0,,,3
254,11,1,11545.0,25404.0,3575101.124392794,7708534.186326866,0.45445599118249097,0.46378481796632437,30,491,0,8426.489439854387,15792,2374,13418,0.10381275953189883,0.08440805185943367,250,96.48943985438831,8330.0,8,11,False,{},{},{},{},0.0,0.0,0.0,0.0,0.0,0.0,0.0,0.0,0.0,0.0,0.0,0.0,0.0,0.0,Leave Event,0.0,"{'node_level': {}, 'link_level': {}, 'path_level': {}}","{'node_level': {}, 'link_level': {}, 'path_level': {}}","{'node_level': {}, 'link_level': {}, 'path_level': {}}",[],-inf,-inf,True,True,False,0,[],0,0.0,,,3
254,11,0,11545.0,25404.0,3575101.124392794,7708534.186326866,0.45445599118249097,0.46378481796632437,30,492,0,8435.954876953594,17304,2649,14655,0.0,0.0,247,208.9548769535943,8227.0,6,5,False,{},{},{},{},0.0,0.0,0.0,0.0,0.0,0.0,0.0,0.0,0.0,0.0,0.0,0.0,0.0,0.0,Leave Event,0.0,"{'node_level': {}, 'link_level': {}, 'path_level': {}}","{'node_level': {}, 'link_level': {}, 'path_level': {}}","{'node_level': {}, 'link_level': {}, 'path_level': {}}",[],-inf,-inf,True,True,False,0,[],0,0.0,,,3
254,11,0,11545.0,25404.0,3575101.124392794,7708534.186326866,0.45445599118249097,0.46378481796632437,30,493,0,8445.116571906983,17304,2649,14655,0.0,0.0,229,815.1165719069824,7630.0,6,7,False,{},{},{},{},0.0,0.0,0.0,0.0,0.0,0.0,0.0,0.0,0.0,0.0,0.0,0.0,0.0,0.0,Leave Event,0.0,"{'node_level': {}, 'link_level': {}, 'path_level': {}}","{'node_level': {}, 'link_level': {}, 'path_level': {}}","{'node_level': {}, 'link_level': {}, 'path_level': {}}",[],-inf,-inf,True,True,False,0,[],0,0.0,,,3
254,11,0,11545.0,25404.0,3575101.124392794,7708534.186326866,0.45445599118249097,0.46378481796632437,30,494,0,8449.105266177095,17304,2649,14655,0.0,0.0,213,1343.105266177096,7106.0,10,26,False,{},{},{},{},0.0,0.0,0.0,0.0,0.0,0.0,0.0,0.0,0.0,0.0,0.0,0.0,0.0,0.0,Leave Event,0.0,"{'node_level': {}, 'link_level': {}, 'path_level': {}}","{'node_level': {}, 'link_level': {}, 'path_level': {}}","{'node_level': {}, 'link_level': {}, 'path_level': {}}",[],-inf,-inf,True,True,False,0,[],0,0.0,,,3
254,11,0,11545.0,25404.0,3575101.124392794,7708534.186326866,0.45445599118249097,0.46378481796632437,30,495,0,8455.185315080495,17304,2649,14655,0.0,0.0,248,194.1853150804946,8261.0,7,9,False,{},{},{},{},0.0,0.0,0.0,0.0,0.0,0.0,0.0,0.0,0.0,0.0,0.0,0.0,0.0,0.0,Leave Event,0.0,"{'node_level': {}, 'link_level': {}, 'path_level': {}}","{'node_level': {}, 'link_level': {}, 'path_level': {}}","{'node_level': {}, 'link_level': {}, 'path_level': {}}",[],-inf,-inf,True,True,False,0,[],0,0.0,,,3
255,12,1,12413.0,27411.0,3815726.9975295765,8264912.213268712,0.4528473970303893,0.46167786167210656,30,496,1,8458.0,15297,2297,13000,0.1328803322008305,0.1129307403616513,254,277.218747853436,8458.0,6,6,True,"{0: np.int64(12), 1: np.int64(20), 2: np.int64(11), 3: np.int64(21), 4: np.int64(33), 5: np.int64(23)}","{(0, 5): [(np.int64(12), 0), (0, 20), (20, 23)], (1, 3): [(np.int64(20), 22), (22, 21)], (1, 5): [(np.int64(20), 23)], (2, 3): [(np.int64(11), 7), (7, 5), (5, 2), (2, 21)], (3, 4): [(np.int64(21), 2), (2, 29), (29, 30), (30, 33)], (4, 5): [(np.int64(33), 30), (30, 28), (28, 0), (0, 20), (20, 23)]}","{(0, np.int64(12)): {'cpu': 53}, (1, np.int64(20)): {'cpu': 40}, (2, np.int64(11)): {'cpu': 70}, (3, np.int64(21)): {'cpu': 74}, (4, np.int64(33)): {'cpu': 74}, (5, np.int64(23)): {'cpu': 41}}","{((0, 5), (np.int64(12), 0)): {'bw': 82}, ((0, 5), (0, 20)): {'bw': 82}, ((0, 5), (20, 23)): {'bw': 82}, ((1, 3), (np.int64(20), 22)): {'bw': 64}, ((1, 3), (22, 21)): {'bw': 64}, ((1, 5), (np.int64(20), 23)): {'bw': 96}, ((2, 3), (np.int64(11), 7)): {'bw': 94}, ((2, 3), (7, 5)): {'bw': 94}, ((2, 3), (5, 2)): {'bw': 94}, ((2, 3), (2, 21)): {'bw': 94}, ((3, 4), (np.int64(21), 2)): {'bw': 91}, ((3, 4), (2, 29)): {'bw': 91}, ((3, 4), (29, 30)): {'bw': 91}, ((3, 4), (30, 33)): {'bw': 91}, ((4, 5), (np.int64(33), 30)): {'bw': 89}, ((4, 5), (30, 28)): {'bw': 89}, ((4, 5), (28, 0)): {'bw': 89}, ((4, 5), (0, 20)): {'bw': 89}, ((4, 5), (20, 23)): {'bw': 89}}",2007.0,868.0,704.0,352.0,516.0,352.0,516.0,352.0,1655.0,1139.0,0.43248629795715,556378.0269418461,240625.87313678247,119.89330998344916,Success,0.0,"{'node_level': {}, 'link_level': {}, 'path_level': {}}","{'node_level': {0: {'cpu': -35}, 1: {'cpu': -27}, 2: {'cpu': -1}, 3: {'cpu': -2}, 4: {'cpu': 0}, 5: {'cpu': -11}}, 'link_level': {(0, 5): {'bw': -197}, (1, 3): {'bw': -280}, (1, 5): {'bw': -102}, (2, 3): {'bw': -134}, (3, 4): {'bw': -43}, (4, 5): {'bw': -13}}, 'path_level': {(0, 5): {}, (1, 3): {}, (1, 5): {}, (2, 3): {}, (3, 4): {}, (4, 5): {}}}","{'node_level': {0: {'cpu': 0}, 1: {'cpu': 0}, 2: {'cpu': 0}, 3: {'cpu': 0}, 4: {'cpu': 0}, 5: {'cpu': 0}}, 'link_level': {(0, 5): {'bw': 0}, (1, 3): {'bw': 0}, (1, 5): {'bw': 0}, (2, 3): {'bw': 0}, (3, 4): {'bw': 0}, (4, 5): {'bw': 0}}, 'path_level': {(0, 5): {}, (1, 3): {}, (1, 5): {}, (2, 3): {}, (3, 4): {}, (4, 5): {}}}",[],-inf,-inf,True,True,False,0,[],0,0.0,6.0,6.0,3
255,12,1,12413.0,27411.0,3815726.9975295765,8264912.213268712,0.4528473970303893,0.46167786167210656,30,497,0,8474.847457829703,15297,2297,13000,0.1328803322008305,0.1129307403616513,252,89.84745782970349,8385.0,8,12,False,{},{},{},{},0.0,0.0,0.0,0.0,0.0,0.0,0.0,0.0,0.0,0.0,0.0,0.0,0.0,0.0,Leave Event,0.0,"{'node_level': {}, 'link_level': {}, 'path_level': {}}","{'node_level': {}, 'link_level': {}, 'path_level': {}}","{'node_level': {}, 'link_level': {}, 'path_level': {}}",[],-inf,-inf,True,True,False,0,[],0,0.0,,,3
255,12,1,12413.0,27411.0,3815726.9975295765,8264912.213268712,0.4528473970303893,0.46167786167210656,30,498,0,8489.886741873528,15297,2297,13000,0.1328803322008305,0.1129307403616513,251,134.8867418735272,8355.0,10,27,False,{},{},{},{},0.0,0.0,0.0,0.0,0.0,0.0,0.0,0.0,0.0,0.0,0.0,0.0,0.0,0.0,Leave Event,0.0,"{'node_level': {}, 'link_level': {}, 'path_level': {}}","{'node_level': {}, 'link_level': {}, 'path_level': {}}","{'node_level': {}, 'link_level': {}, 'path_level': {}}",[],-inf,-inf,True,True,False,0,[],0,0.0,,,3
256,12,1,12413.0,27411.0,3815726.9975295765,8264912.213268712,0.4528473970303893,0.46167786167210656,30,499,1,8491.0,15297,2297,13000,0.1328803322008305,0.1129307403616513,255,928.7813696528694,8491.0,9,16,False,"{0: np.int64(30), 1: np.int64(10), 2: np.int64(17), 3: np.int64(0), 4: np.int64(32), 5: np.int64(29), 6: np.int64(13), 7: np.int64(26), 8: np.int64(14)}","{(0, 1): [(np.int64(30), 28), (28, 0), (0, 4), (4, 7), (7, 10)], (0, 7): [(np.int64(30), 29), (29, 3), (3, 21), (21, 23), (23, 26)], (0, 8): [(np.int64(30), 29), (29, 2), (2, 13), (13, 14)], (1, 6): [(np.int64(10), 7), (7, 5), (5, 2), (2, 13)], (1, 7): [(np.int64(10), 7), (7, 5), (5, 3), (3, 21), (21, 23), (23, 26)], (2, 3): [(np.int64(17), 14), (14, 12), (12, 0)], (2, 4): [(np.int64(17), 14), (14, 12), (12, 0), (0, 28), (28, 30), (30, 32)], (2, 6): []}","{(0, np.int64(30)): {'cpu': 64}, (1, np.int64(10)): {'cpu': 44}, (2, np.int64(17)): {'cpu': 72}, (3, np.int64(0)): {'cpu': 41}, (4, np.int64(32)): {'cpu': 59}, (5, np.int64(29)): {'cpu': 61}, (6, np.int64(13)): {'cpu': 67}, (7, np.int64(26)): {'cpu': 68}, (8, np.int64(14)): {'cpu': 39}}","{((0, 1), (np.int64(30), 28)): {'bw': 139}, ((0, 1), (28, 0)): {'bw': 139}, ((0, 1), (0, 4)): {'bw': 139}, ((0, 1), (4, 7)): {'bw': 139}, ((0, 1), (7, 10)): {'bw': 139}, ((0, 7), (np.int64(30), 29)): {'bw': 73}, ((0, 7), (29, 3)): {'bw': 73}, ((0, 7), (3, 21)): {'bw': 73}, ((0, 7), (21, 23)): {'bw': 73}, ((0, 7), (23, 26)): {'bw': 73}, ((0, 8), (np.int64(30), 29)): {'bw': 131}, ((0, 8), (29, 2)): {'bw': 131}, ((0, 8), (2, 13)): {'bw': 131}, ((0, 8), (13, 14)): {'bw': 131}, ((1, 6), (np.int64(10), 7)): {'bw': 72}, ((1, 6), (7, 5)): {'bw': 72}, ((1, 6), (5, 2)): {'bw': 72}, ((1, 6), (2, 13)): {'bw': 72}, ((1, 7), (np.int64(10), 7)): {'bw': 132}, ((1, 7), (7, 5)): {'bw': 132}, ((1, 7), (5, 3)): {'bw': 132}, ((1, 7), (3, 21)): {'bw': 132}, ((1, 7), (21, 23)): {'bw': 132}, ((1, 7), (23, 26)): {'bw': 132}, ((2, 3), (np.int64(17), 14)): {'bw': 106}, ((2, 3), (14, 12)): {'bw': 106}, ((2, 3), (12, 0)): {'bw': 106}, ((2, 4), (np.int64(17), 14)): {'bw': 95}, ((2, 4), (14, 12)): {'bw': 95}, ((2, 4), (12, 0)): {'bw': 95}, ((2, 4), (0, 28)): {'bw': 95}, ((2, 4), (28, 30)): {'bw': 95}, ((2, 4), (30, 32)): {'bw': 95}}",0.0,0.0,1030.0,515.0,1597.0,0.0,0.0,0.0,0.0,0.0,0.0,0.0,0.0,0.0,Route Failure,100.0,"{'node_level': {}, 'link_level': {}, 'path_level': {}}","{'node_level': {0: {'cpu': -19}, 1: {'cpu': -16}, 2: {'cpu': -17}, 3: {'cpu': -51}, 4: {'cpu': -33}, 5: {'cpu': -35}, 6: {'cpu': -15}, 7: {'cpu': -8}, 8: {'cpu': -31}}, 'link_level': {(0, 1): {'bw': -94}, (0, 7): {'bw': -145}, (0, 8): {'bw': -63}, (1, 6): {'bw': -124}, (1, 7): {'bw': -22}, (2, 3): {'bw': -127}, (2, 4): {'bw': -18}, (2, 6): {'bw': 100.0}}, 'path_level': {(0, 1): {}, (0, 7): {}, (0, 8): {}, (1, 6): {}, (1, 7): {}, (2, 3): {}, (2, 4): {}, (2, 6): {}}}","{'node_level': {0: {'cpu': 0}, 1: {'cpu': 0}, 2: {'cpu': 0}, 3: {'cpu': 0}, 4: {'cpu': 0}, 5: {'cpu': 0}, 6: {'cpu': 0}, 7: {'cpu': 0}, 8: {'cpu': 0}}, 'link_level': {(0, 1): {'bw': 0}, (0, 7): {'bw': 0}, (0, 8): {'bw': 0}, (1, 6): {'bw': 0}, (1, 7): {'bw': 0}, (2, 3): {'bw': 0}, (2, 4): {'bw': 0}, (2, 6): {'bw': 100.0}}, 'path_level': {(0, 1): {}, (0, 7): {}, (0, 8): {}, (1, 6): {}, (1, 7): {}, (2, 3): {}, (2, 4): {}, (2, 6): {}}}",[],-inf,-inf,True,False,False,0,[],0,0.0,9.0,8.0,3
256,12,1,12413.0,27411.0,3815726.9975295765,8264912.213268712,0.4528473970303893,0.46167786167210656,30,500,0,8496.60487298554,15297,2297,13000,0.1328803322008305,0.1129307403616513,232,773.6048729855386,7723.0,8,14,False,{},{},{},{},0.0,0.0,0.0,0.0,0.0,0.0,0.0,0.0,0.0,0.0,0.0,0.0,0.0,0.0,Leave Event,0.0,"{'node_level': {}, 'link_level': {}, 'path_level': {}}","{'node_level': {}, 'link_level': {}, 'path_level': {}}","{'node_level': {}, 'link_level': {}, 'path_level': {}}",[],-inf,-inf,True,True,False,0,[],0,0.0,,,3
256,12,1,12413.0,27411.0,3815726.9975295765,8264912.213268712,0.4528473970303893,0.46167786167210656,30,501,0,8504.034151129601,15297,2297,13000,0.1328803322008305,0.1129307403616513,226,981.0341511296018,7523.0,9,18,False,{},{},{},{},0.0,0.0,0.0,0.0,0.0,0.0,0.0,0.0,0.0,0.0,0.0,0.0,0.0,0.0,Leave Event,0.0,"{'node_level': {}, 'link_level': {}, 'path_level': {}}","{'node_level': {}, 'link_level': {}, 'path_level': {}}","{'node_level': {}, 'link_level': {}, 'path_level': {}}",[],-inf,-inf,True,True,False,0,[],0,0.0,,,3
257,12,1,12413.0,27411.0,3815726.9975295765,8264912.213268712,0.4528473970303893,0.46167786167210656,30,502,1,8521.0,15297,2297,13000,0.1328803322008305,0.1129307403616513,256,1165.2313302805376,8521.0,10,21,False,"{0: np.int64(0), 1: np.int64(22), 2: np.int64(29), 3: np.int64(32), 4: np.int64(30), 5: np.int64(16), 6: np.int64(28), 7: np.int64(9), 8: np.int64(25), 9: np.int64(4)}","{(0, 1): [(np.int64(0), 4), (4, 1), (1, 20), (20, 22)], (0, 2): [(np.int64(0), 28), (28, 30), (30, 29)], (0, 6): [(np.int64(0), 28)], (0, 7): [(np.int64(0), 12), (12, 14), (14, 13), (13, 2), (2, 5), (5, 6), (6, 9)], (1, 8): [(np.int64(22), 25)], (1, 9): [(np.int64(22), 21), (21, 3), (3, 5), (5, 6), (6, 4)], (2, 3): [(np.int64(29), 30), (30, 32)], (2, 4): [(np.int64(29), 30)], (2, 8): [(np.int64(29), 3), (3, 21), (21, 22), (22, 25)], (2, 9): [(np.int64(29), 2), (2, 5), (5, 6), (6, 4)], (3, 4): [(np.int64(32), 30)], (3, 5): [(np.int64(32), 30), (30, 28), (28, 0), (0, 12), (12, 14), (14, 16)], (3, 6): []}","{(0, np.int64(0)): {'cpu': 79}, (1, np.int64(22)): {'cpu': 64}, (2, np.int64(29)): {'cpu': 78}, (3, np.int64(32)): {'cpu': 51}, (4, np.int64(30)): {'cpu': 36}, (5, np.int64(16)): {'cpu': 58}, (6, np.int64(28)): {'cpu': 61}, (7, np.int64(9)): {'cpu': 51}, (8, np.int64(25)): {'cpu': 38}, (9, np.int64(4)): {'cpu': 46}}","{((0, 1), (np.int64(0), 4)): {'bw': 150}, ((0, 1), (4, 1)): {'bw': 150}, ((0, 1), (1, 20)): {'bw': 150}, ((0, 1), (20, 22)): {'bw': 150}, ((0, 2), (np.int64(0), 28)): {'bw': 77}, ((0, 2), (28, 30)): {'bw': 77}, ((0, 2), (30, 29)): {'bw': 77}, ((0, 6), (np.int64(0), 28)): {'bw': 122}, ((0, 7), (np.int64(0), 12)): {'bw': 119}, ((0, 7), (12, 14)): {'bw': 119}, ((0, 7), (14, 13)): {'bw': 119}, ((0, 7), (13, 2)): {'bw': 119}, ((0, 7), (2, 5)): {'bw': 119}, ((0, 7), (5, 6)): {'bw': 119}, ((0, 7), (6, 9)): {'bw': 119}, ((1, 8), (np.int64(22), 25)): {'bw': 126}, ((1, 9), (np.int64(22), 21)): {'bw': 90}, ((1, 9), (21, 3)): {'bw': 90}, ((1, 9), (3, 5)): {'bw': 90}, ((1, 9), (5, 6)): {'bw': 90}, ((1, 9), (6, 4)): {'bw': 90}, ((2, 3), (np.int64(29), 30)): {'bw': 83}, ((2, 3), (30, 32)): {'bw': 83}, ((2, 4), (np.int64(29), 30)): {'bw': 76}, ((2, 8), (np.int64(29), 3)): {'bw': 113}, ((2, 8), (3, 21)): {'bw': 113}, ((2, 8), (21, 22)): {'bw': 113}, ((2, 8), (22, 25)): {'bw': 113}, ((2, 9), (np.int64(29), 2)): {'bw': 72}, ((2, 9), (2, 5)): {'bw': 72}, ((2, 9), (5, 6)): {'bw': 72}, ((2, 9), (6, 4)): {'bw': 72}, ((3, 4), (np.int64(32), 30)): {'bw': 85}, ((3, 5), (np.int64(32), 30)): {'bw': 64}, ((3, 5), (30, 28)): {'bw': 64}, ((3, 5), (28, 0)): {'bw': 64}, ((3, 5), (0, 12)): {'bw': 64}, ((3, 5), (12, 14)): {'bw': 64}, ((3, 5), (14, 16)): {'bw': 64}}",0.0,0.0,1124.0,562.0,2237.0,0.0,0.0,0.0,0.0,0.0,0.0,0.0,0.0,0.0,Route Failure,100.0,"{'node_level': {}, 'link_level': {}, 'path_level': {}}","{'node_level': {0: {'cpu': -13}, 1: {'cpu': -8}, 2: {'cpu': -18}, 3: {'cpu': -41}, 4: {'cpu': -47}, 5: {'cpu': -21}, 6: {'cpu': -29}, 7: {'cpu': -40}, 8: {'cpu': -13}, 9: {'cpu': -4}}, 'link_level': {(0, 1): {'bw': -83}, (0, 2): {'bw': -175}, (0, 6): {'bw': -88}, (0, 7): {'bw': -82}, (1, 8): {'bw': -149}, (1, 9): {'bw': -156}, (2, 3): {'bw': -107}, (2, 4): {'bw': -31}, (2, 8): {'bw': -36}, (2, 9): {'bw': -64}, (3, 4): {'bw': -221}, (3, 5): {'bw': -24}, (3, 6): {'bw': 100.0}}, 'path_level': {(0, 1): {}, (0, 2): {}, (0, 6): {}, (0, 7): {}, (1, 8): {}, (1, 9): {}, (2, 3): {}, (2, 4): {}, (2, 8): {}, (2, 9): {}, (3, 4): {}, (3, 5): {}, (3, 6): {}}}","{'node_level': {0: {'cpu': 0}, 1: {'cpu': 0}, 2: {'cpu': 0}, 3: {'cpu': 0}, 4: {'cpu': 0}, 5: {'cpu': 0}, 6: {'cpu': 0}, 7: {'cpu': 0}, 8: {'cpu': 0}, 9: {'cpu': 0}}, 'link_level': {(0, 1): {'bw': 0}, (0, 2): {'bw': 0}, (0, 6): {'bw': 0}, (0, 7): {'bw': 0}, (1, 8): {'bw': 0}, (1, 9): {'bw': 0}, (2, 3): {'bw': 0}, (2, 4): {'bw': 0}, (2, 8): {'bw': 0}, (2, 9): {'bw': 0}, (3, 4): {'bw': 0}, (3, 5): {'bw': 0}, (3, 6): {'bw': 100.0}}, 'path_level': {(0, 1): {}, (0, 2): {}, (0, 6): {}, (0, 7): {}, (1, 8): {}, (1, 9): {}, (2, 3): {}, (2, 4): {}, (2, 8): {}, (2, 9): {}, (3, 4): {}, (3, 5): {}, (3, 6): {}}}",[],-inf,-inf,True,False,False,0,[],0,0.0,10.0,13.0,3
257,12,1,12413.0,27411.0,3815726.9975295765,8264912.213268712,0.4528473970303893,0.46167786167210656,30,503,0,8529.157666256548,15297,2297,13000,0.1328803322008305,0.1129307403616513,245,357.1576662565482,8172.0,10,21,False,{},{},{},{},0.0,0.0,0.0,0.0,0.0,0.0,0.0,0.0,0.0,0.0,0.0,0.0,0.0,0.0,Leave Event,0.0,"{'node_level': {}, 'link_level': {}, 'path_level': {}}","{'node_level': {}, 'link_level': {}, 'path_level': {}}","{'node_level': {}, 'link_level': {}, 'path_level': {}}",[],-inf,-inf,True,True,False,0,[],0,0.0,,,3
257,12,1,12413.0,27411.0,3815726.9975295765,8264912.213268712,0.4528473970303893,0.46167786167210656,30,504,0,8553.542582771628,15297,2297,13000,0.1328803322008305,0.1129307403616513,243,451.54258277162876,8102.0,10,23,False,{},{},{},{},0.0,0.0,0.0,0.0,0.0,0.0,0.0,0.0,0.0,0.0,0.0,0.0,0.0,0.0,Leave Event,0.0,"{'node_level': {}, 'link_level': {}, 'path_level': {}}","{'node_level': {}, 'link_level': {}, 'path_level': {}}","{'node_level': {}, 'link_level': {}, 'path_level': {}}",[],-inf,-inf,True,True,False,0,[],0,0.0,,,3
258,12,1,12413.0,27411.0,3815726.9975295765,8264912.213268712,0.4528473970303893,0.46167786167210656,30,505,1,8566.0,15297,2297,13000,0.1328803322008305,0.1129307403616513,257,334.09623959343236,8566.0,8,16,False,"{0: np.int64(32), 1: np.int64(0), 2: np.int64(31), 3: np.int64(27), 4: np.int64(24), 5: np.int64(6), 6: np.int64(9), 7: np.int64(35)}","{(0, 2): [(np.int64(32), 30), (30, 28), (28, 31)], (0, 5): [(np.int64(32), 30), (30, 28), (28, 0), (0, 4), (4, 6)], (0, 6): [(np.int64(32), 30), (30, 29), (29, 2), (2, 5), (5, 6), (6, 9)], (0, 7): []}","{(0, np.int64(32)): {'cpu': 73}, (1, np.int64(0)): {'cpu': 49}, (2, np.int64(31)): {'cpu': 71}, (3, np.int64(27)): {'cpu': 55}, (4, np.int64(24)): {'cpu': 52}, (5, np.int64(6)): {'cpu': 64}, (6, np.int64(9)): {'cpu': 74}, (7, np.int64(35)): {'cpu': 48}}","{((0, 2), (np.int64(32), 30)): {'bw': 140}, ((0, 2), (30, 28)): {'bw': 140}, ((0, 2), (28, 31)): {'bw': 140}, ((0, 5), (np.int64(32), 30)): {'bw': 91}, ((0, 5), (30, 28)): {'bw': 91}, ((0, 5), (28, 0)): {'bw': 91}, ((0, 5), (0, 4)): {'bw': 91}, ((0, 5), (4, 6)): {'bw': 91}, ((0, 6), (np.int64(32), 30)): {'bw': 96}, ((0, 6), (30, 29)): {'bw': 96}, ((0, 6), (29, 2)): {'bw': 96}, ((0, 6), (2, 5)): {'bw': 96}, ((0, 6), (5, 6)): {'bw': 96}, ((0, 6), (6, 9)): {'bw': 96}}",0.0,0.0,972.0,486.0,1603.0,0.0,0.0,0.0,0.0,0.0,0.0,0.0,0.0,0.0,Route Failure,100.0,"{'node_level': {}, 'link_level': {}, 'path_level': {}}","{'node_level': {0: {'cpu': -19}, 1: {'cpu': -43}, 2: {'cpu': -8}, 3: {'cpu': 0}, 4: {'cpu': 0}, 5: {'cpu': -5}, 6: {'cpu': -17}, 7: {'cpu': -45}}, 'link_level': {(0, 2): {'bw': -112}, (0, 5): {'bw': -21}, (0, 6): {'bw': -62}, (0, 7): {'bw': 100.0}}, 'path_level': {(0, 2): {}, (0, 5): {}, (0, 6): {}, (0, 7): {}}}","{'node_level': {0: {'cpu': 0}, 1: {'cpu': 0}, 2: {'cpu': 0}, 3: {'cpu': 0}, 4: {'cpu': 0}, 5: {'cpu': 0}, 6: {'cpu': 0}, 7: {'cpu': 0}}, 'link_level': {(0, 2): {'bw': 0}, (0, 5): {'bw': 0}, (0, 6): {'bw': 0}, (0, 7): {'bw': 100.0}}, 'path_level': {(0, 2): {}, (0, 5): {}, (0, 6): {}, (0, 7): {}}}",[],-inf,-inf,True,False,False,0,[],0,0.0,8.0,4.0,3
259,12,1,12413.0,27411.0,3815726.9975295765,8264912.213268712,0.4528473970303893,0.46167786167210656,30,506,1,8601.0,15297,2297,13000,0.1328803322008305,0.1129307403616513,258,273.5515138601787,8601.0,7,10,False,"{0: np.int64(17), 1: np.int64(30), 2: np.int64(35), 3: np.int64(13), 4: np.int64(1), 5: np.int64(29), 6: np.int64(4)}","{(0, 1): [(np.int64(17), 14), (14, 12), (12, 0), (0, 28), (28, 30)], (0, 2): [(np.int64(17), 14), (14, 12), (12, 0), (0, 28), (28, 31), (31, 35)], (0, 3): [(np.int64(17), 14), (14, 13)], (1, 4): [(np.int64(30), 28), (28, 1)], (2, 5): []}","{(0, np.int64(17)): {'cpu': 63}, (1, np.int64(30)): {'cpu': 38}, (2, np.int64(35)): {'cpu': 76}, (3, np.int64(13)): {'cpu': 38}, (4, np.int64(1)): {'cpu': 74}, (5, np.int64(29)): {'cpu': 78}, (6, np.int64(4)): {'cpu': 46}}","{((0, 1), (np.int64(17), 14)): {'bw': 76}, ((0, 1), (14, 12)): {'bw': 76}, ((0, 1), (12, 0)): {'bw': 76}, ((0, 1), (0, 28)): {'bw': 76}, ((0, 1), (28, 30)): {'bw': 76}, ((0, 2), (np.int64(17), 14)): {'bw': 102}, ((0, 2), (14, 12)): {'bw': 102}, ((0, 2), (12, 0)): {'bw': 102}, ((0, 2), (0, 28)): {'bw': 102}, ((0, 2), (28, 31)): {'bw': 102}, ((0, 2), (31, 35)): {'bw': 102}, ((0, 3), (np.int64(17), 14)): {'bw': 64}, ((0, 3), (14, 13)): {'bw': 64}, ((1, 4), (np.int64(30), 28)): {'bw': 93}, ((1, 4), (28, 1)): {'bw': 93}}",0.0,0.0,826.0,413.0,994.0,0.0,0.0,0.0,0.0,0.0,0.0,0.0,0.0,0.0,Route Failure,100.0,"{'node_level': {}, 'link_level': {}, 'path_level': {}}","{'node_level': {0: {'cpu': -26}, 1: {'cpu': -45}, 2: {'cpu': -17}, 3: {'cpu': -44}, 4: {'cpu': 0}, 5: {'cpu': -18}, 6: {'cpu': -4}}, 'link_level': {(0, 1): {'bw': -157}, (0, 2): {'bw': -55}, (0, 3): {'bw': -77}, (1, 4): {'bw': -83}, (2, 5): {'bw': 100.0}}, 'path_level': {(0, 1): {}, (0, 2): {}, (0, 3): {}, (1, 4): {}, (2, 5): {}}}","{'node_level': {0: {'cpu': 0}, 1: {'cpu': 0}, 2: {'cpu': 0}, 3: {'cpu': 0}, 4: {'cpu': 0}, 5: {'cpu': 0}, 6: {'cpu': 0}}, 'link_level': {(0, 1): {'bw': 0}, (0, 2): {'bw': 0}, (0, 3): {'bw': 0}, (1, 4): {'bw': 0}, (2, 5): {'bw': 100.0}}, 'path_level': {(0, 1): {}, (0, 2): {}, (0, 3): {}, (1, 4): {}, (2, 5): {}}}",[],-inf,-inf,True,False,False,0,[],0,0.0,7.0,5.0,3
259,12,1,12413.0,27411.0,3815726.9975295765,8264912.213268712,0.4528473970303893,0.46167786167210656,30,507,0,8634.125713432684,15297,2297,13000,0.1328803322008305,0.1129307403616513,208,1687.1257134326838,6947.0,10,22,False,{},{},{},{},0.0,0.0,0.0,0.0,0.0,0.0,0.0,0.0,0.0,0.0,0.0,0.0,0.0,0.0,Leave Event,0.0,"{'node_level': {}, 'link_level': {}, 'path_level': {}}","{'node_level': {}, 'link_level': {}, 'path_level': {}}","{'node_level': {}, 'link_level': {}, 'path_level': {}}",[],-inf,-inf,True,True,False,0,[],0,0.0,,,3
260,12,1,12413.0,27411.0,3815726.9975295765,8264912.213268712,0.4528473970303893,0.46167786167210656,30,508,1,8637.0,15297,2297,13000,0.1328803322008305,0.1129307403616513,259,1013.1105305575323,8637.0,7,11,False,"{0: np.int64(19), 1: np.int64(4), 2: np.int64(32), 3: np.int64(30), 4: np.int64(13), 5: np.int64(1), 6: np.int64(17)}","{(0, 2): [(np.int64(19), 15), (15, 12), (12, 0), (0, 28), (28, 30), (30, 32)], (0, 5): [(np.int64(19), 15), (15, 12), (12, 1)], (1, 2): [(np.int64(4), 0), (0, 28), (28, 30), (30, 32)], (1, 3): [(np.int64(4), 1), (1, 28), (28, 31), (31, 29), (29, 30)], (1, 4): [(np.int64(4), 6), (6, 5), (5, 2), (2, 13)], (1, 6): [(np.int64(4), 0), (0, 12), (12, 14), (14, 17)], (2, 4): [(np.int64(32), 30), (30, 29), (29, 2), (2, 13)], (2, 5): []}","{(0, np.int64(19)): {'cpu': 40}, (1, np.int64(4)): {'cpu': 47}, (2, np.int64(32)): {'cpu': 51}, (3, np.int64(30)): {'cpu': 75}, (4, np.int64(13)): {'cpu': 30}, (5, np.int64(1)): {'cpu': 70}, (6, np.int64(17)): {'cpu': 75}}","{((0, 2), (np.int64(19), 15)): {'bw': 114}, ((0, 2), (15, 12)): {'bw': 114}, ((0, 2), (12, 0)): {'bw': 114}, ((0, 2), (0, 28)): {'bw': 114}, ((0, 2), (28, 30)): {'bw': 114}, ((0, 2), (30, 32)): {'bw': 114}, ((0, 5), (np.int64(19), 15)): {'bw': 135}, ((0, 5), (15, 12)): {'bw': 135}, ((0, 5), (12, 1)): {'bw': 135}, ((1, 2), (np.int64(4), 0)): {'bw': 117}, ((1, 2), (0, 28)): {'bw': 117}, ((1, 2), (28, 30)): {'bw': 117}, ((1, 2), (30, 32)): {'bw': 117}, ((1, 3), (np.int64(4), 1)): {'bw': 103}, ((1, 3), (1, 28)): {'bw': 103}, ((1, 3), (28, 31)): {'bw': 103}, ((1, 3), (31, 29)): {'bw': 103}, ((1, 3), (29, 30)): {'bw': 103}, ((1, 4), (np.int64(4), 6)): {'bw': 136}, ((1, 4), (6, 5)): {'bw': 136}, ((1, 4), (5, 2)): {'bw': 136}, ((1, 4), (2, 13)): {'bw': 136}, ((1, 6), (np.int64(4), 0)): {'bw': 87}, ((1, 6), (0, 12)): {'bw': 87}, ((1, 6), (12, 14)): {'bw': 87}, ((1, 6), (14, 17)): {'bw': 87}, ((2, 4), (np.int64(32), 30)): {'bw': 62}, ((2, 4), (30, 29)): {'bw': 62}, ((2, 4), (29, 2)): {'bw': 62}, ((2, 4), (2, 13)): {'bw': 62}}",0.0,0.0,776.0,388.0,1199.0,0.0,0.0,0.0,0.0,0.0,0.0,0.0,0.0,0.0,Route Failure,100.0,"{'node_level': {}, 'link_level': {}, 'path_level': {}}","{'node_level': {0: {'cpu': -36}, 1: {'cpu': -3}, 2: {'cpu': -41}, 3: {'cpu': -8}, 4: {'cpu': -52}, 5: {'cpu': -4}, 6: {'cpu': -14}}, 'link_level': {(0, 2): {'bw': -127}, (0, 5): {'bw': -50}, (1, 2): {'bw': -21}, (1, 3): {'bw': -134}, (1, 4): {'bw': -119}, (1, 6): {'bw': -29}, (2, 4): {'bw': -96}, (2, 5): {'bw': 100.0}}, 'path_level': {(0, 2): {}, (0, 5): {}, (1, 2): {}, (1, 3): {}, (1, 4): {}, (1, 6): {}, (2, 4): {}, (2, 5): {}}}","{'node_level': {0: {'cpu': 0}, 1: {'cpu': 0}, 2: {'cpu': 0}, 3: {'cpu': 0}, 4: {'cpu': 0}, 5: {'cpu': 0}, 6: {'cpu': 0}}, 'link_level': {(0, 2): {'bw': 0}, (0, 5): {'bw': 0}, (1, 2): {'bw': 0}, (1, 3): {'bw': 0}, (1, 4): {'bw': 0}, (1, 6): {'bw': 0}, (2, 4): {'bw': 0}, (2, 5): {'bw': 100.0}}, 'path_level': {(0, 2): {}, (0, 5): {}, (1, 2): {}, (1, 3): {}, (1, 4): {}, (1, 6): {}, (2, 4): {}, (2, 5): {}}}",[],-inf,-inf,True,False,False,0,[],0,0.0,7.0,8.0,3
261,12,1,12413.0,27411.0,3815726.9975295765,8264912.213268712,0.4528473970303893,0.46167786167210656,30,509,1,8685.0,15297,2297,13000,0.1328803322008305,0.1129307403616513,260,375.9125499814566,8685.0,9,17,False,"{0: np.int64(13), 1: np.int64(0), 2: np.int64(8), 3: np.int64(35), 4: np.int64(17), 5: np.int64(26), 6: np.int64(16), 7: np.int64(5), 8: np.int64(6)}","{(0, 3): [(np.int64(13), 2), (2, 29), (29, 31), (31, 35)], (0, 7): [(np.int64(13), 2), (2, 5)], (1, 3): []}","{(0, np.int64(13)): {'cpu': 71}, (1, np.int64(0)): {'cpu': 59}, (2, np.int64(8)): {'cpu': 60}, (3, np.int64(35)): {'cpu': 69}, (4, np.int64(17)): {'cpu': 71}, (5, np.int64(26)): {'cpu': 32}, (6, np.int64(16)): {'cpu': 54}, (7, np.int64(5)): {'cpu': 55}, (8, np.int64(6)): {'cpu': 61}}","{((0, 3), (np.int64(13), 2)): {'bw': 135}, ((0, 3), (2, 29)): {'bw': 135}, ((0, 3), (29, 31)): {'bw': 135}, ((0, 3), (31, 35)): {'bw': 135}, ((0, 7), (np.int64(13), 2)): {'bw': 121}, ((0, 7), (2, 5)): {'bw': 121}}",0.0,0.0,1064.0,532.0,1897.0,0.0,0.0,0.0,0.0,0.0,0.0,0.0,0.0,0.0,Route Failure,100.0,"{'node_level': {}, 'link_level': {}, 'path_level': {}}","{'node_level': {0: {'cpu': -11}, 1: {'cpu': -33}, 2: {'cpu': -33}, 3: {'cpu': -24}, 4: {'cpu': -18}, 5: {'cpu': -44}, 6: {'cpu': -25}, 7: {'cpu': -16}, 8: {'cpu': -8}}, 'link_level': {(0, 3): {'bw': -67}, (0, 7): {'bw': -71}, (1, 3): {'bw': 100.0}}, 'path_level': {(0, 3): {}, (0, 7): {}, (1, 3): {}}}","{'node_level': {0: {'cpu': 0}, 1: {'cpu': 0}, 2: {'cpu': 0}, 3: {'cpu': 0}, 4: {'cpu': 0}, 5: {'cpu': 0}, 6: {'cpu': 0}, 7: {'cpu': 0}, 8: {'cpu': 0}}, 'link_level': {(0, 3): {'bw': 0}, (0, 7): {'bw': 0}, (1, 3): {'bw': 100.0}}, 'path_level': {(0, 3): {}, (0, 7): {}, (1, 3): {}}}",[],-inf,-inf,True,False,False,0,[],0,0.0,9.0,3.0,3
261,12,1,12413.0,27411.0,3815726.9975295765,8264912.213268712,0.4528473970303893,0.46167786167210656,30,510,0,8707.774980286631,15297,2297,13000,0.1328803322008305,0.1129307403616513,204,1894.7749802866301,6813.0,10,22,False,{},{},{},{},0.0,0.0,0.0,0.0,0.0,0.0,0.0,0.0,0.0,0.0,0.0,0.0,0.0,0.0,Leave Event,0.0,"{'node_level': {}, 'link_level': {}, 'path_level': {}}","{'node_level': {}, 'link_level': {}, 'path_level': {}}","{'node_level': {}, 'link_level': {}, 'path_level': {}}",[],-inf,-inf,True,True,False,0,[],0,0.0,,,3
262,12,1,12413.0,27411.0,3815726.9975295765,8264912.213268712,0.4528473970303893,0.46167786167210656,30,511,1,8708.0,15297,2297,13000,0.1328803322008305,0.1129307403616513,261,397.7751201325795,8708.0,6,9,False,"{0: np.int64(17), 1: np.int64(26), 2: np.int64(35), 3: np.int64(3), 4: np.int64(15), 5: np.int64(32)}","{(0, 2): [(np.int64(17), 14), (14, 12), (12, 0), (0, 28), (28, 31), (31, 35)], (0, 5): [(np.int64(17), 14), (14, 12), (12, 0), (0, 28), (28, 30), (30, 32)], (1, 2): []}","{(0, np.int64(17)): {'cpu': 80}, (1, np.int64(26)): {'cpu': 76}, (2, np.int64(35)): {'cpu': 36}, (3, np.int64(3)): {'cpu': 35}, (4, np.int64(15)): {'cpu': 46}, (5, np.int64(32)): {'cpu': 42}}","{((0, 2), (np.int64(17), 14)): {'bw': 62}, ((0, 2), (14, 12)): {'bw': 62}, ((0, 2), (12, 0)): {'bw': 62}, ((0, 2), (0, 28)): {'bw': 62}, ((0, 2), (28, 31)): {'bw': 62}, ((0, 2), (31, 35)): {'bw': 62}, ((0, 5), (np.int64(17), 14)): {'bw': 133}, ((0, 5), (14, 12)): {'bw': 133}, ((0, 5), (12, 0)): {'bw': 133}, ((0, 5), (0, 28)): {'bw': 133}, ((0, 5), (28, 30)): {'bw': 133}, ((0, 5), (30, 32)): {'bw': 133}}",0.0,0.0,630.0,315.0,1084.0,0.0,0.0,0.0,0.0,0.0,0.0,0.0,0.0,0.0,Route Failure,100.0,"{'node_level': {}, 'link_level': {}, 'path_level': {}}","{'node_level': {0: {'cpu': -9}, 1: {'cpu': 0}, 2: {'cpu': -57}, 3: {'cpu': -23}, 4: {'cpu': -48}, 5: {'cpu': -50}}, 'link_level': {(0, 2): {'bw': -140}, (0, 5): {'bw': -38}, (1, 2): {'bw': 100.0}}, 'path_level': {(0, 2): {}, (0, 5): {}, (1, 2): {}}}","{'node_level': {0: {'cpu': 0}, 1: {'cpu': 0}, 2: {'cpu': 0}, 3: {'cpu': 0}, 4: {'cpu': 0}, 5: {'cpu': 0}}, 'link_level': {(0, 2): {'bw': 0}, (0, 5): {'bw': 0}, (1, 2): {'bw': 100.0}}, 'path_level': {(0, 2): {}, (0, 5): {}, (1, 2): {}}}",[],-inf,-inf,True,False,False,0,[],0,0.0,6.0,3.0,3
262,12,0,12413.0,27411.0,3815726.9975295765,8264912.213268712,0.4528473970303893,0.46167786167210656,30,512,0,8735.218747853436,17304,2649,14655,0.0,0.0,254,277.218747853436,8458.0,6,6,False,{},{},{},{},0.0,0.0,0.0,0.0,0.0,0.0,0.0,0.0,0.0,0.0,0.0,0.0,0.0,0.0,Leave Event,0.0,"{'node_level': {}, 'link_level': {}, 'path_level': {}}","{'node_level': {}, 'link_level': {}, 'path_level': {}}","{'node_level': {}, 'link_level': {}, 'path_level': {}}",[],-inf,-inf,True,True,False,0,[],0,0.0,,,3
263,12,0,12413.0,27411.0,3815726.9975295765,8264912.213268712,0.4528473970303893,0.46167786167210656,30,513,1,8747.0,17304,2649,14655,0.0,0.0,262,523.929053023313,8747.0,7,9,False,"{0: np.int64(32), 1: np.int64(9), 2: np.int64(26), 3: np.int64(0), 4: np.int64(17), 5: np.int64(11), 6: np.int64(33)}","{(0, 2): [(np.int64(32), 30), (30, 28), (28, 0), (0, 20), (20, 23), (23, 26)], (0, 4): [(np.int64(32), 30), (30, 28), (28, 0), (0, 12), (12, 14), (14, 17)], (0, 5): [(np.int64(32), 30), (30, 28), (28, 0), (0, 4), (4, 7), (7, 11)], (0, 6): []}","{(0, np.int64(32)): {'cpu': 60}, (1, np.int64(9)): {'cpu': 63}, (2, np.int64(26)): {'cpu': 73}, (3, np.int64(0)): {'cpu': 42}, (4, np.int64(17)): {'cpu': 79}, (5, np.int64(11)): {'cpu': 38}, (6, np.int64(33)): {'cpu': 72}}","{((0, 2), (np.int64(32), 30)): {'bw': 139}, ((0, 2), (30, 28)): {'bw': 139}, ((0, 2), (28, 0)): {'bw': 139}, ((0, 2), (0, 20)): {'bw': 139}, ((0, 2), (20, 23)): {'bw': 139}, ((0, 2), (23, 26)): {'bw': 139}, ((0, 4), (np.int64(32), 30)): {'bw': 101}, ((0, 4), (30, 28)): {'bw': 101}, ((0, 4), (28, 0)): {'bw': 101}, ((0, 4), (0, 12)): {'bw': 101}, ((0, 4), (12, 14)): {'bw': 101}, ((0, 4), (14, 17)): {'bw': 101}, ((0, 5), (np.int64(32), 30)): {'bw': 76}, ((0, 5), (30, 28)): {'bw': 76}, ((0, 5), (28, 0)): {'bw': 76}, ((0, 5), (0, 4)): {'bw': 76}, ((0, 5), (4, 7)): {'bw': 76}, ((0, 5), (7, 11)): {'bw': 76}}",0.0,0.0,854.0,427.0,1010.0,0.0,0.0,0.0,0.0,0.0,0.0,0.0,0.0,0.0,Route Failure,100.0,"{'node_level': {}, 'link_level': {}, 'path_level': {}}","{'node_level': {0: {'cpu': -32}, 1: {'cpu': -28}, 2: {'cpu': -3}, 3: {'cpu': -50}, 4: {'cpu': -10}, 5: {'cpu': -33}, 6: {'cpu': -2}}, 'link_level': {(0, 2): {'bw': -140}, (0, 4): {'bw': -101}, (0, 5): {'bw': -25}, (0, 6): {'bw': 100.0}}, 'path_level': {(0, 2): {}, (0, 4): {}, (0, 5): {}, (0, 6): {}}}","{'node_level': {0: {'cpu': 0}, 1: {'cpu': 0}, 2: {'cpu': 0}, 3: {'cpu': 0}, 4: {'cpu': 0}, 5: {'cpu': 0}, 6: {'cpu': 0}}, 'link_level': {(0, 2): {'bw': 0}, (0, 4): {'bw': 0}, (0, 5): {'bw': 0}, (0, 6): {'bw': 100.0}}, 'path_level': {(0, 2): {}, (0, 4): {}, (0, 5): {}, (0, 6): {}}}",[],-inf,-inf,True,False,False,0,[],0,0.0,7.0,4.0,3
264,12,0,12413.0,27411.0,3815726.9975295765,8264912.213268712,0.4528473970303893,0.46167786167210656,30,514,1,8782.0,17304,2649,14655,0.0,0.0,263,41.480376307083425,8782.0,6,6,False,"{0: np.int64(10), 1: np.int64(12), 2: np.int64(27), 3: np.int64(8), 4: np.int64(11), 5: np.int64(14)}","{(0, 3): [(np.int64(10), 7), (7, 4), (4, 6), (6, 8)], (1, 4): [(np.int64(12), 0), (0, 4), (4, 7), (7, 11)], (2, 3): [(np.int64(27), 23), (23, 20), (20, 1), (1, 4), (4, 6), (6, 8)], (2, 4): [(np.int64(27), 23), (23, 20), (20, 1), (1, 4), (4, 7), (7, 11)], (2, 5): []}","{(0, np.int64(10)): {'cpu': 49}, (1, np.int64(12)): {'cpu': 39}, (2, np.int64(27)): {'cpu': 38}, (3, np.int64(8)): {'cpu': 76}, (4, np.int64(11)): {'cpu': 59}, (5, np.int64(14)): {'cpu': 66}}","{((0, 3), (np.int64(10), 7)): {'bw': 77}, ((0, 3), (7, 4)): {'bw': 77}, ((0, 3), (4, 6)): {'bw': 77}, ((0, 3), (6, 8)): {'bw': 77}, ((1, 4), (np.int64(12), 0)): {'bw': 150}, ((1, 4), (0, 4)): {'bw': 150}, ((1, 4), (4, 7)): {'bw': 150}, ((1, 4), (7, 11)): {'bw': 150}, ((2, 3), (np.int64(27), 23)): {'bw': 86}, ((2, 3), (23, 20)): {'bw': 86}, ((2, 3), (20, 1)): {'bw': 86}, ((2, 3), (1, 4)): {'bw': 86}, ((2, 3), (4, 6)): {'bw': 86}, ((2, 3), (6, 8)): {'bw': 86}, ((2, 4), (np.int64(27), 23)): {'bw': 91}, ((2, 4), (23, 20)): {'bw': 91}, ((2, 4), (20, 1)): {'bw': 91}, ((2, 4), (1, 4)): {'bw': 91}, ((2, 4), (4, 7)): {'bw': 91}, ((2, 4), (7, 11)): {'bw': 91}}",0.0,0.0,654.0,327.0,651.0,0.0,0.0,0.0,0.0,0.0,0.0,0.0,0.0,0.0,Route Failure,100.0,"{'node_level': {}, 'link_level': {}, 'path_level': {}}","{'node_level': {0: {'cpu': -11}, 1: {'cpu': -49}, 2: {'cpu': -17}, 3: {'cpu': -17}, 4: {'cpu': -12}, 5: {'cpu': -4}}, 'link_level': {(0, 3): {'bw': -239}, (1, 4): {'bw': -83}, (2, 3): {'bw': -151}, (2, 4): {'bw': -60}, (2, 5): {'bw': 100.0}}, 'path_level': {(0, 3): {}, (1, 4): {}, (2, 3): {}, (2, 4): {}, (2, 5): {}}}","{'node_level': {0: {'cpu': 0}, 1: {'cpu': 0}, 2: {'cpu': 0}, 3: {'cpu': 0}, 4: {'cpu': 0}, 5: {'cpu': 0}}, 'link_level': {(0, 3): {'bw': 0}, (1, 4): {'bw': 0}, (2, 3): {'bw': 0}, (2, 4): {'bw': 0}, (2, 5): {'bw': 100.0}}, 'path_level': {(0, 3): {}, (1, 4): {}, (2, 3): {}, (2, 4): {}, (2, 5): {}}}",[],-inf,-inf,True,False,False,0,[],0,0.0,6.0,5.0,3
264,12,0,12413.0,27411.0,3815726.9975295765,8264912.213268712,0.4528473970303893,0.46167786167210656,30,515,0,8794.016768108462,17304,2649,14655,0.0,0.0,234,1005.016768108463,7789.0,8,13,False,{},{},{},{},0.0,0.0,0.0,0.0,0.0,0.0,0.0,0.0,0.0,0.0,0.0,0.0,0.0,0.0,Leave Event,0.0,"{'node_level': {}, 'link_level': {}, 'path_level': {}}","{'node_level': {}, 'link_level': {}, 'path_level': {}}","{'node_level': {}, 'link_level': {}, 'path_level': {}}",[],-inf,-inf,True,True,False,0,[],0,0.0,,,3
265,12,0,12413.0,27411.0,3815726.9975295765,8264912.213268712,0.4528473970303893,0.46167786167210656,30,516,1,8818.0,17304,2649,14655,0.0,0.0,264,911.6423341389176,8818.0,9,21,False,"{0: np.int64(24), 1: np.int64(21), 2: np.int64(29), 3: np.int64(28), 4: np.int64(8), 5: np.int64(31), 6: np.int64(1), 7: np.int64(5), 8: np.int64(35)}","{(0, 1): [(np.int64(24), 22), (22, 21)], (0, 2): [(np.int64(24), 22), (22, 21), (21, 2), (2, 29)], (0, 6): []}","{(0, np.int64(24)): {'cpu': 32}, (1, np.int64(21)): {'cpu': 76}, (2, np.int64(29)): {'cpu': 62}, (3, np.int64(28)): {'cpu': 32}, (4, np.int64(8)): {'cpu': 51}, (5, np.int64(31)): {'cpu': 63}, (6, np.int64(1)): {'cpu': 69}, (7, np.int64(5)): {'cpu': 69}, (8, np.int64(35)): {'cpu': 68}}","{((0, 1), (np.int64(24), 22)): {'bw': 80}, ((0, 1), (22, 21)): {'bw': 80}, ((0, 2), (np.int64(24), 22)): {'bw': 133}, ((0, 2), (22, 21)): {'bw': 133}, ((0, 2), (21, 2)): {'bw': 133}, ((0, 2), (2, 29)): {'bw': 133}}",0.0,0.0,1044.0,522.0,2077.0,0.0,0.0,0.0,0.0,0.0,0.0,0.0,0.0,0.0,Route Failure,100.0,"{'node_level': {}, 'link_level': {}, 'path_level': {}}","{'node_level': {0: {'cpu': -20}, 1: {'cpu': 0}, 2: {'cpu': -34}, 3: {'cpu': -58}, 4: {'cpu': -42}, 5: {'cpu': -16}, 6: {'cpu': -5}, 7: {'cpu': -2}, 8: {'cpu': -25}}, 'link_level': {(0, 1): {'bw': -138}, (0, 2): {'bw': -5}, (0, 6): {'bw': 100.0}}, 'path_level': {(0, 1): {}, (0, 2): {}, (0, 6): {}}}","{'node_level': {0: {'cpu': 0}, 1: {'cpu': 0}, 2: {'cpu': 0}, 3: {'cpu': 0}, 4: {'cpu': 0}, 5: {'cpu': 0}, 6: {'cpu': 0}, 7: {'cpu': 0}, 8: {'cpu': 0}}, 'link_level': {(0, 1): {'bw': 0}, (0, 2): {'bw': 0}, (0, 6): {'bw': 100.0}}, 'path_level': {(0, 1): {}, (0, 2): {}, (0, 6): {}}}",[],-inf,-inf,True,False,False,0,[],0,0.0,9.0,3.0,3
265,12,0,12413.0,27411.0,3815726.9975295765,8264912.213268712,0.4528473970303893,0.46167786167210656,30,517,0,8823.480376307083,17304,2649,14655,0.0,0.0,263,41.480376307083425,8782.0,6,6,False,{},{},{},{},0.0,0.0,0.0,0.0,0.0,0.0,0.0,0.0,0.0,0.0,0.0,0.0,0.0,0.0,Leave Event,0.0,"{'node_level': {}, 'link_level': {}, 'path_level': {}}","{'node_level': {}, 'link_level': {}, 'path_level': {}}","{'node_level': {}, 'link_level': {}, 'path_level': {}}",[],-inf,-inf,True,True,False,0,[],0,0.0,,,3
265,12,0,12413.0,27411.0,3815726.9975295765,8264912.213268712,0.4528473970303893,0.46167786167210656,30,518,0,8843.39212409913,17304,2649,14655,0.0,0.0,238,923.3921240991294,7920.0,10,23,False,{},{},{},{},0.0,0.0,0.0,0.0,0.0,0.0,0.0,0.0,0.0,0.0,0.0,0.0,0.0,0.0,Leave Event,0.0,"{'node_level': {}, 'link_level': {}, 'path_level': {}}","{'node_level': {}, 'link_level': {}, 'path_level': {}}","{'node_level': {}, 'link_level': {}, 'path_level': {}}",[],-inf,-inf,True,True,False,0,[],0,0.0,,,3
266,12,0,12413.0,27411.0,3815726.9975295765,8264912.213268712,0.4528473970303893,0.46167786167210656,30,519,1,8849.0,17304,2649,14655,0.0,0.0,265,55.88105997560869,8849.0,7,11,False,"{0: np.int64(27), 1: np.int64(8), 2: np.int64(11), 3: np.int64(21), 4: np.int64(26), 5: np.int64(3), 6: np.int64(28)}","{(0, 3): [(np.int64(27), 23), (23, 21)], (0, 4): [(np.int64(27), 23), (23, 26)], (0, 5): []}","{(0, np.int64(27)): {'cpu': 52}, (1, np.int64(8)): {'cpu': 40}, (2, np.int64(11)): {'cpu': 66}, (3, np.int64(21)): {'cpu': 48}, (4, np.int64(26)): {'cpu': 68}, (5, np.int64(3)): {'cpu': 31}, (6, np.int64(28)): {'cpu': 73}}","{((0, 3), (np.int64(27), 23)): {'bw': 147}, ((0, 3), (23, 21)): {'bw': 147}, ((0, 4), (np.int64(27), 23)): {'bw': 125}, ((0, 4), (23, 26)): {'bw': 125}}",0.0,0.0,756.0,378.0,1314.0,0.0,0.0,0.0,0.0,0.0,0.0,0.0,0.0,0.0,Route Failure,100.0,"{'node_level': {}, 'link_level': {}, 'path_level': {}}","{'node_level': {0: {'cpu': -3}, 1: {'cpu': -53}, 2: {'cpu': -5}, 3: {'cpu': -28}, 4: {'cpu': -8}, 5: {'cpu': -27}, 6: {'cpu': -17}}, 'link_level': {(0, 3): {'bw': -149}, (0, 4): {'bw': -24}, (0, 5): {'bw': 100.0}}, 'path_level': {(0, 3): {}, (0, 4): {}, (0, 5): {}}}","{'node_level': {0: {'cpu': 0}, 1: {'cpu': 0}, 2: {'cpu': 0}, 3: {'cpu': 0}, 4: {'cpu': 0}, 5: {'cpu': 0}, 6: {'cpu': 0}}, 'link_level': {(0, 3): {'bw': 0}, (0, 4): {'bw': 0}, (0, 5): {'bw': 100.0}}, 'path_level': {(0, 3): {}, (0, 4): {}, (0, 5): {}}}",[],-inf,-inf,True,False,False,0,[],0,0.0,7.0,3.0,3
266,12,0,12413.0,27411.0,3815726.9975295765,8264912.213268712,0.4528473970303893,0.46167786167210656,30,520,0,8874.551513860179,17304,2649,14655,0.0,0.0,258,273.5515138601787,8601.0,7,10,False,{},{},{},{},0.0,0.0,0.0,0.0,0.0,0.0,0.0,0.0,0.0,0.0,0.0,0.0,0.0,0.0,Leave Event,0.0,"{'node_level': {}, 'link_level': {}, 'path_level': {}}","{'node_level': {}, 'link_level': {}, 'path_level': {}}","{'node_level': {}, 'link_level': {}, 'path_level': {}}",[],-inf,-inf,True,True,False,0,[],0,0.0,,,3
266,12,0,12413.0,27411.0,3815726.9975295765,8264912.213268712,0.4528473970303893,0.46167786167210656,30,521,0,8877.286275095837,17304,2649,14655,0.0,0.0,239,914.2862750958378,7963.0,8,16,False,{},{},{},{},0.0,0.0,0.0,0.0,0.0,0.0,0.0,0.0,0.0,0.0,0.0,0.0,0.0,0.0,Leave Event,0.0,"{'node_level': {}, 'link_level': {}, 'path_level': {}}","{'node_level': {}, 'link_level': {}, 'path_level': {}}","{'node_level': {}, 'link_level': {}, 'path_level': {}}",[],-inf,-inf,True,True,False,0,[],0,0.0,,,3
267,12,0,12413.0,27411.0,3815726.9975295765,8264912.213268712,0.4528473970303893,0.46167786167210656,30,522,1,8885.0,17304,2649,14655,0.0,0.0,266,379.9871422271623,8885.0,9,18,False,"{0: np.int64(18), 1: np.int64(23), 2: np.int64(9), 3: np.int64(22), 4: np.int64(24), 5: np.int64(7), 6: np.int64(20), 7: np.int64(15), 8: np.int64(16)}","{(0, 1): [(np.int64(18), 15), (15, 12), (12, 0), (0, 20), (20, 23)], (0, 2): [(np.int64(18), 15), (15, 12), (12, 0), (0, 4), (4, 6), (6, 9)], (0, 4): [(np.int64(18), 15), (15, 12), (12, 0), (0, 20), (20, 22), (22, 24)], (0, 5): []}","{(0, np.int64(18)): {'cpu': 51}, (1, np.int64(23)): {'cpu': 40}, (2, np.int64(9)): {'cpu': 67}, (3, np.int64(22)): {'cpu': 58}, (4, np.int64(24)): {'cpu': 41}, (5, np.int64(7)): {'cpu': 33}, (6, np.int64(20)): {'cpu': 62}, (7, np.int64(15)): {'cpu': 32}, (8, np.int64(16)): {'cpu': 34}}","{((0, 1), (np.int64(18), 15)): {'bw': 116}, ((0, 1), (15, 12)): {'bw': 116}, ((0, 1), (12, 0)): {'bw': 116}, ((0, 1), (0, 20)): {'bw': 116}, ((0, 1), (20, 23)): {'bw': 116}, ((0, 2), (np.int64(18), 15)): {'bw': 82}, ((0, 2), (15, 12)): {'bw': 82}, ((0, 2), (12, 0)): {'bw': 82}, ((0, 2), (0, 4)): {'bw': 82}, ((0, 2), (4, 6)): {'bw': 82}, ((0, 2), (6, 9)): {'bw': 82}, ((0, 4), (np.int64(18), 15)): {'bw': 69}, ((0, 4), (15, 12)): {'bw': 69}, ((0, 4), (12, 0)): {'bw': 69}, ((0, 4), (0, 20)): {'bw': 69}, ((0, 4), (20, 22)): {'bw': 69}, ((0, 4), (22, 24)): {'bw': 69}}",0.0,0.0,836.0,418.0,1801.0,0.0,0.0,0.0,0.0,0.0,0.0,0.0,0.0,0.0,Route Failure,100.0,"{'node_level': {}, 'link_level': {}, 'path_level': {}}","{'node_level': {0: {'cpu': -13}, 1: {'cpu': -12}, 2: {'cpu': -24}, 3: {'cpu': -14}, 4: {'cpu': -11}, 5: {'cpu': -27}, 6: {'cpu': -5}, 7: {'cpu': -62}, 8: {'cpu': -45}}, 'link_level': {(0, 1): {'bw': -163}, (0, 2): {'bw': -115}, (0, 4): {'bw': -46}, (0, 5): {'bw': 100.0}}, 'path_level': {(0, 1): {}, (0, 2): {}, (0, 4): {}, (0, 5): {}}}","{'node_level': {0: {'cpu': 0}, 1: {'cpu': 0}, 2: {'cpu': 0}, 3: {'cpu': 0}, 4: {'cpu': 0}, 5: {'cpu': 0}, 6: {'cpu': 0}, 7: {'cpu': 0}, 8: {'cpu': 0}}, 'link_level': {(0, 1): {'bw': 0}, (0, 2): {'bw': 0}, (0, 4): {'bw': 0}, (0, 5): {'bw': 100.0}}, 'path_level': {(0, 1): {}, (0, 2): {}, (0, 4): {}, (0, 5): {}}}",[],-inf,-inf,True,False,False,0,[],0,0.0,9.0,4.0,3
267,12,0,12413.0,27411.0,3815726.9975295765,8264912.213268712,0.4528473970303893,0.46167786167210656,30,523,0,8900.096239593433,17304,2649,14655,0.0,0.0,257,334.09623959343236,8566.0,8,16,False,{},{},{},{},0.0,0.0,0.0,0.0,0.0,0.0,0.0,0.0,0.0,0.0,0.0,0.0,0.0,0.0,Leave Event,0.0,"{'node_level': {}, 'link_level': {}, 'path_level': {}}","{'node_level': {}, 'link_level': {}, 'path_level': {}}","{'node_level': {}, 'link_level': {}, 'path_level': {}}",[],-inf,-inf,True,True,False,0,[],0,0.0,,,3
267,12,0,12413.0,27411.0,3815726.9975295765,8264912.213268712,0.4528473970303893,0.46167786167210656,30,524,0,8904.881059975609,17304,2649,14655,0.0,0.0,265,55.88105997560869,8849.0,7,11,False,{},{},{},{},0.0,0.0,0.0,0.0,0.0,0.0,0.0,0.0,0.0,0.0,0.0,0.0,0.0,0.0,Leave Event,0.0,"{'node_level': {}, 'link_level': {}, 'path_level': {}}","{'node_level': {}, 'link_level': {}, 'path_level': {}}","{'node_level': {}, 'link_level': {}, 'path_level': {}}",[],-inf,-inf,True,True,False,0,[],0,0.0,,,3
268,12,0,12413.0,27411.0,3815726.9975295765,8264912.213268712,0.4528473970303893,0.46167786167210656,30,525,1,8916.0,17304,2649,14655,0.0,0.0,267,1301.9095728357777,8916.0,8,12,False,"{0: np.int64(31), 1: np.int64(30), 2: np.int64(15), 3: np.int64(35), 4: np.int64(26), 5: np.int64(8), 6: np.int64(22), 7: np.int64(11)}","{(0, 4): [(np.int64(31), 28), (28, 0), (0, 20), (20, 23), (23, 26)], (0, 5): [(np.int64(31), 28), (28, 0), (0, 4), (4, 6), (6, 8)], (1, 3): [(np.int64(30), 28), (28, 31), (31, 35)], (1, 4): [(np.int64(30), 28), (28, 0), (0, 20), (20, 23), (23, 26)], (1, 5): [(np.int64(30), 28), (28, 1), (1, 4), (4, 6), (6, 8)], (1, 6): [(np.int64(30), 29), (29, 2), (2, 21), (21, 22)], (2, 3): [(np.int64(15), 13), (13, 2), (2, 29), (29, 31), (31, 35)], (2, 6): [(np.int64(15), 12), (12, 1), (1, 20), (20, 22)], (2, 7): [(np.int64(15), 12), (12, 0), (0, 4), (4, 7), (7, 11)], (3, 6): []}","{(0, np.int64(31)): {'cpu': 79}, (1, np.int64(30)): {'cpu': 69}, (2, np.int64(15)): {'cpu': 78}, (3, np.int64(35)): {'cpu': 46}, (4, np.int64(26)): {'cpu': 61}, (5, np.int64(8)): {'cpu': 49}, (6, np.int64(22)): {'cpu': 51}, (7, np.int64(11)): {'cpu': 58}}","{((0, 4), (np.int64(31), 28)): {'bw': 146}, ((0, 4), (28, 0)): {'bw': 146}, ((0, 4), (0, 20)): {'bw': 146}, ((0, 4), (20, 23)): {'bw': 146}, ((0, 4), (23, 26)): {'bw': 146}, ((0, 5), (np.int64(31), 28)): {'bw': 82}, ((0, 5), (28, 0)): {'bw': 82}, ((0, 5), (0, 4)): {'bw': 82}, ((0, 5), (4, 6)): {'bw': 82}, ((0, 5), (6, 8)): {'bw': 82}, ((1, 3), (np.int64(30), 28)): {'bw': 61}, ((1, 3), (28, 31)): {'bw': 61}, ((1, 3), (31, 35)): {'bw': 61}, ((1, 4), (np.int64(30), 28)): {'bw': 76}, ((1, 4), (28, 0)): {'bw': 76}, ((1, 4), (0, 20)): {'bw': 76}, ((1, 4), (20, 23)): {'bw': 76}, ((1, 4), (23, 26)): {'bw': 76}, ((1, 5), (np.int64(30), 28)): {'bw': 134}, ((1, 5), (28, 1)): {'bw': 134}, ((1, 5), (1, 4)): {'bw': 134}, ((1, 5), (4, 6)): {'bw': 134}, ((1, 5), (6, 8)): {'bw': 134}, ((1, 6), (np.int64(30), 29)): {'bw': 131}, ((1, 6), (29, 2)): {'bw': 131}, ((1, 6), (2, 21)): {'bw': 131}, ((1, 6), (21, 22)): {'bw': 131}, ((2, 3), (np.int64(15), 13)): {'bw': 97}, ((2, 3), (13, 2)): {'bw': 97}, ((2, 3), (2, 29)): {'bw': 97}, ((2, 3), (29, 31)): {'bw': 97}, ((2, 3), (31, 35)): {'bw': 97}, ((2, 6), (np.int64(15), 12)): {'bw': 86}, ((2, 6), (12, 1)): {'bw': 86}, ((2, 6), (1, 20)): {'bw': 86}, ((2, 6), (20, 22)): {'bw': 86}, ((2, 7), (np.int64(15), 12)): {'bw': 150}, ((2, 7), (12, 0)): {'bw': 150}, ((2, 7), (0, 4)): {'bw': 150}, ((2, 7), (4, 7)): {'bw': 150}, ((2, 7), (7, 11)): {'bw': 150}}",0.0,0.0,982.0,491.0,1276.0,0.0,0.0,0.0,0.0,0.0,0.0,0.0,0.0,0.0,Route Failure,100.0,"{'node_level': {}, 'link_level': {}, 'path_level': {}}","{'node_level': {0: {'cpu': 0}, 1: {'cpu': -14}, 2: {'cpu': -16}, 3: {'cpu': -47}, 4: {'cpu': -15}, 5: {'cpu': -44}, 6: {'cpu': -21}, 7: {'cpu': -13}}, 'link_level': {(0, 4): {'bw': -133}, (0, 5): {'bw': -137}, (1, 3): {'bw': -76}, (1, 4): {'bw': -57}, (1, 5): {'bw': -70}, (1, 6): {'bw': -97}, (2, 3): {'bw': -44}, (2, 6): {'bw': -134}, (2, 7): {'bw': -1}, (3, 6): {'bw': 100.0}}, 'path_level': {(0, 4): {}, (0, 5): {}, (1, 3): {}, (1, 4): {}, (1, 5): {}, (1, 6): {}, (2, 3): {}, (2, 6): {}, (2, 7): {}, (3, 6): {}}}","{'node_level': {0: {'cpu': 0}, 1: {'cpu': 0}, 2: {'cpu': 0}, 3: {'cpu': 0}, 4: {'cpu': 0}, 5: {'cpu': 0}, 6: {'cpu': 0}, 7: {'cpu': 0}}, 'link_level': {(0, 4): {'bw': 0}, (0, 5): {'bw': 0}, (1, 3): {'bw': 0}, (1, 4): {'bw': 0}, (1, 5): {'bw': 0}, (1, 6): {'bw': 0}, (2, 3): {'bw': 0}, (2, 6): {'bw': 0}, (2, 7): {'bw': 0}, (3, 6): {'bw': 100.0}}, 'path_level': {(0, 4): {}, (0, 5): {}, (1, 3): {}, (1, 4): {}, (1, 5): {}, (1, 6): {}, (2, 3): {}, (2, 6): {}, (2, 7): {}, (3, 6): {}}}",[],-inf,-inf,True,False,False,0,[],0,0.0,8.0,10.0,3
269,12,0,12413.0,27411.0,3815726.9975295765,8264912.213268712,0.4528473970303893,0.46167786167210656,30,526,1,8946.0,17304,2649,14655,0.0,0.0,268,397.8190342954006,8946.0,10,23,False,"{0: np.int64(30), 1: np.int64(29), 2: np.int64(24), 3: np.int64(14), 4: np.int64(21), 5: np.int64(12), 6: np.int64(33), 7: np.int64(18), 8: np.int64(17), 9: np.int64(1)}","{(0, 5): [(np.int64(30), 28), (28, 0), (0, 12)], (0, 6): [(np.int64(30), 33)], (0, 7): [(np.int64(30), 28), (28, 0), (0, 12), (12, 15), (15, 18)], (1, 2): [(np.int64(29), 2), (2, 21), (21, 22), (22, 24)], (1, 3): [(np.int64(29), 2), (2, 13), (13, 14)], (1, 4): [(np.int64(29), 2), (2, 21)], (1, 9): [(np.int64(29), 30), (30, 28), (28, 1)], (2, 4): [(np.int64(24), 22), (22, 21)], (2, 5): []}","{(0, np.int64(30)): {'cpu': 32}, (1, np.int64(29)): {'cpu': 68}, (2, np.int64(24)): {'cpu': 36}, (3, np.int64(14)): {'cpu': 39}, (4, np.int64(21)): {'cpu': 66}, (5, np.int64(12)): {'cpu': 43}, (6, np.int64(33)): {'cpu': 49}, (7, np.int64(18)): {'cpu': 38}, (8, np.int64(17)): {'cpu': 73}, (9, np.int64(1)): {'cpu': 37}}","{((0, 5), (np.int64(30), 28)): {'bw': 96}, ((0, 5), (28, 0)): {'bw': 96}, ((0, 5), (0, 12)): {'bw': 96}, ((0, 6), (np.int64(30), 33)): {'bw': 131}, ((0, 7), (np.int64(30), 28)): {'bw': 117}, ((0, 7), (28, 0)): {'bw': 117}, ((0, 7), (0, 12)): {'bw': 117}, ((0, 7), (12, 15)): {'bw': 117}, ((0, 7), (15, 18)): {'bw': 117}, ((1, 2), (np.int64(29), 2)): {'bw': 65}, ((1, 2), (2, 21)): {'bw': 65}, ((1, 2), (21, 22)): {'bw': 65}, ((1, 2), (22, 24)): {'bw': 65}, ((1, 3), (np.int64(29), 2)): {'bw': 72}, ((1, 3), (2, 13)): {'bw': 72}, ((1, 3), (13, 14)): {'bw': 72}, ((1, 4), (np.int64(29), 2)): {'bw': 140}, ((1, 4), (2, 21)): {'bw': 140}, ((1, 9), (np.int64(29), 30)): {'bw': 113}, ((1, 9), (30, 28)): {'bw': 113}, ((1, 9), (28, 1)): {'bw': 113}, ((2, 4), (np.int64(24), 22)): {'bw': 103}, ((2, 4), (22, 21)): {'bw': 103}}",0.0,0.0,962.0,481.0,2498.0,0.0,0.0,0.0,0.0,0.0,0.0,0.0,0.0,0.0,Route Failure,100.0,"{'node_level': {}, 'link_level': {}, 'path_level': {}}","{'node_level': {0: {'cpu': -51}, 1: {'cpu': -28}, 2: {'cpu': -16}, 3: {'cpu': -31}, 4: {'cpu': -10}, 5: {'cpu': -45}, 6: {'cpu': -25}, 7: {'cpu': -26}, 8: {'cpu': -16}, 9: {'cpu': -37}}, 'link_level': {(0, 5): {'bw': -227}, (0, 6): {'bw': -102}, (0, 7): {'bw': -110}, (1, 2): {'bw': -153}, (1, 3): {'bw': -129}, (1, 4): {'bw': -23}, (1, 9): {'bw': -15}, (2, 4): {'bw': -50}, (2, 5): {'bw': 100.0}}, 'path_level': {(0, 5): {}, (0, 6): {}, (0, 7): {}, (1, 2): {}, (1, 3): {}, (1, 4): {}, (1, 9): {}, (2, 4): {}, (2, 5): {}}}","{'node_level': {0: {'cpu': 0}, 1: {'cpu': 0}, 2: {'cpu': 0}, 3: {'cpu': 0}, 4: {'cpu': 0}, 5: {'cpu': 0}, 6: {'cpu': 0}, 7: {'cpu': 0}, 8: {'cpu': 0}, 9: {'cpu': 0}}, 'link_level': {(0, 5): {'bw': 0}, (0, 6): {'bw': 0}, (0, 7): {'bw': 0}, (1, 2): {'bw': 0}, (1, 3): {'bw': 0}, (1, 4): {'bw': 0}, (1, 9): {'bw': 0}, (2, 4): {'bw': 0}, (2, 5): {'bw': 100.0}}, 'path_level': {(0, 5): {}, (0, 6): {}, (0, 7): {}, (1, 2): {}, (1, 3): {}, (1, 4): {}, (1, 9): {}, (2, 4): {}, (2, 5): {}}}",[],-inf,-inf,True,False,False,0,[],0,0.0,10.0,9.0,3
270,12,0,12413.0,27411.0,3815726.9975295765,8264912.213268712,0.4528473970303893,0.46167786167210656,30,527,1,8974.0,17304,2649,14655,0.0,0.0,269,209.4331346703202,8974.0,9,15,False,"{0: np.int64(31), 1: np.int64(14), 2: np.int64(9), 3: np.int64(12), 4: np.int64(30), 5: np.int64(34), 6: np.int64(16), 7: np.int64(18), 8: np.int64(29)}","{(0, 6): [(np.int64(31), 28), (28, 0), (0, 12), (12, 14), (14, 16)], (0, 8): [(np.int64(31), 29)], (1, 2): [(np.int64(14), 12), (12, 0), (0, 4), (4, 6), (6, 9)], (1, 5): [(np.int64(14), 13), (13, 2), (2, 29), (29, 31), (31, 34)], (1, 8): [(np.int64(14), 13), (13, 2), (2, 29)], (2, 4): [(np.int64(9), 6), (6, 4), (4, 0), (0, 28), (28, 30)], (2, 5): [(np.int64(9), 6), (6, 5), (5, 2), (2, 29), (29, 30), (30, 28), (28, 31), (31, 34)], (2, 7): []}","{(0, np.int64(31)): {'cpu': 42}, (1, np.int64(14)): {'cpu': 45}, (2, np.int64(9)): {'cpu': 66}, (3, np.int64(12)): {'cpu': 57}, (4, np.int64(30)): {'cpu': 71}, (5, np.int64(34)): {'cpu': 39}, (6, np.int64(16)): {'cpu': 78}, (7, np.int64(18)): {'cpu': 31}, (8, np.int64(29)): {'cpu': 42}}","{((0, 6), (np.int64(31), 28)): {'bw': 80}, ((0, 6), (28, 0)): {'bw': 80}, ((0, 6), (0, 12)): {'bw': 80}, ((0, 6), (12, 14)): {'bw': 80}, ((0, 6), (14, 16)): {'bw': 80}, ((0, 8), (np.int64(31), 29)): {'bw': 138}, ((1, 2), (np.int64(14), 12)): {'bw': 137}, ((1, 2), (12, 0)): {'bw': 137}, ((1, 2), (0, 4)): {'bw': 137}, ((1, 2), (4, 6)): {'bw': 137}, ((1, 2), (6, 9)): {'bw': 137}, ((1, 5), (np.int64(14), 13)): {'bw': 88}, ((1, 5), (13, 2)): {'bw': 88}, ((1, 5), (2, 29)): {'bw': 88}, ((1, 5), (29, 31)): {'bw': 88}, ((1, 5), (31, 34)): {'bw': 88}, ((1, 8), (np.int64(14), 13)): {'bw': 70}, ((1, 8), (13, 2)): {'bw': 70}, ((1, 8), (2, 29)): {'bw': 70}, ((2, 4), (np.int64(9), 6)): {'bw': 95}, ((2, 4), (6, 4)): {'bw': 95}, ((2, 4), (4, 0)): {'bw': 95}, ((2, 4), (0, 28)): {'bw': 95}, ((2, 4), (28, 30)): {'bw': 95}, ((2, 5), (np.int64(9), 6)): {'bw': 138}, ((2, 5), (6, 5)): {'bw': 138}, ((2, 5), (5, 2)): {'bw': 138}, ((2, 5), (2, 29)): {'bw': 138}, ((2, 5), (29, 30)): {'bw': 138}, ((2, 5), (30, 28)): {'bw': 138}, ((2, 5), (28, 31)): {'bw': 138}, ((2, 5), (31, 34)): {'bw': 138}}",0.0,0.0,942.0,471.0,1637.0,0.0,0.0,0.0,0.0,0.0,0.0,0.0,0.0,0.0,Route Failure,100.0,"{'node_level': {}, 'link_level': {}, 'path_level': {}}","{'node_level': {0: {'cpu': -37}, 1: {'cpu': -25}, 2: {'cpu': -25}, 3: {'cpu': -31}, 4: {'cpu': -12}, 5: {'cpu': -18}, 6: {'cpu': -1}, 7: {'cpu': -33}, 8: {'cpu': -54}}, 'link_level': {(0, 6): {'bw': -153}, (0, 8): {'bw': -110}, (1, 2): {'bw': -16}, (1, 5): {'bw': -22}, (1, 8): {'bw': -43}, (2, 4): {'bw': -1}, (2, 5): {'bw': -23}, (2, 7): {'bw': 100.0}}, 'path_level': {(0, 6): {}, (0, 8): {}, (1, 2): {}, (1, 5): {}, (1, 8): {}, (2, 4): {}, (2, 5): {}, (2, 7): {}}}","{'node_level': {0: {'cpu': 0}, 1: {'cpu': 0}, 2: {'cpu': 0}, 3: {'cpu': 0}, 4: {'cpu': 0}, 5: {'cpu': 0}, 6: {'cpu': 0}, 7: {'cpu': 0}, 8: {'cpu': 0}}, 'link_level': {(0, 6): {'bw': 0}, (0, 8): {'bw': 0}, (1, 2): {'bw': 0}, (1, 5): {'bw': 0}, (1, 8): {'bw': 0}, (2, 4): {'bw': 0}, (2, 5): {'bw': 0}, (2, 7): {'bw': 100.0}}, 'path_level': {(0, 6): {}, (0, 8): {}, (1, 2): {}, (1, 5): {}, (1, 8): {}, (2, 4): {}, (2, 5): {}, (2, 7): {}}}",[],-inf,-inf,True,False,False,0,[],0,0.0,9.0,8.0,3
271,12,0,12413.0,27411.0,3815726.9975295765,8264912.213268712,0.4528473970303893,0.46167786167210656,30,528,1,9021.0,17304,2649,14655,0.0,0.0,270,648.4661320045739,9021.0,7,11,False,"{0: np.int64(28), 1: np.int64(30), 2: np.int64(19), 3: np.int64(15), 4: np.int64(12), 5: np.int64(11), 6: np.int64(34)}","{(0, 2): [(np.int64(28), 0), (0, 12), (12, 15), (15, 19)], (0, 3): [(np.int64(28), 0), (0, 12), (12, 15)], (0, 5): [(np.int64(28), 0), (0, 4), (4, 7), (7, 11)], (0, 6): [(np.int64(28), 31), (31, 34)], (1, 2): [(np.int64(30), 29), (29, 2), (2, 13), (13, 15), (15, 19)], (1, 3): [(np.int64(30), 29), (29, 2), (2, 13), (13, 15)], (2, 3): []}","{(0, np.int64(28)): {'cpu': 73}, (1, np.int64(30)): {'cpu': 75}, (2, np.int64(19)): {'cpu': 33}, (3, np.int64(15)): {'cpu': 50}, (4, np.int64(12)): {'cpu': 78}, (5, np.int64(11)): {'cpu': 64}, (6, np.int64(34)): {'cpu': 51}}","{((0, 2), (np.int64(28), 0)): {'bw': 126}, ((0, 2), (0, 12)): {'bw': 126}, ((0, 2), (12, 15)): {'bw': 126}, ((0, 2), (15, 19)): {'bw': 126}, ((0, 3), (np.int64(28), 0)): {'bw': 150}, ((0, 3), (0, 12)): {'bw': 150}, ((0, 3), (12, 15)): {'bw': 150}, ((0, 5), (np.int64(28), 0)): {'bw': 85}, ((0, 5), (0, 4)): {'bw': 85}, ((0, 5), (4, 7)): {'bw': 85}, ((0, 5), (7, 11)): {'bw': 85}, ((0, 6), (np.int64(28), 31)): {'bw': 88}, ((0, 6), (31, 34)): {'bw': 88}, ((1, 2), (np.int64(30), 29)): {'bw': 125}, ((1, 2), (29, 2)): {'bw': 125}, ((1, 2), (2, 13)): {'bw': 125}, ((1, 2), (13, 15)): {'bw': 125}, ((1, 2), (15, 19)): {'bw': 125}, ((1, 3), (np.int64(30), 29)): {'bw': 97}, ((1, 3), (29, 2)): {'bw': 97}, ((1, 3), (2, 13)): {'bw': 97}, ((1, 3), (13, 15)): {'bw': 97}}",0.0,0.0,848.0,424.0,1172.0,0.0,0.0,0.0,0.0,0.0,0.0,0.0,0.0,0.0,Route Failure,100.0,"{'node_level': {}, 'link_level': {}, 'path_level': {}}","{'node_level': {0: {'cpu': -17}, 1: {'cpu': -8}, 2: {'cpu': -43}, 3: {'cpu': -44}, 4: {'cpu': -10}, 5: {'cpu': -7}, 6: {'cpu': -6}}, 'link_level': {(0, 2): {'bw': -173}, (0, 3): {'bw': -37}, (0, 5): {'bw': -15}, (0, 6): {'bw': -164}, (1, 2): {'bw': -48}, (1, 3): {'bw': -63}, (2, 3): {'bw': 100.0}}, 'path_level': {(0, 2): {}, (0, 3): {}, (0, 5): {}, (0, 6): {}, (1, 2): {}, (1, 3): {}, (2, 3): {}}}","{'node_level': {0: {'cpu': 0}, 1: {'cpu': 0}, 2: {'cpu': 0}, 3: {'cpu': 0}, 4: {'cpu': 0}, 5: {'cpu': 0}, 6: {'cpu': 0}}, 'link_level': {(0, 2): {'bw': 0}, (0, 3): {'bw': 0}, (0, 5): {'bw': 0}, (0, 6): {'bw': 0}, (1, 2): {'bw': 0}, (1, 3): {'bw': 0}, (2, 3): {'bw': 100.0}}, 'path_level': {(0, 2): {}, (0, 3): {}, (0, 5): {}, (0, 6): {}, (1, 2): {}, (1, 3): {}, (2, 3): {}}}",[],-inf,-inf,True,False,False,0,[],0,0.0,7.0,7.0,3
272,12,0,12413.0,27411.0,3815726.9975295765,8264912.213268712,0.4528473970303893,0.46167786167210656,30,529,1,9060.0,17304,2649,14655,0.0,0.0,271,1156.3912062914412,9060.0,9,23,False,"{0: np.int64(35), 1: np.int64(24), 2: np.int64(31), 3: np.int64(30), 4: np.int64(29), 5: np.int64(17), 6: np.int64(3), 7: np.int64(0), 8: np.int64(7)}","{(0, 2): [(np.int64(35), 31)], (0, 3): []}","{(0, np.int64(35)): {'cpu': 55}, (1, np.int64(24)): {'cpu': 51}, (2, np.int64(31)): {'cpu': 55}, (3, np.int64(30)): {'cpu': 68}, (4, np.int64(29)): {'cpu': 42}, (5, np.int64(17)): {'cpu': 75}, (6, np.int64(3)): {'cpu': 30}, (7, np.int64(0)): {'cpu': 48}, (8, np.int64(7)): {'cpu': 53}}","{((0, 2), (np.int64(35), 31)): {'bw': 138}}",0.0,0.0,954.0,477.0,2473.0,0.0,0.0,0.0,0.0,0.0,0.0,0.0,0.0,0.0,Route Failure,100.0,"{'node_level': {}, 'link_level': {}, 'path_level': {}}","{'node_level': {0: {'cpu': -38}, 1: {'cpu': -1}, 2: {'cpu': -24}, 3: {'cpu': -15}, 4: {'cpu': -54}, 5: {'cpu': -14}, 6: {'cpu': -28}, 7: {'cpu': -44}, 8: {'cpu': -7}}, 'link_level': {(0, 2): {'bw': -64}, (0, 3): {'bw': 100.0}}, 'path_level': {(0, 2): {}, (0, 3): {}}}","{'node_level': {0: {'cpu': 0}, 1: {'cpu': 0}, 2: {'cpu': 0}, 3: {'cpu': 0}, 4: {'cpu': 0}, 5: {'cpu': 0}, 6: {'cpu': 0}, 7: {'cpu': 0}, 8: {'cpu': 0}}, 'link_level': {(0, 2): {'bw': 0}, (0, 3): {'bw': 100.0}}, 'path_level': {(0, 2): {}, (0, 3): {}}}",[],-inf,-inf,True,False,False,0,[],0,0.0,9.0,2.0,3
272,12,0,12413.0,27411.0,3815726.9975295765,8264912.213268712,0.4528473970303893,0.46167786167210656,30,530,0,9060.912549981456,17304,2649,14655,0.0,0.0,260,375.9125499814566,8685.0,9,17,False,{},{},{},{},0.0,0.0,0.0,0.0,0.0,0.0,0.0,0.0,0.0,0.0,0.0,0.0,0.0,0.0,Leave Event,0.0,"{'node_level': {}, 'link_level': {}, 'path_level': {}}","{'node_level': {}, 'link_level': {}, 'path_level': {}}","{'node_level': {}, 'link_level': {}, 'path_level': {}}",[],-inf,-inf,True,True,False,0,[],0,0.0,,,3
273,12,0,12413.0,27411.0,3815726.9975295765,8264912.213268712,0.4528473970303893,0.46167786167210656,30,531,1,9085.0,17304,2649,14655,0.0,0.0,272,478.8629233183817,9085.0,6,6,False,"{0: np.int64(13), 1: np.int64(15), 2: np.int64(35), 3: np.int64(11), 4: np.int64(17), 5: np.int64(33)}","{(0, 2): [(np.int64(13), 2), (2, 29), (29, 31), (31, 35)], (0, 3): [(np.int64(13), 2), (2, 5), (5, 7), (7, 11)], (0, 4): [(np.int64(13), 14), (14, 17)], (1, 5): [(np.int64(15), 12), (12, 0), (0, 28), (28, 30), (30, 33)], (2, 4): []}","{(0, np.int64(13)): {'cpu': 71}, (1, np.int64(15)): {'cpu': 72}, (2, np.int64(35)): {'cpu': 59}, (3, np.int64(11)): {'cpu': 65}, (4, np.int64(17)): {'cpu': 80}, (5, np.int64(33)): {'cpu': 73}}","{((0, 2), (np.int64(13), 2)): {'bw': 85}, ((0, 2), (2, 29)): {'bw': 85}, ((0, 2), (29, 31)): {'bw': 85}, ((0, 2), (31, 35)): {'bw': 85}, ((0, 3), (np.int64(13), 2)): {'bw': 118}, ((0, 3), (2, 5)): {'bw': 118}, ((0, 3), (5, 7)): {'bw': 118}, ((0, 3), (7, 11)): {'bw': 118}, ((0, 4), (np.int64(13), 14)): {'bw': 95}, ((0, 4), (14, 17)): {'bw': 95}, ((1, 5), (np.int64(15), 12)): {'bw': 73}, ((1, 5), (12, 0)): {'bw': 73}, ((1, 5), (0, 28)): {'bw': 73}, ((1, 5), (28, 30)): {'bw': 73}, ((1, 5), (30, 33)): {'bw': 73}}",0.0,0.0,840.0,420.0,586.0,0.0,0.0,0.0,0.0,0.0,0.0,0.0,0.0,0.0,Route Failure,100.0,"{'node_level': {}, 'link_level': {}, 'path_level': {}}","{'node_level': {0: {'cpu': -11}, 1: {'cpu': -22}, 2: {'cpu': -34}, 3: {'cpu': -6}, 4: {'cpu': -9}, 5: {'cpu': -1}}, 'link_level': {(0, 2): {'bw': -117}, (0, 3): {'bw': -124}, (0, 4): {'bw': -106}, (1, 5): {'bw': -160}, (2, 4): {'bw': 100.0}}, 'path_level': {(0, 2): {}, (0, 3): {}, (0, 4): {}, (1, 5): {}, (2, 4): {}}}","{'node_level': {0: {'cpu': 0}, 1: {'cpu': 0}, 2: {'cpu': 0}, 3: {'cpu': 0}, 4: {'cpu': 0}, 5: {'cpu': 0}}, 'link_level': {(0, 2): {'bw': 0}, (0, 3): {'bw': 0}, (0, 4): {'bw': 0}, (1, 5): {'bw': 0}, (2, 4): {'bw': 100.0}}, 'path_level': {(0, 2): {}, (0, 3): {}, (0, 4): {}, (1, 5): {}, (2, 4): {}}}",[],-inf,-inf,True,False,False,0,[],0,0.0,6.0,5.0,3
273,12,0,12413.0,27411.0,3815726.9975295765,8264912.213268712,0.4528473970303893,0.46167786167210656,30,532,0,9105.77512013258,17304,2649,14655,0.0,0.0,261,397.7751201325795,8708.0,6,9,False,{},{},{},{},0.0,0.0,0.0,0.0,0.0,0.0,0.0,0.0,0.0,0.0,0.0,0.0,0.0,0.0,Leave Event,0.0,"{'node_level': {}, 'link_level': {}, 'path_level': {}}","{'node_level': {}, 'link_level': {}, 'path_level': {}}","{'node_level': {}, 'link_level': {}, 'path_level': {}}",[],-inf,-inf,True,True,False,0,[],0,0.0,,,3
274,12,0,12413.0,27411.0,3815726.9975295765,8264912.213268712,0.4528473970303893,0.46167786167210656,30,533,1,9124.0,17304,2649,14655,0.0,0.0,273,28.754254294835015,9124.0,9,20,False,"{0: np.int64(28), 1: np.int64(6), 2: np.int64(14), 3: np.int64(20), 4: np.int64(35), 5: np.int64(11), 6: np.int64(27), 7: np.int64(21), 8: np.int64(32)}","{(0, 2): [(np.int64(28), 0), (0, 12), (12, 14)], (0, 3): [(np.int64(28), 0), (0, 20)], (0, 4): [(np.int64(28), 31), (31, 35)], (0, 5): [(np.int64(28), 1), (1, 4), (4, 7), (7, 11)], (0, 6): [(np.int64(28), 1), (1, 20), (20, 23), (23, 27)], (0, 8): [(np.int64(28), 30), (30, 32)], (1, 2): [(np.int64(6), 4), (4, 0), (0, 12), (12, 14)], (1, 3): [(np.int64(6), 4), (4, 0), (0, 20)], (1, 5): [(np.int64(6), 4), (4, 7), (7, 11)], (1, 6): [(np.int64(6), 5), (5, 2), (2, 21), (21, 23), (23, 27)], (2, 5): [(np.int64(14), 13), (13, 2), (2, 5), (5, 7), (7, 11)], (2, 6): [(np.int64(14), 13), (13, 2), (2, 21), (21, 23), (23, 27)], (2, 8): []}","{(0, np.int64(28)): {'cpu': 38}, (1, np.int64(6)): {'cpu': 53}, (2, np.int64(14)): {'cpu': 38}, (3, np.int64(20)): {'cpu': 48}, (4, np.int64(35)): {'cpu': 41}, (5, np.int64(11)): {'cpu': 44}, (6, np.int64(27)): {'cpu': 48}, (7, np.int64(21)): {'cpu': 65}, (8, np.int64(32)): {'cpu': 51}}","{((0, 2), (np.int64(28), 0)): {'bw': 143}, ((0, 2), (0, 12)): {'bw': 143}, ((0, 2), (12, 14)): {'bw': 143}, ((0, 3), (np.int64(28), 0)): {'bw': 149}, ((0, 3), (0, 20)): {'bw': 149}, ((0, 4), (np.int64(28), 31)): {'bw': 79}, ((0, 4), (31, 35)): {'bw': 79}, ((0, 5), (np.int64(28), 1)): {'bw': 121}, ((0, 5), (1, 4)): {'bw': 121}, ((0, 5), (4, 7)): {'bw': 121}, ((0, 5), (7, 11)): {'bw': 121}, ((0, 6), (np.int64(28), 1)): {'bw': 93}, ((0, 6), (1, 20)): {'bw': 93}, ((0, 6), (20, 23)): {'bw': 93}, ((0, 6), (23, 27)): {'bw': 93}, ((0, 8), (np.int64(28), 30)): {'bw': 135}, ((0, 8), (30, 32)): {'bw': 135}, ((1, 2), (np.int64(6), 4)): {'bw': 89}, ((1, 2), (4, 0)): {'bw': 89}, ((1, 2), (0, 12)): {'bw': 89}, ((1, 2), (12, 14)): {'bw': 89}, ((1, 3), (np.int64(6), 4)): {'bw': 63}, ((1, 3), (4, 0)): {'bw': 63}, ((1, 3), (0, 20)): {'bw': 63}, ((1, 5), (np.int64(6), 4)): {'bw': 115}, ((1, 5), (4, 7)): {'bw': 115}, ((1, 5), (7, 11)): {'bw': 115}, ((1, 6), (np.int64(6), 5)): {'bw': 93}, ((1, 6), (5, 2)): {'bw': 93}, ((1, 6), (2, 21)): {'bw': 93}, ((1, 6), (21, 23)): {'bw': 93}, ((1, 6), (23, 27)): {'bw': 93}, ((2, 5), (np.int64(14), 13)): {'bw': 100}, ((2, 5), (13, 2)): {'bw': 100}, ((2, 5), (2, 5)): {'bw': 100}, ((2, 5), (5, 7)): {'bw': 100}, ((2, 5), (7, 11)): {'bw': 100}, ((2, 6), (np.int64(14), 13)): {'bw': 92}, ((2, 6), (13, 2)): {'bw': 92}, ((2, 6), (2, 21)): {'bw': 92}, ((2, 6), (21, 23)): {'bw': 92}, ((2, 6), (23, 27)): {'bw': 92}}",0.0,0.0,852.0,426.0,2214.0,0.0,0.0,0.0,0.0,0.0,0.0,0.0,0.0,0.0,Route Failure,100.0,"{'node_level': {}, 'link_level': {}, 'path_level': {}}","{'node_level': {0: {'cpu': -52}, 1: {'cpu': -16}, 2: {'cpu': -32}, 3: {'cpu': -19}, 4: {'cpu': -52}, 5: {'cpu': -27}, 6: {'cpu': -7}, 7: {'cpu': -11}, 8: {'cpu': -41}}, 'link_level': {(0, 2): {'bw': -90}, (0, 3): {'bw': -84}, (0, 4): {'bw': -123}, (0, 5): {'bw': -116}, (0, 6): {'bw': -35}, (0, 8): {'bw': -206}, (1, 2): {'bw': -1}, (1, 3): {'bw': -67}, (1, 5): {'bw': -49}, (1, 6): {'bw': -110}, (2, 5): {'bw': -38}, (2, 6): {'bw': -9}, (2, 8): {'bw': 100.0}}, 'path_level': {(0, 2): {}, (0, 3): {}, (0, 4): {}, (0, 5): {}, (0, 6): {}, (0, 8): {}, (1, 2): {}, (1, 3): {}, (1, 5): {}, (1, 6): {}, (2, 5): {}, (2, 6): {}, (2, 8): {}}}","{'node_level': {0: {'cpu': 0}, 1: {'cpu': 0}, 2: {'cpu': 0}, 3: {'cpu': 0}, 4: {'cpu': 0}, 5: {'cpu': 0}, 6: {'cpu': 0}, 7: {'cpu': 0}, 8: {'cpu': 0}}, 'link_level': {(0, 2): {'bw': 0}, (0, 3): {'bw': 0}, (0, 4): {'bw': 0}, (0, 5): {'bw': 0}, (0, 6): {'bw': 0}, (0, 8): {'bw': 0}, (1, 2): {'bw': 0}, (1, 3): {'bw': 0}, (1, 5): {'bw': 0}, (1, 6): {'bw': 0}, (2, 5): {'bw': 0}, (2, 6): {'bw': 0}, (2, 8): {'bw': 100.0}}, 'path_level': {(0, 2): {}, (0, 3): {}, (0, 4): {}, (0, 5): {}, (0, 6): {}, (0, 8): {}, (1, 2): {}, (1, 3): {}, (1, 5): {}, (1, 6): {}, (2, 5): {}, (2, 6): {}, (2, 8): {}}}",[],-inf,-inf,True,False,False,0,[],0,0.0,9.0,13.0,3
274,12,0,12413.0,27411.0,3815726.9975295765,8264912.213268712,0.4528473970303893,0.46167786167210656,30,534,0,9152.754254294836,17304,2649,14655,0.0,0.0,273,28.754254294835015,9124.0,9,20,False,{},{},{},{},0.0,0.0,0.0,0.0,0.0,0.0,0.0,0.0,0.0,0.0,0.0,0.0,0.0,0.0,Leave Event,0.0,"{'node_level': {}, 'link_level': {}, 'path_level': {}}","{'node_level': {}, 'link_level': {}, 'path_level': {}}","{'node_level': {}, 'link_level': {}, 'path_level': {}}",[],-inf,-inf,True,True,False,0,[],0,0.0,,,3
275,12,0,12413.0,27411.0,3815726.9975295765,8264912.213268712,0.4528473970303893,0.46167786167210656,30,535,1,9153.0,17304,2649,14655,0.0,0.0,274,1055.1920759646177,9153.0,6,10,False,"{0: np.int64(33), 1: np.int64(17), 2: np.int64(9), 3: np.int64(5), 4: np.int64(15), 5: np.int64(0)}","{(0, 1): [(np.int64(33), 30), (30, 28), (28, 0), (0, 12), (12, 14), (14, 17)], (0, 2): []}","{(0, np.int64(33)): {'cpu': 71}, (1, np.int64(17)): {'cpu': 77}, (2, np.int64(9)): {'cpu': 78}, (3, np.int64(5)): {'cpu': 63}, (4, np.int64(15)): {'cpu': 80}, (5, np.int64(0)): {'cpu': 77}}","{((0, 1), (np.int64(33), 30)): {'bw': 123}, ((0, 1), (30, 28)): {'bw': 123}, ((0, 1), (28, 0)): {'bw': 123}, ((0, 1), (0, 12)): {'bw': 123}, ((0, 1), (12, 14)): {'bw': 123}, ((0, 1), (14, 17)): {'bw': 123}}",0.0,0.0,892.0,446.0,1011.0,0.0,0.0,0.0,0.0,0.0,0.0,0.0,0.0,0.0,Route Failure,100.0,"{'node_level': {}, 'link_level': {}, 'path_level': {}}","{'node_level': {0: {'cpu': -3}, 1: {'cpu': -12}, 2: {'cpu': -13}, 3: {'cpu': -8}, 4: {'cpu': -14}, 5: {'cpu': -15}}, 'link_level': {(0, 1): {'bw': -110}, (0, 2): {'bw': 100.0}}, 'path_level': {(0, 1): {}, (0, 2): {}}}","{'node_level': {0: {'cpu': 0}, 1: {'cpu': 0}, 2: {'cpu': 0}, 3: {'cpu': 0}, 4: {'cpu': 0}, 5: {'cpu': 0}}, 'link_level': {(0, 1): {'bw': 0}, (0, 2): {'bw': 100.0}}, 'path_level': {(0, 1): {}, (0, 2): {}}}",[],-inf,-inf,True,False,False,0,[],0,0.0,6.0,2.0,3
275,12,0,12413.0,27411.0,3815726.9975295765,8264912.213268712,0.4528473970303893,0.46167786167210656,30,536,0,9183.43313467032,17304,2649,14655,0.0,0.0,269,209.4331346703202,8974.0,9,15,False,{},{},{},{},0.0,0.0,0.0,0.0,0.0,0.0,0.0,0.0,0.0,0.0,0.0,0.0,0.0,0.0,Leave Event,0.0,"{'node_level': {}, 'link_level': {}, 'path_level': {}}","{'node_level': {}, 'link_level': {}, 'path_level': {}}","{'node_level': {}, 'link_level': {}, 'path_level': {}}",[],-inf,-inf,True,True,False,0,[],0,0.0,,,3
276,12,0,12413.0,27411.0,3815726.9975295765,8264912.213268712,0.4528473970303893,0.46167786167210656,30,537,1,9185.0,17304,2649,14655,0.0,0.0,275,9.070504469959818,9185.0,10,24,False,"{0: np.int64(17), 1: np.int64(35), 2: np.int64(16), 3: np.int64(10), 4: np.int64(0), 5: np.int64(13), 6: np.int64(22), 7: np.int64(27), 8: np.int64(1), 9: np.int64(18)}","{(0, 2): [(np.int64(17), 14), (14, 16)], (0, 5): [(np.int64(17), 14), (14, 13)], (0, 6): [(np.int64(17), 14), (14, 12), (12, 0), (0, 20), (20, 22)], (0, 7): []}","{(0, np.int64(17)): {'cpu': 57}, (1, np.int64(35)): {'cpu': 43}, (2, np.int64(16)): {'cpu': 33}, (3, np.int64(10)): {'cpu': 34}, (4, np.int64(0)): {'cpu': 76}, (5, np.int64(13)): {'cpu': 69}, (6, np.int64(22)): {'cpu': 62}, (7, np.int64(27)): {'cpu': 47}, (8, np.int64(1)): {'cpu': 40}, (9, np.int64(18)): {'cpu': 59}}","{((0, 2), (np.int64(17), 14)): {'bw': 60}, ((0, 2), (14, 16)): {'bw': 60}, ((0, 5), (np.int64(17), 14)): {'bw': 97}, ((0, 5), (14, 13)): {'bw': 97}, ((0, 6), (np.int64(17), 14)): {'bw': 113}, ((0, 6), (14, 12)): {'bw': 113}, ((0, 6), (12, 0)): {'bw': 113}, ((0, 6), (0, 20)): {'bw': 113}, ((0, 6), (20, 22)): {'bw': 113}}",0.0,0.0,1040.0,520.0,2637.0,0.0,0.0,0.0,0.0,0.0,0.0,0.0,0.0,0.0,Route Failure,100.0,"{'node_level': {}, 'link_level': {}, 'path_level': {}}","{'node_level': {0: {'cpu': -32}, 1: {'cpu': -50}, 2: {'cpu': -46}, 3: {'cpu': -26}, 4: {'cpu': -16}, 5: {'cpu': -13}, 6: {'cpu': -10}, 7: {'cpu': -8}, 8: {'cpu': -34}, 9: {'cpu': -5}}, 'link_level': {(0, 2): {'bw': -257}, (0, 5): {'bw': -104}, (0, 6): {'bw': -49}, (0, 7): {'bw': 100.0}}, 'path_level': {(0, 2): {}, (0, 5): {}, (0, 6): {}, (0, 7): {}}}","{'node_level': {0: {'cpu': 0}, 1: {'cpu': 0}, 2: {'cpu': 0}, 3: {'cpu': 0}, 4: {'cpu': 0}, 5: {'cpu': 0}, 6: {'cpu': 0}, 7: {'cpu': 0}, 8: {'cpu': 0}, 9: {'cpu': 0}}, 'link_level': {(0, 2): {'bw': 0}, (0, 5): {'bw': 0}, (0, 6): {'bw': 0}, (0, 7): {'bw': 100.0}}, 'path_level': {(0, 2): {}, (0, 5): {}, (0, 6): {}, (0, 7): {}}}",[],-inf,-inf,True,False,False,0,[],0,0.0,10.0,4.0,3
276,12,0,12413.0,27411.0,3815726.9975295765,8264912.213268712,0.4528473970303893,0.46167786167210656,30,538,0,9194.07050446996,17304,2649,14655,0.0,0.0,275,9.070504469959818,9185.0,10,24,False,{},{},{},{},0.0,0.0,0.0,0.0,0.0,0.0,0.0,0.0,0.0,0.0,0.0,0.0,0.0,0.0,Leave Event,0.0,"{'node_level': {}, 'link_level': {}, 'path_level': {}}","{'node_level': {}, 'link_level': {}, 'path_level': {}}","{'node_level': {}, 'link_level': {}, 'path_level': {}}",[],-inf,-inf,True,True,False,0,[],0,0.0,,,3
276,12,0,12413.0,27411.0,3815726.9975295765,8264912.213268712,0.4528473970303893,0.46167786167210656,30,539,0,9197.504391908522,17304,2649,14655,0.0,0.0,249,899.504391908521,8298.0,10,27,False,{},{},{},{},0.0,0.0,0.0,0.0,0.0,0.0,0.0,0.0,0.0,0.0,0.0,0.0,0.0,0.0,Leave Event,0.0,"{'node_level': {}, 'link_level': {}, 'path_level': {}}","{'node_level': {}, 'link_level': {}, 'path_level': {}}","{'node_level': {}, 'link_level': {}, 'path_level': {}}",[],-inf,-inf,True,True,False,0,[],0,0.0,,,3
277,12,0,12413.0,27411.0,3815726.9975295765,8264912.213268712,0.4528473970303893,0.46167786167210656,30,540,1,9216.0,17304,2649,14655,0.0,0.0,276,566.9734909058881,9216.0,8,15,False,"{0: np.int64(20), 1: np.int64(12), 2: np.int64(33), 3: np.int64(32), 4: np.int64(7), 5: np.int64(16), 6: np.int64(28), 7: np.int64(0)}","{(0, 3): [(np.int64(20), 0), (0, 28), (28, 30), (30, 32)], (0, 6): [(np.int64(20), 0), (0, 28)], (1, 2): [(np.int64(12), 0), (0, 28), (28, 30), (30, 33)], (1, 3): [(np.int64(12), 1), (1, 28), (28, 30), (30, 32)], (1, 4): [(np.int64(12), 0), (0, 4), (4, 7)], (1, 6): [(np.int64(12), 1), (1, 28)], (1, 7): [(np.int64(12), 0)], (2, 3): []}","{(0, np.int64(20)): {'cpu': 39}, (1, np.int64(12)): {'cpu': 53}, (2, np.int64(33)): {'cpu': 74}, (3, np.int64(32)): {'cpu': 56}, (4, np.int64(7)): {'cpu': 43}, (5, np.int64(16)): {'cpu': 68}, (6, np.int64(28)): {'cpu': 33}, (7, np.int64(0)): {'cpu': 75}}","{((0, 3), (np.int64(20), 0)): {'bw': 115}, ((0, 3), (0, 28)): {'bw': 115}, ((0, 3), (28, 30)): {'bw': 115}, ((0, 3), (30, 32)): {'bw': 115}, ((0, 6), (np.int64(20), 0)): {'bw': 149}, ((0, 6), (0, 28)): {'bw': 149}, ((1, 2), (np.int64(12), 0)): {'bw': 104}, ((1, 2), (0, 28)): {'bw': 104}, ((1, 2), (28, 30)): {'bw': 104}, ((1, 2), (30, 33)): {'bw': 104}, ((1, 3), (np.int64(12), 1)): {'bw': 61}, ((1, 3), (1, 28)): {'bw': 61}, ((1, 3), (28, 30)): {'bw': 61}, ((1, 3), (30, 32)): {'bw': 61}, ((1, 4), (np.int64(12), 0)): {'bw': 102}, ((1, 4), (0, 4)): {'bw': 102}, ((1, 4), (4, 7)): {'bw': 102}, ((1, 6), (np.int64(12), 1)): {'bw': 147}, ((1, 6), (1, 28)): {'bw': 147}, ((1, 7), (np.int64(12), 0)): {'bw': 64}}",0.0,0.0,882.0,441.0,1575.0,0.0,0.0,0.0,0.0,0.0,0.0,0.0,0.0,0.0,Route Failure,100.0,"{'node_level': {}, 'link_level': {}, 'path_level': {}}","{'node_level': {0: {'cpu': -28}, 1: {'cpu': -35}, 2: {'cpu': 0}, 3: {'cpu': -36}, 4: {'cpu': -17}, 5: {'cpu': -11}, 6: {'cpu': -57}, 7: {'cpu': -17}}, 'link_level': {(0, 3): {'bw': -164}, (0, 6): {'bw': -15}, (1, 2): {'bw': -8}, (1, 3): {'bw': -61}, (1, 4): {'bw': -117}, (1, 6): {'bw': -12}, (1, 7): {'bw': -53}, (2, 3): {'bw': 100.0}}, 'path_level': {(0, 3): {}, (0, 6): {}, (1, 2): {}, (1, 3): {}, (1, 4): {}, (1, 6): {}, (1, 7): {}, (2, 3): {}}}","{'node_level': {0: {'cpu': 0}, 1: {'cpu': 0}, 2: {'cpu': 0}, 3: {'cpu': 0}, 4: {'cpu': 0}, 5: {'cpu': 0}, 6: {'cpu': 0}, 7: {'cpu': 0}}, 'link_level': {(0, 3): {'bw': 0}, (0, 6): {'bw': 0}, (1, 2): {'bw': 0}, (1, 3): {'bw': 0}, (1, 4): {'bw': 0}, (1, 6): {'bw': 0}, (1, 7): {'bw': 0}, (2, 3): {'bw': 100.0}}, 'path_level': {(0, 3): {}, (0, 6): {}, (1, 2): {}, (1, 3): {}, (1, 4): {}, (1, 6): {}, (1, 7): {}, (2, 3): {}}}",[],-inf,-inf,True,False,False,0,[],0,0.0,8.0,8.0,3
278,12,0,12413.0,27411.0,3815726.9975295765,8264912.213268712,0.4528473970303893,0.46167786167210656,30,541,1,9250.0,17304,2649,14655,0.0,0.0,277,1151.5227149574398,9250.0,7,10,False,"{0: np.int64(13), 1: np.int64(28), 2: np.int64(6), 3: np.int64(35), 4: np.int64(0), 5: np.int64(8), 6: np.int64(27)}","{(0, 2): [(np.int64(13), 2), (2, 5), (5, 6)], (0, 3): [(np.int64(13), 2), (2, 29), (29, 31), (31, 35)], (0, 5): [(np.int64(13), 3), (3, 5), (5, 6), (6, 8)], (1, 2): [(np.int64(28), 0), (0, 4), (4, 6)], (1, 5): [(np.int64(28), 0), (0, 4), (4, 6), (6, 8)], (2, 5): [(np.int64(6), 8)], (3, 4): []}","{(0, np.int64(13)): {'cpu': 36}, (1, np.int64(28)): {'cpu': 35}, (2, np.int64(6)): {'cpu': 60}, (3, np.int64(35)): {'cpu': 58}, (4, np.int64(0)): {'cpu': 70}, (5, np.int64(8)): {'cpu': 74}, (6, np.int64(27)): {'cpu': 55}}","{((0, 2), (np.int64(13), 2)): {'bw': 143}, ((0, 2), (2, 5)): {'bw': 143}, ((0, 2), (5, 6)): {'bw': 143}, ((0, 3), (np.int64(13), 2)): {'bw': 123}, ((0, 3), (2, 29)): {'bw': 123}, ((0, 3), (29, 31)): {'bw': 123}, ((0, 3), (31, 35)): {'bw': 123}, ((0, 5), (np.int64(13), 3)): {'bw': 123}, ((0, 5), (3, 5)): {'bw': 123}, ((0, 5), (5, 6)): {'bw': 123}, ((0, 5), (6, 8)): {'bw': 123}, ((1, 2), (np.int64(28), 0)): {'bw': 78}, ((1, 2), (0, 4)): {'bw': 78}, ((1, 2), (4, 6)): {'bw': 78}, ((1, 5), (np.int64(28), 0)): {'bw': 70}, ((1, 5), (0, 4)): {'bw': 70}, ((1, 5), (4, 6)): {'bw': 70}, ((1, 5), (6, 8)): {'bw': 70}, ((2, 5), (np.int64(6), 8)): {'bw': 144}}",0.0,0.0,776.0,388.0,1142.0,0.0,0.0,0.0,0.0,0.0,0.0,0.0,0.0,0.0,Route Failure,100.0,"{'node_level': {}, 'link_level': {}, 'path_level': {}}","{'node_level': {0: {'cpu': -46}, 1: {'cpu': -55}, 2: {'cpu': -9}, 3: {'cpu': -35}, 4: {'cpu': -22}, 5: {'cpu': -19}, 6: {'cpu': 0}}, 'link_level': {(0, 2): {'bw': -184}, (0, 3): {'bw': -61}, (0, 5): {'bw': -77}, (1, 2): {'bw': -155}, (1, 5): {'bw': -85}, (2, 5): {'bw': -47}, (3, 4): {'bw': 100.0}}, 'path_level': {(0, 2): {}, (0, 3): {}, (0, 5): {}, (1, 2): {}, (1, 5): {}, (2, 5): {}, (3, 4): {}}}","{'node_level': {0: {'cpu': 0}, 1: {'cpu': 0}, 2: {'cpu': 0}, 3: {'cpu': 0}, 4: {'cpu': 0}, 5: {'cpu': 0}, 6: {'cpu': 0}}, 'link_level': {(0, 2): {'bw': 0}, (0, 3): {'bw': 0}, (0, 5): {'bw': 0}, (1, 2): {'bw': 0}, (1, 5): {'bw': 0}, (2, 5): {'bw': 0}, (3, 4): {'bw': 100.0}}, 'path_level': {(0, 2): {}, (0, 3): {}, (0, 5): {}, (1, 2): {}, (1, 5): {}, (2, 5): {}, (3, 4): {}}}",[],-inf,-inf,True,False,False,0,[],0,0.0,7.0,7.0,3
278,12,0,12413.0,27411.0,3815726.9975295765,8264912.213268712,0.4528473970303893,0.46167786167210656,30,542,0,9264.987142227163,17304,2649,14655,0.0,0.0,266,379.9871422271623,8885.0,9,18,False,{},{},{},{},0.0,0.0,0.0,0.0,0.0,0.0,0.0,0.0,0.0,0.0,0.0,0.0,0.0,0.0,Leave Event,0.0,"{'node_level': {}, 'link_level': {}, 'path_level': {}}","{'node_level': {}, 'link_level': {}, 'path_level': {}}","{'node_level': {}, 'link_level': {}, 'path_level': {}}",[],-inf,-inf,True,True,False,0,[],0,0.0,,,3
278,12,0,12413.0,27411.0,3815726.9975295765,8264912.213268712,0.4528473970303893,0.46167786167210656,30,543,0,9270.929053023314,17304,2649,14655,0.0,0.0,262,523.929053023313,8747.0,7,9,False,{},{},{},{},0.0,0.0,0.0,0.0,0.0,0.0,0.0,0.0,0.0,0.0,0.0,0.0,0.0,0.0,Leave Event,0.0,"{'node_level': {}, 'link_level': {}, 'path_level': {}}","{'node_level': {}, 'link_level': {}, 'path_level': {}}","{'node_level': {}, 'link_level': {}, 'path_level': {}}",[],-inf,-inf,True,True,False,0,[],0,0.0,,,3
279,12,0,12413.0,27411.0,3815726.9975295765,8264912.213268712,0.4528473970303893,0.46167786167210656,30,544,1,9287.0,17304,2649,14655,0.0,0.0,278,85.6585030901122,9287.0,8,13,False,"{0: np.int64(31), 1: np.int64(15), 2: np.int64(34), 3: np.int64(35), 4: np.int64(19), 5: np.int64(10), 6: np.int64(22), 7: np.int64(4)}","{(0, 1): [(np.int64(31), 28), (28, 0), (0, 12), (12, 15)], (0, 2): [(np.int64(31), 34)], (0, 5): [(np.int64(31), 28), (28, 0), (0, 4), (4, 7), (7, 10)], (0, 6): [(np.int64(31), 28), (28, 0), (0, 20), (20, 22)], (1, 2): [(np.int64(15), 13), (13, 2), (2, 29), (29, 31), (31, 34)], (1, 3): [(np.int64(15), 13), (13, 2), (2, 29), (29, 31), (31, 35)], (1, 5): [(np.int64(15), 12), (12, 1), (1, 4), (4, 7), (7, 10)], (2, 3): [(np.int64(34), 31), (31, 35)], (2, 4): []}","{(0, np.int64(31)): {'cpu': 42}, (1, np.int64(15)): {'cpu': 80}, (2, np.int64(34)): {'cpu': 38}, (3, np.int64(35)): {'cpu': 51}, (4, np.int64(19)): {'cpu': 41}, (5, np.int64(10)): {'cpu': 32}, (6, np.int64(22)): {'cpu': 47}, (7, np.int64(4)): {'cpu': 35}}","{((0, 1), (np.int64(31), 28)): {'bw': 149}, ((0, 1), (28, 0)): {'bw': 149}, ((0, 1), (0, 12)): {'bw': 149}, ((0, 1), (12, 15)): {'bw': 149}, ((0, 2), (np.int64(31), 34)): {'bw': 77}, ((0, 5), (np.int64(31), 28)): {'bw': 138}, ((0, 5), (28, 0)): {'bw': 138}, ((0, 5), (0, 4)): {'bw': 138}, ((0, 5), (4, 7)): {'bw': 138}, ((0, 5), (7, 10)): {'bw': 138}, ((0, 6), (np.int64(31), 28)): {'bw': 72}, ((0, 6), (28, 0)): {'bw': 72}, ((0, 6), (0, 20)): {'bw': 72}, ((0, 6), (20, 22)): {'bw': 72}, ((1, 2), (np.int64(15), 13)): {'bw': 95}, ((1, 2), (13, 2)): {'bw': 95}, ((1, 2), (2, 29)): {'bw': 95}, ((1, 2), (29, 31)): {'bw': 95}, ((1, 2), (31, 34)): {'bw': 95}, ((1, 3), (np.int64(15), 13)): {'bw': 75}, ((1, 3), (13, 2)): {'bw': 75}, ((1, 3), (2, 29)): {'bw': 75}, ((1, 3), (29, 31)): {'bw': 75}, ((1, 3), (31, 35)): {'bw': 75}, ((1, 5), (np.int64(15), 12)): {'bw': 99}, ((1, 5), (12, 1)): {'bw': 99}, ((1, 5), (1, 4)): {'bw': 99}, ((1, 5), (4, 7)): {'bw': 99}, ((1, 5), (7, 10)): {'bw': 99}, ((2, 3), (np.int64(34), 31)): {'bw': 62}, ((2, 3), (31, 35)): {'bw': 62}}",0.0,0.0,732.0,366.0,1355.0,0.0,0.0,0.0,0.0,0.0,0.0,0.0,0.0,0.0,Route Failure,100.0,"{'node_level': {}, 'link_level': {}, 'path_level': {}}","{'node_level': {0: {'cpu': -37}, 1: {'cpu': -14}, 2: {'cpu': -19}, 3: {'cpu': -42}, 4: {'cpu': -35}, 5: {'cpu': -28}, 6: {'cpu': -25}, 7: {'cpu': -15}}, 'link_level': {(0, 1): {'bw': -164}, (0, 2): {'bw': -175}, (0, 5): {'bw': -78}, (0, 6): {'bw': -6}, (1, 2): {'bw': -80}, (1, 3): {'bw': -78}, (1, 5): {'bw': -65}, (2, 3): {'bw': -18}, (2, 4): {'bw': 100.0}}, 'path_level': {(0, 1): {}, (0, 2): {}, (0, 5): {}, (0, 6): {}, (1, 2): {}, (1, 3): {}, (1, 5): {}, (2, 3): {}, (2, 4): {}}}","{'node_level': {0: {'cpu': 0}, 1: {'cpu': 0}, 2: {'cpu': 0}, 3: {'cpu': 0}, 4: {'cpu': 0}, 5: {'cpu': 0}, 6: {'cpu': 0}, 7: {'cpu': 0}}, 'link_level': {(0, 1): {'bw': 0}, (0, 2): {'bw': 0}, (0, 5): {'bw': 0}, (0, 6): {'bw': 0}, (1, 2): {'bw': 0}, (1, 3): {'bw': 0}, (1, 5): {'bw': 0}, (2, 3): {'bw': 0}, (2, 4): {'bw': 100.0}}, 'path_level': {(0, 1): {}, (0, 2): {}, (0, 5): {}, (0, 6): {}, (1, 2): {}, (1, 3): {}, (1, 5): {}, (2, 3): {}, (2, 4): {}}}",[],-inf,-inf,True,False,False,0,[],0,0.0,8.0,9.0,3
280,12,0,12413.0,27411.0,3815726.9975295765,8264912.213268712,0.4528473970303893,0.46167786167210656,30,545,1,9312.0,17304,2649,14655,0.0,0.0,279,375.56310294007534,9312.0,9,18,False,"{0: np.int64(19), 1: np.int64(22), 2: np.int64(35), 3: np.int64(11), 4: np.int64(28), 5: np.int64(10), 6: np.int64(16), 7: np.int64(32), 8: np.int64(21)}","{(0, 1): [(np.int64(19), 15), (15, 12), (12, 0), (0, 20), (20, 22)], (0, 2): [(np.int64(19), 15), (15, 12), (12, 0), (0, 28), (28, 31), (31, 35)], (0, 3): []}","{(0, np.int64(19)): {'cpu': 63}, (1, np.int64(22)): {'cpu': 69}, (2, np.int64(35)): {'cpu': 77}, (3, np.int64(11)): {'cpu': 52}, (4, np.int64(28)): {'cpu': 57}, (5, np.int64(10)): {'cpu': 34}, (6, np.int64(16)): {'cpu': 41}, (7, np.int64(32)): {'cpu': 59}, (8, np.int64(21)): {'cpu': 67}}","{((0, 1), (np.int64(19), 15)): {'bw': 137}, ((0, 1), (15, 12)): {'bw': 137}, ((0, 1), (12, 0)): {'bw': 137}, ((0, 1), (0, 20)): {'bw': 137}, ((0, 1), (20, 22)): {'bw': 137}, ((0, 2), (np.int64(19), 15)): {'bw': 110}, ((0, 2), (15, 12)): {'bw': 110}, ((0, 2), (12, 0)): {'bw': 110}, ((0, 2), (0, 28)): {'bw': 110}, ((0, 2), (28, 31)): {'bw': 110}, ((0, 2), (31, 35)): {'bw': 110}}",0.0,0.0,1038.0,519.0,2084.0,0.0,0.0,0.0,0.0,0.0,0.0,0.0,0.0,0.0,Route Failure,100.0,"{'node_level': {}, 'link_level': {}, 'path_level': {}}","{'node_level': {0: {'cpu': -13}, 1: {'cpu': -3}, 2: {'cpu': -16}, 3: {'cpu': -19}, 4: {'cpu': -33}, 5: {'cpu': -26}, 6: {'cpu': -38}, 7: {'cpu': -33}, 8: {'cpu': -9}}, 'link_level': {(0, 1): {'bw': -142}, (0, 2): {'bw': -52}, (0, 3): {'bw': 100.0}}, 'path_level': {(0, 1): {}, (0, 2): {}, (0, 3): {}}}","{'node_level': {0: {'cpu': 0}, 1: {'cpu': 0}, 2: {'cpu': 0}, 3: {'cpu': 0}, 4: {'cpu': 0}, 5: {'cpu': 0}, 6: {'cpu': 0}, 7: {'cpu': 0}, 8: {'cpu': 0}}, 'link_level': {(0, 1): {'bw': 0}, (0, 2): {'bw': 0}, (0, 3): {'bw': 100.0}}, 'path_level': {(0, 1): {}, (0, 2): {}, (0, 3): {}}}",[],-inf,-inf,True,False,False,0,[],0,0.0,9.0,3.0,3
281,12,0,12413.0,27411.0,3815726.9975295765,8264912.213268712,0.4528473970303893,0.46167786167210656,30,546,1,9338.0,17304,2649,14655,0.0,0.0,280,610.4824948790204,9338.0,8,16,False,"{0: np.int64(7), 1: np.int64(21), 2: np.int64(18), 3: np.int64(26), 4: np.int64(30), 5: np.int64(35), 6: np.int64(15), 7: np.int64(33)}","{(0, 1): [(np.int64(7), 5), (5, 2), (2, 21)], (0, 5): [(np.int64(7), 4), (4, 0), (0, 28), (28, 31), (31, 35)], (0, 6): [(np.int64(7), 4), (4, 0), (0, 12), (12, 15)], (1, 2): [(np.int64(21), 2), (2, 13), (13, 15), (15, 18)], (1, 3): [(np.int64(21), 23), (23, 26)], (1, 4): [(np.int64(21), 3), (3, 29), (29, 30)], (1, 7): [(np.int64(21), 3), (3, 29), (29, 30), (30, 33)], (2, 3): [(np.int64(18), 15), (15, 12), (12, 0), (0, 20), (20, 23), (23, 26)], (2, 4): [(np.int64(18), 15), (15, 12), (12, 0), (0, 28), (28, 30)], (2, 6): []}","{(0, np.int64(7)): {'cpu': 48}, (1, np.int64(21)): {'cpu': 38}, (2, np.int64(18)): {'cpu': 52}, (3, np.int64(26)): {'cpu': 64}, (4, np.int64(30)): {'cpu': 49}, (5, np.int64(35)): {'cpu': 47}, (6, np.int64(15)): {'cpu': 58}, (7, np.int64(33)): {'cpu': 56}}","{((0, 1), (np.int64(7), 5)): {'bw': 72}, ((0, 1), (5, 2)): {'bw': 72}, ((0, 1), (2, 21)): {'bw': 72}, ((0, 5), (np.int64(7), 4)): {'bw': 89}, ((0, 5), (4, 0)): {'bw': 89}, ((0, 5), (0, 28)): {'bw': 89}, ((0, 5), (28, 31)): {'bw': 89}, ((0, 5), (31, 35)): {'bw': 89}, ((0, 6), (np.int64(7), 4)): {'bw': 91}, ((0, 6), (4, 0)): {'bw': 91}, ((0, 6), (0, 12)): {'bw': 91}, ((0, 6), (12, 15)): {'bw': 91}, ((1, 2), (np.int64(21), 2)): {'bw': 62}, ((1, 2), (2, 13)): {'bw': 62}, ((1, 2), (13, 15)): {'bw': 62}, ((1, 2), (15, 18)): {'bw': 62}, ((1, 3), (np.int64(21), 23)): {'bw': 77}, ((1, 3), (23, 26)): {'bw': 77}, ((1, 4), (np.int64(21), 3)): {'bw': 99}, ((1, 4), (3, 29)): {'bw': 99}, ((1, 4), (29, 30)): {'bw': 99}, ((1, 7), (np.int64(21), 3)): {'bw': 100}, ((1, 7), (3, 29)): {'bw': 100}, ((1, 7), (29, 30)): {'bw': 100}, ((1, 7), (30, 33)): {'bw': 100}, ((2, 3), (np.int64(18), 15)): {'bw': 135}, ((2, 3), (15, 12)): {'bw': 135}, ((2, 3), (12, 0)): {'bw': 135}, ((2, 3), (0, 20)): {'bw': 135}, ((2, 3), (20, 23)): {'bw': 135}, ((2, 3), (23, 26)): {'bw': 135}, ((2, 4), (np.int64(18), 15)): {'bw': 81}, ((2, 4), (15, 12)): {'bw': 81}, ((2, 4), (12, 0)): {'bw': 81}, ((2, 4), (0, 28)): {'bw': 81}, ((2, 4), (28, 30)): {'bw': 81}}",0.0,0.0,824.0,412.0,1596.0,0.0,0.0,0.0,0.0,0.0,0.0,0.0,0.0,0.0,Route Failure,100.0,"{'node_level': {}, 'link_level': {}, 'path_level': {}}","{'node_level': {0: {'cpu': -12}, 1: {'cpu': -38}, 2: {'cpu': -12}, 3: {'cpu': -12}, 4: {'cpu': -34}, 5: {'cpu': -46}, 6: {'cpu': -36}, 7: {'cpu': -18}}, 'link_level': {(0, 1): {'bw': -156}, (0, 5): {'bw': -113}, (0, 6): {'bw': -53}, (1, 2): {'bw': -94}, (1, 3): {'bw': -267}, (1, 4): {'bw': -119}, (1, 7): {'bw': -19}, (2, 3): {'bw': -87}, (2, 4): {'bw': -6}, (2, 6): {'bw': 100.0}}, 'path_level': {(0, 1): {}, (0, 5): {}, (0, 6): {}, (1, 2): {}, (1, 3): {}, (1, 4): {}, (1, 7): {}, (2, 3): {}, (2, 4): {}, (2, 6): {}}}","{'node_level': {0: {'cpu': 0}, 1: {'cpu': 0}, 2: {'cpu': 0}, 3: {'cpu': 0}, 4: {'cpu': 0}, 5: {'cpu': 0}, 6: {'cpu': 0}, 7: {'cpu': 0}}, 'link_level': {(0, 1): {'bw': 0}, (0, 5): {'bw': 0}, (0, 6): {'bw': 0}, (1, 2): {'bw': 0}, (1, 3): {'bw': 0}, (1, 4): {'bw': 0}, (1, 7): {'bw': 0}, (2, 3): {'bw': 0}, (2, 4): {'bw': 0}, (2, 6): {'bw': 100.0}}, 'path_level': {(0, 1): {}, (0, 5): {}, (0, 6): {}, (1, 2): {}, (1, 3): {}, (1, 4): {}, (1, 7): {}, (2, 3): {}, (2, 4): {}, (2, 6): {}}}",[],-inf,-inf,True,False,False,0,[],0,0.0,8.0,10.0,3
281,12,0,12413.0,27411.0,3815726.9975295765,8264912.213268712,0.4528473970303893,0.46167786167210656,30,547,0,9343.8190342954,17304,2649,14655,0.0,0.0,268,397.8190342954006,8946.0,10,23,False,{},{},{},{},0.0,0.0,0.0,0.0,0.0,0.0,0.0,0.0,0.0,0.0,0.0,0.0,0.0,0.0,Leave Event,0.0,"{'node_level': {}, 'link_level': {}, 'path_level': {}}","{'node_level': {}, 'link_level': {}, 'path_level': {}}","{'node_level': {}, 'link_level': {}, 'path_level': {}}",[],-inf,-inf,True,True,False,0,[],0,0.0,,,3
282,12,0,12413.0,27411.0,3815726.9975295765,8264912.213268712,0.4528473970303893,0.46167786167210656,30,548,1,9372.0,17304,2649,14655,0.0,0.0,281,96.4961211469287,9372.0,8,11,False,"{0: np.int64(30), 1: np.int64(22), 2: np.int64(9), 3: np.int64(3), 4: np.int64(16), 5: np.int64(17), 6: np.int64(2), 7: np.int64(0)}","{(0, 5): [(np.int64(30), 28), (28, 0), (0, 12), (12, 14), (14, 17)], (0, 6): [(np.int64(30), 29), (29, 2)], (1, 4): [(np.int64(22), 20), (20, 0), (0, 12), (12, 14), (14, 16)], (1, 6): [(np.int64(22), 21), (21, 2)], (2, 4): [(np.int64(9), 6), (6, 5), (5, 2), (2, 13), (13, 14), (14, 16)], (2, 5): [(np.int64(9), 6), (6, 5), (5, 2), (2, 13), (13, 14), (14, 17)], (2, 6): [(np.int64(9), 6), (6, 5), (5, 2)], (3, 7): [(np.int64(3), 5), (5, 7), (7, 4), (4, 0)], (4, 5): []}","{(0, np.int64(30)): {'cpu': 80}, (1, np.int64(22)): {'cpu': 53}, (2, np.int64(9)): {'cpu': 40}, (3, np.int64(3)): {'cpu': 49}, (4, np.int64(16)): {'cpu': 38}, (5, np.int64(17)): {'cpu': 72}, (6, np.int64(2)): {'cpu': 44}, (7, np.int64(0)): {'cpu': 38}}","{((0, 5), (np.int64(30), 28)): {'bw': 87}, ((0, 5), (28, 0)): {'bw': 87}, ((0, 5), (0, 12)): {'bw': 87}, ((0, 5), (12, 14)): {'bw': 87}, ((0, 5), (14, 17)): {'bw': 87}, ((0, 6), (np.int64(30), 29)): {'bw': 110}, ((0, 6), (29, 2)): {'bw': 110}, ((1, 4), (np.int64(22), 20)): {'bw': 101}, ((1, 4), (20, 0)): {'bw': 101}, ((1, 4), (0, 12)): {'bw': 101}, ((1, 4), (12, 14)): {'bw': 101}, ((1, 4), (14, 16)): {'bw': 101}, ((1, 6), (np.int64(22), 21)): {'bw': 110}, ((1, 6), (21, 2)): {'bw': 110}, ((2, 4), (np.int64(9), 6)): {'bw': 115}, ((2, 4), (6, 5)): {'bw': 115}, ((2, 4), (5, 2)): {'bw': 115}, ((2, 4), (2, 13)): {'bw': 115}, ((2, 4), (13, 14)): {'bw': 115}, ((2, 4), (14, 16)): {'bw': 115}, ((2, 5), (np.int64(9), 6)): {'bw': 81}, ((2, 5), (6, 5)): {'bw': 81}, ((2, 5), (5, 2)): {'bw': 81}, ((2, 5), (2, 13)): {'bw': 81}, ((2, 5), (13, 14)): {'bw': 81}, ((2, 5), (14, 17)): {'bw': 81}, ((2, 6), (np.int64(9), 6)): {'bw': 118}, ((2, 6), (6, 5)): {'bw': 118}, ((2, 6), (5, 2)): {'bw': 118}, ((3, 7), (np.int64(3), 5)): {'bw': 132}, ((3, 7), (5, 7)): {'bw': 132}, ((3, 7), (7, 4)): {'bw': 132}, ((3, 7), (4, 0)): {'bw': 132}}",0.0,0.0,828.0,414.0,1203.0,0.0,0.0,0.0,0.0,0.0,0.0,0.0,0.0,0.0,Route Failure,100.0,"{'node_level': {}, 'link_level': {}, 'path_level': {}}","{'node_level': {0: {'cpu': -3}, 1: {'cpu': -19}, 2: {'cpu': -51}, 3: {'cpu': -9}, 4: {'cpu': -41}, 5: {'cpu': -17}, 6: {'cpu': -9}, 7: {'cpu': -54}}, 'link_level': {(0, 5): {'bw': -146}, (0, 6): {'bw': -209}, (1, 4): {'bw': -45}, (1, 6): {'bw': -118}, (2, 4): {'bw': -86}, (2, 5): {'bw': -5}, (2, 6): {'bw': -35}, (3, 7): {'bw': -101}, (4, 5): {'bw': 100.0}}, 'path_level': {(0, 5): {}, (0, 6): {}, (1, 4): {}, (1, 6): {}, (2, 4): {}, (2, 5): {}, (2, 6): {}, (3, 7): {}, (4, 5): {}}}","{'node_level': {0: {'cpu': 0}, 1: {'cpu': 0}, 2: {'cpu': 0}, 3: {'cpu': 0}, 4: {'cpu': 0}, 5: {'cpu': 0}, 6: {'cpu': 0}, 7: {'cpu': 0}}, 'link_level': {(0, 5): {'bw': 0}, (0, 6): {'bw': 0}, (1, 4): {'bw': 0}, (1, 6): {'bw': 0}, (2, 4): {'bw': 0}, (2, 5): {'bw': 0}, (2, 6): {'bw': 0}, (3, 7): {'bw': 0}, (4, 5): {'bw': 100.0}}, 'path_level': {(0, 5): {}, (0, 6): {}, (1, 4): {}, (1, 6): {}, (2, 4): {}, (2, 5): {}, (2, 6): {}, (3, 7): {}, (4, 5): {}}}",[],-inf,-inf,True,False,False,0,[],0,0.0,8.0,9.0,3
282,12,0,12413.0,27411.0,3815726.9975295765,8264912.213268712,0.4528473970303893,0.46167786167210656,30,549,0,9372.658503090111,17304,2649,14655,0.0,0.0,278,85.6585030901122,9287.0,8,13,False,{},{},{},{},0.0,0.0,0.0,0.0,0.0,0.0,0.0,0.0,0.0,0.0,0.0,0.0,0.0,0.0,Leave Event,0.0,"{'node_level': {}, 'link_level': {}, 'path_level': {}}","{'node_level': {}, 'link_level': {}, 'path_level': {}}","{'node_level': {}, 'link_level': {}, 'path_level': {}}",[],-inf,-inf,True,True,False,0,[],0,0.0,,,3
283,12,0,12413.0,27411.0,3815726.9975295765,8264912.213268712,0.4528473970303893,0.46167786167210656,30,550,1,9405.0,17304,2649,14655,0.0,0.0,282,140.64963268782287,9405.0,10,17,False,"{0: np.int64(14), 1: np.int64(20), 2: np.int64(34), 3: np.int64(15), 4: np.int64(29), 5: np.int64(32), 6: np.int64(25), 7: np.int64(13), 8: np.int64(35), 9: np.int64(26)}","{(0, 1): [(np.int64(14), 12), (12, 0), (0, 20)], (0, 2): [(np.int64(14), 12), (12, 0), (0, 28), (28, 31), (31, 34)], (0, 6): [(np.int64(14), 12), (12, 0), (0, 20), (20, 22), (22, 25)], (0, 7): [(np.int64(14), 13)], (0, 9): [(np.int64(14), 13), (13, 2), (2, 21), (21, 23), (23, 26)], (1, 4): [(np.int64(20), 0), (0, 28), (28, 30), (30, 29)], (1, 9): [(np.int64(20), 23), (23, 26)], (2, 4): [(np.int64(34), 31), (31, 29)], (2, 5): []}","{(0, np.int64(14)): {'cpu': 56}, (1, np.int64(20)): {'cpu': 63}, (2, np.int64(34)): {'cpu': 52}, (3, np.int64(15)): {'cpu': 77}, (4, np.int64(29)): {'cpu': 63}, (5, np.int64(32)): {'cpu': 65}, (6, np.int64(25)): {'cpu': 40}, (7, np.int64(13)): {'cpu': 70}, (8, np.int64(35)): {'cpu': 78}, (9, np.int64(26)): {'cpu': 51}}","{((0, 1), (np.int64(14), 12)): {'bw': 63}, ((0, 1), (12, 0)): {'bw': 63}, ((0, 1), (0, 20)): {'bw': 63}, ((0, 2), (np.int64(14), 12)): {'bw': 99}, ((0, 2), (12, 0)): {'bw': 99}, ((0, 2), (0, 28)): {'bw': 99}, ((0, 2), (28, 31)): {'bw': 99}, ((0, 2), (31, 34)): {'bw': 99}, ((0, 6), (np.int64(14), 12)): {'bw': 62}, ((0, 6), (12, 0)): {'bw': 62}, ((0, 6), (0, 20)): {'bw': 62}, ((0, 6), (20, 22)): {'bw': 62}, ((0, 6), (22, 25)): {'bw': 62}, ((0, 7), (np.int64(14), 13)): {'bw': 65}, ((0, 9), (np.int64(14), 13)): {'bw': 115}, ((0, 9), (13, 2)): {'bw': 115}, ((0, 9), (2, 21)): {'bw': 115}, ((0, 9), (21, 23)): {'bw': 115}, ((0, 9), (23, 26)): {'bw': 115}, ((1, 4), (np.int64(20), 0)): {'bw': 92}, ((1, 4), (0, 28)): {'bw': 92}, ((1, 4), (28, 30)): {'bw': 92}, ((1, 4), (30, 29)): {'bw': 92}, ((1, 9), (np.int64(20), 23)): {'bw': 113}, ((1, 9), (23, 26)): {'bw': 113}, ((2, 4), (np.int64(34), 31)): {'bw': 115}, ((2, 4), (31, 29)): {'bw': 115}}",0.0,0.0,1230.0,615.0,1553.0,0.0,0.0,0.0,0.0,0.0,0.0,0.0,0.0,0.0,Route Failure,100.0,"{'node_level': {}, 'link_level': {}, 'path_level': {}}","{'node_level': {0: {'cpu': -14}, 1: {'cpu': -4}, 2: {'cpu': -5}, 3: {'cpu': -17}, 4: {'cpu': -33}, 5: {'cpu': -27}, 6: {'cpu': -11}, 7: {'cpu': -12}, 8: {'cpu': -15}, 9: {'cpu': -25}}, 'link_level': {(0, 1): {'bw': -170}, (0, 2): {'bw': -71}, (0, 6): {'bw': -9}, (0, 7): {'bw': -136}, (0, 9): {'bw': -21}, (1, 4): {'bw': -62}, (1, 9): {'bw': -155}, (2, 4): {'bw': -38}, (2, 5): {'bw': 100.0}}, 'path_level': {(0, 1): {}, (0, 2): {}, (0, 6): {}, (0, 7): {}, (0, 9): {}, (1, 4): {}, (1, 9): {}, (2, 4): {}, (2, 5): {}}}","{'node_level': {0: {'cpu': 0}, 1: {'cpu': 0}, 2: {'cpu': 0}, 3: {'cpu': 0}, 4: {'cpu': 0}, 5: {'cpu': 0}, 6: {'cpu': 0}, 7: {'cpu': 0}, 8: {'cpu': 0}, 9: {'cpu': 0}}, 'link_level': {(0, 1): {'bw': 0}, (0, 2): {'bw': 0}, (0, 6): {'bw': 0}, (0, 7): {'bw': 0}, (0, 9): {'bw': 0}, (1, 4): {'bw': 0}, (1, 9): {'bw': 0}, (2, 4): {'bw': 0}, (2, 5): {'bw': 100.0}}, 'path_level': {(0, 1): {}, (0, 2): {}, (0, 6): {}, (0, 7): {}, (0, 9): {}, (1, 4): {}, (1, 9): {}, (2, 4): {}, (2, 5): {}}}",[],-inf,-inf,True,False,False,0,[],0,0.0,10.0,9.0,3
283,12,0,12413.0,27411.0,3815726.9975295765,8264912.213268712,0.4528473970303893,0.46167786167210656,30,551,0,9419.78136965287,17304,2649,14655,0.0,0.0,255,928.7813696528694,8491.0,9,16,False,{},{},{},{},0.0,0.0,0.0,0.0,0.0,0.0,0.0,0.0,0.0,0.0,0.0,0.0,0.0,0.0,Leave Event,0.0,"{'node_level': {}, 'link_level': {}, 'path_level': {}}","{'node_level': {}, 'link_level': {}, 'path_level': {}}","{'node_level': {}, 'link_level': {}, 'path_level': {}}",[],-inf,-inf,True,True,False,0,[],0,0.0,,,3
284,12,0,12413.0,27411.0,3815726.9975295765,8264912.213268712,0.4528473970303893,0.46167786167210656,30,552,1,9437.0,17304,2649,14655,0.0,0.0,283,34.44464679240664,9437.0,7,11,False,"{0: np.int64(8), 1: np.int64(26), 2: np.int64(13), 3: np.int64(18), 4: np.int64(35), 5: np.int64(9), 6: np.int64(5)}","{(0, 1): [(np.int64(8), 6), (6, 4), (4, 0), (0, 20), (20, 23), (23, 26)], (0, 2): [(np.int64(8), 6), (6, 5), (5, 2), (2, 13)], (0, 5): [(np.int64(8), 6), (6, 9)], (1, 4): [(np.int64(26), 23), (23, 20), (20, 0), (0, 28), (28, 31), (31, 35)], (1, 6): [(np.int64(26), 23), (23, 21), (21, 2), (2, 5)], (2, 3): [(np.int64(13), 15), (15, 18)], (2, 4): []}","{(0, np.int64(8)): {'cpu': 76}, (1, np.int64(26)): {'cpu': 76}, (2, np.int64(13)): {'cpu': 59}, (3, np.int64(18)): {'cpu': 56}, (4, np.int64(35)): {'cpu': 74}, (5, np.int64(9)): {'cpu': 41}, (6, np.int64(5)): {'cpu': 54}}","{((0, 1), (np.int64(8), 6)): {'bw': 89}, ((0, 1), (6, 4)): {'bw': 89}, ((0, 1), (4, 0)): {'bw': 89}, ((0, 1), (0, 20)): {'bw': 89}, ((0, 1), (20, 23)): {'bw': 89}, ((0, 1), (23, 26)): {'bw': 89}, ((0, 2), (np.int64(8), 6)): {'bw': 83}, ((0, 2), (6, 5)): {'bw': 83}, ((0, 2), (5, 2)): {'bw': 83}, ((0, 2), (2, 13)): {'bw': 83}, ((0, 5), (np.int64(8), 6)): {'bw': 94}, ((0, 5), (6, 9)): {'bw': 94}, ((1, 4), (np.int64(26), 23)): {'bw': 127}, ((1, 4), (23, 20)): {'bw': 127}, ((1, 4), (20, 0)): {'bw': 127}, ((1, 4), (0, 28)): {'bw': 127}, ((1, 4), (28, 31)): {'bw': 127}, ((1, 4), (31, 35)): {'bw': 127}, ((1, 6), (np.int64(26), 23)): {'bw': 124}, ((1, 6), (23, 21)): {'bw': 124}, ((1, 6), (21, 2)): {'bw': 124}, ((1, 6), (2, 5)): {'bw': 124}, ((2, 3), (np.int64(13), 15)): {'bw': 119}, ((2, 3), (15, 18)): {'bw': 119}}",0.0,0.0,872.0,436.0,1177.0,0.0,0.0,0.0,0.0,0.0,0.0,0.0,0.0,0.0,Route Failure,100.0,"{'node_level': {}, 'link_level': {}, 'path_level': {}}","{'node_level': {0: {'cpu': -17}, 1: {'cpu': 0}, 2: {'cpu': -23}, 3: {'cpu': -8}, 4: {'cpu': -19}, 5: {'cpu': -50}, 6: {'cpu': -17}}, 'link_level': {(0, 1): {'bw': -144}, (0, 2): {'bw': -212}, (0, 5): {'bw': -118}, (1, 4): {'bw': -63}, (1, 6): {'bw': -43}, (2, 3): {'bw': -166}, (2, 4): {'bw': 100.0}}, 'path_level': {(0, 1): {}, (0, 2): {}, (0, 5): {}, (1, 4): {}, (1, 6): {}, (2, 3): {}, (2, 4): {}}}","{'node_level': {0: {'cpu': 0}, 1: {'cpu': 0}, 2: {'cpu': 0}, 3: {'cpu': 0}, 4: {'cpu': 0}, 5: {'cpu': 0}, 6: {'cpu': 0}}, 'link_level': {(0, 1): {'bw': 0}, (0, 2): {'bw': 0}, (0, 5): {'bw': 0}, (1, 4): {'bw': 0}, (1, 6): {'bw': 0}, (2, 3): {'bw': 0}, (2, 4): {'bw': 100.0}}, 'path_level': {(0, 1): {}, (0, 2): {}, (0, 5): {}, (1, 4): {}, (1, 6): {}, (2, 3): {}, (2, 4): {}}}",[],-inf,-inf,True,False,False,0,[],0,0.0,7.0,7.0,3
284,12,0,12413.0,27411.0,3815726.9975295765,8264912.213268712,0.4528473970303893,0.46167786167210656,30,553,0,9468.496121146929,17304,2649,14655,0.0,0.0,281,96.4961211469287,9372.0,8,11,False,{},{},{},{},0.0,0.0,0.0,0.0,0.0,0.0,0.0,0.0,0.0,0.0,0.0,0.0,0.0,0.0,Leave Event,0.0,"{'node_level': {}, 'link_level': {}, 'path_level': {}}","{'node_level': {}, 'link_level': {}, 'path_level': {}}","{'node_level': {}, 'link_level': {}, 'path_level': {}}",[],-inf,-inf,True,True,False,0,[],0,0.0,,,3
285,12,0,12413.0,27411.0,3815726.9975295765,8264912.213268712,0.4528473970303893,0.46167786167210656,30,554,1,9469.0,17304,2649,14655,0.0,0.0,284,86.58330088995689,9469.0,10,20,False,"{0: np.int64(21), 1: np.int64(33), 2: np.int64(6), 3: np.int64(14), 4: np.int64(22), 5: np.int64(26), 6: np.int64(20), 7: np.int64(17), 8: np.int64(13), 9: np.int64(7)}","{(0, 2): [(np.int64(21), 2), (2, 5), (5, 6)], (0, 3): [(np.int64(21), 2), (2, 13), (13, 14)], (0, 6): [(np.int64(21), 22), (22, 20)], (1, 2): [(np.int64(33), 30), (30, 28), (28, 0), (0, 4), (4, 6)], (1, 3): []}","{(0, np.int64(21)): {'cpu': 73}, (1, np.int64(33)): {'cpu': 64}, (2, np.int64(6)): {'cpu': 69}, (3, np.int64(14)): {'cpu': 34}, (4, np.int64(22)): {'cpu': 38}, (5, np.int64(26)): {'cpu': 49}, (6, np.int64(20)): {'cpu': 65}, (7, np.int64(17)): {'cpu': 51}, (8, np.int64(13)): {'cpu': 44}, (9, np.int64(7)): {'cpu': 54}}","{((0, 2), (np.int64(21), 2)): {'bw': 75}, ((0, 2), (2, 5)): {'bw': 75}, ((0, 2), (5, 6)): {'bw': 75}, ((0, 3), (np.int64(21), 2)): {'bw': 84}, ((0, 3), (2, 13)): {'bw': 84}, ((0, 3), (13, 14)): {'bw': 84}, ((0, 6), (np.int64(21), 22)): {'bw': 144}, ((0, 6), (22, 20)): {'bw': 144}, ((1, 2), (np.int64(33), 30)): {'bw': 111}, ((1, 2), (30, 28)): {'bw': 111}, ((1, 2), (28, 0)): {'bw': 111}, ((1, 2), (0, 4)): {'bw': 111}, ((1, 2), (4, 6)): {'bw': 111}}",0.0,0.0,1082.0,541.0,2010.0,0.0,0.0,0.0,0.0,0.0,0.0,0.0,0.0,0.0,Route Failure,100.0,"{'node_level': {}, 'link_level': {}, 'path_level': {}}","{'node_level': {0: {'cpu': -3}, 1: {'cpu': -10}, 2: {'cpu': 0}, 3: {'cpu': -36}, 4: {'cpu': -34}, 5: {'cpu': -27}, 6: {'cpu': -2}, 7: {'cpu': -38}, 8: {'cpu': -38}, 9: {'cpu': -6}}, 'link_level': {(0, 2): {'bw': -153}, (0, 3): {'bw': -69}, (0, 6): {'bw': -200}, (1, 2): {'bw': -122}, (1, 3): {'bw': 100.0}}, 'path_level': {(0, 2): {}, (0, 3): {}, (0, 6): {}, (1, 2): {}, (1, 3): {}}}","{'node_level': {0: {'cpu': 0}, 1: {'cpu': 0}, 2: {'cpu': 0}, 3: {'cpu': 0}, 4: {'cpu': 0}, 5: {'cpu': 0}, 6: {'cpu': 0}, 7: {'cpu': 0}, 8: {'cpu': 0}, 9: {'cpu': 0}}, 'link_level': {(0, 2): {'bw': 0}, (0, 3): {'bw': 0}, (0, 6): {'bw': 0}, (1, 2): {'bw': 0}, (1, 3): {'bw': 100.0}}, 'path_level': {(0, 2): {}, (0, 3): {}, (0, 6): {}, (1, 2): {}, (1, 3): {}}}",[],-inf,-inf,True,False,False,0,[],0,0.0,10.0,5.0,3
285,12,0,12413.0,27411.0,3815726.9975295765,8264912.213268712,0.4528473970303893,0.46167786167210656,30,555,0,9471.444646792406,17304,2649,14655,0.0,0.0,283,34.44464679240664,9437.0,7,11,False,{},{},{},{},0.0,0.0,0.0,0.0,0.0,0.0,0.0,0.0,0.0,0.0,0.0,0.0,0.0,0.0,Leave Event,0.0,"{'node_level': {}, 'link_level': {}, 'path_level': {}}","{'node_level': {}, 'link_level': {}, 'path_level': {}}","{'node_level': {}, 'link_level': {}, 'path_level': {}}",[],-inf,-inf,True,True,False,0,[],0,0.0,,,3
286,12,0,12413.0,27411.0,3815726.9975295765,8264912.213268712,0.4528473970303893,0.46167786167210656,30,556,1,9513.0,17304,2649,14655,0.0,0.0,285,62.873496034144246,9513.0,8,12,False,"{0: np.int64(1), 1: np.int64(35), 2: np.int64(11), 3: np.int64(28), 4: np.int64(21), 5: np.int64(9), 6: np.int64(33), 7: np.int64(13)}","{(0, 1): [(np.int64(1), 28), (28, 31), (31, 35)], (0, 4): [(np.int64(1), 20), (20, 22), (22, 21)], (1, 4): []}","{(0, np.int64(1)): {'cpu': 47}, (1, np.int64(35)): {'cpu': 77}, (2, np.int64(11)): {'cpu': 60}, (3, np.int64(28)): {'cpu': 73}, (4, np.int64(21)): {'cpu': 73}, (5, np.int64(9)): {'cpu': 58}, (6, np.int64(33)): {'cpu': 44}, (7, np.int64(13)): {'cpu': 30}}","{((0, 1), (np.int64(1), 28)): {'bw': 136}, ((0, 1), (28, 31)): {'bw': 136}, ((0, 1), (31, 35)): {'bw': 136}, ((0, 4), (np.int64(1), 20)): {'bw': 141}, ((0, 4), (20, 22)): {'bw': 141}, ((0, 4), (22, 21)): {'bw': 141}}",0.0,0.0,924.0,462.0,1420.0,0.0,0.0,0.0,0.0,0.0,0.0,0.0,0.0,0.0,Route Failure,100.0,"{'node_level': {}, 'link_level': {}, 'path_level': {}}","{'node_level': {0: {'cpu': -27}, 1: {'cpu': -16}, 2: {'cpu': -11}, 3: {'cpu': -17}, 4: {'cpu': -3}, 5: {'cpu': -33}, 6: {'cpu': -30}, 7: {'cpu': -52}}, 'link_level': {(0, 1): {'bw': -66}, (0, 4): {'bw': -153}, (1, 4): {'bw': 100.0}}, 'path_level': {(0, 1): {}, (0, 4): {}, (1, 4): {}}}","{'node_level': {0: {'cpu': 0}, 1: {'cpu': 0}, 2: {'cpu': 0}, 3: {'cpu': 0}, 4: {'cpu': 0}, 5: {'cpu': 0}, 6: {'cpu': 0}, 7: {'cpu': 0}}, 'link_level': {(0, 1): {'bw': 0}, (0, 4): {'bw': 0}, (1, 4): {'bw': 100.0}}, 'path_level': {(0, 1): {}, (0, 4): {}, (1, 4): {}}}",[],-inf,-inf,True,False,False,0,[],0,0.0,8.0,3.0,3
286,12,0,12413.0,27411.0,3815726.9975295765,8264912.213268712,0.4528473970303893,0.46167786167210656,30,557,0,9545.649632687822,17304,2649,14655,0.0,0.0,282,140.64963268782287,9405.0,10,17,False,{},{},{},{},0.0,0.0,0.0,0.0,0.0,0.0,0.0,0.0,0.0,0.0,0.0,0.0,0.0,0.0,Leave Event,0.0,"{'node_level': {}, 'link_level': {}, 'path_level': {}}","{'node_level': {}, 'link_level': {}, 'path_level': {}}","{'node_level': {}, 'link_level': {}, 'path_level': {}}",[],-inf,-inf,True,True,False,0,[],0,0.0,,,3
287,12,0,12413.0,27411.0,3815726.9975295765,8264912.213268712,0.4528473970303893,0.46167786167210656,30,558,1,9550.0,17304,2649,14655,0.0,0.0,286,171.6977764736158,9550.0,7,12,False,"{0: np.int64(16), 1: np.int64(6), 2: np.int64(12), 3: np.int64(35), 4: np.int64(10), 5: np.int64(26), 6: np.int64(20)}","{(0, 1): [(np.int64(16), 14), (14, 12), (12, 0), (0, 4), (4, 6)], (0, 2): [(np.int64(16), 14), (14, 12)], (0, 5): [(np.int64(16), 14), (14, 13), (13, 2), (2, 21), (21, 23), (23, 26)], (1, 2): [(np.int64(6), 4), (4, 0), (0, 12)], (1, 3): [(np.int64(6), 4), (4, 1), (1, 28), (28, 31), (31, 35)], (1, 5): [(np.int64(6), 5), (5, 3), (3, 21), (21, 23), (23, 26)], (2, 5): [(np.int64(12), 1), (1, 20), (20, 23), (23, 26)], (2, 6): [(np.int64(12), 0), (0, 20)], (3, 4): [(np.int64(35), 31), (31, 28), (28, 1), (1, 4), (4, 7), (7, 10)], (3, 5): []}","{(0, np.int64(16)): {'cpu': 61}, (1, np.int64(6)): {'cpu': 30}, (2, np.int64(12)): {'cpu': 78}, (3, np.int64(35)): {'cpu': 68}, (4, np.int64(10)): {'cpu': 39}, (5, np.int64(26)): {'cpu': 37}, (6, np.int64(20)): {'cpu': 35}}","{((0, 1), (np.int64(16), 14)): {'bw': 132}, ((0, 1), (14, 12)): {'bw': 132}, ((0, 1), (12, 0)): {'bw': 132}, ((0, 1), (0, 4)): {'bw': 132}, ((0, 1), (4, 6)): {'bw': 132}, ((0, 2), (np.int64(16), 14)): {'bw': 60}, ((0, 2), (14, 12)): {'bw': 60}, ((0, 5), (np.int64(16), 14)): {'bw': 95}, ((0, 5), (14, 13)): {'bw': 95}, ((0, 5), (13, 2)): {'bw': 95}, ((0, 5), (2, 21)): {'bw': 95}, ((0, 5), (21, 23)): {'bw': 95}, ((0, 5), (23, 26)): {'bw': 95}, ((1, 2), (np.int64(6), 4)): {'bw': 74}, ((1, 2), (4, 0)): {'bw': 74}, ((1, 2), (0, 12)): {'bw': 74}, ((1, 3), (np.int64(6), 4)): {'bw': 90}, ((1, 3), (4, 1)): {'bw': 90}, ((1, 3), (1, 28)): {'bw': 90}, ((1, 3), (28, 31)): {'bw': 90}, ((1, 3), (31, 35)): {'bw': 90}, ((1, 5), (np.int64(6), 5)): {'bw': 137}, ((1, 5), (5, 3)): {'bw': 137}, ((1, 5), (3, 21)): {'bw': 137}, ((1, 5), (21, 23)): {'bw': 137}, ((1, 5), (23, 26)): {'bw': 137}, ((2, 5), (np.int64(12), 1)): {'bw': 142}, ((2, 5), (1, 20)): {'bw': 142}, ((2, 5), (20, 23)): {'bw': 142}, ((2, 5), (23, 26)): {'bw': 142}, ((2, 6), (np.int64(12), 0)): {'bw': 70}, ((2, 6), (0, 20)): {'bw': 70}, ((3, 4), (np.int64(35), 31)): {'bw': 97}, ((3, 4), (31, 28)): {'bw': 97}, ((3, 4), (28, 1)): {'bw': 97}, ((3, 4), (1, 4)): {'bw': 97}, ((3, 4), (4, 7)): {'bw': 97}, ((3, 4), (7, 10)): {'bw': 97}}",0.0,0.0,696.0,348.0,1171.0,0.0,0.0,0.0,0.0,0.0,0.0,0.0,0.0,0.0,Route Failure,100.0,"{'node_level': {}, 'link_level': {}, 'path_level': {}}","{'node_level': {0: {'cpu': -18}, 1: {'cpu': -39}, 2: {'cpu': -10}, 3: {'cpu': -25}, 4: {'cpu': -21}, 5: {'cpu': -39}, 6: {'cpu': -32}}, 'link_level': {(0, 1): {'bw': -101}, (0, 2): {'bw': -41}, (0, 5): {'bw': -30}, (1, 2): {'bw': -27}, (1, 3): {'bw': -20}, (1, 5): {'bw': -112}, (2, 5): {'bw': -9}, (2, 6): {'bw': -47}, (3, 4): {'bw': -15}, (3, 5): {'bw': 100.0}}, 'path_level': {(0, 1): {}, (0, 2): {}, (0, 5): {}, (1, 2): {}, (1, 3): {}, (1, 5): {}, (2, 5): {}, (2, 6): {}, (3, 4): {}, (3, 5): {}}}","{'node_level': {0: {'cpu': 0}, 1: {'cpu': 0}, 2: {'cpu': 0}, 3: {'cpu': 0}, 4: {'cpu': 0}, 5: {'cpu': 0}, 6: {'cpu': 0}}, 'link_level': {(0, 1): {'bw': 0}, (0, 2): {'bw': 0}, (0, 5): {'bw': 0}, (1, 2): {'bw': 0}, (1, 3): {'bw': 0}, (1, 5): {'bw': 0}, (2, 5): {'bw': 0}, (2, 6): {'bw': 0}, (3, 4): {'bw': 0}, (3, 5): {'bw': 100.0}}, 'path_level': {(0, 1): {}, (0, 2): {}, (0, 5): {}, (1, 2): {}, (1, 3): {}, (1, 5): {}, (2, 5): {}, (2, 6): {}, (3, 4): {}, (3, 5): {}}}",[],-inf,-inf,True,False,False,0,[],0,0.0,7.0,10.0,3
287,12,0,12413.0,27411.0,3815726.9975295765,8264912.213268712,0.4528473970303893,0.46167786167210656,30,559,0,9555.583300889957,17304,2649,14655,0.0,0.0,284,86.58330088995689,9469.0,10,20,False,{},{},{},{},0.0,0.0,0.0,0.0,0.0,0.0,0.0,0.0,0.0,0.0,0.0,0.0,0.0,0.0,Leave Event,0.0,"{'node_level': {}, 'link_level': {}, 'path_level': {}}","{'node_level': {}, 'link_level': {}, 'path_level': {}}","{'node_level': {}, 'link_level': {}, 'path_level': {}}",[],-inf,-inf,True,True,False,0,[],0,0.0,,,3
287,12,0,12413.0,27411.0,3815726.9975295765,8264912.213268712,0.4528473970303893,0.46167786167210656,30,560,0,9563.862923318382,17304,2649,14655,0.0,0.0,272,478.8629233183817,9085.0,6,6,False,{},{},{},{},0.0,0.0,0.0,0.0,0.0,0.0,0.0,0.0,0.0,0.0,0.0,0.0,0.0,0.0,Leave Event,0.0,"{'node_level': {}, 'link_level': {}, 'path_level': {}}","{'node_level': {}, 'link_level': {}, 'path_level': {}}","{'node_level': {}, 'link_level': {}, 'path_level': {}}",[],-inf,-inf,True,True,False,0,[],0,0.0,,,3
287,12,0,12413.0,27411.0,3815726.9975295765,8264912.213268712,0.4528473970303893,0.46167786167210656,30,561,0,9575.873496034144,17304,2649,14655,0.0,0.0,285,62.873496034144246,9513.0,8,12,False,{},{},{},{},0.0,0.0,0.0,0.0,0.0,0.0,0.0,0.0,0.0,0.0,0.0,0.0,0.0,0.0,Leave Event,0.0,"{'node_level': {}, 'link_level': {}, 'path_level': {}}","{'node_level': {}, 'link_level': {}, 'path_level': {}}","{'node_level': {}, 'link_level': {}, 'path_level': {}}",[],-inf,-inf,True,True,False,0,[],0,0.0,,,3
288,12,0,12413.0,27411.0,3815726.9975295765,8264912.213268712,0.4528473970303893,0.46167786167210656,30,562,1,9588.0,17304,2649,14655,0.0,0.0,287,694.2953355693655,9588.0,9,15,False,"{0: np.int64(15), 1: np.int64(8), 2: np.int64(2), 3: np.int64(35), 4: np.int64(32), 5: np.int64(29), 6: np.int64(0), 7: np.int64(21), 8: np.int64(5)}","{(0, 1): [(np.int64(15), 12), (12, 0), (0, 4), (4, 6), (6, 8)], (0, 4): [(np.int64(15), 12), (12, 0), (0, 28), (28, 30), (30, 32)], (0, 8): [(np.int64(15), 13), (13, 2), (2, 5)], (1, 2): [(np.int64(8), 6), (6, 5), (5, 2)], (1, 3): [(np.int64(8), 6), (6, 4), (4, 1), (1, 28), (28, 31), (31, 35)], (1, 4): []}","{(0, np.int64(15)): {'cpu': 64}, (1, np.int64(8)): {'cpu': 67}, (2, np.int64(2)): {'cpu': 34}, (3, np.int64(35)): {'cpu': 80}, (4, np.int64(32)): {'cpu': 77}, (5, np.int64(29)): {'cpu': 80}, (6, np.int64(0)): {'cpu': 49}, (7, np.int64(21)): {'cpu': 35}, (8, np.int64(5)): {'cpu': 65}}","{((0, 1), (np.int64(15), 12)): {'bw': 146}, ((0, 1), (12, 0)): {'bw': 146}, ((0, 1), (0, 4)): {'bw': 146}, ((0, 1), (4, 6)): {'bw': 146}, ((0, 1), (6, 8)): {'bw': 146}, ((0, 4), (np.int64(15), 12)): {'bw': 135}, ((0, 4), (12, 0)): {'bw': 135}, ((0, 4), (0, 28)): {'bw': 135}, ((0, 4), (28, 30)): {'bw': 135}, ((0, 4), (30, 32)): {'bw': 135}, ((0, 8), (np.int64(15), 13)): {'bw': 138}, ((0, 8), (13, 2)): {'bw': 138}, ((0, 8), (2, 5)): {'bw': 138}, ((1, 2), (np.int64(8), 6)): {'bw': 94}, ((1, 2), (6, 5)): {'bw': 94}, ((1, 2), (5, 2)): {'bw': 94}, ((1, 3), (np.int64(8), 6)): {'bw': 88}, ((1, 3), (6, 4)): {'bw': 88}, ((1, 3), (4, 1)): {'bw': 88}, ((1, 3), (1, 28)): {'bw': 88}, ((1, 3), (28, 31)): {'bw': 88}, ((1, 3), (31, 35)): {'bw': 88}}",0.0,0.0,1102.0,551.0,1708.0,0.0,0.0,0.0,0.0,0.0,0.0,0.0,0.0,0.0,Route Failure,100.0,"{'node_level': {}, 'link_level': {}, 'path_level': {}}","{'node_level': {0: {'cpu': -30}, 1: {'cpu': -26}, 2: {'cpu': -19}, 3: {'cpu': -13}, 4: {'cpu': -15}, 5: {'cpu': -16}, 6: {'cpu': -43}, 7: {'cpu': -41}, 8: {'cpu': -6}}, 'link_level': {(0, 1): {'bw': -87}, (0, 4): {'bw': -32}, (0, 8): {'bw': -147}, (1, 2): {'bw': -117}, (1, 3): {'bw': -56}, (1, 4): {'bw': 100.0}}, 'path_level': {(0, 1): {}, (0, 4): {}, (0, 8): {}, (1, 2): {}, (1, 3): {}, (1, 4): {}}}","{'node_level': {0: {'cpu': 0}, 1: {'cpu': 0}, 2: {'cpu': 0}, 3: {'cpu': 0}, 4: {'cpu': 0}, 5: {'cpu': 0}, 6: {'cpu': 0}, 7: {'cpu': 0}, 8: {'cpu': 0}}, 'link_level': {(0, 1): {'bw': 0}, (0, 4): {'bw': 0}, (0, 8): {'bw': 0}, (1, 2): {'bw': 0}, (1, 3): {'bw': 0}, (1, 4): {'bw': 100.0}}, 'path_level': {(0, 1): {}, (0, 4): {}, (0, 8): {}, (1, 2): {}, (1, 3): {}, (1, 4): {}}}",[],-inf,-inf,True,False,False,0,[],0,0.0,9.0,6.0,3
289,12,0,12413.0,27411.0,3815726.9975295765,8264912.213268712,0.4528473970303893,0.46167786167210656,30,563,1,9614.0,17304,2649,14655,0.0,0.0,288,591.5697840435189,9614.0,7,11,False,"{0: np.int64(22), 1: np.int64(11), 2: np.int64(0), 3: np.int64(29), 4: np.int64(34), 5: np.int64(12), 6: np.int64(26)}","{(0, 2): [(np.int64(22), 20), (20, 0)], (0, 4): [(np.int64(22), 20), (20, 0), (0, 28), (28, 31), (31, 34)], (0, 5): [(np.int64(22), 20), (20, 1), (1, 12)], (1, 2): [(np.int64(11), 7), (7, 4), (4, 0)], (1, 3): [(np.int64(11), 7), (7, 5), (5, 2), (2, 29)], (1, 5): [(np.int64(11), 7), (7, 4), (4, 0), (0, 12)], (2, 3): [(np.int64(0), 28), (28, 30), (30, 29)], (2, 5): [(np.int64(0), 12)], (3, 4): [(np.int64(29), 31), (31, 34)], (3, 5): [(np.int64(29), 2), (2, 13), (13, 14), (14, 12)], (4, 6): []}","{(0, np.int64(22)): {'cpu': 56}, (1, np.int64(11)): {'cpu': 63}, (2, np.int64(0)): {'cpu': 57}, (3, np.int64(29)): {'cpu': 75}, (4, np.int64(34)): {'cpu': 49}, (5, np.int64(12)): {'cpu': 80}, (6, np.int64(26)): {'cpu': 32}}","{((0, 2), (np.int64(22), 20)): {'bw': 140}, ((0, 2), (20, 0)): {'bw': 140}, ((0, 4), (np.int64(22), 20)): {'bw': 81}, ((0, 4), (20, 0)): {'bw': 81}, ((0, 4), (0, 28)): {'bw': 81}, ((0, 4), (28, 31)): {'bw': 81}, ((0, 4), (31, 34)): {'bw': 81}, ((0, 5), (np.int64(22), 20)): {'bw': 101}, ((0, 5), (20, 1)): {'bw': 101}, ((0, 5), (1, 12)): {'bw': 101}, ((1, 2), (np.int64(11), 7)): {'bw': 147}, ((1, 2), (7, 4)): {'bw': 147}, ((1, 2), (4, 0)): {'bw': 147}, ((1, 3), (np.int64(11), 7)): {'bw': 135}, ((1, 3), (7, 5)): {'bw': 135}, ((1, 3), (5, 2)): {'bw': 135}, ((1, 3), (2, 29)): {'bw': 135}, ((1, 5), (np.int64(11), 7)): {'bw': 78}, ((1, 5), (7, 4)): {'bw': 78}, ((1, 5), (4, 0)): {'bw': 78}, ((1, 5), (0, 12)): {'bw': 78}, ((2, 3), (np.int64(0), 28)): {'bw': 63}, ((2, 3), (28, 30)): {'bw': 63}, ((2, 3), (30, 29)): {'bw': 63}, ((2, 5), (np.int64(0), 12)): {'bw': 129}, ((3, 4), (np.int64(29), 31)): {'bw': 150}, ((3, 4), (31, 34)): {'bw': 150}, ((3, 5), (np.int64(29), 2)): {'bw': 74}, ((3, 5), (2, 13)): {'bw': 74}, ((3, 5), (13, 14)): {'bw': 74}, ((3, 5), (14, 12)): {'bw': 74}}",0.0,0.0,824.0,412.0,1245.0,0.0,0.0,0.0,0.0,0.0,0.0,0.0,0.0,0.0,Route Failure,100.0,"{'node_level': {}, 'link_level': {}, 'path_level': {}}","{'node_level': {0: {'cpu': -16}, 1: {'cpu': -8}, 2: {'cpu': -35}, 3: {'cpu': -21}, 4: {'cpu': -8}, 5: {'cpu': -8}, 6: {'cpu': -44}}, 'link_level': {(0, 2): {'bw': -139}, (0, 4): {'bw': -58}, (0, 5): {'bw': -22}, (1, 2): {'bw': -86}, (1, 3): {'bw': -92}, (1, 5): {'bw': -8}, (2, 3): {'bw': -232}, (2, 5): {'bw': -116}, (3, 4): {'bw': -21}, (3, 5): {'bw': -110}, (4, 6): {'bw': 100.0}}, 'path_level': {(0, 2): {}, (0, 4): {}, (0, 5): {}, (1, 2): {}, (1, 3): {}, (1, 5): {}, (2, 3): {}, (2, 5): {}, (3, 4): {}, (3, 5): {}, (4, 6): {}}}","{'node_level': {0: {'cpu': 0}, 1: {'cpu': 0}, 2: {'cpu': 0}, 3: {'cpu': 0}, 4: {'cpu': 0}, 5: {'cpu': 0}, 6: {'cpu': 0}}, 'link_level': {(0, 2): {'bw': 0}, (0, 4): {'bw': 0}, (0, 5): {'bw': 0}, (1, 2): {'bw': 0}, (1, 3): {'bw': 0}, (1, 5): {'bw': 0}, (2, 3): {'bw': 0}, (2, 5): {'bw': 0}, (3, 4): {'bw': 0}, (3, 5): {'bw': 0}, (4, 6): {'bw': 100.0}}, 'path_level': {(0, 2): {}, (0, 4): {}, (0, 5): {}, (1, 2): {}, (1, 3): {}, (1, 5): {}, (2, 3): {}, (2, 5): {}, (3, 4): {}, (3, 5): {}, (4, 6): {}}}",[],-inf,-inf,True,False,False,0,[],0,0.0,7.0,11.0,3
290,12,0,12413.0,27411.0,3815726.9975295765,8264912.213268712,0.4528473970303893,0.46167786167210656,30,564,1,9648.0,17304,2649,14655,0.0,0.0,289,719.0094988332306,9648.0,8,13,False,"{0: np.int64(14), 1: np.int64(15), 2: np.int64(2), 3: np.int64(34), 4: np.int64(12), 5: np.int64(13), 6: np.int64(6), 7: np.int64(4)}","{(0, 2): [(np.int64(14), 13), (13, 2)], (0, 4): [(np.int64(14), 12)], (0, 6): [(np.int64(14), 12), (12, 0), (0, 4), (4, 6)], (1, 3): [(np.int64(15), 12), (12, 0), (0, 28), (28, 31), (31, 34)], (1, 5): [(np.int64(15), 13)], (2, 4): [(np.int64(2), 13), (13, 15), (15, 12)], (2, 5): [(np.int64(2), 13)], (2, 7): [(np.int64(2), 5), (5, 6), (6, 4)], (3, 6): [(np.int64(34), 31), (31, 29), (29, 2), (2, 5), (5, 6)], (3, 7): []}","{(0, np.int64(14)): {'cpu': 50}, (1, np.int64(15)): {'cpu': 78}, (2, np.int64(2)): {'cpu': 32}, (3, np.int64(34)): {'cpu': 44}, (4, np.int64(12)): {'cpu': 69}, (5, np.int64(13)): {'cpu': 47}, (6, np.int64(6)): {'cpu': 34}, (7, np.int64(4)): {'cpu': 35}}","{((0, 2), (np.int64(14), 13)): {'bw': 65}, ((0, 2), (13, 2)): {'bw': 65}, ((0, 4), (np.int64(14), 12)): {'bw': 95}, ((0, 6), (np.int64(14), 12)): {'bw': 120}, ((0, 6), (12, 0)): {'bw': 120}, ((0, 6), (0, 4)): {'bw': 120}, ((0, 6), (4, 6)): {'bw': 120}, ((1, 3), (np.int64(15), 12)): {'bw': 86}, ((1, 3), (12, 0)): {'bw': 86}, ((1, 3), (0, 28)): {'bw': 86}, ((1, 3), (28, 31)): {'bw': 86}, ((1, 3), (31, 34)): {'bw': 86}, ((1, 5), (np.int64(15), 13)): {'bw': 140}, ((2, 4), (np.int64(2), 13)): {'bw': 82}, ((2, 4), (13, 15)): {'bw': 82}, ((2, 4), (15, 12)): {'bw': 82}, ((2, 5), (np.int64(2), 13)): {'bw': 69}, ((2, 7), (np.int64(2), 5)): {'bw': 68}, ((2, 7), (5, 6)): {'bw': 68}, ((2, 7), (6, 4)): {'bw': 68}, ((3, 6), (np.int64(34), 31)): {'bw': 147}, ((3, 6), (31, 29)): {'bw': 147}, ((3, 6), (29, 2)): {'bw': 147}, ((3, 6), (2, 5)): {'bw': 147}, ((3, 6), (5, 6)): {'bw': 147}}",0.0,0.0,778.0,389.0,1264.0,0.0,0.0,0.0,0.0,0.0,0.0,0.0,0.0,0.0,Route Failure,100.0,"{'node_level': {}, 'link_level': {}, 'path_level': {}}","{'node_level': {0: {'cpu': -20}, 1: {'cpu': -16}, 2: {'cpu': -21}, 3: {'cpu': -13}, 4: {'cpu': -19}, 5: {'cpu': -35}, 6: {'cpu': -35}, 7: {'cpu': -15}}, 'link_level': {(0, 2): {'bw': -136}, (0, 4): {'bw': -138}, (0, 6): {'bw': -18}, (1, 3): {'bw': -117}, (1, 5): {'bw': -145}, (2, 4): {'bw': -63}, (2, 5): {'bw': -111}, (2, 7): {'bw': -128}, (3, 6): {'bw': -19}, (3, 7): {'bw': 100.0}}, 'path_level': {(0, 2): {}, (0, 4): {}, (0, 6): {}, (1, 3): {}, (1, 5): {}, (2, 4): {}, (2, 5): {}, (2, 7): {}, (3, 6): {}, (3, 7): {}}}","{'node_level': {0: {'cpu': 0}, 1: {'cpu': 0}, 2: {'cpu': 0}, 3: {'cpu': 0}, 4: {'cpu': 0}, 5: {'cpu': 0}, 6: {'cpu': 0}, 7: {'cpu': 0}}, 'link_level': {(0, 2): {'bw': 0}, (0, 4): {'bw': 0}, (0, 6): {'bw': 0}, (1, 3): {'bw': 0}, (1, 5): {'bw': 0}, (2, 4): {'bw': 0}, (2, 5): {'bw': 0}, (2, 7): {'bw': 0}, (3, 6): {'bw': 0}, (3, 7): {'bw': 100.0}}, 'path_level': {(0, 2): {}, (0, 4): {}, (0, 6): {}, (1, 3): {}, (1, 5): {}, (2, 4): {}, (2, 5): {}, (2, 7): {}, (3, 6): {}, (3, 7): {}}}",[],-inf,-inf,True,False,False,0,[],0,0.0,8.0,10.0,3
290,12,0,12413.0,27411.0,3815726.9975295765,8264912.213268712,0.4528473970303893,0.46167786167210656,30,565,0,9650.110530557533,17304,2649,14655,0.0,0.0,259,1013.1105305575323,8637.0,7,11,False,{},{},{},{},0.0,0.0,0.0,0.0,0.0,0.0,0.0,0.0,0.0,0.0,0.0,0.0,0.0,0.0,Leave Event,0.0,"{'node_level': {}, 'link_level': {}, 'path_level': {}}","{'node_level': {}, 'link_level': {}, 'path_level': {}}","{'node_level': {}, 'link_level': {}, 'path_level': {}}",[],-inf,-inf,True,True,False,0,[],0,0.0,,,3
290,12,0,12413.0,27411.0,3815726.9975295765,8264912.213268712,0.4528473970303893,0.46167786167210656,30,566,0,9669.466132004574,17304,2649,14655,0.0,0.0,270,648.4661320045739,9021.0,7,11,False,{},{},{},{},0.0,0.0,0.0,0.0,0.0,0.0,0.0,0.0,0.0,0.0,0.0,0.0,0.0,0.0,Leave Event,0.0,"{'node_level': {}, 'link_level': {}, 'path_level': {}}","{'node_level': {}, 'link_level': {}, 'path_level': {}}","{'node_level': {}, 'link_level': {}, 'path_level': {}}",[],-inf,-inf,True,True,False,0,[],0,0.0,,,3
290,12,0,12413.0,27411.0,3815726.9975295765,8264912.213268712,0.4528473970303893,0.46167786167210656,30,567,0,9686.231330280538,17304,2649,14655,0.0,0.0,256,1165.2313302805376,8521.0,10,21,False,{},{},{},{},0.0,0.0,0.0,0.0,0.0,0.0,0.0,0.0,0.0,0.0,0.0,0.0,0.0,0.0,Leave Event,0.0,"{'node_level': {}, 'link_level': {}, 'path_level': {}}","{'node_level': {}, 'link_level': {}, 'path_level': {}}","{'node_level': {}, 'link_level': {}, 'path_level': {}}",[],-inf,-inf,True,True,False,0,[],0,0.0,,,3
290,12,0,12413.0,27411.0,3815726.9975295765,8264912.213268712,0.4528473970303893,0.46167786167210656,30,568,0,9687.563102940076,17304,2649,14655,0.0,0.0,279,375.56310294007534,9312.0,9,18,False,{},{},{},{},0.0,0.0,0.0,0.0,0.0,0.0,0.0,0.0,0.0,0.0,0.0,0.0,0.0,0.0,Leave Event,0.0,"{'node_level': {}, 'link_level': {}, 'path_level': {}}","{'node_level': {}, 'link_level': {}, 'path_level': {}}","{'node_level': {}, 'link_level': {}, 'path_level': {}}",[],-inf,-inf,True,True,False,0,[],0,0.0,,,3
291,12,0,12413.0,27411.0,3815726.9975295765,8264912.213268712,0.4528473970303893,0.46167786167210656,30,569,1,9690.0,17304,2649,14655,0.0,0.0,290,538.9108739554525,9690.0,8,16,False,"{0: np.int64(22), 1: np.int64(35), 2: np.int64(15), 3: np.int64(12), 4: np.int64(23), 5: np.int64(16), 6: np.int64(21), 7: np.int64(29)}","{(0, 2): [(np.int64(22), 20), (20, 0), (0, 12), (12, 15)], (0, 4): [(np.int64(22), 20), (20, 23)], (0, 6): [(np.int64(22), 21)], (0, 7): [(np.int64(22), 21), (21, 2), (2, 29)], (1, 3): [(np.int64(35), 31), (31, 28), (28, 0), (0, 12)], (1, 5): []}","{(0, np.int64(22)): {'cpu': 39}, (1, np.int64(35)): {'cpu': 57}, (2, np.int64(15)): {'cpu': 68}, (3, np.int64(12)): {'cpu': 37}, (4, np.int64(23)): {'cpu': 42}, (5, np.int64(16)): {'cpu': 69}, (6, np.int64(21)): {'cpu': 47}, (7, np.int64(29)): {'cpu': 71}}","{((0, 2), (np.int64(22), 20)): {'bw': 92}, ((0, 2), (20, 0)): {'bw': 92}, ((0, 2), (0, 12)): {'bw': 92}, ((0, 2), (12, 15)): {'bw': 92}, ((0, 4), (np.int64(22), 20)): {'bw': 100}, ((0, 4), (20, 23)): {'bw': 100}, ((0, 6), (np.int64(22), 21)): {'bw': 109}, ((0, 7), (np.int64(22), 21)): {'bw': 75}, ((0, 7), (21, 2)): {'bw': 75}, ((0, 7), (2, 29)): {'bw': 75}, ((1, 3), (np.int64(35), 31)): {'bw': 111}, ((1, 3), (31, 28)): {'bw': 111}, ((1, 3), (28, 0)): {'bw': 111}, ((1, 3), (0, 12)): {'bw': 111}}",0.0,0.0,860.0,430.0,1790.0,0.0,0.0,0.0,0.0,0.0,0.0,0.0,0.0,0.0,Route Failure,100.0,"{'node_level': {}, 'link_level': {}, 'path_level': {}}","{'node_level': {0: {'cpu': -33}, 1: {'cpu': -36}, 2: {'cpu': -26}, 3: {'cpu': -51}, 4: {'cpu': -10}, 5: {'cpu': -10}, 6: {'cpu': -29}, 7: {'cpu': -25}}, 'link_level': {(0, 2): {'bw': -187}, (0, 4): {'bw': -152}, (0, 6): {'bw': -251}, (0, 7): {'bw': -153}, (1, 3): {'bw': -91}, (1, 5): {'bw': 100.0}}, 'path_level': {(0, 2): {}, (0, 4): {}, (0, 6): {}, (0, 7): {}, (1, 3): {}, (1, 5): {}}}","{'node_level': {0: {'cpu': 0}, 1: {'cpu': 0}, 2: {'cpu': 0}, 3: {'cpu': 0}, 4: {'cpu': 0}, 5: {'cpu': 0}, 6: {'cpu': 0}, 7: {'cpu': 0}}, 'link_level': {(0, 2): {'bw': 0}, (0, 4): {'bw': 0}, (0, 6): {'bw': 0}, (0, 7): {'bw': 0}, (1, 3): {'bw': 0}, (1, 5): {'bw': 100.0}}, 'path_level': {(0, 2): {}, (0, 4): {}, (0, 6): {}, (0, 7): {}, (1, 3): {}, (1, 5): {}}}",[],-inf,-inf,True,False,False,0,[],0,0.0,8.0,6.0,3
292,12,0,12413.0,27411.0,3815726.9975295765,8264912.213268712,0.4528473970303893,0.46167786167210656,30,570,1,9719.0,17304,2649,14655,0.0,0.0,291,790.5083190200861,9719.0,9,20,False,"{0: np.int64(18), 1: np.int64(5), 2: np.int64(24), 3: np.int64(12), 4: np.int64(16), 5: np.int64(15), 6: np.int64(9), 7: np.int64(35), 8: np.int64(29)}","{(0, 1): [(np.int64(18), 15), (15, 13), (13, 2), (2, 5)], (0, 3): [(np.int64(18), 15), (15, 12)], (0, 4): [(np.int64(18), 15), (15, 12), (12, 14), (14, 16)], (0, 5): []}","{(0, np.int64(18)): {'cpu': 34}, (1, np.int64(5)): {'cpu': 65}, (2, np.int64(24)): {'cpu': 32}, (3, np.int64(12)): {'cpu': 54}, (4, np.int64(16)): {'cpu': 64}, (5, np.int64(15)): {'cpu': 79}, (6, np.int64(9)): {'cpu': 62}, (7, np.int64(35)): {'cpu': 73}, (8, np.int64(29)): {'cpu': 56}}","{((0, 1), (np.int64(18), 15)): {'bw': 63}, ((0, 1), (15, 13)): {'bw': 63}, ((0, 1), (13, 2)): {'bw': 63}, ((0, 1), (2, 5)): {'bw': 63}, ((0, 3), (np.int64(18), 15)): {'bw': 105}, ((0, 3), (15, 12)): {'bw': 105}, ((0, 4), (np.int64(18), 15)): {'bw': 147}, ((0, 4), (15, 12)): {'bw': 147}, ((0, 4), (12, 14)): {'bw': 147}, ((0, 4), (14, 16)): {'bw': 147}}",0.0,0.0,1038.0,519.0,2075.0,0.0,0.0,0.0,0.0,0.0,0.0,0.0,0.0,0.0,Route Failure,100.0,"{'node_level': {}, 'link_level': {}, 'path_level': {}}","{'node_level': {0: {'cpu': -30}, 1: {'cpu': -6}, 2: {'cpu': -20}, 3: {'cpu': -34}, 4: {'cpu': -15}, 5: {'cpu': -15}, 6: {'cpu': -29}, 7: {'cpu': -20}, 8: {'cpu': -40}}, 'link_level': {(0, 1): {'bw': -222}, (0, 3): {'bw': -156}, (0, 4): {'bw': -9}, (0, 5): {'bw': 100.0}}, 'path_level': {(0, 1): {}, (0, 3): {}, (0, 4): {}, (0, 5): {}}}","{'node_level': {0: {'cpu': 0}, 1: {'cpu': 0}, 2: {'cpu': 0}, 3: {'cpu': 0}, 4: {'cpu': 0}, 5: {'cpu': 0}, 6: {'cpu': 0}, 7: {'cpu': 0}, 8: {'cpu': 0}}, 'link_level': {(0, 1): {'bw': 0}, (0, 3): {'bw': 0}, (0, 4): {'bw': 0}, (0, 5): {'bw': 100.0}}, 'path_level': {(0, 1): {}, (0, 3): {}, (0, 4): {}, (0, 5): {}}}",[],-inf,-inf,True,False,False,0,[],0,0.0,9.0,4.0,3
292,12,0,12413.0,27411.0,3815726.9975295765,8264912.213268712,0.4528473970303893,0.46167786167210656,30,571,0,9721.697776473617,17304,2649,14655,0.0,0.0,286,171.6977764736158,9550.0,7,12,False,{},{},{},{},0.0,0.0,0.0,0.0,0.0,0.0,0.0,0.0,0.0,0.0,0.0,0.0,0.0,0.0,Leave Event,0.0,"{'node_level': {}, 'link_level': {}, 'path_level': {}}","{'node_level': {}, 'link_level': {}, 'path_level': {}}","{'node_level': {}, 'link_level': {}, 'path_level': {}}",[],-inf,-inf,True,True,False,0,[],0,0.0,,,3
292,12,0,12413.0,27411.0,3815726.9975295765,8264912.213268712,0.4528473970303893,0.46167786167210656,30,572,0,9729.642334138918,17304,2649,14655,0.0,0.0,264,911.6423341389176,8818.0,9,21,False,{},{},{},{},0.0,0.0,0.0,0.0,0.0,0.0,0.0,0.0,0.0,0.0,0.0,0.0,0.0,0.0,Leave Event,0.0,"{'node_level': {}, 'link_level': {}, 'path_level': {}}","{'node_level': {}, 'link_level': {}, 'path_level': {}}","{'node_level': {}, 'link_level': {}, 'path_level': {}}",[],-inf,-inf,True,True,False,0,[],0,0.0,,,3
293,12,0,12413.0,27411.0,3815726.9975295765,8264912.213268712,0.4528473970303893,0.46167786167210656,30,573,1,9742.0,17304,2649,14655,0.0,0.0,292,80.64590716764503,9742.0,7,12,False,"{0: np.int64(9), 1: np.int64(12), 2: np.int64(15), 3: np.int64(5), 4: np.int64(13), 5: np.int64(35), 6: np.int64(6)}","{(0, 1): [(np.int64(9), 6), (6, 4), (4, 0), (0, 12)], (0, 4): [(np.int64(9), 6), (6, 5), (5, 2), (2, 13)], (0, 5): [(np.int64(9), 6), (6, 4), (4, 0), (0, 28), (28, 31), (31, 35)], (0, 6): []}","{(0, np.int64(9)): {'cpu': 80}, (1, np.int64(12)): {'cpu': 77}, (2, np.int64(15)): {'cpu': 67}, (3, np.int64(5)): {'cpu': 58}, (4, np.int64(13)): {'cpu': 59}, (5, np.int64(35)): {'cpu': 78}, (6, np.int64(6)): {'cpu': 67}}","{((0, 1), (np.int64(9), 6)): {'bw': 98}, ((0, 1), (6, 4)): {'bw': 98}, ((0, 1), (4, 0)): {'bw': 98}, ((0, 1), (0, 12)): {'bw': 98}, ((0, 4), (np.int64(9), 6)): {'bw': 110}, ((0, 4), (6, 5)): {'bw': 110}, ((0, 4), (5, 2)): {'bw': 110}, ((0, 4), (2, 13)): {'bw': 110}, ((0, 5), (np.int64(9), 6)): {'bw': 121}, ((0, 5), (6, 4)): {'bw': 121}, ((0, 5), (4, 0)): {'bw': 121}, ((0, 5), (0, 28)): {'bw': 121}, ((0, 5), (28, 31)): {'bw': 121}, ((0, 5), (31, 35)): {'bw': 121}}",0.0,0.0,972.0,486.0,1300.0,0.0,0.0,0.0,0.0,0.0,0.0,0.0,0.0,0.0,Route Failure,100.0,"{'node_level': {}, 'link_level': {}, 'path_level': {}}","{'node_level': {0: {'cpu': -11}, 1: {'cpu': -11}, 2: {'cpu': -27}, 3: {'cpu': -13}, 4: {'cpu': -23}, 5: {'cpu': -15}, 6: {'cpu': -2}}, 'link_level': {(0, 1): {'bw': -135}, (0, 4): {'bw': -191}, (0, 5): {'bw': -14}, (0, 6): {'bw': 100.0}}, 'path_level': {(0, 1): {}, (0, 4): {}, (0, 5): {}, (0, 6): {}}}","{'node_level': {0: {'cpu': 0}, 1: {'cpu': 0}, 2: {'cpu': 0}, 3: {'cpu': 0}, 4: {'cpu': 0}, 5: {'cpu': 0}, 6: {'cpu': 0}}, 'link_level': {(0, 1): {'bw': 0}, (0, 4): {'bw': 0}, (0, 5): {'bw': 0}, (0, 6): {'bw': 100.0}}, 'path_level': {(0, 1): {}, (0, 4): {}, (0, 5): {}, (0, 6): {}}}",[],-inf,-inf,True,False,False,0,[],0,0.0,7.0,4.0,3
294,12,0,12413.0,27411.0,3815726.9975295765,8264912.213268712,0.4528473970303893,0.46167786167210656,30,574,1,9772.0,17304,2649,14655,0.0,0.0,293,404.06984966947465,9772.0,10,30,False,"{0: np.int64(14), 1: np.int64(3), 2: np.int64(13), 3: np.int64(22), 4: np.int64(16), 5: np.int64(35), 6: np.int64(19), 7: np.int64(26), 8: np.int64(9), 9: np.int64(31)}","{(0, 1): [(np.int64(14), 13), (13, 3)], (0, 3): [(np.int64(14), 12), (12, 0), (0, 20), (20, 22)], (0, 4): [(np.int64(14), 16)], (0, 5): [(np.int64(14), 12), (12, 0), (0, 28), (28, 31), (31, 35)], (0, 6): []}","{(0, np.int64(14)): {'cpu': 37}, (1, np.int64(3)): {'cpu': 40}, (2, np.int64(13)): {'cpu': 31}, (3, np.int64(22)): {'cpu': 52}, (4, np.int64(16)): {'cpu': 59}, (5, np.int64(35)): {'cpu': 52}, (6, np.int64(19)): {'cpu': 67}, (7, np.int64(26)): {'cpu': 43}, (8, np.int64(9)): {'cpu': 57}, (9, np.int64(31)): {'cpu': 59}}","{((0, 1), (np.int64(14), 13)): {'bw': 122}, ((0, 1), (13, 3)): {'bw': 122}, ((0, 3), (np.int64(14), 12)): {'bw': 97}, ((0, 3), (12, 0)): {'bw': 97}, ((0, 3), (0, 20)): {'bw': 97}, ((0, 3), (20, 22)): {'bw': 97}, ((0, 4), (np.int64(14), 16)): {'bw': 72}, ((0, 5), (np.int64(14), 12)): {'bw': 63}, ((0, 5), (12, 0)): {'bw': 63}, ((0, 5), (0, 28)): {'bw': 63}, ((0, 5), (28, 31)): {'bw': 63}, ((0, 5), (31, 35)): {'bw': 63}}",0.0,0.0,994.0,497.0,3147.0,0.0,0.0,0.0,0.0,0.0,0.0,0.0,0.0,0.0,Route Failure,100.0,"{'node_level': {}, 'link_level': {}, 'path_level': {}}","{'node_level': {0: {'cpu': -33}, 1: {'cpu': -18}, 2: {'cpu': -51}, 3: {'cpu': -20}, 4: {'cpu': -20}, 5: {'cpu': -41}, 6: {'cpu': -9}, 7: {'cpu': -33}, 8: {'cpu': -34}, 9: {'cpu': -20}}, 'link_level': {(0, 1): {'bw': -78}, (0, 3): {'bw': -136}, (0, 4): {'bw': -245}, (0, 5): {'bw': -73}, (0, 6): {'bw': 100.0}}, 'path_level': {(0, 1): {}, (0, 3): {}, (0, 4): {}, (0, 5): {}, (0, 6): {}}}","{'node_level': {0: {'cpu': 0}, 1: {'cpu': 0}, 2: {'cpu': 0}, 3: {'cpu': 0}, 4: {'cpu': 0}, 5: {'cpu': 0}, 6: {'cpu': 0}, 7: {'cpu': 0}, 8: {'cpu': 0}, 9: {'cpu': 0}}, 'link_level': {(0, 1): {'bw': 0}, (0, 3): {'bw': 0}, (0, 4): {'bw': 0}, (0, 5): {'bw': 0}, (0, 6): {'bw': 100.0}}, 'path_level': {(0, 1): {}, (0, 3): {}, (0, 4): {}, (0, 5): {}, (0, 6): {}}}",[],-inf,-inf,True,False,False,0,[],0,0.0,10.0,5.0,3
294,12,0,12413.0,27411.0,3815726.9975295765,8264912.213268712,0.4528473970303893,0.46167786167210656,30,575,0,9782.973490905888,17304,2649,14655,0.0,0.0,276,566.9734909058881,9216.0,8,15,False,{},{},{},{},0.0,0.0,0.0,0.0,0.0,0.0,0.0,0.0,0.0,0.0,0.0,0.0,0.0,0.0,Leave Event,0.0,"{'node_level': {}, 'link_level': {}, 'path_level': {}}","{'node_level': {}, 'link_level': {}, 'path_level': {}}","{'node_level': {}, 'link_level': {}, 'path_level': {}}",[],-inf,-inf,True,True,False,0,[],0,0.0,,,3
295,12,0,12413.0,27411.0,3815726.9975295765,8264912.213268712,0.4528473970303893,0.46167786167210656,30,576,1,9802.0,17304,2649,14655,0.0,0.0,294,10.84668079670353,9802.0,8,16,False,"{0: np.int64(20), 1: np.int64(15), 2: np.int64(32), 3: np.int64(28), 4: np.int64(29), 5: np.int64(19), 6: np.int64(0), 7: np.int64(13)}","{(0, 1): [(np.int64(20), 0), (0, 12), (12, 15)], (0, 2): [(np.int64(20), 0), (0, 28), (28, 30), (30, 32)], (0, 3): [(np.int64(20), 1), (1, 28)], (0, 6): [(np.int64(20), 1), (1, 4), (4, 0)], (0, 7): [(np.int64(20), 22), (22, 21), (21, 2), (2, 13)], (1, 2): [(np.int64(15), 12), (12, 0), (0, 28), (28, 30), (30, 32)], (1, 3): [(np.int64(15), 12), (12, 0), (0, 28)], (1, 5): [(np.int64(15), 19)], (1, 6): [(np.int64(15), 13), (13, 2), (2, 5), (5, 6), (6, 4), (4, 0)], (2, 5): [(np.int64(32), 30), (30, 29), (29, 3), (3, 13), (13, 15), (15, 19)], (2, 7): []}","{(0, np.int64(20)): {'cpu': 64}, (1, np.int64(15)): {'cpu': 80}, (2, np.int64(32)): {'cpu': 53}, (3, np.int64(28)): {'cpu': 69}, (4, np.int64(29)): {'cpu': 57}, (5, np.int64(19)): {'cpu': 47}, (6, np.int64(0)): {'cpu': 58}, (7, np.int64(13)): {'cpu': 32}}","{((0, 1), (np.int64(20), 0)): {'bw': 81}, ((0, 1), (0, 12)): {'bw': 81}, ((0, 1), (12, 15)): {'bw': 81}, ((0, 2), (np.int64(20), 0)): {'bw': 123}, ((0, 2), (0, 28)): {'bw': 123}, ((0, 2), (28, 30)): {'bw': 123}, ((0, 2), (30, 32)): {'bw': 123}, ((0, 3), (np.int64(20), 1)): {'bw': 105}, ((0, 3), (1, 28)): {'bw': 105}, ((0, 6), (np.int64(20), 1)): {'bw': 120}, ((0, 6), (1, 4)): {'bw': 120}, ((0, 6), (4, 0)): {'bw': 120}, ((0, 7), (np.int64(20), 22)): {'bw': 144}, ((0, 7), (22, 21)): {'bw': 144}, ((0, 7), (21, 2)): {'bw': 144}, ((0, 7), (2, 13)): {'bw': 144}, ((1, 2), (np.int64(15), 12)): {'bw': 72}, ((1, 2), (12, 0)): {'bw': 72}, ((1, 2), (0, 28)): {'bw': 72}, ((1, 2), (28, 30)): {'bw': 72}, ((1, 2), (30, 32)): {'bw': 72}, ((1, 3), (np.int64(15), 12)): {'bw': 119}, ((1, 3), (12, 0)): {'bw': 119}, ((1, 3), (0, 28)): {'bw': 119}, ((1, 5), (np.int64(15), 19)): {'bw': 95}, ((1, 6), (np.int64(15), 13)): {'bw': 104}, ((1, 6), (13, 2)): {'bw': 104}, ((1, 6), (2, 5)): {'bw': 104}, ((1, 6), (5, 6)): {'bw': 104}, ((1, 6), (6, 4)): {'bw': 104}, ((1, 6), (4, 0)): {'bw': 104}, ((2, 5), (np.int64(32), 30)): {'bw': 111}, ((2, 5), (30, 29)): {'bw': 111}, ((2, 5), (29, 3)): {'bw': 111}, ((2, 5), (3, 13)): {'bw': 111}, ((2, 5), (13, 15)): {'bw': 111}, ((2, 5), (15, 19)): {'bw': 111}}",0.0,0.0,920.0,460.0,1682.0,0.0,0.0,0.0,0.0,0.0,0.0,0.0,0.0,0.0,Route Failure,100.0,"{'node_level': {}, 'link_level': {}, 'path_level': {}}","{'node_level': {0: {'cpu': -3}, 1: {'cpu': -14}, 2: {'cpu': -39}, 3: {'cpu': -21}, 4: {'cpu': -39}, 5: {'cpu': -29}, 6: {'cpu': -34}, 7: {'cpu': -50}}, 'link_level': {(0, 1): {'bw': -198}, (0, 2): {'bw': -75}, (0, 3): {'bw': -144}, (0, 6): {'bw': -69}, (0, 7): {'bw': -84}, (1, 2): {'bw': -146}, (1, 3): {'bw': -41}, (1, 5): {'bw': -204}, (1, 6): {'bw': -9}, (2, 5): {'bw': -70}, (2, 7): {'bw': 100.0}}, 'path_level': {(0, 1): {}, (0, 2): {}, (0, 3): {}, (0, 6): {}, (0, 7): {}, (1, 2): {}, (1, 3): {}, (1, 5): {}, (1, 6): {}, (2, 5): {}, (2, 7): {}}}","{'node_level': {0: {'cpu': 0}, 1: {'cpu': 0}, 2: {'cpu': 0}, 3: {'cpu': 0}, 4: {'cpu': 0}, 5: {'cpu': 0}, 6: {'cpu': 0}, 7: {'cpu': 0}}, 'link_level': {(0, 1): {'bw': 0}, (0, 2): {'bw': 0}, (0, 3): {'bw': 0}, (0, 6): {'bw': 0}, (0, 7): {'bw': 0}, (1, 2): {'bw': 0}, (1, 3): {'bw': 0}, (1, 5): {'bw': 0}, (1, 6): {'bw': 0}, (2, 5): {'bw': 0}, (2, 7): {'bw': 100.0}}, 'path_level': {(0, 1): {}, (0, 2): {}, (0, 3): {}, (0, 6): {}, (0, 7): {}, (1, 2): {}, (1, 3): {}, (1, 5): {}, (1, 6): {}, (2, 5): {}, (2, 7): {}}}",[],-inf,-inf,True,False,False,0,[],0,0.0,8.0,11.0,3
295,12,0,12413.0,27411.0,3815726.9975295765,8264912.213268712,0.4528473970303893,0.46167786167210656,30,577,0,9812.846680796703,17304,2649,14655,0.0,0.0,294,10.84668079670353,9802.0,8,16,False,{},{},{},{},0.0,0.0,0.0,0.0,0.0,0.0,0.0,0.0,0.0,0.0,0.0,0.0,0.0,0.0,Leave Event,0.0,"{'node_level': {}, 'link_level': {}, 'path_level': {}}","{'node_level': {}, 'link_level': {}, 'path_level': {}}","{'node_level': {}, 'link_level': {}, 'path_level': {}}",[],-inf,-inf,True,True,False,0,[],0,0.0,,,3
295,12,0,12413.0,27411.0,3815726.9975295765,8264912.213268712,0.4528473970303893,0.46167786167210656,30,578,0,9822.645907167645,17304,2649,14655,0.0,0.0,292,80.64590716764503,9742.0,7,12,False,{},{},{},{},0.0,0.0,0.0,0.0,0.0,0.0,0.0,0.0,0.0,0.0,0.0,0.0,0.0,0.0,Leave Event,0.0,"{'node_level': {}, 'link_level': {}, 'path_level': {}}","{'node_level': {}, 'link_level': {}, 'path_level': {}}","{'node_level': {}, 'link_level': {}, 'path_level': {}}",[],-inf,-inf,True,True,False,0,[],0,0.0,,,3
296,12,0,12413.0,27411.0,3815726.9975295765,8264912.213268712,0.4528473970303893,0.46167786167210656,30,579,1,9834.0,17304,2649,14655,0.0,0.0,295,338.3062152822045,9834.0,8,17,False,"{0: np.int64(32), 1: np.int64(26), 2: np.int64(28), 3: np.int64(30), 4: np.int64(29), 5: np.int64(13), 6: np.int64(6), 7: np.int64(9)}","{(0, 1): [(np.int64(32), 30), (30, 28), (28, 0), (0, 20), (20, 23), (23, 26)], (0, 3): [(np.int64(32), 30)], (0, 4): [(np.int64(32), 30), (30, 29)], (0, 5): [(np.int64(32), 30), (30, 29), (29, 2), (2, 13)], (0, 6): []}","{(0, np.int64(32)): {'cpu': 44}, (1, np.int64(26)): {'cpu': 34}, (2, np.int64(28)): {'cpu': 75}, (3, np.int64(30)): {'cpu': 70}, (4, np.int64(29)): {'cpu': 79}, (5, np.int64(13)): {'cpu': 34}, (6, np.int64(6)): {'cpu': 54}, (7, np.int64(9)): {'cpu': 74}}","{((0, 1), (np.int64(32), 30)): {'bw': 147}, ((0, 1), (30, 28)): {'bw': 147}, ((0, 1), (28, 0)): {'bw': 147}, ((0, 1), (0, 20)): {'bw': 147}, ((0, 1), (20, 23)): {'bw': 147}, ((0, 1), (23, 26)): {'bw': 147}, ((0, 3), (np.int64(32), 30)): {'bw': 67}, ((0, 4), (np.int64(32), 30)): {'bw': 80}, ((0, 4), (30, 29)): {'bw': 80}, ((0, 5), (np.int64(32), 30)): {'bw': 92}, ((0, 5), (30, 29)): {'bw': 92}, ((0, 5), (29, 2)): {'bw': 92}, ((0, 5), (2, 13)): {'bw': 92}}",0.0,0.0,928.0,464.0,2030.0,0.0,0.0,0.0,0.0,0.0,0.0,0.0,0.0,0.0,Route Failure,100.0,"{'node_level': {}, 'link_level': {}, 'path_level': {}}","{'node_level': {0: {'cpu': -48}, 1: {'cpu': -42}, 2: {'cpu': -15}, 3: {'cpu': -13}, 4: {'cpu': -17}, 5: {'cpu': -48}, 6: {'cpu': -15}, 7: {'cpu': -17}}, 'link_level': {(0, 1): {'bw': -132}, (0, 3): {'bw': -175}, (0, 4): {'bw': -95}, (0, 5): {'bw': -3}, (0, 6): {'bw': 100.0}}, 'path_level': {(0, 1): {}, (0, 3): {}, (0, 4): {}, (0, 5): {}, (0, 6): {}}}","{'node_level': {0: {'cpu': 0}, 1: {'cpu': 0}, 2: {'cpu': 0}, 3: {'cpu': 0}, 4: {'cpu': 0}, 5: {'cpu': 0}, 6: {'cpu': 0}, 7: {'cpu': 0}}, 'link_level': {(0, 1): {'bw': 0}, (0, 3): {'bw': 0}, (0, 4): {'bw': 0}, (0, 5): {'bw': 0}, (0, 6): {'bw': 100.0}}, 'path_level': {(0, 1): {}, (0, 3): {}, (0, 4): {}, (0, 5): {}, (0, 6): {}}}",[],-inf,-inf,True,False,False,0,[],0,0.0,8.0,5.0,3
297,12,0,12413.0,27411.0,3815726.9975295765,8264912.213268712,0.4528473970303893,0.46167786167210656,30,580,1,9871.0,17304,2649,14655,0.0,0.0,296,927.08404086713,9871.0,10,29,False,"{0: np.int64(17), 1: np.int64(21), 2: np.int64(26), 3: np.int64(14), 4: np.int64(0), 5: np.int64(11), 6: np.int64(27), 7: np.int64(33), 8: np.int64(13), 9: np.int64(22)}","{(0, 5): [(np.int64(17), 14), (14, 12), (12, 0), (0, 4), (4, 7), (7, 11)], (0, 6): [(np.int64(17), 14), (14, 13), (13, 2), (2, 21), (21, 23), (23, 27)], (0, 7): []}","{(0, np.int64(17)): {'cpu': 62}, (1, np.int64(21)): {'cpu': 48}, (2, np.int64(26)): {'cpu': 70}, (3, np.int64(14)): {'cpu': 33}, (4, np.int64(0)): {'cpu': 74}, (5, np.int64(11)): {'cpu': 68}, (6, np.int64(27)): {'cpu': 34}, (7, np.int64(33)): {'cpu': 53}, (8, np.int64(13)): {'cpu': 60}, (9, np.int64(22)): {'cpu': 47}}","{((0, 5), (np.int64(17), 14)): {'bw': 150}, ((0, 5), (14, 12)): {'bw': 150}, ((0, 5), (12, 0)): {'bw': 150}, ((0, 5), (0, 4)): {'bw': 150}, ((0, 5), (4, 7)): {'bw': 150}, ((0, 5), (7, 11)): {'bw': 150}, ((0, 6), (np.int64(17), 14)): {'bw': 87}, ((0, 6), (14, 13)): {'bw': 87}, ((0, 6), (13, 2)): {'bw': 87}, ((0, 6), (2, 21)): {'bw': 87}, ((0, 6), (21, 23)): {'bw': 87}, ((0, 6), (23, 27)): {'bw': 87}}",0.0,0.0,1098.0,549.0,2706.0,0.0,0.0,0.0,0.0,0.0,0.0,0.0,0.0,0.0,Route Failure,100.0,"{'node_level': {}, 'link_level': {}, 'path_level': {}}","{'node_level': {0: {'cpu': -27}, 1: {'cpu': -28}, 2: {'cpu': -6}, 3: {'cpu': -37}, 4: {'cpu': -18}, 5: {'cpu': -3}, 6: {'cpu': -21}, 7: {'cpu': -21}, 8: {'cpu': -22}, 9: {'cpu': -25}}, 'link_level': {(0, 5): {'bw': -83}, (0, 6): {'bw': -82}, (0, 7): {'bw': 100.0}}, 'path_level': {(0, 5): {}, (0, 6): {}, (0, 7): {}}}","{'node_level': {0: {'cpu': 0}, 1: {'cpu': 0}, 2: {'cpu': 0}, 3: {'cpu': 0}, 4: {'cpu': 0}, 5: {'cpu': 0}, 6: {'cpu': 0}, 7: {'cpu': 0}, 8: {'cpu': 0}, 9: {'cpu': 0}}, 'link_level': {(0, 5): {'bw': 0}, (0, 6): {'bw': 0}, (0, 7): {'bw': 100.0}}, 'path_level': {(0, 5): {}, (0, 6): {}, (0, 7): {}}}",[],-inf,-inf,True,False,False,0,[],0,0.0,10.0,3.0,3
298,12,0,12413.0,27411.0,3815726.9975295765,8264912.213268712,0.4528473970303893,0.46167786167210656,30,581,1,9911.0,17304,2649,14655,0.0,0.0,297,319.6014686352014,9911.0,10,19,False,"{0: np.int64(32), 1: np.int64(21), 2: np.int64(6), 3: np.int64(15), 4: np.int64(8), 5: np.int64(20), 6: np.int64(33), 7: np.int64(28), 8: np.int64(26), 9: np.int64(13)}","{(0, 1): [(np.int64(32), 30), (30, 29), (29, 2), (2, 21)], (0, 4): [(np.int64(32), 30), (30, 28), (28, 0), (0, 4), (4, 6), (6, 8)], (0, 5): [(np.int64(32), 30), (30, 28), (28, 0), (0, 20)], (0, 7): []}","{(0, np.int64(32)): {'cpu': 75}, (1, np.int64(21)): {'cpu': 59}, (2, np.int64(6)): {'cpu': 61}, (3, np.int64(15)): {'cpu': 77}, (4, np.int64(8)): {'cpu': 62}, (5, np.int64(20)): {'cpu': 52}, (6, np.int64(33)): {'cpu': 69}, (7, np.int64(28)): {'cpu': 80}, (8, np.int64(26)): {'cpu': 47}, (9, np.int64(13)): {'cpu': 34}}","{((0, 1), (np.int64(32), 30)): {'bw': 92}, ((0, 1), (30, 29)): {'bw': 92}, ((0, 1), (29, 2)): {'bw': 92}, ((0, 1), (2, 21)): {'bw': 92}, ((0, 4), (np.int64(32), 30)): {'bw': 108}, ((0, 4), (30, 28)): {'bw': 108}, ((0, 4), (28, 0)): {'bw': 108}, ((0, 4), (0, 4)): {'bw': 108}, ((0, 4), (4, 6)): {'bw': 108}, ((0, 4), (6, 8)): {'bw': 108}, ((0, 5), (np.int64(32), 30)): {'bw': 92}, ((0, 5), (30, 28)): {'bw': 92}, ((0, 5), (28, 0)): {'bw': 92}, ((0, 5), (0, 20)): {'bw': 92}}",0.0,0.0,1232.0,616.0,2048.0,0.0,0.0,0.0,0.0,0.0,0.0,0.0,0.0,0.0,Route Failure,100.0,"{'node_level': {}, 'link_level': {}, 'path_level': {}}","{'node_level': {0: {'cpu': -17}, 1: {'cpu': -17}, 2: {'cpu': -8}, 3: {'cpu': -17}, 4: {'cpu': -31}, 5: {'cpu': -15}, 6: {'cpu': -5}, 7: {'cpu': -10}, 8: {'cpu': -29}, 9: {'cpu': -48}}, 'link_level': {(0, 1): {'bw': -136}, (0, 4): {'bw': -125}, (0, 5): {'bw': -97}, (0, 7): {'bw': 100.0}}, 'path_level': {(0, 1): {}, (0, 4): {}, (0, 5): {}, (0, 7): {}}}","{'node_level': {0: {'cpu': 0}, 1: {'cpu': 0}, 2: {'cpu': 0}, 3: {'cpu': 0}, 4: {'cpu': 0}, 5: {'cpu': 0}, 6: {'cpu': 0}, 7: {'cpu': 0}, 8: {'cpu': 0}, 9: {'cpu': 0}}, 'link_level': {(0, 1): {'bw': 0}, (0, 4): {'bw': 0}, (0, 5): {'bw': 0}, (0, 7): {'bw': 100.0}}, 'path_level': {(0, 1): {}, (0, 4): {}, (0, 5): {}, (0, 7): {}}}",[],-inf,-inf,True,False,False,0,[],0,0.0,10.0,4.0,3
299,12,0,12413.0,27411.0,3815726.9975295765,8264912.213268712,0.4528473970303893,0.46167786167210656,30,582,1,9946.0,17304,2649,14655,0.0,0.0,298,175.1944972054797,9946.0,7,11,False,"{0: np.int64(28), 1: np.int64(0), 2: np.int64(3), 3: np.int64(13), 4: np.int64(25), 5: np.int64(15), 6: np.int64(16)}","{(0, 2): [(np.int64(28), 30), (30, 29), (29, 3)], (0, 3): [(np.int64(28), 0), (0, 12), (12, 14), (14, 13)], (0, 5): [(np.int64(28), 0), (0, 12), (12, 15)], (0, 6): [(np.int64(28), 0), (0, 12), (12, 14), (14, 16)], (1, 2): [(np.int64(0), 4), (4, 6), (6, 5), (5, 3)], (1, 4): [(np.int64(0), 20), (20, 22), (22, 25)], (2, 3): [(np.int64(3), 13)], (2, 6): [(np.int64(3), 5), (5, 2), (2, 13), (13, 14), (14, 16)], (3, 4): [(np.int64(13), 2), (2, 21), (21, 22), (22, 25)], (3, 5): [(np.int64(13), 15)], (3, 6): []}","{(0, np.int64(28)): {'cpu': 56}, (1, np.int64(0)): {'cpu': 53}, (2, np.int64(3)): {'cpu': 39}, (3, np.int64(13)): {'cpu': 57}, (4, np.int64(25)): {'cpu': 33}, (5, np.int64(15)): {'cpu': 39}, (6, np.int64(16)): {'cpu': 36}}","{((0, 2), (np.int64(28), 30)): {'bw': 128}, ((0, 2), (30, 29)): {'bw': 128}, ((0, 2), (29, 3)): {'bw': 128}, ((0, 3), (np.int64(28), 0)): {'bw': 119}, ((0, 3), (0, 12)): {'bw': 119}, ((0, 3), (12, 14)): {'bw': 119}, ((0, 3), (14, 13)): {'bw': 119}, ((0, 5), (np.int64(28), 0)): {'bw': 110}, ((0, 5), (0, 12)): {'bw': 110}, ((0, 5), (12, 15)): {'bw': 110}, ((0, 6), (np.int64(28), 0)): {'bw': 79}, ((0, 6), (0, 12)): {'bw': 79}, ((0, 6), (12, 14)): {'bw': 79}, ((0, 6), (14, 16)): {'bw': 79}, ((1, 2), (np.int64(0), 4)): {'bw': 103}, ((1, 2), (4, 6)): {'bw': 103}, ((1, 2), (6, 5)): {'bw': 103}, ((1, 2), (5, 3)): {'bw': 103}, ((1, 4), (np.int64(0), 20)): {'bw': 127}, ((1, 4), (20, 22)): {'bw': 127}, ((1, 4), (22, 25)): {'bw': 127}, ((2, 3), (np.int64(3), 13)): {'bw': 140}, ((2, 6), (np.int64(3), 5)): {'bw': 68}, ((2, 6), (5, 2)): {'bw': 68}, ((2, 6), (2, 13)): {'bw': 68}, ((2, 6), (13, 14)): {'bw': 68}, ((2, 6), (14, 16)): {'bw': 68}, ((3, 4), (np.int64(13), 2)): {'bw': 124}, ((3, 4), (2, 21)): {'bw': 124}, ((3, 4), (21, 22)): {'bw': 124}, ((3, 4), (22, 25)): {'bw': 124}, ((3, 5), (np.int64(13), 15)): {'bw': 61}}",0.0,0.0,626.0,313.0,1129.0,0.0,0.0,0.0,0.0,0.0,0.0,0.0,0.0,0.0,Route Failure,100.0,"{'node_level': {}, 'link_level': {}, 'path_level': {}}","{'node_level': {0: {'cpu': -34}, 1: {'cpu': -39}, 2: {'cpu': -19}, 3: {'cpu': -25}, 4: {'cpu': -18}, 5: {'cpu': -55}, 6: {'cpu': -43}}, 'link_level': {(0, 2): {'bw': -90}, (0, 3): {'bw': -82}, (0, 5): {'bw': -94}, (0, 6): {'bw': -15}, (1, 2): {'bw': -130}, (1, 4): {'bw': -148}, (2, 3): {'bw': -60}, (2, 6): {'bw': -14}, (3, 4): {'bw': -24}, (3, 5): {'bw': -224}, (3, 6): {'bw': 100.0}}, 'path_level': {(0, 2): {}, (0, 3): {}, (0, 5): {}, (0, 6): {}, (1, 2): {}, (1, 4): {}, (2, 3): {}, (2, 6): {}, (3, 4): {}, (3, 5): {}, (3, 6): {}}}","{'node_level': {0: {'cpu': 0}, 1: {'cpu': 0}, 2: {'cpu': 0}, 3: {'cpu': 0}, 4: {'cpu': 0}, 5: {'cpu': 0}, 6: {'cpu': 0}}, 'link_level': {(0, 2): {'bw': 0}, (0, 3): {'bw': 0}, (0, 5): {'bw': 0}, (0, 6): {'bw': 0}, (1, 2): {'bw': 0}, (1, 4): {'bw': 0}, (2, 3): {'bw': 0}, (2, 6): {'bw': 0}, (3, 4): {'bw': 0}, (3, 5): {'bw': 0}, (3, 6): {'bw': 100.0}}, 'path_level': {(0, 2): {}, (0, 3): {}, (0, 5): {}, (0, 6): {}, (1, 2): {}, (1, 4): {}, (2, 3): {}, (2, 6): {}, (3, 4): {}, (3, 5): {}, (3, 6): {}}}",[],-inf,-inf,True,False,False,0,[],0,0.0,7.0,11.0,3
299,12,0,12413.0,27411.0,3815726.9975295765,8264912.213268712,0.4528473970303893,0.46167786167210656,30,583,0,9948.482494879021,17304,2649,14655,0.0,0.0,280,610.4824948790204,9338.0,8,16,False,{},{},{},{},0.0,0.0,0.0,0.0,0.0,0.0,0.0,0.0,0.0,0.0,0.0,0.0,0.0,0.0,Leave Event,0.0,"{'node_level': {}, 'link_level': {}, 'path_level': {}}","{'node_level': {}, 'link_level': {}, 'path_level': {}}","{'node_level': {}, 'link_level': {}, 'path_level': {}}",[],-inf,-inf,True,True,False,0,[],0,0.0,,,3
300,12,0,12413.0,27411.0,3815726.9975295765,8264912.213268712,0.4528473970303893,0.46167786167210656,30,584,1,9975.0,17304,2649,14655,0.0,0.0,299,160.55393842721261,9975.0,9,16,False,"{0: np.int64(22), 1: np.int64(26), 2: np.int64(35), 3: np.int64(16), 4: np.int64(12), 5: np.int64(32), 6: np.int64(19), 7: np.int64(28), 8: np.int64(31)}","{(0, 1): [(np.int64(22), 20), (20, 23), (23, 26)], (0, 4): [(np.int64(22), 20), (20, 0), (0, 12)], (0, 6): [(np.int64(22), 21), (21, 2), (2, 13), (13, 15), (15, 19)], (1, 5): [(np.int64(26), 23), (23, 20), (20, 0), (0, 28), (28, 30), (30, 32)], (1, 6): [(np.int64(26), 23), (23, 20), (20, 1), (1, 12), (12, 15), (15, 19)], (1, 7): [(np.int64(26), 23), (23, 21), (21, 2), (2, 29), (29, 30), (30, 28)], (1, 8): []}","{(0, np.int64(22)): {'cpu': 47}, (1, np.int64(26)): {'cpu': 43}, (2, np.int64(35)): {'cpu': 32}, (3, np.int64(16)): {'cpu': 73}, (4, np.int64(12)): {'cpu': 80}, (5, np.int64(32)): {'cpu': 63}, (6, np.int64(19)): {'cpu': 38}, (7, np.int64(28)): {'cpu': 80}, (8, np.int64(31)): {'cpu': 70}}","{((0, 1), (np.int64(22), 20)): {'bw': 117}, ((0, 1), (20, 23)): {'bw': 117}, ((0, 1), (23, 26)): {'bw': 117}, ((0, 4), (np.int64(22), 20)): {'bw': 132}, ((0, 4), (20, 0)): {'bw': 132}, ((0, 4), (0, 12)): {'bw': 132}, ((0, 6), (np.int64(22), 21)): {'bw': 101}, ((0, 6), (21, 2)): {'bw': 101}, ((0, 6), (2, 13)): {'bw': 101}, ((0, 6), (13, 15)): {'bw': 101}, ((0, 6), (15, 19)): {'bw': 101}, ((1, 5), (np.int64(26), 23)): {'bw': 79}, ((1, 5), (23, 20)): {'bw': 79}, ((1, 5), (20, 0)): {'bw': 79}, ((1, 5), (0, 28)): {'bw': 79}, ((1, 5), (28, 30)): {'bw': 79}, ((1, 5), (30, 32)): {'bw': 79}, ((1, 6), (np.int64(26), 23)): {'bw': 76}, ((1, 6), (23, 20)): {'bw': 76}, ((1, 6), (20, 1)): {'bw': 76}, ((1, 6), (1, 12)): {'bw': 76}, ((1, 6), (12, 15)): {'bw': 76}, ((1, 6), (15, 19)): {'bw': 76}, ((1, 7), (np.int64(26), 23)): {'bw': 75}, ((1, 7), (23, 21)): {'bw': 75}, ((1, 7), (21, 2)): {'bw': 75}, ((1, 7), (2, 29)): {'bw': 75}, ((1, 7), (29, 30)): {'bw': 75}, ((1, 7), (30, 28)): {'bw': 75}}",0.0,0.0,1052.0,526.0,1642.0,0.0,0.0,0.0,0.0,0.0,0.0,0.0,0.0,0.0,Route Failure,100.0,"{'node_level': {}, 'link_level': {}, 'path_level': {}}","{'node_level': {0: {'cpu': -25}, 1: {'cpu': -33}, 2: {'cpu': -61}, 3: {'cpu': -6}, 4: {'cpu': -8}, 5: {'cpu': -29}, 6: {'cpu': -38}, 7: {'cpu': -10}, 8: {'cpu': -9}}, 'link_level': {(0, 1): {'bw': -163}, (0, 4): {'bw': -95}, (0, 6): {'bw': -127}, (1, 5): {'bw': -68}, (1, 6): {'bw': -8}, (1, 7): {'bw': -36}, (1, 8): {'bw': 100.0}}, 'path_level': {(0, 1): {}, (0, 4): {}, (0, 6): {}, (1, 5): {}, (1, 6): {}, (1, 7): {}, (1, 8): {}}}","{'node_level': {0: {'cpu': 0}, 1: {'cpu': 0}, 2: {'cpu': 0}, 3: {'cpu': 0}, 4: {'cpu': 0}, 5: {'cpu': 0}, 6: {'cpu': 0}, 7: {'cpu': 0}, 8: {'cpu': 0}}, 'link_level': {(0, 1): {'bw': 0}, (0, 4): {'bw': 0}, (0, 6): {'bw': 0}, (1, 5): {'bw': 0}, (1, 6): {'bw': 0}, (1, 7): {'bw': 0}, (1, 8): {'bw': 100.0}}, 'path_level': {(0, 1): {}, (0, 4): {}, (0, 6): {}, (1, 5): {}, (1, 6): {}, (1, 7): {}, (1, 8): {}}}",[],-inf,-inf,True,False,False,0,[],0,0.0,9.0,7.0,3
300,12,0,12413.0,27411.0,3815726.9975295765,8264912.213268712,0.4528473970303893,0.46167786167210656,30,585,0,10121.194497205479,17304,2649,14655,0.0,0.0,298,175.1944972054797,9946.0,7,11,False,{},{},{},{},0.0,0.0,0.0,0.0,0.0,0.0,0.0,0.0,0.0,0.0,0.0,0.0,0.0,0.0,Leave Event,0.0,"{'node_level': {}, 'link_level': {}, 'path_level': {}}","{'node_level': {}, 'link_level': {}, 'path_level': {}}","{'node_level': {}, 'link_level': {}, 'path_level': {}}",[],-inf,-inf,True,True,False,0,[],0,0.0,,,3
300,12,0,12413.0,27411.0,3815726.9975295765,8264912.213268712,0.4528473970303893,0.46167786167210656,30,586,0,10135.553938427212,17304,2649,14655,0.0,0.0,299,160.55393842721261,9975.0,9,16,False,{},{},{},{},0.0,0.0,0.0,0.0,0.0,0.0,0.0,0.0,0.0,0.0,0.0,0.0,0.0,0.0,Leave Event,0.0,"{'node_level': {}, 'link_level': {}, 'path_level': {}}","{'node_level': {}, 'link_level': {}, 'path_level': {}}","{'node_level': {}, 'link_level': {}, 'path_level': {}}",[],-inf,-inf,True,True,False,0,[],0,0.0,,,3
300,12,0,12413.0,27411.0,3815726.9975295765,8264912.213268712,0.4528473970303893,0.46167786167210656,30,587,0,10172.306215282204,17304,2649,14655,0.0,0.0,295,338.3062152822045,9834.0,8,17,False,{},{},{},{},0.0,0.0,0.0,0.0,0.0,0.0,0.0,0.0,0.0,0.0,0.0,0.0,0.0,0.0,Leave Event,0.0,"{'node_level': {}, 'link_level': {}, 'path_level': {}}","{'node_level': {}, 'link_level': {}, 'path_level': {}}","{'node_level': {}, 'link_level': {}, 'path_level': {}}",[],-inf,-inf,True,True,False,0,[],0,0.0,,,3
300,12,0,12413.0,27411.0,3815726.9975295765,8264912.213268712,0.4528473970303893,0.46167786167210656,30,588,0,10176.069849669475,17304,2649,14655,0.0,0.0,293,404.06984966947465,9772.0,10,30,False,{},{},{},{},0.0,0.0,0.0,0.0,0.0,0.0,0.0,0.0,0.0,0.0,0.0,0.0,0.0,0.0,Leave Event,0.0,"{'node_level': {}, 'link_level': {}, 'path_level': {}}","{'node_level': {}, 'link_level': {}, 'path_level': {}}","{'node_level': {}, 'link_level': {}, 'path_level': {}}",[],-inf,-inf,True,True,False,0,[],0,0.0,,,3
300,12,0,12413.0,27411.0,3815726.9975295765,8264912.213268712,0.4528473970303893,0.46167786167210656,30,589,0,10205.569784043519,17304,2649,14655,0.0,0.0,288,591.5697840435189,9614.0,7,11,False,{},{},{},{},0.0,0.0,0.0,0.0,0.0,0.0,0.0,0.0,0.0,0.0,0.0,0.0,0.0,0.0,Leave Event,0.0,"{'node_level': {}, 'link_level': {}, 'path_level': {}}","{'node_level': {}, 'link_level': {}, 'path_level': {}}","{'node_level': {}, 'link_level': {}, 'path_level': {}}",[],-inf,-inf,True,True,False,0,[],0,0.0,,,3
300,12,0,12413.0,27411.0,3815726.9975295765,8264912.213268712,0.4528473970303893,0.46167786167210656,30,590,0,10208.192075964618,17304,2649,14655,0.0,0.0,274,1055.1920759646177,9153.0,6,10,False,{},{},{},{},0.0,0.0,0.0,0.0,0.0,0.0,0.0,0.0,0.0,0.0,0.0,0.0,0.0,0.0,Leave Event,0.0,"{'node_level': {}, 'link_level': {}, 'path_level': {}}","{'node_level': {}, 'link_level': {}, 'path_level': {}}","{'node_level': {}, 'link_level': {}, 'path_level': {}}",[],-inf,-inf,True,True,False,0,[],0,0.0,,,3
300,12,0,12413.0,27411.0,3815726.9975295765,8264912.213268712,0.4528473970303893,0.46167786167210656,30,591,0,10216.39120629144,17304,2649,14655,0.0,0.0,271,1156.3912062914412,9060.0,9,23,False,{},{},{},{},0.0,0.0,0.0,0.0,0.0,0.0,0.0,0.0,0.0,0.0,0.0,0.0,0.0,0.0,Leave Event,0.0,"{'node_level': {}, 'link_level': {}, 'path_level': {}}","{'node_level': {}, 'link_level': {}, 'path_level': {}}","{'node_level': {}, 'link_level': {}, 'path_level': {}}",[],-inf,-inf,True,True,False,0,[],0,0.0,,,3
300,12,0,12413.0,27411.0,3815726.9975295765,8264912.213268712,0.4528473970303893,0.46167786167210656,30,592,0,10217.909572835777,17304,2649,14655,0.0,0.0,267,1301.9095728357777,8916.0,8,12,False,{},{},{},{},0.0,0.0,0.0,0.0,0.0,0.0,0.0,0.0,0.0,0.0,0.0,0.0,0.0,0.0,Leave Event,0.0,"{'node_level': {}, 'link_level': {}, 'path_level': {}}","{'node_level': {}, 'link_level': {}, 'path_level': {}}","{'node_level': {}, 'link_level': {}, 'path_level': {}}",[],-inf,-inf,True,True,False,0,[],0,0.0,,,3
300,12,0,12413.0,27411.0,3815726.9975295765,8264912.213268712,0.4528473970303893,0.46167786167210656,30,593,0,10228.910873955452,17304,2649,14655,0.0,0.0,290,538.9108739554525,9690.0,8,16,False,{},{},{},{},0.0,0.0,0.0,0.0,0.0,0.0,0.0,0.0,0.0,0.0,0.0,0.0,0.0,0.0,Leave Event,0.0,"{'node_level': {}, 'link_level': {}, 'path_level': {}}","{'node_level': {}, 'link_level': {}, 'path_level': {}}","{'node_level': {}, 'link_level': {}, 'path_level': {}}",[],-inf,-inf,True,True,False,0,[],0,0.0,,,3
300,12,0,12413.0,27411.0,3815726.9975295765,8264912.213268712,0.4528473970303893,0.46167786167210656,30,594,0,10230.601468635201,17304,2649,14655,0.0,0.0,297,319.6014686352014,9911.0,10,19,False,{},{},{},{},0.0,0.0,0.0,0.0,0.0,0.0,0.0,0.0,0.0,0.0,0.0,0.0,0.0,0.0,Leave Event,0.0,"{'node_level': {}, 'link_level': {}, 'path_level': {}}","{'node_level': {}, 'link_level': {}, 'path_level': {}}","{'node_level': {}, 'link_level': {}, 'path_level': {}}",[],-inf,-inf,True,True,False,0,[],0,0.0,,,3
300,12,0,12413.0,27411.0,3815726.9975295765,8264912.213268712,0.4528473970303893,0.46167786167210656,30,595,0,10282.295335569366,17304,2649,14655,0.0,0.0,287,694.2953355693655,9588.0,9,15,False,{},{},{},{},0.0,0.0,0.0,0.0,0.0,0.0,0.0,0.0,0.0,0.0,0.0,0.0,0.0,0.0,Leave Event,0.0,"{'node_level': {}, 'link_level': {}, 'path_level': {}}","{'node_level': {}, 'link_level': {}, 'path_level': {}}","{'node_level': {}, 'link_level': {}, 'path_level': {}}",[],-inf,-inf,True,True,False,0,[],0,0.0,,,3
300,12,0,12413.0,27411.0,3815726.9975295765,8264912.213268712,0.4528473970303893,0.46167786167210656,30,596,0,10367.009498833231,17304,2649,14655,0.0,0.0,289,719.0094988332306,9648.0,8,13,False,{},{},{},{},0.0,0.0,0.0,0.0,0.0,0.0,0.0,0.0,0.0,0.0,0.0,0.0,0.0,0.0,Leave Event,0.0,"{'node_level': {}, 'link_level': {}, 'path_level': {}}","{'node_level': {}, 'link_level': {}, 'path_level': {}}","{'node_level': {}, 'link_level': {}, 'path_level': {}}",[],-inf,-inf,True,True,False,0,[],0,0.0,,,3
300,12,0,12413.0,27411.0,3815726.9975295765,8264912.213268712,0.4528473970303893,0.46167786167210656,30,597,0,10401.52271495744,17304,2649,14655,0.0,0.0,277,1151.5227149574398,9250.0,7,10,False,{},{},{},{},0.0,0.0,0.0,0.0,0.0,0.0,0.0,0.0,0.0,0.0,0.0,0.0,0.0,0.0,Leave Event,0.0,"{'node_level': {}, 'link_level': {}, 'path_level': {}}","{'node_level': {}, 'link_level': {}, 'path_level': {}}","{'node_level': {}, 'link_level': {}, 'path_level': {}}",[],-inf,-inf,True,True,False,0,[],0,0.0,,,3
300,12,0,12413.0,27411.0,3815726.9975295765,8264912.213268712,0.4528473970303893,0.46167786167210656,30,598,0,10509.508319020086,17304,2649,14655,0.0,0.0,291,790.5083190200861,9719.0,9,20,False,{},{},{},{},0.0,0.0,0.0,0.0,0.0,0.0,0.0,0.0,0.0,0.0,0.0,0.0,0.0,0.0,Leave Event,0.0,"{'node_level': {}, 'link_level': {}, 'path_level': {}}","{'node_level': {}, 'link_level': {}, 'path_level': {}}","{'node_level': {}, 'link_level': {}, 'path_level': {}}",[],-inf,-inf,True,True,False,0,[],0,0.0,,,3
300,12,0,12413.0,27411.0,3815726.9975295765,8264912.213268712,0.4528473970303893,0.46167786167210656,30,599,0,10798.08404086713,17304,2649,14655,0.0,0.0,296,927.08404086713,9871.0,10,29,False,{},{},{},{},0.0,0.0,0.0,0.0,0.0,0.0,0.0,0.0,0.0,0.0,0.0,0.0,0.0,0.0,Leave Event,0.0,"{'node_level': {}, 'link_level': {}, 'path_level': {}}","{'node_level': {}, 'link_level': {}, 'path_level': {}}","{'node_level': {}, 'link_level': {}, 'path_level': {}}",[],-inf,-inf,True,True,False,0,[],0,0.0,,,3
