v_net_count,success_count,inservice_count,total_revenue,total_cost,total_time_revenue,total_time_cost,long_term_r2c_ratio,long_term_time_r2c_ratio,num_running_p_net_nodes,event_id,event_type,event_time,p_net_available_resource,p_net_node_available_resource,p_net_link_available_resource,p_net_node_resource_utilization,p_net_link_resource_utilization,v_net_id,v_net_lifetime,v_net_arrival_time,v_net_num_nodes,v_net_num_egdes,result,node_slots,link_paths,node_slots_info,link_paths_info,v_net_cost,v_net_revenue,v_net_demand,v_net_node_demand,v_net_link_demand,v_net_node_revenue,v_net_link_revenue,v_net_node_cost,v_net_link_cost,v_net_path_cost,v_net_r2c_ratio,v_net_time_cost,v_net_time_revenue,v_net_time_rc_ratio,description,v_net_total_hard_constraint_violation,v_net_single_step_constraint_offset,v_net_constraint_offsets,v_net_constraint_violations,v_net_single_step_violation_list,v_net_single_step_hard_constraint_offset,v_net_max_single_step_hard_constraint_violation,place_result,route_result,early_rejection,revoke_times,selected_actions,num_interactions,v_net_reward,num_attempt_times,solving_time,num_placed_nodes,num_routed_links
1,0,0,0.0,0.0,0.0,0.0,0.0,0.0,0,0,1,22.0,5065,718,4347,0.0,0.0,0,27.93502765653346,22.0,7,8,False,"{4: 16, 0: 24, 1: 15}","{(0, 4): [(24, 8), (8, 16)], (1, 4): [(15, 7), (7, 3), (3, 8), (8, 16)]}","{(4, 16): {'cpu': 19}, (0, 24): {'cpu': 17}, (1, 15): {'cpu': 3}}","{((0, 4), (24, 8)): {'bw': 10}, ((0, 4), (8, 16)): {'bw': 10}, ((1, 4), (15, 7)): {'bw': 29}, ((1, 4), (7, 3)): {'bw': 29}, ((1, 4), (3, 8)): {'bw': 29}, ((1, 4), (8, 16)): {'bw': 29}}",0.0,0.0,108.0,54.0,249.0,0.0,0.0,0.0,0.0,0.0,0.0,0.0,0.0,0.0,Place Failure,149.0,"{'node_level': {'cpu': 1}, 'link_level': {}, 'path_level': {}}","{'node_level': {4: {'cpu': -35}, 0: {'cpu': -37}, 1: {'cpu': -51}, 3: {'cpu': 1}}, 'link_level': {(0, 4): {'bw': -99}, (1, 4): {'bw': -110}, (3, 0): {'bw': -57}, (3, 1): {'bw': -41}, (3, 4): {'bw': 100.0}}, 'path_level': {(0, 4): {}, (1, 4): {}, (3, 0): {}, (3, 1): {}, (3, 4): {}}}","{'node_level': {4: {'cpu': 0}, 0: {'cpu': 0}, 1: {'cpu': 0}, 3: {'cpu': 1}}, 'link_level': {(0, 4): {'bw': 0}, (1, 4): {'bw': 0}, (3, 0): {'bw': 0}, (3, 1): {'bw': 0}, (3, 4): {'bw': 100.0}}, 'path_level': {(0, 4): {}, (1, 4): {}, (3, 0): {}, (3, 1): {}, (3, 4): {}}}",[],100.0,100.0,False,False,False,0,[],0,0.0,10.0,0.00404810905456543,3.0,2.0
2,1,1,38.0,38.0,4239.644941438745,4239.644941438745,1.0,1.0,2,1,1,49.0,5027,714,4313,0.005571030640668551,0.007821486082355666,1,111.56960372207224,49.0,2,1,True,"{1: 16, 0: 8}","{(0, 1): [(8, 16)]}","{(1, 16): {'cpu': 4}, (0, 8): {'cpu': 0}}","{((0, 1), (8, 16)): {'bw': 34}}",38.0,38.0,8.0,4.0,34.0,4.0,34.0,4.0,34.0,0.0,1.0,4239.644941438745,4239.644941438745,111.56960372207224,Success,0.0,"{'node_level': {'cpu': 0}, 'link_level': {'bw': -131}, 'path_level': {}}","{'node_level': {1: {'cpu': -50}, 0: {'cpu': 0}}, 'link_level': {(0, 1): {'bw': -131}}, 'path_level': {(0, 1): {}}}","{'node_level': {1: {'cpu': 0}, 0: {'cpu': 0}}, 'link_level': {(0, 1): {'bw': 0}}, 'path_level': {(0, 1): {}}}",[],0.0,0.0,True,True,False,0,[],0,0.0,0.0,0.0005900859832763672,2.0,1.0
2,1,1,38.0,38.0,4239.644941438745,4239.644941438745,1.0,1.0,2,2,0,49.935027656533464,5027,714,4313,0.005571030640668551,0.007821486082355666,0,27.93502765653346,22.0,7,8,False,{},{},{},{},0.0,0.0,0.0,0.0,0.0,0.0,0.0,0.0,0.0,0.0,0.0,0.0,0.0,0.0,Leave Event,0.0,"{'node_level': {}, 'link_level': {}, 'path_level': {}}","{'node_level': {}, 'link_level': {}, 'path_level': {}}","{'node_level': {}, 'link_level': {}, 'path_level': {}}",[],-inf,-inf,True,True,False,0,[],0,0.0,,,,
3,1,1,38.0,38.0,4239.644941438745,4239.644941438745,1.0,1.0,2,3,1,68.0,5027,714,4313,0.005571030640668551,0.007821486082355666,2,9.347735385023263,68.0,5,6,False,"{4: 15, 3: 23, 1: 16, 2: 24}","{(3, 4): [(23, 7), (7, 15)], (1, 3): [(16, 8), (8, 3), (3, 7), (7, 23)], (1, 4): [(16, 8), (8, 3), (3, 7), (7, 15)], (2, 4): [(24, 8), (8, 3), (3, 7), (7, 15)]}","{(4, 15): {'cpu': 19}, (3, 23): {'cpu': 2}, (1, 16): {'cpu': 1}, (2, 24): {'cpu': 2}}","{((3, 4), (23, 7)): {'bw': 49}, ((3, 4), (7, 15)): {'bw': 49}, ((1, 3), (16, 8)): {'bw': 39}, ((1, 3), (8, 3)): {'bw': 39}, ((1, 3), (3, 7)): {'bw': 39}, ((1, 3), (7, 23)): {'bw': 39}, ((1, 4), (16, 8)): {'bw': 21}, ((1, 4), (8, 3)): {'bw': 21}, ((1, 4), (3, 7)): {'bw': 21}, ((1, 4), (7, 15)): {'bw': 21}, ((2, 4), (24, 8)): {'bw': 13}, ((2, 4), (8, 3)): {'bw': 13}, ((2, 4), (3, 7)): {'bw': 13}, ((2, 4), (7, 15)): {'bw': 13}}",0.0,0.0,74.0,37.0,164.0,0.0,0.0,0.0,0.0,0.0,0.0,0.0,0.0,0.0,Place Failure,47.0,"{'node_level': {'cpu': 13}, 'link_level': {}, 'path_level': {}}","{'node_level': {4: {'cpu': -35}, 3: {'cpu': -42}, 1: {'cpu': -49}, 2: {'cpu': -52}, 0: {'cpu': 13}}, 'link_level': {(3, 4): {'bw': -83}, (1, 3): {'bw': -44}, (1, 4): {'bw': -69}, (2, 4): {'bw': -56}}, 'path_level': {(3, 4): {}, (1, 3): {}, (1, 4): {}, (2, 4): {}}}","{'node_level': {4: {'cpu': 0}, 3: {'cpu': 0}, 1: {'cpu': 0}, 2: {'cpu': 0}, 0: {'cpu': 13}}, 'link_level': {(3, 4): {'bw': 0}, (1, 3): {'bw': 0}, (1, 4): {'bw': 0}, (2, 4): {'bw': 0}}, 'path_level': {(3, 4): {}, (1, 3): {}, (1, 4): {}, (2, 4): {}}}",[],-52.0,0.0,False,True,False,0,[],0,0.0,9.0,0.0008349418640136719,4.0,4.0
3,1,1,38.0,38.0,4239.644941438745,4239.644941438745,1.0,1.0,2,4,0,77.34773538502327,5027,714,4313,0.005571030640668551,0.007821486082355666,2,9.347735385023263,68.0,5,6,False,{},{},{},{},0.0,0.0,0.0,0.0,0.0,0.0,0.0,0.0,0.0,0.0,0.0,0.0,0.0,0.0,Leave Event,0.0,"{'node_level': {}, 'link_level': {}, 'path_level': {}}","{'node_level': {}, 'link_level': {}, 'path_level': {}}","{'node_level': {}, 'link_level': {}, 'path_level': {}}",[],-inf,-inf,True,True,False,0,[],0,0.0,,,,
4,1,1,38.0,38.0,4239.644941438745,4239.644941438745,1.0,1.0,2,5,1,105.0,5027,714,4313,0.005571030640668551,0.007821486082355666,3,789.206363214473,105.0,5,5,False,"{2: 15, 0: 23, 4: 16, 3: 24}","{(0, 2): [(23, 7), (7, 15)], (4, 0): [(16, 8), (8, 3), (3, 7), (7, 23)], (4, 2): [(16, 8), (8, 3), (3, 7), (7, 15)], (3, 2): [(24, 8), (8, 3), (3, 7), (7, 15)]}","{(2, 15): {'cpu': 17}, (0, 23): {'cpu': 19}, (4, 16): {'cpu': 1}, (3, 24): {'cpu': 0}}","{((0, 2), (23, 7)): {'bw': 36}, ((0, 2), (7, 15)): {'bw': 36}, ((4, 0), (16, 8)): {'bw': 10}, ((4, 0), (8, 3)): {'bw': 10}, ((4, 0), (3, 7)): {'bw': 10}, ((4, 0), (7, 23)): {'bw': 10}, ((4, 2), (16, 8)): {'bw': 28}, ((4, 2), (8, 3)): {'bw': 28}, ((4, 2), (3, 7)): {'bw': 28}, ((4, 2), (7, 15)): {'bw': 28}, ((3, 2), (24, 8)): {'bw': 32}, ((3, 2), (8, 3)): {'bw': 32}, ((3, 2), (3, 7)): {'bw': 32}, ((3, 2), (7, 15)): {'bw': 32}}",0.0,0.0,98.0,49.0,148.0,0.0,0.0,0.0,0.0,0.0,0.0,0.0,0.0,0.0,Place Failure,78.0,"{'node_level': {'cpu': 12}, 'link_level': {}, 'path_level': {}}","{'node_level': {2: {'cpu': -37}, 0: {'cpu': -25}, 4: {'cpu': -49}, 3: {'cpu': -54}, 1: {'cpu': 12}}, 'link_level': {(0, 2): {'bw': -96}, (4, 0): {'bw': -86}, (4, 2): {'bw': -75}, (3, 2): {'bw': -43}}, 'path_level': {(0, 2): {}, (4, 0): {}, (4, 2): {}, (3, 2): {}}}","{'node_level': {2: {'cpu': 0}, 0: {'cpu': 0}, 4: {'cpu': 0}, 3: {'cpu': 0}, 1: {'cpu': 12}}, 'link_level': {(0, 2): {'bw': 0}, (4, 0): {'bw': 0}, (4, 2): {'bw': 0}, (3, 2): {'bw': 0}}, 'path_level': {(0, 2): {}, (4, 0): {}, (4, 2): {}, (3, 2): {}}}",[],-43.0,0.0,False,True,False,0,[],0,0.0,9.0,0.0007679462432861328,4.0,4.0
5,1,1,38.0,38.0,4239.644941438745,4239.644941438745,1.0,1.0,2,6,1,131.0,5027,714,4313,0.005571030640668551,0.007821486082355666,4,126.75285601976255,131.0,9,10,False,"{2: 15, 4: 23, 3: 16, 8: 24}","{(4, 2): [(23, 7), (7, 15)], (3, 2): [(16, 8), (8, 3), (3, 7), (7, 15)], (8, 2): [(24, 8), (8, 3), (3, 7), (7, 15)]}","{(2, 15): {'cpu': 13}, (4, 23): {'cpu': 15}, (3, 16): {'cpu': 19}, (8, 24): {'cpu': 6}}","{((4, 2), (23, 7)): {'bw': 18}, ((4, 2), (7, 15)): {'bw': 18}, ((3, 2), (16, 8)): {'bw': 42}, ((3, 2), (8, 3)): {'bw': 42}, ((3, 2), (3, 7)): {'bw': 42}, ((3, 2), (7, 15)): {'bw': 42}, ((8, 2), (24, 8)): {'bw': 29}, ((8, 2), (8, 3)): {'bw': 29}, ((8, 2), (3, 7)): {'bw': 29}, ((8, 2), (7, 15)): {'bw': 29}}",0.0,0.0,168.0,84.0,214.0,0.0,0.0,0.0,0.0,0.0,0.0,0.0,0.0,0.0,Place Failure,127.0,"{'node_level': {'cpu': 7}, 'link_level': {}, 'path_level': {}}","{'node_level': {2: {'cpu': -41}, 4: {'cpu': -29}, 3: {'cpu': -31}, 8: {'cpu': -48}, 7: {'cpu': 7}}, 'link_level': {(4, 2): {'bw': -114}, (3, 2): {'bw': -79}, (8, 2): {'bw': -50}}, 'path_level': {(4, 2): {}, (3, 2): {}, (8, 2): {}}}","{'node_level': {2: {'cpu': 0}, 4: {'cpu': 0}, 3: {'cpu': 0}, 8: {'cpu': 0}, 7: {'cpu': 7}}, 'link_level': {(4, 2): {'bw': 0}, (3, 2): {'bw': 0}, (8, 2): {'bw': 0}}, 'path_level': {(4, 2): {}, (3, 2): {}, (8, 2): {}}}",[],-48.0,0.0,False,True,False,0,[],0,0.0,9.0,0.0007891654968261719,4.0,3.0
6,1,1,38.0,38.0,4239.644941438745,4239.644941438745,1.0,1.0,2,7,1,155.0,5027,714,4313,0.005571030640668551,0.007821486082355666,5,211.82855231649557,155.0,5,6,False,"{4: 15, 2: 23, 0: 16, 1: 24}","{(2, 4): [(23, 7), (7, 15)], (0, 2): [(16, 8), (8, 3), (3, 7), (7, 23)], (0, 4): [(16, 8), (8, 3), (3, 7), (7, 15)], (1, 2): [(24, 8), (8, 3), (3, 7), (7, 23)], (1, 4): [(24, 8), (8, 3), (3, 7), (7, 15)]}","{(4, 15): {'cpu': 13}, (2, 23): {'cpu': 12}, (0, 16): {'cpu': 19}, (1, 24): {'cpu': 16}}","{((2, 4), (23, 7)): {'bw': 44}, ((2, 4), (7, 15)): {'bw': 44}, ((0, 2), (16, 8)): {'bw': 2}, ((0, 2), (8, 3)): {'bw': 2}, ((0, 2), (3, 7)): {'bw': 2}, ((0, 2), (7, 23)): {'bw': 2}, ((0, 4), (16, 8)): {'bw': 20}, ((0, 4), (8, 3)): {'bw': 20}, ((0, 4), (3, 7)): {'bw': 20}, ((0, 4), (7, 15)): {'bw': 20}, ((1, 2), (24, 8)): {'bw': 3}, ((1, 2), (8, 3)): {'bw': 3}, ((1, 2), (3, 7)): {'bw': 3}, ((1, 2), (7, 23)): {'bw': 3}, ((1, 4), (24, 8)): {'bw': 17}, ((1, 4), (8, 3)): {'bw': 17}, ((1, 4), (3, 7)): {'bw': 17}, ((1, 4), (7, 15)): {'bw': 17}}",0.0,0.0,126.0,63.0,124.0,0.0,0.0,0.0,0.0,0.0,0.0,0.0,0.0,0.0,Place Failure,109.0,"{'node_level': {'cpu': 3}, 'link_level': {}, 'path_level': {}}","{'node_level': {4: {'cpu': -41}, 2: {'cpu': -32}, 0: {'cpu': -31}, 1: {'cpu': -38}, 3: {'cpu': 3}}, 'link_level': {(2, 4): {'bw': -88}, (0, 2): {'bw': -86}, (0, 4): {'bw': -75}, (1, 2): {'bw': -83}, (1, 4): {'bw': -58}}, 'path_level': {(2, 4): {}, (0, 2): {}, (0, 4): {}, (1, 2): {}, (1, 4): {}}}","{'node_level': {4: {'cpu': 0}, 2: {'cpu': 0}, 0: {'cpu': 0}, 1: {'cpu': 0}, 3: {'cpu': 3}}, 'link_level': {(2, 4): {'bw': 0}, (0, 2): {'bw': 0}, (0, 4): {'bw': 0}, (1, 2): {'bw': 0}, (1, 4): {'bw': 0}}, 'path_level': {(2, 4): {}, (0, 2): {}, (0, 4): {}, (1, 2): {}, (1, 4): {}}}",[],-38.0,0.0,False,True,False,0,[],0,0.0,9.0,0.0007841587066650391,4.0,5.0
6,1,0,38.0,38.0,4239.644941438745,4239.644941438745,1.0,1.0,2,8,0,160.56960372207226,5065,718,4347,0.0,0.0,1,111.56960372207224,49.0,2,1,False,{},{},{},{},0.0,0.0,0.0,0.0,0.0,0.0,0.0,0.0,0.0,0.0,0.0,0.0,0.0,0.0,Leave Event,0.0,"{'node_level': {}, 'link_level': {}, 'path_level': {}}","{'node_level': {}, 'link_level': {}, 'path_level': {}}","{'node_level': {}, 'link_level': {}, 'path_level': {}}",[],-inf,-inf,True,True,False,0,[],0,0.0,,,,
7,1,0,38.0,38.0,4239.644941438745,4239.644941438745,1.0,1.0,2,9,1,181.0,5065,718,4347,0.0,0.0,6,1316.109436881733,181.0,7,9,False,"{2: 16, 3: 24, 5: 15, 6: 23}","{(3, 2): [(24, 8), (8, 16)], (5, 2): [(15, 7), (7, 3), (3, 8), (8, 16)], (5, 3): [(15, 7), (7, 3), (3, 8), (8, 24)], (6, 2): [(23, 7), (7, 3), (3, 8), (8, 16)], (6, 3): [(23, 7), (7, 3), (3, 8), (8, 24)]}","{(2, 16): {'cpu': 5}, (3, 24): {'cpu': 10}, (5, 15): {'cpu': 15}, (6, 23): {'cpu': 4}}","{((3, 2), (24, 8)): {'bw': 30}, ((3, 2), (8, 16)): {'bw': 30}, ((5, 2), (15, 7)): {'bw': 7}, ((5, 2), (7, 3)): {'bw': 7}, ((5, 2), (3, 8)): {'bw': 7}, ((5, 2), (8, 16)): {'bw': 7}, ((5, 3), (15, 7)): {'bw': 24}, ((5, 3), (7, 3)): {'bw': 24}, ((5, 3), (3, 8)): {'bw': 24}, ((5, 3), (8, 24)): {'bw': 24}, ((6, 2), (23, 7)): {'bw': 24}, ((6, 2), (7, 3)): {'bw': 24}, ((6, 2), (3, 8)): {'bw': 24}, ((6, 2), (8, 16)): {'bw': 24}, ((6, 3), (23, 7)): {'bw': 47}, ((6, 3), (7, 3)): {'bw': 47}, ((6, 3), (3, 8)): {'bw': 47}, ((6, 3), (8, 24)): {'bw': 47}}",0.0,0.0,124.0,62.0,241.0,0.0,0.0,0.0,0.0,0.0,0.0,0.0,0.0,0.0,Place Failure,110.0,"{'node_level': {'cpu': 10}, 'link_level': {}, 'path_level': {}}","{'node_level': {2: {'cpu': -49}, 3: {'cpu': -44}, 5: {'cpu': -39}, 6: {'cpu': -40}, 1: {'cpu': 10}}, 'link_level': {(3, 2): {'bw': -79}, (5, 2): {'bw': -128}, (5, 3): {'bw': -55}, (6, 2): {'bw': -104}, (6, 3): {'bw': -8}}, 'path_level': {(3, 2): {}, (5, 2): {}, (5, 3): {}, (6, 2): {}, (6, 3): {}}}","{'node_level': {2: {'cpu': 0}, 3: {'cpu': 0}, 5: {'cpu': 0}, 6: {'cpu': 0}, 1: {'cpu': 10}}, 'link_level': {(3, 2): {'bw': 0}, (5, 2): {'bw': 0}, (5, 3): {'bw': 0}, (6, 2): {'bw': 0}, (6, 3): {'bw': 0}}, 'path_level': {(3, 2): {}, (5, 2): {}, (5, 3): {}, (6, 2): {}, (6, 3): {}}}",[],-8.0,0.0,False,True,False,0,[],0,0.0,9.0,0.0008387565612792969,4.0,5.0
8,1,0,38.0,38.0,4239.644941438745,4239.644941438745,1.0,1.0,2,10,1,214.0,5065,718,4347,0.0,0.0,7,609.3984060406185,214.0,4,5,False,"{1: 16, 0: 24, 2: 15, 3: 23}","{(0, 1): [(24, 8), (8, 16)], (2, 0): [(15, 7), (7, 3), (3, 8), (8, 24)], (2, 1): [(15, 7), (7, 3), (3, 8), (8, 16)], (3, 0): [(23, 7), (7, 3), (3, 8), (8, 24)], (3, 1): [(23, 7), (7, 3), (3, 8), (8, 16)]}","{(1, 16): {'cpu': 19}, (0, 24): {'cpu': 10}, (2, 15): {'cpu': 13}, (3, 23): {'cpu': 7}}","{((0, 1), (24, 8)): {'bw': 37}, ((0, 1), (8, 16)): {'bw': 37}, ((2, 0), (15, 7)): {'bw': 39}, ((2, 0), (7, 3)): {'bw': 39}, ((2, 0), (3, 8)): {'bw': 39}, ((2, 0), (8, 24)): {'bw': 39}, ((2, 1), (15, 7)): {'bw': 7}, ((2, 1), (7, 3)): {'bw': 7}, ((2, 1), (3, 8)): {'bw': 7}, ((2, 1), (8, 16)): {'bw': 7}, ((3, 0), (23, 7)): {'bw': 18}, ((3, 0), (7, 3)): {'bw': 18}, ((3, 0), (3, 8)): {'bw': 18}, ((3, 0), (8, 24)): {'bw': 18}, ((3, 1), (23, 7)): {'bw': 24}, ((3, 1), (7, 3)): {'bw': 24}, ((3, 1), (3, 8)): {'bw': 24}, ((3, 1), (8, 16)): {'bw': 24}}",0.0,0.0,98.0,49.0,125.0,0.0,0.0,0.0,0.0,0.0,0.0,0.0,0.0,0.0,Place Failure,72.0,"{'node_level': {'cpu': -37}, 'link_level': {'bw': -15}, 'path_level': {}}","{'node_level': {1: {'cpu': -35}, 0: {'cpu': -44}, 2: {'cpu': -41}, 3: {'cpu': -37}}, 'link_level': {(0, 1): {'bw': -72}, (2, 0): {'bw': -33}, (2, 1): {'bw': -93}, (3, 0): {'bw': -15}, (3, 1): {'bw': -90}}, 'path_level': {(0, 1): {}, (2, 0): {}, (2, 1): {}, (3, 0): {}, (3, 1): {}}}","{'node_level': {1: {'cpu': 0}, 0: {'cpu': 0}, 2: {'cpu': 0}, 3: {'cpu': 0}}, 'link_level': {(0, 1): {'bw': 0}, (2, 0): {'bw': 0}, (2, 1): {'bw': 0}, (3, 0): {'bw': 0}, (3, 1): {'bw': 0}}, 'path_level': {(0, 1): {}, (2, 0): {}, (2, 1): {}, (3, 0): {}, (3, 1): {}}}",[],-15.0,0.0,False,True,False,0,[],0,0.0,6.0,0.0011248588562011719,4.0,5.0
9,1,0,38.0,38.0,4239.644941438745,4239.644941438745,1.0,1.0,2,11,1,233.0,5065,718,4347,0.0,0.0,8,16.17840521770298,233.0,6,8,False,"{5: 16, 4: 24, 2: 15, 0: 23}","{(4, 5): [(24, 8), (8, 16)], (2, 5): [(15, 7), (7, 3), (3, 8), (8, 16)], (0, 2): [(23, 7), (7, 15)], (0, 4): [(23, 7), (7, 3), (3, 8), (8, 24)], (0, 5): [(23, 7), (7, 3), (3, 8), (8, 16)]}","{(5, 16): {'cpu': 15}, (4, 24): {'cpu': 8}, (2, 15): {'cpu': 7}, (0, 23): {'cpu': 0}}","{((4, 5), (24, 8)): {'bw': 32}, ((4, 5), (8, 16)): {'bw': 32}, ((2, 5), (15, 7)): {'bw': 46}, ((2, 5), (7, 3)): {'bw': 46}, ((2, 5), (3, 8)): {'bw': 46}, ((2, 5), (8, 16)): {'bw': 46}, ((0, 2), (23, 7)): {'bw': 42}, ((0, 2), (7, 15)): {'bw': 42}, ((0, 4), (23, 7)): {'bw': 16}, ((0, 4), (7, 3)): {'bw': 16}, ((0, 4), (3, 8)): {'bw': 16}, ((0, 4), (8, 24)): {'bw': 16}, ((0, 5), (23, 7)): {'bw': 26}, ((0, 5), (7, 3)): {'bw': 26}, ((0, 5), (3, 8)): {'bw': 26}, ((0, 5), (8, 16)): {'bw': 26}}",0.0,0.0,124.0,62.0,254.0,0.0,0.0,0.0,0.0,0.0,0.0,0.0,0.0,0.0,Place Failure,80.0,"{'node_level': {'cpu': 12}, 'link_level': {}, 'path_level': {}}","{'node_level': {5: {'cpu': -39}, 4: {'cpu': -46}, 2: {'cpu': -47}, 0: {'cpu': -44}, 1: {'cpu': 12}}, 'link_level': {(4, 5): {'bw': -77}, (2, 5): {'bw': -87}, (0, 2): {'bw': -51}, (0, 4): {'bw': -61}, (0, 5): {'bw': -48}}, 'path_level': {(4, 5): {}, (2, 5): {}, (0, 2): {}, (0, 4): {}, (0, 5): {}}}","{'node_level': {5: {'cpu': 0}, 4: {'cpu': 0}, 2: {'cpu': 0}, 0: {'cpu': 0}, 1: {'cpu': 12}}, 'link_level': {(4, 5): {'bw': 0}, (2, 5): {'bw': 0}, (0, 2): {'bw': 0}, (0, 4): {'bw': 0}, (0, 5): {'bw': 0}}, 'path_level': {(4, 5): {}, (2, 5): {}, (0, 2): {}, (0, 4): {}, (0, 5): {}}}",[],-44.0,0.0,False,True,False,0,[],0,0.0,9.0,0.0009701251983642578,4.0,5.0
9,1,0,38.0,38.0,4239.644941438745,4239.644941438745,1.0,1.0,2,12,0,249.178405217703,5065,718,4347,0.0,0.0,8,16.17840521770298,233.0,6,8,False,{},{},{},{},0.0,0.0,0.0,0.0,0.0,0.0,0.0,0.0,0.0,0.0,0.0,0.0,0.0,0.0,Leave Event,0.0,"{'node_level': {}, 'link_level': {}, 'path_level': {}}","{'node_level': {}, 'link_level': {}, 'path_level': {}}","{'node_level': {}, 'link_level': {}, 'path_level': {}}",[],-inf,-inf,True,True,False,0,[],0,0.0,,,,
10,1,0,38.0,38.0,4239.644941438745,4239.644941438745,1.0,1.0,2,13,1,256.0,5065,718,4347,0.0,0.0,9,89.9786707760381,256.0,9,22,False,"{3: 16, 8: 24, 0: 15}","{(8, 3): [(24, 8), (8, 16)], (0, 3): [(15, 7), (7, 3), (3, 8), (8, 16)], (0, 8): [(15, 7), (7, 3), (3, 8), (8, 24)]}","{(3, 16): {'cpu': 19}, (8, 24): {'cpu': 13}, (0, 15): {'cpu': 20}}","{((8, 3), (24, 8)): {'bw': 48}, ((8, 3), (8, 16)): {'bw': 48}, ((0, 3), (15, 7)): {'bw': 48}, ((0, 3), (7, 3)): {'bw': 48}, ((0, 3), (3, 8)): {'bw': 48}, ((0, 3), (8, 16)): {'bw': 48}, ((0, 8), (15, 7)): {'bw': 39}, ((0, 8), (7, 3)): {'bw': 39}, ((0, 8), (3, 8)): {'bw': 39}, ((0, 8), (8, 24)): {'bw': 39}}",0.0,0.0,226.0,113.0,590.0,0.0,0.0,0.0,0.0,0.0,0.0,0.0,0.0,0.0,Place Failure,257.0,"{'node_level': {'cpu': 17}, 'link_level': {}, 'path_level': {}}","{'node_level': {3: {'cpu': -35}, 8: {'cpu': -41}, 0: {'cpu': -34}, 7: {'cpu': 17}}, 'link_level': {(8, 3): {'bw': -61}, (0, 3): {'bw': -69}, (0, 8): {'bw': -22}, (7, 0): {'bw': -47}, (7, 3): {'bw': -34}, (7, 8): {'bw': 100.0}}, 'path_level': {(8, 3): {}, (0, 3): {}, (0, 8): {}, (7, 0): {}, (7, 3): {}, (7, 8): {}}}","{'node_level': {3: {'cpu': 0}, 8: {'cpu': 0}, 0: {'cpu': 0}, 7: {'cpu': 17}}, 'link_level': {(8, 3): {'bw': 0}, (0, 3): {'bw': 0}, (0, 8): {'bw': 0}, (7, 0): {'bw': 0}, (7, 3): {'bw': 0}, (7, 8): {'bw': 100.0}}, 'path_level': {(8, 3): {}, (0, 3): {}, (0, 8): {}, (7, 0): {}, (7, 3): {}, (7, 8): {}}}",[],100.0,100.0,False,False,False,0,[],0,0.0,10.0,0.0010738372802734375,3.0,3.0
10,1,0,38.0,38.0,4239.644941438745,4239.644941438745,1.0,1.0,2,14,0,257.75285601976253,5065,718,4347,0.0,0.0,4,126.75285601976255,131.0,9,10,False,{},{},{},{},0.0,0.0,0.0,0.0,0.0,0.0,0.0,0.0,0.0,0.0,0.0,0.0,0.0,0.0,Leave Event,0.0,"{'node_level': {}, 'link_level': {}, 'path_level': {}}","{'node_level': {}, 'link_level': {}, 'path_level': {}}","{'node_level': {}, 'link_level': {}, 'path_level': {}}",[],-inf,-inf,True,True,False,0,[],0,0.0,,,,
11,1,0,38.0,38.0,4239.644941438745,4239.644941438745,1.0,1.0,2,15,1,280.0,5065,718,4347,0.0,0.0,10,485.7410721619365,280.0,8,14,False,"{6: 16, 3: 24, 0: 15, 5: 23}","{(3, 6): [(24, 8), (8, 16)], (0, 6): [(15, 7), (7, 3), (3, 8), (8, 16)], (5, 3): [(23, 7), (7, 3), (3, 8), (8, 24)], (5, 6): [(23, 7), (7, 3), (3, 8), (8, 16)]}","{(6, 16): {'cpu': 12}, (3, 24): {'cpu': 7}, (0, 15): {'cpu': 7}, (5, 23): {'cpu': 13}}","{((3, 6), (24, 8)): {'bw': 43}, ((3, 6), (8, 16)): {'bw': 43}, ((0, 6), (15, 7)): {'bw': 43}, ((0, 6), (7, 3)): {'bw': 43}, ((0, 6), (3, 8)): {'bw': 43}, ((0, 6), (8, 16)): {'bw': 43}, ((5, 3), (23, 7)): {'bw': 42}, ((5, 3), (7, 3)): {'bw': 42}, ((5, 3), (3, 8)): {'bw': 42}, ((5, 3), (8, 24)): {'bw': 42}, ((5, 6), (23, 7)): {'bw': 19}, ((5, 6), (7, 3)): {'bw': 19}, ((5, 6), (3, 8)): {'bw': 19}, ((5, 6), (8, 16)): {'bw': 19}}",0.0,0.0,126.0,63.0,415.0,0.0,0.0,0.0,0.0,0.0,0.0,0.0,0.0,0.0,Place Failure,45.0,"{'node_level': {'cpu': 1}, 'link_level': {}, 'path_level': {}}","{'node_level': {6: {'cpu': -42}, 3: {'cpu': -47}, 0: {'cpu': -47}, 5: {'cpu': -31}, 1: {'cpu': 1}}, 'link_level': {(3, 6): {'bw': -66}, (0, 6): {'bw': -79}, (5, 3): {'bw': -24}, (5, 6): {'bw': -60}}, 'path_level': {(3, 6): {}, (0, 6): {}, (5, 3): {}, (5, 6): {}}}","{'node_level': {6: {'cpu': 0}, 3: {'cpu': 0}, 0: {'cpu': 0}, 5: {'cpu': 0}, 1: {'cpu': 1}}, 'link_level': {(3, 6): {'bw': 0}, (0, 6): {'bw': 0}, (5, 3): {'bw': 0}, (5, 6): {'bw': 0}}, 'path_level': {(3, 6): {}, (0, 6): {}, (5, 3): {}, (5, 6): {}}}",[],-24.0,0.0,False,True,False,0,[],0,0.0,9.0,0.0008721351623535156,4.0,4.0
12,1,0,38.0,38.0,4239.644941438745,4239.644941438745,1.0,1.0,2,16,1,311.0,5065,718,4347,0.0,0.0,11,430.46182229760814,311.0,10,25,False,"{3: 16, 2: 24, 9: 15, 6: 23}","{(2, 3): [(24, 8), (8, 16)], (9, 2): [(15, 7), (7, 3), (3, 8), (8, 24)], (9, 3): [(15, 7), (7, 3), (3, 8), (8, 16)], (6, 3): [(23, 7), (7, 3), (3, 8), (8, 16)], (6, 9): [(23, 7), (7, 15)]}","{(3, 16): {'cpu': 20}, (2, 24): {'cpu': 20}, (9, 15): {'cpu': 7}, (6, 23): {'cpu': 11}}","{((2, 3), (24, 8)): {'bw': 16}, ((2, 3), (8, 16)): {'bw': 16}, ((9, 2), (15, 7)): {'bw': 21}, ((9, 2), (7, 3)): {'bw': 21}, ((9, 2), (3, 8)): {'bw': 21}, ((9, 2), (8, 24)): {'bw': 21}, ((9, 3), (15, 7)): {'bw': 5}, ((9, 3), (7, 3)): {'bw': 5}, ((9, 3), (3, 8)): {'bw': 5}, ((9, 3), (8, 16)): {'bw': 5}, ((6, 3), (23, 7)): {'bw': 47}, ((6, 3), (7, 3)): {'bw': 47}, ((6, 3), (3, 8)): {'bw': 47}, ((6, 3), (8, 16)): {'bw': 47}, ((6, 9), (23, 7)): {'bw': 44}, ((6, 9), (7, 15)): {'bw': 44}}",0.0,0.0,162.0,81.0,659.0,0.0,0.0,0.0,0.0,0.0,0.0,0.0,0.0,0.0,Place Failure,110.0,"{'node_level': {'cpu': 14}, 'link_level': {}, 'path_level': {}}","{'node_level': {3: {'cpu': -34}, 2: {'cpu': -34}, 9: {'cpu': -47}, 6: {'cpu': -33}, 0: {'cpu': 14}}, 'link_level': {(2, 3): {'bw': -93}, (9, 2): {'bw': -72}, (9, 3): {'bw': -113}, (6, 3): {'bw': -85}, (6, 9): {'bw': -41}}, 'path_level': {(2, 3): {}, (9, 2): {}, (9, 3): {}, (6, 3): {}, (6, 9): {}}}","{'node_level': {3: {'cpu': 0}, 2: {'cpu': 0}, 9: {'cpu': 0}, 6: {'cpu': 0}, 0: {'cpu': 14}}, 'link_level': {(2, 3): {'bw': 0}, (9, 2): {'bw': 0}, (9, 3): {'bw': 0}, (6, 3): {'bw': 0}, (6, 9): {'bw': 0}}, 'path_level': {(2, 3): {}, (9, 2): {}, (9, 3): {}, (6, 3): {}, (6, 9): {}}}",[],-33.0,0.0,False,True,False,0,[],0,0.0,9.0,0.0009868144989013672,4.0,5.0
12,1,0,38.0,38.0,4239.644941438745,4239.644941438745,1.0,1.0,2,17,0,345.9786707760381,5065,718,4347,0.0,0.0,9,89.9786707760381,256.0,9,22,False,{},{},{},{},0.0,0.0,0.0,0.0,0.0,0.0,0.0,0.0,0.0,0.0,0.0,0.0,0.0,0.0,Leave Event,0.0,"{'node_level': {}, 'link_level': {}, 'path_level': {}}","{'node_level': {}, 'link_level': {}, 'path_level': {}}","{'node_level': {}, 'link_level': {}, 'path_level': {}}",[],-inf,-inf,True,True,False,0,[],0,0.0,,,,
13,1,0,38.0,38.0,4239.644941438745,4239.644941438745,1.0,1.0,2,18,1,348.0,5065,718,4347,0.0,0.0,12,135.83403941111325,348.0,10,24,False,"{7: 16, 8: 24, 2: 15, 4: 23}","{(8, 7): [(24, 8), (8, 16)], (2, 7): [(15, 7), (7, 3), (3, 8), (8, 16)], (4, 7): [(23, 7), (7, 3), (3, 8), (8, 16)], (4, 8): [(23, 7), (7, 3), (3, 8), (8, 24)]}","{(7, 16): {'cpu': 17}, (8, 24): {'cpu': 13}, (2, 15): {'cpu': 16}, (4, 23): {'cpu': 19}}","{((8, 7), (24, 8)): {'bw': 50}, ((8, 7), (8, 16)): {'bw': 50}, ((2, 7), (15, 7)): {'bw': 25}, ((2, 7), (7, 3)): {'bw': 25}, ((2, 7), (3, 8)): {'bw': 25}, ((2, 7), (8, 16)): {'bw': 25}, ((4, 7), (23, 7)): {'bw': 28}, ((4, 7), (7, 3)): {'bw': 28}, ((4, 7), (3, 8)): {'bw': 28}, ((4, 7), (8, 16)): {'bw': 28}, ((4, 8), (23, 7)): {'bw': 10}, ((4, 8), (7, 3)): {'bw': 10}, ((4, 8), (3, 8)): {'bw': 10}, ((4, 8), (8, 24)): {'bw': 10}}",0.0,0.0,264.0,132.0,569.0,0.0,0.0,0.0,0.0,0.0,0.0,0.0,0.0,0.0,Place Failure,105.0,"{'node_level': {'cpu': 5}, 'link_level': {}, 'path_level': {}}","{'node_level': {7: {'cpu': -37}, 8: {'cpu': -41}, 2: {'cpu': -38}, 4: {'cpu': -25}, 3: {'cpu': 5}}, 'link_level': {(8, 7): {'bw': -59}, (2, 7): {'bw': -90}, (4, 7): {'bw': -62}, (4, 8): {'bw': -49}}, 'path_level': {(8, 7): {}, (2, 7): {}, (4, 7): {}, (4, 8): {}}}","{'node_level': {7: {'cpu': 0}, 8: {'cpu': 0}, 2: {'cpu': 0}, 4: {'cpu': 0}, 3: {'cpu': 5}}, 'link_level': {(8, 7): {'bw': 0}, (2, 7): {'bw': 0}, (4, 7): {'bw': 0}, (4, 8): {'bw': 0}}, 'path_level': {(8, 7): {}, (2, 7): {}, (4, 7): {}, (4, 8): {}}}",[],-25.0,0.0,False,True,False,0,[],0,0.0,9.0,0.0008051395416259766,4.0,4.0
13,1,0,38.0,38.0,4239.644941438745,4239.644941438745,1.0,1.0,2,19,0,366.8285523164956,5065,718,4347,0.0,0.0,5,211.82855231649557,155.0,5,6,False,{},{},{},{},0.0,0.0,0.0,0.0,0.0,0.0,0.0,0.0,0.0,0.0,0.0,0.0,0.0,0.0,Leave Event,0.0,"{'node_level': {}, 'link_level': {}, 'path_level': {}}","{'node_level': {}, 'link_level': {}, 'path_level': {}}","{'node_level': {}, 'link_level': {}, 'path_level': {}}",[],-inf,-inf,True,True,False,0,[],0,0.0,,,,
14,1,0,38.0,38.0,4239.644941438745,4239.644941438745,1.0,1.0,2,20,1,371.0,5065,718,4347,0.0,0.0,13,1360.6740988507,371.0,3,3,False,"{1: 16, 2: 24, 0: 15}","{(2, 1): [(24, 8), (8, 16)], (0, 1): [(15, 7), (7, 3), (3, 8), (8, 16)], (0, 2): [(15, 7), (7, 3), (3, 8), (8, 24)]}","{(1, 16): {'cpu': 11}, (2, 24): {'cpu': 14}, (0, 15): {'cpu': 10}}","{((2, 1), (24, 8)): {'bw': 40}, ((2, 1), (8, 16)): {'bw': 40}, ((0, 1), (15, 7)): {'bw': 48}, ((0, 1), (7, 3)): {'bw': 48}, ((0, 1), (3, 8)): {'bw': 48}, ((0, 1), (8, 16)): {'bw': 48}, ((0, 2), (15, 7)): {'bw': 1}, ((0, 2), (7, 3)): {'bw': 1}, ((0, 2), (3, 8)): {'bw': 1}, ((0, 2), (8, 24)): {'bw': 1}}",0.0,0.0,70.0,35.0,89.0,0.0,0.0,0.0,0.0,0.0,0.0,0.0,0.0,0.0,Place Failure,68.0,"{'node_level': {'cpu': -44}, 'link_level': {'bw': -68}, 'path_level': {}}","{'node_level': {1: {'cpu': -43}, 2: {'cpu': -40}, 0: {'cpu': -44}}, 'link_level': {(2, 1): {'bw': -69}, (0, 1): {'bw': -77}, (0, 2): {'bw': -68}}, 'path_level': {(2, 1): {}, (0, 1): {}, (0, 2): {}}}","{'node_level': {1: {'cpu': 0}, 2: {'cpu': 0}, 0: {'cpu': 0}}, 'link_level': {(2, 1): {'bw': 0}, (0, 1): {'bw': 0}, (0, 2): {'bw': 0}}, 'path_level': {(2, 1): {}, (0, 1): {}, (0, 2): {}}}",[],-44.0,0.0,False,True,False,0,[],0,0.0,6.0,0.000659942626953125,3.0,3.0
15,1,0,38.0,38.0,4239.644941438745,4239.644941438745,1.0,1.0,2,21,1,391.0,5065,718,4347,0.0,0.0,14,475.91485821344355,391.0,8,14,False,"{4: 16, 3: 24, 6: 15, 1: 23}","{(3, 4): [(24, 8), (8, 16)], (6, 4): [(15, 7), (7, 3), (3, 8), (8, 16)], (1, 4): [(23, 7), (7, 3), (3, 8), (8, 16)], (1, 6): [(23, 7), (7, 15)]}","{(4, 16): {'cpu': 20}, (3, 24): {'cpu': 9}, (6, 15): {'cpu': 14}, (1, 23): {'cpu': 5}}","{((3, 4), (24, 8)): {'bw': 32}, ((3, 4), (8, 16)): {'bw': 32}, ((6, 4), (15, 7)): {'bw': 17}, ((6, 4), (7, 3)): {'bw': 17}, ((6, 4), (3, 8)): {'bw': 17}, ((6, 4), (8, 16)): {'bw': 17}, ((1, 4), (23, 7)): {'bw': 26}, ((1, 4), (7, 3)): {'bw': 26}, ((1, 4), (3, 8)): {'bw': 26}, ((1, 4), (8, 16)): {'bw': 26}, ((1, 6), (23, 7)): {'bw': 20}, ((1, 6), (7, 15)): {'bw': 20}}",0.0,0.0,144.0,72.0,260.0,0.0,0.0,0.0,0.0,0.0,0.0,0.0,0.0,0.0,Place Failure,80.0,"{'node_level': {'cpu': 2}, 'link_level': {}, 'path_level': {}}","{'node_level': {4: {'cpu': -34}, 3: {'cpu': -45}, 6: {'cpu': -40}, 1: {'cpu': -39}, 7: {'cpu': 2}}, 'link_level': {(3, 4): {'bw': -77}, (6, 4): {'bw': -116}, (1, 4): {'bw': -90}, (1, 6): {'bw': -86}}, 'path_level': {(3, 4): {}, (6, 4): {}, (1, 4): {}, (1, 6): {}}}","{'node_level': {4: {'cpu': 0}, 3: {'cpu': 0}, 6: {'cpu': 0}, 1: {'cpu': 0}, 7: {'cpu': 2}}, 'link_level': {(3, 4): {'bw': 0}, (6, 4): {'bw': 0}, (1, 4): {'bw': 0}, (1, 6): {'bw': 0}}, 'path_level': {(3, 4): {}, (6, 4): {}, (1, 4): {}, (1, 6): {}}}",[],-39.0,0.0,False,True,False,0,[],0,0.0,9.0,0.0008020401000976562,4.0,4.0
16,1,0,38.0,38.0,4239.644941438745,4239.644941438745,1.0,1.0,2,22,1,425.0,5065,718,4347,0.0,0.0,15,383.53983346759213,425.0,9,12,False,"{0: 16, 4: 24, 7: 15, 3: 23, 6: 2}","{(4, 0): [(24, 8), (8, 16)], (7, 0): [(15, 7), (7, 3), (3, 8), (8, 16)], (3, 0): [(23, 7), (7, 3), (3, 8), (8, 16)], (6, 0): [(2, 0), (0, 1), (1, 3), (3, 8), (8, 16)]}","{(0, 16): {'cpu': 9}, (4, 24): {'cpu': 16}, (7, 15): {'cpu': 14}, (3, 23): {'cpu': 12}, (6, 2): {'cpu': 0}}","{((4, 0), (24, 8)): {'bw': 43}, ((4, 0), (8, 16)): {'bw': 43}, ((7, 0), (15, 7)): {'bw': 50}, ((7, 0), (7, 3)): {'bw': 50}, ((7, 0), (3, 8)): {'bw': 50}, ((7, 0), (8, 16)): {'bw': 50}, ((3, 0), (23, 7)): {'bw': 28}, ((3, 0), (7, 3)): {'bw': 28}, ((3, 0), (3, 8)): {'bw': 28}, ((3, 0), (8, 16)): {'bw': 28}, ((6, 0), (2, 0)): {'bw': 33}, ((6, 0), (0, 1)): {'bw': 33}, ((6, 0), (1, 3)): {'bw': 33}, ((6, 0), (3, 8)): {'bw': 33}, ((6, 0), (8, 16)): {'bw': 33}}",0.0,0.0,134.0,67.0,326.0,0.0,0.0,0.0,0.0,0.0,0.0,0.0,0.0,0.0,Place Failure,288.0,"{'node_level': {'cpu': 0}, 'link_level': {'bw': 100.0}, 'path_level': {}}","{'node_level': {0: {'cpu': -45}, 4: {'cpu': -38}, 7: {'cpu': -40}, 3: {'cpu': -32}, 6: {'cpu': 0}, 8: {'cpu': 0}}, 'link_level': {(4, 0): {'bw': -66}, (7, 0): {'bw': -72}, (3, 0): {'bw': -44}, (6, 0): {'bw': -11}, (8, 0): {'bw': 100.0}}, 'path_level': {(4, 0): {}, (7, 0): {}, (3, 0): {}, (6, 0): {}, (8, 0): {}}}","{'node_level': {0: {'cpu': 0}, 4: {'cpu': 0}, 7: {'cpu': 0}, 3: {'cpu': 0}, 6: {'cpu': 0}, 8: {'cpu': 0}}, 'link_level': {(4, 0): {'bw': 0}, (7, 0): {'bw': 0}, (3, 0): {'bw': 0}, (6, 0): {'bw': 0}, (8, 0): {'bw': 100.0}}, 'path_level': {(4, 0): {}, (7, 0): {}, (3, 0): {}, (6, 0): {}, (8, 0): {}}}",[],100.0,100.0,False,False,False,0,[],0,0.0,8.0,0.0011320114135742188,5.0,4.0
17,1,0,38.0,38.0,4239.644941438745,4239.644941438745,1.0,1.0,2,23,1,449.0,5065,718,4347,0.0,0.0,16,445.6892867594094,449.0,9,22,False,"{0: 16, 1: 24, 5: 15, 4: 23}","{(1, 0): [(24, 8), (8, 16)], (5, 0): [(15, 7), (7, 3), (3, 8), (8, 16)], (4, 0): [(23, 7), (7, 3), (3, 8), (8, 16)], (4, 1): [(23, 7), (7, 3), (3, 8), (8, 24)], (4, 5): [(23, 7), (7, 15)]}","{(0, 16): {'cpu': 16}, (1, 24): {'cpu': 18}, (5, 15): {'cpu': 17}, (4, 23): {'cpu': 7}}","{((1, 0), (24, 8)): {'bw': 47}, ((1, 0), (8, 16)): {'bw': 47}, ((5, 0), (15, 7)): {'bw': 18}, ((5, 0), (7, 3)): {'bw': 18}, ((5, 0), (3, 8)): {'bw': 18}, ((5, 0), (8, 16)): {'bw': 18}, ((4, 0), (23, 7)): {'bw': 14}, ((4, 0), (7, 3)): {'bw': 14}, ((4, 0), (3, 8)): {'bw': 14}, ((4, 0), (8, 16)): {'bw': 14}, ((4, 1), (23, 7)): {'bw': 36}, ((4, 1), (7, 3)): {'bw': 36}, ((4, 1), (3, 8)): {'bw': 36}, ((4, 1), (8, 24)): {'bw': 36}, ((4, 5), (23, 7)): {'bw': 33}, ((4, 5), (7, 15)): {'bw': 33}}",0.0,0.0,234.0,117.0,619.0,0.0,0.0,0.0,0.0,0.0,0.0,0.0,0.0,0.0,Place Failure,161.0,"{'node_level': {'cpu': 19}, 'link_level': {}, 'path_level': {}}","{'node_level': {0: {'cpu': -38}, 1: {'cpu': -36}, 5: {'cpu': -37}, 4: {'cpu': -37}, 8: {'cpu': 19}}, 'link_level': {(1, 0): {'bw': -62}, (5, 0): {'bw': -100}, (4, 0): {'bw': -86}, (4, 1): {'bw': -26}, (4, 5): {'bw': -49}}, 'path_level': {(1, 0): {}, (5, 0): {}, (4, 0): {}, (4, 1): {}, (4, 5): {}}}","{'node_level': {0: {'cpu': 0}, 1: {'cpu': 0}, 5: {'cpu': 0}, 4: {'cpu': 0}, 8: {'cpu': 19}}, 'link_level': {(1, 0): {'bw': 0}, (5, 0): {'bw': 0}, (4, 0): {'bw': 0}, (4, 1): {'bw': 0}, (4, 5): {'bw': 0}}, 'path_level': {(1, 0): {}, (5, 0): {}, (4, 0): {}, (4, 1): {}, (4, 5): {}}}",[],-26.0,0.0,False,True,False,0,[],0,0.0,9.0,0.0008230209350585938,4.0,5.0
18,1,0,38.0,38.0,4239.644941438745,4239.644941438745,1.0,1.0,2,24,1,470.0,5065,718,4347,0.0,0.0,17,654.8926916611093,470.0,10,18,False,"{7: 16, 9: 24, 8: 15, 5: 23}","{(9, 7): [(24, 8), (8, 16)], (8, 7): [(15, 7), (7, 3), (3, 8), (8, 16)], (8, 9): [(15, 7), (7, 3), (3, 8), (8, 24)], (5, 7): [(23, 7), (7, 3), (3, 8), (8, 16)]}","{(7, 16): {'cpu': 18}, (9, 24): {'cpu': 12}, (8, 15): {'cpu': 16}, (5, 23): {'cpu': 13}}","{((9, 7), (24, 8)): {'bw': 42}, ((9, 7), (8, 16)): {'bw': 42}, ((8, 7), (15, 7)): {'bw': 14}, ((8, 7), (7, 3)): {'bw': 14}, ((8, 7), (3, 8)): {'bw': 14}, ((8, 7), (8, 16)): {'bw': 14}, ((8, 9), (15, 7)): {'bw': 25}, ((8, 9), (7, 3)): {'bw': 25}, ((8, 9), (3, 8)): {'bw': 25}, ((8, 9), (8, 24)): {'bw': 25}, ((5, 7), (23, 7)): {'bw': 15}, ((5, 7), (7, 3)): {'bw': 15}, ((5, 7), (3, 8)): {'bw': 15}, ((5, 7), (8, 16)): {'bw': 15}}",0.0,0.0,234.0,117.0,454.0,0.0,0.0,0.0,0.0,0.0,0.0,0.0,0.0,0.0,Place Failure,136.0,"{'node_level': {'cpu': 16}, 'link_level': {}, 'path_level': {}}","{'node_level': {7: {'cpu': -36}, 9: {'cpu': -42}, 8: {'cpu': -38}, 5: {'cpu': -31}, 2: {'cpu': 16}}, 'link_level': {(9, 7): {'bw': -67}, (8, 7): {'bw': -109}, (8, 9): {'bw': -42}, (5, 7): {'bw': -94}}, 'path_level': {(9, 7): {}, (8, 7): {}, (8, 9): {}, (5, 7): {}}}","{'node_level': {7: {'cpu': 0}, 9: {'cpu': 0}, 8: {'cpu': 0}, 5: {'cpu': 0}, 2: {'cpu': 16}}, 'link_level': {(9, 7): {'bw': 0}, (8, 7): {'bw': 0}, (8, 9): {'bw': 0}, (5, 7): {'bw': 0}}, 'path_level': {(9, 7): {}, (8, 7): {}, (8, 9): {}, (5, 7): {}}}",[],-31.0,0.0,False,True,False,0,[],0,0.0,9.0,0.0007779598236083984,4.0,4.0
19,1,0,38.0,38.0,4239.644941438745,4239.644941438745,1.0,1.0,2,25,1,481.0,5065,718,4347,0.0,0.0,18,186.9432479068438,481.0,3,2,False,"{0: 16, 1: 24, 2: 15}","{(1, 0): [(24, 8), (8, 16)], (2, 0): [(15, 7), (7, 3), (3, 8), (8, 16)]}","{(0, 16): {'cpu': 11}, (1, 24): {'cpu': 14}, (2, 15): {'cpu': 11}}","{((1, 0), (24, 8)): {'bw': 20}, ((1, 0), (8, 16)): {'bw': 20}, ((2, 0), (15, 7)): {'bw': 2}, ((2, 0), (7, 3)): {'bw': 2}, ((2, 0), (3, 8)): {'bw': 2}, ((2, 0), (8, 16)): {'bw': 2}}",0.0,0.0,72.0,36.0,22.0,0.0,0.0,0.0,0.0,0.0,0.0,0.0,0.0,0.0,Place Failure,72.0,"{'node_level': {'cpu': -43}, 'link_level': {'bw': -137}, 'path_level': {}}","{'node_level': {0: {'cpu': -43}, 1: {'cpu': -40}, 2: {'cpu': -43}}, 'link_level': {(1, 0): {'bw': -89}, (2, 0): {'bw': -137}}, 'path_level': {(1, 0): {}, (2, 0): {}}}","{'node_level': {0: {'cpu': 0}, 1: {'cpu': 0}, 2: {'cpu': 0}}, 'link_level': {(1, 0): {'bw': 0}, (2, 0): {'bw': 0}}, 'path_level': {(1, 0): {}, (2, 0): {}}}",[],-43.0,0.0,False,True,False,0,[],0,0.0,6.0,0.0006749629974365234,3.0,2.0
19,1,0,38.0,38.0,4239.644941438745,4239.644941438745,1.0,1.0,2,26,0,483.8340394111133,5065,718,4347,0.0,0.0,12,135.83403941111325,348.0,10,24,False,{},{},{},{},0.0,0.0,0.0,0.0,0.0,0.0,0.0,0.0,0.0,0.0,0.0,0.0,0.0,0.0,Leave Event,0.0,"{'node_level': {}, 'link_level': {}, 'path_level': {}}","{'node_level': {}, 'link_level': {}, 'path_level': {}}","{'node_level': {}, 'link_level': {}, 'path_level': {}}",[],-inf,-inf,True,True,False,0,[],0,0.0,,,,
20,1,0,38.0,38.0,4239.644941438745,4239.644941438745,1.0,1.0,2,27,1,505.0,5065,718,4347,0.0,0.0,19,253.93255704802758,505.0,7,12,False,"{5: 16, 4: 24, 1: 15, 3: 23}","{(4, 5): [(24, 8), (8, 16)], (1, 4): [(15, 7), (7, 3), (3, 8), (8, 24)], (1, 5): [(15, 7), (7, 3), (3, 8), (8, 16)], (3, 5): [(23, 7), (7, 3), (3, 8), (8, 16)]}","{(5, 16): {'cpu': 13}, (4, 24): {'cpu': 14}, (1, 15): {'cpu': 14}, (3, 23): {'cpu': 18}}","{((4, 5), (24, 8)): {'bw': 28}, ((4, 5), (8, 16)): {'bw': 28}, ((1, 4), (15, 7)): {'bw': 28}, ((1, 4), (7, 3)): {'bw': 28}, ((1, 4), (3, 8)): {'bw': 28}, ((1, 4), (8, 24)): {'bw': 28}, ((1, 5), (15, 7)): {'bw': 19}, ((1, 5), (7, 3)): {'bw': 19}, ((1, 5), (3, 8)): {'bw': 19}, ((1, 5), (8, 16)): {'bw': 19}, ((3, 5), (23, 7)): {'bw': 29}, ((3, 5), (7, 3)): {'bw': 29}, ((3, 5), (3, 8)): {'bw': 29}, ((3, 5), (8, 16)): {'bw': 29}}",0.0,0.0,154.0,77.0,385.0,0.0,0.0,0.0,0.0,0.0,0.0,0.0,0.0,0.0,Place Failure,102.0,"{'node_level': {'cpu': 6}, 'link_level': {}, 'path_level': {}}","{'node_level': {5: {'cpu': -41}, 4: {'cpu': -40}, 1: {'cpu': -40}, 3: {'cpu': -26}, 2: {'cpu': 6}}, 'link_level': {(4, 5): {'bw': -81}, (1, 4): {'bw': -53}, (1, 5): {'bw': -92}, (3, 5): {'bw': -89}}, 'path_level': {(4, 5): {}, (1, 4): {}, (1, 5): {}, (3, 5): {}}}","{'node_level': {5: {'cpu': 0}, 4: {'cpu': 0}, 1: {'cpu': 0}, 3: {'cpu': 0}, 2: {'cpu': 6}}, 'link_level': {(4, 5): {'bw': 0}, (1, 4): {'bw': 0}, (1, 5): {'bw': 0}, (3, 5): {'bw': 0}}, 'path_level': {(4, 5): {}, (1, 4): {}, (1, 5): {}, (3, 5): {}}}",[],-26.0,0.0,False,True,False,0,[],0,0.0,9.0,0.0007741451263427734,4.0,4.0
21,1,0,38.0,38.0,4239.644941438745,4239.644941438745,1.0,1.0,2,28,1,526.0,5065,718,4347,0.0,0.0,20,117.7622834853615,526.0,10,28,False,"{8: 16, 1: 24, 4: 15, 0: 23}","{(1, 8): [(24, 8), (8, 16)], (4, 1): [(15, 7), (7, 3), (3, 8), (8, 24)], (4, 8): [(15, 7), (7, 3), (3, 8), (8, 16)], (0, 4): [(23, 7), (7, 15)], (0, 8): [(23, 7), (7, 3), (3, 8), (8, 16)]}","{(8, 16): {'cpu': 16}, (1, 24): {'cpu': 20}, (4, 15): {'cpu': 7}, (0, 23): {'cpu': 10}}","{((1, 8), (24, 8)): {'bw': 38}, ((1, 8), (8, 16)): {'bw': 38}, ((4, 1), (15, 7)): {'bw': 32}, ((4, 1), (7, 3)): {'bw': 32}, ((4, 1), (3, 8)): {'bw': 32}, ((4, 1), (8, 24)): {'bw': 32}, ((4, 8), (15, 7)): {'bw': 49}, ((4, 8), (7, 3)): {'bw': 49}, ((4, 8), (3, 8)): {'bw': 49}, ((4, 8), (8, 16)): {'bw': 49}, ((0, 4), (23, 7)): {'bw': 39}, ((0, 4), (7, 15)): {'bw': 39}, ((0, 8), (23, 7)): {'bw': 1}, ((0, 8), (7, 3)): {'bw': 1}, ((0, 8), (3, 8)): {'bw': 1}, ((0, 8), (8, 16)): {'bw': 1}}",0.0,0.0,184.0,92.0,662.0,0.0,0.0,0.0,0.0,0.0,0.0,0.0,0.0,0.0,Place Failure,107.0,"{'node_level': {'cpu': 13}, 'link_level': {}, 'path_level': {}}","{'node_level': {8: {'cpu': -38}, 1: {'cpu': -34}, 4: {'cpu': -47}, 0: {'cpu': -34}, 9: {'cpu': 13}}, 'link_level': {(1, 8): {'bw': -71}, (4, 1): {'bw': -39}, (4, 8): {'bw': -58}, (0, 4): {'bw': -19}, (0, 8): {'bw': -77}}, 'path_level': {(1, 8): {}, (4, 1): {}, (4, 8): {}, (0, 4): {}, (0, 8): {}}}","{'node_level': {8: {'cpu': 0}, 1: {'cpu': 0}, 4: {'cpu': 0}, 0: {'cpu': 0}, 9: {'cpu': 13}}, 'link_level': {(1, 8): {'bw': 0}, (4, 1): {'bw': 0}, (4, 8): {'bw': 0}, (0, 4): {'bw': 0}, (0, 8): {'bw': 0}}, 'path_level': {(1, 8): {}, (4, 1): {}, (4, 8): {}, (0, 4): {}, (0, 8): {}}}",[],-19.0,0.0,False,True,False,0,[],0,0.0,9.0,0.0008490085601806641,4.0,5.0
22,1,0,38.0,38.0,4239.644941438745,4239.644941438745,1.0,1.0,2,29,1,547.0,5065,718,4347,0.0,0.0,21,103.01602452761725,547.0,6,9,False,"{1: 16, 3: 24, 5: 15, 0: 23}","{(3, 1): [(24, 8), (8, 16)], (5, 1): [(15, 7), (7, 3), (3, 8), (8, 16)], (0, 1): [(23, 7), (7, 3), (3, 8), (8, 16)], (0, 3): [(23, 7), (7, 3), (3, 8), (8, 24)], (0, 5): [(23, 7), (7, 15)]}","{(1, 16): {'cpu': 20}, (3, 24): {'cpu': 15}, (5, 15): {'cpu': 20}, (0, 23): {'cpu': 4}}","{((3, 1), (24, 8)): {'bw': 5}, ((3, 1), (8, 16)): {'bw': 5}, ((5, 1), (15, 7)): {'bw': 22}, ((5, 1), (7, 3)): {'bw': 22}, ((5, 1), (3, 8)): {'bw': 22}, ((5, 1), (8, 16)): {'bw': 22}, ((0, 1), (23, 7)): {'bw': 4}, ((0, 1), (7, 3)): {'bw': 4}, ((0, 1), (3, 8)): {'bw': 4}, ((0, 1), (8, 16)): {'bw': 4}, ((0, 3), (23, 7)): {'bw': 41}, ((0, 3), (7, 3)): {'bw': 41}, ((0, 3), (3, 8)): {'bw': 41}, ((0, 3), (8, 24)): {'bw': 41}, ((0, 5), (23, 7)): {'bw': 16}, ((0, 5), (7, 15)): {'bw': 16}}",0.0,0.0,166.0,83.0,147.0,0.0,0.0,0.0,0.0,0.0,0.0,0.0,0.0,0.0,Place Failure,125.0,"{'node_level': {'cpu': 5}, 'link_level': {}, 'path_level': {}}","{'node_level': {1: {'cpu': -34}, 3: {'cpu': -39}, 5: {'cpu': -34}, 0: {'cpu': -40}, 4: {'cpu': 5}}, 'link_level': {(3, 1): {'bw': -104}, (5, 1): {'bw': -117}, (0, 1): {'bw': -128}, (0, 3): {'bw': -63}, (0, 5): {'bw': -71}}, 'path_level': {(3, 1): {}, (5, 1): {}, (0, 1): {}, (0, 3): {}, (0, 5): {}}}","{'node_level': {1: {'cpu': 0}, 3: {'cpu': 0}, 5: {'cpu': 0}, 0: {'cpu': 0}, 4: {'cpu': 5}}, 'link_level': {(3, 1): {'bw': 0}, (5, 1): {'bw': 0}, (0, 1): {'bw': 0}, (0, 3): {'bw': 0}, (0, 5): {'bw': 0}}, 'path_level': {(3, 1): {}, (5, 1): {}, (0, 1): {}, (0, 3): {}, (0, 5): {}}}",[],-40.0,0.0,False,True,False,0,[],0,0.0,9.0,0.0007581710815429688,4.0,5.0
23,1,0,38.0,38.0,4239.644941438745,4239.644941438745,1.0,1.0,2,30,1,566.0,5065,718,4347,0.0,0.0,22,1444.5378089796845,566.0,5,7,False,"{1: 16, 4: 24, 2: 15, 3: 23}","{(4, 1): [(24, 8), (8, 16)], (2, 1): [(15, 7), (7, 3), (3, 8), (8, 16)], (2, 4): [(15, 7), (7, 3), (3, 8), (8, 24)], (3, 1): [(23, 7), (7, 3), (3, 8), (8, 16)], (3, 4): [(23, 7), (7, 3), (3, 8), (8, 24)]}","{(1, 16): {'cpu': 10}, (4, 24): {'cpu': 11}, (2, 15): {'cpu': 6}, (3, 23): {'cpu': 12}}","{((4, 1), (24, 8)): {'bw': 39}, ((4, 1), (8, 16)): {'bw': 39}, ((2, 1), (15, 7)): {'bw': 49}, ((2, 1), (7, 3)): {'bw': 49}, ((2, 1), (3, 8)): {'bw': 49}, ((2, 1), (8, 16)): {'bw': 49}, ((2, 4), (15, 7)): {'bw': 38}, ((2, 4), (7, 3)): {'bw': 38}, ((2, 4), (3, 8)): {'bw': 38}, ((2, 4), (8, 24)): {'bw': 38}, ((3, 1), (23, 7)): {'bw': 7}, ((3, 1), (7, 3)): {'bw': 7}, ((3, 1), (3, 8)): {'bw': 7}, ((3, 1), (8, 16)): {'bw': 7}, ((3, 4), (23, 7)): {'bw': 5}, ((3, 4), (7, 3)): {'bw': 5}, ((3, 4), (3, 8)): {'bw': 5}, ((3, 4), (8, 24)): {'bw': 5}}",0.0,0.0,96.0,48.0,199.0,0.0,0.0,0.0,0.0,0.0,0.0,0.0,0.0,0.0,Place Failure,73.0,"{'node_level': {'cpu': 9}, 'link_level': {}, 'path_level': {}}","{'node_level': {1: {'cpu': -44}, 4: {'cpu': -43}, 2: {'cpu': -48}, 3: {'cpu': -32}, 0: {'cpu': 9}}, 'link_level': {(4, 1): {'bw': -70}, (2, 1): {'bw': -77}, (2, 4): {'bw': -32}, (3, 1): {'bw': -70}, (3, 4): {'bw': -27}}, 'path_level': {(4, 1): {}, (2, 1): {}, (2, 4): {}, (3, 1): {}, (3, 4): {}}}","{'node_level': {1: {'cpu': 0}, 4: {'cpu': 0}, 2: {'cpu': 0}, 3: {'cpu': 0}, 0: {'cpu': 9}}, 'link_level': {(4, 1): {'bw': 0}, (2, 1): {'bw': 0}, (2, 4): {'bw': 0}, (3, 1): {'bw': 0}, (3, 4): {'bw': 0}}, 'path_level': {(4, 1): {}, (2, 1): {}, (2, 4): {}, (3, 1): {}, (3, 4): {}}}",[],-27.0,0.0,False,True,False,0,[],0,0.0,9.0,0.0009832382202148438,4.0,5.0
24,1,0,38.0,38.0,4239.644941438745,4239.644941438745,1.0,1.0,2,31,1,588.0,5065,718,4347,0.0,0.0,23,672.6737136970636,588.0,2,1,False,"{1: 16, 0: 24}","{(0, 1): [(24, 8), (8, 16)]}","{(1, 16): {'cpu': 12}, (0, 24): {'cpu': 9}}","{((0, 1), (24, 8)): {'bw': 40}, ((0, 1), (8, 16)): {'bw': 40}}",0.0,0.0,42.0,21.0,40.0,0.0,0.0,0.0,0.0,0.0,0.0,0.0,0.0,0.0,Place Failure,18.0,"{'node_level': {'cpu': -45}, 'link_level': {'bw': -69}, 'path_level': {}}","{'node_level': {1: {'cpu': -42}, 0: {'cpu': -45}}, 'link_level': {(0, 1): {'bw': -69}}, 'path_level': {(0, 1): {}}}","{'node_level': {1: {'cpu': 0}, 0: {'cpu': 0}}, 'link_level': {(0, 1): {'bw': 0}}, 'path_level': {(0, 1): {}}}",[],-45.0,0.0,False,True,False,0,[],0,0.0,2.0,0.0005791187286376953,2.0,1.0
25,1,0,38.0,38.0,4239.644941438745,4239.644941438745,1.0,1.0,2,32,1,615.0,5065,718,4347,0.0,0.0,24,337.12229145464494,615.0,5,5,False,"{1: 16, 3: 24, 2: 15, 0: 23}","{(3, 1): [(24, 8), (8, 16)], (2, 1): [(15, 7), (7, 3), (3, 8), (8, 16)], (0, 1): [(23, 7), (7, 3), (3, 8), (8, 16)], (0, 2): [(23, 7), (7, 15)]}","{(1, 16): {'cpu': 14}, (3, 24): {'cpu': 15}, (2, 15): {'cpu': 13}, (0, 23): {'cpu': 1}}","{((3, 1), (24, 8)): {'bw': 45}, ((3, 1), (8, 16)): {'bw': 45}, ((2, 1), (15, 7)): {'bw': 7}, ((2, 1), (7, 3)): {'bw': 7}, ((2, 1), (3, 8)): {'bw': 7}, ((2, 1), (8, 16)): {'bw': 7}, ((0, 1), (23, 7)): {'bw': 22}, ((0, 1), (7, 3)): {'bw': 22}, ((0, 1), (3, 8)): {'bw': 22}, ((0, 1), (8, 16)): {'bw': 22}, ((0, 2), (23, 7)): {'bw': 2}, ((0, 2), (7, 15)): {'bw': 2}}",0.0,0.0,94.0,47.0,84.0,0.0,0.0,0.0,0.0,0.0,0.0,0.0,0.0,0.0,Place Failure,94.0,"{'node_level': {'cpu': 4}, 'link_level': {}, 'path_level': {}}","{'node_level': {1: {'cpu': -40}, 3: {'cpu': -39}, 2: {'cpu': -41}, 0: {'cpu': -43}, 4: {'cpu': 4}}, 'link_level': {(3, 1): {'bw': -64}, (2, 1): {'bw': -113}, (0, 1): {'bw': -91}, (0, 2): {'bw': -108}}, 'path_level': {(3, 1): {}, (2, 1): {}, (0, 1): {}, (0, 2): {}}}","{'node_level': {1: {'cpu': 0}, 3: {'cpu': 0}, 2: {'cpu': 0}, 0: {'cpu': 0}, 4: {'cpu': 4}}, 'link_level': {(3, 1): {'bw': 0}, (2, 1): {'bw': 0}, (0, 1): {'bw': 0}, (0, 2): {'bw': 0}}, 'path_level': {(3, 1): {}, (2, 1): {}, (0, 1): {}, (0, 2): {}}}",[],-43.0,0.0,False,True,False,0,[],0,0.0,9.0,0.0007338523864746094,4.0,4.0
26,1,0,38.0,38.0,4239.644941438745,4239.644941438745,1.0,1.0,2,33,1,642.0,5065,718,4347,0.0,0.0,25,129.00638118303132,642.0,7,10,False,"{3: 16, 5: 24, 2: 15, 6: 23}","{(5, 3): [(24, 8), (8, 16)], (2, 3): [(15, 7), (7, 3), (3, 8), (8, 16)], (6, 2): [(23, 7), (7, 15)], (6, 3): [(23, 7), (7, 3), (3, 8), (8, 16)]}","{(3, 16): {'cpu': 15}, (5, 24): {'cpu': 19}, (2, 15): {'cpu': 15}, (6, 23): {'cpu': 9}}","{((5, 3), (24, 8)): {'bw': 50}, ((5, 3), (8, 16)): {'bw': 50}, ((2, 3), (15, 7)): {'bw': 8}, ((2, 3), (7, 3)): {'bw': 8}, ((2, 3), (3, 8)): {'bw': 8}, ((2, 3), (8, 16)): {'bw': 8}, ((6, 2), (23, 7)): {'bw': 1}, ((6, 2), (7, 15)): {'bw': 1}, ((6, 3), (23, 7)): {'bw': 49}, ((6, 3), (7, 3)): {'bw': 49}, ((6, 3), (3, 8)): {'bw': 49}, ((6, 3), (8, 16)): {'bw': 49}}",0.0,0.0,158.0,79.0,272.0,0.0,0.0,0.0,0.0,0.0,0.0,0.0,0.0,0.0,Place Failure,125.0,"{'node_level': {'cpu': 9}, 'link_level': {}, 'path_level': {}}","{'node_level': {3: {'cpu': -39}, 5: {'cpu': -35}, 2: {'cpu': -39}, 6: {'cpu': -35}, 4: {'cpu': 9}}, 'link_level': {(5, 3): {'bw': -59}, (2, 3): {'bw': -107}, (6, 2): {'bw': -130}, (6, 3): {'bw': -58}}, 'path_level': {(5, 3): {}, (2, 3): {}, (6, 2): {}, (6, 3): {}}}","{'node_level': {3: {'cpu': 0}, 5: {'cpu': 0}, 2: {'cpu': 0}, 6: {'cpu': 0}, 4: {'cpu': 9}}, 'link_level': {(5, 3): {'bw': 0}, (2, 3): {'bw': 0}, (6, 2): {'bw': 0}, (6, 3): {'bw': 0}}, 'path_level': {(5, 3): {}, (2, 3): {}, (6, 2): {}, (6, 3): {}}}",[],-35.0,0.0,False,True,False,0,[],0,0.0,9.0,0.0007500648498535156,4.0,4.0
26,1,0,38.0,38.0,4239.644941438745,4239.644941438745,1.0,1.0,2,34,0,643.7622834853615,5065,718,4347,0.0,0.0,20,117.7622834853615,526.0,10,28,False,{},{},{},{},0.0,0.0,0.0,0.0,0.0,0.0,0.0,0.0,0.0,0.0,0.0,0.0,0.0,0.0,Leave Event,0.0,"{'node_level': {}, 'link_level': {}, 'path_level': {}}","{'node_level': {}, 'link_level': {}, 'path_level': {}}","{'node_level': {}, 'link_level': {}, 'path_level': {}}",[],-inf,-inf,True,True,False,0,[],0,0.0,,,,
26,1,0,38.0,38.0,4239.644941438745,4239.644941438745,1.0,1.0,2,35,0,650.0160245276172,5065,718,4347,0.0,0.0,21,103.01602452761725,547.0,6,9,False,{},{},{},{},0.0,0.0,0.0,0.0,0.0,0.0,0.0,0.0,0.0,0.0,0.0,0.0,0.0,0.0,Leave Event,0.0,"{'node_level': {}, 'link_level': {}, 'path_level': {}}","{'node_level': {}, 'link_level': {}, 'path_level': {}}","{'node_level': {}, 'link_level': {}, 'path_level': {}}",[],-inf,-inf,True,True,False,0,[],0,0.0,,,,
27,1,0,38.0,38.0,4239.644941438745,4239.644941438745,1.0,1.0,2,36,1,666.0,5065,718,4347,0.0,0.0,26,146.75382529488408,666.0,2,1,False,"{0: 16, 1: 24}","{(1, 0): [(24, 8), (8, 16)]}","{(0, 16): {'cpu': 14}, (1, 24): {'cpu': 10}}","{((1, 0), (24, 8)): {'bw': 10}, ((1, 0), (8, 16)): {'bw': 10}}",0.0,0.0,48.0,24.0,10.0,0.0,0.0,0.0,0.0,0.0,0.0,0.0,0.0,0.0,Place Failure,20.0,"{'node_level': {'cpu': -44}, 'link_level': {'bw': -99}, 'path_level': {}}","{'node_level': {0: {'cpu': -40}, 1: {'cpu': -44}}, 'link_level': {(1, 0): {'bw': -99}}, 'path_level': {(1, 0): {}}}","{'node_level': {0: {'cpu': 0}, 1: {'cpu': 0}}, 'link_level': {(1, 0): {'bw': 0}}, 'path_level': {(1, 0): {}}}",[],-44.0,0.0,False,True,False,0,[],0,0.0,2.0,0.0006628036499023438,2.0,1.0
27,1,0,38.0,38.0,4239.644941438745,4239.644941438745,1.0,1.0,2,37,0,667.9432479068438,5065,718,4347,0.0,0.0,18,186.9432479068438,481.0,3,2,False,{},{},{},{},0.0,0.0,0.0,0.0,0.0,0.0,0.0,0.0,0.0,0.0,0.0,0.0,0.0,0.0,Leave Event,0.0,"{'node_level': {}, 'link_level': {}, 'path_level': {}}","{'node_level': {}, 'link_level': {}, 'path_level': {}}","{'node_level': {}, 'link_level': {}, 'path_level': {}}",[],-inf,-inf,True,True,False,0,[],0,0.0,,,,
28,1,0,38.0,38.0,4239.644941438745,4239.644941438745,1.0,1.0,2,38,1,688.0,5065,718,4347,0.0,0.0,27,29.890480321371548,688.0,4,3,False,"{0: 16, 3: 24, 2: 15, 1: 23}","{(3, 0): [(24, 8), (8, 16)], (2, 0): [(15, 7), (7, 3), (3, 8), (8, 16)], (1, 3): [(23, 7), (7, 3), (3, 8), (8, 24)]}","{(0, 16): {'cpu': 11}, (3, 24): {'cpu': 5}, (2, 15): {'cpu': 14}, (1, 23): {'cpu': 13}}","{((3, 0), (24, 8)): {'bw': 42}, ((3, 0), (8, 16)): {'bw': 42}, ((2, 0), (15, 7)): {'bw': 23}, ((2, 0), (7, 3)): {'bw': 23}, ((2, 0), (3, 8)): {'bw': 23}, ((2, 0), (8, 16)): {'bw': 23}, ((1, 3), (23, 7)): {'bw': 39}, ((1, 3), (7, 3)): {'bw': 39}, ((1, 3), (3, 8)): {'bw': 39}, ((1, 3), (8, 24)): {'bw': 39}}",0.0,0.0,86.0,43.0,104.0,0.0,0.0,0.0,0.0,0.0,0.0,0.0,0.0,0.0,Place Failure,66.0,"{'node_level': {'cpu': -31}, 'link_level': {'bw': -28}, 'path_level': {}}","{'node_level': {0: {'cpu': -43}, 3: {'cpu': -49}, 2: {'cpu': -40}, 1: {'cpu': -31}}, 'link_level': {(3, 0): {'bw': -67}, (2, 0): {'bw': -100}, (1, 3): {'bw': -28}}, 'path_level': {(3, 0): {}, (2, 0): {}, (1, 3): {}}}","{'node_level': {0: {'cpu': 0}, 3: {'cpu': 0}, 2: {'cpu': 0}, 1: {'cpu': 0}}, 'link_level': {(3, 0): {'bw': 0}, (2, 0): {'bw': 0}, (1, 3): {'bw': 0}}, 'path_level': {(3, 0): {}, (2, 0): {}, (1, 3): {}}}",[],-28.0,0.0,False,True,False,0,[],0,0.0,6.0,0.0006668567657470703,4.0,3.0
29,1,0,38.0,38.0,4239.644941438745,4239.644941438745,1.0,1.0,2,39,1,712.0,5065,718,4347,0.0,0.0,28,284.9487796914676,712.0,5,5,False,"{0: 16, 3: 24, 2: 15, 1: 23}","{(3, 0): [(24, 8), (8, 16)], (2, 0): [(15, 7), (7, 3), (3, 8), (8, 16)], (2, 3): [(15, 7), (7, 3), (3, 8), (8, 24)], (1, 0): [(23, 7), (7, 3), (3, 8), (8, 16)]}","{(0, 16): {'cpu': 17}, (3, 24): {'cpu': 11}, (2, 15): {'cpu': 6}, (1, 23): {'cpu': 5}}","{((3, 0), (24, 8)): {'bw': 21}, ((3, 0), (8, 16)): {'bw': 21}, ((2, 0), (15, 7)): {'bw': 17}, ((2, 0), (7, 3)): {'bw': 17}, ((2, 0), (3, 8)): {'bw': 17}, ((2, 0), (8, 16)): {'bw': 17}, ((2, 3), (15, 7)): {'bw': 30}, ((2, 3), (7, 3)): {'bw': 30}, ((2, 3), (3, 8)): {'bw': 30}, ((2, 3), (8, 24)): {'bw': 30}, ((1, 0), (23, 7)): {'bw': 24}, ((1, 0), (7, 3)): {'bw': 24}, ((1, 0), (3, 8)): {'bw': 24}, ((1, 0), (8, 16)): {'bw': 24}}",0.0,0.0,100.0,50.0,110.0,0.0,0.0,0.0,0.0,0.0,0.0,0.0,0.0,0.0,Place Failure,79.0,"{'node_level': {'cpu': 11}, 'link_level': {}, 'path_level': {}}","{'node_level': {0: {'cpu': -37}, 3: {'cpu': -43}, 2: {'cpu': -48}, 1: {'cpu': -39}, 4: {'cpu': 11}}, 'link_level': {(3, 0): {'bw': -88}, (2, 0): {'bw': -122}, (2, 3): {'bw': -58}, (1, 0): {'bw': -103}}, 'path_level': {(3, 0): {}, (2, 0): {}, (2, 3): {}, (1, 0): {}}}","{'node_level': {0: {'cpu': 0}, 3: {'cpu': 0}, 2: {'cpu': 0}, 1: {'cpu': 0}, 4: {'cpu': 11}}, 'link_level': {(3, 0): {'bw': 0}, (2, 0): {'bw': 0}, (2, 3): {'bw': 0}, (1, 0): {'bw': 0}}, 'path_level': {(3, 0): {}, (2, 0): {}, (2, 3): {}, (1, 0): {}}}",[],-39.0,0.0,False,True,False,0,[],0,0.0,9.0,0.0007050037384033203,4.0,4.0
29,1,0,38.0,38.0,4239.644941438745,4239.644941438745,1.0,1.0,2,40,0,717.8904803213716,5065,718,4347,0.0,0.0,27,29.890480321371548,688.0,4,3,False,{},{},{},{},0.0,0.0,0.0,0.0,0.0,0.0,0.0,0.0,0.0,0.0,0.0,0.0,0.0,0.0,Leave Event,0.0,"{'node_level': {}, 'link_level': {}, 'path_level': {}}","{'node_level': {}, 'link_level': {}, 'path_level': {}}","{'node_level': {}, 'link_level': {}, 'path_level': {}}",[],-inf,-inf,True,True,False,0,[],0,0.0,,,,
30,1,0,38.0,38.0,4239.644941438745,4239.644941438745,1.0,1.0,2,41,1,725.0,5065,718,4347,0.0,0.0,29,186.83490095121454,725.0,10,23,False,"{1: 16, 4: 24, 6: 15, 7: 23}","{(4, 1): [(24, 8), (8, 16)], (6, 1): [(15, 7), (7, 3), (3, 8), (8, 16)], (7, 1): [(23, 7), (7, 3), (3, 8), (8, 16)]}","{(1, 16): {'cpu': 17}, (4, 24): {'cpu': 10}, (6, 15): {'cpu': 11}, (7, 23): {'cpu': 14}}","{((4, 1), (24, 8)): {'bw': 50}, ((4, 1), (8, 16)): {'bw': 50}, ((6, 1), (15, 7)): {'bw': 24}, ((6, 1), (7, 3)): {'bw': 24}, ((6, 1), (3, 8)): {'bw': 24}, ((6, 1), (8, 16)): {'bw': 24}, ((7, 1), (23, 7)): {'bw': 19}, ((7, 1), (7, 3)): {'bw': 19}, ((7, 1), (3, 8)): {'bw': 19}, ((7, 1), (8, 16)): {'bw': 19}}",0.0,0.0,180.0,90.0,477.0,0.0,0.0,0.0,0.0,0.0,0.0,0.0,0.0,0.0,Place Failure,88.0,"{'node_level': {'cpu': 8}, 'link_level': {}, 'path_level': {}}","{'node_level': {1: {'cpu': -37}, 4: {'cpu': -44}, 6: {'cpu': -43}, 7: {'cpu': -30}, 2: {'cpu': 8}}, 'link_level': {(4, 1): {'bw': -59}, (6, 1): {'bw': -91}, (7, 1): {'bw': -72}}, 'path_level': {(4, 1): {}, (6, 1): {}, (7, 1): {}}}","{'node_level': {1: {'cpu': 0}, 4: {'cpu': 0}, 6: {'cpu': 0}, 7: {'cpu': 0}, 2: {'cpu': 8}}, 'link_level': {(4, 1): {'bw': 0}, (6, 1): {'bw': 0}, (7, 1): {'bw': 0}}, 'path_level': {(4, 1): {}, (6, 1): {}, (7, 1): {}}}",[],-30.0,0.0,False,True,False,0,[],0,0.0,9.0,0.00074005126953125,4.0,3.0
30,1,0,38.0,38.0,4239.644941438745,4239.644941438745,1.0,1.0,2,42,0,741.4618222976081,5065,718,4347,0.0,0.0,11,430.46182229760814,311.0,10,25,False,{},{},{},{},0.0,0.0,0.0,0.0,0.0,0.0,0.0,0.0,0.0,0.0,0.0,0.0,0.0,0.0,Leave Event,0.0,"{'node_level': {}, 'link_level': {}, 'path_level': {}}","{'node_level': {}, 'link_level': {}, 'path_level': {}}","{'node_level': {}, 'link_level': {}, 'path_level': {}}",[],-inf,-inf,True,True,False,0,[],0,0.0,,,,
31,1,0,38.0,38.0,4239.644941438745,4239.644941438745,1.0,1.0,2,43,1,748.0,5065,718,4347,0.0,0.0,30,595.9290569052607,748.0,3,3,False,"{1: 16, 0: 24, 2: 15}","{(0, 1): [(24, 8), (8, 16)], (2, 0): [(15, 7), (7, 3), (3, 8), (8, 24)], (2, 1): [(15, 7), (7, 3), (3, 8), (8, 16)]}","{(1, 16): {'cpu': 14}, (0, 24): {'cpu': 15}, (2, 15): {'cpu': 7}}","{((0, 1), (24, 8)): {'bw': 30}, ((0, 1), (8, 16)): {'bw': 30}, ((2, 0), (15, 7)): {'bw': 19}, ((2, 0), (7, 3)): {'bw': 19}, ((2, 0), (3, 8)): {'bw': 19}, ((2, 0), (8, 24)): {'bw': 19}, ((2, 1), (15, 7)): {'bw': 42}, ((2, 1), (7, 3)): {'bw': 42}, ((2, 1), (3, 8)): {'bw': 42}, ((2, 1), (8, 16)): {'bw': 42}}",0.0,0.0,72.0,36.0,91.0,0.0,0.0,0.0,0.0,0.0,0.0,0.0,0.0,0.0,Place Failure,58.0,"{'node_level': {'cpu': -47}, 'link_level': {'bw': -60}, 'path_level': {}}","{'node_level': {1: {'cpu': -40}, 0: {'cpu': -39}, 2: {'cpu': -47}}, 'link_level': {(0, 1): {'bw': -79}, (2, 0): {'bw': -60}, (2, 1): {'bw': -78}}, 'path_level': {(0, 1): {}, (2, 0): {}, (2, 1): {}}}","{'node_level': {1: {'cpu': 0}, 0: {'cpu': 0}, 2: {'cpu': 0}}, 'link_level': {(0, 1): {'bw': 0}, (2, 0): {'bw': 0}, (2, 1): {'bw': 0}}, 'path_level': {(0, 1): {}, (2, 0): {}, (2, 1): {}}}",[],-47.0,0.0,False,True,False,0,[],0,0.0,6.0,0.0006337165832519531,3.0,3.0
31,1,0,38.0,38.0,4239.644941438745,4239.644941438745,1.0,1.0,2,44,0,758.9325570480275,5065,718,4347,0.0,0.0,19,253.93255704802758,505.0,7,12,False,{},{},{},{},0.0,0.0,0.0,0.0,0.0,0.0,0.0,0.0,0.0,0.0,0.0,0.0,0.0,0.0,Leave Event,0.0,"{'node_level': {}, 'link_level': {}, 'path_level': {}}","{'node_level': {}, 'link_level': {}, 'path_level': {}}","{'node_level': {}, 'link_level': {}, 'path_level': {}}",[],-inf,-inf,True,True,False,0,[],0,0.0,,,,
31,1,0,38.0,38.0,4239.644941438745,4239.644941438745,1.0,1.0,2,45,0,765.7410721619365,5065,718,4347,0.0,0.0,10,485.7410721619365,280.0,8,14,False,{},{},{},{},0.0,0.0,0.0,0.0,0.0,0.0,0.0,0.0,0.0,0.0,0.0,0.0,0.0,0.0,Leave Event,0.0,"{'node_level': {}, 'link_level': {}, 'path_level': {}}","{'node_level': {}, 'link_level': {}, 'path_level': {}}","{'node_level': {}, 'link_level': {}, 'path_level': {}}",[],-inf,-inf,True,True,False,0,[],0,0.0,,,,
31,1,0,38.0,38.0,4239.644941438745,4239.644941438745,1.0,1.0,2,46,0,771.0063811830313,5065,718,4347,0.0,0.0,25,129.00638118303132,642.0,7,10,False,{},{},{},{},0.0,0.0,0.0,0.0,0.0,0.0,0.0,0.0,0.0,0.0,0.0,0.0,0.0,0.0,Leave Event,0.0,"{'node_level': {}, 'link_level': {}, 'path_level': {}}","{'node_level': {}, 'link_level': {}, 'path_level': {}}","{'node_level': {}, 'link_level': {}, 'path_level': {}}",[],-inf,-inf,True,True,False,0,[],0,0.0,,,,
32,1,0,38.0,38.0,4239.644941438745,4239.644941438745,1.0,1.0,2,47,1,781.0,5065,718,4347,0.0,0.0,31,237.20814680630926,781.0,5,5,False,"{3: 16, 4: 24, 1: 15, 0: 23}","{(4, 3): [(24, 8), (8, 16)], (1, 3): [(15, 7), (7, 3), (3, 8), (8, 16)], (0, 3): [(23, 7), (7, 3), (3, 8), (8, 16)]}","{(3, 16): {'cpu': 11}, (4, 24): {'cpu': 18}, (1, 15): {'cpu': 18}, (0, 23): {'cpu': 13}}","{((4, 3), (24, 8)): {'bw': 50}, ((4, 3), (8, 16)): {'bw': 50}, ((1, 3), (15, 7)): {'bw': 37}, ((1, 3), (7, 3)): {'bw': 37}, ((1, 3), (3, 8)): {'bw': 37}, ((1, 3), (8, 16)): {'bw': 37}, ((0, 3), (23, 7)): {'bw': 25}, ((0, 3), (7, 3)): {'bw': 25}, ((0, 3), (3, 8)): {'bw': 25}, ((0, 3), (8, 16)): {'bw': 25}}",0.0,0.0,122.0,61.0,134.0,0.0,0.0,0.0,0.0,0.0,0.0,0.0,0.0,0.0,Place Failure,111.0,"{'node_level': {'cpu': 1}, 'link_level': {}, 'path_level': {}}","{'node_level': {3: {'cpu': -43}, 4: {'cpu': -36}, 1: {'cpu': -36}, 0: {'cpu': -31}, 2: {'cpu': 1}}, 'link_level': {(4, 3): {'bw': -59}, (1, 3): {'bw': -78}, (0, 3): {'bw': -53}}, 'path_level': {(4, 3): {}, (1, 3): {}, (0, 3): {}}}","{'node_level': {3: {'cpu': 0}, 4: {'cpu': 0}, 1: {'cpu': 0}, 0: {'cpu': 0}, 2: {'cpu': 1}}, 'link_level': {(4, 3): {'bw': 0}, (1, 3): {'bw': 0}, (0, 3): {'bw': 0}}, 'path_level': {(4, 3): {}, (1, 3): {}, (0, 3): {}}}",[],-31.0,0.0,False,True,False,0,[],0,0.0,9.0,0.0007669925689697266,4.0,3.0
33,1,0,38.0,38.0,4239.644941438745,4239.644941438745,1.0,1.0,2,48,1,799.0,5065,718,4347,0.0,0.0,32,98.9838677180634,799.0,5,7,False,"{3: 16, 2: 24, 4: 15, 0: 23}","{(2, 3): [(24, 8), (8, 16)], (4, 2): [(15, 7), (7, 3), (3, 8), (8, 24)], (4, 3): [(15, 7), (7, 3), (3, 8), (8, 16)], (0, 2): [(23, 7), (7, 3), (3, 8), (8, 24)], (0, 3): [(23, 7), (7, 3), (3, 8), (8, 16)], (0, 4): [(23, 7), (7, 15)]}","{(3, 16): {'cpu': 11}, (2, 24): {'cpu': 12}, (4, 15): {'cpu': 8}, (0, 23): {'cpu': 2}}","{((2, 3), (24, 8)): {'bw': 31}, ((2, 3), (8, 16)): {'bw': 31}, ((4, 2), (15, 7)): {'bw': 10}, ((4, 2), (7, 3)): {'bw': 10}, ((4, 2), (3, 8)): {'bw': 10}, ((4, 2), (8, 24)): {'bw': 10}, ((4, 3), (15, 7)): {'bw': 48}, ((4, 3), (7, 3)): {'bw': 48}, ((4, 3), (3, 8)): {'bw': 48}, ((4, 3), (8, 16)): {'bw': 48}, ((0, 2), (23, 7)): {'bw': 36}, ((0, 2), (7, 3)): {'bw': 36}, ((0, 2), (3, 8)): {'bw': 36}, ((0, 2), (8, 24)): {'bw': 36}, ((0, 3), (23, 7)): {'bw': 49}, ((0, 3), (7, 3)): {'bw': 49}, ((0, 3), (3, 8)): {'bw': 49}, ((0, 3), (8, 16)): {'bw': 49}, ((0, 4), (23, 7)): {'bw': 12}, ((0, 4), (7, 15)): {'bw': 12}}",0.0,0.0,88.0,44.0,203.0,0.0,0.0,0.0,0.0,0.0,0.0,0.0,0.0,0.0,Place Failure,89.0,"{'node_level': {'cpu': 11}, 'link_level': {}, 'path_level': {}}","{'node_level': {3: {'cpu': -43}, 2: {'cpu': -42}, 4: {'cpu': -46}, 0: {'cpu': -42}, 1: {'cpu': 11}}, 'link_level': {(2, 3): {'bw': -78}, (4, 2): {'bw': -68}, (4, 3): {'bw': -81}, (0, 2): {'bw': -32}, (0, 3): {'bw': -37}, (0, 4): {'bw': -35}}, 'path_level': {(2, 3): {}, (4, 2): {}, (4, 3): {}, (0, 2): {}, (0, 3): {}, (0, 4): {}}}","{'node_level': {3: {'cpu': 0}, 2: {'cpu': 0}, 4: {'cpu': 0}, 0: {'cpu': 0}, 1: {'cpu': 11}}, 'link_level': {(2, 3): {'bw': 0}, (4, 2): {'bw': 0}, (4, 3): {'bw': 0}, (0, 2): {'bw': 0}, (0, 3): {'bw': 0}, (0, 4): {'bw': 0}}, 'path_level': {(2, 3): {}, (4, 2): {}, (4, 3): {}, (0, 2): {}, (0, 3): {}, (0, 4): {}}}",[],-32.0,0.0,False,True,False,0,[],0,0.0,9.0,0.0007600784301757812,4.0,6.0
33,1,0,38.0,38.0,4239.644941438745,4239.644941438745,1.0,1.0,2,49,0,808.5398334675922,5065,718,4347,0.0,0.0,15,383.53983346759213,425.0,9,12,False,{},{},{},{},0.0,0.0,0.0,0.0,0.0,0.0,0.0,0.0,0.0,0.0,0.0,0.0,0.0,0.0,Leave Event,0.0,"{'node_level': {}, 'link_level': {}, 'path_level': {}}","{'node_level': {}, 'link_level': {}, 'path_level': {}}","{'node_level': {}, 'link_level': {}, 'path_level': {}}",[],-inf,-inf,True,True,False,0,[],0,0.0,,,,
33,1,0,38.0,38.0,4239.644941438745,4239.644941438745,1.0,1.0,2,50,0,812.7538252948841,5065,718,4347,0.0,0.0,26,146.75382529488408,666.0,2,1,False,{},{},{},{},0.0,0.0,0.0,0.0,0.0,0.0,0.0,0.0,0.0,0.0,0.0,0.0,0.0,0.0,Leave Event,0.0,"{'node_level': {}, 'link_level': {}, 'path_level': {}}","{'node_level': {}, 'link_level': {}, 'path_level': {}}","{'node_level': {}, 'link_level': {}, 'path_level': {}}",[],-inf,-inf,True,True,False,0,[],0,0.0,,,,
34,1,0,38.0,38.0,4239.644941438745,4239.644941438745,1.0,1.0,2,51,1,820.0,5065,718,4347,0.0,0.0,33,12.49417645917305,820.0,5,6,False,"{0: 16, 3: 24, 4: 15, 2: 23}","{(3, 0): [(24, 8), (8, 16)], (4, 0): [(15, 7), (7, 3), (3, 8), (8, 16)], (2, 0): [(23, 7), (7, 3), (3, 8), (8, 16)], (2, 3): [(23, 7), (7, 3), (3, 8), (8, 24)]}","{(0, 16): {'cpu': 10}, (3, 24): {'cpu': 10}, (4, 15): {'cpu': 12}, (2, 23): {'cpu': 2}}","{((3, 0), (24, 8)): {'bw': 39}, ((3, 0), (8, 16)): {'bw': 39}, ((4, 0), (15, 7)): {'bw': 48}, ((4, 0), (7, 3)): {'bw': 48}, ((4, 0), (3, 8)): {'bw': 48}, ((4, 0), (8, 16)): {'bw': 48}, ((2, 0), (23, 7)): {'bw': 49}, ((2, 0), (7, 3)): {'bw': 49}, ((2, 0), (3, 8)): {'bw': 49}, ((2, 0), (8, 16)): {'bw': 49}, ((2, 3), (23, 7)): {'bw': 47}, ((2, 3), (7, 3)): {'bw': 47}, ((2, 3), (3, 8)): {'bw': 47}, ((2, 3), (8, 24)): {'bw': 47}}",0.0,0.0,90.0,45.0,195.0,0.0,0.0,0.0,0.0,0.0,0.0,0.0,0.0,0.0,Place Failure,101.0,"{'node_level': {'cpu': 11}, 'link_level': {}, 'path_level': {}}","{'node_level': {0: {'cpu': -44}, 3: {'cpu': -44}, 4: {'cpu': -42}, 2: {'cpu': -42}, 1: {'cpu': 11}}, 'link_level': {(3, 0): {'bw': -70}, (4, 0): {'bw': -78}, (2, 0): {'bw': -29}, (2, 3): {'bw': -23}}, 'path_level': {(3, 0): {}, (4, 0): {}, (2, 0): {}, (2, 3): {}}}","{'node_level': {0: {'cpu': 0}, 3: {'cpu': 0}, 4: {'cpu': 0}, 2: {'cpu': 0}, 1: {'cpu': 11}}, 'link_level': {(3, 0): {'bw': 0}, (4, 0): {'bw': 0}, (2, 0): {'bw': 0}, (2, 3): {'bw': 0}}, 'path_level': {(3, 0): {}, (4, 0): {}, (2, 0): {}, (2, 3): {}}}",[],-23.0,0.0,False,True,False,0,[],0,0.0,9.0,0.0007140636444091797,4.0,4.0
34,1,0,38.0,38.0,4239.644941438745,4239.644941438745,1.0,1.0,2,52,0,823.3984060406185,5065,718,4347,0.0,0.0,7,609.3984060406185,214.0,4,5,False,{},{},{},{},0.0,0.0,0.0,0.0,0.0,0.0,0.0,0.0,0.0,0.0,0.0,0.0,0.0,0.0,Leave Event,0.0,"{'node_level': {}, 'link_level': {}, 'path_level': {}}","{'node_level': {}, 'link_level': {}, 'path_level': {}}","{'node_level': {}, 'link_level': {}, 'path_level': {}}",[],-inf,-inf,True,True,False,0,[],0,0.0,,,,
34,1,0,38.0,38.0,4239.644941438745,4239.644941438745,1.0,1.0,2,53,0,832.4941764591731,5065,718,4347,0.0,0.0,33,12.49417645917305,820.0,5,6,False,{},{},{},{},0.0,0.0,0.0,0.0,0.0,0.0,0.0,0.0,0.0,0.0,0.0,0.0,0.0,0.0,Leave Event,0.0,"{'node_level': {}, 'link_level': {}, 'path_level': {}}","{'node_level': {}, 'link_level': {}, 'path_level': {}}","{'node_level': {}, 'link_level': {}, 'path_level': {}}",[],-inf,-inf,True,True,False,0,[],0,0.0,,,,
35,1,0,38.0,38.0,4239.644941438745,4239.644941438745,1.0,1.0,2,54,1,835.0,5065,718,4347,0.0,0.0,34,34.80883588660023,835.0,9,23,False,"{6: 16, 1: 24, 3: 15, 8: 23}","{(1, 6): [(24, 8), (8, 16)], (3, 1): [(15, 7), (7, 3), (3, 8), (8, 24)], (3, 6): [(15, 7), (7, 3), (3, 8), (8, 16)], (8, 1): [(23, 7), (7, 3), (3, 8), (8, 24)], (8, 3): [(23, 7), (7, 15)], (8, 6): [(23, 7), (7, 3), (3, 8), (8, 16)]}","{(6, 16): {'cpu': 16}, (1, 24): {'cpu': 14}, (3, 15): {'cpu': 20}, (8, 23): {'cpu': 13}}","{((1, 6), (24, 8)): {'bw': 11}, ((1, 6), (8, 16)): {'bw': 11}, ((3, 1), (15, 7)): {'bw': 16}, ((3, 1), (7, 3)): {'bw': 16}, ((3, 1), (3, 8)): {'bw': 16}, ((3, 1), (8, 24)): {'bw': 16}, ((3, 6), (15, 7)): {'bw': 38}, ((3, 6), (7, 3)): {'bw': 38}, ((3, 6), (3, 8)): {'bw': 38}, ((3, 6), (8, 16)): {'bw': 38}, ((8, 1), (23, 7)): {'bw': 27}, ((8, 1), (7, 3)): {'bw': 27}, ((8, 1), (3, 8)): {'bw': 27}, ((8, 1), (8, 24)): {'bw': 27}, ((8, 3), (23, 7)): {'bw': 33}, ((8, 3), (7, 15)): {'bw': 33}, ((8, 6), (23, 7)): {'bw': 11}, ((8, 6), (7, 3)): {'bw': 11}, ((8, 6), (3, 8)): {'bw': 11}, ((8, 6), (8, 16)): {'bw': 11}}",0.0,0.0,210.0,105.0,430.0,0.0,0.0,0.0,0.0,0.0,0.0,0.0,0.0,0.0,Place Failure,141.0,"{'node_level': {'cpu': 11}, 'link_level': {}, 'path_level': {}}","{'node_level': {6: {'cpu': -38}, 1: {'cpu': -40}, 3: {'cpu': -34}, 8: {'cpu': -31}, 0: {'cpu': 11}}, 'link_level': {(1, 6): {'bw': -98}, (3, 1): {'bw': -82}, (3, 6): {'bw': -85}, (8, 1): {'bw': -55}, (8, 3): {'bw': -52}, (8, 6): {'bw': -61}}, 'path_level': {(1, 6): {}, (3, 1): {}, (3, 6): {}, (8, 1): {}, (8, 3): {}, (8, 6): {}}}","{'node_level': {6: {'cpu': 0}, 1: {'cpu': 0}, 3: {'cpu': 0}, 8: {'cpu': 0}, 0: {'cpu': 11}}, 'link_level': {(1, 6): {'bw': 0}, (3, 1): {'bw': 0}, (3, 6): {'bw': 0}, (8, 1): {'bw': 0}, (8, 3): {'bw': 0}, (8, 6): {'bw': 0}}, 'path_level': {(1, 6): {}, (3, 1): {}, (3, 6): {}, (8, 1): {}, (8, 3): {}, (8, 6): {}}}",[],-31.0,0.0,False,True,False,0,[],0,0.0,9.0,0.0009000301361083984,4.0,6.0
35,1,0,38.0,38.0,4239.644941438745,4239.644941438745,1.0,1.0,2,55,0,866.9148582134435,5065,718,4347,0.0,0.0,14,475.91485821344355,391.0,8,14,False,{},{},{},{},0.0,0.0,0.0,0.0,0.0,0.0,0.0,0.0,0.0,0.0,0.0,0.0,0.0,0.0,Leave Event,0.0,"{'node_level': {}, 'link_level': {}, 'path_level': {}}","{'node_level': {}, 'link_level': {}, 'path_level': {}}","{'node_level': {}, 'link_level': {}, 'path_level': {}}",[],-inf,-inf,True,True,False,0,[],0,0.0,,,,
36,1,0,38.0,38.0,4239.644941438745,4239.644941438745,1.0,1.0,2,56,1,867.0,5065,718,4347,0.0,0.0,35,568.7692492536397,867.0,2,1,False,"{1: 16, 0: 24}","{(0, 1): [(24, 8), (8, 16)]}","{(1, 16): {'cpu': 10}, (0, 24): {'cpu': 7}}","{((0, 1), (24, 8)): {'bw': 31}, ((0, 1), (8, 16)): {'bw': 31}}",0.0,0.0,34.0,17.0,31.0,0.0,0.0,0.0,0.0,0.0,0.0,0.0,0.0,0.0,Place Failure,14.0,"{'node_level': {'cpu': -47}, 'link_level': {'bw': -78}, 'path_level': {}}","{'node_level': {1: {'cpu': -44}, 0: {'cpu': -47}}, 'link_level': {(0, 1): {'bw': -78}}, 'path_level': {(0, 1): {}}}","{'node_level': {1: {'cpu': 0}, 0: {'cpu': 0}}, 'link_level': {(0, 1): {'bw': 0}}, 'path_level': {(0, 1): {}}}",[],-47.0,0.0,False,True,False,0,[],0,0.0,2.0,0.000576019287109375,2.0,1.0
36,1,0,38.0,38.0,4239.644941438745,4239.644941438745,1.0,1.0,2,57,0,869.8088358866003,5065,718,4347,0.0,0.0,34,34.80883588660023,835.0,9,23,False,{},{},{},{},0.0,0.0,0.0,0.0,0.0,0.0,0.0,0.0,0.0,0.0,0.0,0.0,0.0,0.0,Leave Event,0.0,"{'node_level': {}, 'link_level': {}, 'path_level': {}}","{'node_level': {}, 'link_level': {}, 'path_level': {}}","{'node_level': {}, 'link_level': {}, 'path_level': {}}",[],-inf,-inf,True,True,False,0,[],0,0.0,,,,
37,1,0,38.0,38.0,4239.644941438745,4239.644941438745,1.0,1.0,2,58,1,890.0,5065,718,4347,0.0,0.0,36,302.2906137847028,890.0,3,3,False,"{2: 16, 1: 24, 0: 15}","{(1, 2): [(24, 8), (8, 16)], (0, 1): [(15, 7), (7, 3), (3, 8), (8, 24)], (0, 2): [(15, 7), (7, 3), (3, 8), (8, 16)]}","{(2, 16): {'cpu': 19}, (1, 24): {'cpu': 19}, (0, 15): {'cpu': 9}}","{((1, 2), (24, 8)): {'bw': 19}, ((1, 2), (8, 16)): {'bw': 19}, ((0, 1), (15, 7)): {'bw': 18}, ((0, 1), (7, 3)): {'bw': 18}, ((0, 1), (3, 8)): {'bw': 18}, ((0, 1), (8, 24)): {'bw': 18}, ((0, 2), (15, 7)): {'bw': 23}, ((0, 2), (7, 3)): {'bw': 23}, ((0, 2), (3, 8)): {'bw': 23}, ((0, 2), (8, 16)): {'bw': 23}}",0.0,0.0,94.0,47.0,60.0,0.0,0.0,0.0,0.0,0.0,0.0,0.0,0.0,0.0,Place Failure,74.0,"{'node_level': {'cpu': -45}, 'link_level': {'bw': -72}, 'path_level': {}}","{'node_level': {2: {'cpu': -35}, 1: {'cpu': -35}, 0: {'cpu': -45}}, 'link_level': {(1, 2): {'bw': -90}, (0, 1): {'bw': -72}, (0, 2): {'bw': -98}}, 'path_level': {(1, 2): {}, (0, 1): {}, (0, 2): {}}}","{'node_level': {2: {'cpu': 0}, 1: {'cpu': 0}, 0: {'cpu': 0}}, 'link_level': {(1, 2): {'bw': 0}, (0, 1): {'bw': 0}, (0, 2): {'bw': 0}}, 'path_level': {(1, 2): {}, (0, 1): {}, (0, 2): {}}}",[],-45.0,0.0,False,True,False,0,[],0,0.0,6.0,0.0006580352783203125,3.0,3.0
37,1,0,38.0,38.0,4239.644941438745,4239.644941438745,1.0,1.0,2,59,0,894.206363214473,5065,718,4347,0.0,0.0,3,789.206363214473,105.0,5,5,False,{},{},{},{},0.0,0.0,0.0,0.0,0.0,0.0,0.0,0.0,0.0,0.0,0.0,0.0,0.0,0.0,Leave Event,0.0,"{'node_level': {}, 'link_level': {}, 'path_level': {}}","{'node_level': {}, 'link_level': {}, 'path_level': {}}","{'node_level': {}, 'link_level': {}, 'path_level': {}}",[],-inf,-inf,True,True,False,0,[],0,0.0,,,,
37,1,0,38.0,38.0,4239.644941438745,4239.644941438745,1.0,1.0,2,60,0,894.6892867594095,5065,718,4347,0.0,0.0,16,445.6892867594094,449.0,9,22,False,{},{},{},{},0.0,0.0,0.0,0.0,0.0,0.0,0.0,0.0,0.0,0.0,0.0,0.0,0.0,0.0,Leave Event,0.0,"{'node_level': {}, 'link_level': {}, 'path_level': {}}","{'node_level': {}, 'link_level': {}, 'path_level': {}}","{'node_level': {}, 'link_level': {}, 'path_level': {}}",[],-inf,-inf,True,True,False,0,[],0,0.0,,,,
37,1,0,38.0,38.0,4239.644941438745,4239.644941438745,1.0,1.0,2,61,0,897.9838677180634,5065,718,4347,0.0,0.0,32,98.9838677180634,799.0,5,7,False,{},{},{},{},0.0,0.0,0.0,0.0,0.0,0.0,0.0,0.0,0.0,0.0,0.0,0.0,0.0,0.0,Leave Event,0.0,"{'node_level': {}, 'link_level': {}, 'path_level': {}}","{'node_level': {}, 'link_level': {}, 'path_level': {}}","{'node_level': {}, 'link_level': {}, 'path_level': {}}",[],-inf,-inf,True,True,False,0,[],0,0.0,,,,
37,1,0,38.0,38.0,4239.644941438745,4239.644941438745,1.0,1.0,2,62,0,911.8349009512145,5065,718,4347,0.0,0.0,29,186.83490095121454,725.0,10,23,False,{},{},{},{},0.0,0.0,0.0,0.0,0.0,0.0,0.0,0.0,0.0,0.0,0.0,0.0,0.0,0.0,Leave Event,0.0,"{'node_level': {}, 'link_level': {}, 'path_level': {}}","{'node_level': {}, 'link_level': {}, 'path_level': {}}","{'node_level': {}, 'link_level': {}, 'path_level': {}}",[],-inf,-inf,True,True,False,0,[],0,0.0,,,,
38,1,0,38.0,38.0,4239.644941438745,4239.644941438745,1.0,1.0,2,63,1,919.0,5065,718,4347,0.0,0.0,37,384.5599031671791,919.0,2,1,False,"{1: 16, 0: 24}","{(0, 1): [(24, 8), (8, 16)]}","{(1, 16): {'cpu': 13}, (0, 24): {'cpu': 5}}","{((0, 1), (24, 8)): {'bw': 47}, ((0, 1), (8, 16)): {'bw': 47}}",0.0,0.0,36.0,18.0,47.0,0.0,0.0,0.0,0.0,0.0,0.0,0.0,0.0,0.0,Place Failure,10.0,"{'node_level': {'cpu': -49}, 'link_level': {'bw': -62}, 'path_level': {}}","{'node_level': {1: {'cpu': -41}, 0: {'cpu': -49}}, 'link_level': {(0, 1): {'bw': -62}}, 'path_level': {(0, 1): {}}}","{'node_level': {1: {'cpu': 0}, 0: {'cpu': 0}}, 'link_level': {(0, 1): {'bw': 0}}, 'path_level': {(0, 1): {}}}",[],-49.0,0.0,False,True,False,0,[],0,0.0,2.0,0.0005960464477539062,2.0,1.0
39,1,0,38.0,38.0,4239.644941438745,4239.644941438745,1.0,1.0,2,64,1,938.0,5065,718,4347,0.0,0.0,38,1134.9200212657358,938.0,6,9,False,"{1: 16, 0: 24, 2: 15, 5: 23, 3: 2}","{(0, 1): [(24, 8), (8, 16)], (2, 0): [(15, 7), (7, 3), (3, 8), (8, 24)], (2, 1): [(15, 7), (7, 3), (3, 8), (8, 16)], (5, 1): [(23, 7), (7, 3), (3, 8), (8, 16)], (5, 2): [(23, 7), (7, 15)], (3, 0): [(2, 0), (0, 1), (1, 3), (3, 8), (8, 24)], (3, 1): [(2, 0), (0, 1), (1, 3), (3, 8), (8, 16)]}","{(1, 16): {'cpu': 12}, (0, 24): {'cpu': 19}, (2, 15): {'cpu': 11}, (5, 23): {'cpu': 7}, (3, 2): {'cpu': 0}}","{((0, 1), (24, 8)): {'bw': 32}, ((0, 1), (8, 16)): {'bw': 32}, ((2, 0), (15, 7)): {'bw': 1}, ((2, 0), (7, 3)): {'bw': 1}, ((2, 0), (3, 8)): {'bw': 1}, ((2, 0), (8, 24)): {'bw': 1}, ((2, 1), (15, 7)): {'bw': 45}, ((2, 1), (7, 3)): {'bw': 45}, ((2, 1), (3, 8)): {'bw': 45}, ((2, 1), (8, 16)): {'bw': 45}, ((5, 1), (23, 7)): {'bw': 26}, ((5, 1), (7, 3)): {'bw': 26}, ((5, 1), (3, 8)): {'bw': 26}, ((5, 1), (8, 16)): {'bw': 26}, ((5, 2), (23, 7)): {'bw': 4}, ((5, 2), (7, 15)): {'bw': 4}, ((3, 0), (2, 0)): {'bw': 47}, ((3, 0), (0, 1)): {'bw': 47}, ((3, 0), (1, 3)): {'bw': 47}, ((3, 0), (3, 8)): {'bw': 47}, ((3, 0), (8, 24)): {'bw': 47}, ((3, 1), (2, 0)): {'bw': 43}, ((3, 1), (0, 1)): {'bw': 43}, ((3, 1), (1, 3)): {'bw': 43}, ((3, 1), (3, 8)): {'bw': 43}, ((3, 1), (8, 16)): {'bw': 43}}",0.0,0.0,126.0,63.0,223.0,0.0,0.0,0.0,0.0,0.0,0.0,0.0,0.0,0.0,Place Failure,110.0,"{'node_level': {'cpu': 14}, 'link_level': {}, 'path_level': {}}","{'node_level': {1: {'cpu': -42}, 0: {'cpu': -35}, 2: {'cpu': -43}, 5: {'cpu': -37}, 3: {'cpu': 0}, 4: {'cpu': 14}}, 'link_level': {(0, 1): {'bw': -77}, (2, 0): {'bw': -76}, (2, 1): {'bw': -88}, (5, 1): {'bw': -62}, (5, 2): {'bw': -89}, (3, 0): {'bw': -29}, (3, 1): {'bw': -19}}, 'path_level': {(0, 1): {}, (2, 0): {}, (2, 1): {}, (5, 1): {}, (5, 2): {}, (3, 0): {}, (3, 1): {}}}","{'node_level': {1: {'cpu': 0}, 0: {'cpu': 0}, 2: {'cpu': 0}, 5: {'cpu': 0}, 3: {'cpu': 0}, 4: {'cpu': 14}}, 'link_level': {(0, 1): {'bw': 0}, (2, 0): {'bw': 0}, (2, 1): {'bw': 0}, (5, 1): {'bw': 0}, (5, 2): {'bw': 0}, (3, 0): {'bw': 0}, (3, 1): {'bw': 0}}, 'path_level': {(0, 1): {}, (2, 0): {}, (2, 1): {}, (5, 1): {}, (5, 2): {}, (3, 0): {}, (3, 1): {}}}",[],0.0,0.0,False,True,False,0,[],0,0.0,8.0,0.0009298324584960938,5.0,7.0
39,1,0,38.0,38.0,4239.644941438745,4239.644941438745,1.0,1.0,2,65,0,952.1222914546449,5065,718,4347,0.0,0.0,24,337.12229145464494,615.0,5,5,False,{},{},{},{},0.0,0.0,0.0,0.0,0.0,0.0,0.0,0.0,0.0,0.0,0.0,0.0,0.0,0.0,Leave Event,0.0,"{'node_level': {}, 'link_level': {}, 'path_level': {}}","{'node_level': {}, 'link_level': {}, 'path_level': {}}","{'node_level': {}, 'link_level': {}, 'path_level': {}}",[],-inf,-inf,True,True,False,0,[],0,0.0,,,,
40,1,0,38.0,38.0,4239.644941438745,4239.644941438745,1.0,1.0,2,66,1,960.0,5065,718,4347,0.0,0.0,39,2319.8263357747524,960.0,9,17,False,"{7: 16, 8: 24, 4: 15, 0: 23}","{(8, 7): [(24, 8), (8, 16)], (4, 7): [(15, 7), (7, 3), (3, 8), (8, 16)], (4, 8): [(15, 7), (7, 3), (3, 8), (8, 24)], (0, 7): [(23, 7), (7, 3), (3, 8), (8, 16)], (0, 8): [(23, 7), (7, 3), (3, 8), (8, 24)]}","{(7, 16): {'cpu': 15}, (8, 24): {'cpu': 20}, (4, 15): {'cpu': 17}, (0, 23): {'cpu': 7}}","{((8, 7), (24, 8)): {'bw': 9}, ((8, 7), (8, 16)): {'bw': 9}, ((4, 7), (15, 7)): {'bw': 48}, ((4, 7), (7, 3)): {'bw': 48}, ((4, 7), (3, 8)): {'bw': 48}, ((4, 7), (8, 16)): {'bw': 48}, ((4, 8), (15, 7)): {'bw': 9}, ((4, 8), (7, 3)): {'bw': 9}, ((4, 8), (3, 8)): {'bw': 9}, ((4, 8), (8, 24)): {'bw': 9}, ((0, 7), (23, 7)): {'bw': 36}, ((0, 7), (7, 3)): {'bw': 36}, ((0, 7), (3, 8)): {'bw': 36}, ((0, 7), (8, 16)): {'bw': 36}, ((0, 8), (23, 7)): {'bw': 19}, ((0, 8), (7, 3)): {'bw': 19}, ((0, 8), (3, 8)): {'bw': 19}, ((0, 8), (8, 24)): {'bw': 19}}",0.0,0.0,206.0,103.0,444.0,0.0,0.0,0.0,0.0,0.0,0.0,0.0,0.0,0.0,Place Failure,138.0,"{'node_level': {'cpu': 10}, 'link_level': {}, 'path_level': {}}","{'node_level': {7: {'cpu': -39}, 8: {'cpu': -34}, 4: {'cpu': -37}, 0: {'cpu': -37}, 1: {'cpu': 10}}, 'link_level': {(8, 7): {'bw': -100}, (4, 7): {'bw': -91}, (4, 8): {'bw': -82}, (0, 7): {'bw': -72}, (0, 8): {'bw': -70}}, 'path_level': {(8, 7): {}, (4, 7): {}, (4, 8): {}, (0, 7): {}, (0, 8): {}}}","{'node_level': {7: {'cpu': 0}, 8: {'cpu': 0}, 4: {'cpu': 0}, 0: {'cpu': 0}, 1: {'cpu': 10}}, 'link_level': {(8, 7): {'bw': 0}, (4, 7): {'bw': 0}, (4, 8): {'bw': 0}, (0, 7): {'bw': 0}, (0, 8): {'bw': 0}}, 'path_level': {(8, 7): {}, (4, 7): {}, (4, 8): {}, (0, 7): {}, (0, 8): {}}}",[],-37.0,0.0,False,True,False,0,[],0,0.0,9.0,0.0008180141448974609,4.0,5.0
41,1,0,38.0,38.0,4239.644941438745,4239.644941438745,1.0,1.0,2,67,1,981.0,5065,718,4347,0.0,0.0,40,122.24551319076085,981.0,5,7,False,"{4: 16, 2: 24, 0: 15, 3: 23}","{(2, 4): [(24, 8), (8, 16)], (0, 2): [(15, 7), (7, 3), (3, 8), (8, 24)], (0, 4): [(15, 7), (7, 3), (3, 8), (8, 16)], (3, 0): [(23, 7), (7, 15)], (3, 4): [(23, 7), (7, 3), (3, 8), (8, 16)]}","{(4, 16): {'cpu': 20}, (2, 24): {'cpu': 14}, (0, 15): {'cpu': 2}, (3, 23): {'cpu': 4}}","{((2, 4), (24, 8)): {'bw': 37}, ((2, 4), (8, 16)): {'bw': 37}, ((0, 2), (15, 7)): {'bw': 10}, ((0, 2), (7, 3)): {'bw': 10}, ((0, 2), (3, 8)): {'bw': 10}, ((0, 2), (8, 24)): {'bw': 10}, ((0, 4), (15, 7)): {'bw': 43}, ((0, 4), (7, 3)): {'bw': 43}, ((0, 4), (3, 8)): {'bw': 43}, ((0, 4), (8, 16)): {'bw': 43}, ((3, 0), (23, 7)): {'bw': 13}, ((3, 0), (7, 15)): {'bw': 13}, ((3, 4), (23, 7)): {'bw': 7}, ((3, 4), (7, 3)): {'bw': 7}, ((3, 4), (3, 8)): {'bw': 7}, ((3, 4), (8, 16)): {'bw': 7}}",0.0,0.0,98.0,49.0,112.0,0.0,0.0,0.0,0.0,0.0,0.0,0.0,0.0,0.0,Place Failure,63.0,"{'node_level': {'cpu': 9}, 'link_level': {}, 'path_level': {}}","{'node_level': {4: {'cpu': -34}, 2: {'cpu': -40}, 0: {'cpu': -52}, 3: {'cpu': -40}, 1: {'cpu': 9}}, 'link_level': {(2, 4): {'bw': -72}, (0, 2): {'bw': -62}, (0, 4): {'bw': -85}, (3, 0): {'bw': -73}, (3, 4): {'bw': -78}}, 'path_level': {(2, 4): {}, (0, 2): {}, (0, 4): {}, (3, 0): {}, (3, 4): {}}}","{'node_level': {4: {'cpu': 0}, 2: {'cpu': 0}, 0: {'cpu': 0}, 3: {'cpu': 0}, 1: {'cpu': 9}}, 'link_level': {(2, 4): {'bw': 0}, (0, 2): {'bw': 0}, (0, 4): {'bw': 0}, (3, 0): {'bw': 0}, (3, 4): {'bw': 0}}, 'path_level': {(2, 4): {}, (0, 2): {}, (0, 4): {}, (3, 0): {}, (3, 4): {}}}",[],-40.0,0.0,False,True,False,0,[],0,0.0,9.0,0.0007660388946533203,4.0,5.0
41,1,0,38.0,38.0,4239.644941438745,4239.644941438745,1.0,1.0,2,68,0,996.9487796914676,5065,718,4347,0.0,0.0,28,284.9487796914676,712.0,5,5,False,{},{},{},{},0.0,0.0,0.0,0.0,0.0,0.0,0.0,0.0,0.0,0.0,0.0,0.0,0.0,0.0,Leave Event,0.0,"{'node_level': {}, 'link_level': {}, 'path_level': {}}","{'node_level': {}, 'link_level': {}, 'path_level': {}}","{'node_level': {}, 'link_level': {}, 'path_level': {}}",[],-inf,-inf,True,True,False,0,[],0,0.0,,,,
42,1,0,38.0,38.0,4239.644941438745,4239.644941438745,1.0,1.0,2,69,1,1016.0,5065,718,4347,0.0,0.0,41,543.9522161179746,1016.0,4,4,False,"{0: 16, 2: 24, 3: 15, 1: 23}","{(2, 0): [(24, 8), (8, 16)], (3, 0): [(15, 7), (7, 3), (3, 8), (8, 16)], (3, 2): [(15, 7), (7, 3), (3, 8), (8, 24)], (1, 0): [(23, 7), (7, 3), (3, 8), (8, 16)]}","{(0, 16): {'cpu': 17}, (2, 24): {'cpu': 15}, (3, 15): {'cpu': 2}, (1, 23): {'cpu': 3}}","{((2, 0), (24, 8)): {'bw': 18}, ((2, 0), (8, 16)): {'bw': 18}, ((3, 0), (15, 7)): {'bw': 50}, ((3, 0), (7, 3)): {'bw': 50}, ((3, 0), (3, 8)): {'bw': 50}, ((3, 0), (8, 16)): {'bw': 50}, ((3, 2), (15, 7)): {'bw': 42}, ((3, 2), (7, 3)): {'bw': 42}, ((3, 2), (3, 8)): {'bw': 42}, ((3, 2), (8, 24)): {'bw': 42}, ((1, 0), (23, 7)): {'bw': 16}, ((1, 0), (7, 3)): {'bw': 16}, ((1, 0), (3, 8)): {'bw': 16}, ((1, 0), (8, 16)): {'bw': 16}}",0.0,0.0,74.0,37.0,126.0,0.0,0.0,0.0,0.0,0.0,0.0,0.0,0.0,0.0,Place Failure,38.0,"{'node_level': {'cpu': -41}, 'link_level': {'bw': -74}, 'path_level': {}}","{'node_level': {0: {'cpu': -37}, 2: {'cpu': -39}, 3: {'cpu': -52}, 1: {'cpu': -41}}, 'link_level': {(2, 0): {'bw': -91}, (3, 0): {'bw': -89}, (3, 2): {'bw': -47}, (1, 0): {'bw': -74}}, 'path_level': {(2, 0): {}, (3, 0): {}, (3, 2): {}, (1, 0): {}}}","{'node_level': {0: {'cpu': 0}, 2: {'cpu': 0}, 3: {'cpu': 0}, 1: {'cpu': 0}}, 'link_level': {(2, 0): {'bw': 0}, (3, 0): {'bw': 0}, (3, 2): {'bw': 0}, (1, 0): {'bw': 0}}, 'path_level': {(2, 0): {}, (3, 0): {}, (3, 2): {}, (1, 0): {}}}",[],-41.0,0.0,False,True,False,0,[],0,0.0,6.0,0.0007750988006591797,4.0,4.0
42,1,0,38.0,38.0,4239.644941438745,4239.644941438745,1.0,1.0,2,70,0,1018.2081468063093,5065,718,4347,0.0,0.0,31,237.20814680630926,781.0,5,5,False,{},{},{},{},0.0,0.0,0.0,0.0,0.0,0.0,0.0,0.0,0.0,0.0,0.0,0.0,0.0,0.0,Leave Event,0.0,"{'node_level': {}, 'link_level': {}, 'path_level': {}}","{'node_level': {}, 'link_level': {}, 'path_level': {}}","{'node_level': {}, 'link_level': {}, 'path_level': {}}",[],-inf,-inf,True,True,False,0,[],0,0.0,,,,
43,1,0,38.0,38.0,4239.644941438745,4239.644941438745,1.0,1.0,2,71,1,1045.0,5065,718,4347,0.0,0.0,42,152.80245002078274,1045.0,9,22,False,"{7: 16, 8: 24, 3: 15, 4: 23}","{(8, 7): [(24, 8), (8, 16)], (3, 7): [(15, 7), (7, 3), (3, 8), (8, 16)], (3, 8): [(15, 7), (7, 3), (3, 8), (8, 24)], (4, 3): [(23, 7), (7, 15)], (4, 7): [(23, 7), (7, 3), (3, 8), (8, 16)], (4, 8): [(23, 7), (7, 3), (3, 8), (8, 24)]}","{(7, 16): {'cpu': 11}, (8, 24): {'cpu': 19}, (3, 15): {'cpu': 7}, (4, 23): {'cpu': 10}}","{((8, 7), (24, 8)): {'bw': 8}, ((8, 7), (8, 16)): {'bw': 8}, ((3, 7), (15, 7)): {'bw': 43}, ((3, 7), (7, 3)): {'bw': 43}, ((3, 7), (3, 8)): {'bw': 43}, ((3, 7), (8, 16)): {'bw': 43}, ((3, 8), (15, 7)): {'bw': 35}, ((3, 8), (7, 3)): {'bw': 35}, ((3, 8), (3, 8)): {'bw': 35}, ((3, 8), (8, 24)): {'bw': 35}, ((4, 3), (23, 7)): {'bw': 33}, ((4, 3), (7, 15)): {'bw': 33}, ((4, 7), (23, 7)): {'bw': 41}, ((4, 7), (7, 3)): {'bw': 41}, ((4, 7), (3, 8)): {'bw': 41}, ((4, 7), (8, 16)): {'bw': 41}, ((4, 8), (23, 7)): {'bw': 23}, ((4, 8), (7, 3)): {'bw': 23}, ((4, 8), (3, 8)): {'bw': 23}, ((4, 8), (8, 24)): {'bw': 23}}",0.0,0.0,208.0,104.0,604.0,0.0,0.0,0.0,0.0,0.0,0.0,0.0,0.0,0.0,Place Failure,117.0,"{'node_level': {'cpu': 17}, 'link_level': {}, 'path_level': {}}","{'node_level': {7: {'cpu': -43}, 8: {'cpu': -35}, 3: {'cpu': -47}, 4: {'cpu': -34}, 2: {'cpu': 17}}, 'link_level': {(8, 7): {'bw': -101}, (3, 7): {'bw': -96}, (3, 8): {'bw': -61}, (4, 3): {'bw': -28}, (4, 7): {'bw': -58}, (4, 8): {'bw': -35}}, 'path_level': {(8, 7): {}, (3, 7): {}, (3, 8): {}, (4, 3): {}, (4, 7): {}, (4, 8): {}}}","{'node_level': {7: {'cpu': 0}, 8: {'cpu': 0}, 3: {'cpu': 0}, 4: {'cpu': 0}, 2: {'cpu': 17}}, 'link_level': {(8, 7): {'bw': 0}, (3, 7): {'bw': 0}, (3, 8): {'bw': 0}, (4, 3): {'bw': 0}, (4, 7): {'bw': 0}, (4, 8): {'bw': 0}}, 'path_level': {(8, 7): {}, (3, 7): {}, (3, 8): {}, (4, 3): {}, (4, 7): {}, (4, 8): {}}}",[],-28.0,0.0,False,True,False,0,[],0,0.0,9.0,0.0008299350738525391,4.0,6.0
44,1,0,38.0,38.0,4239.644941438745,4239.644941438745,1.0,1.0,2,72,1,1069.0,5065,718,4347,0.0,0.0,43,10.433606610891385,1069.0,4,4,False,"{1: 16, 2: 24, 3: 15, 0: 23}","{(2, 1): [(24, 8), (8, 16)], (3, 1): [(15, 7), (7, 3), (3, 8), (8, 16)], (0, 2): [(23, 7), (7, 3), (3, 8), (8, 24)], (0, 3): [(23, 7), (7, 15)]}","{(1, 16): {'cpu': 13}, (2, 24): {'cpu': 15}, (3, 15): {'cpu': 15}, (0, 23): {'cpu': 9}}","{((2, 1), (24, 8)): {'bw': 30}, ((2, 1), (8, 16)): {'bw': 30}, ((3, 1), (15, 7)): {'bw': 37}, ((3, 1), (7, 3)): {'bw': 37}, ((3, 1), (3, 8)): {'bw': 37}, ((3, 1), (8, 16)): {'bw': 37}, ((0, 2), (23, 7)): {'bw': 36}, ((0, 2), (7, 3)): {'bw': 36}, ((0, 2), (3, 8)): {'bw': 36}, ((0, 2), (8, 24)): {'bw': 36}, ((0, 3), (23, 7)): {'bw': 1}, ((0, 3), (7, 15)): {'bw': 1}}",0.0,0.0,104.0,52.0,104.0,0.0,0.0,0.0,0.0,0.0,0.0,0.0,0.0,0.0,Place Failure,90.0,"{'node_level': {'cpu': -35}, 'link_level': {'bw': -43}, 'path_level': {}}","{'node_level': {1: {'cpu': -41}, 2: {'cpu': -39}, 3: {'cpu': -39}, 0: {'cpu': -35}}, 'link_level': {(2, 1): {'bw': -79}, (3, 1): {'bw': -98}, (0, 2): {'bw': -43}, (0, 3): {'bw': -95}}, 'path_level': {(2, 1): {}, (3, 1): {}, (0, 2): {}, (0, 3): {}}}","{'node_level': {1: {'cpu': 0}, 2: {'cpu': 0}, 3: {'cpu': 0}, 0: {'cpu': 0}}, 'link_level': {(2, 1): {'bw': 0}, (3, 1): {'bw': 0}, (0, 2): {'bw': 0}, (0, 3): {'bw': 0}}, 'path_level': {(2, 1): {}, (3, 1): {}, (0, 2): {}, (0, 3): {}}}",[],-35.0,0.0,False,True,False,0,[],0,0.0,6.0,0.0007181167602539062,4.0,4.0
44,1,0,38.0,38.0,4239.644941438745,4239.644941438745,1.0,1.0,2,73,0,1079.4336066108913,5065,718,4347,0.0,0.0,43,10.433606610891385,1069.0,4,4,False,{},{},{},{},0.0,0.0,0.0,0.0,0.0,0.0,0.0,0.0,0.0,0.0,0.0,0.0,0.0,0.0,Leave Event,0.0,"{'node_level': {}, 'link_level': {}, 'path_level': {}}","{'node_level': {}, 'link_level': {}, 'path_level': {}}","{'node_level': {}, 'link_level': {}, 'path_level': {}}",[],-inf,-inf,True,True,False,0,[],0,0.0,,,,
45,2,1,67.0,67.0,24835.205162147762,24835.205162147762,1.0,1.0,2,74,1,1091.0,5036,708,4328,0.013927576601671321,0.004370830457786967,44,710.1917317485868,1091.0,2,1,True,"{0: 16, 1: 8}","{(1, 0): [(8, 16)]}","{(0, 16): {'cpu': 10}, (1, 8): {'cpu': 0}}","{((1, 0), (8, 16)): {'bw': 19}}",29.0,29.0,20.0,10.0,19.0,10.0,19.0,10.0,19.0,0.0,1.0,20595.560220709016,20595.560220709016,710.1917317485868,Success,0.0,"{'node_level': {'cpu': 0}, 'link_level': {'bw': -146}, 'path_level': {}}","{'node_level': {0: {'cpu': -44}, 1: {'cpu': 0}}, 'link_level': {(1, 0): {'bw': -146}}, 'path_level': {(1, 0): {}}}","{'node_level': {0: {'cpu': 0}, 1: {'cpu': 0}}, 'link_level': {(1, 0): {'bw': 0}}, 'path_level': {(1, 0): {}}}",[],0.0,0.0,True,True,False,0,[],0,0.0,0.0,0.0004780292510986328,2.0,1.0
45,2,1,67.0,67.0,24835.205162147762,24835.205162147762,1.0,1.0,2,75,0,1103.245513190761,5036,708,4328,0.013927576601671321,0.004370830457786967,40,122.24551319076085,981.0,5,7,False,{},{},{},{},0.0,0.0,0.0,0.0,0.0,0.0,0.0,0.0,0.0,0.0,0.0,0.0,0.0,0.0,Leave Event,0.0,"{'node_level': {}, 'link_level': {}, 'path_level': {}}","{'node_level': {}, 'link_level': {}, 'path_level': {}}","{'node_level': {}, 'link_level': {}, 'path_level': {}}",[],-inf,-inf,True,True,False,0,[],0,0.0,,,,
46,2,1,67.0,67.0,24835.205162147762,24835.205162147762,1.0,1.0,2,76,1,1115.0,5036,708,4328,0.013927576601671321,0.004370830457786967,45,192.8438514639032,1115.0,2,1,False,"{0: 15, 1: 23}","{(1, 0): [(23, 7), (7, 15)]}","{(0, 15): {'cpu': 6}, (1, 23): {'cpu': 3}}","{((1, 0), (23, 7)): {'bw': 31}, ((1, 0), (7, 15)): {'bw': 31}}",0.0,0.0,18.0,9.0,31.0,0.0,0.0,0.0,0.0,0.0,0.0,0.0,0.0,0.0,Place Failure,6.0,"{'node_level': {'cpu': -41}, 'link_level': {'bw': -101}, 'path_level': {}}","{'node_level': {0: {'cpu': -48}, 1: {'cpu': -41}}, 'link_level': {(1, 0): {'bw': -101}}, 'path_level': {(1, 0): {}}}","{'node_level': {0: {'cpu': 0}, 1: {'cpu': 0}}, 'link_level': {(1, 0): {'bw': 0}}, 'path_level': {(1, 0): {}}}",[],-41.0,0.0,False,True,False,0,[],0,0.0,2.0,0.0005700588226318359,2.0,1.0
46,2,1,67.0,67.0,24835.205162147762,24835.205162147762,1.0,1.0,2,77,0,1124.8926916611094,5036,708,4328,0.013927576601671321,0.004370830457786967,17,654.8926916611093,470.0,10,18,False,{},{},{},{},0.0,0.0,0.0,0.0,0.0,0.0,0.0,0.0,0.0,0.0,0.0,0.0,0.0,0.0,Leave Event,0.0,"{'node_level': {}, 'link_level': {}, 'path_level': {}}","{'node_level': {}, 'link_level': {}, 'path_level': {}}","{'node_level': {}, 'link_level': {}, 'path_level': {}}",[],-inf,-inf,True,True,False,0,[],0,0.0,,,,
47,2,1,67.0,67.0,24835.205162147762,24835.205162147762,1.0,1.0,2,78,1,1141.0,5036,708,4328,0.013927576601671321,0.004370830457786967,46,241.81919613626596,1141.0,6,7,False,"{3: 15, 0: 23, 5: 16, 2: 24}","{(0, 3): [(23, 7), (7, 15)], (5, 3): [(16, 8), (8, 3), (3, 7), (7, 15)], (2, 3): [(24, 8), (8, 3), (3, 7), (7, 15)]}","{(3, 15): {'cpu': 9}, (0, 23): {'cpu': 16}, (5, 16): {'cpu': 11}, (2, 24): {'cpu': 6}}","{((0, 3), (23, 7)): {'bw': 17}, ((0, 3), (7, 15)): {'bw': 17}, ((5, 3), (16, 8)): {'bw': 28}, ((5, 3), (8, 3)): {'bw': 28}, ((5, 3), (3, 7)): {'bw': 28}, ((5, 3), (7, 15)): {'bw': 28}, ((2, 3), (24, 8)): {'bw': 27}, ((2, 3), (8, 3)): {'bw': 27}, ((2, 3), (3, 7)): {'bw': 27}, ((2, 3), (7, 15)): {'bw': 27}}",0.0,0.0,100.0,50.0,152.0,0.0,0.0,0.0,0.0,0.0,0.0,0.0,0.0,0.0,Place Failure,91.0,"{'node_level': {'cpu': 5}, 'link_level': {}, 'path_level': {}}","{'node_level': {3: {'cpu': -45}, 0: {'cpu': -28}, 5: {'cpu': -33}, 2: {'cpu': -48}, 4: {'cpu': 5}}, 'link_level': {(0, 3): {'bw': -115}, (5, 3): {'bw': -94}, (2, 3): {'bw': -67}}, 'path_level': {(0, 3): {}, (5, 3): {}, (2, 3): {}}}","{'node_level': {3: {'cpu': 0}, 0: {'cpu': 0}, 5: {'cpu': 0}, 2: {'cpu': 0}, 4: {'cpu': 5}}, 'link_level': {(0, 3): {'bw': 0}, (5, 3): {'bw': 0}, (2, 3): {'bw': 0}}, 'path_level': {(0, 3): {}, (5, 3): {}, (2, 3): {}}}",[],-48.0,0.0,False,True,False,0,[],0,0.0,9.0,0.0007269382476806641,4.0,3.0
48,2,1,67.0,67.0,24835.205162147762,24835.205162147762,1.0,1.0,2,79,1,1167.0,5036,708,4328,0.013927576601671321,0.004370830457786967,47,443.75095954484885,1167.0,7,13,False,"{1: 15, 6: 23, 3: 16}","{(6, 1): [(23, 7), (7, 15)], (3, 1): [(16, 8), (8, 3), (3, 7), (7, 15)], (3, 6): [(16, 8), (8, 3), (3, 7), (7, 23)]}","{(1, 15): {'cpu': 16}, (6, 23): {'cpu': 20}, (3, 16): {'cpu': 6}}","{((6, 1), (23, 7)): {'bw': 4}, ((6, 1), (7, 15)): {'bw': 4}, ((3, 1), (16, 8)): {'bw': 1}, ((3, 1), (8, 3)): {'bw': 1}, ((3, 1), (3, 7)): {'bw': 1}, ((3, 1), (7, 15)): {'bw': 1}, ((3, 6), (16, 8)): {'bw': 17}, ((3, 6), (8, 3)): {'bw': 17}, ((3, 6), (3, 7)): {'bw': 17}, ((3, 6), (7, 23)): {'bw': 17}}",0.0,0.0,152.0,76.0,324.0,0.0,0.0,0.0,0.0,0.0,0.0,0.0,0.0,0.0,Place Failure,173.0,"{'node_level': {'cpu': 3}, 'link_level': {}, 'path_level': {}}","{'node_level': {1: {'cpu': -38}, 6: {'cpu': -24}, 3: {'cpu': -38}, 2: {'cpu': 3}}, 'link_level': {(6, 1): {'bw': -128}, (3, 1): {'bw': -134}, (3, 6): {'bw': -111}, (2, 1): {'bw': -77}, (2, 3): {'bw': -32}, (2, 6): {'bw': 100.0}}, 'path_level': {(6, 1): {}, (3, 1): {}, (3, 6): {}, (2, 1): {}, (2, 3): {}, (2, 6): {}}}","{'node_level': {1: {'cpu': 0}, 6: {'cpu': 0}, 3: {'cpu': 0}, 2: {'cpu': 3}}, 'link_level': {(6, 1): {'bw': 0}, (3, 1): {'bw': 0}, (3, 6): {'bw': 0}, (2, 1): {'bw': 0}, (2, 3): {'bw': 0}, (2, 6): {'bw': 100.0}}, 'path_level': {(6, 1): {}, (3, 1): {}, (3, 6): {}, (2, 1): {}, (2, 3): {}, (2, 6): {}}}",[],100.0,100.0,False,False,False,0,[],0,0.0,10.0,0.0007700920104980469,3.0,3.0
48,2,1,67.0,67.0,24835.205162147762,24835.205162147762,1.0,1.0,2,80,0,1192.2906137847028,5036,708,4328,0.013927576601671321,0.004370830457786967,36,302.2906137847028,890.0,3,3,False,{},{},{},{},0.0,0.0,0.0,0.0,0.0,0.0,0.0,0.0,0.0,0.0,0.0,0.0,0.0,0.0,Leave Event,0.0,"{'node_level': {}, 'link_level': {}, 'path_level': {}}","{'node_level': {}, 'link_level': {}, 'path_level': {}}","{'node_level': {}, 'link_level': {}, 'path_level': {}}",[],-inf,-inf,True,True,False,0,[],0,0.0,,,,
49,2,1,67.0,67.0,24835.205162147762,24835.205162147762,1.0,1.0,2,81,1,1193.0,5036,708,4328,0.013927576601671321,0.004370830457786967,48,889.071661272128,1193.0,7,9,False,"{1: 15, 4: 23, 6: 16, 2: 24}","{(4, 1): [(23, 7), (7, 15)], (6, 1): [(16, 8), (8, 3), (3, 7), (7, 15)], (2, 1): [(24, 8), (8, 3), (3, 7), (7, 15)], (2, 6): [(24, 8), (8, 16)]}","{(1, 15): {'cpu': 8}, (4, 23): {'cpu': 18}, (6, 16): {'cpu': 11}, (2, 24): {'cpu': 5}}","{((4, 1), (23, 7)): {'bw': 21}, ((4, 1), (7, 15)): {'bw': 21}, ((6, 1), (16, 8)): {'bw': 7}, ((6, 1), (8, 3)): {'bw': 7}, ((6, 1), (3, 7)): {'bw': 7}, ((6, 1), (7, 15)): {'bw': 7}, ((2, 1), (24, 8)): {'bw': 30}, ((2, 1), (8, 3)): {'bw': 30}, ((2, 1), (3, 7)): {'bw': 30}, ((2, 1), (7, 15)): {'bw': 30}, ((2, 6), (24, 8)): {'bw': 25}, ((2, 6), (8, 16)): {'bw': 25}}",0.0,0.0,146.0,73.0,225.0,0.0,0.0,0.0,0.0,0.0,0.0,0.0,0.0,0.0,Place Failure,83.0,"{'node_level': {'cpu': 1}, 'link_level': {}, 'path_level': {}}","{'node_level': {1: {'cpu': -46}, 4: {'cpu': -26}, 6: {'cpu': -33}, 2: {'cpu': -49}, 3: {'cpu': 1}}, 'link_level': {(4, 1): {'bw': -111}, (6, 1): {'bw': -111}, (2, 1): {'bw': -79}, (2, 6): {'bw': -54}}, 'path_level': {(4, 1): {}, (6, 1): {}, (2, 1): {}, (2, 6): {}}}","{'node_level': {1: {'cpu': 0}, 4: {'cpu': 0}, 6: {'cpu': 0}, 2: {'cpu': 0}, 3: {'cpu': 1}}, 'link_level': {(4, 1): {'bw': 0}, (6, 1): {'bw': 0}, (2, 1): {'bw': 0}, (2, 6): {'bw': 0}}, 'path_level': {(4, 1): {}, (6, 1): {}, (2, 1): {}, (2, 6): {}}}",[],-49.0,0.0,False,True,False,0,[],0,0.0,9.0,0.000720977783203125,4.0,4.0
49,2,1,67.0,67.0,24835.205162147762,24835.205162147762,1.0,1.0,2,82,0,1197.8024500207828,5036,708,4328,0.013927576601671321,0.004370830457786967,42,152.80245002078274,1045.0,9,22,False,{},{},{},{},0.0,0.0,0.0,0.0,0.0,0.0,0.0,0.0,0.0,0.0,0.0,0.0,0.0,0.0,Leave Event,0.0,"{'node_level': {}, 'link_level': {}, 'path_level': {}}","{'node_level': {}, 'link_level': {}, 'path_level': {}}","{'node_level': {}, 'link_level': {}, 'path_level': {}}",[],-inf,-inf,True,True,False,0,[],0,0.0,,,,
50,2,1,67.0,67.0,24835.205162147762,24835.205162147762,1.0,1.0,2,83,1,1217.0,5036,708,4328,0.013927576601671321,0.004370830457786967,49,495.75213923238255,1217.0,8,11,False,"{3: 15, 5: 23, 0: 16, 1: 24}","{(5, 3): [(23, 7), (7, 15)], (0, 3): [(16, 8), (8, 3), (3, 7), (7, 15)], (1, 0): [(24, 8), (8, 16)], (1, 3): [(24, 8), (8, 3), (3, 7), (7, 15)]}","{(3, 15): {'cpu': 20}, (5, 23): {'cpu': 17}, (0, 16): {'cpu': 13}, (1, 24): {'cpu': 10}}","{((5, 3), (23, 7)): {'bw': 34}, ((5, 3), (7, 15)): {'bw': 34}, ((0, 3), (16, 8)): {'bw': 44}, ((0, 3), (8, 3)): {'bw': 44}, ((0, 3), (3, 7)): {'bw': 44}, ((0, 3), (7, 15)): {'bw': 44}, ((1, 0), (24, 8)): {'bw': 33}, ((1, 0), (8, 16)): {'bw': 33}, ((1, 3), (24, 8)): {'bw': 25}, ((1, 3), (8, 3)): {'bw': 25}, ((1, 3), (3, 7)): {'bw': 25}, ((1, 3), (7, 15)): {'bw': 25}}",0.0,0.0,214.0,107.0,340.0,0.0,0.0,0.0,0.0,0.0,0.0,0.0,0.0,0.0,Place Failure,95.0,"{'node_level': {'cpu': 3}, 'link_level': {}, 'path_level': {}}","{'node_level': {3: {'cpu': -34}, 5: {'cpu': -27}, 0: {'cpu': -31}, 1: {'cpu': -44}, 2: {'cpu': 3}}, 'link_level': {(5, 3): {'bw': -98}, (0, 3): {'bw': -61}, (1, 0): {'bw': -69}, (1, 3): {'bw': -36}}, 'path_level': {(5, 3): {}, (0, 3): {}, (1, 0): {}, (1, 3): {}}}","{'node_level': {3: {'cpu': 0}, 5: {'cpu': 0}, 0: {'cpu': 0}, 1: {'cpu': 0}, 2: {'cpu': 3}}, 'link_level': {(5, 3): {'bw': 0}, (0, 3): {'bw': 0}, (1, 0): {'bw': 0}, (1, 3): {'bw': 0}}, 'path_level': {(5, 3): {}, (0, 3): {}, (1, 0): {}, (1, 3): {}}}",[],-36.0,0.0,False,True,False,0,[],0,0.0,9.0,0.0007417201995849609,4.0,4.0
51,2,1,67.0,67.0,24835.205162147762,24835.205162147762,1.0,1.0,2,84,1,1238.0,5036,708,4328,0.013927576601671321,0.004370830457786967,50,1030.4106121944408,1238.0,10,16,False,"{9: 15, 7: 23, 8: 16, 0: 24}","{(7, 9): [(23, 7), (7, 15)], (8, 9): [(16, 8), (8, 3), (3, 7), (7, 15)], (0, 7): [(24, 8), (8, 3), (3, 7), (7, 23)], (0, 9): [(24, 8), (8, 3), (3, 7), (7, 15)]}","{(9, 15): {'cpu': 10}, (7, 23): {'cpu': 18}, (8, 16): {'cpu': 20}, (0, 24): {'cpu': 1}}","{((7, 9), (23, 7)): {'bw': 46}, ((7, 9), (7, 15)): {'bw': 46}, ((8, 9), (16, 8)): {'bw': 3}, ((8, 9), (8, 3)): {'bw': 3}, ((8, 9), (3, 7)): {'bw': 3}, ((8, 9), (7, 15)): {'bw': 3}, ((0, 7), (24, 8)): {'bw': 47}, ((0, 7), (8, 3)): {'bw': 47}, ((0, 7), (3, 7)): {'bw': 47}, ((0, 7), (7, 23)): {'bw': 47}, ((0, 9), (24, 8)): {'bw': 28}, ((0, 9), (8, 3)): {'bw': 28}, ((0, 9), (3, 7)): {'bw': 28}, ((0, 9), (7, 15)): {'bw': 28}}",0.0,0.0,142.0,71.0,344.0,0.0,0.0,0.0,0.0,0.0,0.0,0.0,0.0,0.0,Place Failure,143.0,"{'node_level': {'cpu': 9}, 'link_level': {}, 'path_level': {}}","{'node_level': {9: {'cpu': -44}, 7: {'cpu': -26}, 8: {'cpu': -24}, 0: {'cpu': -53}, 3: {'cpu': 9}}, 'link_level': {(7, 9): {'bw': -86}, (8, 9): {'bw': -90}, (0, 7): {'bw': -39}, (0, 9): {'bw': -34}}, 'path_level': {(7, 9): {}, (8, 9): {}, (0, 7): {}, (0, 9): {}}}","{'node_level': {9: {'cpu': 0}, 7: {'cpu': 0}, 8: {'cpu': 0}, 0: {'cpu': 0}, 3: {'cpu': 9}}, 'link_level': {(7, 9): {'bw': 0}, (8, 9): {'bw': 0}, (0, 7): {'bw': 0}, (0, 9): {'bw': 0}}, 'path_level': {(7, 9): {}, (8, 9): {}, (0, 7): {}, (0, 9): {}}}",[],-34.0,0.0,False,True,False,0,[],0,0.0,9.0,0.0008289813995361328,4.0,4.0
51,2,1,67.0,67.0,24835.205162147762,24835.205162147762,1.0,1.0,2,85,0,1260.6737136970637,5036,708,4328,0.013927576601671321,0.004370830457786967,23,672.6737136970636,588.0,2,1,False,{},{},{},{},0.0,0.0,0.0,0.0,0.0,0.0,0.0,0.0,0.0,0.0,0.0,0.0,0.0,0.0,Leave Event,0.0,"{'node_level': {}, 'link_level': {}, 'path_level': {}}","{'node_level': {}, 'link_level': {}, 'path_level': {}}","{'node_level': {}, 'link_level': {}, 'path_level': {}}",[],-inf,-inf,True,True,False,0,[],0,0.0,,,,
52,2,1,67.0,67.0,24835.205162147762,24835.205162147762,1.0,1.0,2,86,1,1261.0,5036,708,4328,0.013927576601671321,0.004370830457786967,51,159.78732849638575,1261.0,6,9,False,"{4: 15, 3: 23, 2: 16, 5: 24}","{(3, 4): [(23, 7), (7, 15)], (2, 3): [(16, 8), (8, 3), (3, 7), (7, 23)], (2, 4): [(16, 8), (8, 3), (3, 7), (7, 15)], (5, 4): [(24, 8), (8, 3), (3, 7), (7, 15)]}","{(4, 15): {'cpu': 11}, (3, 23): {'cpu': 11}, (2, 16): {'cpu': 16}, (5, 24): {'cpu': 12}}","{((3, 4), (23, 7)): {'bw': 41}, ((3, 4), (7, 15)): {'bw': 41}, ((2, 3), (16, 8)): {'bw': 14}, ((2, 3), (8, 3)): {'bw': 14}, ((2, 3), (3, 7)): {'bw': 14}, ((2, 3), (7, 23)): {'bw': 14}, ((2, 4), (16, 8)): {'bw': 17}, ((2, 4), (8, 3)): {'bw': 17}, ((2, 4), (3, 7)): {'bw': 17}, ((2, 4), (7, 15)): {'bw': 17}, ((5, 4), (24, 8)): {'bw': 46}, ((5, 4), (8, 3)): {'bw': 46}, ((5, 4), (3, 7)): {'bw': 46}, ((5, 4), (7, 15)): {'bw': 46}}",0.0,0.0,124.0,62.0,161.0,0.0,0.0,0.0,0.0,0.0,0.0,0.0,0.0,0.0,Place Failure,107.0,"{'node_level': {'cpu': 7}, 'link_level': {}, 'path_level': {}}","{'node_level': {4: {'cpu': -43}, 3: {'cpu': -33}, 2: {'cpu': -28}, 5: {'cpu': -42}, 1: {'cpu': 7}}, 'link_level': {(3, 4): {'bw': -91}, (2, 3): {'bw': -77}, (2, 4): {'bw': -81}, (5, 4): {'bw': -35}}, 'path_level': {(3, 4): {}, (2, 3): {}, (2, 4): {}, (5, 4): {}}}","{'node_level': {4: {'cpu': 0}, 3: {'cpu': 0}, 2: {'cpu': 0}, 5: {'cpu': 0}, 1: {'cpu': 7}}, 'link_level': {(3, 4): {'bw': 0}, (2, 3): {'bw': 0}, (2, 4): {'bw': 0}, (5, 4): {'bw': 0}}, 'path_level': {(3, 4): {}, (2, 3): {}, (2, 4): {}, (5, 4): {}}}",[],-35.0,0.0,False,True,False,0,[],0,0.0,9.0,0.0011529922485351562,4.0,4.0
53,2,1,67.0,67.0,24835.205162147762,24835.205162147762,1.0,1.0,2,87,1,1286.0,5036,708,4328,0.013927576601671321,0.004370830457786967,52,799.859729757419,1286.0,3,2,False,"{0: 15, 2: 23, 1: 16}","{(2, 0): [(23, 7), (7, 15)], (1, 0): [(16, 8), (8, 3), (3, 7), (7, 15)]}","{(0, 15): {'cpu': 12}, (2, 23): {'cpu': 3}, (1, 16): {'cpu': 2}}","{((2, 0), (23, 7)): {'bw': 29}, ((2, 0), (7, 15)): {'bw': 29}, ((1, 0), (16, 8)): {'bw': 0}, ((1, 0), (8, 3)): {'bw': 0}, ((1, 0), (3, 7)): {'bw': 0}, ((1, 0), (7, 15)): {'bw': 0}}",0.0,0.0,34.0,17.0,29.0,0.0,0.0,0.0,0.0,0.0,0.0,0.0,0.0,0.0,Place Failure,14.0,"{'node_level': {'cpu': -42}, 'link_level': {'bw': -110}, 'path_level': {}}","{'node_level': {0: {'cpu': -42}, 2: {'cpu': -41}, 1: {'cpu': -42}}, 'link_level': {(2, 0): {'bw': -103}, (1, 0): {'bw': -110}}, 'path_level': {(2, 0): {}, (1, 0): {}}}","{'node_level': {0: {'cpu': 0}, 2: {'cpu': 0}, 1: {'cpu': 0}}, 'link_level': {(2, 0): {'bw': 0}, (1, 0): {'bw': 0}}, 'path_level': {(2, 0): {}, (1, 0): {}}}",[],-42.0,0.0,False,True,False,0,[],0,0.0,6.0,0.0006380081176757812,3.0,2.0
53,2,1,67.0,67.0,24835.205162147762,24835.205162147762,1.0,1.0,2,88,0,1303.559903167179,5036,708,4328,0.013927576601671321,0.004370830457786967,37,384.5599031671791,919.0,2,1,False,{},{},{},{},0.0,0.0,0.0,0.0,0.0,0.0,0.0,0.0,0.0,0.0,0.0,0.0,0.0,0.0,Leave Event,0.0,"{'node_level': {}, 'link_level': {}, 'path_level': {}}","{'node_level': {}, 'link_level': {}, 'path_level': {}}","{'node_level': {}, 'link_level': {}, 'path_level': {}}",[],-inf,-inf,True,True,False,0,[],0,0.0,,,,
53,2,1,67.0,67.0,24835.205162147762,24835.205162147762,1.0,1.0,2,89,0,1307.8438514639033,5036,708,4328,0.013927576601671321,0.004370830457786967,45,192.8438514639032,1115.0,2,1,False,{},{},{},{},0.0,0.0,0.0,0.0,0.0,0.0,0.0,0.0,0.0,0.0,0.0,0.0,0.0,0.0,Leave Event,0.0,"{'node_level': {}, 'link_level': {}, 'path_level': {}}","{'node_level': {}, 'link_level': {}, 'path_level': {}}","{'node_level': {}, 'link_level': {}, 'path_level': {}}",[],-inf,-inf,True,True,False,0,[],0,0.0,,,,
54,2,1,67.0,67.0,24835.205162147762,24835.205162147762,1.0,1.0,2,90,1,1309.0,5036,708,4328,0.013927576601671321,0.004370830457786967,53,102.67388504774864,1309.0,6,7,False,"{0: 15, 5: 23, 1: 16, 3: 24}","{(5, 0): [(23, 7), (7, 15)], (1, 0): [(16, 8), (8, 3), (3, 7), (7, 15)], (3, 0): [(24, 8), (8, 3), (3, 7), (7, 15)]}","{(0, 15): {'cpu': 12}, (5, 23): {'cpu': 17}, (1, 16): {'cpu': 12}, (3, 24): {'cpu': 19}}","{((5, 0), (23, 7)): {'bw': 50}, ((5, 0), (7, 15)): {'bw': 50}, ((1, 0), (16, 8)): {'bw': 29}, ((1, 0), (8, 3)): {'bw': 29}, ((1, 0), (3, 7)): {'bw': 29}, ((1, 0), (7, 15)): {'bw': 29}, ((3, 0), (24, 8)): {'bw': 27}, ((3, 0), (8, 3)): {'bw': 27}, ((3, 0), (3, 7)): {'bw': 27}, ((3, 0), (7, 15)): {'bw': 27}}",0.0,0.0,144.0,72.0,227.0,0.0,0.0,0.0,0.0,0.0,0.0,0.0,0.0,0.0,Place Failure,382.0,"{'node_level': {'cpu': 0}, 'link_level': {'bw': 100.0}, 'path_level': {}}","{'node_level': {0: {'cpu': -42}, 5: {'cpu': -27}, 1: {'cpu': -32}, 3: {'cpu': -35}, 4: {'cpu': 0}}, 'link_level': {(5, 0): {'bw': -82}, (1, 0): {'bw': -60}, (3, 0): {'bw': -33}, (4, 0): {'bw': 100.0}}, 'path_level': {(5, 0): {}, (1, 0): {}, (3, 0): {}, (4, 0): {}}}","{'node_level': {0: {'cpu': 0}, 5: {'cpu': 0}, 1: {'cpu': 0}, 3: {'cpu': 0}, 4: {'cpu': 0}}, 'link_level': {(5, 0): {'bw': 0}, (1, 0): {'bw': 0}, (3, 0): {'bw': 0}, (4, 0): {'bw': 100.0}}, 'path_level': {(5, 0): {}, (1, 0): {}, (3, 0): {}, (4, 0): {}}}",[],100.0,100.0,False,False,False,0,[],0,0.0,9.0,0.001096963882446289,4.0,3.0
55,2,1,67.0,67.0,24835.205162147762,24835.205162147762,1.0,1.0,2,91,1,1338.0,5036,708,4328,0.013927576601671321,0.004370830457786967,54,1526.5923214708498,1338.0,10,23,False,"{6: 15, 7: 23, 0: 16, 1: 24}","{(7, 6): [(23, 7), (7, 15)], (0, 6): [(16, 8), (8, 3), (3, 7), (7, 15)], (0, 7): [(16, 8), (8, 3), (3, 7), (7, 23)], (1, 0): [(24, 8), (8, 16)], (1, 6): [(24, 8), (8, 3), (3, 7), (7, 15)]}","{(6, 15): {'cpu': 9}, (7, 23): {'cpu': 13}, (0, 16): {'cpu': 5}, (1, 24): {'cpu': 17}}","{((7, 6), (23, 7)): {'bw': 44}, ((7, 6), (7, 15)): {'bw': 44}, ((0, 6), (16, 8)): {'bw': 47}, ((0, 6), (8, 3)): {'bw': 47}, ((0, 6), (3, 7)): {'bw': 47}, ((0, 6), (7, 15)): {'bw': 47}, ((0, 7), (16, 8)): {'bw': 2}, ((0, 7), (8, 3)): {'bw': 2}, ((0, 7), (3, 7)): {'bw': 2}, ((0, 7), (7, 23)): {'bw': 2}, ((1, 0), (24, 8)): {'bw': 22}, ((1, 0), (8, 16)): {'bw': 22}, ((1, 6), (24, 8)): {'bw': 40}, ((1, 6), (8, 3)): {'bw': 40}, ((1, 6), (3, 7)): {'bw': 40}, ((1, 6), (7, 15)): {'bw': 40}}",0.0,0.0,220.0,110.0,534.0,0.0,0.0,0.0,0.0,0.0,0.0,0.0,0.0,0.0,Place Failure,91.0,"{'node_level': {'cpu': 15}, 'link_level': {}, 'path_level': {}}","{'node_level': {6: {'cpu': -45}, 7: {'cpu': -31}, 0: {'cpu': -39}, 1: {'cpu': -37}, 3: {'cpu': 15}}, 'link_level': {(7, 6): {'bw': -88}, (0, 6): {'bw': -48}, (0, 7): {'bw': -86}, (1, 0): {'bw': -75}, (1, 6): {'bw': -8}}, 'path_level': {(7, 6): {}, (0, 6): {}, (0, 7): {}, (1, 0): {}, (1, 6): {}}}","{'node_level': {6: {'cpu': 0}, 7: {'cpu': 0}, 0: {'cpu': 0}, 1: {'cpu': 0}, 3: {'cpu': 15}}, 'link_level': {(7, 6): {'bw': 0}, (0, 6): {'bw': 0}, (0, 7): {'bw': 0}, (1, 0): {'bw': 0}, (1, 6): {'bw': 0}}, 'path_level': {(7, 6): {}, (0, 6): {}, (0, 7): {}, (1, 0): {}, (1, 6): {}}}",[],-8.0,0.0,False,True,False,0,[],0,0.0,9.0,0.0007941722869873047,4.0,5.0
55,2,1,67.0,67.0,24835.205162147762,24835.205162147762,1.0,1.0,2,92,0,1343.9290569052607,5036,708,4328,0.013927576601671321,0.004370830457786967,30,595.9290569052607,748.0,3,3,False,{},{},{},{},0.0,0.0,0.0,0.0,0.0,0.0,0.0,0.0,0.0,0.0,0.0,0.0,0.0,0.0,Leave Event,0.0,"{'node_level': {}, 'link_level': {}, 'path_level': {}}","{'node_level': {}, 'link_level': {}, 'path_level': {}}","{'node_level': {}, 'link_level': {}, 'path_level': {}}",[],-inf,-inf,True,True,False,0,[],0,0.0,,,,
56,2,1,67.0,67.0,24835.205162147762,24835.205162147762,1.0,1.0,2,93,1,1352.0,5036,708,4328,0.013927576601671321,0.004370830457786967,55,581.5566474751904,1352.0,3,2,False,"{1: 15, 2: 23, 0: 16}","{(2, 1): [(23, 7), (7, 15)], (0, 1): [(16, 8), (8, 3), (3, 7), (7, 15)]}","{(1, 15): {'cpu': 4}, (2, 23): {'cpu': 10}, (0, 16): {'cpu': 5}}","{((2, 1), (23, 7)): {'bw': 27}, ((2, 1), (7, 15)): {'bw': 27}, ((0, 1), (16, 8)): {'bw': 29}, ((0, 1), (8, 3)): {'bw': 29}, ((0, 1), (3, 7)): {'bw': 29}, ((0, 1), (7, 15)): {'bw': 29}}",0.0,0.0,38.0,19.0,56.0,0.0,0.0,0.0,0.0,0.0,0.0,0.0,0.0,0.0,Place Failure,40.0,"{'node_level': {'cpu': -39}, 'link_level': {'bw': -83}, 'path_level': {}}","{'node_level': {1: {'cpu': -50}, 2: {'cpu': -34}, 0: {'cpu': -39}}, 'link_level': {(2, 1): {'bw': -105}, (0, 1): {'bw': -83}}, 'path_level': {(2, 1): {}, (0, 1): {}}}","{'node_level': {1: {'cpu': 0}, 2: {'cpu': 0}, 0: {'cpu': 0}}, 'link_level': {(2, 1): {'bw': 0}, (0, 1): {'bw': 0}}, 'path_level': {(2, 1): {}, (0, 1): {}}}",[],-39.0,0.0,False,True,False,0,[],0,0.0,6.0,0.0006327629089355469,3.0,2.0
57,2,1,67.0,67.0,24835.205162147762,24835.205162147762,1.0,1.0,2,94,1,1376.0,5036,708,4328,0.013927576601671321,0.004370830457786967,56,121.359246426273,1376.0,3,2,False,"{1: 15, 2: 23, 0: 16}","{(2, 1): [(23, 7), (7, 15)], (0, 1): [(16, 8), (8, 3), (3, 7), (7, 15)]}","{(1, 15): {'cpu': 11}, (2, 23): {'cpu': 17}, (0, 16): {'cpu': 17}}","{((2, 1), (23, 7)): {'bw': 24}, ((2, 1), (7, 15)): {'bw': 24}, ((0, 1), (16, 8)): {'bw': 8}, ((0, 1), (8, 3)): {'bw': 8}, ((0, 1), (3, 7)): {'bw': 8}, ((0, 1), (7, 15)): {'bw': 8}}",0.0,0.0,90.0,45.0,32.0,0.0,0.0,0.0,0.0,0.0,0.0,0.0,0.0,0.0,Place Failure,102.0,"{'node_level': {'cpu': -27}, 'link_level': {'bw': -107}, 'path_level': {}}","{'node_level': {1: {'cpu': -43}, 2: {'cpu': -27}, 0: {'cpu': -27}}, 'link_level': {(2, 1): {'bw': -108}, (0, 1): {'bw': -107}}, 'path_level': {(2, 1): {}, (0, 1): {}}}","{'node_level': {1: {'cpu': 0}, 2: {'cpu': 0}, 0: {'cpu': 0}}, 'link_level': {(2, 1): {'bw': 0}, (0, 1): {'bw': 0}}, 'path_level': {(2, 1): {}, (0, 1): {}}}",[],-27.0,0.0,False,True,False,0,[],0,0.0,6.0,0.0006489753723144531,3.0,2.0
57,2,1,67.0,67.0,24835.205162147762,24835.205162147762,1.0,1.0,2,95,0,1382.8191961362659,5036,708,4328,0.013927576601671321,0.004370830457786967,46,241.81919613626596,1141.0,6,7,False,{},{},{},{},0.0,0.0,0.0,0.0,0.0,0.0,0.0,0.0,0.0,0.0,0.0,0.0,0.0,0.0,Leave Event,0.0,"{'node_level': {}, 'link_level': {}, 'path_level': {}}","{'node_level': {}, 'link_level': {}, 'path_level': {}}","{'node_level': {}, 'link_level': {}, 'path_level': {}}",[],-inf,-inf,True,True,False,0,[],0,0.0,,,,
58,2,1,67.0,67.0,24835.205162147762,24835.205162147762,1.0,1.0,2,96,1,1399.0,5036,708,4328,0.013927576601671321,0.004370830457786967,57,1472.24009965277,1399.0,9,21,False,"{3: 15, 2: 23, 1: 16, 4: 24}","{(2, 3): [(23, 7), (7, 15)], (1, 2): [(16, 8), (8, 3), (3, 7), (7, 23)], (1, 3): [(16, 8), (8, 3), (3, 7), (7, 15)], (4, 2): [(24, 8), (8, 3), (3, 7), (7, 23)], (4, 3): [(24, 8), (8, 3), (3, 7), (7, 15)]}","{(3, 15): {'cpu': 18}, (2, 23): {'cpu': 11}, (1, 16): {'cpu': 16}, (4, 24): {'cpu': 15}}","{((2, 3), (23, 7)): {'bw': 4}, ((2, 3), (7, 15)): {'bw': 4}, ((1, 2), (16, 8)): {'bw': 15}, ((1, 2), (8, 3)): {'bw': 15}, ((1, 2), (3, 7)): {'bw': 15}, ((1, 2), (7, 23)): {'bw': 15}, ((1, 3), (16, 8)): {'bw': 33}, ((1, 3), (8, 3)): {'bw': 33}, ((1, 3), (3, 7)): {'bw': 33}, ((1, 3), (7, 15)): {'bw': 33}, ((4, 2), (24, 8)): {'bw': 32}, ((4, 2), (8, 3)): {'bw': 32}, ((4, 2), (3, 7)): {'bw': 32}, ((4, 2), (7, 23)): {'bw': 32}, ((4, 3), (24, 8)): {'bw': 45}, ((4, 3), (8, 3)): {'bw': 45}, ((4, 3), (3, 7)): {'bw': 45}, ((4, 3), (7, 15)): {'bw': 45}}",0.0,0.0,160.0,80.0,522.0,0.0,0.0,0.0,0.0,0.0,0.0,0.0,0.0,0.0,Place Failure,107.0,"{'node_level': {'cpu': 7}, 'link_level': {}, 'path_level': {}}","{'node_level': {3: {'cpu': -36}, 2: {'cpu': -33}, 1: {'cpu': -28}, 4: {'cpu': -39}, 7: {'cpu': 7}}, 'link_level': {(2, 3): {'bw': -128}, (1, 2): {'bw': -113}, (1, 3): {'bw': -98}, (4, 2): {'bw': -77}, (4, 3): {'bw': -32}}, 'path_level': {(2, 3): {}, (1, 2): {}, (1, 3): {}, (4, 2): {}, (4, 3): {}}}","{'node_level': {3: {'cpu': 0}, 2: {'cpu': 0}, 1: {'cpu': 0}, 4: {'cpu': 0}, 7: {'cpu': 7}}, 'link_level': {(2, 3): {'bw': 0}, (1, 2): {'bw': 0}, (1, 3): {'bw': 0}, (4, 2): {'bw': 0}, (4, 3): {'bw': 0}}, 'path_level': {(2, 3): {}, (1, 2): {}, (1, 3): {}, (4, 2): {}, (4, 3): {}}}",[],-32.0,0.0,False,True,False,0,[],0,0.0,9.0,0.0008478164672851562,4.0,5.0
58,2,1,67.0,67.0,24835.205162147762,24835.205162147762,1.0,1.0,2,97,0,1411.6738850477486,5036,708,4328,0.013927576601671321,0.004370830457786967,53,102.67388504774864,1309.0,6,7,False,{},{},{},{},0.0,0.0,0.0,0.0,0.0,0.0,0.0,0.0,0.0,0.0,0.0,0.0,0.0,0.0,Leave Event,0.0,"{'node_level': {}, 'link_level': {}, 'path_level': {}}","{'node_level': {}, 'link_level': {}, 'path_level': {}}","{'node_level': {}, 'link_level': {}, 'path_level': {}}",[],-inf,-inf,True,True,False,0,[],0,0.0,,,,
58,2,1,67.0,67.0,24835.205162147762,24835.205162147762,1.0,1.0,2,98,0,1420.7873284963857,5036,708,4328,0.013927576601671321,0.004370830457786967,51,159.78732849638575,1261.0,6,9,False,{},{},{},{},0.0,0.0,0.0,0.0,0.0,0.0,0.0,0.0,0.0,0.0,0.0,0.0,0.0,0.0,Leave Event,0.0,"{'node_level': {}, 'link_level': {}, 'path_level': {}}","{'node_level': {}, 'link_level': {}, 'path_level': {}}","{'node_level': {}, 'link_level': {}, 'path_level': {}}",[],-inf,-inf,True,True,False,0,[],0,0.0,,,,
59,2,1,67.0,67.0,24835.205162147762,24835.205162147762,1.0,1.0,2,99,1,1427.0,5036,708,4328,0.013927576601671321,0.004370830457786967,58,656.2540043418445,1427.0,5,6,False,"{3: 15, 2: 23, 0: 16, 4: 24}","{(2, 3): [(23, 7), (7, 15)], (0, 2): [(16, 8), (8, 3), (3, 7), (7, 23)], (0, 3): [(16, 8), (8, 3), (3, 7), (7, 15)], (4, 0): [(24, 8), (8, 16)]}","{(3, 15): {'cpu': 11}, (2, 23): {'cpu': 6}, (0, 16): {'cpu': 1}, (4, 24): {'cpu': 10}}","{((2, 3), (23, 7)): {'bw': 30}, ((2, 3), (7, 15)): {'bw': 30}, ((0, 2), (16, 8)): {'bw': 32}, ((0, 2), (8, 3)): {'bw': 32}, ((0, 2), (3, 7)): {'bw': 32}, ((0, 2), (7, 23)): {'bw': 32}, ((0, 3), (16, 8)): {'bw': 50}, ((0, 3), (8, 3)): {'bw': 50}, ((0, 3), (3, 7)): {'bw': 50}, ((0, 3), (7, 15)): {'bw': 50}, ((4, 0), (24, 8)): {'bw': 40}, ((4, 0), (8, 16)): {'bw': 40}}",0.0,0.0,84.0,42.0,183.0,0.0,0.0,0.0,0.0,0.0,0.0,0.0,0.0,0.0,Place Failure,58.0,"{'node_level': {'cpu': 14}, 'link_level': {}, 'path_level': {}}","{'node_level': {3: {'cpu': -43}, 2: {'cpu': -38}, 0: {'cpu': -43}, 4: {'cpu': -44}, 1: {'cpu': 14}}, 'link_level': {(2, 3): {'bw': -102}, (0, 2): {'bw': -70}, (0, 3): {'bw': -59}, (4, 0): {'bw': -24}}, 'path_level': {(2, 3): {}, (0, 2): {}, (0, 3): {}, (4, 0): {}}}","{'node_level': {3: {'cpu': 0}, 2: {'cpu': 0}, 0: {'cpu': 0}, 4: {'cpu': 0}, 1: {'cpu': 14}}, 'link_level': {(2, 3): {'bw': 0}, (0, 2): {'bw': 0}, (0, 3): {'bw': 0}, (4, 0): {'bw': 0}}, 'path_level': {(2, 3): {}, (0, 2): {}, (0, 3): {}, (4, 0): {}}}",[],-24.0,0.0,False,True,False,0,[],0,0.0,9.0,0.0007119178771972656,4.0,4.0
59,2,1,67.0,67.0,24835.205162147762,24835.205162147762,1.0,1.0,2,100,0,1435.7692492536398,5036,708,4328,0.013927576601671321,0.004370830457786967,35,568.7692492536397,867.0,2,1,False,{},{},{},{},0.0,0.0,0.0,0.0,0.0,0.0,0.0,0.0,0.0,0.0,0.0,0.0,0.0,0.0,Leave Event,0.0,"{'node_level': {}, 'link_level': {}, 'path_level': {}}","{'node_level': {}, 'link_level': {}, 'path_level': {}}","{'node_level': {}, 'link_level': {}, 'path_level': {}}",[],-inf,-inf,True,True,False,0,[],0,0.0,,,,
60,2,1,67.0,67.0,24835.205162147762,24835.205162147762,1.0,1.0,2,101,1,1455.0,5036,708,4328,0.013927576601671321,0.004370830457786967,59,146.4757273767696,1455.0,8,15,False,"{2: 15, 6: 23, 7: 16, 0: 24}","{(6, 2): [(23, 7), (7, 15)], (7, 2): [(16, 8), (8, 3), (3, 7), (7, 15)], (0, 2): [(24, 8), (8, 3), (3, 7), (7, 15)], (0, 7): [(24, 8), (8, 16)]}","{(2, 15): {'cpu': 20}, (6, 23): {'cpu': 20}, (7, 16): {'cpu': 15}, (0, 24): {'cpu': 11}}","{((6, 2), (23, 7)): {'bw': 17}, ((6, 2), (7, 15)): {'bw': 17}, ((7, 2), (16, 8)): {'bw': 7}, ((7, 2), (8, 3)): {'bw': 7}, ((7, 2), (3, 7)): {'bw': 7}, ((7, 2), (7, 15)): {'bw': 7}, ((0, 2), (24, 8)): {'bw': 40}, ((0, 2), (8, 3)): {'bw': 40}, ((0, 2), (3, 7)): {'bw': 40}, ((0, 2), (7, 15)): {'bw': 40}, ((0, 7), (24, 8)): {'bw': 26}, ((0, 7), (8, 16)): {'bw': 26}}",0.0,0.0,188.0,94.0,422.0,0.0,0.0,0.0,0.0,0.0,0.0,0.0,0.0,0.0,Place Failure,112.0,"{'node_level': {'cpu': 4}, 'link_level': {}, 'path_level': {}}","{'node_level': {2: {'cpu': -34}, 6: {'cpu': -24}, 7: {'cpu': -29}, 0: {'cpu': -43}, 3: {'cpu': 4}}, 'link_level': {(6, 2): {'bw': -115}, (7, 2): {'bw': -115}, (0, 2): {'bw': -69}, (0, 7): {'bw': -43}}, 'path_level': {(6, 2): {}, (7, 2): {}, (0, 2): {}, (0, 7): {}}}","{'node_level': {2: {'cpu': 0}, 6: {'cpu': 0}, 7: {'cpu': 0}, 0: {'cpu': 0}, 3: {'cpu': 4}}, 'link_level': {(6, 2): {'bw': 0}, (7, 2): {'bw': 0}, (0, 2): {'bw': 0}, (0, 7): {'bw': 0}}, 'path_level': {(6, 2): {}, (7, 2): {}, (0, 2): {}, (0, 7): {}}}",[],-43.0,0.0,False,True,False,0,[],0,0.0,9.0,0.0007419586181640625,4.0,4.0
61,2,1,67.0,67.0,24835.205162147762,24835.205162147762,1.0,1.0,2,102,1,1478.0,5036,708,4328,0.013927576601671321,0.004370830457786967,60,119.96176129242878,1478.0,9,20,False,"{7: 15, 5: 23, 0: 16, 8: 24}","{(5, 7): [(23, 7), (7, 15)], (0, 5): [(16, 8), (8, 3), (3, 7), (7, 23)], (0, 7): [(16, 8), (8, 3), (3, 7), (7, 15)], (8, 0): [(24, 8), (8, 16)], (8, 5): [(24, 8), (8, 3), (3, 7), (7, 23)], (8, 7): [(24, 8), (8, 3), (3, 7), (7, 15)]}","{(7, 15): {'cpu': 14}, (5, 23): {'cpu': 5}, (0, 16): {'cpu': 7}, (8, 24): {'cpu': 6}}","{((5, 7), (23, 7)): {'bw': 50}, ((5, 7), (7, 15)): {'bw': 50}, ((0, 5), (16, 8)): {'bw': 8}, ((0, 5), (8, 3)): {'bw': 8}, ((0, 5), (3, 7)): {'bw': 8}, ((0, 5), (7, 23)): {'bw': 8}, ((0, 7), (16, 8)): {'bw': 2}, ((0, 7), (8, 3)): {'bw': 2}, ((0, 7), (3, 7)): {'bw': 2}, ((0, 7), (7, 15)): {'bw': 2}, ((8, 0), (24, 8)): {'bw': 16}, ((8, 0), (8, 16)): {'bw': 16}, ((8, 5), (24, 8)): {'bw': 46}, ((8, 5), (8, 3)): {'bw': 46}, ((8, 5), (3, 7)): {'bw': 46}, ((8, 5), (7, 23)): {'bw': 46}, ((8, 7), (24, 8)): {'bw': 32}, ((8, 7), (8, 3)): {'bw': 32}, ((8, 7), (3, 7)): {'bw': 32}, ((8, 7), (7, 15)): {'bw': 32}}",0.0,0.0,112.0,56.0,398.0,0.0,0.0,0.0,0.0,0.0,0.0,0.0,0.0,0.0,Place Failure,62.0,"{'node_level': {'cpu': 8}, 'link_level': {}, 'path_level': {}}","{'node_level': {7: {'cpu': -40}, 5: {'cpu': -39}, 0: {'cpu': -37}, 8: {'cpu': -48}, 3: {'cpu': 8}}, 'link_level': {(5, 7): {'bw': -82}, (0, 5): {'bw': -74}, (0, 7): {'bw': -87}, (8, 0): {'bw': -93}, (8, 5): {'bw': -28}, (8, 7): {'bw': -15}}, 'path_level': {(5, 7): {}, (0, 5): {}, (0, 7): {}, (8, 0): {}, (8, 5): {}, (8, 7): {}}}","{'node_level': {7: {'cpu': 0}, 5: {'cpu': 0}, 0: {'cpu': 0}, 8: {'cpu': 0}, 3: {'cpu': 8}}, 'link_level': {(5, 7): {'bw': 0}, (0, 5): {'bw': 0}, (0, 7): {'bw': 0}, (8, 0): {'bw': 0}, (8, 5): {'bw': 0}, (8, 7): {'bw': 0}}, 'path_level': {(5, 7): {}, (0, 5): {}, (0, 7): {}, (8, 0): {}, (8, 5): {}, (8, 7): {}}}",[],-15.0,0.0,False,True,False,0,[],0,0.0,9.0,0.0008718967437744141,4.0,6.0
61,2,1,67.0,67.0,24835.205162147762,24835.205162147762,1.0,1.0,2,103,0,1497.109436881733,5036,708,4328,0.013927576601671321,0.004370830457786967,6,1316.109436881733,181.0,7,9,False,{},{},{},{},0.0,0.0,0.0,0.0,0.0,0.0,0.0,0.0,0.0,0.0,0.0,0.0,0.0,0.0,Leave Event,0.0,"{'node_level': {}, 'link_level': {}, 'path_level': {}}","{'node_level': {}, 'link_level': {}, 'path_level': {}}","{'node_level': {}, 'link_level': {}, 'path_level': {}}",[],-inf,-inf,True,True,False,0,[],0,0.0,,,,
61,2,1,67.0,67.0,24835.205162147762,24835.205162147762,1.0,1.0,2,104,0,1497.359246426273,5036,708,4328,0.013927576601671321,0.004370830457786967,56,121.359246426273,1376.0,3,2,False,{},{},{},{},0.0,0.0,0.0,0.0,0.0,0.0,0.0,0.0,0.0,0.0,0.0,0.0,0.0,0.0,Leave Event,0.0,"{'node_level': {}, 'link_level': {}, 'path_level': {}}","{'node_level': {}, 'link_level': {}, 'path_level': {}}","{'node_level': {}, 'link_level': {}, 'path_level': {}}",[],-inf,-inf,True,True,False,0,[],0,0.0,,,,
62,2,1,67.0,67.0,24835.205162147762,24835.205162147762,1.0,1.0,2,105,1,1510.0,5036,708,4328,0.013927576601671321,0.004370830457786967,61,365.1138353006334,1510.0,4,3,False,"{1: 15, 3: 23, 0: 16, 2: 24}","{(3, 1): [(23, 7), (7, 15)], (0, 1): [(16, 8), (8, 3), (3, 7), (7, 15)], (2, 1): [(24, 8), (8, 3), (3, 7), (7, 15)]}","{(1, 15): {'cpu': 9}, (3, 23): {'cpu': 11}, (0, 16): {'cpu': 6}, (2, 24): {'cpu': 1}}","{((3, 1), (23, 7)): {'bw': 40}, ((3, 1), (7, 15)): {'bw': 40}, ((0, 1), (16, 8)): {'bw': 23}, ((0, 1), (8, 3)): {'bw': 23}, ((0, 1), (3, 7)): {'bw': 23}, ((0, 1), (7, 15)): {'bw': 23}, ((2, 1), (24, 8)): {'bw': 6}, ((2, 1), (8, 3)): {'bw': 6}, ((2, 1), (3, 7)): {'bw': 6}, ((2, 1), (7, 15)): {'bw': 6}}",0.0,0.0,54.0,27.0,69.0,0.0,0.0,0.0,0.0,0.0,0.0,0.0,0.0,0.0,Place Failure,46.0,"{'node_level': {'cpu': -53}, 'link_level': {'bw': -70}, 'path_level': {}}","{'node_level': {1: {'cpu': -45}, 3: {'cpu': -33}, 0: {'cpu': -38}, 2: {'cpu': -53}}, 'link_level': {(3, 1): {'bw': -92}, (0, 1): {'bw': -76}, (2, 1): {'bw': -70}}, 'path_level': {(3, 1): {}, (0, 1): {}, (2, 1): {}}}","{'node_level': {1: {'cpu': 0}, 3: {'cpu': 0}, 0: {'cpu': 0}, 2: {'cpu': 0}}, 'link_level': {(3, 1): {'bw': 0}, (0, 1): {'bw': 0}, (2, 1): {'bw': 0}}, 'path_level': {(3, 1): {}, (0, 1): {}, (2, 1): {}}}",[],-53.0,0.0,False,True,False,0,[],0,0.0,6.0,0.0006761550903320312,4.0,3.0
63,2,1,67.0,67.0,24835.205162147762,24835.205162147762,1.0,1.0,2,106,1,1532.0,5036,708,4328,0.013927576601671321,0.004370830457786967,62,12.998874958791893,1532.0,2,1,False,"{1: 15, 0: 23}","{(0, 1): [(23, 7), (7, 15)]}","{(1, 15): {'cpu': 12}, (0, 23): {'cpu': 4}}","{((0, 1), (23, 7)): {'bw': 35}, ((0, 1), (7, 15)): {'bw': 35}}",0.0,0.0,32.0,16.0,35.0,0.0,0.0,0.0,0.0,0.0,0.0,0.0,0.0,0.0,Place Failure,8.0,"{'node_level': {'cpu': -40}, 'link_level': {'bw': -97}, 'path_level': {}}","{'node_level': {1: {'cpu': -42}, 0: {'cpu': -40}}, 'link_level': {(0, 1): {'bw': -97}}, 'path_level': {(0, 1): {}}}","{'node_level': {1: {'cpu': 0}, 0: {'cpu': 0}}, 'link_level': {(0, 1): {'bw': 0}}, 'path_level': {(0, 1): {}}}",[],-40.0,0.0,False,True,False,0,[],0,0.0,2.0,0.0005640983581542969,2.0,1.0
63,2,1,67.0,67.0,24835.205162147762,24835.205162147762,1.0,1.0,2,107,0,1544.998874958792,5036,708,4328,0.013927576601671321,0.004370830457786967,62,12.998874958791893,1532.0,2,1,False,{},{},{},{},0.0,0.0,0.0,0.0,0.0,0.0,0.0,0.0,0.0,0.0,0.0,0.0,0.0,0.0,Leave Event,0.0,"{'node_level': {}, 'link_level': {}, 'path_level': {}}","{'node_level': {}, 'link_level': {}, 'path_level': {}}","{'node_level': {}, 'link_level': {}, 'path_level': {}}",[],-inf,-inf,True,True,False,0,[],0,0.0,,,,
63,2,1,67.0,67.0,24835.205162147762,24835.205162147762,1.0,1.0,2,108,0,1559.9522161179746,5036,708,4328,0.013927576601671321,0.004370830457786967,41,543.9522161179746,1016.0,4,4,False,{},{},{},{},0.0,0.0,0.0,0.0,0.0,0.0,0.0,0.0,0.0,0.0,0.0,0.0,0.0,0.0,Leave Event,0.0,"{'node_level': {}, 'link_level': {}, 'path_level': {}}","{'node_level': {}, 'link_level': {}, 'path_level': {}}","{'node_level': {}, 'link_level': {}, 'path_level': {}}",[],-inf,-inf,True,True,False,0,[],0,0.0,,,,
64,2,1,67.0,67.0,24835.205162147762,24835.205162147762,1.0,1.0,2,109,1,1560.0,5036,708,4328,0.013927576601671321,0.004370830457786967,63,116.26250712390987,1560.0,5,5,False,"{0: 15, 1: 23, 2: 16, 4: 24, 3: 2}","{(1, 0): [(23, 7), (7, 15)], (2, 0): [(16, 8), (8, 3), (3, 7), (7, 15)], (4, 0): [(24, 8), (8, 3), (3, 7), (7, 15)], (3, 0): [(2, 0), (0, 1), (1, 3), (3, 7), (7, 15)], (3, 1): [(2, 0), (0, 1), (1, 3), (3, 7), (7, 23)]}","{(0, 15): {'cpu': 5}, (1, 23): {'cpu': 12}, (2, 16): {'cpu': 18}, (4, 24): {'cpu': 1}, (3, 2): {'cpu': 0}}","{((1, 0), (23, 7)): {'bw': 20}, ((1, 0), (7, 15)): {'bw': 20}, ((2, 0), (16, 8)): {'bw': 13}, ((2, 0), (8, 3)): {'bw': 13}, ((2, 0), (3, 7)): {'bw': 13}, ((2, 0), (7, 15)): {'bw': 13}, ((4, 0), (24, 8)): {'bw': 48}, ((4, 0), (8, 3)): {'bw': 48}, ((4, 0), (3, 7)): {'bw': 48}, ((4, 0), (7, 15)): {'bw': 48}, ((3, 0), (2, 0)): {'bw': 26}, ((3, 0), (0, 1)): {'bw': 26}, ((3, 0), (1, 3)): {'bw': 26}, ((3, 0), (3, 7)): {'bw': 26}, ((3, 0), (7, 15)): {'bw': 26}, ((3, 1), (2, 0)): {'bw': 43}, ((3, 1), (0, 1)): {'bw': 43}, ((3, 1), (1, 3)): {'bw': 43}, ((3, 1), (3, 7)): {'bw': 43}, ((3, 1), (7, 23)): {'bw': 43}}",0.0,0.0,72.0,36.0,150.0,0.0,0.0,0.0,0.0,0.0,0.0,0.0,0.0,0.0,Place Failure,96.0,"{'node_level': {'cpu': 0}, 'link_level': {'bw': -32}, 'path_level': {}}","{'node_level': {0: {'cpu': -49}, 1: {'cpu': -32}, 2: {'cpu': -26}, 4: {'cpu': -53}, 3: {'cpu': 0}}, 'link_level': {(1, 0): {'bw': -112}, (2, 0): {'bw': -106}, (4, 0): {'bw': -58}, (3, 0): {'bw': -32}, (3, 1): {'bw': -51}}, 'path_level': {(1, 0): {}, (2, 0): {}, (4, 0): {}, (3, 0): {}, (3, 1): {}}}","{'node_level': {0: {'cpu': 0}, 1: {'cpu': 0}, 2: {'cpu': 0}, 4: {'cpu': 0}, 3: {'cpu': 0}}, 'link_level': {(1, 0): {'bw': 0}, (2, 0): {'bw': 0}, (4, 0): {'bw': 0}, (3, 0): {'bw': 0}, (3, 1): {'bw': 0}}, 'path_level': {(1, 0): {}, (2, 0): {}, (4, 0): {}, (3, 0): {}, (3, 1): {}}}",[],0.0,0.0,False,True,False,0,[],0,0.0,6.0,0.0008959770202636719,5.0,5.0
65,2,1,67.0,67.0,24835.205162147762,24835.205162147762,1.0,1.0,2,110,1,1583.0,5036,708,4328,0.013927576601671321,0.004370830457786967,64,276.4191884368743,1583.0,7,12,False,"{5: 15, 0: 23, 2: 16, 1: 24}","{(0, 5): [(23, 7), (7, 15)], (2, 0): [(16, 8), (8, 3), (3, 7), (7, 23)], (2, 5): [(16, 8), (8, 3), (3, 7), (7, 15)], (1, 0): [(24, 8), (8, 3), (3, 7), (7, 23)], (1, 2): [(24, 8), (8, 16)], (1, 5): [(24, 8), (8, 3), (3, 7), (7, 15)]}","{(5, 15): {'cpu': 17}, (0, 23): {'cpu': 14}, (2, 16): {'cpu': 8}, (1, 24): {'cpu': 13}}","{((0, 5), (23, 7)): {'bw': 45}, ((0, 5), (7, 15)): {'bw': 45}, ((2, 0), (16, 8)): {'bw': 27}, ((2, 0), (8, 3)): {'bw': 27}, ((2, 0), (3, 7)): {'bw': 27}, ((2, 0), (7, 23)): {'bw': 27}, ((2, 5), (16, 8)): {'bw': 17}, ((2, 5), (8, 3)): {'bw': 17}, ((2, 5), (3, 7)): {'bw': 17}, ((2, 5), (7, 15)): {'bw': 17}, ((1, 0), (24, 8)): {'bw': 26}, ((1, 0), (8, 3)): {'bw': 26}, ((1, 0), (3, 7)): {'bw': 26}, ((1, 0), (7, 23)): {'bw': 26}, ((1, 2), (24, 8)): {'bw': 13}, ((1, 2), (8, 16)): {'bw': 13}, ((1, 5), (24, 8)): {'bw': 45}, ((1, 5), (8, 3)): {'bw': 45}, ((1, 5), (3, 7)): {'bw': 45}, ((1, 5), (7, 15)): {'bw': 45}}",0.0,0.0,138.0,69.0,383.0,0.0,0.0,0.0,0.0,0.0,0.0,0.0,0.0,0.0,Place Failure,75.0,"{'node_level': {'cpu': 5}, 'link_level': {}, 'path_level': {}}","{'node_level': {5: {'cpu': -37}, 0: {'cpu': -30}, 2: {'cpu': -36}, 1: {'cpu': -41}, 6: {'cpu': 5}}, 'link_level': {(0, 5): {'bw': -87}, (2, 0): {'bw': -60}, (2, 5): {'bw': -77}, (1, 0): {'bw': -34}, (1, 2): {'bw': -70}, (1, 5): {'bw': -25}}, 'path_level': {(0, 5): {}, (2, 0): {}, (2, 5): {}, (1, 0): {}, (1, 2): {}, (1, 5): {}}}","{'node_level': {5: {'cpu': 0}, 0: {'cpu': 0}, 2: {'cpu': 0}, 1: {'cpu': 0}, 6: {'cpu': 5}}, 'link_level': {(0, 5): {'bw': 0}, (2, 0): {'bw': 0}, (2, 5): {'bw': 0}, (1, 0): {'bw': 0}, (1, 2): {'bw': 0}, (1, 5): {'bw': 0}}, 'path_level': {(0, 5): {}, (2, 0): {}, (2, 5): {}, (1, 0): {}, (1, 2): {}, (1, 5): {}}}",[],-25.0,0.0,False,True,False,0,[],0,0.0,9.0,0.0007748603820800781,4.0,6.0
65,2,1,67.0,67.0,24835.205162147762,24835.205162147762,1.0,1.0,2,111,0,1597.9617612924287,5036,708,4328,0.013927576601671321,0.004370830457786967,60,119.96176129242878,1478.0,9,20,False,{},{},{},{},0.0,0.0,0.0,0.0,0.0,0.0,0.0,0.0,0.0,0.0,0.0,0.0,0.0,0.0,Leave Event,0.0,"{'node_level': {}, 'link_level': {}, 'path_level': {}}","{'node_level': {}, 'link_level': {}, 'path_level': {}}","{'node_level': {}, 'link_level': {}, 'path_level': {}}",[],-inf,-inf,True,True,False,0,[],0,0.0,,,,
65,2,1,67.0,67.0,24835.205162147762,24835.205162147762,1.0,1.0,2,112,0,1601.4757273767696,5036,708,4328,0.013927576601671321,0.004370830457786967,59,146.4757273767696,1455.0,8,15,False,{},{},{},{},0.0,0.0,0.0,0.0,0.0,0.0,0.0,0.0,0.0,0.0,0.0,0.0,0.0,0.0,Leave Event,0.0,"{'node_level': {}, 'link_level': {}, 'path_level': {}}","{'node_level': {}, 'link_level': {}, 'path_level': {}}","{'node_level': {}, 'link_level': {}, 'path_level': {}}",[],-inf,-inf,True,True,False,0,[],0,0.0,,,,
65,2,1,67.0,67.0,24835.205162147762,24835.205162147762,1.0,1.0,2,113,0,1610.750959544849,5036,708,4328,0.013927576601671321,0.004370830457786967,47,443.75095954484885,1167.0,7,13,False,{},{},{},{},0.0,0.0,0.0,0.0,0.0,0.0,0.0,0.0,0.0,0.0,0.0,0.0,0.0,0.0,Leave Event,0.0,"{'node_level': {}, 'link_level': {}, 'path_level': {}}","{'node_level': {}, 'link_level': {}, 'path_level': {}}","{'node_level': {}, 'link_level': {}, 'path_level': {}}",[],-inf,-inf,True,True,False,0,[],0,0.0,,,,
66,2,1,67.0,67.0,24835.205162147762,24835.205162147762,1.0,1.0,2,114,1,1617.0,5036,708,4328,0.013927576601671321,0.004370830457786967,65,234.3382394171621,1617.0,6,6,False,"{0: 15, 1: 23, 2: 16, 5: 24}","{(1, 0): [(23, 7), (7, 15)], (2, 0): [(16, 8), (8, 3), (3, 7), (7, 15)], (5, 0): [(24, 8), (8, 3), (3, 7), (7, 15)]}","{(0, 15): {'cpu': 13}, (1, 23): {'cpu': 7}, (2, 16): {'cpu': 17}, (5, 24): {'cpu': 15}}","{((1, 0), (23, 7)): {'bw': 30}, ((1, 0), (7, 15)): {'bw': 30}, ((2, 0), (16, 8)): {'bw': 28}, ((2, 0), (8, 3)): {'bw': 28}, ((2, 0), (3, 7)): {'bw': 28}, ((2, 0), (7, 15)): {'bw': 28}, ((5, 0), (24, 8)): {'bw': 8}, ((5, 0), (8, 3)): {'bw': 8}, ((5, 0), (3, 7)): {'bw': 8}, ((5, 0), (7, 15)): {'bw': 8}}",0.0,0.0,134.0,67.0,106.0,0.0,0.0,0.0,0.0,0.0,0.0,0.0,0.0,0.0,Place Failure,115.0,"{'node_level': {'cpu': 11}, 'link_level': {}, 'path_level': {}}","{'node_level': {0: {'cpu': -41}, 1: {'cpu': -37}, 2: {'cpu': -27}, 5: {'cpu': -39}, 4: {'cpu': 11}}, 'link_level': {(1, 0): {'bw': -102}, (2, 0): {'bw': -81}, (5, 0): {'bw': -73}}, 'path_level': {(1, 0): {}, (2, 0): {}, (5, 0): {}}}","{'node_level': {0: {'cpu': 0}, 1: {'cpu': 0}, 2: {'cpu': 0}, 5: {'cpu': 0}, 4: {'cpu': 11}}, 'link_level': {(1, 0): {'bw': 0}, (2, 0): {'bw': 0}, (5, 0): {'bw': 0}}, 'path_level': {(1, 0): {}, (2, 0): {}, (5, 0): {}}}",[],-39.0,0.0,False,True,False,0,[],0,0.0,9.0,0.0007171630859375,4.0,3.0
67,2,1,67.0,67.0,24835.205162147762,24835.205162147762,1.0,1.0,2,115,1,1641.0,5036,708,4328,0.013927576601671321,0.004370830457786967,66,311.4146563747142,1641.0,6,10,False,"{3: 15, 2: 23, 4: 16, 1: 24, 5: 2}","{(2, 3): [(23, 7), (7, 15)], (4, 3): [(16, 8), (8, 3), (3, 7), (7, 15)], (1, 3): [(24, 8), (8, 3), (3, 7), (7, 15)], (5, 1): [(2, 0), (0, 1), (1, 3), (3, 8), (8, 24)], (5, 2): [(2, 0), (0, 1), (1, 3), (3, 7), (7, 23)], (5, 3): [(2, 0), (0, 1), (1, 3), (3, 7), (7, 15)], (5, 4): [(2, 0), (0, 1), (1, 3), (3, 8), (8, 16)]}","{(3, 15): {'cpu': 20}, (2, 23): {'cpu': 17}, (4, 16): {'cpu': 9}, (1, 24): {'cpu': 5}, (5, 2): {'cpu': 0}}","{((2, 3), (23, 7)): {'bw': 3}, ((2, 3), (7, 15)): {'bw': 3}, ((4, 3), (16, 8)): {'bw': 37}, ((4, 3), (8, 3)): {'bw': 37}, ((4, 3), (3, 7)): {'bw': 37}, ((4, 3), (7, 15)): {'bw': 37}, ((1, 3), (24, 8)): {'bw': 50}, ((1, 3), (8, 3)): {'bw': 50}, ((1, 3), (3, 7)): {'bw': 50}, ((1, 3), (7, 15)): {'bw': 50}, ((5, 1), (2, 0)): {'bw': 38}, ((5, 1), (0, 1)): {'bw': 38}, ((5, 1), (1, 3)): {'bw': 38}, ((5, 1), (3, 8)): {'bw': 38}, ((5, 1), (8, 24)): {'bw': 38}, ((5, 2), (2, 0)): {'bw': 30}, ((5, 2), (0, 1)): {'bw': 30}, ((5, 2), (1, 3)): {'bw': 30}, ((5, 2), (3, 7)): {'bw': 30}, ((5, 2), (7, 23)): {'bw': 30}, ((5, 3), (2, 0)): {'bw': 41}, ((5, 3), (0, 1)): {'bw': 41}, ((5, 3), (1, 3)): {'bw': 41}, ((5, 3), (3, 7)): {'bw': 41}, ((5, 3), (7, 15)): {'bw': 41}, ((5, 4), (2, 0)): {'bw': 5}, ((5, 4), (0, 1)): {'bw': 5}, ((5, 4), (1, 3)): {'bw': 5}, ((5, 4), (3, 8)): {'bw': 5}, ((5, 4), (8, 16)): {'bw': 5}}",0.0,0.0,124.0,62.0,268.0,0.0,0.0,0.0,0.0,0.0,0.0,0.0,0.0,0.0,Place Failure,92.0,"{'node_level': {'cpu': 11}, 'link_level': {}, 'path_level': {}}","{'node_level': {3: {'cpu': -34}, 2: {'cpu': -27}, 4: {'cpu': -35}, 1: {'cpu': -49}, 5: {'cpu': 0}, 0: {'cpu': 11}}, 'link_level': {(2, 3): {'bw': -129}, (4, 3): {'bw': -99}, (1, 3): {'bw': -49}, (5, 1): {'bw': -21}, (5, 2): {'bw': -52}, (5, 3): {'bw': -8}, (5, 4): {'bw': -6}}, 'path_level': {(2, 3): {}, (4, 3): {}, (1, 3): {}, (5, 1): {}, (5, 2): {}, (5, 3): {}, (5, 4): {}}}","{'node_level': {3: {'cpu': 0}, 2: {'cpu': 0}, 4: {'cpu': 0}, 1: {'cpu': 0}, 5: {'cpu': 0}, 0: {'cpu': 11}}, 'link_level': {(2, 3): {'bw': 0}, (4, 3): {'bw': 0}, (1, 3): {'bw': 0}, (5, 1): {'bw': 0}, (5, 2): {'bw': 0}, (5, 3): {'bw': 0}, (5, 4): {'bw': 0}}, 'path_level': {(2, 3): {}, (4, 3): {}, (1, 3): {}, (5, 1): {}, (5, 2): {}, (5, 3): {}, (5, 4): {}}}",[],0.0,0.0,False,True,False,0,[],0,0.0,8.0,0.0011169910430908203,5.0,7.0
68,2,1,67.0,67.0,24835.205162147762,24835.205162147762,1.0,1.0,2,116,1,1664.0,5036,708,4328,0.013927576601671321,0.004370830457786967,67,162.60800753236046,1664.0,8,9,False,"{4: 15, 6: 23, 2: 16, 3: 24}","{(6, 4): [(23, 7), (7, 15)], (2, 4): [(16, 8), (8, 3), (3, 7), (7, 15)], (3, 4): [(24, 8), (8, 3), (3, 7), (7, 15)]}","{(4, 15): {'cpu': 20}, (6, 23): {'cpu': 18}, (2, 16): {'cpu': 11}, (3, 24): {'cpu': 17}}","{((6, 4), (23, 7)): {'bw': 39}, ((6, 4), (7, 15)): {'bw': 39}, ((2, 4), (16, 8)): {'bw': 13}, ((2, 4), (8, 3)): {'bw': 13}, ((2, 4), (3, 7)): {'bw': 13}, ((2, 4), (7, 15)): {'bw': 13}, ((3, 4), (24, 8)): {'bw': 38}, ((3, 4), (8, 3)): {'bw': 38}, ((3, 4), (3, 7)): {'bw': 38}, ((3, 4), (7, 15)): {'bw': 38}}",0.0,0.0,210.0,105.0,232.0,0.0,0.0,0.0,0.0,0.0,0.0,0.0,0.0,0.0,Place Failure,128.0,"{'node_level': {'cpu': 16}, 'link_level': {}, 'path_level': {}}","{'node_level': {4: {'cpu': -34}, 6: {'cpu': -26}, 2: {'cpu': -33}, 3: {'cpu': -37}, 0: {'cpu': 16}}, 'link_level': {(6, 4): {'bw': -93}, (2, 4): {'bw': -87}, (3, 4): {'bw': -49}}, 'path_level': {(6, 4): {}, (2, 4): {}, (3, 4): {}}}","{'node_level': {4: {'cpu': 0}, 6: {'cpu': 0}, 2: {'cpu': 0}, 3: {'cpu': 0}, 0: {'cpu': 16}}, 'link_level': {(6, 4): {'bw': 0}, (2, 4): {'bw': 0}, (3, 4): {'bw': 0}}, 'path_level': {(6, 4): {}, (2, 4): {}, (3, 4): {}}}",[],-37.0,0.0,False,True,False,0,[],0,0.0,9.0,0.0007431507110595703,4.0,3.0
68,2,1,67.0,67.0,24835.205162147762,24835.205162147762,1.0,1.0,2,117,0,1676.26250712391,5036,708,4328,0.013927576601671321,0.004370830457786967,63,116.26250712390987,1560.0,5,5,False,{},{},{},{},0.0,0.0,0.0,0.0,0.0,0.0,0.0,0.0,0.0,0.0,0.0,0.0,0.0,0.0,Leave Event,0.0,"{'node_level': {}, 'link_level': {}, 'path_level': {}}","{'node_level': {}, 'link_level': {}, 'path_level': {}}","{'node_level': {}, 'link_level': {}, 'path_level': {}}",[],-inf,-inf,True,True,False,0,[],0,0.0,,,,
69,2,1,67.0,67.0,24835.205162147762,24835.205162147762,1.0,1.0,2,118,1,1685.0,5036,708,4328,0.013927576601671321,0.004370830457786967,68,441.89282938075206,1685.0,6,5,False,"{4: 15, 5: 23, 0: 16, 2: 24}","{(5, 4): [(23, 7), (7, 15)], (0, 4): [(16, 8), (8, 3), (3, 7), (7, 15)], (2, 5): [(24, 8), (8, 3), (3, 7), (7, 23)]}","{(4, 15): {'cpu': 11}, (5, 23): {'cpu': 19}, (0, 16): {'cpu': 11}, (2, 24): {'cpu': 4}}","{((5, 4), (23, 7)): {'bw': 37}, ((5, 4), (7, 15)): {'bw': 37}, ((0, 4), (16, 8)): {'bw': 34}, ((0, 4), (8, 3)): {'bw': 34}, ((0, 4), (3, 7)): {'bw': 34}, ((0, 4), (7, 15)): {'bw': 34}, ((2, 5), (24, 8)): {'bw': 9}, ((2, 5), (8, 3)): {'bw': 9}, ((2, 5), (3, 7)): {'bw': 9}, ((2, 5), (7, 23)): {'bw': 9}}",0.0,0.0,158.0,79.0,124.0,0.0,0.0,0.0,0.0,0.0,0.0,0.0,0.0,0.0,Place Failure,136.0,"{'node_level': {'cpu': 18}, 'link_level': {}, 'path_level': {}}","{'node_level': {4: {'cpu': -43}, 5: {'cpu': -25}, 0: {'cpu': -33}, 2: {'cpu': -50}, 3: {'cpu': 18}}, 'link_level': {(5, 4): {'bw': -95}, (0, 4): {'bw': -68}, (2, 5): {'bw': -86}}, 'path_level': {(5, 4): {}, (0, 4): {}, (2, 5): {}}}","{'node_level': {4: {'cpu': 0}, 5: {'cpu': 0}, 0: {'cpu': 0}, 2: {'cpu': 0}, 3: {'cpu': 18}}, 'link_level': {(5, 4): {'bw': 0}, (0, 4): {'bw': 0}, (2, 5): {'bw': 0}}, 'path_level': {(5, 4): {}, (0, 4): {}, (2, 5): {}}}",[],-50.0,0.0,False,True,False,0,[],0,0.0,9.0,0.0007071495056152344,4.0,3.0
70,2,1,67.0,67.0,24835.205162147762,24835.205162147762,1.0,1.0,2,119,1,1703.0,5036,708,4328,0.013927576601671321,0.004370830457786967,69,997.0196176603264,1703.0,6,6,False,"{0: 15, 4: 23, 1: 16, 5: 24}","{(4, 0): [(23, 7), (7, 15)], (1, 0): [(16, 8), (8, 3), (3, 7), (7, 15)], (5, 0): [(24, 8), (8, 3), (3, 7), (7, 15)]}","{(0, 15): {'cpu': 8}, (4, 23): {'cpu': 5}, (1, 16): {'cpu': 17}, (5, 24): {'cpu': 18}}","{((4, 0), (23, 7)): {'bw': 27}, ((4, 0), (7, 15)): {'bw': 27}, ((1, 0), (16, 8)): {'bw': 12}, ((1, 0), (8, 3)): {'bw': 12}, ((1, 0), (3, 7)): {'bw': 12}, ((1, 0), (7, 15)): {'bw': 12}, ((5, 0), (24, 8)): {'bw': 10}, ((5, 0), (8, 3)): {'bw': 10}, ((5, 0), (3, 7)): {'bw': 10}, ((5, 0), (7, 15)): {'bw': 10}}",0.0,0.0,152.0,76.0,69.0,0.0,0.0,0.0,0.0,0.0,0.0,0.0,0.0,0.0,Place Failure,126.0,"{'node_level': {'cpu': 16}, 'link_level': {}, 'path_level': {}}","{'node_level': {0: {'cpu': -46}, 4: {'cpu': -39}, 1: {'cpu': -27}, 5: {'cpu': -36}, 2: {'cpu': 16}}, 'link_level': {(4, 0): {'bw': -105}, (1, 0): {'bw': -100}, (5, 0): {'bw': -90}}, 'path_level': {(4, 0): {}, (1, 0): {}, (5, 0): {}}}","{'node_level': {0: {'cpu': 0}, 4: {'cpu': 0}, 1: {'cpu': 0}, 5: {'cpu': 0}, 2: {'cpu': 16}}, 'link_level': {(4, 0): {'bw': 0}, (1, 0): {'bw': 0}, (5, 0): {'bw': 0}}, 'path_level': {(4, 0): {}, (1, 0): {}, (5, 0): {}}}",[],-36.0,0.0,False,True,False,0,[],0,0.0,9.0,0.0006921291351318359,4.0,3.0
70,2,1,67.0,67.0,24835.205162147762,24835.205162147762,1.0,1.0,2,120,0,1712.7521392323824,5036,708,4328,0.013927576601671321,0.004370830457786967,49,495.75213923238255,1217.0,8,11,False,{},{},{},{},0.0,0.0,0.0,0.0,0.0,0.0,0.0,0.0,0.0,0.0,0.0,0.0,0.0,0.0,Leave Event,0.0,"{'node_level': {}, 'link_level': {}, 'path_level': {}}","{'node_level': {}, 'link_level': {}, 'path_level': {}}","{'node_level': {}, 'link_level': {}, 'path_level': {}}",[],-inf,-inf,True,True,False,0,[],0,0.0,,,,
71,2,1,67.0,67.0,24835.205162147762,24835.205162147762,1.0,1.0,2,121,1,1731.0,5036,708,4328,0.013927576601671321,0.004370830457786967,70,62.51629411680762,1731.0,5,5,False,"{4: 15, 2: 23, 0: 16, 1: 24}","{(2, 4): [(23, 7), (7, 15)], (0, 4): [(16, 8), (8, 3), (3, 7), (7, 15)], (1, 4): [(24, 8), (8, 3), (3, 7), (7, 15)]}","{(4, 15): {'cpu': 20}, (2, 23): {'cpu': 7}, (0, 16): {'cpu': 6}, (1, 24): {'cpu': 0}}","{((2, 4), (23, 7)): {'bw': 8}, ((2, 4), (7, 15)): {'bw': 8}, ((0, 4), (16, 8)): {'bw': 36}, ((0, 4), (8, 3)): {'bw': 36}, ((0, 4), (3, 7)): {'bw': 36}, ((0, 4), (7, 15)): {'bw': 36}, ((1, 4), (24, 8)): {'bw': 21}, ((1, 4), (8, 3)): {'bw': 21}, ((1, 4), (3, 7)): {'bw': 21}, ((1, 4), (7, 15)): {'bw': 21}}",0.0,0.0,72.0,36.0,158.0,0.0,0.0,0.0,0.0,0.0,0.0,0.0,0.0,0.0,Place Failure,47.0,"{'node_level': {'cpu': 3}, 'link_level': {}, 'path_level': {}}","{'node_level': {4: {'cpu': -34}, 2: {'cpu': -37}, 0: {'cpu': -38}, 1: {'cpu': -54}, 3: {'cpu': 3}}, 'link_level': {(2, 4): {'bw': -124}, (0, 4): {'bw': -95}, (1, 4): {'bw': -74}}, 'path_level': {(2, 4): {}, (0, 4): {}, (1, 4): {}}}","{'node_level': {4: {'cpu': 0}, 2: {'cpu': 0}, 0: {'cpu': 0}, 1: {'cpu': 0}, 3: {'cpu': 3}}, 'link_level': {(2, 4): {'bw': 0}, (0, 4): {'bw': 0}, (1, 4): {'bw': 0}}, 'path_level': {(2, 4): {}, (0, 4): {}, (1, 4): {}}}",[],-54.0,0.0,False,True,False,0,[],0,0.0,9.0,0.0008351802825927734,4.0,3.0
71,2,1,67.0,67.0,24835.205162147762,24835.205162147762,1.0,1.0,2,122,0,1731.6740988507,5036,708,4328,0.013927576601671321,0.004370830457786967,13,1360.6740988507,371.0,3,3,False,{},{},{},{},0.0,0.0,0.0,0.0,0.0,0.0,0.0,0.0,0.0,0.0,0.0,0.0,0.0,0.0,Leave Event,0.0,"{'node_level': {}, 'link_level': {}, 'path_level': {}}","{'node_level': {}, 'link_level': {}, 'path_level': {}}","{'node_level': {}, 'link_level': {}, 'path_level': {}}",[],-inf,-inf,True,True,False,0,[],0,0.0,,,,
72,2,1,67.0,67.0,24835.205162147762,24835.205162147762,1.0,1.0,2,123,1,1767.0,5036,708,4328,0.013927576601671321,0.004370830457786967,71,364.2619172328909,1767.0,6,8,False,"{1: 15, 5: 23, 4: 16, 2: 24}","{(5, 1): [(23, 7), (7, 15)], (4, 1): [(16, 8), (8, 3), (3, 7), (7, 15)], (4, 5): [(16, 8), (8, 3), (3, 7), (7, 23)], (2, 1): [(24, 8), (8, 3), (3, 7), (7, 15)], (2, 5): [(24, 8), (8, 3), (3, 7), (7, 23)]}","{(1, 15): {'cpu': 6}, (5, 23): {'cpu': 4}, (4, 16): {'cpu': 4}, (2, 24): {'cpu': 10}}","{((5, 1), (23, 7)): {'bw': 41}, ((5, 1), (7, 15)): {'bw': 41}, ((4, 1), (16, 8)): {'bw': 13}, ((4, 1), (8, 3)): {'bw': 13}, ((4, 1), (3, 7)): {'bw': 13}, ((4, 1), (7, 15)): {'bw': 13}, ((4, 5), (16, 8)): {'bw': 12}, ((4, 5), (8, 3)): {'bw': 12}, ((4, 5), (3, 7)): {'bw': 12}, ((4, 5), (7, 23)): {'bw': 12}, ((2, 1), (24, 8)): {'bw': 13}, ((2, 1), (8, 3)): {'bw': 13}, ((2, 1), (3, 7)): {'bw': 13}, ((2, 1), (7, 15)): {'bw': 13}, ((2, 5), (24, 8)): {'bw': 6}, ((2, 5), (8, 3)): {'bw': 6}, ((2, 5), (3, 7)): {'bw': 6}, ((2, 5), (7, 23)): {'bw': 6}}",0.0,0.0,80.0,40.0,150.0,0.0,0.0,0.0,0.0,0.0,0.0,0.0,0.0,0.0,Place Failure,69.0,"{'node_level': {'cpu': 15}, 'link_level': {}, 'path_level': {}}","{'node_level': {1: {'cpu': -48}, 5: {'cpu': -40}, 4: {'cpu': -40}, 2: {'cpu': -44}, 0: {'cpu': 15}}, 'link_level': {(5, 1): {'bw': -91}, (4, 1): {'bw': -85}, (4, 5): {'bw': -79}, (2, 1): {'bw': -72}, (2, 5): {'bw': -73}}, 'path_level': {(5, 1): {}, (4, 1): {}, (4, 5): {}, (2, 1): {}, (2, 5): {}}}","{'node_level': {1: {'cpu': 0}, 5: {'cpu': 0}, 4: {'cpu': 0}, 2: {'cpu': 0}, 0: {'cpu': 15}}, 'link_level': {(5, 1): {'bw': 0}, (4, 1): {'bw': 0}, (4, 5): {'bw': 0}, (2, 1): {'bw': 0}, (2, 5): {'bw': 0}}, 'path_level': {(5, 1): {}, (4, 1): {}, (4, 5): {}, (2, 1): {}, (2, 5): {}}}",[],-44.0,0.0,False,True,False,0,[],0,0.0,9.0,0.0007541179656982422,4.0,5.0
72,2,1,67.0,67.0,24835.205162147762,24835.205162147762,1.0,1.0,2,124,0,1793.5162941168076,5036,708,4328,0.013927576601671321,0.004370830457786967,70,62.51629411680762,1731.0,5,5,False,{},{},{},{},0.0,0.0,0.0,0.0,0.0,0.0,0.0,0.0,0.0,0.0,0.0,0.0,0.0,0.0,Leave Event,0.0,"{'node_level': {}, 'link_level': {}, 'path_level': {}}","{'node_level': {}, 'link_level': {}, 'path_level': {}}","{'node_level': {}, 'link_level': {}, 'path_level': {}}",[],-inf,-inf,True,True,False,0,[],0,0.0,,,,
73,2,1,67.0,67.0,24835.205162147762,24835.205162147762,1.0,1.0,2,125,1,1794.0,5036,708,4328,0.013927576601671321,0.004370830457786967,72,70.82101546574671,1794.0,6,9,False,"{2: 15, 5: 23, 4: 16, 1: 24}","{(5, 2): [(23, 7), (7, 15)], (4, 2): [(16, 8), (8, 3), (3, 7), (7, 15)], (1, 2): [(24, 8), (8, 3), (3, 7), (7, 15)], (1, 4): [(24, 8), (8, 16)]}","{(2, 15): {'cpu': 8}, (5, 23): {'cpu': 8}, (4, 16): {'cpu': 5}, (1, 24): {'cpu': 3}}","{((5, 2), (23, 7)): {'bw': 34}, ((5, 2), (7, 15)): {'bw': 34}, ((4, 2), (16, 8)): {'bw': 43}, ((4, 2), (8, 3)): {'bw': 43}, ((4, 2), (3, 7)): {'bw': 43}, ((4, 2), (7, 15)): {'bw': 43}, ((1, 2), (24, 8)): {'bw': 37}, ((1, 2), (8, 3)): {'bw': 37}, ((1, 2), (3, 7)): {'bw': 37}, ((1, 2), (7, 15)): {'bw': 37}, ((1, 4), (24, 8)): {'bw': 36}, ((1, 4), (8, 16)): {'bw': 36}}",0.0,0.0,84.0,42.0,236.0,0.0,0.0,0.0,0.0,0.0,0.0,0.0,0.0,0.0,Place Failure,42.0,"{'node_level': {'cpu': 2}, 'link_level': {}, 'path_level': {}}","{'node_level': {2: {'cpu': -46}, 5: {'cpu': -36}, 4: {'cpu': -39}, 1: {'cpu': -51}, 0: {'cpu': 2}}, 'link_level': {(5, 2): {'bw': -98}, (4, 2): {'bw': -62}, (1, 2): {'bw': -25}, (1, 4): {'bw': -36}}, 'path_level': {(5, 2): {}, (4, 2): {}, (1, 2): {}, (1, 4): {}}}","{'node_level': {2: {'cpu': 0}, 5: {'cpu': 0}, 4: {'cpu': 0}, 1: {'cpu': 0}, 0: {'cpu': 2}}, 'link_level': {(5, 2): {'bw': 0}, (4, 2): {'bw': 0}, (1, 2): {'bw': 0}, (1, 4): {'bw': 0}}, 'path_level': {(5, 2): {}, (4, 2): {}, (1, 2): {}, (1, 4): {}}}",[],-25.0,0.0,False,True,False,0,[],0,0.0,9.0,0.0007047653198242188,4.0,4.0
73,2,0,67.0,67.0,24835.205162147762,24835.205162147762,1.0,1.0,2,126,0,1801.1917317485868,5065,718,4347,0.0,0.0,44,710.1917317485868,1091.0,2,1,False,{},{},{},{},0.0,0.0,0.0,0.0,0.0,0.0,0.0,0.0,0.0,0.0,0.0,0.0,0.0,0.0,Leave Event,0.0,"{'node_level': {}, 'link_level': {}, 'path_level': {}}","{'node_level': {}, 'link_level': {}, 'path_level': {}}","{'node_level': {}, 'link_level': {}, 'path_level': {}}",[],-inf,-inf,True,True,False,0,[],0,0.0,,,,
74,2,0,67.0,67.0,24835.205162147762,24835.205162147762,1.0,1.0,2,127,1,1824.0,5065,718,4347,0.0,0.0,73,630.9063390227499,1824.0,10,24,False,"{2: 16, 1: 24, 5: 15, 6: 23}","{(1, 2): [(24, 8), (8, 16)], (5, 2): [(15, 7), (7, 3), (3, 8), (8, 16)], (6, 2): [(23, 7), (7, 3), (3, 8), (8, 16)]}","{(2, 16): {'cpu': 16}, (1, 24): {'cpu': 17}, (5, 15): {'cpu': 10}, (6, 23): {'cpu': 17}}","{((1, 2), (24, 8)): {'bw': 48}, ((1, 2), (8, 16)): {'bw': 48}, ((5, 2), (15, 7)): {'bw': 44}, ((5, 2), (7, 3)): {'bw': 44}, ((5, 2), (3, 8)): {'bw': 44}, ((5, 2), (8, 16)): {'bw': 44}, ((6, 2), (23, 7)): {'bw': 43}, ((6, 2), (7, 3)): {'bw': 43}, ((6, 2), (3, 8)): {'bw': 43}, ((6, 2), (8, 16)): {'bw': 43}}",0.0,0.0,206.0,103.0,768.0,0.0,0.0,0.0,0.0,0.0,0.0,0.0,0.0,0.0,Place Failure,110.0,"{'node_level': {'cpu': 12}, 'link_level': {}, 'path_level': {}}","{'node_level': {2: {'cpu': -38}, 1: {'cpu': -37}, 5: {'cpu': -44}, 6: {'cpu': -27}, 7: {'cpu': 12}}, 'link_level': {(1, 2): {'bw': -61}, (5, 2): {'bw': -73}, (6, 2): {'bw': -30}}, 'path_level': {(1, 2): {}, (5, 2): {}, (6, 2): {}}}","{'node_level': {2: {'cpu': 0}, 1: {'cpu': 0}, 5: {'cpu': 0}, 6: {'cpu': 0}, 7: {'cpu': 12}}, 'link_level': {(1, 2): {'bw': 0}, (5, 2): {'bw': 0}, (6, 2): {'bw': 0}}, 'path_level': {(1, 2): {}, (5, 2): {}, (6, 2): {}}}",[],-27.0,0.0,False,True,False,0,[],0,0.0,9.0,0.0007421970367431641,4.0,3.0
74,2,0,67.0,67.0,24835.205162147762,24835.205162147762,1.0,1.0,2,128,0,1826.6080075323605,5065,718,4347,0.0,0.0,67,162.60800753236046,1664.0,8,9,False,{},{},{},{},0.0,0.0,0.0,0.0,0.0,0.0,0.0,0.0,0.0,0.0,0.0,0.0,0.0,0.0,Leave Event,0.0,"{'node_level': {}, 'link_level': {}, 'path_level': {}}","{'node_level': {}, 'link_level': {}, 'path_level': {}}","{'node_level': {}, 'link_level': {}, 'path_level': {}}",[],-inf,-inf,True,True,False,0,[],0,0.0,,,,
75,2,0,67.0,67.0,24835.205162147762,24835.205162147762,1.0,1.0,2,129,1,1846.0,5065,718,4347,0.0,0.0,74,252.13996582016046,1846.0,6,10,False,"{4: 16, 2: 24, 3: 15, 5: 23}","{(2, 4): [(24, 8), (8, 16)], (3, 2): [(15, 7), (7, 3), (3, 8), (8, 24)], (3, 4): [(15, 7), (7, 3), (3, 8), (8, 16)], (5, 2): [(23, 7), (7, 3), (3, 8), (8, 24)], (5, 4): [(23, 7), (7, 3), (3, 8), (8, 16)]}","{(4, 16): {'cpu': 16}, (2, 24): {'cpu': 14}, (3, 15): {'cpu': 16}, (5, 23): {'cpu': 10}}","{((2, 4), (24, 8)): {'bw': 18}, ((2, 4), (8, 16)): {'bw': 18}, ((3, 2), (15, 7)): {'bw': 48}, ((3, 2), (7, 3)): {'bw': 48}, ((3, 2), (3, 8)): {'bw': 48}, ((3, 2), (8, 24)): {'bw': 48}, ((3, 4), (15, 7)): {'bw': 16}, ((3, 4), (7, 3)): {'bw': 16}, ((3, 4), (3, 8)): {'bw': 16}, ((3, 4), (8, 16)): {'bw': 16}, ((5, 2), (23, 7)): {'bw': 30}, ((5, 2), (7, 3)): {'bw': 30}, ((5, 2), (3, 8)): {'bw': 30}, ((5, 2), (8, 24)): {'bw': 30}, ((5, 4), (23, 7)): {'bw': 31}, ((5, 4), (7, 3)): {'bw': 31}, ((5, 4), (3, 8)): {'bw': 31}, ((5, 4), (8, 16)): {'bw': 31}}",0.0,0.0,138.0,69.0,259.0,0.0,0.0,0.0,0.0,0.0,0.0,0.0,0.0,0.0,Place Failure,107.0,"{'node_level': {'cpu': 5}, 'link_level': {}, 'path_level': {}}","{'node_level': {4: {'cpu': -38}, 2: {'cpu': -40}, 3: {'cpu': -38}, 5: {'cpu': -34}, 0: {'cpu': 5}}, 'link_level': {(2, 4): {'bw': -91}, (3, 2): {'bw': -43}, (3, 4): {'bw': -75}, (5, 2): {'bw': -13}, (5, 4): {'bw': -57}}, 'path_level': {(2, 4): {}, (3, 2): {}, (3, 4): {}, (5, 2): {}, (5, 4): {}}}","{'node_level': {4: {'cpu': 0}, 2: {'cpu': 0}, 3: {'cpu': 0}, 5: {'cpu': 0}, 0: {'cpu': 5}}, 'link_level': {(2, 4): {'bw': 0}, (3, 2): {'bw': 0}, (3, 4): {'bw': 0}, (5, 2): {'bw': 0}, (5, 4): {'bw': 0}}, 'path_level': {(2, 4): {}, (3, 2): {}, (3, 4): {}, (5, 2): {}, (5, 4): {}}}",[],-13.0,0.0,False,True,False,0,[],0,0.0,9.0,0.0007748603820800781,4.0,5.0
75,2,0,67.0,67.0,24835.205162147762,24835.205162147762,1.0,1.0,2,130,0,1851.3382394171622,5065,718,4347,0.0,0.0,65,234.3382394171621,1617.0,6,6,False,{},{},{},{},0.0,0.0,0.0,0.0,0.0,0.0,0.0,0.0,0.0,0.0,0.0,0.0,0.0,0.0,Leave Event,0.0,"{'node_level': {}, 'link_level': {}, 'path_level': {}}","{'node_level': {}, 'link_level': {}, 'path_level': {}}","{'node_level': {}, 'link_level': {}, 'path_level': {}}",[],-inf,-inf,True,True,False,0,[],0,0.0,,,,
75,2,0,67.0,67.0,24835.205162147762,24835.205162147762,1.0,1.0,2,131,0,1859.4191884368743,5065,718,4347,0.0,0.0,64,276.4191884368743,1583.0,7,12,False,{},{},{},{},0.0,0.0,0.0,0.0,0.0,0.0,0.0,0.0,0.0,0.0,0.0,0.0,0.0,0.0,Leave Event,0.0,"{'node_level': {}, 'link_level': {}, 'path_level': {}}","{'node_level': {}, 'link_level': {}, 'path_level': {}}","{'node_level': {}, 'link_level': {}, 'path_level': {}}",[],-inf,-inf,True,True,False,0,[],0,0.0,,,,
76,2,0,67.0,67.0,24835.205162147762,24835.205162147762,1.0,1.0,2,132,1,1863.0,5065,718,4347,0.0,0.0,75,416.6891251163398,1863.0,5,9,False,"{4: 16, 1: 24, 0: 15, 3: 23}","{(1, 4): [(24, 8), (8, 16)], (0, 1): [(15, 7), (7, 3), (3, 8), (8, 24)], (0, 4): [(15, 7), (7, 3), (3, 8), (8, 16)], (3, 0): [(23, 7), (7, 15)], (3, 4): [(23, 7), (7, 3), (3, 8), (8, 16)]}","{(4, 16): {'cpu': 12}, (1, 24): {'cpu': 15}, (0, 15): {'cpu': 10}, (3, 23): {'cpu': 10}}","{((1, 4), (24, 8)): {'bw': 50}, ((1, 4), (8, 16)): {'bw': 50}, ((0, 1), (15, 7)): {'bw': 31}, ((0, 1), (7, 3)): {'bw': 31}, ((0, 1), (3, 8)): {'bw': 31}, ((0, 1), (8, 24)): {'bw': 31}, ((0, 4), (15, 7)): {'bw': 19}, ((0, 4), (7, 3)): {'bw': 19}, ((0, 4), (3, 8)): {'bw': 19}, ((0, 4), (8, 16)): {'bw': 19}, ((3, 0), (23, 7)): {'bw': 2}, ((3, 0), (7, 15)): {'bw': 2}, ((3, 4), (23, 7)): {'bw': 39}, ((3, 4), (7, 3)): {'bw': 39}, ((3, 4), (3, 8)): {'bw': 39}, ((3, 4), (8, 16)): {'bw': 39}}",0.0,0.0,96.0,48.0,249.0,0.0,0.0,0.0,0.0,0.0,0.0,0.0,0.0,0.0,Place Failure,73.0,"{'node_level': {'cpu': 1}, 'link_level': {}, 'path_level': {}}","{'node_level': {4: {'cpu': -42}, 1: {'cpu': -39}, 0: {'cpu': -44}, 3: {'cpu': -34}, 2: {'cpu': 1}}, 'link_level': {(1, 4): {'bw': -59}, (0, 1): {'bw': -28}, (0, 4): {'bw': -89}, (3, 0): {'bw': -87}, (3, 4): {'bw': -57}}, 'path_level': {(1, 4): {}, (0, 1): {}, (0, 4): {}, (3, 0): {}, (3, 4): {}}}","{'node_level': {4: {'cpu': 0}, 1: {'cpu': 0}, 0: {'cpu': 0}, 3: {'cpu': 0}, 2: {'cpu': 1}}, 'link_level': {(1, 4): {'bw': 0}, (0, 1): {'bw': 0}, (0, 4): {'bw': 0}, (3, 0): {'bw': 0}, (3, 4): {'bw': 0}}, 'path_level': {(1, 4): {}, (0, 1): {}, (0, 4): {}, (3, 0): {}, (3, 4): {}}}",[],-34.0,0.0,False,True,False,0,[],0,0.0,9.0,0.0007410049438476562,4.0,5.0
76,2,0,67.0,67.0,24835.205162147762,24835.205162147762,1.0,1.0,2,133,0,1864.8210154657468,5065,718,4347,0.0,0.0,72,70.82101546574671,1794.0,6,9,False,{},{},{},{},0.0,0.0,0.0,0.0,0.0,0.0,0.0,0.0,0.0,0.0,0.0,0.0,0.0,0.0,Leave Event,0.0,"{'node_level': {}, 'link_level': {}, 'path_level': {}}","{'node_level': {}, 'link_level': {}, 'path_level': {}}","{'node_level': {}, 'link_level': {}, 'path_level': {}}",[],-inf,-inf,True,True,False,0,[],0,0.0,,,,
76,2,0,67.0,67.0,24835.205162147762,24835.205162147762,1.0,1.0,2,134,0,1875.1138353006334,5065,718,4347,0.0,0.0,61,365.1138353006334,1510.0,4,3,False,{},{},{},{},0.0,0.0,0.0,0.0,0.0,0.0,0.0,0.0,0.0,0.0,0.0,0.0,0.0,0.0,Leave Event,0.0,"{'node_level': {}, 'link_level': {}, 'path_level': {}}","{'node_level': {}, 'link_level': {}, 'path_level': {}}","{'node_level': {}, 'link_level': {}, 'path_level': {}}",[],-inf,-inf,True,True,False,0,[],0,0.0,,,,
77,2,0,67.0,67.0,24835.205162147762,24835.205162147762,1.0,1.0,2,135,1,1888.0,5065,718,4347,0.0,0.0,76,101.22937979015215,1888.0,9,22,False,"{2: 16, 6: 24, 5: 15, 4: 23}","{(6, 2): [(24, 8), (8, 16)], (5, 2): [(15, 7), (7, 3), (3, 8), (8, 16)], (5, 6): [(15, 7), (7, 3), (3, 8), (8, 24)], (4, 2): [(23, 7), (7, 3), (3, 8), (8, 16)], (4, 5): [(23, 7), (7, 15)], (4, 6): [(23, 7), (7, 3), (3, 8), (8, 24)]}","{(2, 16): {'cpu': 20}, (6, 24): {'cpu': 16}, (5, 15): {'cpu': 12}, (4, 23): {'cpu': 7}}","{((6, 2), (24, 8)): {'bw': 25}, ((6, 2), (8, 16)): {'bw': 25}, ((5, 2), (15, 7)): {'bw': 46}, ((5, 2), (7, 3)): {'bw': 46}, ((5, 2), (3, 8)): {'bw': 46}, ((5, 2), (8, 16)): {'bw': 46}, ((5, 6), (15, 7)): {'bw': 25}, ((5, 6), (7, 3)): {'bw': 25}, ((5, 6), (3, 8)): {'bw': 25}, ((5, 6), (8, 24)): {'bw': 25}, ((4, 2), (23, 7)): {'bw': 26}, ((4, 2), (7, 3)): {'bw': 26}, ((4, 2), (3, 8)): {'bw': 26}, ((4, 2), (8, 16)): {'bw': 26}, ((4, 5), (23, 7)): {'bw': 21}, ((4, 5), (7, 15)): {'bw': 21}, ((4, 6), (23, 7)): {'bw': 43}, ((4, 6), (7, 3)): {'bw': 43}, ((4, 6), (3, 8)): {'bw': 43}, ((4, 6), (8, 24)): {'bw': 43}}",0.0,0.0,204.0,102.0,558.0,0.0,0.0,0.0,0.0,0.0,0.0,0.0,0.0,0.0,Place Failure,116.0,"{'node_level': {'cpu': 12}, 'link_level': {}, 'path_level': {}}","{'node_level': {2: {'cpu': -34}, 6: {'cpu': -38}, 5: {'cpu': -42}, 4: {'cpu': -37}, 1: {'cpu': 12}}, 'link_level': {(6, 2): {'bw': -84}, (5, 2): {'bw': -93}, (5, 6): {'bw': -59}, (4, 2): {'bw': -68}, (4, 5): {'bw': -47}, (4, 6): {'bw': -16}}, 'path_level': {(6, 2): {}, (5, 2): {}, (5, 6): {}, (4, 2): {}, (4, 5): {}, (4, 6): {}}}","{'node_level': {2: {'cpu': 0}, 6: {'cpu': 0}, 5: {'cpu': 0}, 4: {'cpu': 0}, 1: {'cpu': 12}}, 'link_level': {(6, 2): {'bw': 0}, (5, 2): {'bw': 0}, (5, 6): {'bw': 0}, (4, 2): {'bw': 0}, (4, 5): {'bw': 0}, (4, 6): {'bw': 0}}, 'path_level': {(6, 2): {}, (5, 2): {}, (5, 6): {}, (4, 2): {}, (4, 5): {}, (4, 6): {}}}",[],-16.0,0.0,False,True,False,0,[],0,0.0,9.0,0.0008299350738525391,4.0,6.0
78,2,0,67.0,67.0,24835.205162147762,24835.205162147762,1.0,1.0,2,136,1,1905.0,5065,718,4347,0.0,0.0,77,78.23788332426555,1905.0,7,9,False,"{6: 16, 3: 24, 4: 15, 0: 23}","{(3, 6): [(24, 8), (8, 16)], (4, 6): [(15, 7), (7, 3), (3, 8), (8, 16)], (0, 6): [(23, 7), (7, 3), (3, 8), (8, 16)]}","{(6, 16): {'cpu': 8}, (3, 24): {'cpu': 15}, (4, 15): {'cpu': 9}, (0, 23): {'cpu': 12}}","{((3, 6), (24, 8)): {'bw': 48}, ((3, 6), (8, 16)): {'bw': 48}, ((4, 6), (15, 7)): {'bw': 48}, ((4, 6), (7, 3)): {'bw': 48}, ((4, 6), (3, 8)): {'bw': 48}, ((4, 6), (8, 16)): {'bw': 48}, ((0, 6), (23, 7)): {'bw': 16}, ((0, 6), (7, 3)): {'bw': 16}, ((0, 6), (3, 8)): {'bw': 16}, ((0, 6), (8, 16)): {'bw': 16}}",0.0,0.0,160.0,80.0,280.0,0.0,0.0,0.0,0.0,0.0,0.0,0.0,0.0,0.0,Place Failure,126.0,"{'node_level': {'cpu': 20}, 'link_level': {}, 'path_level': {}}","{'node_level': {6: {'cpu': -46}, 3: {'cpu': -39}, 4: {'cpu': -45}, 0: {'cpu': -32}, 1: {'cpu': 20}}, 'link_level': {(3, 6): {'bw': -61}, (4, 6): {'bw': -69}, (0, 6): {'bw': -53}}, 'path_level': {(3, 6): {}, (4, 6): {}, (0, 6): {}}}","{'node_level': {6: {'cpu': 0}, 3: {'cpu': 0}, 4: {'cpu': 0}, 0: {'cpu': 0}, 1: {'cpu': 20}}, 'link_level': {(3, 6): {'bw': 0}, (4, 6): {'bw': 0}, (0, 6): {'bw': 0}}, 'path_level': {(3, 6): {}, (4, 6): {}, (0, 6): {}}}",[],-32.0,0.0,False,True,False,0,[],0,0.0,9.0,0.0007319450378417969,4.0,3.0
79,2,0,67.0,67.0,24835.205162147762,24835.205162147762,1.0,1.0,2,137,1,1929.0,5065,718,4347,0.0,0.0,78,334.770291563555,1929.0,7,9,False,"{2: 16, 4: 24, 6: 15, 5: 23}","{(4, 2): [(24, 8), (8, 16)], (6, 2): [(15, 7), (7, 3), (3, 8), (8, 16)], (5, 2): [(23, 7), (7, 3), (3, 8), (8, 16)], (5, 4): [(23, 7), (7, 3), (3, 8), (8, 24)]}","{(2, 16): {'cpu': 15}, (4, 24): {'cpu': 14}, (6, 15): {'cpu': 4}, (5, 23): {'cpu': 0}}","{((4, 2), (24, 8)): {'bw': 34}, ((4, 2), (8, 16)): {'bw': 34}, ((6, 2), (15, 7)): {'bw': 46}, ((6, 2), (7, 3)): {'bw': 46}, ((6, 2), (3, 8)): {'bw': 46}, ((6, 2), (8, 16)): {'bw': 46}, ((5, 2), (23, 7)): {'bw': 49}, ((5, 2), (7, 3)): {'bw': 49}, ((5, 2), (3, 8)): {'bw': 49}, ((5, 2), (8, 16)): {'bw': 49}, ((5, 4), (23, 7)): {'bw': 27}, ((5, 4), (7, 3)): {'bw': 27}, ((5, 4), (3, 8)): {'bw': 27}, ((5, 4), (8, 24)): {'bw': 27}}",0.0,0.0,82.0,41.0,291.0,0.0,0.0,0.0,0.0,0.0,0.0,0.0,0.0,0.0,Place Failure,47.0,"{'node_level': {'cpu': 1}, 'link_level': {}, 'path_level': {}}","{'node_level': {2: {'cpu': -39}, 4: {'cpu': -40}, 6: {'cpu': -50}, 5: {'cpu': -44}, 1: {'cpu': 1}}, 'link_level': {(4, 2): {'bw': -75}, (6, 2): {'bw': -85}, (5, 2): {'bw': -36}, (5, 4): {'bw': -48}}, 'path_level': {(4, 2): {}, (6, 2): {}, (5, 2): {}, (5, 4): {}}}","{'node_level': {2: {'cpu': 0}, 4: {'cpu': 0}, 6: {'cpu': 0}, 5: {'cpu': 0}, 1: {'cpu': 1}}, 'link_level': {(4, 2): {'bw': 0}, (6, 2): {'bw': 0}, (5, 2): {'bw': 0}, (5, 4): {'bw': 0}}, 'path_level': {(4, 2): {}, (6, 2): {}, (5, 2): {}, (5, 4): {}}}",[],-36.0,0.0,False,True,False,0,[],0,0.0,9.0,0.0007717609405517578,4.0,4.0
79,2,0,67.0,67.0,24835.205162147762,24835.205162147762,1.0,1.0,2,138,0,1933.5566474751904,5065,718,4347,0.0,0.0,55,581.5566474751904,1352.0,3,2,False,{},{},{},{},0.0,0.0,0.0,0.0,0.0,0.0,0.0,0.0,0.0,0.0,0.0,0.0,0.0,0.0,Leave Event,0.0,"{'node_level': {}, 'link_level': {}, 'path_level': {}}","{'node_level': {}, 'link_level': {}, 'path_level': {}}","{'node_level': {}, 'link_level': {}, 'path_level': {}}",[],-inf,-inf,True,True,False,0,[],0,0.0,,,,
79,2,0,67.0,67.0,24835.205162147762,24835.205162147762,1.0,1.0,2,139,0,1952.4146563747142,5065,718,4347,0.0,0.0,66,311.4146563747142,1641.0,6,10,False,{},{},{},{},0.0,0.0,0.0,0.0,0.0,0.0,0.0,0.0,0.0,0.0,0.0,0.0,0.0,0.0,Leave Event,0.0,"{'node_level': {}, 'link_level': {}, 'path_level': {}}","{'node_level': {}, 'link_level': {}, 'path_level': {}}","{'node_level': {}, 'link_level': {}, 'path_level': {}}",[],-inf,-inf,True,True,False,0,[],0,0.0,,,,
80,2,0,67.0,67.0,24835.205162147762,24835.205162147762,1.0,1.0,2,140,1,1961.0,5065,718,4347,0.0,0.0,79,219.72769743358484,1961.0,2,1,False,"{1: 16, 0: 24}","{(0, 1): [(24, 8), (8, 16)]}","{(1, 16): {'cpu': 9}, (0, 24): {'cpu': 4}}","{((0, 1), (24, 8)): {'bw': 8}, ((0, 1), (8, 16)): {'bw': 8}}",0.0,0.0,26.0,13.0,8.0,0.0,0.0,0.0,0.0,0.0,0.0,0.0,0.0,0.0,Place Failure,8.0,"{'node_level': {'cpu': -50}, 'link_level': {'bw': -101}, 'path_level': {}}","{'node_level': {1: {'cpu': -45}, 0: {'cpu': -50}}, 'link_level': {(0, 1): {'bw': -101}}, 'path_level': {(0, 1): {}}}","{'node_level': {1: {'cpu': 0}, 0: {'cpu': 0}}, 'link_level': {(0, 1): {'bw': 0}}, 'path_level': {(0, 1): {}}}",[],-50.0,0.0,False,True,False,0,[],0,0.0,2.0,0.0005581378936767578,2.0,1.0
80,2,0,67.0,67.0,24835.205162147762,24835.205162147762,1.0,1.0,2,141,0,1983.2378833242656,5065,718,4347,0.0,0.0,77,78.23788332426555,1905.0,7,9,False,{},{},{},{},0.0,0.0,0.0,0.0,0.0,0.0,0.0,0.0,0.0,0.0,0.0,0.0,0.0,0.0,Leave Event,0.0,"{'node_level': {}, 'link_level': {}, 'path_level': {}}","{'node_level': {}, 'link_level': {}, 'path_level': {}}","{'node_level': {}, 'link_level': {}, 'path_level': {}}",[],-inf,-inf,True,True,False,0,[],0,0.0,,,,
80,2,0,67.0,67.0,24835.205162147762,24835.205162147762,1.0,1.0,2,142,0,1989.229379790152,5065,718,4347,0.0,0.0,76,101.22937979015215,1888.0,9,22,False,{},{},{},{},0.0,0.0,0.0,0.0,0.0,0.0,0.0,0.0,0.0,0.0,0.0,0.0,0.0,0.0,Leave Event,0.0,"{'node_level': {}, 'link_level': {}, 'path_level': {}}","{'node_level': {}, 'link_level': {}, 'path_level': {}}","{'node_level': {}, 'link_level': {}, 'path_level': {}}",[],-inf,-inf,True,True,False,0,[],0,0.0,,,,
81,2,0,67.0,67.0,24835.205162147762,24835.205162147762,1.0,1.0,2,143,1,1993.0,5065,718,4347,0.0,0.0,80,1410.3179213908877,1993.0,3,2,False,"{2: 16, 1: 24, 0: 15}","{(1, 2): [(24, 8), (8, 16)], (0, 2): [(15, 7), (7, 3), (3, 8), (8, 16)]}","{(2, 16): {'cpu': 16}, (1, 24): {'cpu': 20}, (0, 15): {'cpu': 20}}","{((1, 2), (24, 8)): {'bw': 43}, ((1, 2), (8, 16)): {'bw': 43}, ((0, 2), (15, 7)): {'bw': 39}, ((0, 2), (7, 3)): {'bw': 39}, ((0, 2), (3, 8)): {'bw': 39}, ((0, 2), (8, 16)): {'bw': 39}}",0.0,0.0,112.0,56.0,82.0,0.0,0.0,0.0,0.0,0.0,0.0,0.0,0.0,0.0,Place Failure,120.0,"{'node_level': {'cpu': -34}, 'link_level': {'bw': -83}, 'path_level': {}}","{'node_level': {2: {'cpu': -38}, 1: {'cpu': -34}, 0: {'cpu': -34}}, 'link_level': {(1, 2): {'bw': -66}, (0, 2): {'bw': -83}}, 'path_level': {(1, 2): {}, (0, 2): {}}}","{'node_level': {2: {'cpu': 0}, 1: {'cpu': 0}, 0: {'cpu': 0}}, 'link_level': {(1, 2): {'bw': 0}, (0, 2): {'bw': 0}}, 'path_level': {(1, 2): {}, (0, 2): {}}}",[],-34.0,0.0,False,True,False,0,[],0,0.0,6.0,0.0006289482116699219,3.0,2.0
81,2,0,67.0,67.0,24835.205162147762,24835.205162147762,1.0,1.0,2,144,0,2010.5378089796845,5065,718,4347,0.0,0.0,22,1444.5378089796845,566.0,5,7,False,{},{},{},{},0.0,0.0,0.0,0.0,0.0,0.0,0.0,0.0,0.0,0.0,0.0,0.0,0.0,0.0,Leave Event,0.0,"{'node_level': {}, 'link_level': {}, 'path_level': {}}","{'node_level': {}, 'link_level': {}, 'path_level': {}}","{'node_level': {}, 'link_level': {}, 'path_level': {}}",[],-inf,-inf,True,True,False,0,[],0,0.0,,,,
82,2,0,67.0,67.0,24835.205162147762,24835.205162147762,1.0,1.0,2,145,1,2027.0,5065,718,4347,0.0,0.0,81,724.7773911425162,2027.0,7,11,False,"{0: 16, 6: 24, 4: 15, 5: 23}","{(6, 0): [(24, 8), (8, 16)], (4, 0): [(15, 7), (7, 3), (3, 8), (8, 16)], (5, 0): [(23, 7), (7, 3), (3, 8), (8, 16)], (5, 4): [(23, 7), (7, 15)]}","{(0, 16): {'cpu': 10}, (6, 24): {'cpu': 6}, (4, 15): {'cpu': 5}, (5, 23): {'cpu': 2}}","{((6, 0), (24, 8)): {'bw': 37}, ((6, 0), (8, 16)): {'bw': 37}, ((4, 0), (15, 7)): {'bw': 41}, ((4, 0), (7, 3)): {'bw': 41}, ((4, 0), (3, 8)): {'bw': 41}, ((4, 0), (8, 16)): {'bw': 41}, ((5, 0), (23, 7)): {'bw': 45}, ((5, 0), (7, 3)): {'bw': 45}, ((5, 0), (3, 8)): {'bw': 45}, ((5, 0), (8, 16)): {'bw': 45}, ((5, 4), (23, 7)): {'bw': 14}, ((5, 4), (7, 15)): {'bw': 14}}",0.0,0.0,120.0,60.0,260.0,0.0,0.0,0.0,0.0,0.0,0.0,0.0,0.0,0.0,Place Failure,77.0,"{'node_level': {'cpu': 15}, 'link_level': {}, 'path_level': {}}","{'node_level': {0: {'cpu': -44}, 6: {'cpu': -48}, 4: {'cpu': -49}, 5: {'cpu': -42}, 2: {'cpu': 15}}, 'link_level': {(6, 0): {'bw': -72}, (4, 0): {'bw': -87}, (5, 0): {'bw': -42}, (5, 4): {'bw': -73}}, 'path_level': {(6, 0): {}, (4, 0): {}, (5, 0): {}, (5, 4): {}}}","{'node_level': {0: {'cpu': 0}, 6: {'cpu': 0}, 4: {'cpu': 0}, 5: {'cpu': 0}, 2: {'cpu': 15}}, 'link_level': {(6, 0): {'bw': 0}, (4, 0): {'bw': 0}, (5, 0): {'bw': 0}, (5, 4): {'bw': 0}}, 'path_level': {(6, 0): {}, (4, 0): {}, (5, 0): {}, (5, 4): {}}}",[],-42.0,0.0,False,True,False,0,[],0,0.0,9.0,0.0007641315460205078,4.0,4.0
83,2,0,67.0,67.0,24835.205162147762,24835.205162147762,1.0,1.0,2,146,1,2050.0,5065,718,4347,0.0,0.0,82,690.4815385526072,2050.0,5,5,False,"{4: 16, 1: 24, 2: 15, 0: 23}","{(1, 4): [(24, 8), (8, 16)], (2, 4): [(15, 7), (7, 3), (3, 8), (8, 16)], (0, 1): [(23, 7), (7, 3), (3, 8), (8, 24)]}","{(4, 16): {'cpu': 20}, (1, 24): {'cpu': 11}, (2, 15): {'cpu': 16}, (0, 23): {'cpu': 19}}","{((1, 4), (24, 8)): {'bw': 9}, ((1, 4), (8, 16)): {'bw': 9}, ((2, 4), (15, 7)): {'bw': 35}, ((2, 4), (7, 3)): {'bw': 35}, ((2, 4), (3, 8)): {'bw': 35}, ((2, 4), (8, 16)): {'bw': 35}, ((0, 1), (23, 7)): {'bw': 17}, ((0, 1), (7, 3)): {'bw': 17}, ((0, 1), (3, 8)): {'bw': 17}, ((0, 1), (8, 24)): {'bw': 17}}",0.0,0.0,138.0,69.0,87.0,0.0,0.0,0.0,0.0,0.0,0.0,0.0,0.0,0.0,Place Failure,95.0,"{'node_level': {'cpu': 3}, 'link_level': {}, 'path_level': {}}","{'node_level': {4: {'cpu': -34}, 1: {'cpu': -43}, 2: {'cpu': -38}, 0: {'cpu': -25}, 3: {'cpu': 3}}, 'link_level': {(1, 4): {'bw': -100}, (2, 4): {'bw': -104}, (0, 1): {'bw': -83}}, 'path_level': {(1, 4): {}, (2, 4): {}, (0, 1): {}}}","{'node_level': {4: {'cpu': 0}, 1: {'cpu': 0}, 2: {'cpu': 0}, 0: {'cpu': 0}, 3: {'cpu': 3}}, 'link_level': {(1, 4): {'bw': 0}, (2, 4): {'bw': 0}, (0, 1): {'bw': 0}}, 'path_level': {(1, 4): {}, (2, 4): {}, (0, 1): {}}}",[],-25.0,0.0,False,True,False,0,[],0,0.0,9.0,0.0007901191711425781,4.0,3.0
84,2,0,67.0,67.0,24835.205162147762,24835.205162147762,1.0,1.0,2,147,1,2072.0,5065,718,4347,0.0,0.0,83,1170.2459814875444,2072.0,2,1,False,"{0: 16, 1: 24}","{(1, 0): [(24, 8), (8, 16)]}","{(0, 16): {'cpu': 19}, (1, 24): {'cpu': 15}}","{((1, 0), (24, 8)): {'bw': 27}, ((1, 0), (8, 16)): {'bw': 27}}",0.0,0.0,68.0,34.0,27.0,0.0,0.0,0.0,0.0,0.0,0.0,0.0,0.0,0.0,Place Failure,30.0,"{'node_level': {'cpu': -39}, 'link_level': {'bw': -82}, 'path_level': {}}","{'node_level': {0: {'cpu': -35}, 1: {'cpu': -39}}, 'link_level': {(1, 0): {'bw': -82}}, 'path_level': {(1, 0): {}}}","{'node_level': {0: {'cpu': 0}, 1: {'cpu': 0}}, 'link_level': {(1, 0): {'bw': 0}}, 'path_level': {(1, 0): {}}}",[],-39.0,0.0,False,True,False,0,[],0,0.0,2.0,0.0005629062652587891,2.0,1.0
84,2,0,67.0,67.0,24835.205162147762,24835.205162147762,1.0,1.0,2,148,0,2072.920021265736,5065,718,4347,0.0,0.0,38,1134.9200212657358,938.0,6,9,False,{},{},{},{},0.0,0.0,0.0,0.0,0.0,0.0,0.0,0.0,0.0,0.0,0.0,0.0,0.0,0.0,Leave Event,0.0,"{'node_level': {}, 'link_level': {}, 'path_level': {}}","{'node_level': {}, 'link_level': {}, 'path_level': {}}","{'node_level': {}, 'link_level': {}, 'path_level': {}}",[],-inf,-inf,True,True,False,0,[],0,0.0,,,,
84,2,0,67.0,67.0,24835.205162147762,24835.205162147762,1.0,1.0,2,149,0,2082.071661272128,5065,718,4347,0.0,0.0,48,889.071661272128,1193.0,7,9,False,{},{},{},{},0.0,0.0,0.0,0.0,0.0,0.0,0.0,0.0,0.0,0.0,0.0,0.0,0.0,0.0,Leave Event,0.0,"{'node_level': {}, 'link_level': {}, 'path_level': {}}","{'node_level': {}, 'link_level': {}, 'path_level': {}}","{'node_level': {}, 'link_level': {}, 'path_level': {}}",[],-inf,-inf,True,True,False,0,[],0,0.0,,,,
84,2,0,67.0,67.0,24835.205162147762,24835.205162147762,1.0,1.0,2,150,0,2083.2540043418444,5065,718,4347,0.0,0.0,58,656.2540043418445,1427.0,5,6,False,{},{},{},{},0.0,0.0,0.0,0.0,0.0,0.0,0.0,0.0,0.0,0.0,0.0,0.0,0.0,0.0,Leave Event,0.0,"{'node_level': {}, 'link_level': {}, 'path_level': {}}","{'node_level': {}, 'link_level': {}, 'path_level': {}}","{'node_level': {}, 'link_level': {}, 'path_level': {}}",[],-inf,-inf,True,True,False,0,[],0,0.0,,,,
84,2,0,67.0,67.0,24835.205162147762,24835.205162147762,1.0,1.0,2,151,0,2085.859729757419,5065,718,4347,0.0,0.0,52,799.859729757419,1286.0,3,2,False,{},{},{},{},0.0,0.0,0.0,0.0,0.0,0.0,0.0,0.0,0.0,0.0,0.0,0.0,0.0,0.0,Leave Event,0.0,"{'node_level': {}, 'link_level': {}, 'path_level': {}}","{'node_level': {}, 'link_level': {}, 'path_level': {}}","{'node_level': {}, 'link_level': {}, 'path_level': {}}",[],-inf,-inf,True,True,False,0,[],0,0.0,,,,
84,2,0,67.0,67.0,24835.205162147762,24835.205162147762,1.0,1.0,2,152,0,2098.1399658201603,5065,718,4347,0.0,0.0,74,252.13996582016046,1846.0,6,10,False,{},{},{},{},0.0,0.0,0.0,0.0,0.0,0.0,0.0,0.0,0.0,0.0,0.0,0.0,0.0,0.0,Leave Event,0.0,"{'node_level': {}, 'link_level': {}, 'path_level': {}}","{'node_level': {}, 'link_level': {}, 'path_level': {}}","{'node_level': {}, 'link_level': {}, 'path_level': {}}",[],-inf,-inf,True,True,False,0,[],0,0.0,,,,
85,2,0,67.0,67.0,24835.205162147762,24835.205162147762,1.0,1.0,2,153,1,2104.0,5065,718,4347,0.0,0.0,84,43.554292007231695,2104.0,7,11,False,"{3: 16, 2: 24, 0: 15, 4: 23}","{(2, 3): [(24, 8), (8, 16)], (0, 3): [(15, 7), (7, 3), (3, 8), (8, 16)], (4, 2): [(23, 7), (7, 3), (3, 8), (8, 24)], (4, 3): [(23, 7), (7, 3), (3, 8), (8, 16)]}","{(3, 16): {'cpu': 17}, (2, 24): {'cpu': 7}, (0, 15): {'cpu': 4}, (4, 23): {'cpu': 12}}","{((2, 3), (24, 8)): {'bw': 13}, ((2, 3), (8, 16)): {'bw': 13}, ((0, 3), (15, 7)): {'bw': 22}, ((0, 3), (7, 3)): {'bw': 22}, ((0, 3), (3, 8)): {'bw': 22}, ((0, 3), (8, 16)): {'bw': 22}, ((4, 2), (23, 7)): {'bw': 13}, ((4, 2), (7, 3)): {'bw': 13}, ((4, 2), (3, 8)): {'bw': 13}, ((4, 2), (8, 24)): {'bw': 13}, ((4, 3), (23, 7)): {'bw': 40}, ((4, 3), (7, 3)): {'bw': 40}, ((4, 3), (3, 8)): {'bw': 40}, ((4, 3), (8, 16)): {'bw': 40}}",0.0,0.0,126.0,63.0,301.0,0.0,0.0,0.0,0.0,0.0,0.0,0.0,0.0,0.0,Place Failure,63.0,"{'node_level': {'cpu': 11}, 'link_level': {}, 'path_level': {}}","{'node_level': {3: {'cpu': -37}, 2: {'cpu': -47}, 0: {'cpu': -50}, 4: {'cpu': -32}, 6: {'cpu': 11}}, 'link_level': {(2, 3): {'bw': -96}, (0, 3): {'bw': -117}, (4, 2): {'bw': -83}, (4, 3): {'bw': -79}}, 'path_level': {(2, 3): {}, (0, 3): {}, (4, 2): {}, (4, 3): {}}}","{'node_level': {3: {'cpu': 0}, 2: {'cpu': 0}, 0: {'cpu': 0}, 4: {'cpu': 0}, 6: {'cpu': 11}}, 'link_level': {(2, 3): {'bw': 0}, (0, 3): {'bw': 0}, (4, 2): {'bw': 0}, (4, 3): {'bw': 0}}, 'path_level': {(2, 3): {}, (0, 3): {}, (4, 2): {}, (4, 3): {}}}",[],-32.0,0.0,False,True,False,0,[],0,0.0,9.0,0.0007579326629638672,4.0,4.0
85,2,0,67.0,67.0,24835.205162147762,24835.205162147762,1.0,1.0,2,154,0,2126.892829380752,5065,718,4347,0.0,0.0,68,441.89282938075206,1685.0,6,5,False,{},{},{},{},0.0,0.0,0.0,0.0,0.0,0.0,0.0,0.0,0.0,0.0,0.0,0.0,0.0,0.0,Leave Event,0.0,"{'node_level': {}, 'link_level': {}, 'path_level': {}}","{'node_level': {}, 'link_level': {}, 'path_level': {}}","{'node_level': {}, 'link_level': {}, 'path_level': {}}",[],-inf,-inf,True,True,False,0,[],0,0.0,,,,
85,2,0,67.0,67.0,24835.205162147762,24835.205162147762,1.0,1.0,2,155,0,2131.261917232891,5065,718,4347,0.0,0.0,71,364.2619172328909,1767.0,6,8,False,{},{},{},{},0.0,0.0,0.0,0.0,0.0,0.0,0.0,0.0,0.0,0.0,0.0,0.0,0.0,0.0,Leave Event,0.0,"{'node_level': {}, 'link_level': {}, 'path_level': {}}","{'node_level': {}, 'link_level': {}, 'path_level': {}}","{'node_level': {}, 'link_level': {}, 'path_level': {}}",[],-inf,-inf,True,True,False,0,[],0,0.0,,,,
86,2,0,67.0,67.0,24835.205162147762,24835.205162147762,1.0,1.0,2,156,1,2137.0,5065,718,4347,0.0,0.0,85,401.69587962146755,2137.0,2,1,False,"{1: 16, 0: 24}","{(0, 1): [(24, 8), (8, 16)]}","{(1, 16): {'cpu': 18}, (0, 24): {'cpu': 4}}","{((0, 1), (24, 8)): {'bw': 48}, ((0, 1), (8, 16)): {'bw': 48}}",0.0,0.0,44.0,22.0,48.0,0.0,0.0,0.0,0.0,0.0,0.0,0.0,0.0,0.0,Place Failure,8.0,"{'node_level': {'cpu': -50}, 'link_level': {'bw': -61}, 'path_level': {}}","{'node_level': {1: {'cpu': -36}, 0: {'cpu': -50}}, 'link_level': {(0, 1): {'bw': -61}}, 'path_level': {(0, 1): {}}}","{'node_level': {1: {'cpu': 0}, 0: {'cpu': 0}}, 'link_level': {(0, 1): {'bw': 0}}, 'path_level': {(0, 1): {}}}",[],-50.0,0.0,False,True,False,0,[],0,0.0,2.0,0.0006020069122314453,2.0,1.0
86,2,0,67.0,67.0,24835.205162147762,24835.205162147762,1.0,1.0,2,157,0,2147.5542920072317,5065,718,4347,0.0,0.0,84,43.554292007231695,2104.0,7,11,False,{},{},{},{},0.0,0.0,0.0,0.0,0.0,0.0,0.0,0.0,0.0,0.0,0.0,0.0,0.0,0.0,Leave Event,0.0,"{'node_level': {}, 'link_level': {}, 'path_level': {}}","{'node_level': {}, 'link_level': {}, 'path_level': {}}","{'node_level': {}, 'link_level': {}, 'path_level': {}}",[],-inf,-inf,True,True,False,0,[],0,0.0,,,,
87,2,0,67.0,67.0,24835.205162147762,24835.205162147762,1.0,1.0,2,158,1,2164.0,5065,718,4347,0.0,0.0,86,439.10753528544217,2164.0,3,3,False,"{2: 16, 1: 24, 0: 15}","{(1, 2): [(24, 8), (8, 16)], (0, 1): [(15, 7), (7, 3), (3, 8), (8, 24)], (0, 2): [(15, 7), (7, 3), (3, 8), (8, 16)]}","{(2, 16): {'cpu': 11}, (1, 24): {'cpu': 8}, (0, 15): {'cpu': 2}}","{((1, 2), (24, 8)): {'bw': 47}, ((1, 2), (8, 16)): {'bw': 47}, ((0, 1), (15, 7)): {'bw': 15}, ((0, 1), (7, 3)): {'bw': 15}, ((0, 1), (3, 8)): {'bw': 15}, ((0, 1), (8, 24)): {'bw': 15}, ((0, 2), (15, 7)): {'bw': 23}, ((0, 2), (7, 3)): {'bw': 23}, ((0, 2), (3, 8)): {'bw': 23}, ((0, 2), (8, 16)): {'bw': 23}}",0.0,0.0,42.0,21.0,85.0,0.0,0.0,0.0,0.0,0.0,0.0,0.0,0.0,0.0,Place Failure,24.0,"{'node_level': {'cpu': -52}, 'link_level': {'bw': -47}, 'path_level': {}}","{'node_level': {2: {'cpu': -43}, 1: {'cpu': -46}, 0: {'cpu': -52}}, 'link_level': {(1, 2): {'bw': -62}, (0, 1): {'bw': -47}, (0, 2): {'bw': -95}}, 'path_level': {(1, 2): {}, (0, 1): {}, (0, 2): {}}}","{'node_level': {2: {'cpu': 0}, 1: {'cpu': 0}, 0: {'cpu': 0}}, 'link_level': {(1, 2): {'bw': 0}, (0, 1): {'bw': 0}, (0, 2): {'bw': 0}}, 'path_level': {(1, 2): {}, (0, 1): {}, (0, 2): {}}}",[],-47.0,0.0,False,True,False,0,[],0,0.0,6.0,0.0006620883941650391,3.0,3.0
88,2,0,67.0,67.0,24835.205162147762,24835.205162147762,1.0,1.0,2,159,1,2180.0,5065,718,4347,0.0,0.0,87,1634.2481352453326,2180.0,4,4,False,"{1: 16, 0: 24, 3: 15, 2: 23}","{(0, 1): [(24, 8), (8, 16)], (3, 0): [(15, 7), (7, 3), (3, 8), (8, 24)], (3, 1): [(15, 7), (7, 3), (3, 8), (8, 16)], (2, 1): [(23, 7), (7, 3), (3, 8), (8, 16)]}","{(1, 16): {'cpu': 14}, (0, 24): {'cpu': 13}, (3, 15): {'cpu': 18}, (2, 23): {'cpu': 14}}","{((0, 1), (24, 8)): {'bw': 46}, ((0, 1), (8, 16)): {'bw': 46}, ((3, 0), (15, 7)): {'bw': 45}, ((3, 0), (7, 3)): {'bw': 45}, ((3, 0), (3, 8)): {'bw': 45}, ((3, 0), (8, 24)): {'bw': 45}, ((3, 1), (15, 7)): {'bw': 4}, ((3, 1), (7, 3)): {'bw': 4}, ((3, 1), (3, 8)): {'bw': 4}, ((3, 1), (8, 16)): {'bw': 4}, ((2, 1), (23, 7)): {'bw': 33}, ((2, 1), (7, 3)): {'bw': 33}, ((2, 1), (3, 8)): {'bw': 33}, ((2, 1), (8, 16)): {'bw': 33}}",0.0,0.0,118.0,59.0,128.0,0.0,0.0,0.0,0.0,0.0,0.0,0.0,0.0,0.0,Place Failure,98.0,"{'node_level': {'cpu': -30}, 'link_level': {'bw': -82}, 'path_level': {}}","{'node_level': {1: {'cpu': -40}, 0: {'cpu': -41}, 3: {'cpu': -36}, 2: {'cpu': -30}}, 'link_level': {(0, 1): {'bw': -63}, (3, 0): {'bw': -18}, (3, 1): {'bw': -90}, (2, 1): {'bw': -82}}, 'path_level': {(0, 1): {}, (3, 0): {}, (3, 1): {}, (2, 1): {}}}","{'node_level': {1: {'cpu': 0}, 0: {'cpu': 0}, 3: {'cpu': 0}, 2: {'cpu': 0}}, 'link_level': {(0, 1): {'bw': 0}, (3, 0): {'bw': 0}, (3, 1): {'bw': 0}, (2, 1): {'bw': 0}}, 'path_level': {(0, 1): {}, (3, 0): {}, (3, 1): {}, (2, 1): {}}}",[],-30.0,0.0,False,True,False,0,[],0,0.0,6.0,0.0006761550903320312,4.0,4.0
88,2,0,67.0,67.0,24835.205162147762,24835.205162147762,1.0,1.0,2,160,0,2180.727697433585,5065,718,4347,0.0,0.0,79,219.72769743358484,1961.0,2,1,False,{},{},{},{},0.0,0.0,0.0,0.0,0.0,0.0,0.0,0.0,0.0,0.0,0.0,0.0,0.0,0.0,Leave Event,0.0,"{'node_level': {}, 'link_level': {}, 'path_level': {}}","{'node_level': {}, 'link_level': {}, 'path_level': {}}","{'node_level': {}, 'link_level': {}, 'path_level': {}}",[],-inf,-inf,True,True,False,0,[],0,0.0,,,,
89,2,0,67.0,67.0,24835.205162147762,24835.205162147762,1.0,1.0,2,161,1,2201.0,5065,718,4347,0.0,0.0,88,172.75978908831172,2201.0,6,6,False,"{0: 16, 2: 24, 5: 15, 1: 23}","{(2, 0): [(24, 8), (8, 16)], (5, 0): [(15, 7), (7, 3), (3, 8), (8, 16)], (5, 2): [(15, 7), (7, 3), (3, 8), (8, 24)], (1, 0): [(23, 7), (7, 3), (3, 8), (8, 16)]}","{(0, 16): {'cpu': 20}, (2, 24): {'cpu': 20}, (5, 15): {'cpu': 8}, (1, 23): {'cpu': 10}}","{((2, 0), (24, 8)): {'bw': 46}, ((2, 0), (8, 16)): {'bw': 46}, ((5, 0), (15, 7)): {'bw': 13}, ((5, 0), (7, 3)): {'bw': 13}, ((5, 0), (3, 8)): {'bw': 13}, ((5, 0), (8, 16)): {'bw': 13}, ((5, 2), (15, 7)): {'bw': 29}, ((5, 2), (7, 3)): {'bw': 29}, ((5, 2), (3, 8)): {'bw': 29}, ((5, 2), (8, 24)): {'bw': 29}, ((1, 0), (23, 7)): {'bw': 9}, ((1, 0), (7, 3)): {'bw': 9}, ((1, 0), (3, 8)): {'bw': 9}, ((1, 0), (8, 16)): {'bw': 9}}",0.0,0.0,160.0,80.0,123.0,0.0,0.0,0.0,0.0,0.0,0.0,0.0,0.0,0.0,Place Failure,126.0,"{'node_level': {'cpu': 18}, 'link_level': {}, 'path_level': {}}","{'node_level': {0: {'cpu': -34}, 2: {'cpu': -34}, 5: {'cpu': -46}, 1: {'cpu': -34}, 3: {'cpu': 18}}, 'link_level': {(2, 0): {'bw': -63}, (5, 0): {'bw': -106}, (5, 2): {'bw': -34}, (1, 0): {'bw': -97}}, 'path_level': {(2, 0): {}, (5, 0): {}, (5, 2): {}, (1, 0): {}}}","{'node_level': {0: {'cpu': 0}, 2: {'cpu': 0}, 5: {'cpu': 0}, 1: {'cpu': 0}, 3: {'cpu': 18}}, 'link_level': {(2, 0): {'bw': 0}, (5, 0): {'bw': 0}, (5, 2): {'bw': 0}, (1, 0): {'bw': 0}}, 'path_level': {(2, 0): {}, (5, 0): {}, (5, 2): {}, (1, 0): {}}}",[],-34.0,0.0,False,True,False,0,[],0,0.0,9.0,0.0007240772247314453,4.0,4.0
90,2,0,67.0,67.0,24835.205162147762,24835.205162147762,1.0,1.0,2,162,1,2216.0,5065,718,4347,0.0,0.0,89,137.7639703090671,2216.0,4,3,False,"{2: 16, 3: 24, 1: 15, 0: 23}","{(3, 2): [(24, 8), (8, 16)], (1, 2): [(15, 7), (7, 3), (3, 8), (8, 16)], (0, 3): [(23, 7), (7, 3), (3, 8), (8, 24)]}","{(2, 16): {'cpu': 9}, (3, 24): {'cpu': 14}, (1, 15): {'cpu': 13}, (0, 23): {'cpu': 8}}","{((3, 2), (24, 8)): {'bw': 29}, ((3, 2), (8, 16)): {'bw': 29}, ((1, 2), (15, 7)): {'bw': 37}, ((1, 2), (7, 3)): {'bw': 37}, ((1, 2), (3, 8)): {'bw': 37}, ((1, 2), (8, 16)): {'bw': 37}, ((0, 3), (23, 7)): {'bw': 12}, ((0, 3), (7, 3)): {'bw': 12}, ((0, 3), (3, 8)): {'bw': 12}, ((0, 3), (8, 24)): {'bw': 12}}",0.0,0.0,88.0,44.0,78.0,0.0,0.0,0.0,0.0,0.0,0.0,0.0,0.0,0.0,Place Failure,80.0,"{'node_level': {'cpu': -36}, 'link_level': {'bw': -68}, 'path_level': {}}","{'node_level': {2: {'cpu': -45}, 3: {'cpu': -40}, 1: {'cpu': -41}, 0: {'cpu': -36}}, 'link_level': {(3, 2): {'bw': -80}, (1, 2): {'bw': -99}, (0, 3): {'bw': -68}}, 'path_level': {(3, 2): {}, (1, 2): {}, (0, 3): {}}}","{'node_level': {2: {'cpu': 0}, 3: {'cpu': 0}, 1: {'cpu': 0}, 0: {'cpu': 0}}, 'link_level': {(3, 2): {'bw': 0}, (1, 2): {'bw': 0}, (0, 3): {'bw': 0}}, 'path_level': {(3, 2): {}, (1, 2): {}, (0, 3): {}}}",[],-36.0,0.0,False,True,False,0,[],0,0.0,6.0,0.0007050037384033203,4.0,3.0
91,2,0,67.0,67.0,24835.205162147762,24835.205162147762,1.0,1.0,2,163,1,2249.0,5065,718,4347,0.0,0.0,90,52.84358576063194,2249.0,2,1,False,"{0: 16, 1: 24}","{(1, 0): [(24, 8), (8, 16)]}","{(0, 16): {'cpu': 13}, (1, 24): {'cpu': 11}}","{((1, 0), (24, 8)): {'bw': 44}, ((1, 0), (8, 16)): {'bw': 44}}",0.0,0.0,48.0,24.0,44.0,0.0,0.0,0.0,0.0,0.0,0.0,0.0,0.0,0.0,Place Failure,22.0,"{'node_level': {'cpu': -43}, 'link_level': {'bw': -65}, 'path_level': {}}","{'node_level': {0: {'cpu': -41}, 1: {'cpu': -43}}, 'link_level': {(1, 0): {'bw': -65}}, 'path_level': {(1, 0): {}}}","{'node_level': {0: {'cpu': 0}, 1: {'cpu': 0}}, 'link_level': {(1, 0): {'bw': 0}}, 'path_level': {(1, 0): {}}}",[],-43.0,0.0,False,True,False,0,[],0,0.0,2.0,0.0005698204040527344,2.0,1.0
91,2,0,67.0,67.0,24835.205162147762,24835.205162147762,1.0,1.0,2,164,0,2263.770291563555,5065,718,4347,0.0,0.0,78,334.770291563555,1929.0,7,9,False,{},{},{},{},0.0,0.0,0.0,0.0,0.0,0.0,0.0,0.0,0.0,0.0,0.0,0.0,0.0,0.0,Leave Event,0.0,"{'node_level': {}, 'link_level': {}, 'path_level': {}}","{'node_level': {}, 'link_level': {}, 'path_level': {}}","{'node_level': {}, 'link_level': {}, 'path_level': {}}",[],-inf,-inf,True,True,False,0,[],0,0.0,,,,
91,2,0,67.0,67.0,24835.205162147762,24835.205162147762,1.0,1.0,2,165,0,2268.4106121944405,5065,718,4347,0.0,0.0,50,1030.4106121944408,1238.0,10,16,False,{},{},{},{},0.0,0.0,0.0,0.0,0.0,0.0,0.0,0.0,0.0,0.0,0.0,0.0,0.0,0.0,Leave Event,0.0,"{'node_level': {}, 'link_level': {}, 'path_level': {}}","{'node_level': {}, 'link_level': {}, 'path_level': {}}","{'node_level': {}, 'link_level': {}, 'path_level': {}}",[],-inf,-inf,True,True,False,0,[],0,0.0,,,,
91,2,0,67.0,67.0,24835.205162147762,24835.205162147762,1.0,1.0,2,166,0,2279.6891251163397,5065,718,4347,0.0,0.0,75,416.6891251163398,1863.0,5,9,False,{},{},{},{},0.0,0.0,0.0,0.0,0.0,0.0,0.0,0.0,0.0,0.0,0.0,0.0,0.0,0.0,Leave Event,0.0,"{'node_level': {}, 'link_level': {}, 'path_level': {}}","{'node_level': {}, 'link_level': {}, 'path_level': {}}","{'node_level': {}, 'link_level': {}, 'path_level': {}}",[],-inf,-inf,True,True,False,0,[],0,0.0,,,,
92,2,0,67.0,67.0,24835.205162147762,24835.205162147762,1.0,1.0,2,167,1,2282.0,5065,718,4347,0.0,0.0,91,8.283046356323885,2282.0,5,6,False,"{3: 16, 0: 24, 2: 15, 4: 9}","{(0, 3): [(24, 8), (8, 16)], (2, 3): [(15, 7), (7, 3), (3, 8), (8, 16)], (4, 0): [(9, 4), (4, 1), (1, 3), (3, 8), (8, 24)], (4, 2): [(9, 4), (4, 1), (1, 3), (3, 7), (7, 15)], (4, 3): [(9, 4), (4, 1), (1, 3), (3, 8), (8, 16)]}","{(3, 16): {'cpu': 15}, (0, 24): {'cpu': 9}, (2, 15): {'cpu': 8}, (4, 9): {'cpu': 0}}","{((0, 3), (24, 8)): {'bw': 16}, ((0, 3), (8, 16)): {'bw': 16}, ((2, 3), (15, 7)): {'bw': 44}, ((2, 3), (7, 3)): {'bw': 44}, ((2, 3), (3, 8)): {'bw': 44}, ((2, 3), (8, 16)): {'bw': 44}, ((4, 0), (9, 4)): {'bw': 50}, ((4, 0), (4, 1)): {'bw': 50}, ((4, 0), (1, 3)): {'bw': 50}, ((4, 0), (3, 8)): {'bw': 50}, ((4, 0), (8, 24)): {'bw': 50}, ((4, 2), (9, 4)): {'bw': 50}, ((4, 2), (4, 1)): {'bw': 50}, ((4, 2), (1, 3)): {'bw': 50}, ((4, 2), (3, 7)): {'bw': 50}, ((4, 2), (7, 15)): {'bw': 50}, ((4, 3), (9, 4)): {'bw': 49}, ((4, 3), (4, 1)): {'bw': 49}, ((4, 3), (1, 3)): {'bw': 49}, ((4, 3), (3, 8)): {'bw': 49}, ((4, 3), (8, 16)): {'bw': 49}}",0.0,0.0,98.0,49.0,253.0,0.0,0.0,0.0,0.0,0.0,0.0,0.0,0.0,0.0,Place Failure,267.0,"{'node_level': {'cpu': 17}, 'link_level': {}, 'path_level': {}}","{'node_level': {3: {'cpu': -39}, 0: {'cpu': -45}, 2: {'cpu': -46}, 4: {'cpu': 0}, 1: {'cpu': 17}}, 'link_level': {(0, 3): {'bw': -93}, (2, 3): {'bw': -95}, (4, 0): {'bw': -43}, (4, 2): {'bw': -45}, (4, 3): {'bw': -20}}, 'path_level': {(0, 3): {}, (2, 3): {}, (4, 0): {}, (4, 2): {}, (4, 3): {}}}","{'node_level': {3: {'cpu': 0}, 0: {'cpu': 0}, 2: {'cpu': 0}, 4: {'cpu': 0}, 1: {'cpu': 17}}, 'link_level': {(0, 3): {'bw': 0}, (2, 3): {'bw': 0}, (4, 0): {'bw': 0}, (4, 2): {'bw': 0}, (4, 3): {'bw': 0}}, 'path_level': {(0, 3): {}, (2, 3): {}, (4, 0): {}, (4, 2): {}, (4, 3): {}}}",[],0.0,100.0,False,False,False,0,[],0,0.0,9.0,0.0012290477752685547,4.0,5.0
92,2,0,67.0,67.0,24835.205162147762,24835.205162147762,1.0,1.0,2,168,0,2290.2830463563237,5065,718,4347,0.0,0.0,91,8.283046356323885,2282.0,5,6,False,{},{},{},{},0.0,0.0,0.0,0.0,0.0,0.0,0.0,0.0,0.0,0.0,0.0,0.0,0.0,0.0,Leave Event,0.0,"{'node_level': {}, 'link_level': {}, 'path_level': {}}","{'node_level': {}, 'link_level': {}, 'path_level': {}}","{'node_level': {}, 'link_level': {}, 'path_level': {}}",[],-inf,-inf,True,True,False,0,[],0,0.0,,,,
92,2,0,67.0,67.0,24835.205162147762,24835.205162147762,1.0,1.0,2,169,0,2301.843585760632,5065,718,4347,0.0,0.0,90,52.84358576063194,2249.0,2,1,False,{},{},{},{},0.0,0.0,0.0,0.0,0.0,0.0,0.0,0.0,0.0,0.0,0.0,0.0,0.0,0.0,Leave Event,0.0,"{'node_level': {}, 'link_level': {}, 'path_level': {}}","{'node_level': {}, 'link_level': {}, 'path_level': {}}","{'node_level': {}, 'link_level': {}, 'path_level': {}}",[],-inf,-inf,True,True,False,0,[],0,0.0,,,,
93,2,0,67.0,67.0,24835.205162147762,24835.205162147762,1.0,1.0,2,170,1,2307.0,5065,718,4347,0.0,0.0,92,1326.2792483368744,2307.0,4,3,False,"{1: 16, 2: 24, 3: 15, 0: 23}","{(2, 1): [(24, 8), (8, 16)], (3, 1): [(15, 7), (7, 3), (3, 8), (8, 16)], (0, 2): [(23, 7), (7, 3), (3, 8), (8, 24)]}","{(1, 16): {'cpu': 15}, (2, 24): {'cpu': 17}, (3, 15): {'cpu': 12}, (0, 23): {'cpu': 11}}","{((2, 1), (24, 8)): {'bw': 27}, ((2, 1), (8, 16)): {'bw': 27}, ((3, 1), (15, 7)): {'bw': 28}, ((3, 1), (7, 3)): {'bw': 28}, ((3, 1), (3, 8)): {'bw': 28}, ((3, 1), (8, 16)): {'bw': 28}, ((0, 2), (23, 7)): {'bw': 8}, ((0, 2), (7, 3)): {'bw': 8}, ((0, 2), (3, 8)): {'bw': 8}, ((0, 2), (8, 24)): {'bw': 8}}",0.0,0.0,110.0,55.0,63.0,0.0,0.0,0.0,0.0,0.0,0.0,0.0,0.0,0.0,Place Failure,82.0,"{'node_level': {'cpu': -33}, 'link_level': {'bw': -74}, 'path_level': {}}","{'node_level': {1: {'cpu': -39}, 2: {'cpu': -37}, 3: {'cpu': -42}, 0: {'cpu': -33}}, 'link_level': {(2, 1): {'bw': -82}, (3, 1): {'bw': -110}, (0, 2): {'bw': -74}}, 'path_level': {(2, 1): {}, (3, 1): {}, (0, 2): {}}}","{'node_level': {1: {'cpu': 0}, 2: {'cpu': 0}, 3: {'cpu': 0}, 0: {'cpu': 0}}, 'link_level': {(2, 1): {'bw': 0}, (3, 1): {'bw': 0}, (0, 2): {'bw': 0}}, 'path_level': {(2, 1): {}, (3, 1): {}, (0, 2): {}}}",[],-33.0,0.0,False,True,False,0,[],0,0.0,6.0,0.0006639957427978516,4.0,3.0
94,2,0,67.0,67.0,24835.205162147762,24835.205162147762,1.0,1.0,2,171,1,2331.0,5065,718,4347,0.0,0.0,93,554.2048836871099,2331.0,2,1,False,"{1: 16, 0: 24}","{(0, 1): [(24, 8), (8, 16)]}","{(1, 16): {'cpu': 11}, (0, 24): {'cpu': 7}}","{((0, 1), (24, 8)): {'bw': 39}, ((0, 1), (8, 16)): {'bw': 39}}",0.0,0.0,36.0,18.0,39.0,0.0,0.0,0.0,0.0,0.0,0.0,0.0,0.0,0.0,Place Failure,14.0,"{'node_level': {'cpu': -47}, 'link_level': {'bw': -70}, 'path_level': {}}","{'node_level': {1: {'cpu': -43}, 0: {'cpu': -47}}, 'link_level': {(0, 1): {'bw': -70}}, 'path_level': {(0, 1): {}}}","{'node_level': {1: {'cpu': 0}, 0: {'cpu': 0}}, 'link_level': {(0, 1): {'bw': 0}}, 'path_level': {(0, 1): {}}}",[],-47.0,0.0,False,True,False,0,[],0,0.0,2.0,0.0005581378936767578,2.0,1.0
95,2,0,67.0,67.0,24835.205162147762,24835.205162147762,1.0,1.0,2,172,1,2353.0,5065,718,4347,0.0,0.0,94,768.9143613013771,2353.0,9,23,False,"{4: 16, 7: 24, 2: 15, 6: 23}","{(7, 4): [(24, 8), (8, 16)], (2, 4): [(15, 7), (7, 3), (3, 8), (8, 16)], (2, 7): [(15, 7), (7, 3), (3, 8), (8, 24)], (6, 2): [(23, 7), (7, 15)], (6, 4): [(23, 7), (7, 3), (3, 8), (8, 16)]}","{(4, 16): {'cpu': 20}, (7, 24): {'cpu': 18}, (2, 15): {'cpu': 9}, (6, 23): {'cpu': 17}}","{((7, 4), (24, 8)): {'bw': 46}, ((7, 4), (8, 16)): {'bw': 46}, ((2, 4), (15, 7)): {'bw': 18}, ((2, 4), (7, 3)): {'bw': 18}, ((2, 4), (3, 8)): {'bw': 18}, ((2, 4), (8, 16)): {'bw': 18}, ((2, 7), (15, 7)): {'bw': 44}, ((2, 7), (7, 3)): {'bw': 44}, ((2, 7), (3, 8)): {'bw': 44}, ((2, 7), (8, 24)): {'bw': 44}, ((6, 2), (23, 7)): {'bw': 42}, ((6, 2), (7, 15)): {'bw': 42}, ((6, 4), (23, 7)): {'bw': 14}, ((6, 4), (7, 3)): {'bw': 14}, ((6, 4), (3, 8)): {'bw': 14}, ((6, 4), (8, 16)): {'bw': 14}}",0.0,0.0,246.0,123.0,498.0,0.0,0.0,0.0,0.0,0.0,0.0,0.0,0.0,0.0,Place Failure,105.0,"{'node_level': {'cpu': 11}, 'link_level': {}, 'path_level': {}}","{'node_level': {4: {'cpu': -34}, 7: {'cpu': -36}, 2: {'cpu': -45}, 6: {'cpu': -27}, 5: {'cpu': 11}}, 'link_level': {(7, 4): {'bw': -63}, (2, 4): {'bw': -101}, (2, 7): {'bw': -19}, (6, 2): {'bw': -35}, (6, 4): {'bw': -76}}, 'path_level': {(7, 4): {}, (2, 4): {}, (2, 7): {}, (6, 2): {}, (6, 4): {}}}","{'node_level': {4: {'cpu': 0}, 7: {'cpu': 0}, 2: {'cpu': 0}, 6: {'cpu': 0}, 5: {'cpu': 11}}, 'link_level': {(7, 4): {'bw': 0}, (2, 4): {'bw': 0}, (2, 7): {'bw': 0}, (6, 2): {'bw': 0}, (6, 4): {'bw': 0}}, 'path_level': {(7, 4): {}, (2, 4): {}, (2, 7): {}, (6, 2): {}, (6, 4): {}}}",[],-27.0,0.0,False,True,False,0,[],0,0.0,9.0,0.0007832050323486328,4.0,5.0
95,2,0,67.0,67.0,24835.205162147762,24835.205162147762,1.0,1.0,2,173,0,2353.763970309067,5065,718,4347,0.0,0.0,89,137.7639703090671,2216.0,4,3,False,{},{},{},{},0.0,0.0,0.0,0.0,0.0,0.0,0.0,0.0,0.0,0.0,0.0,0.0,0.0,0.0,Leave Event,0.0,"{'node_level': {}, 'link_level': {}, 'path_level': {}}","{'node_level': {}, 'link_level': {}, 'path_level': {}}","{'node_level': {}, 'link_level': {}, 'path_level': {}}",[],-inf,-inf,True,True,False,0,[],0,0.0,,,,
96,2,0,67.0,67.0,24835.205162147762,24835.205162147762,1.0,1.0,2,174,1,2368.0,5065,718,4347,0.0,0.0,95,165.45494164348642,2368.0,7,8,False,"{4: 16, 5: 24, 3: 15, 1: 23}","{(5, 4): [(24, 8), (8, 16)], (3, 4): [(15, 7), (7, 3), (3, 8), (8, 16)], (3, 5): [(15, 7), (7, 3), (3, 8), (8, 24)], (1, 4): [(23, 7), (7, 3), (3, 8), (8, 16)]}","{(4, 16): {'cpu': 9}, (5, 24): {'cpu': 3}, (3, 15): {'cpu': 12}, (1, 23): {'cpu': 6}}","{((5, 4), (24, 8)): {'bw': 30}, ((5, 4), (8, 16)): {'bw': 30}, ((3, 4), (15, 7)): {'bw': 14}, ((3, 4), (7, 3)): {'bw': 14}, ((3, 4), (3, 8)): {'bw': 14}, ((3, 4), (8, 16)): {'bw': 14}, ((3, 5), (15, 7)): {'bw': 16}, ((3, 5), (7, 3)): {'bw': 16}, ((3, 5), (3, 8)): {'bw': 16}, ((3, 5), (8, 24)): {'bw': 16}, ((1, 4), (23, 7)): {'bw': 38}, ((1, 4), (7, 3)): {'bw': 38}, ((1, 4), (3, 8)): {'bw': 38}, ((1, 4), (8, 16)): {'bw': 38}}",0.0,0.0,118.0,59.0,213.0,0.0,0.0,0.0,0.0,0.0,0.0,0.0,0.0,0.0,Place Failure,81.0,"{'node_level': {'cpu': 9}, 'link_level': {}, 'path_level': {}}","{'node_level': {4: {'cpu': -45}, 5: {'cpu': -51}, 3: {'cpu': -42}, 1: {'cpu': -38}, 6: {'cpu': 9}}, 'link_level': {(5, 4): {'bw': -79}, (3, 4): {'bw': -121}, (3, 5): {'bw': -63}, (1, 4): {'bw': -83}}, 'path_level': {(5, 4): {}, (3, 4): {}, (3, 5): {}, (1, 4): {}}}","{'node_level': {4: {'cpu': 0}, 5: {'cpu': 0}, 3: {'cpu': 0}, 1: {'cpu': 0}, 6: {'cpu': 9}}, 'link_level': {(5, 4): {'bw': 0}, (3, 4): {'bw': 0}, (3, 5): {'bw': 0}, (1, 4): {'bw': 0}}, 'path_level': {(5, 4): {}, (3, 4): {}, (3, 5): {}, (1, 4): {}}}",[],-38.0,0.0,False,True,False,0,[],0,0.0,9.0,0.0007359981536865234,4.0,4.0
96,2,0,67.0,67.0,24835.205162147762,24835.205162147762,1.0,1.0,2,175,0,2373.7597890883117,5065,718,4347,0.0,0.0,88,172.75978908831172,2201.0,6,6,False,{},{},{},{},0.0,0.0,0.0,0.0,0.0,0.0,0.0,0.0,0.0,0.0,0.0,0.0,0.0,0.0,Leave Event,0.0,"{'node_level': {}, 'link_level': {}, 'path_level': {}}","{'node_level': {}, 'link_level': {}, 'path_level': {}}","{'node_level': {}, 'link_level': {}, 'path_level': {}}",[],-inf,-inf,True,True,False,0,[],0,0.0,,,,
97,2,0,67.0,67.0,24835.205162147762,24835.205162147762,1.0,1.0,2,176,1,2393.0,5065,718,4347,0.0,0.0,96,441.4402679220898,2393.0,2,1,False,"{1: 16, 0: 24}","{(0, 1): [(24, 8), (8, 16)]}","{(1, 16): {'cpu': 14}, (0, 24): {'cpu': 13}}","{((0, 1), (24, 8)): {'bw': 35}, ((0, 1), (8, 16)): {'bw': 35}}",0.0,0.0,54.0,27.0,35.0,0.0,0.0,0.0,0.0,0.0,0.0,0.0,0.0,0.0,Place Failure,26.0,"{'node_level': {'cpu': -41}, 'link_level': {'bw': -74}, 'path_level': {}}","{'node_level': {1: {'cpu': -40}, 0: {'cpu': -41}}, 'link_level': {(0, 1): {'bw': -74}}, 'path_level': {(0, 1): {}}}","{'node_level': {1: {'cpu': 0}, 0: {'cpu': 0}}, 'link_level': {(0, 1): {'bw': 0}}, 'path_level': {(0, 1): {}}}",[],-41.0,0.0,False,True,False,0,[],0,0.0,2.0,0.0005509853363037109,2.0,1.0
98,2,0,67.0,67.0,24835.205162147762,24835.205162147762,1.0,1.0,2,177,1,2414.0,5065,718,4347,0.0,0.0,97,33.0460055203929,2414.0,4,5,False,"{3: 16, 1: 24, 2: 15, 0: 23}","{(1, 3): [(24, 8), (8, 16)], (2, 1): [(15, 7), (7, 3), (3, 8), (8, 24)], (2, 3): [(15, 7), (7, 3), (3, 8), (8, 16)], (0, 2): [(23, 7), (7, 15)], (0, 3): [(23, 7), (7, 3), (3, 8), (8, 16)]}","{(3, 16): {'cpu': 18}, (1, 24): {'cpu': 13}, (2, 15): {'cpu': 10}, (0, 23): {'cpu': 5}}","{((1, 3), (24, 8)): {'bw': 43}, ((1, 3), (8, 16)): {'bw': 43}, ((2, 1), (15, 7)): {'bw': 10}, ((2, 1), (7, 3)): {'bw': 10}, ((2, 1), (3, 8)): {'bw': 10}, ((2, 1), (8, 24)): {'bw': 10}, ((2, 3), (15, 7)): {'bw': 1}, ((2, 3), (7, 3)): {'bw': 1}, ((2, 3), (3, 8)): {'bw': 1}, ((2, 3), (8, 16)): {'bw': 1}, ((0, 2), (23, 7)): {'bw': 22}, ((0, 2), (7, 15)): {'bw': 22}, ((0, 3), (23, 7)): {'bw': 6}, ((0, 3), (7, 3)): {'bw': 6}, ((0, 3), (3, 8)): {'bw': 6}, ((0, 3), (8, 16)): {'bw': 6}}",0.0,0.0,92.0,46.0,82.0,0.0,0.0,0.0,0.0,0.0,0.0,0.0,0.0,0.0,Place Failure,66.0,"{'node_level': {'cpu': -39}, 'link_level': {'bw': -104}, 'path_level': {}}","{'node_level': {3: {'cpu': -36}, 1: {'cpu': -41}, 2: {'cpu': -44}, 0: {'cpu': -39}}, 'link_level': {(1, 3): {'bw': -66}, (2, 1): {'bw': -56}, (2, 3): {'bw': -121}, (0, 2): {'bw': -106}, (0, 3): {'bw': -104}}, 'path_level': {(1, 3): {}, (2, 1): {}, (2, 3): {}, (0, 2): {}, (0, 3): {}}}","{'node_level': {3: {'cpu': 0}, 1: {'cpu': 0}, 2: {'cpu': 0}, 0: {'cpu': 0}}, 'link_level': {(1, 3): {'bw': 0}, (2, 1): {'bw': 0}, (2, 3): {'bw': 0}, (0, 2): {'bw': 0}, (0, 3): {'bw': 0}}, 'path_level': {(1, 3): {}, (2, 1): {}, (2, 3): {}, (0, 2): {}, (0, 3): {}}}",[],-39.0,0.0,False,True,False,0,[],0,0.0,6.0,0.0007879734039306641,4.0,5.0
99,2,0,67.0,67.0,24835.205162147762,24835.205162147762,1.0,1.0,2,178,1,2437.0,5065,718,4347,0.0,0.0,98,332.40387716900864,2437.0,9,20,False,"{7: 16, 4: 24, 2: 15, 5: 23}","{(4, 7): [(24, 8), (8, 16)], (2, 4): [(15, 7), (7, 3), (3, 8), (8, 24)], (2, 7): [(15, 7), (7, 3), (3, 8), (8, 16)], (5, 2): [(23, 7), (7, 15)], (5, 7): [(23, 7), (7, 3), (3, 8), (8, 16)]}","{(7, 16): {'cpu': 19}, (4, 24): {'cpu': 19}, (2, 15): {'cpu': 15}, (5, 23): {'cpu': 19}}","{((4, 7), (24, 8)): {'bw': 0}, ((4, 7), (8, 16)): {'bw': 0}, ((2, 4), (15, 7)): {'bw': 37}, ((2, 4), (7, 3)): {'bw': 37}, ((2, 4), (3, 8)): {'bw': 37}, ((2, 4), (8, 24)): {'bw': 37}, ((2, 7), (15, 7)): {'bw': 40}, ((2, 7), (7, 3)): {'bw': 40}, ((2, 7), (3, 8)): {'bw': 40}, ((2, 7), (8, 16)): {'bw': 40}, ((5, 2), (23, 7)): {'bw': 5}, ((5, 2), (7, 15)): {'bw': 5}, ((5, 7), (23, 7)): {'bw': 14}, ((5, 7), (7, 3)): {'bw': 14}, ((5, 7), (3, 8)): {'bw': 14}, ((5, 7), (8, 16)): {'bw': 14}}",0.0,0.0,238.0,119.0,425.0,0.0,0.0,0.0,0.0,0.0,0.0,0.0,0.0,0.0,Place Failure,146.0,"{'node_level': {'cpu': 16}, 'link_level': {}, 'path_level': {}}","{'node_level': {7: {'cpu': -35}, 4: {'cpu': -35}, 2: {'cpu': -39}, 5: {'cpu': -25}, 1: {'cpu': 16}}, 'link_level': {(4, 7): {'bw': -109}, (2, 4): {'bw': -72}, (2, 7): {'bw': -62}, (5, 2): {'bw': -57}, (5, 7): {'bw': -91}}, 'path_level': {(4, 7): {}, (2, 4): {}, (2, 7): {}, (5, 2): {}, (5, 7): {}}}","{'node_level': {7: {'cpu': 0}, 4: {'cpu': 0}, 2: {'cpu': 0}, 5: {'cpu': 0}, 1: {'cpu': 16}}, 'link_level': {(4, 7): {'bw': 0}, (2, 4): {'bw': 0}, (2, 7): {'bw': 0}, (5, 2): {'bw': 0}, (5, 7): {'bw': 0}}, 'path_level': {(4, 7): {}, (2, 4): {}, (2, 7): {}, (5, 2): {}, (5, 7): {}}}",[],-25.0,0.0,False,True,False,0,[],0,0.0,9.0,0.0007941722869873047,4.0,5.0
99,2,0,67.0,67.0,24835.205162147762,24835.205162147762,1.0,1.0,2,179,0,2447.046005520393,5065,718,4347,0.0,0.0,97,33.0460055203929,2414.0,4,5,False,{},{},{},{},0.0,0.0,0.0,0.0,0.0,0.0,0.0,0.0,0.0,0.0,0.0,0.0,0.0,0.0,Leave Event,0.0,"{'node_level': {}, 'link_level': {}, 'path_level': {}}","{'node_level': {}, 'link_level': {}, 'path_level': {}}","{'node_level': {}, 'link_level': {}, 'path_level': {}}",[],-inf,-inf,True,True,False,0,[],0,0.0,,,,
99,2,0,67.0,67.0,24835.205162147762,24835.205162147762,1.0,1.0,2,180,0,2454.9063390227498,5065,718,4347,0.0,0.0,73,630.9063390227499,1824.0,10,24,False,{},{},{},{},0.0,0.0,0.0,0.0,0.0,0.0,0.0,0.0,0.0,0.0,0.0,0.0,0.0,0.0,Leave Event,0.0,"{'node_level': {}, 'link_level': {}, 'path_level': {}}","{'node_level': {}, 'link_level': {}, 'path_level': {}}","{'node_level': {}, 'link_level': {}, 'path_level': {}}",[],-inf,-inf,True,True,False,0,[],0,0.0,,,,
100,2,0,67.0,67.0,24835.205162147762,24835.205162147762,1.0,1.0,2,181,1,2455.0,5065,718,4347,0.0,0.0,99,1897.0119908704683,2455.0,4,5,False,"{2: 16, 0: 24, 3: 15, 1: 23}","{(0, 2): [(24, 8), (8, 16)], (3, 0): [(15, 7), (7, 3), (3, 8), (8, 24)], (3, 2): [(15, 7), (7, 3), (3, 8), (8, 16)], (1, 0): [(23, 7), (7, 3), (3, 8), (8, 24)], (1, 2): [(23, 7), (7, 3), (3, 8), (8, 16)]}","{(2, 16): {'cpu': 5}, (0, 24): {'cpu': 3}, (3, 15): {'cpu': 8}, (1, 23): {'cpu': 4}}","{((0, 2), (24, 8)): {'bw': 27}, ((0, 2), (8, 16)): {'bw': 27}, ((3, 0), (15, 7)): {'bw': 50}, ((3, 0), (7, 3)): {'bw': 50}, ((3, 0), (3, 8)): {'bw': 50}, ((3, 0), (8, 24)): {'bw': 50}, ((3, 2), (15, 7)): {'bw': 3}, ((3, 2), (7, 3)): {'bw': 3}, ((3, 2), (3, 8)): {'bw': 3}, ((3, 2), (8, 16)): {'bw': 3}, ((1, 0), (23, 7)): {'bw': 31}, ((1, 0), (7, 3)): {'bw': 31}, ((1, 0), (3, 8)): {'bw': 31}, ((1, 0), (8, 24)): {'bw': 31}, ((1, 2), (23, 7)): {'bw': 41}, ((1, 2), (7, 3)): {'bw': 41}, ((1, 2), (3, 8)): {'bw': 41}, ((1, 2), (8, 16)): {'bw': 41}}",0.0,0.0,40.0,20.0,152.0,0.0,0.0,0.0,0.0,0.0,0.0,0.0,0.0,0.0,Place Failure,38.0,"{'node_level': {'cpu': -40}, 'link_level': {'bw': -1}, 'path_level': {}}","{'node_level': {2: {'cpu': -49}, 0: {'cpu': -51}, 3: {'cpu': -46}, 1: {'cpu': -40}}, 'link_level': {(0, 2): {'bw': -82}, (3, 0): {'bw': -32}, (3, 2): {'bw': -86}, (1, 0): {'bw': -1}, (1, 2): {'bw': -57}}, 'path_level': {(0, 2): {}, (3, 0): {}, (3, 2): {}, (1, 0): {}, (1, 2): {}}}","{'node_level': {2: {'cpu': 0}, 0: {'cpu': 0}, 3: {'cpu': 0}, 1: {'cpu': 0}}, 'link_level': {(0, 2): {'bw': 0}, (3, 0): {'bw': 0}, (3, 2): {'bw': 0}, (1, 0): {'bw': 0}, (1, 2): {'bw': 0}}, 'path_level': {(0, 2): {}, (3, 0): {}, (3, 2): {}, (1, 0): {}, (1, 2): {}}}",[],-1.0,0.0,False,True,False,0,[],0,0.0,6.0,0.0007472038269042969,4.0,5.0
101,2,0,67.0,67.0,24835.205162147762,24835.205162147762,1.0,1.0,2,182,1,2478.0,5065,718,4347,0.0,0.0,100,1045.7782980075951,2478.0,4,4,False,"{3: 16, 2: 24, 1: 15, 0: 23}","{(2, 3): [(24, 8), (8, 16)], (1, 2): [(15, 7), (7, 3), (3, 8), (8, 24)], (1, 3): [(15, 7), (7, 3), (3, 8), (8, 16)], (0, 3): [(23, 7), (7, 3), (3, 8), (8, 16)]}","{(3, 16): {'cpu': 17}, (2, 24): {'cpu': 13}, (1, 15): {'cpu': 9}, (0, 23): {'cpu': 2}}","{((2, 3), (24, 8)): {'bw': 45}, ((2, 3), (8, 16)): {'bw': 45}, ((1, 2), (15, 7)): {'bw': 42}, ((1, 2), (7, 3)): {'bw': 42}, ((1, 2), (3, 8)): {'bw': 42}, ((1, 2), (8, 24)): {'bw': 42}, ((1, 3), (15, 7)): {'bw': 40}, ((1, 3), (7, 3)): {'bw': 40}, ((1, 3), (3, 8)): {'bw': 40}, ((1, 3), (8, 16)): {'bw': 40}, ((0, 3), (23, 7)): {'bw': 17}, ((0, 3), (7, 3)): {'bw': 17}, ((0, 3), (3, 8)): {'bw': 17}, ((0, 3), (8, 16)): {'bw': 17}}",0.0,0.0,82.0,41.0,144.0,0.0,0.0,0.0,0.0,0.0,0.0,0.0,0.0,0.0,Place Failure,62.0,"{'node_level': {'cpu': -42}, 'link_level': {'bw': -63}, 'path_level': {}}","{'node_level': {3: {'cpu': -37}, 2: {'cpu': -41}, 1: {'cpu': -45}, 0: {'cpu': -42}}, 'link_level': {(2, 3): {'bw': -64}, (1, 2): {'bw': -22}, (1, 3): {'bw': -57}, (0, 3): {'bw': -63}}, 'path_level': {(2, 3): {}, (1, 2): {}, (1, 3): {}, (0, 3): {}}}","{'node_level': {3: {'cpu': 0}, 2: {'cpu': 0}, 1: {'cpu': 0}, 0: {'cpu': 0}}, 'link_level': {(2, 3): {'bw': 0}, (1, 2): {'bw': 0}, (1, 3): {'bw': 0}, (0, 3): {'bw': 0}}, 'path_level': {(2, 3): {}, (1, 2): {}, (1, 3): {}, (0, 3): {}}}",[],-42.0,0.0,False,True,False,0,[],0,0.0,6.0,0.0006918907165527344,4.0,4.0
102,2,0,67.0,67.0,24835.205162147762,24835.205162147762,1.0,1.0,2,183,1,2505.0,5065,718,4347,0.0,0.0,101,206.364930195333,2505.0,5,5,False,"{1: 16, 4: 24, 0: 15, 3: 23}","{(4, 1): [(24, 8), (8, 16)], (0, 1): [(15, 7), (7, 3), (3, 8), (8, 16)], (3, 0): [(23, 7), (7, 15)], (3, 1): [(23, 7), (7, 3), (3, 8), (8, 16)]}","{(1, 16): {'cpu': 6}, (4, 24): {'cpu': 15}, (0, 15): {'cpu': 10}, (3, 23): {'cpu': 3}}","{((4, 1), (24, 8)): {'bw': 42}, ((4, 1), (8, 16)): {'bw': 42}, ((0, 1), (15, 7)): {'bw': 50}, ((0, 1), (7, 3)): {'bw': 50}, ((0, 1), (3, 8)): {'bw': 50}, ((0, 1), (8, 16)): {'bw': 50}, ((3, 0), (23, 7)): {'bw': 34}, ((3, 0), (7, 15)): {'bw': 34}, ((3, 1), (23, 7)): {'bw': 36}, ((3, 1), (7, 3)): {'bw': 36}, ((3, 1), (3, 8)): {'bw': 36}, ((3, 1), (8, 16)): {'bw': 36}}",0.0,0.0,88.0,44.0,201.0,0.0,0.0,0.0,0.0,0.0,0.0,0.0,0.0,0.0,Place Failure,100.0,"{'node_level': {'cpu': 10}, 'link_level': {}, 'path_level': {}}","{'node_level': {1: {'cpu': -48}, 4: {'cpu': -39}, 0: {'cpu': -44}, 3: {'cpu': -41}, 2: {'cpu': 10}}, 'link_level': {(4, 1): {'bw': -67}, (0, 1): {'bw': -73}, (3, 0): {'bw': -55}, (3, 1): {'bw': -37}}, 'path_level': {(4, 1): {}, (0, 1): {}, (3, 0): {}, (3, 1): {}}}","{'node_level': {1: {'cpu': 0}, 4: {'cpu': 0}, 0: {'cpu': 0}, 3: {'cpu': 0}, 2: {'cpu': 10}}, 'link_level': {(4, 1): {'bw': 0}, (0, 1): {'bw': 0}, (3, 0): {'bw': 0}, (3, 1): {'bw': 0}}, 'path_level': {(4, 1): {}, (0, 1): {}, (3, 0): {}, (3, 1): {}}}",[],-37.0,0.0,False,True,False,0,[],0,0.0,9.0,0.000720977783203125,4.0,4.0
103,2,0,67.0,67.0,24835.205162147762,24835.205162147762,1.0,1.0,2,184,1,2533.0,5065,718,4347,0.0,0.0,102,1629.4604478949802,2533.0,5,5,False,"{0: 16, 1: 24, 3: 15, 4: 23}","{(1, 0): [(24, 8), (8, 16)], (3, 0): [(15, 7), (7, 3), (3, 8), (8, 16)], (4, 1): [(23, 7), (7, 3), (3, 8), (8, 24)], (4, 3): [(23, 7), (7, 15)]}","{(0, 16): {'cpu': 18}, (1, 24): {'cpu': 12}, (3, 15): {'cpu': 20}, (4, 23): {'cpu': 11}}","{((1, 0), (24, 8)): {'bw': 44}, ((1, 0), (8, 16)): {'bw': 44}, ((3, 0), (15, 7)): {'bw': 17}, ((3, 0), (7, 3)): {'bw': 17}, ((3, 0), (3, 8)): {'bw': 17}, ((3, 0), (8, 16)): {'bw': 17}, ((4, 1), (23, 7)): {'bw': 5}, ((4, 1), (7, 3)): {'bw': 5}, ((4, 1), (3, 8)): {'bw': 5}, ((4, 1), (8, 24)): {'bw': 5}, ((4, 3), (23, 7)): {'bw': 7}, ((4, 3), (7, 15)): {'bw': 7}}",0.0,0.0,162.0,81.0,92.0,0.0,0.0,0.0,0.0,0.0,0.0,0.0,0.0,0.0,Place Failure,164.0,"{'node_level': {'cpu': 20}, 'link_level': {}, 'path_level': {}}","{'node_level': {0: {'cpu': -36}, 1: {'cpu': -42}, 3: {'cpu': -34}, 4: {'cpu': -33}, 2: {'cpu': 20}}, 'link_level': {(1, 0): {'bw': -65}, (3, 0): {'bw': -104}, (4, 1): {'bw': -60}, (4, 3): {'bw': -115}}, 'path_level': {(1, 0): {}, (3, 0): {}, (4, 1): {}, (4, 3): {}}}","{'node_level': {0: {'cpu': 0}, 1: {'cpu': 0}, 3: {'cpu': 0}, 4: {'cpu': 0}, 2: {'cpu': 20}}, 'link_level': {(1, 0): {'bw': 0}, (3, 0): {'bw': 0}, (4, 1): {'bw': 0}, (4, 3): {'bw': 0}}, 'path_level': {(1, 0): {}, (3, 0): {}, (4, 1): {}, (4, 3): {}}}",[],-33.0,0.0,False,True,False,0,[],0,0.0,9.0,0.0007221698760986328,4.0,4.0
103,2,0,67.0,67.0,24835.205162147762,24835.205162147762,1.0,1.0,2,185,0,2533.4549416434866,5065,718,4347,0.0,0.0,95,165.45494164348642,2368.0,7,8,False,{},{},{},{},0.0,0.0,0.0,0.0,0.0,0.0,0.0,0.0,0.0,0.0,0.0,0.0,0.0,0.0,Leave Event,0.0,"{'node_level': {}, 'link_level': {}, 'path_level': {}}","{'node_level': {}, 'link_level': {}, 'path_level': {}}","{'node_level': {}, 'link_level': {}, 'path_level': {}}",[],-inf,-inf,True,True,False,0,[],0,0.0,,,,
103,2,0,67.0,67.0,24835.205162147762,24835.205162147762,1.0,1.0,2,186,0,2538.6958796214676,5065,718,4347,0.0,0.0,85,401.69587962146755,2137.0,2,1,False,{},{},{},{},0.0,0.0,0.0,0.0,0.0,0.0,0.0,0.0,0.0,0.0,0.0,0.0,0.0,0.0,Leave Event,0.0,"{'node_level': {}, 'link_level': {}, 'path_level': {}}","{'node_level': {}, 'link_level': {}, 'path_level': {}}","{'node_level': {}, 'link_level': {}, 'path_level': {}}",[],-inf,-inf,True,True,False,0,[],0,0.0,,,,
104,2,0,67.0,67.0,24835.205162147762,24835.205162147762,1.0,1.0,2,187,1,2565.0,5065,718,4347,0.0,0.0,103,131.78855704244657,2565.0,4,4,False,"{1: 16, 2: 24, 0: 15, 3: 23}","{(2, 1): [(24, 8), (8, 16)], (0, 1): [(15, 7), (7, 3), (3, 8), (8, 16)], (3, 0): [(23, 7), (7, 15)], (3, 2): [(23, 7), (7, 3), (3, 8), (8, 24)]}","{(1, 16): {'cpu': 10}, (2, 24): {'cpu': 18}, (0, 15): {'cpu': 4}, (3, 23): {'cpu': 0}}","{((2, 1), (24, 8)): {'bw': 18}, ((2, 1), (8, 16)): {'bw': 18}, ((0, 1), (15, 7)): {'bw': 43}, ((0, 1), (7, 3)): {'bw': 43}, ((0, 1), (3, 8)): {'bw': 43}, ((0, 1), (8, 16)): {'bw': 43}, ((3, 0), (23, 7)): {'bw': 41}, ((3, 0), (7, 15)): {'bw': 41}, ((3, 2), (23, 7)): {'bw': 29}, ((3, 2), (7, 3)): {'bw': 29}, ((3, 2), (3, 8)): {'bw': 29}, ((3, 2), (8, 24)): {'bw': 29}}",0.0,0.0,64.0,32.0,131.0,0.0,0.0,0.0,0.0,0.0,0.0,0.0,0.0,0.0,Place Failure,52.0,"{'node_level': {'cpu': -44}, 'link_level': {'bw': -55}, 'path_level': {}}","{'node_level': {1: {'cpu': -44}, 2: {'cpu': -36}, 0: {'cpu': -50}, 3: {'cpu': -44}}, 'link_level': {(2, 1): {'bw': -91}, (0, 1): {'bw': -96}, (3, 0): {'bw': -55}, (3, 2): {'bw': -62}}, 'path_level': {(2, 1): {}, (0, 1): {}, (3, 0): {}, (3, 2): {}}}","{'node_level': {1: {'cpu': 0}, 2: {'cpu': 0}, 0: {'cpu': 0}, 3: {'cpu': 0}}, 'link_level': {(2, 1): {'bw': 0}, (0, 1): {'bw': 0}, (3, 0): {'bw': 0}, (3, 2): {'bw': 0}}, 'path_level': {(2, 1): {}, (0, 1): {}, (3, 0): {}, (3, 2): {}}}",[],-44.0,0.0,False,True,False,0,[],0,0.0,6.0,0.0007159709930419922,4.0,4.0
105,2,0,67.0,67.0,24835.205162147762,24835.205162147762,1.0,1.0,2,188,1,2593.0,5065,718,4347,0.0,0.0,104,1491.1003440590173,2593.0,5,4,False,"{2: 16, 0: 24, 4: 15, 3: 23}","{(0, 2): [(24, 8), (8, 16)], (4, 2): [(15, 7), (7, 3), (3, 8), (8, 16)], (3, 0): [(23, 7), (7, 3), (3, 8), (8, 24)]}","{(2, 16): {'cpu': 12}, (0, 24): {'cpu': 13}, (4, 15): {'cpu': 8}, (3, 23): {'cpu': 9}}","{((0, 2), (24, 8)): {'bw': 25}, ((0, 2), (8, 16)): {'bw': 25}, ((4, 2), (15, 7)): {'bw': 49}, ((4, 2), (7, 3)): {'bw': 49}, ((4, 2), (3, 8)): {'bw': 49}, ((4, 2), (8, 16)): {'bw': 49}, ((3, 0), (23, 7)): {'bw': 33}, ((3, 0), (7, 3)): {'bw': 33}, ((3, 0), (3, 8)): {'bw': 33}, ((3, 0), (8, 24)): {'bw': 33}}",0.0,0.0,120.0,60.0,124.0,0.0,0.0,0.0,0.0,0.0,0.0,0.0,0.0,0.0,Place Failure,112.0,"{'node_level': {'cpu': 18}, 'link_level': {}, 'path_level': {}}","{'node_level': {2: {'cpu': -42}, 0: {'cpu': -41}, 4: {'cpu': -46}, 3: {'cpu': -35}, 1: {'cpu': 18}}, 'link_level': {(0, 2): {'bw': -84}, (4, 2): {'bw': -90}, (3, 0): {'bw': -51}}, 'path_level': {(0, 2): {}, (4, 2): {}, (3, 0): {}}}","{'node_level': {2: {'cpu': 0}, 0: {'cpu': 0}, 4: {'cpu': 0}, 3: {'cpu': 0}, 1: {'cpu': 18}}, 'link_level': {(0, 2): {'bw': 0}, (4, 2): {'bw': 0}, (3, 0): {'bw': 0}}, 'path_level': {(0, 2): {}, (4, 2): {}, (3, 0): {}}}",[],-35.0,0.0,False,True,False,0,[],0,0.0,9.0,0.000698089599609375,4.0,3.0
105,2,0,67.0,67.0,24835.205162147762,24835.205162147762,1.0,1.0,2,189,0,2603.1075352854423,5065,718,4347,0.0,0.0,86,439.10753528544217,2164.0,3,3,False,{},{},{},{},0.0,0.0,0.0,0.0,0.0,0.0,0.0,0.0,0.0,0.0,0.0,0.0,0.0,0.0,Leave Event,0.0,"{'node_level': {}, 'link_level': {}, 'path_level': {}}","{'node_level': {}, 'link_level': {}, 'path_level': {}}","{'node_level': {}, 'link_level': {}, 'path_level': {}}",[],-inf,-inf,True,True,False,0,[],0,0.0,,,,
106,2,0,67.0,67.0,24835.205162147762,24835.205162147762,1.0,1.0,2,190,1,2612.0,5065,718,4347,0.0,0.0,105,1418.3200944992527,2612.0,6,6,False,"{1: 16, 4: 24, 2: 15, 3: 23}","{(4, 1): [(24, 8), (8, 16)], (2, 1): [(15, 7), (7, 3), (3, 8), (8, 16)], (3, 4): [(23, 7), (7, 3), (3, 8), (8, 24)]}","{(1, 16): {'cpu': 16}, (4, 24): {'cpu': 16}, (2, 15): {'cpu': 17}, (3, 23): {'cpu': 7}}","{((4, 1), (24, 8)): {'bw': 12}, ((4, 1), (8, 16)): {'bw': 12}, ((2, 1), (15, 7)): {'bw': 46}, ((2, 1), (7, 3)): {'bw': 46}, ((2, 1), (3, 8)): {'bw': 46}, ((2, 1), (8, 16)): {'bw': 46}, ((3, 4), (23, 7)): {'bw': 24}, ((3, 4), (7, 3)): {'bw': 24}, ((3, 4), (3, 8)): {'bw': 24}, ((3, 4), (8, 24)): {'bw': 24}}",0.0,0.0,152.0,76.0,127.0,0.0,0.0,0.0,0.0,0.0,0.0,0.0,0.0,0.0,Place Failure,115.0,"{'node_level': {'cpu': 5}, 'link_level': {}, 'path_level': {}}","{'node_level': {1: {'cpu': -38}, 4: {'cpu': -38}, 2: {'cpu': -37}, 3: {'cpu': -37}, 5: {'cpu': 5}}, 'link_level': {(4, 1): {'bw': -97}, (2, 1): {'bw': -93}, (3, 4): {'bw': -73}}, 'path_level': {(4, 1): {}, (2, 1): {}, (3, 4): {}}}","{'node_level': {1: {'cpu': 0}, 4: {'cpu': 0}, 2: {'cpu': 0}, 3: {'cpu': 0}, 5: {'cpu': 5}}, 'link_level': {(4, 1): {'bw': 0}, (2, 1): {'bw': 0}, (3, 4): {'bw': 0}}, 'path_level': {(4, 1): {}, (2, 1): {}, (3, 4): {}}}",[],-37.0,0.0,False,True,False,0,[],0,0.0,9.0,0.0007059574127197266,4.0,3.0
107,2,0,67.0,67.0,24835.205162147762,24835.205162147762,1.0,1.0,2,191,1,2633.0,5065,718,4347,0.0,0.0,106,802.7293882343262,2633.0,3,2,False,"{2: 16, 0: 24, 1: 15}","{(0, 2): [(24, 8), (8, 16)], (1, 2): [(15, 7), (7, 3), (3, 8), (8, 16)]}","{(2, 16): {'cpu': 4}, (0, 24): {'cpu': 13}, (1, 15): {'cpu': 1}}","{((0, 2), (24, 8)): {'bw': 5}, ((0, 2), (8, 16)): {'bw': 5}, ((1, 2), (15, 7)): {'bw': 12}, ((1, 2), (7, 3)): {'bw': 12}, ((1, 2), (3, 8)): {'bw': 12}, ((1, 2), (8, 16)): {'bw': 12}}",0.0,0.0,36.0,18.0,17.0,0.0,0.0,0.0,0.0,0.0,0.0,0.0,0.0,0.0,Place Failure,30.0,"{'node_level': {'cpu': -53}, 'link_level': {'bw': -127}, 'path_level': {}}","{'node_level': {2: {'cpu': -50}, 0: {'cpu': -41}, 1: {'cpu': -53}}, 'link_level': {(0, 2): {'bw': -104}, (1, 2): {'bw': -127}}, 'path_level': {(0, 2): {}, (1, 2): {}}}","{'node_level': {2: {'cpu': 0}, 0: {'cpu': 0}, 1: {'cpu': 0}}, 'link_level': {(0, 2): {'bw': 0}, (1, 2): {'bw': 0}}, 'path_level': {(0, 2): {}, (1, 2): {}}}",[],-53.0,0.0,False,True,False,0,[],0,0.0,6.0,0.0006299018859863281,3.0,2.0
108,2,0,67.0,67.0,24835.205162147762,24835.205162147762,1.0,1.0,2,192,1,2658.0,5065,718,4347,0.0,0.0,107,497.7318234706012,2658.0,4,3,False,"{1: 16, 0: 24, 2: 1, 3: 15}","{(0, 1): [(24, 8), (8, 16)], (2, 1): [(1, 3), (3, 8), (8, 16)], (3, 2): [(15, 7), (7, 3), (3, 1)]}","{(1, 16): {'cpu': 12}, (0, 24): {'cpu': 9}, (2, 1): {'cpu': 0}, (3, 15): {'cpu': 5}}","{((0, 1), (24, 8)): {'bw': 22}, ((0, 1), (8, 16)): {'bw': 22}, ((2, 1), (1, 3)): {'bw': 41}, ((2, 1), (3, 8)): {'bw': 41}, ((2, 1), (8, 16)): {'bw': 41}, ((3, 2), (15, 7)): {'bw': 33}, ((3, 2), (7, 3)): {'bw': 33}, ((3, 2), (3, 1)): {'bw': 33}}",0.0,0.0,52.0,26.0,96.0,0.0,0.0,0.0,0.0,0.0,0.0,0.0,0.0,0.0,Place Failure,33.0,"{'node_level': {'cpu': -49}, 'link_level': {'bw': -95}, 'path_level': {}}","{'node_level': {1: {'cpu': -42}, 0: {'cpu': -45}, 2: {'cpu': 0}, 3: {'cpu': -49}}, 'link_level': {(0, 1): {'bw': -87}, (2, 1): {'bw': -102}, (3, 2): {'bw': -95}}, 'path_level': {(0, 1): {}, (2, 1): {}, (3, 2): {}}}","{'node_level': {1: {'cpu': 0}, 0: {'cpu': 0}, 2: {'cpu': 0}, 3: {'cpu': 0}}, 'link_level': {(0, 1): {'bw': 0}, (2, 1): {'bw': 0}, (3, 2): {'bw': 0}}, 'path_level': {(0, 1): {}, (2, 1): {}, (3, 2): {}}}",[],-49.0,0.0,False,True,False,0,[],0,0.0,5.0,0.0009660720825195312,4.0,3.0
109,2,0,67.0,67.0,24835.205162147762,24835.205162147762,1.0,1.0,2,193,1,2695.0,5065,718,4347,0.0,0.0,108,1036.8807185302517,2695.0,3,2,False,"{0: 16, 1: 24, 2: 15}","{(1, 0): [(24, 8), (8, 16)], (2, 0): [(15, 7), (7, 3), (3, 8), (8, 16)]}","{(0, 16): {'cpu': 17}, (1, 24): {'cpu': 19}, (2, 15): {'cpu': 1}}","{((1, 0), (24, 8)): {'bw': 10}, ((1, 0), (8, 16)): {'bw': 10}, ((2, 0), (15, 7)): {'bw': 6}, ((2, 0), (7, 3)): {'bw': 6}, ((2, 0), (3, 8)): {'bw': 6}, ((2, 0), (8, 16)): {'bw': 6}}",0.0,0.0,74.0,37.0,16.0,0.0,0.0,0.0,0.0,0.0,0.0,0.0,0.0,0.0,Place Failure,42.0,"{'node_level': {'cpu': -53}, 'link_level': {'bw': -133}, 'path_level': {}}","{'node_level': {0: {'cpu': -37}, 1: {'cpu': -35}, 2: {'cpu': -53}}, 'link_level': {(1, 0): {'bw': -99}, (2, 0): {'bw': -133}}, 'path_level': {(1, 0): {}, (2, 0): {}}}","{'node_level': {0: {'cpu': 0}, 1: {'cpu': 0}, 2: {'cpu': 0}}, 'link_level': {(1, 0): {'bw': 0}, (2, 0): {'bw': 0}}, 'path_level': {(1, 0): {}, (2, 0): {}}}",[],-53.0,0.0,False,True,False,0,[],0,0.0,6.0,0.0006239414215087891,3.0,2.0
109,2,0,67.0,67.0,24835.205162147762,24835.205162147762,1.0,1.0,2,194,0,2696.7885570424464,5065,718,4347,0.0,0.0,103,131.78855704244657,2565.0,4,4,False,{},{},{},{},0.0,0.0,0.0,0.0,0.0,0.0,0.0,0.0,0.0,0.0,0.0,0.0,0.0,0.0,Leave Event,0.0,"{'node_level': {}, 'link_level': {}, 'path_level': {}}","{'node_level': {}, 'link_level': {}, 'path_level': {}}","{'node_level': {}, 'link_level': {}, 'path_level': {}}",[],-inf,-inf,True,True,False,0,[],0,0.0,,,,
109,2,0,67.0,67.0,24835.205162147762,24835.205162147762,1.0,1.0,2,195,0,2700.0196176603263,5065,718,4347,0.0,0.0,69,997.0196176603264,1703.0,6,6,False,{},{},{},{},0.0,0.0,0.0,0.0,0.0,0.0,0.0,0.0,0.0,0.0,0.0,0.0,0.0,0.0,Leave Event,0.0,"{'node_level': {}, 'link_level': {}, 'path_level': {}}","{'node_level': {}, 'link_level': {}, 'path_level': {}}","{'node_level': {}, 'link_level': {}, 'path_level': {}}",[],-inf,-inf,True,True,False,0,[],0,0.0,,,,
109,2,0,67.0,67.0,24835.205162147762,24835.205162147762,1.0,1.0,2,196,0,2711.364930195333,5065,718,4347,0.0,0.0,101,206.364930195333,2505.0,5,5,False,{},{},{},{},0.0,0.0,0.0,0.0,0.0,0.0,0.0,0.0,0.0,0.0,0.0,0.0,0.0,0.0,Leave Event,0.0,"{'node_level': {}, 'link_level': {}, 'path_level': {}}","{'node_level': {}, 'link_level': {}, 'path_level': {}}","{'node_level': {}, 'link_level': {}, 'path_level': {}}",[],-inf,-inf,True,True,False,0,[],0,0.0,,,,
110,2,0,67.0,67.0,24835.205162147762,24835.205162147762,1.0,1.0,2,197,1,2713.0,5065,718,4347,0.0,0.0,109,173.3766522279259,2713.0,6,6,False,"{3: 16, 4: 24, 0: 15, 2: 23}","{(4, 3): [(24, 8), (8, 16)], (0, 3): [(15, 7), (7, 3), (3, 8), (8, 16)], (2, 3): [(23, 7), (7, 3), (3, 8), (8, 16)]}","{(3, 16): {'cpu': 11}, (4, 24): {'cpu': 20}, (0, 15): {'cpu': 16}, (2, 23): {'cpu': 6}}","{((4, 3), (24, 8)): {'bw': 34}, ((4, 3), (8, 16)): {'bw': 34}, ((0, 3), (15, 7)): {'bw': 42}, ((0, 3), (7, 3)): {'bw': 42}, ((0, 3), (3, 8)): {'bw': 42}, ((0, 3), (8, 16)): {'bw': 42}, ((2, 3), (23, 7)): {'bw': 38}, ((2, 3), (7, 3)): {'bw': 38}, ((2, 3), (3, 8)): {'bw': 38}, ((2, 3), (8, 16)): {'bw': 38}}",0.0,0.0,138.0,69.0,187.0,0.0,0.0,0.0,0.0,0.0,0.0,0.0,0.0,0.0,Place Failure,131.0,"{'node_level': {'cpu': 9}, 'link_level': {}, 'path_level': {}}","{'node_level': {3: {'cpu': -43}, 4: {'cpu': -34}, 0: {'cpu': -38}, 2: {'cpu': -38}, 5: {'cpu': 9}}, 'link_level': {(4, 3): {'bw': -75}, (0, 3): {'bw': -89}, (2, 3): {'bw': -51}}, 'path_level': {(4, 3): {}, (0, 3): {}, (2, 3): {}}}","{'node_level': {3: {'cpu': 0}, 4: {'cpu': 0}, 0: {'cpu': 0}, 2: {'cpu': 0}, 5: {'cpu': 9}}, 'link_level': {(4, 3): {'bw': 0}, (0, 3): {'bw': 0}, (2, 3): {'bw': 0}}, 'path_level': {(4, 3): {}, (0, 3): {}, (2, 3): {}}}",[],-38.0,0.0,False,True,False,0,[],0,0.0,9.0,0.0007212162017822266,4.0,3.0
111,2,0,67.0,67.0,24835.205162147762,24835.205162147762,1.0,1.0,2,198,1,2736.0,5065,718,4347,0.0,0.0,110,945.0508530702544,2736.0,8,17,False,"{7: 16, 6: 24, 3: 15, 0: 23}","{(6, 7): [(24, 8), (8, 16)], (3, 7): [(15, 7), (7, 3), (3, 8), (8, 16)], (0, 6): [(23, 7), (7, 3), (3, 8), (8, 24)], (0, 7): [(23, 7), (7, 3), (3, 8), (8, 16)]}","{(7, 16): {'cpu': 11}, (6, 24): {'cpu': 16}, (3, 15): {'cpu': 8}, (0, 23): {'cpu': 10}}","{((6, 7), (24, 8)): {'bw': 39}, ((6, 7), (8, 16)): {'bw': 39}, ((3, 7), (15, 7)): {'bw': 21}, ((3, 7), (7, 3)): {'bw': 21}, ((3, 7), (3, 8)): {'bw': 21}, ((3, 7), (8, 16)): {'bw': 21}, ((0, 6), (23, 7)): {'bw': 37}, ((0, 6), (7, 3)): {'bw': 37}, ((0, 6), (3, 8)): {'bw': 37}, ((0, 6), (8, 24)): {'bw': 37}, ((0, 7), (23, 7)): {'bw': 39}, ((0, 7), (7, 3)): {'bw': 39}, ((0, 7), (3, 8)): {'bw': 39}, ((0, 7), (8, 16)): {'bw': 39}}",0.0,0.0,132.0,66.0,438.0,0.0,0.0,0.0,0.0,0.0,0.0,0.0,0.0,0.0,Place Failure,85.0,"{'node_level': {'cpu': 7}, 'link_level': {}, 'path_level': {}}","{'node_level': {7: {'cpu': -43}, 6: {'cpu': -38}, 3: {'cpu': -46}, 0: {'cpu': -34}, 1: {'cpu': 7}}, 'link_level': {(6, 7): {'bw': -70}, (3, 7): {'bw': -105}, (0, 6): {'bw': -33}, (0, 7): {'bw': -56}}, 'path_level': {(6, 7): {}, (3, 7): {}, (0, 6): {}, (0, 7): {}}}","{'node_level': {7: {'cpu': 0}, 6: {'cpu': 0}, 3: {'cpu': 0}, 0: {'cpu': 0}, 1: {'cpu': 7}}, 'link_level': {(6, 7): {'bw': 0}, (3, 7): {'bw': 0}, (0, 6): {'bw': 0}, (0, 7): {'bw': 0}}, 'path_level': {(6, 7): {}, (3, 7): {}, (0, 6): {}, (0, 7): {}}}",[],-33.0,0.0,False,True,False,0,[],0,0.0,9.0,0.0007500648498535156,4.0,4.0
111,2,0,67.0,67.0,24835.205162147762,24835.205162147762,1.0,1.0,2,199,0,2740.481538552607,5065,718,4347,0.0,0.0,82,690.4815385526072,2050.0,5,5,False,{},{},{},{},0.0,0.0,0.0,0.0,0.0,0.0,0.0,0.0,0.0,0.0,0.0,0.0,0.0,0.0,Leave Event,0.0,"{'node_level': {}, 'link_level': {}, 'path_level': {}}","{'node_level': {}, 'link_level': {}, 'path_level': {}}","{'node_level': {}, 'link_level': {}, 'path_level': {}}",[],-inf,-inf,True,True,False,0,[],0,0.0,,,,
111,2,0,67.0,67.0,24835.205162147762,24835.205162147762,1.0,1.0,2,200,0,2751.777391142516,5065,718,4347,0.0,0.0,81,724.7773911425162,2027.0,7,11,False,{},{},{},{},0.0,0.0,0.0,0.0,0.0,0.0,0.0,0.0,0.0,0.0,0.0,0.0,0.0,0.0,Leave Event,0.0,"{'node_level': {}, 'link_level': {}, 'path_level': {}}","{'node_level': {}, 'link_level': {}, 'path_level': {}}","{'node_level': {}, 'link_level': {}, 'path_level': {}}",[],-inf,-inf,True,True,False,0,[],0,0.0,,,,
112,2,0,67.0,67.0,24835.205162147762,24835.205162147762,1.0,1.0,2,201,1,2755.0,5065,718,4347,0.0,0.0,111,481.0059632177831,2755.0,10,26,False,"{0: 16, 9: 24, 7: 15, 8: 23}","{(9, 0): [(24, 8), (8, 16)], (7, 0): [(15, 7), (7, 3), (3, 8), (8, 16)], (7, 9): [(15, 7), (7, 3), (3, 8), (8, 24)], (8, 0): [(23, 7), (7, 3), (3, 8), (8, 16)], (8, 9): [(23, 7), (7, 3), (3, 8), (8, 24)]}","{(0, 16): {'cpu': 15}, (9, 24): {'cpu': 13}, (7, 15): {'cpu': 18}, (8, 23): {'cpu': 16}}","{((9, 0), (24, 8)): {'bw': 30}, ((9, 0), (8, 16)): {'bw': 30}, ((7, 0), (15, 7)): {'bw': 40}, ((7, 0), (7, 3)): {'bw': 40}, ((7, 0), (3, 8)): {'bw': 40}, ((7, 0), (8, 16)): {'bw': 40}, ((7, 9), (15, 7)): {'bw': 3}, ((7, 9), (7, 3)): {'bw': 3}, ((7, 9), (3, 8)): {'bw': 3}, ((7, 9), (8, 24)): {'bw': 3}, ((8, 0), (23, 7)): {'bw': 26}, ((8, 0), (7, 3)): {'bw': 26}, ((8, 0), (3, 8)): {'bw': 26}, ((8, 0), (8, 16)): {'bw': 26}, ((8, 9), (23, 7)): {'bw': 26}, ((8, 9), (7, 3)): {'bw': 26}, ((8, 9), (3, 8)): {'bw': 26}, ((8, 9), (8, 24)): {'bw': 26}}",0.0,0.0,218.0,109.0,638.0,0.0,0.0,0.0,0.0,0.0,0.0,0.0,0.0,0.0,Place Failure,158.0,"{'node_level': {'cpu': 20}, 'link_level': {}, 'path_level': {}}","{'node_level': {0: {'cpu': -39}, 9: {'cpu': -41}, 7: {'cpu': -36}, 8: {'cpu': -28}, 6: {'cpu': 20}}, 'link_level': {(9, 0): {'bw': -79}, (7, 0): {'bw': -95}, (7, 9): {'bw': -76}, (8, 0): {'bw': -69}, (8, 9): {'bw': -50}}, 'path_level': {(9, 0): {}, (7, 0): {}, (7, 9): {}, (8, 0): {}, (8, 9): {}}}","{'node_level': {0: {'cpu': 0}, 9: {'cpu': 0}, 7: {'cpu': 0}, 8: {'cpu': 0}, 6: {'cpu': 20}}, 'link_level': {(9, 0): {'bw': 0}, (7, 0): {'bw': 0}, (7, 9): {'bw': 0}, (8, 0): {'bw': 0}, (8, 9): {'bw': 0}}, 'path_level': {(9, 0): {}, (7, 0): {}, (7, 9): {}, (8, 0): {}, (8, 9): {}}}",[],-28.0,0.0,False,True,False,0,[],0,0.0,9.0,0.0008378028869628906,4.0,5.0
112,2,0,67.0,67.0,24835.205162147762,24835.205162147762,1.0,1.0,2,202,0,2769.4038771690084,5065,718,4347,0.0,0.0,98,332.40387716900864,2437.0,9,20,False,{},{},{},{},0.0,0.0,0.0,0.0,0.0,0.0,0.0,0.0,0.0,0.0,0.0,0.0,0.0,0.0,Leave Event,0.0,"{'node_level': {}, 'link_level': {}, 'path_level': {}}","{'node_level': {}, 'link_level': {}, 'path_level': {}}","{'node_level': {}, 'link_level': {}, 'path_level': {}}",[],-inf,-inf,True,True,False,0,[],0,0.0,,,,
113,2,0,67.0,67.0,24835.205162147762,24835.205162147762,1.0,1.0,2,203,1,2782.0,5065,718,4347,0.0,0.0,112,6.662622906906007,2782.0,4,4,False,"{1: 16, 0: 24, 2: 15, 3: 23}","{(0, 1): [(24, 8), (8, 16)], (2, 1): [(15, 7), (7, 3), (3, 8), (8, 16)], (3, 0): [(23, 7), (7, 3), (3, 8), (8, 24)], (3, 1): [(23, 7), (7, 3), (3, 8), (8, 16)]}","{(1, 16): {'cpu': 15}, (0, 24): {'cpu': 20}, (2, 15): {'cpu': 15}, (3, 23): {'cpu': 1}}","{((0, 1), (24, 8)): {'bw': 24}, ((0, 1), (8, 16)): {'bw': 24}, ((2, 1), (15, 7)): {'bw': 40}, ((2, 1), (7, 3)): {'bw': 40}, ((2, 1), (3, 8)): {'bw': 40}, ((2, 1), (8, 16)): {'bw': 40}, ((3, 0), (23, 7)): {'bw': 18}, ((3, 0), (7, 3)): {'bw': 18}, ((3, 0), (3, 8)): {'bw': 18}, ((3, 0), (8, 24)): {'bw': 18}, ((3, 1), (23, 7)): {'bw': 9}, ((3, 1), (7, 3)): {'bw': 9}, ((3, 1), (3, 8)): {'bw': 9}, ((3, 1), (8, 16)): {'bw': 9}}",0.0,0.0,102.0,51.0,91.0,0.0,0.0,0.0,0.0,0.0,0.0,0.0,0.0,0.0,Place Failure,100.0,"{'node_level': {'cpu': -43}, 'link_level': {'bw': -67}, 'path_level': {}}","{'node_level': {1: {'cpu': -39}, 0: {'cpu': -34}, 2: {'cpu': -39}, 3: {'cpu': -43}}, 'link_level': {(0, 1): {'bw': -85}, (2, 1): {'bw': -99}, (3, 0): {'bw': -67}, (3, 1): {'bw': -92}}, 'path_level': {(0, 1): {}, (2, 1): {}, (3, 0): {}, (3, 1): {}}}","{'node_level': {1: {'cpu': 0}, 0: {'cpu': 0}, 2: {'cpu': 0}, 3: {'cpu': 0}}, 'link_level': {(0, 1): {'bw': 0}, (2, 1): {'bw': 0}, (3, 0): {'bw': 0}, (3, 1): {'bw': 0}}, 'path_level': {(0, 1): {}, (2, 1): {}, (3, 0): {}, (3, 1): {}}}",[],-43.0,0.0,False,True,False,0,[],0,0.0,6.0,0.0007529258728027344,4.0,4.0
113,2,0,67.0,67.0,24835.205162147762,24835.205162147762,1.0,1.0,2,204,0,2788.662622906906,5065,718,4347,0.0,0.0,112,6.662622906906007,2782.0,4,4,False,{},{},{},{},0.0,0.0,0.0,0.0,0.0,0.0,0.0,0.0,0.0,0.0,0.0,0.0,0.0,0.0,Leave Event,0.0,"{'node_level': {}, 'link_level': {}, 'path_level': {}}","{'node_level': {}, 'link_level': {}, 'path_level': {}}","{'node_level': {}, 'link_level': {}, 'path_level': {}}",[],-inf,-inf,True,True,False,0,[],0,0.0,,,,
114,2,0,67.0,67.0,24835.205162147762,24835.205162147762,1.0,1.0,2,205,1,2799.0,5065,718,4347,0.0,0.0,113,213.26791076104638,2799.0,5,6,False,"{3: 16, 4: 24, 1: 15, 2: 23}","{(4, 3): [(24, 8), (8, 16)], (1, 3): [(15, 7), (7, 3), (3, 8), (8, 16)], (1, 4): [(15, 7), (7, 3), (3, 8), (8, 24)], (2, 3): [(23, 7), (7, 3), (3, 8), (8, 16)]}","{(3, 16): {'cpu': 9}, (4, 24): {'cpu': 19}, (1, 15): {'cpu': 7}, (2, 23): {'cpu': 15}}","{((4, 3), (24, 8)): {'bw': 43}, ((4, 3), (8, 16)): {'bw': 43}, ((1, 3), (15, 7)): {'bw': 14}, ((1, 3), (7, 3)): {'bw': 14}, ((1, 3), (3, 8)): {'bw': 14}, ((1, 3), (8, 16)): {'bw': 14}, ((1, 4), (15, 7)): {'bw': 2}, ((1, 4), (7, 3)): {'bw': 2}, ((1, 4), (3, 8)): {'bw': 2}, ((1, 4), (8, 24)): {'bw': 2}, ((2, 3), (23, 7)): {'bw': 23}, ((2, 3), (7, 3)): {'bw': 23}, ((2, 3), (3, 8)): {'bw': 23}, ((2, 3), (8, 16)): {'bw': 23}}",0.0,0.0,116.0,58.0,107.0,0.0,0.0,0.0,0.0,0.0,0.0,0.0,0.0,0.0,Place Failure,90.0,"{'node_level': {'cpu': 8}, 'link_level': {}, 'path_level': {}}","{'node_level': {3: {'cpu': -45}, 4: {'cpu': -35}, 1: {'cpu': -47}, 2: {'cpu': -29}, 0: {'cpu': 8}}, 'link_level': {(4, 3): {'bw': -66}, (1, 3): {'bw': -108}, (1, 4): {'bw': -64}, (2, 3): {'bw': -85}}, 'path_level': {(4, 3): {}, (1, 3): {}, (1, 4): {}, (2, 3): {}}}","{'node_level': {3: {'cpu': 0}, 4: {'cpu': 0}, 1: {'cpu': 0}, 2: {'cpu': 0}, 0: {'cpu': 8}}, 'link_level': {(4, 3): {'bw': 0}, (1, 3): {'bw': 0}, (1, 4): {'bw': 0}, (2, 3): {'bw': 0}}, 'path_level': {(4, 3): {}, (1, 3): {}, (1, 4): {}, (2, 3): {}}}",[],-29.0,0.0,False,True,False,0,[],0,0.0,9.0,0.0007228851318359375,4.0,4.0
115,2,0,67.0,67.0,24835.205162147762,24835.205162147762,1.0,1.0,2,206,1,2825.0,5065,718,4347,0.0,0.0,114,80.1670477863293,2825.0,2,1,False,"{0: 16, 1: 24}","{(1, 0): [(24, 8), (8, 16)]}","{(0, 16): {'cpu': 20}, (1, 24): {'cpu': 3}}","{((1, 0), (24, 8)): {'bw': 46}, ((1, 0), (8, 16)): {'bw': 46}}",0.0,0.0,46.0,23.0,46.0,0.0,0.0,0.0,0.0,0.0,0.0,0.0,0.0,0.0,Place Failure,6.0,"{'node_level': {'cpu': -51}, 'link_level': {'bw': -63}, 'path_level': {}}","{'node_level': {0: {'cpu': -34}, 1: {'cpu': -51}}, 'link_level': {(1, 0): {'bw': -63}}, 'path_level': {(1, 0): {}}}","{'node_level': {0: {'cpu': 0}, 1: {'cpu': 0}}, 'link_level': {(1, 0): {'bw': 0}}, 'path_level': {(1, 0): {}}}",[],-51.0,0.0,False,True,False,0,[],0,0.0,2.0,0.0008020401000976562,2.0,1.0
115,2,0,67.0,67.0,24835.205162147762,24835.205162147762,1.0,1.0,2,207,0,2834.44026792209,5065,718,4347,0.0,0.0,96,441.4402679220898,2393.0,2,1,False,{},{},{},{},0.0,0.0,0.0,0.0,0.0,0.0,0.0,0.0,0.0,0.0,0.0,0.0,0.0,0.0,Leave Event,0.0,"{'node_level': {}, 'link_level': {}, 'path_level': {}}","{'node_level': {}, 'link_level': {}, 'path_level': {}}","{'node_level': {}, 'link_level': {}, 'path_level': {}}",[],-inf,-inf,True,True,False,0,[],0,0.0,,,,
116,3,1,111.0,111.0,113010.10109904812,113010.10109904812,1.0,1.0,2,208,1,2840.0,5021,716,4305,0.0027855153203342198,0.009661835748792313,115,2003.9749076568264,2840.0,2,1,True,"{1: 16, 0: 8}","{(0, 1): [(8, 16)]}","{(1, 16): {'cpu': 2}, (0, 8): {'cpu': 0}}","{((0, 1), (8, 16)): {'bw': 42}}",44.0,44.0,4.0,2.0,42.0,2.0,42.0,2.0,42.0,0.0,1.0,88174.89593690036,88174.89593690036,2003.9749076568264,Success,0.0,"{'node_level': {'cpu': 0}, 'link_level': {'bw': -123}, 'path_level': {}}","{'node_level': {1: {'cpu': -52}, 0: {'cpu': 0}}, 'link_level': {(0, 1): {'bw': -123}}, 'path_level': {(0, 1): {}}}","{'node_level': {1: {'cpu': 0}, 0: {'cpu': 0}}, 'link_level': {(0, 1): {'bw': 0}}, 'path_level': {(0, 1): {}}}",[],0.0,0.0,True,True,False,0,[],0,0.0,0.0,0.0004870891571044922,2.0,1.0
117,3,1,111.0,111.0,113010.10109904812,113010.10109904812,1.0,1.0,2,209,1,2858.0,5021,716,4305,0.0027855153203342198,0.009661835748792313,116,325.3986716514084,2858.0,8,10,False,"{5: 15, 2: 23, 3: 16, 7: 24}","{(2, 5): [(23, 7), (7, 15)], (3, 5): [(16, 8), (8, 3), (3, 7), (7, 15)], (7, 5): [(24, 8), (8, 3), (3, 7), (7, 15)]}","{(5, 15): {'cpu': 7}, (2, 23): {'cpu': 18}, (3, 16): {'cpu': 10}, (7, 24): {'cpu': 1}}","{((2, 5), (23, 7)): {'bw': 46}, ((2, 5), (7, 15)): {'bw': 46}, ((3, 5), (16, 8)): {'bw': 49}, ((3, 5), (8, 3)): {'bw': 49}, ((3, 5), (3, 7)): {'bw': 49}, ((3, 5), (7, 15)): {'bw': 49}, ((7, 5), (24, 8)): {'bw': 42}, ((7, 5), (8, 3)): {'bw': 42}, ((7, 5), (3, 7)): {'bw': 42}, ((7, 5), (7, 15)): {'bw': 42}}",0.0,0.0,102.0,51.0,333.0,0.0,0.0,0.0,0.0,0.0,0.0,0.0,0.0,0.0,Place Failure,88.0,"{'node_level': {'cpu': 4}, 'link_level': {}, 'path_level': {}}","{'node_level': {5: {'cpu': -47}, 2: {'cpu': -26}, 3: {'cpu': -42}, 7: {'cpu': -53}, 1: {'cpu': 4}}, 'link_level': {(2, 5): {'bw': -86}, (3, 5): {'bw': -44}, (7, 5): {'bw': -2}}, 'path_level': {(2, 5): {}, (3, 5): {}, (7, 5): {}}}","{'node_level': {5: {'cpu': 0}, 2: {'cpu': 0}, 3: {'cpu': 0}, 7: {'cpu': 0}, 1: {'cpu': 4}}, 'link_level': {(2, 5): {'bw': 0}, (3, 5): {'bw': 0}, (7, 5): {'bw': 0}}, 'path_level': {(2, 5): {}, (3, 5): {}, (7, 5): {}}}",[],-2.0,0.0,False,True,False,0,[],0,0.0,9.0,0.0007479190826416016,4.0,3.0
117,3,1,111.0,111.0,113010.10109904812,113010.10109904812,1.0,1.0,2,210,0,2864.59232147085,5021,716,4305,0.0027855153203342198,0.009661835748792313,54,1526.5923214708498,1338.0,10,23,False,{},{},{},{},0.0,0.0,0.0,0.0,0.0,0.0,0.0,0.0,0.0,0.0,0.0,0.0,0.0,0.0,Leave Event,0.0,"{'node_level': {}, 'link_level': {}, 'path_level': {}}","{'node_level': {}, 'link_level': {}, 'path_level': {}}","{'node_level': {}, 'link_level': {}, 'path_level': {}}",[],-inf,-inf,True,True,False,0,[],0,0.0,,,,
117,3,1,111.0,111.0,113010.10109904812,113010.10109904812,1.0,1.0,2,211,0,2871.24009965277,5021,716,4305,0.0027855153203342198,0.009661835748792313,57,1472.24009965277,1399.0,9,21,False,{},{},{},{},0.0,0.0,0.0,0.0,0.0,0.0,0.0,0.0,0.0,0.0,0.0,0.0,0.0,0.0,Leave Event,0.0,"{'node_level': {}, 'link_level': {}, 'path_level': {}}","{'node_level': {}, 'link_level': {}, 'path_level': {}}","{'node_level': {}, 'link_level': {}, 'path_level': {}}",[],-inf,-inf,True,True,False,0,[],0,0.0,,,,
117,3,1,111.0,111.0,113010.10109904812,113010.10109904812,1.0,1.0,2,212,0,2885.20488368711,5021,716,4305,0.0027855153203342198,0.009661835748792313,93,554.2048836871099,2331.0,2,1,False,{},{},{},{},0.0,0.0,0.0,0.0,0.0,0.0,0.0,0.0,0.0,0.0,0.0,0.0,0.0,0.0,Leave Event,0.0,"{'node_level': {}, 'link_level': {}, 'path_level': {}}","{'node_level': {}, 'link_level': {}, 'path_level': {}}","{'node_level': {}, 'link_level': {}, 'path_level': {}}",[],-inf,-inf,True,True,False,0,[],0,0.0,,,,
117,3,1,111.0,111.0,113010.10109904812,113010.10109904812,1.0,1.0,2,213,0,2886.3766522279257,5021,716,4305,0.0027855153203342198,0.009661835748792313,109,173.3766522279259,2713.0,6,6,False,{},{},{},{},0.0,0.0,0.0,0.0,0.0,0.0,0.0,0.0,0.0,0.0,0.0,0.0,0.0,0.0,Leave Event,0.0,"{'node_level': {}, 'link_level': {}, 'path_level': {}}","{'node_level': {}, 'link_level': {}, 'path_level': {}}","{'node_level': {}, 'link_level': {}, 'path_level': {}}",[],-inf,-inf,True,True,False,0,[],0,0.0,,,,
118,3,1,111.0,111.0,113010.10109904812,113010.10109904812,1.0,1.0,2,214,1,2889.0,5021,716,4305,0.0027855153203342198,0.009661835748792313,117,343.97173717590755,2889.0,2,1,False,"{0: 15, 1: 23}","{(1, 0): [(23, 7), (7, 15)]}","{(0, 15): {'cpu': 19}, (1, 23): {'cpu': 4}}","{((1, 0), (23, 7)): {'bw': 4}, ((1, 0), (7, 15)): {'bw': 4}}",0.0,0.0,46.0,23.0,4.0,0.0,0.0,0.0,0.0,0.0,0.0,0.0,0.0,0.0,Place Failure,8.0,"{'node_level': {'cpu': -40}, 'link_level': {'bw': -128}, 'path_level': {}}","{'node_level': {0: {'cpu': -35}, 1: {'cpu': -40}}, 'link_level': {(1, 0): {'bw': -128}}, 'path_level': {(1, 0): {}}}","{'node_level': {0: {'cpu': 0}, 1: {'cpu': 0}}, 'link_level': {(1, 0): {'bw': 0}}, 'path_level': {(1, 0): {}}}",[],-40.0,0.0,False,True,False,0,[],0,0.0,2.0,0.0005922317504882812,2.0,1.0
118,3,1,111.0,111.0,113010.10109904812,113010.10109904812,1.0,1.0,2,215,0,2905.1670477863295,5021,716,4305,0.0027855153203342198,0.009661835748792313,114,80.1670477863293,2825.0,2,1,False,{},{},{},{},0.0,0.0,0.0,0.0,0.0,0.0,0.0,0.0,0.0,0.0,0.0,0.0,0.0,0.0,Leave Event,0.0,"{'node_level': {}, 'link_level': {}, 'path_level': {}}","{'node_level': {}, 'link_level': {}, 'path_level': {}}","{'node_level': {}, 'link_level': {}, 'path_level': {}}",[],-inf,-inf,True,True,False,0,[],0,0.0,,,,
119,3,1,111.0,111.0,113010.10109904812,113010.10109904812,1.0,1.0,2,216,1,2910.0,5021,716,4305,0.0027855153203342198,0.009661835748792313,118,510.09354385576535,2910.0,8,13,False,"{1: 15, 0: 23, 5: 16, 2: 24}","{(0, 1): [(23, 7), (7, 15)], (5, 0): [(16, 8), (8, 3), (3, 7), (7, 23)], (5, 1): [(16, 8), (8, 3), (3, 7), (7, 15)], (2, 0): [(24, 8), (8, 3), (3, 7), (7, 23)], (2, 1): [(24, 8), (8, 3), (3, 7), (7, 15)], (2, 5): [(24, 8), (8, 16)]}","{(1, 15): {'cpu': 9}, (0, 23): {'cpu': 6}, (5, 16): {'cpu': 12}, (2, 24): {'cpu': 9}}","{((0, 1), (23, 7)): {'bw': 44}, ((0, 1), (7, 15)): {'bw': 44}, ((5, 0), (16, 8)): {'bw': 29}, ((5, 0), (8, 3)): {'bw': 29}, ((5, 0), (3, 7)): {'bw': 29}, ((5, 0), (7, 23)): {'bw': 29}, ((5, 1), (16, 8)): {'bw': 0}, ((5, 1), (8, 3)): {'bw': 0}, ((5, 1), (3, 7)): {'bw': 0}, ((5, 1), (7, 15)): {'bw': 0}, ((2, 0), (24, 8)): {'bw': 0}, ((2, 0), (8, 3)): {'bw': 0}, ((2, 0), (3, 7)): {'bw': 0}, ((2, 0), (7, 23)): {'bw': 0}, ((2, 1), (24, 8)): {'bw': 0}, ((2, 1), (8, 3)): {'bw': 0}, ((2, 1), (3, 7)): {'bw': 0}, ((2, 1), (7, 15)): {'bw': 0}, ((2, 5), (24, 8)): {'bw': 11}, ((2, 5), (8, 16)): {'bw': 11}}",0.0,0.0,126.0,63.0,209.0,0.0,0.0,0.0,0.0,0.0,0.0,0.0,0.0,0.0,Place Failure,99.0,"{'node_level': {'cpu': 13}, 'link_level': {}, 'path_level': {}}","{'node_level': {1: {'cpu': -45}, 0: {'cpu': -38}, 5: {'cpu': -40}, 2: {'cpu': -45}, 7: {'cpu': 13}}, 'link_level': {(0, 1): {'bw': -88}, (5, 0): {'bw': -59}, (5, 1): {'bw': -94}, (2, 0): {'bw': -59}, (2, 1): {'bw': -95}, (2, 5): {'bw': -83}}, 'path_level': {(0, 1): {}, (5, 0): {}, (5, 1): {}, (2, 0): {}, (2, 1): {}, (2, 5): {}}}","{'node_level': {1: {'cpu': 0}, 0: {'cpu': 0}, 5: {'cpu': 0}, 2: {'cpu': 0}, 7: {'cpu': 13}}, 'link_level': {(0, 1): {'bw': 0}, (5, 0): {'bw': 0}, (5, 1): {'bw': 0}, (2, 0): {'bw': 0}, (2, 1): {'bw': 0}, (2, 5): {'bw': 0}}, 'path_level': {(0, 1): {}, (5, 0): {}, (5, 1): {}, (2, 0): {}, (2, 1): {}, (2, 5): {}}}",[],-45.0,0.0,False,True,False,0,[],0,0.0,9.0,0.0008001327514648438,4.0,6.0
120,3,1,111.0,111.0,113010.10109904812,113010.10109904812,1.0,1.0,2,217,1,2933.0,5021,716,4305,0.0027855153203342198,0.009661835748792313,119,229.89566130976104,2933.0,5,4,False,"{1: 15, 0: 23, 2: 16, 4: 24}","{(0, 1): [(23, 7), (7, 15)], (2, 1): [(16, 8), (8, 3), (3, 7), (7, 15)], (4, 0): [(24, 8), (8, 3), (3, 7), (7, 23)]}","{(1, 15): {'cpu': 10}, (0, 23): {'cpu': 18}, (2, 16): {'cpu': 16}, (4, 24): {'cpu': 11}}","{((0, 1), (23, 7)): {'bw': 9}, ((0, 1), (7, 15)): {'bw': 9}, ((2, 1), (16, 8)): {'bw': 26}, ((2, 1), (8, 3)): {'bw': 26}, ((2, 1), (3, 7)): {'bw': 26}, ((2, 1), (7, 15)): {'bw': 26}, ((4, 0), (24, 8)): {'bw': 9}, ((4, 0), (8, 3)): {'bw': 9}, ((4, 0), (3, 7)): {'bw': 9}, ((4, 0), (7, 23)): {'bw': 9}}",0.0,0.0,144.0,72.0,56.0,0.0,0.0,0.0,0.0,0.0,0.0,0.0,0.0,0.0,Place Failure,151.0,"{'node_level': {'cpu': 17}, 'link_level': {}, 'path_level': {}}","{'node_level': {1: {'cpu': -44}, 0: {'cpu': -26}, 2: {'cpu': -36}, 4: {'cpu': -43}, 3: {'cpu': 17}}, 'link_level': {(0, 1): {'bw': -123}, (2, 1): {'bw': -97}, (4, 0): {'bw': -100}}, 'path_level': {(0, 1): {}, (2, 1): {}, (4, 0): {}}}","{'node_level': {1: {'cpu': 0}, 0: {'cpu': 0}, 2: {'cpu': 0}, 4: {'cpu': 0}, 3: {'cpu': 17}}, 'link_level': {(0, 1): {'bw': 0}, (2, 1): {'bw': 0}, (4, 0): {'bw': 0}}, 'path_level': {(0, 1): {}, (2, 1): {}, (4, 0): {}}}",[],-43.0,0.0,False,True,False,0,[],0,0.0,9.0,0.000720977783203125,4.0,3.0
121,3,1,111.0,111.0,113010.10109904812,113010.10109904812,1.0,1.0,2,218,1,2956.0,5021,716,4305,0.0027855153203342198,0.009661835748792313,120,73.61251726769697,2956.0,5,7,False,"{3: 15, 2: 23, 4: 16, 1: 24, 0: 2}","{(2, 3): [(23, 7), (7, 15)], (4, 2): [(16, 8), (8, 3), (3, 7), (7, 23)], (4, 3): [(16, 8), (8, 3), (3, 7), (7, 15)], (1, 3): [(24, 8), (8, 3), (3, 7), (7, 15)], (1, 4): [(24, 8), (8, 16)], (0, 2): [(2, 0), (0, 1), (1, 3), (3, 7), (7, 23)], (0, 3): [(2, 0), (0, 1), (1, 3), (3, 7), (7, 15)]}","{(3, 15): {'cpu': 16}, (2, 23): {'cpu': 13}, (4, 16): {'cpu': 11}, (1, 24): {'cpu': 7}, (0, 2): {'cpu': 0}}","{((2, 3), (23, 7)): {'bw': 24}, ((2, 3), (7, 15)): {'bw': 24}, ((4, 2), (16, 8)): {'bw': 5}, ((4, 2), (8, 3)): {'bw': 5}, ((4, 2), (3, 7)): {'bw': 5}, ((4, 2), (7, 23)): {'bw': 5}, ((4, 3), (16, 8)): {'bw': 34}, ((4, 3), (8, 3)): {'bw': 34}, ((4, 3), (3, 7)): {'bw': 34}, ((4, 3), (7, 15)): {'bw': 34}, ((1, 3), (24, 8)): {'bw': 47}, ((1, 3), (8, 3)): {'bw': 47}, ((1, 3), (3, 7)): {'bw': 47}, ((1, 3), (7, 15)): {'bw': 47}, ((1, 4), (24, 8)): {'bw': 12}, ((1, 4), (8, 16)): {'bw': 12}, ((0, 2), (2, 0)): {'bw': 25}, ((0, 2), (0, 1)): {'bw': 25}, ((0, 2), (1, 3)): {'bw': 25}, ((0, 2), (3, 7)): {'bw': 25}, ((0, 2), (7, 23)): {'bw': 25}, ((0, 3), (2, 0)): {'bw': 20}, ((0, 3), (0, 1)): {'bw': 20}, ((0, 3), (1, 3)): {'bw': 20}, ((0, 3), (3, 7)): {'bw': 20}, ((0, 3), (7, 15)): {'bw': 20}}",0.0,0.0,94.0,47.0,167.0,0.0,0.0,0.0,0.0,0.0,0.0,0.0,0.0,0.0,Place Failure,70.0,"{'node_level': {'cpu': 0}, 'link_level': {'bw': -14}, 'path_level': {}}","{'node_level': {3: {'cpu': -38}, 2: {'cpu': -31}, 4: {'cpu': -41}, 1: {'cpu': -47}, 0: {'cpu': 0}}, 'link_level': {(2, 3): {'bw': -108}, (4, 2): {'bw': -103}, (4, 3): {'bw': -81}, (1, 3): {'bw': -34}, (1, 4): {'bw': -50}, (0, 2): {'bw': -71}, (0, 3): {'bw': -14}}, 'path_level': {(2, 3): {}, (4, 2): {}, (4, 3): {}, (1, 3): {}, (1, 4): {}, (0, 2): {}, (0, 3): {}}}","{'node_level': {3: {'cpu': 0}, 2: {'cpu': 0}, 4: {'cpu': 0}, 1: {'cpu': 0}, 0: {'cpu': 0}}, 'link_level': {(2, 3): {'bw': 0}, (4, 2): {'bw': 0}, (4, 3): {'bw': 0}, (1, 3): {'bw': 0}, (1, 4): {'bw': 0}, (0, 2): {'bw': 0}, (0, 3): {'bw': 0}}, 'path_level': {(2, 3): {}, (4, 2): {}, (4, 3): {}, (1, 3): {}, (1, 4): {}, (0, 2): {}, (0, 3): {}}}",[],0.0,0.0,False,True,False,0,[],0,0.0,6.0,0.0009038448333740234,5.0,7.0
122,3,1,111.0,111.0,113010.10109904812,113010.10109904812,1.0,1.0,2,219,1,2983.0,5021,716,4305,0.0027855153203342198,0.009661835748792313,121,863.3166849829781,2983.0,10,24,False,"{6: 15, 4: 23, 7: 16, 3: 24}","{(4, 6): [(23, 7), (7, 15)], (7, 6): [(16, 8), (8, 3), (3, 7), (7, 15)], (3, 4): [(24, 8), (8, 3), (3, 7), (7, 23)], (3, 6): [(24, 8), (8, 3), (3, 7), (7, 15)], (3, 7): [(24, 8), (8, 16)]}","{(6, 15): {'cpu': 12}, (4, 23): {'cpu': 17}, (7, 16): {'cpu': 16}, (3, 24): {'cpu': 4}}","{((4, 6), (23, 7)): {'bw': 34}, ((4, 6), (7, 15)): {'bw': 34}, ((7, 6), (16, 8)): {'bw': 49}, ((7, 6), (8, 3)): {'bw': 49}, ((7, 6), (3, 7)): {'bw': 49}, ((7, 6), (7, 15)): {'bw': 49}, ((3, 4), (24, 8)): {'bw': 24}, ((3, 4), (8, 3)): {'bw': 24}, ((3, 4), (3, 7)): {'bw': 24}, ((3, 4), (7, 23)): {'bw': 24}, ((3, 6), (24, 8)): {'bw': 32}, ((3, 6), (8, 3)): {'bw': 32}, ((3, 6), (3, 7)): {'bw': 32}, ((3, 6), (7, 15)): {'bw': 32}, ((3, 7), (24, 8)): {'bw': 10}, ((3, 7), (8, 16)): {'bw': 10}}",0.0,0.0,212.0,106.0,608.0,0.0,0.0,0.0,0.0,0.0,0.0,0.0,0.0,0.0,Place Failure,131.0,"{'node_level': {'cpu': 11}, 'link_level': {}, 'path_level': {}}","{'node_level': {6: {'cpu': -42}, 4: {'cpu': -27}, 7: {'cpu': -36}, 3: {'cpu': -50}, 1: {'cpu': 11}}, 'link_level': {(4, 6): {'bw': -98}, (7, 6): {'bw': -56}, (3, 4): {'bw': -74}, (3, 6): {'bw': -24}, (3, 7): {'bw': -43}}, 'path_level': {(4, 6): {}, (7, 6): {}, (3, 4): {}, (3, 6): {}, (3, 7): {}}}","{'node_level': {6: {'cpu': 0}, 4: {'cpu': 0}, 7: {'cpu': 0}, 3: {'cpu': 0}, 1: {'cpu': 11}}, 'link_level': {(4, 6): {'bw': 0}, (7, 6): {'bw': 0}, (3, 4): {'bw': 0}, (3, 6): {'bw': 0}, (3, 7): {'bw': 0}}, 'path_level': {(4, 6): {}, (7, 6): {}, (3, 4): {}, (3, 6): {}, (3, 7): {}}}",[],-24.0,0.0,False,True,False,0,[],0,0.0,9.0,0.0007998943328857422,4.0,5.0
123,3,1,111.0,111.0,113010.10109904812,113010.10109904812,1.0,1.0,2,220,1,3007.0,5021,716,4305,0.0027855153203342198,0.009661835748792313,122,105.2666429289596,3007.0,10,22,False,"{4: 15, 5: 23, 9: 16, 3: 24}","{(5, 4): [(23, 7), (7, 15)], (9, 4): [(16, 8), (8, 3), (3, 7), (7, 15)], (9, 5): [(16, 8), (8, 3), (3, 7), (7, 23)], (3, 4): [(24, 8), (8, 3), (3, 7), (7, 15)], (3, 5): [(24, 8), (8, 3), (3, 7), (7, 23)], (3, 9): [(24, 8), (8, 16)]}","{(4, 15): {'cpu': 19}, (5, 23): {'cpu': 13}, (9, 16): {'cpu': 8}, (3, 24): {'cpu': 11}}","{((5, 4), (23, 7)): {'bw': 26}, ((5, 4), (7, 15)): {'bw': 26}, ((9, 4), (16, 8)): {'bw': 28}, ((9, 4), (8, 3)): {'bw': 28}, ((9, 4), (3, 7)): {'bw': 28}, ((9, 4), (7, 15)): {'bw': 28}, ((9, 5), (16, 8)): {'bw': 16}, ((9, 5), (8, 3)): {'bw': 16}, ((9, 5), (3, 7)): {'bw': 16}, ((9, 5), (7, 23)): {'bw': 16}, ((3, 4), (24, 8)): {'bw': 11}, ((3, 4), (8, 3)): {'bw': 11}, ((3, 4), (3, 7)): {'bw': 11}, ((3, 4), (7, 15)): {'bw': 11}, ((3, 5), (24, 8)): {'bw': 35}, ((3, 5), (8, 3)): {'bw': 35}, ((3, 5), (3, 7)): {'bw': 35}, ((3, 5), (7, 23)): {'bw': 35}, ((3, 9), (24, 8)): {'bw': 4}, ((3, 9), (8, 16)): {'bw': 4}}",0.0,0.0,140.0,70.0,597.0,0.0,0.0,0.0,0.0,0.0,0.0,0.0,0.0,0.0,Place Failure,73.0,"{'node_level': {'cpu': 5}, 'link_level': {}, 'path_level': {}}","{'node_level': {4: {'cpu': -35}, 5: {'cpu': -31}, 9: {'cpu': -44}, 3: {'cpu': -43}, 0: {'cpu': 5}}, 'link_level': {(5, 4): {'bw': -106}, (9, 4): {'bw': -85}, (9, 5): {'bw': -79}, (3, 4): {'bw': -74}, (3, 5): {'bw': -55}, (3, 9): {'bw': -59}}, 'path_level': {(5, 4): {}, (9, 4): {}, (9, 5): {}, (3, 4): {}, (3, 5): {}, (3, 9): {}}}","{'node_level': {4: {'cpu': 0}, 5: {'cpu': 0}, 9: {'cpu': 0}, 3: {'cpu': 0}, 0: {'cpu': 5}}, 'link_level': {(5, 4): {'bw': 0}, (9, 4): {'bw': 0}, (9, 5): {'bw': 0}, (3, 4): {'bw': 0}, (3, 5): {'bw': 0}, (3, 9): {'bw': 0}}, 'path_level': {(5, 4): {}, (9, 4): {}, (9, 5): {}, (3, 4): {}, (3, 5): {}, (3, 9): {}}}",[],-43.0,0.0,False,True,False,0,[],0,0.0,9.0,0.0008440017700195312,4.0,6.0
123,3,1,111.0,111.0,113010.10109904812,113010.10109904812,1.0,1.0,2,221,0,3012.2679107610466,5021,716,4305,0.0027855153203342198,0.009661835748792313,113,213.26791076104638,2799.0,5,6,False,{},{},{},{},0.0,0.0,0.0,0.0,0.0,0.0,0.0,0.0,0.0,0.0,0.0,0.0,0.0,0.0,Leave Event,0.0,"{'node_level': {}, 'link_level': {}, 'path_level': {}}","{'node_level': {}, 'link_level': {}, 'path_level': {}}","{'node_level': {}, 'link_level': {}, 'path_level': {}}",[],-inf,-inf,True,True,False,0,[],0,0.0,,,,
124,3,1,111.0,111.0,113010.10109904812,113010.10109904812,1.0,1.0,2,222,1,3023.0,5021,716,4305,0.0027855153203342198,0.009661835748792313,123,358.0226592019341,3023.0,10,25,False,"{9: 15, 1: 23, 2: 16, 6: 24}","{(1, 9): [(23, 7), (7, 15)], (2, 1): [(16, 8), (8, 3), (3, 7), (7, 23)], (2, 9): [(16, 8), (8, 3), (3, 7), (7, 15)], (6, 9): [(24, 8), (8, 3), (3, 7), (7, 15)]}","{(9, 15): {'cpu': 15}, (1, 23): {'cpu': 17}, (2, 16): {'cpu': 18}, (6, 24): {'cpu': 6}}","{((1, 9), (23, 7)): {'bw': 39}, ((1, 9), (7, 15)): {'bw': 39}, ((2, 1), (16, 8)): {'bw': 46}, ((2, 1), (8, 3)): {'bw': 46}, ((2, 1), (3, 7)): {'bw': 46}, ((2, 1), (7, 23)): {'bw': 46}, ((2, 9), (16, 8)): {'bw': 36}, ((2, 9), (8, 3)): {'bw': 36}, ((2, 9), (3, 7)): {'bw': 36}, ((2, 9), (7, 15)): {'bw': 36}, ((6, 9), (24, 8)): {'bw': 22}, ((6, 9), (8, 3)): {'bw': 22}, ((6, 9), (3, 7)): {'bw': 22}, ((6, 9), (7, 15)): {'bw': 22}}",0.0,0.0,136.0,68.0,667.0,0.0,0.0,0.0,0.0,0.0,0.0,0.0,0.0,0.0,Place Failure,118.0,"{'node_level': {'cpu': 4}, 'link_level': {}, 'path_level': {}}","{'node_level': {9: {'cpu': -39}, 1: {'cpu': -27}, 2: {'cpu': -34}, 6: {'cpu': -48}, 8: {'cpu': 4}}, 'link_level': {(1, 9): {'bw': -93}, (2, 1): {'bw': -47}, (2, 9): {'bw': -41}, (6, 9): {'bw': -42}}, 'path_level': {(1, 9): {}, (2, 1): {}, (2, 9): {}, (6, 9): {}}}","{'node_level': {9: {'cpu': 0}, 1: {'cpu': 0}, 2: {'cpu': 0}, 6: {'cpu': 0}, 8: {'cpu': 4}}, 'link_level': {(1, 9): {'bw': 0}, (2, 1): {'bw': 0}, (2, 9): {'bw': 0}, (6, 9): {'bw': 0}}, 'path_level': {(1, 9): {}, (2, 1): {}, (2, 9): {}, (6, 9): {}}}",[],-42.0,0.0,False,True,False,0,[],0,0.0,9.0,0.0007879734039306641,4.0,4.0
124,3,1,111.0,111.0,113010.10109904812,113010.10109904812,1.0,1.0,2,223,0,3029.612517267697,5021,716,4305,0.0027855153203342198,0.009661835748792313,120,73.61251726769697,2956.0,5,7,False,{},{},{},{},0.0,0.0,0.0,0.0,0.0,0.0,0.0,0.0,0.0,0.0,0.0,0.0,0.0,0.0,Leave Event,0.0,"{'node_level': {}, 'link_level': {}, 'path_level': {}}","{'node_level': {}, 'link_level': {}, 'path_level': {}}","{'node_level': {}, 'link_level': {}, 'path_level': {}}",[],-inf,-inf,True,True,False,0,[],0,0.0,,,,
125,3,1,111.0,111.0,113010.10109904812,113010.10109904812,1.0,1.0,2,224,1,3050.0,5021,716,4305,0.0027855153203342198,0.009661835748792313,124,127.00569238417994,3050.0,4,4,False,"{3: 15, 1: 23, 2: 16, 0: 24}","{(1, 3): [(23, 7), (7, 15)], (2, 1): [(16, 8), (8, 3), (3, 7), (7, 23)], (2, 3): [(16, 8), (8, 3), (3, 7), (7, 15)], (0, 2): [(24, 8), (8, 16)]}","{(3, 15): {'cpu': 20}, (1, 23): {'cpu': 3}, (2, 16): {'cpu': 2}, (0, 24): {'cpu': 3}}","{((1, 3), (23, 7)): {'bw': 46}, ((1, 3), (7, 15)): {'bw': 46}, ((2, 1), (16, 8)): {'bw': 42}, ((2, 1), (8, 3)): {'bw': 42}, ((2, 1), (3, 7)): {'bw': 42}, ((2, 1), (7, 23)): {'bw': 42}, ((2, 3), (16, 8)): {'bw': 20}, ((2, 3), (8, 3)): {'bw': 20}, ((2, 3), (3, 7)): {'bw': 20}, ((2, 3), (7, 15)): {'bw': 20}, ((0, 2), (24, 8)): {'bw': 36}, ((0, 2), (8, 16)): {'bw': 36}}",0.0,0.0,56.0,28.0,144.0,0.0,0.0,0.0,0.0,0.0,0.0,0.0,0.0,0.0,Place Failure,14.0,"{'node_level': {'cpu': -51}, 'link_level': {'bw': -25}, 'path_level': {}}","{'node_level': {3: {'cpu': -34}, 1: {'cpu': -41}, 2: {'cpu': -50}, 0: {'cpu': -51}}, 'link_level': {(1, 3): {'bw': -86}, (2, 1): {'bw': -44}, (2, 3): {'bw': -61}, (0, 2): {'bw': -25}}, 'path_level': {(1, 3): {}, (2, 1): {}, (2, 3): {}, (0, 2): {}}}","{'node_level': {3: {'cpu': 0}, 1: {'cpu': 0}, 2: {'cpu': 0}, 0: {'cpu': 0}}, 'link_level': {(1, 3): {'bw': 0}, (2, 1): {'bw': 0}, (2, 3): {'bw': 0}, (0, 2): {'bw': 0}}, 'path_level': {(1, 3): {}, (2, 1): {}, (2, 3): {}, (0, 2): {}}}",[],-25.0,0.0,False,True,False,0,[],0,0.0,6.0,0.0007112026214599609,4.0,4.0
126,3,1,111.0,111.0,113010.10109904812,113010.10109904812,1.0,1.0,2,225,1,3075.0,5021,716,4305,0.0027855153203342198,0.009661835748792313,125,51.48418095579485,3075.0,5,6,False,"{1: 15, 2: 23, 4: 16, 3: 24}","{(2, 1): [(23, 7), (7, 15)], (4, 1): [(16, 8), (8, 3), (3, 7), (7, 15)], (4, 2): [(16, 8), (8, 3), (3, 7), (7, 23)], (3, 1): [(24, 8), (8, 3), (3, 7), (7, 15)], (3, 4): [(24, 8), (8, 16)]}","{(1, 15): {'cpu': 5}, (2, 23): {'cpu': 19}, (4, 16): {'cpu': 3}, (3, 24): {'cpu': 5}}","{((2, 1), (23, 7)): {'bw': 23}, ((2, 1), (7, 15)): {'bw': 23}, ((4, 1), (16, 8)): {'bw': 30}, ((4, 1), (8, 3)): {'bw': 30}, ((4, 1), (3, 7)): {'bw': 30}, ((4, 1), (7, 15)): {'bw': 30}, ((4, 2), (16, 8)): {'bw': 30}, ((4, 2), (8, 3)): {'bw': 30}, ((4, 2), (3, 7)): {'bw': 30}, ((4, 2), (7, 23)): {'bw': 30}, ((3, 1), (24, 8)): {'bw': 48}, ((3, 1), (8, 3)): {'bw': 48}, ((3, 1), (3, 7)): {'bw': 48}, ((3, 1), (7, 15)): {'bw': 48}, ((3, 4), (24, 8)): {'bw': 25}, ((3, 4), (8, 16)): {'bw': 25}}",0.0,0.0,82.0,41.0,175.0,0.0,0.0,0.0,0.0,0.0,0.0,0.0,0.0,0.0,Place Failure,77.0,"{'node_level': {'cpu': 9}, 'link_level': {}, 'path_level': {}}","{'node_level': {1: {'cpu': -49}, 2: {'cpu': -25}, 4: {'cpu': -49}, 3: {'cpu': -49}, 0: {'cpu': 9}}, 'link_level': {(2, 1): {'bw': -109}, (4, 1): {'bw': -86}, (4, 2): {'bw': -63}, (3, 1): {'bw': -38}, (3, 4): {'bw': -36}}, 'path_level': {(2, 1): {}, (4, 1): {}, (4, 2): {}, (3, 1): {}, (3, 4): {}}}","{'node_level': {1: {'cpu': 0}, 2: {'cpu': 0}, 4: {'cpu': 0}, 3: {'cpu': 0}, 0: {'cpu': 9}}, 'link_level': {(2, 1): {'bw': 0}, (4, 1): {'bw': 0}, (4, 2): {'bw': 0}, (3, 1): {'bw': 0}, (3, 4): {'bw': 0}}, 'path_level': {(2, 1): {}, (4, 1): {}, (4, 2): {}, (3, 1): {}, (3, 4): {}}}",[],-36.0,0.0,False,True,False,0,[],0,0.0,9.0,0.0007390975952148438,4.0,5.0
127,3,1,111.0,111.0,113010.10109904812,113010.10109904812,1.0,1.0,2,226,1,3099.0,5021,716,4305,0.0027855153203342198,0.009661835748792313,126,990.9451825625172,3099.0,4,5,False,"{2: 15, 1: 23, 0: 16, 3: 24}","{(1, 2): [(23, 7), (7, 15)], (0, 1): [(16, 8), (8, 3), (3, 7), (7, 23)], (0, 2): [(16, 8), (8, 3), (3, 7), (7, 15)], (3, 0): [(24, 8), (8, 16)], (3, 2): [(24, 8), (8, 3), (3, 7), (7, 15)]}","{(2, 15): {'cpu': 12}, (1, 23): {'cpu': 10}, (0, 16): {'cpu': 7}, (3, 24): {'cpu': 4}}","{((1, 2), (23, 7)): {'bw': 47}, ((1, 2), (7, 15)): {'bw': 47}, ((0, 1), (16, 8)): {'bw': 48}, ((0, 1), (8, 3)): {'bw': 48}, ((0, 1), (3, 7)): {'bw': 48}, ((0, 1), (7, 23)): {'bw': 48}, ((0, 2), (16, 8)): {'bw': 27}, ((0, 2), (8, 3)): {'bw': 27}, ((0, 2), (3, 7)): {'bw': 27}, ((0, 2), (7, 15)): {'bw': 27}, ((3, 0), (24, 8)): {'bw': 12}, ((3, 0), (8, 16)): {'bw': 12}, ((3, 2), (24, 8)): {'bw': 10}, ((3, 2), (8, 3)): {'bw': 10}, ((3, 2), (3, 7)): {'bw': 10}, ((3, 2), (7, 15)): {'bw': 10}}",0.0,0.0,66.0,33.0,144.0,0.0,0.0,0.0,0.0,0.0,0.0,0.0,0.0,0.0,Place Failure,48.0,"{'node_level': {'cpu': -50}, 'link_level': {'bw': -36}, 'path_level': {}}","{'node_level': {2: {'cpu': -42}, 1: {'cpu': -34}, 0: {'cpu': -45}, 3: {'cpu': -50}}, 'link_level': {(1, 2): {'bw': -85}, (0, 1): {'bw': -37}, (0, 2): {'bw': -48}, (3, 0): {'bw': -36}, (3, 2): {'bw': -55}}, 'path_level': {(1, 2): {}, (0, 1): {}, (0, 2): {}, (3, 0): {}, (3, 2): {}}}","{'node_level': {2: {'cpu': 0}, 1: {'cpu': 0}, 0: {'cpu': 0}, 3: {'cpu': 0}}, 'link_level': {(1, 2): {'bw': 0}, (0, 1): {'bw': 0}, (0, 2): {'bw': 0}, (3, 0): {'bw': 0}, (3, 2): {'bw': 0}}, 'path_level': {(1, 2): {}, (0, 1): {}, (0, 2): {}, (3, 0): {}, (3, 2): {}}}",[],-36.0,0.0,False,True,False,0,[],0,0.0,6.0,0.0006930828094482422,4.0,5.0
127,3,1,111.0,111.0,113010.10109904812,113010.10109904812,1.0,1.0,2,227,0,3112.2666429289598,5021,716,4305,0.0027855153203342198,0.009661835748792313,122,105.2666429289596,3007.0,10,22,False,{},{},{},{},0.0,0.0,0.0,0.0,0.0,0.0,0.0,0.0,0.0,0.0,0.0,0.0,0.0,0.0,Leave Event,0.0,"{'node_level': {}, 'link_level': {}, 'path_level': {}}","{'node_level': {}, 'link_level': {}, 'path_level': {}}","{'node_level': {}, 'link_level': {}, 'path_level': {}}",[],-inf,-inf,True,True,False,0,[],0,0.0,,,,
128,3,1,111.0,111.0,113010.10109904812,113010.10109904812,1.0,1.0,2,228,1,3121.0,5021,716,4305,0.0027855153203342198,0.009661835748792313,127,1804.4704809777297,3121.0,2,1,False,"{1: 15, 0: 23}","{(0, 1): [(23, 7), (7, 15)]}","{(1, 15): {'cpu': 14}, (0, 23): {'cpu': 11}}","{((0, 1), (23, 7)): {'bw': 10}, ((0, 1), (7, 15)): {'bw': 10}}",0.0,0.0,50.0,25.0,10.0,0.0,0.0,0.0,0.0,0.0,0.0,0.0,0.0,0.0,Place Failure,22.0,"{'node_level': {'cpu': -33}, 'link_level': {'bw': -122}, 'path_level': {}}","{'node_level': {1: {'cpu': -40}, 0: {'cpu': -33}}, 'link_level': {(0, 1): {'bw': -122}}, 'path_level': {(0, 1): {}}}","{'node_level': {1: {'cpu': 0}, 0: {'cpu': 0}}, 'link_level': {(0, 1): {'bw': 0}}, 'path_level': {(0, 1): {}}}",[],-33.0,0.0,False,True,False,0,[],0,0.0,2.0,0.0005691051483154297,2.0,1.0
128,3,1,111.0,111.0,113010.10109904812,113010.10109904812,1.0,1.0,2,229,0,3121.914361301377,5021,716,4305,0.0027855153203342198,0.009661835748792313,94,768.9143613013771,2353.0,9,23,False,{},{},{},{},0.0,0.0,0.0,0.0,0.0,0.0,0.0,0.0,0.0,0.0,0.0,0.0,0.0,0.0,Leave Event,0.0,"{'node_level': {}, 'link_level': {}, 'path_level': {}}","{'node_level': {}, 'link_level': {}, 'path_level': {}}","{'node_level': {}, 'link_level': {}, 'path_level': {}}",[],-inf,-inf,True,True,False,0,[],0,0.0,,,,
128,3,1,111.0,111.0,113010.10109904812,113010.10109904812,1.0,1.0,2,230,0,3126.4841809557947,5021,716,4305,0.0027855153203342198,0.009661835748792313,125,51.48418095579485,3075.0,5,6,False,{},{},{},{},0.0,0.0,0.0,0.0,0.0,0.0,0.0,0.0,0.0,0.0,0.0,0.0,0.0,0.0,Leave Event,0.0,"{'node_level': {}, 'link_level': {}, 'path_level': {}}","{'node_level': {}, 'link_level': {}, 'path_level': {}}","{'node_level': {}, 'link_level': {}, 'path_level': {}}",[],-inf,-inf,True,True,False,0,[],0,0.0,,,,
129,3,1,111.0,111.0,113010.10109904812,113010.10109904812,1.0,1.0,2,231,1,3150.0,5021,716,4305,0.0027855153203342198,0.009661835748792313,128,1619.9815287615754,3150.0,10,19,False,"{5: 15, 0: 23, 9: 16, 2: 24, 4: 2, 7: 9}","{(0, 5): [(23, 7), (7, 15)], (9, 5): [(16, 8), (8, 3), (3, 7), (7, 15)], (2, 5): [(24, 8), (8, 3), (3, 7), (7, 15)], (4, 2): [(2, 0), (0, 1), (1, 3), (3, 8), (8, 24)], (4, 5): [(2, 0), (0, 1), (1, 3), (3, 7), (7, 15)], (7, 5): [(9, 4), (4, 1), (1, 3), (3, 7), (7, 15)], (7, 9): [(9, 4), (4, 1), (1, 3), (3, 8), (8, 16)]}","{(5, 15): {'cpu': 19}, (0, 23): {'cpu': 19}, (9, 16): {'cpu': 7}, (2, 24): {'cpu': 6}, (4, 2): {'cpu': 0}, (7, 9): {'cpu': 0}}","{((0, 5), (23, 7)): {'bw': 18}, ((0, 5), (7, 15)): {'bw': 18}, ((9, 5), (16, 8)): {'bw': 6}, ((9, 5), (8, 3)): {'bw': 6}, ((9, 5), (3, 7)): {'bw': 6}, ((9, 5), (7, 15)): {'bw': 6}, ((2, 5), (24, 8)): {'bw': 12}, ((2, 5), (8, 3)): {'bw': 12}, ((2, 5), (3, 7)): {'bw': 12}, ((2, 5), (7, 15)): {'bw': 12}, ((4, 2), (2, 0)): {'bw': 38}, ((4, 2), (0, 1)): {'bw': 38}, ((4, 2), (1, 3)): {'bw': 38}, ((4, 2), (3, 8)): {'bw': 38}, ((4, 2), (8, 24)): {'bw': 38}, ((4, 5), (2, 0)): {'bw': 26}, ((4, 5), (0, 1)): {'bw': 26}, ((4, 5), (1, 3)): {'bw': 26}, ((4, 5), (3, 7)): {'bw': 26}, ((4, 5), (7, 15)): {'bw': 26}, ((7, 5), (9, 4)): {'bw': 38}, ((7, 5), (4, 1)): {'bw': 38}, ((7, 5), (1, 3)): {'bw': 38}, ((7, 5), (3, 7)): {'bw': 38}, ((7, 5), (7, 15)): {'bw': 38}, ((7, 9), (9, 4)): {'bw': 21}, ((7, 9), (4, 1)): {'bw': 21}, ((7, 9), (1, 3)): {'bw': 21}, ((7, 9), (3, 8)): {'bw': 21}, ((7, 9), (8, 16)): {'bw': 21}}",0.0,0.0,142.0,71.0,325.0,0.0,0.0,0.0,0.0,0.0,0.0,0.0,0.0,0.0,Place Failure,77.0,"{'node_level': {'cpu': 11}, 'link_level': {}, 'path_level': {}}","{'node_level': {5: {'cpu': -35}, 0: {'cpu': -25}, 9: {'cpu': -45}, 2: {'cpu': -48}, 4: {'cpu': 0}, 7: {'cpu': 0}, 1: {'cpu': 11}}, 'link_level': {(0, 5): {'bw': -114}, (9, 5): {'bw': -115}, (2, 5): {'bw': -97}, (4, 2): {'bw': -59}, (4, 5): {'bw': -56}, (7, 5): {'bw': -39}, (7, 9): {'bw': -46}}, 'path_level': {(0, 5): {}, (9, 5): {}, (2, 5): {}, (4, 2): {}, (4, 5): {}, (7, 5): {}, (7, 9): {}}}","{'node_level': {5: {'cpu': 0}, 0: {'cpu': 0}, 9: {'cpu': 0}, 2: {'cpu': 0}, 4: {'cpu': 0}, 7: {'cpu': 0}, 1: {'cpu': 11}}, 'link_level': {(0, 5): {'bw': 0}, (9, 5): {'bw': 0}, (2, 5): {'bw': 0}, (4, 2): {'bw': 0}, (4, 5): {'bw': 0}, (7, 5): {'bw': 0}, (7, 9): {'bw': 0}}, 'path_level': {(0, 5): {}, (9, 5): {}, (2, 5): {}, (4, 2): {}, (4, 5): {}, (7, 5): {}, (7, 9): {}}}",[],0.0,0.0,False,True,False,0,[],0,0.0,7.0,0.0011057853698730469,6.0,7.0
129,3,1,111.0,111.0,113010.10109904812,113010.10109904812,1.0,1.0,2,232,0,3155.7318234706013,5021,716,4305,0.0027855153203342198,0.009661835748792313,107,497.7318234706012,2658.0,4,3,False,{},{},{},{},0.0,0.0,0.0,0.0,0.0,0.0,0.0,0.0,0.0,0.0,0.0,0.0,0.0,0.0,Leave Event,0.0,"{'node_level': {}, 'link_level': {}, 'path_level': {}}","{'node_level': {}, 'link_level': {}, 'path_level': {}}","{'node_level': {}, 'link_level': {}, 'path_level': {}}",[],-inf,-inf,True,True,False,0,[],0,0.0,,,,
129,3,1,111.0,111.0,113010.10109904812,113010.10109904812,1.0,1.0,2,233,0,3162.895661309761,5021,716,4305,0.0027855153203342198,0.009661835748792313,119,229.89566130976104,2933.0,5,4,False,{},{},{},{},0.0,0.0,0.0,0.0,0.0,0.0,0.0,0.0,0.0,0.0,0.0,0.0,0.0,0.0,Leave Event,0.0,"{'node_level': {}, 'link_level': {}, 'path_level': {}}","{'node_level': {}, 'link_level': {}, 'path_level': {}}","{'node_level': {}, 'link_level': {}, 'path_level': {}}",[],-inf,-inf,True,True,False,0,[],0,0.0,,,,
130,3,1,111.0,111.0,113010.10109904812,113010.10109904812,1.0,1.0,2,234,1,3177.0,5021,716,4305,0.0027855153203342198,0.009661835748792313,129,1185.1937967403398,3177.0,10,23,False,"{9: 15, 3: 23, 2: 16, 8: 24}","{(3, 9): [(23, 7), (7, 15)], (2, 3): [(16, 8), (8, 3), (3, 7), (7, 23)], (2, 9): [(16, 8), (8, 3), (3, 7), (7, 15)], (8, 2): [(24, 8), (8, 16)], (8, 9): [(24, 8), (8, 3), (3, 7), (7, 15)]}","{(9, 15): {'cpu': 13}, (3, 23): {'cpu': 16}, (2, 16): {'cpu': 18}, (8, 24): {'cpu': 15}}","{((3, 9), (23, 7)): {'bw': 13}, ((3, 9), (7, 15)): {'bw': 13}, ((2, 3), (16, 8)): {'bw': 6}, ((2, 3), (8, 3)): {'bw': 6}, ((2, 3), (3, 7)): {'bw': 6}, ((2, 3), (7, 23)): {'bw': 6}, ((2, 9), (16, 8)): {'bw': 3}, ((2, 9), (8, 3)): {'bw': 3}, ((2, 9), (3, 7)): {'bw': 3}, ((2, 9), (7, 15)): {'bw': 3}, ((8, 2), (24, 8)): {'bw': 49}, ((8, 2), (8, 16)): {'bw': 49}, ((8, 9), (24, 8)): {'bw': 36}, ((8, 9), (8, 3)): {'bw': 36}, ((8, 9), (3, 7)): {'bw': 36}, ((8, 9), (7, 15)): {'bw': 36}}",0.0,0.0,246.0,123.0,593.0,0.0,0.0,0.0,0.0,0.0,0.0,0.0,0.0,0.0,Place Failure,164.0,"{'node_level': {'cpu': 20}, 'link_level': {}, 'path_level': {}}","{'node_level': {9: {'cpu': -41}, 3: {'cpu': -28}, 2: {'cpu': -34}, 8: {'cpu': -39}, 0: {'cpu': 20}}, 'link_level': {(3, 9): {'bw': -119}, (2, 3): {'bw': -113}, (2, 9): {'bw': -114}, (8, 2): {'bw': -60}, (8, 9): {'bw': -24}}, 'path_level': {(3, 9): {}, (2, 3): {}, (2, 9): {}, (8, 2): {}, (8, 9): {}}}","{'node_level': {9: {'cpu': 0}, 3: {'cpu': 0}, 2: {'cpu': 0}, 8: {'cpu': 0}, 0: {'cpu': 20}}, 'link_level': {(3, 9): {'bw': 0}, (2, 3): {'bw': 0}, (2, 9): {'bw': 0}, (8, 2): {'bw': 0}, (8, 9): {'bw': 0}}, 'path_level': {(3, 9): {}, (2, 3): {}, (2, 9): {}, (8, 2): {}, (8, 9): {}}}",[],-24.0,0.0,False,True,False,0,[],0,0.0,9.0,0.0008208751678466797,4.0,5.0
130,3,1,111.0,111.0,113010.10109904812,113010.10109904812,1.0,1.0,2,235,0,3177.00569238418,5021,716,4305,0.0027855153203342198,0.009661835748792313,124,127.00569238417994,3050.0,4,4,False,{},{},{},{},0.0,0.0,0.0,0.0,0.0,0.0,0.0,0.0,0.0,0.0,0.0,0.0,0.0,0.0,Leave Event,0.0,"{'node_level': {}, 'link_level': {}, 'path_level': {}}","{'node_level': {}, 'link_level': {}, 'path_level': {}}","{'node_level': {}, 'link_level': {}, 'path_level': {}}",[],-inf,-inf,True,True,False,0,[],0,0.0,,,,
130,3,1,111.0,111.0,113010.10109904812,113010.10109904812,1.0,1.0,2,236,0,3183.398671651408,5021,716,4305,0.0027855153203342198,0.009661835748792313,116,325.3986716514084,2858.0,8,10,False,{},{},{},{},0.0,0.0,0.0,0.0,0.0,0.0,0.0,0.0,0.0,0.0,0.0,0.0,0.0,0.0,Leave Event,0.0,"{'node_level': {}, 'link_level': {}, 'path_level': {}}","{'node_level': {}, 'link_level': {}, 'path_level': {}}","{'node_level': {}, 'link_level': {}, 'path_level': {}}",[],-inf,-inf,True,True,False,0,[],0,0.0,,,,
131,3,1,111.0,111.0,113010.10109904812,113010.10109904812,1.0,1.0,2,237,1,3200.0,5021,716,4305,0.0027855153203342198,0.009661835748792313,130,743.7148691822122,3200.0,5,6,False,"{4: 15, 0: 23, 1: 16, 2: 24, 3: 2}","{(0, 4): [(23, 7), (7, 15)], (1, 4): [(16, 8), (8, 3), (3, 7), (7, 15)], (2, 0): [(24, 8), (8, 3), (3, 7), (7, 23)], (2, 4): [(24, 8), (8, 3), (3, 7), (7, 15)], (3, 0): [(2, 0), (0, 1), (1, 3), (3, 7), (7, 23)], (3, 2): [(2, 0), (0, 1), (1, 3), (3, 8), (8, 24)]}","{(4, 15): {'cpu': 8}, (0, 23): {'cpu': 3}, (1, 16): {'cpu': 7}, (2, 24): {'cpu': 0}, (3, 2): {'cpu': 0}}","{((0, 4), (23, 7)): {'bw': 37}, ((0, 4), (7, 15)): {'bw': 37}, ((1, 4), (16, 8)): {'bw': 7}, ((1, 4), (8, 3)): {'bw': 7}, ((1, 4), (3, 7)): {'bw': 7}, ((1, 4), (7, 15)): {'bw': 7}, ((2, 0), (24, 8)): {'bw': 3}, ((2, 0), (8, 3)): {'bw': 3}, ((2, 0), (3, 7)): {'bw': 3}, ((2, 0), (7, 23)): {'bw': 3}, ((2, 4), (24, 8)): {'bw': 18}, ((2, 4), (8, 3)): {'bw': 18}, ((2, 4), (3, 7)): {'bw': 18}, ((2, 4), (7, 15)): {'bw': 18}, ((3, 0), (2, 0)): {'bw': 6}, ((3, 0), (0, 1)): {'bw': 6}, ((3, 0), (1, 3)): {'bw': 6}, ((3, 0), (3, 7)): {'bw': 6}, ((3, 0), (7, 23)): {'bw': 6}, ((3, 2), (2, 0)): {'bw': 13}, ((3, 2), (0, 1)): {'bw': 13}, ((3, 2), (1, 3)): {'bw': 13}, ((3, 2), (3, 8)): {'bw': 13}, ((3, 2), (8, 24)): {'bw': 13}}",0.0,0.0,36.0,18.0,84.0,0.0,0.0,0.0,0.0,0.0,0.0,0.0,0.0,0.0,Place Failure,34.0,"{'node_level': {'cpu': 0}, 'link_level': {'bw': -75}, 'path_level': {}}","{'node_level': {4: {'cpu': -46}, 0: {'cpu': -41}, 1: {'cpu': -45}, 2: {'cpu': -54}, 3: {'cpu': 0}}, 'link_level': {(0, 4): {'bw': -95}, (1, 4): {'bw': -95}, (2, 0): {'bw': -92}, (2, 4): {'bw': -77}, (3, 0): {'bw': -86}, (3, 2): {'bw': -75}}, 'path_level': {(0, 4): {}, (1, 4): {}, (2, 0): {}, (2, 4): {}, (3, 0): {}, (3, 2): {}}}","{'node_level': {4: {'cpu': 0}, 0: {'cpu': 0}, 1: {'cpu': 0}, 2: {'cpu': 0}, 3: {'cpu': 0}}, 'link_level': {(0, 4): {'bw': 0}, (1, 4): {'bw': 0}, (2, 0): {'bw': 0}, (2, 4): {'bw': 0}, (3, 0): {'bw': 0}, (3, 2): {'bw': 0}}, 'path_level': {(0, 4): {}, (1, 4): {}, (2, 0): {}, (2, 4): {}, (3, 0): {}, (3, 2): {}}}",[],0.0,0.0,False,True,False,0,[],0,0.0,6.0,0.0010738372802734375,5.0,6.0
132,3,1,111.0,111.0,113010.10109904812,113010.10109904812,1.0,1.0,2,238,1,3223.0,5021,716,4305,0.0027855153203342198,0.009661835748792313,131,202.5914379911804,3223.0,10,21,False,"{9: 15, 8: 23, 4: 16, 0: 24}","{(8, 9): [(23, 7), (7, 15)], (4, 8): [(16, 8), (8, 3), (3, 7), (7, 23)], (4, 9): [(16, 8), (8, 3), (3, 7), (7, 15)], (0, 4): [(24, 8), (8, 16)], (0, 9): [(24, 8), (8, 3), (3, 7), (7, 15)]}","{(9, 15): {'cpu': 18}, (8, 23): {'cpu': 17}, (4, 16): {'cpu': 11}, (0, 24): {'cpu': 17}}","{((8, 9), (23, 7)): {'bw': 18}, ((8, 9), (7, 15)): {'bw': 18}, ((4, 8), (16, 8)): {'bw': 1}, ((4, 8), (8, 3)): {'bw': 1}, ((4, 8), (3, 7)): {'bw': 1}, ((4, 8), (7, 23)): {'bw': 1}, ((4, 9), (16, 8)): {'bw': 21}, ((4, 9), (8, 3)): {'bw': 21}, ((4, 9), (3, 7)): {'bw': 21}, ((4, 9), (7, 15)): {'bw': 21}, ((0, 4), (24, 8)): {'bw': 43}, ((0, 4), (8, 16)): {'bw': 43}, ((0, 9), (24, 8)): {'bw': 27}, ((0, 9), (8, 3)): {'bw': 27}, ((0, 9), (3, 7)): {'bw': 27}, ((0, 9), (7, 15)): {'bw': 27}}",0.0,0.0,230.0,115.0,469.0,0.0,0.0,0.0,0.0,0.0,0.0,0.0,0.0,0.0,Place Failure,87.0,"{'node_level': {'cpu': 3}, 'link_level': {}, 'path_level': {}}","{'node_level': {9: {'cpu': -36}, 8: {'cpu': -27}, 4: {'cpu': -41}, 0: {'cpu': -37}, 5: {'cpu': 3}}, 'link_level': {(8, 9): {'bw': -114}, (4, 8): {'bw': -113}, (4, 9): {'bw': -100}, (0, 4): {'bw': -58}, (0, 9): {'bw': -39}}, 'path_level': {(8, 9): {}, (4, 8): {}, (4, 9): {}, (0, 4): {}, (0, 9): {}}}","{'node_level': {9: {'cpu': 0}, 8: {'cpu': 0}, 4: {'cpu': 0}, 0: {'cpu': 0}, 5: {'cpu': 3}}, 'link_level': {(8, 9): {'bw': 0}, (4, 8): {'bw': 0}, (4, 9): {'bw': 0}, (0, 4): {'bw': 0}, (0, 9): {'bw': 0}}, 'path_level': {(8, 9): {}, (4, 8): {}, (4, 9): {}, (0, 4): {}, (0, 9): {}}}",[],-37.0,0.0,False,True,False,0,[],0,0.0,9.0,0.0008361339569091797,4.0,5.0
132,3,1,111.0,111.0,113010.10109904812,113010.10109904812,1.0,1.0,2,239,0,3232.9717371759075,5021,716,4305,0.0027855153203342198,0.009661835748792313,117,343.97173717590755,2889.0,2,1,False,{},{},{},{},0.0,0.0,0.0,0.0,0.0,0.0,0.0,0.0,0.0,0.0,0.0,0.0,0.0,0.0,Leave Event,0.0,"{'node_level': {}, 'link_level': {}, 'path_level': {}}","{'node_level': {}, 'link_level': {}, 'path_level': {}}","{'node_level': {}, 'link_level': {}, 'path_level': {}}",[],-inf,-inf,True,True,False,0,[],0,0.0,,,,
132,3,1,111.0,111.0,113010.10109904812,113010.10109904812,1.0,1.0,2,240,0,3236.005963217783,5021,716,4305,0.0027855153203342198,0.009661835748792313,111,481.0059632177831,2755.0,10,26,False,{},{},{},{},0.0,0.0,0.0,0.0,0.0,0.0,0.0,0.0,0.0,0.0,0.0,0.0,0.0,0.0,Leave Event,0.0,"{'node_level': {}, 'link_level': {}, 'path_level': {}}","{'node_level': {}, 'link_level': {}, 'path_level': {}}","{'node_level': {}, 'link_level': {}, 'path_level': {}}",[],-inf,-inf,True,True,False,0,[],0,0.0,,,,
132,3,1,111.0,111.0,113010.10109904812,113010.10109904812,1.0,1.0,2,241,0,3242.2459814875447,5021,716,4305,0.0027855153203342198,0.009661835748792313,83,1170.2459814875444,2072.0,2,1,False,{},{},{},{},0.0,0.0,0.0,0.0,0.0,0.0,0.0,0.0,0.0,0.0,0.0,0.0,0.0,0.0,Leave Event,0.0,"{'node_level': {}, 'link_level': {}, 'path_level': {}}","{'node_level': {}, 'link_level': {}, 'path_level': {}}","{'node_level': {}, 'link_level': {}, 'path_level': {}}",[],-inf,-inf,True,True,False,0,[],0,0.0,,,,
133,3,1,111.0,111.0,113010.10109904812,113010.10109904812,1.0,1.0,2,242,1,3254.0,5021,716,4305,0.0027855153203342198,0.009661835748792313,132,42.28974457079073,3254.0,4,3,False,"{0: 15, 1: 23, 3: 16, 2: 24}","{(1, 0): [(23, 7), (7, 15)], (3, 0): [(16, 8), (8, 3), (3, 7), (7, 15)], (2, 1): [(24, 8), (8, 3), (3, 7), (7, 23)]}","{(0, 15): {'cpu': 20}, (1, 23): {'cpu': 7}, (3, 16): {'cpu': 5}, (2, 24): {'cpu': 8}}","{((1, 0), (23, 7)): {'bw': 46}, ((1, 0), (7, 15)): {'bw': 46}, ((3, 0), (16, 8)): {'bw': 19}, ((3, 0), (8, 3)): {'bw': 19}, ((3, 0), (3, 7)): {'bw': 19}, ((3, 0), (7, 15)): {'bw': 19}, ((2, 1), (24, 8)): {'bw': 26}, ((2, 1), (8, 3)): {'bw': 26}, ((2, 1), (3, 7)): {'bw': 26}, ((2, 1), (7, 23)): {'bw': 26}}",0.0,0.0,80.0,40.0,91.0,0.0,0.0,0.0,0.0,0.0,0.0,0.0,0.0,0.0,Place Failure,34.0,"{'node_level': {'cpu': -46}, 'link_level': {'bw': -60}, 'path_level': {}}","{'node_level': {0: {'cpu': -34}, 1: {'cpu': -37}, 3: {'cpu': -47}, 2: {'cpu': -46}}, 'link_level': {(1, 0): {'bw': -86}, (3, 0): {'bw': -74}, (2, 1): {'bw': -60}}, 'path_level': {(1, 0): {}, (3, 0): {}, (2, 1): {}}}","{'node_level': {0: {'cpu': 0}, 1: {'cpu': 0}, 3: {'cpu': 0}, 2: {'cpu': 0}}, 'link_level': {(1, 0): {'bw': 0}, (3, 0): {'bw': 0}, (2, 1): {'bw': 0}}, 'path_level': {(1, 0): {}, (3, 0): {}, (2, 1): {}}}",[],-46.0,0.0,False,True,False,0,[],0,0.0,6.0,0.0007390975952148438,4.0,3.0
134,3,1,111.0,111.0,113010.10109904812,113010.10109904812,1.0,1.0,2,243,1,3274.0,5021,716,4305,0.0027855153203342198,0.009661835748792313,133,261.48382993231735,3274.0,10,23,False,"{7: 15, 8: 23, 2: 16, 0: 24}","{(8, 7): [(23, 7), (7, 15)], (2, 7): [(16, 8), (8, 3), (3, 7), (7, 15)], (0, 7): [(24, 8), (8, 3), (3, 7), (7, 15)], (0, 8): [(24, 8), (8, 3), (3, 7), (7, 23)]}","{(7, 15): {'cpu': 8}, (8, 23): {'cpu': 9}, (2, 16): {'cpu': 8}, (0, 24): {'cpu': 6}}","{((8, 7), (23, 7)): {'bw': 41}, ((8, 7), (7, 15)): {'bw': 41}, ((2, 7), (16, 8)): {'bw': 41}, ((2, 7), (8, 3)): {'bw': 41}, ((2, 7), (3, 7)): {'bw': 41}, ((2, 7), (7, 15)): {'bw': 41}, ((0, 7), (24, 8)): {'bw': 45}, ((0, 7), (8, 3)): {'bw': 45}, ((0, 7), (3, 7)): {'bw': 45}, ((0, 7), (7, 15)): {'bw': 45}, ((0, 8), (24, 8)): {'bw': 5}, ((0, 8), (8, 3)): {'bw': 5}, ((0, 8), (3, 7)): {'bw': 5}, ((0, 8), (7, 23)): {'bw': 5}}",0.0,0.0,144.0,72.0,599.0,0.0,0.0,0.0,0.0,0.0,0.0,0.0,0.0,0.0,Place Failure,65.0,"{'node_level': {'cpu': 5}, 'link_level': {}, 'path_level': {}}","{'node_level': {7: {'cpu': -46}, 8: {'cpu': -35}, 2: {'cpu': -44}, 0: {'cpu': -48}, 4: {'cpu': 5}}, 'link_level': {(8, 7): {'bw': -91}, (2, 7): {'bw': -57}, (0, 7): {'bw': -12}, (0, 8): {'bw': -59}}, 'path_level': {(8, 7): {}, (2, 7): {}, (0, 7): {}, (0, 8): {}}}","{'node_level': {7: {'cpu': 0}, 8: {'cpu': 0}, 2: {'cpu': 0}, 0: {'cpu': 0}, 4: {'cpu': 5}}, 'link_level': {(8, 7): {'bw': 0}, (2, 7): {'bw': 0}, (0, 7): {'bw': 0}, (0, 8): {'bw': 0}}, 'path_level': {(8, 7): {}, (2, 7): {}, (0, 7): {}, (0, 8): {}}}",[],-12.0,0.0,False,True,False,0,[],0,0.0,9.0,0.0008080005645751953,4.0,4.0
134,3,1,111.0,111.0,113010.10109904812,113010.10109904812,1.0,1.0,2,244,0,3279.8263357747524,5021,716,4305,0.0027855153203342198,0.009661835748792313,39,2319.8263357747524,960.0,9,17,False,{},{},{},{},0.0,0.0,0.0,0.0,0.0,0.0,0.0,0.0,0.0,0.0,0.0,0.0,0.0,0.0,Leave Event,0.0,"{'node_level': {}, 'link_level': {}, 'path_level': {}}","{'node_level': {}, 'link_level': {}, 'path_level': {}}","{'node_level': {}, 'link_level': {}, 'path_level': {}}",[],-inf,-inf,True,True,False,0,[],0,0.0,,,,
135,3,1,111.0,111.0,113010.10109904812,113010.10109904812,1.0,1.0,2,245,1,3291.0,5021,716,4305,0.0027855153203342198,0.009661835748792313,134,132.13523246799224,3291.0,6,6,False,"{4: 15, 2: 23, 3: 16, 5: 24}","{(2, 4): [(23, 7), (7, 15)], (3, 4): [(16, 8), (8, 3), (3, 7), (7, 15)], (5, 2): [(24, 8), (8, 3), (3, 7), (7, 23)], (5, 4): [(24, 8), (8, 3), (3, 7), (7, 15)]}","{(4, 15): {'cpu': 7}, (2, 23): {'cpu': 19}, (3, 16): {'cpu': 7}, (5, 24): {'cpu': 5}}","{((2, 4), (23, 7)): {'bw': 46}, ((2, 4), (7, 15)): {'bw': 46}, ((3, 4), (16, 8)): {'bw': 34}, ((3, 4), (8, 3)): {'bw': 34}, ((3, 4), (3, 7)): {'bw': 34}, ((3, 4), (7, 15)): {'bw': 34}, ((5, 2), (24, 8)): {'bw': 46}, ((5, 2), (8, 3)): {'bw': 46}, ((5, 2), (3, 7)): {'bw': 46}, ((5, 2), (7, 23)): {'bw': 46}, ((5, 4), (24, 8)): {'bw': 33}, ((5, 4), (8, 3)): {'bw': 33}, ((5, 4), (3, 7)): {'bw': 33}, ((5, 4), (7, 15)): {'bw': 33}}",0.0,0.0,124.0,62.0,246.0,0.0,0.0,0.0,0.0,0.0,0.0,0.0,0.0,0.0,Place Failure,93.0,"{'node_level': {'cpu': 9}, 'link_level': {}, 'path_level': {}}","{'node_level': {4: {'cpu': -47}, 2: {'cpu': -25}, 3: {'cpu': -45}, 5: {'cpu': -49}, 1: {'cpu': 9}}, 'link_level': {(2, 4): {'bw': -86}, (3, 4): {'bw': -59}, (5, 2): {'bw': -40}, (5, 4): {'bw': -26}}, 'path_level': {(2, 4): {}, (3, 4): {}, (5, 2): {}, (5, 4): {}}}","{'node_level': {4: {'cpu': 0}, 2: {'cpu': 0}, 3: {'cpu': 0}, 5: {'cpu': 0}, 1: {'cpu': 9}}, 'link_level': {(2, 4): {'bw': 0}, (3, 4): {'bw': 0}, (5, 2): {'bw': 0}, (5, 4): {'bw': 0}}, 'path_level': {(2, 4): {}, (3, 4): {}, (5, 2): {}, (5, 4): {}}}",[],-26.0,0.0,False,True,False,0,[],0,0.0,9.0,0.000759124755859375,4.0,4.0
135,3,1,111.0,111.0,113010.10109904812,113010.10109904812,1.0,1.0,2,246,0,3296.289744570791,5021,716,4305,0.0027855153203342198,0.009661835748792313,132,42.28974457079073,3254.0,4,3,False,{},{},{},{},0.0,0.0,0.0,0.0,0.0,0.0,0.0,0.0,0.0,0.0,0.0,0.0,0.0,0.0,Leave Event,0.0,"{'node_level': {}, 'link_level': {}, 'path_level': {}}","{'node_level': {}, 'link_level': {}, 'path_level': {}}","{'node_level': {}, 'link_level': {}, 'path_level': {}}",[],-inf,-inf,True,True,False,0,[],0,0.0,,,,
136,3,1,111.0,111.0,113010.10109904812,113010.10109904812,1.0,1.0,2,247,1,3308.0,5021,716,4305,0.0027855153203342198,0.009661835748792313,135,71.06275669071039,3308.0,5,8,False,"{4: 15, 2: 23, 1: 16}","{(2, 4): [(23, 7), (7, 15)], (1, 2): [(16, 8), (8, 3), (3, 7), (7, 23)], (1, 4): [(16, 8), (8, 3), (3, 7), (7, 15)]}","{(4, 15): {'cpu': 19}, (2, 23): {'cpu': 14}, (1, 16): {'cpu': 5}}","{((2, 4), (23, 7)): {'bw': 32}, ((2, 4), (7, 15)): {'bw': 32}, ((1, 2), (16, 8)): {'bw': 31}, ((1, 2), (8, 3)): {'bw': 31}, ((1, 2), (3, 7)): {'bw': 31}, ((1, 2), (7, 23)): {'bw': 31}, ((1, 4), (16, 8)): {'bw': 47}, ((1, 4), (8, 3)): {'bw': 47}, ((1, 4), (3, 7)): {'bw': 47}, ((1, 4), (7, 15)): {'bw': 47}}",0.0,0.0,96.0,48.0,267.0,0.0,0.0,0.0,0.0,0.0,0.0,0.0,0.0,0.0,Place Failure,448.0,"{'node_level': {'cpu': 0}, 'link_level': {'bw': 100.0}, 'path_level': {}}","{'node_level': {4: {'cpu': -35}, 2: {'cpu': -30}, 1: {'cpu': -47}, 3: {'cpu': 0}}, 'link_level': {(2, 4): {'bw': -100}, (1, 2): {'bw': -69}, (1, 4): {'bw': -45}, (3, 1): {'bw': 100.0}}, 'path_level': {(2, 4): {}, (1, 2): {}, (1, 4): {}, (3, 1): {}}}","{'node_level': {4: {'cpu': 0}, 2: {'cpu': 0}, 1: {'cpu': 0}, 3: {'cpu': 0}}, 'link_level': {(2, 4): {'bw': 0}, (1, 2): {'bw': 0}, (1, 4): {'bw': 0}, (3, 1): {'bw': 100.0}}, 'path_level': {(2, 4): {}, (1, 2): {}, (1, 4): {}, (3, 1): {}}}",[],100.0,100.0,False,False,False,0,[],0,0.0,10.0,0.0012209415435791016,3.0,3.0
137,3,1,111.0,111.0,113010.10109904812,113010.10109904812,1.0,1.0,2,248,1,3323.0,5021,716,4305,0.0027855153203342198,0.009661835748792313,136,27.45368854978536,3323.0,2,1,False,"{0: 15, 1: 23}","{(1, 0): [(23, 7), (7, 15)]}","{(0, 15): {'cpu': 17}, (1, 23): {'cpu': 13}}","{((1, 0), (23, 7)): {'bw': 46}, ((1, 0), (7, 15)): {'bw': 46}}",0.0,0.0,60.0,30.0,46.0,0.0,0.0,0.0,0.0,0.0,0.0,0.0,0.0,0.0,Place Failure,26.0,"{'node_level': {'cpu': -31}, 'link_level': {'bw': -86}, 'path_level': {}}","{'node_level': {0: {'cpu': -37}, 1: {'cpu': -31}}, 'link_level': {(1, 0): {'bw': -86}}, 'path_level': {(1, 0): {}}}","{'node_level': {0: {'cpu': 0}, 1: {'cpu': 0}}, 'link_level': {(1, 0): {'bw': 0}}, 'path_level': {(1, 0): {}}}",[],-31.0,0.0,False,True,False,0,[],0,0.0,2.0,0.0005738735198974609,2.0,1.0
137,3,1,111.0,111.0,113010.10109904812,113010.10109904812,1.0,1.0,2,249,0,3350.4536885497855,5021,716,4305,0.0027855153203342198,0.009661835748792313,136,27.45368854978536,3323.0,2,1,False,{},{},{},{},0.0,0.0,0.0,0.0,0.0,0.0,0.0,0.0,0.0,0.0,0.0,0.0,0.0,0.0,Leave Event,0.0,"{'node_level': {}, 'link_level': {}, 'path_level': {}}","{'node_level': {}, 'link_level': {}, 'path_level': {}}","{'node_level': {}, 'link_level': {}, 'path_level': {}}",[],-inf,-inf,True,True,False,0,[],0,0.0,,,,
138,3,1,111.0,111.0,113010.10109904812,113010.10109904812,1.0,1.0,2,250,1,3354.0,5021,716,4305,0.0027855153203342198,0.009661835748792313,137,646.5739223750678,3354.0,6,8,False,"{1: 15, 3: 23, 2: 16, 5: 24, 0: 2}","{(3, 1): [(23, 7), (7, 15)], (2, 1): [(16, 8), (8, 3), (3, 7), (7, 15)], (5, 1): [(24, 8), (8, 3), (3, 7), (7, 15)], (0, 1): [(2, 0), (0, 1), (1, 3), (3, 7), (7, 15)], (0, 3): [(2, 0), (0, 1), (1, 3), (3, 7), (7, 23)], (0, 5): [(2, 0), (0, 1), (1, 3), (3, 8), (8, 24)]}","{(1, 15): {'cpu': 5}, (3, 23): {'cpu': 13}, (2, 16): {'cpu': 5}, (5, 24): {'cpu': 13}, (0, 2): {'cpu': 0}}","{((3, 1), (23, 7)): {'bw': 27}, ((3, 1), (7, 15)): {'bw': 27}, ((2, 1), (16, 8)): {'bw': 28}, ((2, 1), (8, 3)): {'bw': 28}, ((2, 1), (3, 7)): {'bw': 28}, ((2, 1), (7, 15)): {'bw': 28}, ((5, 1), (24, 8)): {'bw': 9}, ((5, 1), (8, 3)): {'bw': 9}, ((5, 1), (3, 7)): {'bw': 9}, ((5, 1), (7, 15)): {'bw': 9}, ((0, 1), (2, 0)): {'bw': 35}, ((0, 1), (0, 1)): {'bw': 35}, ((0, 1), (1, 3)): {'bw': 35}, ((0, 1), (3, 7)): {'bw': 35}, ((0, 1), (7, 15)): {'bw': 35}, ((0, 3), (2, 0)): {'bw': 40}, ((0, 3), (0, 1)): {'bw': 40}, ((0, 3), (1, 3)): {'bw': 40}, ((0, 3), (3, 7)): {'bw': 40}, ((0, 3), (7, 23)): {'bw': 40}, ((0, 5), (2, 0)): {'bw': 3}, ((0, 5), (0, 1)): {'bw': 3}, ((0, 5), (1, 3)): {'bw': 3}, ((0, 5), (3, 8)): {'bw': 3}, ((0, 5), (8, 24)): {'bw': 3}}",0.0,0.0,78.0,39.0,188.0,0.0,0.0,0.0,0.0,0.0,0.0,0.0,0.0,0.0,Place Failure,52.0,"{'node_level': {'cpu': 3}, 'link_level': {}, 'path_level': {}}","{'node_level': {1: {'cpu': -49}, 3: {'cpu': -31}, 2: {'cpu': -47}, 5: {'cpu': -41}, 0: {'cpu': 0}, 4: {'cpu': 3}}, 'link_level': {(3, 1): {'bw': -105}, (2, 1): {'bw': -84}, (5, 1): {'bw': -75}, (0, 1): {'bw': -40}, (0, 3): {'bw': -45}, (0, 5): {'bw': -42}}, 'path_level': {(3, 1): {}, (2, 1): {}, (5, 1): {}, (0, 1): {}, (0, 3): {}, (0, 5): {}}}","{'node_level': {1: {'cpu': 0}, 3: {'cpu': 0}, 2: {'cpu': 0}, 5: {'cpu': 0}, 0: {'cpu': 0}, 4: {'cpu': 3}}, 'link_level': {(3, 1): {'bw': 0}, (2, 1): {'bw': 0}, (5, 1): {'bw': 0}, (0, 1): {'bw': 0}, (0, 3): {'bw': 0}, (0, 5): {'bw': 0}}, 'path_level': {(3, 1): {}, (2, 1): {}, (5, 1): {}, (0, 1): {}, (0, 3): {}, (0, 5): {}}}",[],0.0,0.0,False,True,False,0,[],0,0.0,8.0,0.0010929107666015625,5.0,6.0
138,3,1,111.0,111.0,113010.10109904812,113010.10109904812,1.0,1.0,2,251,0,3379.0627566907106,5021,716,4305,0.0027855153203342198,0.009661835748792313,135,71.06275669071039,3308.0,5,8,False,{},{},{},{},0.0,0.0,0.0,0.0,0.0,0.0,0.0,0.0,0.0,0.0,0.0,0.0,0.0,0.0,Leave Event,0.0,"{'node_level': {}, 'link_level': {}, 'path_level': {}}","{'node_level': {}, 'link_level': {}, 'path_level': {}}","{'node_level': {}, 'link_level': {}, 'path_level': {}}",[],-inf,-inf,True,True,False,0,[],0,0.0,,,,
139,3,1,111.0,111.0,113010.10109904812,113010.10109904812,1.0,1.0,2,252,1,3380.0,5021,716,4305,0.0027855153203342198,0.009661835748792313,138,5.7466268790237285,3380.0,5,7,False,"{2: 15, 0: 23, 3: 16, 1: 24}","{(0, 2): [(23, 7), (7, 15)], (3, 0): [(16, 8), (8, 3), (3, 7), (7, 23)], (3, 2): [(16, 8), (8, 3), (3, 7), (7, 15)], (1, 0): [(24, 8), (8, 3), (3, 7), (7, 23)], (1, 2): [(24, 8), (8, 3), (3, 7), (7, 15)], (1, 3): [(24, 8), (8, 16)]}","{(2, 15): {'cpu': 19}, (0, 23): {'cpu': 11}, (3, 16): {'cpu': 10}, (1, 24): {'cpu': 11}}","{((0, 2), (23, 7)): {'bw': 29}, ((0, 2), (7, 15)): {'bw': 29}, ((3, 0), (16, 8)): {'bw': 44}, ((3, 0), (8, 3)): {'bw': 44}, ((3, 0), (3, 7)): {'bw': 44}, ((3, 0), (7, 23)): {'bw': 44}, ((3, 2), (16, 8)): {'bw': 5}, ((3, 2), (8, 3)): {'bw': 5}, ((3, 2), (3, 7)): {'bw': 5}, ((3, 2), (7, 15)): {'bw': 5}, ((1, 0), (24, 8)): {'bw': 4}, ((1, 0), (8, 3)): {'bw': 4}, ((1, 0), (3, 7)): {'bw': 4}, ((1, 0), (7, 23)): {'bw': 4}, ((1, 2), (24, 8)): {'bw': 2}, ((1, 2), (8, 3)): {'bw': 2}, ((1, 2), (3, 7)): {'bw': 2}, ((1, 2), (7, 15)): {'bw': 2}, ((1, 3), (24, 8)): {'bw': 30}, ((1, 3), (8, 16)): {'bw': 30}}",0.0,0.0,122.0,61.0,161.0,0.0,0.0,0.0,0.0,0.0,0.0,0.0,0.0,0.0,Place Failure,92.0,"{'node_level': {'cpu': 10}, 'link_level': {}, 'path_level': {}}","{'node_level': {2: {'cpu': -35}, 0: {'cpu': -33}, 3: {'cpu': -42}, 1: {'cpu': -43}, 4: {'cpu': 10}}, 'link_level': {(0, 2): {'bw': -103}, (3, 0): {'bw': -59}, (3, 2): {'bw': -74}, (1, 0): {'bw': -55}, (1, 2): {'bw': -103}, (1, 3): {'bw': -44}}, 'path_level': {(0, 2): {}, (3, 0): {}, (3, 2): {}, (1, 0): {}, (1, 2): {}, (1, 3): {}}}","{'node_level': {2: {'cpu': 0}, 0: {'cpu': 0}, 3: {'cpu': 0}, 1: {'cpu': 0}, 4: {'cpu': 10}}, 'link_level': {(0, 2): {'bw': 0}, (3, 0): {'bw': 0}, (3, 2): {'bw': 0}, (1, 0): {'bw': 0}, (1, 2): {'bw': 0}, (1, 3): {'bw': 0}}, 'path_level': {(0, 2): {}, (3, 0): {}, (3, 2): {}, (1, 0): {}, (1, 2): {}, (1, 3): {}}}",[],-43.0,0.0,False,True,False,0,[],0,0.0,9.0,0.0007789134979248047,4.0,6.0
139,3,1,111.0,111.0,113010.10109904812,113010.10109904812,1.0,1.0,2,253,0,3381.022659201934,5021,716,4305,0.0027855153203342198,0.009661835748792313,123,358.0226592019341,3023.0,10,25,False,{},{},{},{},0.0,0.0,0.0,0.0,0.0,0.0,0.0,0.0,0.0,0.0,0.0,0.0,0.0,0.0,Leave Event,0.0,"{'node_level': {}, 'link_level': {}, 'path_level': {}}","{'node_level': {}, 'link_level': {}, 'path_level': {}}","{'node_level': {}, 'link_level': {}, 'path_level': {}}",[],-inf,-inf,True,True,False,0,[],0,0.0,,,,
139,3,1,111.0,111.0,113010.10109904812,113010.10109904812,1.0,1.0,2,254,0,3385.7466268790236,5021,716,4305,0.0027855153203342198,0.009661835748792313,138,5.7466268790237285,3380.0,5,7,False,{},{},{},{},0.0,0.0,0.0,0.0,0.0,0.0,0.0,0.0,0.0,0.0,0.0,0.0,0.0,0.0,Leave Event,0.0,"{'node_level': {}, 'link_level': {}, 'path_level': {}}","{'node_level': {}, 'link_level': {}, 'path_level': {}}","{'node_level': {}, 'link_level': {}, 'path_level': {}}",[],-inf,-inf,True,True,False,0,[],0,0.0,,,,
139,3,1,111.0,111.0,113010.10109904812,113010.10109904812,1.0,1.0,2,255,0,3403.317921390888,5021,716,4305,0.0027855153203342198,0.009661835748792313,80,1410.3179213908877,1993.0,3,2,False,{},{},{},{},0.0,0.0,0.0,0.0,0.0,0.0,0.0,0.0,0.0,0.0,0.0,0.0,0.0,0.0,Leave Event,0.0,"{'node_level': {}, 'link_level': {}, 'path_level': {}}","{'node_level': {}, 'link_level': {}, 'path_level': {}}","{'node_level': {}, 'link_level': {}, 'path_level': {}}",[],-inf,-inf,True,True,False,0,[],0,0.0,,,,
140,3,1,111.0,111.0,113010.10109904812,113010.10109904812,1.0,1.0,2,256,1,3404.0,5021,716,4305,0.0027855153203342198,0.009661835748792313,139,736.1020783608142,3404.0,8,17,False,"{7: 15, 6: 23, 2: 16, 0: 24}","{(6, 7): [(23, 7), (7, 15)], (2, 6): [(16, 8), (8, 3), (3, 7), (7, 23)], (2, 7): [(16, 8), (8, 3), (3, 7), (7, 15)], (0, 6): [(24, 8), (8, 3), (3, 7), (7, 23)], (0, 7): [(24, 8), (8, 3), (3, 7), (7, 15)]}","{(7, 15): {'cpu': 16}, (6, 23): {'cpu': 14}, (2, 16): {'cpu': 15}, (0, 24): {'cpu': 12}}","{((6, 7), (23, 7)): {'bw': 29}, ((6, 7), (7, 15)): {'bw': 29}, ((2, 6), (16, 8)): {'bw': 43}, ((2, 6), (8, 3)): {'bw': 43}, ((2, 6), (3, 7)): {'bw': 43}, ((2, 6), (7, 23)): {'bw': 43}, ((2, 7), (16, 8)): {'bw': 39}, ((2, 7), (8, 3)): {'bw': 39}, ((2, 7), (3, 7)): {'bw': 39}, ((2, 7), (7, 15)): {'bw': 39}, ((0, 6), (24, 8)): {'bw': 47}, ((0, 6), (8, 3)): {'bw': 47}, ((0, 6), (3, 7)): {'bw': 47}, ((0, 6), (7, 23)): {'bw': 47}, ((0, 7), (24, 8)): {'bw': 11}, ((0, 7), (8, 3)): {'bw': 11}, ((0, 7), (3, 7)): {'bw': 11}, ((0, 7), (7, 15)): {'bw': 11}}",0.0,0.0,188.0,94.0,453.0,0.0,0.0,0.0,0.0,0.0,0.0,0.0,0.0,0.0,Place Failure,115.0,"{'node_level': {'cpu': 9}, 'link_level': {}, 'path_level': {}}","{'node_level': {7: {'cpu': -38}, 6: {'cpu': -30}, 2: {'cpu': -37}, 0: {'cpu': -42}, 3: {'cpu': 9}}, 'link_level': {(6, 7): {'bw': -103}, (2, 6): {'bw': -60}, (2, 7): {'bw': -41}, (0, 6): {'bw': -13}, (0, 7): {'bw': -42}}, 'path_level': {(6, 7): {}, (2, 6): {}, (2, 7): {}, (0, 6): {}, (0, 7): {}}}","{'node_level': {7: {'cpu': 0}, 6: {'cpu': 0}, 2: {'cpu': 0}, 0: {'cpu': 0}, 3: {'cpu': 9}}, 'link_level': {(6, 7): {'bw': 0}, (2, 6): {'bw': 0}, (2, 7): {'bw': 0}, (0, 6): {'bw': 0}, (0, 7): {'bw': 0}}, 'path_level': {(6, 7): {}, (2, 6): {}, (2, 7): {}, (0, 6): {}, (0, 7): {}}}",[],-13.0,0.0,False,True,False,0,[],0,0.0,9.0,0.0008258819580078125,4.0,5.0
140,3,1,111.0,111.0,113010.10109904812,113010.10109904812,1.0,1.0,2,257,0,3420.0935438557653,5021,716,4305,0.0027855153203342198,0.009661835748792313,118,510.09354385576535,2910.0,8,13,False,{},{},{},{},0.0,0.0,0.0,0.0,0.0,0.0,0.0,0.0,0.0,0.0,0.0,0.0,0.0,0.0,Leave Event,0.0,"{'node_level': {}, 'link_level': {}, 'path_level': {}}","{'node_level': {}, 'link_level': {}, 'path_level': {}}","{'node_level': {}, 'link_level': {}, 'path_level': {}}",[],-inf,-inf,True,True,False,0,[],0,0.0,,,,
140,3,1,111.0,111.0,113010.10109904812,113010.10109904812,1.0,1.0,2,258,0,3423.1352324679924,5021,716,4305,0.0027855153203342198,0.009661835748792313,134,132.13523246799224,3291.0,6,6,False,{},{},{},{},0.0,0.0,0.0,0.0,0.0,0.0,0.0,0.0,0.0,0.0,0.0,0.0,0.0,0.0,Leave Event,0.0,"{'node_level': {}, 'link_level': {}, 'path_level': {}}","{'node_level': {}, 'link_level': {}, 'path_level': {}}","{'node_level': {}, 'link_level': {}, 'path_level': {}}",[],-inf,-inf,True,True,False,0,[],0,0.0,,,,
141,3,1,111.0,111.0,113010.10109904812,113010.10109904812,1.0,1.0,2,259,1,3424.0,5021,716,4305,0.0027855153203342198,0.009661835748792313,140,79.46659204590503,3424.0,10,22,False,"{8: 15, 6: 23, 7: 16, 5: 24}","{(6, 8): [(23, 7), (7, 15)], (7, 6): [(16, 8), (8, 3), (3, 7), (7, 23)], (7, 8): [(16, 8), (8, 3), (3, 7), (7, 15)], (5, 7): [(24, 8), (8, 16)], (5, 8): [(24, 8), (8, 3), (3, 7), (7, 15)]}","{(8, 15): {'cpu': 17}, (6, 23): {'cpu': 18}, (7, 16): {'cpu': 19}, (5, 24): {'cpu': 11}}","{((6, 8), (23, 7)): {'bw': 0}, ((6, 8), (7, 15)): {'bw': 0}, ((7, 6), (16, 8)): {'bw': 25}, ((7, 6), (8, 3)): {'bw': 25}, ((7, 6), (3, 7)): {'bw': 25}, ((7, 6), (7, 23)): {'bw': 25}, ((7, 8), (16, 8)): {'bw': 39}, ((7, 8), (8, 3)): {'bw': 39}, ((7, 8), (3, 7)): {'bw': 39}, ((7, 8), (7, 15)): {'bw': 39}, ((5, 7), (24, 8)): {'bw': 20}, ((5, 7), (8, 16)): {'bw': 20}, ((5, 8), (24, 8)): {'bw': 43}, ((5, 8), (8, 3)): {'bw': 43}, ((5, 8), (3, 7)): {'bw': 43}, ((5, 8), (7, 15)): {'bw': 43}}",0.0,0.0,230.0,115.0,549.0,0.0,0.0,0.0,0.0,0.0,0.0,0.0,0.0,0.0,Place Failure,145.0,"{'node_level': {'cpu': 11}, 'link_level': {}, 'path_level': {}}","{'node_level': {8: {'cpu': -37}, 6: {'cpu': -26}, 7: {'cpu': -33}, 5: {'cpu': -43}, 9: {'cpu': 11}}, 'link_level': {(6, 8): {'bw': -132}, (7, 6): {'bw': -98}, (7, 8): {'bw': -59}, (5, 7): {'bw': -39}, (5, 8): {'bw': -46}}, 'path_level': {(6, 8): {}, (7, 6): {}, (7, 8): {}, (5, 7): {}, (5, 8): {}}}","{'node_level': {8: {'cpu': 0}, 6: {'cpu': 0}, 7: {'cpu': 0}, 5: {'cpu': 0}, 9: {'cpu': 11}}, 'link_level': {(6, 8): {'bw': 0}, (7, 6): {'bw': 0}, (7, 8): {'bw': 0}, (5, 7): {'bw': 0}, (5, 8): {'bw': 0}}, 'path_level': {(6, 8): {}, (7, 6): {}, (7, 8): {}, (5, 7): {}, (5, 8): {}}}",[],-39.0,0.0,False,True,False,0,[],0,0.0,9.0,0.0008177757263183594,4.0,5.0
141,3,1,111.0,111.0,113010.10109904812,113010.10109904812,1.0,1.0,2,260,0,3425.5914379911806,5021,716,4305,0.0027855153203342198,0.009661835748792313,131,202.5914379911804,3223.0,10,21,False,{},{},{},{},0.0,0.0,0.0,0.0,0.0,0.0,0.0,0.0,0.0,0.0,0.0,0.0,0.0,0.0,Leave Event,0.0,"{'node_level': {}, 'link_level': {}, 'path_level': {}}","{'node_level': {}, 'link_level': {}, 'path_level': {}}","{'node_level': {}, 'link_level': {}, 'path_level': {}}",[],-inf,-inf,True,True,False,0,[],0,0.0,,,,
141,3,1,111.0,111.0,113010.10109904812,113010.10109904812,1.0,1.0,2,261,0,3435.729388234326,5021,716,4305,0.0027855153203342198,0.009661835748792313,106,802.7293882343262,2633.0,3,2,False,{},{},{},{},0.0,0.0,0.0,0.0,0.0,0.0,0.0,0.0,0.0,0.0,0.0,0.0,0.0,0.0,Leave Event,0.0,"{'node_level': {}, 'link_level': {}, 'path_level': {}}","{'node_level': {}, 'link_level': {}, 'path_level': {}}","{'node_level': {}, 'link_level': {}, 'path_level': {}}",[],-inf,-inf,True,True,False,0,[],0,0.0,,,,
142,3,1,111.0,111.0,113010.10109904812,113010.10109904812,1.0,1.0,2,262,1,3449.0,5021,716,4305,0.0027855153203342198,0.009661835748792313,141,41.43113418526711,3449.0,2,1,False,"{1: 15, 0: 23}","{(0, 1): [(23, 7), (7, 15)]}","{(1, 15): {'cpu': 13}, (0, 23): {'cpu': 3}}","{((0, 1), (23, 7)): {'bw': 20}, ((0, 1), (7, 15)): {'bw': 20}}",0.0,0.0,32.0,16.0,20.0,0.0,0.0,0.0,0.0,0.0,0.0,0.0,0.0,0.0,Place Failure,6.0,"{'node_level': {'cpu': -41}, 'link_level': {'bw': -112}, 'path_level': {}}","{'node_level': {1: {'cpu': -41}, 0: {'cpu': -41}}, 'link_level': {(0, 1): {'bw': -112}}, 'path_level': {(0, 1): {}}}","{'node_level': {1: {'cpu': 0}, 0: {'cpu': 0}}, 'link_level': {(0, 1): {'bw': 0}}, 'path_level': {(0, 1): {}}}",[],-41.0,0.0,False,True,False,0,[],0,0.0,2.0,0.0005788803100585938,2.0,1.0
143,3,1,111.0,111.0,113010.10109904812,113010.10109904812,1.0,1.0,2,263,1,3478.0,5021,716,4305,0.0027855153203342198,0.009661835748792313,142,46.93727423938378,3478.0,10,20,False,"{0: 15, 4: 23, 1: 16, 3: 24}","{(4, 0): [(23, 7), (7, 15)], (1, 0): [(16, 8), (8, 3), (3, 7), (7, 15)], (3, 0): [(24, 8), (8, 3), (3, 7), (7, 15)], (3, 1): [(24, 8), (8, 16)]}","{(0, 15): {'cpu': 20}, (4, 23): {'cpu': 16}, (1, 16): {'cpu': 11}, (3, 24): {'cpu': 5}}","{((4, 0), (23, 7)): {'bw': 41}, ((4, 0), (7, 15)): {'bw': 41}, ((1, 0), (16, 8)): {'bw': 42}, ((1, 0), (8, 3)): {'bw': 42}, ((1, 0), (3, 7)): {'bw': 42}, ((1, 0), (7, 15)): {'bw': 42}, ((3, 0), (24, 8)): {'bw': 40}, ((3, 0), (8, 3)): {'bw': 40}, ((3, 0), (3, 7)): {'bw': 40}, ((3, 0), (7, 15)): {'bw': 40}, ((3, 1), (24, 8)): {'bw': 0}, ((3, 1), (8, 16)): {'bw': 0}}",0.0,0.0,236.0,118.0,516.0,0.0,0.0,0.0,0.0,0.0,0.0,0.0,0.0,0.0,Place Failure,109.0,"{'node_level': {'cpu': 11}, 'link_level': {}, 'path_level': {}}","{'node_level': {0: {'cpu': -34}, 4: {'cpu': -28}, 1: {'cpu': -41}, 3: {'cpu': -49}, 2: {'cpu': 11}}, 'link_level': {(4, 0): {'bw': -91}, (1, 0): {'bw': -56}, (3, 0): {'bw': -16}, (3, 1): {'bw': -69}}, 'path_level': {(4, 0): {}, (1, 0): {}, (3, 0): {}, (3, 1): {}}}","{'node_level': {0: {'cpu': 0}, 4: {'cpu': 0}, 1: {'cpu': 0}, 3: {'cpu': 0}, 2: {'cpu': 11}}, 'link_level': {(4, 0): {'bw': 0}, (1, 0): {'bw': 0}, (3, 0): {'bw': 0}, (3, 1): {'bw': 0}}, 'path_level': {(4, 0): {}, (1, 0): {}, (3, 0): {}, (3, 1): {}}}",[],-16.0,0.0,False,True,False,0,[],0,0.0,9.0,0.0007650852203369141,4.0,4.0
143,3,1,111.0,111.0,113010.10109904812,113010.10109904812,1.0,1.0,2,264,0,3490.431134185267,5021,716,4305,0.0027855153203342198,0.009661835748792313,141,41.43113418526711,3449.0,2,1,False,{},{},{},{},0.0,0.0,0.0,0.0,0.0,0.0,0.0,0.0,0.0,0.0,0.0,0.0,0.0,0.0,Leave Event,0.0,"{'node_level': {}, 'link_level': {}, 'path_level': {}}","{'node_level': {}, 'link_level': {}, 'path_level': {}}","{'node_level': {}, 'link_level': {}, 'path_level': {}}",[],-inf,-inf,True,True,False,0,[],0,0.0,,,,
143,3,1,111.0,111.0,113010.10109904812,113010.10109904812,1.0,1.0,2,265,0,3503.466592045905,5021,716,4305,0.0027855153203342198,0.009661835748792313,140,79.46659204590503,3424.0,10,22,False,{},{},{},{},0.0,0.0,0.0,0.0,0.0,0.0,0.0,0.0,0.0,0.0,0.0,0.0,0.0,0.0,Leave Event,0.0,"{'node_level': {}, 'link_level': {}, 'path_level': {}}","{'node_level': {}, 'link_level': {}, 'path_level': {}}","{'node_level': {}, 'link_level': {}, 'path_level': {}}",[],-inf,-inf,True,True,False,0,[],0,0.0,,,,
144,3,1,111.0,111.0,113010.10109904812,113010.10109904812,1.0,1.0,2,266,1,3512.0,5021,716,4305,0.0027855153203342198,0.009661835748792313,143,557.4437176744732,3512.0,7,9,False,"{2: 15, 1: 23, 5: 16, 0: 24}","{(1, 2): [(23, 7), (7, 15)], (5, 1): [(16, 8), (8, 3), (3, 7), (7, 23)], (5, 2): [(16, 8), (8, 3), (3, 7), (7, 15)], (0, 2): [(24, 8), (8, 3), (3, 7), (7, 15)]}","{(2, 15): {'cpu': 7}, (1, 23): {'cpu': 18}, (5, 16): {'cpu': 16}, (0, 24): {'cpu': 16}}","{((1, 2), (23, 7)): {'bw': 31}, ((1, 2), (7, 15)): {'bw': 31}, ((5, 1), (16, 8)): {'bw': 21}, ((5, 1), (8, 3)): {'bw': 21}, ((5, 1), (3, 7)): {'bw': 21}, ((5, 1), (7, 23)): {'bw': 21}, ((5, 2), (16, 8)): {'bw': 36}, ((5, 2), (8, 3)): {'bw': 36}, ((5, 2), (3, 7)): {'bw': 36}, ((5, 2), (7, 15)): {'bw': 36}, ((0, 2), (24, 8)): {'bw': 22}, ((0, 2), (8, 3)): {'bw': 22}, ((0, 2), (3, 7)): {'bw': 22}, ((0, 2), (7, 15)): {'bw': 22}}",0.0,0.0,174.0,87.0,195.0,0.0,0.0,0.0,0.0,0.0,0.0,0.0,0.0,0.0,Place Failure,124.0,"{'node_level': {'cpu': 8}, 'link_level': {}, 'path_level': {}}","{'node_level': {2: {'cpu': -47}, 1: {'cpu': -26}, 5: {'cpu': -36}, 0: {'cpu': -38}, 4: {'cpu': 8}}, 'link_level': {(1, 2): {'bw': -101}, (5, 1): {'bw': -80}, (5, 2): {'bw': -66}, (0, 2): {'bw': -50}}, 'path_level': {(1, 2): {}, (5, 1): {}, (5, 2): {}, (0, 2): {}}}","{'node_level': {2: {'cpu': 0}, 1: {'cpu': 0}, 5: {'cpu': 0}, 0: {'cpu': 0}, 4: {'cpu': 8}}, 'link_level': {(1, 2): {'bw': 0}, (5, 1): {'bw': 0}, (5, 2): {'bw': 0}, (0, 2): {'bw': 0}}, 'path_level': {(1, 2): {}, (5, 1): {}, (5, 2): {}, (0, 2): {}}}",[],-38.0,0.0,False,True,False,0,[],0,0.0,9.0,0.0007390975952148438,4.0,4.0
144,3,1,111.0,111.0,113010.10109904812,113010.10109904812,1.0,1.0,2,267,0,3523.7782980075954,5021,716,4305,0.0027855153203342198,0.009661835748792313,100,1045.7782980075951,2478.0,4,4,False,{},{},{},{},0.0,0.0,0.0,0.0,0.0,0.0,0.0,0.0,0.0,0.0,0.0,0.0,0.0,0.0,Leave Event,0.0,"{'node_level': {}, 'link_level': {}, 'path_level': {}}","{'node_level': {}, 'link_level': {}, 'path_level': {}}","{'node_level': {}, 'link_level': {}, 'path_level': {}}",[],-inf,-inf,True,True,False,0,[],0,0.0,,,,
144,3,1,111.0,111.0,113010.10109904812,113010.10109904812,1.0,1.0,2,268,0,3524.937274239384,5021,716,4305,0.0027855153203342198,0.009661835748792313,142,46.93727423938378,3478.0,10,20,False,{},{},{},{},0.0,0.0,0.0,0.0,0.0,0.0,0.0,0.0,0.0,0.0,0.0,0.0,0.0,0.0,Leave Event,0.0,"{'node_level': {}, 'link_level': {}, 'path_level': {}}","{'node_level': {}, 'link_level': {}, 'path_level': {}}","{'node_level': {}, 'link_level': {}, 'path_level': {}}",[],-inf,-inf,True,True,False,0,[],0,0.0,,,,
144,3,1,111.0,111.0,113010.10109904812,113010.10109904812,1.0,1.0,2,269,0,3535.4838299323173,5021,716,4305,0.0027855153203342198,0.009661835748792313,133,261.48382993231735,3274.0,10,23,False,{},{},{},{},0.0,0.0,0.0,0.0,0.0,0.0,0.0,0.0,0.0,0.0,0.0,0.0,0.0,0.0,Leave Event,0.0,"{'node_level': {}, 'link_level': {}, 'path_level': {}}","{'node_level': {}, 'link_level': {}, 'path_level': {}}","{'node_level': {}, 'link_level': {}, 'path_level': {}}",[],-inf,-inf,True,True,False,0,[],0,0.0,,,,
145,3,1,111.0,111.0,113010.10109904812,113010.10109904812,1.0,1.0,2,270,1,3544.0,5021,716,4305,0.0027855153203342198,0.009661835748792313,144,140.76200935785482,3544.0,2,1,False,"{0: 15, 1: 23}","{(1, 0): [(23, 7), (7, 15)]}","{(0, 15): {'cpu': 20}, (1, 23): {'cpu': 6}}","{((1, 0), (23, 7)): {'bw': 4}, ((1, 0), (7, 15)): {'bw': 4}}",0.0,0.0,52.0,26.0,4.0,0.0,0.0,0.0,0.0,0.0,0.0,0.0,0.0,0.0,Place Failure,12.0,"{'node_level': {'cpu': -38}, 'link_level': {'bw': -128}, 'path_level': {}}","{'node_level': {0: {'cpu': -34}, 1: {'cpu': -38}}, 'link_level': {(1, 0): {'bw': -128}}, 'path_level': {(1, 0): {}}}","{'node_level': {0: {'cpu': 0}, 1: {'cpu': 0}}, 'link_level': {(1, 0): {'bw': 0}}, 'path_level': {(1, 0): {}}}",[],-38.0,0.0,False,True,False,0,[],0,0.0,2.0,0.0006768703460693359,2.0,1.0
146,3,1,111.0,111.0,113010.10109904812,113010.10109904812,1.0,1.0,2,271,1,3576.0,5021,716,4305,0.0027855153203342198,0.009661835748792313,145,272.8288616163447,3576.0,8,12,False,"{5: 15, 3: 23, 7: 16, 6: 24}","{(3, 5): [(23, 7), (7, 15)], (7, 3): [(16, 8), (8, 3), (3, 7), (7, 23)], (7, 5): [(16, 8), (8, 3), (3, 7), (7, 15)], (6, 5): [(24, 8), (8, 3), (3, 7), (7, 15)]}","{(5, 15): {'cpu': 15}, (3, 23): {'cpu': 15}, (7, 16): {'cpu': 15}, (6, 24): {'cpu': 7}}","{((3, 5), (23, 7)): {'bw': 40}, ((3, 5), (7, 15)): {'bw': 40}, ((7, 3), (16, 8)): {'bw': 11}, ((7, 3), (8, 3)): {'bw': 11}, ((7, 3), (3, 7)): {'bw': 11}, ((7, 3), (7, 23)): {'bw': 11}, ((7, 5), (16, 8)): {'bw': 26}, ((7, 5), (8, 3)): {'bw': 26}, ((7, 5), (3, 7)): {'bw': 26}, ((7, 5), (7, 15)): {'bw': 26}, ((6, 5), (24, 8)): {'bw': 44}, ((6, 5), (8, 3)): {'bw': 44}, ((6, 5), (3, 7)): {'bw': 44}, ((6, 5), (7, 15)): {'bw': 44}}",0.0,0.0,198.0,99.0,266.0,0.0,0.0,0.0,0.0,0.0,0.0,0.0,0.0,0.0,Place Failure,132.0,"{'node_level': {'cpu': 14}, 'link_level': {}, 'path_level': {}}","{'node_level': {5: {'cpu': -39}, 3: {'cpu': -29}, 7: {'cpu': -37}, 6: {'cpu': -47}, 4: {'cpu': 14}}, 'link_level': {(3, 5): {'bw': -92}, (7, 3): {'bw': -81}, (7, 5): {'bw': -73}, (6, 5): {'bw': -29}}, 'path_level': {(3, 5): {}, (7, 3): {}, (7, 5): {}, (6, 5): {}}}","{'node_level': {5: {'cpu': 0}, 3: {'cpu': 0}, 7: {'cpu': 0}, 6: {'cpu': 0}, 4: {'cpu': 14}}, 'link_level': {(3, 5): {'bw': 0}, (7, 3): {'bw': 0}, (7, 5): {'bw': 0}, (6, 5): {'bw': 0}}, 'path_level': {(3, 5): {}, (7, 3): {}, (7, 5): {}, (6, 5): {}}}",[],-29.0,0.0,False,True,False,0,[],0,0.0,9.0,0.0012590885162353516,4.0,4.0
147,3,1,111.0,111.0,113010.10109904812,113010.10109904812,1.0,1.0,2,272,1,3599.0,5021,716,4305,0.0027855153203342198,0.009661835748792313,146,407.5091708522285,3599.0,7,12,False,"{3: 15, 4: 23, 2: 16, 6: 24}","{(4, 3): [(23, 7), (7, 15)], (2, 3): [(16, 8), (8, 3), (3, 7), (7, 15)], (2, 4): [(16, 8), (8, 3), (3, 7), (7, 23)], (6, 3): [(24, 8), (8, 3), (3, 7), (7, 15)], (6, 4): [(24, 8), (8, 3), (3, 7), (7, 23)]}","{(3, 15): {'cpu': 18}, (4, 23): {'cpu': 15}, (2, 16): {'cpu': 13}, (6, 24): {'cpu': 4}}","{((4, 3), (23, 7)): {'bw': 21}, ((4, 3), (7, 15)): {'bw': 21}, ((2, 3), (16, 8)): {'bw': 43}, ((2, 3), (8, 3)): {'bw': 43}, ((2, 3), (3, 7)): {'bw': 43}, ((2, 3), (7, 15)): {'bw': 43}, ((2, 4), (16, 8)): {'bw': 12}, ((2, 4), (8, 3)): {'bw': 12}, ((2, 4), (3, 7)): {'bw': 12}, ((2, 4), (7, 23)): {'bw': 12}, ((6, 3), (24, 8)): {'bw': 50}, ((6, 3), (8, 3)): {'bw': 50}, ((6, 3), (3, 7)): {'bw': 50}, ((6, 3), (7, 15)): {'bw': 50}, ((6, 4), (24, 8)): {'bw': 36}, ((6, 4), (8, 3)): {'bw': 36}, ((6, 4), (3, 7)): {'bw': 36}, ((6, 4), (7, 23)): {'bw': 36}}",0.0,0.0,110.0,55.0,350.0,0.0,0.0,0.0,0.0,0.0,0.0,0.0,0.0,0.0,Place Failure,88.0,"{'node_level': {'cpu': 2}, 'link_level': {}, 'path_level': {}}","{'node_level': {3: {'cpu': -36}, 4: {'cpu': -29}, 2: {'cpu': -39}, 6: {'cpu': -50}, 1: {'cpu': 2}}, 'link_level': {(4, 3): {'bw': -111}, (2, 3): {'bw': -75}, (2, 4): {'bw': -68}, (6, 3): {'bw': -25}, (6, 4): {'bw': -23}}, 'path_level': {(4, 3): {}, (2, 3): {}, (2, 4): {}, (6, 3): {}, (6, 4): {}}}","{'node_level': {3: {'cpu': 0}, 4: {'cpu': 0}, 2: {'cpu': 0}, 6: {'cpu': 0}, 1: {'cpu': 2}}, 'link_level': {(4, 3): {'bw': 0}, (2, 3): {'bw': 0}, (2, 4): {'bw': 0}, (6, 3): {'bw': 0}, (6, 4): {'bw': 0}}, 'path_level': {(4, 3): {}, (2, 3): {}, (2, 4): {}, (6, 3): {}, (6, 4): {}}}",[],-23.0,0.0,False,True,False,0,[],0,0.0,9.0,0.0007827281951904297,4.0,5.0
148,3,1,111.0,111.0,113010.10109904812,113010.10109904812,1.0,1.0,2,273,1,3622.0,5021,716,4305,0.0027855153203342198,0.009661835748792313,147,985.0287912522191,3622.0,5,4,False,"{0: 15, 4: 23, 2: 16, 1: 24}","{(4, 0): [(23, 7), (7, 15)], (2, 0): [(16, 8), (8, 3), (3, 7), (7, 15)], (1, 0): [(24, 8), (8, 3), (3, 7), (7, 15)]}","{(0, 15): {'cpu': 9}, (4, 23): {'cpu': 15}, (2, 16): {'cpu': 17}, (1, 24): {'cpu': 6}}","{((4, 0), (23, 7)): {'bw': 50}, ((4, 0), (7, 15)): {'bw': 50}, ((2, 0), (16, 8)): {'bw': 6}, ((2, 0), (8, 3)): {'bw': 6}, ((2, 0), (3, 7)): {'bw': 6}, ((2, 0), (7, 15)): {'bw': 6}, ((1, 0), (24, 8)): {'bw': 44}, ((1, 0), (8, 3)): {'bw': 44}, ((1, 0), (3, 7)): {'bw': 44}, ((1, 0), (7, 15)): {'bw': 44}}",0.0,0.0,130.0,65.0,116.0,0.0,0.0,0.0,0.0,0.0,0.0,0.0,0.0,0.0,Place Failure,152.0,"{'node_level': {'cpu': 18}, 'link_level': {}, 'path_level': {}}","{'node_level': {0: {'cpu': -45}, 4: {'cpu': -29}, 2: {'cpu': -35}, 1: {'cpu': -48}, 3: {'cpu': 18}}, 'link_level': {(4, 0): {'bw': -82}, (2, 0): {'bw': -83}, (1, 0): {'bw': -39}}, 'path_level': {(4, 0): {}, (2, 0): {}, (1, 0): {}}}","{'node_level': {0: {'cpu': 0}, 4: {'cpu': 0}, 2: {'cpu': 0}, 1: {'cpu': 0}, 3: {'cpu': 18}}, 'link_level': {(4, 0): {'bw': 0}, (2, 0): {'bw': 0}, (1, 0): {'bw': 0}}, 'path_level': {(4, 0): {}, (2, 0): {}, (1, 0): {}}}",[],-39.0,0.0,False,True,False,0,[],0,0.0,9.0,0.0007088184356689453,4.0,3.0
148,3,1,111.0,111.0,113010.10109904812,113010.10109904812,1.0,1.0,2,274,0,3633.2792483368744,5021,716,4305,0.0027855153203342198,0.009661835748792313,92,1326.2792483368744,2307.0,4,3,False,{},{},{},{},0.0,0.0,0.0,0.0,0.0,0.0,0.0,0.0,0.0,0.0,0.0,0.0,0.0,0.0,Leave Event,0.0,"{'node_level': {}, 'link_level': {}, 'path_level': {}}","{'node_level': {}, 'link_level': {}, 'path_level': {}}","{'node_level': {}, 'link_level': {}, 'path_level': {}}",[],-inf,-inf,True,True,False,0,[],0,0.0,,,,
149,3,1,111.0,111.0,113010.10109904812,113010.10109904812,1.0,1.0,2,275,1,3643.0,5021,716,4305,0.0027855153203342198,0.009661835748792313,148,649.2228157080609,3643.0,3,2,False,"{0: 15, 2: 23, 1: 1}","{(2, 0): [(23, 7), (7, 15)], (1, 0): [(1, 3), (3, 7), (7, 15)]}","{(0, 15): {'cpu': 11}, (2, 23): {'cpu': 6}, (1, 1): {'cpu': 0}}","{((2, 0), (23, 7)): {'bw': 38}, ((2, 0), (7, 15)): {'bw': 38}, ((1, 0), (1, 3)): {'bw': 25}, ((1, 0), (3, 7)): {'bw': 25}, ((1, 0), (7, 15)): {'bw': 25}}",0.0,0.0,34.0,17.0,63.0,0.0,0.0,0.0,0.0,0.0,0.0,0.0,0.0,0.0,Place Failure,12.0,"{'node_level': {'cpu': 0}, 'link_level': {'bw': -76}, 'path_level': {}}","{'node_level': {0: {'cpu': -43}, 2: {'cpu': -38}, 1: {'cpu': 0}}, 'link_level': {(2, 0): {'bw': -94}, (1, 0): {'bw': -76}}, 'path_level': {(2, 0): {}, (1, 0): {}}}","{'node_level': {0: {'cpu': 0}, 2: {'cpu': 0}, 1: {'cpu': 0}}, 'link_level': {(2, 0): {'bw': 0}, (1, 0): {'bw': 0}}, 'path_level': {(2, 0): {}, (1, 0): {}}}",[],0.0,0.0,False,True,False,0,[],0,0.0,2.0,0.0006458759307861328,3.0,2.0
150,3,1,111.0,111.0,113010.10109904812,113010.10109904812,1.0,1.0,2,276,1,3671.0,5021,716,4305,0.0027855153203342198,0.009661835748792313,149,157.5800155060661,3671.0,10,24,False,"{1: 15, 3: 23, 2: 16, 6: 24}","{(3, 1): [(23, 7), (7, 15)], (2, 1): [(16, 8), (8, 3), (3, 7), (7, 15)], (6, 1): [(24, 8), (8, 3), (3, 7), (7, 15)]}","{(1, 15): {'cpu': 19}, (3, 23): {'cpu': 18}, (2, 16): {'cpu': 12}, (6, 24): {'cpu': 17}}","{((3, 1), (23, 7)): {'bw': 19}, ((3, 1), (7, 15)): {'bw': 19}, ((2, 1), (16, 8)): {'bw': 29}, ((2, 1), (8, 3)): {'bw': 29}, ((2, 1), (3, 7)): {'bw': 29}, ((2, 1), (7, 15)): {'bw': 29}, ((6, 1), (24, 8)): {'bw': 8}, ((6, 1), (8, 3)): {'bw': 8}, ((6, 1), (3, 7)): {'bw': 8}, ((6, 1), (7, 15)): {'bw': 8}}",0.0,0.0,190.0,95.0,471.0,0.0,0.0,0.0,0.0,0.0,0.0,0.0,0.0,0.0,Place Failure,96.0,"{'node_level': {'cpu': 4}, 'link_level': {}, 'path_level': {}}","{'node_level': {1: {'cpu': -35}, 3: {'cpu': -26}, 2: {'cpu': -40}, 6: {'cpu': -37}, 9: {'cpu': 4}}, 'link_level': {(3, 1): {'bw': -113}, (2, 1): {'bw': -91}, (6, 1): {'bw': -83}}, 'path_level': {(3, 1): {}, (2, 1): {}, (6, 1): {}}}","{'node_level': {1: {'cpu': 0}, 3: {'cpu': 0}, 2: {'cpu': 0}, 6: {'cpu': 0}, 9: {'cpu': 4}}, 'link_level': {(3, 1): {'bw': 0}, (2, 1): {'bw': 0}, (6, 1): {'bw': 0}}, 'path_level': {(3, 1): {}, (2, 1): {}, (6, 1): {}}}",[],-37.0,0.0,False,True,False,0,[],0,0.0,9.0,0.000782012939453125,4.0,3.0
150,3,1,111.0,111.0,113010.10109904812,113010.10109904812,1.0,1.0,2,277,0,3681.0508530702546,5021,716,4305,0.0027855153203342198,0.009661835748792313,110,945.0508530702544,2736.0,8,17,False,{},{},{},{},0.0,0.0,0.0,0.0,0.0,0.0,0.0,0.0,0.0,0.0,0.0,0.0,0.0,0.0,Leave Event,0.0,"{'node_level': {}, 'link_level': {}, 'path_level': {}}","{'node_level': {}, 'link_level': {}, 'path_level': {}}","{'node_level': {}, 'link_level': {}, 'path_level': {}}",[],-inf,-inf,True,True,False,0,[],0,0.0,,,,
150,3,1,111.0,111.0,113010.10109904812,113010.10109904812,1.0,1.0,2,278,0,3684.762009357855,5021,716,4305,0.0027855153203342198,0.009661835748792313,144,140.76200935785482,3544.0,2,1,False,{},{},{},{},0.0,0.0,0.0,0.0,0.0,0.0,0.0,0.0,0.0,0.0,0.0,0.0,0.0,0.0,Leave Event,0.0,"{'node_level': {}, 'link_level': {}, 'path_level': {}}","{'node_level': {}, 'link_level': {}, 'path_level': {}}","{'node_level': {}, 'link_level': {}, 'path_level': {}}",[],-inf,-inf,True,True,False,0,[],0,0.0,,,,
151,3,1,111.0,111.0,113010.10109904812,113010.10109904812,1.0,1.0,2,279,1,3696.0,5021,716,4305,0.0027855153203342198,0.009661835748792313,150,70.48394421033674,3696.0,2,1,False,"{0: 15, 1: 23}","{(1, 0): [(23, 7), (7, 15)]}","{(0, 15): {'cpu': 5}, (1, 23): {'cpu': 3}}","{((1, 0), (23, 7)): {'bw': 3}, ((1, 0), (7, 15)): {'bw': 3}}",0.0,0.0,16.0,8.0,3.0,0.0,0.0,0.0,0.0,0.0,0.0,0.0,0.0,0.0,Place Failure,6.0,"{'node_level': {'cpu': -41}, 'link_level': {'bw': -129}, 'path_level': {}}","{'node_level': {0: {'cpu': -49}, 1: {'cpu': -41}}, 'link_level': {(1, 0): {'bw': -129}}, 'path_level': {(1, 0): {}}}","{'node_level': {0: {'cpu': 0}, 1: {'cpu': 0}}, 'link_level': {(1, 0): {'bw': 0}}, 'path_level': {(1, 0): {}}}",[],-41.0,0.0,False,True,False,0,[],0,0.0,2.0,0.0005831718444824219,2.0,1.0
152,3,1,111.0,111.0,113010.10109904812,113010.10109904812,1.0,1.0,2,280,1,3715.0,5021,716,4305,0.0027855153203342198,0.009661835748792313,151,28.483268112510835,3715.0,6,9,False,"{0: 15, 1: 23, 4: 16, 5: 24}","{(1, 0): [(23, 7), (7, 15)], (4, 0): [(16, 8), (8, 3), (3, 7), (7, 15)], (4, 1): [(16, 8), (8, 3), (3, 7), (7, 23)], (5, 0): [(24, 8), (8, 3), (3, 7), (7, 15)], (5, 4): [(24, 8), (8, 16)]}","{(0, 15): {'cpu': 7}, (1, 23): {'cpu': 18}, (4, 16): {'cpu': 7}, (5, 24): {'cpu': 10}}","{((1, 0), (23, 7)): {'bw': 45}, ((1, 0), (7, 15)): {'bw': 45}, ((4, 0), (16, 8)): {'bw': 40}, ((4, 0), (8, 3)): {'bw': 40}, ((4, 0), (3, 7)): {'bw': 40}, ((4, 0), (7, 15)): {'bw': 40}, ((4, 1), (16, 8)): {'bw': 43}, ((4, 1), (8, 3)): {'bw': 43}, ((4, 1), (3, 7)): {'bw': 43}, ((4, 1), (7, 23)): {'bw': 43}, ((5, 0), (24, 8)): {'bw': 22}, ((5, 0), (8, 3)): {'bw': 22}, ((5, 0), (3, 7)): {'bw': 22}, ((5, 0), (7, 15)): {'bw': 22}, ((5, 4), (24, 8)): {'bw': 28}, ((5, 4), (8, 16)): {'bw': 28}}",0.0,0.0,120.0,60.0,238.0,0.0,0.0,0.0,0.0,0.0,0.0,0.0,0.0,0.0,Place Failure,112.0,"{'node_level': {'cpu': 16}, 'link_level': {}, 'path_level': {}}","{'node_level': {0: {'cpu': -47}, 1: {'cpu': -26}, 4: {'cpu': -45}, 5: {'cpu': -44}, 3: {'cpu': 16}}, 'link_level': {(1, 0): {'bw': -87}, (4, 0): {'bw': -54}, (4, 1): {'bw': -40}, (5, 0): {'bw': -32}, (5, 4): {'bw': -12}}, 'path_level': {(1, 0): {}, (4, 0): {}, (4, 1): {}, (5, 0): {}, (5, 4): {}}}","{'node_level': {0: {'cpu': 0}, 1: {'cpu': 0}, 4: {'cpu': 0}, 5: {'cpu': 0}, 3: {'cpu': 16}}, 'link_level': {(1, 0): {'bw': 0}, (4, 0): {'bw': 0}, (4, 1): {'bw': 0}, (5, 0): {'bw': 0}, (5, 4): {'bw': 0}}, 'path_level': {(1, 0): {}, (4, 0): {}, (4, 1): {}, (5, 0): {}, (5, 4): {}}}",[],-12.0,0.0,False,True,False,0,[],0,0.0,9.0,0.0007579326629638672,4.0,5.0
152,3,1,111.0,111.0,113010.10109904812,113010.10109904812,1.0,1.0,2,281,0,3731.8807185302517,5021,716,4305,0.0027855153203342198,0.009661835748792313,108,1036.8807185302517,2695.0,3,2,False,{},{},{},{},0.0,0.0,0.0,0.0,0.0,0.0,0.0,0.0,0.0,0.0,0.0,0.0,0.0,0.0,Leave Event,0.0,"{'node_level': {}, 'link_level': {}, 'path_level': {}}","{'node_level': {}, 'link_level': {}, 'path_level': {}}","{'node_level': {}, 'link_level': {}, 'path_level': {}}",[],-inf,-inf,True,True,False,0,[],0,0.0,,,,
152,3,1,111.0,111.0,113010.10109904812,113010.10109904812,1.0,1.0,2,282,0,3743.483268112511,5021,716,4305,0.0027855153203342198,0.009661835748792313,151,28.483268112510835,3715.0,6,9,False,{},{},{},{},0.0,0.0,0.0,0.0,0.0,0.0,0.0,0.0,0.0,0.0,0.0,0.0,0.0,0.0,Leave Event,0.0,"{'node_level': {}, 'link_level': {}, 'path_level': {}}","{'node_level': {}, 'link_level': {}, 'path_level': {}}","{'node_level': {}, 'link_level': {}, 'path_level': {}}",[],-inf,-inf,True,True,False,0,[],0,0.0,,,,
153,3,1,111.0,111.0,113010.10109904812,113010.10109904812,1.0,1.0,2,283,1,3755.0,5021,716,4305,0.0027855153203342198,0.009661835748792313,152,179.48065962404627,3755.0,8,18,False,"{2: 15, 6: 23, 0: 16, 7: 24}","{(6, 2): [(23, 7), (7, 15)], (0, 2): [(16, 8), (8, 3), (3, 7), (7, 15)], (7, 0): [(24, 8), (8, 16)], (7, 2): [(24, 8), (8, 3), (3, 7), (7, 15)], (7, 6): [(24, 8), (8, 3), (3, 7), (7, 23)]}","{(2, 15): {'cpu': 10}, (6, 23): {'cpu': 15}, (0, 16): {'cpu': 5}, (7, 24): {'cpu': 2}}","{((6, 2), (23, 7)): {'bw': 28}, ((6, 2), (7, 15)): {'bw': 28}, ((0, 2), (16, 8)): {'bw': 29}, ((0, 2), (8, 3)): {'bw': 29}, ((0, 2), (3, 7)): {'bw': 29}, ((0, 2), (7, 15)): {'bw': 29}, ((7, 0), (24, 8)): {'bw': 25}, ((7, 0), (8, 16)): {'bw': 25}, ((7, 2), (24, 8)): {'bw': 45}, ((7, 2), (8, 3)): {'bw': 45}, ((7, 2), (3, 7)): {'bw': 45}, ((7, 2), (7, 15)): {'bw': 45}, ((7, 6), (24, 8)): {'bw': 34}, ((7, 6), (8, 3)): {'bw': 34}, ((7, 6), (3, 7)): {'bw': 34}, ((7, 6), (7, 23)): {'bw': 34}}",0.0,0.0,138.0,69.0,491.0,0.0,0.0,0.0,0.0,0.0,0.0,0.0,0.0,0.0,Place Failure,71.0,"{'node_level': {'cpu': 7}, 'link_level': {}, 'path_level': {}}","{'node_level': {2: {'cpu': -44}, 6: {'cpu': -29}, 0: {'cpu': -47}, 7: {'cpu': -52}, 3: {'cpu': 7}}, 'link_level': {(6, 2): {'bw': -104}, (0, 2): {'bw': -82}, (7, 0): {'bw': -69}, (7, 2): {'bw': -37}, (7, 6): {'bw': -5}}, 'path_level': {(6, 2): {}, (0, 2): {}, (7, 0): {}, (7, 2): {}, (7, 6): {}}}","{'node_level': {2: {'cpu': 0}, 6: {'cpu': 0}, 0: {'cpu': 0}, 7: {'cpu': 0}, 3: {'cpu': 7}}, 'link_level': {(6, 2): {'bw': 0}, (0, 2): {'bw': 0}, (7, 0): {'bw': 0}, (7, 2): {'bw': 0}, (7, 6): {'bw': 0}}, 'path_level': {(6, 2): {}, (0, 2): {}, (7, 0): {}, (7, 2): {}, (7, 6): {}}}",[],-5.0,0.0,False,True,False,0,[],0,0.0,9.0,0.0008351802825927734,4.0,5.0
153,3,1,111.0,111.0,113010.10109904812,113010.10109904812,1.0,1.0,2,284,0,3766.4839442103366,5021,716,4305,0.0027855153203342198,0.009661835748792313,150,70.48394421033674,3696.0,2,1,False,{},{},{},{},0.0,0.0,0.0,0.0,0.0,0.0,0.0,0.0,0.0,0.0,0.0,0.0,0.0,0.0,Leave Event,0.0,"{'node_level': {}, 'link_level': {}, 'path_level': {}}","{'node_level': {}, 'link_level': {}, 'path_level': {}}","{'node_level': {}, 'link_level': {}, 'path_level': {}}",[],-inf,-inf,True,True,False,0,[],0,0.0,,,,
154,3,1,111.0,111.0,113010.10109904812,113010.10109904812,1.0,1.0,2,285,1,3775.0,5021,716,4305,0.0027855153203342198,0.009661835748792313,153,151.9857805093752,3775.0,7,11,False,"{5: 15, 1: 23, 6: 16, 0: 24}","{(1, 5): [(23, 7), (7, 15)], (6, 5): [(16, 8), (8, 3), (3, 7), (7, 15)], (0, 1): [(24, 8), (8, 3), (3, 7), (7, 23)], (0, 5): [(24, 8), (8, 3), (3, 7), (7, 15)]}","{(5, 15): {'cpu': 9}, (1, 23): {'cpu': 13}, (6, 16): {'cpu': 7}, (0, 24): {'cpu': 1}}","{((1, 5), (23, 7)): {'bw': 49}, ((1, 5), (7, 15)): {'bw': 49}, ((6, 5), (16, 8)): {'bw': 13}, ((6, 5), (8, 3)): {'bw': 13}, ((6, 5), (3, 7)): {'bw': 13}, ((6, 5), (7, 15)): {'bw': 13}, ((0, 1), (24, 8)): {'bw': 12}, ((0, 1), (8, 3)): {'bw': 12}, ((0, 1), (3, 7)): {'bw': 12}, ((0, 1), (7, 23)): {'bw': 12}, ((0, 5), (24, 8)): {'bw': 38}, ((0, 5), (8, 3)): {'bw': 38}, ((0, 5), (3, 7)): {'bw': 38}, ((0, 5), (7, 15)): {'bw': 38}}",0.0,0.0,112.0,56.0,306.0,0.0,0.0,0.0,0.0,0.0,0.0,0.0,0.0,0.0,Place Failure,84.0,"{'node_level': {'cpu': 10}, 'link_level': {}, 'path_level': {}}","{'node_level': {5: {'cpu': -45}, 1: {'cpu': -31}, 6: {'cpu': -45}, 0: {'cpu': -53}, 4: {'cpu': 10}}, 'link_level': {(1, 5): {'bw': -83}, (6, 5): {'bw': -77}, (0, 1): {'bw': -71}, (0, 5): {'bw': -39}}, 'path_level': {(1, 5): {}, (6, 5): {}, (0, 1): {}, (0, 5): {}}}","{'node_level': {5: {'cpu': 0}, 1: {'cpu': 0}, 6: {'cpu': 0}, 0: {'cpu': 0}, 4: {'cpu': 10}}, 'link_level': {(1, 5): {'bw': 0}, (6, 5): {'bw': 0}, (0, 1): {'bw': 0}, (0, 5): {'bw': 0}}, 'path_level': {(1, 5): {}, (6, 5): {}, (0, 1): {}, (0, 5): {}}}",[],-39.0,0.0,False,True,False,0,[],0,0.0,9.0,0.0007660388946533203,4.0,4.0
155,3,1,111.0,111.0,113010.10109904812,113010.10109904812,1.0,1.0,2,286,1,3800.0,5021,716,4305,0.0027855153203342198,0.009661835748792313,154,304.53223018485977,3800.0,9,14,False,"{0: 15, 1: 23, 6: 16, 5: 24}","{(1, 0): [(23, 7), (7, 15)], (6, 0): [(16, 8), (8, 3), (3, 7), (7, 15)], (6, 1): [(16, 8), (8, 3), (3, 7), (7, 23)], (5, 0): [(24, 8), (8, 3), (3, 7), (7, 15)], (5, 6): [(24, 8), (8, 16)]}","{(0, 15): {'cpu': 13}, (1, 23): {'cpu': 8}, (6, 16): {'cpu': 7}, (5, 24): {'cpu': 8}}","{((1, 0), (23, 7)): {'bw': 49}, ((1, 0), (7, 15)): {'bw': 49}, ((6, 0), (16, 8)): {'bw': 25}, ((6, 0), (8, 3)): {'bw': 25}, ((6, 0), (3, 7)): {'bw': 25}, ((6, 0), (7, 15)): {'bw': 25}, ((6, 1), (16, 8)): {'bw': 10}, ((6, 1), (8, 3)): {'bw': 10}, ((6, 1), (3, 7)): {'bw': 10}, ((6, 1), (7, 23)): {'bw': 10}, ((5, 0), (24, 8)): {'bw': 49}, ((5, 0), (8, 3)): {'bw': 49}, ((5, 0), (3, 7)): {'bw': 49}, ((5, 0), (7, 15)): {'bw': 49}, ((5, 6), (24, 8)): {'bw': 45}, ((5, 6), (8, 16)): {'bw': 45}}",0.0,0.0,170.0,85.0,383.0,0.0,0.0,0.0,0.0,0.0,0.0,0.0,0.0,0.0,Place Failure,98.0,"{'node_level': {'cpu': 18}, 'link_level': {}, 'path_level': {}}","{'node_level': {0: {'cpu': -41}, 1: {'cpu': -36}, 6: {'cpu': -45}, 5: {'cpu': -46}, 2: {'cpu': 18}}, 'link_level': {(1, 0): {'bw': -83}, (6, 0): {'bw': -65}, (6, 1): {'bw': -73}, (5, 0): {'bw': -16}, (5, 6): {'bw': -15}}, 'path_level': {(1, 0): {}, (6, 0): {}, (6, 1): {}, (5, 0): {}, (5, 6): {}}}","{'node_level': {0: {'cpu': 0}, 1: {'cpu': 0}, 6: {'cpu': 0}, 5: {'cpu': 0}, 2: {'cpu': 18}}, 'link_level': {(1, 0): {'bw': 0}, (6, 0): {'bw': 0}, (6, 1): {'bw': 0}, (5, 0): {'bw': 0}, (5, 6): {'bw': 0}}, 'path_level': {(1, 0): {}, (6, 0): {}, (6, 1): {}, (5, 0): {}, (5, 6): {}}}",[],-15.0,0.0,False,True,False,0,[],0,0.0,9.0,0.0007731914520263672,4.0,5.0
155,3,1,111.0,111.0,113010.10109904812,113010.10109904812,1.0,1.0,2,287,0,3814.2481352453324,5021,716,4305,0.0027855153203342198,0.009661835748792313,87,1634.2481352453326,2180.0,4,4,False,{},{},{},{},0.0,0.0,0.0,0.0,0.0,0.0,0.0,0.0,0.0,0.0,0.0,0.0,0.0,0.0,Leave Event,0.0,"{'node_level': {}, 'link_level': {}, 'path_level': {}}","{'node_level': {}, 'link_level': {}, 'path_level': {}}","{'node_level': {}, 'link_level': {}, 'path_level': {}}",[],-inf,-inf,True,True,False,0,[],0,0.0,,,,
156,3,1,111.0,111.0,113010.10109904812,113010.10109904812,1.0,1.0,2,288,1,3825.0,5021,716,4305,0.0027855153203342198,0.009661835748792313,155,574.8706965009721,3825.0,10,22,False,"{7: 15, 8: 23, 4: 16, 1: 24}","{(8, 7): [(23, 7), (7, 15)], (4, 7): [(16, 8), (8, 3), (3, 7), (7, 15)], (4, 8): [(16, 8), (8, 3), (3, 7), (7, 23)], (1, 7): [(24, 8), (8, 3), (3, 7), (7, 15)]}","{(7, 15): {'cpu': 17}, (8, 23): {'cpu': 16}, (4, 16): {'cpu': 14}, (1, 24): {'cpu': 11}}","{((8, 7), (23, 7)): {'bw': 48}, ((8, 7), (7, 15)): {'bw': 48}, ((4, 7), (16, 8)): {'bw': 38}, ((4, 7), (8, 3)): {'bw': 38}, ((4, 7), (3, 7)): {'bw': 38}, ((4, 7), (7, 15)): {'bw': 38}, ((4, 8), (16, 8)): {'bw': 38}, ((4, 8), (8, 3)): {'bw': 38}, ((4, 8), (3, 7)): {'bw': 38}, ((4, 8), (7, 23)): {'bw': 38}, ((1, 7), (24, 8)): {'bw': 47}, ((1, 7), (8, 3)): {'bw': 47}, ((1, 7), (3, 7)): {'bw': 47}, ((1, 7), (7, 15)): {'bw': 47}}",0.0,0.0,176.0,88.0,735.0,0.0,0.0,0.0,0.0,0.0,0.0,0.0,0.0,0.0,Place Failure,124.0,"{'node_level': {'cpu': 12}, 'link_level': {}, 'path_level': {}}","{'node_level': {7: {'cpu': -37}, 8: {'cpu': -28}, 4: {'cpu': -38}, 1: {'cpu': -43}, 9: {'cpu': 12}}, 'link_level': {(8, 7): {'bw': -84}, (4, 7): {'bw': -53}, (4, 8): {'bw': -46}, (1, 7): {'bw': -6}}, 'path_level': {(8, 7): {}, (4, 7): {}, (4, 8): {}, (1, 7): {}}}","{'node_level': {7: {'cpu': 0}, 8: {'cpu': 0}, 4: {'cpu': 0}, 1: {'cpu': 0}, 9: {'cpu': 12}}, 'link_level': {(8, 7): {'bw': 0}, (4, 7): {'bw': 0}, (4, 8): {'bw': 0}, (1, 7): {'bw': 0}}, 'path_level': {(8, 7): {}, (4, 7): {}, (4, 8): {}, (1, 7): {}}}",[],-6.0,0.0,False,True,False,0,[],0,0.0,9.0,0.0007958412170410156,4.0,4.0
156,3,1,111.0,111.0,113010.10109904812,113010.10109904812,1.0,1.0,2,289,0,3828.580015506066,5021,716,4305,0.0027855153203342198,0.009661835748792313,149,157.5800155060661,3671.0,10,24,False,{},{},{},{},0.0,0.0,0.0,0.0,0.0,0.0,0.0,0.0,0.0,0.0,0.0,0.0,0.0,0.0,Leave Event,0.0,"{'node_level': {}, 'link_level': {}, 'path_level': {}}","{'node_level': {}, 'link_level': {}, 'path_level': {}}","{'node_level': {}, 'link_level': {}, 'path_level': {}}",[],-inf,-inf,True,True,False,0,[],0,0.0,,,,
156,3,1,111.0,111.0,113010.10109904812,113010.10109904812,1.0,1.0,2,290,0,3846.316684982978,5021,716,4305,0.0027855153203342198,0.009661835748792313,121,863.3166849829781,2983.0,10,24,False,{},{},{},{},0.0,0.0,0.0,0.0,0.0,0.0,0.0,0.0,0.0,0.0,0.0,0.0,0.0,0.0,Leave Event,0.0,"{'node_level': {}, 'link_level': {}, 'path_level': {}}","{'node_level': {}, 'link_level': {}, 'path_level': {}}","{'node_level': {}, 'link_level': {}, 'path_level': {}}",[],-inf,-inf,True,True,False,0,[],0,0.0,,,,
156,3,1,111.0,111.0,113010.10109904812,113010.10109904812,1.0,1.0,2,291,0,3848.8288616163445,5021,716,4305,0.0027855153203342198,0.009661835748792313,145,272.8288616163447,3576.0,8,12,False,{},{},{},{},0.0,0.0,0.0,0.0,0.0,0.0,0.0,0.0,0.0,0.0,0.0,0.0,0.0,0.0,Leave Event,0.0,"{'node_level': {}, 'link_level': {}, 'path_level': {}}","{'node_level': {}, 'link_level': {}, 'path_level': {}}","{'node_level': {}, 'link_level': {}, 'path_level': {}}",[],-inf,-inf,True,True,False,0,[],0,0.0,,,,
157,3,1,111.0,111.0,113010.10109904812,113010.10109904812,1.0,1.0,2,292,1,3857.0,5021,716,4305,0.0027855153203342198,0.009661835748792313,156,594.7481246287949,3857.0,10,20,False,"{6: 15, 3: 23, 4: 16, 0: 24}","{(3, 6): [(23, 7), (7, 15)], (4, 3): [(16, 8), (8, 3), (3, 7), (7, 23)], (4, 6): [(16, 8), (8, 3), (3, 7), (7, 15)], (0, 3): [(24, 8), (8, 3), (3, 7), (7, 23)], (0, 6): [(24, 8), (8, 3), (3, 7), (7, 15)]}","{(6, 15): {'cpu': 20}, (3, 23): {'cpu': 20}, (4, 16): {'cpu': 14}, (0, 24): {'cpu': 18}}","{((3, 6), (23, 7)): {'bw': 1}, ((3, 6), (7, 15)): {'bw': 1}, ((4, 3), (16, 8)): {'bw': 48}, ((4, 3), (8, 3)): {'bw': 48}, ((4, 3), (3, 7)): {'bw': 48}, ((4, 3), (7, 23)): {'bw': 48}, ((4, 6), (16, 8)): {'bw': 45}, ((4, 6), (8, 3)): {'bw': 45}, ((4, 6), (3, 7)): {'bw': 45}, ((4, 6), (7, 15)): {'bw': 45}, ((0, 3), (24, 8)): {'bw': 22}, ((0, 3), (8, 3)): {'bw': 22}, ((0, 3), (3, 7)): {'bw': 22}, ((0, 3), (7, 23)): {'bw': 22}, ((0, 6), (24, 8)): {'bw': 22}, ((0, 6), (8, 3)): {'bw': 22}, ((0, 6), (3, 7)): {'bw': 22}, ((0, 6), (7, 15)): {'bw': 22}}",0.0,0.0,260.0,130.0,596.0,0.0,0.0,0.0,0.0,0.0,0.0,0.0,0.0,0.0,Place Failure,132.0,"{'node_level': {'cpu': 12}, 'link_level': {}, 'path_level': {}}","{'node_level': {6: {'cpu': -34}, 3: {'cpu': -24}, 4: {'cpu': -38}, 0: {'cpu': -36}, 9: {'cpu': 12}}, 'link_level': {(3, 6): {'bw': -131}, (4, 3): {'bw': -75}, (4, 6): {'bw': -30}, (0, 3): {'bw': -61}, (0, 6): {'bw': -45}}, 'path_level': {(3, 6): {}, (4, 3): {}, (4, 6): {}, (0, 3): {}, (0, 6): {}}}","{'node_level': {6: {'cpu': 0}, 3: {'cpu': 0}, 4: {'cpu': 0}, 0: {'cpu': 0}, 9: {'cpu': 12}}, 'link_level': {(3, 6): {'bw': 0}, (4, 3): {'bw': 0}, (4, 6): {'bw': 0}, (0, 3): {'bw': 0}, (0, 6): {'bw': 0}}, 'path_level': {(3, 6): {}, (4, 3): {}, (4, 6): {}, (0, 3): {}, (0, 6): {}}}",[],-36.0,0.0,False,True,False,0,[],0,0.0,9.0,0.0008172988891601562,4.0,5.0
158,3,1,111.0,111.0,113010.10109904812,113010.10109904812,1.0,1.0,2,293,1,3879.0,5021,716,4305,0.0027855153203342198,0.009661835748792313,157,166.7016678667516,3879.0,4,4,False,"{1: 15, 3: 23, 2: 16}","{(3, 1): [(23, 7), (7, 15)], (2, 1): [(16, 8), (8, 3), (3, 7), (7, 15)], (2, 3): [(16, 8), (8, 3), (3, 7), (7, 23)]}","{(1, 15): {'cpu': 13}, (3, 23): {'cpu': 5}, (2, 16): {'cpu': 1}}","{((3, 1), (23, 7)): {'bw': 38}, ((3, 1), (7, 15)): {'bw': 38}, ((2, 1), (16, 8)): {'bw': 50}, ((2, 1), (8, 3)): {'bw': 50}, ((2, 1), (3, 7)): {'bw': 50}, ((2, 1), (7, 15)): {'bw': 50}, ((2, 3), (16, 8)): {'bw': 31}, ((2, 3), (8, 3)): {'bw': 31}, ((2, 3), (3, 7)): {'bw': 31}, ((2, 3), (7, 23)): {'bw': 31}}",0.0,0.0,42.0,21.0,166.0,0.0,0.0,0.0,0.0,0.0,0.0,0.0,0.0,0.0,Place Failure,120.0,"{'node_level': {'cpu': 2}, 'link_level': {}, 'path_level': {}}","{'node_level': {1: {'cpu': -41}, 3: {'cpu': -39}, 2: {'cpu': -51}, 0: {'cpu': 2}}, 'link_level': {(3, 1): {'bw': -94}, (2, 1): {'bw': -51}, (2, 3): {'bw': -42}, (0, 2): {'bw': 100.0}}, 'path_level': {(3, 1): {}, (2, 1): {}, (2, 3): {}, (0, 2): {}}}","{'node_level': {1: {'cpu': 0}, 3: {'cpu': 0}, 2: {'cpu': 0}, 0: {'cpu': 2}}, 'link_level': {(3, 1): {'bw': 0}, (2, 1): {'bw': 0}, (2, 3): {'bw': 0}, (0, 2): {'bw': 100.0}}, 'path_level': {(3, 1): {}, (2, 1): {}, (2, 3): {}, (0, 2): {}}}",[],100.0,100.0,False,False,False,0,[],0,0.0,10.0,0.0008368492126464844,3.0,3.0
159,3,1,111.0,111.0,113010.10109904812,113010.10109904812,1.0,1.0,2,294,1,3903.0,5021,716,4305,0.0027855153203342198,0.009661835748792313,158,238.95899740904602,3903.0,10,24,False,"{8: 15, 0: 23, 1: 16, 6: 24}","{(0, 8): [(23, 7), (7, 15)], (1, 8): [(16, 8), (8, 3), (3, 7), (7, 15)], (6, 0): [(24, 8), (8, 3), (3, 7), (7, 23)], (6, 1): [(24, 8), (8, 16)], (6, 8): [(24, 8), (8, 3), (3, 7), (7, 15)]}","{(8, 15): {'cpu': 15}, (0, 23): {'cpu': 6}, (1, 16): {'cpu': 18}, (6, 24): {'cpu': 3}}","{((0, 8), (23, 7)): {'bw': 39}, ((0, 8), (7, 15)): {'bw': 39}, ((1, 8), (16, 8)): {'bw': 35}, ((1, 8), (8, 3)): {'bw': 35}, ((1, 8), (3, 7)): {'bw': 35}, ((1, 8), (7, 15)): {'bw': 35}, ((6, 0), (24, 8)): {'bw': 35}, ((6, 0), (8, 3)): {'bw': 35}, ((6, 0), (3, 7)): {'bw': 35}, ((6, 0), (7, 23)): {'bw': 35}, ((6, 1), (24, 8)): {'bw': 9}, ((6, 1), (8, 16)): {'bw': 9}, ((6, 8), (24, 8)): {'bw': 50}, ((6, 8), (8, 3)): {'bw': 50}, ((6, 8), (3, 7)): {'bw': 50}, ((6, 8), (7, 15)): {'bw': 50}}",0.0,0.0,152.0,76.0,572.0,0.0,0.0,0.0,0.0,0.0,0.0,0.0,0.0,0.0,Place Failure,90.0,"{'node_level': {'cpu': 2}, 'link_level': {}, 'path_level': {}}","{'node_level': {8: {'cpu': -39}, 0: {'cpu': -38}, 1: {'cpu': -34}, 6: {'cpu': -51}, 7: {'cpu': 2}}, 'link_level': {(0, 8): {'bw': -93}, (1, 8): {'bw': -65}, (6, 0): {'bw': -58}, (6, 1): {'bw': -65}, (6, 8): {'bw': -15}}, 'path_level': {(0, 8): {}, (1, 8): {}, (6, 0): {}, (6, 1): {}, (6, 8): {}}}","{'node_level': {8: {'cpu': 0}, 0: {'cpu': 0}, 1: {'cpu': 0}, 6: {'cpu': 0}, 7: {'cpu': 2}}, 'link_level': {(0, 8): {'bw': 0}, (1, 8): {'bw': 0}, (6, 0): {'bw': 0}, (6, 1): {'bw': 0}, (6, 8): {'bw': 0}}, 'path_level': {(0, 8): {}, (1, 8): {}, (6, 0): {}, (6, 1): {}, (6, 8): {}}}",[],-15.0,0.0,False,True,False,0,[],0,0.0,9.0,0.0008378028869628906,4.0,5.0
160,3,1,111.0,111.0,113010.10109904812,113010.10109904812,1.0,1.0,2,295,1,3925.0,5021,716,4305,0.0027855153203342198,0.009661835748792313,159,99.92776829199636,3925.0,8,15,False,"{7: 15, 0: 23, 5: 16, 6: 24}","{(0, 7): [(23, 7), (7, 15)], (5, 0): [(16, 8), (8, 3), (3, 7), (7, 23)], (5, 7): [(16, 8), (8, 3), (3, 7), (7, 15)], (6, 5): [(24, 8), (8, 16)], (6, 7): [(24, 8), (8, 3), (3, 7), (7, 15)]}","{(7, 15): {'cpu': 14}, (0, 23): {'cpu': 6}, (5, 16): {'cpu': 7}, (6, 24): {'cpu': 2}}","{((0, 7), (23, 7)): {'bw': 17}, ((0, 7), (7, 15)): {'bw': 17}, ((5, 0), (16, 8)): {'bw': 8}, ((5, 0), (8, 3)): {'bw': 8}, ((5, 0), (3, 7)): {'bw': 8}, ((5, 0), (7, 23)): {'bw': 8}, ((5, 7), (16, 8)): {'bw': 38}, ((5, 7), (8, 3)): {'bw': 38}, ((5, 7), (3, 7)): {'bw': 38}, ((5, 7), (7, 15)): {'bw': 38}, ((6, 5), (24, 8)): {'bw': 44}, ((6, 5), (8, 16)): {'bw': 44}, ((6, 7), (24, 8)): {'bw': 47}, ((6, 7), (8, 3)): {'bw': 47}, ((6, 7), (3, 7)): {'bw': 47}, ((6, 7), (7, 15)): {'bw': 47}}",0.0,0.0,106.0,53.0,367.0,0.0,0.0,0.0,0.0,0.0,0.0,0.0,0.0,0.0,Place Failure,73.0,"{'node_level': {'cpu': 11}, 'link_level': {}, 'path_level': {}}","{'node_level': {7: {'cpu': -40}, 0: {'cpu': -38}, 5: {'cpu': -45}, 6: {'cpu': -52}, 1: {'cpu': 11}}, 'link_level': {(0, 7): {'bw': -115}, (5, 0): {'bw': -107}, (5, 7): {'bw': -77}, (6, 5): {'bw': -33}, (6, 7): {'bw': -18}}, 'path_level': {(0, 7): {}, (5, 0): {}, (5, 7): {}, (6, 5): {}, (6, 7): {}}}","{'node_level': {7: {'cpu': 0}, 0: {'cpu': 0}, 5: {'cpu': 0}, 6: {'cpu': 0}, 1: {'cpu': 11}}, 'link_level': {(0, 7): {'bw': 0}, (5, 0): {'bw': 0}, (5, 7): {'bw': 0}, (6, 5): {'bw': 0}, (6, 7): {'bw': 0}}, 'path_level': {(0, 7): {}, (5, 0): {}, (5, 7): {}, (6, 5): {}, (6, 7): {}}}",[],-18.0,0.0,False,True,False,0,[],0,0.0,9.0,0.0007779598236083984,4.0,5.0
160,3,1,111.0,111.0,113010.10109904812,113010.10109904812,1.0,1.0,2,296,0,3926.985780509375,5021,716,4305,0.0027855153203342198,0.009661835748792313,153,151.9857805093752,3775.0,7,11,False,{},{},{},{},0.0,0.0,0.0,0.0,0.0,0.0,0.0,0.0,0.0,0.0,0.0,0.0,0.0,0.0,Leave Event,0.0,"{'node_level': {}, 'link_level': {}, 'path_level': {}}","{'node_level': {}, 'link_level': {}, 'path_level': {}}","{'node_level': {}, 'link_level': {}, 'path_level': {}}",[],-inf,-inf,True,True,False,0,[],0,0.0,,,,
160,3,1,111.0,111.0,113010.10109904812,113010.10109904812,1.0,1.0,2,297,0,3934.4806596240464,5021,716,4305,0.0027855153203342198,0.009661835748792313,152,179.48065962404627,3755.0,8,18,False,{},{},{},{},0.0,0.0,0.0,0.0,0.0,0.0,0.0,0.0,0.0,0.0,0.0,0.0,0.0,0.0,Leave Event,0.0,"{'node_level': {}, 'link_level': {}, 'path_level': {}}","{'node_level': {}, 'link_level': {}, 'path_level': {}}","{'node_level': {}, 'link_level': {}, 'path_level': {}}",[],-inf,-inf,True,True,False,0,[],0,0.0,,,,
160,3,1,111.0,111.0,113010.10109904812,113010.10109904812,1.0,1.0,2,298,0,3943.714869182212,5021,716,4305,0.0027855153203342198,0.009661835748792313,130,743.7148691822122,3200.0,5,6,False,{},{},{},{},0.0,0.0,0.0,0.0,0.0,0.0,0.0,0.0,0.0,0.0,0.0,0.0,0.0,0.0,Leave Event,0.0,"{'node_level': {}, 'link_level': {}, 'path_level': {}}","{'node_level': {}, 'link_level': {}, 'path_level': {}}","{'node_level': {}, 'link_level': {}, 'path_level': {}}",[],-inf,-inf,True,True,False,0,[],0,0.0,,,,
161,3,1,111.0,111.0,113010.10109904812,113010.10109904812,1.0,1.0,2,299,1,3955.0,5021,716,4305,0.0027855153203342198,0.009661835748792313,160,776.8727459312998,3955.0,8,11,False,"{5: 15, 6: 23, 3: 16, 4: 24}","{(6, 5): [(23, 7), (7, 15)], (3, 5): [(16, 8), (8, 3), (3, 7), (7, 15)], (3, 6): [(16, 8), (8, 3), (3, 7), (7, 23)], (4, 5): [(24, 8), (8, 3), (3, 7), (7, 15)]}","{(5, 15): {'cpu': 19}, (6, 23): {'cpu': 20}, (3, 16): {'cpu': 6}, (4, 24): {'cpu': 6}}","{((6, 5), (23, 7)): {'bw': 27}, ((6, 5), (7, 15)): {'bw': 27}, ((3, 5), (16, 8)): {'bw': 39}, ((3, 5), (8, 3)): {'bw': 39}, ((3, 5), (3, 7)): {'bw': 39}, ((3, 5), (7, 15)): {'bw': 39}, ((3, 6), (16, 8)): {'bw': 16}, ((3, 6), (8, 3)): {'bw': 16}, ((3, 6), (3, 7)): {'bw': 16}, ((3, 6), (7, 23)): {'bw': 16}, ((4, 5), (24, 8)): {'bw': 30}, ((4, 5), (8, 3)): {'bw': 30}, ((4, 5), (3, 7)): {'bw': 30}, ((4, 5), (7, 15)): {'bw': 30}}",0.0,0.0,144.0,72.0,219.0,0.0,0.0,0.0,0.0,0.0,0.0,0.0,0.0,0.0,Place Failure,97.0,"{'node_level': {'cpu': 11}, 'link_level': {}, 'path_level': {}}","{'node_level': {5: {'cpu': -35}, 6: {'cpu': -24}, 3: {'cpu': -46}, 4: {'cpu': -48}, 2: {'cpu': 11}}, 'link_level': {(6, 5): {'bw': -105}, (3, 5): {'bw': -73}, (3, 6): {'bw': -68}, (4, 5): {'bw': -43}}, 'path_level': {(6, 5): {}, (3, 5): {}, (3, 6): {}, (4, 5): {}}}","{'node_level': {5: {'cpu': 0}, 6: {'cpu': 0}, 3: {'cpu': 0}, 4: {'cpu': 0}, 2: {'cpu': 11}}, 'link_level': {(6, 5): {'bw': 0}, (3, 5): {'bw': 0}, (3, 6): {'bw': 0}, (4, 5): {'bw': 0}}, 'path_level': {(6, 5): {}, (3, 5): {}, (3, 6): {}, (4, 5): {}}}",[],-43.0,0.0,False,True,False,0,[],0,0.0,9.0,0.0007560253143310547,4.0,4.0
162,3,1,111.0,111.0,113010.10109904812,113010.10109904812,1.0,1.0,2,300,1,3976.0,5021,716,4305,0.0027855153203342198,0.009661835748792313,161,29.263951339702537,3976.0,3,2,False,"{0: 15, 2: 23, 1: 1}","{(2, 0): [(23, 7), (7, 15)], (1, 2): [(1, 3), (3, 7), (7, 23)]}","{(0, 15): {'cpu': 8}, (2, 23): {'cpu': 1}, (1, 1): {'cpu': 0}}","{((2, 0), (23, 7)): {'bw': 25}, ((2, 0), (7, 15)): {'bw': 25}, ((1, 2), (1, 3)): {'bw': 14}, ((1, 2), (3, 7)): {'bw': 14}, ((1, 2), (7, 23)): {'bw': 14}}",0.0,0.0,18.0,9.0,39.0,0.0,0.0,0.0,0.0,0.0,0.0,0.0,0.0,0.0,Place Failure,2.0,"{'node_level': {'cpu': 0}, 'link_level': {'bw': -93}, 'path_level': {}}","{'node_level': {0: {'cpu': -46}, 2: {'cpu': -43}, 1: {'cpu': 0}}, 'link_level': {(2, 0): {'bw': -107}, (1, 2): {'bw': -93}}, 'path_level': {(2, 0): {}, (1, 2): {}}}","{'node_level': {0: {'cpu': 0}, 2: {'cpu': 0}, 1: {'cpu': 0}}, 'link_level': {(2, 0): {'bw': 0}, (1, 2): {'bw': 0}}, 'path_level': {(2, 0): {}, (1, 2): {}}}",[],0.0,0.0,False,True,False,0,[],0,0.0,2.0,0.0006537437438964844,3.0,2.0
163,3,1,111.0,111.0,113010.10109904812,113010.10109904812,1.0,1.0,2,301,1,3998.0,5021,716,4305,0.0027855153203342198,0.009661835748792313,162,597.0066851481693,3998.0,8,11,False,"{4: 15, 2: 23, 5: 16, 0: 24}","{(2, 4): [(23, 7), (7, 15)], (5, 2): [(16, 8), (8, 3), (3, 7), (7, 23)], (5, 4): [(16, 8), (8, 3), (3, 7), (7, 15)], (0, 4): [(24, 8), (8, 3), (3, 7), (7, 15)]}","{(4, 15): {'cpu': 18}, (2, 23): {'cpu': 20}, (5, 16): {'cpu': 18}, (0, 24): {'cpu': 16}}","{((2, 4), (23, 7)): {'bw': 21}, ((2, 4), (7, 15)): {'bw': 21}, ((5, 2), (16, 8)): {'bw': 20}, ((5, 2), (8, 3)): {'bw': 20}, ((5, 2), (3, 7)): {'bw': 20}, ((5, 2), (7, 23)): {'bw': 20}, ((5, 4), (16, 8)): {'bw': 27}, ((5, 4), (8, 3)): {'bw': 27}, ((5, 4), (3, 7)): {'bw': 27}, ((5, 4), (7, 15)): {'bw': 27}, ((0, 4), (24, 8)): {'bw': 42}, ((0, 4), (8, 3)): {'bw': 42}, ((0, 4), (3, 7)): {'bw': 42}, ((0, 4), (7, 15)): {'bw': 42}}",0.0,0.0,198.0,99.0,290.0,0.0,0.0,0.0,0.0,0.0,0.0,0.0,0.0,0.0,Place Failure,130.0,"{'node_level': {'cpu': 6}, 'link_level': {}, 'path_level': {}}","{'node_level': {4: {'cpu': -36}, 2: {'cpu': -24}, 5: {'cpu': -34}, 0: {'cpu': -38}, 7: {'cpu': 6}}, 'link_level': {(2, 4): {'bw': -111}, (5, 2): {'bw': -91}, (5, 4): {'bw': -76}, (0, 4): {'bw': -49}}, 'path_level': {(2, 4): {}, (5, 2): {}, (5, 4): {}, (0, 4): {}}}","{'node_level': {4: {'cpu': 0}, 2: {'cpu': 0}, 5: {'cpu': 0}, 0: {'cpu': 0}, 7: {'cpu': 6}}, 'link_level': {(2, 4): {'bw': 0}, (5, 2): {'bw': 0}, (5, 4): {'bw': 0}, (0, 4): {'bw': 0}}, 'path_level': {(2, 4): {}, (5, 2): {}, (5, 4): {}, (0, 4): {}}}",[],-38.0,0.0,False,True,False,0,[],0,0.0,9.0,0.0007472038269042969,4.0,4.0
163,3,1,111.0,111.0,113010.10109904812,113010.10109904812,1.0,1.0,2,302,0,4000.573922375068,5021,716,4305,0.0027855153203342198,0.009661835748792313,137,646.5739223750678,3354.0,6,8,False,{},{},{},{},0.0,0.0,0.0,0.0,0.0,0.0,0.0,0.0,0.0,0.0,0.0,0.0,0.0,0.0,Leave Event,0.0,"{'node_level': {}, 'link_level': {}, 'path_level': {}}","{'node_level': {}, 'link_level': {}, 'path_level': {}}","{'node_level': {}, 'link_level': {}, 'path_level': {}}",[],-inf,-inf,True,True,False,0,[],0,0.0,,,,
163,3,1,111.0,111.0,113010.10109904812,113010.10109904812,1.0,1.0,2,303,0,4005.2639513397025,5021,716,4305,0.0027855153203342198,0.009661835748792313,161,29.263951339702537,3976.0,3,2,False,{},{},{},{},0.0,0.0,0.0,0.0,0.0,0.0,0.0,0.0,0.0,0.0,0.0,0.0,0.0,0.0,Leave Event,0.0,"{'node_level': {}, 'link_level': {}, 'path_level': {}}","{'node_level': {}, 'link_level': {}, 'path_level': {}}","{'node_level': {}, 'link_level': {}, 'path_level': {}}",[],-inf,-inf,True,True,False,0,[],0,0.0,,,,
163,3,1,111.0,111.0,113010.10109904812,113010.10109904812,1.0,1.0,2,304,0,4006.5091708522286,5021,716,4305,0.0027855153203342198,0.009661835748792313,146,407.5091708522285,3599.0,7,12,False,{},{},{},{},0.0,0.0,0.0,0.0,0.0,0.0,0.0,0.0,0.0,0.0,0.0,0.0,0.0,0.0,Leave Event,0.0,"{'node_level': {}, 'link_level': {}, 'path_level': {}}","{'node_level': {}, 'link_level': {}, 'path_level': {}}","{'node_level': {}, 'link_level': {}, 'path_level': {}}",[],-inf,-inf,True,True,False,0,[],0,0.0,,,,
164,3,1,111.0,111.0,113010.10109904812,113010.10109904812,1.0,1.0,2,305,1,4023.0,5021,716,4305,0.0027855153203342198,0.009661835748792313,163,754.107613768702,4023.0,10,19,False,"{6: 15, 0: 23, 3: 16, 4: 24}","{(0, 6): [(23, 7), (7, 15)], (3, 0): [(16, 8), (8, 3), (3, 7), (7, 23)], (3, 6): [(16, 8), (8, 3), (3, 7), (7, 15)], (4, 0): [(24, 8), (8, 3), (3, 7), (7, 23)], (4, 3): [(24, 8), (8, 16)], (4, 6): [(24, 8), (8, 3), (3, 7), (7, 15)]}","{(6, 15): {'cpu': 17}, (0, 23): {'cpu': 7}, (3, 16): {'cpu': 9}, (4, 24): {'cpu': 4}}","{((0, 6), (23, 7)): {'bw': 23}, ((0, 6), (7, 15)): {'bw': 23}, ((3, 0), (16, 8)): {'bw': 21}, ((3, 0), (8, 3)): {'bw': 21}, ((3, 0), (3, 7)): {'bw': 21}, ((3, 0), (7, 23)): {'bw': 21}, ((3, 6), (16, 8)): {'bw': 21}, ((3, 6), (8, 3)): {'bw': 21}, ((3, 6), (3, 7)): {'bw': 21}, ((3, 6), (7, 15)): {'bw': 21}, ((4, 0), (24, 8)): {'bw': 28}, ((4, 0), (8, 3)): {'bw': 28}, ((4, 0), (3, 7)): {'bw': 28}, ((4, 0), (7, 23)): {'bw': 28}, ((4, 3), (24, 8)): {'bw': 29}, ((4, 3), (8, 16)): {'bw': 29}, ((4, 6), (24, 8)): {'bw': 19}, ((4, 6), (8, 3)): {'bw': 19}, ((4, 6), (3, 7)): {'bw': 19}, ((4, 6), (7, 15)): {'bw': 19}}",0.0,0.0,144.0,72.0,345.0,0.0,0.0,0.0,0.0,0.0,0.0,0.0,0.0,0.0,Place Failure,62.0,"{'node_level': {'cpu': 4}, 'link_level': {}, 'path_level': {}}","{'node_level': {6: {'cpu': -37}, 0: {'cpu': -37}, 3: {'cpu': -43}, 4: {'cpu': -50}, 2: {'cpu': 4}}, 'link_level': {(0, 6): {'bw': -109}, (3, 0): {'bw': -88}, (3, 6): {'bw': -81}, (4, 0): {'bw': -60}, (4, 3): {'bw': -52}, (4, 6): {'bw': -33}}, 'path_level': {(0, 6): {}, (3, 0): {}, (3, 6): {}, (4, 0): {}, (4, 3): {}, (4, 6): {}}}","{'node_level': {6: {'cpu': 0}, 0: {'cpu': 0}, 3: {'cpu': 0}, 4: {'cpu': 0}, 2: {'cpu': 4}}, 'link_level': {(0, 6): {'bw': 0}, (3, 0): {'bw': 0}, (3, 6): {'bw': 0}, (4, 0): {'bw': 0}, (4, 3): {'bw': 0}, (4, 6): {'bw': 0}}, 'path_level': {(0, 6): {}, (3, 0): {}, (3, 6): {}, (4, 0): {}, (4, 3): {}, (4, 6): {}}}",[],-33.0,0.0,False,True,False,0,[],0,0.0,9.0,0.0008361339569091797,4.0,6.0
164,3,1,111.0,111.0,113010.10109904812,113010.10109904812,1.0,1.0,2,306,0,4024.9277682919965,5021,716,4305,0.0027855153203342198,0.009661835748792313,159,99.92776829199636,3925.0,8,15,False,{},{},{},{},0.0,0.0,0.0,0.0,0.0,0.0,0.0,0.0,0.0,0.0,0.0,0.0,0.0,0.0,Leave Event,0.0,"{'node_level': {}, 'link_level': {}, 'path_level': {}}","{'node_level': {}, 'link_level': {}, 'path_level': {}}","{'node_level': {}, 'link_level': {}, 'path_level': {}}",[],-inf,-inf,True,True,False,0,[],0,0.0,,,,
164,3,1,111.0,111.0,113010.10109904812,113010.10109904812,1.0,1.0,2,307,0,4030.3200944992527,5021,716,4305,0.0027855153203342198,0.009661835748792313,105,1418.3200944992527,2612.0,6,6,False,{},{},{},{},0.0,0.0,0.0,0.0,0.0,0.0,0.0,0.0,0.0,0.0,0.0,0.0,0.0,0.0,Leave Event,0.0,"{'node_level': {}, 'link_level': {}, 'path_level': {}}","{'node_level': {}, 'link_level': {}, 'path_level': {}}","{'node_level': {}, 'link_level': {}, 'path_level': {}}",[],-inf,-inf,True,True,False,0,[],0,0.0,,,,
164,3,1,111.0,111.0,113010.10109904812,113010.10109904812,1.0,1.0,2,308,0,4045.7016678667514,5021,716,4305,0.0027855153203342198,0.009661835748792313,157,166.7016678667516,3879.0,4,4,False,{},{},{},{},0.0,0.0,0.0,0.0,0.0,0.0,0.0,0.0,0.0,0.0,0.0,0.0,0.0,0.0,Leave Event,0.0,"{'node_level': {}, 'link_level': {}, 'path_level': {}}","{'node_level': {}, 'link_level': {}, 'path_level': {}}","{'node_level': {}, 'link_level': {}, 'path_level': {}}",[],-inf,-inf,True,True,False,0,[],0,0.0,,,,
165,3,1,111.0,111.0,113010.10109904812,113010.10109904812,1.0,1.0,2,309,1,4054.0,5021,716,4305,0.0027855153203342198,0.009661835748792313,164,751.2064056435634,4054.0,10,17,False,"{1: 15, 4: 23, 9: 16, 0: 24}","{(4, 1): [(23, 7), (7, 15)], (9, 1): [(16, 8), (8, 3), (3, 7), (7, 15)], (9, 4): [(16, 8), (8, 3), (3, 7), (7, 23)], (0, 1): [(24, 8), (8, 3), (3, 7), (7, 15)]}","{(1, 15): {'cpu': 18}, (4, 23): {'cpu': 16}, (9, 16): {'cpu': 10}, (0, 24): {'cpu': 19}}","{((4, 1), (23, 7)): {'bw': 19}, ((4, 1), (7, 15)): {'bw': 19}, ((9, 1), (16, 8)): {'bw': 33}, ((9, 1), (8, 3)): {'bw': 33}, ((9, 1), (3, 7)): {'bw': 33}, ((9, 1), (7, 15)): {'bw': 33}, ((9, 4), (16, 8)): {'bw': 49}, ((9, 4), (8, 3)): {'bw': 49}, ((9, 4), (3, 7)): {'bw': 49}, ((9, 4), (7, 23)): {'bw': 49}, ((0, 1), (24, 8)): {'bw': 20}, ((0, 1), (8, 3)): {'bw': 20}, ((0, 1), (3, 7)): {'bw': 20}, ((0, 1), (7, 15)): {'bw': 20}}",0.0,0.0,214.0,107.0,451.0,0.0,0.0,0.0,0.0,0.0,0.0,0.0,0.0,0.0,Place Failure,99.0,"{'node_level': {'cpu': 9}, 'link_level': {}, 'path_level': {}}","{'node_level': {1: {'cpu': -36}, 4: {'cpu': -28}, 9: {'cpu': -42}, 0: {'cpu': -35}, 8: {'cpu': 9}}, 'link_level': {(4, 1): {'bw': -113}, (9, 1): {'bw': -87}, (9, 4): {'bw': -41}, (0, 1): {'bw': -67}}, 'path_level': {(4, 1): {}, (9, 1): {}, (9, 4): {}, (0, 1): {}}}","{'node_level': {1: {'cpu': 0}, 4: {'cpu': 0}, 9: {'cpu': 0}, 0: {'cpu': 0}, 8: {'cpu': 9}}, 'link_level': {(4, 1): {'bw': 0}, (9, 1): {'bw': 0}, (9, 4): {'bw': 0}, (0, 1): {'bw': 0}}, 'path_level': {(4, 1): {}, (9, 1): {}, (9, 4): {}, (0, 1): {}}}",[],-35.0,0.0,False,True,False,0,[],0,0.0,9.0,0.000782012939453125,4.0,4.0
165,3,1,111.0,111.0,113010.10109904812,113010.10109904812,1.0,1.0,2,310,0,4069.443717674473,5021,716,4305,0.0027855153203342198,0.009661835748792313,143,557.4437176744732,3512.0,7,9,False,{},{},{},{},0.0,0.0,0.0,0.0,0.0,0.0,0.0,0.0,0.0,0.0,0.0,0.0,0.0,0.0,Leave Event,0.0,"{'node_level': {}, 'link_level': {}, 'path_level': {}}","{'node_level': {}, 'link_level': {}, 'path_level': {}}","{'node_level': {}, 'link_level': {}, 'path_level': {}}",[],-inf,-inf,True,True,False,0,[],0,0.0,,,,
166,3,1,111.0,111.0,113010.10109904812,113010.10109904812,1.0,1.0,2,311,1,4078.0,5021,716,4305,0.0027855153203342198,0.009661835748792313,165,150.1625393109284,4078.0,5,5,False,"{2: 15, 0: 23, 1: 16, 4: 24}","{(0, 2): [(23, 7), (7, 15)], (1, 2): [(16, 8), (8, 3), (3, 7), (7, 15)], (4, 0): [(24, 8), (8, 3), (3, 7), (7, 23)], (4, 1): [(24, 8), (8, 16)]}","{(2, 15): {'cpu': 16}, (0, 23): {'cpu': 2}, (1, 16): {'cpu': 7}, (4, 24): {'cpu': 12}}","{((0, 2), (23, 7)): {'bw': 42}, ((0, 2), (7, 15)): {'bw': 42}, ((1, 2), (16, 8)): {'bw': 0}, ((1, 2), (8, 3)): {'bw': 0}, ((1, 2), (3, 7)): {'bw': 0}, ((1, 2), (7, 15)): {'bw': 0}, ((4, 0), (24, 8)): {'bw': 8}, ((4, 0), (8, 3)): {'bw': 8}, ((4, 0), (3, 7)): {'bw': 8}, ((4, 0), (7, 23)): {'bw': 8}, ((4, 1), (24, 8)): {'bw': 11}, ((4, 1), (8, 16)): {'bw': 11}}",0.0,0.0,98.0,49.0,62.0,0.0,0.0,0.0,0.0,0.0,0.0,0.0,0.0,0.0,Place Failure,68.0,"{'node_level': {'cpu': 12}, 'link_level': {}, 'path_level': {}}","{'node_level': {2: {'cpu': -38}, 0: {'cpu': -42}, 1: {'cpu': -45}, 4: {'cpu': -42}, 3: {'cpu': 12}}, 'link_level': {(0, 2): {'bw': -90}, (1, 2): {'bw': -97}, (4, 0): {'bw': -82}, (4, 1): {'bw': -90}}, 'path_level': {(0, 2): {}, (1, 2): {}, (4, 0): {}, (4, 1): {}}}","{'node_level': {2: {'cpu': 0}, 0: {'cpu': 0}, 1: {'cpu': 0}, 4: {'cpu': 0}, 3: {'cpu': 12}}, 'link_level': {(0, 2): {'bw': 0}, (1, 2): {'bw': 0}, (4, 0): {'bw': 0}, (4, 1): {'bw': 0}}, 'path_level': {(0, 2): {}, (1, 2): {}, (4, 0): {}, (4, 1): {}}}",[],-42.0,0.0,False,True,False,0,[],0,0.0,9.0,0.0007491111755371094,4.0,4.0
166,3,1,111.0,111.0,113010.10109904812,113010.10109904812,1.0,1.0,2,312,0,4084.1003440590175,5021,716,4305,0.0027855153203342198,0.009661835748792313,104,1491.1003440590173,2593.0,5,4,False,{},{},{},{},0.0,0.0,0.0,0.0,0.0,0.0,0.0,0.0,0.0,0.0,0.0,0.0,0.0,0.0,Leave Event,0.0,"{'node_level': {}, 'link_level': {}, 'path_level': {}}","{'node_level': {}, 'link_level': {}, 'path_level': {}}","{'node_level': {}, 'link_level': {}, 'path_level': {}}",[],-inf,-inf,True,True,False,0,[],0,0.0,,,,
166,3,1,111.0,111.0,113010.10109904812,113010.10109904812,1.0,1.0,2,313,0,4089.9451825625174,5021,716,4305,0.0027855153203342198,0.009661835748792313,126,990.9451825625172,3099.0,4,5,False,{},{},{},{},0.0,0.0,0.0,0.0,0.0,0.0,0.0,0.0,0.0,0.0,0.0,0.0,0.0,0.0,Leave Event,0.0,"{'node_level': {}, 'link_level': {}, 'path_level': {}}","{'node_level': {}, 'link_level': {}, 'path_level': {}}","{'node_level': {}, 'link_level': {}, 'path_level': {}}",[],-inf,-inf,True,True,False,0,[],0,0.0,,,,
166,3,1,111.0,111.0,113010.10109904812,113010.10109904812,1.0,1.0,2,314,0,4104.53223018486,5021,716,4305,0.0027855153203342198,0.009661835748792313,154,304.53223018485977,3800.0,9,14,False,{},{},{},{},0.0,0.0,0.0,0.0,0.0,0.0,0.0,0.0,0.0,0.0,0.0,0.0,0.0,0.0,Leave Event,0.0,"{'node_level': {}, 'link_level': {}, 'path_level': {}}","{'node_level': {}, 'link_level': {}, 'path_level': {}}","{'node_level': {}, 'link_level': {}, 'path_level': {}}",[],-inf,-inf,True,True,False,0,[],0,0.0,,,,
167,3,1,111.0,111.0,113010.10109904812,113010.10109904812,1.0,1.0,2,315,1,4108.0,5021,716,4305,0.0027855153203342198,0.009661835748792313,166,234.05322535981762,4108.0,4,4,False,"{0: 15, 2: 23, 3: 16, 1: 24}","{(2, 0): [(23, 7), (7, 15)], (3, 0): [(16, 8), (8, 3), (3, 7), (7, 15)], (1, 0): [(24, 8), (8, 3), (3, 7), (7, 15)], (1, 2): [(24, 8), (8, 3), (3, 7), (7, 23)]}","{(0, 15): {'cpu': 11}, (2, 23): {'cpu': 19}, (3, 16): {'cpu': 15}, (1, 24): {'cpu': 10}}","{((2, 0), (23, 7)): {'bw': 18}, ((2, 0), (7, 15)): {'bw': 18}, ((3, 0), (16, 8)): {'bw': 28}, ((3, 0), (8, 3)): {'bw': 28}, ((3, 0), (3, 7)): {'bw': 28}, ((3, 0), (7, 15)): {'bw': 28}, ((1, 0), (24, 8)): {'bw': 1}, ((1, 0), (8, 3)): {'bw': 1}, ((1, 0), (3, 7)): {'bw': 1}, ((1, 0), (7, 15)): {'bw': 1}, ((1, 2), (24, 8)): {'bw': 11}, ((1, 2), (8, 3)): {'bw': 11}, ((1, 2), (3, 7)): {'bw': 11}, ((1, 2), (7, 23)): {'bw': 11}}",0.0,0.0,110.0,55.0,58.0,0.0,0.0,0.0,0.0,0.0,0.0,0.0,0.0,0.0,Place Failure,98.0,"{'node_level': {'cpu': -44}, 'link_level': {'bw': -92}, 'path_level': {}}","{'node_level': {0: {'cpu': -43}, 2: {'cpu': -25}, 3: {'cpu': -37}, 1: {'cpu': -44}}, 'link_level': {(2, 0): {'bw': -114}, (3, 0): {'bw': -93}, (1, 0): {'bw': -92}, (1, 2): {'bw': -97}}, 'path_level': {(2, 0): {}, (3, 0): {}, (1, 0): {}, (1, 2): {}}}","{'node_level': {0: {'cpu': 0}, 2: {'cpu': 0}, 3: {'cpu': 0}, 1: {'cpu': 0}}, 'link_level': {(2, 0): {'bw': 0}, (3, 0): {'bw': 0}, (1, 0): {'bw': 0}, (1, 2): {'bw': 0}}, 'path_level': {(2, 0): {}, (3, 0): {}, (1, 0): {}, (1, 2): {}}}",[],-44.0,0.0,False,True,False,0,[],0,0.0,6.0,0.0007309913635253906,4.0,4.0
168,3,1,111.0,111.0,113010.10109904812,113010.10109904812,1.0,1.0,2,316,1,4127.0,5021,716,4305,0.0027855153203342198,0.009661835748792313,167,442.88032112644396,4127.0,5,4,False,"{0: 15, 4: 23, 2: 16, 1: 24}","{(4, 0): [(23, 7), (7, 15)], (2, 0): [(16, 8), (8, 3), (3, 7), (7, 15)], (1, 4): [(24, 8), (8, 3), (3, 7), (7, 23)]}","{(0, 15): {'cpu': 17}, (4, 23): {'cpu': 4}, (2, 16): {'cpu': 7}, (1, 24): {'cpu': 20}}","{((4, 0), (23, 7)): {'bw': 43}, ((4, 0), (7, 15)): {'bw': 43}, ((2, 0), (16, 8)): {'bw': 26}, ((2, 0), (8, 3)): {'bw': 26}, ((2, 0), (3, 7)): {'bw': 26}, ((2, 0), (7, 15)): {'bw': 26}, ((1, 4), (24, 8)): {'bw': 14}, ((1, 4), (8, 3)): {'bw': 14}, ((1, 4), (3, 7)): {'bw': 14}, ((1, 4), (7, 23)): {'bw': 14}}",0.0,0.0,114.0,57.0,104.0,0.0,0.0,0.0,0.0,0.0,0.0,0.0,0.0,0.0,Place Failure,63.0,"{'node_level': {'cpu': 9}, 'link_level': {}, 'path_level': {}}","{'node_level': {0: {'cpu': -37}, 4: {'cpu': -40}, 2: {'cpu': -45}, 1: {'cpu': -34}, 3: {'cpu': 9}}, 'link_level': {(4, 0): {'bw': -89}, (2, 0): {'bw': -70}, (1, 4): {'bw': -75}}, 'path_level': {(4, 0): {}, (2, 0): {}, (1, 4): {}}}","{'node_level': {0: {'cpu': 0}, 4: {'cpu': 0}, 2: {'cpu': 0}, 1: {'cpu': 0}, 3: {'cpu': 9}}, 'link_level': {(4, 0): {'bw': 0}, (2, 0): {'bw': 0}, (1, 4): {'bw': 0}}, 'path_level': {(4, 0): {}, (2, 0): {}, (1, 4): {}}}",[],-34.0,0.0,False,True,False,0,[],0,0.0,9.0,0.0007266998291015625,4.0,3.0
168,3,1,111.0,111.0,113010.10109904812,113010.10109904812,1.0,1.0,2,317,0,4140.102078360815,5021,716,4305,0.0027855153203342198,0.009661835748792313,139,736.1020783608142,3404.0,8,17,False,{},{},{},{},0.0,0.0,0.0,0.0,0.0,0.0,0.0,0.0,0.0,0.0,0.0,0.0,0.0,0.0,Leave Event,0.0,"{'node_level': {}, 'link_level': {}, 'path_level': {}}","{'node_level': {}, 'link_level': {}, 'path_level': {}}","{'node_level': {}, 'link_level': {}, 'path_level': {}}",[],-inf,-inf,True,True,False,0,[],0,0.0,,,,
168,3,1,111.0,111.0,113010.10109904812,113010.10109904812,1.0,1.0,2,318,0,4141.958997409046,5021,716,4305,0.0027855153203342198,0.009661835748792313,158,238.95899740904602,3903.0,10,24,False,{},{},{},{},0.0,0.0,0.0,0.0,0.0,0.0,0.0,0.0,0.0,0.0,0.0,0.0,0.0,0.0,Leave Event,0.0,"{'node_level': {}, 'link_level': {}, 'path_level': {}}","{'node_level': {}, 'link_level': {}, 'path_level': {}}","{'node_level': {}, 'link_level': {}, 'path_level': {}}",[],-inf,-inf,True,True,False,0,[],0,0.0,,,,
169,3,1,111.0,111.0,113010.10109904812,113010.10109904812,1.0,1.0,2,319,1,4143.0,5021,716,4305,0.0027855153203342198,0.009661835748792313,168,159.2919277089881,4143.0,8,14,False,"{1: 15, 6: 23, 3: 16, 7: 24}","{(6, 1): [(23, 7), (7, 15)], (3, 1): [(16, 8), (8, 3), (3, 7), (7, 15)], (3, 6): [(16, 8), (8, 3), (3, 7), (7, 23)], (7, 1): [(24, 8), (8, 3), (3, 7), (7, 15)], (7, 3): [(24, 8), (8, 16)]}","{(1, 15): {'cpu': 14}, (6, 23): {'cpu': 19}, (3, 16): {'cpu': 15}, (7, 24): {'cpu': 5}}","{((6, 1), (23, 7)): {'bw': 50}, ((6, 1), (7, 15)): {'bw': 50}, ((3, 1), (16, 8)): {'bw': 30}, ((3, 1), (8, 3)): {'bw': 30}, ((3, 1), (3, 7)): {'bw': 30}, ((3, 1), (7, 15)): {'bw': 30}, ((3, 6), (16, 8)): {'bw': 8}, ((3, 6), (8, 3)): {'bw': 8}, ((3, 6), (3, 7)): {'bw': 8}, ((3, 6), (7, 23)): {'bw': 8}, ((7, 1), (24, 8)): {'bw': 9}, ((7, 1), (8, 3)): {'bw': 9}, ((7, 1), (3, 7)): {'bw': 9}, ((7, 1), (7, 15)): {'bw': 9}, ((7, 3), (24, 8)): {'bw': 1}, ((7, 3), (8, 16)): {'bw': 1}}",0.0,0.0,110.0,55.0,365.0,0.0,0.0,0.0,0.0,0.0,0.0,0.0,0.0,0.0,Place Failure,101.0,"{'node_level': {'cpu': 1}, 'link_level': {}, 'path_level': {}}","{'node_level': {1: {'cpu': -40}, 6: {'cpu': -25}, 3: {'cpu': -37}, 7: {'cpu': -49}, 4: {'cpu': 1}}, 'link_level': {(6, 1): {'bw': -82}, (3, 1): {'bw': -59}, (3, 6): {'bw': -74}, (7, 1): {'bw': -50}, (7, 3): {'bw': -84}}, 'path_level': {(6, 1): {}, (3, 1): {}, (3, 6): {}, (7, 1): {}, (7, 3): {}}}","{'node_level': {1: {'cpu': 0}, 6: {'cpu': 0}, 3: {'cpu': 0}, 7: {'cpu': 0}, 4: {'cpu': 1}}, 'link_level': {(6, 1): {'bw': 0}, (3, 1): {'bw': 0}, (3, 6): {'bw': 0}, (7, 1): {'bw': 0}, (7, 3): {'bw': 0}}, 'path_level': {(6, 1): {}, (3, 1): {}, (3, 6): {}, (7, 1): {}, (7, 3): {}}}",[],-49.0,0.0,False,True,False,0,[],0,0.0,9.0,0.0007779598236083984,4.0,5.0
170,3,1,111.0,111.0,113010.10109904812,113010.10109904812,1.0,1.0,2,320,1,4161.0,5021,716,4305,0.0027855153203342198,0.009661835748792313,169,231.69501307997635,4161.0,5,7,False,"{3: 15, 0: 23, 2: 16, 1: 24, 4: 2}","{(0, 3): [(23, 7), (7, 15)], (2, 0): [(16, 8), (8, 3), (3, 7), (7, 23)], (2, 3): [(16, 8), (8, 3), (3, 7), (7, 15)], (1, 0): [(24, 8), (8, 3), (3, 7), (7, 23)], (1, 3): [(24, 8), (8, 3), (3, 7), (7, 15)], (4, 1): [(2, 0), (0, 1), (1, 3), (3, 8), (8, 24)], (4, 2): [(2, 0), (0, 1), (1, 3), (3, 8), (8, 16)]}","{(3, 15): {'cpu': 20}, (0, 23): {'cpu': 8}, (2, 16): {'cpu': 17}, (1, 24): {'cpu': 13}, (4, 2): {'cpu': 0}}","{((0, 3), (23, 7)): {'bw': 48}, ((0, 3), (7, 15)): {'bw': 48}, ((2, 0), (16, 8)): {'bw': 50}, ((2, 0), (8, 3)): {'bw': 50}, ((2, 0), (3, 7)): {'bw': 50}, ((2, 0), (7, 23)): {'bw': 50}, ((2, 3), (16, 8)): {'bw': 7}, ((2, 3), (8, 3)): {'bw': 7}, ((2, 3), (3, 7)): {'bw': 7}, ((2, 3), (7, 15)): {'bw': 7}, ((1, 0), (24, 8)): {'bw': 27}, ((1, 0), (8, 3)): {'bw': 27}, ((1, 0), (3, 7)): {'bw': 27}, ((1, 0), (7, 23)): {'bw': 27}, ((1, 3), (24, 8)): {'bw': 25}, ((1, 3), (8, 3)): {'bw': 25}, ((1, 3), (3, 7)): {'bw': 25}, ((1, 3), (7, 15)): {'bw': 25}, ((4, 1), (2, 0)): {'bw': 29}, ((4, 1), (0, 1)): {'bw': 29}, ((4, 1), (1, 3)): {'bw': 29}, ((4, 1), (3, 8)): {'bw': 29}, ((4, 1), (8, 24)): {'bw': 29}, ((4, 2), (2, 0)): {'bw': 26}, ((4, 2), (0, 1)): {'bw': 26}, ((4, 2), (1, 3)): {'bw': 26}, ((4, 2), (3, 8)): {'bw': 26}, ((4, 2), (8, 16)): {'bw': 26}}",0.0,0.0,116.0,58.0,212.0,0.0,0.0,0.0,0.0,0.0,0.0,0.0,0.0,0.0,Place Failure,84.0,"{'node_level': {'cpu': 0}, 'link_level': {'bw': -28}, 'path_level': {}}","{'node_level': {3: {'cpu': -34}, 0: {'cpu': -36}, 2: {'cpu': -35}, 1: {'cpu': -41}, 4: {'cpu': 0}}, 'link_level': {(0, 3): {'bw': -84}, (2, 0): {'bw': -34}, (2, 3): {'bw': -66}, (1, 0): {'bw': -7}, (1, 3): {'bw': -57}, (4, 1): {'bw': -28}, (4, 2): {'bw': -35}}, 'path_level': {(0, 3): {}, (2, 0): {}, (2, 3): {}, (1, 0): {}, (1, 3): {}, (4, 1): {}, (4, 2): {}}}","{'node_level': {3: {'cpu': 0}, 0: {'cpu': 0}, 2: {'cpu': 0}, 1: {'cpu': 0}, 4: {'cpu': 0}}, 'link_level': {(0, 3): {'bw': 0}, (2, 0): {'bw': 0}, (2, 3): {'bw': 0}, (1, 0): {'bw': 0}, (1, 3): {'bw': 0}, (4, 1): {'bw': 0}, (4, 2): {'bw': 0}}, 'path_level': {(0, 3): {}, (2, 0): {}, (2, 3): {}, (1, 0): {}, (1, 3): {}, (4, 1): {}, (4, 2): {}}}",[],0.0,0.0,False,True,False,0,[],0,0.0,6.0,0.0010030269622802734,5.0,7.0
170,3,1,111.0,111.0,113010.10109904812,113010.10109904812,1.0,1.0,2,321,0,4162.4604478949805,5021,716,4305,0.0027855153203342198,0.009661835748792313,102,1629.4604478949802,2533.0,5,5,False,{},{},{},{},0.0,0.0,0.0,0.0,0.0,0.0,0.0,0.0,0.0,0.0,0.0,0.0,0.0,0.0,Leave Event,0.0,"{'node_level': {}, 'link_level': {}, 'path_level': {}}","{'node_level': {}, 'link_level': {}, 'path_level': {}}","{'node_level': {}, 'link_level': {}, 'path_level': {}}",[],-inf,-inf,True,True,False,0,[],0,0.0,,,,
171,3,1,111.0,111.0,113010.10109904812,113010.10109904812,1.0,1.0,2,322,1,4182.0,5021,716,4305,0.0027855153203342198,0.009661835748792313,170,109.73408203219842,4182.0,8,13,False,"{7: 15, 4: 23, 3: 16, 5: 24}","{(4, 7): [(23, 7), (7, 15)], (3, 7): [(16, 8), (8, 3), (3, 7), (7, 15)], (5, 3): [(24, 8), (8, 16)], (5, 7): [(24, 8), (8, 3), (3, 7), (7, 15)]}","{(7, 15): {'cpu': 9}, (4, 23): {'cpu': 13}, (3, 16): {'cpu': 7}, (5, 24): {'cpu': 8}}","{((4, 7), (23, 7)): {'bw': 36}, ((4, 7), (7, 15)): {'bw': 36}, ((3, 7), (16, 8)): {'bw': 43}, ((3, 7), (8, 3)): {'bw': 43}, ((3, 7), (3, 7)): {'bw': 43}, ((3, 7), (7, 15)): {'bw': 43}, ((5, 3), (24, 8)): {'bw': 24}, ((5, 3), (8, 16)): {'bw': 24}, ((5, 7), (24, 8)): {'bw': 9}, ((5, 7), (8, 3)): {'bw': 9}, ((5, 7), (3, 7)): {'bw': 9}, ((5, 7), (7, 15)): {'bw': 9}}",0.0,0.0,158.0,79.0,362.0,0.0,0.0,0.0,0.0,0.0,0.0,0.0,0.0,0.0,Place Failure,96.0,"{'node_level': {'cpu': 14}, 'link_level': {}, 'path_level': {}}","{'node_level': {7: {'cpu': -45}, 4: {'cpu': -31}, 3: {'cpu': -45}, 5: {'cpu': -46}, 0: {'cpu': 14}}, 'link_level': {(4, 7): {'bw': -96}, (3, 7): {'bw': -60}, (5, 3): {'bw': -56}, (5, 7): {'bw': -51}}, 'path_level': {(4, 7): {}, (3, 7): {}, (5, 3): {}, (5, 7): {}}}","{'node_level': {7: {'cpu': 0}, 4: {'cpu': 0}, 3: {'cpu': 0}, 5: {'cpu': 0}, 0: {'cpu': 14}}, 'link_level': {(4, 7): {'bw': 0}, (3, 7): {'bw': 0}, (5, 3): {'bw': 0}, (5, 7): {'bw': 0}}, 'path_level': {(4, 7): {}, (3, 7): {}, (5, 3): {}, (5, 7): {}}}",[],-46.0,0.0,False,True,False,0,[],0,0.0,9.0,0.0007522106170654297,4.0,4.0
172,3,1,111.0,111.0,113010.10109904812,113010.10109904812,1.0,1.0,2,323,1,4216.0,5021,716,4305,0.0027855153203342198,0.009661835748792313,171,307.9596465485727,4216.0,7,12,False,"{3: 15, 0: 23, 2: 16, 4: 24}","{(0, 3): [(23, 7), (7, 15)], (2, 0): [(16, 8), (8, 3), (3, 7), (7, 23)], (2, 3): [(16, 8), (8, 3), (3, 7), (7, 15)], (4, 2): [(24, 8), (8, 16)], (4, 3): [(24, 8), (8, 3), (3, 7), (7, 15)]}","{(3, 15): {'cpu': 3}, (0, 23): {'cpu': 8}, (2, 16): {'cpu': 3}, (4, 24): {'cpu': 7}}","{((0, 3), (23, 7)): {'bw': 35}, ((0, 3), (7, 15)): {'bw': 35}, ((2, 0), (16, 8)): {'bw': 40}, ((2, 0), (8, 3)): {'bw': 40}, ((2, 0), (3, 7)): {'bw': 40}, ((2, 0), (7, 23)): {'bw': 40}, ((2, 3), (16, 8)): {'bw': 46}, ((2, 3), (8, 3)): {'bw': 46}, ((2, 3), (3, 7)): {'bw': 46}, ((2, 3), (7, 15)): {'bw': 46}, ((4, 2), (24, 8)): {'bw': 12}, ((4, 2), (8, 16)): {'bw': 12}, ((4, 3), (24, 8)): {'bw': 39}, ((4, 3), (8, 3)): {'bw': 39}, ((4, 3), (3, 7)): {'bw': 39}, ((4, 3), (7, 15)): {'bw': 39}}",0.0,0.0,90.0,45.0,272.0,0.0,0.0,0.0,0.0,0.0,0.0,0.0,0.0,0.0,Place Failure,43.0,"{'node_level': {'cpu': 5}, 'link_level': {}, 'path_level': {}}","{'node_level': {3: {'cpu': -51}, 0: {'cpu': -36}, 2: {'cpu': -49}, 4: {'cpu': -47}, 5: {'cpu': 5}}, 'link_level': {(0, 3): {'bw': -97}, (2, 0): {'bw': -57}, (2, 3): {'bw': -37}, (4, 2): {'bw': -25}, (4, 3): {'bw': -19}}, 'path_level': {(0, 3): {}, (2, 0): {}, (2, 3): {}, (4, 2): {}, (4, 3): {}}}","{'node_level': {3: {'cpu': 0}, 0: {'cpu': 0}, 2: {'cpu': 0}, 4: {'cpu': 0}, 5: {'cpu': 5}}, 'link_level': {(0, 3): {'bw': 0}, (2, 0): {'bw': 0}, (2, 3): {'bw': 0}, (4, 2): {'bw': 0}, (4, 3): {'bw': 0}}, 'path_level': {(0, 3): {}, (2, 0): {}, (2, 3): {}, (4, 2): {}, (4, 3): {}}}",[],-19.0,0.0,False,True,False,0,[],0,0.0,9.0,0.0007538795471191406,4.0,5.0
172,3,1,111.0,111.0,113010.10109904812,113010.10109904812,1.0,1.0,2,324,0,4228.162539310928,5021,716,4305,0.0027855153203342198,0.009661835748792313,165,150.1625393109284,4078.0,5,5,False,{},{},{},{},0.0,0.0,0.0,0.0,0.0,0.0,0.0,0.0,0.0,0.0,0.0,0.0,0.0,0.0,Leave Event,0.0,"{'node_level': {}, 'link_level': {}, 'path_level': {}}","{'node_level': {}, 'link_level': {}, 'path_level': {}}","{'node_level': {}, 'link_level': {}, 'path_level': {}}",[],-inf,-inf,True,True,False,0,[],0,0.0,,,,
173,3,1,111.0,111.0,113010.10109904812,113010.10109904812,1.0,1.0,2,325,1,4237.0,5021,716,4305,0.0027855153203342198,0.009661835748792313,172,22.819026805322828,4237.0,9,20,False,"{8: 15, 0: 23, 5: 16, 4: 24}","{(0, 8): [(23, 7), (7, 15)], (5, 8): [(16, 8), (8, 3), (3, 7), (7, 15)], (4, 5): [(24, 8), (8, 16)], (4, 8): [(24, 8), (8, 3), (3, 7), (7, 15)]}","{(8, 15): {'cpu': 6}, (0, 23): {'cpu': 15}, (5, 16): {'cpu': 17}, (4, 24): {'cpu': 13}}","{((0, 8), (23, 7)): {'bw': 9}, ((0, 8), (7, 15)): {'bw': 9}, ((5, 8), (16, 8)): {'bw': 36}, ((5, 8), (8, 3)): {'bw': 36}, ((5, 8), (3, 7)): {'bw': 36}, ((5, 8), (7, 15)): {'bw': 36}, ((4, 5), (24, 8)): {'bw': 38}, ((4, 5), (8, 16)): {'bw': 38}, ((4, 8), (24, 8)): {'bw': 14}, ((4, 8), (8, 3)): {'bw': 14}, ((4, 8), (3, 7)): {'bw': 14}, ((4, 8), (7, 15)): {'bw': 14}}",0.0,0.0,130.0,65.0,568.0,0.0,0.0,0.0,0.0,0.0,0.0,0.0,0.0,0.0,Place Failure,107.0,"{'node_level': {'cpu': 3}, 'link_level': {}, 'path_level': {}}","{'node_level': {8: {'cpu': -48}, 0: {'cpu': -29}, 5: {'cpu': -35}, 4: {'cpu': -41}, 6: {'cpu': 3}}, 'link_level': {(0, 8): {'bw': -123}, (5, 8): {'bw': -87}, (4, 5): {'bw': -49}, (4, 8): {'bw': -57}}, 'path_level': {(0, 8): {}, (5, 8): {}, (4, 5): {}, (4, 8): {}}}","{'node_level': {8: {'cpu': 0}, 0: {'cpu': 0}, 5: {'cpu': 0}, 4: {'cpu': 0}, 6: {'cpu': 3}}, 'link_level': {(0, 8): {'bw': 0}, (5, 8): {'bw': 0}, (4, 5): {'bw': 0}, (4, 8): {'bw': 0}}, 'path_level': {(0, 8): {}, (5, 8): {}, (4, 5): {}, (4, 8): {}}}",[],-41.0,0.0,False,True,False,0,[],0,0.0,9.0,0.0007460117340087891,4.0,4.0
173,3,1,111.0,111.0,113010.10109904812,113010.10109904812,1.0,1.0,2,326,0,4259.819026805323,5021,716,4305,0.0027855153203342198,0.009661835748792313,172,22.819026805322828,4237.0,9,20,False,{},{},{},{},0.0,0.0,0.0,0.0,0.0,0.0,0.0,0.0,0.0,0.0,0.0,0.0,0.0,0.0,Leave Event,0.0,"{'node_level': {}, 'link_level': {}, 'path_level': {}}","{'node_level': {}, 'link_level': {}, 'path_level': {}}","{'node_level': {}, 'link_level': {}, 'path_level': {}}",[],-inf,-inf,True,True,False,0,[],0,0.0,,,,
174,3,1,111.0,111.0,113010.10109904812,113010.10109904812,1.0,1.0,2,327,1,4262.0,5021,716,4305,0.0027855153203342198,0.009661835748792313,173,804.2089278609906,4262.0,2,1,False,"{0: 15, 1: 23}","{(1, 0): [(23, 7), (7, 15)]}","{(0, 15): {'cpu': 15}, (1, 23): {'cpu': 2}}","{((1, 0), (23, 7)): {'bw': 36}, ((1, 0), (7, 15)): {'bw': 36}}",0.0,0.0,34.0,17.0,36.0,0.0,0.0,0.0,0.0,0.0,0.0,0.0,0.0,0.0,Place Failure,4.0,"{'node_level': {'cpu': -42}, 'link_level': {'bw': -96}, 'path_level': {}}","{'node_level': {0: {'cpu': -39}, 1: {'cpu': -42}}, 'link_level': {(1, 0): {'bw': -96}}, 'path_level': {(1, 0): {}}}","{'node_level': {0: {'cpu': 0}, 1: {'cpu': 0}}, 'link_level': {(1, 0): {'bw': 0}}, 'path_level': {(1, 0): {}}}",[],-42.0,0.0,False,True,False,0,[],0,0.0,2.0,0.0005810260772705078,2.0,1.0
175,3,1,111.0,111.0,113010.10109904812,113010.10109904812,1.0,1.0,2,328,1,4289.0,5021,716,4305,0.0027855153203342198,0.009661835748792313,174,40.039429614590745,4289.0,10,17,False,"{7: 15, 2: 23, 3: 16, 8: 24, 9: 2}","{(2, 7): [(23, 7), (7, 15)], (3, 2): [(16, 8), (8, 3), (3, 7), (7, 23)], (3, 7): [(16, 8), (8, 3), (3, 7), (7, 15)], (8, 3): [(24, 8), (8, 16)], (8, 7): [(24, 8), (8, 3), (3, 7), (7, 15)], (9, 7): [(2, 0), (0, 1), (1, 3), (3, 7), (7, 15)]}","{(7, 15): {'cpu': 18}, (2, 23): {'cpu': 11}, (3, 16): {'cpu': 9}, (8, 24): {'cpu': 4}, (9, 2): {'cpu': 0}}","{((2, 7), (23, 7)): {'bw': 39}, ((2, 7), (7, 15)): {'bw': 39}, ((3, 2), (16, 8)): {'bw': 16}, ((3, 2), (8, 3)): {'bw': 16}, ((3, 2), (3, 7)): {'bw': 16}, ((3, 2), (7, 23)): {'bw': 16}, ((3, 7), (16, 8)): {'bw': 39}, ((3, 7), (8, 3)): {'bw': 39}, ((3, 7), (3, 7)): {'bw': 39}, ((3, 7), (7, 15)): {'bw': 39}, ((8, 3), (24, 8)): {'bw': 0}, ((8, 3), (8, 16)): {'bw': 0}, ((8, 7), (24, 8)): {'bw': 17}, ((8, 7), (8, 3)): {'bw': 17}, ((8, 7), (3, 7)): {'bw': 17}, ((8, 7), (7, 15)): {'bw': 17}, ((9, 7), (2, 0)): {'bw': 36}, ((9, 7), (0, 1)): {'bw': 36}, ((9, 7), (1, 3)): {'bw': 36}, ((9, 7), (3, 7)): {'bw': 36}, ((9, 7), (7, 15)): {'bw': 36}}",0.0,0.0,222.0,111.0,331.0,0.0,0.0,0.0,0.0,0.0,0.0,0.0,0.0,0.0,Place Failure,78.0,"{'node_level': {'cpu': 10}, 'link_level': {}, 'path_level': {}}","{'node_level': {7: {'cpu': -36}, 2: {'cpu': -33}, 3: {'cpu': -43}, 8: {'cpu': -50}, 9: {'cpu': 0}, 6: {'cpu': 10}}, 'link_level': {(2, 7): {'bw': -93}, (3, 2): {'bw': -77}, (3, 7): {'bw': -61}, (8, 3): {'bw': -68}, (8, 7): {'bw': -44}, (9, 7): {'bw': -8}}, 'path_level': {(2, 7): {}, (3, 2): {}, (3, 7): {}, (8, 3): {}, (8, 7): {}, (9, 7): {}}}","{'node_level': {7: {'cpu': 0}, 2: {'cpu': 0}, 3: {'cpu': 0}, 8: {'cpu': 0}, 9: {'cpu': 0}, 6: {'cpu': 10}}, 'link_level': {(2, 7): {'bw': 0}, (3, 2): {'bw': 0}, (3, 7): {'bw': 0}, (8, 3): {'bw': 0}, (8, 7): {'bw': 0}, (9, 7): {'bw': 0}}, 'path_level': {(2, 7): {}, (3, 2): {}, (3, 7): {}, (8, 3): {}, (8, 7): {}, (9, 7): {}}}",[],0.0,0.0,False,True,False,0,[],0,0.0,8.0,0.0008959770202636719,5.0,6.0
175,3,1,111.0,111.0,113010.10109904812,113010.10109904812,1.0,1.0,2,329,0,4291.734082032199,5021,716,4305,0.0027855153203342198,0.009661835748792313,170,109.73408203219842,4182.0,8,13,False,{},{},{},{},0.0,0.0,0.0,0.0,0.0,0.0,0.0,0.0,0.0,0.0,0.0,0.0,0.0,0.0,Leave Event,0.0,"{'node_level': {}, 'link_level': {}, 'path_level': {}}","{'node_level': {}, 'link_level': {}, 'path_level': {}}","{'node_level': {}, 'link_level': {}, 'path_level': {}}",[],-inf,-inf,True,True,False,0,[],0,0.0,,,,
175,3,1,111.0,111.0,113010.10109904812,113010.10109904812,1.0,1.0,2,330,0,4292.222815708061,5021,716,4305,0.0027855153203342198,0.009661835748792313,148,649.2228157080609,3643.0,3,2,False,{},{},{},{},0.0,0.0,0.0,0.0,0.0,0.0,0.0,0.0,0.0,0.0,0.0,0.0,0.0,0.0,Leave Event,0.0,"{'node_level': {}, 'link_level': {}, 'path_level': {}}","{'node_level': {}, 'link_level': {}, 'path_level': {}}","{'node_level': {}, 'link_level': {}, 'path_level': {}}",[],-inf,-inf,True,True,False,0,[],0,0.0,,,,
175,3,1,111.0,111.0,113010.10109904812,113010.10109904812,1.0,1.0,2,331,0,4302.291927708988,5021,716,4305,0.0027855153203342198,0.009661835748792313,168,159.2919277089881,4143.0,8,14,False,{},{},{},{},0.0,0.0,0.0,0.0,0.0,0.0,0.0,0.0,0.0,0.0,0.0,0.0,0.0,0.0,Leave Event,0.0,"{'node_level': {}, 'link_level': {}, 'path_level': {}}","{'node_level': {}, 'link_level': {}, 'path_level': {}}","{'node_level': {}, 'link_level': {}, 'path_level': {}}",[],-inf,-inf,True,True,False,0,[],0,0.0,,,,
176,3,1,111.0,111.0,113010.10109904812,113010.10109904812,1.0,1.0,2,332,1,4312.0,5021,716,4305,0.0027855153203342198,0.009661835748792313,175,365.77267083575293,4312.0,6,6,False,"{0: 15, 3: 23, 1: 16, 5: 24}","{(3, 0): [(23, 7), (7, 15)], (1, 0): [(16, 8), (8, 3), (3, 7), (7, 15)], (5, 0): [(24, 8), (8, 3), (3, 7), (7, 15)]}","{(0, 15): {'cpu': 9}, (3, 23): {'cpu': 9}, (1, 16): {'cpu': 15}, (5, 24): {'cpu': 6}}","{((3, 0), (23, 7)): {'bw': 4}, ((3, 0), (7, 15)): {'bw': 4}, ((1, 0), (16, 8)): {'bw': 36}, ((1, 0), (8, 3)): {'bw': 36}, ((1, 0), (3, 7)): {'bw': 36}, ((1, 0), (7, 15)): {'bw': 36}, ((5, 0), (24, 8)): {'bw': 49}, ((5, 0), (8, 3)): {'bw': 49}, ((5, 0), (3, 7)): {'bw': 49}, ((5, 0), (7, 15)): {'bw': 49}}",0.0,0.0,120.0,60.0,168.0,0.0,0.0,0.0,0.0,0.0,0.0,0.0,0.0,0.0,Place Failure,126.0,"{'node_level': {'cpu': 16}, 'link_level': {}, 'path_level': {}}","{'node_level': {0: {'cpu': -45}, 3: {'cpu': -35}, 1: {'cpu': -37}, 5: {'cpu': -48}, 4: {'cpu': 16}}, 'link_level': {(3, 0): {'bw': -128}, (1, 0): {'bw': -87}, (5, 0): {'bw': -50}}, 'path_level': {(3, 0): {}, (1, 0): {}, (5, 0): {}}}","{'node_level': {0: {'cpu': 0}, 3: {'cpu': 0}, 1: {'cpu': 0}, 5: {'cpu': 0}, 4: {'cpu': 16}}, 'link_level': {(3, 0): {'bw': 0}, (1, 0): {'bw': 0}, (5, 0): {'bw': 0}}, 'path_level': {(3, 0): {}, (1, 0): {}, (5, 0): {}}}",[],-48.0,0.0,False,True,False,0,[],0,0.0,9.0,0.0007429122924804688,4.0,3.0
176,3,1,111.0,111.0,113010.10109904812,113010.10109904812,1.0,1.0,2,333,0,4329.0394296145905,5021,716,4305,0.0027855153203342198,0.009661835748792313,174,40.039429614590745,4289.0,10,17,False,{},{},{},{},0.0,0.0,0.0,0.0,0.0,0.0,0.0,0.0,0.0,0.0,0.0,0.0,0.0,0.0,Leave Event,0.0,"{'node_level': {}, 'link_level': {}, 'path_level': {}}","{'node_level': {}, 'link_level': {}, 'path_level': {}}","{'node_level': {}, 'link_level': {}, 'path_level': {}}",[],-inf,-inf,True,True,False,0,[],0,0.0,,,,
177,3,1,111.0,111.0,113010.10109904812,113010.10109904812,1.0,1.0,2,334,1,4335.0,5021,716,4305,0.0027855153203342198,0.009661835748792313,176,183.22564535018236,4335.0,8,19,False,"{0: 15, 7: 23, 2: 16}","{(7, 0): [(23, 7), (7, 15)], (2, 0): [(16, 8), (8, 3), (3, 7), (7, 15)], (2, 7): [(16, 8), (8, 3), (3, 7), (7, 23)]}","{(0, 15): {'cpu': 11}, (7, 23): {'cpu': 15}, (2, 16): {'cpu': 11}}","{((7, 0), (23, 7)): {'bw': 40}, ((7, 0), (7, 15)): {'bw': 40}, ((2, 0), (16, 8)): {'bw': 42}, ((2, 0), (8, 3)): {'bw': 42}, ((2, 0), (3, 7)): {'bw': 42}, ((2, 0), (7, 15)): {'bw': 42}, ((2, 7), (16, 8)): {'bw': 41}, ((2, 7), (8, 3)): {'bw': 41}, ((2, 7), (3, 7)): {'bw': 41}, ((2, 7), (7, 23)): {'bw': 41}}",0.0,0.0,146.0,73.0,685.0,0.0,0.0,0.0,0.0,0.0,0.0,0.0,0.0,0.0,Place Failure,204.0,"{'node_level': {'cpu': 10}, 'link_level': {}, 'path_level': {}}","{'node_level': {0: {'cpu': -43}, 7: {'cpu': -29}, 2: {'cpu': -41}, 3: {'cpu': 10}}, 'link_level': {(7, 0): {'bw': -92}, (2, 0): {'bw': -57}, (2, 7): {'bw': -40}, (3, 0): {'bw': -15}, (3, 2): {'bw': 100.0}}, 'path_level': {(7, 0): {}, (2, 0): {}, (2, 7): {}, (3, 0): {}, (3, 2): {}}}","{'node_level': {0: {'cpu': 0}, 7: {'cpu': 0}, 2: {'cpu': 0}, 3: {'cpu': 10}}, 'link_level': {(7, 0): {'bw': 0}, (2, 0): {'bw': 0}, (2, 7): {'bw': 0}, (3, 0): {'bw': 0}, (3, 2): {'bw': 100.0}}, 'path_level': {(7, 0): {}, (2, 0): {}, (2, 7): {}, (3, 0): {}, (3, 2): {}}}",[],100.0,100.0,False,False,False,0,[],0,0.0,10.0,0.0009169578552246094,3.0,3.0
177,3,1,111.0,111.0,113010.10109904812,113010.10109904812,1.0,1.0,2,335,0,4342.053225359818,5021,716,4305,0.0027855153203342198,0.009661835748792313,166,234.05322535981762,4108.0,4,4,False,{},{},{},{},0.0,0.0,0.0,0.0,0.0,0.0,0.0,0.0,0.0,0.0,0.0,0.0,0.0,0.0,Leave Event,0.0,"{'node_level': {}, 'link_level': {}, 'path_level': {}}","{'node_level': {}, 'link_level': {}, 'path_level': {}}","{'node_level': {}, 'link_level': {}, 'path_level': {}}",[],-inf,-inf,True,True,False,0,[],0,0.0,,,,
177,3,1,111.0,111.0,113010.10109904812,113010.10109904812,1.0,1.0,2,336,0,4352.011990870468,5021,716,4305,0.0027855153203342198,0.009661835748792313,99,1897.0119908704683,2455.0,4,5,False,{},{},{},{},0.0,0.0,0.0,0.0,0.0,0.0,0.0,0.0,0.0,0.0,0.0,0.0,0.0,0.0,Leave Event,0.0,"{'node_level': {}, 'link_level': {}, 'path_level': {}}","{'node_level': {}, 'link_level': {}, 'path_level': {}}","{'node_level': {}, 'link_level': {}, 'path_level': {}}",[],-inf,-inf,True,True,False,0,[],0,0.0,,,,
177,3,1,111.0,111.0,113010.10109904812,113010.10109904812,1.0,1.0,2,337,0,4362.19379674034,5021,716,4305,0.0027855153203342198,0.009661835748792313,129,1185.1937967403398,3177.0,10,23,False,{},{},{},{},0.0,0.0,0.0,0.0,0.0,0.0,0.0,0.0,0.0,0.0,0.0,0.0,0.0,0.0,Leave Event,0.0,"{'node_level': {}, 'link_level': {}, 'path_level': {}}","{'node_level': {}, 'link_level': {}, 'path_level': {}}","{'node_level': {}, 'link_level': {}, 'path_level': {}}",[],-inf,-inf,True,True,False,0,[],0,0.0,,,,
178,3,1,111.0,111.0,113010.10109904812,113010.10109904812,1.0,1.0,2,338,1,4364.0,5021,716,4305,0.0027855153203342198,0.009661835748792313,177,430.8337456953945,4364.0,7,9,False,"{5: 15, 1: 23, 3: 16, 6: 24}","{(1, 5): [(23, 7), (7, 15)], (3, 5): [(16, 8), (8, 3), (3, 7), (7, 15)], (6, 5): [(24, 8), (8, 3), (3, 7), (7, 15)]}","{(5, 15): {'cpu': 13}, (1, 23): {'cpu': 12}, (3, 16): {'cpu': 12}, (6, 24): {'cpu': 7}}","{((1, 5), (23, 7)): {'bw': 8}, ((1, 5), (7, 15)): {'bw': 8}, ((3, 5), (16, 8)): {'bw': 34}, ((3, 5), (8, 3)): {'bw': 34}, ((3, 5), (3, 7)): {'bw': 34}, ((3, 5), (7, 15)): {'bw': 34}, ((6, 5), (24, 8)): {'bw': 46}, ((6, 5), (8, 3)): {'bw': 46}, ((6, 5), (3, 7)): {'bw': 46}, ((6, 5), (7, 15)): {'bw': 46}}",0.0,0.0,130.0,65.0,242.0,0.0,0.0,0.0,0.0,0.0,0.0,0.0,0.0,0.0,Place Failure,78.0,"{'node_level': {'cpu': 2}, 'link_level': {}, 'path_level': {}}","{'node_level': {5: {'cpu': -41}, 1: {'cpu': -32}, 3: {'cpu': -40}, 6: {'cpu': -47}, 2: {'cpu': 2}}, 'link_level': {(1, 5): {'bw': -124}, (3, 5): {'bw': -89}, (6, 5): {'bw': -51}}, 'path_level': {(1, 5): {}, (3, 5): {}, (6, 5): {}}}","{'node_level': {5: {'cpu': 0}, 1: {'cpu': 0}, 3: {'cpu': 0}, 6: {'cpu': 0}, 2: {'cpu': 2}}, 'link_level': {(1, 5): {'bw': 0}, (3, 5): {'bw': 0}, (6, 5): {'bw': 0}}, 'path_level': {(1, 5): {}, (3, 5): {}, (6, 5): {}}}",[],-47.0,0.0,False,True,False,0,[],0,0.0,9.0,0.0007100105285644531,4.0,3.0
179,3,1,111.0,111.0,113010.10109904812,113010.10109904812,1.0,1.0,2,339,1,4391.0,5021,716,4305,0.0027855153203342198,0.009661835748792313,178,1602.4043762699498,4391.0,10,14,False,"{7: 15, 1: 23, 2: 16, 0: 24}","{(1, 7): [(23, 7), (7, 15)], (2, 7): [(16, 8), (8, 3), (3, 7), (7, 15)], (0, 1): [(24, 8), (8, 3), (3, 7), (7, 23)], (0, 7): [(24, 8), (8, 3), (3, 7), (7, 15)]}","{(7, 15): {'cpu': 19}, (1, 23): {'cpu': 8}, (2, 16): {'cpu': 20}, (0, 24): {'cpu': 11}}","{((1, 7), (23, 7)): {'bw': 43}, ((1, 7), (7, 15)): {'bw': 43}, ((2, 7), (16, 8)): {'bw': 29}, ((2, 7), (8, 3)): {'bw': 29}, ((2, 7), (3, 7)): {'bw': 29}, ((2, 7), (7, 15)): {'bw': 29}, ((0, 1), (24, 8)): {'bw': 32}, ((0, 1), (8, 3)): {'bw': 32}, ((0, 1), (3, 7)): {'bw': 32}, ((0, 1), (7, 23)): {'bw': 32}, ((0, 7), (24, 8)): {'bw': 37}, ((0, 7), (8, 3)): {'bw': 37}, ((0, 7), (3, 7)): {'bw': 37}, ((0, 7), (7, 15)): {'bw': 37}}",0.0,0.0,214.0,107.0,361.0,0.0,0.0,0.0,0.0,0.0,0.0,0.0,0.0,0.0,Place Failure,129.0,"{'node_level': {'cpu': 11}, 'link_level': {}, 'path_level': {}}","{'node_level': {7: {'cpu': -35}, 1: {'cpu': -36}, 2: {'cpu': -32}, 0: {'cpu': -43}, 8: {'cpu': 11}}, 'link_level': {(1, 7): {'bw': -89}, (2, 7): {'bw': -67}, (0, 1): {'bw': -57}, (0, 7): {'bw': -30}}, 'path_level': {(1, 7): {}, (2, 7): {}, (0, 1): {}, (0, 7): {}}}","{'node_level': {7: {'cpu': 0}, 1: {'cpu': 0}, 2: {'cpu': 0}, 0: {'cpu': 0}, 8: {'cpu': 11}}, 'link_level': {(1, 7): {'bw': 0}, (2, 7): {'bw': 0}, (0, 1): {'bw': 0}, (0, 7): {'bw': 0}}, 'path_level': {(1, 7): {}, (2, 7): {}, (0, 1): {}, (0, 7): {}}}",[],-30.0,0.0,False,True,False,0,[],0,0.0,9.0,0.0007650852203369141,4.0,4.0
179,3,1,111.0,111.0,113010.10109904812,113010.10109904812,1.0,1.0,2,340,0,4392.695013079976,5021,716,4305,0.0027855153203342198,0.009661835748792313,169,231.69501307997635,4161.0,5,7,False,{},{},{},{},0.0,0.0,0.0,0.0,0.0,0.0,0.0,0.0,0.0,0.0,0.0,0.0,0.0,0.0,Leave Event,0.0,"{'node_level': {}, 'link_level': {}, 'path_level': {}}","{'node_level': {}, 'link_level': {}, 'path_level': {}}","{'node_level': {}, 'link_level': {}, 'path_level': {}}",[],-inf,-inf,True,True,False,0,[],0,0.0,,,,
179,3,1,111.0,111.0,113010.10109904812,113010.10109904812,1.0,1.0,2,341,0,4399.870696500972,5021,716,4305,0.0027855153203342198,0.009661835748792313,155,574.8706965009721,3825.0,10,22,False,{},{},{},{},0.0,0.0,0.0,0.0,0.0,0.0,0.0,0.0,0.0,0.0,0.0,0.0,0.0,0.0,Leave Event,0.0,"{'node_level': {}, 'link_level': {}, 'path_level': {}}","{'node_level': {}, 'link_level': {}, 'path_level': {}}","{'node_level': {}, 'link_level': {}, 'path_level': {}}",[],-inf,-inf,True,True,False,0,[],0,0.0,,,,
180,3,1,111.0,111.0,113010.10109904812,113010.10109904812,1.0,1.0,2,342,1,4423.0,5021,716,4305,0.0027855153203342198,0.009661835748792313,179,518.6225517185468,4423.0,4,4,False,"{3: 15, 2: 23, 1: 16, 0: 24}","{(2, 3): [(23, 7), (7, 15)], (1, 3): [(16, 8), (8, 3), (3, 7), (7, 15)], (0, 1): [(24, 8), (8, 16)], (0, 2): [(24, 8), (8, 3), (3, 7), (7, 23)]}","{(3, 15): {'cpu': 11}, (2, 23): {'cpu': 8}, (1, 16): {'cpu': 1}, (0, 24): {'cpu': 1}}","{((2, 3), (23, 7)): {'bw': 30}, ((2, 3), (7, 15)): {'bw': 30}, ((1, 3), (16, 8)): {'bw': 37}, ((1, 3), (8, 3)): {'bw': 37}, ((1, 3), (3, 7)): {'bw': 37}, ((1, 3), (7, 15)): {'bw': 37}, ((0, 1), (24, 8)): {'bw': 39}, ((0, 1), (8, 16)): {'bw': 39}, ((0, 2), (24, 8)): {'bw': 43}, ((0, 2), (8, 3)): {'bw': 43}, ((0, 2), (3, 7)): {'bw': 43}, ((0, 2), (7, 23)): {'bw': 43}}",0.0,0.0,42.0,21.0,149.0,0.0,0.0,0.0,0.0,0.0,0.0,0.0,0.0,0.0,Place Failure,20.0,"{'node_level': {'cpu': -53}, 'link_level': {'bw': -27}, 'path_level': {}}","{'node_level': {3: {'cpu': -43}, 2: {'cpu': -36}, 1: {'cpu': -51}, 0: {'cpu': -53}}, 'link_level': {(2, 3): {'bw': -102}, (1, 3): {'bw': -72}, (0, 1): {'bw': -47}, (0, 2): {'bw': -27}}, 'path_level': {(2, 3): {}, (1, 3): {}, (0, 1): {}, (0, 2): {}}}","{'node_level': {3: {'cpu': 0}, 2: {'cpu': 0}, 1: {'cpu': 0}, 0: {'cpu': 0}}, 'link_level': {(2, 3): {'bw': 0}, (1, 3): {'bw': 0}, (0, 1): {'bw': 0}, (0, 2): {'bw': 0}}, 'path_level': {(2, 3): {}, (1, 3): {}, (0, 1): {}, (0, 2): {}}}",[],-27.0,0.0,False,True,False,0,[],0,0.0,6.0,0.0007379055023193359,4.0,4.0
181,3,1,111.0,111.0,113010.10109904812,113010.10109904812,1.0,1.0,2,343,1,4443.0,5021,716,4305,0.0027855153203342198,0.009661835748792313,180,18.00141464258402,4443.0,5,5,False,"{4: 15, 2: 23, 1: 16, 0: 24}","{(2, 4): [(23, 7), (7, 15)], (1, 4): [(16, 8), (8, 3), (3, 7), (7, 15)], (0, 4): [(24, 8), (8, 3), (3, 7), (7, 15)]}","{(4, 15): {'cpu': 8}, (2, 23): {'cpu': 19}, (1, 16): {'cpu': 15}, (0, 24): {'cpu': 18}}","{((2, 4), (23, 7)): {'bw': 20}, ((2, 4), (7, 15)): {'bw': 20}, ((1, 4), (16, 8)): {'bw': 48}, ((1, 4), (8, 3)): {'bw': 48}, ((1, 4), (3, 7)): {'bw': 48}, ((1, 4), (7, 15)): {'bw': 48}, ((0, 4), (24, 8)): {'bw': 29}, ((0, 4), (8, 3)): {'bw': 29}, ((0, 4), (3, 7)): {'bw': 29}, ((0, 4), (7, 15)): {'bw': 29}}",0.0,0.0,146.0,73.0,143.0,0.0,0.0,0.0,0.0,0.0,0.0,0.0,0.0,0.0,Place Failure,137.0,"{'node_level': {'cpu': 13}, 'link_level': {}, 'path_level': {}}","{'node_level': {4: {'cpu': -46}, 2: {'cpu': -25}, 1: {'cpu': -37}, 0: {'cpu': -36}, 3: {'cpu': 13}}, 'link_level': {(2, 4): {'bw': -112}, (1, 4): {'bw': -71}, (0, 4): {'bw': -42}}, 'path_level': {(2, 4): {}, (1, 4): {}, (0, 4): {}}}","{'node_level': {4: {'cpu': 0}, 2: {'cpu': 0}, 1: {'cpu': 0}, 0: {'cpu': 0}, 3: {'cpu': 13}}, 'link_level': {(2, 4): {'bw': 0}, (1, 4): {'bw': 0}, (0, 4): {'bw': 0}}, 'path_level': {(2, 4): {}, (1, 4): {}, (0, 4): {}}}",[],-36.0,0.0,False,True,False,0,[],0,0.0,9.0,0.0007517337799072266,4.0,3.0
181,3,1,111.0,111.0,113010.10109904812,113010.10109904812,1.0,1.0,2,344,0,4451.748124628795,5021,716,4305,0.0027855153203342198,0.009661835748792313,156,594.7481246287949,3857.0,10,20,False,{},{},{},{},0.0,0.0,0.0,0.0,0.0,0.0,0.0,0.0,0.0,0.0,0.0,0.0,0.0,0.0,Leave Event,0.0,"{'node_level': {}, 'link_level': {}, 'path_level': {}}","{'node_level': {}, 'link_level': {}, 'path_level': {}}","{'node_level': {}, 'link_level': {}, 'path_level': {}}",[],-inf,-inf,True,True,False,0,[],0,0.0,,,,
181,3,1,111.0,111.0,113010.10109904812,113010.10109904812,1.0,1.0,2,345,0,4461.001414642584,5021,716,4305,0.0027855153203342198,0.009661835748792313,180,18.00141464258402,4443.0,5,5,False,{},{},{},{},0.0,0.0,0.0,0.0,0.0,0.0,0.0,0.0,0.0,0.0,0.0,0.0,0.0,0.0,Leave Event,0.0,"{'node_level': {}, 'link_level': {}, 'path_level': {}}","{'node_level': {}, 'link_level': {}, 'path_level': {}}","{'node_level': {}, 'link_level': {}, 'path_level': {}}",[],-inf,-inf,True,True,False,0,[],0,0.0,,,,
182,3,1,111.0,111.0,113010.10109904812,113010.10109904812,1.0,1.0,2,346,1,4466.0,5021,716,4305,0.0027855153203342198,0.009661835748792313,181,281.41260086887553,4466.0,9,21,False,"{2: 15, 7: 23, 4: 16, 3: 24}","{(7, 2): [(23, 7), (7, 15)], (4, 2): [(16, 8), (8, 3), (3, 7), (7, 15)], (4, 7): [(16, 8), (8, 3), (3, 7), (7, 23)], (3, 2): [(24, 8), (8, 3), (3, 7), (7, 15)], (3, 4): [(24, 8), (8, 16)], (3, 7): [(24, 8), (8, 3), (3, 7), (7, 23)]}","{(2, 15): {'cpu': 20}, (7, 23): {'cpu': 15}, (4, 16): {'cpu': 11}, (3, 24): {'cpu': 13}}","{((7, 2), (23, 7)): {'bw': 28}, ((7, 2), (7, 15)): {'bw': 28}, ((4, 2), (16, 8)): {'bw': 10}, ((4, 2), (8, 3)): {'bw': 10}, ((4, 2), (3, 7)): {'bw': 10}, ((4, 2), (7, 15)): {'bw': 10}, ((4, 7), (16, 8)): {'bw': 40}, ((4, 7), (8, 3)): {'bw': 40}, ((4, 7), (3, 7)): {'bw': 40}, ((4, 7), (7, 23)): {'bw': 40}, ((3, 2), (24, 8)): {'bw': 44}, ((3, 2), (8, 3)): {'bw': 44}, ((3, 2), (3, 7)): {'bw': 44}, ((3, 2), (7, 15)): {'bw': 44}, ((3, 4), (24, 8)): {'bw': 31}, ((3, 4), (8, 16)): {'bw': 31}, ((3, 7), (24, 8)): {'bw': 13}, ((3, 7), (8, 3)): {'bw': 13}, ((3, 7), (3, 7)): {'bw': 13}, ((3, 7), (7, 23)): {'bw': 13}}",0.0,0.0,222.0,111.0,541.0,0.0,0.0,0.0,0.0,0.0,0.0,0.0,0.0,0.0,Place Failure,134.0,"{'node_level': {'cpu': 20}, 'link_level': {}, 'path_level': {}}","{'node_level': {2: {'cpu': -34}, 7: {'cpu': -29}, 4: {'cpu': -41}, 3: {'cpu': -41}, 5: {'cpu': 20}}, 'link_level': {(7, 2): {'bw': -104}, (4, 2): {'bw': -101}, (4, 7): {'bw': -64}, (3, 2): {'bw': -57}, (3, 4): {'bw': -34}, (3, 7): {'bw': -21}}, 'path_level': {(7, 2): {}, (4, 2): {}, (4, 7): {}, (3, 2): {}, (3, 4): {}, (3, 7): {}}}","{'node_level': {2: {'cpu': 0}, 7: {'cpu': 0}, 4: {'cpu': 0}, 3: {'cpu': 0}, 5: {'cpu': 20}}, 'link_level': {(7, 2): {'bw': 0}, (4, 2): {'bw': 0}, (4, 7): {'bw': 0}, (3, 2): {'bw': 0}, (3, 4): {'bw': 0}, (3, 7): {'bw': 0}}, 'path_level': {(7, 2): {}, (4, 2): {}, (4, 7): {}, (3, 2): {}, (3, 4): {}, (3, 7): {}}}",[],-21.0,0.0,False,True,False,0,[],0,0.0,9.0,0.0008289813995361328,4.0,6.0
183,3,1,111.0,111.0,113010.10109904812,113010.10109904812,1.0,1.0,2,347,1,4491.0,5021,716,4305,0.0027855153203342198,0.009661835748792313,182,356.6921404775624,4491.0,7,13,False,"{6: 15, 1: 23, 2: 16, 5: 24}","{(1, 6): [(23, 7), (7, 15)], (2, 1): [(16, 8), (8, 3), (3, 7), (7, 23)], (2, 6): [(16, 8), (8, 3), (3, 7), (7, 15)], (5, 1): [(24, 8), (8, 3), (3, 7), (7, 23)], (5, 2): [(24, 8), (8, 16)], (5, 6): [(24, 8), (8, 3), (3, 7), (7, 15)]}","{(6, 15): {'cpu': 17}, (1, 23): {'cpu': 16}, (2, 16): {'cpu': 18}, (5, 24): {'cpu': 10}}","{((1, 6), (23, 7)): {'bw': 33}, ((1, 6), (7, 15)): {'bw': 33}, ((2, 1), (16, 8)): {'bw': 17}, ((2, 1), (8, 3)): {'bw': 17}, ((2, 1), (3, 7)): {'bw': 17}, ((2, 1), (7, 23)): {'bw': 17}, ((2, 6), (16, 8)): {'bw': 1}, ((2, 6), (8, 3)): {'bw': 1}, ((2, 6), (3, 7)): {'bw': 1}, ((2, 6), (7, 15)): {'bw': 1}, ((5, 1), (24, 8)): {'bw': 3}, ((5, 1), (8, 3)): {'bw': 3}, ((5, 1), (3, 7)): {'bw': 3}, ((5, 1), (7, 23)): {'bw': 3}, ((5, 2), (24, 8)): {'bw': 25}, ((5, 2), (8, 16)): {'bw': 25}, ((5, 6), (24, 8)): {'bw': 39}, ((5, 6), (8, 3)): {'bw': 39}, ((5, 6), (3, 7)): {'bw': 39}, ((5, 6), (7, 15)): {'bw': 39}}",0.0,0.0,170.0,85.0,346.0,0.0,0.0,0.0,0.0,0.0,0.0,0.0,0.0,0.0,Place Failure,113.0,"{'node_level': {'cpu': 3}, 'link_level': {}, 'path_level': {}}","{'node_level': {6: {'cpu': -37}, 1: {'cpu': -28}, 2: {'cpu': -34}, 5: {'cpu': -44}, 4: {'cpu': 3}}, 'link_level': {(1, 6): {'bw': -99}, (2, 1): {'bw': -82}, (2, 6): {'bw': -105}, (5, 1): {'bw': -79}, (5, 2): {'bw': -80}, (5, 6): {'bw': -42}}, 'path_level': {(1, 6): {}, (2, 1): {}, (2, 6): {}, (5, 1): {}, (5, 2): {}, (5, 6): {}}}","{'node_level': {6: {'cpu': 0}, 1: {'cpu': 0}, 2: {'cpu': 0}, 5: {'cpu': 0}, 4: {'cpu': 3}}, 'link_level': {(1, 6): {'bw': 0}, (2, 1): {'bw': 0}, (2, 6): {'bw': 0}, (5, 1): {'bw': 0}, (5, 2): {'bw': 0}, (5, 6): {'bw': 0}}, 'path_level': {(1, 6): {}, (2, 1): {}, (2, 6): {}, (5, 1): {}, (5, 2): {}, (5, 6): {}}}",[],-42.0,0.0,False,True,False,0,[],0,0.0,9.0,0.0008258819580078125,4.0,6.0
184,3,1,111.0,111.0,113010.10109904812,113010.10109904812,1.0,1.0,2,348,1,4506.0,5021,716,4305,0.0027855153203342198,0.009661835748792313,183,384.1266658141331,4506.0,5,5,False,"{3: 15, 2: 23, 1: 16, 0: 24}","{(2, 3): [(23, 7), (7, 15)], (1, 3): [(16, 8), (8, 3), (3, 7), (7, 15)], (0, 2): [(24, 8), (8, 3), (3, 7), (7, 23)]}","{(3, 15): {'cpu': 15}, (2, 23): {'cpu': 9}, (1, 16): {'cpu': 18}, (0, 24): {'cpu': 8}}","{((2, 3), (23, 7)): {'bw': 15}, ((2, 3), (7, 15)): {'bw': 15}, ((1, 3), (16, 8)): {'bw': 38}, ((1, 3), (8, 3)): {'bw': 38}, ((1, 3), (3, 7)): {'bw': 38}, ((1, 3), (7, 15)): {'bw': 38}, ((0, 2), (24, 8)): {'bw': 41}, ((0, 2), (8, 3)): {'bw': 41}, ((0, 2), (3, 7)): {'bw': 41}, ((0, 2), (7, 23)): {'bw': 41}}",0.0,0.0,102.0,51.0,134.0,0.0,0.0,0.0,0.0,0.0,0.0,0.0,0.0,0.0,Place Failure,93.0,"{'node_level': {'cpu': 1}, 'link_level': {}, 'path_level': {}}","{'node_level': {3: {'cpu': -39}, 2: {'cpu': -35}, 1: {'cpu': -34}, 0: {'cpu': -46}, 4: {'cpu': 1}}, 'link_level': {(2, 3): {'bw': -117}, (1, 3): {'bw': -85}, (0, 2): {'bw': -68}}, 'path_level': {(2, 3): {}, (1, 3): {}, (0, 2): {}}}","{'node_level': {3: {'cpu': 0}, 2: {'cpu': 0}, 1: {'cpu': 0}, 0: {'cpu': 0}, 4: {'cpu': 1}}, 'link_level': {(2, 3): {'bw': 0}, (1, 3): {'bw': 0}, (0, 2): {'bw': 0}}, 'path_level': {(2, 3): {}, (1, 3): {}, (0, 2): {}}}",[],-46.0,0.0,False,True,False,0,[],0,0.0,9.0,0.0007669925689697266,4.0,3.0
184,3,1,111.0,111.0,113010.10109904812,113010.10109904812,1.0,1.0,2,349,0,4518.225645350182,5021,716,4305,0.0027855153203342198,0.009661835748792313,176,183.22564535018236,4335.0,8,19,False,{},{},{},{},0.0,0.0,0.0,0.0,0.0,0.0,0.0,0.0,0.0,0.0,0.0,0.0,0.0,0.0,Leave Event,0.0,"{'node_level': {}, 'link_level': {}, 'path_level': {}}","{'node_level': {}, 'link_level': {}, 'path_level': {}}","{'node_level': {}, 'link_level': {}, 'path_level': {}}",[],-inf,-inf,True,True,False,0,[],0,0.0,,,,
184,3,1,111.0,111.0,113010.10109904812,113010.10109904812,1.0,1.0,2,350,0,4523.959646548573,5021,716,4305,0.0027855153203342198,0.009661835748792313,171,307.9596465485727,4216.0,7,12,False,{},{},{},{},0.0,0.0,0.0,0.0,0.0,0.0,0.0,0.0,0.0,0.0,0.0,0.0,0.0,0.0,Leave Event,0.0,"{'node_level': {}, 'link_level': {}, 'path_level': {}}","{'node_level': {}, 'link_level': {}, 'path_level': {}}","{'node_level': {}, 'link_level': {}, 'path_level': {}}",[],-inf,-inf,True,True,False,0,[],0,0.0,,,,
185,3,1,111.0,111.0,113010.10109904812,113010.10109904812,1.0,1.0,2,351,1,4540.0,5021,716,4305,0.0027855153203342198,0.009661835748792313,184,571.8976872877207,4540.0,6,10,False,"{0: 15, 4: 23, 3: 16, 5: 24}","{(4, 0): [(23, 7), (7, 15)], (3, 0): [(16, 8), (8, 3), (3, 7), (7, 15)], (3, 4): [(16, 8), (8, 3), (3, 7), (7, 23)], (5, 0): [(24, 8), (8, 3), (3, 7), (7, 15)], (5, 4): [(24, 8), (8, 3), (3, 7), (7, 23)]}","{(0, 15): {'cpu': 18}, (4, 23): {'cpu': 8}, (3, 16): {'cpu': 14}, (5, 24): {'cpu': 4}}","{((4, 0), (23, 7)): {'bw': 45}, ((4, 0), (7, 15)): {'bw': 45}, ((3, 0), (16, 8)): {'bw': 21}, ((3, 0), (8, 3)): {'bw': 21}, ((3, 0), (3, 7)): {'bw': 21}, ((3, 0), (7, 15)): {'bw': 21}, ((3, 4), (16, 8)): {'bw': 37}, ((3, 4), (8, 3)): {'bw': 37}, ((3, 4), (3, 7)): {'bw': 37}, ((3, 4), (7, 23)): {'bw': 37}, ((5, 0), (24, 8)): {'bw': 28}, ((5, 0), (8, 3)): {'bw': 28}, ((5, 0), (3, 7)): {'bw': 28}, ((5, 0), (7, 15)): {'bw': 28}, ((5, 4), (24, 8)): {'bw': 50}, ((5, 4), (8, 3)): {'bw': 50}, ((5, 4), (3, 7)): {'bw': 50}, ((5, 4), (7, 23)): {'bw': 50}}",0.0,0.0,116.0,58.0,313.0,0.0,0.0,0.0,0.0,0.0,0.0,0.0,0.0,0.0,Place Failure,75.0,"{'node_level': {'cpu': 1}, 'link_level': {}, 'path_level': {}}","{'node_level': {0: {'cpu': -36}, 4: {'cpu': -36}, 3: {'cpu': -38}, 5: {'cpu': -50}, 2: {'cpu': 1}}, 'link_level': {(4, 0): {'bw': -87}, (3, 0): {'bw': -73}, (3, 4): {'bw': -50}, (5, 0): {'bw': -45}, (5, 4): {'bw': 0}}, 'path_level': {(4, 0): {}, (3, 0): {}, (3, 4): {}, (5, 0): {}, (5, 4): {}}}","{'node_level': {0: {'cpu': 0}, 4: {'cpu': 0}, 3: {'cpu': 0}, 5: {'cpu': 0}, 2: {'cpu': 1}}, 'link_level': {(4, 0): {'bw': 0}, (3, 0): {'bw': 0}, (3, 4): {'bw': 0}, (5, 0): {'bw': 0}, (5, 4): {'bw': 0}}, 'path_level': {(4, 0): {}, (3, 0): {}, (3, 4): {}, (5, 0): {}, (5, 4): {}}}",[],0.0,0.0,False,True,False,0,[],0,0.0,9.0,0.0007822513580322266,4.0,5.0
185,3,1,111.0,111.0,113010.10109904812,113010.10109904812,1.0,1.0,2,352,0,4569.880321126444,5021,716,4305,0.0027855153203342198,0.009661835748792313,167,442.88032112644396,4127.0,5,4,False,{},{},{},{},0.0,0.0,0.0,0.0,0.0,0.0,0.0,0.0,0.0,0.0,0.0,0.0,0.0,0.0,Leave Event,0.0,"{'node_level': {}, 'link_level': {}, 'path_level': {}}","{'node_level': {}, 'link_level': {}, 'path_level': {}}","{'node_level': {}, 'link_level': {}, 'path_level': {}}",[],-inf,-inf,True,True,False,0,[],0,0.0,,,,
186,3,1,111.0,111.0,113010.10109904812,113010.10109904812,1.0,1.0,2,353,1,4571.0,5021,716,4305,0.0027855153203342198,0.009661835748792313,185,162.58543754149804,4571.0,7,8,False,"{3: 15, 2: 23, 6: 16, 0: 24}","{(2, 3): [(23, 7), (7, 15)], (6, 3): [(16, 8), (8, 3), (3, 7), (7, 15)], (0, 3): [(24, 8), (8, 3), (3, 7), (7, 15)], (0, 6): [(24, 8), (8, 16)]}","{(3, 15): {'cpu': 8}, (2, 23): {'cpu': 20}, (6, 16): {'cpu': 7}, (0, 24): {'cpu': 9}}","{((2, 3), (23, 7)): {'bw': 10}, ((2, 3), (7, 15)): {'bw': 10}, ((6, 3), (16, 8)): {'bw': 33}, ((6, 3), (8, 3)): {'bw': 33}, ((6, 3), (3, 7)): {'bw': 33}, ((6, 3), (7, 15)): {'bw': 33}, ((0, 3), (24, 8)): {'bw': 26}, ((0, 3), (8, 3)): {'bw': 26}, ((0, 3), (3, 7)): {'bw': 26}, ((0, 3), (7, 15)): {'bw': 26}, ((0, 6), (24, 8)): {'bw': 29}, ((0, 6), (8, 16)): {'bw': 29}}",0.0,0.0,144.0,72.0,209.0,0.0,0.0,0.0,0.0,0.0,0.0,0.0,0.0,0.0,Place Failure,92.0,"{'node_level': {'cpu': 8}, 'link_level': {}, 'path_level': {}}","{'node_level': {3: {'cpu': -46}, 2: {'cpu': -24}, 6: {'cpu': -45}, 0: {'cpu': -45}, 4: {'cpu': 8}}, 'link_level': {(2, 3): {'bw': -122}, (6, 3): {'bw': -90}, (0, 3): {'bw': -70}, (0, 6): {'bw': -54}}, 'path_level': {(2, 3): {}, (6, 3): {}, (0, 3): {}, (0, 6): {}}}","{'node_level': {3: {'cpu': 0}, 2: {'cpu': 0}, 6: {'cpu': 0}, 0: {'cpu': 0}, 4: {'cpu': 8}}, 'link_level': {(2, 3): {'bw': 0}, (6, 3): {'bw': 0}, (0, 3): {'bw': 0}, (0, 6): {'bw': 0}}, 'path_level': {(2, 3): {}, (6, 3): {}, (0, 3): {}, (0, 6): {}}}",[],-45.0,0.0,False,True,False,0,[],0,0.0,9.0,0.0007441043853759766,4.0,4.0
187,3,1,111.0,111.0,113010.10109904812,113010.10109904812,1.0,1.0,2,354,1,4590.0,5021,716,4305,0.0027855153203342198,0.009661835748792313,186,68.97661468471253,4590.0,5,4,False,"{3: 15, 1: 23, 4: 16, 0: 24}","{(1, 3): [(23, 7), (7, 15)], (4, 3): [(16, 8), (8, 3), (3, 7), (7, 15)], (0, 4): [(24, 8), (8, 16)]}","{(3, 15): {'cpu': 5}, (1, 23): {'cpu': 19}, (4, 16): {'cpu': 4}, (0, 24): {'cpu': 6}}","{((1, 3), (23, 7)): {'bw': 40}, ((1, 3), (7, 15)): {'bw': 40}, ((4, 3), (16, 8)): {'bw': 16}, ((4, 3), (8, 3)): {'bw': 16}, ((4, 3), (3, 7)): {'bw': 16}, ((4, 3), (7, 15)): {'bw': 16}, ((0, 4), (24, 8)): {'bw': 40}, ((0, 4), (8, 16)): {'bw': 40}}",0.0,0.0,80.0,40.0,98.0,0.0,0.0,0.0,0.0,0.0,0.0,0.0,0.0,0.0,Place Failure,72.0,"{'node_level': {'cpu': 6}, 'link_level': {}, 'path_level': {}}","{'node_level': {3: {'cpu': -49}, 1: {'cpu': -25}, 4: {'cpu': -48}, 0: {'cpu': -48}, 2: {'cpu': 6}}, 'link_level': {(1, 3): {'bw': -92}, (4, 3): {'bw': -83}, (0, 4): {'bw': -67}}, 'path_level': {(1, 3): {}, (4, 3): {}, (0, 4): {}}}","{'node_level': {3: {'cpu': 0}, 1: {'cpu': 0}, 4: {'cpu': 0}, 0: {'cpu': 0}, 2: {'cpu': 6}}, 'link_level': {(1, 3): {'bw': 0}, (4, 3): {'bw': 0}, (0, 4): {'bw': 0}}, 'path_level': {(1, 3): {}, (4, 3): {}, (0, 4): {}}}",[],-48.0,0.0,False,True,False,0,[],0,0.0,9.0,0.0006949901580810547,4.0,3.0
187,3,1,111.0,111.0,113010.10109904812,113010.10109904812,1.0,1.0,2,355,0,4595.00668514817,5021,716,4305,0.0027855153203342198,0.009661835748792313,162,597.0066851481693,3998.0,8,11,False,{},{},{},{},0.0,0.0,0.0,0.0,0.0,0.0,0.0,0.0,0.0,0.0,0.0,0.0,0.0,0.0,Leave Event,0.0,"{'node_level': {}, 'link_level': {}, 'path_level': {}}","{'node_level': {}, 'link_level': {}, 'path_level': {}}","{'node_level': {}, 'link_level': {}, 'path_level': {}}",[],-inf,-inf,True,True,False,0,[],0,0.0,,,,
187,3,1,111.0,111.0,113010.10109904812,113010.10109904812,1.0,1.0,2,356,0,4607.028791252219,5021,716,4305,0.0027855153203342198,0.009661835748792313,147,985.0287912522191,3622.0,5,4,False,{},{},{},{},0.0,0.0,0.0,0.0,0.0,0.0,0.0,0.0,0.0,0.0,0.0,0.0,0.0,0.0,Leave Event,0.0,"{'node_level': {}, 'link_level': {}, 'path_level': {}}","{'node_level': {}, 'link_level': {}, 'path_level': {}}","{'node_level': {}, 'link_level': {}, 'path_level': {}}",[],-inf,-inf,True,True,False,0,[],0,0.0,,,,
188,3,1,111.0,111.0,113010.10109904812,113010.10109904812,1.0,1.0,2,357,1,4608.0,5021,716,4305,0.0027855153203342198,0.009661835748792313,187,249.34616254463901,4608.0,5,6,False,"{3: 15, 2: 23, 0: 16, 4: 24}","{(2, 3): [(23, 7), (7, 15)], (0, 3): [(16, 8), (8, 3), (3, 7), (7, 15)], (4, 0): [(24, 8), (8, 16)], (4, 3): [(24, 8), (8, 3), (3, 7), (7, 15)]}","{(3, 15): {'cpu': 9}, (2, 23): {'cpu': 20}, (0, 16): {'cpu': 7}, (4, 24): {'cpu': 6}}","{((2, 3), (23, 7)): {'bw': 20}, ((2, 3), (7, 15)): {'bw': 20}, ((0, 3), (16, 8)): {'bw': 39}, ((0, 3), (8, 3)): {'bw': 39}, ((0, 3), (3, 7)): {'bw': 39}, ((0, 3), (7, 15)): {'bw': 39}, ((4, 0), (24, 8)): {'bw': 24}, ((4, 0), (8, 16)): {'bw': 24}, ((4, 3), (24, 8)): {'bw': 18}, ((4, 3), (8, 3)): {'bw': 18}, ((4, 3), (3, 7)): {'bw': 18}, ((4, 3), (7, 15)): {'bw': 18}}",0.0,0.0,100.0,50.0,146.0,0.0,0.0,0.0,0.0,0.0,0.0,0.0,0.0,0.0,Place Failure,92.0,"{'node_level': {'cpu': 8}, 'link_level': {}, 'path_level': {}}","{'node_level': {3: {'cpu': -45}, 2: {'cpu': -24}, 0: {'cpu': -45}, 4: {'cpu': -48}, 1: {'cpu': 8}}, 'link_level': {(2, 3): {'bw': -112}, (0, 3): {'bw': -80}, (4, 0): {'bw': -60}, (4, 3): {'bw': -62}}, 'path_level': {(2, 3): {}, (0, 3): {}, (4, 0): {}, (4, 3): {}}}","{'node_level': {3: {'cpu': 0}, 2: {'cpu': 0}, 0: {'cpu': 0}, 4: {'cpu': 0}, 1: {'cpu': 8}}, 'link_level': {(2, 3): {'bw': 0}, (0, 3): {'bw': 0}, (4, 0): {'bw': 0}, (4, 3): {'bw': 0}}, 'path_level': {(2, 3): {}, (0, 3): {}, (4, 0): {}, (4, 3): {}}}",[],-48.0,0.0,False,True,False,0,[],0,0.0,9.0,0.0007150173187255859,4.0,4.0
189,3,1,111.0,111.0,113010.10109904812,113010.10109904812,1.0,1.0,2,358,1,4635.0,5021,716,4305,0.0027855153203342198,0.009661835748792313,188,1566.4146970149457,4635.0,9,19,False,"{2: 15, 8: 23, 4: 16, 7: 24}","{(8, 2): [(23, 7), (7, 15)], (4, 2): [(16, 8), (8, 3), (3, 7), (7, 15)], (4, 8): [(16, 8), (8, 3), (3, 7), (7, 23)], (7, 2): [(24, 8), (8, 3), (3, 7), (7, 15)], (7, 4): [(24, 8), (8, 16)], (7, 8): [(24, 8), (8, 3), (3, 7), (7, 23)]}","{(2, 15): {'cpu': 20}, (8, 23): {'cpu': 18}, (4, 16): {'cpu': 12}, (7, 24): {'cpu': 2}}","{((8, 2), (23, 7)): {'bw': 22}, ((8, 2), (7, 15)): {'bw': 22}, ((4, 2), (16, 8)): {'bw': 38}, ((4, 2), (8, 3)): {'bw': 38}, ((4, 2), (3, 7)): {'bw': 38}, ((4, 2), (7, 15)): {'bw': 38}, ((4, 8), (16, 8)): {'bw': 27}, ((4, 8), (8, 3)): {'bw': 27}, ((4, 8), (3, 7)): {'bw': 27}, ((4, 8), (7, 23)): {'bw': 27}, ((7, 2), (24, 8)): {'bw': 41}, ((7, 2), (8, 3)): {'bw': 41}, ((7, 2), (3, 7)): {'bw': 41}, ((7, 2), (7, 15)): {'bw': 41}, ((7, 4), (24, 8)): {'bw': 40}, ((7, 4), (8, 16)): {'bw': 40}, ((7, 8), (24, 8)): {'bw': 21}, ((7, 8), (8, 3)): {'bw': 21}, ((7, 8), (3, 7)): {'bw': 21}, ((7, 8), (7, 23)): {'bw': 21}}",0.0,0.0,154.0,77.0,402.0,0.0,0.0,0.0,0.0,0.0,0.0,0.0,0.0,0.0,Place Failure,93.0,"{'node_level': {'cpu': 3}, 'link_level': {}, 'path_level': {}}","{'node_level': {2: {'cpu': -34}, 8: {'cpu': -26}, 4: {'cpu': -40}, 7: {'cpu': -52}, 0: {'cpu': 3}}, 'link_level': {(8, 2): {'bw': -110}, (4, 2): {'bw': -79}, (4, 8): {'bw': -58}, (7, 2): {'bw': -38}, (7, 4): {'bw': -18}, (7, 8): {'bw': -7}}, 'path_level': {(8, 2): {}, (4, 2): {}, (4, 8): {}, (7, 2): {}, (7, 4): {}, (7, 8): {}}}","{'node_level': {2: {'cpu': 0}, 8: {'cpu': 0}, 4: {'cpu': 0}, 7: {'cpu': 0}, 0: {'cpu': 3}}, 'link_level': {(8, 2): {'bw': 0}, (4, 2): {'bw': 0}, (4, 8): {'bw': 0}, (7, 2): {'bw': 0}, (7, 4): {'bw': 0}, (7, 8): {'bw': 0}}, 'path_level': {(8, 2): {}, (4, 2): {}, (4, 8): {}, (7, 2): {}, (7, 4): {}, (7, 8): {}}}",[],-7.0,0.0,False,True,False,0,[],0,0.0,9.0,0.0008127689361572266,4.0,6.0
189,3,1,111.0,111.0,113010.10109904812,113010.10109904812,1.0,1.0,2,359,0,4658.976614684712,5021,716,4305,0.0027855153203342198,0.009661835748792313,186,68.97661468471253,4590.0,5,4,False,{},{},{},{},0.0,0.0,0.0,0.0,0.0,0.0,0.0,0.0,0.0,0.0,0.0,0.0,0.0,0.0,Leave Event,0.0,"{'node_level': {}, 'link_level': {}, 'path_level': {}}","{'node_level': {}, 'link_level': {}, 'path_level': {}}","{'node_level': {}, 'link_level': {}, 'path_level': {}}",[],-inf,-inf,True,True,False,0,[],0,0.0,,,,
190,3,1,111.0,111.0,113010.10109904812,113010.10109904812,1.0,1.0,2,360,1,4660.0,5021,716,4305,0.0027855153203342198,0.009661835748792313,189,103.59259042974699,4660.0,9,20,False,"{5: 15, 4: 23, 8: 16}","{(4, 5): [(23, 7), (7, 15)], (8, 5): [(16, 8), (8, 3), (3, 7), (7, 15)]}","{(5, 15): {'cpu': 11}, (4, 23): {'cpu': 16}, (8, 16): {'cpu': 11}}","{((4, 5), (23, 7)): {'bw': 49}, ((4, 5), (7, 15)): {'bw': 49}, ((8, 5), (16, 8)): {'bw': 0}, ((8, 5), (8, 3)): {'bw': 0}, ((8, 5), (3, 7)): {'bw': 0}, ((8, 5), (7, 15)): {'bw': 0}}",0.0,0.0,142.0,71.0,450.0,0.0,0.0,0.0,0.0,0.0,0.0,0.0,0.0,0.0,Place Failure,191.0,"{'node_level': {'cpu': 5}, 'link_level': {}, 'path_level': {}}","{'node_level': {5: {'cpu': -43}, 4: {'cpu': -28}, 8: {'cpu': -41}, 6: {'cpu': 5}}, 'link_level': {(4, 5): {'bw': -83}, (8, 5): {'bw': -90}, (6, 4): {'bw': -67}, (6, 5): {'bw': -42}, (6, 8): {'bw': 100.0}}, 'path_level': {(4, 5): {}, (8, 5): {}, (6, 4): {}, (6, 5): {}, (6, 8): {}}}","{'node_level': {5: {'cpu': 0}, 4: {'cpu': 0}, 8: {'cpu': 0}, 6: {'cpu': 5}}, 'link_level': {(4, 5): {'bw': 0}, (8, 5): {'bw': 0}, (6, 4): {'bw': 0}, (6, 5): {'bw': 0}, (6, 8): {'bw': 100.0}}, 'path_level': {(4, 5): {}, (8, 5): {}, (6, 4): {}, (6, 5): {}, (6, 8): {}}}",[],100.0,100.0,False,False,False,0,[],0,0.0,10.0,0.0007960796356201172,3.0,2.0
191,3,1,111.0,111.0,113010.10109904812,113010.10109904812,1.0,1.0,2,361,1,4674.0,5021,716,4305,0.0027855153203342198,0.009661835748792313,190,1171.619982657898,4674.0,5,5,False,"{1: 15, 4: 23, 0: 16, 3: 24}","{(4, 1): [(23, 7), (7, 15)], (0, 1): [(16, 8), (8, 3), (3, 7), (7, 15)], (3, 1): [(24, 8), (8, 3), (3, 7), (7, 15)], (3, 4): [(24, 8), (8, 3), (3, 7), (7, 23)]}","{(1, 15): {'cpu': 6}, (4, 23): {'cpu': 8}, (0, 16): {'cpu': 1}, (3, 24): {'cpu': 0}}","{((4, 1), (23, 7)): {'bw': 4}, ((4, 1), (7, 15)): {'bw': 4}, ((0, 1), (16, 8)): {'bw': 24}, ((0, 1), (8, 3)): {'bw': 24}, ((0, 1), (3, 7)): {'bw': 24}, ((0, 1), (7, 15)): {'bw': 24}, ((3, 1), (24, 8)): {'bw': 11}, ((3, 1), (8, 3)): {'bw': 11}, ((3, 1), (3, 7)): {'bw': 11}, ((3, 1), (7, 15)): {'bw': 11}, ((3, 4), (24, 8)): {'bw': 37}, ((3, 4), (8, 3)): {'bw': 37}, ((3, 4), (3, 7)): {'bw': 37}, ((3, 4), (7, 23)): {'bw': 37}}",0.0,0.0,70.0,35.0,82.0,0.0,0.0,0.0,0.0,0.0,0.0,0.0,0.0,0.0,Place Failure,80.0,"{'node_level': {'cpu': 20}, 'link_level': {}, 'path_level': {}}","{'node_level': {1: {'cpu': -48}, 4: {'cpu': -36}, 0: {'cpu': -51}, 3: {'cpu': -54}, 2: {'cpu': 20}}, 'link_level': {(4, 1): {'bw': -128}, (0, 1): {'bw': -99}, (3, 1): {'bw': -98}, (3, 4): {'bw': -61}}, 'path_level': {(4, 1): {}, (0, 1): {}, (3, 1): {}, (3, 4): {}}}","{'node_level': {1: {'cpu': 0}, 4: {'cpu': 0}, 0: {'cpu': 0}, 3: {'cpu': 0}, 2: {'cpu': 20}}, 'link_level': {(4, 1): {'bw': 0}, (0, 1): {'bw': 0}, (3, 1): {'bw': 0}, (3, 4): {'bw': 0}}, 'path_level': {(4, 1): {}, (0, 1): {}, (3, 1): {}, (3, 4): {}}}",[],-54.0,0.0,False,True,False,0,[],0,0.0,9.0,0.0007288455963134766,4.0,4.0
191,3,1,111.0,111.0,113010.10109904812,113010.10109904812,1.0,1.0,2,362,0,4677.772670835753,5021,716,4305,0.0027855153203342198,0.009661835748792313,175,365.77267083575293,4312.0,6,6,False,{},{},{},{},0.0,0.0,0.0,0.0,0.0,0.0,0.0,0.0,0.0,0.0,0.0,0.0,0.0,0.0,Leave Event,0.0,"{'node_level': {}, 'link_level': {}, 'path_level': {}}","{'node_level': {}, 'link_level': {}, 'path_level': {}}","{'node_level': {}, 'link_level': {}, 'path_level': {}}",[],-inf,-inf,True,True,False,0,[],0,0.0,,,,
192,3,1,111.0,111.0,113010.10109904812,113010.10109904812,1.0,1.0,2,363,1,4702.0,5021,716,4305,0.0027855153203342198,0.009661835748792313,191,392.41850595580763,4702.0,4,3,False,"{2: 15, 0: 23, 3: 16, 1: 24}","{(0, 2): [(23, 7), (7, 15)], (3, 2): [(16, 8), (8, 3), (3, 7), (7, 15)], (1, 2): [(24, 8), (8, 3), (3, 7), (7, 15)]}","{(2, 15): {'cpu': 10}, (0, 23): {'cpu': 7}, (3, 16): {'cpu': 5}, (1, 24): {'cpu': 19}}","{((0, 2), (23, 7)): {'bw': 37}, ((0, 2), (7, 15)): {'bw': 37}, ((3, 2), (16, 8)): {'bw': 42}, ((3, 2), (8, 3)): {'bw': 42}, ((3, 2), (3, 7)): {'bw': 42}, ((3, 2), (7, 15)): {'bw': 42}, ((1, 2), (24, 8)): {'bw': 4}, ((1, 2), (8, 3)): {'bw': 4}, ((1, 2), (3, 7)): {'bw': 4}, ((1, 2), (7, 15)): {'bw': 4}}",0.0,0.0,82.0,41.0,83.0,0.0,0.0,0.0,0.0,0.0,0.0,0.0,0.0,0.0,Place Failure,34.0,"{'node_level': {'cpu': -35}, 'link_level': {'bw': -56}, 'path_level': {}}","{'node_level': {2: {'cpu': -44}, 0: {'cpu': -37}, 3: {'cpu': -47}, 1: {'cpu': -35}}, 'link_level': {(0, 2): {'bw': -95}, (3, 2): {'bw': -60}, (1, 2): {'bw': -56}}, 'path_level': {(0, 2): {}, (3, 2): {}, (1, 2): {}}}","{'node_level': {2: {'cpu': 0}, 0: {'cpu': 0}, 3: {'cpu': 0}, 1: {'cpu': 0}}, 'link_level': {(0, 2): {'bw': 0}, (3, 2): {'bw': 0}, (1, 2): {'bw': 0}}, 'path_level': {(0, 2): {}, (3, 2): {}, (1, 2): {}}}",[],-35.0,0.0,False,True,False,0,[],0,0.0,6.0,0.0007109642028808594,4.0,3.0
193,3,1,111.0,111.0,113010.10109904812,113010.10109904812,1.0,1.0,2,364,1,4721.0,5021,716,4305,0.0027855153203342198,0.009661835748792313,192,305.2414223139469,4721.0,5,5,False,"{0: 15, 2: 23, 4: 16, 1: 24}","{(2, 0): [(23, 7), (7, 15)], (4, 0): [(16, 8), (8, 3), (3, 7), (7, 15)], (1, 2): [(24, 8), (8, 3), (3, 7), (7, 23)]}","{(0, 15): {'cpu': 12}, (2, 23): {'cpu': 5}, (4, 16): {'cpu': 11}, (1, 24): {'cpu': 16}}","{((2, 0), (23, 7)): {'bw': 22}, ((2, 0), (7, 15)): {'bw': 22}, ((4, 0), (16, 8)): {'bw': 42}, ((4, 0), (8, 3)): {'bw': 42}, ((4, 0), (3, 7)): {'bw': 42}, ((4, 0), (7, 15)): {'bw': 42}, ((1, 2), (24, 8)): {'bw': 39}, ((1, 2), (8, 3)): {'bw': 39}, ((1, 2), (3, 7)): {'bw': 39}, ((1, 2), (7, 23)): {'bw': 39}}",0.0,0.0,114.0,57.0,127.0,0.0,0.0,0.0,0.0,0.0,0.0,0.0,0.0,0.0,Place Failure,93.0,"{'node_level': {'cpu': 13}, 'link_level': {}, 'path_level': {}}","{'node_level': {0: {'cpu': -42}, 2: {'cpu': -39}, 4: {'cpu': -41}, 1: {'cpu': -38}, 3: {'cpu': 13}}, 'link_level': {(2, 0): {'bw': -110}, (4, 0): {'bw': -75}, (1, 2): {'bw': -70}}, 'path_level': {(2, 0): {}, (4, 0): {}, (1, 2): {}}}","{'node_level': {0: {'cpu': 0}, 2: {'cpu': 0}, 4: {'cpu': 0}, 1: {'cpu': 0}, 3: {'cpu': 13}}, 'link_level': {(2, 0): {'bw': 0}, (4, 0): {'bw': 0}, (1, 2): {'bw': 0}}, 'path_level': {(2, 0): {}, (4, 0): {}, (1, 2): {}}}",[],-38.0,0.0,False,True,False,0,[],0,0.0,9.0,0.000701904296875,4.0,3.0
193,3,1,111.0,111.0,113010.10109904812,113010.10109904812,1.0,1.0,2,365,0,4731.8727459312995,5021,716,4305,0.0027855153203342198,0.009661835748792313,160,776.8727459312998,3955.0,8,11,False,{},{},{},{},0.0,0.0,0.0,0.0,0.0,0.0,0.0,0.0,0.0,0.0,0.0,0.0,0.0,0.0,Leave Event,0.0,"{'node_level': {}, 'link_level': {}, 'path_level': {}}","{'node_level': {}, 'link_level': {}, 'path_level': {}}","{'node_level': {}, 'link_level': {}, 'path_level': {}}",[],-inf,-inf,True,True,False,0,[],0,0.0,,,,
193,3,1,111.0,111.0,113010.10109904812,113010.10109904812,1.0,1.0,2,366,0,4733.585437541498,5021,716,4305,0.0027855153203342198,0.009661835748792313,185,162.58543754149804,4571.0,7,8,False,{},{},{},{},0.0,0.0,0.0,0.0,0.0,0.0,0.0,0.0,0.0,0.0,0.0,0.0,0.0,0.0,Leave Event,0.0,"{'node_level': {}, 'link_level': {}, 'path_level': {}}","{'node_level': {}, 'link_level': {}, 'path_level': {}}","{'node_level': {}, 'link_level': {}, 'path_level': {}}",[],-inf,-inf,True,True,False,0,[],0,0.0,,,,
193,3,1,111.0,111.0,113010.10109904812,113010.10109904812,1.0,1.0,2,367,0,4747.412600868875,5021,716,4305,0.0027855153203342198,0.009661835748792313,181,281.41260086887553,4466.0,9,21,False,{},{},{},{},0.0,0.0,0.0,0.0,0.0,0.0,0.0,0.0,0.0,0.0,0.0,0.0,0.0,0.0,Leave Event,0.0,"{'node_level': {}, 'link_level': {}, 'path_level': {}}","{'node_level': {}, 'link_level': {}, 'path_level': {}}","{'node_level': {}, 'link_level': {}, 'path_level': {}}",[],-inf,-inf,True,True,False,0,[],0,0.0,,,,
194,3,1,111.0,111.0,113010.10109904812,113010.10109904812,1.0,1.0,2,368,1,4751.0,5021,716,4305,0.0027855153203342198,0.009661835748792313,193,1068.7108251299394,4751.0,9,22,False,"{1: 15, 6: 23, 4: 16, 7: 24}","{(6, 1): [(23, 7), (7, 15)], (4, 1): [(16, 8), (8, 3), (3, 7), (7, 15)], (4, 6): [(16, 8), (8, 3), (3, 7), (7, 23)], (7, 1): [(24, 8), (8, 3), (3, 7), (7, 15)], (7, 4): [(24, 8), (8, 16)]}","{(1, 15): {'cpu': 20}, (6, 23): {'cpu': 15}, (4, 16): {'cpu': 14}, (7, 24): {'cpu': 8}}","{((6, 1), (23, 7)): {'bw': 24}, ((6, 1), (7, 15)): {'bw': 24}, ((4, 1), (16, 8)): {'bw': 19}, ((4, 1), (8, 3)): {'bw': 19}, ((4, 1), (3, 7)): {'bw': 19}, ((4, 1), (7, 15)): {'bw': 19}, ((4, 6), (16, 8)): {'bw': 33}, ((4, 6), (8, 3)): {'bw': 33}, ((4, 6), (3, 7)): {'bw': 33}, ((4, 6), (7, 23)): {'bw': 33}, ((7, 1), (24, 8)): {'bw': 35}, ((7, 1), (8, 3)): {'bw': 35}, ((7, 1), (3, 7)): {'bw': 35}, ((7, 1), (7, 15)): {'bw': 35}, ((7, 4), (24, 8)): {'bw': 13}, ((7, 4), (8, 16)): {'bw': 13}}",0.0,0.0,186.0,93.0,497.0,0.0,0.0,0.0,0.0,0.0,0.0,0.0,0.0,0.0,Place Failure,128.0,"{'node_level': {'cpu': 14}, 'link_level': {}, 'path_level': {}}","{'node_level': {1: {'cpu': -34}, 6: {'cpu': -29}, 4: {'cpu': -38}, 7: {'cpu': -46}, 2: {'cpu': 14}}, 'link_level': {(6, 1): {'bw': -108}, (4, 1): {'bw': -96}, (4, 6): {'bw': -71}, (7, 1): {'bw': -61}, (7, 4): {'bw': -58}}, 'path_level': {(6, 1): {}, (4, 1): {}, (4, 6): {}, (7, 1): {}, (7, 4): {}}}","{'node_level': {1: {'cpu': 0}, 6: {'cpu': 0}, 4: {'cpu': 0}, 7: {'cpu': 0}, 2: {'cpu': 14}}, 'link_level': {(6, 1): {'bw': 0}, (4, 1): {'bw': 0}, (4, 6): {'bw': 0}, (7, 1): {'bw': 0}, (7, 4): {'bw': 0}}, 'path_level': {(6, 1): {}, (4, 1): {}, (4, 6): {}, (7, 1): {}, (7, 4): {}}}",[],-46.0,0.0,False,True,False,0,[],0,0.0,9.0,0.0008139610290527344,4.0,5.0
194,3,1,111.0,111.0,113010.10109904812,113010.10109904812,1.0,1.0,2,369,0,4763.592590429747,5021,716,4305,0.0027855153203342198,0.009661835748792313,189,103.59259042974699,4660.0,9,20,False,{},{},{},{},0.0,0.0,0.0,0.0,0.0,0.0,0.0,0.0,0.0,0.0,0.0,0.0,0.0,0.0,Leave Event,0.0,"{'node_level': {}, 'link_level': {}, 'path_level': {}}","{'node_level': {}, 'link_level': {}, 'path_level': {}}","{'node_level': {}, 'link_level': {}, 'path_level': {}}",[],-inf,-inf,True,True,False,0,[],0,0.0,,,,
194,3,1,111.0,111.0,113010.10109904812,113010.10109904812,1.0,1.0,2,370,0,4769.981528761576,5021,716,4305,0.0027855153203342198,0.009661835748792313,128,1619.9815287615754,3150.0,10,19,False,{},{},{},{},0.0,0.0,0.0,0.0,0.0,0.0,0.0,0.0,0.0,0.0,0.0,0.0,0.0,0.0,Leave Event,0.0,"{'node_level': {}, 'link_level': {}, 'path_level': {}}","{'node_level': {}, 'link_level': {}, 'path_level': {}}","{'node_level': {}, 'link_level': {}, 'path_level': {}}",[],-inf,-inf,True,True,False,0,[],0,0.0,,,,
194,3,1,111.0,111.0,113010.10109904812,113010.10109904812,1.0,1.0,2,371,0,4777.107613768702,5021,716,4305,0.0027855153203342198,0.009661835748792313,163,754.107613768702,4023.0,10,19,False,{},{},{},{},0.0,0.0,0.0,0.0,0.0,0.0,0.0,0.0,0.0,0.0,0.0,0.0,0.0,0.0,Leave Event,0.0,"{'node_level': {}, 'link_level': {}, 'path_level': {}}","{'node_level': {}, 'link_level': {}, 'path_level': {}}","{'node_level': {}, 'link_level': {}, 'path_level': {}}",[],-inf,-inf,True,True,False,0,[],0,0.0,,,,
195,3,1,111.0,111.0,113010.10109904812,113010.10109904812,1.0,1.0,2,372,1,4783.0,5021,716,4305,0.0027855153203342198,0.009661835748792313,194,306.80210973277576,4783.0,9,16,False,"{6: 15, 5: 23, 7: 16}","{(5, 6): [(23, 7), (7, 15)], (7, 6): [(16, 8), (8, 3), (3, 7), (7, 15)]}","{(6, 15): {'cpu': 16}, (5, 23): {'cpu': 15}, (7, 16): {'cpu': 16}}","{((5, 6), (23, 7)): {'bw': 37}, ((5, 6), (7, 15)): {'bw': 37}, ((7, 6), (16, 8)): {'bw': 37}, ((7, 6), (8, 3)): {'bw': 37}, ((7, 6), (3, 7)): {'bw': 37}, ((7, 6), (7, 15)): {'bw': 37}}",0.0,0.0,192.0,96.0,468.0,0.0,0.0,0.0,0.0,0.0,0.0,0.0,0.0,0.0,Place Failure,200.0,"{'node_level': {'cpu': 2}, 'link_level': {}, 'path_level': {}}","{'node_level': {6: {'cpu': -38}, 5: {'cpu': -29}, 7: {'cpu': -36}, 2: {'cpu': 2}}, 'link_level': {(5, 6): {'bw': -95}, (7, 6): {'bw': -65}, (2, 5): {'bw': -72}, (2, 6): {'bw': -16}, (2, 7): {'bw': 100.0}}, 'path_level': {(5, 6): {}, (7, 6): {}, (2, 5): {}, (2, 6): {}, (2, 7): {}}}","{'node_level': {6: {'cpu': 0}, 5: {'cpu': 0}, 7: {'cpu': 0}, 2: {'cpu': 2}}, 'link_level': {(5, 6): {'bw': 0}, (7, 6): {'bw': 0}, (2, 5): {'bw': 0}, (2, 6): {'bw': 0}, (2, 7): {'bw': 100.0}}, 'path_level': {(5, 6): {}, (7, 6): {}, (2, 5): {}, (2, 6): {}, (2, 7): {}}}",[],100.0,100.0,False,False,False,0,[],0,0.0,10.0,0.0007936954498291016,3.0,2.0
195,3,1,111.0,111.0,113010.10109904812,113010.10109904812,1.0,1.0,2,373,0,4794.833745695394,5021,716,4305,0.0027855153203342198,0.009661835748792313,177,430.8337456953945,4364.0,7,9,False,{},{},{},{},0.0,0.0,0.0,0.0,0.0,0.0,0.0,0.0,0.0,0.0,0.0,0.0,0.0,0.0,Leave Event,0.0,"{'node_level': {}, 'link_level': {}, 'path_level': {}}","{'node_level': {}, 'link_level': {}, 'path_level': {}}","{'node_level': {}, 'link_level': {}, 'path_level': {}}",[],-inf,-inf,True,True,False,0,[],0,0.0,,,,
195,3,1,111.0,111.0,113010.10109904812,113010.10109904812,1.0,1.0,2,374,0,4805.206405643563,5021,716,4305,0.0027855153203342198,0.009661835748792313,164,751.2064056435634,4054.0,10,17,False,{},{},{},{},0.0,0.0,0.0,0.0,0.0,0.0,0.0,0.0,0.0,0.0,0.0,0.0,0.0,0.0,Leave Event,0.0,"{'node_level': {}, 'link_level': {}, 'path_level': {}}","{'node_level': {}, 'link_level': {}, 'path_level': {}}","{'node_level': {}, 'link_level': {}, 'path_level': {}}",[],-inf,-inf,True,True,False,0,[],0,0.0,,,,
196,3,1,111.0,111.0,113010.10109904812,113010.10109904812,1.0,1.0,2,375,1,4807.0,5021,716,4305,0.0027855153203342198,0.009661835748792313,195,643.9809884108412,4807.0,7,11,False,"{2: 15, 5: 23, 0: 16, 1: 24}","{(5, 2): [(23, 7), (7, 15)], (0, 2): [(16, 8), (8, 3), (3, 7), (7, 15)], (0, 5): [(16, 8), (8, 3), (3, 7), (7, 23)], (1, 2): [(24, 8), (8, 3), (3, 7), (7, 15)], (1, 5): [(24, 8), (8, 3), (3, 7), (7, 23)]}","{(2, 15): {'cpu': 17}, (5, 23): {'cpu': 13}, (0, 16): {'cpu': 4}, (1, 24): {'cpu': 2}}","{((5, 2), (23, 7)): {'bw': 20}, ((5, 2), (7, 15)): {'bw': 20}, ((0, 2), (16, 8)): {'bw': 31}, ((0, 2), (8, 3)): {'bw': 31}, ((0, 2), (3, 7)): {'bw': 31}, ((0, 2), (7, 15)): {'bw': 31}, ((0, 5), (16, 8)): {'bw': 49}, ((0, 5), (8, 3)): {'bw': 49}, ((0, 5), (3, 7)): {'bw': 49}, ((0, 5), (7, 23)): {'bw': 49}, ((1, 2), (24, 8)): {'bw': 39}, ((1, 2), (8, 3)): {'bw': 39}, ((1, 2), (3, 7)): {'bw': 39}, ((1, 2), (7, 15)): {'bw': 39}, ((1, 5), (24, 8)): {'bw': 8}, ((1, 5), (8, 3)): {'bw': 8}, ((1, 5), (3, 7)): {'bw': 8}, ((1, 5), (7, 23)): {'bw': 8}}",0.0,0.0,98.0,49.0,341.0,0.0,0.0,0.0,0.0,0.0,0.0,0.0,0.0,0.0,Place Failure,57.0,"{'node_level': {'cpu': 5}, 'link_level': {}, 'path_level': {}}","{'node_level': {2: {'cpu': -37}, 5: {'cpu': -31}, 0: {'cpu': -48}, 1: {'cpu': -52}, 6: {'cpu': 5}}, 'link_level': {(5, 2): {'bw': -112}, (0, 2): {'bw': -88}, (0, 5): {'bw': -43}, (1, 2): {'bw': -49}, (1, 5): {'bw': -55}}, 'path_level': {(5, 2): {}, (0, 2): {}, (0, 5): {}, (1, 2): {}, (1, 5): {}}}","{'node_level': {2: {'cpu': 0}, 5: {'cpu': 0}, 0: {'cpu': 0}, 1: {'cpu': 0}, 6: {'cpu': 5}}, 'link_level': {(5, 2): {'bw': 0}, (0, 2): {'bw': 0}, (0, 5): {'bw': 0}, (1, 2): {'bw': 0}, (1, 5): {'bw': 0}}, 'path_level': {(5, 2): {}, (0, 2): {}, (0, 5): {}, (1, 2): {}, (1, 5): {}}}",[],-49.0,0.0,False,True,False,0,[],0,0.0,9.0,0.0007908344268798828,4.0,5.0
197,3,1,111.0,111.0,113010.10109904812,113010.10109904812,1.0,1.0,2,376,1,4832.0,5021,716,4305,0.0027855153203342198,0.009661835748792313,196,254.60123897600369,4832.0,3,2,False,"{0: 15, 2: 23, 1: 16}","{(2, 0): [(23, 7), (7, 15)], (1, 0): [(16, 8), (8, 3), (3, 7), (7, 15)]}","{(0, 15): {'cpu': 2}, (2, 23): {'cpu': 18}, (1, 16): {'cpu': 8}}","{((2, 0), (23, 7)): {'bw': 40}, ((2, 0), (7, 15)): {'bw': 40}, ((1, 0), (16, 8)): {'bw': 17}, ((1, 0), (8, 3)): {'bw': 17}, ((1, 0), (3, 7)): {'bw': 17}, ((1, 0), (7, 15)): {'bw': 17}}",0.0,0.0,56.0,28.0,57.0,0.0,0.0,0.0,0.0,0.0,0.0,0.0,0.0,0.0,Place Failure,68.0,"{'node_level': {'cpu': -44}, 'link_level': {'bw': -82}, 'path_level': {}}","{'node_level': {0: {'cpu': -52}, 2: {'cpu': -26}, 1: {'cpu': -44}}, 'link_level': {(2, 0): {'bw': -92}, (1, 0): {'bw': -82}}, 'path_level': {(2, 0): {}, (1, 0): {}}}","{'node_level': {0: {'cpu': 0}, 2: {'cpu': 0}, 1: {'cpu': 0}}, 'link_level': {(2, 0): {'bw': 0}, (1, 0): {'bw': 0}}, 'path_level': {(2, 0): {}, (1, 0): {}}}",[],-44.0,0.0,False,True,False,0,[],0,0.0,6.0,0.0006518363952636719,3.0,2.0
197,3,0,111.0,111.0,113010.10109904812,113010.10109904812,1.0,1.0,2,377,0,4843.974907656826,5065,718,4347,0.0,0.0,115,2003.9749076568264,2840.0,2,1,False,{},{},{},{},0.0,0.0,0.0,0.0,0.0,0.0,0.0,0.0,0.0,0.0,0.0,0.0,0.0,0.0,Leave Event,0.0,"{'node_level': {}, 'link_level': {}, 'path_level': {}}","{'node_level': {}, 'link_level': {}, 'path_level': {}}","{'node_level': {}, 'link_level': {}, 'path_level': {}}",[],-inf,-inf,True,True,False,0,[],0,0.0,,,,
197,3,0,111.0,111.0,113010.10109904812,113010.10109904812,1.0,1.0,2,378,0,4847.692140477562,5065,718,4347,0.0,0.0,182,356.6921404775624,4491.0,7,13,False,{},{},{},{},0.0,0.0,0.0,0.0,0.0,0.0,0.0,0.0,0.0,0.0,0.0,0.0,0.0,0.0,Leave Event,0.0,"{'node_level': {}, 'link_level': {}, 'path_level': {}}","{'node_level': {}, 'link_level': {}, 'path_level': {}}","{'node_level': {}, 'link_level': {}, 'path_level': {}}",[],-inf,-inf,True,True,False,0,[],0,0.0,,,,
197,3,0,111.0,111.0,113010.10109904812,113010.10109904812,1.0,1.0,2,379,0,4857.346162544639,5065,718,4347,0.0,0.0,187,249.34616254463901,4608.0,5,6,False,{},{},{},{},0.0,0.0,0.0,0.0,0.0,0.0,0.0,0.0,0.0,0.0,0.0,0.0,0.0,0.0,Leave Event,0.0,"{'node_level': {}, 'link_level': {}, 'path_level': {}}","{'node_level': {}, 'link_level': {}, 'path_level': {}}","{'node_level': {}, 'link_level': {}, 'path_level': {}}",[],-inf,-inf,True,True,False,0,[],0,0.0,,,,
198,3,0,111.0,111.0,113010.10109904812,113010.10109904812,1.0,1.0,2,380,1,4861.0,5065,718,4347,0.0,0.0,197,1171.9348102589215,4861.0,4,6,False,"{3: 16, 0: 24, 2: 15, 1: 23}","{(0, 3): [(24, 8), (8, 16)], (2, 0): [(15, 7), (7, 3), (3, 8), (8, 24)], (2, 3): [(15, 7), (7, 3), (3, 8), (8, 16)], (1, 0): [(23, 7), (7, 3), (3, 8), (8, 24)], (1, 2): [(23, 7), (7, 15)], (1, 3): [(23, 7), (7, 3), (3, 8), (8, 16)]}","{(3, 16): {'cpu': 15}, (0, 24): {'cpu': 7}, (2, 15): {'cpu': 3}, (1, 23): {'cpu': 1}}","{((0, 3), (24, 8)): {'bw': 30}, ((0, 3), (8, 16)): {'bw': 30}, ((2, 0), (15, 7)): {'bw': 49}, ((2, 0), (7, 3)): {'bw': 49}, ((2, 0), (3, 8)): {'bw': 49}, ((2, 0), (8, 24)): {'bw': 49}, ((2, 3), (15, 7)): {'bw': 18}, ((2, 3), (7, 3)): {'bw': 18}, ((2, 3), (3, 8)): {'bw': 18}, ((2, 3), (8, 16)): {'bw': 18}, ((1, 0), (23, 7)): {'bw': 24}, ((1, 0), (7, 3)): {'bw': 24}, ((1, 0), (3, 8)): {'bw': 24}, ((1, 0), (8, 24)): {'bw': 24}, ((1, 2), (23, 7)): {'bw': 1}, ((1, 2), (7, 15)): {'bw': 1}, ((1, 3), (23, 7)): {'bw': 42}, ((1, 3), (7, 3)): {'bw': 42}, ((1, 3), (3, 8)): {'bw': 42}, ((1, 3), (8, 16)): {'bw': 42}}",0.0,0.0,52.0,26.0,164.0,0.0,0.0,0.0,0.0,0.0,0.0,0.0,0.0,0.0,Place Failure,26.0,"{'node_level': {'cpu': -43}, 'link_level': {'bw': -6}, 'path_level': {}}","{'node_level': {3: {'cpu': -39}, 0: {'cpu': -47}, 2: {'cpu': -51}, 1: {'cpu': -43}}, 'link_level': {(0, 3): {'bw': -79}, (2, 0): {'bw': -30}, (2, 3): {'bw': -72}, (1, 0): {'bw': -6}, (1, 2): {'bw': -71}, (1, 3): {'bw': -49}}, 'path_level': {(0, 3): {}, (2, 0): {}, (2, 3): {}, (1, 0): {}, (1, 2): {}, (1, 3): {}}}","{'node_level': {3: {'cpu': 0}, 0: {'cpu': 0}, 2: {'cpu': 0}, 1: {'cpu': 0}}, 'link_level': {(0, 3): {'bw': 0}, (2, 0): {'bw': 0}, (2, 3): {'bw': 0}, (1, 0): {'bw': 0}, (1, 2): {'bw': 0}, (1, 3): {'bw': 0}}, 'path_level': {(0, 3): {}, (2, 0): {}, (2, 3): {}, (1, 0): {}, (1, 2): {}, (1, 3): {}}}",[],-6.0,0.0,False,True,False,0,[],0,0.0,6.0,0.0007679462432861328,4.0,6.0
199,3,0,111.0,111.0,113010.10109904812,113010.10109904812,1.0,1.0,2,381,1,4889.0,5065,718,4347,0.0,0.0,198,585.631847527239,4889.0,4,3,False,"{0: 16, 3: 24, 1: 15, 2: 23}","{(3, 0): [(24, 8), (8, 16)], (1, 0): [(15, 7), (7, 3), (3, 8), (8, 16)], (2, 3): [(23, 7), (7, 3), (3, 8), (8, 24)]}","{(0, 16): {'cpu': 7}, (3, 24): {'cpu': 8}, (1, 15): {'cpu': 11}, (2, 23): {'cpu': 5}}","{((3, 0), (24, 8)): {'bw': 19}, ((3, 0), (8, 16)): {'bw': 19}, ((1, 0), (15, 7)): {'bw': 37}, ((1, 0), (7, 3)): {'bw': 37}, ((1, 0), (3, 8)): {'bw': 37}, ((1, 0), (8, 16)): {'bw': 37}, ((2, 3), (23, 7)): {'bw': 34}, ((2, 3), (7, 3)): {'bw': 34}, ((2, 3), (3, 8)): {'bw': 34}, ((2, 3), (8, 24)): {'bw': 34}}",0.0,0.0,62.0,31.0,90.0,0.0,0.0,0.0,0.0,0.0,0.0,0.0,0.0,0.0,Place Failure,60.0,"{'node_level': {'cpu': -39}, 'link_level': {'bw': -56}, 'path_level': {}}","{'node_level': {0: {'cpu': -47}, 3: {'cpu': -46}, 1: {'cpu': -43}, 2: {'cpu': -39}}, 'link_level': {(3, 0): {'bw': -90}, (1, 0): {'bw': -102}, (2, 3): {'bw': -56}}, 'path_level': {(3, 0): {}, (1, 0): {}, (2, 3): {}}}","{'node_level': {0: {'cpu': 0}, 3: {'cpu': 0}, 1: {'cpu': 0}, 2: {'cpu': 0}}, 'link_level': {(3, 0): {'bw': 0}, (1, 0): {'bw': 0}, (2, 3): {'bw': 0}}, 'path_level': {(3, 0): {}, (1, 0): {}, (2, 3): {}}}",[],-39.0,0.0,False,True,False,0,[],0,0.0,6.0,0.0007092952728271484,4.0,3.0
199,3,0,111.0,111.0,113010.10109904812,113010.10109904812,1.0,1.0,2,382,0,4890.126665814133,5065,718,4347,0.0,0.0,183,384.1266658141331,4506.0,5,5,False,{},{},{},{},0.0,0.0,0.0,0.0,0.0,0.0,0.0,0.0,0.0,0.0,0.0,0.0,0.0,0.0,Leave Event,0.0,"{'node_level': {}, 'link_level': {}, 'path_level': {}}","{'node_level': {}, 'link_level': {}, 'path_level': {}}","{'node_level': {}, 'link_level': {}, 'path_level': {}}",[],-inf,-inf,True,True,False,0,[],0,0.0,,,,
200,3,0,111.0,111.0,113010.10109904812,113010.10109904812,1.0,1.0,2,383,1,4914.0,5065,718,4347,0.0,0.0,199,601.3568890336401,4914.0,10,28,False,"{4: 16, 9: 24, 3: 15, 7: 23}","{(9, 4): [(24, 8), (8, 16)], (3, 4): [(15, 7), (7, 3), (3, 8), (8, 16)], (3, 9): [(15, 7), (7, 3), (3, 8), (8, 24)], (7, 3): [(23, 7), (7, 15)], (7, 4): [(23, 7), (7, 3), (3, 8), (8, 16)], (7, 9): [(23, 7), (7, 3), (3, 8), (8, 24)]}","{(4, 16): {'cpu': 15}, (9, 24): {'cpu': 20}, (3, 15): {'cpu': 13}, (7, 23): {'cpu': 4}}","{((9, 4), (24, 8)): {'bw': 43}, ((9, 4), (8, 16)): {'bw': 43}, ((3, 4), (15, 7)): {'bw': 21}, ((3, 4), (7, 3)): {'bw': 21}, ((3, 4), (3, 8)): {'bw': 21}, ((3, 4), (8, 16)): {'bw': 21}, ((3, 9), (15, 7)): {'bw': 15}, ((3, 9), (7, 3)): {'bw': 15}, ((3, 9), (3, 8)): {'bw': 15}, ((3, 9), (8, 24)): {'bw': 15}, ((7, 3), (23, 7)): {'bw': 13}, ((7, 3), (7, 15)): {'bw': 13}, ((7, 4), (23, 7)): {'bw': 47}, ((7, 4), (7, 3)): {'bw': 47}, ((7, 4), (3, 8)): {'bw': 47}, ((7, 4), (8, 16)): {'bw': 47}, ((7, 9), (23, 7)): {'bw': 24}, ((7, 9), (7, 3)): {'bw': 24}, ((7, 9), (3, 8)): {'bw': 24}, ((7, 9), (8, 24)): {'bw': 24}}",0.0,0.0,158.0,79.0,514.0,0.0,0.0,0.0,0.0,0.0,0.0,0.0,0.0,0.0,Place Failure,104.0,"{'node_level': {'cpu': 4}, 'link_level': {}, 'path_level': {}}","{'node_level': {4: {'cpu': -39}, 9: {'cpu': -34}, 3: {'cpu': -41}, 7: {'cpu': -40}, 0: {'cpu': 4}}, 'link_level': {(9, 4): {'bw': -66}, (3, 4): {'bw': -101}, (3, 9): {'bw': -51}, (7, 3): {'bw': -90}, (7, 4): {'bw': -54}, (7, 9): {'bw': -27}}, 'path_level': {(9, 4): {}, (3, 4): {}, (3, 9): {}, (7, 3): {}, (7, 4): {}, (7, 9): {}}}","{'node_level': {4: {'cpu': 0}, 9: {'cpu': 0}, 3: {'cpu': 0}, 7: {'cpu': 0}, 0: {'cpu': 4}}, 'link_level': {(9, 4): {'bw': 0}, (3, 4): {'bw': 0}, (3, 9): {'bw': 0}, (7, 3): {'bw': 0}, (7, 4): {'bw': 0}, (7, 9): {'bw': 0}}, 'path_level': {(9, 4): {}, (3, 4): {}, (3, 9): {}, (7, 3): {}, (7, 4): {}, (7, 9): {}}}",[],-27.0,0.0,False,True,False,0,[],0,0.0,9.0,0.0008711814880371094,4.0,6.0
200,3,0,111.0,111.0,113010.10109904812,113010.10109904812,1.0,1.0,2,384,0,4925.4704809777295,5065,718,4347,0.0,0.0,127,1804.4704809777297,3121.0,2,1,False,{},{},{},{},0.0,0.0,0.0,0.0,0.0,0.0,0.0,0.0,0.0,0.0,0.0,0.0,0.0,0.0,Leave Event,0.0,"{'node_level': {}, 'link_level': {}, 'path_level': {}}","{'node_level': {}, 'link_level': {}, 'path_level': {}}","{'node_level': {}, 'link_level': {}, 'path_level': {}}",[],-inf,-inf,True,True,False,0,[],0,0.0,,,,
200,3,0,111.0,111.0,113010.10109904812,113010.10109904812,1.0,1.0,2,385,0,4941.622551718547,5065,718,4347,0.0,0.0,179,518.6225517185468,4423.0,4,4,False,{},{},{},{},0.0,0.0,0.0,0.0,0.0,0.0,0.0,0.0,0.0,0.0,0.0,0.0,0.0,0.0,Leave Event,0.0,"{'node_level': {}, 'link_level': {}, 'path_level': {}}","{'node_level': {}, 'link_level': {}, 'path_level': {}}","{'node_level': {}, 'link_level': {}, 'path_level': {}}",[],-inf,-inf,True,True,False,0,[],0,0.0,,,,
200,3,0,111.0,111.0,113010.10109904812,113010.10109904812,1.0,1.0,2,386,0,5026.241422313947,5065,718,4347,0.0,0.0,192,305.2414223139469,4721.0,5,5,False,{},{},{},{},0.0,0.0,0.0,0.0,0.0,0.0,0.0,0.0,0.0,0.0,0.0,0.0,0.0,0.0,Leave Event,0.0,"{'node_level': {}, 'link_level': {}, 'path_level': {}}","{'node_level': {}, 'link_level': {}, 'path_level': {}}","{'node_level': {}, 'link_level': {}, 'path_level': {}}",[],-inf,-inf,True,True,False,0,[],0,0.0,,,,
200,3,0,111.0,111.0,113010.10109904812,113010.10109904812,1.0,1.0,2,387,0,5066.208927860991,5065,718,4347,0.0,0.0,173,804.2089278609906,4262.0,2,1,False,{},{},{},{},0.0,0.0,0.0,0.0,0.0,0.0,0.0,0.0,0.0,0.0,0.0,0.0,0.0,0.0,Leave Event,0.0,"{'node_level': {}, 'link_level': {}, 'path_level': {}}","{'node_level': {}, 'link_level': {}, 'path_level': {}}","{'node_level': {}, 'link_level': {}, 'path_level': {}}",[],-inf,-inf,True,True,False,0,[],0,0.0,,,,
200,3,0,111.0,111.0,113010.10109904812,113010.10109904812,1.0,1.0,2,388,0,5086.6012389760035,5065,718,4347,0.0,0.0,196,254.60123897600369,4832.0,3,2,False,{},{},{},{},0.0,0.0,0.0,0.0,0.0,0.0,0.0,0.0,0.0,0.0,0.0,0.0,0.0,0.0,Leave Event,0.0,"{'node_level': {}, 'link_level': {}, 'path_level': {}}","{'node_level': {}, 'link_level': {}, 'path_level': {}}","{'node_level': {}, 'link_level': {}, 'path_level': {}}",[],-inf,-inf,True,True,False,0,[],0,0.0,,,,
200,3,0,111.0,111.0,113010.10109904812,113010.10109904812,1.0,1.0,2,389,0,5089.8021097327755,5065,718,4347,0.0,0.0,194,306.80210973277576,4783.0,9,16,False,{},{},{},{},0.0,0.0,0.0,0.0,0.0,0.0,0.0,0.0,0.0,0.0,0.0,0.0,0.0,0.0,Leave Event,0.0,"{'node_level': {}, 'link_level': {}, 'path_level': {}}","{'node_level': {}, 'link_level': {}, 'path_level': {}}","{'node_level': {}, 'link_level': {}, 'path_level': {}}",[],-inf,-inf,True,True,False,0,[],0,0.0,,,,
200,3,0,111.0,111.0,113010.10109904812,113010.10109904812,1.0,1.0,2,390,0,5094.418505955808,5065,718,4347,0.0,0.0,191,392.41850595580763,4702.0,4,3,False,{},{},{},{},0.0,0.0,0.0,0.0,0.0,0.0,0.0,0.0,0.0,0.0,0.0,0.0,0.0,0.0,Leave Event,0.0,"{'node_level': {}, 'link_level': {}, 'path_level': {}}","{'node_level': {}, 'link_level': {}, 'path_level': {}}","{'node_level': {}, 'link_level': {}, 'path_level': {}}",[],-inf,-inf,True,True,False,0,[],0,0.0,,,,
200,3,0,111.0,111.0,113010.10109904812,113010.10109904812,1.0,1.0,2,391,0,5111.897687287721,5065,718,4347,0.0,0.0,184,571.8976872877207,4540.0,6,10,False,{},{},{},{},0.0,0.0,0.0,0.0,0.0,0.0,0.0,0.0,0.0,0.0,0.0,0.0,0.0,0.0,Leave Event,0.0,"{'node_level': {}, 'link_level': {}, 'path_level': {}}","{'node_level': {}, 'link_level': {}, 'path_level': {}}","{'node_level': {}, 'link_level': {}, 'path_level': {}}",[],-inf,-inf,True,True,False,0,[],0,0.0,,,,
200,3,0,111.0,111.0,113010.10109904812,113010.10109904812,1.0,1.0,2,392,0,5450.980988410841,5065,718,4347,0.0,0.0,195,643.9809884108412,4807.0,7,11,False,{},{},{},{},0.0,0.0,0.0,0.0,0.0,0.0,0.0,0.0,0.0,0.0,0.0,0.0,0.0,0.0,Leave Event,0.0,"{'node_level': {}, 'link_level': {}, 'path_level': {}}","{'node_level': {}, 'link_level': {}, 'path_level': {}}","{'node_level': {}, 'link_level': {}, 'path_level': {}}",[],-inf,-inf,True,True,False,0,[],0,0.0,,,,
200,3,0,111.0,111.0,113010.10109904812,113010.10109904812,1.0,1.0,2,393,0,5474.631847527239,5065,718,4347,0.0,0.0,198,585.631847527239,4889.0,4,3,False,{},{},{},{},0.0,0.0,0.0,0.0,0.0,0.0,0.0,0.0,0.0,0.0,0.0,0.0,0.0,0.0,Leave Event,0.0,"{'node_level': {}, 'link_level': {}, 'path_level': {}}","{'node_level': {}, 'link_level': {}, 'path_level': {}}","{'node_level': {}, 'link_level': {}, 'path_level': {}}",[],-inf,-inf,True,True,False,0,[],0,0.0,,,,
200,3,0,111.0,111.0,113010.10109904812,113010.10109904812,1.0,1.0,2,394,0,5515.35688903364,5065,718,4347,0.0,0.0,199,601.3568890336401,4914.0,10,28,False,{},{},{},{},0.0,0.0,0.0,0.0,0.0,0.0,0.0,0.0,0.0,0.0,0.0,0.0,0.0,0.0,Leave Event,0.0,"{'node_level': {}, 'link_level': {}, 'path_level': {}}","{'node_level': {}, 'link_level': {}, 'path_level': {}}","{'node_level': {}, 'link_level': {}, 'path_level': {}}",[],-inf,-inf,True,True,False,0,[],0,0.0,,,,
200,3,0,111.0,111.0,113010.10109904812,113010.10109904812,1.0,1.0,2,395,0,5819.71082512994,5065,718,4347,0.0,0.0,193,1068.7108251299394,4751.0,9,22,False,{},{},{},{},0.0,0.0,0.0,0.0,0.0,0.0,0.0,0.0,0.0,0.0,0.0,0.0,0.0,0.0,Leave Event,0.0,"{'node_level': {}, 'link_level': {}, 'path_level': {}}","{'node_level': {}, 'link_level': {}, 'path_level': {}}","{'node_level': {}, 'link_level': {}, 'path_level': {}}",[],-inf,-inf,True,True,False,0,[],0,0.0,,,,
200,3,0,111.0,111.0,113010.10109904812,113010.10109904812,1.0,1.0,2,396,0,5845.619982657898,5065,718,4347,0.0,0.0,190,1171.619982657898,4674.0,5,5,False,{},{},{},{},0.0,0.0,0.0,0.0,0.0,0.0,0.0,0.0,0.0,0.0,0.0,0.0,0.0,0.0,Leave Event,0.0,"{'node_level': {}, 'link_level': {}, 'path_level': {}}","{'node_level': {}, 'link_level': {}, 'path_level': {}}","{'node_level': {}, 'link_level': {}, 'path_level': {}}",[],-inf,-inf,True,True,False,0,[],0,0.0,,,,
200,3,0,111.0,111.0,113010.10109904812,113010.10109904812,1.0,1.0,2,397,0,5993.404376269949,5065,718,4347,0.0,0.0,178,1602.4043762699498,4391.0,10,14,False,{},{},{},{},0.0,0.0,0.0,0.0,0.0,0.0,0.0,0.0,0.0,0.0,0.0,0.0,0.0,0.0,Leave Event,0.0,"{'node_level': {}, 'link_level': {}, 'path_level': {}}","{'node_level': {}, 'link_level': {}, 'path_level': {}}","{'node_level': {}, 'link_level': {}, 'path_level': {}}",[],-inf,-inf,True,True,False,0,[],0,0.0,,,,
200,3,0,111.0,111.0,113010.10109904812,113010.10109904812,1.0,1.0,2,398,0,6032.934810258921,5065,718,4347,0.0,0.0,197,1171.9348102589215,4861.0,4,6,False,{},{},{},{},0.0,0.0,0.0,0.0,0.0,0.0,0.0,0.0,0.0,0.0,0.0,0.0,0.0,0.0,Leave Event,0.0,"{'node_level': {}, 'link_level': {}, 'path_level': {}}","{'node_level': {}, 'link_level': {}, 'path_level': {}}","{'node_level': {}, 'link_level': {}, 'path_level': {}}",[],-inf,-inf,True,True,False,0,[],0,0.0,,,,
200,3,0,111.0,111.0,113010.10109904812,113010.10109904812,1.0,1.0,2,399,0,6201.414697014946,5065,718,4347,0.0,0.0,188,1566.4146970149457,4635.0,9,19,False,{},{},{},{},0.0,0.0,0.0,0.0,0.0,0.0,0.0,0.0,0.0,0.0,0.0,0.0,0.0,0.0,Leave Event,0.0,"{'node_level': {}, 'link_level': {}, 'path_level': {}}","{'node_level': {}, 'link_level': {}, 'path_level': {}}","{'node_level': {}, 'link_level': {}, 'path_level': {}}",[],-inf,-inf,True,True,False,0,[],0,0.0,,,,
